  0
SECTION
  2
HEADER
  9
$ANGBASE
  50
0.0
  9
$ANGDIR
  70
1
  9
$MEASUREMENT
  70
1
  0
ENDSEC
  0
SECTION
  2
TABLES
  0
TABLE
  2
LTYPE
  70
4
  0
LTYPE
  5
40F
  2
CONTINUOUS
  70
0
  3
Solid line
  72
65
  73
0
  40
0.0
  0
LTYPE
  5
410
  2
DASHDOT
 70
0
  3
Dash Dot ____ _ ____ _
 72
65
 73
4
 40
2.0
 49
1.25
 49
-0.25
 49
0.25
 49
-0.25
  0
LTYPE
  5
411
  2
DASHED
 70
0
  3
Dashed __ __ __ __ __
 72
65
 73
2
 40
0.75
 49
0.5
 49
-0.25
  0
LTYPE
  5
43B
  2
DOTTED
 70
0
  3
Dotted .  .  .  .
 72
65
 73
2
 40
0.2
 49
0.0
 49
-0.2
  0
ENDTAB
  0
TABLE
  2
STYLE
  70
4
  0
STYLE
  2
KICAD
  70
0
  40
0
  41
1
  42
1
  50
0
  71
0
  3
isocp.shx
  0
STYLE
  2
KICADB
  70
0
  40
0
  41
1
  42
1
  50
0
  71
0
  3
isocp.shx
  0
STYLE
  2
KICADI
  70
0
  40
0
  41
1
  42
1
  50
15
  71
0
  3
isocp.shx
  0
STYLE
  2
KICADBI
  70
0
  40
0
  41
1
  42
1
  50
15
  71
0
  3
isocp.shx
  0
ENDTAB
  0
TABLE
  2
LAYER
  70
1
  0
LAYER
  2
BLACK
  70
0
  62
7
  6
CONTINUOUS
  0
ENDTAB
  0
ENDSEC
  0
SECTION
  2
ENTITIES
0
CIRCLE
8
BLACK
10
356.0999999999999659
20
-54.7999999999999972
40
2.5499999999999998
0
CIRCLE
8
BLACK
10
329.5
20
-159.7999999999999829
40
1.25
0
CIRCLE
8
BLACK
10
329.5
20
-159.7999999999999829
40
2.5499999999999998
0
LINE
8
BLACK
6
CONTINUOUS
10
312.5500000000000114
20
-58.2999999999999972
11
417.5499999999999545
21
-58.2999999999999972
0
LINE
8
BLACK
6
CONTINUOUS
10
417.5499999999999545
20
-58.2999999999999972
11
417.5499999999999545
21
-156.2999999999999829
0
LINE
8
BLACK
6
CONTINUOUS
10
417.5499999999999545
20
-156.2999999999999829
11
312.5500000000000114
21
-156.2999999999999829
0
LINE
8
BLACK
6
CONTINUOUS
10
312.5500000000000114
20
-156.2999999999999829
11
312.5500000000000114
21
-58.2999999999999972
0
ARC
8
BLACK
10
144.
20
-49.7999999999999972
40
1.5
50
90.00000000
51
180.00000000
0
LINE
8
BLACK
6
CONTINUOUS
10
149.
20
-52.0499999999999972
11
144.
21
-52.0499999999999972
0
LINE
8
BLACK
6
CONTINUOUS
10
421.7999999999999545
20
-12.3999999999999986
11
417.7999999999999545
21
-12.3999999999999986
0
LINE
8
BLACK
6
CONTINUOUS
10
152.5
20
-49.7999999999999972
11
144.5
21
-49.7999999999999972
0
CIRCLE
8
BLACK
10
391.625
20
-159.7999999999999829
40
1.25
0
LINE
8
BLACK
6
CONTINUOUS
10
176.7999999999999829
20
-48.2999999999999972
11
176.7999999999999829
21
-49.7999999999999972
0
CIRCLE
8
BLACK
10
149.5
20
-127.2999999999999972
40
1.5
0
LINE
8
BLACK
6
CONTINUOUS
10
460.0499999999999545
20
-50.2999999999999972
11
460.0499999999999545
21
-53.7999999999999972
0
LINE
8
BLACK
6
CONTINUOUS
10
176.7999999999999829
20
-166.2999999999999829
11
176.7999999999999829
21
-165.1999999999999886
0
LINE
8
BLACK
6
CONTINUOUS
10
455.0499999999999545
20
-136.0499999999999829
11
455.0499999999999545
21
-137.1500000000000057
0
LINE
8
BLACK
6
CONTINUOUS
10
455.0499999999999545
20
-137.5499999999999829
11
455.0499999999999545
21
-138.6500000000000057
0
LINE
8
BLACK
6
CONTINUOUS
10
455.0499999999999545
20
-139.0499999999999829
11
455.0499999999999545
21
-140.1500000000000057
0
LINE
8
BLACK
6
CONTINUOUS
10
455.0499999999999545
20
-140.5499999999999829
11
455.0499999999999545
21
-141.5499999999999829
0
LINE
8
BLACK
6
CONTINUOUS
10
172.7999999999999829
20
-160.7999999999999829
11
172.7999999999999829
21
-159.6999999999999886
0
LINE
8
BLACK
6
CONTINUOUS
10
172.7999999999999829
20
-159.2999999999999829
11
172.7999999999999829
21
-158.1999999999999886
0
LINE
8
BLACK
6
CONTINUOUS
10
172.7999999999999829
20
-157.7999999999999829
11
172.7999999999999829
21
-156.6999999999999886
0
LINE
8
BLACK
6
CONTINUOUS
10
172.7999999999999829
20
-156.2999999999999829
11
172.7999999999999829
21
-155.1999999999999886
0
LINE
8
BLACK
6
CONTINUOUS
10
172.7999999999999829
20
-154.7999999999999829
11
172.7999999999999829
21
-153.6999999999999886
0
LINE
8
BLACK
6
CONTINUOUS
10
172.7999999999999829
20
-153.2999999999999829
11
172.7999999999999829
21
-152.1999999999999886
0
LINE
8
BLACK
6
CONTINUOUS
10
172.7999999999999829
20
-151.7999999999999829
11
172.7999999999999829
21
-150.6999999999999886
0
LINE
8
BLACK
6
CONTINUOUS
10
172.7999999999999829
20
-150.2999999999999829
11
172.7999999999999829
21
-149.1999999999999886
0
LINE
8
BLACK
6
CONTINUOUS
10
172.7999999999999829
20
-148.7999999999999829
11
172.7999999999999829
21
-147.6999999999999886
0
LINE
8
BLACK
6
CONTINUOUS
10
172.7999999999999829
20
-147.2999999999999829
11
172.7999999999999829
21
-146.1999999999999886
0
LINE
8
BLACK
6
CONTINUOUS
10
172.7999999999999829
20
-145.7999999999999829
11
172.7999999999999829
21
-144.6999999999999886
0
LINE
8
BLACK
6
CONTINUOUS
10
172.7999999999999829
20
-144.2999999999999829
11
172.7999999999999829
21
-143.1999999999999886
0
LINE
8
BLACK
6
CONTINUOUS
10
172.7999999999999829
20
-142.7999999999999829
11
172.7999999999999829
21
-141.6999999999999886
0
LINE
8
BLACK
6
CONTINUOUS
10
172.7999999999999829
20
-141.2999999999999829
11
172.7999999999999829
21
-140.1999999999999886
0
LINE
8
BLACK
6
CONTINUOUS
10
172.7999999999999829
20
-139.7999999999999829
11
172.7999999999999829
21
-138.6999999999999886
0
LINE
8
BLACK
6
CONTINUOUS
10
172.7999999999999829
20
-138.2999999999999829
11
172.7999999999999829
21
-137.1999999999999886
0
LINE
8
BLACK
6
CONTINUOUS
10
172.7999999999999829
20
-136.7999999999999829
11
172.7999999999999829
21
-135.6999999999999886
0
LINE
8
BLACK
6
CONTINUOUS
10
172.7999999999999829
20
-135.2999999999999829
11
172.7999999999999829
21
-134.1999999999999886
0
LINE
8
BLACK
6
CONTINUOUS
10
172.7999999999999829
20
-133.7999999999999829
11
172.7999999999999829
21
-132.6999999999999886
0
LINE
8
BLACK
6
CONTINUOUS
10
172.7999999999999829
20
-132.2999999999999829
11
172.7999999999999829
21
-131.1999999999999886
0
LINE
8
BLACK
6
CONTINUOUS
10
172.7999999999999829
20
-130.7999999999999829
11
172.7999999999999829
21
-129.6999999999999886
0
LINE
8
BLACK
6
CONTINUOUS
10
172.7999999999999829
20
-129.2999999999999829
11
172.7999999999999829
21
-128.1999999999999886
0
LINE
8
BLACK
6
CONTINUOUS
10
172.7999999999999829
20
-127.7999999999999972
11
172.7999999999999829
21
-126.6999999999999886
0
LINE
8
BLACK
6
CONTINUOUS
10
172.7999999999999829
20
-126.2999999999999972
11
172.7999999999999829
21
-125.1999999999999886
0
LINE
8
BLACK
6
CONTINUOUS
10
172.7999999999999829
20
-124.7999999999999972
11
172.7999999999999829
21
-123.6999999999999886
0
LINE
8
BLACK
6
CONTINUOUS
10
172.7999999999999829
20
-123.2999999999999972
11
172.7999999999999829
21
-122.1999999999999886
0
LINE
8
BLACK
6
CONTINUOUS
10
172.7999999999999829
20
-121.7999999999999972
11
172.7999999999999829
21
-120.6999999999999886
0
LINE
8
BLACK
6
CONTINUOUS
10
172.7999999999999829
20
-120.2999999999999972
11
172.7999999999999829
21
-119.1999999999999886
0
LINE
8
BLACK
6
CONTINUOUS
10
172.7999999999999829
20
-118.7999999999999972
11
172.7999999999999829
21
-117.6999999999999886
0
LINE
8
BLACK
6
CONTINUOUS
10
172.7999999999999829
20
-117.2999999999999972
11
172.7999999999999829
21
-116.1999999999999886
0
LINE
8
BLACK
6
CONTINUOUS
10
172.7999999999999829
20
-115.7999999999999972
11
172.7999999999999829
21
-114.6999999999999886
0
LINE
8
BLACK
6
CONTINUOUS
10
172.7999999999999829
20
-114.2999999999999972
11
172.7999999999999829
21
-113.1999999999999886
0
LINE
8
BLACK
6
CONTINUOUS
10
172.7999999999999829
20
-112.7999999999999972
11
172.7999999999999829
21
-111.6999999999999886
0
LINE
8
BLACK
6
CONTINUOUS
10
172.7999999999999829
20
-111.2999999999999972
11
172.7999999999999829
21
-110.1999999999999886
0
LINE
8
BLACK
6
CONTINUOUS
10
172.7999999999999829
20
-109.7999999999999972
11
172.7999999999999829
21
-108.6999999999999886
0
LINE
8
BLACK
6
CONTINUOUS
10
172.7999999999999829
20
-108.2999999999999972
11
172.7999999999999829
21
-107.1999999999999886
0
LINE
8
BLACK
6
CONTINUOUS
10
172.7999999999999829
20
-106.7999999999999972
11
172.7999999999999829
21
-105.6999999999999886
0
LINE
8
BLACK
6
CONTINUOUS
10
172.7999999999999829
20
-105.2999999999999972
11
172.7999999999999829
21
-104.1999999999999886
0
LINE
8
BLACK
6
CONTINUOUS
10
172.7999999999999829
20
-103.7999999999999972
11
172.7999999999999829
21
-102.6999999999999886
0
LINE
8
BLACK
6
CONTINUOUS
10
172.7999999999999829
20
-102.2999999999999972
11
172.7999999999999829
21
-101.1999999999999886
0
LINE
8
BLACK
6
CONTINUOUS
10
172.7999999999999829
20
-100.7999999999999972
11
172.7999999999999829
21
-99.6999999999999886
0
LINE
8
BLACK
6
CONTINUOUS
10
172.7999999999999829
20
-99.2999999999999972
11
172.7999999999999829
21
-98.1999999999999886
0
LINE
8
BLACK
6
CONTINUOUS
10
172.7999999999999829
20
-97.7999999999999972
11
172.7999999999999829
21
-96.6999999999999886
0
LINE
8
BLACK
6
CONTINUOUS
10
172.7999999999999829
20
-96.2999999999999972
11
172.7999999999999829
21
-95.1999999999999886
0
LINE
8
BLACK
6
CONTINUOUS
10
172.7999999999999829
20
-94.7999999999999972
11
172.7999999999999829
21
-93.7000000000000028
0
LINE
8
BLACK
6
CONTINUOUS
10
172.7999999999999829
20
-93.2999999999999972
11
172.7999999999999829
21
-92.2000000000000028
0
LINE
8
BLACK
6
CONTINUOUS
10
172.7999999999999829
20
-91.7999999999999972
11
172.7999999999999829
21
-90.7000000000000028
0
LINE
8
BLACK
6
CONTINUOUS
10
172.7999999999999829
20
-90.2999999999999972
11
172.7999999999999829
21
-89.2000000000000028
0
LINE
8
BLACK
6
CONTINUOUS
10
172.7999999999999829
20
-88.7999999999999972
11
172.7999999999999829
21
-87.7000000000000028
0
LINE
8
BLACK
6
CONTINUOUS
10
172.7999999999999829
20
-87.2999999999999972
11
172.7999999999999829
21
-86.2000000000000028
0
LINE
8
BLACK
6
CONTINUOUS
10
172.7999999999999829
20
-85.7999999999999972
11
172.7999999999999829
21
-84.7000000000000028
0
LINE
8
BLACK
6
CONTINUOUS
10
172.7999999999999829
20
-84.2999999999999972
11
172.7999999999999829
21
-83.2000000000000028
0
LINE
8
BLACK
6
CONTINUOUS
10
172.7999999999999829
20
-82.7999999999999972
11
172.7999999999999829
21
-81.7000000000000028
0
LINE
8
BLACK
6
CONTINUOUS
10
172.7999999999999829
20
-81.2999999999999972
11
172.7999999999999829
21
-80.2000000000000028
0
LINE
8
BLACK
6
CONTINUOUS
10
172.7999999999999829
20
-79.7999999999999972
11
172.7999999999999829
21
-78.7000000000000028
0
LINE
8
BLACK
6
CONTINUOUS
10
172.7999999999999829
20
-78.2999999999999972
11
172.7999999999999829
21
-77.2000000000000028
0
LINE
8
BLACK
6
CONTINUOUS
10
172.7999999999999829
20
-76.7999999999999972
11
172.7999999999999829
21
-75.7000000000000028
0
LINE
8
BLACK
6
CONTINUOUS
10
172.7999999999999829
20
-75.2999999999999972
11
172.7999999999999829
21
-74.2000000000000028
0
LINE
8
BLACK
6
CONTINUOUS
10
172.7999999999999829
20
-73.7999999999999972
11
172.7999999999999829
21
-72.7000000000000028
0
LINE
8
BLACK
6
CONTINUOUS
10
172.7999999999999829
20
-72.2999999999999972
11
172.7999999999999829
21
-71.2000000000000028
0
LINE
8
BLACK
6
CONTINUOUS
10
172.7999999999999829
20
-70.7999999999999972
11
172.7999999999999829
21
-69.7000000000000028
0
LINE
8
BLACK
6
CONTINUOUS
10
172.7999999999999829
20
-69.2999999999999972
11
172.7999999999999829
21
-68.2000000000000028
0
LINE
8
BLACK
6
CONTINUOUS
10
172.7999999999999829
20
-67.7999999999999972
11
172.7999999999999829
21
-66.7000000000000028
0
LINE
8
BLACK
6
CONTINUOUS
10
172.7999999999999829
20
-66.2999999999999972
11
172.7999999999999829
21
-65.2000000000000028
0
LINE
8
BLACK
6
CONTINUOUS
10
172.7999999999999829
20
-64.7999999999999972
11
172.7999999999999829
21
-63.6999999999999957
0
LINE
8
BLACK
6
CONTINUOUS
10
172.7999999999999829
20
-63.2999999999999972
11
172.7999999999999829
21
-62.1999999999999957
0
LINE
8
BLACK
6
CONTINUOUS
10
172.7999999999999829
20
-61.7999999999999972
11
172.7999999999999829
21
-60.6999999999999957
0
LINE
8
BLACK
6
CONTINUOUS
10
172.7999999999999829
20
-60.2999999999999972
11
172.7999999999999829
21
-59.1999999999999957
0
LINE
8
BLACK
6
CONTINUOUS
10
172.7999999999999829
20
-58.7999999999999972
11
172.7999999999999829
21
-57.6999999999999957
0
LINE
8
BLACK
6
CONTINUOUS
10
172.7999999999999829
20
-57.2999999999999972
11
172.7999999999999829
21
-56.1999999999999957
0
LINE
8
BLACK
6
CONTINUOUS
10
172.7999999999999829
20
-55.7999999999999972
11
172.7999999999999829
21
-54.6999999999999957
0
LINE
8
BLACK
6
CONTINUOUS
10
172.7999999999999829
20
-54.2999999999999972
11
172.7999999999999829
21
-53.7999999999999972
0
CIRCLE
8
BLACK
10
356.125
20
-54.7999999999999972
40
1.25
0
LINE
8
BLACK
6
CONTINUOUS
10
188.0499999999999829
20
-17.3999999999999986
11
188.0499999999999829
21
-16.3000000000000007
0
LINE
8
BLACK
6
CONTINUOUS
10
188.0499999999999829
20
-15.8999999999999986
11
188.0499999999999829
21
-14.7999999999999989
0
LINE
8
BLACK
6
CONTINUOUS
10
188.0499999999999829
20
-14.3999999999999986
11
188.0499999999999829
21
-13.2999999999999989
0
LINE
8
BLACK
6
CONTINUOUS
10
188.0499999999999829
20
-12.8999999999999986
11
188.0499999999999829
21
-12.3999999999999986
0
LINE
8
BLACK
6
CONTINUOUS
10
423.2999999999999545
20
-202.0999999999999943
11
421.7999999999999545
21
-202.0999999999999943
0
CIRCLE
8
BLACK
10
297.3000000000000114
20
-206.0999999999999943
40
1.5
0
LINE
8
BLACK
6
CONTINUOUS
10
144.
20
-160.7999999999999829
11
144.
21
-159.6999999999999886
0
LINE
8
BLACK
6
CONTINUOUS
10
144.
20
-159.2999999999999829
11
144.
21
-158.1999999999999886
0
LINE
8
BLACK
6
CONTINUOUS
10
144.
20
-157.7999999999999829
11
144.
21
-156.6999999999999886
0
LINE
8
BLACK
6
CONTINUOUS
10
144.
20
-156.2999999999999829
11
144.
21
-155.1999999999999886
0
LINE
8
BLACK
6
CONTINUOUS
10
144.
20
-154.7999999999999829
11
144.
21
-153.6999999999999886
0
LINE
8
BLACK
6
CONTINUOUS
10
144.
20
-153.2999999999999829
11
144.
21
-152.1999999999999886
0
LINE
8
BLACK
6
CONTINUOUS
10
144.
20
-151.7999999999999829
11
144.
21
-150.6999999999999886
0
LINE
8
BLACK
6
CONTINUOUS
10
144.
20
-150.2999999999999829
11
144.
21
-149.1999999999999886
0
LINE
8
BLACK
6
CONTINUOUS
10
144.
20
-148.7999999999999829
11
144.
21
-147.6999999999999886
0
LINE
8
BLACK
6
CONTINUOUS
10
144.
20
-147.2999999999999829
11
144.
21
-146.1999999999999886
0
LINE
8
BLACK
6
CONTINUOUS
10
144.
20
-145.7999999999999829
11
144.
21
-144.6999999999999886
0
LINE
8
BLACK
6
CONTINUOUS
10
144.
20
-144.2999999999999829
11
144.
21
-143.1999999999999886
0
LINE
8
BLACK
6
CONTINUOUS
10
144.
20
-142.7999999999999829
11
144.
21
-141.6999999999999886
0
LINE
8
BLACK
6
CONTINUOUS
10
144.
20
-141.2999999999999829
11
144.
21
-140.1999999999999886
0
LINE
8
BLACK
6
CONTINUOUS
10
144.
20
-139.7999999999999829
11
144.
21
-138.6999999999999886
0
LINE
8
BLACK
6
CONTINUOUS
10
144.
20
-138.2999999999999829
11
144.
21
-137.1999999999999886
0
LINE
8
BLACK
6
CONTINUOUS
10
144.
20
-136.7999999999999829
11
144.
21
-135.6999999999999886
0
LINE
8
BLACK
6
CONTINUOUS
10
144.
20
-135.2999999999999829
11
144.
21
-134.1999999999999886
0
LINE
8
BLACK
6
CONTINUOUS
10
144.
20
-133.7999999999999829
11
144.
21
-132.6999999999999886
0
LINE
8
BLACK
6
CONTINUOUS
10
144.
20
-132.2999999999999829
11
144.
21
-131.1999999999999886
0
LINE
8
BLACK
6
CONTINUOUS
10
144.
20
-130.7999999999999829
11
144.
21
-129.6999999999999886
0
LINE
8
BLACK
6
CONTINUOUS
10
144.
20
-129.2999999999999829
11
144.
21
-128.1999999999999886
0
LINE
8
BLACK
6
CONTINUOUS
10
144.
20
-127.7999999999999972
11
144.
21
-126.6999999999999886
0
LINE
8
BLACK
6
CONTINUOUS
10
144.
20
-126.2999999999999972
11
144.
21
-125.1999999999999886
0
LINE
8
BLACK
6
CONTINUOUS
10
144.
20
-124.7999999999999972
11
144.
21
-123.6999999999999886
0
LINE
8
BLACK
6
CONTINUOUS
10
144.
20
-123.2999999999999972
11
144.
21
-122.1999999999999886
0
LINE
8
BLACK
6
CONTINUOUS
10
144.
20
-121.7999999999999972
11
144.
21
-120.6999999999999886
0
LINE
8
BLACK
6
CONTINUOUS
10
144.
20
-120.2999999999999972
11
144.
21
-119.1999999999999886
0
LINE
8
BLACK
6
CONTINUOUS
10
144.
20
-118.7999999999999972
11
144.
21
-117.6999999999999886
0
LINE
8
BLACK
6
CONTINUOUS
10
144.
20
-117.2999999999999972
11
144.
21
-116.1999999999999886
0
LINE
8
BLACK
6
CONTINUOUS
10
144.
20
-115.7999999999999972
11
144.
21
-114.6999999999999886
0
LINE
8
BLACK
6
CONTINUOUS
10
144.
20
-114.2999999999999972
11
144.
21
-113.1999999999999886
0
LINE
8
BLACK
6
CONTINUOUS
10
144.
20
-112.7999999999999972
11
144.
21
-111.6999999999999886
0
LINE
8
BLACK
6
CONTINUOUS
10
144.
20
-111.2999999999999972
11
144.
21
-110.1999999999999886
0
LINE
8
BLACK
6
CONTINUOUS
10
144.
20
-109.7999999999999972
11
144.
21
-108.6999999999999886
0
LINE
8
BLACK
6
CONTINUOUS
10
144.
20
-108.2999999999999972
11
144.
21
-107.1999999999999886
0
LINE
8
BLACK
6
CONTINUOUS
10
144.
20
-106.7999999999999972
11
144.
21
-105.6999999999999886
0
LINE
8
BLACK
6
CONTINUOUS
10
144.
20
-105.2999999999999972
11
144.
21
-104.1999999999999886
0
LINE
8
BLACK
6
CONTINUOUS
10
144.
20
-103.7999999999999972
11
144.
21
-102.6999999999999886
0
LINE
8
BLACK
6
CONTINUOUS
10
144.
20
-102.2999999999999972
11
144.
21
-101.1999999999999886
0
LINE
8
BLACK
6
CONTINUOUS
10
144.
20
-100.7999999999999972
11
144.
21
-99.6999999999999886
0
LINE
8
BLACK
6
CONTINUOUS
10
144.
20
-99.2999999999999972
11
144.
21
-98.1999999999999886
0
LINE
8
BLACK
6
CONTINUOUS
10
144.
20
-97.7999999999999972
11
144.
21
-96.6999999999999886
0
LINE
8
BLACK
6
CONTINUOUS
10
144.
20
-96.2999999999999972
11
144.
21
-95.1999999999999886
0
LINE
8
BLACK
6
CONTINUOUS
10
144.
20
-94.7999999999999972
11
144.
21
-93.7000000000000028
0
LINE
8
BLACK
6
CONTINUOUS
10
144.
20
-93.2999999999999972
11
144.
21
-92.2000000000000028
0
LINE
8
BLACK
6
CONTINUOUS
10
144.
20
-91.7999999999999972
11
144.
21
-90.7000000000000028
0
LINE
8
BLACK
6
CONTINUOUS
10
144.
20
-90.2999999999999972
11
144.
21
-89.2000000000000028
0
LINE
8
BLACK
6
CONTINUOUS
10
144.
20
-88.7999999999999972
11
144.
21
-87.7000000000000028
0
LINE
8
BLACK
6
CONTINUOUS
10
144.
20
-87.2999999999999972
11
144.
21
-86.2000000000000028
0
LINE
8
BLACK
6
CONTINUOUS
10
144.
20
-85.7999999999999972
11
144.
21
-84.7000000000000028
0
LINE
8
BLACK
6
CONTINUOUS
10
144.
20
-84.2999999999999972
11
144.
21
-83.2000000000000028
0
LINE
8
BLACK
6
CONTINUOUS
10
144.
20
-82.7999999999999972
11
144.
21
-81.7000000000000028
0
LINE
8
BLACK
6
CONTINUOUS
10
144.
20
-81.2999999999999972
11
144.
21
-80.2000000000000028
0
LINE
8
BLACK
6
CONTINUOUS
10
144.
20
-79.7999999999999972
11
144.
21
-78.7000000000000028
0
LINE
8
BLACK
6
CONTINUOUS
10
144.
20
-78.2999999999999972
11
144.
21
-77.2000000000000028
0
LINE
8
BLACK
6
CONTINUOUS
10
144.
20
-76.7999999999999972
11
144.
21
-75.7000000000000028
0
LINE
8
BLACK
6
CONTINUOUS
10
144.
20
-75.2999999999999972
11
144.
21
-74.2000000000000028
0
LINE
8
BLACK
6
CONTINUOUS
10
144.
20
-73.7999999999999972
11
144.
21
-72.7000000000000028
0
LINE
8
BLACK
6
CONTINUOUS
10
144.
20
-72.2999999999999972
11
144.
21
-71.2000000000000028
0
LINE
8
BLACK
6
CONTINUOUS
10
144.
20
-70.7999999999999972
11
144.
21
-69.7000000000000028
0
LINE
8
BLACK
6
CONTINUOUS
10
144.
20
-69.2999999999999972
11
144.
21
-68.2000000000000028
0
LINE
8
BLACK
6
CONTINUOUS
10
144.
20
-67.7999999999999972
11
144.
21
-66.7000000000000028
0
LINE
8
BLACK
6
CONTINUOUS
10
144.
20
-66.2999999999999972
11
144.
21
-65.2000000000000028
0
LINE
8
BLACK
6
CONTINUOUS
10
144.
20
-64.7999999999999972
11
144.
21
-63.6999999999999957
0
LINE
8
BLACK
6
CONTINUOUS
10
144.
20
-63.2999999999999972
11
144.
21
-62.1999999999999957
0
LINE
8
BLACK
6
CONTINUOUS
10
144.
20
-61.7999999999999972
11
144.
21
-60.6999999999999957
0
LINE
8
BLACK
6
CONTINUOUS
10
144.
20
-60.2999999999999972
11
144.
21
-59.1999999999999957
0
LINE
8
BLACK
6
CONTINUOUS
10
144.
20
-58.7999999999999972
11
144.
21
-57.6999999999999957
0
LINE
8
BLACK
6
CONTINUOUS
10
144.
20
-57.2999999999999972
11
144.
21
-56.1999999999999957
0
LINE
8
BLACK
6
CONTINUOUS
10
144.
20
-55.7999999999999972
11
144.
21
-54.6999999999999957
0
LINE
8
BLACK
6
CONTINUOUS
10
144.
20
-54.2999999999999972
11
144.
21
-53.7999999999999972
0
CIRCLE
8
BLACK
10
400.5
20
-159.7999999999999829
40
1.25
0
LINE
8
BLACK
6
CONTINUOUS
10
304.0500000000000114
20
-205.5999999999999943
11
304.0500000000000114
21
-206.6999999999999886
0
LINE
8
BLACK
6
CONTINUOUS
10
304.0500000000000114
20
-207.0999999999999943
11
304.0500000000000114
21
-208.1999999999999886
0
LINE
8
BLACK
6
CONTINUOUS
10
304.0500000000000114
20
-208.5999999999999943
11
304.0500000000000114
21
-209.6999999999999886
0
LINE
8
BLACK
6
CONTINUOUS
10
304.0500000000000114
20
-210.0999999999999943
11
304.0500000000000114
21
-210.5999999999999943
0
LINE
8
BLACK
6
CONTINUOUS
10
177.2999999999999829
20
-79.2999999999999972
11
189.7999999999999829
21
-79.2999999999999972
0
LINE
8
BLACK
6
CONTINUOUS
10
189.7999999999999829
20
-79.2999999999999972
11
189.7999999999999829
21
-91.8999999999999915
0
LINE
8
BLACK
6
CONTINUOUS
10
189.7999999999999829
20
-91.8999999999999915
11
177.2999999999999829
21
-91.8999999999999915
0
LINE
8
BLACK
6
CONTINUOUS
10
177.2999999999999829
20
-91.8999999999999915
11
177.2999999999999829
21
-79.2999999999999972
0
LINE
8
BLACK
6
CONTINUOUS
10
176.7999999999999829
20
-210.5999999999999943
11
177.9000000000000057
21
-210.5999999999999943
0
LINE
8
BLACK
6
CONTINUOUS
10
178.2999999999999829
20
-210.5999999999999943
11
179.4000000000000057
21
-210.5999999999999943
0
LINE
8
BLACK
6
CONTINUOUS
10
179.7999999999999829
20
-210.5999999999999943
11
180.9000000000000057
21
-210.5999999999999943
0
LINE
8
BLACK
6
CONTINUOUS
10
181.2999999999999829
20
-210.5999999999999943
11
182.4000000000000057
21
-210.5999999999999943
0
LINE
8
BLACK
6
CONTINUOUS
10
182.7999999999999829
20
-210.5999999999999943
11
183.9000000000000057
21
-210.5999999999999943
0
LINE
8
BLACK
6
CONTINUOUS
10
184.2999999999999829
20
-210.5999999999999943
11
185.4000000000000057
21
-210.5999999999999943
0
LINE
8
BLACK
6
CONTINUOUS
10
185.7999999999999829
20
-210.5999999999999943
11
186.9000000000000057
21
-210.5999999999999943
0
LINE
8
BLACK
6
CONTINUOUS
10
187.2999999999999829
20
-210.5999999999999943
11
188.4000000000000057
21
-210.5999999999999943
0
LINE
8
BLACK
6
CONTINUOUS
10
188.7999999999999829
20
-210.5999999999999943
11
189.8999999999999773
21
-210.5999999999999943
0
LINE
8
BLACK
6
CONTINUOUS
10
190.2999999999999829
20
-210.5999999999999943
11
191.3999999999999773
21
-210.5999999999999943
0
LINE
8
BLACK
6
CONTINUOUS
10
191.7999999999999829
20
-210.5999999999999943
11
192.8999999999999773
21
-210.5999999999999943
0
LINE
8
BLACK
6
CONTINUOUS
10
193.2999999999999829
20
-210.5999999999999943
11
194.3999999999999773
21
-210.5999999999999943
0
LINE
8
BLACK
6
CONTINUOUS
10
194.7999999999999829
20
-210.5999999999999943
11
195.8999999999999773
21
-210.5999999999999943
0
LINE
8
BLACK
6
CONTINUOUS
10
196.2999999999999829
20
-210.5999999999999943
11
197.3999999999999773
21
-210.5999999999999943
0
LINE
8
BLACK
6
CONTINUOUS
10
197.7999999999999829
20
-210.5999999999999943
11
198.8999999999999773
21
-210.5999999999999943
0
LINE
8
BLACK
6
CONTINUOUS
10
199.2999999999999829
20
-210.5999999999999943
11
200.3999999999999773
21
-210.5999999999999943
0
LINE
8
BLACK
6
CONTINUOUS
10
200.7999999999999829
20
-210.5999999999999943
11
201.8999999999999773
21
-210.5999999999999943
0
LINE
8
BLACK
6
CONTINUOUS
10
202.2999999999999829
20
-210.5999999999999943
11
203.3999999999999773
21
-210.5999999999999943
0
LINE
8
BLACK
6
CONTINUOUS
10
203.7999999999999829
20
-210.5999999999999943
11
204.8999999999999773
21
-210.5999999999999943
0
LINE
8
BLACK
6
CONTINUOUS
10
205.2999999999999829
20
-210.5999999999999943
11
206.3999999999999773
21
-210.5999999999999943
0
LINE
8
BLACK
6
CONTINUOUS
10
206.7999999999999829
20
-210.5999999999999943
11
207.8999999999999773
21
-210.5999999999999943
0
LINE
8
BLACK
6
CONTINUOUS
10
208.2999999999999829
20
-210.5999999999999943
11
209.3999999999999773
21
-210.5999999999999943
0
LINE
8
BLACK
6
CONTINUOUS
10
209.7999999999999829
20
-210.5999999999999943
11
210.8999999999999773
21
-210.5999999999999943
0
LINE
8
BLACK
6
CONTINUOUS
10
211.2999999999999829
20
-210.5999999999999943
11
212.3999999999999773
21
-210.5999999999999943
0
LINE
8
BLACK
6
CONTINUOUS
10
212.7999999999999829
20
-210.5999999999999943
11
213.8999999999999773
21
-210.5999999999999943
0
LINE
8
BLACK
6
CONTINUOUS
10
214.2999999999999829
20
-210.5999999999999943
11
215.3999999999999773
21
-210.5999999999999943
0
LINE
8
BLACK
6
CONTINUOUS
10
215.7999999999999829
20
-210.5999999999999943
11
216.8999999999999773
21
-210.5999999999999943
0
LINE
8
BLACK
6
CONTINUOUS
10
217.2999999999999829
20
-210.5999999999999943
11
218.3999999999999773
21
-210.5999999999999943
0
LINE
8
BLACK
6
CONTINUOUS
10
218.7999999999999829
20
-210.5999999999999943
11
219.8999999999999773
21
-210.5999999999999943
0
LINE
8
BLACK
6
CONTINUOUS
10
220.2999999999999829
20
-210.5999999999999943
11
221.3999999999999773
21
-210.5999999999999943
0
LINE
8
BLACK
6
CONTINUOUS
10
221.7999999999999829
20
-210.5999999999999943
11
222.8999999999999773
21
-210.5999999999999943
0
LINE
8
BLACK
6
CONTINUOUS
10
223.2999999999999829
20
-210.5999999999999943
11
224.3999999999999773
21
-210.5999999999999943
0
LINE
8
BLACK
6
CONTINUOUS
10
224.7999999999999829
20
-210.5999999999999943
11
225.8999999999999773
21
-210.5999999999999943
0
LINE
8
BLACK
6
CONTINUOUS
10
226.2999999999999829
20
-210.5999999999999943
11
227.3999999999999773
21
-210.5999999999999943
0
LINE
8
BLACK
6
CONTINUOUS
10
227.7999999999999829
20
-210.5999999999999943
11
228.8999999999999773
21
-210.5999999999999943
0
LINE
8
BLACK
6
CONTINUOUS
10
229.2999999999999829
20
-210.5999999999999943
11
230.3999999999999773
21
-210.5999999999999943
0
LINE
8
BLACK
6
CONTINUOUS
10
230.7999999999999829
20
-210.5999999999999943
11
231.8999999999999773
21
-210.5999999999999943
0
LINE
8
BLACK
6
CONTINUOUS
10
232.2999999999999829
20
-210.5999999999999943
11
233.3999999999999773
21
-210.5999999999999943
0
LINE
8
BLACK
6
CONTINUOUS
10
233.7999999999999829
20
-210.5999999999999943
11
234.8999999999999773
21
-210.5999999999999943
0
LINE
8
BLACK
6
CONTINUOUS
10
235.2999999999999829
20
-210.5999999999999943
11
236.3999999999999773
21
-210.5999999999999943
0
LINE
8
BLACK
6
CONTINUOUS
10
236.7999999999999829
20
-210.5999999999999943
11
237.8999999999999773
21
-210.5999999999999943
0
LINE
8
BLACK
6
CONTINUOUS
10
238.2999999999999829
20
-210.5999999999999943
11
239.3999999999999773
21
-210.5999999999999943
0
LINE
8
BLACK
6
CONTINUOUS
10
239.7999999999999829
20
-210.5999999999999943
11
240.8999999999999773
21
-210.5999999999999943
0
LINE
8
BLACK
6
CONTINUOUS
10
241.2999999999999829
20
-210.5999999999999943
11
242.3999999999999773
21
-210.5999999999999943
0
LINE
8
BLACK
6
CONTINUOUS
10
242.7999999999999829
20
-210.5999999999999943
11
243.8999999999999773
21
-210.5999999999999943
0
LINE
8
BLACK
6
CONTINUOUS
10
244.2999999999999829
20
-210.5999999999999943
11
245.3999999999999773
21
-210.5999999999999943
0
LINE
8
BLACK
6
CONTINUOUS
10
245.7999999999999829
20
-210.5999999999999943
11
246.8999999999999773
21
-210.5999999999999943
0
LINE
8
BLACK
6
CONTINUOUS
10
247.2999999999999829
20
-210.5999999999999943
11
248.3999999999999773
21
-210.5999999999999943
0
LINE
8
BLACK
6
CONTINUOUS
10
248.7999999999999829
20
-210.5999999999999943
11
249.8999999999999773
21
-210.5999999999999943
0
LINE
8
BLACK
6
CONTINUOUS
10
250.2999999999999829
20
-210.5999999999999943
11
251.3999999999999773
21
-210.5999999999999943
0
LINE
8
BLACK
6
CONTINUOUS
10
251.7999999999999829
20
-210.5999999999999943
11
252.8999999999999773
21
-210.5999999999999943
0
LINE
8
BLACK
6
CONTINUOUS
10
253.2999999999999829
20
-210.5999999999999943
11
254.3999999999999773
21
-210.5999999999999943
0
LINE
8
BLACK
6
CONTINUOUS
10
254.7999999999999829
20
-210.5999999999999943
11
255.8999999999999773
21
-210.5999999999999943
0
LINE
8
BLACK
6
CONTINUOUS
10
256.3000000000000114
20
-210.5999999999999943
11
257.3999999999999773
21
-210.5999999999999943
0
LINE
8
BLACK
6
CONTINUOUS
10
257.8000000000000114
20
-210.5999999999999943
11
258.8999999999999773
21
-210.5999999999999943
0
LINE
8
BLACK
6
CONTINUOUS
10
259.3000000000000114
20
-210.5999999999999943
11
260.3999999999999773
21
-210.5999999999999943
0
LINE
8
BLACK
6
CONTINUOUS
10
260.8000000000000114
20
-210.5999999999999943
11
261.8999999999999773
21
-210.5999999999999943
0
LINE
8
BLACK
6
CONTINUOUS
10
262.3000000000000114
20
-210.5999999999999943
11
263.3999999999999773
21
-210.5999999999999943
0
LINE
8
BLACK
6
CONTINUOUS
10
263.8000000000000114
20
-210.5999999999999943
11
264.8999999999999773
21
-210.5999999999999943
0
LINE
8
BLACK
6
CONTINUOUS
10
265.3000000000000114
20
-210.5999999999999943
11
266.3999999999999773
21
-210.5999999999999943
0
LINE
8
BLACK
6
CONTINUOUS
10
266.8000000000000114
20
-210.5999999999999943
11
267.8999999999999773
21
-210.5999999999999943
0
LINE
8
BLACK
6
CONTINUOUS
10
268.3000000000000114
20
-210.5999999999999943
11
269.3999999999999773
21
-210.5999999999999943
0
LINE
8
BLACK
6
CONTINUOUS
10
269.8000000000000114
20
-210.5999999999999943
11
270.8999999999999773
21
-210.5999999999999943
0
LINE
8
BLACK
6
CONTINUOUS
10
271.3000000000000114
20
-210.5999999999999943
11
272.3999999999999773
21
-210.5999999999999943
0
LINE
8
BLACK
6
CONTINUOUS
10
272.8000000000000114
20
-210.5999999999999943
11
273.8999999999999773
21
-210.5999999999999943
0
LINE
8
BLACK
6
CONTINUOUS
10
274.3000000000000114
20
-210.5999999999999943
11
275.3999999999999773
21
-210.5999999999999943
0
LINE
8
BLACK
6
CONTINUOUS
10
275.8000000000000114
20
-210.5999999999999943
11
276.8999999999999773
21
-210.5999999999999943
0
LINE
8
BLACK
6
CONTINUOUS
10
277.3000000000000114
20
-210.5999999999999943
11
278.3999999999999773
21
-210.5999999999999943
0
LINE
8
BLACK
6
CONTINUOUS
10
278.8000000000000114
20
-210.5999999999999943
11
279.8999999999999773
21
-210.5999999999999943
0
LINE
8
BLACK
6
CONTINUOUS
10
280.3000000000000114
20
-210.5999999999999943
11
281.3999999999999773
21
-210.5999999999999943
0
LINE
8
BLACK
6
CONTINUOUS
10
281.8000000000000114
20
-210.5999999999999943
11
282.8999999999999773
21
-210.5999999999999943
0
LINE
8
BLACK
6
CONTINUOUS
10
283.3000000000000114
20
-210.5999999999999943
11
284.3999999999999773
21
-210.5999999999999943
0
LINE
8
BLACK
6
CONTINUOUS
10
284.8000000000000114
20
-210.5999999999999943
11
285.8999999999999773
21
-210.5999999999999943
0
LINE
8
BLACK
6
CONTINUOUS
10
286.3000000000000114
20
-210.5999999999999943
11
287.3999999999999773
21
-210.5999999999999943
0
LINE
8
BLACK
6
CONTINUOUS
10
287.8000000000000114
20
-210.5999999999999943
11
288.8999999999999773
21
-210.5999999999999943
0
LINE
8
BLACK
6
CONTINUOUS
10
289.3000000000000114
20
-210.5999999999999943
11
290.3999999999999773
21
-210.5999999999999943
0
LINE
8
BLACK
6
CONTINUOUS
10
290.8000000000000114
20
-210.5999999999999943
11
291.8999999999999773
21
-210.5999999999999943
0
LINE
8
BLACK
6
CONTINUOUS
10
292.3000000000000114
20
-210.5999999999999943
11
293.3999999999999773
21
-210.5999999999999943
0
LINE
8
BLACK
6
CONTINUOUS
10
293.8000000000000114
20
-210.5999999999999943
11
294.8999999999999773
21
-210.5999999999999943
0
LINE
8
BLACK
6
CONTINUOUS
10
295.3000000000000114
20
-210.5999999999999943
11
296.3999999999999773
21
-210.5999999999999943
0
LINE
8
BLACK
6
CONTINUOUS
10
296.8000000000000114
20
-210.5999999999999943
11
297.8999999999999773
21
-210.5999999999999943
0
LINE
8
BLACK
6
CONTINUOUS
10
298.3000000000000114
20
-210.5999999999999943
11
299.3999999999999773
21
-210.5999999999999943
0
LINE
8
BLACK
6
CONTINUOUS
10
299.8000000000000114
20
-210.5999999999999943
11
300.8999999999999773
21
-210.5999999999999943
0
LINE
8
BLACK
6
CONTINUOUS
10
301.3000000000000114
20
-210.5999999999999943
11
302.3999999999999773
21
-210.5999999999999943
0
LINE
8
BLACK
6
CONTINUOUS
10
302.8000000000000114
20
-210.5999999999999943
11
303.8999999999999773
21
-210.5999999999999943
0
LINE
8
BLACK
6
CONTINUOUS
10
304.3000000000000114
20
-210.5999999999999943
11
305.3999999999999773
21
-210.5999999999999943
0
LINE
8
BLACK
6
CONTINUOUS
10
305.8000000000000114
20
-210.5999999999999943
11
306.8999999999999773
21
-210.5999999999999943
0
LINE
8
BLACK
6
CONTINUOUS
10
307.3000000000000114
20
-210.5999999999999943
11
308.3999999999999773
21
-210.5999999999999943
0
LINE
8
BLACK
6
CONTINUOUS
10
308.8000000000000114
20
-210.5999999999999943
11
309.8999999999999773
21
-210.5999999999999943
0
LINE
8
BLACK
6
CONTINUOUS
10
310.3000000000000114
20
-210.5999999999999943
11
311.3999999999999773
21
-210.5999999999999943
0
LINE
8
BLACK
6
CONTINUOUS
10
311.8000000000000114
20
-210.5999999999999943
11
312.8999999999999773
21
-210.5999999999999943
0
LINE
8
BLACK
6
CONTINUOUS
10
313.3000000000000114
20
-210.5999999999999943
11
314.3999999999999773
21
-210.5999999999999943
0
LINE
8
BLACK
6
CONTINUOUS
10
314.8000000000000114
20
-210.5999999999999943
11
315.8999999999999773
21
-210.5999999999999943
0
LINE
8
BLACK
6
CONTINUOUS
10
316.3000000000000114
20
-210.5999999999999943
11
317.3999999999999773
21
-210.5999999999999943
0
LINE
8
BLACK
6
CONTINUOUS
10
317.8000000000000114
20
-210.5999999999999943
11
318.8999999999999773
21
-210.5999999999999943
0
LINE
8
BLACK
6
CONTINUOUS
10
319.3000000000000114
20
-210.5999999999999943
11
320.3999999999999773
21
-210.5999999999999943
0
LINE
8
BLACK
6
CONTINUOUS
10
320.8000000000000114
20
-210.5999999999999943
11
321.8999999999999773
21
-210.5999999999999943
0
LINE
8
BLACK
6
CONTINUOUS
10
322.3000000000000114
20
-210.5999999999999943
11
323.3999999999999773
21
-210.5999999999999943
0
LINE
8
BLACK
6
CONTINUOUS
10
323.8000000000000114
20
-210.5999999999999943
11
324.8999999999999773
21
-210.5999999999999943
0
LINE
8
BLACK
6
CONTINUOUS
10
325.3000000000000114
20
-210.5999999999999943
11
326.3999999999999773
21
-210.5999999999999943
0
LINE
8
BLACK
6
CONTINUOUS
10
326.8000000000000114
20
-210.5999999999999943
11
327.8999999999999773
21
-210.5999999999999943
0
LINE
8
BLACK
6
CONTINUOUS
10
328.3000000000000114
20
-210.5999999999999943
11
329.3999999999999773
21
-210.5999999999999943
0
LINE
8
BLACK
6
CONTINUOUS
10
329.8000000000000114
20
-210.5999999999999943
11
330.8999999999999773
21
-210.5999999999999943
0
LINE
8
BLACK
6
CONTINUOUS
10
331.3000000000000114
20
-210.5999999999999943
11
332.3999999999999773
21
-210.5999999999999943
0
LINE
8
BLACK
6
CONTINUOUS
10
332.8000000000000114
20
-210.5999999999999943
11
333.8999999999999773
21
-210.5999999999999943
0
LINE
8
BLACK
6
CONTINUOUS
10
334.3000000000000114
20
-210.5999999999999943
11
335.3999999999999773
21
-210.5999999999999943
0
LINE
8
BLACK
6
CONTINUOUS
10
335.8000000000000114
20
-210.5999999999999943
11
336.8999999999999773
21
-210.5999999999999943
0
LINE
8
BLACK
6
CONTINUOUS
10
337.3000000000000114
20
-210.5999999999999943
11
338.3999999999999773
21
-210.5999999999999943
0
LINE
8
BLACK
6
CONTINUOUS
10
338.8000000000000114
20
-210.5999999999999943
11
339.8999999999999773
21
-210.5999999999999943
0
LINE
8
BLACK
6
CONTINUOUS
10
340.3000000000000114
20
-210.5999999999999943
11
341.3999999999999773
21
-210.5999999999999943
0
LINE
8
BLACK
6
CONTINUOUS
10
341.8000000000000114
20
-210.5999999999999943
11
342.8999999999999773
21
-210.5999999999999943
0
LINE
8
BLACK
6
CONTINUOUS
10
343.3000000000000114
20
-210.5999999999999943
11
344.3999999999999773
21
-210.5999999999999943
0
LINE
8
BLACK
6
CONTINUOUS
10
344.8000000000000114
20
-210.5999999999999943
11
345.8999999999999773
21
-210.5999999999999943
0
LINE
8
BLACK
6
CONTINUOUS
10
346.3000000000000114
20
-210.5999999999999943
11
347.3999999999999773
21
-210.5999999999999943
0
LINE
8
BLACK
6
CONTINUOUS
10
347.8000000000000114
20
-210.5999999999999943
11
348.8999999999999773
21
-210.5999999999999943
0
LINE
8
BLACK
6
CONTINUOUS
10
349.3000000000000114
20
-210.5999999999999943
11
350.3999999999999773
21
-210.5999999999999943
0
LINE
8
BLACK
6
CONTINUOUS
10
350.8000000000000114
20
-210.5999999999999943
11
351.8999999999999773
21
-210.5999999999999943
0
LINE
8
BLACK
6
CONTINUOUS
10
352.3000000000000114
20
-210.5999999999999943
11
353.3999999999999773
21
-210.5999999999999943
0
LINE
8
BLACK
6
CONTINUOUS
10
353.8000000000000114
20
-210.5999999999999943
11
354.8999999999999773
21
-210.5999999999999943
0
LINE
8
BLACK
6
CONTINUOUS
10
355.3000000000000114
20
-210.5999999999999943
11
356.3999999999999773
21
-210.5999999999999943
0
LINE
8
BLACK
6
CONTINUOUS
10
356.8000000000000114
20
-210.5999999999999943
11
357.8999999999999773
21
-210.5999999999999943
0
LINE
8
BLACK
6
CONTINUOUS
10
358.3000000000000114
20
-210.5999999999999943
11
359.3999999999999773
21
-210.5999999999999943
0
LINE
8
BLACK
6
CONTINUOUS
10
359.8000000000000114
20
-210.5999999999999943
11
360.8999999999999773
21
-210.5999999999999943
0
LINE
8
BLACK
6
CONTINUOUS
10
361.3000000000000114
20
-210.5999999999999943
11
362.3999999999999773
21
-210.5999999999999943
0
LINE
8
BLACK
6
CONTINUOUS
10
362.8000000000000114
20
-210.5999999999999943
11
363.8999999999999773
21
-210.5999999999999943
0
LINE
8
BLACK
6
CONTINUOUS
10
364.3000000000000114
20
-210.5999999999999943
11
365.3999999999999773
21
-210.5999999999999943
0
LINE
8
BLACK
6
CONTINUOUS
10
365.8000000000000114
20
-210.5999999999999943
11
366.8999999999999773
21
-210.5999999999999943
0
LINE
8
BLACK
6
CONTINUOUS
10
367.3000000000000114
20
-210.5999999999999943
11
368.3999999999999773
21
-210.5999999999999943
0
LINE
8
BLACK
6
CONTINUOUS
10
368.8000000000000114
20
-210.5999999999999943
11
369.8999999999999773
21
-210.5999999999999943
0
LINE
8
BLACK
6
CONTINUOUS
10
370.3000000000000114
20
-210.5999999999999943
11
371.3999999999999773
21
-210.5999999999999943
0
LINE
8
BLACK
6
CONTINUOUS
10
371.8000000000000114
20
-210.5999999999999943
11
372.8999999999999773
21
-210.5999999999999943
0
LINE
8
BLACK
6
CONTINUOUS
10
373.3000000000000114
20
-210.5999999999999943
11
374.3999999999999773
21
-210.5999999999999943
0
LINE
8
BLACK
6
CONTINUOUS
10
374.8000000000000114
20
-210.5999999999999943
11
375.8999999999999773
21
-210.5999999999999943
0
LINE
8
BLACK
6
CONTINUOUS
10
376.3000000000000114
20
-210.5999999999999943
11
377.3999999999999773
21
-210.5999999999999943
0
LINE
8
BLACK
6
CONTINUOUS
10
377.7999999999999545
20
-210.5999999999999943
11
378.8999999999999773
21
-210.5999999999999943
0
LINE
8
BLACK
6
CONTINUOUS
10
379.2999999999999545
20
-210.5999999999999943
11
380.3999999999999773
21
-210.5999999999999943
0
LINE
8
BLACK
6
CONTINUOUS
10
380.7999999999999545
20
-210.5999999999999943
11
381.8999999999999773
21
-210.5999999999999943
0
LINE
8
BLACK
6
CONTINUOUS
10
382.2999999999999545
20
-210.5999999999999943
11
383.3999999999999773
21
-210.5999999999999943
0
LINE
8
BLACK
6
CONTINUOUS
10
383.7999999999999545
20
-210.5999999999999943
11
384.8999999999999773
21
-210.5999999999999943
0
LINE
8
BLACK
6
CONTINUOUS
10
385.2999999999999545
20
-210.5999999999999943
11
386.3999999999999773
21
-210.5999999999999943
0
LINE
8
BLACK
6
CONTINUOUS
10
386.7999999999999545
20
-210.5999999999999943
11
387.8999999999999773
21
-210.5999999999999943
0
LINE
8
BLACK
6
CONTINUOUS
10
388.2999999999999545
20
-210.5999999999999943
11
389.3999999999999773
21
-210.5999999999999943
0
LINE
8
BLACK
6
CONTINUOUS
10
389.7999999999999545
20
-210.5999999999999943
11
390.8999999999999773
21
-210.5999999999999943
0
LINE
8
BLACK
6
CONTINUOUS
10
391.2999999999999545
20
-210.5999999999999943
11
392.3999999999999773
21
-210.5999999999999943
0
LINE
8
BLACK
6
CONTINUOUS
10
392.7999999999999545
20
-210.5999999999999943
11
393.8999999999999773
21
-210.5999999999999943
0
LINE
8
BLACK
6
CONTINUOUS
10
394.2999999999999545
20
-210.5999999999999943
11
395.3999999999999773
21
-210.5999999999999943
0
LINE
8
BLACK
6
CONTINUOUS
10
395.7999999999999545
20
-210.5999999999999943
11
396.8999999999999773
21
-210.5999999999999943
0
LINE
8
BLACK
6
CONTINUOUS
10
397.2999999999999545
20
-210.5999999999999943
11
398.3999999999999773
21
-210.5999999999999943
0
LINE
8
BLACK
6
CONTINUOUS
10
398.7999999999999545
20
-210.5999999999999943
11
399.8999999999999773
21
-210.5999999999999943
0
LINE
8
BLACK
6
CONTINUOUS
10
400.2999999999999545
20
-210.5999999999999943
11
401.3999999999999773
21
-210.5999999999999943
0
LINE
8
BLACK
6
CONTINUOUS
10
401.7999999999999545
20
-210.5999999999999943
11
402.8999999999999773
21
-210.5999999999999943
0
LINE
8
BLACK
6
CONTINUOUS
10
403.2999999999999545
20
-210.5999999999999943
11
404.3999999999999773
21
-210.5999999999999943
0
LINE
8
BLACK
6
CONTINUOUS
10
404.7999999999999545
20
-210.5999999999999943
11
405.8999999999999773
21
-210.5999999999999943
0
LINE
8
BLACK
6
CONTINUOUS
10
406.2999999999999545
20
-210.5999999999999943
11
407.3999999999999773
21
-210.5999999999999943
0
LINE
8
BLACK
6
CONTINUOUS
10
407.7999999999999545
20
-210.5999999999999943
11
408.8999999999999773
21
-210.5999999999999943
0
LINE
8
BLACK
6
CONTINUOUS
10
409.2999999999999545
20
-210.5999999999999943
11
410.3999999999999773
21
-210.5999999999999943
0
LINE
8
BLACK
6
CONTINUOUS
10
410.7999999999999545
20
-210.5999999999999943
11
411.8999999999999773
21
-210.5999999999999943
0
LINE
8
BLACK
6
CONTINUOUS
10
412.2999999999999545
20
-210.5999999999999943
11
413.3999999999999773
21
-210.5999999999999943
0
LINE
8
BLACK
6
CONTINUOUS
10
413.7999999999999545
20
-210.5999999999999943
11
414.8999999999999773
21
-210.5999999999999943
0
LINE
8
BLACK
6
CONTINUOUS
10
415.2999999999999545
20
-210.5999999999999943
11
416.3999999999999773
21
-210.5999999999999943
0
LINE
8
BLACK
6
CONTINUOUS
10
416.7999999999999545
20
-210.5999999999999943
11
417.7999999999999545
21
-210.5999999999999943
0
LINE
8
BLACK
6
CONTINUOUS
10
175.2999999999999829
20
-48.2999999999999972
11
419.2999999999999545
21
-48.2999999999999972
0
LINE
8
BLACK
6
CONTINUOUS
10
460.0499999999999545
20
-164.2999999999999829
11
460.0499999999999545
21
-160.7999999999999829
0
ARC
8
BLACK
10
460.0499999999999545
20
-164.7999999999999829
40
1.5
50
-90.00000000
51
-0.00000000
0
LINE
8
BLACK
6
CONTINUOUS
10
304.0500000000000114
20
-138.7999999999999829
11
304.0498949999999923
21
-138.8239979999999889
0
LINE
8
BLACK
6
CONTINUOUS
10
304.0498949999999923
20
-138.8239979999999889
11
304.0495809999999892
21
-138.8479939999999999
0
LINE
8
BLACK
6
CONTINUOUS
10
304.0495809999999892
20
-138.8479939999999999
11
304.0490580000000023
21
-138.8719869999999901
0
LINE
8
BLACK
6
CONTINUOUS
10
304.0490580000000023
20
-138.8719869999999901
11
304.0483249999999771
21
-138.8959739999999954
0
LINE
8
BLACK
6
CONTINUOUS
10
304.0483249999999771
20
-138.8959739999999954
11
304.047382999999968
21
-138.9199529999999925
0
LINE
8
BLACK
6
CONTINUOUS
10
304.047382999999968
20
-138.9199529999999925
11
304.0462309999999775
21
-138.9439239999999813
0
LINE
8
BLACK
6
CONTINUOUS
10
304.0462309999999775
20
-138.9439239999999813
11
304.0448710000000005
21
-138.9678830000000005
0
LINE
8
BLACK
6
CONTINUOUS
10
304.0448710000000005
20
-138.9678830000000005
11
304.0433009999999854
21
-138.9918299999999931
0
LINE
8
BLACK
6
CONTINUOUS
10
304.0433009999999854
20
-138.9918299999999931
11
304.0415229999999838
21
-139.0157629999999926
0
LINE
8
BLACK
6
CONTINUOUS
10
304.0415229999999838
20
-139.0157629999999926
11
304.0395350000000008
21
-139.0396779999999808
0
LINE
8
BLACK
6
CONTINUOUS
10
304.0395350000000008
20
-139.0396779999999808
11
304.037339999999972
21
-139.0635759999999834
0
LINE
8
BLACK
6
CONTINUOUS
10
304.037339999999972
20
-139.0635759999999834
11
304.0349349999999617
21
-139.0874529999999822
0
LINE
8
BLACK
6
CONTINUOUS
10
304.0349349999999617
20
-139.0874529999999822
11
304.0323229999999626
21
-139.1113090000000057
0
LINE
8
BLACK
6
CONTINUOUS
10
304.0323229999999626
20
-139.1113090000000057
11
304.0295019999999795
21
-139.1351410000000044
0
LINE
8
BLACK
6
CONTINUOUS
10
304.0295019999999795
20
-139.1351410000000044
11
304.02647300000001
21
-139.1589469999999835
0
LINE
8
BLACK
6
CONTINUOUS
10
304.02647300000001
20
-139.1589469999999835
11
304.0232369999999946
21
-139.1827260000000024
0
LINE
8
BLACK
6
CONTINUOUS
10
304.0232369999999946
20
-139.1827260000000024
11
304.0197939999999903
21
-139.2064759999999808
0
LINE
8
BLACK
6
CONTINUOUS
10
304.0197939999999903
20
-139.2064759999999808
11
304.0161429999999996
21
-139.2301949999999806
0
LINE
8
BLACK
6
CONTINUOUS
10
304.0161429999999996
20
-139.2301949999999806
11
304.012284999999963
21
-139.2538810000000069
0
LINE
8
BLACK
6
CONTINUOUS
10
304.012284999999963
20
-139.2538810000000069
11
304.0082209999999918
21
-139.2775320000000079
0
LINE
8
BLACK
6
CONTINUOUS
10
304.0082209999999918
20
-139.2775320000000079
11
304.0039509999999723
21
-139.3011479999999835
0
LINE
8
BLACK
6
CONTINUOUS
10
304.0039509999999723
20
-139.3011479999999835
11
303.9994749999999613
21
-139.3247250000000008
0
LINE
8
BLACK
6
CONTINUOUS
10
303.9994749999999613
20
-139.3247250000000008
11
303.9947929999999587
21
-139.3482620000000054
0
LINE
8
BLACK
6
CONTINUOUS
10
303.9947929999999587
20
-139.3482620000000054
11
303.9899059999999622
21
-139.3717570000000023
0
LINE
8
BLACK
6
CONTINUOUS
10
303.9899059999999622
20
-139.3717570000000023
11
303.9848139999999717
21
-139.3952089999999941
0
LINE
8
BLACK
6
CONTINUOUS
10
303.9848139999999717
20
-139.3952089999999941
11
303.9795179999999846
21
-139.4186149999999884
0
LINE
8
BLACK
6
CONTINUOUS
10
303.9795179999999846
20
-139.4186149999999884
11
303.9740170000000035
21
-139.4419749999999851
0
LINE
8
BLACK
6
CONTINUOUS
10
303.9740170000000035
20
-139.4419749999999851
11
303.9683129999999665
21
-139.4652849999999944
0
LINE
8
BLACK
6
CONTINUOUS
10
303.9683129999999665
20
-139.4652849999999944
11
303.9624059999999872
21
-139.4885449999999878
0
LINE
8
BLACK
6
CONTINUOUS
10
303.9624059999999872
20
-139.4885449999999878
11
303.9562960000000089
21
-139.5117520000000013
0
LINE
8
BLACK
6
CONTINUOUS
10
303.9562960000000089
20
-139.5117520000000013
11
303.9499839999999722
21
-139.5349060000000065
0
LINE
8
BLACK
6
CONTINUOUS
10
303.9499839999999722
20
-139.5349060000000065
11
303.9434699999999907
21
-139.5580029999999851
0
LINE
8
BLACK
6
CONTINUOUS
10
303.9434699999999907
20
-139.5580029999999851
11
303.9367540000000076
21
-139.5810419999999965
0
LINE
8
BLACK
6
CONTINUOUS
10
303.9367540000000076
20
-139.5810419999999965
11
303.9298379999999611
21
-139.6040219999999863
0
LINE
8
BLACK
6
CONTINUOUS
10
303.9298379999999611
20
-139.6040219999999863
11
303.9227219999999647
21
-139.626940999999988
0
LINE
8
BLACK
6
CONTINUOUS
10
303.9227219999999647
20
-139.626940999999988
11
303.9154049999999643
21
-139.6497970000000066
0
LINE
8
BLACK
6
CONTINUOUS
10
303.9154049999999643
20
-139.6497970000000066
11
303.907890000000009
21
-139.6725879999999904
0
LINE
8
BLACK
6
CONTINUOUS
10
303.907890000000009
20
-139.6725879999999904
11
303.9001759999999877
21
-139.6953120000000013
0
LINE
8
BLACK
6
CONTINUOUS
10
303.9001759999999877
20
-139.6953120000000013
11
303.8922640000000115
21
-139.7179689999999823
0
LINE
8
BLACK
6
CONTINUOUS
10
303.8922640000000115
20
-139.7179689999999823
11
303.8841549999999643
21
-139.7405550000000005
0
LINE
8
BLACK
6
CONTINUOUS
10
303.8841549999999643
20
-139.7405550000000005
11
303.8758489999999597
21
-139.763069999999999
0
LINE
8
BLACK
6
CONTINUOUS
10
303.8758489999999597
20
-139.763069999999999
11
303.8673459999999977
21
-139.7855119999999829
0
LINE
8
BLACK
6
CONTINUOUS
10
303.8673459999999977
20
-139.7855119999999829
11
303.8586479999999597
21
-139.8078779999999881
0
LINE
8
BLACK
6
CONTINUOUS
10
303.8586479999999597
20
-139.8078779999999881
11
303.8497560000000135
21
-139.8301679999999863
0
LINE
8
BLACK
6
CONTINUOUS
10
303.8497560000000135
20
-139.8301679999999863
11
303.8406689999999912
21
-139.8523789999999849
0
LINE
8
BLACK
6
CONTINUOUS
10
303.8406689999999912
20
-139.8523789999999849
11
303.8329180000000065
21
-139.870900000000006
0
LINE
8
BLACK
6
CONTINUOUS
10
303.6509519999999611
20
-140.2267190000000028
11
303.6384119999999598
21
-140.247179999999986
0
LINE
8
BLACK
6
CONTINUOUS
10
303.6384119999999598
20
-140.247179999999986
11
303.62569400000001
21
-140.2675309999999911
0
LINE
8
BLACK
6
CONTINUOUS
10
303.62569400000001
20
-140.2675309999999911
11
303.6127989999999954
21
-140.2877699999999948
0
LINE
8
BLACK
6
CONTINUOUS
10
303.6127989999999954
20
-140.2877699999999948
11
303.5997279999999705
21
-140.3078959999999995
0
LINE
8
BLACK
6
CONTINUOUS
10
303.5997279999999705
20
-140.3078959999999995
11
303.5864819999999895
21
-140.3279080000000079
0
LINE
8
BLACK
6
CONTINUOUS
10
303.5864819999999895
20
-140.3279080000000079
11
303.5730609999999956
21
-140.347802999999999
0
LINE
8
BLACK
6
CONTINUOUS
10
303.5730609999999956
20
-140.347802999999999
11
303.5594679999999812
21
-140.3675800000000038
0
LINE
8
BLACK
6
CONTINUOUS
10
303.5594679999999812
20
-140.3675800000000038
11
303.5457020000000057
21
-140.3872369999999989
0
LINE
8
BLACK
6
CONTINUOUS
10
303.5457020000000057
20
-140.3872369999999989
11
303.5317660000000046
21
-140.4067739999999844
0
LINE
8
BLACK
6
CONTINUOUS
10
303.5317660000000046
20
-140.4067739999999844
11
303.5176589999999806
21
-140.4261879999999962
0
LINE
8
BLACK
6
CONTINUOUS
10
303.5176589999999806
20
-140.4261879999999962
11
303.5033839999999827
21
-140.445479000000006
0
LINE
8
BLACK
6
CONTINUOUS
10
303.5033839999999827
20
-140.445479000000006
11
303.4889400000000137
21
-140.4646439999999927
0
LINE
8
BLACK
6
CONTINUOUS
10
303.4889400000000137
20
-140.4646439999999927
11
303.474330000000009
21
-140.483682999999985
0
LINE
8
BLACK
6
CONTINUOUS
10
303.474330000000009
20
-140.483682999999985
11
303.4595549999999662
21
-140.5025929999999903
0
LINE
8
BLACK
6
CONTINUOUS
10
303.4595549999999662
20
-140.5025929999999903
11
303.4446149999999989
21
-140.5213739999999802
0
LINE
8
BLACK
6
CONTINUOUS
10
303.4446149999999989
20
-140.5213739999999802
11
303.4295119999999883
21
-140.5400229999999908
0
LINE
8
BLACK
6
CONTINUOUS
10
303.4295119999999883
20
-140.5400229999999908
11
303.4142459999999915
21
-140.5585399999999936
0
LINE
8
BLACK
6
CONTINUOUS
10
303.4142459999999915
20
-140.5585399999999936
11
303.3988200000000006
21
-140.5769229999999936
0
LINE
8
BLACK
6
CONTINUOUS
10
303.3988200000000006
20
-140.5769229999999936
11
303.3832329999999615
21
-140.5951709999999935
0
LINE
8
BLACK
6
CONTINUOUS
10
303.3832329999999615
20
-140.5951709999999935
11
303.3674879999999803
21
-140.6132819999999981
0
LINE
8
BLACK
6
CONTINUOUS
10
303.3674879999999803
20
-140.6132819999999981
11
303.3515859999999975
21
-140.6312549999999817
0
LINE
8
BLACK
6
CONTINUOUS
10
303.3515859999999975
20
-140.6312549999999817
11
303.3355270000000132
21
-140.6490880000000061
0
LINE
8
BLACK
6
CONTINUOUS
10
303.3355270000000132
20
-140.6490880000000061
11
303.319313999999963
21
-140.6667809999999861
0
LINE
8
BLACK
6
CONTINUOUS
10
303.319313999999963
20
-140.6667809999999861
11
303.3029459999999631
21
-140.6843319999999835
0
LINE
8
BLACK
6
CONTINUOUS
10
303.3029459999999631
20
-140.6843319999999835
11
303.2864260000000058
21
-140.7017390000000034
0
LINE
8
BLACK
6
CONTINUOUS
10
303.2864260000000058
20
-140.7017390000000034
11
303.2697549999999751
21
-140.7190009999999916
0
LINE
8
BLACK
6
CONTINUOUS
10
303.2697549999999751
20
-140.7190009999999916
11
303.252933999999982
21
-140.7361170000000072
0
LINE
8
BLACK
6
CONTINUOUS
10
303.252933999999982
20
-140.7361170000000072
11
303.2359639999999672
21
-140.7530859999999961
0
LINE
8
BLACK
6
CONTINUOUS
10
303.2359639999999672
20
-140.7530859999999961
11
303.2188469999999825
21
-140.7699049999999943
0
LINE
8
BLACK
6
CONTINUOUS
10
303.2188469999999825
20
-140.7699049999999943
11
303.201582999999971
21
-140.7865749999999991
0
LINE
8
BLACK
6
CONTINUOUS
10
303.201582999999971
20
-140.7865749999999991
11
303.184174999999982
21
-140.8030939999999873
0
LINE
8
BLACK
6
CONTINUOUS
10
303.184174999999982
20
-140.8030939999999873
11
303.1666229999999587
21
-140.8194599999999923
0
LINE
8
BLACK
6
CONTINUOUS
10
303.1666229999999587
20
-140.8194599999999923
11
303.1489290000000096
21
-140.8356719999999882
0
LINE
8
BLACK
6
CONTINUOUS
10
303.1489290000000096
20
-140.8356719999999882
11
303.1310939999999619
21
-140.851729000000006
0
LINE
8
BLACK
6
CONTINUOUS
10
303.1310939999999619
20
-140.851729000000006
11
303.1131199999999808
21
-140.8676299999999912
0
LINE
8
BLACK
6
CONTINUOUS
10
303.1131199999999808
20
-140.8676299999999912
11
303.0950080000000071
21
-140.8833740000000034
0
LINE
8
BLACK
6
CONTINUOUS
10
303.0950080000000071
20
-140.8833740000000034
11
303.0767589999999814
21
-140.8989589999999907
0
LINE
8
BLACK
6
CONTINUOUS
10
303.0767589999999814
20
-140.8989589999999907
11
303.058373999999958
21
-140.9143839999999841
0
LINE
8
BLACK
6
CONTINUOUS
10
303.058373999999958
20
-140.9143839999999841
11
303.0398559999999861
21
-140.929647999999986
0
LINE
8
BLACK
6
CONTINUOUS
10
303.0398559999999861
20
-140.929647999999986
11
303.0212060000000065
21
-140.9447499999999991
0
LINE
8
BLACK
6
CONTINUOUS
10
303.0212060000000065
20
-140.9447499999999991
11
303.0024239999999622
21
-140.9596879999999999
0
LINE
8
BLACK
6
CONTINUOUS
10
303.0024239999999622
20
-140.9596879999999999
11
302.983511999999962
21
-140.9744619999999884
0
LINE
8
BLACK
6
CONTINUOUS
10
302.983511999999962
20
-140.9744619999999884
11
302.9644729999999981
21
-140.9890709999999956
0
LINE
8
BLACK
6
CONTINUOUS
10
302.9644729999999981
20
-140.9890709999999956
11
302.9453059999999596
21
-141.0035120000000006
0
LINE
8
BLACK
6
CONTINUOUS
10
302.9453059999999596
20
-141.0035120000000006
11
302.9260150000000067
21
-141.017786000000001
0
LINE
8
BLACK
6
CONTINUOUS
10
302.9260150000000067
20
-141.017786000000001
11
302.909780000000012
21
-141.0295989999999904
0
LINE
8
BLACK
6
CONTINUOUS
10
302.5696179999999913
20
-141.2393789999999854
11
302.548281999999972
21
-141.2503659999999854
0
LINE
8
BLACK
6
CONTINUOUS
10
302.548281999999972
20
-141.2503659999999854
11
302.5268509999999651
21
-141.2611660000000029
0
LINE
8
BLACK
6
CONTINUOUS
10
302.5268509999999651
20
-141.2611660000000029
11
302.5053269999999657
21
-141.2717779999999834
0
LINE
8
BLACK
6
CONTINUOUS
10
302.5053269999999657
20
-141.2717779999999834
11
302.4837109999999711
21
-141.2822019999999839
0
LINE
8
BLACK
6
CONTINUOUS
10
302.4837109999999711
20
-141.2822019999999839
11
302.4620049999999765
21
-141.2924370000000067
0
LINE
8
BLACK
6
CONTINUOUS
10
302.4620049999999765
20
-141.2924370000000067
11
302.4402099999999791
21
-141.3024829999999952
0
LINE
8
BLACK
6
CONTINUOUS
10
302.4402099999999791
20
-141.3024829999999952
11
302.4183289999999715
21
-141.3123379999999827
0
LINE
8
BLACK
6
CONTINUOUS
10
302.4183289999999715
20
-141.3123379999999827
11
302.3963620000000105
21
-141.3220010000000002
0
LINE
8
BLACK
6
CONTINUOUS
10
302.3963620000000105
20
-141.3220010000000002
11
302.3743119999999749
21
-141.3314719999999909
0
LINE
8
BLACK
6
CONTINUOUS
10
302.3743119999999749
20
-141.3314719999999909
11
302.3521799999999757
21
-141.3407509999999832
0
LINE
8
BLACK
6
CONTINUOUS
10
302.3521799999999757
20
-141.3407509999999832
11
302.329968000000008
21
-141.3498359999999821
0
LINE
8
BLACK
6
CONTINUOUS
10
302.329968000000008
20
-141.3498359999999821
11
302.3076780000000099
21
-141.3587269999999876
0
LINE
8
BLACK
6
CONTINUOUS
10
302.3076780000000099
20
-141.3587269999999876
11
302.2853109999999788
21
-141.3674230000000023
0
LINE
8
BLACK
6
CONTINUOUS
10
302.2853109999999788
20
-141.3674230000000023
11
302.2628689999999665
21
-141.3759239999999977
0
LINE
8
BLACK
6
CONTINUOUS
10
302.2628689999999665
20
-141.3759239999999977
11
302.2403529999999705
21
-141.3842280000000073
0
LINE
8
BLACK
6
CONTINUOUS
10
302.2403529999999705
20
-141.3842280000000073
11
302.2177659999999833
21
-141.3923360000000002
0
LINE
8
BLACK
6
CONTINUOUS
10
302.2177659999999833
20
-141.3923360000000002
11
302.1951090000000022
21
-141.4002459999999814
0
LINE
8
BLACK
6
CONTINUOUS
10
302.1951090000000022
20
-141.4002459999999814
11
302.1723839999999655
21
-141.4079579999999794
0
LINE
8
BLACK
6
CONTINUOUS
10
302.1723839999999655
20
-141.4079579999999794
11
302.1495919999999842
21
-141.4154719999999941
0
LINE
8
BLACK
6
CONTINUOUS
10
302.1495919999999842
20
-141.4154719999999941
11
302.126735999999994
21
-141.4227860000000021
0
LINE
8
BLACK
6
CONTINUOUS
10
302.126735999999994
20
-141.4227860000000021
11
302.1038159999999948
21
-141.429901000000001
0
LINE
8
BLACK
6
CONTINUOUS
10
302.1038159999999948
20
-141.429901000000001
11
302.0808359999999766
21
-141.4368149999999957
0
LINE
8
BLACK
6
CONTINUOUS
10
302.0808359999999766
20
-141.4368149999999957
11
302.0577959999999962
21
-141.4435289999999839
0
LINE
8
BLACK
6
CONTINUOUS
10
302.0577959999999962
20
-141.4435289999999839
11
302.0346979999999917
21
-141.4500409999999988
0
LINE
8
BLACK
6
CONTINUOUS
10
302.0346979999999917
20
-141.4500409999999988
11
302.011543999999958
21
-141.4563519999999812
0
LINE
8
BLACK
6
CONTINUOUS
10
302.011543999999958
20
-141.4563519999999812
11
301.9883370000000014
21
-141.462459999999993
0
LINE
8
BLACK
6
CONTINUOUS
10
301.9883370000000014
20
-141.462459999999993
11
301.9650760000000105
21
-141.4683650000000057
0
LINE
8
BLACK
6
CONTINUOUS
10
301.9650760000000105
20
-141.4683650000000057
11
301.9417649999999753
21
-141.4740679999999884
0
LINE
8
BLACK
6
CONTINUOUS
10
301.9417649999999753
20
-141.4740679999999884
11
301.9184060000000045
21
-141.4795660000000055
0
LINE
8
BLACK
6
CONTINUOUS
10
301.9184060000000045
20
-141.4795660000000055
11
301.8949989999999843
21
-141.4848609999999951
0
LINE
8
BLACK
6
CONTINUOUS
10
301.8949989999999843
20
-141.4848609999999951
11
301.8715469999999641
21
-141.4899509999999907
0
LINE
8
BLACK
6
CONTINUOUS
10
301.8715469999999641
20
-141.4899509999999907
11
301.8480509999999981
21
-141.4948359999999923
0
LINE
8
BLACK
6
CONTINUOUS
10
301.8480509999999981
20
-141.4948359999999923
11
301.8245129999999676
21
-141.4995159999999998
0
LINE
8
BLACK
6
CONTINUOUS
10
301.8245129999999676
20
-141.4995159999999998
11
301.8009359999999788
21
-141.5039899999999875
0
LINE
8
BLACK
6
CONTINUOUS
10
301.8009359999999788
20
-141.5039899999999875
11
301.7773199999999747
21
-141.5082589999999811
0
LINE
8
BLACK
6
CONTINUOUS
10
301.7773199999999747
20
-141.5082589999999811
11
301.7536690000000021
21
-141.5123209999999858
0
LINE
8
BLACK
6
CONTINUOUS
10
301.7536690000000021
20
-141.5123209999999858
11
301.7299820000000068
21
-141.516176999999999
0
LINE
8
BLACK
6
CONTINUOUS
10
301.7299820000000068
20
-141.516176999999999
11
301.7062629999999785
21
-141.5198249999999973
0
LINE
8
BLACK
6
CONTINUOUS
10
301.7062629999999785
20
-141.5198249999999973
11
301.6825129999999717
21
-141.5232670000000041
0
LINE
8
BLACK
6
CONTINUOUS
10
301.6825129999999717
20
-141.5232670000000041
11
301.6587339999999813
21
-141.5265009999999961
0
LINE
8
BLACK
6
CONTINUOUS
10
301.6587339999999813
20
-141.5265009999999961
11
301.6349270000000047
21
-141.5295279999999991
0
LINE
8
BLACK
6
CONTINUOUS
10
301.6349270000000047
20
-141.5295279999999991
11
301.6110949999999775
21
-141.5323469999999872
0
LINE
8
BLACK
6
CONTINUOUS
10
301.6110949999999775
20
-141.5323469999999872
11
301.5872390000000109
21
-141.5349579999999889
0
LINE
8
BLACK
6
CONTINUOUS
10
301.5872390000000109
20
-141.5349579999999889
11
301.5633609999999862
21
-141.5373600000000067
0
LINE
8
BLACK
6
CONTINUOUS
10
301.5633609999999862
20
-141.5373600000000067
11
301.5394640000000095
21
-141.5395539999999812
0
LINE
8
BLACK
6
CONTINUOUS
10
301.5394640000000095
20
-141.5395539999999812
11
301.519455999999991
21
-141.5412289999999871
0
LINE
8
BLACK
6
CONTINUOUS
10
301.1198190000000068
20
-141.5440909999999803
11
301.0958799999999655
21
-141.5424139999999795
0
LINE
8
BLACK
6
CONTINUOUS
10
301.0958799999999655
20
-141.5424139999999795
11
301.0719560000000001
21
-141.5405279999999948
0
LINE
8
BLACK
6
CONTINUOUS
10
301.0719560000000001
20
-141.5405279999999948
11
301.0480489999999918
21
-141.5384339999999952
0
LINE
8
BLACK
6
CONTINUOUS
10
301.0480489999999918
20
-141.5384339999999952
11
301.0241609999999923
21
-141.5361309999999833
0
LINE
8
BLACK
6
CONTINUOUS
10
301.0241609999999923
20
-141.5361309999999833
11
301.0002949999999942
21
-141.5336199999999849
0
LINE
8
BLACK
6
CONTINUOUS
10
301.0002949999999942
20
-141.5336199999999849
11
300.9764509999999973
21
-141.5309000000000026
0
LINE
8
BLACK
6
CONTINUOUS
10
300.9764509999999973
20
-141.5309000000000026
11
300.9526319999999942
21
-141.5279730000000029
0
LINE
8
BLACK
6
CONTINUOUS
10
300.9526319999999942
20
-141.5279730000000029
11
300.9288399999999797
21
-141.5248379999999884
0
LINE
8
BLACK
6
CONTINUOUS
10
300.9288399999999797
20
-141.5248379999999884
11
300.9050760000000082
21
-141.5214949999999874
0
LINE
8
BLACK
6
CONTINUOUS
10
300.9050760000000082
20
-141.5214949999999874
11
300.8813409999999635
21
-141.5179449999999974
0
LINE
8
BLACK
6
CONTINUOUS
10
300.8813409999999635
20
-141.5179449999999974
11
300.857639000000006
21
-141.5141879999999901
0
LINE
8
BLACK
6
CONTINUOUS
10
300.857639000000006
20
-141.5141879999999901
11
300.8339709999999627
21
-141.5102239999999938
0
LINE
8
BLACK
6
CONTINUOUS
10
300.8339709999999627
20
-141.5102239999999938
11
300.8103370000000041
21
-141.506054000000006
0
LINE
8
BLACK
6
CONTINUOUS
10
300.8103370000000041
20
-141.506054000000006
11
300.7867420000000038
21
-141.5016779999999983
0
LINE
8
BLACK
6
CONTINUOUS
10
300.7867420000000038
20
-141.5016779999999983
11
300.7631849999999645
21
-141.4970959999999991
0
LINE
8
BLACK
6
CONTINUOUS
10
300.7631849999999645
20
-141.4970959999999991
11
300.7396689999999921
21
-141.4923090000000059
0
LINE
8
BLACK
6
CONTINUOUS
10
300.7396689999999921
20
-141.4923090000000059
11
300.7161959999999681
21
-141.4873169999999902
0
LINE
8
BLACK
6
CONTINUOUS
10
300.7161959999999681
20
-141.4873169999999902
11
300.6927670000000035
21
-141.4821199999999806
0
LINE
8
BLACK
6
CONTINUOUS
10
300.6927670000000035
20
-141.4821199999999806
11
300.669384999999977
21
-141.4767190000000028
0
LINE
8
BLACK
6
CONTINUOUS
10
300.669384999999977
20
-141.4767190000000028
11
300.6460500000000025
21
-141.471114
0
LINE
8
BLACK
6
CONTINUOUS
10
300.6460500000000025
20
-141.471114
11
300.6227649999999585
21
-141.4653050000000007
0
LINE
8
BLACK
6
CONTINUOUS
10
300.6227649999999585
20
-141.4653050000000007
11
300.5995320000000106
21
-141.4592939999999999
0
LINE
8
BLACK
6
CONTINUOUS
10
300.5995320000000106
20
-141.4592939999999999
11
300.5763529999999832
21
-141.4530799999999999
0
LINE
8
BLACK
6
CONTINUOUS
10
300.5763529999999832
20
-141.4530799999999999
11
300.5532279999999901
21
-141.4466639999999984
0
LINE
8
BLACK
6
CONTINUOUS
10
300.5532279999999901
20
-141.4466639999999984
11
300.5301599999999667
21
-141.4400469999999927
0
LINE
8
BLACK
6
CONTINUOUS
10
300.5301599999999667
20
-141.4400469999999927
11
300.5071509999999648
21
-141.4332279999999855
0
LINE
8
BLACK
6
CONTINUOUS
10
300.5071509999999648
20
-141.4332279999999855
11
300.484201999999982
21
-141.4262090000000001
0
LINE
8
BLACK
6
CONTINUOUS
10
300.484201999999982
20
-141.4262090000000001
11
300.4613160000000107
21
-141.4189899999999795
0
LINE
8
BLACK
6
CONTINUOUS
10
300.4613160000000107
20
-141.4189899999999795
11
300.438492999999994
21
-141.4115709999999808
0
LINE
8
BLACK
6
CONTINUOUS
10
300.438492999999994
20
-141.4115709999999808
11
300.4157359999999812
21
-141.4039539999999988
0
LINE
8
BLACK
6
CONTINUOUS
10
300.4157359999999812
20
-141.4039539999999988
11
300.3930459999999698
21
-141.3961380000000077
0
LINE
8
BLACK
6
CONTINUOUS
10
300.3930459999999698
20
-141.3961380000000077
11
300.3704250000000116
21
-141.3881250000000023
0
LINE
8
BLACK
6
CONTINUOUS
10
300.3704250000000116
20
-141.3881250000000023
11
300.3478749999999877
21
-141.3799139999999852
0
LINE
8
BLACK
6
CONTINUOUS
10
300.3478749999999877
20
-141.3799139999999852
11
300.325398000000007
21
-141.3715069999999798
0
LINE
8
BLACK
6
CONTINUOUS
10
300.325398000000007
20
-141.3715069999999798
11
300.3029940000000124
21
-141.3629049999999836
0
LINE
8
BLACK
6
CONTINUOUS
10
300.3029940000000124
20
-141.3629049999999836
11
300.280666999999994
21
-141.3541069999999991
0
LINE
8
BLACK
6
CONTINUOUS
10
300.280666999999994
20
-141.3541069999999991
11
300.2584170000000086
21
-141.3451139999999953
0
LINE
8
BLACK
6
CONTINUOUS
10
300.2584170000000086
20
-141.3451139999999953
11
300.2362469999999917
21
-141.3359279999999956
0
LINE
8
BLACK
6
CONTINUOUS
10
300.2362469999999917
20
-141.3359279999999956
11
300.2141579999999976
21
-141.3265480000000025
0
LINE
8
BLACK
6
CONTINUOUS
10
300.2141579999999976
20
-141.3265480000000025
11
300.1921509999999671
21
-141.3169759999999826
0
LINE
8
BLACK
6
CONTINUOUS
10
300.1921509999999671
20
-141.3169759999999826
11
300.1702290000000062
21
-141.3072129999999902
0
LINE
8
BLACK
6
CONTINUOUS
10
300.1702290000000062
20
-141.3072129999999902
11
300.1483920000000012
21
-141.2972579999999994
0
LINE
8
BLACK
6
CONTINUOUS
10
300.1483920000000012
20
-141.2972579999999994
11
300.1266439999999989
21
-141.2871140000000025
0
LINE
8
BLACK
6
CONTINUOUS
10
300.1266439999999989
20
-141.2871140000000025
11
300.1049849999999992
21
-141.2767800000000022
0
LINE
8
BLACK
6
CONTINUOUS
10
300.1049849999999992
20
-141.2767800000000022
11
300.0834159999999997
21
-141.266256999999996
0
LINE
8
BLACK
6
CONTINUOUS
10
300.0834159999999997
20
-141.266256999999996
11
300.0654429999999593
21
-141.2573089999999922
0
LINE
8
BLACK
6
CONTINUOUS
10
299.7223119999999881
20
-141.0524209999999812
11
299.7027160000000094
21
-141.0385679999999979
0
LINE
8
BLACK
6
CONTINUOUS
10
299.7027160000000094
20
-141.0385679999999979
11
299.683242000000007
21
-141.0245439999999917
0
LINE
8
BLACK
6
CONTINUOUS
10
299.683242000000007
20
-141.0245439999999917
11
299.6638909999999782
21
-141.0103499999999883
0
LINE
8
BLACK
6
CONTINUOUS
10
299.6638909999999782
20
-141.0103499999999883
11
299.644664999999975
21
-140.9959879999999828
0
LINE
8
BLACK
6
CONTINUOUS
10
299.644664999999975
20
-140.9959879999999828
11
299.6255639999999971
21
-140.981459000000001
0
LINE
8
BLACK
6
CONTINUOUS
10
299.6255639999999971
20
-140.981459000000001
11
299.6065919999999778
21
-140.9667639999999835
0
LINE
8
BLACK
6
CONTINUOUS
10
299.6065919999999778
20
-140.9667639999999835
11
299.5877479999999764
21
-140.9519039999999848
0
LINE
8
BLACK
6
CONTINUOUS
10
299.5877479999999764
20
-140.9519039999999848
11
299.5690339999999878
21
-140.9368800000000022
0
LINE
8
BLACK
6
CONTINUOUS
10
299.5690339999999878
20
-140.9368800000000022
11
299.5504530000000045
21
-140.9216940000000022
0
LINE
8
BLACK
6
CONTINUOUS
10
299.5504530000000045
20
-140.9216940000000022
11
299.5320039999999722
21
-140.9063449999999875
0
LINE
8
BLACK
6
CONTINUOUS
10
299.5320039999999722
20
-140.9063449999999875
11
299.5136899999999969
21
-140.8908370000000048
0
LINE
8
BLACK
6
CONTINUOUS
10
299.5136899999999969
20
-140.8908370000000048
11
299.4955129999999599
21
-140.8751689999999996
0
LINE
8
BLACK
6
CONTINUOUS
10
299.4955129999999599
20
-140.8751689999999996
11
299.4774719999999775
21
-140.8593429999999955
0
LINE
8
BLACK
6
CONTINUOUS
10
299.4774719999999775
20
-140.8593429999999955
11
299.4595709999999826
21
-140.8433599999999899
0
LINE
8
BLACK
6
CONTINUOUS
10
299.4595709999999826
20
-140.8433599999999899
11
299.4418089999999779
21
-140.8272220000000061
0
LINE
8
BLACK
6
CONTINUOUS
10
299.4418089999999779
20
-140.8272220000000061
11
299.4241900000000101
21
-140.8109289999999874
0
LINE
8
BLACK
6
CONTINUOUS
10
299.4241900000000101
20
-140.8109289999999874
11
299.4067129999999679
21
-140.7944829999999854
0
LINE
8
BLACK
6
CONTINUOUS
10
299.4067129999999679
20
-140.7944829999999854
11
299.3893799999999601
21
-140.7778849999999977
0
LINE
8
BLACK
6
CONTINUOUS
10
299.3893799999999601
20
-140.7778849999999977
11
299.3721919999999841
21
-140.7611369999999908
0
LINE
8
BLACK
6
CONTINUOUS
10
299.3721919999999841
20
-140.7611369999999908
11
299.3551519999999755
21
-140.7442389999999932
0
LINE
8
BLACK
6
CONTINUOUS
10
299.3551519999999755
20
-140.7442389999999932
11
299.3382589999999936
21
-140.7271929999999998
0
LINE
8
BLACK
6
CONTINUOUS
10
299.3382589999999936
20
-140.7271929999999998
11
299.3215159999999742
21
-140.7100010000000054
0
LINE
8
BLACK
6
CONTINUOUS
10
299.3215159999999742
20
-140.7100010000000054
11
299.3049239999999713
21
-140.6926629999999818
0
LINE
8
BLACK
6
CONTINUOUS
10
299.3049239999999713
20
-140.6926629999999818
11
299.2884839999999826
21
-140.6751799999999832
0
LINE
8
BLACK
6
CONTINUOUS
10
299.2884839999999826
20
-140.6751799999999832
11
299.2721960000000081
21
-140.6575559999999996
0
LINE
8
BLACK
6
CONTINUOUS
10
299.2721960000000081
20
-140.6575559999999996
11
299.2560639999999808
21
-140.6397890000000075
0
LINE
8
BLACK
6
CONTINUOUS
10
299.2560639999999808
20
-140.6397890000000075
11
299.2400859999999625
21
-140.6218829999999969
0
LINE
8
BLACK
6
CONTINUOUS
10
299.2400859999999625
20
-140.6218829999999969
11
299.2242660000000001
21
-140.6038369999999986
0
LINE
8
BLACK
6
CONTINUOUS
10
299.2242660000000001
20
-140.6038369999999986
11
299.2086039999999798
21
-140.5856550000000027
0
LINE
8
BLACK
6
CONTINUOUS
10
299.2086039999999798
20
-140.5856550000000027
11
299.1931010000000128
21
-140.5673359999999832
0
LINE
8
BLACK
6
CONTINUOUS
10
299.1931010000000128
20
-140.5673359999999832
11
299.177757999999983
21
-140.5488829999999894
0
LINE
8
BLACK
6
CONTINUOUS
10
299.177757999999983
20
-140.5488829999999894
11
299.1625779999999963
21
-140.5302959999999928
0
LINE
8
BLACK
6
CONTINUOUS
10
299.1625779999999963
20
-140.5302959999999928
11
299.1475590000000011
21
-140.5115779999999859
0
LINE
8
BLACK
6
CONTINUOUS
10
299.1475590000000011
20
-140.5115779999999859
11
299.1327049999999872
21
-140.4927299999999946
0
LINE
8
BLACK
6
CONTINUOUS
10
299.1327049999999872
20
-140.4927299999999946
11
299.1180160000000114
21
-140.4737519999999904
0
LINE
8
BLACK
6
CONTINUOUS
10
299.1180160000000114
20
-140.4737519999999904
11
299.1034930000000145
21
-140.4546469999999943
0
LINE
8
BLACK
6
CONTINUOUS
10
299.1034930000000145
20
-140.4546469999999943
11
299.0891369999999938
21
-140.4354160000000036
0
LINE
8
BLACK
6
CONTINUOUS
10
299.0891369999999938
20
-140.4354160000000036
11
299.0749500000000012
21
-140.4160609999999849
0
LINE
8
BLACK
6
CONTINUOUS
10
299.0749500000000012
20
-140.4160609999999849
11
299.0609319999999798
21
-140.3965819999999951
0
LINE
8
BLACK
6
CONTINUOUS
10
299.0609319999999798
20
-140.3965819999999951
11
299.0470849999999814
21
-140.3769819999999982
0
LINE
8
BLACK
6
CONTINUOUS
10
299.0470849999999814
20
-140.3769819999999982
11
299.033409000000006
21
-140.3572619999999915
0
LINE
8
BLACK
6
CONTINUOUS
10
299.033409000000006
20
-140.3572619999999915
11
299.0199059999999918
21
-140.3374230000000011
0
LINE
8
BLACK
6
CONTINUOUS
10
299.0199059999999918
20
-140.3374230000000011
11
299.0065759999999955
21
-140.317467999999991
0
LINE
8
BLACK
6
CONTINUOUS
10
299.0065759999999955
20
-140.317467999999991
11
298.9934210000000121
21
-140.297395999999992
0
LINE
8
BLACK
6
CONTINUOUS
10
298.9934210000000121
20
-140.297395999999992
11
298.9804419999999823
21
-140.2772109999999941
0
LINE
8
BLACK
6
CONTINUOUS
10
298.9804419999999823
20
-140.2772109999999941
11
298.9697189999999978
21
-140.2602369999999894
0
LINE
8
BLACK
6
CONTINUOUS
10
298.7826769999999783
20
-139.9070609999999988
11
298.7731119999999692
21
-139.8850510000000043
0
LINE
8
BLACK
6
CONTINUOUS
10
298.7731119999999692
20
-139.8850510000000043
11
298.7637389999999868
21
-139.8629589999999894
0
LINE
8
BLACK
6
CONTINUOUS
10
298.7637389999999868
20
-139.8629589999999894
11
298.7545599999999695
21
-139.8407849999999826
0
LINE
8
BLACK
6
CONTINUOUS
10
298.7545599999999695
20
-139.8407849999999826
11
298.7455739999999764
21
-139.8185330000000022
0
LINE
8
BLACK
6
CONTINUOUS
10
298.7455739999999764
20
-139.8185330000000022
11
298.7367830000000026
21
-139.7962029999999913
0
LINE
8
BLACK
6
CONTINUOUS
10
298.7367830000000026
20
-139.7962029999999913
11
298.7281869999999913
21
-139.7737970000000018
0
LINE
8
BLACK
6
CONTINUOUS
10
298.7281869999999913
20
-139.7737970000000018
11
298.7197879999999941
21
-139.7513170000000002
0
LINE
8
BLACK
6
CONTINUOUS
10
298.7197879999999941
20
-139.7513170000000002
11
298.7115839999999594
21
-139.728763999999984
0
LINE
8
BLACK
6
CONTINUOUS
10
298.7115839999999594
20
-139.728763999999984
11
298.7035779999999932
21
-139.7061410000000024
0
LINE
8
BLACK
6
CONTINUOUS
10
298.7035779999999932
20
-139.7061410000000024
11
298.6957689999999843
21
-139.683448999999996
0
LINE
8
BLACK
6
CONTINUOUS
10
298.6957689999999843
20
-139.683448999999996
11
298.6881589999999846
21
-139.6606889999999908
0
LINE
8
BLACK
6
CONTINUOUS
10
298.6881589999999846
20
-139.6606889999999908
11
298.6807469999999967
21
-139.6378640000000075
0
LINE
8
BLACK
6
CONTINUOUS
10
298.6807469999999967
20
-139.6378640000000075
11
298.6735360000000128
21
-139.6149749999999869
0
LINE
8
BLACK
6
CONTINUOUS
10
298.6735360000000128
20
-139.6149749999999869
11
298.6665239999999812
21
-139.5920239999999808
0
LINE
8
BLACK
6
CONTINUOUS
10
298.6665239999999812
20
-139.5920239999999808
11
298.6597120000000132
21
-139.569012999999984
0
LINE
8
BLACK
6
CONTINUOUS
10
298.6597120000000132
20
-139.569012999999984
11
298.6531019999999899
21
-139.5459429999999941
0
LINE
8
BLACK
6
CONTINUOUS
10
298.6531019999999899
20
-139.5459429999999941
11
298.6466929999999707
21
-139.5228160000000059
0
LINE
8
BLACK
6
CONTINUOUS
10
298.6466929999999707
20
-139.5228160000000059
11
298.6404870000000074
21
-139.4996349999999836
0
LINE
8
BLACK
6
CONTINUOUS
10
298.6404870000000074
20
-139.4996349999999836
11
298.6344829999999888
21
-139.4763999999999839
0
LINE
8
BLACK
6
CONTINUOUS
10
298.6344829999999888
20
-139.4763999999999839
11
298.6286809999999718
21
-139.4531130000000019
0
LINE
8
BLACK
6
CONTINUOUS
10
298.6286809999999718
20
-139.4531130000000019
11
298.6230840000000057
21
-139.4297770000000014
0
LINE
8
BLACK
6
CONTINUOUS
10
298.6230840000000057
20
-139.4297770000000014
11
298.6176899999999819
21
-139.40639299999998
0
LINE
8
BLACK
6
CONTINUOUS
10
298.6176899999999819
20
-139.40639299999998
11
298.6125000000000114
21
-139.382961999999992
0
LINE
8
BLACK
6
CONTINUOUS
10
298.6125000000000114
20
-139.382961999999992
11
298.607514999999978
21
-139.3594879999999989
0
LINE
8
BLACK
6
CONTINUOUS
10
298.607514999999978
20
-139.3594879999999989
11
298.6027349999999956
21
-139.3359700000000032
0
LINE
8
BLACK
6
CONTINUOUS
10
298.6027349999999956
20
-139.3359700000000032
11
298.5981610000000046
21
-139.3124119999999948
0
LINE
8
BLACK
6
CONTINUOUS
10
298.5981610000000046
20
-139.3124119999999948
11
298.5937920000000076
21
-139.2888149999999996
0
LINE
8
BLACK
6
CONTINUOUS
10
298.5937920000000076
20
-139.2888149999999996
11
298.5896299999999997
21
-139.2651809999999841
0
LINE
8
BLACK
6
CONTINUOUS
10
298.5896299999999997
20
-139.2651809999999841
11
298.5856739999999832
21
-139.2415110000000027
0
LINE
8
BLACK
6
CONTINUOUS
10
298.5856739999999832
20
-139.2415110000000027
11
298.5819239999999581
21
-139.2178069999999934
0
LINE
8
BLACK
6
CONTINUOUS
10
298.5819239999999581
20
-139.2178069999999934
11
298.5783809999999789
21
-139.1940720000000056
0
LINE
8
BLACK
6
CONTINUOUS
10
298.5783809999999789
20
-139.1940720000000056
11
298.5750459999999862
21
-139.1703069999999798
0
LINE
8
BLACK
6
CONTINUOUS
10
298.5750459999999862
20
-139.1703069999999798
11
298.5719179999999824
21
-139.1465129999999988
0
LINE
8
BLACK
6
CONTINUOUS
10
298.5719179999999824
20
-139.1465129999999988
11
298.5689989999999625
21
-139.1226929999999982
0
LINE
8
BLACK
6
CONTINUOUS
10
298.5689989999999625
20
-139.1226929999999982
11
298.5662869999999884
21
-139.0988490000000013
0
LINE
8
BLACK
6
CONTINUOUS
10
298.5662869999999884
20
-139.0988490000000013
11
298.5637830000000008
21
-139.0749820000000057
0
LINE
8
BLACK
6
CONTINUOUS
10
298.5637830000000008
20
-139.0749820000000057
11
298.5614869999999996
21
-139.0510929999999803
0
LINE
8
BLACK
6
CONTINUOUS
10
298.5614869999999996
20
-139.0510929999999803
11
298.5593999999999824
21
-139.0271860000000004
0
LINE
8
BLACK
6
CONTINUOUS
10
298.5593999999999824
20
-139.0271860000000004
11
298.5575220000000058
21
-139.0032609999999806
0
LINE
8
BLACK
6
CONTINUOUS
10
298.5575220000000058
20
-139.0032609999999806
11
298.5558530000000133
21
-138.9793209999999988
0
LINE
8
BLACK
6
CONTINUOUS
10
298.5558530000000133
20
-138.9793209999999988
11
298.5543920000000071
21
-138.9553679999999929
0
LINE
8
BLACK
6
CONTINUOUS
10
298.5543920000000071
20
-138.9553679999999929
11
298.5531409999999823
21
-138.9314019999999914
0
LINE
8
BLACK
6
CONTINUOUS
10
298.5531409999999823
20
-138.9314019999999914
11
298.5520989999999983
21
-138.9074269999999842
0
LINE
8
BLACK
6
CONTINUOUS
10
298.5520989999999983
20
-138.9074269999999842
11
298.5512659999999983
21
-138.8834429999999998
0
LINE
8
BLACK
6
CONTINUOUS
10
298.5512659999999983
20
-138.8834429999999998
11
298.5506429999999796
21
-138.859453000000002
0
LINE
8
BLACK
6
CONTINUOUS
10
298.5506429999999796
20
-138.859453000000002
11
298.5502819999999815
21
-138.8393779999999822
0
LINE
8
BLACK
6
CONTINUOUS
10
298.5736109999999712
20
-138.4404119999999807
11
298.5768529999999714
21
-138.4166339999999877
0
LINE
8
BLACK
6
CONTINUOUS
10
298.5768529999999714
20
-138.4166339999999877
11
298.5803019999999606
21
-138.3928850000000068
0
LINE
8
BLACK
6
CONTINUOUS
10
298.5803019999999606
20
-138.3928850000000068
11
298.5839579999999955
21
-138.3691670000000045
0
LINE
8
BLACK
6
CONTINUOUS
10
298.5839579999999955
20
-138.3691670000000045
11
298.5878209999999626
21
-138.3454820000000041
0
LINE
8
BLACK
6
CONTINUOUS
10
298.5878209999999626
20
-138.3454820000000041
11
298.5918909999999755
21
-138.3218310000000031
0
LINE
8
BLACK
6
CONTINUOUS
10
298.5918909999999755
20
-138.3218310000000031
11
298.5961669999999799
21
-138.298216999999994
0
LINE
8
BLACK
6
CONTINUOUS
10
298.5961669999999799
20
-138.298216999999994
11
298.6006489999999758
21
-138.2746410000000026
0
LINE
8
BLACK
6
CONTINUOUS
10
298.6006489999999758
20
-138.2746410000000026
11
298.6053359999999657
21
-138.2511049999999955
0
LINE
8
BLACK
6
CONTINUOUS
10
298.6053359999999657
20
-138.2511049999999955
11
298.6102280000000064
21
-138.227610999999996
0
LINE
8
BLACK
6
CONTINUOUS
10
298.6102280000000064
20
-138.227610999999996
11
298.6153259999999818
21
-138.2041600000000017
0
LINE
8
BLACK
6
CONTINUOUS
10
298.6153259999999818
20
-138.2041600000000017
11
298.6206280000000106
21
-138.1807550000000049
0
LINE
8
BLACK
6
CONTINUOUS
10
298.6206280000000106
20
-138.1807550000000049
11
298.6261339999999791
21
-138.1573970000000031
0
LINE
8
BLACK
6
CONTINUOUS
10
298.6261339999999791
20
-138.1573970000000031
11
298.6318430000000035
21
-138.1340879999999913
0
LINE
8
BLACK
6
CONTINUOUS
10
298.6318430000000035
20
-138.1340879999999913
11
298.6377559999999676
21
-138.1108299999999929
0
LINE
8
BLACK
6
CONTINUOUS
10
298.6377559999999676
20
-138.1108299999999929
11
298.6438709999999901
21
-138.0876240000000053
0
LINE
8
BLACK
6
CONTINUOUS
10
298.6438709999999901
20
-138.0876240000000053
11
298.6501890000000117
21
-138.064471999999995
0
LINE
8
BLACK
6
CONTINUOUS
10
298.6501890000000117
20
-138.064471999999995
11
298.6567079999999805
21
-138.0413759999999854
0
LINE
8
BLACK
6
CONTINUOUS
10
298.6567079999999805
20
-138.0413759999999854
11
298.6634290000000078
21
-138.018338
0
LINE
8
BLACK
6
CONTINUOUS
10
298.6634290000000078
20
-138.018338
11
298.6703509999999824
21
-137.9953600000000051
0
LINE
8
BLACK
6
CONTINUOUS
10
298.6703509999999824
20
-137.9953600000000051
11
298.6774729999999636
21
-137.9724429999999984
0
LINE
8
BLACK
6
CONTINUOUS
10
298.6774729999999636
20
-137.9724429999999984
11
298.6847940000000108
21
-137.9495890000000031
0
LINE
8
BLACK
6
CONTINUOUS
10
298.6847940000000108
20
-137.9495890000000031
11
298.6923150000000078
21
-137.9267999999999859
0
LINE
8
BLACK
6
CONTINUOUS
10
298.6923150000000078
20
-137.9267999999999859
11
298.7000339999999596
21
-137.9040770000000009
0
LINE
8
BLACK
6
CONTINUOUS
10
298.7000339999999596
20
-137.9040770000000009
11
298.7079519999999775
21
-137.8814219999999864
0
LINE
8
BLACK
6
CONTINUOUS
10
298.7079519999999775
20
-137.8814219999999864
11
298.7160660000000121
21
-137.8588379999999916
0
LINE
8
BLACK
6
CONTINUOUS
10
298.7160660000000121
20
-137.8588379999999916
11
298.7243780000000015
21
-137.836324999999988
0
LINE
8
BLACK
6
CONTINUOUS
10
298.7243780000000015
20
-137.836324999999988
11
298.7328850000000102
21
-137.8138849999999991
0
LINE
8
BLACK
6
CONTINUOUS
10
298.7328850000000102
20
-137.8138849999999991
11
298.7415889999999763
21
-137.7915209999999888
0
LINE
8
BLACK
6
CONTINUOUS
10
298.7415889999999763
20
-137.7915209999999888
11
298.7504859999999667
21
-137.7692329999999856
0
LINE
8
BLACK
6
CONTINUOUS
10
298.7504859999999667
20
-137.7692329999999856
11
298.7595789999999738
21
-137.7470239999999819
0
LINE
8
BLACK
6
CONTINUOUS
10
298.7595789999999738
20
-137.7470239999999819
11
298.7688640000000078
21
-137.7248950000000036
0
LINE
8
BLACK
6
CONTINUOUS
10
298.7688640000000078
20
-137.7248950000000036
11
298.7783420000000092
21
-137.7028479999999888
0
LINE
8
BLACK
6
CONTINUOUS
10
298.7783420000000092
20
-137.7028479999999888
11
298.7880129999999781
21
-137.6808839999999918
0
LINE
8
BLACK
6
CONTINUOUS
10
298.7880129999999781
20
-137.6808839999999918
11
298.7978739999999789
21
-137.6590060000000051
0
LINE
8
BLACK
6
CONTINUOUS
10
298.7978739999999789
20
-137.6590060000000051
11
298.8079270000000065
21
-137.6372140000000002
0
LINE
8
BLACK
6
CONTINUOUS
10
298.8079270000000065
20
-137.6372140000000002
11
298.8181690000000117
21
-137.6155109999999979
0
LINE
8
BLACK
6
CONTINUOUS
10
298.8181690000000117
20
-137.6155109999999979
11
298.8285999999999945
21
-137.5938989999999933
0
LINE
8
BLACK
6
CONTINUOUS
10
298.8285999999999945
20
-137.5938989999999933
11
298.8392190000000141
21
-137.5723779999999863
0
LINE
8
BLACK
6
CONTINUOUS
10
298.8392190000000141
20
-137.5723779999999863
11
298.8500249999999596
21
-137.5509509999999977
0
LINE
8
BLACK
6
CONTINUOUS
10
298.8500249999999596
20
-137.5509509999999977
11
298.8610189999999989
21
-137.5296179999999993
0
LINE
8
BLACK
6
CONTINUOUS
10
298.8610189999999989
20
-137.5296179999999993
11
298.8721969999999715
21
-137.5083829999999807
0
LINE
8
BLACK
6
CONTINUOUS
10
298.8721969999999715
20
-137.5083829999999807
11
298.8835609999999861
21
-137.487245999999999
0
LINE
8
BLACK
6
CONTINUOUS
10
298.8835609999999861
20
-137.487245999999999
11
298.8951089999999908
21
-137.4662089999999921
0
LINE
8
BLACK
6
CONTINUOUS
10
298.8951089999999908
20
-137.4662089999999921
11
298.9068399999999883
21
-137.445272999999986
0
LINE
8
BLACK
6
CONTINUOUS
10
298.9068399999999883
20
-137.445272999999986
11
298.9187529999999811
21
-137.4244410000000016
0
LINE
8
BLACK
6
CONTINUOUS
10
298.9187529999999811
20
-137.4244410000000016
11
298.9288589999999886
21
-137.4070920000000058
0
LINE
8
BLACK
6
CONTINUOUS
10
299.1557899999999677
20
-137.078123000000005
11
299.1708969999999681
21
-137.0594769999999869
0
LINE
8
BLACK
6
CONTINUOUS
10
299.1708969999999681
20
-137.0594769999999869
11
299.1861670000000117
21
-137.040963000000005
0
LINE
8
BLACK
6
CONTINUOUS
10
299.1861670000000117
20
-137.040963000000005
11
299.20159799999999
21
-137.0225839999999948
0
LINE
8
BLACK
6
CONTINUOUS
10
299.20159799999999
20
-137.0225839999999948
11
299.2171879999999646
21
-137.0043399999999849
0
LINE
8
BLACK
6
CONTINUOUS
10
299.2171879999999646
20
-137.0043399999999849
11
299.2329379999999901
21
-136.9862320000000011
0
LINE
8
BLACK
6
CONTINUOUS
10
299.2329379999999901
20
-136.9862320000000011
11
299.2488439999999628
21
-136.9682630000000074
0
LINE
8
BLACK
6
CONTINUOUS
10
299.2488439999999628
20
-136.9682630000000074
11
299.2649069999999938
21
-136.9504330000000039
0
LINE
8
BLACK
6
CONTINUOUS
10
299.2649069999999938
20
-136.9504330000000039
11
299.2811249999999745
21
-136.9327449999999828
0
LINE
8
BLACK
6
CONTINUOUS
10
299.2811249999999745
20
-136.9327449999999828
11
299.2974959999999669
21
-136.9151980000000037
0
LINE
8
BLACK
6
CONTINUOUS
10
299.2974959999999669
20
-136.9151980000000037
11
299.3140199999999709
21
-136.8977950000000021
0
LINE
8
BLACK
6
CONTINUOUS
10
299.3140199999999709
20
-136.8977950000000021
11
299.330695999999989
21
-136.8805360000000064
0
LINE
8
BLACK
6
CONTINUOUS
10
299.330695999999989
20
-136.8805360000000064
11
299.347520999999972
21
-136.8634239999999807
0
LINE
8
BLACK
6
CONTINUOUS
10
299.347520999999972
20
-136.8634239999999807
11
299.3644949999999767
21
-136.8464600000000075
0
LINE
8
BLACK
6
CONTINUOUS
10
299.3644949999999767
20
-136.8464600000000075
11
299.3816160000000082
21
-136.8296440000000018
0
LINE
8
BLACK
6
CONTINUOUS
10
299.3816160000000082
20
-136.8296440000000018
11
299.3988840000000096
21
-136.8129779999999869
0
LINE
8
BLACK
6
CONTINUOUS
10
299.3988840000000096
20
-136.8129779999999869
11
299.4162959999999885
21
-136.7964629999999886
0
LINE
8
BLACK
6
CONTINUOUS
10
299.4162959999999885
20
-136.7964629999999886
11
299.4338510000000042
21
-136.7801019999999994
0
LINE
8
BLACK
6
CONTINUOUS
10
299.4338510000000042
20
-136.7801019999999994
11
299.451549
21
-136.7638929999999959
0
LINE
8
BLACK
6
CONTINUOUS
10
299.451549
20
-136.7638929999999959
11
299.4693879999999808
21
-136.7478399999999965
0
LINE
8
BLACK
6
CONTINUOUS
10
299.4693879999999808
20
-136.7478399999999965
11
299.4873660000000086
21
-136.7319439999999986
0
LINE
8
BLACK
6
CONTINUOUS
10
299.4873660000000086
20
-136.7319439999999986
11
299.5054819999999722
21
-136.7162040000000047
0
LINE
8
BLACK
6
CONTINUOUS
10
299.5054819999999722
20
-136.7162040000000047
11
299.5237339999999904
21
-136.7006240000000048
0
LINE
8
BLACK
6
CONTINUOUS
10
299.5237339999999904
20
-136.7006240000000048
11
299.5421220000000062
21
-136.6852030000000013
0
LINE
8
BLACK
6
CONTINUOUS
10
299.5421220000000062
20
-136.6852030000000013
11
299.5606439999999679
21
-136.6699429999999893
0
LINE
8
BLACK
6
CONTINUOUS
10
299.5606439999999679
20
-136.6699429999999893
11
299.5792979999999943
21
-136.654845999999992
0
LINE
8
BLACK
6
CONTINUOUS
10
299.5792979999999943
20
-136.654845999999992
11
299.5980839999999716
21
-136.6399119999999812
0
LINE
8
BLACK
6
CONTINUOUS
10
299.5980839999999716
20
-136.6399119999999812
11
299.6169989999999643
21
-136.6251419999999825
0
LINE
8
BLACK
6
CONTINUOUS
10
299.6169989999999643
20
-136.6251419999999825
11
299.6360419999999749
21
-136.6105379999999911
0
LINE
8
BLACK
6
CONTINUOUS
10
299.6360419999999749
20
-136.6105379999999911
11
299.6552110000000084
21
-136.5961010000000044
0
LINE
8
BLACK
6
CONTINUOUS
10
299.6552110000000084
20
-136.5961010000000044
11
299.674506000000008
21
-136.5818319999999915
0
LINE
8
BLACK
6
CONTINUOUS
10
299.674506000000008
20
-136.5818319999999915
11
299.6939249999999788
21
-136.5677309999999807
0
LINE
8
BLACK
6
CONTINUOUS
10
299.6939249999999788
20
-136.5677309999999807
11
299.7134659999999826
21
-136.5538009999999929
0
LINE
8
BLACK
6
CONTINUOUS
10
299.7134659999999826
20
-136.5538009999999929
11
299.7331279999999651
21
-136.5400410000000022
0
LINE
8
BLACK
6
CONTINUOUS
10
299.7331279999999651
20
-136.5400410000000022
11
299.7529099999999858
21
-136.5264540000000011
0
LINE
8
BLACK
6
CONTINUOUS
10
299.7529099999999858
20
-136.5264540000000011
11
299.7728089999999952
21
-136.5130399999999895
0
LINE
8
BLACK
6
CONTINUOUS
10
299.7728089999999952
20
-136.5130399999999895
11
299.792823999999996
21
-136.4997999999999934
0
LINE
8
BLACK
6
CONTINUOUS
10
299.792823999999996
20
-136.4997999999999934
11
299.8129539999999906
21
-136.4867349999999817
0
LINE
8
BLACK
6
CONTINUOUS
10
299.8129539999999906
20
-136.4867349999999817
11
299.8331979999999817
21
-136.4738459999999804
0
LINE
8
BLACK
6
CONTINUOUS
10
299.8331979999999817
20
-136.4738459999999804
11
299.8535529999999767
21
-136.4611349999999845
0
LINE
8
BLACK
6
CONTINUOUS
10
299.8535529999999767
20
-136.4611349999999845
11
299.8740179999999782
21
-136.4486009999999965
0
LINE
8
BLACK
6
CONTINUOUS
10
299.8740179999999782
20
-136.4486009999999965
11
299.8945919999999887
21
-136.4362469999999803
0
LINE
8
BLACK
6
CONTINUOUS
10
299.8945919999999887
20
-136.4362469999999803
11
299.9152730000000133
21
-136.4240729999999928
0
LINE
8
BLACK
6
CONTINUOUS
10
299.9152730000000133
20
-136.4240729999999928
11
299.9360590000000002
21
-136.4120790000000056
0
LINE
8
BLACK
6
CONTINUOUS
10
299.9360590000000002
20
-136.4120790000000056
11
299.9569490000000087
21
-136.4002679999999827
0
LINE
8
BLACK
6
CONTINUOUS
10
299.9569490000000087
20
-136.4002679999999827
11
299.9779419999999845
21
-136.3886389999999835
0
LINE
8
BLACK
6
CONTINUOUS
10
299.9779419999999845
20
-136.3886389999999835
11
299.9955820000000131
21
-136.379051000000004
0
LINE
8
BLACK
6
CONTINUOUS
10
300.3602539999999976
20
-136.2155510000000049
11
300.3828429999999798
21
-136.2074479999999994
0
LINE
8
BLACK
6
CONTINUOUS
10
300.3828429999999798
20
-136.2074479999999994
11
300.4055020000000127
21
-136.1995440000000031
0
LINE
8
BLACK
6
CONTINUOUS
10
300.4055020000000127
20
-136.1995440000000031
11
300.4282289999999875
21
-136.1918369999999925
0
LINE
8
BLACK
6
CONTINUOUS
10
300.4282289999999875
20
-136.1918369999999925
11
300.4510229999999638
21
-136.1843289999999911
0
LINE
8
BLACK
6
CONTINUOUS
10
300.4510229999999638
20
-136.1843289999999911
11
300.4738810000000058
21
-136.1770190000000014
0
LINE
8
BLACK
6
CONTINUOUS
10
300.4738810000000058
20
-136.1770190000000014
11
300.4968020000000024
21
-136.1699099999999873
0
LINE
8
BLACK
6
CONTINUOUS
10
300.4968020000000024
20
-136.1699099999999873
11
300.5197839999999587
21
-136.16300099999998
0
LINE
8
BLACK
6
CONTINUOUS
10
300.5197839999999587
20
-136.16300099999998
11
300.5428249999999935
21
-136.1562930000000051
0
LINE
8
BLACK
6
CONTINUOUS
10
300.5428249999999935
20
-136.1562930000000051
11
300.5659249999999929
21
-136.149786000000006
0
LINE
8
BLACK
6
CONTINUOUS
10
300.5659249999999929
20
-136.149786000000006
11
300.5890799999999672
21
-136.14348099999998
0
LINE
8
BLACK
6
CONTINUOUS
10
300.5890799999999672
20
-136.14348099999998
11
300.6122889999999757
21
-136.137377999999984
0
LINE
8
BLACK
6
CONTINUOUS
10
300.6122889999999757
20
-136.137377999999984
11
300.635550999999964
21
-136.1314779999999871
0
LINE
8
BLACK
6
CONTINUOUS
10
300.635550999999964
20
-136.1314779999999871
11
300.6588629999999966
21
-136.1257819999999867
0
LINE
8
BLACK
6
CONTINUOUS
10
300.6588629999999966
20
-136.1257819999999867
11
300.6822239999999624
21
-136.1202889999999854
0
LINE
8
BLACK
6
CONTINUOUS
10
300.6822239999999624
20
-136.1202889999999854
11
300.7056319999999801
21
-136.1149999999999807
0
LINE
8
BLACK
6
CONTINUOUS
10
300.7056319999999801
20
-136.1149999999999807
11
300.7290849999999978
21
-136.1099150000000009
0
LINE
8
BLACK
6
CONTINUOUS
10
300.7290849999999978
20
-136.1099150000000009
11
300.7525819999999612
21
-136.1050349999999867
0
LINE
8
BLACK
6
CONTINUOUS
10
300.7525819999999612
20
-136.1050349999999867
11
300.7761209999999892
21
-136.1003609999999924
0
LINE
8
BLACK
6
CONTINUOUS
10
300.7761209999999892
20
-136.1003609999999924
11
300.7996989999999755
21
-136.0958919999999921
0
LINE
8
BLACK
6
CONTINUOUS
10
300.7996989999999755
20
-136.0958919999999921
11
300.8233159999999771
21
-136.0916289999999833
0
LINE
8
BLACK
6
CONTINUOUS
10
300.8233159999999771
20
-136.0916289999999833
11
300.8469690000000014
21
-136.0875729999999919
0
LINE
8
BLACK
6
CONTINUOUS
10
300.8469690000000014
20
-136.0875729999999919
11
300.8706559999999968
21
-136.0837219999999945
0
LINE
8
BLACK
6
CONTINUOUS
10
300.8706559999999968
20
-136.0837219999999945
11
300.8943759999999656
21
-136.0800789999999836
0
LINE
8
BLACK
6
CONTINUOUS
10
300.8943759999999656
20
-136.0800789999999836
11
300.9181269999999699
21
-136.07664299999999
0
LINE
8
BLACK
6
CONTINUOUS
10
300.9181269999999699
20
-136.07664299999999
11
300.9419070000000147
21
-136.0734139999999854
0
LINE
8
BLACK
6
CONTINUOUS
10
300.9419070000000147
20
-136.0734139999999854
11
300.9657139999999913
21
-136.0703929999999957
0
LINE
8
BLACK
6
CONTINUOUS
10
300.9657139999999913
20
-136.0703929999999957
11
300.9895469999999591
21
-136.0675799999999924
0
LINE
8
BLACK
6
CONTINUOUS
10
300.9895469999999591
20
-136.0675799999999924
11
301.0134029999999825
21
-136.064975000000004
0
LINE
8
BLACK
6
CONTINUOUS
10
301.0134029999999825
20
-136.064975000000004
11
301.0372820000000047
21
-136.062578000000002
0
LINE
8
BLACK
6
CONTINUOUS
10
301.0372820000000047
20
-136.062578000000002
11
301.0611799999999789
21
-136.060389999999984
0
LINE
8
BLACK
6
CONTINUOUS
10
301.0611799999999789
20
-136.060389999999984
11
301.0850959999999645
21
-136.0584099999999808
0
LINE
8
BLACK
6
CONTINUOUS
10
301.0850959999999645
20
-136.0584099999999808
11
301.1090289999999641
21
-136.0566389999999899
0
LINE
8
BLACK
6
CONTINUOUS
10
301.1090289999999641
20
-136.0566389999999899
11
301.1329759999999851
21
-136.0550769999999829
0
LINE
8
BLACK
6
CONTINUOUS
10
301.1329759999999851
20
-136.0550769999999829
11
301.1569359999999733
21
-136.0537239999999883
0
LINE
8
BLACK
6
CONTINUOUS
10
301.1569359999999733
20
-136.0537239999999883
11
301.1809069999999906
21
-136.0525800000000061
0
LINE
8
BLACK
6
CONTINUOUS
10
301.1809069999999906
20
-136.0525800000000061
11
301.2048869999999852
21
-136.0516450000000077
0
LINE
8
BLACK
6
CONTINUOUS
10
301.2048869999999852
20
-136.0516450000000077
11
301.2288739999999621
21
-136.0509199999999908
0
LINE
8
BLACK
6
CONTINUOUS
10
301.2288739999999621
20
-136.0509199999999908
11
301.2528669999999806
21
-136.0504039999999861
0
LINE
8
BLACK
6
CONTINUOUS
10
301.2528669999999806
20
-136.0504039999999861
11
301.2768629999999916
21
-136.0500969999999938
0
LINE
8
BLACK
6
CONTINUOUS
10
301.2768629999999916
20
-136.0500969999999938
11
301.3008609999999976
21
-136.0499999999999829
0
LINE
8
BLACK
6
CONTINUOUS
10
301.3008609999999976
20
-136.0499999999999829
11
301.3248590000000036
21
-136.0501119999999844
0
LINE
8
BLACK
6
CONTINUOUS
10
301.3248590000000036
20
-136.0501119999999844
11
301.3488550000000146
21
-136.0504339999999956
0
LINE
8
BLACK
6
CONTINUOUS
10
301.3488550000000146
20
-136.0504339999999956
11
301.3728479999999763
21
-136.0509649999999908
0
LINE
8
BLACK
6
CONTINUOUS
10
301.3728479999999763
20
-136.0509649999999908
11
301.3968340000000126
21
-136.0517049999999983
0
LINE
8
BLACK
6
CONTINUOUS
10
301.3968340000000126
20
-136.0517049999999983
11
301.4208140000000071
21
-136.0526549999999872
0
LINE
8
BLACK
6
CONTINUOUS
10
301.4208140000000071
20
-136.0526549999999872
11
301.4408689999999638
21
-136.0536099999999919
0
LINE
8
BLACK
6
CONTINUOUS
10
301.8374489999999923
20
-136.1030299999999897
11
301.8609639999999672
21
-136.1078219999999988
0
LINE
8
BLACK
6
CONTINUOUS
10
301.8609639999999672
20
-136.1078219999999988
11
301.8844359999999938
21
-136.1128199999999993
0
LINE
8
BLACK
6
CONTINUOUS
10
301.8844359999999938
20
-136.1128199999999993
11
301.9078629999999634
21
-136.1180229999999938
0
LINE
8
BLACK
6
CONTINUOUS
10
301.9078629999999634
20
-136.1180229999999938
11
301.9312439999999924
21
-136.1234289999999874
0
LINE
8
BLACK
6
CONTINUOUS
10
301.9312439999999924
20
-136.1234289999999874
11
301.954576999999972
21
-136.1290400000000034
0
LINE
8
BLACK
6
CONTINUOUS
10
301.954576999999972
20
-136.1290400000000034
11
301.9778609999999617
21
-136.13485399999999
0
LINE
8
BLACK
6
CONTINUOUS
10
301.9778609999999617
20
-136.13485399999999
11
302.0010919999999714
21
-136.1408710000000042
0
LINE
8
BLACK
6
CONTINUOUS
10
302.0010919999999714
20
-136.1408710000000042
11
302.0242709999999988
21
-136.1470899999999915
0
LINE
8
BLACK
6
CONTINUOUS
10
302.0242709999999988
20
-136.1470899999999915
11
302.047393999999997
21
-136.1535109999999804
0
LINE
8
BLACK
6
CONTINUOUS
10
302.047393999999997
20
-136.1535109999999804
11
302.0704599999999687
21
-136.1601339999999993
0
LINE
8
BLACK
6
CONTINUOUS
10
302.0704599999999687
20
-136.1601339999999993
11
302.093467999999973
21
-136.1669579999999939
0
LINE
8
BLACK
6
CONTINUOUS
10
302.093467999999973
20
-136.1669579999999939
11
302.1164149999999609
21
-136.1739829999999927
0
LINE
8
BLACK
6
CONTINUOUS
10
302.1164149999999609
20
-136.1739829999999927
11
302.1392999999999915
21
-136.1812070000000006
0
LINE
8
BLACK
6
CONTINUOUS
10
302.1392999999999915
20
-136.1812070000000006
11
302.1621210000000133
21
-136.1886309999999867
0
LINE
8
BLACK
6
CONTINUOUS
10
302.1621210000000133
20
-136.1886309999999867
11
302.1848759999999743
21
-136.1962539999999819
0
LINE
8
BLACK
6
CONTINUOUS
10
302.1848759999999743
20
-136.1962539999999819
11
302.2075639999999908
21
-136.2040749999999889
0
LINE
8
BLACK
6
CONTINUOUS
10
302.2075639999999908
20
-136.2040749999999889
11
302.2301830000000109
21
-136.2120940000000076
0
LINE
8
BLACK
6
CONTINUOUS
10
302.2301830000000109
20
-136.2120940000000076
11
302.2527309999999829
21
-136.2203089999999861
0
LINE
8
BLACK
6
CONTINUOUS
10
302.2527309999999829
20
-136.2203089999999861
11
302.2752069999999662
21
-136.2287220000000048
0
LINE
8
BLACK
6
CONTINUOUS
10
302.2752069999999662
20
-136.2287220000000048
11
302.2976079999999683
21
-136.2373299999999858
0
LINE
8
BLACK
6
CONTINUOUS
10
302.2976079999999683
20
-136.2373299999999858
11
302.3199329999999918
21
-136.2461329999999862
0
LINE
8
BLACK
6
CONTINUOUS
10
302.3199329999999918
20
-136.2461329999999862
11
302.3421809999999823
21
-136.2551310000000058
0
LINE
8
BLACK
6
CONTINUOUS
10
302.3421809999999823
20
-136.2551310000000058
11
302.3643490000000043
21
-136.2643219999999928
0
LINE
8
BLACK
6
CONTINUOUS
10
302.3643490000000043
20
-136.2643219999999928
11
302.3864360000000033
21
-136.2737070000000017
0
LINE
8
BLACK
6
CONTINUOUS
10
302.3864360000000033
20
-136.2737070000000017
11
302.4084399999999846
21
-136.2832839999999806
0
LINE
8
BLACK
6
CONTINUOUS
10
302.4084399999999846
20
-136.2832839999999806
11
302.4303600000000074
21
-136.2930529999999862
0
LINE
8
BLACK
6
CONTINUOUS
10
302.4303600000000074
20
-136.2930529999999862
11
302.4521939999999631
21
-136.3030119999999954
0
LINE
8
BLACK
6
CONTINUOUS
10
302.4521939999999631
20
-136.3030119999999954
11
302.4739399999999705
21
-136.3131620000000055
0
LINE
8
BLACK
6
CONTINUOUS
10
302.4739399999999705
20
-136.3131620000000055
11
302.4955969999999752
21
-136.3235009999999932
0
LINE
8
BLACK
6
CONTINUOUS
10
302.4955969999999752
20
-136.3235009999999932
11
302.5171629999999823
21
-136.3340289999999868
0
LINE
8
BLACK
6
CONTINUOUS
10
302.5171629999999823
20
-136.3340289999999868
11
302.5386359999999968
21
-136.3447439999999915
0
LINE
8
BLACK
6
CONTINUOUS
10
302.5386359999999968
20
-136.3447439999999915
11
302.5600149999999644
21
-136.3556470000000047
0
LINE
8
BLACK
6
CONTINUOUS
10
302.5600149999999644
20
-136.3556470000000047
11
302.5812970000000064
21
-136.3667350000000056
0
LINE
8
BLACK
6
CONTINUOUS
10
302.5812970000000064
20
-136.3667350000000056
11
302.6024830000000065
21
-136.3780089999999916
0
LINE
8
BLACK
6
CONTINUOUS
10
302.6024830000000065
20
-136.3780089999999916
11
302.6235689999999749
21
-136.3894679999999937
0
LINE
8
BLACK
6
CONTINUOUS
10
302.6235689999999749
20
-136.3894679999999937
11
302.644553999999971
21
-136.4011099999999885
0
LINE
8
BLACK
6
CONTINUOUS
10
302.644553999999971
20
-136.4011099999999885
11
302.6654369999999972
21
-136.412934000000007
0
LINE
8
BLACK
6
CONTINUOUS
10
302.6654369999999972
20
-136.412934000000007
11
302.6862150000000042
21
-136.4249409999999898
0
LINE
8
BLACK
6
CONTINUOUS
10
302.6862150000000042
20
-136.4249409999999898
11
302.7068889999999897
21
-136.4371280000000013
0
LINE
8
BLACK
6
CONTINUOUS
10
302.7068889999999897
20
-136.4371280000000013
11
302.7274549999999635
21
-136.4494949999999847
0
LINE
8
BLACK
6
CONTINUOUS
10
302.7274549999999635
20
-136.4494949999999847
11
302.7479119999999853
21
-136.4620409999999993
0
LINE
8
BLACK
6
CONTINUOUS
10
302.7479119999999853
20
-136.4620409999999993
11
302.7682590000000005
21
-136.4747659999999883
0
LINE
8
BLACK
6
CONTINUOUS
10
302.7682590000000005
20
-136.4747659999999883
11
302.7884950000000117
21
-136.4876669999999876
0
LINE
8
BLACK
6
CONTINUOUS
10
302.7884950000000117
20
-136.4876669999999876
11
302.8086169999999697
21
-136.5007449999999949
0
LINE
8
BLACK
6
CONTINUOUS
10
302.8086169999999697
20
-136.5007449999999949
11
302.8286239999999907
21
-136.5139969999999892
0
LINE
8
BLACK
6
CONTINUOUS
10
302.8286239999999907
20
-136.5139969999999892
11
302.8452729999999633
21
-136.5252179999999953
0
LINE
8
BLACK
6
CONTINUOUS
10
303.1586669999999799
20
-136.7732149999999933
11
303.1762830000000122
21
-136.789512000000002
0
LINE
8
BLACK
6
CONTINUOUS
10
303.1762830000000122
20
-136.789512000000002
11
303.1937560000000076
21
-136.8059619999999938
0
LINE
8
BLACK
6
CONTINUOUS
10
303.1937560000000076
20
-136.8059619999999938
11
303.2110849999999687
21
-136.8225639999999999
0
LINE
8
BLACK
6
CONTINUOUS
10
303.2110849999999687
20
-136.8225639999999999
11
303.2282680000000141
21
-136.8393159999999966
0
LINE
8
BLACK
6
CONTINUOUS
10
303.2282680000000141
20
-136.8393159999999966
11
303.2453049999999735
21
-136.8562179999999842
0
LINE
8
BLACK
6
CONTINUOUS
10
303.2453049999999735
20
-136.8562179999999842
11
303.2621929999999679
21
-136.8732679999999959
0
LINE
8
BLACK
6
CONTINUOUS
10
303.2621929999999679
20
-136.8732679999999959
11
303.2789319999999975
21
-136.8904639999999802
0
LINE
8
BLACK
6
CONTINUOUS
10
303.2789319999999975
20
-136.8904639999999802
11
303.2955210000000079
21
-136.9078059999999937
0
LINE
8
BLACK
6
CONTINUOUS
10
303.2955210000000079
20
-136.9078059999999937
11
303.3119570000000067
21
-136.9252919999999847
0
LINE
8
BLACK
6
CONTINUOUS
10
303.3119570000000067
20
-136.9252919999999847
11
303.3282399999999939
21
-136.9429209999999841
0
LINE
8
BLACK
6
CONTINUOUS
10
303.3282399999999939
20
-136.9429209999999841
11
303.3443689999999719
21
-136.9606909999999971
0
LINE
8
BLACK
6
CONTINUOUS
10
303.3443689999999719
20
-136.9606909999999971
11
303.3603420000000028
21
-136.9786009999999976
0
LINE
8
BLACK
6
CONTINUOUS
10
303.3603420000000028
20
-136.9786009999999976
11
303.3761579999999753
21
-136.9966499999999883
0
LINE
8
BLACK
6
CONTINUOUS
10
303.3761579999999753
20
-136.9966499999999883
11
303.3918160000000057
21
-137.014837
0
LINE
8
BLACK
6
CONTINUOUS
10
303.3918160000000057
20
-137.014837
11
303.4073139999999853
21
-137.0331589999999835
0
LINE
8
BLACK
6
CONTINUOUS
10
303.4073139999999853
20
-137.0331589999999835
11
303.4226519999999709
21
-137.0516159999999957
0
LINE
8
BLACK
6
CONTINUOUS
10
303.4226519999999709
20
-137.0516159999999957
11
303.4378289999999652
21
-137.0702059999999847
0
LINE
8
BLACK
6
CONTINUOUS
10
303.4378289999999652
20
-137.0702059999999847
11
303.452842999999973
21
-137.0889279999999815
0
LINE
8
BLACK
6
CONTINUOUS
10
303.452842999999973
20
-137.0889279999999815
11
303.4676919999999996
21
-137.1077799999999911
0
LINE
8
BLACK
6
CONTINUOUS
10
303.4676919999999996
20
-137.1077799999999911
11
303.4823769999999854
21
-137.1267599999999902
0
LINE
8
BLACK
6
CONTINUOUS
10
303.4823769999999854
20
-137.1267599999999902
11
303.496894999999995
21
-137.1458690000000047
0
LINE
8
BLACK
6
CONTINUOUS
10
303.496894999999995
20
-137.1458690000000047
11
303.5112469999999689
21
-137.1651029999999878
0
LINE
8
BLACK
6
CONTINUOUS
10
303.5112469999999689
20
-137.1651029999999878
11
303.5254289999999742
21
-137.1844619999999964
0
LINE
8
BLACK
6
CONTINUOUS
10
303.5254289999999742
20
-137.1844619999999964
11
303.5394430000000057
21
-137.203944000000007
0
LINE
8
BLACK
6
CONTINUOUS
10
303.5394430000000057
20
-137.203944000000007
11
303.5532860000000142
21
-137.2235469999999964
0
LINE
8
BLACK
6
CONTINUOUS
10
303.5532860000000142
20
-137.2235469999999964
11
303.5669570000000022
21
-137.2432699999999954
0
LINE
8
BLACK
6
CONTINUOUS
10
303.5669570000000022
20
-137.2432699999999954
11
303.5804549999999722
21
-137.2631120000000067
0
LINE
8
BLACK
6
CONTINUOUS
10
303.5804549999999722
20
-137.2631120000000067
11
303.5937799999999811
21
-137.2830710000000067
0
LINE
8
BLACK
6
CONTINUOUS
10
303.5937799999999811
20
-137.2830710000000067
11
303.6069299999999771
21
-137.3031459999999981
0
LINE
8
BLACK
6
CONTINUOUS
10
303.6069299999999771
20
-137.3031459999999981
11
303.6199049999999602
21
-137.3233339999999885
0
LINE
8
BLACK
6
CONTINUOUS
10
303.6199049999999602
20
-137.3233339999999885
11
303.6327029999999922
21
-137.3436350000000061
0
LINE
8
BLACK
6
CONTINUOUS
10
303.6327029999999922
20
-137.3436350000000061
11
303.6453229999999621
21
-137.3640469999999993
0
LINE
8
BLACK
6
CONTINUOUS
10
303.6453229999999621
20
-137.3640469999999993
11
303.657763999999986
21
-137.3845680000000016
0
LINE
8
BLACK
6
CONTINUOUS
10
303.657763999999986
20
-137.3845680000000016
11
303.6700260000000071
21
-137.4051969999999869
0
LINE
8
BLACK
6
CONTINUOUS
10
303.6700260000000071
20
-137.4051969999999869
11
303.6821079999999711
21
-137.4259329999999864
0
LINE
8
BLACK
6
CONTINUOUS
10
303.6821079999999711
20
-137.4259329999999864
11
303.6940079999999966
21
-137.4467719999999815
0
LINE
8
BLACK
6
CONTINUOUS
10
303.6940079999999966
20
-137.4467719999999815
11
303.7057259999999701
21
-137.4677149999999983
0
LINE
8
BLACK
6
CONTINUOUS
10
303.7057259999999701
20
-137.4677149999999983
11
303.7172610000000077
21
-137.488759999999985
0
LINE
8
BLACK
6
CONTINUOUS
10
303.7172610000000077
20
-137.488759999999985
11
303.7286110000000008
21
-137.5099040000000059
0
LINE
8
BLACK
6
CONTINUOUS
10
303.7286110000000008
20
-137.5099040000000059
11
303.7397770000000037
21
-137.5311460000000068
0
LINE
8
BLACK
6
CONTINUOUS
10
303.7397770000000037
20
-137.5311460000000068
11
303.7507569999999646
21
-137.5524859999999876
0
LINE
8
BLACK
6
CONTINUOUS
10
303.7507569999999646
20
-137.5524859999999876
11
303.7615499999999997
21
-137.5739199999999869
0
LINE
8
BLACK
6
CONTINUOUS
10
303.7615499999999997
20
-137.5739199999999869
11
303.7721549999999979
21
-137.5954470000000072
0
LINE
8
BLACK
6
CONTINUOUS
10
303.7721549999999979
20
-137.5954470000000072
11
303.7825730000000135
21
-137.6170659999999941
0
LINE
8
BLACK
6
CONTINUOUS
10
303.7825730000000135
20
-137.6170659999999941
11
303.7928009999999972
21
-137.6387760000000071
0
LINE
8
BLACK
6
CONTINUOUS
10
303.7928009999999972
20
-137.6387760000000071
11
303.8012129999999615
21
-137.6570059999999955
0
LINE
8
BLACK
6
CONTINUOUS
10
303.9404680000000099
20
-138.0316069999999797
11
303.947072999999989
21
-138.054678999999993
0
LINE
8
BLACK
6
CONTINUOUS
10
303.947072999999989
20
-138.054678999999993
11
303.9534759999999665
21
-138.0778070000000071
0
LINE
8
BLACK
6
CONTINUOUS
10
303.9534759999999665
20
-138.0778070000000071
11
303.9596779999999967
21
-138.1009899999999959
0
LINE
8
BLACK
6
CONTINUOUS
10
303.9596779999999967
20
-138.1009899999999959
11
303.9656759999999736
21
-138.1242259999999931
0
LINE
8
BLACK
6
CONTINUOUS
10
303.9656759999999736
20
-138.1242259999999931
11
303.9714720000000057
21
-138.147514000000001
0
LINE
8
BLACK
6
CONTINUOUS
10
303.9714720000000057
20
-138.147514000000001
11
303.9770639999999844
21
-138.1708519999999965
0
LINE
8
BLACK
6
CONTINUOUS
10
303.9770639999999844
20
-138.1708519999999965
11
303.982452999999964
21
-138.1942369999999869
0
LINE
8
BLACK
6
CONTINUOUS
10
303.982452999999964
20
-138.1942369999999869
11
303.9876370000000065
21
-138.2176690000000008
0
LINE
8
BLACK
6
CONTINUOUS
10
303.9876370000000065
20
-138.2176690000000008
11
303.9926159999999982
21
-138.2411449999999888
0
LINE
8
BLACK
6
CONTINUOUS
10
303.9926159999999982
20
-138.2411449999999888
11
303.9973899999999958
21
-138.2646629999999845
0
LINE
8
BLACK
6
CONTINUOUS
10
303.9973899999999958
20
-138.2646629999999845
11
304.0019589999999994
21
-138.2882229999999879
0
LINE
8
BLACK
6
CONTINUOUS
10
304.0019589999999994
20
-138.2882229999999879
11
304.0063220000000115
21
-138.3118209999999806
0
LINE
8
BLACK
6
CONTINUOUS
10
304.0063220000000115
20
-138.3118209999999806
11
304.0104789999999753
21
-138.3354559999999935
0
LINE
8
BLACK
6
CONTINUOUS
10
304.0104789999999753
20
-138.3354559999999935
11
304.0144300000000044
21
-138.3591270000000009
0
LINE
8
BLACK
6
CONTINUOUS
10
304.0144300000000044
20
-138.3591270000000009
11
304.0181739999999877
21
-138.3828309999999817
0
LINE
8
BLACK
6
CONTINUOUS
10
304.0181739999999877
20
-138.3828309999999817
11
304.0217109999999821
21
-138.4065669999999955
0
LINE
8
BLACK
6
CONTINUOUS
10
304.0217109999999821
20
-138.4065669999999955
11
304.0250409999999874
21
-138.4303339999999878
0
LINE
8
BLACK
6
CONTINUOUS
10
304.0250409999999874
20
-138.4303339999999878
11
304.0281630000000064
21
-138.4541279999999972
0
LINE
8
BLACK
6
CONTINUOUS
10
304.0281630000000064
20
-138.4541279999999972
11
304.031076999999982
21
-138.4779479999999978
0
LINE
8
BLACK
6
CONTINUOUS
10
304.031076999999982
20
-138.4779479999999978
11
304.0337839999999687
21
-138.5017929999999922
0
LINE
8
BLACK
6
CONTINUOUS
10
304.0337839999999687
20
-138.5017929999999922
11
304.0362819999999715
21
-138.5256609999999853
0
LINE
8
BLACK
6
CONTINUOUS
10
304.0362819999999715
20
-138.5256609999999853
11
304.0385719999999878
21
-138.5495499999999822
0
LINE
8
BLACK
6
CONTINUOUS
10
304.0385719999999878
20
-138.5495499999999822
11
304.0406529999999634
21
-138.573457999999988
0
LINE
8
BLACK
6
CONTINUOUS
10
304.0406529999999634
20
-138.573457999999988
11
304.0425260000000094
21
-138.5973830000000078
0
LINE
8
BLACK
6
CONTINUOUS
10
304.0425260000000094
20
-138.5973830000000078
11
304.0441889999999603
21
-138.6213229999999896
0
LINE
8
BLACK
6
CONTINUOUS
10
304.0441889999999603
20
-138.6213229999999896
11
304.0456439999999816
21
-138.645276999999993
0
LINE
8
BLACK
6
CONTINUOUS
10
304.0456439999999816
20
-138.645276999999993
11
304.0468899999999621
21
-138.6692429999999945
0
LINE
8
BLACK
6
CONTINUOUS
10
304.0468899999999621
20
-138.6692429999999945
11
304.0479259999999613
21
-138.6932189999999991
0
LINE
8
BLACK
6
CONTINUOUS
10
304.0479259999999613
20
-138.6932189999999991
11
304.0487529999999765
21
-138.7172029999999836
0
LINE
8
BLACK
6
CONTINUOUS
10
304.0487529999999765
20
-138.7172029999999836
11
304.0493710000000078
21
-138.7411929999999813
0
LINE
8
BLACK
6
CONTINUOUS
10
304.0493710000000078
20
-138.7411929999999813
11
304.0497799999999984
21
-138.7651879999999949
0
LINE
8
BLACK
6
CONTINUOUS
10
304.0497799999999984
20
-138.7651879999999949
11
304.0499790000000075
21
-138.7891850000000034
0
LINE
8
BLACK
6
CONTINUOUS
10
304.0499790000000075
20
-138.7891850000000034
11
304.0500000000000114
21
-138.7999999999999829
0
LINE
8
BLACK
6
CONTINUOUS
10
417.7999999999999545
20
-48.2999999999999972
11
417.7999999999999545
21
-49.3999999999999986
0
CIRCLE
8
BLACK
10
454.5499999999999545
20
-87.2999999999999972
40
1.5
0
CIRCLE
8
BLACK
10
149.5
20
-87.2999999999999972
40
1.5
0
LINE
8
BLACK
6
CONTINUOUS
10
176.7999999999999829
20
-210.5999999999999943
11
172.7999999999999829
21
-210.5999999999999943
0
CIRCLE
8
BLACK
10
454.5499999999999545
20
-127.2999999999999972
40
1.5
0
CIRCLE
8
BLACK
10
409.375
20
-159.7999999999999829
40
2.5499999999999998
0
LINE
8
BLACK
6
CONTINUOUS
10
421.7999999999999545
20
-202.0999999999999943
11
421.7999999999999545
21
-210.5999999999999943
0
LINE
8
BLACK
6
CONTINUOUS
10
172.7999999999999829
20
-12.3999999999999986
11
176.7999999999999829
21
-12.3999999999999986
0
LINE
8
BLACK
6
CONTINUOUS
10
460.0499999999999545
20
-136.0499999999999829
11
458.9499999999999886
21
-136.0499999999999829
0
LINE
8
BLACK
6
CONTINUOUS
10
458.5499999999999545
20
-136.0499999999999829
11
457.4499999999999886
21
-136.0499999999999829
0
LINE
8
BLACK
6
CONTINUOUS
10
457.0499999999999545
20
-136.0499999999999829
11
455.9499999999999886
21
-136.0499999999999829
0
LINE
8
BLACK
6
CONTINUOUS
10
455.5499999999999545
20
-136.0499999999999829
11
455.0499999999999545
21
-136.0499999999999829
0
CIRCLE
8
BLACK
10
302.2899999999999636
20
-151.6999999999999886
40
4.75
0
LINE
8
BLACK
6
CONTINUOUS
10
417.7999999999999545
20
-20.8999999999999986
11
417.7999999999999545
21
-12.3999999999999986
0
LINE
8
BLACK
6
CONTINUOUS
10
252.289999999999992
20
-159.1999999999999886
11
245.289999999999992
21
-159.1999999999999886
0
CIRCLE
8
BLACK
10
365.
20
-54.7999999999999972
40
2.5499999999999998
0
LINE
8
BLACK
6
CONTINUOUS
10
244.089999999999975
20
-158.
11
244.089999999999975
21
-156.6999999999999886
0
LINE
8
BLACK
6
CONTINUOUS
10
417.7999999999999545
20
-166.2999999999999829
11
417.7999999999999545
21
-165.1999999999999886
0
CIRCLE
8
BLACK
10
409.375
20
-159.7999999999999829
40
1.25
0
LINE
8
BLACK
6
CONTINUOUS
10
152.5
20
-164.7999999999999829
11
144.5
21
-164.7999999999999829
0
ARC
8
BLACK
10
252.289999999999992
20
-158.
40
1.2
50
-90.00000000
51
-0.00000000
0
ARC
8
BLACK
10
419.2999999999999545
20
-52.2999999999999972
40
4.
50
0.00000000
51
90.00000000
0
CIRCLE
8
BLACK
10
400.5
20
-54.7999999999999972
40
2.5499999999999998
0
LINE
8
BLACK
6
CONTINUOUS
10
152.5
20
-166.2999999999999829
11
144.
21
-166.2999999999999829
0
LINE
8
BLACK
6
CONTINUOUS
10
295.8000000000000114
20
-166.2999999999999829
11
295.8000000000000114
21
-165.1999999999999886
0
LINE
8
BLACK
6
CONTINUOUS
10
152.5
20
-166.2999999999999829
11
152.5
21
-164.7999999999999829
0
CIRCLE
8
BLACK
10
276.7899999999999636
20
-147.0999999999999943
40
4.75
0
LINE
8
BLACK
6
CONTINUOUS
10
188.0499999999999829
20
-205.5999999999999943
11
188.0499999999999829
21
-206.6999999999999886
0
LINE
8
BLACK
6
CONTINUOUS
10
188.0499999999999829
20
-207.0999999999999943
11
188.0499999999999829
21
-208.1999999999999886
0
LINE
8
BLACK
6
CONTINUOUS
10
188.0499999999999829
20
-208.5999999999999943
11
188.0499999999999829
21
-209.6999999999999886
0
LINE
8
BLACK
6
CONTINUOUS
10
188.0499999999999829
20
-210.0999999999999943
11
188.0499999999999829
21
-210.5999999999999943
0
LINE
8
BLACK
6
CONTINUOUS
10
142.5
20
-164.7999999999999829
11
142.5
21
-49.7999999999999972
0
LINE
8
BLACK
6
CONTINUOUS
10
455.0499999999999545
20
-57.5499999999999972
11
455.0499999999999545
21
-56.4499999999999957
0
LINE
8
BLACK
6
CONTINUOUS
10
455.0499999999999545
20
-56.0499999999999972
11
455.0499999999999545
21
-54.9499999999999957
0
LINE
8
BLACK
6
CONTINUOUS
10
455.0499999999999545
20
-54.5499999999999972
11
455.0499999999999545
21
-53.7999999999999972
0
LINE
8
BLACK
6
CONTINUOUS
10
149.
20
-57.5499999999999972
11
149.
21
-56.4499999999999957
0
LINE
8
BLACK
6
CONTINUOUS
10
149.
20
-56.0499999999999972
11
149.
21
-54.9499999999999957
0
LINE
8
BLACK
6
CONTINUOUS
10
149.
20
-54.5499999999999972
11
149.
21
-53.7999999999999972
0
LINE
8
BLACK
6
CONTINUOUS
10
423.2999999999999545
20
-160.7999999999999829
11
422.1999999999999886
21
-160.7999999999999829
0
LINE
8
BLACK
6
CONTINUOUS
10
298.5500000000000114
20
-12.3999999999999986
11
298.5500000000000114
21
-13.5
0
LINE
8
BLACK
6
CONTINUOUS
10
298.5500000000000114
20
-13.8999999999999986
11
298.5500000000000114
21
-15.
0
LINE
8
BLACK
6
CONTINUOUS
10
298.5500000000000114
20
-15.3999999999999986
11
298.5500000000000114
21
-16.5
0
LINE
8
BLACK
6
CONTINUOUS
10
298.5500000000000114
20
-16.8999999999999986
11
298.5500000000000114
21
-17.3999999999999986
0
CIRCLE
8
BLACK
10
409.375
20
-54.7999999999999972
40
1.25
0
LINE
8
BLACK
6
CONTINUOUS
10
423.2999999999999545
20
-52.2999999999999972
11
423.2999999999999545
21
-162.2999999999999829
0
ARC
8
BLACK
10
144.
20
-164.7999999999999829
40
1.5
50
-180.00000000
51
-90.00000000
0
CIRCLE
8
BLACK
10
400.5
20
-159.7999999999999829
40
2.5499999999999998
0
LINE
8
BLACK
6
CONTINUOUS
10
144.
20
-141.5499999999999829
11
145.0999999999999943
21
-141.5499999999999829
0
LINE
8
BLACK
6
CONTINUOUS
10
145.5
20
-141.5499999999999829
11
146.5999999999999943
21
-141.5499999999999829
0
LINE
8
BLACK
6
CONTINUOUS
10
147.
20
-141.5499999999999829
11
148.0999999999999943
21
-141.5499999999999829
0
LINE
8
BLACK
6
CONTINUOUS
10
148.5
20
-141.5499999999999829
11
149.
21
-141.5499999999999829
0
LINE
8
BLACK
6
CONTINUOUS
10
176.7999999999999829
20
-202.0999999999999943
11
176.7999999999999829
21
-210.5999999999999943
0
LINE
8
BLACK
6
CONTINUOUS
10
298.5500000000000114
20
-210.5999999999999943
11
298.5500000000000114
21
-209.5
0
LINE
8
BLACK
6
CONTINUOUS
10
298.5500000000000114
20
-209.0999999999999943
11
298.5500000000000114
21
-208.
0
LINE
8
BLACK
6
CONTINUOUS
10
298.5500000000000114
20
-207.5999999999999943
11
298.5500000000000114
21
-206.5
0
LINE
8
BLACK
6
CONTINUOUS
10
298.5500000000000114
20
-206.0999999999999943
11
298.5500000000000114
21
-205.5999999999999943
0
LINE
8
BLACK
6
CONTINUOUS
10
195.7999999999999829
20
-60.8999999999999986
11
305.3999999999999773
21
-60.8999999999999986
0
LINE
8
BLACK
6
CONTINUOUS
10
305.3999999999999773
20
-60.8999999999999986
11
305.3999999999999773
21
-128.2999999999999829
0
LINE
8
BLACK
6
CONTINUOUS
10
305.3999999999999773
20
-128.2999999999999829
11
195.7999999999999829
21
-128.2999999999999829
0
LINE
8
BLACK
6
CONTINUOUS
10
195.7999999999999829
20
-128.2999999999999829
11
195.7999999999999829
21
-60.8999999999999986
0
LINE
8
BLACK
6
CONTINUOUS
10
451.5499999999999545
20
-166.2999999999999829
11
451.5499999999999545
21
-164.7999999999999829
0
LINE
8
BLACK
6
CONTINUOUS
10
421.2999999999999545
20
-10.9000000000000004
11
421.3174530000000004
21
-10.9000760000000003
0
LINE
8
BLACK
6
CONTINUOUS
10
421.3174530000000004
20
-10.9000760000000003
11
421.334904999999992
21
-10.9003049999999995
0
LINE
8
BLACK
6
CONTINUOUS
10
421.334904999999992
20
-10.9003049999999995
11
421.3523539999999912
21
-10.9006849999999993
0
LINE
8
BLACK
6
CONTINUOUS
10
421.3523539999999912
20
-10.9006849999999993
11
421.3697990000000004
21
-10.9012180000000001
0
LINE
8
BLACK
6
CONTINUOUS
10
421.3697990000000004
20
-10.9012180000000001
11
421.3872389999999655
21
-10.901904
0
LINE
8
BLACK
6
CONTINUOUS
10
421.3872389999999655
20
-10.901904
11
421.404672000000005
21
-10.9027409999999989
0
LINE
8
BLACK
6
CONTINUOUS
10
421.404672000000005
20
-10.9027409999999989
11
421.4220970000000079
21
-10.9037299999999995
0
LINE
8
BLACK
6
CONTINUOUS
10
421.4220970000000079
20
-10.9037299999999995
11
421.4395129999999767
21
-10.9048719999999992
0
LINE
8
BLACK
6
CONTINUOUS
10
421.4395129999999767
20
-10.9048719999999992
11
421.4569179999999733
21
-10.9061649999999997
0
LINE
8
BLACK
6
CONTINUOUS
10
421.4569179999999733
20
-10.9061649999999997
11
421.4743110000000001
21
-10.9076109999999993
0
LINE
8
BLACK
6
CONTINUOUS
10
421.4743110000000001
20
-10.9076109999999993
11
421.4916920000000005
21
-10.9092079999999996
0
LINE
8
BLACK
6
CONTINUOUS
10
421.4916920000000005
20
-10.9092079999999996
11
421.5090569999999843
21
-10.9109559999999988
0
LINE
8
BLACK
6
CONTINUOUS
10
421.5090569999999843
20
-10.9109559999999988
11
421.5264060000000086
21
-10.9128559999999997
0
LINE
8
BLACK
6
CONTINUOUS
10
421.5264060000000086
20
-10.9128559999999997
11
421.5437389999999596
21
-10.9149079999999987
0
LINE
8
BLACK
6
CONTINUOUS
10
421.5437389999999596
20
-10.9149079999999987
11
421.561051999999961
21
-10.9171099999999992
0
LINE
8
BLACK
6
CONTINUOUS
10
421.561051999999961
20
-10.9171099999999992
11
421.5783459999999536
21
-10.9194639999999996
0
LINE
8
BLACK
6
CONTINUOUS
10
421.5783459999999536
20
-10.9194639999999996
11
421.5956189999999992
21
-10.9219679999999997
0
LINE
8
BLACK
6
CONTINUOUS
10
421.5956189999999992
20
-10.9219679999999997
11
421.6128689999999892
21
-10.9246229999999986
0
LINE
8
BLACK
6
CONTINUOUS
10
421.6128689999999892
20
-10.9246229999999986
11
421.630094999999983
21
-10.9274290000000001
0
LINE
8
BLACK
6
CONTINUOUS
10
421.630094999999983
20
-10.9274290000000001
11
421.647295999999983
21
-10.9303840000000001
0
LINE
8
BLACK
6
CONTINUOUS
10
421.647295999999983
20
-10.9303840000000001
11
421.6644709999999918
21
-10.933489999999999
0
LINE
8
BLACK
6
CONTINUOUS
10
421.6644709999999918
20
-10.933489999999999
11
421.6816179999999576
21
-10.9367459999999994
0
LINE
8
BLACK
6
CONTINUOUS
10
421.6816179999999576
20
-10.9367459999999994
11
421.6987359999999967
21
-10.9401510000000002
0
LINE
8
BLACK
6
CONTINUOUS
10
421.6987359999999967
20
-10.9401510000000002
11
421.7158230000000003
21
-10.9437049999999996
0
LINE
8
BLACK
6
CONTINUOUS
10
421.7158230000000003
20
-10.9437049999999996
11
421.7328789999999685
21
-10.9474079999999994
0
LINE
8
BLACK
6
CONTINUOUS
10
421.7328789999999685
20
-10.9474079999999994
11
421.7499019999999632
21
-10.9512599999999996
0
LINE
8
BLACK
6
CONTINUOUS
10
421.7499019999999632
20
-10.9512599999999996
11
421.7668909999999869
21
-10.9552599999999991
0
LINE
8
BLACK
6
CONTINUOUS
10
421.7668909999999869
20
-10.9552599999999991
11
421.7838439999999878
21
-10.9594089999999991
0
LINE
8
BLACK
6
CONTINUOUS
10
421.7838439999999878
20
-10.9594089999999991
11
421.8007599999999684
21
-10.9637049999999991
0
LINE
8
BLACK
6
CONTINUOUS
10
421.8007599999999684
20
-10.9637049999999991
11
421.8176379999999881
21
-10.9681479999999993
0
LINE
8
BLACK
6
CONTINUOUS
10
421.8176379999999881
20
-10.9681479999999993
11
421.8344769999999926
21
-10.9727389999999989
0
LINE
8
BLACK
6
CONTINUOUS
10
421.8344769999999926
20
-10.9727389999999989
11
421.8512749999999869
21
-10.9774770000000004
0
LINE
8
BLACK
6
CONTINUOUS
10
421.8512749999999869
20
-10.9774770000000004
11
421.8680309999999736
21
-10.9823609999999992
0
LINE
8
BLACK
6
CONTINUOUS
10
421.8680309999999736
20
-10.9823609999999992
11
421.8847429999999576
21
-10.9873899999999995
0
LINE
8
BLACK
6
CONTINUOUS
10
421.8847429999999576
20
-10.9873899999999995
11
421.9014119999999934
21
-10.9925660000000001
0
LINE
8
BLACK
6
CONTINUOUS
10
421.9014119999999934
20
-10.9925660000000001
11
421.9180339999999774
21
-10.9978869999999986
0
LINE
8
BLACK
6
CONTINUOUS
10
421.9180339999999774
20
-10.9978869999999986
11
421.9346089999999663
21
-11.0033529999999988
0
LINE
8
BLACK
6
CONTINUOUS
10
421.9346089999999663
20
-11.0033529999999988
11
421.9511359999999627
21
-11.0089629999999996
0
LINE
8
BLACK
6
CONTINUOUS
10
421.9511359999999627
20
-11.0089629999999996
11
421.9676139999999691
21
-11.0147169999999992
0
LINE
8
BLACK
6
CONTINUOUS
10
421.9676139999999691
20
-11.0147169999999992
11
421.9840399999999931
21
-11.0206149999999994
0
LINE
8
BLACK
6
CONTINUOUS
10
421.9840399999999931
20
-11.0206149999999994
11
422.0004149999999754
21
-11.0266559999999991
0
LINE
8
BLACK
6
CONTINUOUS
10
422.0004149999999754
20
-11.0266559999999991
11
422.0167359999999803
21
-11.0328389999999992
0
LINE
8
BLACK
6
CONTINUOUS
10
422.0167359999999803
20
-11.0328389999999992
11
422.0330019999999536
21
-11.0391649999999988
0
LINE
8
BLACK
6
CONTINUOUS
10
422.0330019999999536
20
-11.0391649999999988
11
422.0492130000000088
21
-11.0456319999999995
0
LINE
8
BLACK
6
CONTINUOUS
10
422.0492130000000088
20
-11.0456319999999995
11
422.0653669999999806
21
-11.0522409999999986
0
LINE
8
BLACK
6
CONTINUOUS
10
422.0653669999999806
20
-11.0522409999999986
11
422.0814619999999877
21
-11.0589899999999997
0
LINE
8
BLACK
6
CONTINUOUS
10
422.0814619999999877
20
-11.0589899999999997
11
422.0974979999999732
21
-11.0658799999999999
0
LINE
8
BLACK
6
CONTINUOUS
10
422.0974979999999732
20
-11.0658799999999999
11
422.113472999999999
21
-11.0729089999999992
0
LINE
8
BLACK
6
CONTINUOUS
10
422.113472999999999
20
-11.0729089999999992
11
422.129385999999954
21
-11.0800769999999993
0
LINE
8
BLACK
6
CONTINUOUS
10
422.129385999999954
20
-11.0800769999999993
11
422.1452370000000087
21
-11.0873840000000001
0
LINE
8
BLACK
6
CONTINUOUS
10
422.1452370000000087
20
-11.0873840000000001
11
422.1610220000000027
21
-11.0948289999999989
0
LINE
8
BLACK
6
CONTINUOUS
10
422.1610220000000027
20
-11.0948289999999989
11
422.1767419999999902
21
-11.1024119999999993
0
LINE
8
BLACK
6
CONTINUOUS
10
422.1767419999999902
20
-11.1024119999999993
11
422.1923959999999738
21
-11.1101309999999991
0
LINE
8
BLACK
6
CONTINUOUS
10
422.1923959999999738
20
-11.1101309999999991
11
422.2079809999999611
21
-11.1179869999999994
0
LINE
8
BLACK
6
CONTINUOUS
10
422.2079809999999611
20
-11.1179869999999994
11
422.2234970000000089
21
-11.1259779999999999
0
LINE
8
BLACK
6
CONTINUOUS
10
422.2234970000000089
20
-11.1259779999999999
11
422.2389430000000061
21
-11.1341049999999999
0
LINE
8
BLACK
6
CONTINUOUS
10
422.2389430000000061
20
-11.1341049999999999
11
422.2543179999999552
21
-11.1423659999999991
0
LINE
8
BLACK
6
CONTINUOUS
10
422.2543179999999552
20
-11.1423659999999991
11
422.2696189999999774
21
-11.1507609999999993
0
LINE
8
BLACK
6
CONTINUOUS
10
422.2696189999999774
20
-11.1507609999999993
11
422.2848469999999566
21
-11.1592889999999993
0
LINE
8
BLACK
6
CONTINUOUS
10
422.2848469999999566
20
-11.1592889999999993
11
422.2999999999999545
21
-11.1679490000000001
0
LINE
8
BLACK
6
CONTINUOUS
10
422.2999999999999545
20
-11.1679490000000001
11
422.3150769999999739
21
-11.1767419999999991
0
LINE
8
BLACK
6
CONTINUOUS
10
422.3150769999999739
20
-11.1767419999999991
11
422.3300759999999627
21
-11.1856650000000002
0
LINE
8
BLACK
6
CONTINUOUS
10
422.3300759999999627
20
-11.1856650000000002
11
422.344996999999978
21
-11.1947200000000002
0
LINE
8
BLACK
6
CONTINUOUS
10
422.344996999999978
20
-11.1947200000000002
11
422.3453739999999925
21
-11.1949509999999997
0
LINE
8
BLACK
6
CONTINUOUS
10
422.6632779999999912
20
-11.4366219999999998
11
422.6759959999999978
21
-11.4485749999999999
0
LINE
8
BLACK
6
CONTINUOUS
10
422.6759959999999978
20
-11.4485749999999999
11
422.6886089999999854
21
-11.4606379999999994
0
LINE
8
BLACK
6
CONTINUOUS
10
422.6886089999999854
20
-11.4606379999999994
11
422.7011169999999538
21
-11.4728099999999991
0
LINE
8
BLACK
6
CONTINUOUS
10
422.7011169999999538
20
-11.4728099999999991
11
422.713517999999965
21
-11.4850909999999988
0
LINE
8
BLACK
6
CONTINUOUS
10
422.713517999999965
20
-11.4850909999999988
11
422.7258119999999622
21
-11.4974799999999995
0
LINE
8
BLACK
6
CONTINUOUS
10
422.7258119999999622
20
-11.4974799999999995
11
422.7379959999999528
21
-11.509976
0
LINE
8
BLACK
6
CONTINUOUS
10
422.7379959999999528
20
-11.509976
11
422.7500719999999887
21
-11.5225779999999993
0
LINE
8
BLACK
6
CONTINUOUS
10
422.7500719999999887
20
-11.5225779999999993
11
422.7620369999999639
21
-11.535283999999999
0
LINE
8
BLACK
6
CONTINUOUS
10
422.7620369999999639
20
-11.535283999999999
11
422.7738899999999944
21
-11.548095
0
LINE
8
BLACK
6
CONTINUOUS
10
422.7738899999999944
20
-11.548095
11
422.7856319999999641
21
-11.5610079999999993
0
LINE
8
BLACK
6
CONTINUOUS
10
422.7856319999999641
20
-11.5610079999999993
11
422.7972599999999943
21
-11.5740239999999996
0
LINE
8
BLACK
6
CONTINUOUS
10
422.7972599999999943
20
-11.5740239999999996
11
422.8087739999999712
21
-11.5871399999999998
0
LINE
8
BLACK
6
CONTINUOUS
10
422.8087739999999712
20
-11.5871399999999998
11
422.8201729999999543
21
-11.6003559999999997
0
LINE
8
BLACK
6
CONTINUOUS
10
422.8201729999999543
20
-11.6003559999999997
11
422.8314570000000003
21
-11.6136719999999993
0
LINE
8
BLACK
6
CONTINUOUS
10
422.8314570000000003
20
-11.6136719999999993
11
422.8426240000000007
21
-11.6270849999999992
0
LINE
8
BLACK
6
CONTINUOUS
10
422.8426240000000007
20
-11.6270849999999992
11
422.8536729999999579
21
-11.6405949999999994
0
LINE
8
BLACK
6
CONTINUOUS
10
422.8536729999999579
20
-11.6405949999999994
11
422.8646039999999857
21
-11.6542009999999987
0
LINE
8
BLACK
6
CONTINUOUS
10
422.8646039999999857
20
-11.6542009999999987
11
422.8754159999999729
21
-11.6679019999999998
0
LINE
8
BLACK
6
CONTINUOUS
10
422.8754159999999729
20
-11.6679019999999998
11
422.8861079999999788
21
-11.6816969999999998
0
LINE
8
BLACK
6
CONTINUOUS
10
422.8861079999999788
20
-11.6816969999999998
11
422.896679000000006
21
-11.6955849999999995
0
LINE
8
BLACK
6
CONTINUOUS
10
422.896679000000006
20
-11.6955849999999995
11
422.9071289999999976
21
-11.7095640000000003
0
LINE
8
BLACK
6
CONTINUOUS
10
422.9071289999999976
20
-11.7095640000000003
11
422.9174559999999587
21
-11.7236339999999988
0
LINE
8
BLACK
6
CONTINUOUS
10
422.9174559999999587
20
-11.7236339999999988
11
422.927660000000003
21
-11.7377939999999992
0
LINE
8
BLACK
6
CONTINUOUS
10
422.927660000000003
20
-11.7377939999999992
11
422.9377399999999625
21
-11.7520419999999994
0
LINE
8
BLACK
6
CONTINUOUS
10
422.9377399999999625
20
-11.7520419999999994
11
422.9476949999999533
21
-11.7663770000000003
0
LINE
8
BLACK
6
CONTINUOUS
10
422.9476949999999533
20
-11.7663770000000003
11
422.9575249999999755
21
-11.780799
0
LINE
8
BLACK
6
CONTINUOUS
10
422.9575249999999755
20
-11.780799
11
422.9672289999999748
21
-11.7953060000000001
0
LINE
8
BLACK
6
CONTINUOUS
10
422.9672289999999748
20
-11.7953060000000001
11
422.9768049999999562
21
-11.8098979999999987
0
LINE
8
BLACK
6
CONTINUOUS
10
422.9768049999999562
20
-11.8098979999999987
11
422.986253999999974
21
-11.8245719999999999
0
LINE
8
BLACK
6
CONTINUOUS
10
422.986253999999974
20
-11.8245719999999999
11
422.9955749999999739
21
-11.8393280000000001
0
LINE
8
BLACK
6
CONTINUOUS
10
422.9955749999999739
20
-11.8393280000000001
11
423.004765999999961
21
-11.8541650000000001
0
LINE
8
BLACK
6
CONTINUOUS
10
423.004765999999961
20
-11.8541650000000001
11
423.0138279999999895
21
-11.8690809999999995
0
LINE
8
BLACK
6
CONTINUOUS
10
423.0138279999999895
20
-11.8690809999999995
11
423.0227590000000077
21
-11.8840760000000003
0
LINE
8
BLACK
6
CONTINUOUS
10
423.0227590000000077
20
-11.8840760000000003
11
423.0315589999999588
21
-11.8991489999999995
0
LINE
8
BLACK
6
CONTINUOUS
10
423.0315589999999588
20
-11.8991489999999995
11
423.0402269999999589
21
-11.9142969999999995
0
LINE
8
BLACK
6
CONTINUOUS
10
423.0402269999999589
20
-11.9142969999999995
11
423.0487630000000081
21
-11.9295209999999994
0
LINE
8
BLACK
6
CONTINUOUS
10
423.0487630000000081
20
-11.9295209999999994
11
423.0571649999999977
21
-11.944818999999999
0
LINE
8
BLACK
6
CONTINUOUS
10
423.0571649999999977
20
-11.944818999999999
11
423.0654329999999845
21
-11.9601889999999997
0
LINE
8
BLACK
6
CONTINUOUS
10
423.0654329999999845
20
-11.9601889999999997
11
423.0735669999999686
21
-11.9756309999999999
0
LINE
8
BLACK
6
CONTINUOUS
10
423.0735669999999686
20
-11.9756309999999999
11
423.0815659999999525
21
-11.9911429999999992
0
LINE
8
BLACK
6
CONTINUOUS
10
423.0815659999999525
20
-11.9911429999999992
11
423.089429999999993
21
-12.0067249999999994
0
LINE
8
BLACK
6
CONTINUOUS
10
423.089429999999993
20
-12.0067249999999994
11
423.0971569999999815
21
-12.0223739999999992
0
LINE
8
BLACK
6
CONTINUOUS
10
423.0971569999999815
20
-12.0223739999999992
11
423.1047469999999748
21
-12.0380909999999997
0
LINE
8
BLACK
6
CONTINUOUS
10
423.1047469999999748
20
-12.0380909999999997
11
423.112199999999973
21
-12.0538729999999994
0
LINE
8
BLACK
6
CONTINUOUS
10
423.112199999999973
20
-12.0538729999999994
11
423.1195149999999785
21
-12.0697189999999992
0
LINE
8
BLACK
6
CONTINUOUS
10
423.1195149999999785
20
-12.0697189999999992
11
423.1266909999999939
21
-12.0856289999999991
0
LINE
8
BLACK
6
CONTINUOUS
10
423.1266909999999939
20
-12.0856289999999991
11
423.1337279999999623
21
-12.1015999999999995
0
LINE
8
BLACK
6
CONTINUOUS
10
423.1337279999999623
20
-12.1015999999999995
11
423.140625
21
-12.1176329999999997
0
LINE
8
BLACK
6
CONTINUOUS
10
423.140625
20
-12.1176329999999997
11
423.1473829999999907
21
-12.1337250000000001
0
LINE
8
BLACK
6
CONTINUOUS
10
423.1473829999999907
20
-12.1337250000000001
11
423.1539989999999989
21
-12.1498749999999998
0
LINE
8
BLACK
6
CONTINUOUS
10
423.1539989999999989
20
-12.1498749999999998
11
423.1604749999999626
21
-12.1660829999999986
0
LINE
8
BLACK
6
CONTINUOUS
10
423.1604749999999626
20
-12.1660829999999986
11
423.1668080000000032
21
-12.182345999999999
0
LINE
8
BLACK
6
CONTINUOUS
10
423.1668080000000032
20
-12.182345999999999
11
423.1730000000000018
21
-12.1986639999999991
0
LINE
8
BLACK
6
CONTINUOUS
10
423.1730000000000018
20
-12.1986639999999991
11
423.1790489999999636
21
-12.2150359999999996
0
LINE
8
BLACK
6
CONTINUOUS
10
423.1790489999999636
20
-12.2150359999999996
11
423.1849550000000022
21
-12.2314600000000002
0
LINE
8
BLACK
6
CONTINUOUS
10
423.1849550000000022
20
-12.2314600000000002
11
423.1907170000000065
21
-12.247933999999999
0
LINE
8
BLACK
6
CONTINUOUS
10
423.1907170000000065
20
-12.247933999999999
11
423.1963349999999764
21
-12.2644579999999994
0
LINE
8
BLACK
6
CONTINUOUS
10
423.1963349999999764
20
-12.2644579999999994
11
423.2018089999999688
21
-12.2810309999999987
0
LINE
8
BLACK
6
CONTINUOUS
10
423.2018089999999688
20
-12.2810309999999987
11
423.2071379999999863
21
-12.2976510000000001
0
LINE
8
BLACK
6
CONTINUOUS
10
423.2071379999999863
20
-12.2976510000000001
11
423.2123219999999719
21
-12.3143159999999998
0
LINE
8
BLACK
6
CONTINUOUS
10
423.2123219999999719
20
-12.3143159999999998
11
423.2173599999999851
21
-12.3310269999999988
0
LINE
8
BLACK
6
CONTINUOUS
10
423.2173599999999851
20
-12.3310269999999988
11
423.222251999999969
21
-12.3477800000000002
0
LINE
8
BLACK
6
CONTINUOUS
10
423.222251999999969
20
-12.3477800000000002
11
423.2269979999999805
21
-12.3645759999999996
0
LINE
8
BLACK
6
CONTINUOUS
10
423.2269979999999805
20
-12.3645759999999996
11
423.2271159999999668
21
-12.3650019999999987
0
LINE
8
BLACK
6
CONTINUOUS
10
423.2949899999999843
20
-12.7585259999999998
11
423.2961489999999571
21
-12.7759400000000003
0
LINE
8
BLACK
6
CONTINUOUS
10
423.2961489999999571
20
-12.7759400000000003
11
423.2971549999999752
21
-12.7933649999999997
0
LINE
8
BLACK
6
CONTINUOUS
10
423.2971549999999752
20
-12.7933649999999997
11
423.2980099999999766
21
-12.8107969999999991
0
LINE
8
BLACK
6
CONTINUOUS
10
423.2980099999999766
20
-12.8107969999999991
11
423.2987119999999663
21
-12.8282359999999986
0
LINE
8
BLACK
6
CONTINUOUS
10
423.2987119999999663
20
-12.8282359999999986
11
423.2992619999999988
21
-12.8456799999999998
0
LINE
8
BLACK
6
CONTINUOUS
10
423.2992619999999988
20
-12.8456799999999998
11
423.2996599999999603
21
-12.8631289999999989
0
LINE
8
BLACK
6
CONTINUOUS
10
423.2996599999999603
20
-12.8631289999999989
11
423.2999059999999645
21
-12.8805809999999994
0
LINE
8
BLACK
6
CONTINUOUS
10
423.2999059999999645
20
-12.8805809999999994
11
423.2999989999999571
21
-12.8980339999999991
0
LINE
8
BLACK
6
CONTINUOUS
10
423.2999989999999571
20
-12.8980339999999991
11
423.2999999999999545
21
-12.8999999999999986
0
LINE
8
BLACK
6
CONTINUOUS
10
176.7999999999999829
20
-48.2999999999999972
11
176.7999999999999829
21
-49.3999999999999986
0
CIRCLE
8
BLACK
10
373.875
20
-54.7999999999999972
40
1.25
0
LINE
8
BLACK
6
CONTINUOUS
10
304.0500000000000114
20
-54.7999999999999972
11
304.0498949999999923
21
-54.823997999999996
0
LINE
8
BLACK
6
CONTINUOUS
10
304.0498949999999923
20
-54.823997999999996
11
304.0495809999999892
21
-54.8479939999999999
0
LINE
8
BLACK
6
CONTINUOUS
10
304.0495809999999892
20
-54.8479939999999999
11
304.0490580000000023
21
-54.8719869999999972
0
LINE
8
BLACK
6
CONTINUOUS
10
304.0490580000000023
20
-54.8719869999999972
11
304.0483249999999771
21
-54.8959739999999954
0
LINE
8
BLACK
6
CONTINUOUS
10
304.0483249999999771
20
-54.8959739999999954
11
304.047382999999968
21
-54.9199529999999996
0
LINE
8
BLACK
6
CONTINUOUS
10
304.047382999999968
20
-54.9199529999999996
11
304.0462309999999775
21
-54.9439239999999955
0
LINE
8
BLACK
6
CONTINUOUS
10
304.0462309999999775
20
-54.9439239999999955
11
304.0448710000000005
21
-54.9678830000000005
0
LINE
8
BLACK
6
CONTINUOUS
10
304.0448710000000005
20
-54.9678830000000005
11
304.0433009999999854
21
-54.9918300000000002
0
LINE
8
BLACK
6
CONTINUOUS
10
304.0433009999999854
20
-54.9918300000000002
11
304.0415229999999838
21
-55.0157629999999997
0
LINE
8
BLACK
6
CONTINUOUS
10
304.0415229999999838
20
-55.0157629999999997
11
304.0395350000000008
21
-55.039677999999995
0
LINE
8
BLACK
6
CONTINUOUS
10
304.0395350000000008
20
-55.039677999999995
11
304.037339999999972
21
-55.0635759999999976
0
LINE
8
BLACK
6
CONTINUOUS
10
304.037339999999972
20
-55.0635759999999976
11
304.0349349999999617
21
-55.0874529999999965
0
LINE
8
BLACK
6
CONTINUOUS
10
304.0349349999999617
20
-55.0874529999999965
11
304.0323229999999626
21
-55.1113089999999985
0
LINE
8
BLACK
6
CONTINUOUS
10
304.0323229999999626
20
-55.1113089999999985
11
304.0295019999999795
21
-55.1351409999999973
0
LINE
8
BLACK
6
CONTINUOUS
10
304.0295019999999795
20
-55.1351409999999973
11
304.02647300000001
21
-55.1589469999999977
0
LINE
8
BLACK
6
CONTINUOUS
10
304.02647300000001
20
-55.1589469999999977
11
304.0232369999999946
21
-55.1827259999999953
0
LINE
8
BLACK
6
CONTINUOUS
10
304.0232369999999946
20
-55.1827259999999953
11
304.0197939999999903
21
-55.206475999999995
0
LINE
8
BLACK
6
CONTINUOUS
10
304.0197939999999903
20
-55.206475999999995
11
304.0161429999999996
21
-55.2301949999999948
0
LINE
8
BLACK
6
CONTINUOUS
10
304.0161429999999996
20
-55.2301949999999948
11
304.012284999999963
21
-55.2538809999999998
0
LINE
8
BLACK
6
CONTINUOUS
10
304.012284999999963
20
-55.2538809999999998
11
304.0082209999999918
21
-55.2775320000000008
0
LINE
8
BLACK
6
CONTINUOUS
10
304.0082209999999918
20
-55.2775320000000008
11
304.0039509999999723
21
-55.3011479999999978
0
LINE
8
BLACK
6
CONTINUOUS
10
304.0039509999999723
20
-55.3011479999999978
11
303.9994749999999613
21
-55.3247250000000008
0
LINE
8
BLACK
6
CONTINUOUS
10
303.9994749999999613
20
-55.3247250000000008
11
303.9947929999999587
21
-55.3482619999999983
0
LINE
8
BLACK
6
CONTINUOUS
10
303.9947929999999587
20
-55.3482619999999983
11
303.9899059999999622
21
-55.3717569999999952
0
LINE
8
BLACK
6
CONTINUOUS
10
303.9899059999999622
20
-55.3717569999999952
11
303.9848139999999717
21
-55.3952089999999941
0
LINE
8
BLACK
6
CONTINUOUS
10
303.9848139999999717
20
-55.3952089999999941
11
303.9795179999999846
21
-55.4186149999999955
0
LINE
8
BLACK
6
CONTINUOUS
10
303.9795179999999846
20
-55.4186149999999955
11
303.9740170000000035
21
-55.4419749999999993
0
LINE
8
BLACK
6
CONTINUOUS
10
303.9740170000000035
20
-55.4419749999999993
11
303.9683129999999665
21
-55.4652849999999944
0
LINE
8
BLACK
6
CONTINUOUS
10
303.9683129999999665
20
-55.4652849999999944
11
303.9624059999999872
21
-55.4885449999999949
0
LINE
8
BLACK
6
CONTINUOUS
10
303.9624059999999872
20
-55.4885449999999949
11
303.9562960000000089
21
-55.5117519999999942
0
LINE
8
BLACK
6
CONTINUOUS
10
303.9562960000000089
20
-55.5117519999999942
11
303.9499839999999722
21
-55.5349059999999994
0
LINE
8
BLACK
6
CONTINUOUS
10
303.9499839999999722
20
-55.5349059999999994
11
303.9434699999999907
21
-55.5580029999999994
0
LINE
8
BLACK
6
CONTINUOUS
10
303.9434699999999907
20
-55.5580029999999994
11
303.9367540000000076
21
-55.5810419999999965
0
LINE
8
BLACK
6
CONTINUOUS
10
303.9367540000000076
20
-55.5810419999999965
11
303.9298379999999611
21
-55.6040220000000005
0
LINE
8
BLACK
6
CONTINUOUS
10
303.9298379999999611
20
-55.6040220000000005
11
303.9227219999999647
21
-55.6269409999999951
0
LINE
8
BLACK
6
CONTINUOUS
10
303.9227219999999647
20
-55.6269409999999951
11
303.9154049999999643
21
-55.6497969999999995
0
LINE
8
BLACK
6
CONTINUOUS
10
303.9154049999999643
20
-55.6497969999999995
11
303.907890000000009
21
-55.6725879999999975
0
LINE
8
BLACK
6
CONTINUOUS
10
303.907890000000009
20
-55.6725879999999975
11
303.9001759999999877
21
-55.6953119999999942
0
LINE
8
BLACK
6
CONTINUOUS
10
303.9001759999999877
20
-55.6953119999999942
11
303.8922640000000115
21
-55.7179689999999965
0
LINE
8
BLACK
6
CONTINUOUS
10
303.8922640000000115
20
-55.7179689999999965
11
303.8841549999999643
21
-55.7405550000000005
0
LINE
8
BLACK
6
CONTINUOUS
10
303.8841549999999643
20
-55.7405550000000005
11
303.8758489999999597
21
-55.763069999999999
0
LINE
8
BLACK
6
CONTINUOUS
10
303.8758489999999597
20
-55.763069999999999
11
303.8673459999999977
21
-55.7855119999999971
0
LINE
8
BLACK
6
CONTINUOUS
10
303.8673459999999977
20
-55.7855119999999971
11
303.8586479999999597
21
-55.8078779999999952
0
LINE
8
BLACK
6
CONTINUOUS
10
303.8586479999999597
20
-55.8078779999999952
11
303.8497560000000135
21
-55.8301680000000005
0
LINE
8
BLACK
6
CONTINUOUS
10
303.8497560000000135
20
-55.8301680000000005
11
303.8406689999999912
21
-55.8523789999999991
0
LINE
8
BLACK
6
CONTINUOUS
10
303.8406689999999912
20
-55.8523789999999991
11
303.8329180000000065
21
-55.8708999999999989
0
LINE
8
BLACK
6
CONTINUOUS
10
303.6509519999999611
20
-56.2267189999999957
11
303.6384119999999598
21
-56.2471800000000002
0
LINE
8
BLACK
6
CONTINUOUS
10
303.6384119999999598
20
-56.2471800000000002
11
303.62569400000001
21
-56.2675309999999982
0
LINE
8
BLACK
6
CONTINUOUS
10
303.62569400000001
20
-56.2675309999999982
11
303.6127989999999954
21
-56.2877699999999948
0
LINE
8
BLACK
6
CONTINUOUS
10
303.6127989999999954
20
-56.2877699999999948
11
303.5997279999999705
21
-56.3078959999999995
0
LINE
8
BLACK
6
CONTINUOUS
10
303.5997279999999705
20
-56.3078959999999995
11
303.5864819999999895
21
-56.3279080000000008
0
LINE
8
BLACK
6
CONTINUOUS
10
303.5864819999999895
20
-56.3279080000000008
11
303.5730609999999956
21
-56.347802999999999
0
LINE
8
BLACK
6
CONTINUOUS
10
303.5730609999999956
20
-56.347802999999999
11
303.5594679999999812
21
-56.3675799999999967
0
LINE
8
BLACK
6
CONTINUOUS
10
303.5594679999999812
20
-56.3675799999999967
11
303.5457020000000057
21
-56.3872369999999989
0
LINE
8
BLACK
6
CONTINUOUS
10
303.5457020000000057
20
-56.3872369999999989
11
303.5317660000000046
21
-56.4067739999999986
0
LINE
8
BLACK
6
CONTINUOUS
10
303.5317660000000046
20
-56.4067739999999986
11
303.5176589999999806
21
-56.4261879999999962
0
LINE
8
BLACK
6
CONTINUOUS
10
303.5176589999999806
20
-56.4261879999999962
11
303.5033839999999827
21
-56.4454789999999988
0
LINE
8
BLACK
6
CONTINUOUS
10
303.5033839999999827
20
-56.4454789999999988
11
303.4889400000000137
21
-56.4646439999999998
0
LINE
8
BLACK
6
CONTINUOUS
10
303.4889400000000137
20
-56.4646439999999998
11
303.474330000000009
21
-56.4836829999999992
0
LINE
8
BLACK
6
CONTINUOUS
10
303.474330000000009
20
-56.4836829999999992
11
303.4595549999999662
21
-56.5025929999999974
0
LINE
8
BLACK
6
CONTINUOUS
10
303.4595549999999662
20
-56.5025929999999974
11
303.4446149999999989
21
-56.5213739999999945
0
LINE
8
BLACK
6
CONTINUOUS
10
303.4446149999999989
20
-56.5213739999999945
11
303.4295119999999883
21
-56.5400229999999979
0
LINE
8
BLACK
6
CONTINUOUS
10
303.4295119999999883
20
-56.5400229999999979
11
303.4142459999999915
21
-56.5585400000000007
0
LINE
8
BLACK
6
CONTINUOUS
10
303.4142459999999915
20
-56.5585400000000007
11
303.3988200000000006
21
-56.5769230000000007
0
LINE
8
BLACK
6
CONTINUOUS
10
303.3988200000000006
20
-56.5769230000000007
11
303.3832329999999615
21
-56.5951710000000006
0
LINE
8
BLACK
6
CONTINUOUS
10
303.3832329999999615
20
-56.5951710000000006
11
303.3674879999999803
21
-56.6132819999999981
0
LINE
8
BLACK
6
CONTINUOUS
10
303.3674879999999803
20
-56.6132819999999981
11
303.3515859999999975
21
-56.6312549999999959
0
LINE
8
BLACK
6
CONTINUOUS
10
303.3515859999999975
20
-56.6312549999999959
11
303.3355270000000132
21
-56.649087999999999
0
LINE
8
BLACK
6
CONTINUOUS
10
303.3355270000000132
20
-56.649087999999999
11
303.319313999999963
21
-56.6667810000000003
0
LINE
8
BLACK
6
CONTINUOUS
10
303.319313999999963
20
-56.6667810000000003
11
303.3029459999999631
21
-56.6843319999999977
0
LINE
8
BLACK
6
CONTINUOUS
10
303.3029459999999631
20
-56.6843319999999977
11
303.2864260000000058
21
-56.7017389999999963
0
LINE
8
BLACK
6
CONTINUOUS
10
303.2864260000000058
20
-56.7017389999999963
11
303.2697549999999751
21
-56.7190009999999987
0
LINE
8
BLACK
6
CONTINUOUS
10
303.2697549999999751
20
-56.7190009999999987
11
303.252933999999982
21
-56.7361170000000001
0
LINE
8
BLACK
6
CONTINUOUS
10
303.252933999999982
20
-56.7361170000000001
11
303.2359639999999672
21
-56.7530859999999961
0
LINE
8
BLACK
6
CONTINUOUS
10
303.2359639999999672
20
-56.7530859999999961
11
303.2188469999999825
21
-56.7699049999999943
0
LINE
8
BLACK
6
CONTINUOUS
10
303.2188469999999825
20
-56.7699049999999943
11
303.201582999999971
21
-56.7865749999999991
0
LINE
8
BLACK
6
CONTINUOUS
10
303.201582999999971
20
-56.7865749999999991
11
303.184174999999982
21
-56.8030939999999944
0
LINE
8
BLACK
6
CONTINUOUS
10
303.184174999999982
20
-56.8030939999999944
11
303.1666229999999587
21
-56.8194599999999994
0
LINE
8
BLACK
6
CONTINUOUS
10
303.1666229999999587
20
-56.8194599999999994
11
303.1489290000000096
21
-56.8356719999999953
0
LINE
8
BLACK
6
CONTINUOUS
10
303.1489290000000096
20
-56.8356719999999953
11
303.1310939999999619
21
-56.8517289999999988
0
LINE
8
BLACK
6
CONTINUOUS
10
303.1310939999999619
20
-56.8517289999999988
11
303.1131199999999808
21
-56.8676299999999983
0
LINE
8
BLACK
6
CONTINUOUS
10
303.1131199999999808
20
-56.8676299999999983
11
303.0950080000000071
21
-56.8833739999999963
0
LINE
8
BLACK
6
CONTINUOUS
10
303.0950080000000071
20
-56.8833739999999963
11
303.0767589999999814
21
-56.8989589999999978
0
LINE
8
BLACK
6
CONTINUOUS
10
303.0767589999999814
20
-56.8989589999999978
11
303.058373999999958
21
-56.9143839999999983
0
LINE
8
BLACK
6
CONTINUOUS
10
303.058373999999958
20
-56.9143839999999983
11
303.0398559999999861
21
-56.9296480000000003
0
LINE
8
BLACK
6
CONTINUOUS
10
303.0398559999999861
20
-56.9296480000000003
11
303.0212060000000065
21
-56.9447499999999991
0
LINE
8
BLACK
6
CONTINUOUS
10
303.0212060000000065
20
-56.9447499999999991
11
303.0024239999999622
21
-56.9596879999999999
0
LINE
8
BLACK
6
CONTINUOUS
10
303.0024239999999622
20
-56.9596879999999999
11
302.983511999999962
21
-56.9744619999999955
0
LINE
8
BLACK
6
CONTINUOUS
10
302.983511999999962
20
-56.9744619999999955
11
302.9644729999999981
21
-56.9890709999999956
0
LINE
8
BLACK
6
CONTINUOUS
10
302.9644729999999981
20
-56.9890709999999956
11
302.9453059999999596
21
-57.0035120000000006
0
LINE
8
BLACK
6
CONTINUOUS
10
302.9453059999999596
20
-57.0035120000000006
11
302.9260150000000067
21
-57.017786000000001
0
LINE
8
BLACK
6
CONTINUOUS
10
302.9260150000000067
20
-57.017786000000001
11
302.909780000000012
21
-57.0295989999999975
0
LINE
8
BLACK
6
CONTINUOUS
10
302.5696179999999913
20
-57.2393789999999996
11
302.548281999999972
21
-57.2503659999999996
0
LINE
8
BLACK
6
CONTINUOUS
10
302.548281999999972
20
-57.2503659999999996
11
302.5268509999999651
21
-57.2611659999999958
0
LINE
8
BLACK
6
CONTINUOUS
10
302.5268509999999651
20
-57.2611659999999958
11
302.5053269999999657
21
-57.2717779999999976
0
LINE
8
BLACK
6
CONTINUOUS
10
302.5053269999999657
20
-57.2717779999999976
11
302.4837109999999711
21
-57.2822019999999981
0
LINE
8
BLACK
6
CONTINUOUS
10
302.4837109999999711
20
-57.2822019999999981
11
302.4620049999999765
21
-57.2924369999999996
0
LINE
8
BLACK
6
CONTINUOUS
10
302.4620049999999765
20
-57.2924369999999996
11
302.4402099999999791
21
-57.3024829999999952
0
LINE
8
BLACK
6
CONTINUOUS
10
302.4402099999999791
20
-57.3024829999999952
11
302.4183289999999715
21
-57.3123379999999969
0
LINE
8
BLACK
6
CONTINUOUS
10
302.4183289999999715
20
-57.3123379999999969
11
302.3963620000000105
21
-57.3220010000000002
0
LINE
8
BLACK
6
CONTINUOUS
10
302.3963620000000105
20
-57.3220010000000002
11
302.3743119999999749
21
-57.331471999999998
0
LINE
8
BLACK
6
CONTINUOUS
10
302.3743119999999749
20
-57.331471999999998
11
302.3521799999999757
21
-57.3407509999999974
0
LINE
8
BLACK
6
CONTINUOUS
10
302.3521799999999757
20
-57.3407509999999974
11
302.329968000000008
21
-57.3498359999999963
0
LINE
8
BLACK
6
CONTINUOUS
10
302.329968000000008
20
-57.3498359999999963
11
302.3076780000000099
21
-57.3587269999999947
0
LINE
8
BLACK
6
CONTINUOUS
10
302.3076780000000099
20
-57.3587269999999947
11
302.2853109999999788
21
-57.3674229999999952
0
LINE
8
BLACK
6
CONTINUOUS
10
302.2853109999999788
20
-57.3674229999999952
11
302.2628689999999665
21
-57.3759239999999977
0
LINE
8
BLACK
6
CONTINUOUS
10
302.2628689999999665
20
-57.3759239999999977
11
302.2403529999999705
21
-57.3842280000000002
0
LINE
8
BLACK
6
CONTINUOUS
10
302.2403529999999705
20
-57.3842280000000002
11
302.2177659999999833
21
-57.3923360000000002
0
LINE
8
BLACK
6
CONTINUOUS
10
302.2177659999999833
20
-57.3923360000000002
11
302.1951090000000022
21
-57.4002459999999957
0
LINE
8
BLACK
6
CONTINUOUS
10
302.1951090000000022
20
-57.4002459999999957
11
302.1723839999999655
21
-57.4079580000000007
0
LINE
8
BLACK
6
CONTINUOUS
10
302.1723839999999655
20
-57.4079580000000007
11
302.1495919999999842
21
-57.4154719999999941
0
LINE
8
BLACK
6
CONTINUOUS
10
302.1495919999999842
20
-57.4154719999999941
11
302.126735999999994
21
-57.422785999999995
0
LINE
8
BLACK
6
CONTINUOUS
10
302.126735999999994
20
-57.422785999999995
11
302.1038159999999948
21
-57.4299009999999939
0
LINE
8
BLACK
6
CONTINUOUS
10
302.1038159999999948
20
-57.4299009999999939
11
302.0808359999999766
21
-57.4368149999999957
0
LINE
8
BLACK
6
CONTINUOUS
10
302.0808359999999766
20
-57.4368149999999957
11
302.0577959999999962
21
-57.4435289999999981
0
LINE
8
BLACK
6
CONTINUOUS
10
302.0577959999999962
20
-57.4435289999999981
11
302.0346979999999917
21
-57.4500409999999988
0
LINE
8
BLACK
6
CONTINUOUS
10
302.0346979999999917
20
-57.4500409999999988
11
302.011543999999958
21
-57.4563519999999954
0
LINE
8
BLACK
6
CONTINUOUS
10
302.011543999999958
20
-57.4563519999999954
11
301.9883370000000014
21
-57.4624600000000001
0
LINE
8
BLACK
6
CONTINUOUS
10
301.9883370000000014
20
-57.4624600000000001
11
301.9650760000000105
21
-57.4683649999999986
0
LINE
8
BLACK
6
CONTINUOUS
10
301.9650760000000105
20
-57.4683649999999986
11
301.9417649999999753
21
-57.4740679999999955
0
LINE
8
BLACK
6
CONTINUOUS
10
301.9417649999999753
20
-57.4740679999999955
11
301.9184060000000045
21
-57.4795659999999984
0
LINE
8
BLACK
6
CONTINUOUS
10
301.9184060000000045
20
-57.4795659999999984
11
301.8949989999999843
21
-57.4848609999999951
0
LINE
8
BLACK
6
CONTINUOUS
10
301.8949989999999843
20
-57.4848609999999951
11
301.8715469999999641
21
-57.4899509999999978
0
LINE
8
BLACK
6
CONTINUOUS
10
301.8715469999999641
20
-57.4899509999999978
11
301.8480509999999981
21
-57.4948359999999994
0
LINE
8
BLACK
6
CONTINUOUS
10
301.8480509999999981
20
-57.4948359999999994
11
301.8245129999999676
21
-57.4995159999999998
0
LINE
8
BLACK
6
CONTINUOUS
10
301.8245129999999676
20
-57.4995159999999998
11
301.8009359999999788
21
-57.5039899999999946
0
LINE
8
BLACK
6
CONTINUOUS
10
301.8009359999999788
20
-57.5039899999999946
11
301.7773199999999747
21
-57.5082589999999954
0
LINE
8
BLACK
6
CONTINUOUS
10
301.7773199999999747
20
-57.5082589999999954
11
301.7536690000000021
21
-57.512321
0
LINE
8
BLACK
6
CONTINUOUS
10
301.7536690000000021
20
-57.512321
11
301.7299820000000068
21
-57.516176999999999
0
LINE
8
BLACK
6
CONTINUOUS
10
301.7299820000000068
20
-57.516176999999999
11
301.7062629999999785
21
-57.5198249999999973
0
LINE
8
BLACK
6
CONTINUOUS
10
301.7062629999999785
20
-57.5198249999999973
11
301.6825129999999717
21
-57.523266999999997
0
LINE
8
BLACK
6
CONTINUOUS
10
301.6825129999999717
20
-57.523266999999997
11
301.6587339999999813
21
-57.5265009999999961
0
LINE
8
BLACK
6
CONTINUOUS
10
301.6587339999999813
20
-57.5265009999999961
11
301.6349270000000047
21
-57.5295279999999991
0
LINE
8
BLACK
6
CONTINUOUS
10
301.6349270000000047
20
-57.5295279999999991
11
301.6110949999999775
21
-57.5323469999999944
0
LINE
8
BLACK
6
CONTINUOUS
10
301.6110949999999775
20
-57.5323469999999944
11
301.5872390000000109
21
-57.534957999999996
0
LINE
8
BLACK
6
CONTINUOUS
10
301.5872390000000109
20
-57.534957999999996
11
301.5633609999999862
21
-57.5373599999999996
0
LINE
8
BLACK
6
CONTINUOUS
10
301.5633609999999862
20
-57.5373599999999996
11
301.5394640000000095
21
-57.5395539999999954
0
LINE
8
BLACK
6
CONTINUOUS
10
301.5394640000000095
20
-57.5395539999999954
11
301.519455999999991
21
-57.5412289999999942
0
LINE
8
BLACK
6
CONTINUOUS
10
301.1198190000000068
20
-57.5440909999999946
11
301.0958799999999655
21
-57.5424140000000008
0
LINE
8
BLACK
6
CONTINUOUS
10
301.0958799999999655
20
-57.5424140000000008
11
301.0719560000000001
21
-57.5405279999999948
0
LINE
8
BLACK
6
CONTINUOUS
10
301.0719560000000001
20
-57.5405279999999948
11
301.0480489999999918
21
-57.5384339999999952
0
LINE
8
BLACK
6
CONTINUOUS
10
301.0480489999999918
20
-57.5384339999999952
11
301.0241609999999923
21
-57.5361309999999975
0
LINE
8
BLACK
6
CONTINUOUS
10
301.0241609999999923
20
-57.5361309999999975
11
301.0002949999999942
21
-57.5336199999999991
0
LINE
8
BLACK
6
CONTINUOUS
10
301.0002949999999942
20
-57.5336199999999991
11
300.9764509999999973
21
-57.5308999999999955
0
LINE
8
BLACK
6
CONTINUOUS
10
300.9764509999999973
20
-57.5308999999999955
11
300.9526319999999942
21
-57.5279729999999958
0
LINE
8
BLACK
6
CONTINUOUS
10
300.9526319999999942
20
-57.5279729999999958
11
300.9288399999999797
21
-57.5248379999999955
0
LINE
8
BLACK
6
CONTINUOUS
10
300.9288399999999797
20
-57.5248379999999955
11
300.9050760000000082
21
-57.5214949999999945
0
LINE
8
BLACK
6
CONTINUOUS
10
300.9050760000000082
20
-57.5214949999999945
11
300.8813409999999635
21
-57.5179449999999974
0
LINE
8
BLACK
6
CONTINUOUS
10
300.8813409999999635
20
-57.5179449999999974
11
300.857639000000006
21
-57.5141879999999972
0
LINE
8
BLACK
6
CONTINUOUS
10
300.857639000000006
20
-57.5141879999999972
11
300.8339709999999627
21
-57.5102240000000009
0
LINE
8
BLACK
6
CONTINUOUS
10
300.8339709999999627
20
-57.5102240000000009
11
300.8103370000000041
21
-57.5060539999999989
0
LINE
8
BLACK
6
CONTINUOUS
10
300.8103370000000041
20
-57.5060539999999989
11
300.7867420000000038
21
-57.5016779999999983
0
LINE
8
BLACK
6
CONTINUOUS
10
300.7867420000000038
20
-57.5016779999999983
11
300.7631849999999645
21
-57.4970959999999991
0
LINE
8
BLACK
6
CONTINUOUS
10
300.7631849999999645
20
-57.4970959999999991
11
300.7396689999999921
21
-57.4923089999999988
0
LINE
8
BLACK
6
CONTINUOUS
10
300.7396689999999921
20
-57.4923089999999988
11
300.7161959999999681
21
-57.4873169999999973
0
LINE
8
BLACK
6
CONTINUOUS
10
300.7161959999999681
20
-57.4873169999999973
11
300.6927670000000035
21
-57.4821199999999948
0
LINE
8
BLACK
6
CONTINUOUS
10
300.6927670000000035
20
-57.4821199999999948
11
300.669384999999977
21
-57.4767189999999957
0
LINE
8
BLACK
6
CONTINUOUS
10
300.669384999999977
20
-57.4767189999999957
11
300.6460500000000025
21
-57.471114
0
LINE
8
BLACK
6
CONTINUOUS
10
300.6460500000000025
20
-57.471114
11
300.6227649999999585
21
-57.4653050000000007
0
LINE
8
BLACK
6
CONTINUOUS
10
300.6227649999999585
20
-57.4653050000000007
11
300.5995320000000106
21
-57.4592939999999999
0
LINE
8
BLACK
6
CONTINUOUS
10
300.5995320000000106
20
-57.4592939999999999
11
300.5763529999999832
21
-57.4530799999999999
0
LINE
8
BLACK
6
CONTINUOUS
10
300.5763529999999832
20
-57.4530799999999999
11
300.5532279999999901
21
-57.4466639999999984
0
LINE
8
BLACK
6
CONTINUOUS
10
300.5532279999999901
20
-57.4466639999999984
11
300.5301599999999667
21
-57.4400469999999999
0
LINE
8
BLACK
6
CONTINUOUS
10
300.5301599999999667
20
-57.4400469999999999
11
300.5071509999999648
21
-57.4332279999999997
0
LINE
8
BLACK
6
CONTINUOUS
10
300.5071509999999648
20
-57.4332279999999997
11
300.484201999999982
21
-57.4262090000000001
0
LINE
8
BLACK
6
CONTINUOUS
10
300.484201999999982
20
-57.4262090000000001
11
300.4613160000000107
21
-57.4189900000000009
0
LINE
8
BLACK
6
CONTINUOUS
10
300.4613160000000107
20
-57.4189900000000009
11
300.438492999999994
21
-57.411570999999995
0
LINE
8
BLACK
6
CONTINUOUS
10
300.438492999999994
20
-57.411570999999995
11
300.4157359999999812
21
-57.4039539999999988
0
LINE
8
BLACK
6
CONTINUOUS
10
300.4157359999999812
20
-57.4039539999999988
11
300.3930459999999698
21
-57.3961380000000005
0
LINE
8
BLACK
6
CONTINUOUS
10
300.3930459999999698
20
-57.3961380000000005
11
300.3704250000000116
21
-57.3881249999999952
0
LINE
8
BLACK
6
CONTINUOUS
10
300.3704250000000116
20
-57.3881249999999952
11
300.3478749999999877
21
-57.3799139999999994
0
LINE
8
BLACK
6
CONTINUOUS
10
300.3478749999999877
20
-57.3799139999999994
11
300.325398000000007
21
-57.371506999999994
0
LINE
8
BLACK
6
CONTINUOUS
10
300.325398000000007
20
-57.371506999999994
11
300.3029940000000124
21
-57.3629049999999978
0
LINE
8
BLACK
6
CONTINUOUS
10
300.3029940000000124
20
-57.3629049999999978
11
300.280666999999994
21
-57.3541069999999991
0
LINE
8
BLACK
6
CONTINUOUS
10
300.280666999999994
20
-57.3541069999999991
11
300.2584170000000086
21
-57.3451139999999953
0
LINE
8
BLACK
6
CONTINUOUS
10
300.2584170000000086
20
-57.3451139999999953
11
300.2362469999999917
21
-57.3359279999999956
0
LINE
8
BLACK
6
CONTINUOUS
10
300.2362469999999917
20
-57.3359279999999956
11
300.2141579999999976
21
-57.3265479999999954
0
LINE
8
BLACK
6
CONTINUOUS
10
300.2141579999999976
20
-57.3265479999999954
11
300.1921509999999671
21
-57.3169759999999968
0
LINE
8
BLACK
6
CONTINUOUS
10
300.1921509999999671
20
-57.3169759999999968
11
300.1702290000000062
21
-57.3072129999999973
0
LINE
8
BLACK
6
CONTINUOUS
10
300.1702290000000062
20
-57.3072129999999973
11
300.1483920000000012
21
-57.2972579999999994
0
LINE
8
BLACK
6
CONTINUOUS
10
300.1483920000000012
20
-57.2972579999999994
11
300.1266439999999989
21
-57.2871139999999954
0
LINE
8
BLACK
6
CONTINUOUS
10
300.1266439999999989
20
-57.2871139999999954
11
300.1049849999999992
21
-57.2767799999999951
0
LINE
8
BLACK
6
CONTINUOUS
10
300.1049849999999992
20
-57.2767799999999951
11
300.0834159999999997
21
-57.266256999999996
0
LINE
8
BLACK
6
CONTINUOUS
10
300.0834159999999997
20
-57.266256999999996
11
300.0654429999999593
21
-57.2573089999999993
0
LINE
8
BLACK
6
CONTINUOUS
10
299.7223119999999881
20
-57.0524209999999954
11
299.7027160000000094
21
-57.0385679999999979
0
LINE
8
BLACK
6
CONTINUOUS
10
299.7027160000000094
20
-57.0385679999999979
11
299.683242000000007
21
-57.0245439999999988
0
LINE
8
BLACK
6
CONTINUOUS
10
299.683242000000007
20
-57.0245439999999988
11
299.6638909999999782
21
-57.0103499999999954
0
LINE
8
BLACK
6
CONTINUOUS
10
299.6638909999999782
20
-57.0103499999999954
11
299.644664999999975
21
-56.995987999999997
0
LINE
8
BLACK
6
CONTINUOUS
10
299.644664999999975
20
-56.995987999999997
11
299.6255639999999971
21
-56.981459000000001
0
LINE
8
BLACK
6
CONTINUOUS
10
299.6255639999999971
20
-56.981459000000001
11
299.6065919999999778
21
-56.9667639999999977
0
LINE
8
BLACK
6
CONTINUOUS
10
299.6065919999999778
20
-56.9667639999999977
11
299.5877479999999764
21
-56.951903999999999
0
LINE
8
BLACK
6
CONTINUOUS
10
299.5877479999999764
20
-56.951903999999999
11
299.5690339999999878
21
-56.9368799999999951
0
LINE
8
BLACK
6
CONTINUOUS
10
299.5690339999999878
20
-56.9368799999999951
11
299.5504530000000045
21
-56.9216939999999951
0
LINE
8
BLACK
6
CONTINUOUS
10
299.5504530000000045
20
-56.9216939999999951
11
299.5320039999999722
21
-56.9063449999999946
0
LINE
8
BLACK
6
CONTINUOUS
10
299.5320039999999722
20
-56.9063449999999946
11
299.5136899999999969
21
-56.8908369999999977
0
LINE
8
BLACK
6
CONTINUOUS
10
299.5136899999999969
20
-56.8908369999999977
11
299.4955129999999599
21
-56.8751689999999996
0
LINE
8
BLACK
6
CONTINUOUS
10
299.4955129999999599
20
-56.8751689999999996
11
299.4774719999999775
21
-56.8593429999999955
0
LINE
8
BLACK
6
CONTINUOUS
10
299.4774719999999775
20
-56.8593429999999955
11
299.4595709999999826
21
-56.843359999999997
0
LINE
8
BLACK
6
CONTINUOUS
10
299.4595709999999826
20
-56.843359999999997
11
299.4418089999999779
21
-56.827221999999999
0
LINE
8
BLACK
6
CONTINUOUS
10
299.4418089999999779
20
-56.827221999999999
11
299.4241900000000101
21
-56.8109289999999945
0
LINE
8
BLACK
6
CONTINUOUS
10
299.4241900000000101
20
-56.8109289999999945
11
299.4067129999999679
21
-56.7944829999999996
0
LINE
8
BLACK
6
CONTINUOUS
10
299.4067129999999679
20
-56.7944829999999996
11
299.3893799999999601
21
-56.7778849999999977
0
LINE
8
BLACK
6
CONTINUOUS
10
299.3893799999999601
20
-56.7778849999999977
11
299.3721919999999841
21
-56.761136999999998
0
LINE
8
BLACK
6
CONTINUOUS
10
299.3721919999999841
20
-56.761136999999998
11
299.3551519999999755
21
-56.7442390000000003
0
LINE
8
BLACK
6
CONTINUOUS
10
299.3551519999999755
20
-56.7442390000000003
11
299.3382589999999936
21
-56.7271929999999998
0
LINE
8
BLACK
6
CONTINUOUS
10
299.3382589999999936
20
-56.7271929999999998
11
299.3215159999999742
21
-56.7100009999999983
0
LINE
8
BLACK
6
CONTINUOUS
10
299.3215159999999742
20
-56.7100009999999983
11
299.3049239999999713
21
-56.692662999999996
0
LINE
8
BLACK
6
CONTINUOUS
10
299.3049239999999713
20
-56.692662999999996
11
299.2884839999999826
21
-56.6751799999999974
0
LINE
8
BLACK
6
CONTINUOUS
10
299.2884839999999826
20
-56.6751799999999974
11
299.2721960000000081
21
-56.6575559999999996
0
LINE
8
BLACK
6
CONTINUOUS
10
299.2721960000000081
20
-56.6575559999999996
11
299.2560639999999808
21
-56.6397890000000004
0
LINE
8
BLACK
6
CONTINUOUS
10
299.2560639999999808
20
-56.6397890000000004
11
299.2400859999999625
21
-56.6218829999999969
0
LINE
8
BLACK
6
CONTINUOUS
10
299.2400859999999625
20
-56.6218829999999969
11
299.2242660000000001
21
-56.6038369999999986
0
LINE
8
BLACK
6
CONTINUOUS
10
299.2242660000000001
20
-56.6038369999999986
11
299.2086039999999798
21
-56.5856549999999956
0
LINE
8
BLACK
6
CONTINUOUS
10
299.2086039999999798
20
-56.5856549999999956
11
299.1931010000000128
21
-56.5673359999999974
0
LINE
8
BLACK
6
CONTINUOUS
10
299.1931010000000128
20
-56.5673359999999974
11
299.177757999999983
21
-56.5488829999999965
0
LINE
8
BLACK
6
CONTINUOUS
10
299.177757999999983
20
-56.5488829999999965
11
299.1625779999999963
21
-56.5302959999999999
0
LINE
8
BLACK
6
CONTINUOUS
10
299.1625779999999963
20
-56.5302959999999999
11
299.1475590000000011
21
-56.5115780000000001
0
LINE
8
BLACK
6
CONTINUOUS
10
299.1475590000000011
20
-56.5115780000000001
11
299.1327049999999872
21
-56.4927299999999946
0
LINE
8
BLACK
6
CONTINUOUS
10
299.1327049999999872
20
-56.4927299999999946
11
299.1180160000000114
21
-56.4737519999999975
0
LINE
8
BLACK
6
CONTINUOUS
10
299.1180160000000114
20
-56.4737519999999975
11
299.1034930000000145
21
-56.4546469999999943
0
LINE
8
BLACK
6
CONTINUOUS
10
299.1034930000000145
20
-56.4546469999999943
11
299.0891369999999938
21
-56.4354159999999965
0
LINE
8
BLACK
6
CONTINUOUS
10
299.0891369999999938
20
-56.4354159999999965
11
299.0749500000000012
21
-56.4160609999999991
0
LINE
8
BLACK
6
CONTINUOUS
10
299.0749500000000012
20
-56.4160609999999991
11
299.0609319999999798
21
-56.3965819999999951
0
LINE
8
BLACK
6
CONTINUOUS
10
299.0609319999999798
20
-56.3965819999999951
11
299.0470849999999814
21
-56.3769819999999982
0
LINE
8
BLACK
6
CONTINUOUS
10
299.0470849999999814
20
-56.3769819999999982
11
299.033409000000006
21
-56.3572619999999986
0
LINE
8
BLACK
6
CONTINUOUS
10
299.033409000000006
20
-56.3572619999999986
11
299.0199059999999918
21
-56.337422999999994
0
LINE
8
BLACK
6
CONTINUOUS
10
299.0199059999999918
20
-56.337422999999994
11
299.0065759999999955
21
-56.3174679999999981
0
LINE
8
BLACK
6
CONTINUOUS
10
299.0065759999999955
20
-56.3174679999999981
11
298.9934210000000121
21
-56.2973959999999991
0
LINE
8
BLACK
6
CONTINUOUS
10
298.9934210000000121
20
-56.2973959999999991
11
298.9804419999999823
21
-56.2772109999999941
0
LINE
8
BLACK
6
CONTINUOUS
10
298.9804419999999823
20
-56.2772109999999941
11
298.9697189999999978
21
-56.2602369999999965
0
LINE
8
BLACK
6
CONTINUOUS
10
298.7826769999999783
20
-55.9070609999999988
11
298.7731119999999692
21
-55.8850509999999971
0
LINE
8
BLACK
6
CONTINUOUS
10
298.7731119999999692
20
-55.8850509999999971
11
298.7637389999999868
21
-55.8629589999999965
0
LINE
8
BLACK
6
CONTINUOUS
10
298.7637389999999868
20
-55.8629589999999965
11
298.7545599999999695
21
-55.8407849999999968
0
LINE
8
BLACK
6
CONTINUOUS
10
298.7545599999999695
20
-55.8407849999999968
11
298.7455739999999764
21
-55.8185329999999951
0
LINE
8
BLACK
6
CONTINUOUS
10
298.7455739999999764
20
-55.8185329999999951
11
298.7367830000000026
21
-55.7962029999999984
0
LINE
8
BLACK
6
CONTINUOUS
10
298.7367830000000026
20
-55.7962029999999984
11
298.7281869999999913
21
-55.7737969999999947
0
LINE
8
BLACK
6
CONTINUOUS
10
298.7281869999999913
20
-55.7737969999999947
11
298.7197879999999941
21
-55.7513170000000002
0
LINE
8
BLACK
6
CONTINUOUS
10
298.7197879999999941
20
-55.7513170000000002
11
298.7115839999999594
21
-55.7287639999999982
0
LINE
8
BLACK
6
CONTINUOUS
10
298.7115839999999594
20
-55.7287639999999982
11
298.7035779999999932
21
-55.7061409999999952
0
LINE
8
BLACK
6
CONTINUOUS
10
298.7035779999999932
20
-55.7061409999999952
11
298.6957689999999843
21
-55.683448999999996
0
LINE
8
BLACK
6
CONTINUOUS
10
298.6957689999999843
20
-55.683448999999996
11
298.6881589999999846
21
-55.6606889999999979
0
LINE
8
BLACK
6
CONTINUOUS
10
298.6881589999999846
20
-55.6606889999999979
11
298.6807469999999967
21
-55.6378640000000004
0
LINE
8
BLACK
6
CONTINUOUS
10
298.6807469999999967
20
-55.6378640000000004
11
298.6735360000000128
21
-55.6149749999999941
0
LINE
8
BLACK
6
CONTINUOUS
10
298.6735360000000128
20
-55.6149749999999941
11
298.6665239999999812
21
-55.592023999999995
0
LINE
8
BLACK
6
CONTINUOUS
10
298.6665239999999812
20
-55.592023999999995
11
298.6597120000000132
21
-55.5690129999999982
0
LINE
8
BLACK
6
CONTINUOUS
10
298.6597120000000132
20
-55.5690129999999982
11
298.6531019999999899
21
-55.5459429999999941
0
LINE
8
BLACK
6
CONTINUOUS
10
298.6531019999999899
20
-55.5459429999999941
11
298.6466929999999707
21
-55.5228159999999988
0
LINE
8
BLACK
6
CONTINUOUS
10
298.6466929999999707
20
-55.5228159999999988
11
298.6404870000000074
21
-55.4996349999999978
0
LINE
8
BLACK
6
CONTINUOUS
10
298.6404870000000074
20
-55.4996349999999978
11
298.6344829999999888
21
-55.4763999999999982
0
LINE
8
BLACK
6
CONTINUOUS
10
298.6344829999999888
20
-55.4763999999999982
11
298.6286809999999718
21
-55.4531129999999948
0
LINE
8
BLACK
6
CONTINUOUS
10
298.6286809999999718
20
-55.4531129999999948
11
298.6230840000000057
21
-55.4297769999999943
0
LINE
8
BLACK
6
CONTINUOUS
10
298.6230840000000057
20
-55.4297769999999943
11
298.6176899999999819
21
-55.4063929999999942
0
LINE
8
BLACK
6
CONTINUOUS
10
298.6176899999999819
20
-55.4063929999999942
11
298.6125000000000114
21
-55.3829619999999991
0
LINE
8
BLACK
6
CONTINUOUS
10
298.6125000000000114
20
-55.3829619999999991
11
298.607514999999978
21
-55.3594879999999989
0
LINE
8
BLACK
6
CONTINUOUS
10
298.607514999999978
20
-55.3594879999999989
11
298.6027349999999956
21
-55.3359699999999961
0
LINE
8
BLACK
6
CONTINUOUS
10
298.6027349999999956
20
-55.3359699999999961
11
298.5981610000000046
21
-55.3124119999999948
0
LINE
8
BLACK
6
CONTINUOUS
10
298.5981610000000046
20
-55.3124119999999948
11
298.5937920000000076
21
-55.2888149999999996
0
LINE
8
BLACK
6
CONTINUOUS
10
298.5937920000000076
20
-55.2888149999999996
11
298.5896299999999997
21
-55.2651809999999983
0
LINE
8
BLACK
6
CONTINUOUS
10
298.5896299999999997
20
-55.2651809999999983
11
298.5856739999999832
21
-55.2415109999999956
0
LINE
8
BLACK
6
CONTINUOUS
10
298.5856739999999832
20
-55.2415109999999956
11
298.5819239999999581
21
-55.2178070000000005
0
LINE
8
BLACK
6
CONTINUOUS
10
298.5819239999999581
20
-55.2178070000000005
11
298.5783809999999789
21
-55.1940719999999985
0
LINE
8
BLACK
6
CONTINUOUS
10
298.5783809999999789
20
-55.1940719999999985
11
298.5750459999999862
21
-55.170306999999994
0
LINE
8
BLACK
6
CONTINUOUS
10
298.5750459999999862
20
-55.170306999999994
11
298.5719179999999824
21
-55.1465129999999988
0
LINE
8
BLACK
6
CONTINUOUS
10
298.5719179999999824
20
-55.1465129999999988
11
298.5689989999999625
21
-55.1226929999999982
0
LINE
8
BLACK
6
CONTINUOUS
10
298.5689989999999625
20
-55.1226929999999982
11
298.5662869999999884
21
-55.0988489999999942
0
LINE
8
BLACK
6
CONTINUOUS
10
298.5662869999999884
20
-55.0988489999999942
11
298.5637830000000008
21
-55.0749819999999985
0
LINE
8
BLACK
6
CONTINUOUS
10
298.5637830000000008
20
-55.0749819999999985
11
298.5614869999999996
21
-55.0510929999999945
0
LINE
8
BLACK
6
CONTINUOUS
10
298.5614869999999996
20
-55.0510929999999945
11
298.5593999999999824
21
-55.0271860000000004
0
LINE
8
BLACK
6
CONTINUOUS
10
298.5593999999999824
20
-55.0271860000000004
11
298.5575220000000058
21
-55.0032609999999949
0
LINE
8
BLACK
6
CONTINUOUS
10
298.5575220000000058
20
-55.0032609999999949
11
298.5558530000000133
21
-54.9793209999999988
0
LINE
8
BLACK
6
CONTINUOUS
10
298.5558530000000133
20
-54.9793209999999988
11
298.5543920000000071
21
-54.955368
0
LINE
8
BLACK
6
CONTINUOUS
10
298.5543920000000071
20
-54.955368
11
298.5531409999999823
21
-54.9314019999999985
0
LINE
8
BLACK
6
CONTINUOUS
10
298.5531409999999823
20
-54.9314019999999985
11
298.5520989999999983
21
-54.9074269999999984
0
LINE
8
BLACK
6
CONTINUOUS
10
298.5520989999999983
20
-54.9074269999999984
11
298.5512659999999983
21
-54.8834429999999998
0
LINE
8
BLACK
6
CONTINUOUS
10
298.5512659999999983
20
-54.8834429999999998
11
298.5506429999999796
21
-54.8594529999999949
0
LINE
8
BLACK
6
CONTINUOUS
10
298.5506429999999796
20
-54.8594529999999949
11
298.5502819999999815
21
-54.8393779999999964
0
LINE
8
BLACK
6
CONTINUOUS
10
298.5736109999999712
20
-54.4404119999999949
11
298.5768529999999714
21
-54.4166339999999948
0
LINE
8
BLACK
6
CONTINUOUS
10
298.5768529999999714
20
-54.4166339999999948
11
298.5803019999999606
21
-54.3928849999999997
0
LINE
8
BLACK
6
CONTINUOUS
10
298.5803019999999606
20
-54.3928849999999997
11
298.5839579999999955
21
-54.3691669999999974
0
LINE
8
BLACK
6
CONTINUOUS
10
298.5839579999999955
20
-54.3691669999999974
11
298.5878209999999626
21
-54.345481999999997
0
LINE
8
BLACK
6
CONTINUOUS
10
298.5878209999999626
20
-54.345481999999997
11
298.5918909999999755
21
-54.321830999999996
0
LINE
8
BLACK
6
CONTINUOUS
10
298.5918909999999755
20
-54.321830999999996
11
298.5961669999999799
21
-54.2982170000000011
0
LINE
8
BLACK
6
CONTINUOUS
10
298.5961669999999799
20
-54.2982170000000011
11
298.6006489999999758
21
-54.2746409999999955
0
LINE
8
BLACK
6
CONTINUOUS
10
298.6006489999999758
20
-54.2746409999999955
11
298.6053359999999657
21
-54.2511049999999955
0
LINE
8
BLACK
6
CONTINUOUS
10
298.6053359999999657
20
-54.2511049999999955
11
298.6102280000000064
21
-54.227610999999996
0
LINE
8
BLACK
6
CONTINUOUS
10
298.6102280000000064
20
-54.227610999999996
11
298.6153259999999818
21
-54.2041599999999946
0
LINE
8
BLACK
6
CONTINUOUS
10
298.6153259999999818
20
-54.2041599999999946
11
298.6206280000000106
21
-54.1807549999999978
0
LINE
8
BLACK
6
CONTINUOUS
10
298.6206280000000106
20
-54.1807549999999978
11
298.6261339999999791
21
-54.157396999999996
0
LINE
8
BLACK
6
CONTINUOUS
10
298.6261339999999791
20
-54.157396999999996
11
298.6318430000000035
21
-54.1340879999999984
0
LINE
8
BLACK
6
CONTINUOUS
10
298.6318430000000035
20
-54.1340879999999984
11
298.6377559999999676
21
-54.11083
0
LINE
8
BLACK
6
CONTINUOUS
10
298.6377559999999676
20
-54.11083
11
298.6438709999999901
21
-54.0876239999999981
0
LINE
8
BLACK
6
CONTINUOUS
10
298.6438709999999901
20
-54.0876239999999981
11
298.6501890000000117
21
-54.064471999999995
0
LINE
8
BLACK
6
CONTINUOUS
10
298.6501890000000117
20
-54.064471999999995
11
298.6567079999999805
21
-54.0413759999999996
0
LINE
8
BLACK
6
CONTINUOUS
10
298.6567079999999805
20
-54.0413759999999996
11
298.6634290000000078
21
-54.018338
0
LINE
8
BLACK
6
CONTINUOUS
10
298.6634290000000078
20
-54.018338
11
298.6703509999999824
21
-53.995359999999998
0
LINE
8
BLACK
6
CONTINUOUS
10
298.6703509999999824
20
-53.995359999999998
11
298.6774729999999636
21
-53.9724429999999984
0
LINE
8
BLACK
6
CONTINUOUS
10
298.6774729999999636
20
-53.9724429999999984
11
298.6847940000000108
21
-53.949588999999996
0
LINE
8
BLACK
6
CONTINUOUS
10
298.6847940000000108
20
-53.949588999999996
11
298.6923150000000078
21
-53.9268000000000001
0
LINE
8
BLACK
6
CONTINUOUS
10
298.6923150000000078
20
-53.9268000000000001
11
298.7000339999999596
21
-53.9040770000000009
0
LINE
8
BLACK
6
CONTINUOUS
10
298.7000339999999596
20
-53.9040770000000009
11
298.7079519999999775
21
-53.8814220000000006
0
LINE
8
BLACK
6
CONTINUOUS
10
298.7079519999999775
20
-53.8814220000000006
11
298.7160660000000121
21
-53.8588379999999987
0
LINE
8
BLACK
6
CONTINUOUS
10
298.7160660000000121
20
-53.8588379999999987
11
298.7243780000000015
21
-53.8363249999999951
0
LINE
8
BLACK
6
CONTINUOUS
10
298.7243780000000015
20
-53.8363249999999951
11
298.7328850000000102
21
-53.8138849999999991
0
LINE
8
BLACK
6
CONTINUOUS
10
298.7328850000000102
20
-53.8138849999999991
11
298.7415889999999763
21
-53.7915209999999959
0
LINE
8
BLACK
6
CONTINUOUS
10
298.7415889999999763
20
-53.7915209999999959
11
298.7504859999999667
21
-53.7692329999999998
0
LINE
8
BLACK
6
CONTINUOUS
10
298.7504859999999667
20
-53.7692329999999998
11
298.7595789999999738
21
-53.7470239999999961
0
LINE
8
BLACK
6
CONTINUOUS
10
298.7595789999999738
20
-53.7470239999999961
11
298.7688640000000078
21
-53.7248949999999965
0
LINE
8
BLACK
6
CONTINUOUS
10
298.7688640000000078
20
-53.7248949999999965
11
298.7783420000000092
21
-53.7028479999999959
0
LINE
8
BLACK
6
CONTINUOUS
10
298.7783420000000092
20
-53.7028479999999959
11
298.7880129999999781
21
-53.6808839999999989
0
LINE
8
BLACK
6
CONTINUOUS
10
298.7880129999999781
20
-53.6808839999999989
11
298.7978739999999789
21
-53.659005999999998
0
LINE
8
BLACK
6
CONTINUOUS
10
298.7978739999999789
20
-53.659005999999998
11
298.8079270000000065
21
-53.6372140000000002
0
LINE
8
BLACK
6
CONTINUOUS
10
298.8079270000000065
20
-53.6372140000000002
11
298.8181690000000117
21
-53.6155109999999979
0
LINE
8
BLACK
6
CONTINUOUS
10
298.8181690000000117
20
-53.6155109999999979
11
298.8285999999999945
21
-53.5938990000000004
0
LINE
8
BLACK
6
CONTINUOUS
10
298.8285999999999945
20
-53.5938990000000004
11
298.8392190000000141
21
-53.5723780000000005
0
LINE
8
BLACK
6
CONTINUOUS
10
298.8392190000000141
20
-53.5723780000000005
11
298.8500249999999596
21
-53.5509509999999977
0
LINE
8
BLACK
6
CONTINUOUS
10
298.8500249999999596
20
-53.5509509999999977
11
298.8610189999999989
21
-53.5296179999999993
0
LINE
8
BLACK
6
CONTINUOUS
10
298.8610189999999989
20
-53.5296179999999993
11
298.8721969999999715
21
-53.5083829999999949
0
LINE
8
BLACK
6
CONTINUOUS
10
298.8721969999999715
20
-53.5083829999999949
11
298.8835609999999861
21
-53.487245999999999
0
LINE
8
BLACK
6
CONTINUOUS
10
298.8835609999999861
20
-53.487245999999999
11
298.8951089999999908
21
-53.4662089999999992
0
LINE
8
BLACK
6
CONTINUOUS
10
298.8951089999999908
20
-53.4662089999999992
11
298.9068399999999883
21
-53.4452730000000003
0
LINE
8
BLACK
6
CONTINUOUS
10
298.9068399999999883
20
-53.4452730000000003
11
298.9187529999999811
21
-53.4244409999999945
0
LINE
8
BLACK
6
CONTINUOUS
10
298.9187529999999811
20
-53.4244409999999945
11
298.9288589999999886
21
-53.4070919999999987
0
LINE
8
BLACK
6
CONTINUOUS
10
299.1557899999999677
20
-53.0781229999999979
11
299.1708969999999681
21
-53.0594770000000011
0
LINE
8
BLACK
6
CONTINUOUS
10
299.1708969999999681
20
-53.0594770000000011
11
299.1861670000000117
21
-53.0409629999999979
0
LINE
8
BLACK
6
CONTINUOUS
10
299.1861670000000117
20
-53.0409629999999979
11
299.20159799999999
21
-53.0225839999999948
0
LINE
8
BLACK
6
CONTINUOUS
10
299.20159799999999
20
-53.0225839999999948
11
299.2171879999999646
21
-53.0043399999999991
0
LINE
8
BLACK
6
CONTINUOUS
10
299.2171879999999646
20
-53.0043399999999991
11
299.2329379999999901
21
-52.9862320000000011
0
LINE
8
BLACK
6
CONTINUOUS
10
299.2329379999999901
20
-52.9862320000000011
11
299.2488439999999628
21
-52.9682630000000003
0
LINE
8
BLACK
6
CONTINUOUS
10
299.2488439999999628
20
-52.9682630000000003
11
299.2649069999999938
21
-52.9504329999999968
0
LINE
8
BLACK
6
CONTINUOUS
10
299.2649069999999938
20
-52.9504329999999968
11
299.2811249999999745
21
-52.932744999999997
0
LINE
8
BLACK
6
CONTINUOUS
10
299.2811249999999745
20
-52.932744999999997
11
299.2974959999999669
21
-52.9151979999999966
0
LINE
8
BLACK
6
CONTINUOUS
10
299.2974959999999669
20
-52.9151979999999966
11
299.3140199999999709
21
-52.897794999999995
0
LINE
8
BLACK
6
CONTINUOUS
10
299.3140199999999709
20
-52.897794999999995
11
299.330695999999989
21
-52.8805359999999993
0
LINE
8
BLACK
6
CONTINUOUS
10
299.330695999999989
20
-52.8805359999999993
11
299.347520999999972
21
-52.8634239999999949
0
LINE
8
BLACK
6
CONTINUOUS
10
299.347520999999972
20
-52.8634239999999949
11
299.3644949999999767
21
-52.8464600000000004
0
LINE
8
BLACK
6
CONTINUOUS
10
299.3644949999999767
20
-52.8464600000000004
11
299.3816160000000082
21
-52.8296439999999947
0
LINE
8
BLACK
6
CONTINUOUS
10
299.3816160000000082
20
-52.8296439999999947
11
299.3988840000000096
21
-52.8129780000000011
0
LINE
8
BLACK
6
CONTINUOUS
10
299.3988840000000096
20
-52.8129780000000011
11
299.4162959999999885
21
-52.7964629999999957
0
LINE
8
BLACK
6
CONTINUOUS
10
299.4162959999999885
20
-52.7964629999999957
11
299.4338510000000042
21
-52.7801019999999994
0
LINE
8
BLACK
6
CONTINUOUS
10
299.4338510000000042
20
-52.7801019999999994
11
299.451549
21
-52.7638929999999959
0
LINE
8
BLACK
6
CONTINUOUS
10
299.451549
20
-52.7638929999999959
11
299.4693879999999808
21
-52.7478399999999965
0
LINE
8
BLACK
6
CONTINUOUS
10
299.4693879999999808
20
-52.7478399999999965
11
299.4873660000000086
21
-52.7319439999999986
0
LINE
8
BLACK
6
CONTINUOUS
10
299.4873660000000086
20
-52.7319439999999986
11
299.5054819999999722
21
-52.7162039999999976
0
LINE
8
BLACK
6
CONTINUOUS
10
299.5054819999999722
20
-52.7162039999999976
11
299.5237339999999904
21
-52.7006239999999977
0
LINE
8
BLACK
6
CONTINUOUS
10
299.5237339999999904
20
-52.7006239999999977
11
299.5421220000000062
21
-52.6852029999999942
0
LINE
8
BLACK
6
CONTINUOUS
10
299.5421220000000062
20
-52.6852029999999942
11
299.5606439999999679
21
-52.6699429999999964
0
LINE
8
BLACK
6
CONTINUOUS
10
299.5606439999999679
20
-52.6699429999999964
11
299.5792979999999943
21
-52.6548459999999992
0
LINE
8
BLACK
6
CONTINUOUS
10
299.5792979999999943
20
-52.6548459999999992
11
299.5980839999999716
21
-52.6399119999999954
0
LINE
8
BLACK
6
CONTINUOUS
10
299.5980839999999716
20
-52.6399119999999954
11
299.6169989999999643
21
-52.6251419999999968
0
LINE
8
BLACK
6
CONTINUOUS
10
299.6169989999999643
20
-52.6251419999999968
11
299.6360419999999749
21
-52.6105379999999982
0
LINE
8
BLACK
6
CONTINUOUS
10
299.6360419999999749
20
-52.6105379999999982
11
299.6552110000000084
21
-52.5961009999999973
0
LINE
8
BLACK
6
CONTINUOUS
10
299.6552110000000084
20
-52.5961009999999973
11
299.674506000000008
21
-52.5818319999999986
0
LINE
8
BLACK
6
CONTINUOUS
10
299.674506000000008
20
-52.5818319999999986
11
299.6939249999999788
21
-52.5677309999999949
0
LINE
8
BLACK
6
CONTINUOUS
10
299.6939249999999788
20
-52.5677309999999949
11
299.7134659999999826
21
-52.553801
0
LINE
8
BLACK
6
CONTINUOUS
10
299.7134659999999826
20
-52.553801
11
299.7331279999999651
21
-52.5400409999999951
0
LINE
8
BLACK
6
CONTINUOUS
10
299.7331279999999651
20
-52.5400409999999951
11
299.7529099999999858
21
-52.5264540000000011
0
LINE
8
BLACK
6
CONTINUOUS
10
299.7529099999999858
20
-52.5264540000000011
11
299.7728089999999952
21
-52.5130399999999966
0
LINE
8
BLACK
6
CONTINUOUS
10
299.7728089999999952
20
-52.5130399999999966
11
299.792823999999996
21
-52.4998000000000005
0
LINE
8
BLACK
6
CONTINUOUS
10
299.792823999999996
20
-52.4998000000000005
11
299.8129539999999906
21
-52.4867349999999959
0
LINE
8
BLACK
6
CONTINUOUS
10
299.8129539999999906
20
-52.4867349999999959
11
299.8331979999999817
21
-52.4738459999999947
0
LINE
8
BLACK
6
CONTINUOUS
10
299.8331979999999817
20
-52.4738459999999947
11
299.8535529999999767
21
-52.4611349999999987
0
LINE
8
BLACK
6
CONTINUOUS
10
299.8535529999999767
20
-52.4611349999999987
11
299.8740179999999782
21
-52.4486009999999965
0
LINE
8
BLACK
6
CONTINUOUS
10
299.8740179999999782
20
-52.4486009999999965
11
299.8945919999999887
21
-52.4362469999999945
0
LINE
8
BLACK
6
CONTINUOUS
10
299.8945919999999887
20
-52.4362469999999945
11
299.9152730000000133
21
-52.4240729999999999
0
LINE
8
BLACK
6
CONTINUOUS
10
299.9152730000000133
20
-52.4240729999999999
11
299.9360590000000002
21
-52.4120789999999985
0
LINE
8
BLACK
6
CONTINUOUS
10
299.9360590000000002
20
-52.4120789999999985
11
299.9569490000000087
21
-52.400267999999997
0
LINE
8
BLACK
6
CONTINUOUS
10
299.9569490000000087
20
-52.400267999999997
11
299.9779419999999845
21
-52.3886389999999977
0
LINE
8
BLACK
6
CONTINUOUS
10
299.9779419999999845
20
-52.3886389999999977
11
299.9955820000000131
21
-52.3790509999999969
0
LINE
8
BLACK
6
CONTINUOUS
10
300.3602539999999976
20
-52.2155509999999978
11
300.3828429999999798
21
-52.2074479999999994
0
LINE
8
BLACK
6
CONTINUOUS
10
300.3828429999999798
20
-52.2074479999999994
11
300.4055020000000127
21
-52.1995439999999959
0
LINE
8
BLACK
6
CONTINUOUS
10
300.4055020000000127
20
-52.1995439999999959
11
300.4282289999999875
21
-52.1918369999999996
0
LINE
8
BLACK
6
CONTINUOUS
10
300.4282289999999875
20
-52.1918369999999996
11
300.4510229999999638
21
-52.1843289999999982
0
LINE
8
BLACK
6
CONTINUOUS
10
300.4510229999999638
20
-52.1843289999999982
11
300.4738810000000058
21
-52.1770189999999943
0
LINE
8
BLACK
6
CONTINUOUS
10
300.4738810000000058
20
-52.1770189999999943
11
300.4968020000000024
21
-52.1699099999999945
0
LINE
8
BLACK
6
CONTINUOUS
10
300.4968020000000024
20
-52.1699099999999945
11
300.5197839999999587
21
-52.1630009999999942
0
LINE
8
BLACK
6
CONTINUOUS
10
300.5197839999999587
20
-52.1630009999999942
11
300.5428249999999935
21
-52.156292999999998
0
LINE
8
BLACK
6
CONTINUOUS
10
300.5428249999999935
20
-52.156292999999998
11
300.5659249999999929
21
-52.1497859999999989
0
LINE
8
BLACK
6
CONTINUOUS
10
300.5659249999999929
20
-52.1497859999999989
11
300.5890799999999672
21
-52.1434809999999942
0
LINE
8
BLACK
6
CONTINUOUS
10
300.5890799999999672
20
-52.1434809999999942
11
300.6122889999999757
21
-52.1373779999999982
0
LINE
8
BLACK
6
CONTINUOUS
10
300.6122889999999757
20
-52.1373779999999982
11
300.635550999999964
21
-52.1314779999999942
0
LINE
8
BLACK
6
CONTINUOUS
10
300.635550999999964
20
-52.1314779999999942
11
300.6588629999999966
21
-52.1257820000000009
0
LINE
8
BLACK
6
CONTINUOUS
10
300.6588629999999966
20
-52.1257820000000009
11
300.6822239999999624
21
-52.1202889999999996
0
LINE
8
BLACK
6
CONTINUOUS
10
300.6822239999999624
20
-52.1202889999999996
11
300.7056319999999801
21
-52.1149999999999949
0
LINE
8
BLACK
6
CONTINUOUS
10
300.7056319999999801
20
-52.1149999999999949
11
300.7290849999999978
21
-52.1099150000000009
0
LINE
8
BLACK
6
CONTINUOUS
10
300.7290849999999978
20
-52.1099150000000009
11
300.7525819999999612
21
-52.1050350000000009
0
LINE
8
BLACK
6
CONTINUOUS
10
300.7525819999999612
20
-52.1050350000000009
11
300.7761209999999892
21
-52.1003609999999995
0
LINE
8
BLACK
6
CONTINUOUS
10
300.7761209999999892
20
-52.1003609999999995
11
300.7996989999999755
21
-52.0958919999999992
0
LINE
8
BLACK
6
CONTINUOUS
10
300.7996989999999755
20
-52.0958919999999992
11
300.8233159999999771
21
-52.0916289999999975
0
LINE
8
BLACK
6
CONTINUOUS
10
300.8233159999999771
20
-52.0916289999999975
11
300.8469690000000014
21
-52.087572999999999
0
LINE
8
BLACK
6
CONTINUOUS
10
300.8469690000000014
20
-52.087572999999999
11
300.8706559999999968
21
-52.0837219999999945
0
LINE
8
BLACK
6
CONTINUOUS
10
300.8706559999999968
20
-52.0837219999999945
11
300.8943759999999656
21
-52.0800789999999978
0
LINE
8
BLACK
6
CONTINUOUS
10
300.8943759999999656
20
-52.0800789999999978
11
300.9181269999999699
21
-52.0766429999999971
0
LINE
8
BLACK
6
CONTINUOUS
10
300.9181269999999699
20
-52.0766429999999971
11
300.9419070000000147
21
-52.0734139999999996
0
LINE
8
BLACK
6
CONTINUOUS
10
300.9419070000000147
20
-52.0734139999999996
11
300.9657139999999913
21
-52.0703929999999957
0
LINE
8
BLACK
6
CONTINUOUS
10
300.9657139999999913
20
-52.0703929999999957
11
300.9895469999999591
21
-52.0675799999999995
0
LINE
8
BLACK
6
CONTINUOUS
10
300.9895469999999591
20
-52.0675799999999995
11
301.0134029999999825
21
-52.0649749999999969
0
LINE
8
BLACK
6
CONTINUOUS
10
301.0134029999999825
20
-52.0649749999999969
11
301.0372820000000047
21
-52.0625779999999949
0
LINE
8
BLACK
6
CONTINUOUS
10
301.0372820000000047
20
-52.0625779999999949
11
301.0611799999999789
21
-52.0603899999999982
0
LINE
8
BLACK
6
CONTINUOUS
10
301.0611799999999789
20
-52.0603899999999982
11
301.0850959999999645
21
-52.058409999999995
0
LINE
8
BLACK
6
CONTINUOUS
10
301.0850959999999645
20
-52.058409999999995
11
301.1090289999999641
21
-52.056638999999997
0
LINE
8
BLACK
6
CONTINUOUS
10
301.1090289999999641
20
-52.056638999999997
11
301.1329759999999851
21
-52.0550769999999972
0
LINE
8
BLACK
6
CONTINUOUS
10
301.1329759999999851
20
-52.0550769999999972
11
301.1569359999999733
21
-52.0537239999999954
0
LINE
8
BLACK
6
CONTINUOUS
10
301.1569359999999733
20
-52.0537239999999954
11
301.1809069999999906
21
-52.052579999999999
0
LINE
8
BLACK
6
CONTINUOUS
10
301.1809069999999906
20
-52.052579999999999
11
301.2048869999999852
21
-52.0516450000000006
0
LINE
8
BLACK
6
CONTINUOUS
10
301.2048869999999852
20
-52.0516450000000006
11
301.2288739999999621
21
-52.0509199999999979
0
LINE
8
BLACK
6
CONTINUOUS
10
301.2288739999999621
20
-52.0509199999999979
11
301.2528669999999806
21
-52.0504040000000003
0
LINE
8
BLACK
6
CONTINUOUS
10
301.2528669999999806
20
-52.0504040000000003
11
301.2768629999999916
21
-52.0500970000000009
0
LINE
8
BLACK
6
CONTINUOUS
10
301.2768629999999916
20
-52.0500970000000009
11
301.3008609999999976
21
-52.0499999999999972
0
LINE
8
BLACK
6
CONTINUOUS
10
301.3008609999999976
20
-52.0499999999999972
11
301.3248590000000036
21
-52.0501119999999986
0
LINE
8
BLACK
6
CONTINUOUS
10
301.3248590000000036
20
-52.0501119999999986
11
301.3488550000000146
21
-52.0504339999999956
0
LINE
8
BLACK
6
CONTINUOUS
10
301.3488550000000146
20
-52.0504339999999956
11
301.3728479999999763
21
-52.0509649999999979
0
LINE
8
BLACK
6
CONTINUOUS
10
301.3728479999999763
20
-52.0509649999999979
11
301.3968340000000126
21
-52.0517049999999983
0
LINE
8
BLACK
6
CONTINUOUS
10
301.3968340000000126
20
-52.0517049999999983
11
301.4208140000000071
21
-52.0526549999999943
0
LINE
8
BLACK
6
CONTINUOUS
10
301.4208140000000071
20
-52.0526549999999943
11
301.4408689999999638
21
-52.053609999999999
0
LINE
8
BLACK
6
CONTINUOUS
10
301.8374489999999923
20
-52.1030299999999968
11
301.8609639999999672
21
-52.1078219999999988
0
LINE
8
BLACK
6
CONTINUOUS
10
301.8609639999999672
20
-52.1078219999999988
11
301.8844359999999938
21
-52.1128199999999993
0
LINE
8
BLACK
6
CONTINUOUS
10
301.8844359999999938
20
-52.1128199999999993
11
301.9078629999999634
21
-52.1180230000000009
0
LINE
8
BLACK
6
CONTINUOUS
10
301.9078629999999634
20
-52.1180230000000009
11
301.9312439999999924
21
-52.1234289999999945
0
LINE
8
BLACK
6
CONTINUOUS
10
301.9312439999999924
20
-52.1234289999999945
11
301.954576999999972
21
-52.1290399999999963
0
LINE
8
BLACK
6
CONTINUOUS
10
301.954576999999972
20
-52.1290399999999963
11
301.9778609999999617
21
-52.1348539999999971
0
LINE
8
BLACK
6
CONTINUOUS
10
301.9778609999999617
20
-52.1348539999999971
11
302.0010919999999714
21
-52.1408709999999971
0
LINE
8
BLACK
6
CONTINUOUS
10
302.0010919999999714
20
-52.1408709999999971
11
302.0242709999999988
21
-52.1470899999999986
0
LINE
8
BLACK
6
CONTINUOUS
10
302.0242709999999988
20
-52.1470899999999986
11
302.047393999999997
21
-52.1535109999999946
0
LINE
8
BLACK
6
CONTINUOUS
10
302.047393999999997
20
-52.1535109999999946
11
302.0704599999999687
21
-52.1601339999999993
0
LINE
8
BLACK
6
CONTINUOUS
10
302.0704599999999687
20
-52.1601339999999993
11
302.093467999999973
21
-52.1669580000000011
0
LINE
8
BLACK
6
CONTINUOUS
10
302.093467999999973
20
-52.1669580000000011
11
302.1164149999999609
21
-52.1739829999999998
0
LINE
8
BLACK
6
CONTINUOUS
10
302.1164149999999609
20
-52.1739829999999998
11
302.1392999999999915
21
-52.1812070000000006
0
LINE
8
BLACK
6
CONTINUOUS
10
302.1392999999999915
20
-52.1812070000000006
11
302.1621210000000133
21
-52.1886310000000009
0
LINE
8
BLACK
6
CONTINUOUS
10
302.1621210000000133
20
-52.1886310000000009
11
302.1848759999999743
21
-52.1962539999999962
0
LINE
8
BLACK
6
CONTINUOUS
10
302.1848759999999743
20
-52.1962539999999962
11
302.2075639999999908
21
-52.204074999999996
0
LINE
8
BLACK
6
CONTINUOUS
10
302.2075639999999908
20
-52.204074999999996
11
302.2301830000000109
21
-52.2120940000000004
0
LINE
8
BLACK
6
CONTINUOUS
10
302.2301830000000109
20
-52.2120940000000004
11
302.2527309999999829
21
-52.2203090000000003
0
LINE
8
BLACK
6
CONTINUOUS
10
302.2527309999999829
20
-52.2203090000000003
11
302.2752069999999662
21
-52.2287219999999976
0
LINE
8
BLACK
6
CONTINUOUS
10
302.2752069999999662
20
-52.2287219999999976
11
302.2976079999999683
21
-52.23733
0
LINE
8
BLACK
6
CONTINUOUS
10
302.2976079999999683
20
-52.23733
11
302.3199329999999918
21
-52.2461330000000004
0
LINE
8
BLACK
6
CONTINUOUS
10
302.3199329999999918
20
-52.2461330000000004
11
302.3421809999999823
21
-52.2551309999999987
0
LINE
8
BLACK
6
CONTINUOUS
10
302.3421809999999823
20
-52.2551309999999987
11
302.3643490000000043
21
-52.2643219999999999
0
LINE
8
BLACK
6
CONTINUOUS
10
302.3643490000000043
20
-52.2643219999999999
11
302.3864360000000033
21
-52.2737069999999946
0
LINE
8
BLACK
6
CONTINUOUS
10
302.3864360000000033
20
-52.2737069999999946
11
302.4084399999999846
21
-52.2832839999999948
0
LINE
8
BLACK
6
CONTINUOUS
10
302.4084399999999846
20
-52.2832839999999948
11
302.4303600000000074
21
-52.2930530000000005
0
LINE
8
BLACK
6
CONTINUOUS
10
302.4303600000000074
20
-52.2930530000000005
11
302.4521939999999631
21
-52.3030119999999954
0
LINE
8
BLACK
6
CONTINUOUS
10
302.4521939999999631
20
-52.3030119999999954
11
302.4739399999999705
21
-52.3131619999999984
0
LINE
8
BLACK
6
CONTINUOUS
10
302.4739399999999705
20
-52.3131619999999984
11
302.4955969999999752
21
-52.3235010000000003
0
LINE
8
BLACK
6
CONTINUOUS
10
302.4955969999999752
20
-52.3235010000000003
11
302.5171629999999823
21
-52.334029000000001
0
LINE
8
BLACK
6
CONTINUOUS
10
302.5171629999999823
20
-52.334029000000001
11
302.5386359999999968
21
-52.3447439999999986
0
LINE
8
BLACK
6
CONTINUOUS
10
302.5386359999999968
20
-52.3447439999999986
11
302.5600149999999644
21
-52.3556469999999976
0
LINE
8
BLACK
6
CONTINUOUS
10
302.5600149999999644
20
-52.3556469999999976
11
302.5812970000000064
21
-52.3667349999999985
0
LINE
8
BLACK
6
CONTINUOUS
10
302.5812970000000064
20
-52.3667349999999985
11
302.6024830000000065
21
-52.3780089999999987
0
LINE
8
BLACK
6
CONTINUOUS
10
302.6024830000000065
20
-52.3780089999999987
11
302.6235689999999749
21
-52.3894680000000008
0
LINE
8
BLACK
6
CONTINUOUS
10
302.6235689999999749
20
-52.3894680000000008
11
302.644553999999971
21
-52.4011099999999956
0
LINE
8
BLACK
6
CONTINUOUS
10
302.644553999999971
20
-52.4011099999999956
11
302.6654369999999972
21
-52.4129339999999999
0
LINE
8
BLACK
6
CONTINUOUS
10
302.6654369999999972
20
-52.4129339999999999
11
302.6862150000000042
21
-52.4249409999999969
0
LINE
8
BLACK
6
CONTINUOUS
10
302.6862150000000042
20
-52.4249409999999969
11
302.7068889999999897
21
-52.4371279999999942
0
LINE
8
BLACK
6
CONTINUOUS
10
302.7068889999999897
20
-52.4371279999999942
11
302.7274549999999635
21
-52.4494949999999989
0
LINE
8
BLACK
6
CONTINUOUS
10
302.7274549999999635
20
-52.4494949999999989
11
302.7479119999999853
21
-52.4620409999999993
0
LINE
8
BLACK
6
CONTINUOUS
10
302.7479119999999853
20
-52.4620409999999993
11
302.7682590000000005
21
-52.4747659999999954
0
LINE
8
BLACK
6
CONTINUOUS
10
302.7682590000000005
20
-52.4747659999999954
11
302.7884950000000117
21
-52.4876669999999947
0
LINE
8
BLACK
6
CONTINUOUS
10
302.7884950000000117
20
-52.4876669999999947
11
302.8086169999999697
21
-52.5007449999999949
0
LINE
8
BLACK
6
CONTINUOUS
10
302.8086169999999697
20
-52.5007449999999949
11
302.8286239999999907
21
-52.5139969999999963
0
LINE
8
BLACK
6
CONTINUOUS
10
302.8286239999999907
20
-52.5139969999999963
11
302.8452729999999633
21
-52.5252179999999953
0
LINE
8
BLACK
6
CONTINUOUS
10
303.1586669999999799
20
-52.7732150000000004
11
303.1762830000000122
21
-52.7895119999999949
0
LINE
8
BLACK
6
CONTINUOUS
10
303.1762830000000122
20
-52.7895119999999949
11
303.1937560000000076
21
-52.805962000000001
0
LINE
8
BLACK
6
CONTINUOUS
10
303.1937560000000076
20
-52.805962000000001
11
303.2110849999999687
21
-52.8225639999999999
0
LINE
8
BLACK
6
CONTINUOUS
10
303.2110849999999687
20
-52.8225639999999999
11
303.2282680000000141
21
-52.8393159999999966
0
LINE
8
BLACK
6
CONTINUOUS
10
303.2282680000000141
20
-52.8393159999999966
11
303.2453049999999735
21
-52.8562179999999984
0
LINE
8
BLACK
6
CONTINUOUS
10
303.2453049999999735
20
-52.8562179999999984
11
303.2621929999999679
21
-52.8732679999999959
0
LINE
8
BLACK
6
CONTINUOUS
10
303.2621929999999679
20
-52.8732679999999959
11
303.2789319999999975
21
-52.8904639999999944
0
LINE
8
BLACK
6
CONTINUOUS
10
303.2789319999999975
20
-52.8904639999999944
11
303.2955210000000079
21
-52.9078060000000008
0
LINE
8
BLACK
6
CONTINUOUS
10
303.2955210000000079
20
-52.9078060000000008
11
303.3119570000000067
21
-52.9252919999999989
0
LINE
8
BLACK
6
CONTINUOUS
10
303.3119570000000067
20
-52.9252919999999989
11
303.3282399999999939
21
-52.9429209999999983
0
LINE
8
BLACK
6
CONTINUOUS
10
303.3282399999999939
20
-52.9429209999999983
11
303.3443689999999719
21
-52.9606909999999971
0
LINE
8
BLACK
6
CONTINUOUS
10
303.3443689999999719
20
-52.9606909999999971
11
303.3603420000000028
21
-52.9786009999999976
0
LINE
8
BLACK
6
CONTINUOUS
10
303.3603420000000028
20
-52.9786009999999976
11
303.3761579999999753
21
-52.9966499999999954
0
LINE
8
BLACK
6
CONTINUOUS
10
303.3761579999999753
20
-52.9966499999999954
11
303.3918160000000057
21
-53.014837
0
LINE
8
BLACK
6
CONTINUOUS
10
303.3918160000000057
20
-53.014837
11
303.4073139999999853
21
-53.0331589999999977
0
LINE
8
BLACK
6
CONTINUOUS
10
303.4073139999999853
20
-53.0331589999999977
11
303.4226519999999709
21
-53.0516159999999957
0
LINE
8
BLACK
6
CONTINUOUS
10
303.4226519999999709
20
-53.0516159999999957
11
303.4378289999999652
21
-53.0702059999999989
0
LINE
8
BLACK
6
CONTINUOUS
10
303.4378289999999652
20
-53.0702059999999989
11
303.452842999999973
21
-53.0889279999999957
0
LINE
8
BLACK
6
CONTINUOUS
10
303.452842999999973
20
-53.0889279999999957
11
303.4676919999999996
21
-53.1077799999999982
0
LINE
8
BLACK
6
CONTINUOUS
10
303.4676919999999996
20
-53.1077799999999982
11
303.4823769999999854
21
-53.1267599999999973
0
LINE
8
BLACK
6
CONTINUOUS
10
303.4823769999999854
20
-53.1267599999999973
11
303.496894999999995
21
-53.1458689999999976
0
LINE
8
BLACK
6
CONTINUOUS
10
303.496894999999995
20
-53.1458689999999976
11
303.5112469999999689
21
-53.1651029999999949
0
LINE
8
BLACK
6
CONTINUOUS
10
303.5112469999999689
20
-53.1651029999999949
11
303.5254289999999742
21
-53.1844619999999964
0
LINE
8
BLACK
6
CONTINUOUS
10
303.5254289999999742
20
-53.1844619999999964
11
303.5394430000000057
21
-53.2039439999999999
0
LINE
8
BLACK
6
CONTINUOUS
10
303.5394430000000057
20
-53.2039439999999999
11
303.5532860000000142
21
-53.2235469999999964
0
LINE
8
BLACK
6
CONTINUOUS
10
303.5532860000000142
20
-53.2235469999999964
11
303.5669570000000022
21
-53.2432699999999954
0
LINE
8
BLACK
6
CONTINUOUS
10
303.5669570000000022
20
-53.2432699999999954
11
303.5804549999999722
21
-53.2631119999999996
0
LINE
8
BLACK
6
CONTINUOUS
10
303.5804549999999722
20
-53.2631119999999996
11
303.5937799999999811
21
-53.2830709999999996
0
LINE
8
BLACK
6
CONTINUOUS
10
303.5937799999999811
20
-53.2830709999999996
11
303.6069299999999771
21
-53.3031459999999981
0
LINE
8
BLACK
6
CONTINUOUS
10
303.6069299999999771
20
-53.3031459999999981
11
303.6199049999999602
21
-53.3233339999999956
0
LINE
8
BLACK
6
CONTINUOUS
10
303.6199049999999602
20
-53.3233339999999956
11
303.6327029999999922
21
-53.343634999999999
0
LINE
8
BLACK
6
CONTINUOUS
10
303.6327029999999922
20
-53.343634999999999
11
303.6453229999999621
21
-53.3640469999999993
0
LINE
8
BLACK
6
CONTINUOUS
10
303.6453229999999621
20
-53.3640469999999993
11
303.657763999999986
21
-53.3845679999999945
0
LINE
8
BLACK
6
CONTINUOUS
10
303.657763999999986
20
-53.3845679999999945
11
303.6700260000000071
21
-53.405196999999994
0
LINE
8
BLACK
6
CONTINUOUS
10
303.6700260000000071
20
-53.405196999999994
11
303.6821079999999711
21
-53.4259330000000006
0
LINE
8
BLACK
6
CONTINUOUS
10
303.6821079999999711
20
-53.4259330000000006
11
303.6940079999999966
21
-53.4467719999999957
0
LINE
8
BLACK
6
CONTINUOUS
10
303.6940079999999966
20
-53.4467719999999957
11
303.7057259999999701
21
-53.4677149999999983
0
LINE
8
BLACK
6
CONTINUOUS
10
303.7057259999999701
20
-53.4677149999999983
11
303.7172610000000077
21
-53.4887599999999992
0
LINE
8
BLACK
6
CONTINUOUS
10
303.7172610000000077
20
-53.4887599999999992
11
303.7286110000000008
21
-53.5099039999999988
0
LINE
8
BLACK
6
CONTINUOUS
10
303.7286110000000008
20
-53.5099039999999988
11
303.7397770000000037
21
-53.5311459999999997
0
LINE
8
BLACK
6
CONTINUOUS
10
303.7397770000000037
20
-53.5311459999999997
11
303.7507569999999646
21
-53.5524859999999947
0
LINE
8
BLACK
6
CONTINUOUS
10
303.7507569999999646
20
-53.5524859999999947
11
303.7615499999999997
21
-53.5739200000000011
0
LINE
8
BLACK
6
CONTINUOUS
10
303.7615499999999997
20
-53.5739200000000011
11
303.7721549999999979
21
-53.5954470000000001
0
LINE
8
BLACK
6
CONTINUOUS
10
303.7721549999999979
20
-53.5954470000000001
11
303.7825730000000135
21
-53.6170659999999941
0
LINE
8
BLACK
6
CONTINUOUS
10
303.7825730000000135
20
-53.6170659999999941
11
303.7928009999999972
21
-53.638776
0
LINE
8
BLACK
6
CONTINUOUS
10
303.7928009999999972
20
-53.638776
11
303.8012129999999615
21
-53.6570059999999955
0
LINE
8
BLACK
6
CONTINUOUS
10
303.9404680000000099
20
-54.0316070000000011
11
303.947072999999989
21
-54.0546790000000001
0
LINE
8
BLACK
6
CONTINUOUS
10
303.947072999999989
20
-54.0546790000000001
11
303.9534759999999665
21
-54.077807
0
LINE
8
BLACK
6
CONTINUOUS
10
303.9534759999999665
20
-54.077807
11
303.9596779999999967
21
-54.1009899999999959
0
LINE
8
BLACK
6
CONTINUOUS
10
303.9596779999999967
20
-54.1009899999999959
11
303.9656759999999736
21
-54.1242260000000002
0
LINE
8
BLACK
6
CONTINUOUS
10
303.9656759999999736
20
-54.1242260000000002
11
303.9714720000000057
21
-54.147514000000001
0
LINE
8
BLACK
6
CONTINUOUS
10
303.9714720000000057
20
-54.147514000000001
11
303.9770639999999844
21
-54.1708519999999965
0
LINE
8
BLACK
6
CONTINUOUS
10
303.9770639999999844
20
-54.1708519999999965
11
303.982452999999964
21
-54.194236999999994
0
LINE
8
BLACK
6
CONTINUOUS
10
303.982452999999964
20
-54.194236999999994
11
303.9876370000000065
21
-54.2176690000000008
0
LINE
8
BLACK
6
CONTINUOUS
10
303.9876370000000065
20
-54.2176690000000008
11
303.9926159999999982
21
-54.2411449999999959
0
LINE
8
BLACK
6
CONTINUOUS
10
303.9926159999999982
20
-54.2411449999999959
11
303.9973899999999958
21
-54.2646629999999988
0
LINE
8
BLACK
6
CONTINUOUS
10
303.9973899999999958
20
-54.2646629999999988
11
304.0019589999999994
21
-54.288222999999995
0
LINE
8
BLACK
6
CONTINUOUS
10
304.0019589999999994
20
-54.288222999999995
11
304.0063220000000115
21
-54.3118209999999948
0
LINE
8
BLACK
6
CONTINUOUS
10
304.0063220000000115
20
-54.3118209999999948
11
304.0104789999999753
21
-54.3354560000000006
0
LINE
8
BLACK
6
CONTINUOUS
10
304.0104789999999753
20
-54.3354560000000006
11
304.0144300000000044
21
-54.3591270000000009
0
LINE
8
BLACK
6
CONTINUOUS
10
304.0144300000000044
20
-54.3591270000000009
11
304.0181739999999877
21
-54.3828309999999959
0
LINE
8
BLACK
6
CONTINUOUS
10
304.0181739999999877
20
-54.3828309999999959
11
304.0217109999999821
21
-54.4065669999999955
0
LINE
8
BLACK
6
CONTINUOUS
10
304.0217109999999821
20
-54.4065669999999955
11
304.0250409999999874
21
-54.4303339999999949
0
LINE
8
BLACK
6
CONTINUOUS
10
304.0250409999999874
20
-54.4303339999999949
11
304.0281630000000064
21
-54.4541279999999972
0
LINE
8
BLACK
6
CONTINUOUS
10
304.0281630000000064
20
-54.4541279999999972
11
304.031076999999982
21
-54.4779479999999978
0
LINE
8
BLACK
6
CONTINUOUS
10
304.031076999999982
20
-54.4779479999999978
11
304.0337839999999687
21
-54.5017929999999993
0
LINE
8
BLACK
6
CONTINUOUS
10
304.0337839999999687
20
-54.5017929999999993
11
304.0362819999999715
21
-54.5256609999999995
0
LINE
8
BLACK
6
CONTINUOUS
10
304.0362819999999715
20
-54.5256609999999995
11
304.0385719999999878
21
-54.5495499999999964
0
LINE
8
BLACK
6
CONTINUOUS
10
304.0385719999999878
20
-54.5495499999999964
11
304.0406529999999634
21
-54.5734579999999951
0
LINE
8
BLACK
6
CONTINUOUS
10
304.0406529999999634
20
-54.5734579999999951
11
304.0425260000000094
21
-54.5973830000000007
0
LINE
8
BLACK
6
CONTINUOUS
10
304.0425260000000094
20
-54.5973830000000007
11
304.0441889999999603
21
-54.6213229999999967
0
LINE
8
BLACK
6
CONTINUOUS
10
304.0441889999999603
20
-54.6213229999999967
11
304.0456439999999816
21
-54.6452770000000001
0
LINE
8
BLACK
6
CONTINUOUS
10
304.0456439999999816
20
-54.6452770000000001
11
304.0468899999999621
21
-54.6692429999999945
0
LINE
8
BLACK
6
CONTINUOUS
10
304.0468899999999621
20
-54.6692429999999945
11
304.0479259999999613
21
-54.6932189999999991
0
LINE
8
BLACK
6
CONTINUOUS
10
304.0479259999999613
20
-54.6932189999999991
11
304.0487529999999765
21
-54.7172029999999978
0
LINE
8
BLACK
6
CONTINUOUS
10
304.0487529999999765
20
-54.7172029999999978
11
304.0493710000000078
21
-54.7411929999999955
0
LINE
8
BLACK
6
CONTINUOUS
10
304.0493710000000078
20
-54.7411929999999955
11
304.0497799999999984
21
-54.7651879999999949
0
LINE
8
BLACK
6
CONTINUOUS
10
304.0497799999999984
20
-54.7651879999999949
11
304.0499790000000075
21
-54.7891849999999963
0
LINE
8
BLACK
6
CONTINUOUS
10
304.0499790000000075
20
-54.7891849999999963
11
304.0500000000000114
21
-54.7999999999999972
0
LINE
8
BLACK
6
CONTINUOUS
10
176.7999999999999829
20
-164.7999999999999829
11
177.9000000000000057
21
-164.7999999999999829
0
LINE
8
BLACK
6
CONTINUOUS
10
178.2999999999999829
20
-164.7999999999999829
11
179.4000000000000057
21
-164.7999999999999829
0
LINE
8
BLACK
6
CONTINUOUS
10
179.7999999999999829
20
-164.7999999999999829
11
180.9000000000000057
21
-164.7999999999999829
0
LINE
8
BLACK
6
CONTINUOUS
10
181.2999999999999829
20
-164.7999999999999829
11
182.4000000000000057
21
-164.7999999999999829
0
LINE
8
BLACK
6
CONTINUOUS
10
182.7999999999999829
20
-164.7999999999999829
11
183.9000000000000057
21
-164.7999999999999829
0
LINE
8
BLACK
6
CONTINUOUS
10
184.2999999999999829
20
-164.7999999999999829
11
185.4000000000000057
21
-164.7999999999999829
0
LINE
8
BLACK
6
CONTINUOUS
10
185.7999999999999829
20
-164.7999999999999829
11
186.9000000000000057
21
-164.7999999999999829
0
LINE
8
BLACK
6
CONTINUOUS
10
187.2999999999999829
20
-164.7999999999999829
11
188.4000000000000057
21
-164.7999999999999829
0
LINE
8
BLACK
6
CONTINUOUS
10
188.7999999999999829
20
-164.7999999999999829
11
189.8999999999999773
21
-164.7999999999999829
0
LINE
8
BLACK
6
CONTINUOUS
10
190.2999999999999829
20
-164.7999999999999829
11
191.3999999999999773
21
-164.7999999999999829
0
LINE
8
BLACK
6
CONTINUOUS
10
191.7999999999999829
20
-164.7999999999999829
11
192.8999999999999773
21
-164.7999999999999829
0
LINE
8
BLACK
6
CONTINUOUS
10
193.2999999999999829
20
-164.7999999999999829
11
194.3999999999999773
21
-164.7999999999999829
0
LINE
8
BLACK
6
CONTINUOUS
10
194.7999999999999829
20
-164.7999999999999829
11
195.8999999999999773
21
-164.7999999999999829
0
LINE
8
BLACK
6
CONTINUOUS
10
196.2999999999999829
20
-164.7999999999999829
11
197.3999999999999773
21
-164.7999999999999829
0
LINE
8
BLACK
6
CONTINUOUS
10
197.7999999999999829
20
-164.7999999999999829
11
198.8999999999999773
21
-164.7999999999999829
0
LINE
8
BLACK
6
CONTINUOUS
10
199.2999999999999829
20
-164.7999999999999829
11
200.3999999999999773
21
-164.7999999999999829
0
LINE
8
BLACK
6
CONTINUOUS
10
200.7999999999999829
20
-164.7999999999999829
11
201.8999999999999773
21
-164.7999999999999829
0
LINE
8
BLACK
6
CONTINUOUS
10
202.2999999999999829
20
-164.7999999999999829
11
203.3999999999999773
21
-164.7999999999999829
0
LINE
8
BLACK
6
CONTINUOUS
10
203.7999999999999829
20
-164.7999999999999829
11
204.8999999999999773
21
-164.7999999999999829
0
LINE
8
BLACK
6
CONTINUOUS
10
205.2999999999999829
20
-164.7999999999999829
11
206.3999999999999773
21
-164.7999999999999829
0
LINE
8
BLACK
6
CONTINUOUS
10
206.7999999999999829
20
-164.7999999999999829
11
207.8999999999999773
21
-164.7999999999999829
0
LINE
8
BLACK
6
CONTINUOUS
10
208.2999999999999829
20
-164.7999999999999829
11
209.3999999999999773
21
-164.7999999999999829
0
LINE
8
BLACK
6
CONTINUOUS
10
209.7999999999999829
20
-164.7999999999999829
11
210.8999999999999773
21
-164.7999999999999829
0
LINE
8
BLACK
6
CONTINUOUS
10
211.2999999999999829
20
-164.7999999999999829
11
212.3999999999999773
21
-164.7999999999999829
0
LINE
8
BLACK
6
CONTINUOUS
10
212.7999999999999829
20
-164.7999999999999829
11
213.8999999999999773
21
-164.7999999999999829
0
LINE
8
BLACK
6
CONTINUOUS
10
214.2999999999999829
20
-164.7999999999999829
11
215.3999999999999773
21
-164.7999999999999829
0
LINE
8
BLACK
6
CONTINUOUS
10
215.7999999999999829
20
-164.7999999999999829
11
216.8999999999999773
21
-164.7999999999999829
0
LINE
8
BLACK
6
CONTINUOUS
10
217.2999999999999829
20
-164.7999999999999829
11
218.3999999999999773
21
-164.7999999999999829
0
LINE
8
BLACK
6
CONTINUOUS
10
218.7999999999999829
20
-164.7999999999999829
11
219.8999999999999773
21
-164.7999999999999829
0
LINE
8
BLACK
6
CONTINUOUS
10
220.2999999999999829
20
-164.7999999999999829
11
221.3999999999999773
21
-164.7999999999999829
0
LINE
8
BLACK
6
CONTINUOUS
10
221.7999999999999829
20
-164.7999999999999829
11
222.8999999999999773
21
-164.7999999999999829
0
LINE
8
BLACK
6
CONTINUOUS
10
223.2999999999999829
20
-164.7999999999999829
11
224.3999999999999773
21
-164.7999999999999829
0
LINE
8
BLACK
6
CONTINUOUS
10
224.7999999999999829
20
-164.7999999999999829
11
225.8999999999999773
21
-164.7999999999999829
0
LINE
8
BLACK
6
CONTINUOUS
10
226.2999999999999829
20
-164.7999999999999829
11
227.3999999999999773
21
-164.7999999999999829
0
LINE
8
BLACK
6
CONTINUOUS
10
227.7999999999999829
20
-164.7999999999999829
11
228.8999999999999773
21
-164.7999999999999829
0
LINE
8
BLACK
6
CONTINUOUS
10
229.2999999999999829
20
-164.7999999999999829
11
230.3999999999999773
21
-164.7999999999999829
0
LINE
8
BLACK
6
CONTINUOUS
10
230.7999999999999829
20
-164.7999999999999829
11
231.8999999999999773
21
-164.7999999999999829
0
LINE
8
BLACK
6
CONTINUOUS
10
232.2999999999999829
20
-164.7999999999999829
11
233.3999999999999773
21
-164.7999999999999829
0
LINE
8
BLACK
6
CONTINUOUS
10
233.7999999999999829
20
-164.7999999999999829
11
234.8999999999999773
21
-164.7999999999999829
0
LINE
8
BLACK
6
CONTINUOUS
10
235.2999999999999829
20
-164.7999999999999829
11
236.3999999999999773
21
-164.7999999999999829
0
LINE
8
BLACK
6
CONTINUOUS
10
236.7999999999999829
20
-164.7999999999999829
11
237.8999999999999773
21
-164.7999999999999829
0
LINE
8
BLACK
6
CONTINUOUS
10
238.2999999999999829
20
-164.7999999999999829
11
239.3999999999999773
21
-164.7999999999999829
0
LINE
8
BLACK
6
CONTINUOUS
10
239.7999999999999829
20
-164.7999999999999829
11
240.8999999999999773
21
-164.7999999999999829
0
LINE
8
BLACK
6
CONTINUOUS
10
241.2999999999999829
20
-164.7999999999999829
11
242.3999999999999773
21
-164.7999999999999829
0
LINE
8
BLACK
6
CONTINUOUS
10
242.7999999999999829
20
-164.7999999999999829
11
243.8999999999999773
21
-164.7999999999999829
0
LINE
8
BLACK
6
CONTINUOUS
10
244.2999999999999829
20
-164.7999999999999829
11
245.3999999999999773
21
-164.7999999999999829
0
LINE
8
BLACK
6
CONTINUOUS
10
245.7999999999999829
20
-164.7999999999999829
11
246.8999999999999773
21
-164.7999999999999829
0
LINE
8
BLACK
6
CONTINUOUS
10
247.2999999999999829
20
-164.7999999999999829
11
248.3999999999999773
21
-164.7999999999999829
0
LINE
8
BLACK
6
CONTINUOUS
10
248.7999999999999829
20
-164.7999999999999829
11
249.8999999999999773
21
-164.7999999999999829
0
LINE
8
BLACK
6
CONTINUOUS
10
250.2999999999999829
20
-164.7999999999999829
11
251.3999999999999773
21
-164.7999999999999829
0
LINE
8
BLACK
6
CONTINUOUS
10
251.7999999999999829
20
-164.7999999999999829
11
252.8999999999999773
21
-164.7999999999999829
0
LINE
8
BLACK
6
CONTINUOUS
10
253.2999999999999829
20
-164.7999999999999829
11
254.3999999999999773
21
-164.7999999999999829
0
LINE
8
BLACK
6
CONTINUOUS
10
254.7999999999999829
20
-164.7999999999999829
11
255.8999999999999773
21
-164.7999999999999829
0
LINE
8
BLACK
6
CONTINUOUS
10
256.3000000000000114
20
-164.7999999999999829
11
257.3999999999999773
21
-164.7999999999999829
0
LINE
8
BLACK
6
CONTINUOUS
10
257.8000000000000114
20
-164.7999999999999829
11
258.8999999999999773
21
-164.7999999999999829
0
LINE
8
BLACK
6
CONTINUOUS
10
259.3000000000000114
20
-164.7999999999999829
11
260.3999999999999773
21
-164.7999999999999829
0
LINE
8
BLACK
6
CONTINUOUS
10
260.8000000000000114
20
-164.7999999999999829
11
261.8999999999999773
21
-164.7999999999999829
0
LINE
8
BLACK
6
CONTINUOUS
10
262.3000000000000114
20
-164.7999999999999829
11
263.3999999999999773
21
-164.7999999999999829
0
LINE
8
BLACK
6
CONTINUOUS
10
263.8000000000000114
20
-164.7999999999999829
11
264.8999999999999773
21
-164.7999999999999829
0
LINE
8
BLACK
6
CONTINUOUS
10
265.3000000000000114
20
-164.7999999999999829
11
266.3999999999999773
21
-164.7999999999999829
0
LINE
8
BLACK
6
CONTINUOUS
10
266.8000000000000114
20
-164.7999999999999829
11
267.8999999999999773
21
-164.7999999999999829
0
LINE
8
BLACK
6
CONTINUOUS
10
268.3000000000000114
20
-164.7999999999999829
11
269.3999999999999773
21
-164.7999999999999829
0
LINE
8
BLACK
6
CONTINUOUS
10
269.8000000000000114
20
-164.7999999999999829
11
270.8999999999999773
21
-164.7999999999999829
0
LINE
8
BLACK
6
CONTINUOUS
10
271.3000000000000114
20
-164.7999999999999829
11
272.3999999999999773
21
-164.7999999999999829
0
LINE
8
BLACK
6
CONTINUOUS
10
272.8000000000000114
20
-164.7999999999999829
11
273.8999999999999773
21
-164.7999999999999829
0
LINE
8
BLACK
6
CONTINUOUS
10
274.3000000000000114
20
-164.7999999999999829
11
275.3999999999999773
21
-164.7999999999999829
0
LINE
8
BLACK
6
CONTINUOUS
10
275.8000000000000114
20
-164.7999999999999829
11
276.8999999999999773
21
-164.7999999999999829
0
LINE
8
BLACK
6
CONTINUOUS
10
277.3000000000000114
20
-164.7999999999999829
11
278.3999999999999773
21
-164.7999999999999829
0
LINE
8
BLACK
6
CONTINUOUS
10
278.8000000000000114
20
-164.7999999999999829
11
279.8999999999999773
21
-164.7999999999999829
0
LINE
8
BLACK
6
CONTINUOUS
10
280.3000000000000114
20
-164.7999999999999829
11
281.3999999999999773
21
-164.7999999999999829
0
LINE
8
BLACK
6
CONTINUOUS
10
281.8000000000000114
20
-164.7999999999999829
11
282.8999999999999773
21
-164.7999999999999829
0
LINE
8
BLACK
6
CONTINUOUS
10
283.3000000000000114
20
-164.7999999999999829
11
284.3999999999999773
21
-164.7999999999999829
0
LINE
8
BLACK
6
CONTINUOUS
10
284.8000000000000114
20
-164.7999999999999829
11
285.8999999999999773
21
-164.7999999999999829
0
LINE
8
BLACK
6
CONTINUOUS
10
286.3000000000000114
20
-164.7999999999999829
11
287.3999999999999773
21
-164.7999999999999829
0
LINE
8
BLACK
6
CONTINUOUS
10
287.8000000000000114
20
-164.7999999999999829
11
288.8999999999999773
21
-164.7999999999999829
0
LINE
8
BLACK
6
CONTINUOUS
10
289.3000000000000114
20
-164.7999999999999829
11
290.3999999999999773
21
-164.7999999999999829
0
LINE
8
BLACK
6
CONTINUOUS
10
290.8000000000000114
20
-164.7999999999999829
11
291.8999999999999773
21
-164.7999999999999829
0
LINE
8
BLACK
6
CONTINUOUS
10
292.3000000000000114
20
-164.7999999999999829
11
293.3999999999999773
21
-164.7999999999999829
0
LINE
8
BLACK
6
CONTINUOUS
10
293.8000000000000114
20
-164.7999999999999829
11
294.8999999999999773
21
-164.7999999999999829
0
LINE
8
BLACK
6
CONTINUOUS
10
295.3000000000000114
20
-164.7999999999999829
11
296.3999999999999773
21
-164.7999999999999829
0
LINE
8
BLACK
6
CONTINUOUS
10
296.8000000000000114
20
-164.7999999999999829
11
297.8999999999999773
21
-164.7999999999999829
0
LINE
8
BLACK
6
CONTINUOUS
10
298.3000000000000114
20
-164.7999999999999829
11
299.3999999999999773
21
-164.7999999999999829
0
LINE
8
BLACK
6
CONTINUOUS
10
299.8000000000000114
20
-164.7999999999999829
11
300.8999999999999773
21
-164.7999999999999829
0
LINE
8
BLACK
6
CONTINUOUS
10
301.3000000000000114
20
-164.7999999999999829
11
302.3999999999999773
21
-164.7999999999999829
0
LINE
8
BLACK
6
CONTINUOUS
10
302.8000000000000114
20
-164.7999999999999829
11
303.8999999999999773
21
-164.7999999999999829
0
LINE
8
BLACK
6
CONTINUOUS
10
304.3000000000000114
20
-164.7999999999999829
11
305.3999999999999773
21
-164.7999999999999829
0
LINE
8
BLACK
6
CONTINUOUS
10
305.8000000000000114
20
-164.7999999999999829
11
306.8999999999999773
21
-164.7999999999999829
0
LINE
8
BLACK
6
CONTINUOUS
10
307.3000000000000114
20
-164.7999999999999829
11
308.3999999999999773
21
-164.7999999999999829
0
LINE
8
BLACK
6
CONTINUOUS
10
308.8000000000000114
20
-164.7999999999999829
11
309.8999999999999773
21
-164.7999999999999829
0
LINE
8
BLACK
6
CONTINUOUS
10
310.3000000000000114
20
-164.7999999999999829
11
311.3999999999999773
21
-164.7999999999999829
0
LINE
8
BLACK
6
CONTINUOUS
10
311.8000000000000114
20
-164.7999999999999829
11
312.8999999999999773
21
-164.7999999999999829
0
LINE
8
BLACK
6
CONTINUOUS
10
313.3000000000000114
20
-164.7999999999999829
11
314.3999999999999773
21
-164.7999999999999829
0
LINE
8
BLACK
6
CONTINUOUS
10
314.8000000000000114
20
-164.7999999999999829
11
315.8999999999999773
21
-164.7999999999999829
0
LINE
8
BLACK
6
CONTINUOUS
10
316.3000000000000114
20
-164.7999999999999829
11
317.3999999999999773
21
-164.7999999999999829
0
LINE
8
BLACK
6
CONTINUOUS
10
317.8000000000000114
20
-164.7999999999999829
11
318.8999999999999773
21
-164.7999999999999829
0
LINE
8
BLACK
6
CONTINUOUS
10
319.3000000000000114
20
-164.7999999999999829
11
320.3999999999999773
21
-164.7999999999999829
0
LINE
8
BLACK
6
CONTINUOUS
10
320.8000000000000114
20
-164.7999999999999829
11
321.8999999999999773
21
-164.7999999999999829
0
LINE
8
BLACK
6
CONTINUOUS
10
322.3000000000000114
20
-164.7999999999999829
11
323.3999999999999773
21
-164.7999999999999829
0
LINE
8
BLACK
6
CONTINUOUS
10
323.8000000000000114
20
-164.7999999999999829
11
324.8999999999999773
21
-164.7999999999999829
0
LINE
8
BLACK
6
CONTINUOUS
10
325.3000000000000114
20
-164.7999999999999829
11
326.3999999999999773
21
-164.7999999999999829
0
LINE
8
BLACK
6
CONTINUOUS
10
326.8000000000000114
20
-164.7999999999999829
11
327.8999999999999773
21
-164.7999999999999829
0
LINE
8
BLACK
6
CONTINUOUS
10
328.3000000000000114
20
-164.7999999999999829
11
329.3999999999999773
21
-164.7999999999999829
0
LINE
8
BLACK
6
CONTINUOUS
10
329.8000000000000114
20
-164.7999999999999829
11
330.8999999999999773
21
-164.7999999999999829
0
LINE
8
BLACK
6
CONTINUOUS
10
331.3000000000000114
20
-164.7999999999999829
11
332.3999999999999773
21
-164.7999999999999829
0
LINE
8
BLACK
6
CONTINUOUS
10
332.8000000000000114
20
-164.7999999999999829
11
333.8999999999999773
21
-164.7999999999999829
0
LINE
8
BLACK
6
CONTINUOUS
10
334.3000000000000114
20
-164.7999999999999829
11
335.3999999999999773
21
-164.7999999999999829
0
LINE
8
BLACK
6
CONTINUOUS
10
335.8000000000000114
20
-164.7999999999999829
11
336.8999999999999773
21
-164.7999999999999829
0
LINE
8
BLACK
6
CONTINUOUS
10
337.3000000000000114
20
-164.7999999999999829
11
338.3999999999999773
21
-164.7999999999999829
0
LINE
8
BLACK
6
CONTINUOUS
10
338.8000000000000114
20
-164.7999999999999829
11
339.8999999999999773
21
-164.7999999999999829
0
LINE
8
BLACK
6
CONTINUOUS
10
340.3000000000000114
20
-164.7999999999999829
11
341.3999999999999773
21
-164.7999999999999829
0
LINE
8
BLACK
6
CONTINUOUS
10
341.8000000000000114
20
-164.7999999999999829
11
342.8999999999999773
21
-164.7999999999999829
0
LINE
8
BLACK
6
CONTINUOUS
10
343.3000000000000114
20
-164.7999999999999829
11
344.3999999999999773
21
-164.7999999999999829
0
LINE
8
BLACK
6
CONTINUOUS
10
344.8000000000000114
20
-164.7999999999999829
11
345.8999999999999773
21
-164.7999999999999829
0
LINE
8
BLACK
6
CONTINUOUS
10
346.3000000000000114
20
-164.7999999999999829
11
347.3999999999999773
21
-164.7999999999999829
0
LINE
8
BLACK
6
CONTINUOUS
10
347.8000000000000114
20
-164.7999999999999829
11
348.8999999999999773
21
-164.7999999999999829
0
LINE
8
BLACK
6
CONTINUOUS
10
349.3000000000000114
20
-164.7999999999999829
11
350.3999999999999773
21
-164.7999999999999829
0
LINE
8
BLACK
6
CONTINUOUS
10
350.8000000000000114
20
-164.7999999999999829
11
351.8999999999999773
21
-164.7999999999999829
0
LINE
8
BLACK
6
CONTINUOUS
10
352.3000000000000114
20
-164.7999999999999829
11
353.3999999999999773
21
-164.7999999999999829
0
LINE
8
BLACK
6
CONTINUOUS
10
353.8000000000000114
20
-164.7999999999999829
11
354.8999999999999773
21
-164.7999999999999829
0
LINE
8
BLACK
6
CONTINUOUS
10
355.3000000000000114
20
-164.7999999999999829
11
356.3999999999999773
21
-164.7999999999999829
0
LINE
8
BLACK
6
CONTINUOUS
10
356.8000000000000114
20
-164.7999999999999829
11
357.8999999999999773
21
-164.7999999999999829
0
LINE
8
BLACK
6
CONTINUOUS
10
358.3000000000000114
20
-164.7999999999999829
11
359.3999999999999773
21
-164.7999999999999829
0
LINE
8
BLACK
6
CONTINUOUS
10
359.8000000000000114
20
-164.7999999999999829
11
360.8999999999999773
21
-164.7999999999999829
0
LINE
8
BLACK
6
CONTINUOUS
10
361.3000000000000114
20
-164.7999999999999829
11
362.3999999999999773
21
-164.7999999999999829
0
LINE
8
BLACK
6
CONTINUOUS
10
362.8000000000000114
20
-164.7999999999999829
11
363.8999999999999773
21
-164.7999999999999829
0
LINE
8
BLACK
6
CONTINUOUS
10
364.3000000000000114
20
-164.7999999999999829
11
365.3999999999999773
21
-164.7999999999999829
0
LINE
8
BLACK
6
CONTINUOUS
10
365.8000000000000114
20
-164.7999999999999829
11
366.8999999999999773
21
-164.7999999999999829
0
LINE
8
BLACK
6
CONTINUOUS
10
367.3000000000000114
20
-164.7999999999999829
11
368.3999999999999773
21
-164.7999999999999829
0
LINE
8
BLACK
6
CONTINUOUS
10
368.8000000000000114
20
-164.7999999999999829
11
369.8999999999999773
21
-164.7999999999999829
0
LINE
8
BLACK
6
CONTINUOUS
10
370.3000000000000114
20
-164.7999999999999829
11
371.3999999999999773
21
-164.7999999999999829
0
LINE
8
BLACK
6
CONTINUOUS
10
371.8000000000000114
20
-164.7999999999999829
11
372.8999999999999773
21
-164.7999999999999829
0
LINE
8
BLACK
6
CONTINUOUS
10
373.3000000000000114
20
-164.7999999999999829
11
374.3999999999999773
21
-164.7999999999999829
0
LINE
8
BLACK
6
CONTINUOUS
10
374.8000000000000114
20
-164.7999999999999829
11
375.8999999999999773
21
-164.7999999999999829
0
LINE
8
BLACK
6
CONTINUOUS
10
376.3000000000000114
20
-164.7999999999999829
11
377.3999999999999773
21
-164.7999999999999829
0
LINE
8
BLACK
6
CONTINUOUS
10
377.7999999999999545
20
-164.7999999999999829
11
378.8999999999999773
21
-164.7999999999999829
0
LINE
8
BLACK
6
CONTINUOUS
10
379.2999999999999545
20
-164.7999999999999829
11
380.3999999999999773
21
-164.7999999999999829
0
LINE
8
BLACK
6
CONTINUOUS
10
380.7999999999999545
20
-164.7999999999999829
11
381.8999999999999773
21
-164.7999999999999829
0
LINE
8
BLACK
6
CONTINUOUS
10
382.2999999999999545
20
-164.7999999999999829
11
383.3999999999999773
21
-164.7999999999999829
0
LINE
8
BLACK
6
CONTINUOUS
10
383.7999999999999545
20
-164.7999999999999829
11
384.8999999999999773
21
-164.7999999999999829
0
LINE
8
BLACK
6
CONTINUOUS
10
385.2999999999999545
20
-164.7999999999999829
11
386.3999999999999773
21
-164.7999999999999829
0
LINE
8
BLACK
6
CONTINUOUS
10
386.7999999999999545
20
-164.7999999999999829
11
387.8999999999999773
21
-164.7999999999999829
0
LINE
8
BLACK
6
CONTINUOUS
10
388.2999999999999545
20
-164.7999999999999829
11
389.3999999999999773
21
-164.7999999999999829
0
LINE
8
BLACK
6
CONTINUOUS
10
389.7999999999999545
20
-164.7999999999999829
11
390.8999999999999773
21
-164.7999999999999829
0
LINE
8
BLACK
6
CONTINUOUS
10
391.2999999999999545
20
-164.7999999999999829
11
392.3999999999999773
21
-164.7999999999999829
0
LINE
8
BLACK
6
CONTINUOUS
10
392.7999999999999545
20
-164.7999999999999829
11
393.8999999999999773
21
-164.7999999999999829
0
LINE
8
BLACK
6
CONTINUOUS
10
394.2999999999999545
20
-164.7999999999999829
11
395.3999999999999773
21
-164.7999999999999829
0
LINE
8
BLACK
6
CONTINUOUS
10
395.7999999999999545
20
-164.7999999999999829
11
396.8999999999999773
21
-164.7999999999999829
0
LINE
8
BLACK
6
CONTINUOUS
10
397.2999999999999545
20
-164.7999999999999829
11
398.3999999999999773
21
-164.7999999999999829
0
LINE
8
BLACK
6
CONTINUOUS
10
398.7999999999999545
20
-164.7999999999999829
11
399.8999999999999773
21
-164.7999999999999829
0
LINE
8
BLACK
6
CONTINUOUS
10
400.2999999999999545
20
-164.7999999999999829
11
401.3999999999999773
21
-164.7999999999999829
0
LINE
8
BLACK
6
CONTINUOUS
10
401.7999999999999545
20
-164.7999999999999829
11
402.8999999999999773
21
-164.7999999999999829
0
LINE
8
BLACK
6
CONTINUOUS
10
403.2999999999999545
20
-164.7999999999999829
11
404.3999999999999773
21
-164.7999999999999829
0
LINE
8
BLACK
6
CONTINUOUS
10
404.7999999999999545
20
-164.7999999999999829
11
405.8999999999999773
21
-164.7999999999999829
0
LINE
8
BLACK
6
CONTINUOUS
10
406.2999999999999545
20
-164.7999999999999829
11
407.3999999999999773
21
-164.7999999999999829
0
LINE
8
BLACK
6
CONTINUOUS
10
407.7999999999999545
20
-164.7999999999999829
11
408.8999999999999773
21
-164.7999999999999829
0
LINE
8
BLACK
6
CONTINUOUS
10
409.2999999999999545
20
-164.7999999999999829
11
410.3999999999999773
21
-164.7999999999999829
0
LINE
8
BLACK
6
CONTINUOUS
10
410.7999999999999545
20
-164.7999999999999829
11
411.8999999999999773
21
-164.7999999999999829
0
LINE
8
BLACK
6
CONTINUOUS
10
412.2999999999999545
20
-164.7999999999999829
11
413.3999999999999773
21
-164.7999999999999829
0
LINE
8
BLACK
6
CONTINUOUS
10
413.7999999999999545
20
-164.7999999999999829
11
414.8999999999999773
21
-164.7999999999999829
0
LINE
8
BLACK
6
CONTINUOUS
10
415.2999999999999545
20
-164.7999999999999829
11
416.3999999999999773
21
-164.7999999999999829
0
LINE
8
BLACK
6
CONTINUOUS
10
416.7999999999999545
20
-164.7999999999999829
11
417.7999999999999545
21
-164.7999999999999829
0
CIRCLE
8
BLACK
10
365.
20
-159.7999999999999829
40
2.5499999999999998
0
CIRCLE
8
BLACK
10
365.
20
-54.7999999999999972
40
1.25
0
LINE
8
BLACK
6
CONTINUOUS
10
152.5
20
-48.2999999999999972
11
152.5
21
-49.7999999999999972
0
LINE
8
BLACK
6
CONTINUOUS
10
182.5499999999999829
20
-210.5999999999999943
11
182.5499999999999829
21
-209.5
0
LINE
8
BLACK
6
CONTINUOUS
10
182.5499999999999829
20
-209.0999999999999943
11
182.5499999999999829
21
-208.
0
LINE
8
BLACK
6
CONTINUOUS
10
182.5499999999999829
20
-207.5999999999999943
11
182.5499999999999829
21
-206.5
0
LINE
8
BLACK
6
CONTINUOUS
10
182.5499999999999829
20
-206.0999999999999943
11
182.5499999999999829
21
-205.5999999999999943
0
LINE
8
BLACK
6
CONTINUOUS
10
421.7999999999999545
20
-160.7999999999999829
11
421.7999999999999545
21
-159.6999999999999886
0
LINE
8
BLACK
6
CONTINUOUS
10
421.7999999999999545
20
-159.2999999999999829
11
421.7999999999999545
21
-158.1999999999999886
0
LINE
8
BLACK
6
CONTINUOUS
10
421.7999999999999545
20
-157.7999999999999829
11
421.7999999999999545
21
-156.6999999999999886
0
LINE
8
BLACK
6
CONTINUOUS
10
421.7999999999999545
20
-156.2999999999999829
11
421.7999999999999545
21
-155.1999999999999886
0
LINE
8
BLACK
6
CONTINUOUS
10
421.7999999999999545
20
-154.7999999999999829
11
421.7999999999999545
21
-153.6999999999999886
0
LINE
8
BLACK
6
CONTINUOUS
10
421.7999999999999545
20
-153.2999999999999829
11
421.7999999999999545
21
-152.1999999999999886
0
LINE
8
BLACK
6
CONTINUOUS
10
421.7999999999999545
20
-151.7999999999999829
11
421.7999999999999545
21
-150.6999999999999886
0
LINE
8
BLACK
6
CONTINUOUS
10
421.7999999999999545
20
-150.2999999999999829
11
421.7999999999999545
21
-149.1999999999999886
0
LINE
8
BLACK
6
CONTINUOUS
10
421.7999999999999545
20
-148.7999999999999829
11
421.7999999999999545
21
-147.6999999999999886
0
LINE
8
BLACK
6
CONTINUOUS
10
421.7999999999999545
20
-147.2999999999999829
11
421.7999999999999545
21
-146.1999999999999886
0
LINE
8
BLACK
6
CONTINUOUS
10
421.7999999999999545
20
-145.7999999999999829
11
421.7999999999999545
21
-144.6999999999999886
0
LINE
8
BLACK
6
CONTINUOUS
10
421.7999999999999545
20
-144.2999999999999829
11
421.7999999999999545
21
-143.1999999999999886
0
LINE
8
BLACK
6
CONTINUOUS
10
421.7999999999999545
20
-142.7999999999999829
11
421.7999999999999545
21
-141.6999999999999886
0
LINE
8
BLACK
6
CONTINUOUS
10
421.7999999999999545
20
-141.2999999999999829
11
421.7999999999999545
21
-140.1999999999999886
0
LINE
8
BLACK
6
CONTINUOUS
10
421.7999999999999545
20
-139.7999999999999829
11
421.7999999999999545
21
-138.6999999999999886
0
LINE
8
BLACK
6
CONTINUOUS
10
421.7999999999999545
20
-138.2999999999999829
11
421.7999999999999545
21
-137.1999999999999886
0
LINE
8
BLACK
6
CONTINUOUS
10
421.7999999999999545
20
-136.7999999999999829
11
421.7999999999999545
21
-135.6999999999999886
0
LINE
8
BLACK
6
CONTINUOUS
10
421.7999999999999545
20
-135.2999999999999829
11
421.7999999999999545
21
-134.1999999999999886
0
LINE
8
BLACK
6
CONTINUOUS
10
421.7999999999999545
20
-133.7999999999999829
11
421.7999999999999545
21
-132.6999999999999886
0
LINE
8
BLACK
6
CONTINUOUS
10
421.7999999999999545
20
-132.2999999999999829
11
421.7999999999999545
21
-131.1999999999999886
0
LINE
8
BLACK
6
CONTINUOUS
10
421.7999999999999545
20
-130.7999999999999829
11
421.7999999999999545
21
-129.6999999999999886
0
LINE
8
BLACK
6
CONTINUOUS
10
421.7999999999999545
20
-129.2999999999999829
11
421.7999999999999545
21
-128.1999999999999886
0
LINE
8
BLACK
6
CONTINUOUS
10
421.7999999999999545
20
-127.7999999999999972
11
421.7999999999999545
21
-126.6999999999999886
0
LINE
8
BLACK
6
CONTINUOUS
10
421.7999999999999545
20
-126.2999999999999972
11
421.7999999999999545
21
-125.1999999999999886
0
LINE
8
BLACK
6
CONTINUOUS
10
421.7999999999999545
20
-124.7999999999999972
11
421.7999999999999545
21
-123.6999999999999886
0
LINE
8
BLACK
6
CONTINUOUS
10
421.7999999999999545
20
-123.2999999999999972
11
421.7999999999999545
21
-122.1999999999999886
0
LINE
8
BLACK
6
CONTINUOUS
10
421.7999999999999545
20
-121.7999999999999972
11
421.7999999999999545
21
-120.6999999999999886
0
LINE
8
BLACK
6
CONTINUOUS
10
421.7999999999999545
20
-120.2999999999999972
11
421.7999999999999545
21
-119.1999999999999886
0
LINE
8
BLACK
6
CONTINUOUS
10
421.7999999999999545
20
-118.7999999999999972
11
421.7999999999999545
21
-117.6999999999999886
0
LINE
8
BLACK
6
CONTINUOUS
10
421.7999999999999545
20
-117.2999999999999972
11
421.7999999999999545
21
-116.1999999999999886
0
LINE
8
BLACK
6
CONTINUOUS
10
421.7999999999999545
20
-115.7999999999999972
11
421.7999999999999545
21
-114.6999999999999886
0
LINE
8
BLACK
6
CONTINUOUS
10
421.7999999999999545
20
-114.2999999999999972
11
421.7999999999999545
21
-113.1999999999999886
0
LINE
8
BLACK
6
CONTINUOUS
10
421.7999999999999545
20
-112.7999999999999972
11
421.7999999999999545
21
-111.6999999999999886
0
LINE
8
BLACK
6
CONTINUOUS
10
421.7999999999999545
20
-111.2999999999999972
11
421.7999999999999545
21
-110.1999999999999886
0
LINE
8
BLACK
6
CONTINUOUS
10
421.7999999999999545
20
-109.7999999999999972
11
421.7999999999999545
21
-108.6999999999999886
0
LINE
8
BLACK
6
CONTINUOUS
10
421.7999999999999545
20
-108.2999999999999972
11
421.7999999999999545
21
-107.1999999999999886
0
LINE
8
BLACK
6
CONTINUOUS
10
421.7999999999999545
20
-106.7999999999999972
11
421.7999999999999545
21
-105.6999999999999886
0
LINE
8
BLACK
6
CONTINUOUS
10
421.7999999999999545
20
-105.2999999999999972
11
421.7999999999999545
21
-104.1999999999999886
0
LINE
8
BLACK
6
CONTINUOUS
10
421.7999999999999545
20
-103.7999999999999972
11
421.7999999999999545
21
-102.6999999999999886
0
LINE
8
BLACK
6
CONTINUOUS
10
421.7999999999999545
20
-102.2999999999999972
11
421.7999999999999545
21
-101.1999999999999886
0
LINE
8
BLACK
6
CONTINUOUS
10
421.7999999999999545
20
-100.7999999999999972
11
421.7999999999999545
21
-99.6999999999999886
0
LINE
8
BLACK
6
CONTINUOUS
10
421.7999999999999545
20
-99.2999999999999972
11
421.7999999999999545
21
-98.1999999999999886
0
LINE
8
BLACK
6
CONTINUOUS
10
421.7999999999999545
20
-97.7999999999999972
11
421.7999999999999545
21
-96.6999999999999886
0
LINE
8
BLACK
6
CONTINUOUS
10
421.7999999999999545
20
-96.2999999999999972
11
421.7999999999999545
21
-95.1999999999999886
0
LINE
8
BLACK
6
CONTINUOUS
10
421.7999999999999545
20
-94.7999999999999972
11
421.7999999999999545
21
-93.7000000000000028
0
LINE
8
BLACK
6
CONTINUOUS
10
421.7999999999999545
20
-93.2999999999999972
11
421.7999999999999545
21
-92.2000000000000028
0
LINE
8
BLACK
6
CONTINUOUS
10
421.7999999999999545
20
-91.7999999999999972
11
421.7999999999999545
21
-90.7000000000000028
0
LINE
8
BLACK
6
CONTINUOUS
10
421.7999999999999545
20
-90.2999999999999972
11
421.7999999999999545
21
-89.2000000000000028
0
LINE
8
BLACK
6
CONTINUOUS
10
421.7999999999999545
20
-88.7999999999999972
11
421.7999999999999545
21
-87.7000000000000028
0
LINE
8
BLACK
6
CONTINUOUS
10
421.7999999999999545
20
-87.2999999999999972
11
421.7999999999999545
21
-86.2000000000000028
0
LINE
8
BLACK
6
CONTINUOUS
10
421.7999999999999545
20
-85.7999999999999972
11
421.7999999999999545
21
-84.7000000000000028
0
LINE
8
BLACK
6
CONTINUOUS
10
421.7999999999999545
20
-84.2999999999999972
11
421.7999999999999545
21
-83.2000000000000028
0
LINE
8
BLACK
6
CONTINUOUS
10
421.7999999999999545
20
-82.7999999999999972
11
421.7999999999999545
21
-81.7000000000000028
0
LINE
8
BLACK
6
CONTINUOUS
10
421.7999999999999545
20
-81.2999999999999972
11
421.7999999999999545
21
-80.2000000000000028
0
LINE
8
BLACK
6
CONTINUOUS
10
421.7999999999999545
20
-79.7999999999999972
11
421.7999999999999545
21
-78.7000000000000028
0
LINE
8
BLACK
6
CONTINUOUS
10
421.7999999999999545
20
-78.2999999999999972
11
421.7999999999999545
21
-77.2000000000000028
0
LINE
8
BLACK
6
CONTINUOUS
10
421.7999999999999545
20
-76.7999999999999972
11
421.7999999999999545
21
-75.7000000000000028
0
LINE
8
BLACK
6
CONTINUOUS
10
421.7999999999999545
20
-75.2999999999999972
11
421.7999999999999545
21
-74.2000000000000028
0
LINE
8
BLACK
6
CONTINUOUS
10
421.7999999999999545
20
-73.7999999999999972
11
421.7999999999999545
21
-72.7000000000000028
0
LINE
8
BLACK
6
CONTINUOUS
10
421.7999999999999545
20
-72.2999999999999972
11
421.7999999999999545
21
-71.2000000000000028
0
LINE
8
BLACK
6
CONTINUOUS
10
421.7999999999999545
20
-70.7999999999999972
11
421.7999999999999545
21
-69.7000000000000028
0
LINE
8
BLACK
6
CONTINUOUS
10
421.7999999999999545
20
-69.2999999999999972
11
421.7999999999999545
21
-68.2000000000000028
0
LINE
8
BLACK
6
CONTINUOUS
10
421.7999999999999545
20
-67.7999999999999972
11
421.7999999999999545
21
-66.7000000000000028
0
LINE
8
BLACK
6
CONTINUOUS
10
421.7999999999999545
20
-66.2999999999999972
11
421.7999999999999545
21
-65.2000000000000028
0
LINE
8
BLACK
6
CONTINUOUS
10
421.7999999999999545
20
-64.7999999999999972
11
421.7999999999999545
21
-63.6999999999999957
0
LINE
8
BLACK
6
CONTINUOUS
10
421.7999999999999545
20
-63.2999999999999972
11
421.7999999999999545
21
-62.1999999999999957
0
LINE
8
BLACK
6
CONTINUOUS
10
421.7999999999999545
20
-61.7999999999999972
11
421.7999999999999545
21
-60.6999999999999957
0
LINE
8
BLACK
6
CONTINUOUS
10
421.7999999999999545
20
-60.2999999999999972
11
421.7999999999999545
21
-59.1999999999999957
0
LINE
8
BLACK
6
CONTINUOUS
10
421.7999999999999545
20
-58.7999999999999972
11
421.7999999999999545
21
-57.6999999999999957
0
LINE
8
BLACK
6
CONTINUOUS
10
421.7999999999999545
20
-57.2999999999999972
11
421.7999999999999545
21
-56.1999999999999957
0
LINE
8
BLACK
6
CONTINUOUS
10
421.7999999999999545
20
-55.7999999999999972
11
421.7999999999999545
21
-54.6999999999999957
0
LINE
8
BLACK
6
CONTINUOUS
10
421.7999999999999545
20
-54.2999999999999972
11
421.7999999999999545
21
-53.7999999999999972
0
LINE
8
BLACK
6
CONTINUOUS
10
417.7999999999999545
20
-20.8999999999999986
11
176.7999999999999829
21
-20.8999999999999986
0
LINE
8
BLACK
6
CONTINUOUS
10
461.5499999999999545
20
-164.7999999999999829
11
461.5499999999999545
21
-49.7999999999999972
0
ARC
8
BLACK
10
459.5499999999999545
20
-50.2999999999999972
40
0.5
50
0.00000000
51
90.00000000
0
LINE
8
BLACK
6
CONTINUOUS
10
298.5500000000000114
20
-17.3999999999999986
11
299.6499999999999773
21
-17.3999999999999986
0
LINE
8
BLACK
6
CONTINUOUS
10
300.0500000000000114
20
-17.3999999999999986
11
301.1499999999999773
21
-17.3999999999999986
0
LINE
8
BLACK
6
CONTINUOUS
10
301.5500000000000114
20
-17.3999999999999986
11
302.6499999999999773
21
-17.3999999999999986
0
LINE
8
BLACK
6
CONTINUOUS
10
303.0500000000000114
20
-17.3999999999999986
11
304.0500000000000114
21
-17.3999999999999986
0
LINE
8
BLACK
6
CONTINUOUS
10
253.4899999999999807
20
-156.6999999999999886
11
253.4899999999999807
21
-158.
0
LINE
8
BLACK
6
CONTINUOUS
10
419.2999999999999545
20
-166.2999999999999829
11
175.2999999999999829
21
-166.2999999999999829
0
CIRCLE
8
BLACK
10
190.789999999999992
20
-153.6999999999999886
40
5.25
0
LINE
8
BLACK
6
CONTINUOUS
10
172.7999999999999829
20
-20.8999999999999986
11
172.7999999999999829
21
-12.3999999999999986
0
LINE
8
BLACK
6
CONTINUOUS
10
304.0500000000000114
20
-17.3999999999999986
11
304.0500000000000114
21
-16.3000000000000007
0
LINE
8
BLACK
6
CONTINUOUS
10
304.0500000000000114
20
-15.8999999999999986
11
304.0500000000000114
21
-14.7999999999999989
0
LINE
8
BLACK
6
CONTINUOUS
10
304.0500000000000114
20
-14.3999999999999986
11
304.0500000000000114
21
-13.2999999999999989
0
LINE
8
BLACK
6
CONTINUOUS
10
304.0500000000000114
20
-12.8999999999999986
11
304.0500000000000114
21
-12.3999999999999986
0
LINE
8
BLACK
6
CONTINUOUS
10
423.2999999999999545
20
-20.8999999999999986
11
421.7999999999999545
21
-20.8999999999999986
0
LINE
8
BLACK
6
CONTINUOUS
10
149.
20
-53.7999999999999972
11
149.
21
-52.0499999999999972
0
CIRCLE
8
BLACK
10
409.375
20
-54.7999999999999972
40
2.5499999999999998
0
LINE
8
BLACK
6
CONTINUOUS
10
144.
20
-48.2999999999999972
11
152.5
21
-48.2999999999999972
0
LINE
8
BLACK
6
CONTINUOUS
10
171.2999999999999829
20
-12.8999999999999986
11
171.30007599999999
21
-12.8825469999999989
0
LINE
8
BLACK
6
CONTINUOUS
10
171.30007599999999
20
-12.8825469999999989
11
171.3003049999999803
21
-12.8650950000000002
0
LINE
8
BLACK
6
CONTINUOUS
10
171.3003049999999803
20
-12.8650950000000002
11
171.3006849999999872
21
-12.8476459999999992
0
LINE
8
BLACK
6
CONTINUOUS
10
171.3006849999999872
20
-12.8476459999999992
11
171.3012180000000058
21
-12.8302009999999989
0
LINE
8
BLACK
6
CONTINUOUS
10
171.3012180000000058
20
-12.8302009999999989
11
171.3019039999999791
21
-12.8127610000000001
0
LINE
8
BLACK
6
CONTINUOUS
10
171.3019039999999791
20
-12.8127610000000001
11
171.3027409999999975
21
-12.7953279999999996
0
LINE
8
BLACK
6
CONTINUOUS
10
171.3027409999999975
20
-12.7953279999999996
11
171.3037300000000016
21
-12.7779030000000002
0
LINE
8
BLACK
6
CONTINUOUS
10
171.3037300000000016
20
-12.7779030000000002
11
171.3048719999999889
21
-12.7604869999999995
0
LINE
8
BLACK
6
CONTINUOUS
10
171.3048719999999889
20
-12.7604869999999995
11
171.3061649999999929
21
-12.7430819999999994
0
LINE
8
BLACK
6
CONTINUOUS
10
171.3061649999999929
20
-12.7430819999999994
11
171.3076109999999801
21
-12.7256889999999991
0
LINE
8
BLACK
6
CONTINUOUS
10
171.3076109999999801
20
-12.7256889999999991
11
171.3092079999999839
21
-12.7083079999999988
0
LINE
8
BLACK
6
CONTINUOUS
10
171.3092079999999839
20
-12.7083079999999988
11
171.3109560000000045
21
-12.690942999999999
0
LINE
8
BLACK
6
CONTINUOUS
10
171.3109560000000045
20
-12.690942999999999
11
171.3128559999999823
21
-12.6735939999999996
0
LINE
8
BLACK
6
CONTINUOUS
10
171.3128559999999823
20
-12.6735939999999996
11
171.3149080000000026
21
-12.6562609999999989
0
LINE
8
BLACK
6
CONTINUOUS
10
171.3149080000000026
20
-12.6562609999999989
11
171.3171099999999853
21
-12.6389479999999992
0
LINE
8
BLACK
6
CONTINUOUS
10
171.3171099999999853
20
-12.6389479999999992
11
171.3194639999999822
21
-12.6216539999999995
0
LINE
8
BLACK
6
CONTINUOUS
10
171.3194639999999822
20
-12.6216539999999995
11
171.3219679999999983
21
-12.6043810000000001
0
LINE
8
BLACK
6
CONTINUOUS
10
171.3219679999999983
20
-12.6043810000000001
11
171.3246230000000025
21
-12.5871309999999994
0
LINE
8
BLACK
6
CONTINUOUS
10
171.3246230000000025
20
-12.5871309999999994
11
171.3274289999999951
21
-12.5699049999999986
0
LINE
8
BLACK
6
CONTINUOUS
10
171.3274289999999951
20
-12.5699049999999986
11
171.3303839999999809
21
-12.5527040000000003
0
LINE
8
BLACK
6
CONTINUOUS
10
171.3303839999999809
20
-12.5527040000000003
11
171.3334899999999834
21
-12.5355289999999986
0
LINE
8
BLACK
6
CONTINUOUS
10
171.3334899999999834
20
-12.5355289999999986
11
171.3367460000000051
21
-12.518381999999999
0
LINE
8
BLACK
6
CONTINUOUS
10
171.3367460000000051
20
-12.518381999999999
11
171.3401509999999917
21
-12.501263999999999
0
LINE
8
BLACK
6
CONTINUOUS
10
171.3401509999999917
20
-12.501263999999999
11
171.3437049999999999
21
-12.484176999999999
0
LINE
8
BLACK
6
CONTINUOUS
10
171.3437049999999999
20
-12.484176999999999
11
171.3474080000000015
21
-12.4671209999999988
0
LINE
8
BLACK
6
CONTINUOUS
10
171.3474080000000015
20
-12.4671209999999988
11
171.3512599999999964
21
-12.4500979999999988
0
LINE
8
BLACK
6
CONTINUOUS
10
171.3512599999999964
20
-12.4500979999999988
11
171.355259999999987
21
-12.433109
0
LINE
8
BLACK
6
CONTINUOUS
10
171.355259999999987
20
-12.433109
11
171.3594089999999994
21
-12.4161559999999991
0
LINE
8
BLACK
6
CONTINUOUS
10
171.3594089999999994
20
-12.4161559999999991
11
171.3637049999999817
21
-12.3992399999999989
0
LINE
8
BLACK
6
CONTINUOUS
10
171.3637049999999817
20
-12.3992399999999989
11
171.3681479999999908
21
-12.3823619999999988
0
LINE
8
BLACK
6
CONTINUOUS
10
171.3681479999999908
20
-12.3823619999999988
11
171.3727389999999957
21
-12.3655229999999996
0
LINE
8
BLACK
6
CONTINUOUS
10
171.3727389999999957
20
-12.3655229999999996
11
171.377476999999999
21
-12.348725
0
LINE
8
BLACK
6
CONTINUOUS
10
171.377476999999999
20
-12.348725
11
171.3823610000000031
21
-12.3319689999999991
0
LINE
8
BLACK
6
CONTINUOUS
10
171.3823610000000031
20
-12.3319689999999991
11
171.3873899999999821
21
-12.315256999999999
0
LINE
8
BLACK
6
CONTINUOUS
10
171.3873899999999821
20
-12.315256999999999
11
171.392565999999988
21
-12.2985879999999987
0
LINE
8
BLACK
6
CONTINUOUS
10
171.392565999999988
20
-12.2985879999999987
11
171.3978869999999972
21
-12.2819659999999988
0
LINE
8
BLACK
6
CONTINUOUS
10
171.3978869999999972
20
-12.2819659999999988
11
171.4033529999999814
21
-12.2653909999999993
0
LINE
8
BLACK
6
CONTINUOUS
10
171.4033529999999814
20
-12.2653909999999993
11
171.408963
21
-12.2488639999999993
0
LINE
8
BLACK
6
CONTINUOUS
10
171.408963
20
-12.2488639999999993
11
171.414716999999996
21
-12.232386
0
LINE
8
BLACK
6
CONTINUOUS
10
171.414716999999996
20
-12.232386
11
171.420614999999998
21
-12.215959999999999
0
LINE
8
BLACK
6
CONTINUOUS
10
171.420614999999998
20
-12.215959999999999
11
171.4266559999999799
21
-12.199584999999999
0
LINE
8
BLACK
6
CONTINUOUS
10
171.4266559999999799
20
-12.199584999999999
11
171.4328390000000013
21
-12.1832639999999994
0
LINE
8
BLACK
6
CONTINUOUS
10
171.4328390000000013
20
-12.1832639999999994
11
171.4391650000000027
21
-12.1669979999999995
0
LINE
8
BLACK
6
CONTINUOUS
10
171.4391650000000027
20
-12.1669979999999995
11
171.4456319999999891
21
-12.1507869999999993
0
LINE
8
BLACK
6
CONTINUOUS
10
171.4456319999999891
20
-12.1507869999999993
11
171.4522409999999866
21
-12.1346329999999991
0
LINE
8
BLACK
6
CONTINUOUS
10
171.4522409999999866
20
-12.1346329999999991
11
171.45899
21
-12.1185379999999991
0
LINE
8
BLACK
6
CONTINUOUS
10
171.45899
20
-12.1185379999999991
11
171.4658799999999985
21
-12.1025019999999994
0
LINE
8
BLACK
6
CONTINUOUS
10
171.4658799999999985
20
-12.1025019999999994
11
171.4729089999999871
21
-12.0865270000000002
0
LINE
8
BLACK
6
CONTINUOUS
10
171.4729089999999871
20
-12.0865270000000002
11
171.4800769999999943
21
-12.0706139999999991
0
LINE
8
BLACK
6
CONTINUOUS
10
171.4800769999999943
20
-12.0706139999999991
11
171.4873839999999916
21
-12.0547629999999995
0
LINE
8
BLACK
6
CONTINUOUS
10
171.4873839999999916
20
-12.0547629999999995
11
171.4948289999999815
21
-12.0389780000000002
0
LINE
8
BLACK
6
CONTINUOUS
10
171.4948289999999815
20
-12.0389780000000002
11
171.5024119999999925
21
-12.0232580000000002
0
LINE
8
BLACK
6
CONTINUOUS
10
171.5024119999999925
20
-12.0232580000000002
11
171.5101310000000012
21
-12.0076039999999988
0
LINE
8
BLACK
6
CONTINUOUS
10
171.5101310000000012
20
-12.0076039999999988
11
171.5179870000000051
21
-11.9920189999999991
0
LINE
8
BLACK
6
CONTINUOUS
10
171.5179870000000051
20
-11.9920189999999991
11
171.5259779999999807
21
-11.9765029999999992
0
LINE
8
BLACK
6
CONTINUOUS
10
171.5259779999999807
20
-11.9765029999999992
11
171.5341049999999825
21
-11.9610570000000003
0
LINE
8
BLACK
6
CONTINUOUS
10
171.5341049999999825
20
-11.9610570000000003
11
171.542365999999987
21
-11.9456819999999997
0
LINE
8
BLACK
6
CONTINUOUS
10
171.542365999999987
20
-11.9456819999999997
11
171.5507609999999943
21
-11.9303809999999988
0
LINE
8
BLACK
6
CONTINUOUS
10
171.5507609999999943
20
-11.9303809999999988
11
171.5592889999999784
21
-11.9151530000000001
0
LINE
8
BLACK
6
CONTINUOUS
10
171.5592889999999784
20
-11.9151530000000001
11
171.5679489999999987
21
-11.8999999999999986
0
LINE
8
BLACK
6
CONTINUOUS
10
171.5679489999999987
20
-11.8999999999999986
11
171.5767419999999959
21
-11.8849229999999988
0
LINE
8
BLACK
6
CONTINUOUS
10
171.5767419999999959
20
-11.8849229999999988
11
171.5856650000000059
21
-11.8699239999999993
0
LINE
8
BLACK
6
CONTINUOUS
10
171.5856650000000059
20
-11.8699239999999993
11
171.5947199999999953
21
-11.855003
0
LINE
8
BLACK
6
CONTINUOUS
10
171.5947199999999953
20
-11.855003
11
171.5949509999999805
21
-11.8546259999999997
0
LINE
8
BLACK
6
CONTINUOUS
10
171.8366220000000055
20
-11.5367219999999993
11
171.8485749999999825
21
-11.5240039999999997
0
LINE
8
BLACK
6
CONTINUOUS
10
171.8485749999999825
20
-11.5240039999999997
11
171.8606379999999945
21
-11.5113909999999997
0
LINE
8
BLACK
6
CONTINUOUS
10
171.8606379999999945
20
-11.5113909999999997
11
171.872809999999987
21
-11.4988829999999993
0
LINE
8
BLACK
6
CONTINUOUS
10
171.872809999999987
20
-11.4988829999999993
11
171.8850909999999885
21
-11.4864819999999987
0
LINE
8
BLACK
6
CONTINUOUS
10
171.8850909999999885
20
-11.4864819999999987
11
171.8974800000000016
21
-11.4741879999999998
0
LINE
8
BLACK
6
CONTINUOUS
10
171.8974800000000016
20
-11.4741879999999998
11
171.9099760000000003
21
-11.4620040000000003
0
LINE
8
BLACK
6
CONTINUOUS
10
171.9099760000000003
20
-11.4620040000000003
11
171.9225779999999872
21
-11.4499279999999999
0
LINE
8
BLACK
6
CONTINUOUS
10
171.9225779999999872
20
-11.4499279999999999
11
171.9352839999999958
21
-11.4379629999999999
0
LINE
8
BLACK
6
CONTINUOUS
10
171.9352839999999958
20
-11.4379629999999999
11
171.948094999999995
21
-11.4261099999999995
0
LINE
8
BLACK
6
CONTINUOUS
10
171.948094999999995
20
-11.4261099999999995
11
171.9610079999999925
21
-11.4143679999999996
0
LINE
8
BLACK
6
CONTINUOUS
10
171.9610079999999925
20
-11.4143679999999996
11
171.9740239999999858
21
-11.4027399999999997
0
LINE
8
BLACK
6
CONTINUOUS
10
171.9740239999999858
20
-11.4027399999999997
11
171.9871399999999824
21
-11.3912259999999996
0
LINE
8
BLACK
6
CONTINUOUS
10
171.9871399999999824
20
-11.3912259999999996
11
172.0003559999999823
21
-11.3798269999999988
0
LINE
8
BLACK
6
CONTINUOUS
10
172.0003559999999823
20
-11.3798269999999988
11
172.0136719999999855
21
-11.368542999999999
0
LINE
8
BLACK
6
CONTINUOUS
10
172.0136719999999855
20
-11.368542999999999
11
172.0270849999999996
21
-11.3573760000000004
0
LINE
8
BLACK
6
CONTINUOUS
10
172.0270849999999996
20
-11.3573760000000004
11
172.0405949999999962
21
-11.3463269999999987
0
LINE
8
BLACK
6
CONTINUOUS
10
172.0405949999999962
20
-11.3463269999999987
11
172.0542010000000062
21
-11.3353959999999994
0
LINE
8
BLACK
6
CONTINUOUS
10
172.0542010000000062
20
-11.3353959999999994
11
172.0679020000000037
21
-11.3245839999999998
0
LINE
8
BLACK
6
CONTINUOUS
10
172.0679020000000037
20
-11.3245839999999998
11
172.0816969999999912
21
-11.3138919999999992
0
LINE
8
BLACK
6
CONTINUOUS
10
172.0816969999999912
20
-11.3138919999999992
11
172.0955849999999998
21
-11.3033209999999986
0
LINE
8
BLACK
6
CONTINUOUS
10
172.0955849999999998
20
-11.3033209999999986
11
172.109564000000006
21
-11.2928709999999999
0
LINE
8
BLACK
6
CONTINUOUS
10
172.109564000000006
20
-11.2928709999999999
11
172.1236339999999814
21
-11.2825439999999997
0
LINE
8
BLACK
6
CONTINUOUS
10
172.1236339999999814
20
-11.2825439999999997
11
172.1377939999999853
21
-11.2723399999999998
0
LINE
8
BLACK
6
CONTINUOUS
10
172.1377939999999853
20
-11.2723399999999998
11
172.1520419999999945
21
-11.2622599999999995
0
LINE
8
BLACK
6
CONTINUOUS
10
172.1520419999999945
20
-11.2622599999999995
11
172.1663769999999829
21
-11.2523049999999998
0
LINE
8
BLACK
6
CONTINUOUS
10
172.1663769999999829
20
-11.2523049999999998
11
172.1807989999999791
21
-11.2424749999999989
0
LINE
8
BLACK
6
CONTINUOUS
10
172.1807989999999791
20
-11.2424749999999989
11
172.195305999999988
21
-11.2327709999999996
0
LINE
8
BLACK
6
CONTINUOUS
10
172.195305999999988
20
-11.2327709999999996
11
172.2098979999999813
21
-11.2231949999999987
0
LINE
8
BLACK
6
CONTINUOUS
10
172.2098979999999813
20
-11.2231949999999987
11
172.2245719999999949
21
-11.2137459999999987
0
LINE
8
BLACK
6
CONTINUOUS
10
172.2245719999999949
20
-11.2137459999999987
11
172.2393280000000004
21
-11.2044249999999987
0
LINE
8
BLACK
6
CONTINUOUS
10
172.2393280000000004
20
-11.2044249999999987
11
172.2541650000000004
21
-11.1952339999999992
0
LINE
8
BLACK
6
CONTINUOUS
10
172.2541650000000004
20
-11.1952339999999992
11
172.2690809999999999
21
-11.1861719999999991
0
LINE
8
BLACK
6
CONTINUOUS
10
172.2690809999999999
20
-11.1861719999999991
11
172.2840759999999989
21
-11.1772409999999986
0
LINE
8
BLACK
6
CONTINUOUS
10
172.2840759999999989
20
-11.1772409999999986
11
172.2991489999999999
21
-11.1684409999999996
0
LINE
8
BLACK
6
CONTINUOUS
10
172.2991489999999999
20
-11.1684409999999996
11
172.3142969999999821
21
-11.1597729999999995
0
LINE
8
BLACK
6
CONTINUOUS
10
172.3142969999999821
20
-11.1597729999999995
11
172.3295209999999997
21
-11.1512370000000001
0
LINE
8
BLACK
6
CONTINUOUS
10
172.3295209999999997
20
-11.1512370000000001
11
172.3448190000000011
21
-11.1428349999999998
0
LINE
8
BLACK
6
CONTINUOUS
10
172.3448190000000011
20
-11.1428349999999998
11
172.3601889999999912
21
-11.1345669999999988
0
LINE
8
BLACK
6
CONTINUOUS
10
172.3601889999999912
20
-11.1345669999999988
11
172.3756309999999985
21
-11.1264329999999987
0
LINE
8
BLACK
6
CONTINUOUS
10
172.3756309999999985
20
-11.1264329999999987
11
172.3911429999999996
21
-11.1184339999999988
0
LINE
8
BLACK
6
CONTINUOUS
10
172.3911429999999996
20
-11.1184339999999988
11
172.4067249999999945
21
-11.1105699999999992
0
LINE
8
BLACK
6
CONTINUOUS
10
172.4067249999999945
20
-11.1105699999999992
11
172.4223739999999907
21
-11.102843
0
LINE
8
BLACK
6
CONTINUOUS
10
172.4223739999999907
20
-11.102843
11
172.4380909999999858
21
-11.0952529999999996
0
LINE
8
BLACK
6
CONTINUOUS
10
172.4380909999999858
20
-11.0952529999999996
11
172.4538729999999873
21
-11.0877999999999997
0
LINE
8
BLACK
6
CONTINUOUS
10
172.4538729999999873
20
-11.0877999999999997
11
172.4697189999999978
21
-11.0804849999999995
0
LINE
8
BLACK
6
CONTINUOUS
10
172.4697189999999978
20
-11.0804849999999995
11
172.4856289999999888
21
-11.0733090000000001
0
LINE
8
BLACK
6
CONTINUOUS
10
172.4856289999999888
20
-11.0733090000000001
11
172.5015999999999963
21
-11.0662719999999997
0
LINE
8
BLACK
6
CONTINUOUS
10
172.5015999999999963
20
-11.0662719999999997
11
172.5176329999999894
21
-11.0593749999999993
0
LINE
8
BLACK
6
CONTINUOUS
10
172.5176329999999894
20
-11.0593749999999993
11
172.533725000000004
21
-11.0526169999999997
0
LINE
8
BLACK
6
CONTINUOUS
10
172.533725000000004
20
-11.0526169999999997
11
172.5498749999999859
21
-11.0460009999999986
0
LINE
8
BLACK
6
CONTINUOUS
10
172.5498749999999859
20
-11.0460009999999986
11
172.5660829999999919
21
-11.0395249999999994
0
LINE
8
BLACK
6
CONTINUOUS
10
172.5660829999999919
20
-11.0395249999999994
11
172.5823460000000011
21
-11.0331919999999997
0
LINE
8
BLACK
6
CONTINUOUS
10
172.5823460000000011
20
-11.0331919999999997
11
172.5986639999999852
21
-11.0269999999999992
0
LINE
8
BLACK
6
CONTINUOUS
10
172.5986639999999852
20
-11.0269999999999992
11
172.6150360000000035
21
-11.0209510000000002
0
LINE
8
BLACK
6
CONTINUOUS
10
172.6150360000000035
20
-11.0209510000000002
11
172.6314600000000041
21
-11.0150449999999989
0
LINE
8
BLACK
6
CONTINUOUS
10
172.6314600000000041
20
-11.0150449999999989
11
172.6479339999999922
21
-11.0092829999999999
0
LINE
8
BLACK
6
CONTINUOUS
10
172.6479339999999922
20
-11.0092829999999999
11
172.6644579999999962
21
-11.0036649999999998
0
LINE
8
BLACK
6
CONTINUOUS
10
172.6644579999999962
20
-11.0036649999999998
11
172.6810309999999902
21
-10.9981910000000003
0
LINE
8
BLACK
6
CONTINUOUS
10
172.6810309999999902
20
-10.9981910000000003
11
172.6976509999999791
21
-10.9928619999999988
0
LINE
8
BLACK
6
CONTINUOUS
10
172.6976509999999791
20
-10.9928619999999988
11
172.7143159999999966
21
-10.9876779999999989
0
LINE
8
BLACK
6
CONTINUOUS
10
172.7143159999999966
20
-10.9876779999999989
11
172.7310269999999832
21
-10.98264
0
LINE
8
BLACK
6
CONTINUOUS
10
172.7310269999999832
20
-10.98264
11
172.7477800000000059
21
-10.9777480000000001
0
LINE
8
BLACK
6
CONTINUOUS
10
172.7477800000000059
20
-10.9777480000000001
11
172.7645760000000053
21
-10.9730019999999993
0
LINE
8
BLACK
6
CONTINUOUS
10
172.7645760000000053
20
-10.9730019999999993
11
172.7650019999999813
21
-10.9728839999999987
0
LINE
8
BLACK
6
CONTINUOUS
10
173.1585259999999948
20
-10.905009999999999
11
173.1759399999999971
21
-10.9038509999999995
0
LINE
8
BLACK
6
CONTINUOUS
10
173.1759399999999971
20
-10.9038509999999995
11
173.193365
21
-10.9028449999999992
0
LINE
8
BLACK
6
CONTINUOUS
10
173.193365
20
-10.9028449999999992
11
173.2107969999999852
21
-10.9019899999999996
0
LINE
8
BLACK
6
CONTINUOUS
10
173.2107969999999852
20
-10.9019899999999996
11
173.2282359999999812
21
-10.9012879999999992
0
LINE
8
BLACK
6
CONTINUOUS
10
173.2282359999999812
20
-10.9012879999999992
11
173.245679999999993
21
-10.9007379999999987
0
LINE
8
BLACK
6
CONTINUOUS
10
173.245679999999993
20
-10.9007379999999987
11
173.2631289999999922
21
-10.9003399999999999
0
LINE
8
BLACK
6
CONTINUOUS
10
173.2631289999999922
20
-10.9003399999999999
11
173.2805809999999838
21
-10.9000939999999993
0
LINE
8
BLACK
6
CONTINUOUS
10
173.2805809999999838
20
-10.9000939999999993
11
173.2980340000000012
21
-10.9000009999999996
0
LINE
8
BLACK
6
CONTINUOUS
10
173.2980340000000012
20
-10.9000009999999996
11
173.2999999999999829
21
-10.9000000000000004
0
ARC
8
BLACK
10
459.5499999999999545
20
-164.2999999999999829
40
0.5
50
-90.00000000
51
-0.00000000
0
LINE
8
BLACK
6
CONTINUOUS
10
421.7999999999999545
20
-85.7999999999999972
11
422.8999999999999773
21
-85.7999999999999972
0
LINE
8
BLACK
6
CONTINUOUS
10
423.2999999999999545
20
-85.7999999999999972
11
423.2999999999999545
21
-86.8999999999999915
0
LINE
8
BLACK
6
CONTINUOUS
10
423.2999999999999545
20
-87.2999999999999972
11
423.2999999999999545
21
-88.3999999999999915
0
LINE
8
BLACK
6
CONTINUOUS
10
423.2999999999999545
20
-88.7999999999999972
11
422.1999999999999886
21
-88.7999999999999972
0
LINE
8
BLACK
6
CONTINUOUS
10
421.7999999999999545
20
-88.7999999999999972
11
421.7999999999999545
21
-87.7000000000000028
0
LINE
8
BLACK
6
CONTINUOUS
10
421.7999999999999545
20
-87.2999999999999972
11
421.7999999999999545
21
-86.2000000000000028
0
LINE
8
BLACK
6
CONTINUOUS
10
455.0499999999999545
20
-53.7999999999999972
11
455.0499999999999545
21
-52.0499999999999972
0
LINE
8
BLACK
6
CONTINUOUS
10
451.5499999999999545
20
-166.2999999999999829
11
460.0499999999999545
21
-166.2999999999999829
0
LINE
8
BLACK
6
CONTINUOUS
10
298.8000000000000114
20
-48.2999999999999972
11
298.8000000000000114
21
-49.3999999999999986
0
LINE
8
BLACK
6
CONTINUOUS
10
298.5500000000000114
20
-205.5999999999999943
11
299.6499999999999773
21
-205.5999999999999943
0
LINE
8
BLACK
6
CONTINUOUS
10
300.0500000000000114
20
-205.5999999999999943
11
301.1499999999999773
21
-205.5999999999999943
0
LINE
8
BLACK
6
CONTINUOUS
10
301.5500000000000114
20
-205.5999999999999943
11
302.6499999999999773
21
-205.5999999999999943
0
LINE
8
BLACK
6
CONTINUOUS
10
303.0500000000000114
20
-205.5999999999999943
11
304.0500000000000114
21
-205.5999999999999943
0
LINE
8
BLACK
6
CONTINUOUS
10
171.2999999999999829
20
-85.7999999999999972
11
172.4000000000000057
21
-85.7999999999999972
0
LINE
8
BLACK
6
CONTINUOUS
10
172.7999999999999829
20
-85.7999999999999972
11
172.7999999999999829
21
-86.8999999999999915
0
LINE
8
BLACK
6
CONTINUOUS
10
172.7999999999999829
20
-87.2999999999999972
11
172.7999999999999829
21
-88.3999999999999915
0
LINE
8
BLACK
6
CONTINUOUS
10
172.7999999999999829
20
-88.7999999999999972
11
171.6999999999999886
21
-88.7999999999999972
0
LINE
8
BLACK
6
CONTINUOUS
10
171.2999999999999829
20
-88.7999999999999972
11
171.2999999999999829
21
-87.7000000000000028
0
LINE
8
BLACK
6
CONTINUOUS
10
171.2999999999999829
20
-87.2999999999999972
11
171.2999999999999829
21
-86.2000000000000028
0
LINE
8
BLACK
6
CONTINUOUS
10
455.0499999999999545
20
-52.0499999999999972
11
460.0499999999999545
21
-52.0499999999999972
0
LINE
8
BLACK
6
CONTINUOUS
10
182.5499999999999829
20
-205.5999999999999943
11
183.6500000000000057
21
-205.5999999999999943
0
LINE
8
BLACK
6
CONTINUOUS
10
184.0499999999999829
20
-205.5999999999999943
11
185.1500000000000057
21
-205.5999999999999943
0
LINE
8
BLACK
6
CONTINUOUS
10
185.5499999999999829
20
-205.5999999999999943
11
186.6500000000000057
21
-205.5999999999999943
0
LINE
8
BLACK
6
CONTINUOUS
10
187.0499999999999829
20
-205.5999999999999943
11
188.0499999999999829
21
-205.5999999999999943
0
LINE
8
BLACK
6
CONTINUOUS
10
172.7999999999999829
20
-202.0999999999999943
11
171.2999999999999829
21
-202.0999999999999943
0
LINE
8
BLACK
6
CONTINUOUS
10
421.7999999999999545
20
-125.7999999999999972
11
422.8999999999999773
21
-125.7999999999999972
0
LINE
8
BLACK
6
CONTINUOUS
10
423.2999999999999545
20
-125.7999999999999972
11
423.2999999999999545
21
-126.8999999999999915
0
LINE
8
BLACK
6
CONTINUOUS
10
423.2999999999999545
20
-127.2999999999999972
11
423.2999999999999545
21
-128.4000000000000057
0
LINE
8
BLACK
6
CONTINUOUS
10
423.2999999999999545
20
-128.7999999999999829
11
422.1999999999999886
21
-128.7999999999999829
0
LINE
8
BLACK
6
CONTINUOUS
10
421.7999999999999545
20
-128.7999999999999829
11
421.7999999999999545
21
-127.6999999999999886
0
LINE
8
BLACK
6
CONTINUOUS
10
421.7999999999999545
20
-127.2999999999999972
11
421.7999999999999545
21
-126.1999999999999886
0
CIRCLE
8
BLACK
10
297.3000000000000114
20
-16.8999999999999986
40
1.5
0
LINE
8
BLACK
6
CONTINUOUS
10
176.7999999999999829
20
-49.7999999999999972
11
177.9000000000000057
21
-49.7999999999999972
0
LINE
8
BLACK
6
CONTINUOUS
10
178.2999999999999829
20
-49.7999999999999972
11
179.4000000000000057
21
-49.7999999999999972
0
LINE
8
BLACK
6
CONTINUOUS
10
179.7999999999999829
20
-49.7999999999999972
11
180.9000000000000057
21
-49.7999999999999972
0
LINE
8
BLACK
6
CONTINUOUS
10
181.2999999999999829
20
-49.7999999999999972
11
182.4000000000000057
21
-49.7999999999999972
0
LINE
8
BLACK
6
CONTINUOUS
10
182.7999999999999829
20
-49.7999999999999972
11
183.9000000000000057
21
-49.7999999999999972
0
LINE
8
BLACK
6
CONTINUOUS
10
184.2999999999999829
20
-49.7999999999999972
11
185.4000000000000057
21
-49.7999999999999972
0
LINE
8
BLACK
6
CONTINUOUS
10
185.7999999999999829
20
-49.7999999999999972
11
186.9000000000000057
21
-49.7999999999999972
0
LINE
8
BLACK
6
CONTINUOUS
10
187.2999999999999829
20
-49.7999999999999972
11
188.4000000000000057
21
-49.7999999999999972
0
LINE
8
BLACK
6
CONTINUOUS
10
188.7999999999999829
20
-49.7999999999999972
11
189.8999999999999773
21
-49.7999999999999972
0
LINE
8
BLACK
6
CONTINUOUS
10
190.2999999999999829
20
-49.7999999999999972
11
191.3999999999999773
21
-49.7999999999999972
0
LINE
8
BLACK
6
CONTINUOUS
10
191.7999999999999829
20
-49.7999999999999972
11
192.8999999999999773
21
-49.7999999999999972
0
LINE
8
BLACK
6
CONTINUOUS
10
193.2999999999999829
20
-49.7999999999999972
11
194.3999999999999773
21
-49.7999999999999972
0
LINE
8
BLACK
6
CONTINUOUS
10
194.7999999999999829
20
-49.7999999999999972
11
195.8999999999999773
21
-49.7999999999999972
0
LINE
8
BLACK
6
CONTINUOUS
10
196.2999999999999829
20
-49.7999999999999972
11
197.3999999999999773
21
-49.7999999999999972
0
LINE
8
BLACK
6
CONTINUOUS
10
197.7999999999999829
20
-49.7999999999999972
11
198.8999999999999773
21
-49.7999999999999972
0
LINE
8
BLACK
6
CONTINUOUS
10
199.2999999999999829
20
-49.7999999999999972
11
200.3999999999999773
21
-49.7999999999999972
0
LINE
8
BLACK
6
CONTINUOUS
10
200.7999999999999829
20
-49.7999999999999972
11
201.8999999999999773
21
-49.7999999999999972
0
LINE
8
BLACK
6
CONTINUOUS
10
202.2999999999999829
20
-49.7999999999999972
11
203.3999999999999773
21
-49.7999999999999972
0
LINE
8
BLACK
6
CONTINUOUS
10
203.7999999999999829
20
-49.7999999999999972
11
204.8999999999999773
21
-49.7999999999999972
0
LINE
8
BLACK
6
CONTINUOUS
10
205.2999999999999829
20
-49.7999999999999972
11
206.3999999999999773
21
-49.7999999999999972
0
LINE
8
BLACK
6
CONTINUOUS
10
206.7999999999999829
20
-49.7999999999999972
11
207.8999999999999773
21
-49.7999999999999972
0
LINE
8
BLACK
6
CONTINUOUS
10
208.2999999999999829
20
-49.7999999999999972
11
209.3999999999999773
21
-49.7999999999999972
0
LINE
8
BLACK
6
CONTINUOUS
10
209.7999999999999829
20
-49.7999999999999972
11
210.8999999999999773
21
-49.7999999999999972
0
LINE
8
BLACK
6
CONTINUOUS
10
211.2999999999999829
20
-49.7999999999999972
11
212.3999999999999773
21
-49.7999999999999972
0
LINE
8
BLACK
6
CONTINUOUS
10
212.7999999999999829
20
-49.7999999999999972
11
213.8999999999999773
21
-49.7999999999999972
0
LINE
8
BLACK
6
CONTINUOUS
10
214.2999999999999829
20
-49.7999999999999972
11
215.3999999999999773
21
-49.7999999999999972
0
LINE
8
BLACK
6
CONTINUOUS
10
215.7999999999999829
20
-49.7999999999999972
11
216.8999999999999773
21
-49.7999999999999972
0
LINE
8
BLACK
6
CONTINUOUS
10
217.2999999999999829
20
-49.7999999999999972
11
218.3999999999999773
21
-49.7999999999999972
0
LINE
8
BLACK
6
CONTINUOUS
10
218.7999999999999829
20
-49.7999999999999972
11
219.8999999999999773
21
-49.7999999999999972
0
LINE
8
BLACK
6
CONTINUOUS
10
220.2999999999999829
20
-49.7999999999999972
11
221.3999999999999773
21
-49.7999999999999972
0
LINE
8
BLACK
6
CONTINUOUS
10
221.7999999999999829
20
-49.7999999999999972
11
222.8999999999999773
21
-49.7999999999999972
0
LINE
8
BLACK
6
CONTINUOUS
10
223.2999999999999829
20
-49.7999999999999972
11
224.3999999999999773
21
-49.7999999999999972
0
LINE
8
BLACK
6
CONTINUOUS
10
224.7999999999999829
20
-49.7999999999999972
11
225.8999999999999773
21
-49.7999999999999972
0
LINE
8
BLACK
6
CONTINUOUS
10
226.2999999999999829
20
-49.7999999999999972
11
227.3999999999999773
21
-49.7999999999999972
0
LINE
8
BLACK
6
CONTINUOUS
10
227.7999999999999829
20
-49.7999999999999972
11
228.8999999999999773
21
-49.7999999999999972
0
LINE
8
BLACK
6
CONTINUOUS
10
229.2999999999999829
20
-49.7999999999999972
11
230.3999999999999773
21
-49.7999999999999972
0
LINE
8
BLACK
6
CONTINUOUS
10
230.7999999999999829
20
-49.7999999999999972
11
231.8999999999999773
21
-49.7999999999999972
0
LINE
8
BLACK
6
CONTINUOUS
10
232.2999999999999829
20
-49.7999999999999972
11
233.3999999999999773
21
-49.7999999999999972
0
LINE
8
BLACK
6
CONTINUOUS
10
233.7999999999999829
20
-49.7999999999999972
11
234.8999999999999773
21
-49.7999999999999972
0
LINE
8
BLACK
6
CONTINUOUS
10
235.2999999999999829
20
-49.7999999999999972
11
236.3999999999999773
21
-49.7999999999999972
0
LINE
8
BLACK
6
CONTINUOUS
10
236.7999999999999829
20
-49.7999999999999972
11
237.8999999999999773
21
-49.7999999999999972
0
LINE
8
BLACK
6
CONTINUOUS
10
238.2999999999999829
20
-49.7999999999999972
11
239.3999999999999773
21
-49.7999999999999972
0
LINE
8
BLACK
6
CONTINUOUS
10
239.7999999999999829
20
-49.7999999999999972
11
240.8999999999999773
21
-49.7999999999999972
0
LINE
8
BLACK
6
CONTINUOUS
10
241.2999999999999829
20
-49.7999999999999972
11
242.3999999999999773
21
-49.7999999999999972
0
LINE
8
BLACK
6
CONTINUOUS
10
242.7999999999999829
20
-49.7999999999999972
11
243.8999999999999773
21
-49.7999999999999972
0
LINE
8
BLACK
6
CONTINUOUS
10
244.2999999999999829
20
-49.7999999999999972
11
245.3999999999999773
21
-49.7999999999999972
0
LINE
8
BLACK
6
CONTINUOUS
10
245.7999999999999829
20
-49.7999999999999972
11
246.8999999999999773
21
-49.7999999999999972
0
LINE
8
BLACK
6
CONTINUOUS
10
247.2999999999999829
20
-49.7999999999999972
11
248.3999999999999773
21
-49.7999999999999972
0
LINE
8
BLACK
6
CONTINUOUS
10
248.7999999999999829
20
-49.7999999999999972
11
249.8999999999999773
21
-49.7999999999999972
0
LINE
8
BLACK
6
CONTINUOUS
10
250.2999999999999829
20
-49.7999999999999972
11
251.3999999999999773
21
-49.7999999999999972
0
LINE
8
BLACK
6
CONTINUOUS
10
251.7999999999999829
20
-49.7999999999999972
11
252.8999999999999773
21
-49.7999999999999972
0
LINE
8
BLACK
6
CONTINUOUS
10
253.2999999999999829
20
-49.7999999999999972
11
254.3999999999999773
21
-49.7999999999999972
0
LINE
8
BLACK
6
CONTINUOUS
10
254.7999999999999829
20
-49.7999999999999972
11
255.8999999999999773
21
-49.7999999999999972
0
LINE
8
BLACK
6
CONTINUOUS
10
256.3000000000000114
20
-49.7999999999999972
11
257.3999999999999773
21
-49.7999999999999972
0
LINE
8
BLACK
6
CONTINUOUS
10
257.8000000000000114
20
-49.7999999999999972
11
258.8999999999999773
21
-49.7999999999999972
0
LINE
8
BLACK
6
CONTINUOUS
10
259.3000000000000114
20
-49.7999999999999972
11
260.3999999999999773
21
-49.7999999999999972
0
LINE
8
BLACK
6
CONTINUOUS
10
260.8000000000000114
20
-49.7999999999999972
11
261.8999999999999773
21
-49.7999999999999972
0
LINE
8
BLACK
6
CONTINUOUS
10
262.3000000000000114
20
-49.7999999999999972
11
263.3999999999999773
21
-49.7999999999999972
0
LINE
8
BLACK
6
CONTINUOUS
10
263.8000000000000114
20
-49.7999999999999972
11
264.8999999999999773
21
-49.7999999999999972
0
LINE
8
BLACK
6
CONTINUOUS
10
265.3000000000000114
20
-49.7999999999999972
11
266.3999999999999773
21
-49.7999999999999972
0
LINE
8
BLACK
6
CONTINUOUS
10
266.8000000000000114
20
-49.7999999999999972
11
267.8999999999999773
21
-49.7999999999999972
0
LINE
8
BLACK
6
CONTINUOUS
10
268.3000000000000114
20
-49.7999999999999972
11
269.3999999999999773
21
-49.7999999999999972
0
LINE
8
BLACK
6
CONTINUOUS
10
269.8000000000000114
20
-49.7999999999999972
11
270.8999999999999773
21
-49.7999999999999972
0
LINE
8
BLACK
6
CONTINUOUS
10
271.3000000000000114
20
-49.7999999999999972
11
272.3999999999999773
21
-49.7999999999999972
0
LINE
8
BLACK
6
CONTINUOUS
10
272.8000000000000114
20
-49.7999999999999972
11
273.8999999999999773
21
-49.7999999999999972
0
LINE
8
BLACK
6
CONTINUOUS
10
274.3000000000000114
20
-49.7999999999999972
11
275.3999999999999773
21
-49.7999999999999972
0
LINE
8
BLACK
6
CONTINUOUS
10
275.8000000000000114
20
-49.7999999999999972
11
276.8999999999999773
21
-49.7999999999999972
0
LINE
8
BLACK
6
CONTINUOUS
10
277.3000000000000114
20
-49.7999999999999972
11
278.3999999999999773
21
-49.7999999999999972
0
LINE
8
BLACK
6
CONTINUOUS
10
278.8000000000000114
20
-49.7999999999999972
11
279.8999999999999773
21
-49.7999999999999972
0
LINE
8
BLACK
6
CONTINUOUS
10
280.3000000000000114
20
-49.7999999999999972
11
281.3999999999999773
21
-49.7999999999999972
0
LINE
8
BLACK
6
CONTINUOUS
10
281.8000000000000114
20
-49.7999999999999972
11
282.8999999999999773
21
-49.7999999999999972
0
LINE
8
BLACK
6
CONTINUOUS
10
283.3000000000000114
20
-49.7999999999999972
11
284.3999999999999773
21
-49.7999999999999972
0
LINE
8
BLACK
6
CONTINUOUS
10
284.8000000000000114
20
-49.7999999999999972
11
285.8999999999999773
21
-49.7999999999999972
0
LINE
8
BLACK
6
CONTINUOUS
10
286.3000000000000114
20
-49.7999999999999972
11
287.3999999999999773
21
-49.7999999999999972
0
LINE
8
BLACK
6
CONTINUOUS
10
287.8000000000000114
20
-49.7999999999999972
11
288.8999999999999773
21
-49.7999999999999972
0
LINE
8
BLACK
6
CONTINUOUS
10
289.3000000000000114
20
-49.7999999999999972
11
290.3999999999999773
21
-49.7999999999999972
0
LINE
8
BLACK
6
CONTINUOUS
10
290.8000000000000114
20
-49.7999999999999972
11
291.8999999999999773
21
-49.7999999999999972
0
LINE
8
BLACK
6
CONTINUOUS
10
292.3000000000000114
20
-49.7999999999999972
11
293.3999999999999773
21
-49.7999999999999972
0
LINE
8
BLACK
6
CONTINUOUS
10
293.8000000000000114
20
-49.7999999999999972
11
294.8999999999999773
21
-49.7999999999999972
0
LINE
8
BLACK
6
CONTINUOUS
10
295.3000000000000114
20
-49.7999999999999972
11
296.3999999999999773
21
-49.7999999999999972
0
LINE
8
BLACK
6
CONTINUOUS
10
296.8000000000000114
20
-49.7999999999999972
11
297.8999999999999773
21
-49.7999999999999972
0
LINE
8
BLACK
6
CONTINUOUS
10
298.3000000000000114
20
-49.7999999999999972
11
299.3999999999999773
21
-49.7999999999999972
0
LINE
8
BLACK
6
CONTINUOUS
10
299.8000000000000114
20
-49.7999999999999972
11
300.8999999999999773
21
-49.7999999999999972
0
LINE
8
BLACK
6
CONTINUOUS
10
301.3000000000000114
20
-49.7999999999999972
11
302.3999999999999773
21
-49.7999999999999972
0
LINE
8
BLACK
6
CONTINUOUS
10
302.8000000000000114
20
-49.7999999999999972
11
303.8999999999999773
21
-49.7999999999999972
0
LINE
8
BLACK
6
CONTINUOUS
10
304.3000000000000114
20
-49.7999999999999972
11
305.3999999999999773
21
-49.7999999999999972
0
LINE
8
BLACK
6
CONTINUOUS
10
305.8000000000000114
20
-49.7999999999999972
11
306.8999999999999773
21
-49.7999999999999972
0
LINE
8
BLACK
6
CONTINUOUS
10
307.3000000000000114
20
-49.7999999999999972
11
308.3999999999999773
21
-49.7999999999999972
0
LINE
8
BLACK
6
CONTINUOUS
10
308.8000000000000114
20
-49.7999999999999972
11
309.8999999999999773
21
-49.7999999999999972
0
LINE
8
BLACK
6
CONTINUOUS
10
310.3000000000000114
20
-49.7999999999999972
11
311.3999999999999773
21
-49.7999999999999972
0
LINE
8
BLACK
6
CONTINUOUS
10
311.8000000000000114
20
-49.7999999999999972
11
312.8999999999999773
21
-49.7999999999999972
0
LINE
8
BLACK
6
CONTINUOUS
10
313.3000000000000114
20
-49.7999999999999972
11
314.3999999999999773
21
-49.7999999999999972
0
LINE
8
BLACK
6
CONTINUOUS
10
314.8000000000000114
20
-49.7999999999999972
11
315.8999999999999773
21
-49.7999999999999972
0
LINE
8
BLACK
6
CONTINUOUS
10
316.3000000000000114
20
-49.7999999999999972
11
317.3999999999999773
21
-49.7999999999999972
0
LINE
8
BLACK
6
CONTINUOUS
10
317.8000000000000114
20
-49.7999999999999972
11
318.8999999999999773
21
-49.7999999999999972
0
LINE
8
BLACK
6
CONTINUOUS
10
319.3000000000000114
20
-49.7999999999999972
11
320.3999999999999773
21
-49.7999999999999972
0
LINE
8
BLACK
6
CONTINUOUS
10
320.8000000000000114
20
-49.7999999999999972
11
321.8999999999999773
21
-49.7999999999999972
0
LINE
8
BLACK
6
CONTINUOUS
10
322.3000000000000114
20
-49.7999999999999972
11
323.3999999999999773
21
-49.7999999999999972
0
LINE
8
BLACK
6
CONTINUOUS
10
323.8000000000000114
20
-49.7999999999999972
11
324.8999999999999773
21
-49.7999999999999972
0
LINE
8
BLACK
6
CONTINUOUS
10
325.3000000000000114
20
-49.7999999999999972
11
326.3999999999999773
21
-49.7999999999999972
0
LINE
8
BLACK
6
CONTINUOUS
10
326.8000000000000114
20
-49.7999999999999972
11
327.8999999999999773
21
-49.7999999999999972
0
LINE
8
BLACK
6
CONTINUOUS
10
328.3000000000000114
20
-49.7999999999999972
11
329.3999999999999773
21
-49.7999999999999972
0
LINE
8
BLACK
6
CONTINUOUS
10
329.8000000000000114
20
-49.7999999999999972
11
330.8999999999999773
21
-49.7999999999999972
0
LINE
8
BLACK
6
CONTINUOUS
10
331.3000000000000114
20
-49.7999999999999972
11
332.3999999999999773
21
-49.7999999999999972
0
LINE
8
BLACK
6
CONTINUOUS
10
332.8000000000000114
20
-49.7999999999999972
11
333.8999999999999773
21
-49.7999999999999972
0
LINE
8
BLACK
6
CONTINUOUS
10
334.3000000000000114
20
-49.7999999999999972
11
335.3999999999999773
21
-49.7999999999999972
0
LINE
8
BLACK
6
CONTINUOUS
10
335.8000000000000114
20
-49.7999999999999972
11
336.8999999999999773
21
-49.7999999999999972
0
LINE
8
BLACK
6
CONTINUOUS
10
337.3000000000000114
20
-49.7999999999999972
11
338.3999999999999773
21
-49.7999999999999972
0
LINE
8
BLACK
6
CONTINUOUS
10
338.8000000000000114
20
-49.7999999999999972
11
339.8999999999999773
21
-49.7999999999999972
0
LINE
8
BLACK
6
CONTINUOUS
10
340.3000000000000114
20
-49.7999999999999972
11
341.3999999999999773
21
-49.7999999999999972
0
LINE
8
BLACK
6
CONTINUOUS
10
341.8000000000000114
20
-49.7999999999999972
11
342.8999999999999773
21
-49.7999999999999972
0
LINE
8
BLACK
6
CONTINUOUS
10
343.3000000000000114
20
-49.7999999999999972
11
344.3999999999999773
21
-49.7999999999999972
0
LINE
8
BLACK
6
CONTINUOUS
10
344.8000000000000114
20
-49.7999999999999972
11
345.8999999999999773
21
-49.7999999999999972
0
LINE
8
BLACK
6
CONTINUOUS
10
346.3000000000000114
20
-49.7999999999999972
11
347.3999999999999773
21
-49.7999999999999972
0
LINE
8
BLACK
6
CONTINUOUS
10
347.8000000000000114
20
-49.7999999999999972
11
348.8999999999999773
21
-49.7999999999999972
0
LINE
8
BLACK
6
CONTINUOUS
10
349.3000000000000114
20
-49.7999999999999972
11
350.3999999999999773
21
-49.7999999999999972
0
LINE
8
BLACK
6
CONTINUOUS
10
350.8000000000000114
20
-49.7999999999999972
11
351.8999999999999773
21
-49.7999999999999972
0
LINE
8
BLACK
6
CONTINUOUS
10
352.3000000000000114
20
-49.7999999999999972
11
353.3999999999999773
21
-49.7999999999999972
0
LINE
8
BLACK
6
CONTINUOUS
10
353.8000000000000114
20
-49.7999999999999972
11
354.8999999999999773
21
-49.7999999999999972
0
LINE
8
BLACK
6
CONTINUOUS
10
355.3000000000000114
20
-49.7999999999999972
11
356.3999999999999773
21
-49.7999999999999972
0
LINE
8
BLACK
6
CONTINUOUS
10
356.8000000000000114
20
-49.7999999999999972
11
357.8999999999999773
21
-49.7999999999999972
0
LINE
8
BLACK
6
CONTINUOUS
10
358.3000000000000114
20
-49.7999999999999972
11
359.3999999999999773
21
-49.7999999999999972
0
LINE
8
BLACK
6
CONTINUOUS
10
359.8000000000000114
20
-49.7999999999999972
11
360.8999999999999773
21
-49.7999999999999972
0
LINE
8
BLACK
6
CONTINUOUS
10
361.3000000000000114
20
-49.7999999999999972
11
362.3999999999999773
21
-49.7999999999999972
0
LINE
8
BLACK
6
CONTINUOUS
10
362.8000000000000114
20
-49.7999999999999972
11
363.8999999999999773
21
-49.7999999999999972
0
LINE
8
BLACK
6
CONTINUOUS
10
364.3000000000000114
20
-49.7999999999999972
11
365.3999999999999773
21
-49.7999999999999972
0
LINE
8
BLACK
6
CONTINUOUS
10
365.8000000000000114
20
-49.7999999999999972
11
366.8999999999999773
21
-49.7999999999999972
0
LINE
8
BLACK
6
CONTINUOUS
10
367.3000000000000114
20
-49.7999999999999972
11
368.3999999999999773
21
-49.7999999999999972
0
LINE
8
BLACK
6
CONTINUOUS
10
368.8000000000000114
20
-49.7999999999999972
11
369.8999999999999773
21
-49.7999999999999972
0
LINE
8
BLACK
6
CONTINUOUS
10
370.3000000000000114
20
-49.7999999999999972
11
371.3999999999999773
21
-49.7999999999999972
0
LINE
8
BLACK
6
CONTINUOUS
10
371.8000000000000114
20
-49.7999999999999972
11
372.8999999999999773
21
-49.7999999999999972
0
LINE
8
BLACK
6
CONTINUOUS
10
373.3000000000000114
20
-49.7999999999999972
11
374.3999999999999773
21
-49.7999999999999972
0
LINE
8
BLACK
6
CONTINUOUS
10
374.8000000000000114
20
-49.7999999999999972
11
375.8999999999999773
21
-49.7999999999999972
0
LINE
8
BLACK
6
CONTINUOUS
10
376.3000000000000114
20
-49.7999999999999972
11
377.3999999999999773
21
-49.7999999999999972
0
LINE
8
BLACK
6
CONTINUOUS
10
377.7999999999999545
20
-49.7999999999999972
11
378.8999999999999773
21
-49.7999999999999972
0
LINE
8
BLACK
6
CONTINUOUS
10
379.2999999999999545
20
-49.7999999999999972
11
380.3999999999999773
21
-49.7999999999999972
0
LINE
8
BLACK
6
CONTINUOUS
10
380.7999999999999545
20
-49.7999999999999972
11
381.8999999999999773
21
-49.7999999999999972
0
LINE
8
BLACK
6
CONTINUOUS
10
382.2999999999999545
20
-49.7999999999999972
11
383.3999999999999773
21
-49.7999999999999972
0
LINE
8
BLACK
6
CONTINUOUS
10
383.7999999999999545
20
-49.7999999999999972
11
384.8999999999999773
21
-49.7999999999999972
0
LINE
8
BLACK
6
CONTINUOUS
10
385.2999999999999545
20
-49.7999999999999972
11
386.3999999999999773
21
-49.7999999999999972
0
LINE
8
BLACK
6
CONTINUOUS
10
386.7999999999999545
20
-49.7999999999999972
11
387.8999999999999773
21
-49.7999999999999972
0
LINE
8
BLACK
6
CONTINUOUS
10
388.2999999999999545
20
-49.7999999999999972
11
389.3999999999999773
21
-49.7999999999999972
0
LINE
8
BLACK
6
CONTINUOUS
10
389.7999999999999545
20
-49.7999999999999972
11
390.8999999999999773
21
-49.7999999999999972
0
LINE
8
BLACK
6
CONTINUOUS
10
391.2999999999999545
20
-49.7999999999999972
11
392.3999999999999773
21
-49.7999999999999972
0
LINE
8
BLACK
6
CONTINUOUS
10
392.7999999999999545
20
-49.7999999999999972
11
393.8999999999999773
21
-49.7999999999999972
0
LINE
8
BLACK
6
CONTINUOUS
10
394.2999999999999545
20
-49.7999999999999972
11
395.3999999999999773
21
-49.7999999999999972
0
LINE
8
BLACK
6
CONTINUOUS
10
395.7999999999999545
20
-49.7999999999999972
11
396.8999999999999773
21
-49.7999999999999972
0
LINE
8
BLACK
6
CONTINUOUS
10
397.2999999999999545
20
-49.7999999999999972
11
398.3999999999999773
21
-49.7999999999999972
0
LINE
8
BLACK
6
CONTINUOUS
10
398.7999999999999545
20
-49.7999999999999972
11
399.8999999999999773
21
-49.7999999999999972
0
LINE
8
BLACK
6
CONTINUOUS
10
400.2999999999999545
20
-49.7999999999999972
11
401.3999999999999773
21
-49.7999999999999972
0
LINE
8
BLACK
6
CONTINUOUS
10
401.7999999999999545
20
-49.7999999999999972
11
402.8999999999999773
21
-49.7999999999999972
0
LINE
8
BLACK
6
CONTINUOUS
10
403.2999999999999545
20
-49.7999999999999972
11
404.3999999999999773
21
-49.7999999999999972
0
LINE
8
BLACK
6
CONTINUOUS
10
404.7999999999999545
20
-49.7999999999999972
11
405.8999999999999773
21
-49.7999999999999972
0
LINE
8
BLACK
6
CONTINUOUS
10
406.2999999999999545
20
-49.7999999999999972
11
407.3999999999999773
21
-49.7999999999999972
0
LINE
8
BLACK
6
CONTINUOUS
10
407.7999999999999545
20
-49.7999999999999972
11
408.8999999999999773
21
-49.7999999999999972
0
LINE
8
BLACK
6
CONTINUOUS
10
409.2999999999999545
20
-49.7999999999999972
11
410.3999999999999773
21
-49.7999999999999972
0
LINE
8
BLACK
6
CONTINUOUS
10
410.7999999999999545
20
-49.7999999999999972
11
411.8999999999999773
21
-49.7999999999999972
0
LINE
8
BLACK
6
CONTINUOUS
10
412.2999999999999545
20
-49.7999999999999972
11
413.3999999999999773
21
-49.7999999999999972
0
LINE
8
BLACK
6
CONTINUOUS
10
413.7999999999999545
20
-49.7999999999999972
11
414.8999999999999773
21
-49.7999999999999972
0
LINE
8
BLACK
6
CONTINUOUS
10
415.2999999999999545
20
-49.7999999999999972
11
416.3999999999999773
21
-49.7999999999999972
0
LINE
8
BLACK
6
CONTINUOUS
10
416.7999999999999545
20
-49.7999999999999972
11
417.7999999999999545
21
-49.7999999999999972
0
LINE
8
BLACK
6
CONTINUOUS
10
455.0499999999999545
20
-141.5499999999999829
11
456.1499999999999773
21
-141.5499999999999829
0
LINE
8
BLACK
6
CONTINUOUS
10
456.5499999999999545
20
-141.5499999999999829
11
457.6499999999999773
21
-141.5499999999999829
0
LINE
8
BLACK
6
CONTINUOUS
10
458.0499999999999545
20
-141.5499999999999829
11
459.1499999999999773
21
-141.5499999999999829
0
LINE
8
BLACK
6
CONTINUOUS
10
459.5499999999999545
20
-141.5499999999999829
11
460.0499999999999545
21
-141.5499999999999829
0
LINE
8
BLACK
6
CONTINUOUS
10
144.
20
-164.2999999999999829
11
144.
21
-160.7999999999999829
0
LINE
8
BLACK
6
CONTINUOUS
10
171.2999999999999829
20
-162.2999999999999829
11
171.2999999999999829
21
-52.2999999999999972
0
CIRCLE
8
BLACK
10
391.625
20
-54.7999999999999972
40
1.25
0
LINE
8
BLACK
6
CONTINUOUS
10
451.5499999999999545
20
-53.7999999999999972
11
451.5499999999999545
21
-160.7999999999999829
0
ARC
8
BLACK
10
245.289999999999992
20
-156.6999999999999886
40
1.2
50
90.00000000
51
180.00000000
0
LINE
8
BLACK
6
CONTINUOUS
10
171.2999999999999829
20
-125.7999999999999972
11
172.4000000000000057
21
-125.7999999999999972
0
LINE
8
BLACK
6
CONTINUOUS
10
172.7999999999999829
20
-125.7999999999999972
11
172.7999999999999829
21
-126.8999999999999915
0
LINE
8
BLACK
6
CONTINUOUS
10
172.7999999999999829
20
-127.2999999999999972
11
172.7999999999999829
21
-128.4000000000000057
0
LINE
8
BLACK
6
CONTINUOUS
10
172.7999999999999829
20
-128.7999999999999829
11
171.6999999999999886
21
-128.7999999999999829
0
LINE
8
BLACK
6
CONTINUOUS
10
171.2999999999999829
20
-128.7999999999999829
11
171.2999999999999829
21
-127.6999999999999886
0
LINE
8
BLACK
6
CONTINUOUS
10
171.2999999999999829
20
-127.2999999999999972
11
171.2999999999999829
21
-126.1999999999999886
0
LINE
8
BLACK
6
CONTINUOUS
10
417.7999999999999545
20
-210.5999999999999943
11
421.7999999999999545
21
-210.5999999999999943
0
LINE
8
BLACK
6
CONTINUOUS
10
423.2999999999999545
20
-212.0999999999999943
11
423.2999999999999545
21
-202.0999999999999943
0
CIRCLE
8
BLACK
10
276.7899999999999636
20
-156.0999999999999943
40
2.
0
ARC
8
BLACK
10
252.289999999999992
20
-156.6999999999999886
40
1.2
50
0.00000000
51
90.00000000
0
LINE
8
BLACK
6
CONTINUOUS
10
144.
20
-53.7999999999999972
11
152.5
21
-53.7999999999999972
0
LINE
8
BLACK
6
CONTINUOUS
10
173.2999999999999829
20
-210.5999999999999943
11
173.2956369999999993
21
-210.5999809999999854
0
LINE
8
BLACK
6
CONTINUOUS
10
173.2956369999999993
20
-210.5999809999999854
11
173.2912739999999872
21
-210.5999239999999872
0
LINE
8
BLACK
6
CONTINUOUS
10
173.2912739999999872
20
-210.5999239999999872
11
173.2869120000000009
21
-210.5998289999999997
0
LINE
8
BLACK
6
CONTINUOUS
10
173.2869120000000009
20
-210.5998289999999997
11
173.2825499999999863
21
-210.599694999999997
0
LINE
8
BLACK
6
CONTINUOUS
10
173.2825499999999863
20
-210.599694999999997
11
173.2781899999999951
21
-210.5995240000000024
0
LINE
8
BLACK
6
CONTINUOUS
10
173.2781899999999951
20
-210.5995240000000024
11
173.2738319999999987
21
-210.5993149999999901
0
LINE
8
BLACK
6
CONTINUOUS
10
173.2738319999999987
20
-210.5993149999999901
11
173.2694759999999974
21
-210.5990669999999909
0
LINE
8
BLACK
6
CONTINUOUS
10
173.2694759999999974
20
-210.5990669999999909
11
173.265121999999991
21
-210.5987819999999999
0
LINE
8
BLACK
6
CONTINUOUS
10
173.265121999999991
20
-210.5987819999999999
11
173.2607699999999795
21
-210.5984589999999912
0
LINE
8
BLACK
6
CONTINUOUS
10
173.2607699999999795
20
-210.5984589999999912
11
173.2564219999999864
21
-210.5980969999999957
0
LINE
8
BLACK
6
CONTINUOUS
10
173.2564219999999864
20
-210.5980969999999957
11
173.2520769999999857
21
-210.5976979999999799
0
LINE
8
BLACK
6
CONTINUOUS
10
173.2520769999999857
20
-210.5976979999999799
11
173.2477360000000033
21
-210.5972610000000032
0
LINE
8
BLACK
6
CONTINUOUS
10
173.2477360000000033
20
-210.5972610000000032
11
173.2433979999999849
21
-210.5967859999999803
0
LINE
8
BLACK
6
CONTINUOUS
10
173.2433979999999849
20
-210.5967859999999803
11
173.2390649999999823
21
-210.5962729999999965
0
LINE
8
BLACK
6
CONTINUOUS
10
173.2390649999999823
20
-210.5962729999999965
11
173.2347369999999955
21
-210.595721999999995
0
LINE
8
BLACK
6
CONTINUOUS
10
173.2347369999999955
20
-210.595721999999995
11
173.2304129999999986
21
-210.5951340000000016
0
LINE
8
BLACK
6
CONTINUOUS
10
173.2304129999999986
20
-210.5951340000000016
11
173.2260949999999866
21
-210.5945079999999905
0
LINE
8
BLACK
6
CONTINUOUS
10
173.2260949999999866
20
-210.5945079999999905
11
173.2217829999999879
21
-210.59384399999999
0
LINE
8
BLACK
6
CONTINUOUS
10
173.2217829999999879
20
-210.59384399999999
11
173.2174760000000049
21
-210.5931429999999978
0
LINE
8
BLACK
6
CONTINUOUS
10
173.2174760000000049
20
-210.5931429999999978
11
173.2131760000000043
21
-210.5924039999999877
0
LINE
8
BLACK
6
CONTINUOUS
10
173.2131760000000043
20
-210.5924039999999877
11
173.2088819999999885
21
-210.5916269999999884
0
LINE
8
BLACK
6
CONTINUOUS
10
173.2088819999999885
20
-210.5916269999999884
11
173.2045959999999809
21
-210.5908139999999946
0
LINE
8
BLACK
6
CONTINUOUS
10
173.2045959999999809
20
-210.5908139999999946
11
173.2003159999999866
21
-210.5899619999999857
0
LINE
8
BLACK
6
CONTINUOUS
10
173.2003159999999866
20
-210.5899619999999857
11
173.1960440000000006
21
-210.5890739999999823
0
LINE
8
BLACK
6
CONTINUOUS
10
173.1960440000000006
20
-210.5890739999999823
11
173.1917799999999943
21
-210.5881479999999897
0
LINE
8
BLACK
6
CONTINUOUS
10
173.1917799999999943
20
-210.5881479999999897
11
173.1875239999999962
21
-210.5871849999999768
0
LINE
8
BLACK
6
CONTINUOUS
10
173.1875239999999962
20
-210.5871849999999768
11
173.1832770000000039
21
-210.5861850000000004
0
LINE
8
BLACK
6
CONTINUOUS
10
173.1832770000000039
20
-210.5861850000000004
11
173.1790389999999888
21
-210.5851480000000038
0
LINE
8
BLACK
6
CONTINUOUS
10
173.1790389999999888
20
-210.5851480000000038
11
173.1748099999999795
21
-210.5840739999999869
0
LINE
8
BLACK
6
CONTINUOUS
10
173.1748099999999795
20
-210.5840739999999869
11
173.1705900000000042
21
-210.5829629999999781
0
LINE
8
BLACK
6
CONTINUOUS
10
173.1705900000000042
20
-210.5829629999999781
11
173.1663810000000012
21
-210.5818149999999775
0
LINE
8
BLACK
6
CONTINUOUS
10
173.1663810000000012
20
-210.5818149999999775
11
173.1621810000000039
21
-210.5806309999999826
0
LINE
8
BLACK
6
CONTINUOUS
10
173.1621810000000039
20
-210.5806309999999826
11
173.1579919999999788
21
-210.5794099999999958
0
LINE
8
BLACK
6
CONTINUOUS
10
173.1579919999999788
20
-210.5794099999999958
11
173.1538139999999828
21
-210.5781519999999887
0
LINE
8
BLACK
6
CONTINUOUS
10
173.1538139999999828
20
-210.5781519999999887
11
173.1496469999999874
21
-210.5768579999999872
0
LINE
8
BLACK
6
CONTINUOUS
10
173.1496469999999874
20
-210.5768579999999872
11
173.1454919999999902
21
-210.5755279999999914
0
LINE
8
BLACK
6
CONTINUOUS
10
173.1454919999999902
20
-210.5755279999999914
11
173.1413479999999936
21
-210.5741620000000012
0
LINE
8
BLACK
6
CONTINUOUS
10
173.1413479999999936
20
-210.5741620000000012
11
173.1372159999999951
21
-210.5727589999999907
0
LINE
8
BLACK
6
CONTINUOUS
10
173.1372159999999951
20
-210.5727589999999907
11
173.1330969999999922
21
-210.5713209999999833
0
LINE
8
BLACK
6
CONTINUOUS
10
173.1330969999999922
20
-210.5713209999999833
11
173.1289899999999875
21
-210.5698459999999841
0
LINE
8
BLACK
6
CONTINUOUS
10
173.1289899999999875
20
-210.5698459999999841
11
173.1248959999999784
21
-210.568335999999988
0
LINE
8
BLACK
6
CONTINUOUS
10
173.1248959999999784
20
-210.568335999999988
11
173.1208159999999907
21
-210.5667899999999975
0
LINE
8
BLACK
6
CONTINUOUS
10
173.1208159999999907
20
-210.5667899999999975
11
173.1167489999999987
21
-210.5652089999999816
0
LINE
8
BLACK
6
CONTINUOUS
10
173.1167489999999987
20
-210.5652089999999816
11
173.1126969999999972
21
-210.5635919999999999
0
LINE
8
BLACK
6
CONTINUOUS
10
173.1126969999999972
20
-210.5635919999999999
11
173.1086579999999913
21
-210.5619399999999928
0
LINE
8
BLACK
6
CONTINUOUS
10
173.1086579999999913
20
-210.5619399999999928
11
173.1046340000000043
21
-210.5602519999999913
0
LINE
8
BLACK
6
CONTINUOUS
10
173.1046340000000043
20
-210.5602519999999913
11
173.1006249999999795
21
-210.5585299999999904
0
LINE
8
BLACK
6
CONTINUOUS
10
173.1006249999999795
20
-210.5585299999999904
11
173.0966319999999996
21
-210.5567729999999926
0
LINE
8
BLACK
6
CONTINUOUS
10
173.0966319999999996
20
-210.5567729999999926
11
173.0926529999999843
21
-210.5549809999999979
0
LINE
8
BLACK
6
CONTINUOUS
10
173.0926529999999843
20
-210.5549809999999979
11
173.088690999999983
21
-210.5531539999999779
0
LINE
8
BLACK
6
CONTINUOUS
10
173.088690999999983
20
-210.5531539999999779
11
173.0847440000000006
21
-210.5512929999999869
0
LINE
8
BLACK
6
CONTINUOUS
10
173.0847440000000006
20
-210.5512929999999869
11
173.0808140000000037
21
-210.549396999999999
0
LINE
8
BLACK
6
CONTINUOUS
10
173.0808140000000037
20
-210.549396999999999
11
173.0769009999999923
21
-210.5474669999999833
0
LINE
8
BLACK
6
CONTINUOUS
10
173.0769009999999923
20
-210.5474669999999833
11
173.0730049999999949
21
-210.5455029999999965
0
LINE
8
BLACK
6
CONTINUOUS
10
173.0730049999999949
20
-210.5455029999999965
11
173.0691259999999829
21
-210.5435049999999819
0
LINE
8
BLACK
6
CONTINUOUS
10
173.0691259999999829
20
-210.5435049999999819
11
173.0652639999999849
21
-210.5414739999999938
0
LINE
8
BLACK
6
CONTINUOUS
10
173.0652639999999849
20
-210.5414739999999938
11
173.0614209999999957
21
-210.5394089999999778
0
LINE
8
BLACK
6
CONTINUOUS
10
173.0614209999999957
20
-210.5394089999999778
11
173.0575949999999921
21
-210.5373099999999909
0
LINE
8
BLACK
6
CONTINUOUS
10
173.0575949999999921
20
-210.5373099999999909
11
173.0537879999999973
21
-210.5351780000000019
0
LINE
8
BLACK
6
CONTINUOUS
10
173.0537879999999973
20
-210.5351780000000019
11
173.0499999999999829
21
-210.5330129999999826
0
LINE
8
BLACK
6
CONTINUOUS
10
173.0499999999999829
20
-210.5330129999999826
11
173.0462310000000059
21
-210.5308149999999898
0
LINE
8
BLACK
6
CONTINUOUS
10
173.0462310000000059
20
-210.5308149999999898
11
173.0424809999999809
21
-210.5285839999999951
0
LINE
8
BLACK
6
CONTINUOUS
10
173.0424809999999809
20
-210.5285839999999951
11
173.0387509999999907
21
-210.5263199999999983
0
LINE
8
BLACK
6
CONTINUOUS
10
173.0387509999999907
20
-210.5263199999999983
11
173.0350399999999809
21
-210.5240239999999972
0
LINE
8
BLACK
6
CONTINUOUS
10
173.0350399999999809
20
-210.5240239999999972
11
173.0313500000000033
21
-210.5216959999999915
0
LINE
8
BLACK
6
CONTINUOUS
10
173.0313500000000033
20
-210.5216959999999915
11
173.0276800000000037
21
-210.5193349999999839
0
LINE
8
BLACK
6
CONTINUOUS
10
173.0276800000000037
20
-210.5193349999999839
11
173.0240320000000054
21
-210.5169429999999977
0
LINE
8
BLACK
6
CONTINUOUS
10
173.0240320000000054
20
-210.5169429999999977
11
173.020403999999985
21
-210.5145189999999786
0
LINE
8
BLACK
6
CONTINUOUS
10
173.020403999999985
20
-210.5145189999999786
11
173.0167969999999968
21
-210.5120629999999835
0
LINE
8
BLACK
6
CONTINUOUS
10
173.0167969999999968
20
-210.5120629999999835
11
173.0132119999999816
21
-210.5095759999999814
0
LINE
8
BLACK
6
CONTINUOUS
10
173.0132119999999816
20
-210.5095759999999814
11
173.009648999999996
21
-210.5070580000000007
0
LINE
8
BLACK
6
CONTINUOUS
10
173.009648999999996
20
-210.5070580000000007
11
173.0061069999999859
21
-210.5045079999999871
0
LINE
8
BLACK
6
CONTINUOUS
10
173.0061069999999859
20
-210.5045079999999871
11
173.0025890000000004
21
-210.5019279999999924
0
LINE
8
BLACK
6
CONTINUOUS
10
173.0025890000000004
20
-210.5019279999999924
11
172.9990919999999903
21
-210.4993179999999882
0
LINE
8
BLACK
6
CONTINUOUS
10
172.9990919999999903
20
-210.4993179999999882
11
172.9956190000000049
21
-210.4966769999999769
0
LINE
8
BLACK
6
CONTINUOUS
10
172.9956190000000049
20
-210.4966769999999769
11
172.9921689999999899
21
-210.4940049999999871
0
LINE
8
BLACK
6
CONTINUOUS
10
172.9921689999999899
20
-210.4940049999999871
11
172.9887429999999995
21
-210.4913039999999853
0
LINE
8
BLACK
6
CONTINUOUS
10
172.9887429999999995
20
-210.4913039999999853
11
172.9853399999999795
21
-210.4885730000000024
0
LINE
8
BLACK
6
CONTINUOUS
10
172.9853399999999795
20
-210.4885730000000024
11
172.9819609999999841
21
-210.4858119999999815
0
LINE
8
BLACK
6
CONTINUOUS
10
172.9819609999999841
20
-210.4858119999999815
11
172.978605999999985
21
-210.483021999999977
0
LINE
8
BLACK
6
CONTINUOUS
10
172.978605999999985
20
-210.483021999999977
11
172.9752759999999796
21
-210.4802029999999888
0
LINE
8
BLACK
6
CONTINUOUS
10
172.9752759999999796
20
-210.4802029999999888
11
172.9719699999999989
21
-210.4773549999999886
0
LINE
8
BLACK
6
CONTINUOUS
10
172.9719699999999989
20
-210.4773549999999886
11
172.968689999999981
21
-210.4744779999999764
0
LINE
8
BLACK
6
CONTINUOUS
10
172.968689999999981
20
-210.4744779999999764
11
172.9654349999999852
21
-210.4715719999999806
0
LINE
8
BLACK
6
CONTINUOUS
10
172.9654349999999852
20
-210.4715719999999806
11
172.9622049999999831
21
-210.468638999999996
0
LINE
8
BLACK
6
CONTINUOUS
10
172.9622049999999831
20
-210.468638999999996
11
172.9590010000000007
21
-210.4656769999999995
0
LINE
8
BLACK
6
CONTINUOUS
10
172.9590010000000007
20
-210.4656769999999995
11
172.955822999999981
21
-210.4626869999999883
0
LINE
8
BLACK
6
CONTINUOUS
10
172.955822999999981
20
-210.4626869999999883
11
172.9526709999999809
21
-210.4596699999999885
0
LINE
8
BLACK
6
CONTINUOUS
10
172.9526709999999809
20
-210.4596699999999885
11
172.9495450000000005
21
-210.4566250000000025
0
LINE
8
BLACK
6
CONTINUOUS
10
172.9495450000000005
20
-210.4566250000000025
11
172.9464470000000063
21
-210.4535529999999994
0
LINE
8
BLACK
6
CONTINUOUS
10
172.9464470000000063
20
-210.4535529999999994
11
172.9433750000000032
21
-210.4504549999999767
0
LINE
8
BLACK
6
CONTINUOUS
10
172.9433750000000032
20
-210.4504549999999767
11
172.9403299999999888
21
-210.4473289999999963
0
LINE
8
BLACK
6
CONTINUOUS
10
172.9403299999999888
20
-210.4473289999999963
11
172.937312999999989
21
-210.4441769999999963
0
LINE
8
BLACK
6
CONTINUOUS
10
172.937312999999989
20
-210.4441769999999963
11
172.9343230000000062
21
-210.4409989999999766
0
LINE
8
BLACK
6
CONTINUOUS
10
172.9343230000000062
20
-210.4409989999999766
11
172.9313609999999812
21
-210.4377949999999942
0
LINE
8
BLACK
6
CONTINUOUS
10
172.9313609999999812
20
-210.4377949999999942
11
172.9284279999999967
21
-210.4345649999999921
0
LINE
8
BLACK
6
CONTINUOUS
10
172.9284279999999967
20
-210.4345649999999921
11
172.9255220000000008
21
-210.4313099999999963
0
LINE
8
BLACK
6
CONTINUOUS
10
172.9255220000000008
20
-210.4313099999999963
11
172.9226449999999886
21
-210.4280299999999784
0
LINE
8
BLACK
6
CONTINUOUS
10
172.9226449999999886
20
-210.4280299999999784
11
172.9197969999999884
21
-210.4247239999999977
0
LINE
8
BLACK
6
CONTINUOUS
10
172.9197969999999884
20
-210.4247239999999977
11
172.9169780000000003
21
-210.4213939999999923
0
LINE
8
BLACK
6
CONTINUOUS
10
172.9169780000000003
20
-210.4213939999999923
11
172.9141879999999958
21
-210.4180389999999932
0
LINE
8
BLACK
6
CONTINUOUS
10
172.9141879999999958
20
-210.4180389999999932
11
172.9114270000000033
21
-210.4146599999999978
0
LINE
8
BLACK
6
CONTINUOUS
10
172.9114270000000033
20
-210.4146599999999978
11
172.908695999999992
21
-210.4112569999999778
0
LINE
8
BLACK
6
CONTINUOUS
10
172.908695999999992
20
-210.4112569999999778
11
172.9059949999999901
21
-210.4078309999999874
0
LINE
8
BLACK
6
CONTINUOUS
10
172.9059949999999901
20
-210.4078309999999874
11
172.9033230000000003
21
-210.4043810000000008
0
LINE
8
BLACK
6
CONTINUOUS
10
172.9033230000000003
20
-210.4043810000000008
11
172.9006819999999891
21
-210.4009079999999869
0
LINE
8
BLACK
6
CONTINUOUS
10
172.9006819999999891
20
-210.4009079999999869
11
172.8980719999999849
21
-210.3974109999999769
0
LINE
8
BLACK
6
CONTINUOUS
10
172.8980719999999849
20
-210.3974109999999769
11
172.8954919999999902
21
-210.3938929999999914
0
LINE
8
BLACK
6
CONTINUOUS
10
172.8954919999999902
20
-210.3938929999999914
11
172.892942000000005
21
-210.3903509999999812
0
LINE
8
BLACK
6
CONTINUOUS
10
172.892942000000005
20
-210.3903509999999812
11
172.8904239999999959
21
-210.3867879999999957
0
LINE
8
BLACK
6
CONTINUOUS
10
172.8904239999999959
20
-210.3867879999999957
11
172.8879369999999938
21
-210.3832029999999804
0
LINE
8
BLACK
6
CONTINUOUS
10
172.8879369999999938
20
-210.3832029999999804
11
172.8854809999999986
21
-210.3795959999999923
0
LINE
8
BLACK
6
CONTINUOUS
10
172.8854809999999986
20
-210.3795959999999923
11
172.8830569999999796
21
-210.3759680000000003
0
LINE
8
BLACK
6
CONTINUOUS
10
172.8830569999999796
20
-210.3759680000000003
11
172.8806649999999934
21
-210.372320000000002
0
LINE
8
BLACK
6
CONTINUOUS
10
172.8806649999999934
20
-210.372320000000002
11
172.8783039999999858
21
-210.3686500000000024
0
LINE
8
BLACK
6
CONTINUOUS
10
172.8783039999999858
20
-210.3686500000000024
11
172.8759759999999801
21
-210.3649599999999964
0
LINE
8
BLACK
6
CONTINUOUS
10
172.8759759999999801
20
-210.3649599999999964
11
172.8736799999999789
21
-210.3612489999999866
0
LINE
8
BLACK
6
CONTINUOUS
10
172.8736799999999789
20
-210.3612489999999866
11
172.8714159999999822
21
-210.3575189999999964
0
LINE
8
BLACK
6
CONTINUOUS
10
172.8714159999999822
20
-210.3575189999999964
11
172.8691849999999874
21
-210.3537689999999998
0
LINE
8
BLACK
6
CONTINUOUS
10
172.8691849999999874
20
-210.3537689999999998
11
172.8669869999999946
21
-210.3499999999999943
0
LINE
8
BLACK
6
CONTINUOUS
10
172.8669869999999946
20
-210.3499999999999943
11
172.8648220000000038
21
-210.34621199999998
0
LINE
8
BLACK
6
CONTINUOUS
10
172.8648220000000038
20
-210.34621199999998
11
172.8626899999999864
21
-210.3424049999999852
0
LINE
8
BLACK
6
CONTINUOUS
10
172.8626899999999864
20
-210.3424049999999852
11
172.8605909999999994
21
-210.3385789999999815
0
LINE
8
BLACK
6
CONTINUOUS
10
172.8605909999999994
20
-210.3385789999999815
11
172.8585259999999835
21
-210.3347359999999924
0
LINE
8
BLACK
6
CONTINUOUS
10
172.8585259999999835
20
-210.3347359999999924
11
172.8564949999999953
21
-210.3308739999999943
0
LINE
8
BLACK
6
CONTINUOUS
10
172.8564949999999953
20
-210.3308739999999943
11
172.8544969999999807
21
-210.3269949999999824
0
LINE
8
BLACK
6
CONTINUOUS
10
172.8544969999999807
20
-210.3269949999999824
11
172.852532999999994
21
-210.3230989999999849
0
LINE
8
BLACK
6
CONTINUOUS
10
172.852532999999994
20
-210.3230989999999849
11
172.8506029999999782
21
-210.319186000000002
0
LINE
8
BLACK
6
CONTINUOUS
10
172.8506029999999782
20
-210.319186000000002
11
172.8487069999999903
21
-210.3152559999999767
0
LINE
8
BLACK
6
CONTINUOUS
10
172.8487069999999903
20
-210.3152559999999767
11
172.8468459999999993
21
-210.3113089999999943
0
LINE
8
BLACK
6
CONTINUOUS
10
172.8468459999999993
20
-210.3113089999999943
11
172.8450189999999793
21
-210.3073469999999929
0
LINE
8
BLACK
6
CONTINUOUS
10
172.8450189999999793
20
-210.3073469999999929
11
172.8432269999999846
21
-210.3033679999999777
0
LINE
8
BLACK
6
CONTINUOUS
10
172.8432269999999846
20
-210.3033679999999777
11
172.8414699999999868
21
-210.2993749999999977
0
LINE
8
BLACK
6
CONTINUOUS
10
172.8414699999999868
20
-210.2993749999999977
11
172.839747999999986
21
-210.2953660000000013
0
LINE
8
BLACK
6
CONTINUOUS
10
172.839747999999986
20
-210.2953660000000013
11
172.8380599999999845
21
-210.291341999999986
0
LINE
8
BLACK
6
CONTINUOUS
10
172.8380599999999845
20
-210.291341999999986
11
172.8364080000000058
21
-210.2873029999999801
0
LINE
8
BLACK
6
CONTINUOUS
10
172.8364080000000058
20
-210.2873029999999801
11
172.8347909999999956
21
-210.2832509999999786
0
LINE
8
BLACK
6
CONTINUOUS
10
172.8347909999999956
20
-210.2832509999999786
11
172.8332099999999798
21
-210.2791839999999866
0
LINE
8
BLACK
6
CONTINUOUS
10
172.8332099999999798
20
-210.2791839999999866
11
172.8316639999999893
21
-210.2751039999999989
0
LINE
8
BLACK
6
CONTINUOUS
10
172.8316639999999893
20
-210.2751039999999989
11
172.8301539999999932
21
-210.2710099999999898
0
LINE
8
BLACK
6
CONTINUOUS
10
172.8301539999999932
20
-210.2710099999999898
11
172.8286789999999939
21
-210.266902999999985
0
LINE
8
BLACK
6
CONTINUOUS
10
172.8286789999999939
20
-210.266902999999985
11
172.8272409999999866
21
-210.2627839999999821
0
LINE
8
BLACK
6
CONTINUOUS
10
172.8272409999999866
20
-210.2627839999999821
11
172.8258380000000045
21
-210.2586519999999837
0
LINE
8
BLACK
6
CONTINUOUS
10
172.8258380000000045
20
-210.2586519999999837
11
172.8244719999999859
21
-210.2545079999999871
0
LINE
8
BLACK
6
CONTINUOUS
10
172.8244719999999859
20
-210.2545079999999871
11
172.82314199999999
21
-210.2503529999999898
0
LINE
8
BLACK
6
CONTINUOUS
10
172.82314199999999
20
-210.2503529999999898
11
172.8218479999999886
21
-210.2461859999999945
0
LINE
8
BLACK
6
CONTINUOUS
10
172.8218479999999886
20
-210.2461859999999945
11
172.8205899999999815
21
-210.2420079999999984
0
LINE
8
BLACK
6
CONTINUOUS
10
172.8205899999999815
20
-210.2420079999999984
11
172.8193689999999947
21
-210.2378190000000018
0
LINE
8
BLACK
6
CONTINUOUS
10
172.8193689999999947
20
-210.2378190000000018
11
172.8181849999999997
21
-210.2336190000000045
0
LINE
8
BLACK
6
CONTINUOUS
10
172.8181849999999997
20
-210.2336190000000045
11
172.8170369999999991
21
-210.2294100000000014
0
LINE
8
BLACK
6
CONTINUOUS
10
172.8170369999999991
20
-210.2294100000000014
11
172.8159259999999904
21
-210.2251899999999978
0
LINE
8
BLACK
6
CONTINUOUS
10
172.8159259999999904
20
-210.2251899999999978
11
172.8148520000000019
21
-210.2209609999999884
0
LINE
8
BLACK
6
CONTINUOUS
10
172.8148520000000019
20
-210.2209609999999884
11
172.8138150000000053
21
-210.2167230000000018
0
LINE
8
BLACK
6
CONTINUOUS
10
172.8138150000000053
20
-210.2167230000000018
11
172.8128150000000005
21
-210.212475999999981
0
LINE
8
BLACK
6
CONTINUOUS
10
172.8128150000000005
20
-210.212475999999981
11
172.8118519999999876
21
-210.208219999999983
0
LINE
8
BLACK
6
CONTINUOUS
10
172.8118519999999876
20
-210.208219999999983
11
172.8109259999999949
21
-210.2039559999999767
0
LINE
8
BLACK
6
CONTINUOUS
10
172.8109259999999949
20
-210.2039559999999767
11
172.8100379999999916
21
-210.1996839999999906
0
LINE
8
BLACK
6
CONTINUOUS
10
172.8100379999999916
20
-210.1996839999999906
11
172.8091859999999826
21
-210.1954039999999964
0
LINE
8
BLACK
6
CONTINUOUS
10
172.8091859999999826
20
-210.1954039999999964
11
172.8083729999999889
21
-210.1911179999999888
0
LINE
8
BLACK
6
CONTINUOUS
10
172.8083729999999889
20
-210.1911179999999888
11
172.8075959999999895
21
-210.1868240000000014
0
LINE
8
BLACK
6
CONTINUOUS
10
172.8075959999999895
20
-210.1868240000000014
11
172.8068569999999795
21
-210.1825240000000008
0
LINE
8
BLACK
6
CONTINUOUS
10
172.8068569999999795
20
-210.1825240000000008
11
172.8061559999999872
21
-210.1782169999999894
0
LINE
8
BLACK
6
CONTINUOUS
10
172.8061559999999872
20
-210.1782169999999894
11
172.8054919999999868
21
-210.1739049999999907
0
LINE
8
BLACK
6
CONTINUOUS
10
172.8054919999999868
20
-210.1739049999999907
11
172.8048660000000041
21
-210.1695869999999786
0
LINE
8
BLACK
6
CONTINUOUS
10
172.8048660000000041
20
-210.1695869999999786
11
172.8042779999999823
21
-210.1652629999999817
0
LINE
8
BLACK
6
CONTINUOUS
10
172.8042779999999823
20
-210.1652629999999817
11
172.8037269999999808
21
-210.1609349999999949
0
LINE
8
BLACK
6
CONTINUOUS
10
172.8037269999999808
20
-210.1609349999999949
11
172.803213999999997
21
-210.1566019999999924
0
LINE
8
BLACK
6
CONTINUOUS
10
172.803213999999997
20
-210.1566019999999924
11
172.8027390000000025
21
-210.1522640000000024
0
LINE
8
BLACK
6
CONTINUOUS
10
172.8027390000000025
20
-210.1522640000000024
11
172.8023019999999974
21
-210.1479229999999916
0
LINE
8
BLACK
6
CONTINUOUS
10
172.8023019999999974
20
-210.1479229999999916
11
172.8019029999999816
21
-210.1435779999999909
0
LINE
8
BLACK
6
CONTINUOUS
10
172.8019029999999816
20
-210.1435779999999909
11
172.8015409999999861
21
-210.1392299999999977
0
LINE
8
BLACK
6
CONTINUOUS
10
172.8015409999999861
20
-210.1392299999999977
11
172.8012180000000058
21
-210.1348779999999863
0
LINE
8
BLACK
6
CONTINUOUS
10
172.8012180000000058
20
-210.1348779999999863
11
172.8009329999999864
21
-210.1305239999999799
0
LINE
8
BLACK
6
CONTINUOUS
10
172.8009329999999864
20
-210.1305239999999799
11
172.8006849999999872
21
-210.1261679999999785
0
LINE
8
BLACK
6
CONTINUOUS
10
172.8006849999999872
20
-210.1261679999999785
11
172.8004760000000033
21
-210.1218099999999822
0
LINE
8
BLACK
6
CONTINUOUS
10
172.8004760000000033
20
-210.1218099999999822
11
172.8003049999999803
21
-210.117449999999991
0
LINE
8
BLACK
6
CONTINUOUS
10
172.8003049999999803
20
-210.117449999999991
11
172.800171000000006
21
-210.1130879999999763
0
LINE
8
BLACK
6
CONTINUOUS
10
172.800171000000006
20
-210.1130879999999763
11
172.80007599999999
21
-210.1087259999999901
0
LINE
8
BLACK
6
CONTINUOUS
10
172.80007599999999
20
-210.1087259999999901
11
172.8000189999999918
21
-210.104362999999978
0
LINE
8
BLACK
6
CONTINUOUS
10
172.8000189999999918
20
-210.104362999999978
11
172.7999999999999829
21
-210.0999999999999943
0
ARC
8
BLACK
10
460.0499999999999545
20
-49.7999999999999972
40
1.5
50
0.00000000
51
90.00000000
0
CIRCLE
8
BLACK
10
391.625
20
-159.7999999999999829
40
2.5499999999999998
0
LINE
8
BLACK
6
CONTINUOUS
10
182.5499999999999829
20
-17.3999999999999986
11
183.6500000000000057
21
-17.3999999999999986
0
LINE
8
BLACK
6
CONTINUOUS
10
184.0499999999999829
20
-17.3999999999999986
11
185.1500000000000057
21
-17.3999999999999986
0
LINE
8
BLACK
6
CONTINUOUS
10
185.5499999999999829
20
-17.3999999999999986
11
186.6500000000000057
21
-17.3999999999999986
0
LINE
8
BLACK
6
CONTINUOUS
10
187.0499999999999829
20
-17.3999999999999986
11
188.0499999999999829
21
-17.3999999999999986
0
LINE
8
BLACK
6
CONTINUOUS
10
460.0499999999999545
20
-160.7999999999999829
11
451.5499999999999545
21
-160.7999999999999829
0
LINE
8
BLACK
6
CONTINUOUS
10
423.2999999999999545
20
-212.0999999999999943
11
171.2999999999999829
21
-212.0999999999999943
0
CIRCLE
8
BLACK
10
329.5
20
-54.7999999999999972
40
1.25
0
LINE
8
BLACK
6
CONTINUOUS
10
451.5499999999999545
20
-48.2999999999999972
11
451.5499999999999545
21
-49.7999999999999972
0
LINE
8
BLACK
6
CONTINUOUS
10
152.5
20
-53.7999999999999972
11
152.5
21
-160.7999999999999829
0
LINE
8
BLACK
6
CONTINUOUS
10
176.7999999999999829
20
-12.3999999999999986
11
177.9000000000000057
21
-12.3999999999999986
0
LINE
8
BLACK
6
CONTINUOUS
10
178.2999999999999829
20
-12.3999999999999986
11
179.4000000000000057
21
-12.3999999999999986
0
LINE
8
BLACK
6
CONTINUOUS
10
179.7999999999999829
20
-12.3999999999999986
11
180.9000000000000057
21
-12.3999999999999986
0
LINE
8
BLACK
6
CONTINUOUS
10
181.2999999999999829
20
-12.3999999999999986
11
182.4000000000000057
21
-12.3999999999999986
0
LINE
8
BLACK
6
CONTINUOUS
10
182.7999999999999829
20
-12.3999999999999986
11
183.9000000000000057
21
-12.3999999999999986
0
LINE
8
BLACK
6
CONTINUOUS
10
184.2999999999999829
20
-12.3999999999999986
11
185.4000000000000057
21
-12.3999999999999986
0
LINE
8
BLACK
6
CONTINUOUS
10
185.7999999999999829
20
-12.3999999999999986
11
186.9000000000000057
21
-12.3999999999999986
0
LINE
8
BLACK
6
CONTINUOUS
10
187.2999999999999829
20
-12.3999999999999986
11
188.4000000000000057
21
-12.3999999999999986
0
LINE
8
BLACK
6
CONTINUOUS
10
188.7999999999999829
20
-12.3999999999999986
11
189.8999999999999773
21
-12.3999999999999986
0
LINE
8
BLACK
6
CONTINUOUS
10
190.2999999999999829
20
-12.3999999999999986
11
191.3999999999999773
21
-12.3999999999999986
0
LINE
8
BLACK
6
CONTINUOUS
10
191.7999999999999829
20
-12.3999999999999986
11
192.8999999999999773
21
-12.3999999999999986
0
LINE
8
BLACK
6
CONTINUOUS
10
193.2999999999999829
20
-12.3999999999999986
11
194.3999999999999773
21
-12.3999999999999986
0
LINE
8
BLACK
6
CONTINUOUS
10
194.7999999999999829
20
-12.3999999999999986
11
195.8999999999999773
21
-12.3999999999999986
0
LINE
8
BLACK
6
CONTINUOUS
10
196.2999999999999829
20
-12.3999999999999986
11
197.3999999999999773
21
-12.3999999999999986
0
LINE
8
BLACK
6
CONTINUOUS
10
197.7999999999999829
20
-12.3999999999999986
11
198.8999999999999773
21
-12.3999999999999986
0
LINE
8
BLACK
6
CONTINUOUS
10
199.2999999999999829
20
-12.3999999999999986
11
200.3999999999999773
21
-12.3999999999999986
0
LINE
8
BLACK
6
CONTINUOUS
10
200.7999999999999829
20
-12.3999999999999986
11
201.8999999999999773
21
-12.3999999999999986
0
LINE
8
BLACK
6
CONTINUOUS
10
202.2999999999999829
20
-12.3999999999999986
11
203.3999999999999773
21
-12.3999999999999986
0
LINE
8
BLACK
6
CONTINUOUS
10
203.7999999999999829
20
-12.3999999999999986
11
204.8999999999999773
21
-12.3999999999999986
0
LINE
8
BLACK
6
CONTINUOUS
10
205.2999999999999829
20
-12.3999999999999986
11
206.3999999999999773
21
-12.3999999999999986
0
LINE
8
BLACK
6
CONTINUOUS
10
206.7999999999999829
20
-12.3999999999999986
11
207.8999999999999773
21
-12.3999999999999986
0
LINE
8
BLACK
6
CONTINUOUS
10
208.2999999999999829
20
-12.3999999999999986
11
209.3999999999999773
21
-12.3999999999999986
0
LINE
8
BLACK
6
CONTINUOUS
10
209.7999999999999829
20
-12.3999999999999986
11
210.8999999999999773
21
-12.3999999999999986
0
LINE
8
BLACK
6
CONTINUOUS
10
211.2999999999999829
20
-12.3999999999999986
11
212.3999999999999773
21
-12.3999999999999986
0
LINE
8
BLACK
6
CONTINUOUS
10
212.7999999999999829
20
-12.3999999999999986
11
213.8999999999999773
21
-12.3999999999999986
0
LINE
8
BLACK
6
CONTINUOUS
10
214.2999999999999829
20
-12.3999999999999986
11
215.3999999999999773
21
-12.3999999999999986
0
LINE
8
BLACK
6
CONTINUOUS
10
215.7999999999999829
20
-12.3999999999999986
11
216.8999999999999773
21
-12.3999999999999986
0
LINE
8
BLACK
6
CONTINUOUS
10
217.2999999999999829
20
-12.3999999999999986
11
218.3999999999999773
21
-12.3999999999999986
0
LINE
8
BLACK
6
CONTINUOUS
10
218.7999999999999829
20
-12.3999999999999986
11
219.8999999999999773
21
-12.3999999999999986
0
LINE
8
BLACK
6
CONTINUOUS
10
220.2999999999999829
20
-12.3999999999999986
11
221.3999999999999773
21
-12.3999999999999986
0
LINE
8
BLACK
6
CONTINUOUS
10
221.7999999999999829
20
-12.3999999999999986
11
222.8999999999999773
21
-12.3999999999999986
0
LINE
8
BLACK
6
CONTINUOUS
10
223.2999999999999829
20
-12.3999999999999986
11
224.3999999999999773
21
-12.3999999999999986
0
LINE
8
BLACK
6
CONTINUOUS
10
224.7999999999999829
20
-12.3999999999999986
11
225.8999999999999773
21
-12.3999999999999986
0
LINE
8
BLACK
6
CONTINUOUS
10
226.2999999999999829
20
-12.3999999999999986
11
227.3999999999999773
21
-12.3999999999999986
0
LINE
8
BLACK
6
CONTINUOUS
10
227.7999999999999829
20
-12.3999999999999986
11
228.8999999999999773
21
-12.3999999999999986
0
LINE
8
BLACK
6
CONTINUOUS
10
229.2999999999999829
20
-12.3999999999999986
11
230.3999999999999773
21
-12.3999999999999986
0
LINE
8
BLACK
6
CONTINUOUS
10
230.7999999999999829
20
-12.3999999999999986
11
231.8999999999999773
21
-12.3999999999999986
0
LINE
8
BLACK
6
CONTINUOUS
10
232.2999999999999829
20
-12.3999999999999986
11
233.3999999999999773
21
-12.3999999999999986
0
LINE
8
BLACK
6
CONTINUOUS
10
233.7999999999999829
20
-12.3999999999999986
11
234.8999999999999773
21
-12.3999999999999986
0
LINE
8
BLACK
6
CONTINUOUS
10
235.2999999999999829
20
-12.3999999999999986
11
236.3999999999999773
21
-12.3999999999999986
0
LINE
8
BLACK
6
CONTINUOUS
10
236.7999999999999829
20
-12.3999999999999986
11
237.8999999999999773
21
-12.3999999999999986
0
LINE
8
BLACK
6
CONTINUOUS
10
238.2999999999999829
20
-12.3999999999999986
11
239.3999999999999773
21
-12.3999999999999986
0
LINE
8
BLACK
6
CONTINUOUS
10
239.7999999999999829
20
-12.3999999999999986
11
240.8999999999999773
21
-12.3999999999999986
0
LINE
8
BLACK
6
CONTINUOUS
10
241.2999999999999829
20
-12.3999999999999986
11
242.3999999999999773
21
-12.3999999999999986
0
LINE
8
BLACK
6
CONTINUOUS
10
242.7999999999999829
20
-12.3999999999999986
11
243.8999999999999773
21
-12.3999999999999986
0
LINE
8
BLACK
6
CONTINUOUS
10
244.2999999999999829
20
-12.3999999999999986
11
245.3999999999999773
21
-12.3999999999999986
0
LINE
8
BLACK
6
CONTINUOUS
10
245.7999999999999829
20
-12.3999999999999986
11
246.8999999999999773
21
-12.3999999999999986
0
LINE
8
BLACK
6
CONTINUOUS
10
247.2999999999999829
20
-12.3999999999999986
11
248.3999999999999773
21
-12.3999999999999986
0
LINE
8
BLACK
6
CONTINUOUS
10
248.7999999999999829
20
-12.3999999999999986
11
249.8999999999999773
21
-12.3999999999999986
0
LINE
8
BLACK
6
CONTINUOUS
10
250.2999999999999829
20
-12.3999999999999986
11
251.3999999999999773
21
-12.3999999999999986
0
LINE
8
BLACK
6
CONTINUOUS
10
251.7999999999999829
20
-12.3999999999999986
11
252.8999999999999773
21
-12.3999999999999986
0
LINE
8
BLACK
6
CONTINUOUS
10
253.2999999999999829
20
-12.3999999999999986
11
254.3999999999999773
21
-12.3999999999999986
0
LINE
8
BLACK
6
CONTINUOUS
10
254.7999999999999829
20
-12.3999999999999986
11
255.8999999999999773
21
-12.3999999999999986
0
LINE
8
BLACK
6
CONTINUOUS
10
256.3000000000000114
20
-12.3999999999999986
11
257.3999999999999773
21
-12.3999999999999986
0
LINE
8
BLACK
6
CONTINUOUS
10
257.8000000000000114
20
-12.3999999999999986
11
258.8999999999999773
21
-12.3999999999999986
0
LINE
8
BLACK
6
CONTINUOUS
10
259.3000000000000114
20
-12.3999999999999986
11
260.3999999999999773
21
-12.3999999999999986
0
LINE
8
BLACK
6
CONTINUOUS
10
260.8000000000000114
20
-12.3999999999999986
11
261.8999999999999773
21
-12.3999999999999986
0
LINE
8
BLACK
6
CONTINUOUS
10
262.3000000000000114
20
-12.3999999999999986
11
263.3999999999999773
21
-12.3999999999999986
0
LINE
8
BLACK
6
CONTINUOUS
10
263.8000000000000114
20
-12.3999999999999986
11
264.8999999999999773
21
-12.3999999999999986
0
LINE
8
BLACK
6
CONTINUOUS
10
265.3000000000000114
20
-12.3999999999999986
11
266.3999999999999773
21
-12.3999999999999986
0
LINE
8
BLACK
6
CONTINUOUS
10
266.8000000000000114
20
-12.3999999999999986
11
267.8999999999999773
21
-12.3999999999999986
0
LINE
8
BLACK
6
CONTINUOUS
10
268.3000000000000114
20
-12.3999999999999986
11
269.3999999999999773
21
-12.3999999999999986
0
LINE
8
BLACK
6
CONTINUOUS
10
269.8000000000000114
20
-12.3999999999999986
11
270.8999999999999773
21
-12.3999999999999986
0
LINE
8
BLACK
6
CONTINUOUS
10
271.3000000000000114
20
-12.3999999999999986
11
272.3999999999999773
21
-12.3999999999999986
0
LINE
8
BLACK
6
CONTINUOUS
10
272.8000000000000114
20
-12.3999999999999986
11
273.8999999999999773
21
-12.3999999999999986
0
LINE
8
BLACK
6
CONTINUOUS
10
274.3000000000000114
20
-12.3999999999999986
11
275.3999999999999773
21
-12.3999999999999986
0
LINE
8
BLACK
6
CONTINUOUS
10
275.8000000000000114
20
-12.3999999999999986
11
276.8999999999999773
21
-12.3999999999999986
0
LINE
8
BLACK
6
CONTINUOUS
10
277.3000000000000114
20
-12.3999999999999986
11
278.3999999999999773
21
-12.3999999999999986
0
LINE
8
BLACK
6
CONTINUOUS
10
278.8000000000000114
20
-12.3999999999999986
11
279.8999999999999773
21
-12.3999999999999986
0
LINE
8
BLACK
6
CONTINUOUS
10
280.3000000000000114
20
-12.3999999999999986
11
281.3999999999999773
21
-12.3999999999999986
0
LINE
8
BLACK
6
CONTINUOUS
10
281.8000000000000114
20
-12.3999999999999986
11
282.8999999999999773
21
-12.3999999999999986
0
LINE
8
BLACK
6
CONTINUOUS
10
283.3000000000000114
20
-12.3999999999999986
11
284.3999999999999773
21
-12.3999999999999986
0
LINE
8
BLACK
6
CONTINUOUS
10
284.8000000000000114
20
-12.3999999999999986
11
285.8999999999999773
21
-12.3999999999999986
0
LINE
8
BLACK
6
CONTINUOUS
10
286.3000000000000114
20
-12.3999999999999986
11
287.3999999999999773
21
-12.3999999999999986
0
LINE
8
BLACK
6
CONTINUOUS
10
287.8000000000000114
20
-12.3999999999999986
11
288.8999999999999773
21
-12.3999999999999986
0
LINE
8
BLACK
6
CONTINUOUS
10
289.3000000000000114
20
-12.3999999999999986
11
290.3999999999999773
21
-12.3999999999999986
0
LINE
8
BLACK
6
CONTINUOUS
10
290.8000000000000114
20
-12.3999999999999986
11
291.8999999999999773
21
-12.3999999999999986
0
LINE
8
BLACK
6
CONTINUOUS
10
292.3000000000000114
20
-12.3999999999999986
11
293.3999999999999773
21
-12.3999999999999986
0
LINE
8
BLACK
6
CONTINUOUS
10
293.8000000000000114
20
-12.3999999999999986
11
294.8999999999999773
21
-12.3999999999999986
0
LINE
8
BLACK
6
CONTINUOUS
10
295.3000000000000114
20
-12.3999999999999986
11
296.3999999999999773
21
-12.3999999999999986
0
LINE
8
BLACK
6
CONTINUOUS
10
296.8000000000000114
20
-12.3999999999999986
11
297.8999999999999773
21
-12.3999999999999986
0
LINE
8
BLACK
6
CONTINUOUS
10
298.3000000000000114
20
-12.3999999999999986
11
299.3999999999999773
21
-12.3999999999999986
0
LINE
8
BLACK
6
CONTINUOUS
10
299.8000000000000114
20
-12.3999999999999986
11
300.8999999999999773
21
-12.3999999999999986
0
LINE
8
BLACK
6
CONTINUOUS
10
301.3000000000000114
20
-12.3999999999999986
11
302.3999999999999773
21
-12.3999999999999986
0
LINE
8
BLACK
6
CONTINUOUS
10
302.8000000000000114
20
-12.3999999999999986
11
303.8999999999999773
21
-12.3999999999999986
0
LINE
8
BLACK
6
CONTINUOUS
10
304.3000000000000114
20
-12.3999999999999986
11
305.3999999999999773
21
-12.3999999999999986
0
LINE
8
BLACK
6
CONTINUOUS
10
305.8000000000000114
20
-12.3999999999999986
11
306.8999999999999773
21
-12.3999999999999986
0
LINE
8
BLACK
6
CONTINUOUS
10
307.3000000000000114
20
-12.3999999999999986
11
308.3999999999999773
21
-12.3999999999999986
0
LINE
8
BLACK
6
CONTINUOUS
10
308.8000000000000114
20
-12.3999999999999986
11
309.8999999999999773
21
-12.3999999999999986
0
LINE
8
BLACK
6
CONTINUOUS
10
310.3000000000000114
20
-12.3999999999999986
11
311.3999999999999773
21
-12.3999999999999986
0
LINE
8
BLACK
6
CONTINUOUS
10
311.8000000000000114
20
-12.3999999999999986
11
312.8999999999999773
21
-12.3999999999999986
0
LINE
8
BLACK
6
CONTINUOUS
10
313.3000000000000114
20
-12.3999999999999986
11
314.3999999999999773
21
-12.3999999999999986
0
LINE
8
BLACK
6
CONTINUOUS
10
314.8000000000000114
20
-12.3999999999999986
11
315.8999999999999773
21
-12.3999999999999986
0
LINE
8
BLACK
6
CONTINUOUS
10
316.3000000000000114
20
-12.3999999999999986
11
317.3999999999999773
21
-12.3999999999999986
0
LINE
8
BLACK
6
CONTINUOUS
10
317.8000000000000114
20
-12.3999999999999986
11
318.8999999999999773
21
-12.3999999999999986
0
LINE
8
BLACK
6
CONTINUOUS
10
319.3000000000000114
20
-12.3999999999999986
11
320.3999999999999773
21
-12.3999999999999986
0
LINE
8
BLACK
6
CONTINUOUS
10
320.8000000000000114
20
-12.3999999999999986
11
321.8999999999999773
21
-12.3999999999999986
0
LINE
8
BLACK
6
CONTINUOUS
10
322.3000000000000114
20
-12.3999999999999986
11
323.3999999999999773
21
-12.3999999999999986
0
LINE
8
BLACK
6
CONTINUOUS
10
323.8000000000000114
20
-12.3999999999999986
11
324.8999999999999773
21
-12.3999999999999986
0
LINE
8
BLACK
6
CONTINUOUS
10
325.3000000000000114
20
-12.3999999999999986
11
326.3999999999999773
21
-12.3999999999999986
0
LINE
8
BLACK
6
CONTINUOUS
10
326.8000000000000114
20
-12.3999999999999986
11
327.8999999999999773
21
-12.3999999999999986
0
LINE
8
BLACK
6
CONTINUOUS
10
328.3000000000000114
20
-12.3999999999999986
11
329.3999999999999773
21
-12.3999999999999986
0
LINE
8
BLACK
6
CONTINUOUS
10
329.8000000000000114
20
-12.3999999999999986
11
330.8999999999999773
21
-12.3999999999999986
0
LINE
8
BLACK
6
CONTINUOUS
10
331.3000000000000114
20
-12.3999999999999986
11
332.3999999999999773
21
-12.3999999999999986
0
LINE
8
BLACK
6
CONTINUOUS
10
332.8000000000000114
20
-12.3999999999999986
11
333.8999999999999773
21
-12.3999999999999986
0
LINE
8
BLACK
6
CONTINUOUS
10
334.3000000000000114
20
-12.3999999999999986
11
335.3999999999999773
21
-12.3999999999999986
0
LINE
8
BLACK
6
CONTINUOUS
10
335.8000000000000114
20
-12.3999999999999986
11
336.8999999999999773
21
-12.3999999999999986
0
LINE
8
BLACK
6
CONTINUOUS
10
337.3000000000000114
20
-12.3999999999999986
11
338.3999999999999773
21
-12.3999999999999986
0
LINE
8
BLACK
6
CONTINUOUS
10
338.8000000000000114
20
-12.3999999999999986
11
339.8999999999999773
21
-12.3999999999999986
0
LINE
8
BLACK
6
CONTINUOUS
10
340.3000000000000114
20
-12.3999999999999986
11
341.3999999999999773
21
-12.3999999999999986
0
LINE
8
BLACK
6
CONTINUOUS
10
341.8000000000000114
20
-12.3999999999999986
11
342.8999999999999773
21
-12.3999999999999986
0
LINE
8
BLACK
6
CONTINUOUS
10
343.3000000000000114
20
-12.3999999999999986
11
344.3999999999999773
21
-12.3999999999999986
0
LINE
8
BLACK
6
CONTINUOUS
10
344.8000000000000114
20
-12.3999999999999986
11
345.8999999999999773
21
-12.3999999999999986
0
LINE
8
BLACK
6
CONTINUOUS
10
346.3000000000000114
20
-12.3999999999999986
11
347.3999999999999773
21
-12.3999999999999986
0
LINE
8
BLACK
6
CONTINUOUS
10
347.8000000000000114
20
-12.3999999999999986
11
348.8999999999999773
21
-12.3999999999999986
0
LINE
8
BLACK
6
CONTINUOUS
10
349.3000000000000114
20
-12.3999999999999986
11
350.3999999999999773
21
-12.3999999999999986
0
LINE
8
BLACK
6
CONTINUOUS
10
350.8000000000000114
20
-12.3999999999999986
11
351.8999999999999773
21
-12.3999999999999986
0
LINE
8
BLACK
6
CONTINUOUS
10
352.3000000000000114
20
-12.3999999999999986
11
353.3999999999999773
21
-12.3999999999999986
0
LINE
8
BLACK
6
CONTINUOUS
10
353.8000000000000114
20
-12.3999999999999986
11
354.8999999999999773
21
-12.3999999999999986
0
LINE
8
BLACK
6
CONTINUOUS
10
355.3000000000000114
20
-12.3999999999999986
11
356.3999999999999773
21
-12.3999999999999986
0
LINE
8
BLACK
6
CONTINUOUS
10
356.8000000000000114
20
-12.3999999999999986
11
357.8999999999999773
21
-12.3999999999999986
0
LINE
8
BLACK
6
CONTINUOUS
10
358.3000000000000114
20
-12.3999999999999986
11
359.3999999999999773
21
-12.3999999999999986
0
LINE
8
BLACK
6
CONTINUOUS
10
359.8000000000000114
20
-12.3999999999999986
11
360.8999999999999773
21
-12.3999999999999986
0
LINE
8
BLACK
6
CONTINUOUS
10
361.3000000000000114
20
-12.3999999999999986
11
362.3999999999999773
21
-12.3999999999999986
0
LINE
8
BLACK
6
CONTINUOUS
10
362.8000000000000114
20
-12.3999999999999986
11
363.8999999999999773
21
-12.3999999999999986
0
LINE
8
BLACK
6
CONTINUOUS
10
364.3000000000000114
20
-12.3999999999999986
11
365.3999999999999773
21
-12.3999999999999986
0
LINE
8
BLACK
6
CONTINUOUS
10
365.8000000000000114
20
-12.3999999999999986
11
366.8999999999999773
21
-12.3999999999999986
0
LINE
8
BLACK
6
CONTINUOUS
10
367.3000000000000114
20
-12.3999999999999986
11
368.3999999999999773
21
-12.3999999999999986
0
LINE
8
BLACK
6
CONTINUOUS
10
368.8000000000000114
20
-12.3999999999999986
11
369.8999999999999773
21
-12.3999999999999986
0
LINE
8
BLACK
6
CONTINUOUS
10
370.3000000000000114
20
-12.3999999999999986
11
371.3999999999999773
21
-12.3999999999999986
0
LINE
8
BLACK
6
CONTINUOUS
10
371.8000000000000114
20
-12.3999999999999986
11
372.8999999999999773
21
-12.3999999999999986
0
LINE
8
BLACK
6
CONTINUOUS
10
373.3000000000000114
20
-12.3999999999999986
11
374.3999999999999773
21
-12.3999999999999986
0
LINE
8
BLACK
6
CONTINUOUS
10
374.8000000000000114
20
-12.3999999999999986
11
375.8999999999999773
21
-12.3999999999999986
0
LINE
8
BLACK
6
CONTINUOUS
10
376.3000000000000114
20
-12.3999999999999986
11
377.3999999999999773
21
-12.3999999999999986
0
LINE
8
BLACK
6
CONTINUOUS
10
377.7999999999999545
20
-12.3999999999999986
11
378.8999999999999773
21
-12.3999999999999986
0
LINE
8
BLACK
6
CONTINUOUS
10
379.2999999999999545
20
-12.3999999999999986
11
380.3999999999999773
21
-12.3999999999999986
0
LINE
8
BLACK
6
CONTINUOUS
10
380.7999999999999545
20
-12.3999999999999986
11
381.8999999999999773
21
-12.3999999999999986
0
LINE
8
BLACK
6
CONTINUOUS
10
382.2999999999999545
20
-12.3999999999999986
11
383.3999999999999773
21
-12.3999999999999986
0
LINE
8
BLACK
6
CONTINUOUS
10
383.7999999999999545
20
-12.3999999999999986
11
384.8999999999999773
21
-12.3999999999999986
0
LINE
8
BLACK
6
CONTINUOUS
10
385.2999999999999545
20
-12.3999999999999986
11
386.3999999999999773
21
-12.3999999999999986
0
LINE
8
BLACK
6
CONTINUOUS
10
386.7999999999999545
20
-12.3999999999999986
11
387.8999999999999773
21
-12.3999999999999986
0
LINE
8
BLACK
6
CONTINUOUS
10
388.2999999999999545
20
-12.3999999999999986
11
389.3999999999999773
21
-12.3999999999999986
0
LINE
8
BLACK
6
CONTINUOUS
10
389.7999999999999545
20
-12.3999999999999986
11
390.8999999999999773
21
-12.3999999999999986
0
LINE
8
BLACK
6
CONTINUOUS
10
391.2999999999999545
20
-12.3999999999999986
11
392.3999999999999773
21
-12.3999999999999986
0
LINE
8
BLACK
6
CONTINUOUS
10
392.7999999999999545
20
-12.3999999999999986
11
393.8999999999999773
21
-12.3999999999999986
0
LINE
8
BLACK
6
CONTINUOUS
10
394.2999999999999545
20
-12.3999999999999986
11
395.3999999999999773
21
-12.3999999999999986
0
LINE
8
BLACK
6
CONTINUOUS
10
395.7999999999999545
20
-12.3999999999999986
11
396.8999999999999773
21
-12.3999999999999986
0
LINE
8
BLACK
6
CONTINUOUS
10
397.2999999999999545
20
-12.3999999999999986
11
398.3999999999999773
21
-12.3999999999999986
0
LINE
8
BLACK
6
CONTINUOUS
10
398.7999999999999545
20
-12.3999999999999986
11
399.8999999999999773
21
-12.3999999999999986
0
LINE
8
BLACK
6
CONTINUOUS
10
400.2999999999999545
20
-12.3999999999999986
11
401.3999999999999773
21
-12.3999999999999986
0
LINE
8
BLACK
6
CONTINUOUS
10
401.7999999999999545
20
-12.3999999999999986
11
402.8999999999999773
21
-12.3999999999999986
0
LINE
8
BLACK
6
CONTINUOUS
10
403.2999999999999545
20
-12.3999999999999986
11
404.3999999999999773
21
-12.3999999999999986
0
LINE
8
BLACK
6
CONTINUOUS
10
404.7999999999999545
20
-12.3999999999999986
11
405.8999999999999773
21
-12.3999999999999986
0
LINE
8
BLACK
6
CONTINUOUS
10
406.2999999999999545
20
-12.3999999999999986
11
407.3999999999999773
21
-12.3999999999999986
0
LINE
8
BLACK
6
CONTINUOUS
10
407.7999999999999545
20
-12.3999999999999986
11
408.8999999999999773
21
-12.3999999999999986
0
LINE
8
BLACK
6
CONTINUOUS
10
409.2999999999999545
20
-12.3999999999999986
11
410.3999999999999773
21
-12.3999999999999986
0
LINE
8
BLACK
6
CONTINUOUS
10
410.7999999999999545
20
-12.3999999999999986
11
411.8999999999999773
21
-12.3999999999999986
0
LINE
8
BLACK
6
CONTINUOUS
10
412.2999999999999545
20
-12.3999999999999986
11
413.3999999999999773
21
-12.3999999999999986
0
LINE
8
BLACK
6
CONTINUOUS
10
413.7999999999999545
20
-12.3999999999999986
11
414.8999999999999773
21
-12.3999999999999986
0
LINE
8
BLACK
6
CONTINUOUS
10
415.2999999999999545
20
-12.3999999999999986
11
416.3999999999999773
21
-12.3999999999999986
0
LINE
8
BLACK
6
CONTINUOUS
10
416.7999999999999545
20
-12.3999999999999986
11
417.7999999999999545
21
-12.3999999999999986
0
LINE
8
BLACK
6
CONTINUOUS
10
417.7999999999999545
20
-202.0999999999999943
11
417.7999999999999545
21
-210.5999999999999943
0
CIRCLE
8
BLACK
10
356.125
20
-159.7999999999999829
40
2.5499999999999998
0
LINE
8
BLACK
6
CONTINUOUS
10
460.0499999999999545
20
-160.7999999999999829
11
460.0499999999999545
21
-159.6999999999999886
0
LINE
8
BLACK
6
CONTINUOUS
10
460.0499999999999545
20
-159.2999999999999829
11
460.0499999999999545
21
-158.1999999999999886
0
LINE
8
BLACK
6
CONTINUOUS
10
460.0499999999999545
20
-157.7999999999999829
11
460.0499999999999545
21
-156.6999999999999886
0
LINE
8
BLACK
6
CONTINUOUS
10
460.0499999999999545
20
-156.2999999999999829
11
460.0499999999999545
21
-155.1999999999999886
0
LINE
8
BLACK
6
CONTINUOUS
10
460.0499999999999545
20
-154.7999999999999829
11
460.0499999999999545
21
-153.6999999999999886
0
LINE
8
BLACK
6
CONTINUOUS
10
460.0499999999999545
20
-153.2999999999999829
11
460.0499999999999545
21
-152.1999999999999886
0
LINE
8
BLACK
6
CONTINUOUS
10
460.0499999999999545
20
-151.7999999999999829
11
460.0499999999999545
21
-150.6999999999999886
0
LINE
8
BLACK
6
CONTINUOUS
10
460.0499999999999545
20
-150.2999999999999829
11
460.0499999999999545
21
-149.1999999999999886
0
LINE
8
BLACK
6
CONTINUOUS
10
460.0499999999999545
20
-148.7999999999999829
11
460.0499999999999545
21
-147.6999999999999886
0
LINE
8
BLACK
6
CONTINUOUS
10
460.0499999999999545
20
-147.2999999999999829
11
460.0499999999999545
21
-146.1999999999999886
0
LINE
8
BLACK
6
CONTINUOUS
10
460.0499999999999545
20
-145.7999999999999829
11
460.0499999999999545
21
-144.6999999999999886
0
LINE
8
BLACK
6
CONTINUOUS
10
460.0499999999999545
20
-144.2999999999999829
11
460.0499999999999545
21
-143.1999999999999886
0
LINE
8
BLACK
6
CONTINUOUS
10
460.0499999999999545
20
-142.7999999999999829
11
460.0499999999999545
21
-141.6999999999999886
0
LINE
8
BLACK
6
CONTINUOUS
10
460.0499999999999545
20
-141.2999999999999829
11
460.0499999999999545
21
-140.1999999999999886
0
LINE
8
BLACK
6
CONTINUOUS
10
460.0499999999999545
20
-139.7999999999999829
11
460.0499999999999545
21
-138.6999999999999886
0
LINE
8
BLACK
6
CONTINUOUS
10
460.0499999999999545
20
-138.2999999999999829
11
460.0499999999999545
21
-137.1999999999999886
0
LINE
8
BLACK
6
CONTINUOUS
10
460.0499999999999545
20
-136.7999999999999829
11
460.0499999999999545
21
-135.6999999999999886
0
LINE
8
BLACK
6
CONTINUOUS
10
460.0499999999999545
20
-135.2999999999999829
11
460.0499999999999545
21
-134.1999999999999886
0
LINE
8
BLACK
6
CONTINUOUS
10
460.0499999999999545
20
-133.7999999999999829
11
460.0499999999999545
21
-132.6999999999999886
0
LINE
8
BLACK
6
CONTINUOUS
10
460.0499999999999545
20
-132.2999999999999829
11
460.0499999999999545
21
-131.1999999999999886
0
LINE
8
BLACK
6
CONTINUOUS
10
460.0499999999999545
20
-130.7999999999999829
11
460.0499999999999545
21
-129.6999999999999886
0
LINE
8
BLACK
6
CONTINUOUS
10
460.0499999999999545
20
-129.2999999999999829
11
460.0499999999999545
21
-128.1999999999999886
0
LINE
8
BLACK
6
CONTINUOUS
10
460.0499999999999545
20
-127.7999999999999972
11
460.0499999999999545
21
-126.6999999999999886
0
LINE
8
BLACK
6
CONTINUOUS
10
460.0499999999999545
20
-126.2999999999999972
11
460.0499999999999545
21
-125.1999999999999886
0
LINE
8
BLACK
6
CONTINUOUS
10
460.0499999999999545
20
-124.7999999999999972
11
460.0499999999999545
21
-123.6999999999999886
0
LINE
8
BLACK
6
CONTINUOUS
10
460.0499999999999545
20
-123.2999999999999972
11
460.0499999999999545
21
-122.1999999999999886
0
LINE
8
BLACK
6
CONTINUOUS
10
460.0499999999999545
20
-121.7999999999999972
11
460.0499999999999545
21
-120.6999999999999886
0
LINE
8
BLACK
6
CONTINUOUS
10
460.0499999999999545
20
-120.2999999999999972
11
460.0499999999999545
21
-119.1999999999999886
0
LINE
8
BLACK
6
CONTINUOUS
10
460.0499999999999545
20
-118.7999999999999972
11
460.0499999999999545
21
-117.6999999999999886
0
LINE
8
BLACK
6
CONTINUOUS
10
460.0499999999999545
20
-117.2999999999999972
11
460.0499999999999545
21
-116.1999999999999886
0
LINE
8
BLACK
6
CONTINUOUS
10
460.0499999999999545
20
-115.7999999999999972
11
460.0499999999999545
21
-114.6999999999999886
0
LINE
8
BLACK
6
CONTINUOUS
10
460.0499999999999545
20
-114.2999999999999972
11
460.0499999999999545
21
-113.1999999999999886
0
LINE
8
BLACK
6
CONTINUOUS
10
460.0499999999999545
20
-112.7999999999999972
11
460.0499999999999545
21
-111.6999999999999886
0
LINE
8
BLACK
6
CONTINUOUS
10
460.0499999999999545
20
-111.2999999999999972
11
460.0499999999999545
21
-110.1999999999999886
0
LINE
8
BLACK
6
CONTINUOUS
10
460.0499999999999545
20
-109.7999999999999972
11
460.0499999999999545
21
-108.6999999999999886
0
LINE
8
BLACK
6
CONTINUOUS
10
460.0499999999999545
20
-108.2999999999999972
11
460.0499999999999545
21
-107.1999999999999886
0
LINE
8
BLACK
6
CONTINUOUS
10
460.0499999999999545
20
-106.7999999999999972
11
460.0499999999999545
21
-105.6999999999999886
0
LINE
8
BLACK
6
CONTINUOUS
10
460.0499999999999545
20
-105.2999999999999972
11
460.0499999999999545
21
-104.1999999999999886
0
LINE
8
BLACK
6
CONTINUOUS
10
460.0499999999999545
20
-103.7999999999999972
11
460.0499999999999545
21
-102.6999999999999886
0
LINE
8
BLACK
6
CONTINUOUS
10
460.0499999999999545
20
-102.2999999999999972
11
460.0499999999999545
21
-101.1999999999999886
0
LINE
8
BLACK
6
CONTINUOUS
10
460.0499999999999545
20
-100.7999999999999972
11
460.0499999999999545
21
-99.6999999999999886
0
LINE
8
BLACK
6
CONTINUOUS
10
460.0499999999999545
20
-99.2999999999999972
11
460.0499999999999545
21
-98.1999999999999886
0
LINE
8
BLACK
6
CONTINUOUS
10
460.0499999999999545
20
-97.7999999999999972
11
460.0499999999999545
21
-96.6999999999999886
0
LINE
8
BLACK
6
CONTINUOUS
10
460.0499999999999545
20
-96.2999999999999972
11
460.0499999999999545
21
-95.1999999999999886
0
LINE
8
BLACK
6
CONTINUOUS
10
460.0499999999999545
20
-94.7999999999999972
11
460.0499999999999545
21
-93.7000000000000028
0
LINE
8
BLACK
6
CONTINUOUS
10
460.0499999999999545
20
-93.2999999999999972
11
460.0499999999999545
21
-92.2000000000000028
0
LINE
8
BLACK
6
CONTINUOUS
10
460.0499999999999545
20
-91.7999999999999972
11
460.0499999999999545
21
-90.7000000000000028
0
LINE
8
BLACK
6
CONTINUOUS
10
460.0499999999999545
20
-90.2999999999999972
11
460.0499999999999545
21
-89.2000000000000028
0
LINE
8
BLACK
6
CONTINUOUS
10
460.0499999999999545
20
-88.7999999999999972
11
460.0499999999999545
21
-87.7000000000000028
0
LINE
8
BLACK
6
CONTINUOUS
10
460.0499999999999545
20
-87.2999999999999972
11
460.0499999999999545
21
-86.2000000000000028
0
LINE
8
BLACK
6
CONTINUOUS
10
460.0499999999999545
20
-85.7999999999999972
11
460.0499999999999545
21
-84.7000000000000028
0
LINE
8
BLACK
6
CONTINUOUS
10
460.0499999999999545
20
-84.2999999999999972
11
460.0499999999999545
21
-83.2000000000000028
0
LINE
8
BLACK
6
CONTINUOUS
10
460.0499999999999545
20
-82.7999999999999972
11
460.0499999999999545
21
-81.7000000000000028
0
LINE
8
BLACK
6
CONTINUOUS
10
460.0499999999999545
20
-81.2999999999999972
11
460.0499999999999545
21
-80.2000000000000028
0
LINE
8
BLACK
6
CONTINUOUS
10
460.0499999999999545
20
-79.7999999999999972
11
460.0499999999999545
21
-78.7000000000000028
0
LINE
8
BLACK
6
CONTINUOUS
10
460.0499999999999545
20
-78.2999999999999972
11
460.0499999999999545
21
-77.2000000000000028
0
LINE
8
BLACK
6
CONTINUOUS
10
460.0499999999999545
20
-76.7999999999999972
11
460.0499999999999545
21
-75.7000000000000028
0
LINE
8
BLACK
6
CONTINUOUS
10
460.0499999999999545
20
-75.2999999999999972
11
460.0499999999999545
21
-74.2000000000000028
0
LINE
8
BLACK
6
CONTINUOUS
10
460.0499999999999545
20
-73.7999999999999972
11
460.0499999999999545
21
-72.7000000000000028
0
LINE
8
BLACK
6
CONTINUOUS
10
460.0499999999999545
20
-72.2999999999999972
11
460.0499999999999545
21
-71.2000000000000028
0
LINE
8
BLACK
6
CONTINUOUS
10
460.0499999999999545
20
-70.7999999999999972
11
460.0499999999999545
21
-69.7000000000000028
0
LINE
8
BLACK
6
CONTINUOUS
10
460.0499999999999545
20
-69.2999999999999972
11
460.0499999999999545
21
-68.2000000000000028
0
LINE
8
BLACK
6
CONTINUOUS
10
460.0499999999999545
20
-67.7999999999999972
11
460.0499999999999545
21
-66.7000000000000028
0
LINE
8
BLACK
6
CONTINUOUS
10
460.0499999999999545
20
-66.2999999999999972
11
460.0499999999999545
21
-65.2000000000000028
0
LINE
8
BLACK
6
CONTINUOUS
10
460.0499999999999545
20
-64.7999999999999972
11
460.0499999999999545
21
-63.6999999999999957
0
LINE
8
BLACK
6
CONTINUOUS
10
460.0499999999999545
20
-63.2999999999999972
11
460.0499999999999545
21
-62.1999999999999957
0
LINE
8
BLACK
6
CONTINUOUS
10
460.0499999999999545
20
-61.7999999999999972
11
460.0499999999999545
21
-60.6999999999999957
0
LINE
8
BLACK
6
CONTINUOUS
10
460.0499999999999545
20
-60.2999999999999972
11
460.0499999999999545
21
-59.1999999999999957
0
LINE
8
BLACK
6
CONTINUOUS
10
460.0499999999999545
20
-58.7999999999999972
11
460.0499999999999545
21
-57.6999999999999957
0
LINE
8
BLACK
6
CONTINUOUS
10
460.0499999999999545
20
-57.2999999999999972
11
460.0499999999999545
21
-56.1999999999999957
0
LINE
8
BLACK
6
CONTINUOUS
10
460.0499999999999545
20
-55.7999999999999972
11
460.0499999999999545
21
-54.6999999999999957
0
LINE
8
BLACK
6
CONTINUOUS
10
460.0499999999999545
20
-54.2999999999999972
11
460.0499999999999545
21
-53.7999999999999972
0
LINE
8
BLACK
6
CONTINUOUS
10
423.2999999999999545
20
-210.0999999999999943
11
423.2999249999999734
21
-210.1174519999999859
0
LINE
8
BLACK
6
CONTINUOUS
10
423.2999249999999734
20
-210.1174519999999859
11
423.2996969999999806
21
-210.13490299999998
0
LINE
8
BLACK
6
CONTINUOUS
10
423.2996969999999806
20
-210.13490299999998
11
423.2993169999999736
21
-210.1523509999999817
0
LINE
8
BLACK
6
CONTINUOUS
10
423.2993169999999736
20
-210.1523509999999817
11
423.2987849999999526
21
-210.169795999999991
0
LINE
8
BLACK
6
CONTINUOUS
10
423.2987849999999526
20
-210.169795999999991
11
423.2981009999999742
21
-210.1872349999999869
0
LINE
8
BLACK
6
CONTINUOUS
10
423.2981009999999742
20
-210.1872349999999869
11
423.2972639999999842
21
-210.2046670000000006
0
LINE
8
BLACK
6
CONTINUOUS
10
423.2972639999999842
20
-210.2046670000000006
11
423.2962759999999776
21
-210.2220909999999776
0
LINE
8
BLACK
6
CONTINUOUS
10
423.2962759999999776
20
-210.2220909999999776
11
423.2951349999999593
21
-210.2395059999999773
0
LINE
8
BLACK
6
CONTINUOUS
10
423.2951349999999593
20
-210.2395059999999773
11
423.2938429999999812
21
-210.2569110000000023
0
LINE
8
BLACK
6
CONTINUOUS
10
423.2938429999999812
20
-210.2569110000000023
11
423.2923979999999915
21
-210.2743030000000033
0
LINE
8
BLACK
6
CONTINUOUS
10
423.2923979999999915
20
-210.2743030000000033
11
423.2908019999999851
21
-210.2916819999999802
0
LINE
8
BLACK
6
CONTINUOUS
10
423.2908019999999851
20
-210.2916819999999802
11
423.2890549999999621
21
-210.3090469999999925
0
LINE
8
BLACK
6
CONTINUOUS
10
423.2890549999999621
20
-210.3090469999999925
11
423.2871559999999818
21
-210.3263959999999884
0
LINE
8
BLACK
6
CONTINUOUS
10
423.2871559999999818
20
-210.3263959999999884
11
423.2851049999999873
21
-210.3437270000000012
0
LINE
8
BLACK
6
CONTINUOUS
10
423.2851049999999873
20
-210.3437270000000012
11
423.2829039999999736
21
-210.3610400000000027
0
LINE
8
BLACK
6
CONTINUOUS
10
423.2829039999999736
20
-210.3610400000000027
11
423.2805510000000027
21
-210.3783329999999978
0
LINE
8
BLACK
6
CONTINUOUS
10
423.2805510000000027
20
-210.3783329999999978
11
423.2780479999999557
21
-210.3956049999999891
0
LINE
8
BLACK
6
CONTINUOUS
10
423.2780479999999557
20
-210.3956049999999891
11
423.2753940000000057
21
-210.4128549999999791
0
LINE
8
BLACK
6
CONTINUOUS
10
423.2753940000000057
20
-210.4128549999999791
11
423.2725889999999822
21
-210.4300800000000038
0
LINE
8
BLACK
6
CONTINUOUS
10
423.2725889999999822
20
-210.4300800000000038
11
423.2696339999999964
21
-210.4472810000000038
0
LINE
8
BLACK
6
CONTINUOUS
10
423.2696339999999964
20
-210.4472810000000038
11
423.2665299999999888
21
-210.4644549999999867
0
LINE
8
BLACK
6
CONTINUOUS
10
423.2665299999999888
20
-210.4644549999999867
11
423.2632749999999646
21
-210.4816009999999835
0
LINE
8
BLACK
6
CONTINUOUS
10
423.2632749999999646
20
-210.4816009999999835
11
423.2598709999999755
21
-210.4987179999999967
0
LINE
8
BLACK
6
CONTINUOUS
10
423.2598709999999755
20
-210.4987179999999967
11
423.2563179999999647
21
-210.5158050000000003
0
LINE
8
BLACK
6
CONTINUOUS
10
423.2563179999999647
20
-210.5158050000000003
11
423.2526159999999891
21
-210.5328599999999994
0
LINE
8
BLACK
6
CONTINUOUS
10
423.2526159999999891
20
-210.5328599999999994
11
423.2487649999999917
21
-210.5498819999999967
0
LINE
8
BLACK
6
CONTINUOUS
10
423.2487649999999917
20
-210.5498819999999967
11
423.2447659999999701
21
-210.5668699999999944
0
LINE
8
BLACK
6
CONTINUOUS
10
423.2447659999999701
20
-210.5668699999999944
11
423.240618999999981
21
-210.5838229999999953
0
LINE
8
BLACK
6
CONTINUOUS
10
423.240618999999981
20
-210.5838229999999953
11
423.2363239999999678
21
-210.6007379999999785
0
LINE
8
BLACK
6
CONTINUOUS
10
423.2363239999999678
20
-210.6007379999999785
11
423.2318809999999871
21
-210.6176159999999982
0
LINE
8
BLACK
6
CONTINUOUS
10
423.2318809999999871
20
-210.6176159999999982
11
423.2272909999999797
21
-210.6344539999999768
0
LINE
8
BLACK
6
CONTINUOUS
10
423.2272909999999797
20
-210.6344539999999768
11
423.2225549999999998
21
-210.651251000000002
0
LINE
8
BLACK
6
CONTINUOUS
10
423.2225549999999998
20
-210.651251000000002
11
423.2176719999999932
21
-210.6680059999999912
0
LINE
8
BLACK
6
CONTINUOUS
10
423.2176719999999932
20
-210.6680059999999912
11
423.2126429999999573
21
-210.6847190000000012
0
LINE
8
BLACK
6
CONTINUOUS
10
423.2126429999999573
20
-210.6847190000000012
11
423.2074690000000032
21
-210.7013859999999852
0
LINE
8
BLACK
6
CONTINUOUS
10
423.2074690000000032
20
-210.7013859999999852
11
423.2021489999999631
21
-210.7180079999999975
0
LINE
8
BLACK
6
CONTINUOUS
10
423.2021489999999631
20
-210.7180079999999975
11
423.1966840000000047
21
-210.7345829999999864
0
LINE
8
BLACK
6
CONTINUOUS
10
423.1966840000000047
20
-210.7345829999999864
11
423.1910749999999553
21
-210.7511089999999854
0
LINE
8
BLACK
6
CONTINUOUS
10
423.1910749999999553
20
-210.7511089999999854
11
423.1853219999999851
21
-210.7675859999999943
0
LINE
8
BLACK
6
CONTINUOUS
10
423.1853219999999851
20
-210.7675859999999943
11
423.1794249999999806
21
-210.7840119999999899
0
LINE
8
BLACK
6
CONTINUOUS
10
423.1794249999999806
20
-210.7840119999999899
11
423.1733859999999936
21
-210.8003860000000032
0
LINE
8
BLACK
6
CONTINUOUS
10
423.1733859999999936
20
-210.8003860000000032
11
423.1672029999999722
21
-210.8167069999999796
0
LINE
8
BLACK
6
CONTINUOUS
10
423.1672029999999722
20
-210.8167069999999796
11
423.1608789999999658
21
-210.8329729999999813
0
LINE
8
BLACK
6
CONTINUOUS
10
423.1608789999999658
20
-210.8329729999999813
11
423.1544119999999793
21
-210.8491829999999823
0
LINE
8
BLACK
6
CONTINUOUS
10
423.1544119999999793
20
-210.8491829999999823
11
423.1478050000000053
21
-210.865335999999985
0
LINE
8
BLACK
6
CONTINUOUS
10
423.1478050000000053
20
-210.865335999999985
11
423.1410569999999893
21
-210.8814309999999921
0
LINE
8
BLACK
6
CONTINUOUS
10
423.1410569999999893
20
-210.8814309999999921
11
423.1341679999999883
21
-210.8974669999999776
0
LINE
8
BLACK
6
CONTINUOUS
10
423.1341679999999883
20
-210.8974669999999776
11
423.1271399999999971
21
-210.9134409999999775
0
LINE
8
BLACK
6
CONTINUOUS
10
423.1271399999999971
20
-210.9134409999999775
11
423.119972999999959
21
-210.9293539999999894
0
LINE
8
BLACK
6
CONTINUOUS
10
423.119972999999959
20
-210.9293539999999894
11
423.1126669999999876
21
-210.9452039999999897
0
LINE
8
BLACK
6
CONTINUOUS
10
423.1126669999999876
20
-210.9452039999999897
11
423.1052229999999668
21
-210.9609889999999837
0
LINE
8
BLACK
6
CONTINUOUS
10
423.1052229999999668
20
-210.9609889999999837
11
423.0976420000000076
21
-210.9767089999999996
0
LINE
8
BLACK
6
CONTINUOUS
10
423.0976420000000076
20
-210.9767089999999996
11
423.0899239999999963
21
-210.9923619999999858
0
LINE
8
BLACK
6
CONTINUOUS
10
423.0899239999999963
20
-210.9923619999999858
11
423.08206899999999
21
-211.007946000000004
0
LINE
8
BLACK
6
CONTINUOUS
10
423.08206899999999
20
-211.007946000000004
11
423.0740789999999834
21
-211.023461999999995
0
LINE
8
BLACK
6
CONTINUOUS
10
423.0740789999999834
20
-211.023461999999995
11
423.0659539999999765
21
-211.0389079999999922
0
LINE
8
BLACK
6
CONTINUOUS
10
423.0659539999999765
20
-211.0389079999999922
11
423.0576939999999695
21
-211.0542820000000006
0
LINE
8
BLACK
6
CONTINUOUS
10
423.0576939999999695
20
-211.0542820000000006
11
423.0492999999999597
21
-211.0695829999999944
0
LINE
8
BLACK
6
CONTINUOUS
10
423.0492999999999597
20
-211.0695829999999944
11
423.040773999999999
21
-211.084811000000002
0
LINE
8
BLACK
6
CONTINUOUS
10
423.040773999999999
20
-211.084811000000002
11
423.0321139999999787
21
-211.0999630000000025
0
LINE
8
BLACK
6
CONTINUOUS
10
423.0321139999999787
20
-211.0999630000000025
11
423.0233230000000049
21
-211.1150399999999934
0
LINE
8
BLACK
6
CONTINUOUS
10
423.0233230000000049
20
-211.1150399999999934
11
423.0143999999999664
21
-211.1300389999999823
0
LINE
8
BLACK
6
CONTINUOUS
10
423.0143999999999664
20
-211.1300389999999823
11
423.005346999999972
21
-211.1449599999999975
0
LINE
8
BLACK
6
CONTINUOUS
10
423.005346999999972
20
-211.1449599999999975
11
423.0050870000000032
21
-211.1453839999999786
0
LINE
8
BLACK
6
CONTINUOUS
10
422.7634219999999914
20
-211.4632909999999981
11
422.7514699999999834
21
-211.4760089999999764
0
LINE
8
BLACK
6
CONTINUOUS
10
422.7514699999999834
20
-211.4760089999999764
11
422.739407999999969
21
-211.4886219999999923
0
LINE
8
BLACK
6
CONTINUOUS
10
422.739407999999969
20
-211.4886219999999923
11
422.7272360000000049
21
-211.5011289999999917
0
LINE
8
BLACK
6
CONTINUOUS
10
422.7272360000000049
20
-211.5011289999999917
11
422.7149559999999724
21
-211.5135300000000029
0
LINE
8
BLACK
6
CONTINUOUS
10
422.7149559999999724
20
-211.5135300000000029
11
422.7025669999999877
21
-211.5258230000000026
0
LINE
8
BLACK
6
CONTINUOUS
10
422.7025669999999877
20
-211.5258230000000026
11
422.6900719999999865
21
-211.5380069999999932
0
LINE
8
BLACK
6
CONTINUOUS
10
422.6900719999999865
20
-211.5380069999999932
11
422.6774709999999686
21
-211.5500820000000033
0
LINE
8
BLACK
6
CONTINUOUS
10
422.6774709999999686
20
-211.5500820000000033
11
422.664765999999986
21
-211.5620469999999784
0
LINE
8
BLACK
6
CONTINUOUS
10
422.664765999999986
20
-211.5620469999999784
11
422.6519559999999842
21
-211.5738999999999805
0
LINE
8
BLACK
6
CONTINUOUS
10
422.6519559999999842
20
-211.5738999999999805
11
422.6390429999999583
21
-211.5856409999999812
0
LINE
8
BLACK
6
CONTINUOUS
10
422.6390429999999583
20
-211.5856409999999812
11
422.62602899999996
21
-211.5972679999999855
0
LINE
8
BLACK
6
CONTINUOUS
10
422.62602899999996
20
-211.5972679999999855
11
422.6129129999999918
21
-211.6087819999999908
0
LINE
8
BLACK
6
CONTINUOUS
10
422.6129129999999918
20
-211.6087819999999908
11
422.5996979999999894
21
-211.6201810000000023
0
LINE
8
BLACK
6
CONTINUOUS
10
422.5996979999999894
20
-211.6201810000000023
11
422.5863829999999552
21
-211.631463999999994
0
LINE
8
BLACK
6
CONTINUOUS
10
422.5863829999999552
20
-211.631463999999994
11
422.5729709999999955
21
-211.6426309999999944
0
LINE
8
BLACK
6
CONTINUOUS
10
422.5729709999999955
20
-211.6426309999999944
11
422.5594609999999989
21
-211.6536799999999801
0
LINE
8
BLACK
6
CONTINUOUS
10
422.5594609999999989
20
-211.6536799999999801
11
422.5458559999999579
21
-211.6646099999999819
0
LINE
8
BLACK
6
CONTINUOUS
10
422.5458559999999579
20
-211.6646099999999819
11
422.5321559999999863
21
-211.6754219999999975
0
LINE
8
BLACK
6
CONTINUOUS
10
422.5321559999999863
20
-211.6754219999999975
11
422.5183619999999678
21
-211.6861129999999775
0
LINE
8
BLACK
6
CONTINUOUS
10
422.5183619999999678
20
-211.6861129999999775
11
422.5044749999999567
21
-211.6966839999999763
0
LINE
8
BLACK
6
CONTINUOUS
10
422.5044749999999567
20
-211.6966839999999763
11
422.4904960000000074
21
-211.7071329999999989
0
LINE
8
BLACK
6
CONTINUOUS
10
422.4904960000000074
20
-211.7071329999999989
11
422.476427000000001
21
-211.7174599999999884
0
LINE
8
BLACK
6
CONTINUOUS
10
422.476427000000001
20
-211.7174599999999884
11
422.4622679999999946
21
-211.7276640000000043
0
LINE
8
BLACK
6
CONTINUOUS
10
422.4622679999999946
20
-211.7276640000000043
11
422.4480209999999829
21
-211.7377439999999922
0
LINE
8
BLACK
6
CONTINUOUS
10
422.4480209999999829
20
-211.7377439999999922
11
422.4336869999999635
21
-211.747698999999983
0
LINE
8
BLACK
6
CONTINUOUS
10
422.4336869999999635
20
-211.747698999999983
11
422.4192659999999933
21
-211.7575279999999793
0
LINE
8
BLACK
6
CONTINUOUS
10
422.4192659999999933
20
-211.7575279999999793
11
422.4047589999999559
21
-211.7672319999999786
0
LINE
8
BLACK
6
CONTINUOUS
10
422.4047589999999559
20
-211.7672319999999786
11
422.3901689999999576
21
-211.7768079999999884
0
LINE
8
BLACK
6
CONTINUOUS
10
422.3901689999999576
20
-211.7768079999999884
11
422.3754959999999983
21
-211.7862569999999778
0
LINE
8
BLACK
6
CONTINUOUS
10
422.3754959999999983
20
-211.7862569999999778
11
422.3607399999999643
21
-211.7955769999999802
0
LINE
8
BLACK
6
CONTINUOUS
10
422.3607399999999643
20
-211.7955769999999802
11
422.3459039999999618
21
-211.8047679999999957
0
LINE
8
BLACK
6
CONTINUOUS
10
422.3459039999999618
20
-211.8047679999999957
11
422.3309889999999882
21
-211.8138289999999984
0
LINE
8
BLACK
6
CONTINUOUS
10
422.3309889999999882
20
-211.8138289999999984
11
422.3159939999999892
21
-211.8227599999999882
0
LINE
8
BLACK
6
CONTINUOUS
10
422.3159939999999892
20
-211.8227599999999882
11
422.3009229999999548
21
-211.8315599999999961
0
LINE
8
BLACK
6
CONTINUOUS
10
422.3009229999999548
20
-211.8315599999999961
11
422.285775000000001
21
-211.8402279999999962
0
LINE
8
BLACK
6
CONTINUOUS
10
422.285775000000001
20
-211.8402279999999962
11
422.2705520000000092
21
-211.8487629999999911
0
LINE
8
BLACK
6
CONTINUOUS
10
422.2705520000000092
20
-211.8487629999999911
11
422.2552559999999744
21
-211.8571649999999806
0
LINE
8
BLACK
6
CONTINUOUS
10
422.2552559999999744
20
-211.8571649999999806
11
422.2398859999999559
21
-211.8654329999999959
0
LINE
8
BLACK
6
CONTINUOUS
10
422.2398859999999559
20
-211.8654329999999959
11
422.2244450000000029
21
-211.87356699999998
0
LINE
8
BLACK
6
CONTINUOUS
10
422.2244450000000029
20
-211.87356699999998
11
422.2089339999999993
21
-211.8815659999999923
0
LINE
8
BLACK
6
CONTINUOUS
10
422.2089339999999993
20
-211.8815659999999923
11
422.1933530000000019
21
-211.8894289999999785
0
LINE
8
BLACK
6
CONTINUOUS
10
422.1933530000000019
20
-211.8894289999999785
11
422.1777040000000056
21
-211.8971559999999954
0
LINE
8
BLACK
6
CONTINUOUS
10
422.1777040000000056
20
-211.8971559999999954
11
422.1619890000000055
21
-211.9047459999999887
0
LINE
8
BLACK
6
CONTINUOUS
10
422.1619890000000055
20
-211.9047459999999887
11
422.1462080000000014
21
-211.9121989999999869
0
LINE
8
BLACK
6
CONTINUOUS
10
422.1462080000000014
20
-211.9121989999999869
11
422.130361999999991
21
-211.9195129999999949
0
LINE
8
BLACK
6
CONTINUOUS
10
422.130361999999991
20
-211.9195129999999949
11
422.1144529999999691
21
-211.9266889999999819
0
LINE
8
BLACK
6
CONTINUOUS
10
422.1144529999999691
20
-211.9266889999999819
11
422.0984829999999874
21
-211.9337259999999787
0
LINE
8
BLACK
6
CONTINUOUS
10
422.0984829999999874
20
-211.9337259999999787
11
422.0824509999999918
21
-211.9406239999999855
0
LINE
8
BLACK
6
CONTINUOUS
10
422.0824509999999918
20
-211.9406239999999855
11
422.0663599999999747
21
-211.9473809999999787
0
LINE
8
BLACK
6
CONTINUOUS
10
422.0663599999999747
20
-211.9473809999999787
11
422.0502099999999928
21
-211.9539969999999869
0
LINE
8
BLACK
6
CONTINUOUS
10
422.0502099999999928
20
-211.9539969999999869
11
422.0340039999999817
21
-211.9604719999999816
0
LINE
8
BLACK
6
CONTINUOUS
10
422.0340039999999817
20
-211.9604719999999816
11
422.0177410000000009
21
-211.9668059999999912
0
LINE
8
BLACK
6
CONTINUOUS
10
422.0177410000000009
20
-211.9668059999999912
11
422.0014239999999859
21
-211.9729969999999923
0
LINE
8
BLACK
6
CONTINUOUS
10
422.0014239999999859
20
-211.9729969999999923
11
421.9850529999999935
21
-211.9790459999999825
0
LINE
8
BLACK
6
CONTINUOUS
10
421.9850529999999935
20
-211.9790459999999825
11
421.9686309999999594
21
-211.9849519999999927
0
LINE
8
BLACK
6
CONTINUOUS
10
421.9686309999999594
20
-211.9849519999999927
11
421.9521569999999997
21
-211.990713999999997
0
LINE
8
BLACK
6
CONTINUOUS
10
421.9521569999999997
20
-211.990713999999997
11
421.9356339999999932
21
-211.9963319999999953
0
LINE
8
BLACK
6
CONTINUOUS
10
421.9356339999999932
20
-211.9963319999999953
11
421.9190619999999967
21
-212.0018059999999878
0
LINE
8
BLACK
6
CONTINUOUS
10
421.9190619999999967
20
-212.0018059999999878
11
421.9024430000000052
21
-212.0071349999999768
0
LINE
8
BLACK
6
CONTINUOUS
10
421.9024430000000052
20
-212.0071349999999768
11
421.8857779999999593
21
-212.0123189999999909
0
LINE
8
BLACK
6
CONTINUOUS
10
421.8857779999999593
20
-212.0123189999999909
11
421.8690689999999677
21
-212.0173570000000041
0
LINE
8
BLACK
6
CONTINUOUS
10
421.8690689999999677
20
-212.0173570000000041
11
421.8523159999999734
21
-212.022248999999988
0
LINE
8
BLACK
6
CONTINUOUS
10
421.8523159999999734
20
-212.022248999999988
11
421.8355209999999715
21
-212.0269949999999994
0
LINE
8
BLACK
6
CONTINUOUS
10
421.8355209999999715
20
-212.0269949999999994
11
421.8350419999999872
21
-212.0271279999999763
0
LINE
8
BLACK
6
CONTINUOUS
10
421.4415169999999762
20
-212.0949939999999856
11
421.4241039999999998
21
-212.0961519999999894
0
LINE
8
BLACK
6
CONTINUOUS
10
421.4241039999999998
20
-212.0961519999999894
11
421.4066799999999944
21
-212.097157999999979
0
LINE
8
BLACK
6
CONTINUOUS
10
421.4066799999999944
20
-212.097157999999979
11
421.3892490000000066
21
-212.0980119999999829
0
LINE
8
BLACK
6
CONTINUOUS
10
421.3892490000000066
20
-212.0980119999999829
11
421.3718109999999797
21
-212.0987140000000011
0
LINE
8
BLACK
6
CONTINUOUS
10
421.3718109999999797
20
-212.0987140000000011
11
421.3543669999999679
21
-212.0992639999999767
0
LINE
8
BLACK
6
CONTINUOUS
10
421.3543669999999679
20
-212.0992639999999767
11
421.3369189999999662
21
-212.0996609999999976
0
LINE
8
BLACK
6
CONTINUOUS
10
421.3369189999999662
20
-212.0996609999999976
11
421.3194679999999721
21
-212.0999060000000043
0
LINE
8
BLACK
6
CONTINUOUS
10
421.3194679999999721
20
-212.0999060000000043
11
421.3020159999999805
21
-212.0999989999999968
0
LINE
8
BLACK
6
CONTINUOUS
10
421.3020159999999805
20
-212.0999989999999968
11
421.2999999999999545
21
-212.0999999999999943
0
LINE
8
BLACK
6
CONTINUOUS
10
423.2999999999999545
20
-10.9000000000000004
11
171.2999999999999829
21
-10.9000000000000004
0
LINE
8
BLACK
6
CONTINUOUS
10
423.2999999999999545
20
-10.9000000000000004
11
423.2999999999999545
21
-20.8999999999999986
0
LINE
8
BLACK
6
CONTINUOUS
10
460.0499999999999545
20
-53.7999999999999972
11
451.5499999999999545
21
-53.7999999999999972
0
LINE
8
BLACK
6
CONTINUOUS
10
188.0499999999999829
20
-138.7999999999999829
11
188.0498949999999923
21
-138.8239979999999889
0
LINE
8
BLACK
6
CONTINUOUS
10
188.0498949999999923
20
-138.8239979999999889
11
188.0495809999999892
21
-138.8479939999999999
0
LINE
8
BLACK
6
CONTINUOUS
10
188.0495809999999892
20
-138.8479939999999999
11
188.0490580000000023
21
-138.8719869999999901
0
LINE
8
BLACK
6
CONTINUOUS
10
188.0490580000000023
20
-138.8719869999999901
11
188.0483250000000055
21
-138.8959739999999954
0
LINE
8
BLACK
6
CONTINUOUS
10
188.0483250000000055
20
-138.8959739999999954
11
188.0473829999999964
21
-138.9199529999999925
0
LINE
8
BLACK
6
CONTINUOUS
10
188.0473829999999964
20
-138.9199529999999925
11
188.0462309999999775
21
-138.9439239999999813
0
LINE
8
BLACK
6
CONTINUOUS
10
188.0462309999999775
20
-138.9439239999999813
11
188.0448710000000005
21
-138.9678830000000005
0
LINE
8
BLACK
6
CONTINUOUS
10
188.0448710000000005
20
-138.9678830000000005
11
188.0433009999999854
21
-138.9918299999999931
0
LINE
8
BLACK
6
CONTINUOUS
10
188.0433009999999854
20
-138.9918299999999931
11
188.0415229999999838
21
-139.0157629999999926
0
LINE
8
BLACK
6
CONTINUOUS
10
188.0415229999999838
20
-139.0157629999999926
11
188.0395350000000008
21
-139.0396779999999808
0
LINE
8
BLACK
6
CONTINUOUS
10
188.0395350000000008
20
-139.0396779999999808
11
188.0373400000000004
21
-139.0635759999999834
0
LINE
8
BLACK
6
CONTINUOUS
10
188.0373400000000004
20
-139.0635759999999834
11
188.0349349999999902
21
-139.0874529999999822
0
LINE
8
BLACK
6
CONTINUOUS
10
188.0349349999999902
20
-139.0874529999999822
11
188.032322999999991
21
-139.1113090000000057
0
LINE
8
BLACK
6
CONTINUOUS
10
188.032322999999991
20
-139.1113090000000057
11
188.0295019999999795
21
-139.1351410000000044
0
LINE
8
BLACK
6
CONTINUOUS
10
188.0295019999999795
20
-139.1351410000000044
11
188.0264729999999815
21
-139.1589469999999835
0
LINE
8
BLACK
6
CONTINUOUS
10
188.0264729999999815
20
-139.1589469999999835
11
188.0232369999999946
21
-139.1827260000000024
0
LINE
8
BLACK
6
CONTINUOUS
10
188.0232369999999946
20
-139.1827260000000024
11
188.0197939999999903
21
-139.2064759999999808
0
LINE
8
BLACK
6
CONTINUOUS
10
188.0197939999999903
20
-139.2064759999999808
11
188.0161429999999996
21
-139.2301949999999806
0
LINE
8
BLACK
6
CONTINUOUS
10
188.0161429999999996
20
-139.2301949999999806
11
188.0122849999999914
21
-139.2538810000000069
0
LINE
8
BLACK
6
CONTINUOUS
10
188.0122849999999914
20
-139.2538810000000069
11
188.0082209999999918
21
-139.2775320000000079
0
LINE
8
BLACK
6
CONTINUOUS
10
188.0082209999999918
20
-139.2775320000000079
11
188.0039510000000007
21
-139.3011479999999835
0
LINE
8
BLACK
6
CONTINUOUS
10
188.0039510000000007
20
-139.3011479999999835
11
187.9994749999999897
21
-139.3247250000000008
0
LINE
8
BLACK
6
CONTINUOUS
10
187.9994749999999897
20
-139.3247250000000008
11
187.9947929999999872
21
-139.3482620000000054
0
LINE
8
BLACK
6
CONTINUOUS
10
187.9947929999999872
20
-139.3482620000000054
11
187.9899059999999906
21
-139.3717570000000023
0
LINE
8
BLACK
6
CONTINUOUS
10
187.9899059999999906
20
-139.3717570000000023
11
187.9848140000000001
21
-139.3952089999999941
0
LINE
8
BLACK
6
CONTINUOUS
10
187.9848140000000001
20
-139.3952089999999941
11
187.9795179999999846
21
-139.4186149999999884
0
LINE
8
BLACK
6
CONTINUOUS
10
187.9795179999999846
20
-139.4186149999999884
11
187.9740170000000035
21
-139.4419749999999851
0
LINE
8
BLACK
6
CONTINUOUS
10
187.9740170000000035
20
-139.4419749999999851
11
187.9683129999999949
21
-139.4652849999999944
0
LINE
8
BLACK
6
CONTINUOUS
10
187.9683129999999949
20
-139.4652849999999944
11
187.9624059999999872
21
-139.4885449999999878
0
LINE
8
BLACK
6
CONTINUOUS
10
187.9624059999999872
20
-139.4885449999999878
11
187.9562959999999805
21
-139.5117520000000013
0
LINE
8
BLACK
6
CONTINUOUS
10
187.9562959999999805
20
-139.5117520000000013
11
187.9499840000000006
21
-139.5349060000000065
0
LINE
8
BLACK
6
CONTINUOUS
10
187.9499840000000006
20
-139.5349060000000065
11
187.9434699999999907
21
-139.5580029999999851
0
LINE
8
BLACK
6
CONTINUOUS
10
187.9434699999999907
20
-139.5580029999999851
11
187.9367539999999792
21
-139.5810419999999965
0
LINE
8
BLACK
6
CONTINUOUS
10
187.9367539999999792
20
-139.5810419999999965
11
187.9298379999999895
21
-139.6040219999999863
0
LINE
8
BLACK
6
CONTINUOUS
10
187.9298379999999895
20
-139.6040219999999863
11
187.9227219999999932
21
-139.626940999999988
0
LINE
8
BLACK
6
CONTINUOUS
10
187.9227219999999932
20
-139.626940999999988
11
187.9154049999999927
21
-139.6497970000000066
0
LINE
8
BLACK
6
CONTINUOUS
10
187.9154049999999927
20
-139.6497970000000066
11
187.9078899999999805
21
-139.6725879999999904
0
LINE
8
BLACK
6
CONTINUOUS
10
187.9078899999999805
20
-139.6725879999999904
11
187.9001759999999877
21
-139.6953120000000013
0
LINE
8
BLACK
6
CONTINUOUS
10
187.9001759999999877
20
-139.6953120000000013
11
187.8922639999999831
21
-139.7179689999999823
0
LINE
8
BLACK
6
CONTINUOUS
10
187.8922639999999831
20
-139.7179689999999823
11
187.8841549999999927
21
-139.7405550000000005
0
LINE
8
BLACK
6
CONTINUOUS
10
187.8841549999999927
20
-139.7405550000000005
11
187.8758489999999881
21
-139.763069999999999
0
LINE
8
BLACK
6
CONTINUOUS
10
187.8758489999999881
20
-139.763069999999999
11
187.8673459999999977
21
-139.7855119999999829
0
LINE
8
BLACK
6
CONTINUOUS
10
187.8673459999999977
20
-139.7855119999999829
11
187.8586479999999881
21
-139.8078779999999881
0
LINE
8
BLACK
6
CONTINUOUS
10
187.8586479999999881
20
-139.8078779999999881
11
187.8497559999999851
21
-139.8301679999999863
0
LINE
8
BLACK
6
CONTINUOUS
10
187.8497559999999851
20
-139.8301679999999863
11
187.8406689999999912
21
-139.8523789999999849
0
LINE
8
BLACK
6
CONTINUOUS
10
187.8406689999999912
20
-139.8523789999999849
11
187.8329179999999781
21
-139.870900000000006
0
LINE
8
BLACK
6
CONTINUOUS
10
187.6509519999999895
20
-140.2267190000000028
11
187.6384119999999882
21
-140.247179999999986
0
LINE
8
BLACK
6
CONTINUOUS
10
187.6384119999999882
20
-140.247179999999986
11
187.6256939999999815
21
-140.2675309999999911
0
LINE
8
BLACK
6
CONTINUOUS
10
187.6256939999999815
20
-140.2675309999999911
11
187.6127989999999954
21
-140.2877699999999948
0
LINE
8
BLACK
6
CONTINUOUS
10
187.6127989999999954
20
-140.2877699999999948
11
187.5997279999999989
21
-140.3078959999999995
0
LINE
8
BLACK
6
CONTINUOUS
10
187.5997279999999989
20
-140.3078959999999995
11
187.5864819999999895
21
-140.3279080000000079
0
LINE
8
BLACK
6
CONTINUOUS
10
187.5864819999999895
20
-140.3279080000000079
11
187.5730609999999956
21
-140.347802999999999
0
LINE
8
BLACK
6
CONTINUOUS
10
187.5730609999999956
20
-140.347802999999999
11
187.5594679999999812
21
-140.3675800000000038
0
LINE
8
BLACK
6
CONTINUOUS
10
187.5594679999999812
20
-140.3675800000000038
11
187.5457020000000057
21
-140.3872369999999989
0
LINE
8
BLACK
6
CONTINUOUS
10
187.5457020000000057
20
-140.3872369999999989
11
187.5317660000000046
21
-140.4067739999999844
0
LINE
8
BLACK
6
CONTINUOUS
10
187.5317660000000046
20
-140.4067739999999844
11
187.5176589999999806
21
-140.4261879999999962
0
LINE
8
BLACK
6
CONTINUOUS
10
187.5176589999999806
20
-140.4261879999999962
11
187.5033839999999827
21
-140.445479000000006
0
LINE
8
BLACK
6
CONTINUOUS
10
187.5033839999999827
20
-140.445479000000006
11
187.4889399999999853
21
-140.4646439999999927
0
LINE
8
BLACK
6
CONTINUOUS
10
187.4889399999999853
20
-140.4646439999999927
11
187.4743299999999806
21
-140.483682999999985
0
LINE
8
BLACK
6
CONTINUOUS
10
187.4743299999999806
20
-140.483682999999985
11
187.4595549999999946
21
-140.5025929999999903
0
LINE
8
BLACK
6
CONTINUOUS
10
187.4595549999999946
20
-140.5025929999999903
11
187.4446149999999989
21
-140.5213739999999802
0
LINE
8
BLACK
6
CONTINUOUS
10
187.4446149999999989
20
-140.5213739999999802
11
187.4295119999999883
21
-140.5400229999999908
0
LINE
8
BLACK
6
CONTINUOUS
10
187.4295119999999883
20
-140.5400229999999908
11
187.4142459999999915
21
-140.5585399999999936
0
LINE
8
BLACK
6
CONTINUOUS
10
187.4142459999999915
20
-140.5585399999999936
11
187.3988200000000006
21
-140.5769229999999936
0
LINE
8
BLACK
6
CONTINUOUS
10
187.3988200000000006
20
-140.5769229999999936
11
187.3832329999999899
21
-140.5951709999999935
0
LINE
8
BLACK
6
CONTINUOUS
10
187.3832329999999899
20
-140.5951709999999935
11
187.3674879999999803
21
-140.6132819999999981
0
LINE
8
BLACK
6
CONTINUOUS
10
187.3674879999999803
20
-140.6132819999999981
11
187.3515859999999975
21
-140.6312549999999817
0
LINE
8
BLACK
6
CONTINUOUS
10
187.3515859999999975
20
-140.6312549999999817
11
187.3355269999999848
21
-140.6490880000000061
0
LINE
8
BLACK
6
CONTINUOUS
10
187.3355269999999848
20
-140.6490880000000061
11
187.3193139999999914
21
-140.6667809999999861
0
LINE
8
BLACK
6
CONTINUOUS
10
187.3193139999999914
20
-140.6667809999999861
11
187.3029459999999915
21
-140.6843319999999835
0
LINE
8
BLACK
6
CONTINUOUS
10
187.3029459999999915
20
-140.6843319999999835
11
187.2864259999999774
21
-140.7017390000000034
0
LINE
8
BLACK
6
CONTINUOUS
10
187.2864259999999774
20
-140.7017390000000034
11
187.2697550000000035
21
-140.7190009999999916
0
LINE
8
BLACK
6
CONTINUOUS
10
187.2697550000000035
20
-140.7190009999999916
11
187.252933999999982
21
-140.7361170000000072
0
LINE
8
BLACK
6
CONTINUOUS
10
187.252933999999982
20
-140.7361170000000072
11
187.2359639999999956
21
-140.7530859999999961
0
LINE
8
BLACK
6
CONTINUOUS
10
187.2359639999999956
20
-140.7530859999999961
11
187.2188469999999825
21
-140.7699049999999943
0
LINE
8
BLACK
6
CONTINUOUS
10
187.2188469999999825
20
-140.7699049999999943
11
187.2015829999999994
21
-140.7865749999999991
0
LINE
8
BLACK
6
CONTINUOUS
10
187.2015829999999994
20
-140.7865749999999991
11
187.184174999999982
21
-140.8030939999999873
0
LINE
8
BLACK
6
CONTINUOUS
10
187.184174999999982
20
-140.8030939999999873
11
187.1666229999999871
21
-140.8194599999999923
0
LINE
8
BLACK
6
CONTINUOUS
10
187.1666229999999871
20
-140.8194599999999923
11
187.1489289999999812
21
-140.8356719999999882
0
LINE
8
BLACK
6
CONTINUOUS
10
187.1489289999999812
20
-140.8356719999999882
11
187.1310939999999903
21
-140.851729000000006
0
LINE
8
BLACK
6
CONTINUOUS
10
187.1310939999999903
20
-140.851729000000006
11
187.1131199999999808
21
-140.8676299999999912
0
LINE
8
BLACK
6
CONTINUOUS
10
187.1131199999999808
20
-140.8676299999999912
11
187.0950079999999787
21
-140.8833740000000034
0
LINE
8
BLACK
6
CONTINUOUS
10
187.0950079999999787
20
-140.8833740000000034
11
187.0767589999999814
21
-140.8989589999999907
0
LINE
8
BLACK
6
CONTINUOUS
10
187.0767589999999814
20
-140.8989589999999907
11
187.0583739999999864
21
-140.9143839999999841
0
LINE
8
BLACK
6
CONTINUOUS
10
187.0583739999999864
20
-140.9143839999999841
11
187.0398559999999861
21
-140.929647999999986
0
LINE
8
BLACK
6
CONTINUOUS
10
187.0398559999999861
20
-140.929647999999986
11
187.0212059999999781
21
-140.9447499999999991
0
LINE
8
BLACK
6
CONTINUOUS
10
187.0212059999999781
20
-140.9447499999999991
11
187.0024239999999907
21
-140.9596879999999999
0
LINE
8
BLACK
6
CONTINUOUS
10
187.0024239999999907
20
-140.9596879999999999
11
186.9835119999999904
21
-140.9744619999999884
0
LINE
8
BLACK
6
CONTINUOUS
10
186.9835119999999904
20
-140.9744619999999884
11
186.9644729999999981
21
-140.9890709999999956
0
LINE
8
BLACK
6
CONTINUOUS
10
186.9644729999999981
20
-140.9890709999999956
11
186.945305999999988
21
-141.0035120000000006
0
LINE
8
BLACK
6
CONTINUOUS
10
186.945305999999988
20
-141.0035120000000006
11
186.9260149999999783
21
-141.017786000000001
0
LINE
8
BLACK
6
CONTINUOUS
10
186.9260149999999783
20
-141.017786000000001
11
186.9097799999999836
21
-141.0295989999999904
0
LINE
8
BLACK
6
CONTINUOUS
10
186.5696179999999913
20
-141.2393789999999854
11
186.5482820000000004
21
-141.2503659999999854
0
LINE
8
BLACK
6
CONTINUOUS
10
186.5482820000000004
20
-141.2503659999999854
11
186.5268509999999935
21
-141.2611660000000029
0
LINE
8
BLACK
6
CONTINUOUS
10
186.5268509999999935
20
-141.2611660000000029
11
186.5053269999999941
21
-141.2717779999999834
0
LINE
8
BLACK
6
CONTINUOUS
10
186.5053269999999941
20
-141.2717779999999834
11
186.4837109999999996
21
-141.2822019999999839
0
LINE
8
BLACK
6
CONTINUOUS
10
186.4837109999999996
20
-141.2822019999999839
11
186.4620050000000049
21
-141.2924370000000067
0
LINE
8
BLACK
6
CONTINUOUS
10
186.4620050000000049
20
-141.2924370000000067
11
186.4402099999999791
21
-141.3024829999999952
0
LINE
8
BLACK
6
CONTINUOUS
10
186.4402099999999791
20
-141.3024829999999952
11
186.418329
21
-141.3123379999999827
0
LINE
8
BLACK
6
CONTINUOUS
10
186.418329
20
-141.3123379999999827
11
186.3963619999999821
21
-141.3220010000000002
0
LINE
8
BLACK
6
CONTINUOUS
10
186.3963619999999821
20
-141.3220010000000002
11
186.3743120000000033
21
-141.3314719999999909
0
LINE
8
BLACK
6
CONTINUOUS
10
186.3743120000000033
20
-141.3314719999999909
11
186.3521800000000042
21
-141.3407509999999832
0
LINE
8
BLACK
6
CONTINUOUS
10
186.3521800000000042
20
-141.3407509999999832
11
186.3299679999999796
21
-141.3498359999999821
0
LINE
8
BLACK
6
CONTINUOUS
10
186.3299679999999796
20
-141.3498359999999821
11
186.3076779999999815
21
-141.3587269999999876
0
LINE
8
BLACK
6
CONTINUOUS
10
186.3076779999999815
20
-141.3587269999999876
11
186.2853109999999788
21
-141.3674230000000023
0
LINE
8
BLACK
6
CONTINUOUS
10
186.2853109999999788
20
-141.3674230000000023
11
186.2628689999999949
21
-141.3759239999999977
0
LINE
8
BLACK
6
CONTINUOUS
10
186.2628689999999949
20
-141.3759239999999977
11
186.2403529999999989
21
-141.3842280000000073
0
LINE
8
BLACK
6
CONTINUOUS
10
186.2403529999999989
20
-141.3842280000000073
11
186.2177659999999833
21
-141.3923360000000002
0
LINE
8
BLACK
6
CONTINUOUS
10
186.2177659999999833
20
-141.3923360000000002
11
186.1951090000000022
21
-141.4002459999999814
0
LINE
8
BLACK
6
CONTINUOUS
10
186.1951090000000022
20
-141.4002459999999814
11
186.1723839999999939
21
-141.4079579999999794
0
LINE
8
BLACK
6
CONTINUOUS
10
186.1723839999999939
20
-141.4079579999999794
11
186.1495919999999842
21
-141.4154719999999941
0
LINE
8
BLACK
6
CONTINUOUS
10
186.1495919999999842
20
-141.4154719999999941
11
186.126735999999994
21
-141.4227860000000021
0
LINE
8
BLACK
6
CONTINUOUS
10
186.126735999999994
20
-141.4227860000000021
11
186.1038159999999948
21
-141.429901000000001
0
LINE
8
BLACK
6
CONTINUOUS
10
186.1038159999999948
20
-141.429901000000001
11
186.080836000000005
21
-141.4368149999999957
0
LINE
8
BLACK
6
CONTINUOUS
10
186.080836000000005
20
-141.4368149999999957
11
186.0577959999999962
21
-141.4435289999999839
0
LINE
8
BLACK
6
CONTINUOUS
10
186.0577959999999962
20
-141.4435289999999839
11
186.0346979999999917
21
-141.4500409999999988
0
LINE
8
BLACK
6
CONTINUOUS
10
186.0346979999999917
20
-141.4500409999999988
11
186.0115439999999865
21
-141.4563519999999812
0
LINE
8
BLACK
6
CONTINUOUS
10
186.0115439999999865
20
-141.4563519999999812
11
185.9883370000000014
21
-141.462459999999993
0
LINE
8
BLACK
6
CONTINUOUS
10
185.9883370000000014
20
-141.462459999999993
11
185.9650759999999821
21
-141.4683650000000057
0
LINE
8
BLACK
6
CONTINUOUS
10
185.9650759999999821
20
-141.4683650000000057
11
185.9417650000000037
21
-141.4740679999999884
0
LINE
8
BLACK
6
CONTINUOUS
10
185.9417650000000037
20
-141.4740679999999884
11
185.9184060000000045
21
-141.4795660000000055
0
LINE
8
BLACK
6
CONTINUOUS
10
185.9184060000000045
20
-141.4795660000000055
11
185.8949989999999843
21
-141.4848609999999951
0
LINE
8
BLACK
6
CONTINUOUS
10
185.8949989999999843
20
-141.4848609999999951
11
185.8715469999999925
21
-141.4899509999999907
0
LINE
8
BLACK
6
CONTINUOUS
10
185.8715469999999925
20
-141.4899509999999907
11
185.8480509999999981
21
-141.4948359999999923
0
LINE
8
BLACK
6
CONTINUOUS
10
185.8480509999999981
20
-141.4948359999999923
11
185.8245129999999961
21
-141.4995159999999998
0
LINE
8
BLACK
6
CONTINUOUS
10
185.8245129999999961
20
-141.4995159999999998
11
185.8009359999999788
21
-141.5039899999999875
0
LINE
8
BLACK
6
CONTINUOUS
10
185.8009359999999788
20
-141.5039899999999875
11
185.7773200000000031
21
-141.5082589999999811
0
LINE
8
BLACK
6
CONTINUOUS
10
185.7773200000000031
20
-141.5082589999999811
11
185.7536690000000021
21
-141.5123209999999858
0
LINE
8
BLACK
6
CONTINUOUS
10
185.7536690000000021
20
-141.5123209999999858
11
185.7299819999999784
21
-141.516176999999999
0
LINE
8
BLACK
6
CONTINUOUS
10
185.7299819999999784
20
-141.516176999999999
11
185.7062629999999785
21
-141.5198249999999973
0
LINE
8
BLACK
6
CONTINUOUS
10
185.7062629999999785
20
-141.5198249999999973
11
185.6825130000000001
21
-141.5232670000000041
0
LINE
8
BLACK
6
CONTINUOUS
10
185.6825130000000001
20
-141.5232670000000041
11
185.6587339999999813
21
-141.5265009999999961
0
LINE
8
BLACK
6
CONTINUOUS
10
185.6587339999999813
20
-141.5265009999999961
11
185.6349270000000047
21
-141.5295279999999991
0
LINE
8
BLACK
6
CONTINUOUS
10
185.6349270000000047
20
-141.5295279999999991
11
185.6110949999999775
21
-141.5323469999999872
0
LINE
8
BLACK
6
CONTINUOUS
10
185.6110949999999775
20
-141.5323469999999872
11
185.5872389999999825
21
-141.5349579999999889
0
LINE
8
BLACK
6
CONTINUOUS
10
185.5872389999999825
20
-141.5349579999999889
11
185.5633609999999862
21
-141.5373600000000067
0
LINE
8
BLACK
6
CONTINUOUS
10
185.5633609999999862
20
-141.5373600000000067
11
185.5394639999999811
21
-141.5395539999999812
0
LINE
8
BLACK
6
CONTINUOUS
10
185.5394639999999811
20
-141.5395539999999812
11
185.519455999999991
21
-141.5412289999999871
0
LINE
8
BLACK
6
CONTINUOUS
10
185.1198189999999784
20
-141.5440909999999803
11
185.095879999999994
21
-141.5424139999999795
0
LINE
8
BLACK
6
CONTINUOUS
10
185.095879999999994
20
-141.5424139999999795
11
185.0719560000000001
21
-141.5405279999999948
0
LINE
8
BLACK
6
CONTINUOUS
10
185.0719560000000001
20
-141.5405279999999948
11
185.0480489999999918
21
-141.5384339999999952
0
LINE
8
BLACK
6
CONTINUOUS
10
185.0480489999999918
20
-141.5384339999999952
11
185.0241609999999923
21
-141.5361309999999833
0
LINE
8
BLACK
6
CONTINUOUS
10
185.0241609999999923
20
-141.5361309999999833
11
185.0002949999999942
21
-141.5336199999999849
0
LINE
8
BLACK
6
CONTINUOUS
10
185.0002949999999942
20
-141.5336199999999849
11
184.9764509999999973
21
-141.5309000000000026
0
LINE
8
BLACK
6
CONTINUOUS
10
184.9764509999999973
20
-141.5309000000000026
11
184.9526319999999942
21
-141.5279730000000029
0
LINE
8
BLACK
6
CONTINUOUS
10
184.9526319999999942
20
-141.5279730000000029
11
184.9288399999999797
21
-141.5248379999999884
0
LINE
8
BLACK
6
CONTINUOUS
10
184.9288399999999797
20
-141.5248379999999884
11
184.9050759999999798
21
-141.5214949999999874
0
LINE
8
BLACK
6
CONTINUOUS
10
184.9050759999999798
20
-141.5214949999999874
11
184.8813409999999919
21
-141.5179449999999974
0
LINE
8
BLACK
6
CONTINUOUS
10
184.8813409999999919
20
-141.5179449999999974
11
184.8576389999999776
21
-141.5141879999999901
0
LINE
8
BLACK
6
CONTINUOUS
10
184.8576389999999776
20
-141.5141879999999901
11
184.8339709999999911
21
-141.5102239999999938
0
LINE
8
BLACK
6
CONTINUOUS
10
184.8339709999999911
20
-141.5102239999999938
11
184.8103370000000041
21
-141.506054000000006
0
LINE
8
BLACK
6
CONTINUOUS
10
184.8103370000000041
20
-141.506054000000006
11
184.7867420000000038
21
-141.5016779999999983
0
LINE
8
BLACK
6
CONTINUOUS
10
184.7867420000000038
20
-141.5016779999999983
11
184.7631849999999929
21
-141.4970959999999991
0
LINE
8
BLACK
6
CONTINUOUS
10
184.7631849999999929
20
-141.4970959999999991
11
184.7396689999999921
21
-141.4923090000000059
0
LINE
8
BLACK
6
CONTINUOUS
10
184.7396689999999921
20
-141.4923090000000059
11
184.7161959999999965
21
-141.4873169999999902
0
LINE
8
BLACK
6
CONTINUOUS
10
184.7161959999999965
20
-141.4873169999999902
11
184.6927670000000035
21
-141.4821199999999806
0
LINE
8
BLACK
6
CONTINUOUS
10
184.6927670000000035
20
-141.4821199999999806
11
184.6693850000000054
21
-141.4767190000000028
0
LINE
8
BLACK
6
CONTINUOUS
10
184.6693850000000054
20
-141.4767190000000028
11
184.6460500000000025
21
-141.471114
0
LINE
8
BLACK
6
CONTINUOUS
10
184.6460500000000025
20
-141.471114
11
184.6227649999999869
21
-141.4653050000000007
0
LINE
8
BLACK
6
CONTINUOUS
10
184.6227649999999869
20
-141.4653050000000007
11
184.5995319999999822
21
-141.4592939999999999
0
LINE
8
BLACK
6
CONTINUOUS
10
184.5995319999999822
20
-141.4592939999999999
11
184.5763529999999832
21
-141.4530799999999999
0
LINE
8
BLACK
6
CONTINUOUS
10
184.5763529999999832
20
-141.4530799999999999
11
184.5532279999999901
21
-141.4466639999999984
0
LINE
8
BLACK
6
CONTINUOUS
10
184.5532279999999901
20
-141.4466639999999984
11
184.5301599999999951
21
-141.4400469999999927
0
LINE
8
BLACK
6
CONTINUOUS
10
184.5301599999999951
20
-141.4400469999999927
11
184.5071509999999932
21
-141.4332279999999855
0
LINE
8
BLACK
6
CONTINUOUS
10
184.5071509999999932
20
-141.4332279999999855
11
184.484201999999982
21
-141.4262090000000001
0
LINE
8
BLACK
6
CONTINUOUS
10
184.484201999999982
20
-141.4262090000000001
11
184.4613159999999823
21
-141.4189899999999795
0
LINE
8
BLACK
6
CONTINUOUS
10
184.4613159999999823
20
-141.4189899999999795
11
184.438492999999994
21
-141.4115709999999808
0
LINE
8
BLACK
6
CONTINUOUS
10
184.438492999999994
20
-141.4115709999999808
11
184.4157359999999812
21
-141.4039539999999988
0
LINE
8
BLACK
6
CONTINUOUS
10
184.4157359999999812
20
-141.4039539999999988
11
184.3930459999999982
21
-141.3961380000000077
0
LINE
8
BLACK
6
CONTINUOUS
10
184.3930459999999982
20
-141.3961380000000077
11
184.3704249999999831
21
-141.3881250000000023
0
LINE
8
BLACK
6
CONTINUOUS
10
184.3704249999999831
20
-141.3881250000000023
11
184.3478749999999877
21
-141.3799139999999852
0
LINE
8
BLACK
6
CONTINUOUS
10
184.3478749999999877
20
-141.3799139999999852
11
184.3253979999999785
21
-141.3715069999999798
0
LINE
8
BLACK
6
CONTINUOUS
10
184.3253979999999785
20
-141.3715069999999798
11
184.302993999999984
21
-141.3629049999999836
0
LINE
8
BLACK
6
CONTINUOUS
10
184.302993999999984
20
-141.3629049999999836
11
184.280666999999994
21
-141.3541069999999991
0
LINE
8
BLACK
6
CONTINUOUS
10
184.280666999999994
20
-141.3541069999999991
11
184.2584169999999801
21
-141.3451139999999953
0
LINE
8
BLACK
6
CONTINUOUS
10
184.2584169999999801
20
-141.3451139999999953
11
184.2362469999999917
21
-141.3359279999999956
0
LINE
8
BLACK
6
CONTINUOUS
10
184.2362469999999917
20
-141.3359279999999956
11
184.2141579999999976
21
-141.3265480000000025
0
LINE
8
BLACK
6
CONTINUOUS
10
184.2141579999999976
20
-141.3265480000000025
11
184.1921509999999955
21
-141.3169759999999826
0
LINE
8
BLACK
6
CONTINUOUS
10
184.1921509999999955
20
-141.3169759999999826
11
184.1702289999999778
21
-141.3072129999999902
0
LINE
8
BLACK
6
CONTINUOUS
10
184.1702289999999778
20
-141.3072129999999902
11
184.1483920000000012
21
-141.2972579999999994
0
LINE
8
BLACK
6
CONTINUOUS
10
184.1483920000000012
20
-141.2972579999999994
11
184.1266439999999989
21
-141.2871140000000025
0
LINE
8
BLACK
6
CONTINUOUS
10
184.1266439999999989
20
-141.2871140000000025
11
184.1049849999999992
21
-141.2767800000000022
0
LINE
8
BLACK
6
CONTINUOUS
10
184.1049849999999992
20
-141.2767800000000022
11
184.0834159999999997
21
-141.266256999999996
0
LINE
8
BLACK
6
CONTINUOUS
10
184.0834159999999997
20
-141.266256999999996
11
184.0654429999999877
21
-141.2573089999999922
0
LINE
8
BLACK
6
CONTINUOUS
10
183.7223119999999881
20
-141.0524209999999812
11
183.702715999999981
21
-141.0385679999999979
0
LINE
8
BLACK
6
CONTINUOUS
10
183.702715999999981
20
-141.0385679999999979
11
183.6832419999999786
21
-141.0245439999999917
0
LINE
8
BLACK
6
CONTINUOUS
10
183.6832419999999786
20
-141.0245439999999917
11
183.6638909999999782
21
-141.0103499999999883
0
LINE
8
BLACK
6
CONTINUOUS
10
183.6638909999999782
20
-141.0103499999999883
11
183.6446650000000034
21
-140.9959879999999828
0
LINE
8
BLACK
6
CONTINUOUS
10
183.6446650000000034
20
-140.9959879999999828
11
183.6255639999999971
21
-140.981459000000001
0
LINE
8
BLACK
6
CONTINUOUS
10
183.6255639999999971
20
-140.981459000000001
11
183.6065919999999778
21
-140.9667639999999835
0
LINE
8
BLACK
6
CONTINUOUS
10
183.6065919999999778
20
-140.9667639999999835
11
183.5877480000000048
21
-140.9519039999999848
0
LINE
8
BLACK
6
CONTINUOUS
10
183.5877480000000048
20
-140.9519039999999848
11
183.5690339999999878
21
-140.9368800000000022
0
LINE
8
BLACK
6
CONTINUOUS
10
183.5690339999999878
20
-140.9368800000000022
11
183.5504530000000045
21
-140.9216940000000022
0
LINE
8
BLACK
6
CONTINUOUS
10
183.5504530000000045
20
-140.9216940000000022
11
183.5320040000000006
21
-140.9063449999999875
0
LINE
8
BLACK
6
CONTINUOUS
10
183.5320040000000006
20
-140.9063449999999875
11
183.5136899999999969
21
-140.8908370000000048
0
LINE
8
BLACK
6
CONTINUOUS
10
183.5136899999999969
20
-140.8908370000000048
11
183.4955129999999883
21
-140.8751689999999996
0
LINE
8
BLACK
6
CONTINUOUS
10
183.4955129999999883
20
-140.8751689999999996
11
183.4774720000000059
21
-140.8593429999999955
0
LINE
8
BLACK
6
CONTINUOUS
10
183.4774720000000059
20
-140.8593429999999955
11
183.4595709999999826
21
-140.8433599999999899
0
LINE
8
BLACK
6
CONTINUOUS
10
183.4595709999999826
20
-140.8433599999999899
11
183.4418089999999779
21
-140.8272220000000061
0
LINE
8
BLACK
6
CONTINUOUS
10
183.4418089999999779
20
-140.8272220000000061
11
183.4241899999999816
21
-140.8109289999999874
0
LINE
8
BLACK
6
CONTINUOUS
10
183.4241899999999816
20
-140.8109289999999874
11
183.4067129999999963
21
-140.7944829999999854
0
LINE
8
BLACK
6
CONTINUOUS
10
183.4067129999999963
20
-140.7944829999999854
11
183.3893799999999885
21
-140.7778849999999977
0
LINE
8
BLACK
6
CONTINUOUS
10
183.3893799999999885
20
-140.7778849999999977
11
183.3721919999999841
21
-140.7611369999999908
0
LINE
8
BLACK
6
CONTINUOUS
10
183.3721919999999841
20
-140.7611369999999908
11
183.3551520000000039
21
-140.7442389999999932
0
LINE
8
BLACK
6
CONTINUOUS
10
183.3551520000000039
20
-140.7442389999999932
11
183.3382589999999936
21
-140.7271929999999998
0
LINE
8
BLACK
6
CONTINUOUS
10
183.3382589999999936
20
-140.7271929999999998
11
183.3215160000000026
21
-140.7100010000000054
0
LINE
8
BLACK
6
CONTINUOUS
10
183.3215160000000026
20
-140.7100010000000054
11
183.3049239999999998
21
-140.6926629999999818
0
LINE
8
BLACK
6
CONTINUOUS
10
183.3049239999999998
20
-140.6926629999999818
11
183.2884839999999826
21
-140.6751799999999832
0
LINE
8
BLACK
6
CONTINUOUS
10
183.2884839999999826
20
-140.6751799999999832
11
183.2721959999999797
21
-140.6575559999999996
0
LINE
8
BLACK
6
CONTINUOUS
10
183.2721959999999797
20
-140.6575559999999996
11
183.2560639999999808
21
-140.6397890000000075
0
LINE
8
BLACK
6
CONTINUOUS
10
183.2560639999999808
20
-140.6397890000000075
11
183.2400859999999909
21
-140.6218829999999969
0
LINE
8
BLACK
6
CONTINUOUS
10
183.2400859999999909
20
-140.6218829999999969
11
183.2242660000000001
21
-140.6038369999999986
0
LINE
8
BLACK
6
CONTINUOUS
10
183.2242660000000001
20
-140.6038369999999986
11
183.2086039999999798
21
-140.5856550000000027
0
LINE
8
BLACK
6
CONTINUOUS
10
183.2086039999999798
20
-140.5856550000000027
11
183.1931009999999844
21
-140.5673359999999832
0
LINE
8
BLACK
6
CONTINUOUS
10
183.1931009999999844
20
-140.5673359999999832
11
183.177757999999983
21
-140.5488829999999894
0
LINE
8
BLACK
6
CONTINUOUS
10
183.177757999999983
20
-140.5488829999999894
11
183.1625779999999963
21
-140.5302959999999928
0
LINE
8
BLACK
6
CONTINUOUS
10
183.1625779999999963
20
-140.5302959999999928
11
183.1475590000000011
21
-140.5115779999999859
0
LINE
8
BLACK
6
CONTINUOUS
10
183.1475590000000011
20
-140.5115779999999859
11
183.1327049999999872
21
-140.4927299999999946
0
LINE
8
BLACK
6
CONTINUOUS
10
183.1327049999999872
20
-140.4927299999999946
11
183.118015999999983
21
-140.4737519999999904
0
LINE
8
BLACK
6
CONTINUOUS
10
183.118015999999983
20
-140.4737519999999904
11
183.1034929999999861
21
-140.4546469999999943
0
LINE
8
BLACK
6
CONTINUOUS
10
183.1034929999999861
20
-140.4546469999999943
11
183.0891369999999938
21
-140.4354160000000036
0
LINE
8
BLACK
6
CONTINUOUS
10
183.0891369999999938
20
-140.4354160000000036
11
183.0749500000000012
21
-140.4160609999999849
0
LINE
8
BLACK
6
CONTINUOUS
10
183.0749500000000012
20
-140.4160609999999849
11
183.0609319999999798
21
-140.3965819999999951
0
LINE
8
BLACK
6
CONTINUOUS
10
183.0609319999999798
20
-140.3965819999999951
11
183.0470849999999814
21
-140.3769819999999982
0
LINE
8
BLACK
6
CONTINUOUS
10
183.0470849999999814
20
-140.3769819999999982
11
183.0334089999999776
21
-140.3572619999999915
0
LINE
8
BLACK
6
CONTINUOUS
10
183.0334089999999776
20
-140.3572619999999915
11
183.0199059999999918
21
-140.3374230000000011
0
LINE
8
BLACK
6
CONTINUOUS
10
183.0199059999999918
20
-140.3374230000000011
11
183.0065759999999955
21
-140.317467999999991
0
LINE
8
BLACK
6
CONTINUOUS
10
183.0065759999999955
20
-140.317467999999991
11
182.9934209999999837
21
-140.297395999999992
0
LINE
8
BLACK
6
CONTINUOUS
10
182.9934209999999837
20
-140.297395999999992
11
182.9804419999999823
21
-140.2772109999999941
0
LINE
8
BLACK
6
CONTINUOUS
10
182.9804419999999823
20
-140.2772109999999941
11
182.9697189999999978
21
-140.2602369999999894
0
LINE
8
BLACK
6
CONTINUOUS
10
182.7826769999999783
20
-139.9070609999999988
11
182.7731119999999976
21
-139.8850510000000043
0
LINE
8
BLACK
6
CONTINUOUS
10
182.7731119999999976
20
-139.8850510000000043
11
182.7637389999999868
21
-139.8629589999999894
0
LINE
8
BLACK
6
CONTINUOUS
10
182.7637389999999868
20
-139.8629589999999894
11
182.7545599999999979
21
-139.8407849999999826
0
LINE
8
BLACK
6
CONTINUOUS
10
182.7545599999999979
20
-139.8407849999999826
11
182.7455740000000048
21
-139.8185330000000022
0
LINE
8
BLACK
6
CONTINUOUS
10
182.7455740000000048
20
-139.8185330000000022
11
182.7367830000000026
21
-139.7962029999999913
0
LINE
8
BLACK
6
CONTINUOUS
10
182.7367830000000026
20
-139.7962029999999913
11
182.7281869999999913
21
-139.7737970000000018
0
LINE
8
BLACK
6
CONTINUOUS
10
182.7281869999999913
20
-139.7737970000000018
11
182.7197879999999941
21
-139.7513170000000002
0
LINE
8
BLACK
6
CONTINUOUS
10
182.7197879999999941
20
-139.7513170000000002
11
182.7115839999999878
21
-139.728763999999984
0
LINE
8
BLACK
6
CONTINUOUS
10
182.7115839999999878
20
-139.728763999999984
11
182.7035779999999932
21
-139.7061410000000024
0
LINE
8
BLACK
6
CONTINUOUS
10
182.7035779999999932
20
-139.7061410000000024
11
182.6957689999999843
21
-139.683448999999996
0
LINE
8
BLACK
6
CONTINUOUS
10
182.6957689999999843
20
-139.683448999999996
11
182.6881589999999846
21
-139.6606889999999908
0
LINE
8
BLACK
6
CONTINUOUS
10
182.6881589999999846
20
-139.6606889999999908
11
182.6807469999999967
21
-139.6378640000000075
0
LINE
8
BLACK
6
CONTINUOUS
10
182.6807469999999967
20
-139.6378640000000075
11
182.6735359999999844
21
-139.6149749999999869
0
LINE
8
BLACK
6
CONTINUOUS
10
182.6735359999999844
20
-139.6149749999999869
11
182.6665239999999812
21
-139.5920239999999808
0
LINE
8
BLACK
6
CONTINUOUS
10
182.6665239999999812
20
-139.5920239999999808
11
182.6597119999999848
21
-139.569012999999984
0
LINE
8
BLACK
6
CONTINUOUS
10
182.6597119999999848
20
-139.569012999999984
11
182.6531019999999899
21
-139.5459429999999941
0
LINE
8
BLACK
6
CONTINUOUS
10
182.6531019999999899
20
-139.5459429999999941
11
182.6466929999999991
21
-139.5228160000000059
0
LINE
8
BLACK
6
CONTINUOUS
10
182.6466929999999991
20
-139.5228160000000059
11
182.6404869999999789
21
-139.4996349999999836
0
LINE
8
BLACK
6
CONTINUOUS
10
182.6404869999999789
20
-139.4996349999999836
11
182.6344829999999888
21
-139.4763999999999839
0
LINE
8
BLACK
6
CONTINUOUS
10
182.6344829999999888
20
-139.4763999999999839
11
182.6286810000000003
21
-139.4531130000000019
0
LINE
8
BLACK
6
CONTINUOUS
10
182.6286810000000003
20
-139.4531130000000019
11
182.6230840000000057
21
-139.4297770000000014
0
LINE
8
BLACK
6
CONTINUOUS
10
182.6230840000000057
20
-139.4297770000000014
11
182.6176899999999819
21
-139.40639299999998
0
LINE
8
BLACK
6
CONTINUOUS
10
182.6176899999999819
20
-139.40639299999998
11
182.6124999999999829
21
-139.382961999999992
0
LINE
8
BLACK
6
CONTINUOUS
10
182.6124999999999829
20
-139.382961999999992
11
182.607514999999978
21
-139.3594879999999989
0
LINE
8
BLACK
6
CONTINUOUS
10
182.607514999999978
20
-139.3594879999999989
11
182.6027349999999956
21
-139.3359700000000032
0
LINE
8
BLACK
6
CONTINUOUS
10
182.6027349999999956
20
-139.3359700000000032
11
182.5981610000000046
21
-139.3124119999999948
0
LINE
8
BLACK
6
CONTINUOUS
10
182.5981610000000046
20
-139.3124119999999948
11
182.5937919999999792
21
-139.2888149999999996
0
LINE
8
BLACK
6
CONTINUOUS
10
182.5937919999999792
20
-139.2888149999999996
11
182.5896299999999997
21
-139.2651809999999841
0
LINE
8
BLACK
6
CONTINUOUS
10
182.5896299999999997
20
-139.2651809999999841
11
182.5856739999999832
21
-139.2415110000000027
0
LINE
8
BLACK
6
CONTINUOUS
10
182.5856739999999832
20
-139.2415110000000027
11
182.5819239999999866
21
-139.2178069999999934
0
LINE
8
BLACK
6
CONTINUOUS
10
182.5819239999999866
20
-139.2178069999999934
11
182.5783809999999789
21
-139.1940720000000056
0
LINE
8
BLACK
6
CONTINUOUS
10
182.5783809999999789
20
-139.1940720000000056
11
182.5750459999999862
21
-139.1703069999999798
0
LINE
8
BLACK
6
CONTINUOUS
10
182.5750459999999862
20
-139.1703069999999798
11
182.5719179999999824
21
-139.1465129999999988
0
LINE
8
BLACK
6
CONTINUOUS
10
182.5719179999999824
20
-139.1465129999999988
11
182.5689989999999909
21
-139.1226929999999982
0
LINE
8
BLACK
6
CONTINUOUS
10
182.5689989999999909
20
-139.1226929999999982
11
182.5662869999999884
21
-139.0988490000000013
0
LINE
8
BLACK
6
CONTINUOUS
10
182.5662869999999884
20
-139.0988490000000013
11
182.5637830000000008
21
-139.0749820000000057
0
LINE
8
BLACK
6
CONTINUOUS
10
182.5637830000000008
20
-139.0749820000000057
11
182.5614869999999996
21
-139.0510929999999803
0
LINE
8
BLACK
6
CONTINUOUS
10
182.5614869999999996
20
-139.0510929999999803
11
182.5593999999999824
21
-139.0271860000000004
0
LINE
8
BLACK
6
CONTINUOUS
10
182.5593999999999824
20
-139.0271860000000004
11
182.5575220000000058
21
-139.0032609999999806
0
LINE
8
BLACK
6
CONTINUOUS
10
182.5575220000000058
20
-139.0032609999999806
11
182.5558529999999848
21
-138.9793209999999988
0
LINE
8
BLACK
6
CONTINUOUS
10
182.5558529999999848
20
-138.9793209999999988
11
182.5543919999999787
21
-138.9553679999999929
0
LINE
8
BLACK
6
CONTINUOUS
10
182.5543919999999787
20
-138.9553679999999929
11
182.5531409999999823
21
-138.9314019999999914
0
LINE
8
BLACK
6
CONTINUOUS
10
182.5531409999999823
20
-138.9314019999999914
11
182.5520989999999983
21
-138.9074269999999842
0
LINE
8
BLACK
6
CONTINUOUS
10
182.5520989999999983
20
-138.9074269999999842
11
182.5512659999999983
21
-138.8834429999999998
0
LINE
8
BLACK
6
CONTINUOUS
10
182.5512659999999983
20
-138.8834429999999998
11
182.5506429999999796
21
-138.859453000000002
0
LINE
8
BLACK
6
CONTINUOUS
10
182.5506429999999796
20
-138.859453000000002
11
182.5502819999999815
21
-138.8393779999999822
0
LINE
8
BLACK
6
CONTINUOUS
10
182.5736109999999996
20
-138.4404119999999807
11
182.5768529999999998
21
-138.4166339999999877
0
LINE
8
BLACK
6
CONTINUOUS
10
182.5768529999999998
20
-138.4166339999999877
11
182.580301999999989
21
-138.3928850000000068
0
LINE
8
BLACK
6
CONTINUOUS
10
182.580301999999989
20
-138.3928850000000068
11
182.5839579999999955
21
-138.3691670000000045
0
LINE
8
BLACK
6
CONTINUOUS
10
182.5839579999999955
20
-138.3691670000000045
11
182.587820999999991
21
-138.3454820000000041
0
LINE
8
BLACK
6
CONTINUOUS
10
182.587820999999991
20
-138.3454820000000041
11
182.5918910000000039
21
-138.3218310000000031
0
LINE
8
BLACK
6
CONTINUOUS
10
182.5918910000000039
20
-138.3218310000000031
11
182.5961669999999799
21
-138.298216999999994
0
LINE
8
BLACK
6
CONTINUOUS
10
182.5961669999999799
20
-138.298216999999994
11
182.6006490000000042
21
-138.2746410000000026
0
LINE
8
BLACK
6
CONTINUOUS
10
182.6006490000000042
20
-138.2746410000000026
11
182.6053359999999941
21
-138.2511049999999955
0
LINE
8
BLACK
6
CONTINUOUS
10
182.6053359999999941
20
-138.2511049999999955
11
182.610227999999978
21
-138.227610999999996
0
LINE
8
BLACK
6
CONTINUOUS
10
182.610227999999978
20
-138.227610999999996
11
182.6153259999999818
21
-138.2041600000000017
0
LINE
8
BLACK
6
CONTINUOUS
10
182.6153259999999818
20
-138.2041600000000017
11
182.6206279999999822
21
-138.1807550000000049
0
LINE
8
BLACK
6
CONTINUOUS
10
182.6206279999999822
20
-138.1807550000000049
11
182.6261339999999791
21
-138.1573970000000031
0
LINE
8
BLACK
6
CONTINUOUS
10
182.6261339999999791
20
-138.1573970000000031
11
182.6318430000000035
21
-138.1340879999999913
0
LINE
8
BLACK
6
CONTINUOUS
10
182.6318430000000035
20
-138.1340879999999913
11
182.637755999999996
21
-138.1108299999999929
0
LINE
8
BLACK
6
CONTINUOUS
10
182.637755999999996
20
-138.1108299999999929
11
182.6438709999999901
21
-138.0876240000000053
0
LINE
8
BLACK
6
CONTINUOUS
10
182.6438709999999901
20
-138.0876240000000053
11
182.6501889999999833
21
-138.064471999999995
0
LINE
8
BLACK
6
CONTINUOUS
10
182.6501889999999833
20
-138.064471999999995
11
182.6567079999999805
21
-138.0413759999999854
0
LINE
8
BLACK
6
CONTINUOUS
10
182.6567079999999805
20
-138.0413759999999854
11
182.6634289999999794
21
-138.018338
0
LINE
8
BLACK
6
CONTINUOUS
10
182.6634289999999794
20
-138.018338
11
182.6703509999999824
21
-137.9953600000000051
0
LINE
8
BLACK
6
CONTINUOUS
10
182.6703509999999824
20
-137.9953600000000051
11
182.677472999999992
21
-137.9724429999999984
0
LINE
8
BLACK
6
CONTINUOUS
10
182.677472999999992
20
-137.9724429999999984
11
182.6847939999999824
21
-137.9495890000000031
0
LINE
8
BLACK
6
CONTINUOUS
10
182.6847939999999824
20
-137.9495890000000031
11
182.6923149999999794
21
-137.9267999999999859
0
LINE
8
BLACK
6
CONTINUOUS
10
182.6923149999999794
20
-137.9267999999999859
11
182.7000339999999881
21
-137.9040770000000009
0
LINE
8
BLACK
6
CONTINUOUS
10
182.7000339999999881
20
-137.9040770000000009
11
182.7079520000000059
21
-137.8814219999999864
0
LINE
8
BLACK
6
CONTINUOUS
10
182.7079520000000059
20
-137.8814219999999864
11
182.7160659999999837
21
-137.8588379999999916
0
LINE
8
BLACK
6
CONTINUOUS
10
182.7160659999999837
20
-137.8588379999999916
11
182.7243780000000015
21
-137.836324999999988
0
LINE
8
BLACK
6
CONTINUOUS
10
182.7243780000000015
20
-137.836324999999988
11
182.7328849999999818
21
-137.8138849999999991
0
LINE
8
BLACK
6
CONTINUOUS
10
182.7328849999999818
20
-137.8138849999999991
11
182.7415890000000047
21
-137.7915209999999888
0
LINE
8
BLACK
6
CONTINUOUS
10
182.7415890000000047
20
-137.7915209999999888
11
182.7504859999999951
21
-137.7692329999999856
0
LINE
8
BLACK
6
CONTINUOUS
10
182.7504859999999951
20
-137.7692329999999856
11
182.7595790000000022
21
-137.7470239999999819
0
LINE
8
BLACK
6
CONTINUOUS
10
182.7595790000000022
20
-137.7470239999999819
11
182.7688639999999793
21
-137.7248950000000036
0
LINE
8
BLACK
6
CONTINUOUS
10
182.7688639999999793
20
-137.7248950000000036
11
182.7783419999999808
21
-137.7028479999999888
0
LINE
8
BLACK
6
CONTINUOUS
10
182.7783419999999808
20
-137.7028479999999888
11
182.7880129999999781
21
-137.6808839999999918
0
LINE
8
BLACK
6
CONTINUOUS
10
182.7880129999999781
20
-137.6808839999999918
11
182.7978739999999789
21
-137.6590060000000051
0
LINE
8
BLACK
6
CONTINUOUS
10
182.7978739999999789
20
-137.6590060000000051
11
182.8079269999999781
21
-137.6372140000000002
0
LINE
8
BLACK
6
CONTINUOUS
10
182.8079269999999781
20
-137.6372140000000002
11
182.8181689999999833
21
-137.6155109999999979
0
LINE
8
BLACK
6
CONTINUOUS
10
182.8181689999999833
20
-137.6155109999999979
11
182.8285999999999945
21
-137.5938989999999933
0
LINE
8
BLACK
6
CONTINUOUS
10
182.8285999999999945
20
-137.5938989999999933
11
182.8392189999999857
21
-137.5723779999999863
0
LINE
8
BLACK
6
CONTINUOUS
10
182.8392189999999857
20
-137.5723779999999863
11
182.850024999999988
21
-137.5509509999999977
0
LINE
8
BLACK
6
CONTINUOUS
10
182.850024999999988
20
-137.5509509999999977
11
182.8610189999999989
21
-137.5296179999999993
0
LINE
8
BLACK
6
CONTINUOUS
10
182.8610189999999989
20
-137.5296179999999993
11
182.8721969999999999
21
-137.5083829999999807
0
LINE
8
BLACK
6
CONTINUOUS
10
182.8721969999999999
20
-137.5083829999999807
11
182.8835609999999861
21
-137.487245999999999
0
LINE
8
BLACK
6
CONTINUOUS
10
182.8835609999999861
20
-137.487245999999999
11
182.8951089999999908
21
-137.4662089999999921
0
LINE
8
BLACK
6
CONTINUOUS
10
182.8951089999999908
20
-137.4662089999999921
11
182.9068399999999883
21
-137.445272999999986
0
LINE
8
BLACK
6
CONTINUOUS
10
182.9068399999999883
20
-137.445272999999986
11
182.9187529999999811
21
-137.4244410000000016
0
LINE
8
BLACK
6
CONTINUOUS
10
182.9187529999999811
20
-137.4244410000000016
11
182.9288589999999886
21
-137.4070920000000058
0
LINE
8
BLACK
6
CONTINUOUS
10
183.1557899999999961
20
-137.078123000000005
11
183.1708969999999965
21
-137.0594769999999869
0
LINE
8
BLACK
6
CONTINUOUS
10
183.1708969999999965
20
-137.0594769999999869
11
183.1861669999999833
21
-137.040963000000005
0
LINE
8
BLACK
6
CONTINUOUS
10
183.1861669999999833
20
-137.040963000000005
11
183.20159799999999
21
-137.0225839999999948
0
LINE
8
BLACK
6
CONTINUOUS
10
183.20159799999999
20
-137.0225839999999948
11
183.2171879999999931
21
-137.0043399999999849
0
LINE
8
BLACK
6
CONTINUOUS
10
183.2171879999999931
20
-137.0043399999999849
11
183.2329379999999901
21
-136.9862320000000011
0
LINE
8
BLACK
6
CONTINUOUS
10
183.2329379999999901
20
-136.9862320000000011
11
183.2488439999999912
21
-136.9682630000000074
0
LINE
8
BLACK
6
CONTINUOUS
10
183.2488439999999912
20
-136.9682630000000074
11
183.2649069999999938
21
-136.9504330000000039
0
LINE
8
BLACK
6
CONTINUOUS
10
183.2649069999999938
20
-136.9504330000000039
11
183.281125000000003
21
-136.9327449999999828
0
LINE
8
BLACK
6
CONTINUOUS
10
183.281125000000003
20
-136.9327449999999828
11
183.2974959999999953
21
-136.9151980000000037
0
LINE
8
BLACK
6
CONTINUOUS
10
183.2974959999999953
20
-136.9151980000000037
11
183.3140199999999993
21
-136.8977950000000021
0
LINE
8
BLACK
6
CONTINUOUS
10
183.3140199999999993
20
-136.8977950000000021
11
183.330695999999989
21
-136.8805360000000064
0
LINE
8
BLACK
6
CONTINUOUS
10
183.330695999999989
20
-136.8805360000000064
11
183.3475210000000004
21
-136.8634239999999807
0
LINE
8
BLACK
6
CONTINUOUS
10
183.3475210000000004
20
-136.8634239999999807
11
183.3644950000000051
21
-136.8464600000000075
0
LINE
8
BLACK
6
CONTINUOUS
10
183.3644950000000051
20
-136.8464600000000075
11
183.3816159999999797
21
-136.8296440000000018
0
LINE
8
BLACK
6
CONTINUOUS
10
183.3816159999999797
20
-136.8296440000000018
11
183.3988839999999811
21
-136.8129779999999869
0
LINE
8
BLACK
6
CONTINUOUS
10
183.3988839999999811
20
-136.8129779999999869
11
183.4162959999999885
21
-136.7964629999999886
0
LINE
8
BLACK
6
CONTINUOUS
10
183.4162959999999885
20
-136.7964629999999886
11
183.4338510000000042
21
-136.7801019999999994
0
LINE
8
BLACK
6
CONTINUOUS
10
183.4338510000000042
20
-136.7801019999999994
11
183.451549
21
-136.7638929999999959
0
LINE
8
BLACK
6
CONTINUOUS
10
183.451549
20
-136.7638929999999959
11
183.4693879999999808
21
-136.7478399999999965
0
LINE
8
BLACK
6
CONTINUOUS
10
183.4693879999999808
20
-136.7478399999999965
11
183.4873659999999802
21
-136.7319439999999986
0
LINE
8
BLACK
6
CONTINUOUS
10
183.4873659999999802
20
-136.7319439999999986
11
183.5054820000000007
21
-136.7162040000000047
0
LINE
8
BLACK
6
CONTINUOUS
10
183.5054820000000007
20
-136.7162040000000047
11
183.5237339999999904
21
-136.7006240000000048
0
LINE
8
BLACK
6
CONTINUOUS
10
183.5237339999999904
20
-136.7006240000000048
11
183.5421219999999778
21
-136.6852030000000013
0
LINE
8
BLACK
6
CONTINUOUS
10
183.5421219999999778
20
-136.6852030000000013
11
183.5606439999999964
21
-136.6699429999999893
0
LINE
8
BLACK
6
CONTINUOUS
10
183.5606439999999964
20
-136.6699429999999893
11
183.5792979999999943
21
-136.654845999999992
0
LINE
8
BLACK
6
CONTINUOUS
10
183.5792979999999943
20
-136.654845999999992
11
183.5980840000000001
21
-136.6399119999999812
0
LINE
8
BLACK
6
CONTINUOUS
10
183.5980840000000001
20
-136.6399119999999812
11
183.6169989999999927
21
-136.6251419999999825
0
LINE
8
BLACK
6
CONTINUOUS
10
183.6169989999999927
20
-136.6251419999999825
11
183.6360420000000033
21
-136.6105379999999911
0
LINE
8
BLACK
6
CONTINUOUS
10
183.6360420000000033
20
-136.6105379999999911
11
183.65521099999998
21
-136.5961010000000044
0
LINE
8
BLACK
6
CONTINUOUS
10
183.65521099999998
20
-136.5961010000000044
11
183.6745059999999796
21
-136.5818319999999915
0
LINE
8
BLACK
6
CONTINUOUS
10
183.6745059999999796
20
-136.5818319999999915
11
183.6939249999999788
21
-136.5677309999999807
0
LINE
8
BLACK
6
CONTINUOUS
10
183.6939249999999788
20
-136.5677309999999807
11
183.7134659999999826
21
-136.5538009999999929
0
LINE
8
BLACK
6
CONTINUOUS
10
183.7134659999999826
20
-136.5538009999999929
11
183.7331279999999936
21
-136.5400410000000022
0
LINE
8
BLACK
6
CONTINUOUS
10
183.7331279999999936
20
-136.5400410000000022
11
183.7529099999999858
21
-136.5264540000000011
0
LINE
8
BLACK
6
CONTINUOUS
10
183.7529099999999858
20
-136.5264540000000011
11
183.7728089999999952
21
-136.5130399999999895
0
LINE
8
BLACK
6
CONTINUOUS
10
183.7728089999999952
20
-136.5130399999999895
11
183.792823999999996
21
-136.4997999999999934
0
LINE
8
BLACK
6
CONTINUOUS
10
183.792823999999996
20
-136.4997999999999934
11
183.8129539999999906
21
-136.4867349999999817
0
LINE
8
BLACK
6
CONTINUOUS
10
183.8129539999999906
20
-136.4867349999999817
11
183.8331979999999817
21
-136.4738459999999804
0
LINE
8
BLACK
6
CONTINUOUS
10
183.8331979999999817
20
-136.4738459999999804
11
183.8535530000000051
21
-136.4611349999999845
0
LINE
8
BLACK
6
CONTINUOUS
10
183.8535530000000051
20
-136.4611349999999845
11
183.8740179999999782
21
-136.4486009999999965
0
LINE
8
BLACK
6
CONTINUOUS
10
183.8740179999999782
20
-136.4486009999999965
11
183.8945919999999887
21
-136.4362469999999803
0
LINE
8
BLACK
6
CONTINUOUS
10
183.8945919999999887
20
-136.4362469999999803
11
183.9152729999999849
21
-136.4240729999999928
0
LINE
8
BLACK
6
CONTINUOUS
10
183.9152729999999849
20
-136.4240729999999928
11
183.9360590000000002
21
-136.4120790000000056
0
LINE
8
BLACK
6
CONTINUOUS
10
183.9360590000000002
20
-136.4120790000000056
11
183.9569489999999803
21
-136.4002679999999827
0
LINE
8
BLACK
6
CONTINUOUS
10
183.9569489999999803
20
-136.4002679999999827
11
183.9779419999999845
21
-136.3886389999999835
0
LINE
8
BLACK
6
CONTINUOUS
10
183.9779419999999845
20
-136.3886389999999835
11
183.9955819999999846
21
-136.379051000000004
0
LINE
8
BLACK
6
CONTINUOUS
10
184.3602539999999976
20
-136.2155510000000049
11
184.3828429999999798
21
-136.2074479999999994
0
LINE
8
BLACK
6
CONTINUOUS
10
184.3828429999999798
20
-136.2074479999999994
11
184.4055019999999843
21
-136.1995440000000031
0
LINE
8
BLACK
6
CONTINUOUS
10
184.4055019999999843
20
-136.1995440000000031
11
184.4282289999999875
21
-136.1918369999999925
0
LINE
8
BLACK
6
CONTINUOUS
10
184.4282289999999875
20
-136.1918369999999925
11
184.4510229999999922
21
-136.1843289999999911
0
LINE
8
BLACK
6
CONTINUOUS
10
184.4510229999999922
20
-136.1843289999999911
11
184.4738810000000058
21
-136.1770190000000014
0
LINE
8
BLACK
6
CONTINUOUS
10
184.4738810000000058
20
-136.1770190000000014
11
184.4968020000000024
21
-136.1699099999999873
0
LINE
8
BLACK
6
CONTINUOUS
10
184.4968020000000024
20
-136.1699099999999873
11
184.5197839999999871
21
-136.16300099999998
0
LINE
8
BLACK
6
CONTINUOUS
10
184.5197839999999871
20
-136.16300099999998
11
184.5428249999999935
21
-136.1562930000000051
0
LINE
8
BLACK
6
CONTINUOUS
10
184.5428249999999935
20
-136.1562930000000051
11
184.5659249999999929
21
-136.149786000000006
0
LINE
8
BLACK
6
CONTINUOUS
10
184.5659249999999929
20
-136.149786000000006
11
184.5890799999999956
21
-136.14348099999998
0
LINE
8
BLACK
6
CONTINUOUS
10
184.5890799999999956
20
-136.14348099999998
11
184.6122890000000041
21
-136.137377999999984
0
LINE
8
BLACK
6
CONTINUOUS
10
184.6122890000000041
20
-136.137377999999984
11
184.6355509999999924
21
-136.1314779999999871
0
LINE
8
BLACK
6
CONTINUOUS
10
184.6355509999999924
20
-136.1314779999999871
11
184.6588629999999966
21
-136.1257819999999867
0
LINE
8
BLACK
6
CONTINUOUS
10
184.6588629999999966
20
-136.1257819999999867
11
184.6822239999999908
21
-136.1202889999999854
0
LINE
8
BLACK
6
CONTINUOUS
10
184.6822239999999908
20
-136.1202889999999854
11
184.7056319999999801
21
-136.1149999999999807
0
LINE
8
BLACK
6
CONTINUOUS
10
184.7056319999999801
20
-136.1149999999999807
11
184.7290849999999978
21
-136.1099150000000009
0
LINE
8
BLACK
6
CONTINUOUS
10
184.7290849999999978
20
-136.1099150000000009
11
184.7525819999999896
21
-136.1050349999999867
0
LINE
8
BLACK
6
CONTINUOUS
10
184.7525819999999896
20
-136.1050349999999867
11
184.7761209999999892
21
-136.1003609999999924
0
LINE
8
BLACK
6
CONTINUOUS
10
184.7761209999999892
20
-136.1003609999999924
11
184.7996990000000039
21
-136.0958919999999921
0
LINE
8
BLACK
6
CONTINUOUS
10
184.7996990000000039
20
-136.0958919999999921
11
184.8233160000000055
21
-136.0916289999999833
0
LINE
8
BLACK
6
CONTINUOUS
10
184.8233160000000055
20
-136.0916289999999833
11
184.8469690000000014
21
-136.0875729999999919
0
LINE
8
BLACK
6
CONTINUOUS
10
184.8469690000000014
20
-136.0875729999999919
11
184.8706559999999968
21
-136.0837219999999945
0
LINE
8
BLACK
6
CONTINUOUS
10
184.8706559999999968
20
-136.0837219999999945
11
184.8943759999999941
21
-136.0800789999999836
0
LINE
8
BLACK
6
CONTINUOUS
10
184.8943759999999941
20
-136.0800789999999836
11
184.9181269999999984
21
-136.07664299999999
0
LINE
8
BLACK
6
CONTINUOUS
10
184.9181269999999984
20
-136.07664299999999
11
184.9419069999999863
21
-136.0734139999999854
0
LINE
8
BLACK
6
CONTINUOUS
10
184.9419069999999863
20
-136.0734139999999854
11
184.9657139999999913
21
-136.0703929999999957
0
LINE
8
BLACK
6
CONTINUOUS
10
184.9657139999999913
20
-136.0703929999999957
11
184.9895469999999875
21
-136.0675799999999924
0
LINE
8
BLACK
6
CONTINUOUS
10
184.9895469999999875
20
-136.0675799999999924
11
185.0134029999999825
21
-136.064975000000004
0
LINE
8
BLACK
6
CONTINUOUS
10
185.0134029999999825
20
-136.064975000000004
11
185.0372820000000047
21
-136.062578000000002
0
LINE
8
BLACK
6
CONTINUOUS
10
185.0372820000000047
20
-136.062578000000002
11
185.0611799999999789
21
-136.060389999999984
0
LINE
8
BLACK
6
CONTINUOUS
10
185.0611799999999789
20
-136.060389999999984
11
185.085095999999993
21
-136.0584099999999808
0
LINE
8
BLACK
6
CONTINUOUS
10
185.085095999999993
20
-136.0584099999999808
11
185.1090289999999925
21
-136.0566389999999899
0
LINE
8
BLACK
6
CONTINUOUS
10
185.1090289999999925
20
-136.0566389999999899
11
185.1329759999999851
21
-136.0550769999999829
0
LINE
8
BLACK
6
CONTINUOUS
10
185.1329759999999851
20
-136.0550769999999829
11
185.1569360000000017
21
-136.0537239999999883
0
LINE
8
BLACK
6
CONTINUOUS
10
185.1569360000000017
20
-136.0537239999999883
11
185.1809069999999906
21
-136.0525800000000061
0
LINE
8
BLACK
6
CONTINUOUS
10
185.1809069999999906
20
-136.0525800000000061
11
185.2048869999999852
21
-136.0516450000000077
0
LINE
8
BLACK
6
CONTINUOUS
10
185.2048869999999852
20
-136.0516450000000077
11
185.2288739999999905
21
-136.0509199999999908
0
LINE
8
BLACK
6
CONTINUOUS
10
185.2288739999999905
20
-136.0509199999999908
11
185.2528669999999806
21
-136.0504039999999861
0
LINE
8
BLACK
6
CONTINUOUS
10
185.2528669999999806
20
-136.0504039999999861
11
185.2768629999999916
21
-136.0500969999999938
0
LINE
8
BLACK
6
CONTINUOUS
10
185.2768629999999916
20
-136.0500969999999938
11
185.3008609999999976
21
-136.0499999999999829
0
LINE
8
BLACK
6
CONTINUOUS
10
185.3008609999999976
20
-136.0499999999999829
11
185.3248590000000036
21
-136.0501119999999844
0
LINE
8
BLACK
6
CONTINUOUS
10
185.3248590000000036
20
-136.0501119999999844
11
185.3488549999999861
21
-136.0504339999999956
0
LINE
8
BLACK
6
CONTINUOUS
10
185.3488549999999861
20
-136.0504339999999956
11
185.3728480000000047
21
-136.0509649999999908
0
LINE
8
BLACK
6
CONTINUOUS
10
185.3728480000000047
20
-136.0509649999999908
11
185.3968339999999841
21
-136.0517049999999983
0
LINE
8
BLACK
6
CONTINUOUS
10
185.3968339999999841
20
-136.0517049999999983
11
185.4208139999999787
21
-136.0526549999999872
0
LINE
8
BLACK
6
CONTINUOUS
10
185.4208139999999787
20
-136.0526549999999872
11
185.4408689999999922
21
-136.0536099999999919
0
LINE
8
BLACK
6
CONTINUOUS
10
185.8374489999999923
20
-136.1030299999999897
11
185.8609639999999956
21
-136.1078219999999988
0
LINE
8
BLACK
6
CONTINUOUS
10
185.8609639999999956
20
-136.1078219999999988
11
185.8844359999999938
21
-136.1128199999999993
0
LINE
8
BLACK
6
CONTINUOUS
10
185.8844359999999938
20
-136.1128199999999993
11
185.9078629999999919
21
-136.1180229999999938
0
LINE
8
BLACK
6
CONTINUOUS
10
185.9078629999999919
20
-136.1180229999999938
11
185.9312439999999924
21
-136.1234289999999874
0
LINE
8
BLACK
6
CONTINUOUS
10
185.9312439999999924
20
-136.1234289999999874
11
185.9545770000000005
21
-136.1290400000000034
0
LINE
8
BLACK
6
CONTINUOUS
10
185.9545770000000005
20
-136.1290400000000034
11
185.9778609999999901
21
-136.13485399999999
0
LINE
8
BLACK
6
CONTINUOUS
10
185.9778609999999901
20
-136.13485399999999
11
186.0010919999999999
21
-136.1408710000000042
0
LINE
8
BLACK
6
CONTINUOUS
10
186.0010919999999999
20
-136.1408710000000042
11
186.0242709999999988
21
-136.1470899999999915
0
LINE
8
BLACK
6
CONTINUOUS
10
186.0242709999999988
20
-136.1470899999999915
11
186.047393999999997
21
-136.1535109999999804
0
LINE
8
BLACK
6
CONTINUOUS
10
186.047393999999997
20
-136.1535109999999804
11
186.0704599999999971
21
-136.1601339999999993
0
LINE
8
BLACK
6
CONTINUOUS
10
186.0704599999999971
20
-136.1601339999999993
11
186.0934680000000014
21
-136.1669579999999939
0
LINE
8
BLACK
6
CONTINUOUS
10
186.0934680000000014
20
-136.1669579999999939
11
186.1164149999999893
21
-136.1739829999999927
0
LINE
8
BLACK
6
CONTINUOUS
10
186.1164149999999893
20
-136.1739829999999927
11
186.1392999999999915
21
-136.1812070000000006
0
LINE
8
BLACK
6
CONTINUOUS
10
186.1392999999999915
20
-136.1812070000000006
11
186.1621209999999849
21
-136.1886309999999867
0
LINE
8
BLACK
6
CONTINUOUS
10
186.1621209999999849
20
-136.1886309999999867
11
186.1848760000000027
21
-136.1962539999999819
0
LINE
8
BLACK
6
CONTINUOUS
10
186.1848760000000027
20
-136.1962539999999819
11
186.2075639999999908
21
-136.2040749999999889
0
LINE
8
BLACK
6
CONTINUOUS
10
186.2075639999999908
20
-136.2040749999999889
11
186.2301829999999825
21
-136.2120940000000076
0
LINE
8
BLACK
6
CONTINUOUS
10
186.2301829999999825
20
-136.2120940000000076
11
186.2527309999999829
21
-136.2203089999999861
0
LINE
8
BLACK
6
CONTINUOUS
10
186.2527309999999829
20
-136.2203089999999861
11
186.2752069999999947
21
-136.2287220000000048
0
LINE
8
BLACK
6
CONTINUOUS
10
186.2752069999999947
20
-136.2287220000000048
11
186.2976079999999968
21
-136.2373299999999858
0
LINE
8
BLACK
6
CONTINUOUS
10
186.2976079999999968
20
-136.2373299999999858
11
186.3199329999999918
21
-136.2461329999999862
0
LINE
8
BLACK
6
CONTINUOUS
10
186.3199329999999918
20
-136.2461329999999862
11
186.3421809999999823
21
-136.2551310000000058
0
LINE
8
BLACK
6
CONTINUOUS
10
186.3421809999999823
20
-136.2551310000000058
11
186.3643490000000043
21
-136.2643219999999928
0
LINE
8
BLACK
6
CONTINUOUS
10
186.3643490000000043
20
-136.2643219999999928
11
186.3864360000000033
21
-136.2737070000000017
0
LINE
8
BLACK
6
CONTINUOUS
10
186.3864360000000033
20
-136.2737070000000017
11
186.4084399999999846
21
-136.2832839999999806
0
LINE
8
BLACK
6
CONTINUOUS
10
186.4084399999999846
20
-136.2832839999999806
11
186.430359999999979
21
-136.2930529999999862
0
LINE
8
BLACK
6
CONTINUOUS
10
186.430359999999979
20
-136.2930529999999862
11
186.4521939999999915
21
-136.3030119999999954
0
LINE
8
BLACK
6
CONTINUOUS
10
186.4521939999999915
20
-136.3030119999999954
11
186.4739399999999989
21
-136.3131620000000055
0
LINE
8
BLACK
6
CONTINUOUS
10
186.4739399999999989
20
-136.3131620000000055
11
186.4955970000000036
21
-136.3235009999999932
0
LINE
8
BLACK
6
CONTINUOUS
10
186.4955970000000036
20
-136.3235009999999932
11
186.5171629999999823
21
-136.3340289999999868
0
LINE
8
BLACK
6
CONTINUOUS
10
186.5171629999999823
20
-136.3340289999999868
11
186.5386359999999968
21
-136.3447439999999915
0
LINE
8
BLACK
6
CONTINUOUS
10
186.5386359999999968
20
-136.3447439999999915
11
186.5600149999999928
21
-136.3556470000000047
0
LINE
8
BLACK
6
CONTINUOUS
10
186.5600149999999928
20
-136.3556470000000047
11
186.581296999999978
21
-136.3667350000000056
0
LINE
8
BLACK
6
CONTINUOUS
10
186.581296999999978
20
-136.3667350000000056
11
186.6024829999999781
21
-136.3780089999999916
0
LINE
8
BLACK
6
CONTINUOUS
10
186.6024829999999781
20
-136.3780089999999916
11
186.6235690000000034
21
-136.3894679999999937
0
LINE
8
BLACK
6
CONTINUOUS
10
186.6235690000000034
20
-136.3894679999999937
11
186.6445539999999994
21
-136.4011099999999885
0
LINE
8
BLACK
6
CONTINUOUS
10
186.6445539999999994
20
-136.4011099999999885
11
186.6654369999999972
21
-136.412934000000007
0
LINE
8
BLACK
6
CONTINUOUS
10
186.6654369999999972
20
-136.412934000000007
11
186.6862150000000042
21
-136.4249409999999898
0
LINE
8
BLACK
6
CONTINUOUS
10
186.6862150000000042
20
-136.4249409999999898
11
186.7068889999999897
21
-136.4371280000000013
0
LINE
8
BLACK
6
CONTINUOUS
10
186.7068889999999897
20
-136.4371280000000013
11
186.727454999999992
21
-136.4494949999999847
0
LINE
8
BLACK
6
CONTINUOUS
10
186.727454999999992
20
-136.4494949999999847
11
186.7479119999999853
21
-136.4620409999999993
0
LINE
8
BLACK
6
CONTINUOUS
10
186.7479119999999853
20
-136.4620409999999993
11
186.7682590000000005
21
-136.4747659999999883
0
LINE
8
BLACK
6
CONTINUOUS
10
186.7682590000000005
20
-136.4747659999999883
11
186.7884949999999833
21
-136.4876669999999876
0
LINE
8
BLACK
6
CONTINUOUS
10
186.7884949999999833
20
-136.4876669999999876
11
186.8086169999999981
21
-136.5007449999999949
0
LINE
8
BLACK
6
CONTINUOUS
10
186.8086169999999981
20
-136.5007449999999949
11
186.8286239999999907
21
-136.5139969999999892
0
LINE
8
BLACK
6
CONTINUOUS
10
186.8286239999999907
20
-136.5139969999999892
11
186.8452729999999917
21
-136.5252179999999953
0
LINE
8
BLACK
6
CONTINUOUS
10
187.1586669999999799
20
-136.7732149999999933
11
187.1762829999999838
21
-136.789512000000002
0
LINE
8
BLACK
6
CONTINUOUS
10
187.1762829999999838
20
-136.789512000000002
11
187.1937559999999792
21
-136.8059619999999938
0
LINE
8
BLACK
6
CONTINUOUS
10
187.1937559999999792
20
-136.8059619999999938
11
187.2110849999999971
21
-136.8225639999999999
0
LINE
8
BLACK
6
CONTINUOUS
10
187.2110849999999971
20
-136.8225639999999999
11
187.2282679999999857
21
-136.8393159999999966
0
LINE
8
BLACK
6
CONTINUOUS
10
187.2282679999999857
20
-136.8393159999999966
11
187.2453050000000019
21
-136.8562179999999842
0
LINE
8
BLACK
6
CONTINUOUS
10
187.2453050000000019
20
-136.8562179999999842
11
187.2621929999999963
21
-136.8732679999999959
0
LINE
8
BLACK
6
CONTINUOUS
10
187.2621929999999963
20
-136.8732679999999959
11
187.2789319999999975
21
-136.8904639999999802
0
LINE
8
BLACK
6
CONTINUOUS
10
187.2789319999999975
20
-136.8904639999999802
11
187.2955209999999795
21
-136.9078059999999937
0
LINE
8
BLACK
6
CONTINUOUS
10
187.2955209999999795
20
-136.9078059999999937
11
187.3119569999999783
21
-136.9252919999999847
0
LINE
8
BLACK
6
CONTINUOUS
10
187.3119569999999783
20
-136.9252919999999847
11
187.3282399999999939
21
-136.9429209999999841
0
LINE
8
BLACK
6
CONTINUOUS
10
187.3282399999999939
20
-136.9429209999999841
11
187.3443690000000004
21
-136.9606909999999971
0
LINE
8
BLACK
6
CONTINUOUS
10
187.3443690000000004
20
-136.9606909999999971
11
187.3603420000000028
21
-136.9786009999999976
0
LINE
8
BLACK
6
CONTINUOUS
10
187.3603420000000028
20
-136.9786009999999976
11
187.3761580000000038
21
-136.9966499999999883
0
LINE
8
BLACK
6
CONTINUOUS
10
187.3761580000000038
20
-136.9966499999999883
11
187.3918160000000057
21
-137.014837
0
LINE
8
BLACK
6
CONTINUOUS
10
187.3918160000000057
20
-137.014837
11
187.4073139999999853
21
-137.0331589999999835
0
LINE
8
BLACK
6
CONTINUOUS
10
187.4073139999999853
20
-137.0331589999999835
11
187.4226519999999994
21
-137.0516159999999957
0
LINE
8
BLACK
6
CONTINUOUS
10
187.4226519999999994
20
-137.0516159999999957
11
187.4378289999999936
21
-137.0702059999999847
0
LINE
8
BLACK
6
CONTINUOUS
10
187.4378289999999936
20
-137.0702059999999847
11
187.4528430000000014
21
-137.0889279999999815
0
LINE
8
BLACK
6
CONTINUOUS
10
187.4528430000000014
20
-137.0889279999999815
11
187.4676919999999996
21
-137.1077799999999911
0
LINE
8
BLACK
6
CONTINUOUS
10
187.4676919999999996
20
-137.1077799999999911
11
187.4823769999999854
21
-137.1267599999999902
0
LINE
8
BLACK
6
CONTINUOUS
10
187.4823769999999854
20
-137.1267599999999902
11
187.496894999999995
21
-137.1458690000000047
0
LINE
8
BLACK
6
CONTINUOUS
10
187.496894999999995
20
-137.1458690000000047
11
187.5112469999999973
21
-137.1651029999999878
0
LINE
8
BLACK
6
CONTINUOUS
10
187.5112469999999973
20
-137.1651029999999878
11
187.5254290000000026
21
-137.1844619999999964
0
LINE
8
BLACK
6
CONTINUOUS
10
187.5254290000000026
20
-137.1844619999999964
11
187.5394430000000057
21
-137.203944000000007
0
LINE
8
BLACK
6
CONTINUOUS
10
187.5394430000000057
20
-137.203944000000007
11
187.5532859999999857
21
-137.2235469999999964
0
LINE
8
BLACK
6
CONTINUOUS
10
187.5532859999999857
20
-137.2235469999999964
11
187.5669570000000022
21
-137.2432699999999954
0
LINE
8
BLACK
6
CONTINUOUS
10
187.5669570000000022
20
-137.2432699999999954
11
187.5804550000000006
21
-137.2631120000000067
0
LINE
8
BLACK
6
CONTINUOUS
10
187.5804550000000006
20
-137.2631120000000067
11
187.5937799999999811
21
-137.2830710000000067
0
LINE
8
BLACK
6
CONTINUOUS
10
187.5937799999999811
20
-137.2830710000000067
11
187.6069300000000055
21
-137.3031459999999981
0
LINE
8
BLACK
6
CONTINUOUS
10
187.6069300000000055
20
-137.3031459999999981
11
187.6199049999999886
21
-137.3233339999999885
0
LINE
8
BLACK
6
CONTINUOUS
10
187.6199049999999886
20
-137.3233339999999885
11
187.6327029999999922
21
-137.3436350000000061
0
LINE
8
BLACK
6
CONTINUOUS
10
187.6327029999999922
20
-137.3436350000000061
11
187.6453229999999905
21
-137.3640469999999993
0
LINE
8
BLACK
6
CONTINUOUS
10
187.6453229999999905
20
-137.3640469999999993
11
187.657763999999986
21
-137.3845680000000016
0
LINE
8
BLACK
6
CONTINUOUS
10
187.657763999999986
20
-137.3845680000000016
11
187.6700259999999787
21
-137.4051969999999869
0
LINE
8
BLACK
6
CONTINUOUS
10
187.6700259999999787
20
-137.4051969999999869
11
187.6821079999999995
21
-137.4259329999999864
0
LINE
8
BLACK
6
CONTINUOUS
10
187.6821079999999995
20
-137.4259329999999864
11
187.6940079999999966
21
-137.4467719999999815
0
LINE
8
BLACK
6
CONTINUOUS
10
187.6940079999999966
20
-137.4467719999999815
11
187.7057259999999985
21
-137.4677149999999983
0
LINE
8
BLACK
6
CONTINUOUS
10
187.7057259999999985
20
-137.4677149999999983
11
187.7172609999999793
21
-137.488759999999985
0
LINE
8
BLACK
6
CONTINUOUS
10
187.7172609999999793
20
-137.488759999999985
11
187.7286110000000008
21
-137.5099040000000059
0
LINE
8
BLACK
6
CONTINUOUS
10
187.7286110000000008
20
-137.5099040000000059
11
187.7397770000000037
21
-137.5311460000000068
0
LINE
8
BLACK
6
CONTINUOUS
10
187.7397770000000037
20
-137.5311460000000068
11
187.750756999999993
21
-137.5524859999999876
0
LINE
8
BLACK
6
CONTINUOUS
10
187.750756999999993
20
-137.5524859999999876
11
187.7615499999999997
21
-137.5739199999999869
0
LINE
8
BLACK
6
CONTINUOUS
10
187.7615499999999997
20
-137.5739199999999869
11
187.7721549999999979
21
-137.5954470000000072
0
LINE
8
BLACK
6
CONTINUOUS
10
187.7721549999999979
20
-137.5954470000000072
11
187.7825729999999851
21
-137.6170659999999941
0
LINE
8
BLACK
6
CONTINUOUS
10
187.7825729999999851
20
-137.6170659999999941
11
187.7928009999999972
21
-137.6387760000000071
0
LINE
8
BLACK
6
CONTINUOUS
10
187.7928009999999972
20
-137.6387760000000071
11
187.80121299999999
21
-137.6570059999999955
0
LINE
8
BLACK
6
CONTINUOUS
10
187.9404679999999814
20
-138.0316069999999797
11
187.947072999999989
21
-138.054678999999993
0
LINE
8
BLACK
6
CONTINUOUS
10
187.947072999999989
20
-138.054678999999993
11
187.9534759999999949
21
-138.0778070000000071
0
LINE
8
BLACK
6
CONTINUOUS
10
187.9534759999999949
20
-138.0778070000000071
11
187.9596779999999967
21
-138.1009899999999959
0
LINE
8
BLACK
6
CONTINUOUS
10
187.9596779999999967
20
-138.1009899999999959
11
187.965676000000002
21
-138.1242259999999931
0
LINE
8
BLACK
6
CONTINUOUS
10
187.965676000000002
20
-138.1242259999999931
11
187.9714720000000057
21
-138.147514000000001
0
LINE
8
BLACK
6
CONTINUOUS
10
187.9714720000000057
20
-138.147514000000001
11
187.9770639999999844
21
-138.1708519999999965
0
LINE
8
BLACK
6
CONTINUOUS
10
187.9770639999999844
20
-138.1708519999999965
11
187.9824529999999925
21
-138.1942369999999869
0
LINE
8
BLACK
6
CONTINUOUS
10
187.9824529999999925
20
-138.1942369999999869
11
187.9876369999999781
21
-138.2176690000000008
0
LINE
8
BLACK
6
CONTINUOUS
10
187.9876369999999781
20
-138.2176690000000008
11
187.9926159999999982
21
-138.2411449999999888
0
LINE
8
BLACK
6
CONTINUOUS
10
187.9926159999999982
20
-138.2411449999999888
11
187.9973899999999958
21
-138.2646629999999845
0
LINE
8
BLACK
6
CONTINUOUS
10
187.9973899999999958
20
-138.2646629999999845
11
188.0019589999999994
21
-138.2882229999999879
0
LINE
8
BLACK
6
CONTINUOUS
10
188.0019589999999994
20
-138.2882229999999879
11
188.0063219999999831
21
-138.3118209999999806
0
LINE
8
BLACK
6
CONTINUOUS
10
188.0063219999999831
20
-138.3118209999999806
11
188.0104790000000037
21
-138.3354559999999935
0
LINE
8
BLACK
6
CONTINUOUS
10
188.0104790000000037
20
-138.3354559999999935
11
188.0144300000000044
21
-138.3591270000000009
0
LINE
8
BLACK
6
CONTINUOUS
10
188.0144300000000044
20
-138.3591270000000009
11
188.0181739999999877
21
-138.3828309999999817
0
LINE
8
BLACK
6
CONTINUOUS
10
188.0181739999999877
20
-138.3828309999999817
11
188.0217109999999821
21
-138.4065669999999955
0
LINE
8
BLACK
6
CONTINUOUS
10
188.0217109999999821
20
-138.4065669999999955
11
188.0250409999999874
21
-138.4303339999999878
0
LINE
8
BLACK
6
CONTINUOUS
10
188.0250409999999874
20
-138.4303339999999878
11
188.028162999999978
21
-138.4541279999999972
0
LINE
8
BLACK
6
CONTINUOUS
10
188.028162999999978
20
-138.4541279999999972
11
188.031076999999982
21
-138.4779479999999978
0
LINE
8
BLACK
6
CONTINUOUS
10
188.031076999999982
20
-138.4779479999999978
11
188.0337839999999971
21
-138.5017929999999922
0
LINE
8
BLACK
6
CONTINUOUS
10
188.0337839999999971
20
-138.5017929999999922
11
188.0362819999999999
21
-138.5256609999999853
0
LINE
8
BLACK
6
CONTINUOUS
10
188.0362819999999999
20
-138.5256609999999853
11
188.0385719999999878
21
-138.5495499999999822
0
LINE
8
BLACK
6
CONTINUOUS
10
188.0385719999999878
20
-138.5495499999999822
11
188.0406529999999918
21
-138.573457999999988
0
LINE
8
BLACK
6
CONTINUOUS
10
188.0406529999999918
20
-138.573457999999988
11
188.042525999999981
21
-138.5973830000000078
0
LINE
8
BLACK
6
CONTINUOUS
10
188.042525999999981
20
-138.5973830000000078
11
188.0441889999999887
21
-138.6213229999999896
0
LINE
8
BLACK
6
CONTINUOUS
10
188.0441889999999887
20
-138.6213229999999896
11
188.0456439999999816
21
-138.645276999999993
0
LINE
8
BLACK
6
CONTINUOUS
10
188.0456439999999816
20
-138.645276999999993
11
188.0468899999999906
21
-138.6692429999999945
0
LINE
8
BLACK
6
CONTINUOUS
10
188.0468899999999906
20
-138.6692429999999945
11
188.0479259999999897
21
-138.6932189999999991
0
LINE
8
BLACK
6
CONTINUOUS
10
188.0479259999999897
20
-138.6932189999999991
11
188.0487530000000049
21
-138.7172029999999836
0
LINE
8
BLACK
6
CONTINUOUS
10
188.0487530000000049
20
-138.7172029999999836
11
188.0493709999999794
21
-138.7411929999999813
0
LINE
8
BLACK
6
CONTINUOUS
10
188.0493709999999794
20
-138.7411929999999813
11
188.0497799999999984
21
-138.7651879999999949
0
LINE
8
BLACK
6
CONTINUOUS
10
188.0497799999999984
20
-138.7651879999999949
11
188.0499789999999791
21
-138.7891850000000034
0
LINE
8
BLACK
6
CONTINUOUS
10
188.0499789999999791
20
-138.7891850000000034
11
188.0499999999999829
21
-138.7999999999999829
0
LINE
8
BLACK
6
CONTINUOUS
10
417.7999999999999545
20
-48.2999999999999972
11
417.7999999999999545
21
-49.7999999999999972
0
LINE
8
BLACK
6
CONTINUOUS
10
421.7999999999999545
20
-20.8999999999999986
11
421.7999999999999545
21
-12.3999999999999986
0
LINE
8
BLACK
6
CONTINUOUS
10
176.7999999999999829
20
-20.8999999999999986
11
176.7999999999999829
21
-12.3999999999999986
0
ARC
8
BLACK
10
245.289999999999992
20
-158.
40
1.2
50
-180.00000000
51
-90.00000000
0
LINE
8
BLACK
6
CONTINUOUS
10
144.
20
-50.2999999999999972
11
144.
21
-53.7999999999999972
0
LINE
8
BLACK
6
CONTINUOUS
10
177.2999999999999829
20
-97.2999999999999972
11
189.7999999999999829
21
-97.2999999999999972
0
LINE
8
BLACK
6
CONTINUOUS
10
189.7999999999999829
20
-97.2999999999999972
11
189.7999999999999829
21
-109.8999999999999915
0
LINE
8
BLACK
6
CONTINUOUS
10
189.7999999999999829
20
-109.8999999999999915
11
177.2999999999999829
21
-109.8999999999999915
0
LINE
8
BLACK
6
CONTINUOUS
10
177.2999999999999829
20
-109.8999999999999915
11
177.2999999999999829
21
-97.2999999999999972
0
LINE
8
BLACK
6
CONTINUOUS
10
149.
20
-141.5499999999999829
11
149.
21
-140.4499999999999886
0
LINE
8
BLACK
6
CONTINUOUS
10
149.
20
-140.0499999999999829
11
149.
21
-138.9499999999999886
0
LINE
8
BLACK
6
CONTINUOUS
10
149.
20
-138.5499999999999829
11
149.
21
-137.4499999999999886
0
LINE
8
BLACK
6
CONTINUOUS
10
149.
20
-137.0499999999999829
11
149.
21
-136.0499999999999829
0
LINE
8
BLACK
6
CONTINUOUS
10
245.289999999999992
20
-155.5
11
252.289999999999992
21
-155.5
0
LINE
8
BLACK
6
CONTINUOUS
10
417.7999999999999545
20
-202.0999999999999943
11
176.7999999999999829
21
-202.0999999999999943
0
CIRCLE
8
BLACK
10
365.
20
-159.7999999999999829
40
1.25
0
LINE
8
BLACK
6
CONTINUOUS
10
188.0499999999999829
20
-54.7999999999999972
11
188.0498949999999923
21
-54.823997999999996
0
LINE
8
BLACK
6
CONTINUOUS
10
188.0498949999999923
20
-54.823997999999996
11
188.0495809999999892
21
-54.8479939999999999
0
LINE
8
BLACK
6
CONTINUOUS
10
188.0495809999999892
20
-54.8479939999999999
11
188.0490580000000023
21
-54.8719869999999972
0
LINE
8
BLACK
6
CONTINUOUS
10
188.0490580000000023
20
-54.8719869999999972
11
188.0483250000000055
21
-54.8959739999999954
0
LINE
8
BLACK
6
CONTINUOUS
10
188.0483250000000055
20
-54.8959739999999954
11
188.0473829999999964
21
-54.9199529999999996
0
LINE
8
BLACK
6
CONTINUOUS
10
188.0473829999999964
20
-54.9199529999999996
11
188.0462309999999775
21
-54.9439239999999955
0
LINE
8
BLACK
6
CONTINUOUS
10
188.0462309999999775
20
-54.9439239999999955
11
188.0448710000000005
21
-54.9678830000000005
0
LINE
8
BLACK
6
CONTINUOUS
10
188.0448710000000005
20
-54.9678830000000005
11
188.0433009999999854
21
-54.9918300000000002
0
LINE
8
BLACK
6
CONTINUOUS
10
188.0433009999999854
20
-54.9918300000000002
11
188.0415229999999838
21
-55.0157629999999997
0
LINE
8
BLACK
6
CONTINUOUS
10
188.0415229999999838
20
-55.0157629999999997
11
188.0395350000000008
21
-55.039677999999995
0
LINE
8
BLACK
6
CONTINUOUS
10
188.0395350000000008
20
-55.039677999999995
11
188.0373400000000004
21
-55.0635759999999976
0
LINE
8
BLACK
6
CONTINUOUS
10
188.0373400000000004
20
-55.0635759999999976
11
188.0349349999999902
21
-55.0874529999999965
0
LINE
8
BLACK
6
CONTINUOUS
10
188.0349349999999902
20
-55.0874529999999965
11
188.032322999999991
21
-55.1113089999999985
0
LINE
8
BLACK
6
CONTINUOUS
10
188.032322999999991
20
-55.1113089999999985
11
188.0295019999999795
21
-55.1351409999999973
0
LINE
8
BLACK
6
CONTINUOUS
10
188.0295019999999795
20
-55.1351409999999973
11
188.0264729999999815
21
-55.1589469999999977
0
LINE
8
BLACK
6
CONTINUOUS
10
188.0264729999999815
20
-55.1589469999999977
11
188.0232369999999946
21
-55.1827259999999953
0
LINE
8
BLACK
6
CONTINUOUS
10
188.0232369999999946
20
-55.1827259999999953
11
188.0197939999999903
21
-55.206475999999995
0
LINE
8
BLACK
6
CONTINUOUS
10
188.0197939999999903
20
-55.206475999999995
11
188.0161429999999996
21
-55.2301949999999948
0
LINE
8
BLACK
6
CONTINUOUS
10
188.0161429999999996
20
-55.2301949999999948
11
188.0122849999999914
21
-55.2538809999999998
0
LINE
8
BLACK
6
CONTINUOUS
10
188.0122849999999914
20
-55.2538809999999998
11
188.0082209999999918
21
-55.2775320000000008
0
LINE
8
BLACK
6
CONTINUOUS
10
188.0082209999999918
20
-55.2775320000000008
11
188.0039510000000007
21
-55.3011479999999978
0
LINE
8
BLACK
6
CONTINUOUS
10
188.0039510000000007
20
-55.3011479999999978
11
187.9994749999999897
21
-55.3247250000000008
0
LINE
8
BLACK
6
CONTINUOUS
10
187.9994749999999897
20
-55.3247250000000008
11
187.9947929999999872
21
-55.3482619999999983
0
LINE
8
BLACK
6
CONTINUOUS
10
187.9947929999999872
20
-55.3482619999999983
11
187.9899059999999906
21
-55.3717569999999952
0
LINE
8
BLACK
6
CONTINUOUS
10
187.9899059999999906
20
-55.3717569999999952
11
187.9848140000000001
21
-55.3952089999999941
0
LINE
8
BLACK
6
CONTINUOUS
10
187.9848140000000001
20
-55.3952089999999941
11
187.9795179999999846
21
-55.4186149999999955
0
LINE
8
BLACK
6
CONTINUOUS
10
187.9795179999999846
20
-55.4186149999999955
11
187.9740170000000035
21
-55.4419749999999993
0
LINE
8
BLACK
6
CONTINUOUS
10
187.9740170000000035
20
-55.4419749999999993
11
187.9683129999999949
21
-55.4652849999999944
0
LINE
8
BLACK
6
CONTINUOUS
10
187.9683129999999949
20
-55.4652849999999944
11
187.9624059999999872
21
-55.4885449999999949
0
LINE
8
BLACK
6
CONTINUOUS
10
187.9624059999999872
20
-55.4885449999999949
11
187.9562959999999805
21
-55.5117519999999942
0
LINE
8
BLACK
6
CONTINUOUS
10
187.9562959999999805
20
-55.5117519999999942
11
187.9499840000000006
21
-55.5349059999999994
0
LINE
8
BLACK
6
CONTINUOUS
10
187.9499840000000006
20
-55.5349059999999994
11
187.9434699999999907
21
-55.5580029999999994
0
LINE
8
BLACK
6
CONTINUOUS
10
187.9434699999999907
20
-55.5580029999999994
11
187.9367539999999792
21
-55.5810419999999965
0
LINE
8
BLACK
6
CONTINUOUS
10
187.9367539999999792
20
-55.5810419999999965
11
187.9298379999999895
21
-55.6040220000000005
0
LINE
8
BLACK
6
CONTINUOUS
10
187.9298379999999895
20
-55.6040220000000005
11
187.9227219999999932
21
-55.6269409999999951
0
LINE
8
BLACK
6
CONTINUOUS
10
187.9227219999999932
20
-55.6269409999999951
11
187.9154049999999927
21
-55.6497969999999995
0
LINE
8
BLACK
6
CONTINUOUS
10
187.9154049999999927
20
-55.6497969999999995
11
187.9078899999999805
21
-55.6725879999999975
0
LINE
8
BLACK
6
CONTINUOUS
10
187.9078899999999805
20
-55.6725879999999975
11
187.9001759999999877
21
-55.6953119999999942
0
LINE
8
BLACK
6
CONTINUOUS
10
187.9001759999999877
20
-55.6953119999999942
11
187.8922639999999831
21
-55.7179689999999965
0
LINE
8
BLACK
6
CONTINUOUS
10
187.8922639999999831
20
-55.7179689999999965
11
187.8841549999999927
21
-55.7405550000000005
0
LINE
8
BLACK
6
CONTINUOUS
10
187.8841549999999927
20
-55.7405550000000005
11
187.8758489999999881
21
-55.763069999999999
0
LINE
8
BLACK
6
CONTINUOUS
10
187.8758489999999881
20
-55.763069999999999
11
187.8673459999999977
21
-55.7855119999999971
0
LINE
8
BLACK
6
CONTINUOUS
10
187.8673459999999977
20
-55.7855119999999971
11
187.8586479999999881
21
-55.8078779999999952
0
LINE
8
BLACK
6
CONTINUOUS
10
187.8586479999999881
20
-55.8078779999999952
11
187.8497559999999851
21
-55.8301680000000005
0
LINE
8
BLACK
6
CONTINUOUS
10
187.8497559999999851
20
-55.8301680000000005
11
187.8406689999999912
21
-55.8523789999999991
0
LINE
8
BLACK
6
CONTINUOUS
10
187.8406689999999912
20
-55.8523789999999991
11
187.8329179999999781
21
-55.8708999999999989
0
LINE
8
BLACK
6
CONTINUOUS
10
187.6509519999999895
20
-56.2267189999999957
11
187.6384119999999882
21
-56.2471800000000002
0
LINE
8
BLACK
6
CONTINUOUS
10
187.6384119999999882
20
-56.2471800000000002
11
187.6256939999999815
21
-56.2675309999999982
0
LINE
8
BLACK
6
CONTINUOUS
10
187.6256939999999815
20
-56.2675309999999982
11
187.6127989999999954
21
-56.2877699999999948
0
LINE
8
BLACK
6
CONTINUOUS
10
187.6127989999999954
20
-56.2877699999999948
11
187.5997279999999989
21
-56.3078959999999995
0
LINE
8
BLACK
6
CONTINUOUS
10
187.5997279999999989
20
-56.3078959999999995
11
187.5864819999999895
21
-56.3279080000000008
0
LINE
8
BLACK
6
CONTINUOUS
10
187.5864819999999895
20
-56.3279080000000008
11
187.5730609999999956
21
-56.347802999999999
0
LINE
8
BLACK
6
CONTINUOUS
10
187.5730609999999956
20
-56.347802999999999
11
187.5594679999999812
21
-56.3675799999999967
0
LINE
8
BLACK
6
CONTINUOUS
10
187.5594679999999812
20
-56.3675799999999967
11
187.5457020000000057
21
-56.3872369999999989
0
LINE
8
BLACK
6
CONTINUOUS
10
187.5457020000000057
20
-56.3872369999999989
11
187.5317660000000046
21
-56.4067739999999986
0
LINE
8
BLACK
6
CONTINUOUS
10
187.5317660000000046
20
-56.4067739999999986
11
187.5176589999999806
21
-56.4261879999999962
0
LINE
8
BLACK
6
CONTINUOUS
10
187.5176589999999806
20
-56.4261879999999962
11
187.5033839999999827
21
-56.4454789999999988
0
LINE
8
BLACK
6
CONTINUOUS
10
187.5033839999999827
20
-56.4454789999999988
11
187.4889399999999853
21
-56.4646439999999998
0
LINE
8
BLACK
6
CONTINUOUS
10
187.4889399999999853
20
-56.4646439999999998
11
187.4743299999999806
21
-56.4836829999999992
0
LINE
8
BLACK
6
CONTINUOUS
10
187.4743299999999806
20
-56.4836829999999992
11
187.4595549999999946
21
-56.5025929999999974
0
LINE
8
BLACK
6
CONTINUOUS
10
187.4595549999999946
20
-56.5025929999999974
11
187.4446149999999989
21
-56.5213739999999945
0
LINE
8
BLACK
6
CONTINUOUS
10
187.4446149999999989
20
-56.5213739999999945
11
187.4295119999999883
21
-56.5400229999999979
0
LINE
8
BLACK
6
CONTINUOUS
10
187.4295119999999883
20
-56.5400229999999979
11
187.4142459999999915
21
-56.5585400000000007
0
LINE
8
BLACK
6
CONTINUOUS
10
187.4142459999999915
20
-56.5585400000000007
11
187.3988200000000006
21
-56.5769230000000007
0
LINE
8
BLACK
6
CONTINUOUS
10
187.3988200000000006
20
-56.5769230000000007
11
187.3832329999999899
21
-56.5951710000000006
0
LINE
8
BLACK
6
CONTINUOUS
10
187.3832329999999899
20
-56.5951710000000006
11
187.3674879999999803
21
-56.6132819999999981
0
LINE
8
BLACK
6
CONTINUOUS
10
187.3674879999999803
20
-56.6132819999999981
11
187.3515859999999975
21
-56.6312549999999959
0
LINE
8
BLACK
6
CONTINUOUS
10
187.3515859999999975
20
-56.6312549999999959
11
187.3355269999999848
21
-56.649087999999999
0
LINE
8
BLACK
6
CONTINUOUS
10
187.3355269999999848
20
-56.649087999999999
11
187.3193139999999914
21
-56.6667810000000003
0
LINE
8
BLACK
6
CONTINUOUS
10
187.3193139999999914
20
-56.6667810000000003
11
187.3029459999999915
21
-56.6843319999999977
0
LINE
8
BLACK
6
CONTINUOUS
10
187.3029459999999915
20
-56.6843319999999977
11
187.2864259999999774
21
-56.7017389999999963
0
LINE
8
BLACK
6
CONTINUOUS
10
187.2864259999999774
20
-56.7017389999999963
11
187.2697550000000035
21
-56.7190009999999987
0
LINE
8
BLACK
6
CONTINUOUS
10
187.2697550000000035
20
-56.7190009999999987
11
187.252933999999982
21
-56.7361170000000001
0
LINE
8
BLACK
6
CONTINUOUS
10
187.252933999999982
20
-56.7361170000000001
11
187.2359639999999956
21
-56.7530859999999961
0
LINE
8
BLACK
6
CONTINUOUS
10
187.2359639999999956
20
-56.7530859999999961
11
187.2188469999999825
21
-56.7699049999999943
0
LINE
8
BLACK
6
CONTINUOUS
10
187.2188469999999825
20
-56.7699049999999943
11
187.2015829999999994
21
-56.7865749999999991
0
LINE
8
BLACK
6
CONTINUOUS
10
187.2015829999999994
20
-56.7865749999999991
11
187.184174999999982
21
-56.8030939999999944
0
LINE
8
BLACK
6
CONTINUOUS
10
187.184174999999982
20
-56.8030939999999944
11
187.1666229999999871
21
-56.8194599999999994
0
LINE
8
BLACK
6
CONTINUOUS
10
187.1666229999999871
20
-56.8194599999999994
11
187.1489289999999812
21
-56.8356719999999953
0
LINE
8
BLACK
6
CONTINUOUS
10
187.1489289999999812
20
-56.8356719999999953
11
187.1310939999999903
21
-56.8517289999999988
0
LINE
8
BLACK
6
CONTINUOUS
10
187.1310939999999903
20
-56.8517289999999988
11
187.1131199999999808
21
-56.8676299999999983
0
LINE
8
BLACK
6
CONTINUOUS
10
187.1131199999999808
20
-56.8676299999999983
11
187.0950079999999787
21
-56.8833739999999963
0
LINE
8
BLACK
6
CONTINUOUS
10
187.0950079999999787
20
-56.8833739999999963
11
187.0767589999999814
21
-56.8989589999999978
0
LINE
8
BLACK
6
CONTINUOUS
10
187.0767589999999814
20
-56.8989589999999978
11
187.0583739999999864
21
-56.9143839999999983
0
LINE
8
BLACK
6
CONTINUOUS
10
187.0583739999999864
20
-56.9143839999999983
11
187.0398559999999861
21
-56.9296480000000003
0
LINE
8
BLACK
6
CONTINUOUS
10
187.0398559999999861
20
-56.9296480000000003
11
187.0212059999999781
21
-56.9447499999999991
0
LINE
8
BLACK
6
CONTINUOUS
10
187.0212059999999781
20
-56.9447499999999991
11
187.0024239999999907
21
-56.9596879999999999
0
LINE
8
BLACK
6
CONTINUOUS
10
187.0024239999999907
20
-56.9596879999999999
11
186.9835119999999904
21
-56.9744619999999955
0
LINE
8
BLACK
6
CONTINUOUS
10
186.9835119999999904
20
-56.9744619999999955
11
186.9644729999999981
21
-56.9890709999999956
0
LINE
8
BLACK
6
CONTINUOUS
10
186.9644729999999981
20
-56.9890709999999956
11
186.945305999999988
21
-57.0035120000000006
0
LINE
8
BLACK
6
CONTINUOUS
10
186.945305999999988
20
-57.0035120000000006
11
186.9260149999999783
21
-57.017786000000001
0
LINE
8
BLACK
6
CONTINUOUS
10
186.9260149999999783
20
-57.017786000000001
11
186.9097799999999836
21
-57.0295989999999975
0
LINE
8
BLACK
6
CONTINUOUS
10
186.5696179999999913
20
-57.2393789999999996
11
186.5482820000000004
21
-57.2503659999999996
0
LINE
8
BLACK
6
CONTINUOUS
10
186.5482820000000004
20
-57.2503659999999996
11
186.5268509999999935
21
-57.2611659999999958
0
LINE
8
BLACK
6
CONTINUOUS
10
186.5268509999999935
20
-57.2611659999999958
11
186.5053269999999941
21
-57.2717779999999976
0
LINE
8
BLACK
6
CONTINUOUS
10
186.5053269999999941
20
-57.2717779999999976
11
186.4837109999999996
21
-57.2822019999999981
0
LINE
8
BLACK
6
CONTINUOUS
10
186.4837109999999996
20
-57.2822019999999981
11
186.4620050000000049
21
-57.2924369999999996
0
LINE
8
BLACK
6
CONTINUOUS
10
186.4620050000000049
20
-57.2924369999999996
11
186.4402099999999791
21
-57.3024829999999952
0
LINE
8
BLACK
6
CONTINUOUS
10
186.4402099999999791
20
-57.3024829999999952
11
186.418329
21
-57.3123379999999969
0
LINE
8
BLACK
6
CONTINUOUS
10
186.418329
20
-57.3123379999999969
11
186.3963619999999821
21
-57.3220010000000002
0
LINE
8
BLACK
6
CONTINUOUS
10
186.3963619999999821
20
-57.3220010000000002
11
186.3743120000000033
21
-57.331471999999998
0
LINE
8
BLACK
6
CONTINUOUS
10
186.3743120000000033
20
-57.331471999999998
11
186.3521800000000042
21
-57.3407509999999974
0
LINE
8
BLACK
6
CONTINUOUS
10
186.3521800000000042
20
-57.3407509999999974
11
186.3299679999999796
21
-57.3498359999999963
0
LINE
8
BLACK
6
CONTINUOUS
10
186.3299679999999796
20
-57.3498359999999963
11
186.3076779999999815
21
-57.3587269999999947
0
LINE
8
BLACK
6
CONTINUOUS
10
186.3076779999999815
20
-57.3587269999999947
11
186.2853109999999788
21
-57.3674229999999952
0
LINE
8
BLACK
6
CONTINUOUS
10
186.2853109999999788
20
-57.3674229999999952
11
186.2628689999999949
21
-57.3759239999999977
0
LINE
8
BLACK
6
CONTINUOUS
10
186.2628689999999949
20
-57.3759239999999977
11
186.2403529999999989
21
-57.3842280000000002
0
LINE
8
BLACK
6
CONTINUOUS
10
186.2403529999999989
20
-57.3842280000000002
11
186.2177659999999833
21
-57.3923360000000002
0
LINE
8
BLACK
6
CONTINUOUS
10
186.2177659999999833
20
-57.3923360000000002
11
186.1951090000000022
21
-57.4002459999999957
0
LINE
8
BLACK
6
CONTINUOUS
10
186.1951090000000022
20
-57.4002459999999957
11
186.1723839999999939
21
-57.4079580000000007
0
LINE
8
BLACK
6
CONTINUOUS
10
186.1723839999999939
20
-57.4079580000000007
11
186.1495919999999842
21
-57.4154719999999941
0
LINE
8
BLACK
6
CONTINUOUS
10
186.1495919999999842
20
-57.4154719999999941
11
186.126735999999994
21
-57.422785999999995
0
LINE
8
BLACK
6
CONTINUOUS
10
186.126735999999994
20
-57.422785999999995
11
186.1038159999999948
21
-57.4299009999999939
0
LINE
8
BLACK
6
CONTINUOUS
10
186.1038159999999948
20
-57.4299009999999939
11
186.080836000000005
21
-57.4368149999999957
0
LINE
8
BLACK
6
CONTINUOUS
10
186.080836000000005
20
-57.4368149999999957
11
186.0577959999999962
21
-57.4435289999999981
0
LINE
8
BLACK
6
CONTINUOUS
10
186.0577959999999962
20
-57.4435289999999981
11
186.0346979999999917
21
-57.4500409999999988
0
LINE
8
BLACK
6
CONTINUOUS
10
186.0346979999999917
20
-57.4500409999999988
11
186.0115439999999865
21
-57.4563519999999954
0
LINE
8
BLACK
6
CONTINUOUS
10
186.0115439999999865
20
-57.4563519999999954
11
185.9883370000000014
21
-57.4624600000000001
0
LINE
8
BLACK
6
CONTINUOUS
10
185.9883370000000014
20
-57.4624600000000001
11
185.9650759999999821
21
-57.4683649999999986
0
LINE
8
BLACK
6
CONTINUOUS
10
185.9650759999999821
20
-57.4683649999999986
11
185.9417650000000037
21
-57.4740679999999955
0
LINE
8
BLACK
6
CONTINUOUS
10
185.9417650000000037
20
-57.4740679999999955
11
185.9184060000000045
21
-57.4795659999999984
0
LINE
8
BLACK
6
CONTINUOUS
10
185.9184060000000045
20
-57.4795659999999984
11
185.8949989999999843
21
-57.4848609999999951
0
LINE
8
BLACK
6
CONTINUOUS
10
185.8949989999999843
20
-57.4848609999999951
11
185.8715469999999925
21
-57.4899509999999978
0
LINE
8
BLACK
6
CONTINUOUS
10
185.8715469999999925
20
-57.4899509999999978
11
185.8480509999999981
21
-57.4948359999999994
0
LINE
8
BLACK
6
CONTINUOUS
10
185.8480509999999981
20
-57.4948359999999994
11
185.8245129999999961
21
-57.4995159999999998
0
LINE
8
BLACK
6
CONTINUOUS
10
185.8245129999999961
20
-57.4995159999999998
11
185.8009359999999788
21
-57.5039899999999946
0
LINE
8
BLACK
6
CONTINUOUS
10
185.8009359999999788
20
-57.5039899999999946
11
185.7773200000000031
21
-57.5082589999999954
0
LINE
8
BLACK
6
CONTINUOUS
10
185.7773200000000031
20
-57.5082589999999954
11
185.7536690000000021
21
-57.512321
0
LINE
8
BLACK
6
CONTINUOUS
10
185.7536690000000021
20
-57.512321
11
185.7299819999999784
21
-57.516176999999999
0
LINE
8
BLACK
6
CONTINUOUS
10
185.7299819999999784
20
-57.516176999999999
11
185.7062629999999785
21
-57.5198249999999973
0
LINE
8
BLACK
6
CONTINUOUS
10
185.7062629999999785
20
-57.5198249999999973
11
185.6825130000000001
21
-57.523266999999997
0
LINE
8
BLACK
6
CONTINUOUS
10
185.6825130000000001
20
-57.523266999999997
11
185.6587339999999813
21
-57.5265009999999961
0
LINE
8
BLACK
6
CONTINUOUS
10
185.6587339999999813
20
-57.5265009999999961
11
185.6349270000000047
21
-57.5295279999999991
0
LINE
8
BLACK
6
CONTINUOUS
10
185.6349270000000047
20
-57.5295279999999991
11
185.6110949999999775
21
-57.5323469999999944
0
LINE
8
BLACK
6
CONTINUOUS
10
185.6110949999999775
20
-57.5323469999999944
11
185.5872389999999825
21
-57.534957999999996
0
LINE
8
BLACK
6
CONTINUOUS
10
185.5872389999999825
20
-57.534957999999996
11
185.5633609999999862
21
-57.5373599999999996
0
LINE
8
BLACK
6
CONTINUOUS
10
185.5633609999999862
20
-57.5373599999999996
11
185.5394639999999811
21
-57.5395539999999954
0
LINE
8
BLACK
6
CONTINUOUS
10
185.5394639999999811
20
-57.5395539999999954
11
185.519455999999991
21
-57.5412289999999942
0
LINE
8
BLACK
6
CONTINUOUS
10
185.1198189999999784
20
-57.5440909999999946
11
185.095879999999994
21
-57.5424140000000008
0
LINE
8
BLACK
6
CONTINUOUS
10
185.095879999999994
20
-57.5424140000000008
11
185.0719560000000001
21
-57.5405279999999948
0
LINE
8
BLACK
6
CONTINUOUS
10
185.0719560000000001
20
-57.5405279999999948
11
185.0480489999999918
21
-57.5384339999999952
0
LINE
8
BLACK
6
CONTINUOUS
10
185.0480489999999918
20
-57.5384339999999952
11
185.0241609999999923
21
-57.5361309999999975
0
LINE
8
BLACK
6
CONTINUOUS
10
185.0241609999999923
20
-57.5361309999999975
11
185.0002949999999942
21
-57.5336199999999991
0
LINE
8
BLACK
6
CONTINUOUS
10
185.0002949999999942
20
-57.5336199999999991
11
184.9764509999999973
21
-57.5308999999999955
0
LINE
8
BLACK
6
CONTINUOUS
10
184.9764509999999973
20
-57.5308999999999955
11
184.9526319999999942
21
-57.5279729999999958
0
LINE
8
BLACK
6
CONTINUOUS
10
184.9526319999999942
20
-57.5279729999999958
11
184.9288399999999797
21
-57.5248379999999955
0
LINE
8
BLACK
6
CONTINUOUS
10
184.9288399999999797
20
-57.5248379999999955
11
184.9050759999999798
21
-57.5214949999999945
0
LINE
8
BLACK
6
CONTINUOUS
10
184.9050759999999798
20
-57.5214949999999945
11
184.8813409999999919
21
-57.5179449999999974
0
LINE
8
BLACK
6
CONTINUOUS
10
184.8813409999999919
20
-57.5179449999999974
11
184.8576389999999776
21
-57.5141879999999972
0
LINE
8
BLACK
6
CONTINUOUS
10
184.8576389999999776
20
-57.5141879999999972
11
184.8339709999999911
21
-57.5102240000000009
0
LINE
8
BLACK
6
CONTINUOUS
10
184.8339709999999911
20
-57.5102240000000009
11
184.8103370000000041
21
-57.5060539999999989
0
LINE
8
BLACK
6
CONTINUOUS
10
184.8103370000000041
20
-57.5060539999999989
11
184.7867420000000038
21
-57.5016779999999983
0
LINE
8
BLACK
6
CONTINUOUS
10
184.7867420000000038
20
-57.5016779999999983
11
184.7631849999999929
21
-57.4970959999999991
0
LINE
8
BLACK
6
CONTINUOUS
10
184.7631849999999929
20
-57.4970959999999991
11
184.7396689999999921
21
-57.4923089999999988
0
LINE
8
BLACK
6
CONTINUOUS
10
184.7396689999999921
20
-57.4923089999999988
11
184.7161959999999965
21
-57.4873169999999973
0
LINE
8
BLACK
6
CONTINUOUS
10
184.7161959999999965
20
-57.4873169999999973
11
184.6927670000000035
21
-57.4821199999999948
0
LINE
8
BLACK
6
CONTINUOUS
10
184.6927670000000035
20
-57.4821199999999948
11
184.6693850000000054
21
-57.4767189999999957
0
LINE
8
BLACK
6
CONTINUOUS
10
184.6693850000000054
20
-57.4767189999999957
11
184.6460500000000025
21
-57.471114
0
LINE
8
BLACK
6
CONTINUOUS
10
184.6460500000000025
20
-57.471114
11
184.6227649999999869
21
-57.4653050000000007
0
LINE
8
BLACK
6
CONTINUOUS
10
184.6227649999999869
20
-57.4653050000000007
11
184.5995319999999822
21
-57.4592939999999999
0
LINE
8
BLACK
6
CONTINUOUS
10
184.5995319999999822
20
-57.4592939999999999
11
184.5763529999999832
21
-57.4530799999999999
0
LINE
8
BLACK
6
CONTINUOUS
10
184.5763529999999832
20
-57.4530799999999999
11
184.5532279999999901
21
-57.4466639999999984
0
LINE
8
BLACK
6
CONTINUOUS
10
184.5532279999999901
20
-57.4466639999999984
11
184.5301599999999951
21
-57.4400469999999999
0
LINE
8
BLACK
6
CONTINUOUS
10
184.5301599999999951
20
-57.4400469999999999
11
184.5071509999999932
21
-57.4332279999999997
0
LINE
8
BLACK
6
CONTINUOUS
10
184.5071509999999932
20
-57.4332279999999997
11
184.484201999999982
21
-57.4262090000000001
0
LINE
8
BLACK
6
CONTINUOUS
10
184.484201999999982
20
-57.4262090000000001
11
184.4613159999999823
21
-57.4189900000000009
0
LINE
8
BLACK
6
CONTINUOUS
10
184.4613159999999823
20
-57.4189900000000009
11
184.438492999999994
21
-57.411570999999995
0
LINE
8
BLACK
6
CONTINUOUS
10
184.438492999999994
20
-57.411570999999995
11
184.4157359999999812
21
-57.4039539999999988
0
LINE
8
BLACK
6
CONTINUOUS
10
184.4157359999999812
20
-57.4039539999999988
11
184.3930459999999982
21
-57.3961380000000005
0
LINE
8
BLACK
6
CONTINUOUS
10
184.3930459999999982
20
-57.3961380000000005
11
184.3704249999999831
21
-57.3881249999999952
0
LINE
8
BLACK
6
CONTINUOUS
10
184.3704249999999831
20
-57.3881249999999952
11
184.3478749999999877
21
-57.3799139999999994
0
LINE
8
BLACK
6
CONTINUOUS
10
184.3478749999999877
20
-57.3799139999999994
11
184.3253979999999785
21
-57.371506999999994
0
LINE
8
BLACK
6
CONTINUOUS
10
184.3253979999999785
20
-57.371506999999994
11
184.302993999999984
21
-57.3629049999999978
0
LINE
8
BLACK
6
CONTINUOUS
10
184.302993999999984
20
-57.3629049999999978
11
184.280666999999994
21
-57.3541069999999991
0
LINE
8
BLACK
6
CONTINUOUS
10
184.280666999999994
20
-57.3541069999999991
11
184.2584169999999801
21
-57.3451139999999953
0
LINE
8
BLACK
6
CONTINUOUS
10
184.2584169999999801
20
-57.3451139999999953
11
184.2362469999999917
21
-57.3359279999999956
0
LINE
8
BLACK
6
CONTINUOUS
10
184.2362469999999917
20
-57.3359279999999956
11
184.2141579999999976
21
-57.3265479999999954
0
LINE
8
BLACK
6
CONTINUOUS
10
184.2141579999999976
20
-57.3265479999999954
11
184.1921509999999955
21
-57.3169759999999968
0
LINE
8
BLACK
6
CONTINUOUS
10
184.1921509999999955
20
-57.3169759999999968
11
184.1702289999999778
21
-57.3072129999999973
0
LINE
8
BLACK
6
CONTINUOUS
10
184.1702289999999778
20
-57.3072129999999973
11
184.1483920000000012
21
-57.2972579999999994
0
LINE
8
BLACK
6
CONTINUOUS
10
184.1483920000000012
20
-57.2972579999999994
11
184.1266439999999989
21
-57.2871139999999954
0
LINE
8
BLACK
6
CONTINUOUS
10
184.1266439999999989
20
-57.2871139999999954
11
184.1049849999999992
21
-57.2767799999999951
0
LINE
8
BLACK
6
CONTINUOUS
10
184.1049849999999992
20
-57.2767799999999951
11
184.0834159999999997
21
-57.266256999999996
0
LINE
8
BLACK
6
CONTINUOUS
10
184.0834159999999997
20
-57.266256999999996
11
184.0654429999999877
21
-57.2573089999999993
0
LINE
8
BLACK
6
CONTINUOUS
10
183.7223119999999881
20
-57.0524209999999954
11
183.702715999999981
21
-57.0385679999999979
0
LINE
8
BLACK
6
CONTINUOUS
10
183.702715999999981
20
-57.0385679999999979
11
183.6832419999999786
21
-57.0245439999999988
0
LINE
8
BLACK
6
CONTINUOUS
10
183.6832419999999786
20
-57.0245439999999988
11
183.6638909999999782
21
-57.0103499999999954
0
LINE
8
BLACK
6
CONTINUOUS
10
183.6638909999999782
20
-57.0103499999999954
11
183.6446650000000034
21
-56.995987999999997
0
LINE
8
BLACK
6
CONTINUOUS
10
183.6446650000000034
20
-56.995987999999997
11
183.6255639999999971
21
-56.981459000000001
0
LINE
8
BLACK
6
CONTINUOUS
10
183.6255639999999971
20
-56.981459000000001
11
183.6065919999999778
21
-56.9667639999999977
0
LINE
8
BLACK
6
CONTINUOUS
10
183.6065919999999778
20
-56.9667639999999977
11
183.5877480000000048
21
-56.951903999999999
0
LINE
8
BLACK
6
CONTINUOUS
10
183.5877480000000048
20
-56.951903999999999
11
183.5690339999999878
21
-56.9368799999999951
0
LINE
8
BLACK
6
CONTINUOUS
10
183.5690339999999878
20
-56.9368799999999951
11
183.5504530000000045
21
-56.9216939999999951
0
LINE
8
BLACK
6
CONTINUOUS
10
183.5504530000000045
20
-56.9216939999999951
11
183.5320040000000006
21
-56.9063449999999946
0
LINE
8
BLACK
6
CONTINUOUS
10
183.5320040000000006
20
-56.9063449999999946
11
183.5136899999999969
21
-56.8908369999999977
0
LINE
8
BLACK
6
CONTINUOUS
10
183.5136899999999969
20
-56.8908369999999977
11
183.4955129999999883
21
-56.8751689999999996
0
LINE
8
BLACK
6
CONTINUOUS
10
183.4955129999999883
20
-56.8751689999999996
11
183.4774720000000059
21
-56.8593429999999955
0
LINE
8
BLACK
6
CONTINUOUS
10
183.4774720000000059
20
-56.8593429999999955
11
183.4595709999999826
21
-56.843359999999997
0
LINE
8
BLACK
6
CONTINUOUS
10
183.4595709999999826
20
-56.843359999999997
11
183.4418089999999779
21
-56.827221999999999
0
LINE
8
BLACK
6
CONTINUOUS
10
183.4418089999999779
20
-56.827221999999999
11
183.4241899999999816
21
-56.8109289999999945
0
LINE
8
BLACK
6
CONTINUOUS
10
183.4241899999999816
20
-56.8109289999999945
11
183.4067129999999963
21
-56.7944829999999996
0
LINE
8
BLACK
6
CONTINUOUS
10
183.4067129999999963
20
-56.7944829999999996
11
183.3893799999999885
21
-56.7778849999999977
0
LINE
8
BLACK
6
CONTINUOUS
10
183.3893799999999885
20
-56.7778849999999977
11
183.3721919999999841
21
-56.761136999999998
0
LINE
8
BLACK
6
CONTINUOUS
10
183.3721919999999841
20
-56.761136999999998
11
183.3551520000000039
21
-56.7442390000000003
0
LINE
8
BLACK
6
CONTINUOUS
10
183.3551520000000039
20
-56.7442390000000003
11
183.3382589999999936
21
-56.7271929999999998
0
LINE
8
BLACK
6
CONTINUOUS
10
183.3382589999999936
20
-56.7271929999999998
11
183.3215160000000026
21
-56.7100009999999983
0
LINE
8
BLACK
6
CONTINUOUS
10
183.3215160000000026
20
-56.7100009999999983
11
183.3049239999999998
21
-56.692662999999996
0
LINE
8
BLACK
6
CONTINUOUS
10
183.3049239999999998
20
-56.692662999999996
11
183.2884839999999826
21
-56.6751799999999974
0
LINE
8
BLACK
6
CONTINUOUS
10
183.2884839999999826
20
-56.6751799999999974
11
183.2721959999999797
21
-56.6575559999999996
0
LINE
8
BLACK
6
CONTINUOUS
10
183.2721959999999797
20
-56.6575559999999996
11
183.2560639999999808
21
-56.6397890000000004
0
LINE
8
BLACK
6
CONTINUOUS
10
183.2560639999999808
20
-56.6397890000000004
11
183.2400859999999909
21
-56.6218829999999969
0
LINE
8
BLACK
6
CONTINUOUS
10
183.2400859999999909
20
-56.6218829999999969
11
183.2242660000000001
21
-56.6038369999999986
0
LINE
8
BLACK
6
CONTINUOUS
10
183.2242660000000001
20
-56.6038369999999986
11
183.2086039999999798
21
-56.5856549999999956
0
LINE
8
BLACK
6
CONTINUOUS
10
183.2086039999999798
20
-56.5856549999999956
11
183.1931009999999844
21
-56.5673359999999974
0
LINE
8
BLACK
6
CONTINUOUS
10
183.1931009999999844
20
-56.5673359999999974
11
183.177757999999983
21
-56.5488829999999965
0
LINE
8
BLACK
6
CONTINUOUS
10
183.177757999999983
20
-56.5488829999999965
11
183.1625779999999963
21
-56.5302959999999999
0
LINE
8
BLACK
6
CONTINUOUS
10
183.1625779999999963
20
-56.5302959999999999
11
183.1475590000000011
21
-56.5115780000000001
0
LINE
8
BLACK
6
CONTINUOUS
10
183.1475590000000011
20
-56.5115780000000001
11
183.1327049999999872
21
-56.4927299999999946
0
LINE
8
BLACK
6
CONTINUOUS
10
183.1327049999999872
20
-56.4927299999999946
11
183.118015999999983
21
-56.4737519999999975
0
LINE
8
BLACK
6
CONTINUOUS
10
183.118015999999983
20
-56.4737519999999975
11
183.1034929999999861
21
-56.4546469999999943
0
LINE
8
BLACK
6
CONTINUOUS
10
183.1034929999999861
20
-56.4546469999999943
11
183.0891369999999938
21
-56.4354159999999965
0
LINE
8
BLACK
6
CONTINUOUS
10
183.0891369999999938
20
-56.4354159999999965
11
183.0749500000000012
21
-56.4160609999999991
0
LINE
8
BLACK
6
CONTINUOUS
10
183.0749500000000012
20
-56.4160609999999991
11
183.0609319999999798
21
-56.3965819999999951
0
LINE
8
BLACK
6
CONTINUOUS
10
183.0609319999999798
20
-56.3965819999999951
11
183.0470849999999814
21
-56.3769819999999982
0
LINE
8
BLACK
6
CONTINUOUS
10
183.0470849999999814
20
-56.3769819999999982
11
183.0334089999999776
21
-56.3572619999999986
0
LINE
8
BLACK
6
CONTINUOUS
10
183.0334089999999776
20
-56.3572619999999986
11
183.0199059999999918
21
-56.337422999999994
0
LINE
8
BLACK
6
CONTINUOUS
10
183.0199059999999918
20
-56.337422999999994
11
183.0065759999999955
21
-56.3174679999999981
0
LINE
8
BLACK
6
CONTINUOUS
10
183.0065759999999955
20
-56.3174679999999981
11
182.9934209999999837
21
-56.2973959999999991
0
LINE
8
BLACK
6
CONTINUOUS
10
182.9934209999999837
20
-56.2973959999999991
11
182.9804419999999823
21
-56.2772109999999941
0
LINE
8
BLACK
6
CONTINUOUS
10
182.9804419999999823
20
-56.2772109999999941
11
182.9697189999999978
21
-56.2602369999999965
0
LINE
8
BLACK
6
CONTINUOUS
10
182.7826769999999783
20
-55.9070609999999988
11
182.7731119999999976
21
-55.8850509999999971
0
LINE
8
BLACK
6
CONTINUOUS
10
182.7731119999999976
20
-55.8850509999999971
11
182.7637389999999868
21
-55.8629589999999965
0
LINE
8
BLACK
6
CONTINUOUS
10
182.7637389999999868
20
-55.8629589999999965
11
182.7545599999999979
21
-55.8407849999999968
0
LINE
8
BLACK
6
CONTINUOUS
10
182.7545599999999979
20
-55.8407849999999968
11
182.7455740000000048
21
-55.8185329999999951
0
LINE
8
BLACK
6
CONTINUOUS
10
182.7455740000000048
20
-55.8185329999999951
11
182.7367830000000026
21
-55.7962029999999984
0
LINE
8
BLACK
6
CONTINUOUS
10
182.7367830000000026
20
-55.7962029999999984
11
182.7281869999999913
21
-55.7737969999999947
0
LINE
8
BLACK
6
CONTINUOUS
10
182.7281869999999913
20
-55.7737969999999947
11
182.7197879999999941
21
-55.7513170000000002
0
LINE
8
BLACK
6
CONTINUOUS
10
182.7197879999999941
20
-55.7513170000000002
11
182.7115839999999878
21
-55.7287639999999982
0
LINE
8
BLACK
6
CONTINUOUS
10
182.7115839999999878
20
-55.7287639999999982
11
182.7035779999999932
21
-55.7061409999999952
0
LINE
8
BLACK
6
CONTINUOUS
10
182.7035779999999932
20
-55.7061409999999952
11
182.6957689999999843
21
-55.683448999999996
0
LINE
8
BLACK
6
CONTINUOUS
10
182.6957689999999843
20
-55.683448999999996
11
182.6881589999999846
21
-55.6606889999999979
0
LINE
8
BLACK
6
CONTINUOUS
10
182.6881589999999846
20
-55.6606889999999979
11
182.6807469999999967
21
-55.6378640000000004
0
LINE
8
BLACK
6
CONTINUOUS
10
182.6807469999999967
20
-55.6378640000000004
11
182.6735359999999844
21
-55.6149749999999941
0
LINE
8
BLACK
6
CONTINUOUS
10
182.6735359999999844
20
-55.6149749999999941
11
182.6665239999999812
21
-55.592023999999995
0
LINE
8
BLACK
6
CONTINUOUS
10
182.6665239999999812
20
-55.592023999999995
11
182.6597119999999848
21
-55.5690129999999982
0
LINE
8
BLACK
6
CONTINUOUS
10
182.6597119999999848
20
-55.5690129999999982
11
182.6531019999999899
21
-55.5459429999999941
0
LINE
8
BLACK
6
CONTINUOUS
10
182.6531019999999899
20
-55.5459429999999941
11
182.6466929999999991
21
-55.5228159999999988
0
LINE
8
BLACK
6
CONTINUOUS
10
182.6466929999999991
20
-55.5228159999999988
11
182.6404869999999789
21
-55.4996349999999978
0
LINE
8
BLACK
6
CONTINUOUS
10
182.6404869999999789
20
-55.4996349999999978
11
182.6344829999999888
21
-55.4763999999999982
0
LINE
8
BLACK
6
CONTINUOUS
10
182.6344829999999888
20
-55.4763999999999982
11
182.6286810000000003
21
-55.4531129999999948
0
LINE
8
BLACK
6
CONTINUOUS
10
182.6286810000000003
20
-55.4531129999999948
11
182.6230840000000057
21
-55.4297769999999943
0
LINE
8
BLACK
6
CONTINUOUS
10
182.6230840000000057
20
-55.4297769999999943
11
182.6176899999999819
21
-55.4063929999999942
0
LINE
8
BLACK
6
CONTINUOUS
10
182.6176899999999819
20
-55.4063929999999942
11
182.6124999999999829
21
-55.3829619999999991
0
LINE
8
BLACK
6
CONTINUOUS
10
182.6124999999999829
20
-55.3829619999999991
11
182.607514999999978
21
-55.3594879999999989
0
LINE
8
BLACK
6
CONTINUOUS
10
182.607514999999978
20
-55.3594879999999989
11
182.6027349999999956
21
-55.3359699999999961
0
LINE
8
BLACK
6
CONTINUOUS
10
182.6027349999999956
20
-55.3359699999999961
11
182.5981610000000046
21
-55.3124119999999948
0
LINE
8
BLACK
6
CONTINUOUS
10
182.5981610000000046
20
-55.3124119999999948
11
182.5937919999999792
21
-55.2888149999999996
0
LINE
8
BLACK
6
CONTINUOUS
10
182.5937919999999792
20
-55.2888149999999996
11
182.5896299999999997
21
-55.2651809999999983
0
LINE
8
BLACK
6
CONTINUOUS
10
182.5896299999999997
20
-55.2651809999999983
11
182.5856739999999832
21
-55.2415109999999956
0
LINE
8
BLACK
6
CONTINUOUS
10
182.5856739999999832
20
-55.2415109999999956
11
182.5819239999999866
21
-55.2178070000000005
0
LINE
8
BLACK
6
CONTINUOUS
10
182.5819239999999866
20
-55.2178070000000005
11
182.5783809999999789
21
-55.1940719999999985
0
LINE
8
BLACK
6
CONTINUOUS
10
182.5783809999999789
20
-55.1940719999999985
11
182.5750459999999862
21
-55.170306999999994
0
LINE
8
BLACK
6
CONTINUOUS
10
182.5750459999999862
20
-55.170306999999994
11
182.5719179999999824
21
-55.1465129999999988
0
LINE
8
BLACK
6
CONTINUOUS
10
182.5719179999999824
20
-55.1465129999999988
11
182.5689989999999909
21
-55.1226929999999982
0
LINE
8
BLACK
6
CONTINUOUS
10
182.5689989999999909
20
-55.1226929999999982
11
182.5662869999999884
21
-55.0988489999999942
0
LINE
8
BLACK
6
CONTINUOUS
10
182.5662869999999884
20
-55.0988489999999942
11
182.5637830000000008
21
-55.0749819999999985
0
LINE
8
BLACK
6
CONTINUOUS
10
182.5637830000000008
20
-55.0749819999999985
11
182.5614869999999996
21
-55.0510929999999945
0
LINE
8
BLACK
6
CONTINUOUS
10
182.5614869999999996
20
-55.0510929999999945
11
182.5593999999999824
21
-55.0271860000000004
0
LINE
8
BLACK
6
CONTINUOUS
10
182.5593999999999824
20
-55.0271860000000004
11
182.5575220000000058
21
-55.0032609999999949
0
LINE
8
BLACK
6
CONTINUOUS
10
182.5575220000000058
20
-55.0032609999999949
11
182.5558529999999848
21
-54.9793209999999988
0
LINE
8
BLACK
6
CONTINUOUS
10
182.5558529999999848
20
-54.9793209999999988
11
182.5543919999999787
21
-54.955368
0
LINE
8
BLACK
6
CONTINUOUS
10
182.5543919999999787
20
-54.955368
11
182.5531409999999823
21
-54.9314019999999985
0
LINE
8
BLACK
6
CONTINUOUS
10
182.5531409999999823
20
-54.9314019999999985
11
182.5520989999999983
21
-54.9074269999999984
0
LINE
8
BLACK
6
CONTINUOUS
10
182.5520989999999983
20
-54.9074269999999984
11
182.5512659999999983
21
-54.8834429999999998
0
LINE
8
BLACK
6
CONTINUOUS
10
182.5512659999999983
20
-54.8834429999999998
11
182.5506429999999796
21
-54.8594529999999949
0
LINE
8
BLACK
6
CONTINUOUS
10
182.5506429999999796
20
-54.8594529999999949
11
182.5502819999999815
21
-54.8393779999999964
0
LINE
8
BLACK
6
CONTINUOUS
10
182.5736109999999996
20
-54.4404119999999949
11
182.5768529999999998
21
-54.4166339999999948
0
LINE
8
BLACK
6
CONTINUOUS
10
182.5768529999999998
20
-54.4166339999999948
11
182.580301999999989
21
-54.3928849999999997
0
LINE
8
BLACK
6
CONTINUOUS
10
182.580301999999989
20
-54.3928849999999997
11
182.5839579999999955
21
-54.3691669999999974
0
LINE
8
BLACK
6
CONTINUOUS
10
182.5839579999999955
20
-54.3691669999999974
11
182.587820999999991
21
-54.345481999999997
0
LINE
8
BLACK
6
CONTINUOUS
10
182.587820999999991
20
-54.345481999999997
11
182.5918910000000039
21
-54.321830999999996
0
LINE
8
BLACK
6
CONTINUOUS
10
182.5918910000000039
20
-54.321830999999996
11
182.5961669999999799
21
-54.2982170000000011
0
LINE
8
BLACK
6
CONTINUOUS
10
182.5961669999999799
20
-54.2982170000000011
11
182.6006490000000042
21
-54.2746409999999955
0
LINE
8
BLACK
6
CONTINUOUS
10
182.6006490000000042
20
-54.2746409999999955
11
182.6053359999999941
21
-54.2511049999999955
0
LINE
8
BLACK
6
CONTINUOUS
10
182.6053359999999941
20
-54.2511049999999955
11
182.610227999999978
21
-54.227610999999996
0
LINE
8
BLACK
6
CONTINUOUS
10
182.610227999999978
20
-54.227610999999996
11
182.6153259999999818
21
-54.2041599999999946
0
LINE
8
BLACK
6
CONTINUOUS
10
182.6153259999999818
20
-54.2041599999999946
11
182.6206279999999822
21
-54.1807549999999978
0
LINE
8
BLACK
6
CONTINUOUS
10
182.6206279999999822
20
-54.1807549999999978
11
182.6261339999999791
21
-54.157396999999996
0
LINE
8
BLACK
6
CONTINUOUS
10
182.6261339999999791
20
-54.157396999999996
11
182.6318430000000035
21
-54.1340879999999984
0
LINE
8
BLACK
6
CONTINUOUS
10
182.6318430000000035
20
-54.1340879999999984
11
182.637755999999996
21
-54.11083
0
LINE
8
BLACK
6
CONTINUOUS
10
182.637755999999996
20
-54.11083
11
182.6438709999999901
21
-54.0876239999999981
0
LINE
8
BLACK
6
CONTINUOUS
10
182.6438709999999901
20
-54.0876239999999981
11
182.6501889999999833
21
-54.064471999999995
0
LINE
8
BLACK
6
CONTINUOUS
10
182.6501889999999833
20
-54.064471999999995
11
182.6567079999999805
21
-54.0413759999999996
0
LINE
8
BLACK
6
CONTINUOUS
10
182.6567079999999805
20
-54.0413759999999996
11
182.6634289999999794
21
-54.018338
0
LINE
8
BLACK
6
CONTINUOUS
10
182.6634289999999794
20
-54.018338
11
182.6703509999999824
21
-53.995359999999998
0
LINE
8
BLACK
6
CONTINUOUS
10
182.6703509999999824
20
-53.995359999999998
11
182.677472999999992
21
-53.9724429999999984
0
LINE
8
BLACK
6
CONTINUOUS
10
182.677472999999992
20
-53.9724429999999984
11
182.6847939999999824
21
-53.949588999999996
0
LINE
8
BLACK
6
CONTINUOUS
10
182.6847939999999824
20
-53.949588999999996
11
182.6923149999999794
21
-53.9268000000000001
0
LINE
8
BLACK
6
CONTINUOUS
10
182.6923149999999794
20
-53.9268000000000001
11
182.7000339999999881
21
-53.9040770000000009
0
LINE
8
BLACK
6
CONTINUOUS
10
182.7000339999999881
20
-53.9040770000000009
11
182.7079520000000059
21
-53.8814220000000006
0
LINE
8
BLACK
6
CONTINUOUS
10
182.7079520000000059
20
-53.8814220000000006
11
182.7160659999999837
21
-53.8588379999999987
0
LINE
8
BLACK
6
CONTINUOUS
10
182.7160659999999837
20
-53.8588379999999987
11
182.7243780000000015
21
-53.8363249999999951
0
LINE
8
BLACK
6
CONTINUOUS
10
182.7243780000000015
20
-53.8363249999999951
11
182.7328849999999818
21
-53.8138849999999991
0
LINE
8
BLACK
6
CONTINUOUS
10
182.7328849999999818
20
-53.8138849999999991
11
182.7415890000000047
21
-53.7915209999999959
0
LINE
8
BLACK
6
CONTINUOUS
10
182.7415890000000047
20
-53.7915209999999959
11
182.7504859999999951
21
-53.7692329999999998
0
LINE
8
BLACK
6
CONTINUOUS
10
182.7504859999999951
20
-53.7692329999999998
11
182.7595790000000022
21
-53.7470239999999961
0
LINE
8
BLACK
6
CONTINUOUS
10
182.7595790000000022
20
-53.7470239999999961
11
182.7688639999999793
21
-53.7248949999999965
0
LINE
8
BLACK
6
CONTINUOUS
10
182.7688639999999793
20
-53.7248949999999965
11
182.7783419999999808
21
-53.7028479999999959
0
LINE
8
BLACK
6
CONTINUOUS
10
182.7783419999999808
20
-53.7028479999999959
11
182.7880129999999781
21
-53.6808839999999989
0
LINE
8
BLACK
6
CONTINUOUS
10
182.7880129999999781
20
-53.6808839999999989
11
182.7978739999999789
21
-53.659005999999998
0
LINE
8
BLACK
6
CONTINUOUS
10
182.7978739999999789
20
-53.659005999999998
11
182.8079269999999781
21
-53.6372140000000002
0
LINE
8
BLACK
6
CONTINUOUS
10
182.8079269999999781
20
-53.6372140000000002
11
182.8181689999999833
21
-53.6155109999999979
0
LINE
8
BLACK
6
CONTINUOUS
10
182.8181689999999833
20
-53.6155109999999979
11
182.8285999999999945
21
-53.5938990000000004
0
LINE
8
BLACK
6
CONTINUOUS
10
182.8285999999999945
20
-53.5938990000000004
11
182.8392189999999857
21
-53.5723780000000005
0
LINE
8
BLACK
6
CONTINUOUS
10
182.8392189999999857
20
-53.5723780000000005
11
182.850024999999988
21
-53.5509509999999977
0
LINE
8
BLACK
6
CONTINUOUS
10
182.850024999999988
20
-53.5509509999999977
11
182.8610189999999989
21
-53.5296179999999993
0
LINE
8
BLACK
6
CONTINUOUS
10
182.8610189999999989
20
-53.5296179999999993
11
182.8721969999999999
21
-53.5083829999999949
0
LINE
8
BLACK
6
CONTINUOUS
10
182.8721969999999999
20
-53.5083829999999949
11
182.8835609999999861
21
-53.487245999999999
0
LINE
8
BLACK
6
CONTINUOUS
10
182.8835609999999861
20
-53.487245999999999
11
182.8951089999999908
21
-53.4662089999999992
0
LINE
8
BLACK
6
CONTINUOUS
10
182.8951089999999908
20
-53.4662089999999992
11
182.9068399999999883
21
-53.4452730000000003
0
LINE
8
BLACK
6
CONTINUOUS
10
182.9068399999999883
20
-53.4452730000000003
11
182.9187529999999811
21
-53.4244409999999945
0
LINE
8
BLACK
6
CONTINUOUS
10
182.9187529999999811
20
-53.4244409999999945
11
182.9288589999999886
21
-53.4070919999999987
0
LINE
8
BLACK
6
CONTINUOUS
10
183.1557899999999961
20
-53.0781229999999979
11
183.1708969999999965
21
-53.0594770000000011
0
LINE
8
BLACK
6
CONTINUOUS
10
183.1708969999999965
20
-53.0594770000000011
11
183.1861669999999833
21
-53.0409629999999979
0
LINE
8
BLACK
6
CONTINUOUS
10
183.1861669999999833
20
-53.0409629999999979
11
183.20159799999999
21
-53.0225839999999948
0
LINE
8
BLACK
6
CONTINUOUS
10
183.20159799999999
20
-53.0225839999999948
11
183.2171879999999931
21
-53.0043399999999991
0
LINE
8
BLACK
6
CONTINUOUS
10
183.2171879999999931
20
-53.0043399999999991
11
183.2329379999999901
21
-52.9862320000000011
0
LINE
8
BLACK
6
CONTINUOUS
10
183.2329379999999901
20
-52.9862320000000011
11
183.2488439999999912
21
-52.9682630000000003
0
LINE
8
BLACK
6
CONTINUOUS
10
183.2488439999999912
20
-52.9682630000000003
11
183.2649069999999938
21
-52.9504329999999968
0
LINE
8
BLACK
6
CONTINUOUS
10
183.2649069999999938
20
-52.9504329999999968
11
183.281125000000003
21
-52.932744999999997
0
LINE
8
BLACK
6
CONTINUOUS
10
183.281125000000003
20
-52.932744999999997
11
183.2974959999999953
21
-52.9151979999999966
0
LINE
8
BLACK
6
CONTINUOUS
10
183.2974959999999953
20
-52.9151979999999966
11
183.3140199999999993
21
-52.897794999999995
0
LINE
8
BLACK
6
CONTINUOUS
10
183.3140199999999993
20
-52.897794999999995
11
183.330695999999989
21
-52.8805359999999993
0
LINE
8
BLACK
6
CONTINUOUS
10
183.330695999999989
20
-52.8805359999999993
11
183.3475210000000004
21
-52.8634239999999949
0
LINE
8
BLACK
6
CONTINUOUS
10
183.3475210000000004
20
-52.8634239999999949
11
183.3644950000000051
21
-52.8464600000000004
0
LINE
8
BLACK
6
CONTINUOUS
10
183.3644950000000051
20
-52.8464600000000004
11
183.3816159999999797
21
-52.8296439999999947
0
LINE
8
BLACK
6
CONTINUOUS
10
183.3816159999999797
20
-52.8296439999999947
11
183.3988839999999811
21
-52.8129780000000011
0
LINE
8
BLACK
6
CONTINUOUS
10
183.3988839999999811
20
-52.8129780000000011
11
183.4162959999999885
21
-52.7964629999999957
0
LINE
8
BLACK
6
CONTINUOUS
10
183.4162959999999885
20
-52.7964629999999957
11
183.4338510000000042
21
-52.7801019999999994
0
LINE
8
BLACK
6
CONTINUOUS
10
183.4338510000000042
20
-52.7801019999999994
11
183.451549
21
-52.7638929999999959
0
LINE
8
BLACK
6
CONTINUOUS
10
183.451549
20
-52.7638929999999959
11
183.4693879999999808
21
-52.7478399999999965
0
LINE
8
BLACK
6
CONTINUOUS
10
183.4693879999999808
20
-52.7478399999999965
11
183.4873659999999802
21
-52.7319439999999986
0
LINE
8
BLACK
6
CONTINUOUS
10
183.4873659999999802
20
-52.7319439999999986
11
183.5054820000000007
21
-52.7162039999999976
0
LINE
8
BLACK
6
CONTINUOUS
10
183.5054820000000007
20
-52.7162039999999976
11
183.5237339999999904
21
-52.7006239999999977
0
LINE
8
BLACK
6
CONTINUOUS
10
183.5237339999999904
20
-52.7006239999999977
11
183.5421219999999778
21
-52.6852029999999942
0
LINE
8
BLACK
6
CONTINUOUS
10
183.5421219999999778
20
-52.6852029999999942
11
183.5606439999999964
21
-52.6699429999999964
0
LINE
8
BLACK
6
CONTINUOUS
10
183.5606439999999964
20
-52.6699429999999964
11
183.5792979999999943
21
-52.6548459999999992
0
LINE
8
BLACK
6
CONTINUOUS
10
183.5792979999999943
20
-52.6548459999999992
11
183.5980840000000001
21
-52.6399119999999954
0
LINE
8
BLACK
6
CONTINUOUS
10
183.5980840000000001
20
-52.6399119999999954
11
183.6169989999999927
21
-52.6251419999999968
0
LINE
8
BLACK
6
CONTINUOUS
10
183.6169989999999927
20
-52.6251419999999968
11
183.6360420000000033
21
-52.6105379999999982
0
LINE
8
BLACK
6
CONTINUOUS
10
183.6360420000000033
20
-52.6105379999999982
11
183.65521099999998
21
-52.5961009999999973
0
LINE
8
BLACK
6
CONTINUOUS
10
183.65521099999998
20
-52.5961009999999973
11
183.6745059999999796
21
-52.5818319999999986
0
LINE
8
BLACK
6
CONTINUOUS
10
183.6745059999999796
20
-52.5818319999999986
11
183.6939249999999788
21
-52.5677309999999949
0
LINE
8
BLACK
6
CONTINUOUS
10
183.6939249999999788
20
-52.5677309999999949
11
183.7134659999999826
21
-52.553801
0
LINE
8
BLACK
6
CONTINUOUS
10
183.7134659999999826
20
-52.553801
11
183.7331279999999936
21
-52.5400409999999951
0
LINE
8
BLACK
6
CONTINUOUS
10
183.7331279999999936
20
-52.5400409999999951
11
183.7529099999999858
21
-52.5264540000000011
0
LINE
8
BLACK
6
CONTINUOUS
10
183.7529099999999858
20
-52.5264540000000011
11
183.7728089999999952
21
-52.5130399999999966
0
LINE
8
BLACK
6
CONTINUOUS
10
183.7728089999999952
20
-52.5130399999999966
11
183.792823999999996
21
-52.4998000000000005
0
LINE
8
BLACK
6
CONTINUOUS
10
183.792823999999996
20
-52.4998000000000005
11
183.8129539999999906
21
-52.4867349999999959
0
LINE
8
BLACK
6
CONTINUOUS
10
183.8129539999999906
20
-52.4867349999999959
11
183.8331979999999817
21
-52.4738459999999947
0
LINE
8
BLACK
6
CONTINUOUS
10
183.8331979999999817
20
-52.4738459999999947
11
183.8535530000000051
21
-52.4611349999999987
0
LINE
8
BLACK
6
CONTINUOUS
10
183.8535530000000051
20
-52.4611349999999987
11
183.8740179999999782
21
-52.4486009999999965
0
LINE
8
BLACK
6
CONTINUOUS
10
183.8740179999999782
20
-52.4486009999999965
11
183.8945919999999887
21
-52.4362469999999945
0
LINE
8
BLACK
6
CONTINUOUS
10
183.8945919999999887
20
-52.4362469999999945
11
183.9152729999999849
21
-52.4240729999999999
0
LINE
8
BLACK
6
CONTINUOUS
10
183.9152729999999849
20
-52.4240729999999999
11
183.9360590000000002
21
-52.4120789999999985
0
LINE
8
BLACK
6
CONTINUOUS
10
183.9360590000000002
20
-52.4120789999999985
11
183.9569489999999803
21
-52.400267999999997
0
LINE
8
BLACK
6
CONTINUOUS
10
183.9569489999999803
20
-52.400267999999997
11
183.9779419999999845
21
-52.3886389999999977
0
LINE
8
BLACK
6
CONTINUOUS
10
183.9779419999999845
20
-52.3886389999999977
11
183.9955819999999846
21
-52.3790509999999969
0
LINE
8
BLACK
6
CONTINUOUS
10
184.3602539999999976
20
-52.2155509999999978
11
184.3828429999999798
21
-52.2074479999999994
0
LINE
8
BLACK
6
CONTINUOUS
10
184.3828429999999798
20
-52.2074479999999994
11
184.4055019999999843
21
-52.1995439999999959
0
LINE
8
BLACK
6
CONTINUOUS
10
184.4055019999999843
20
-52.1995439999999959
11
184.4282289999999875
21
-52.1918369999999996
0
LINE
8
BLACK
6
CONTINUOUS
10
184.4282289999999875
20
-52.1918369999999996
11
184.4510229999999922
21
-52.1843289999999982
0
LINE
8
BLACK
6
CONTINUOUS
10
184.4510229999999922
20
-52.1843289999999982
11
184.4738810000000058
21
-52.1770189999999943
0
LINE
8
BLACK
6
CONTINUOUS
10
184.4738810000000058
20
-52.1770189999999943
11
184.4968020000000024
21
-52.1699099999999945
0
LINE
8
BLACK
6
CONTINUOUS
10
184.4968020000000024
20
-52.1699099999999945
11
184.5197839999999871
21
-52.1630009999999942
0
LINE
8
BLACK
6
CONTINUOUS
10
184.5197839999999871
20
-52.1630009999999942
11
184.5428249999999935
21
-52.156292999999998
0
LINE
8
BLACK
6
CONTINUOUS
10
184.5428249999999935
20
-52.156292999999998
11
184.5659249999999929
21
-52.1497859999999989
0
LINE
8
BLACK
6
CONTINUOUS
10
184.5659249999999929
20
-52.1497859999999989
11
184.5890799999999956
21
-52.1434809999999942
0
LINE
8
BLACK
6
CONTINUOUS
10
184.5890799999999956
20
-52.1434809999999942
11
184.6122890000000041
21
-52.1373779999999982
0
LINE
8
BLACK
6
CONTINUOUS
10
184.6122890000000041
20
-52.1373779999999982
11
184.6355509999999924
21
-52.1314779999999942
0
LINE
8
BLACK
6
CONTINUOUS
10
184.6355509999999924
20
-52.1314779999999942
11
184.6588629999999966
21
-52.1257820000000009
0
LINE
8
BLACK
6
CONTINUOUS
10
184.6588629999999966
20
-52.1257820000000009
11
184.6822239999999908
21
-52.1202889999999996
0
LINE
8
BLACK
6
CONTINUOUS
10
184.6822239999999908
20
-52.1202889999999996
11
184.7056319999999801
21
-52.1149999999999949
0
LINE
8
BLACK
6
CONTINUOUS
10
184.7056319999999801
20
-52.1149999999999949
11
184.7290849999999978
21
-52.1099150000000009
0
LINE
8
BLACK
6
CONTINUOUS
10
184.7290849999999978
20
-52.1099150000000009
11
184.7525819999999896
21
-52.1050350000000009
0
LINE
8
BLACK
6
CONTINUOUS
10
184.7525819999999896
20
-52.1050350000000009
11
184.7761209999999892
21
-52.1003609999999995
0
LINE
8
BLACK
6
CONTINUOUS
10
184.7761209999999892
20
-52.1003609999999995
11
184.7996990000000039
21
-52.0958919999999992
0
LINE
8
BLACK
6
CONTINUOUS
10
184.7996990000000039
20
-52.0958919999999992
11
184.8233160000000055
21
-52.0916289999999975
0
LINE
8
BLACK
6
CONTINUOUS
10
184.8233160000000055
20
-52.0916289999999975
11
184.8469690000000014
21
-52.087572999999999
0
LINE
8
BLACK
6
CONTINUOUS
10
184.8469690000000014
20
-52.087572999999999
11
184.8706559999999968
21
-52.0837219999999945
0
LINE
8
BLACK
6
CONTINUOUS
10
184.8706559999999968
20
-52.0837219999999945
11
184.8943759999999941
21
-52.0800789999999978
0
LINE
8
BLACK
6
CONTINUOUS
10
184.8943759999999941
20
-52.0800789999999978
11
184.9181269999999984
21
-52.0766429999999971
0
LINE
8
BLACK
6
CONTINUOUS
10
184.9181269999999984
20
-52.0766429999999971
11
184.9419069999999863
21
-52.0734139999999996
0
LINE
8
BLACK
6
CONTINUOUS
10
184.9419069999999863
20
-52.0734139999999996
11
184.9657139999999913
21
-52.0703929999999957
0
LINE
8
BLACK
6
CONTINUOUS
10
184.9657139999999913
20
-52.0703929999999957
11
184.9895469999999875
21
-52.0675799999999995
0
LINE
8
BLACK
6
CONTINUOUS
10
184.9895469999999875
20
-52.0675799999999995
11
185.0134029999999825
21
-52.0649749999999969
0
LINE
8
BLACK
6
CONTINUOUS
10
185.0134029999999825
20
-52.0649749999999969
11
185.0372820000000047
21
-52.0625779999999949
0
LINE
8
BLACK
6
CONTINUOUS
10
185.0372820000000047
20
-52.0625779999999949
11
185.0611799999999789
21
-52.0603899999999982
0
LINE
8
BLACK
6
CONTINUOUS
10
185.0611799999999789
20
-52.0603899999999982
11
185.085095999999993
21
-52.058409999999995
0
LINE
8
BLACK
6
CONTINUOUS
10
185.085095999999993
20
-52.058409999999995
11
185.1090289999999925
21
-52.056638999999997
0
LINE
8
BLACK
6
CONTINUOUS
10
185.1090289999999925
20
-52.056638999999997
11
185.1329759999999851
21
-52.0550769999999972
0
LINE
8
BLACK
6
CONTINUOUS
10
185.1329759999999851
20
-52.0550769999999972
11
185.1569360000000017
21
-52.0537239999999954
0
LINE
8
BLACK
6
CONTINUOUS
10
185.1569360000000017
20
-52.0537239999999954
11
185.1809069999999906
21
-52.052579999999999
0
LINE
8
BLACK
6
CONTINUOUS
10
185.1809069999999906
20
-52.052579999999999
11
185.2048869999999852
21
-52.0516450000000006
0
LINE
8
BLACK
6
CONTINUOUS
10
185.2048869999999852
20
-52.0516450000000006
11
185.2288739999999905
21
-52.0509199999999979
0
LINE
8
BLACK
6
CONTINUOUS
10
185.2288739999999905
20
-52.0509199999999979
11
185.2528669999999806
21
-52.0504040000000003
0
LINE
8
BLACK
6
CONTINUOUS
10
185.2528669999999806
20
-52.0504040000000003
11
185.2768629999999916
21
-52.0500970000000009
0
LINE
8
BLACK
6
CONTINUOUS
10
185.2768629999999916
20
-52.0500970000000009
11
185.3008609999999976
21
-52.0499999999999972
0
LINE
8
BLACK
6
CONTINUOUS
10
185.3008609999999976
20
-52.0499999999999972
11
185.3248590000000036
21
-52.0501119999999986
0
LINE
8
BLACK
6
CONTINUOUS
10
185.3248590000000036
20
-52.0501119999999986
11
185.3488549999999861
21
-52.0504339999999956
0
LINE
8
BLACK
6
CONTINUOUS
10
185.3488549999999861
20
-52.0504339999999956
11
185.3728480000000047
21
-52.0509649999999979
0
LINE
8
BLACK
6
CONTINUOUS
10
185.3728480000000047
20
-52.0509649999999979
11
185.3968339999999841
21
-52.0517049999999983
0
LINE
8
BLACK
6
CONTINUOUS
10
185.3968339999999841
20
-52.0517049999999983
11
185.4208139999999787
21
-52.0526549999999943
0
LINE
8
BLACK
6
CONTINUOUS
10
185.4208139999999787
20
-52.0526549999999943
11
185.4408689999999922
21
-52.053609999999999
0
LINE
8
BLACK
6
CONTINUOUS
10
185.8374489999999923
20
-52.1030299999999968
11
185.8609639999999956
21
-52.1078219999999988
0
LINE
8
BLACK
6
CONTINUOUS
10
185.8609639999999956
20
-52.1078219999999988
11
185.8844359999999938
21
-52.1128199999999993
0
LINE
8
BLACK
6
CONTINUOUS
10
185.8844359999999938
20
-52.1128199999999993
11
185.9078629999999919
21
-52.1180230000000009
0
LINE
8
BLACK
6
CONTINUOUS
10
185.9078629999999919
20
-52.1180230000000009
11
185.9312439999999924
21
-52.1234289999999945
0
LINE
8
BLACK
6
CONTINUOUS
10
185.9312439999999924
20
-52.1234289999999945
11
185.9545770000000005
21
-52.1290399999999963
0
LINE
8
BLACK
6
CONTINUOUS
10
185.9545770000000005
20
-52.1290399999999963
11
185.9778609999999901
21
-52.1348539999999971
0
LINE
8
BLACK
6
CONTINUOUS
10
185.9778609999999901
20
-52.1348539999999971
11
186.0010919999999999
21
-52.1408709999999971
0
LINE
8
BLACK
6
CONTINUOUS
10
186.0010919999999999
20
-52.1408709999999971
11
186.0242709999999988
21
-52.1470899999999986
0
LINE
8
BLACK
6
CONTINUOUS
10
186.0242709999999988
20
-52.1470899999999986
11
186.047393999999997
21
-52.1535109999999946
0
LINE
8
BLACK
6
CONTINUOUS
10
186.047393999999997
20
-52.1535109999999946
11
186.0704599999999971
21
-52.1601339999999993
0
LINE
8
BLACK
6
CONTINUOUS
10
186.0704599999999971
20
-52.1601339999999993
11
186.0934680000000014
21
-52.1669580000000011
0
LINE
8
BLACK
6
CONTINUOUS
10
186.0934680000000014
20
-52.1669580000000011
11
186.1164149999999893
21
-52.1739829999999998
0
LINE
8
BLACK
6
CONTINUOUS
10
186.1164149999999893
20
-52.1739829999999998
11
186.1392999999999915
21
-52.1812070000000006
0
LINE
8
BLACK
6
CONTINUOUS
10
186.1392999999999915
20
-52.1812070000000006
11
186.1621209999999849
21
-52.1886310000000009
0
LINE
8
BLACK
6
CONTINUOUS
10
186.1621209999999849
20
-52.1886310000000009
11
186.1848760000000027
21
-52.1962539999999962
0
LINE
8
BLACK
6
CONTINUOUS
10
186.1848760000000027
20
-52.1962539999999962
11
186.2075639999999908
21
-52.204074999999996
0
LINE
8
BLACK
6
CONTINUOUS
10
186.2075639999999908
20
-52.204074999999996
11
186.2301829999999825
21
-52.2120940000000004
0
LINE
8
BLACK
6
CONTINUOUS
10
186.2301829999999825
20
-52.2120940000000004
11
186.2527309999999829
21
-52.2203090000000003
0
LINE
8
BLACK
6
CONTINUOUS
10
186.2527309999999829
20
-52.2203090000000003
11
186.2752069999999947
21
-52.2287219999999976
0
LINE
8
BLACK
6
CONTINUOUS
10
186.2752069999999947
20
-52.2287219999999976
11
186.2976079999999968
21
-52.23733
0
LINE
8
BLACK
6
CONTINUOUS
10
186.2976079999999968
20
-52.23733
11
186.3199329999999918
21
-52.2461330000000004
0
LINE
8
BLACK
6
CONTINUOUS
10
186.3199329999999918
20
-52.2461330000000004
11
186.3421809999999823
21
-52.2551309999999987
0
LINE
8
BLACK
6
CONTINUOUS
10
186.3421809999999823
20
-52.2551309999999987
11
186.3643490000000043
21
-52.2643219999999999
0
LINE
8
BLACK
6
CONTINUOUS
10
186.3643490000000043
20
-52.2643219999999999
11
186.3864360000000033
21
-52.2737069999999946
0
LINE
8
BLACK
6
CONTINUOUS
10
186.3864360000000033
20
-52.2737069999999946
11
186.4084399999999846
21
-52.2832839999999948
0
LINE
8
BLACK
6
CONTINUOUS
10
186.4084399999999846
20
-52.2832839999999948
11
186.430359999999979
21
-52.2930530000000005
0
LINE
8
BLACK
6
CONTINUOUS
10
186.430359999999979
20
-52.2930530000000005
11
186.4521939999999915
21
-52.3030119999999954
0
LINE
8
BLACK
6
CONTINUOUS
10
186.4521939999999915
20
-52.3030119999999954
11
186.4739399999999989
21
-52.3131619999999984
0
LINE
8
BLACK
6
CONTINUOUS
10
186.4739399999999989
20
-52.3131619999999984
11
186.4955970000000036
21
-52.3235010000000003
0
LINE
8
BLACK
6
CONTINUOUS
10
186.4955970000000036
20
-52.3235010000000003
11
186.5171629999999823
21
-52.334029000000001
0
LINE
8
BLACK
6
CONTINUOUS
10
186.5171629999999823
20
-52.334029000000001
11
186.5386359999999968
21
-52.3447439999999986
0
LINE
8
BLACK
6
CONTINUOUS
10
186.5386359999999968
20
-52.3447439999999986
11
186.5600149999999928
21
-52.3556469999999976
0
LINE
8
BLACK
6
CONTINUOUS
10
186.5600149999999928
20
-52.3556469999999976
11
186.581296999999978
21
-52.3667349999999985
0
LINE
8
BLACK
6
CONTINUOUS
10
186.581296999999978
20
-52.3667349999999985
11
186.6024829999999781
21
-52.3780089999999987
0
LINE
8
BLACK
6
CONTINUOUS
10
186.6024829999999781
20
-52.3780089999999987
11
186.6235690000000034
21
-52.3894680000000008
0
LINE
8
BLACK
6
CONTINUOUS
10
186.6235690000000034
20
-52.3894680000000008
11
186.6445539999999994
21
-52.4011099999999956
0
LINE
8
BLACK
6
CONTINUOUS
10
186.6445539999999994
20
-52.4011099999999956
11
186.6654369999999972
21
-52.4129339999999999
0
LINE
8
BLACK
6
CONTINUOUS
10
186.6654369999999972
20
-52.4129339999999999
11
186.6862150000000042
21
-52.4249409999999969
0
LINE
8
BLACK
6
CONTINUOUS
10
186.6862150000000042
20
-52.4249409999999969
11
186.7068889999999897
21
-52.4371279999999942
0
LINE
8
BLACK
6
CONTINUOUS
10
186.7068889999999897
20
-52.4371279999999942
11
186.727454999999992
21
-52.4494949999999989
0
LINE
8
BLACK
6
CONTINUOUS
10
186.727454999999992
20
-52.4494949999999989
11
186.7479119999999853
21
-52.4620409999999993
0
LINE
8
BLACK
6
CONTINUOUS
10
186.7479119999999853
20
-52.4620409999999993
11
186.7682590000000005
21
-52.4747659999999954
0
LINE
8
BLACK
6
CONTINUOUS
10
186.7682590000000005
20
-52.4747659999999954
11
186.7884949999999833
21
-52.4876669999999947
0
LINE
8
BLACK
6
CONTINUOUS
10
186.7884949999999833
20
-52.4876669999999947
11
186.8086169999999981
21
-52.5007449999999949
0
LINE
8
BLACK
6
CONTINUOUS
10
186.8086169999999981
20
-52.5007449999999949
11
186.8286239999999907
21
-52.5139969999999963
0
LINE
8
BLACK
6
CONTINUOUS
10
186.8286239999999907
20
-52.5139969999999963
11
186.8452729999999917
21
-52.5252179999999953
0
LINE
8
BLACK
6
CONTINUOUS
10
187.1586669999999799
20
-52.7732150000000004
11
187.1762829999999838
21
-52.7895119999999949
0
LINE
8
BLACK
6
CONTINUOUS
10
187.1762829999999838
20
-52.7895119999999949
11
187.1937559999999792
21
-52.805962000000001
0
LINE
8
BLACK
6
CONTINUOUS
10
187.1937559999999792
20
-52.805962000000001
11
187.2110849999999971
21
-52.8225639999999999
0
LINE
8
BLACK
6
CONTINUOUS
10
187.2110849999999971
20
-52.8225639999999999
11
187.2282679999999857
21
-52.8393159999999966
0
LINE
8
BLACK
6
CONTINUOUS
10
187.2282679999999857
20
-52.8393159999999966
11
187.2453050000000019
21
-52.8562179999999984
0
LINE
8
BLACK
6
CONTINUOUS
10
187.2453050000000019
20
-52.8562179999999984
11
187.2621929999999963
21
-52.8732679999999959
0
LINE
8
BLACK
6
CONTINUOUS
10
187.2621929999999963
20
-52.8732679999999959
11
187.2789319999999975
21
-52.8904639999999944
0
LINE
8
BLACK
6
CONTINUOUS
10
187.2789319999999975
20
-52.8904639999999944
11
187.2955209999999795
21
-52.9078060000000008
0
LINE
8
BLACK
6
CONTINUOUS
10
187.2955209999999795
20
-52.9078060000000008
11
187.3119569999999783
21
-52.9252919999999989
0
LINE
8
BLACK
6
CONTINUOUS
10
187.3119569999999783
20
-52.9252919999999989
11
187.3282399999999939
21
-52.9429209999999983
0
LINE
8
BLACK
6
CONTINUOUS
10
187.3282399999999939
20
-52.9429209999999983
11
187.3443690000000004
21
-52.9606909999999971
0
LINE
8
BLACK
6
CONTINUOUS
10
187.3443690000000004
20
-52.9606909999999971
11
187.3603420000000028
21
-52.9786009999999976
0
LINE
8
BLACK
6
CONTINUOUS
10
187.3603420000000028
20
-52.9786009999999976
11
187.3761580000000038
21
-52.9966499999999954
0
LINE
8
BLACK
6
CONTINUOUS
10
187.3761580000000038
20
-52.9966499999999954
11
187.3918160000000057
21
-53.014837
0
LINE
8
BLACK
6
CONTINUOUS
10
187.3918160000000057
20
-53.014837
11
187.4073139999999853
21
-53.0331589999999977
0
LINE
8
BLACK
6
CONTINUOUS
10
187.4073139999999853
20
-53.0331589999999977
11
187.4226519999999994
21
-53.0516159999999957
0
LINE
8
BLACK
6
CONTINUOUS
10
187.4226519999999994
20
-53.0516159999999957
11
187.4378289999999936
21
-53.0702059999999989
0
LINE
8
BLACK
6
CONTINUOUS
10
187.4378289999999936
20
-53.0702059999999989
11
187.4528430000000014
21
-53.0889279999999957
0
LINE
8
BLACK
6
CONTINUOUS
10
187.4528430000000014
20
-53.0889279999999957
11
187.4676919999999996
21
-53.1077799999999982
0
LINE
8
BLACK
6
CONTINUOUS
10
187.4676919999999996
20
-53.1077799999999982
11
187.4823769999999854
21
-53.1267599999999973
0
LINE
8
BLACK
6
CONTINUOUS
10
187.4823769999999854
20
-53.1267599999999973
11
187.496894999999995
21
-53.1458689999999976
0
LINE
8
BLACK
6
CONTINUOUS
10
187.496894999999995
20
-53.1458689999999976
11
187.5112469999999973
21
-53.1651029999999949
0
LINE
8
BLACK
6
CONTINUOUS
10
187.5112469999999973
20
-53.1651029999999949
11
187.5254290000000026
21
-53.1844619999999964
0
LINE
8
BLACK
6
CONTINUOUS
10
187.5254290000000026
20
-53.1844619999999964
11
187.5394430000000057
21
-53.2039439999999999
0
LINE
8
BLACK
6
CONTINUOUS
10
187.5394430000000057
20
-53.2039439999999999
11
187.5532859999999857
21
-53.2235469999999964
0
LINE
8
BLACK
6
CONTINUOUS
10
187.5532859999999857
20
-53.2235469999999964
11
187.5669570000000022
21
-53.2432699999999954
0
LINE
8
BLACK
6
CONTINUOUS
10
187.5669570000000022
20
-53.2432699999999954
11
187.5804550000000006
21
-53.2631119999999996
0
LINE
8
BLACK
6
CONTINUOUS
10
187.5804550000000006
20
-53.2631119999999996
11
187.5937799999999811
21
-53.2830709999999996
0
LINE
8
BLACK
6
CONTINUOUS
10
187.5937799999999811
20
-53.2830709999999996
11
187.6069300000000055
21
-53.3031459999999981
0
LINE
8
BLACK
6
CONTINUOUS
10
187.6069300000000055
20
-53.3031459999999981
11
187.6199049999999886
21
-53.3233339999999956
0
LINE
8
BLACK
6
CONTINUOUS
10
187.6199049999999886
20
-53.3233339999999956
11
187.6327029999999922
21
-53.343634999999999
0
LINE
8
BLACK
6
CONTINUOUS
10
187.6327029999999922
20
-53.343634999999999
11
187.6453229999999905
21
-53.3640469999999993
0
LINE
8
BLACK
6
CONTINUOUS
10
187.6453229999999905
20
-53.3640469999999993
11
187.657763999999986
21
-53.3845679999999945
0
LINE
8
BLACK
6
CONTINUOUS
10
187.657763999999986
20
-53.3845679999999945
11
187.6700259999999787
21
-53.405196999999994
0
LINE
8
BLACK
6
CONTINUOUS
10
187.6700259999999787
20
-53.405196999999994
11
187.6821079999999995
21
-53.4259330000000006
0
LINE
8
BLACK
6
CONTINUOUS
10
187.6821079999999995
20
-53.4259330000000006
11
187.6940079999999966
21
-53.4467719999999957
0
LINE
8
BLACK
6
CONTINUOUS
10
187.6940079999999966
20
-53.4467719999999957
11
187.7057259999999985
21
-53.4677149999999983
0
LINE
8
BLACK
6
CONTINUOUS
10
187.7057259999999985
20
-53.4677149999999983
11
187.7172609999999793
21
-53.4887599999999992
0
LINE
8
BLACK
6
CONTINUOUS
10
187.7172609999999793
20
-53.4887599999999992
11
187.7286110000000008
21
-53.5099039999999988
0
LINE
8
BLACK
6
CONTINUOUS
10
187.7286110000000008
20
-53.5099039999999988
11
187.7397770000000037
21
-53.5311459999999997
0
LINE
8
BLACK
6
CONTINUOUS
10
187.7397770000000037
20
-53.5311459999999997
11
187.750756999999993
21
-53.5524859999999947
0
LINE
8
BLACK
6
CONTINUOUS
10
187.750756999999993
20
-53.5524859999999947
11
187.7615499999999997
21
-53.5739200000000011
0
LINE
8
BLACK
6
CONTINUOUS
10
187.7615499999999997
20
-53.5739200000000011
11
187.7721549999999979
21
-53.5954470000000001
0
LINE
8
BLACK
6
CONTINUOUS
10
187.7721549999999979
20
-53.5954470000000001
11
187.7825729999999851
21
-53.6170659999999941
0
LINE
8
BLACK
6
CONTINUOUS
10
187.7825729999999851
20
-53.6170659999999941
11
187.7928009999999972
21
-53.638776
0
LINE
8
BLACK
6
CONTINUOUS
10
187.7928009999999972
20
-53.638776
11
187.80121299999999
21
-53.6570059999999955
0
LINE
8
BLACK
6
CONTINUOUS
10
187.9404679999999814
20
-54.0316070000000011
11
187.947072999999989
21
-54.0546790000000001
0
LINE
8
BLACK
6
CONTINUOUS
10
187.947072999999989
20
-54.0546790000000001
11
187.9534759999999949
21
-54.077807
0
LINE
8
BLACK
6
CONTINUOUS
10
187.9534759999999949
20
-54.077807
11
187.9596779999999967
21
-54.1009899999999959
0
LINE
8
BLACK
6
CONTINUOUS
10
187.9596779999999967
20
-54.1009899999999959
11
187.965676000000002
21
-54.1242260000000002
0
LINE
8
BLACK
6
CONTINUOUS
10
187.965676000000002
20
-54.1242260000000002
11
187.9714720000000057
21
-54.147514000000001
0
LINE
8
BLACK
6
CONTINUOUS
10
187.9714720000000057
20
-54.147514000000001
11
187.9770639999999844
21
-54.1708519999999965
0
LINE
8
BLACK
6
CONTINUOUS
10
187.9770639999999844
20
-54.1708519999999965
11
187.9824529999999925
21
-54.194236999999994
0
LINE
8
BLACK
6
CONTINUOUS
10
187.9824529999999925
20
-54.194236999999994
11
187.9876369999999781
21
-54.2176690000000008
0
LINE
8
BLACK
6
CONTINUOUS
10
187.9876369999999781
20
-54.2176690000000008
11
187.9926159999999982
21
-54.2411449999999959
0
LINE
8
BLACK
6
CONTINUOUS
10
187.9926159999999982
20
-54.2411449999999959
11
187.9973899999999958
21
-54.2646629999999988
0
LINE
8
BLACK
6
CONTINUOUS
10
187.9973899999999958
20
-54.2646629999999988
11
188.0019589999999994
21
-54.288222999999995
0
LINE
8
BLACK
6
CONTINUOUS
10
188.0019589999999994
20
-54.288222999999995
11
188.0063219999999831
21
-54.3118209999999948
0
LINE
8
BLACK
6
CONTINUOUS
10
188.0063219999999831
20
-54.3118209999999948
11
188.0104790000000037
21
-54.3354560000000006
0
LINE
8
BLACK
6
CONTINUOUS
10
188.0104790000000037
20
-54.3354560000000006
11
188.0144300000000044
21
-54.3591270000000009
0
LINE
8
BLACK
6
CONTINUOUS
10
188.0144300000000044
20
-54.3591270000000009
11
188.0181739999999877
21
-54.3828309999999959
0
LINE
8
BLACK
6
CONTINUOUS
10
188.0181739999999877
20
-54.3828309999999959
11
188.0217109999999821
21
-54.4065669999999955
0
LINE
8
BLACK
6
CONTINUOUS
10
188.0217109999999821
20
-54.4065669999999955
11
188.0250409999999874
21
-54.4303339999999949
0
LINE
8
BLACK
6
CONTINUOUS
10
188.0250409999999874
20
-54.4303339999999949
11
188.028162999999978
21
-54.4541279999999972
0
LINE
8
BLACK
6
CONTINUOUS
10
188.028162999999978
20
-54.4541279999999972
11
188.031076999999982
21
-54.4779479999999978
0
LINE
8
BLACK
6
CONTINUOUS
10
188.031076999999982
20
-54.4779479999999978
11
188.0337839999999971
21
-54.5017929999999993
0
LINE
8
BLACK
6
CONTINUOUS
10
188.0337839999999971
20
-54.5017929999999993
11
188.0362819999999999
21
-54.5256609999999995
0
LINE
8
BLACK
6
CONTINUOUS
10
188.0362819999999999
20
-54.5256609999999995
11
188.0385719999999878
21
-54.5495499999999964
0
LINE
8
BLACK
6
CONTINUOUS
10
188.0385719999999878
20
-54.5495499999999964
11
188.0406529999999918
21
-54.5734579999999951
0
LINE
8
BLACK
6
CONTINUOUS
10
188.0406529999999918
20
-54.5734579999999951
11
188.042525999999981
21
-54.5973830000000007
0
LINE
8
BLACK
6
CONTINUOUS
10
188.042525999999981
20
-54.5973830000000007
11
188.0441889999999887
21
-54.6213229999999967
0
LINE
8
BLACK
6
CONTINUOUS
10
188.0441889999999887
20
-54.6213229999999967
11
188.0456439999999816
21
-54.6452770000000001
0
LINE
8
BLACK
6
CONTINUOUS
10
188.0456439999999816
20
-54.6452770000000001
11
188.0468899999999906
21
-54.6692429999999945
0
LINE
8
BLACK
6
CONTINUOUS
10
188.0468899999999906
20
-54.6692429999999945
11
188.0479259999999897
21
-54.6932189999999991
0
LINE
8
BLACK
6
CONTINUOUS
10
188.0479259999999897
20
-54.6932189999999991
11
188.0487530000000049
21
-54.7172029999999978
0
LINE
8
BLACK
6
CONTINUOUS
10
188.0487530000000049
20
-54.7172029999999978
11
188.0493709999999794
21
-54.7411929999999955
0
LINE
8
BLACK
6
CONTINUOUS
10
188.0493709999999794
20
-54.7411929999999955
11
188.0497799999999984
21
-54.7651879999999949
0
LINE
8
BLACK
6
CONTINUOUS
10
188.0497799999999984
20
-54.7651879999999949
11
188.0499789999999791
21
-54.7891849999999963
0
LINE
8
BLACK
6
CONTINUOUS
10
188.0499789999999791
20
-54.7891849999999963
11
188.0499999999999829
21
-54.7999999999999972
0
CIRCLE
8
BLACK
10
391.625
20
-54.7999999999999972
40
2.5499999999999998
0
LINE
8
BLACK
6
CONTINUOUS
10
451.5499999999999545
20
-49.7999999999999972
11
459.5499999999999545
21
-49.7999999999999972
0
LINE
8
BLACK
6
CONTINUOUS
10
421.7999999999999545
20
-210.0999999999999943
11
421.799980000000005
21
-210.1043640000000039
0
LINE
8
BLACK
6
CONTINUOUS
10
421.799980000000005
20
-210.1043640000000039
11
421.7999219999999809
21
-210.1087279999999851
0
LINE
8
BLACK
6
CONTINUOUS
10
421.7999219999999809
20
-210.1087279999999851
11
421.7998259999999959
21
-210.1130909999999972
0
LINE
8
BLACK
6
CONTINUOUS
10
421.7998259999999959
20
-210.1130909999999972
11
421.7996919999999932
21
-210.1174529999999834
0
LINE
8
BLACK
6
CONTINUOUS
10
421.7996919999999932
20
-210.1174529999999834
11
421.7995199999999727
21
-210.1218140000000005
0
LINE
8
BLACK
6
CONTINUOUS
10
421.7995199999999727
20
-210.1218140000000005
11
421.7993089999999938
21
-210.1261729999999943
0
LINE
8
BLACK
6
CONTINUOUS
10
421.7993089999999938
20
-210.1261729999999943
11
421.7990609999999947
21
-210.1305299999999932
0
LINE
8
BLACK
6
CONTINUOUS
10
421.7990609999999947
20
-210.1305299999999932
11
421.7987749999999778
21
-210.134884999999997
0
LINE
8
BLACK
6
CONTINUOUS
10
421.7987749999999778
20
-210.134884999999997
11
421.798451
21
-210.1392369999999801
0
LINE
8
BLACK
6
CONTINUOUS
10
421.798451
20
-210.1392369999999801
11
421.798088000000007
21
-210.1435859999999991
0
LINE
8
BLACK
6
CONTINUOUS
10
421.798088000000007
20
-210.1435859999999991
11
421.7976879999999937
21
-210.1479319999999973
0
LINE
8
BLACK
6
CONTINUOUS
10
421.7976879999999937
20
-210.1479319999999973
11
421.7972499999999627
21
-210.1522739999999771
0
LINE
8
BLACK
6
CONTINUOUS
10
421.7972499999999627
20
-210.1522739999999771
11
421.7967739999999708
21
-210.1566119999999955
0
LINE
8
BLACK
6
CONTINUOUS
10
421.7967739999999708
20
-210.1566119999999955
11
421.7962599999999611
21
-210.1609459999999956
0
LINE
8
BLACK
6
CONTINUOUS
10
421.7962599999999611
20
-210.1609459999999956
11
421.795708999999988
21
-210.1652749999999799
0
LINE
8
BLACK
6
CONTINUOUS
10
421.795708999999988
20
-210.1652749999999799
11
421.7951189999999997
21
-210.1695989999999767
0
LINE
8
BLACK
6
CONTINUOUS
10
421.7951189999999997
20
-210.1695989999999767
11
421.7944919999999911
21
-210.1739179999999863
0
LINE
8
BLACK
6
CONTINUOUS
10
421.7944919999999911
20
-210.1739179999999863
11
421.7938269999999648
21
-210.17823199999998
0
LINE
8
BLACK
6
CONTINUOUS
10
421.7938269999999648
20
-210.17823199999998
11
421.793124999999975
21
-210.1825389999999913
0
LINE
8
BLACK
6
CONTINUOUS
10
421.793124999999975
20
-210.1825389999999913
11
421.7923849999999675
21
-210.1868399999999895
0
LINE
8
BLACK
6
CONTINUOUS
10
421.7923849999999675
20
-210.1868399999999895
11
421.7916079999999965
21
-210.1911339999999768
0
LINE
8
BLACK
6
CONTINUOUS
10
421.7916079999999965
20
-210.1911339999999768
11
421.7907930000000079
21
-210.1954219999999793
0
LINE
8
BLACK
6
CONTINUOUS
10
421.7907930000000079
20
-210.1954219999999793
11
421.7899400000000014
21
-210.199702000000002
0
LINE
8
BLACK
6
CONTINUOUS
10
421.7899400000000014
20
-210.199702000000002
11
421.7890509999999722
21
-210.2039739999999881
0
LINE
8
BLACK
6
CONTINUOUS
10
421.7890509999999722
20
-210.2039739999999881
11
421.7881239999999821
21
-210.2082389999999918
0
LINE
8
BLACK
6
CONTINUOUS
10
421.7881239999999821
20
-210.2082389999999918
11
421.7871599999999717
21
-210.2124949999999899
0
LINE
8
BLACK
6
CONTINUOUS
10
421.7871599999999717
20
-210.2124949999999899
11
421.7861589999999978
21
-210.2167429999999797
0
LINE
8
BLACK
6
CONTINUOUS
10
421.7861589999999978
20
-210.2167429999999797
11
421.7851210000000037
21
-210.2209819999999922
0
LINE
8
BLACK
6
CONTINUOUS
10
421.7851210000000037
20
-210.2209819999999922
11
421.7840459999999894
21
-210.2252119999999991
0
LINE
8
BLACK
6
CONTINUOUS
10
421.7840459999999894
20
-210.2252119999999991
11
421.7829339999999547
21
-210.2294320000000027
0
LINE
8
BLACK
6
CONTINUOUS
10
421.7829339999999547
20
-210.2294320000000027
11
421.7817849999999567
21
-210.2336420000000032
0
LINE
8
BLACK
6
CONTINUOUS
10
421.7817849999999567
20
-210.2336420000000032
11
421.7805989999999952
21
-210.2378420000000006
0
LINE
8
BLACK
6
CONTINUOUS
10
421.7805989999999952
20
-210.2378420000000006
11
421.779376999999954
21
-210.2420319999999947
0
LINE
8
BLACK
6
CONTINUOUS
10
421.779376999999954
20
-210.2420319999999947
11
421.7781190000000038
21
-210.2462109999999882
0
LINE
8
BLACK
6
CONTINUOUS
10
421.7781190000000038
20
-210.2462109999999882
11
421.7768239999999764
21
-210.2503779999999836
0
LINE
8
BLACK
6
CONTINUOUS
10
421.7768239999999764
20
-210.2503779999999836
11
421.7754919999999856
21
-210.2545350000000042
0
LINE
8
BLACK
6
CONTINUOUS
10
421.7754919999999856
20
-210.2545350000000042
11
421.7741249999999695
21
-210.2586790000000008
0
LINE
8
BLACK
6
CONTINUOUS
10
421.7741249999999695
20
-210.2586790000000008
11
421.77272099999999
21
-210.2628109999999992
0
LINE
8
BLACK
6
CONTINUOUS
10
421.77272099999999
20
-210.2628109999999992
11
421.7712819999999851
21
-210.2669309999999996
0
LINE
8
BLACK
6
CONTINUOUS
10
421.7712819999999851
20
-210.2669309999999996
11
421.76980599999996
21
-210.2710380000000043
0
LINE
8
BLACK
6
CONTINUOUS
10
421.76980599999996
20
-210.2710380000000043
11
421.7682949999999664
21
-210.2751319999999851
0
LINE
8
BLACK
6
CONTINUOUS
10
421.7682949999999664
20
-210.2751319999999851
11
421.7667480000000069
21
-210.2792129999999986
0
LINE
8
BLACK
6
CONTINUOUS
10
421.7667480000000069
20
-210.2792129999999986
11
421.7651649999999677
21
-210.2832799999999907
0
LINE
8
BLACK
6
CONTINUOUS
10
421.7651649999999677
20
-210.2832799999999907
11
421.76354699999996
21
-210.2873329999999896
0
LINE
8
BLACK
6
CONTINUOUS
10
421.76354699999996
20
-210.2873329999999896
11
421.7618939999999839
21
-210.2913719999999955
0
LINE
8
BLACK
6
CONTINUOUS
10
421.7618939999999839
20
-210.2913719999999955
11
421.7602049999999849
21
-210.2953969999999799
0
LINE
8
BLACK
6
CONTINUOUS
10
421.7602049999999849
20
-210.2953969999999799
11
421.7584819999999581
21
-210.2994059999999763
0
LINE
8
BLACK
6
CONTINUOUS
10
421.7584819999999581
20
-210.2994059999999763
11
421.7567229999999654
21
-210.3033999999999821
0
LINE
8
BLACK
6
CONTINUOUS
10
421.7567229999999654
20
-210.3033999999999821
11
421.7549300000000017
21
-210.3073789999999974
0
LINE
8
BLACK
6
CONTINUOUS
10
421.7549300000000017
20
-210.3073789999999974
11
421.7531019999999558
21
-210.3113419999999962
0
LINE
8
BLACK
6
CONTINUOUS
10
421.7531019999999558
20
-210.3113419999999962
11
421.7512399999999957
21
-210.3152889999999786
0
LINE
8
BLACK
6
CONTINUOUS
10
421.7512399999999957
20
-210.3152889999999786
11
421.7493429999999535
21
-210.3192190000000039
0
LINE
8
BLACK
6
CONTINUOUS
10
421.7493429999999535
20
-210.3192190000000039
11
421.7474119999999971
21
-210.3231329999999843
0
LINE
8
BLACK
6
CONTINUOUS
10
421.7474119999999971
20
-210.3231329999999843
11
421.745446999999956
21
-210.3270299999999793
0
LINE
8
BLACK
6
CONTINUOUS
10
421.745446999999956
20
-210.3270299999999793
11
421.7434480000000008
21
-210.3309089999999912
0
LINE
8
BLACK
6
CONTINUOUS
10
421.7434480000000008
20
-210.3309089999999912
11
421.7414149999999609
21
-210.3347709999999893
0
LINE
8
BLACK
6
CONTINUOUS
10
421.7414149999999609
20
-210.3347709999999893
11
421.7393490000000043
21
-210.3386150000000043
0
LINE
8
BLACK
6
CONTINUOUS
10
421.7393490000000043
20
-210.3386150000000043
11
421.737248999999963
21
-210.3424409999999796
0
LINE
8
BLACK
6
CONTINUOUS
10
421.737248999999963
20
-210.3424409999999796
11
421.735116000000005
21
-210.3462480000000028
0
LINE
8
BLACK
6
CONTINUOUS
10
421.735116000000005
20
-210.3462480000000028
11
421.7329489999999623
21
-210.3500369999999862
0
LINE
8
BLACK
6
CONTINUOUS
10
421.7329489999999623
20
-210.3500369999999862
11
421.7307500000000005
21
-210.3538059999999916
0
LINE
8
BLACK
6
CONTINUOUS
10
421.7307500000000005
20
-210.3538059999999916
11
421.7285180000000082
21
-210.3575559999999882
0
LINE
8
BLACK
6
CONTINUOUS
10
421.7285180000000082
20
-210.3575559999999882
11
421.7262529999999856
21
-210.3612870000000044
0
LINE
8
BLACK
6
CONTINUOUS
10
421.7262529999999856
20
-210.3612870000000044
11
421.7239559999999869
21
-210.3649969999999882
0
LINE
8
BLACK
6
CONTINUOUS
10
421.7239559999999869
20
-210.3649969999999882
11
421.7216259999999579
21
-210.3686879999999917
0
LINE
8
BLACK
6
CONTINUOUS
10
421.7216259999999579
20
-210.3686879999999917
11
421.7192650000000071
21
-210.3723579999999913
0
LINE
8
BLACK
6
CONTINUOUS
10
421.7192650000000071
20
-210.3723579999999913
11
421.7168709999999692
21
-210.3760069999999871
0
LINE
8
BLACK
6
CONTINUOUS
10
421.7168709999999692
20
-210.3760069999999871
11
421.7144459999999526
21
-210.3796349999999791
0
LINE
8
BLACK
6
CONTINUOUS
10
421.7144459999999526
20
-210.3796349999999791
11
421.71198899999996
21
-210.3832419999999956
0
LINE
8
BLACK
6
CONTINUOUS
10
421.71198899999996
20
-210.3832419999999956
11
421.7095009999999888
21
-210.3868269999999825
0
LINE
8
BLACK
6
CONTINUOUS
10
421.7095009999999888
20
-210.3868269999999825
11
421.7069809999999848
21
-210.3903909999999939
0
LINE
8
BLACK
6
CONTINUOUS
10
421.7069809999999848
20
-210.3903909999999939
11
421.7044309999999996
21
-210.3939319999999782
0
LINE
8
BLACK
6
CONTINUOUS
10
421.7044309999999996
20
-210.3939319999999782
11
421.7018489999999815
21
-210.3974509999999896
0
LINE
8
BLACK
6
CONTINUOUS
10
421.7018489999999815
20
-210.3974509999999896
11
421.6992369999999823
21
-210.4009479999999996
0
LINE
8
BLACK
6
CONTINUOUS
10
421.6992369999999823
20
-210.4009479999999996
11
421.6965950000000021
21
-210.404420999999985
0
LINE
8
BLACK
6
CONTINUOUS
10
421.6965950000000021
20
-210.404420999999985
11
421.6939229999999839
21
-210.4078710000000001
0
LINE
8
BLACK
6
CONTINUOUS
10
421.6939229999999839
20
-210.4078710000000001
11
421.6912199999999871
21
-210.411297999999988
0
LINE
8
BLACK
6
CONTINUOUS
10
421.6912199999999871
20
-210.411297999999988
11
421.6884880000000067
21
-210.4147009999999796
0
LINE
8
BLACK
6
CONTINUOUS
10
421.6884880000000067
20
-210.4147009999999796
11
421.6857259999999883
21
-210.4180800000000033
0
LINE
8
BLACK
6
CONTINUOUS
10
421.6857259999999883
20
-210.4180800000000033
11
421.6829349999999863
21
-210.4214350000000024
0
LINE
8
BLACK
6
CONTINUOUS
10
421.6829349999999863
20
-210.4214350000000024
11
421.6801140000000032
21
-210.4247649999999794
0
LINE
8
BLACK
6
CONTINUOUS
10
421.6801140000000032
20
-210.4247649999999794
11
421.6772649999999771
21
-210.4280709999999885
0
LINE
8
BLACK
6
CONTINUOUS
10
421.6772649999999771
20
-210.4280709999999885
11
421.67438599999997
21
-210.4313509999999781
0
LINE
8
BLACK
6
CONTINUOUS
10
421.67438599999997
20
-210.4313509999999781
11
421.6714799999999741
21
-210.4346069999999997
0
LINE
8
BLACK
6
CONTINUOUS
10
421.6714799999999741
20
-210.4346069999999997
11
421.6685449999999946
21
-210.4378360000000043
0
LINE
8
BLACK
6
CONTINUOUS
10
421.6685449999999946
20
-210.4378360000000043
11
421.6655819999999721
21
-210.4410409999999843
0
LINE
8
BLACK
6
CONTINUOUS
10
421.6655819999999721
20
-210.4410409999999843
11
421.6625909999999635
21
-210.4442190000000039
0
LINE
8
BLACK
6
CONTINUOUS
10
421.6625909999999635
20
-210.4442190000000039
11
421.6595719999999687
21
-210.447371000000004
0
LINE
8
BLACK
6
CONTINUOUS
10
421.6595719999999687
20
-210.447371000000004
11
421.6565259999999853
21
-210.4504959999999869
0
LINE
8
BLACK
6
CONTINUOUS
10
421.6565259999999853
20
-210.4504959999999869
11
421.6534529999999563
21
-210.4535949999999787
0
LINE
8
BLACK
6
CONTINUOUS
10
421.6534529999999563
20
-210.4535949999999787
11
421.6503529999999955
21
-210.4566669999999817
0
LINE
8
BLACK
6
CONTINUOUS
10
421.6503529999999955
20
-210.4566669999999817
11
421.6472269999999867
21
-210.4597109999999986
0
LINE
8
BLACK
6
CONTINUOUS
10
421.6472269999999867
20
-210.4597109999999986
11
421.6440739999999892
21
-210.4627289999999959
0
LINE
8
BLACK
6
CONTINUOUS
10
421.6440739999999892
20
-210.4627289999999959
11
421.640894000000003
21
-210.4657179999999812
0
LINE
8
BLACK
6
CONTINUOUS
10
421.640894000000003
20
-210.4657179999999812
11
421.6376889999999662
21
-210.4686799999999778
0
LINE
8
BLACK
6
CONTINUOUS
10
421.6376889999999662
20
-210.4686799999999778
11
421.6344579999999951
21
-210.4716139999999882
0
LINE
8
BLACK
6
CONTINUOUS
10
421.6344579999999951
20
-210.4716139999999882
11
421.6312009999999759
21
-210.4745189999999866
0
LINE
8
BLACK
6
CONTINUOUS
10
421.6312009999999759
20
-210.4745189999999866
11
421.6279199999999605
21
-210.4773959999999988
0
LINE
8
BLACK
6
CONTINUOUS
10
421.6279199999999605
20
-210.4773959999999988
11
421.6246129999999539
21
-210.480243999999999
0
LINE
8
BLACK
6
CONTINUOUS
10
421.6246129999999539
20
-210.480243999999999
11
421.6212809999999536
21
-210.4830629999999871
0
LINE
8
BLACK
6
CONTINUOUS
10
421.6212809999999536
20
-210.4830629999999871
11
421.6179259999999545
21
-210.4858529999999917
0
LINE
8
BLACK
6
CONTINUOUS
10
421.6179259999999545
20
-210.4858529999999917
11
421.6145449999999641
21
-210.4886139999999841
0
LINE
8
BLACK
6
CONTINUOUS
10
421.6145449999999641
20
-210.4886139999999841
11
421.6111409999999751
21
-210.4913449999999955
0
LINE
8
BLACK
6
CONTINUOUS
10
421.6111409999999751
20
-210.4913449999999955
11
421.6077139999999872
21
-210.4940459999999973
0
LINE
8
BLACK
6
CONTINUOUS
10
421.6077139999999872
20
-210.4940459999999973
11
421.6042620000000056
21
-210.4967169999999896
0
LINE
8
BLACK
6
CONTINUOUS
10
421.6042620000000056
20
-210.4967169999999896
11
421.6007879999999659
21
-210.4993580000000009
0
LINE
8
BLACK
6
CONTINUOUS
10
421.6007879999999659
20
-210.4993580000000009
11
421.5972899999999868
21
-210.5019679999999767
0
LINE
8
BLACK
6
CONTINUOUS
10
421.5972899999999868
20
-210.5019679999999767
11
421.5937710000000038
21
-210.5045479999999998
0
LINE
8
BLACK
6
CONTINUOUS
10
421.5937710000000038
20
-210.5045479999999998
11
421.5902279999999678
21
-210.5070969999999875
0
LINE
8
BLACK
6
CONTINUOUS
10
421.5902279999999678
20
-210.5070969999999875
11
421.5866639999999848
21
-210.5096149999999966
0
LINE
8
BLACK
6
CONTINUOUS
10
421.5866639999999848
20
-210.5096149999999966
11
421.583077000000003
21
-210.5121019999999987
0
LINE
8
BLACK
6
CONTINUOUS
10
421.583077000000003
20
-210.5121019999999987
11
421.5794689999999605
21
-210.5145579999999939
0
LINE
8
BLACK
6
CONTINUOUS
10
421.5794689999999605
20
-210.5145579999999939
11
421.575839999999971
21
-210.516980999999987
0
LINE
8
BLACK
6
CONTINUOUS
10
421.575839999999971
20
-210.516980999999987
11
421.5721899999999778
21
-210.5193739999999991
0
LINE
8
BLACK
6
CONTINUOUS
10
421.5721899999999778
20
-210.5193739999999991
11
421.5685189999999807
21
-210.5217339999999808
0
LINE
8
BLACK
6
CONTINUOUS
10
421.5685189999999807
20
-210.5217339999999808
11
421.5648279999999772
21
-210.5240619999999865
0
LINE
8
BLACK
6
CONTINUOUS
10
421.5648279999999772
20
-210.5240619999999865
11
421.56111599999997
21
-210.5263579999999877
0
LINE
8
BLACK
6
CONTINUOUS
10
421.56111599999997
20
-210.5263579999999877
11
421.5573849999999538
21
-210.5286209999999869
0
LINE
8
BLACK
6
CONTINUOUS
10
421.5573849999999538
20
-210.5286209999999869
11
421.5536339999999882
21
-210.5308509999999842
0
LINE
8
BLACK
6
CONTINUOUS
10
421.5536339999999882
20
-210.5308509999999842
11
421.5498629999999594
21
-210.533048999999977
0
LINE
8
BLACK
6
CONTINUOUS
10
421.5498629999999594
20
-210.533048999999977
11
421.546073999999976
21
-210.5352139999999963
0
LINE
8
BLACK
6
CONTINUOUS
10
421.546073999999976
20
-210.5352139999999963
11
421.5422659999999837
21
-210.5373459999999852
0
LINE
8
BLACK
6
CONTINUOUS
10
421.5422659999999837
20
-210.5373459999999852
11
421.5384389999999826
21
-210.5394440000000031
0
LINE
8
BLACK
6
CONTINUOUS
10
421.5384389999999826
20
-210.5394440000000031
11
421.53459399999997
21
-210.5415089999999907
0
LINE
8
BLACK
6
CONTINUOUS
10
421.53459399999997
20
-210.5415089999999907
11
421.5307320000000004
21
-210.5435399999999788
0
LINE
8
BLACK
6
CONTINUOUS
10
421.5307320000000004
20
-210.5435399999999788
11
421.5268519999999626
21
-210.5455379999999934
0
LINE
8
BLACK
6
CONTINUOUS
10
421.5268519999999626
20
-210.5455379999999934
11
421.5229539999999702
21
-210.5475009999999827
0
LINE
8
BLACK
6
CONTINUOUS
10
421.5229539999999702
20
-210.5475009999999827
11
421.5190399999999613
21
-210.5494309999999984
0
LINE
8
BLACK
6
CONTINUOUS
10
421.5190399999999613
20
-210.5494309999999984
11
421.5151079999999979
21
-210.5513259999999889
0
LINE
8
BLACK
6
CONTINUOUS
10
421.5151079999999979
20
-210.5513259999999889
11
421.5111609999999587
21
-210.5531869999999799
0
LINE
8
BLACK
6
CONTINUOUS
10
421.5111609999999587
20
-210.5531869999999799
11
421.5071969999999624
21
-210.5550130000000024
0
LINE
8
BLACK
6
CONTINUOUS
10
421.5071969999999624
20
-210.5550130000000024
11
421.5032180000000039
21
-210.5568049999999971
0
LINE
8
BLACK
6
CONTINUOUS
10
421.5032180000000039
20
-210.5568049999999971
11
421.4992229999999722
21
-210.5585619999999949
0
LINE
8
BLACK
6
CONTINUOUS
10
421.4992229999999722
20
-210.5585619999999949
11
421.4952129999999784
21
-210.5602839999999958
0
LINE
8
BLACK
6
CONTINUOUS
10
421.4952129999999784
20
-210.5602839999999958
11
421.4911879999999655
21
-210.5619700000000023
0
LINE
8
BLACK
6
CONTINUOUS
10
421.4911879999999655
20
-210.5619700000000023
11
421.4871479999999906
21
-210.563621999999981
0
LINE
8
BLACK
6
CONTINUOUS
10
421.4871479999999906
20
-210.563621999999981
11
421.4830939999999941
21
-210.5652379999999937
0
LINE
8
BLACK
6
CONTINUOUS
10
421.4830939999999941
20
-210.5652379999999937
11
421.4790259999999762
21
-210.5668189999999811
0
LINE
8
BLACK
6
CONTINUOUS
10
421.4790259999999762
20
-210.5668189999999811
11
421.4749449999999911
21
-210.568365
0
LINE
8
BLACK
6
CONTINUOUS
10
421.4749449999999911
20
-210.568365
11
421.4708499999999844
21
-210.5698739999999987
0
LINE
8
BLACK
6
CONTINUOUS
10
421.4708499999999844
20
-210.5698739999999987
11
421.4667430000000081
21
-210.5713480000000004
0
LINE
8
BLACK
6
CONTINUOUS
10
421.4667430000000081
20
-210.5713480000000004
11
421.4626219999999535
21
-210.5727859999999794
0
LINE
8
BLACK
6
CONTINUOUS
10
421.4626219999999535
20
-210.5727859999999794
11
421.4584889999999859
21
-210.5741879999999924
0
LINE
8
BLACK
6
CONTINUOUS
10
421.4584889999999859
20
-210.5741879999999924
11
421.4543439999999919
21
-210.5755539999999826
0
LINE
8
BLACK
6
CONTINUOUS
10
421.4543439999999919
20
-210.5755539999999826
11
421.4501879999999687
21
-210.5768839999999784
0
LINE
8
BLACK
6
CONTINUOUS
10
421.4501879999999687
20
-210.5768839999999784
11
421.4460189999999784
21
-210.5781769999999824
0
LINE
8
BLACK
6
CONTINUOUS
10
421.4460189999999784
20
-210.5781769999999824
11
421.4418399999999565
21
-210.579433999999992
0
LINE
8
BLACK
6
CONTINUOUS
10
421.4418399999999565
20
-210.579433999999992
11
421.4376499999999623
21
-210.5806549999999788
0
LINE
8
BLACK
6
CONTINUOUS
10
421.4376499999999623
20
-210.5806549999999788
11
421.4334499999999935
21
-210.5818379999999763
0
LINE
8
BLACK
6
CONTINUOUS
10
421.4334499999999935
20
-210.5818379999999763
11
421.4292389999999955
21
-210.5829849999999794
0
LINE
8
BLACK
6
CONTINUOUS
10
421.4292389999999955
20
-210.5829849999999794
11
421.4250179999999659
21
-210.5840959999999882
0
LINE
8
BLACK
6
CONTINUOUS
10
421.4250179999999659
20
-210.5840959999999882
11
421.4207879999999591
21
-210.5851689999999792
0
LINE
8
BLACK
6
CONTINUOUS
10
421.4207879999999591
20
-210.5851689999999792
11
421.416548999999975
21
-210.5862060000000042
0
LINE
8
BLACK
6
CONTINUOUS
10
421.416548999999975
20
-210.5862060000000042
11
421.4123009999999567
21
-210.5872049999999831
0
LINE
8
BLACK
6
CONTINUOUS
10
421.4123009999999567
20
-210.5872049999999831
11
421.4080439999999612
21
-210.5881669999999986
0
LINE
8
BLACK
6
CONTINUOUS
10
421.4080439999999612
20
-210.5881669999999986
11
421.4037789999999859
21
-210.5890919999999937
0
LINE
8
BLACK
6
CONTINUOUS
10
421.4037789999999859
20
-210.5890919999999937
11
421.3995059999999739
21
-210.5899799999999971
0
LINE
8
BLACK
6
CONTINUOUS
10
421.3995059999999739
20
-210.5899799999999971
11
421.3952249999999822
21
-210.5908309999999801
0
LINE
8
BLACK
6
CONTINUOUS
10
421.3952249999999822
20
-210.5908309999999801
11
421.3909380000000056
21
-210.5916440000000023
0
LINE
8
BLACK
6
CONTINUOUS
10
421.3909380000000056
20
-210.5916440000000023
11
421.3866429999999923
21
-210.5924200000000042
0
LINE
8
BLACK
6
CONTINUOUS
10
421.3866429999999923
20
-210.5924200000000042
11
421.3823419999999942
21
-210.5931579999999883
0
LINE
8
BLACK
6
CONTINUOUS
10
421.3823419999999942
20
-210.5931579999999883
11
421.3780339999999569
21
-210.5938589999999806
0
LINE
8
BLACK
6
CONTINUOUS
10
421.3780339999999569
20
-210.5938589999999806
11
421.3737209999999891
21
-210.5945219999999836
0
LINE
8
BLACK
6
CONTINUOUS
10
421.3737209999999891
20
-210.5945219999999836
11
421.3694009999999821
21
-210.5951469999999972
0
LINE
8
BLACK
6
CONTINUOUS
10
421.3694009999999821
20
-210.5951469999999972
11
421.3650769999999852
21
-210.5957349999999906
0
LINE
8
BLACK
6
CONTINUOUS
10
421.3650769999999852
20
-210.5957349999999906
11
421.360748000000001
21
-210.5962849999999946
0
LINE
8
BLACK
6
CONTINUOUS
10
421.360748000000001
20
-210.5962849999999946
11
421.3564139999999725
21
-210.5967969999999809
0
LINE
8
BLACK
6
CONTINUOUS
10
421.3564139999999725
20
-210.5967969999999809
11
421.3520749999999566
21
-210.5972709999999779
0
LINE
8
BLACK
6
CONTINUOUS
10
421.3520749999999566
20
-210.5972709999999779
11
421.3477330000000052
21
-210.5977069999999856
0
LINE
8
BLACK
6
CONTINUOUS
10
421.3477330000000052
20
-210.5977069999999856
11
421.343387000000007
21
-210.5981060000000014
0
LINE
8
BLACK
6
CONTINUOUS
10
421.343387000000007
20
-210.5981060000000014
11
421.3390379999999595
21
-210.5984660000000019
0
LINE
8
BLACK
6
CONTINUOUS
10
421.3390379999999595
20
-210.5984660000000019
11
421.334684999999979
21
-210.5987889999999823
0
LINE
8
BLACK
6
CONTINUOUS
10
421.334684999999979
20
-210.5987889999999823
11
421.330331000000001
21
-210.5990730000000042
0
LINE
8
BLACK
6
CONTINUOUS
10
421.330331000000001
20
-210.5990730000000042
11
421.3259729999999763
21
-210.5993199999999774
0
LINE
8
BLACK
6
CONTINUOUS
10
421.3259729999999763
20
-210.5993199999999774
11
421.3216139999999541
21
-210.5995279999999923
0
LINE
8
BLACK
6
CONTINUOUS
10
421.3216139999999541
20
-210.5995279999999923
11
421.3172529999999938
21
-210.5996989999999869
0
LINE
8
BLACK
6
CONTINUOUS
10
421.3172529999999938
20
-210.5996989999999869
11
421.3128909999999792
21
-210.5998309999999947
0
LINE
8
BLACK
6
CONTINUOUS
10
421.3128909999999792
20
-210.5998309999999947
11
421.3085279999999671
21
-210.5999259999999822
0
LINE
8
BLACK
6
CONTINUOUS
10
421.3085279999999671
20
-210.5999259999999822
11
421.3041639999999575
21
-210.5999819999999829
0
LINE
8
BLACK
6
CONTINUOUS
10
421.3041639999999575
20
-210.5999819999999829
11
421.2999999999999545
21
-210.5999999999999943
0
LINE
8
BLACK
6
CONTINUOUS
10
182.5499999999999829
20
-12.3999999999999986
11
182.5499999999999829
21
-13.5
0
LINE
8
BLACK
6
CONTINUOUS
10
182.5499999999999829
20
-13.8999999999999986
11
182.5499999999999829
21
-15.
0
LINE
8
BLACK
6
CONTINUOUS
10
182.5499999999999829
20
-15.3999999999999986
11
182.5499999999999829
21
-16.5
0
LINE
8
BLACK
6
CONTINUOUS
10
182.5499999999999829
20
-16.8999999999999986
11
182.5499999999999829
21
-17.3999999999999986
0
LINE
8
BLACK
6
CONTINUOUS
10
171.2999999999999829
20
-212.0999999999999943
11
171.2999999999999829
21
-202.0999999999999943
0
LINE
8
BLACK
6
CONTINUOUS
10
172.7999999999999829
20
-202.0999999999999943
11
172.7999999999999829
21
-210.5999999999999943
0
LINE
8
BLACK
6
CONTINUOUS
10
173.2999999999999829
20
-212.0999999999999943
11
173.2825469999999939
21
-212.0999239999999872
0
LINE
8
BLACK
6
CONTINUOUS
10
173.2825469999999939
20
-212.0999239999999872
11
173.2650950000000023
21
-212.099694999999997
0
LINE
8
BLACK
6
CONTINUOUS
10
173.2650950000000023
20
-212.099694999999997
11
173.2476460000000031
21
-212.0993149999999901
0
LINE
8
BLACK
6
CONTINUOUS
10
173.2476460000000031
20
-212.0993149999999901
11
173.2302009999999939
21
-212.0987819999999999
0
LINE
8
BLACK
6
CONTINUOUS
10
173.2302009999999939
20
-212.0987819999999999
11
173.2127610000000004
21
-212.0980959999999982
0
LINE
8
BLACK
6
CONTINUOUS
10
173.2127610000000004
20
-212.0980959999999982
11
173.1953279999999893
21
-212.0972589999999798
0
LINE
8
BLACK
6
CONTINUOUS
10
173.1953279999999893
20
-212.0972589999999798
11
173.1779029999999864
21
-212.0962700000000041
0
LINE
8
BLACK
6
CONTINUOUS
10
173.1779029999999864
20
-212.0962700000000041
11
173.1604869999999892
21
-212.0951279999999883
0
LINE
8
BLACK
6
CONTINUOUS
10
173.1604869999999892
20
-212.0951279999999883
11
173.1430819999999926
21
-212.0938349999999843
0
LINE
8
BLACK
6
CONTINUOUS
10
173.1430819999999926
20
-212.0938349999999843
11
173.1256889999999942
21
-212.0923889999999972
0
LINE
8
BLACK
6
CONTINUOUS
10
173.1256889999999942
20
-212.0923889999999972
11
173.1083079999999939
21
-212.0907919999999933
0
LINE
8
BLACK
6
CONTINUOUS
10
173.1083079999999939
20
-212.0907919999999933
11
173.0909429999999816
21
-212.0890440000000012
0
LINE
8
BLACK
6
CONTINUOUS
10
173.0909429999999816
20
-212.0890440000000012
11
173.0735939999999857
21
-212.087143999999995
0
LINE
8
BLACK
6
CONTINUOUS
10
173.0735939999999857
20
-212.087143999999995
11
173.0562610000000063
21
-212.0850920000000031
0
LINE
8
BLACK
6
CONTINUOUS
10
173.0562610000000063
20
-212.0850920000000031
11
173.0389480000000049
21
-212.0828899999999919
0
LINE
8
BLACK
6
CONTINUOUS
10
173.0389480000000049
20
-212.0828899999999919
11
173.0216539999999839
21
-212.0805359999999951
0
LINE
8
BLACK
6
CONTINUOUS
10
173.0216539999999839
20
-212.0805359999999951
11
173.0043809999999951
21
-212.078031999999979
0
LINE
8
BLACK
6
CONTINUOUS
10
173.0043809999999951
20
-212.078031999999979
11
172.9871310000000051
21
-212.0753770000000031
0
LINE
8
BLACK
6
CONTINUOUS
10
172.9871310000000051
20
-212.0753770000000031
11
172.9699049999999829
21
-212.0725709999999822
0
LINE
8
BLACK
6
CONTINUOUS
10
172.9699049999999829
20
-212.0725709999999822
11
172.9527039999999829
21
-212.0696159999999963
0
LINE
8
BLACK
6
CONTINUOUS
10
172.9527039999999829
20
-212.0696159999999963
11
172.9355290000000025
21
-212.0665099999999939
0
LINE
8
BLACK
6
CONTINUOUS
10
172.9355290000000025
20
-212.0665099999999939
11
172.9183819999999798
21
-212.0632540000000006
0
LINE
8
BLACK
6
CONTINUOUS
10
172.9183819999999798
20
-212.0632540000000006
11
172.9012639999999976
21
-212.0598489999999856
0
LINE
8
BLACK
6
CONTINUOUS
10
172.9012639999999976
20
-212.0598489999999856
11
172.884176999999994
21
-212.0562949999999773
0
LINE
8
BLACK
6
CONTINUOUS
10
172.884176999999994
20
-212.0562949999999773
11
172.8671209999999974
21
-212.0525920000000042
0
LINE
8
BLACK
6
CONTINUOUS
10
172.8671209999999974
20
-212.0525920000000042
11
172.8500980000000027
21
-212.0487399999999809
0
LINE
8
BLACK
6
CONTINUOUS
10
172.8500980000000027
20
-212.0487399999999809
11
172.833108999999979
21
-212.0447399999999902
0
LINE
8
BLACK
6
CONTINUOUS
10
172.833108999999979
20
-212.0447399999999902
11
172.8161559999999781
21
-212.0405909999999778
0
LINE
8
BLACK
6
CONTINUOUS
10
172.8161559999999781
20
-212.0405909999999778
11
172.7992399999999975
21
-212.0362949999999955
0
LINE
8
BLACK
6
CONTINUOUS
10
172.7992399999999975
20
-212.0362949999999955
11
172.7823620000000062
21
-212.0318519999999864
0
LINE
8
BLACK
6
CONTINUOUS
10
172.7823620000000062
20
-212.0318519999999864
11
172.7655230000000017
21
-212.0272609999999815
0
LINE
8
BLACK
6
CONTINUOUS
10
172.7655230000000017
20
-212.0272609999999815
11
172.748724999999979
21
-212.0225229999999783
0
LINE
8
BLACK
6
CONTINUOUS
10
172.748724999999979
20
-212.0225229999999783
11
172.7319689999999923
21
-212.0176390000000026
0
LINE
8
BLACK
6
CONTINUOUS
10
172.7319689999999923
20
-212.0176390000000026
11
172.7152569999999798
21
-212.0126099999999951
0
LINE
8
BLACK
6
CONTINUOUS
10
172.7152569999999798
20
-212.0126099999999951
11
172.6985880000000009
21
-212.0074339999999893
0
LINE
8
BLACK
6
CONTINUOUS
10
172.6985880000000009
20
-212.0074339999999893
11
172.6819659999999885
21
-212.00211299999998
0
LINE
8
BLACK
6
CONTINUOUS
10
172.6819659999999885
20
-212.00211299999998
11
172.6653909999999996
21
-211.9966469999999958
0
LINE
8
BLACK
6
CONTINUOUS
10
172.6653909999999996
20
-211.9966469999999958
11
172.6488640000000032
21
-211.9910369999999773
0
LINE
8
BLACK
6
CONTINUOUS
10
172.6488640000000032
20
-211.9910369999999773
11
172.6323859999999968
21
-211.9852829999999813
0
LINE
8
BLACK
6
CONTINUOUS
10
172.6323859999999968
20
-211.9852829999999813
11
172.6159600000000012
21
-211.9793849999999793
0
LINE
8
BLACK
6
CONTINUOUS
10
172.6159600000000012
20
-211.9793849999999793
11
172.5995849999999905
21
-211.9733439999999973
0
LINE
8
BLACK
6
CONTINUOUS
10
172.5995849999999905
20
-211.9733439999999973
11
172.5832639999999856
21
-211.9671610000000044
0
LINE
8
BLACK
6
CONTINUOUS
10
172.5832639999999856
20
-211.9671610000000044
11
172.5669979999999839
21
-211.960835000000003
0
LINE
8
BLACK
6
CONTINUOUS
10
172.5669979999999839
20
-211.960835000000003
11
172.5507869999999855
21
-211.9543679999999881
0
LINE
8
BLACK
6
CONTINUOUS
10
172.5507869999999855
20
-211.9543679999999881
11
172.5346329999999853
21
-211.9477589999999907
0
LINE
8
BLACK
6
CONTINUOUS
10
172.5346329999999853
20
-211.9477589999999907
11
172.5185379999999782
21
-211.9410099999999773
0
LINE
8
BLACK
6
CONTINUOUS
10
172.5185379999999782
20
-211.9410099999999773
11
172.5025019999999927
21
-211.9341199999999787
0
LINE
8
BLACK
6
CONTINUOUS
10
172.5025019999999927
20
-211.9341199999999787
11
172.4865269999999953
21
-211.9270909999999901
0
LINE
8
BLACK
6
CONTINUOUS
10
172.4865269999999953
20
-211.9270909999999901
11
172.4706139999999834
21
-211.9199229999999829
0
LINE
8
BLACK
6
CONTINUOUS
10
172.4706139999999834
20
-211.9199229999999829
11
172.4547629999999856
21
-211.9126159999999857
0
LINE
8
BLACK
6
CONTINUOUS
10
172.4547629999999856
20
-211.9126159999999857
11
172.4389779999999917
21
-211.9051709999999957
0
LINE
8
BLACK
6
CONTINUOUS
10
172.4389779999999917
20
-211.9051709999999957
11
172.4232580000000041
21
-211.8975879999999847
0
LINE
8
BLACK
6
CONTINUOUS
10
172.4232580000000041
20
-211.8975879999999847
11
172.4076039999999921
21
-211.8898690000000045
0
LINE
8
BLACK
6
CONTINUOUS
10
172.4076039999999921
20
-211.8898690000000045
11
172.3920190000000048
21
-211.8820130000000006
0
LINE
8
BLACK
6
CONTINUOUS
10
172.3920190000000048
20
-211.8820130000000006
11
172.3765029999999854
21
-211.8740219999999965
0
LINE
8
BLACK
6
CONTINUOUS
10
172.3765029999999854
20
-211.8740219999999965
11
172.3610569999999882
21
-211.8658949999999948
0
LINE
8
BLACK
6
CONTINUOUS
10
172.3610569999999882
20
-211.8658949999999948
11
172.3456819999999823
21
-211.8576339999999902
0
LINE
8
BLACK
6
CONTINUOUS
10
172.3456819999999823
20
-211.8576339999999902
11
172.3303809999999885
21
-211.849238999999983
0
LINE
8
BLACK
6
CONTINUOUS
10
172.3303809999999885
20
-211.849238999999983
11
172.3151529999999809
21
-211.8407109999999989
0
LINE
8
BLACK
6
CONTINUOUS
10
172.3151529999999809
20
-211.8407109999999989
11
172.2999999999999829
21
-211.8320509999999786
0
LINE
8
BLACK
6
CONTINUOUS
10
172.2999999999999829
20
-211.8320509999999786
11
172.284922999999992
21
-211.8232579999999814
0
LINE
8
BLACK
6
CONTINUOUS
10
172.284922999999992
20
-211.8232579999999814
11
172.2699240000000032
21
-211.8143349999999998
0
LINE
8
BLACK
6
CONTINUOUS
10
172.2699240000000032
20
-211.8143349999999998
11
172.2550029999999879
21
-211.805279999999982
0
LINE
8
BLACK
6
CONTINUOUS
10
172.2550029999999879
20
-211.805279999999982
11
172.2546260000000018
21
-211.8050489999999968
0
LINE
8
BLACK
6
CONTINUOUS
10
171.9367220000000032
20
-211.5633780000000002
11
171.9240039999999965
21
-211.5514249999999947
0
LINE
8
BLACK
6
CONTINUOUS
10
171.9240039999999965
20
-211.5514249999999947
11
171.9113909999999805
21
-211.5393619999999828
0
LINE
8
BLACK
6
CONTINUOUS
10
171.9113909999999805
20
-211.5393619999999828
11
171.8988829999999837
21
-211.5271899999999903
0
LINE
8
BLACK
6
CONTINUOUS
10
171.8988829999999837
20
-211.5271899999999903
11
171.8864820000000009
21
-211.5149089999999887
0
LINE
8
BLACK
6
CONTINUOUS
10
171.8864820000000009
20
-211.5149089999999887
11
171.8741880000000037
21
-211.5025200000000041
0
LINE
8
BLACK
6
CONTINUOUS
10
171.8741880000000037
20
-211.5025200000000041
11
171.8620039999999847
21
-211.4900239999999769
0
LINE
8
BLACK
6
CONTINUOUS
10
171.8620039999999847
20
-211.4900239999999769
11
171.8499280000000056
21
-211.47742199999999
0
LINE
8
BLACK
6
CONTINUOUS
10
171.8499280000000056
20
-211.47742199999999
11
171.837963000000002
21
-211.4647159999999815
0
LINE
8
BLACK
6
CONTINUOUS
10
171.837963000000002
20
-211.4647159999999815
11
171.8261099999999999
21
-211.4519049999999822
0
LINE
8
BLACK
6
CONTINUOUS
10
171.8261099999999999
20
-211.4519049999999822
11
171.8143680000000018
21
-211.4389919999999847
0
LINE
8
BLACK
6
CONTINUOUS
10
171.8143680000000018
20
-211.4389919999999847
11
171.80274
21
-211.4259759999999915
0
LINE
8
BLACK
6
CONTINUOUS
10
171.80274
20
-211.4259759999999915
11
171.7912259999999947
21
-211.4128599999999949
0
LINE
8
BLACK
6
CONTINUOUS
10
171.7912259999999947
20
-211.4128599999999949
11
171.7798269999999832
21
-211.399643999999995
0
LINE
8
BLACK
6
CONTINUOUS
10
171.7798269999999832
20
-211.399643999999995
11
171.768542999999994
21
-211.3863279999999918
0
LINE
8
BLACK
6
CONTINUOUS
10
171.768542999999994
20
-211.3863279999999918
11
171.7573759999999936
21
-211.3729149999999777
0
LINE
8
BLACK
6
CONTINUOUS
10
171.7573759999999936
20
-211.3729149999999777
11
171.7463269999999795
21
-211.3594049999999811
0
LINE
8
BLACK
6
CONTINUOUS
10
171.7463269999999795
20
-211.3594049999999811
11
171.7353959999999802
21
-211.3457989999999995
0
LINE
8
BLACK
6
CONTINUOUS
10
171.7353959999999802
20
-211.3457989999999995
11
171.724583999999993
21
-211.332098000000002
0
LINE
8
BLACK
6
CONTINUOUS
10
171.724583999999993
20
-211.332098000000002
11
171.7138919999999871
21
-211.318302999999986
0
LINE
8
BLACK
6
CONTINUOUS
10
171.7138919999999871
20
-211.318302999999986
11
171.7033209999999883
21
-211.3044149999999775
0
LINE
8
BLACK
6
CONTINUOUS
10
171.7033209999999883
20
-211.3044149999999775
11
171.6928709999999967
21
-211.2904359999999997
0
LINE
8
BLACK
6
CONTINUOUS
10
171.6928709999999967
20
-211.2904359999999997
11
171.6825439999999787
21
-211.2763659999999959
0
LINE
8
BLACK
6
CONTINUOUS
10
171.6825439999999787
20
-211.2763659999999959
11
171.6723399999999913
21
-211.2622059999999919
0
LINE
8
BLACK
6
CONTINUOUS
10
171.6723399999999913
20
-211.2622059999999919
11
171.6622600000000034
21
-211.2479579999999828
0
LINE
8
BLACK
6
CONTINUOUS
10
171.6622600000000034
20
-211.2479579999999828
11
171.6523049999999841
21
-211.2336229999999944
0
LINE
8
BLACK
6
CONTINUOUS
10
171.6523049999999841
20
-211.2336229999999944
11
171.6424749999999904
21
-211.2192009999999982
0
LINE
8
BLACK
6
CONTINUOUS
10
171.6424749999999904
20
-211.2192009999999982
11
171.6327709999999911
21
-211.2046939999999893
0
LINE
8
BLACK
6
CONTINUOUS
10
171.6327709999999911
20
-211.2046939999999893
11
171.6231949999999813
21
-211.190101999999996
0
LINE
8
BLACK
6
CONTINUOUS
10
171.6231949999999813
20
-211.190101999999996
11
171.6137459999999919
21
-211.1754279999999824
0
LINE
8
BLACK
6
CONTINUOUS
10
171.6137459999999919
20
-211.1754279999999824
11
171.604424999999992
21
-211.1606719999999768
0
LINE
8
BLACK
6
CONTINUOUS
10
171.604424999999992
20
-211.1606719999999768
11
171.5952340000000049
21
-211.1458349999999768
0
LINE
8
BLACK
6
CONTINUOUS
10
171.5952340000000049
20
-211.1458349999999768
11
171.5861720000000048
21
-211.1309189999999774
0
LINE
8
BLACK
6
CONTINUOUS
10
171.5861720000000048
20
-211.1309189999999774
11
171.5772409999999866
21
-211.1159239999999784
0
LINE
8
BLACK
6
CONTINUOUS
10
171.5772409999999866
20
-211.1159239999999784
11
171.5684409999999787
21
-211.1008509999999774
0
LINE
8
BLACK
6
CONTINUOUS
10
171.5684409999999787
20
-211.1008509999999774
11
171.5597729999999785
21
-211.0857029999999952
0
LINE
8
BLACK
6
CONTINUOUS
10
171.5597729999999785
20
-211.0857029999999952
11
171.5512369999999862
21
-211.0704789999999775
0
LINE
8
BLACK
6
CONTINUOUS
10
171.5512369999999862
20
-211.0704789999999775
11
171.5428349999999966
21
-211.0551810000000046
0
LINE
8
BLACK
6
CONTINUOUS
10
171.5428349999999966
20
-211.0551810000000046
11
171.5345669999999814
21
-211.0398109999999861
0
LINE
8
BLACK
6
CONTINUOUS
10
171.5345669999999814
20
-211.0398109999999861
11
171.5264329999999973
21
-211.0243689999999788
0
LINE
8
BLACK
6
CONTINUOUS
10
171.5264329999999973
20
-211.0243689999999788
11
171.518433999999985
21
-211.0088569999999777
0
LINE
8
BLACK
6
CONTINUOUS
10
171.518433999999985
20
-211.0088569999999777
11
171.5105700000000013
21
-210.9932749999999828
0
LINE
8
BLACK
6
CONTINUOUS
10
171.5105700000000013
20
-210.9932749999999828
11
171.5028429999999844
21
-210.9776259999999866
0
LINE
8
BLACK
6
CONTINUOUS
10
171.5028429999999844
20
-210.9776259999999866
11
171.4952529999999911
21
-210.9619089999999915
0
LINE
8
BLACK
6
CONTINUOUS
10
171.4952529999999911
20
-210.9619089999999915
11
171.4877999999999929
21
-210.9461269999999899
0
LINE
8
BLACK
6
CONTINUOUS
10
171.4877999999999929
20
-210.9461269999999899
11
171.4804849999999874
21
-210.9302809999999795
0
LINE
8
BLACK
6
CONTINUOUS
10
171.4804849999999874
20
-210.9302809999999795
11
171.4733090000000004
21
-210.9143709999999885
0
LINE
8
BLACK
6
CONTINUOUS
10
171.4733090000000004
20
-210.9143709999999885
11
171.4662720000000036
21
-210.898399999999981
0
LINE
8
BLACK
6
CONTINUOUS
10
171.4662720000000036
20
-210.898399999999981
11
171.4593749999999943
21
-210.8823669999999879
0
LINE
8
BLACK
6
CONTINUOUS
10
171.4593749999999943
20
-210.8823669999999879
11
171.4526170000000036
21
-210.8662750000000017
0
LINE
8
BLACK
6
CONTINUOUS
10
171.4526170000000036
20
-210.8662750000000017
11
171.4460009999999954
21
-210.8501249999999914
0
LINE
8
BLACK
6
CONTINUOUS
10
171.4460009999999954
20
-210.8501249999999914
11
171.4395250000000033
21
-210.8339169999999854
0
LINE
8
BLACK
6
CONTINUOUS
10
171.4395250000000033
20
-210.8339169999999854
11
171.4331919999999911
21
-210.8176540000000045
0
LINE
8
BLACK
6
CONTINUOUS
10
171.4331919999999911
20
-210.8176540000000045
11
171.4269999999999925
21
-210.8013359999999921
0
LINE
8
BLACK
6
CONTINUOUS
10
171.4269999999999925
20
-210.8013359999999921
11
171.4209510000000023
21
-210.7849640000000022
0
LINE
8
BLACK
6
CONTINUOUS
10
171.4209510000000023
20
-210.7849640000000022
11
171.4150449999999921
21
-210.7685400000000016
0
LINE
8
BLACK
6
CONTINUOUS
10
171.4150449999999921
20
-210.7685400000000016
11
171.4092829999999879
21
-210.752065999999985
0
LINE
8
BLACK
6
CONTINUOUS
10
171.4092829999999879
20
-210.752065999999985
11
171.4036649999999895
21
-210.735541999999981
0
LINE
8
BLACK
6
CONTINUOUS
10
171.4036649999999895
20
-210.735541999999981
11
171.3981909999999971
21
-210.7189689999999871
0
LINE
8
BLACK
6
CONTINUOUS
10
171.3981909999999971
20
-210.7189689999999871
11
171.3928619999999796
21
-210.7023489999999981
0
LINE
8
BLACK
6
CONTINUOUS
10
171.3928619999999796
20
-210.7023489999999981
11
171.387677999999994
21
-210.6856839999999806
0
LINE
8
BLACK
6
CONTINUOUS
10
171.387677999999994
20
-210.6856839999999806
11
171.3826399999999808
21
-210.668972999999994
0
LINE
8
BLACK
6
CONTINUOUS
10
171.3826399999999808
20
-210.668972999999994
11
171.3777479999999969
21
-210.6522199999999998
0
LINE
8
BLACK
6
CONTINUOUS
10
171.3777479999999969
20
-210.6522199999999998
11
171.3730019999999854
21
-210.6354240000000004
0
LINE
8
BLACK
6
CONTINUOUS
10
171.3730019999999854
20
-210.6354240000000004
11
171.3728839999999991
21
-210.634997999999996
0
LINE
8
BLACK
6
CONTINUOUS
10
171.3050099999999816
20
-210.2414739999999824
11
171.3038509999999803
21
-210.2240599999999802
0
LINE
8
BLACK
6
CONTINUOUS
10
171.3038509999999803
20
-210.2240599999999802
11
171.3028449999999907
21
-210.2066349999999773
0
LINE
8
BLACK
6
CONTINUOUS
10
171.3028449999999907
20
-210.2066349999999773
11
171.3019899999999893
21
-210.189202999999992
0
LINE
8
BLACK
6
CONTINUOUS
10
171.3019899999999893
20
-210.189202999999992
11
171.3012879999999996
21
-210.171763999999996
0
LINE
8
BLACK
6
CONTINUOUS
10
171.3012879999999996
20
-210.171763999999996
11
171.3007379999999955
21
-210.1543199999999842
0
LINE
8
BLACK
6
CONTINUOUS
10
171.3007379999999955
20
-210.1543199999999842
11
171.3003400000000056
21
-210.1368709999999851
0
LINE
8
BLACK
6
CONTINUOUS
10
171.3003400000000056
20
-210.1368709999999851
11
171.3000940000000014
21
-210.1194189999999935
0
LINE
8
BLACK
6
CONTINUOUS
10
171.3000940000000014
20
-210.1194189999999935
11
171.3000009999999804
21
-210.1019660000000044
0
LINE
8
BLACK
6
CONTINUOUS
10
171.3000009999999804
20
-210.1019660000000044
11
171.2999999999999829
21
-210.0999999999999943
0
CIRCLE
8
BLACK
10
329.5
20
-54.7999999999999972
40
2.5499999999999998
0
LINE
8
BLACK
6
CONTINUOUS
10
144.
20
-160.7999999999999829
11
152.5
21
-160.7999999999999829
0
LINE
8
BLACK
6
CONTINUOUS
10
171.2999999999999829
20
-160.7999999999999829
11
172.4000000000000057
21
-160.7999999999999829
0
ARC
8
BLACK
10
175.2999999999999829
20
-162.2999999999999829
40
4.
50
-180.00000000
51
-90.00000000
0
LINE
8
BLACK
6
CONTINUOUS
10
460.0499999999999545
20
-57.5499999999999972
11
458.9499999999999886
21
-57.5499999999999972
0
LINE
8
BLACK
6
CONTINUOUS
10
458.5499999999999545
20
-57.5499999999999972
11
457.4499999999999886
21
-57.5499999999999972
0
LINE
8
BLACK
6
CONTINUOUS
10
457.0499999999999545
20
-57.5499999999999972
11
455.9499999999999886
21
-57.5499999999999972
0
LINE
8
BLACK
6
CONTINUOUS
10
455.5499999999999545
20
-57.5499999999999972
11
455.0499999999999545
21
-57.5499999999999972
0
CIRCLE
8
BLACK
10
400.5
20
-54.7999999999999972
40
1.25
0
LINE
8
BLACK
6
CONTINUOUS
10
421.2999999999999545
20
-12.3999999999999986
11
421.3043629999999666
21
-12.4000189999999986
0
LINE
8
BLACK
6
CONTINUOUS
10
421.3043629999999666
20
-12.4000189999999986
11
421.3087259999999787
21
-12.4000760000000003
0
LINE
8
BLACK
6
CONTINUOUS
10
421.3087259999999787
20
-12.4000760000000003
11
421.3130879999999934
21
-12.4001710000000003
0
LINE
8
BLACK
6
CONTINUOUS
10
421.3130879999999934
20
-12.4001710000000003
11
421.317450000000008
21
-12.4003049999999995
0
LINE
8
BLACK
6
CONTINUOUS
10
421.317450000000008
20
-12.4003049999999995
11
421.3218099999999708
21
-12.4004759999999994
0
LINE
8
BLACK
6
CONTINUOUS
10
421.3218099999999708
20
-12.4004759999999994
11
421.3261679999999956
21
-12.4006849999999993
0
LINE
8
BLACK
6
CONTINUOUS
10
421.3261679999999956
20
-12.4006849999999993
11
421.3305239999999685
21
-12.4009330000000002
0
LINE
8
BLACK
6
CONTINUOUS
10
421.3305239999999685
20
-12.4009330000000002
11
421.3348780000000033
21
-12.4012180000000001
0
LINE
8
BLACK
6
CONTINUOUS
10
421.3348780000000033
20
-12.4012180000000001
11
421.3392299999999864
21
-12.4015409999999999
0
LINE
8
BLACK
6
CONTINUOUS
10
421.3392299999999864
20
-12.4015409999999999
11
421.3435779999999795
21
-12.401902999999999
0
LINE
8
BLACK
6
CONTINUOUS
10
421.3435779999999795
20
-12.401902999999999
11
421.3479229999999802
21
-12.4023019999999988
0
LINE
8
BLACK
6
CONTINUOUS
10
421.3479229999999802
20
-12.4023019999999988
11
421.352263999999991
21
-12.4027389999999986
0
LINE
8
BLACK
6
CONTINUOUS
10
421.352263999999991
20
-12.4027389999999986
11
421.3566019999999526
21
-12.4032140000000002
0
LINE
8
BLACK
6
CONTINUOUS
10
421.3566019999999526
20
-12.4032140000000002
11
421.3609349999999836
21
-12.4037269999999999
0
LINE
8
BLACK
6
CONTINUOUS
10
421.3609349999999836
20
-12.4037269999999999
11
421.3652629999999704
21
-12.4042779999999997
0
LINE
8
BLACK
6
CONTINUOUS
10
421.3652629999999704
20
-12.4042779999999997
11
421.3695869999999672
21
-12.4048660000000002
0
LINE
8
BLACK
6
CONTINUOUS
10
421.3695869999999672
20
-12.4048660000000002
11
421.3739049999999793
21
-12.4054919999999989
0
LINE
8
BLACK
6
CONTINUOUS
10
421.3739049999999793
20
-12.4054919999999989
11
421.3782170000000065
21
-12.4061559999999993
0
LINE
8
BLACK
6
CONTINUOUS
10
421.3782170000000065
20
-12.4061559999999993
11
421.3825239999999894
21
-12.4068569999999987
0
LINE
8
BLACK
6
CONTINUOUS
10
421.3825239999999894
20
-12.4068569999999987
11
421.3868239999999901
21
-12.4075959999999998
0
LINE
8
BLACK
6
CONTINUOUS
10
421.3868239999999901
20
-12.4075959999999998
11
421.3911180000000058
21
-12.4083729999999992
0
LINE
8
BLACK
6
CONTINUOUS
10
421.3911180000000058
20
-12.4083729999999992
11
421.395403999999985
21
-12.409186
0
LINE
8
BLACK
6
CONTINUOUS
10
421.395403999999985
20
-12.409186
11
421.3996839999999793
21
-12.4100380000000001
0
LINE
8
BLACK
6
CONTINUOUS
10
421.3996839999999793
20
-12.4100380000000001
11
421.4039559999999938
21
-12.4109259999999999
0
LINE
8
BLACK
6
CONTINUOUS
10
421.4039559999999938
20
-12.4109259999999999
11
421.4082199999999716
21
-12.4118519999999997
0
LINE
8
BLACK
6
CONTINUOUS
10
421.4082199999999716
20
-12.4118519999999997
11
421.4124759999999696
21
-12.4128150000000002
0
LINE
8
BLACK
6
CONTINUOUS
10
421.4124759999999696
20
-12.4128150000000002
11
421.4167229999999904
21
-12.4138149999999996
0
LINE
8
BLACK
6
CONTINUOUS
10
421.4167229999999904
20
-12.4138149999999996
11
421.420960999999977
21
-12.4148519999999998
0
LINE
8
BLACK
6
CONTINUOUS
10
421.420960999999977
20
-12.4148519999999998
11
421.4251899999999864
21
-12.4159259999999989
0
LINE
8
BLACK
6
CONTINUOUS
10
421.4251899999999864
20
-12.4159259999999989
11
421.4294099999999617
21
-12.4170369999999988
0
LINE
8
BLACK
6
CONTINUOUS
10
421.4294099999999617
20
-12.4170369999999988
11
421.4336189999999647
21
-12.4181849999999994
0
LINE
8
BLACK
6
CONTINUOUS
10
421.4336189999999647
20
-12.4181849999999994
11
421.4378189999999904
21
-12.4193689999999997
0
LINE
8
BLACK
6
CONTINUOUS
10
421.4378189999999904
20
-12.4193689999999997
11
421.4420079999999871
21
-12.4205899999999989
0
LINE
8
BLACK
6
CONTINUOUS
10
421.4420079999999871
20
-12.4205899999999989
11
421.4461859999999547
21
-12.4218479999999989
0
LINE
8
BLACK
6
CONTINUOUS
10
421.4461859999999547
20
-12.4218479999999989
11
421.4503530000000069
21
-12.4231419999999986
0
LINE
8
BLACK
6
CONTINUOUS
10
421.4503530000000069
20
-12.4231419999999986
11
421.4545079999999757
21
-12.4244719999999997
0
LINE
8
BLACK
6
CONTINUOUS
10
421.4545079999999757
20
-12.4244719999999997
11
421.4586519999999723
21
-12.4258379999999988
0
LINE
8
BLACK
6
CONTINUOUS
10
421.4586519999999723
20
-12.4258379999999988
11
421.4627839999999992
21
-12.4272409999999986
0
LINE
8
BLACK
6
CONTINUOUS
10
421.4627839999999992
20
-12.4272409999999986
11
421.4669030000000021
21
-12.4286789999999989
0
LINE
8
BLACK
6
CONTINUOUS
10
421.4669030000000021
20
-12.4286789999999989
11
421.4710099999999784
21
-12.4301539999999999
0
LINE
8
BLACK
6
CONTINUOUS
10
421.4710099999999784
20
-12.4301539999999999
11
421.4751039999999875
21
-12.4316639999999996
0
LINE
8
BLACK
6
CONTINUOUS
10
421.4751039999999875
20
-12.4316639999999996
11
421.4791839999999752
21
-12.433209999999999
0
LINE
8
BLACK
6
CONTINUOUS
10
421.4791839999999752
20
-12.433209999999999
11
421.4832509999999957
21
-12.4347909999999988
0
LINE
8
BLACK
6
CONTINUOUS
10
421.4832509999999957
20
-12.4347909999999988
11
421.4873029999999972
21
-12.4364080000000001
0
LINE
8
BLACK
6
CONTINUOUS
10
421.4873029999999972
20
-12.4364080000000001
11
421.4913419999999746
21
-12.4380600000000001
0
LINE
8
BLACK
6
CONTINUOUS
10
421.4913419999999746
20
-12.4380600000000001
11
421.49536599999999
21
-12.4397479999999998
0
LINE
8
BLACK
6
CONTINUOUS
10
421.49536599999999
20
-12.4397479999999998
11
421.4993749999999864
21
-12.4414699999999989
0
LINE
8
BLACK
6
CONTINUOUS
10
421.4993749999999864
20
-12.4414699999999989
11
421.5033679999999663
21
-12.4432270000000003
0
LINE
8
BLACK
6
CONTINUOUS
10
421.5033679999999663
20
-12.4432270000000003
11
421.5073469999999816
21
-12.4450190000000003
0
LINE
8
BLACK
6
CONTINUOUS
10
421.5073469999999816
20
-12.4450190000000003
11
421.5113089999999829
21
-12.446845999999999
0
LINE
8
BLACK
6
CONTINUOUS
10
421.5113089999999829
20
-12.446845999999999
11
421.5152559999999653
21
-12.4487069999999989
0
LINE
8
BLACK
6
CONTINUOUS
10
421.5152559999999653
20
-12.4487069999999989
11
421.5191859999999906
21
-12.4506029999999992
0
LINE
8
BLACK
6
CONTINUOUS
10
421.5191859999999906
20
-12.4506029999999992
11
421.523099000000002
21
-12.452532999999999
0
LINE
8
BLACK
6
CONTINUOUS
10
421.523099000000002
20
-12.452532999999999
11
421.5269949999999994
21
-12.4544969999999999
0
LINE
8
BLACK
6
CONTINUOUS
10
421.5269949999999994
20
-12.4544969999999999
11
421.530873999999983
21
-12.4564950000000003
0
LINE
8
BLACK
6
CONTINUOUS
10
421.530873999999983
20
-12.4564950000000003
11
421.5347359999999526
21
-12.4585259999999991
0
LINE
8
BLACK
6
CONTINUOUS
10
421.5347359999999526
20
-12.4585259999999991
11
421.5385789999999702
21
-12.4605909999999991
0
LINE
8
BLACK
6
CONTINUOUS
10
421.5385789999999702
20
-12.4605909999999991
11
421.5424049999999738
21
-12.4626900000000003
0
LINE
8
BLACK
6
CONTINUOUS
10
421.5424049999999738
20
-12.4626900000000003
11
421.5462119999999686
21
-12.4648219999999998
0
LINE
8
BLACK
6
CONTINUOUS
10
421.5462119999999686
20
-12.4648219999999998
11
421.5499999999999545
21
-12.4669869999999996
0
LINE
8
BLACK
6
CONTINUOUS
10
421.5499999999999545
20
-12.4669869999999996
11
421.5537689999999884
21
-12.4691849999999995
0
LINE
8
BLACK
6
CONTINUOUS
10
421.5537689999999884
20
-12.4691849999999995
11
421.5575189999999566
21
-12.4714159999999996
0
LINE
8
BLACK
6
CONTINUOUS
10
421.5575189999999566
20
-12.4714159999999996
11
421.5612489999999752
21
-12.4736799999999999
0
LINE
8
BLACK
6
CONTINUOUS
10
421.5612489999999752
20
-12.4736799999999999
11
421.564959999999985
21
-12.4759759999999993
0
LINE
8
BLACK
6
CONTINUOUS
10
421.564959999999985
20
-12.4759759999999993
11
421.568649999999991
21
-12.4783039999999996
0
LINE
8
BLACK
6
CONTINUOUS
10
421.568649999999991
20
-12.4783039999999996
11
421.5723199999999906
21
-12.4806650000000001
0
LINE
8
BLACK
6
CONTINUOUS
10
421.5723199999999906
20
-12.4806650000000001
11
421.5759679999999889
21
-12.4830569999999987
0
LINE
8
BLACK
6
CONTINUOUS
10
421.5759679999999889
20
-12.4830569999999987
11
421.5795959999999809
21
-12.4854810000000001
0
LINE
8
BLACK
6
CONTINUOUS
10
421.5795959999999809
20
-12.4854810000000001
11
421.5832029999999691
21
-12.4879369999999987
0
LINE
8
BLACK
6
CONTINUOUS
10
421.5832029999999691
20
-12.4879369999999987
11
421.5867879999999559
21
-12.4904239999999991
0
LINE
8
BLACK
6
CONTINUOUS
10
421.5867879999999559
20
-12.4904239999999991
11
421.5903509999999983
21
-12.4929419999999993
0
LINE
8
BLACK
6
CONTINUOUS
10
421.5903509999999983
20
-12.4929419999999993
11
421.59389299999998
21
-12.4954919999999987
0
LINE
8
BLACK
6
CONTINUOUS
10
421.59389299999998
20
-12.4954919999999987
11
421.5974109999999655
21
-12.4980719999999987
0
LINE
8
BLACK
6
CONTINUOUS
10
421.5974109999999655
20
-12.4980719999999987
11
421.600908000000004
21
-12.5006819999999994
0
LINE
8
BLACK
6
CONTINUOUS
10
421.600908000000004
20
-12.5006819999999994
11
421.6043809999999894
21
-12.503323
0
LINE
8
BLACK
6
CONTINUOUS
10
421.6043809999999894
20
-12.503323
11
421.607830999999976
21
-12.5059949999999986
0
LINE
8
BLACK
6
CONTINUOUS
10
421.607830999999976
20
-12.5059949999999986
11
421.6112569999999664
21
-12.5086959999999987
0
LINE
8
BLACK
6
CONTINUOUS
10
421.6112569999999664
20
-12.5086959999999987
11
421.614659999999958
21
-12.5114269999999994
0
LINE
8
BLACK
6
CONTINUOUS
10
421.614659999999958
20
-12.5114269999999994
11
421.6180389999999534
21
-12.514187999999999
0
LINE
8
BLACK
6
CONTINUOUS
10
421.6180389999999534
20
-12.514187999999999
11
421.6213940000000093
21
-12.5169779999999999
0
LINE
8
BLACK
6
CONTINUOUS
10
421.6213940000000093
20
-12.5169779999999999
11
421.6247239999999579
21
-12.5197969999999987
0
LINE
8
BLACK
6
CONTINUOUS
10
421.6247239999999579
20
-12.5197969999999987
11
421.628029999999967
21
-12.5226449999999989
0
LINE
8
BLACK
6
CONTINUOUS
10
421.628029999999967
20
-12.5226449999999989
11
421.6313099999999849
21
-12.5255219999999987
0
LINE
8
BLACK
6
CONTINUOUS
10
421.6313099999999849
20
-12.5255219999999987
11
421.6345650000000091
21
-12.5284279999999999
0
LINE
8
BLACK
6
CONTINUOUS
10
421.6345650000000091
20
-12.5284279999999999
11
421.6377949999999828
21
-12.5313609999999986
0
LINE
8
BLACK
6
CONTINUOUS
10
421.6377949999999828
20
-12.5313609999999986
11
421.6409989999999652
21
-12.5343229999999988
0
LINE
8
BLACK
6
CONTINUOUS
10
421.6409989999999652
20
-12.5343229999999988
11
421.6441769999999565
21
-12.5373129999999993
0
LINE
8
BLACK
6
CONTINUOUS
10
421.6441769999999565
20
-12.5373129999999993
11
421.6473289999999565
21
-12.5403299999999991
0
LINE
8
BLACK
6
CONTINUOUS
10
421.6473289999999565
20
-12.5403299999999991
11
421.6504549999999654
21
-12.5433749999999993
0
LINE
8
BLACK
6
CONTINUOUS
10
421.6504549999999654
20
-12.5433749999999993
11
421.6535529999999881
21
-12.5464469999999988
0
LINE
8
BLACK
6
CONTINUOUS
10
421.6535529999999881
20
-12.5464469999999988
11
421.6566249999999627
21
-12.5495450000000002
0
LINE
8
BLACK
6
CONTINUOUS
10
421.6566249999999627
20
-12.5495450000000002
11
421.6596700000000055
21
-12.5526710000000001
0
LINE
8
BLACK
6
CONTINUOUS
10
421.6596700000000055
20
-12.5526710000000001
11
421.6626870000000054
21
-12.5558230000000002
0
LINE
8
BLACK
6
CONTINUOUS
10
421.6626870000000054
20
-12.5558230000000002
11
421.6656769999999597
21
-12.5590010000000003
0
LINE
8
BLACK
6
CONTINUOUS
10
421.6656769999999597
20
-12.5590010000000003
11
421.6686389999999847
21
-12.5622049999999987
0
LINE
8
BLACK
6
CONTINUOUS
10
421.6686389999999847
20
-12.5622049999999987
11
421.6715719999999692
21
-12.565434999999999
0
LINE
8
BLACK
6
CONTINUOUS
10
421.6715719999999692
20
-12.565434999999999
11
421.674477999999965
21
-12.5686900000000001
0
LINE
8
BLACK
6
CONTINUOUS
10
421.674477999999965
20
-12.5686900000000001
11
421.6773549999999773
21
-12.5719700000000003
0
LINE
8
BLACK
6
CONTINUOUS
10
421.6773549999999773
20
-12.5719700000000003
11
421.6802030000000059
21
-12.5752759999999988
0
LINE
8
BLACK
6
CONTINUOUS
10
421.6802030000000059
20
-12.5752759999999988
11
421.683021999999994
21
-12.5786059999999988
0
LINE
8
BLACK
6
CONTINUOUS
10
421.683021999999994
20
-12.5786059999999988
11
421.6858119999999985
21
-12.5819609999999997
0
LINE
8
BLACK
6
CONTINUOUS
10
421.6858119999999985
20
-12.5819609999999997
11
421.6885729999999626
21
-12.5853399999999986
0
LINE
8
BLACK
6
CONTINUOUS
10
421.6885729999999626
20
-12.5853399999999986
11
421.6913040000000024
21
-12.5887429999999991
0
LINE
8
BLACK
6
CONTINUOUS
10
421.6913040000000024
20
-12.5887429999999991
11
421.6940050000000042
21
-12.5921690000000002
0
LINE
8
BLACK
6
CONTINUOUS
10
421.6940050000000042
20
-12.5921690000000002
11
421.6966769999999656
21
-12.5956189999999992
0
LINE
8
BLACK
6
CONTINUOUS
10
421.6966769999999656
20
-12.5956189999999992
11
421.6993180000000052
21
-12.5990919999999988
0
LINE
8
BLACK
6
CONTINUOUS
10
421.6993180000000052
20
-12.5990919999999988
11
421.7019279999999526
21
-12.602589
0
LINE
8
BLACK
6
CONTINUOUS
10
421.7019279999999526
20
-12.602589
11
421.7045079999999757
21
-12.6061069999999997
0
LINE
8
BLACK
6
CONTINUOUS
10
421.7045079999999757
20
-12.6061069999999997
11
421.7070579999999609
21
-12.6096489999999992
0
LINE
8
BLACK
6
CONTINUOUS
10
421.7070579999999609
20
-12.6096489999999992
11
421.70957599999997
21
-12.613211999999999
0
LINE
8
BLACK
6
CONTINUOUS
10
421.70957599999997
20
-12.613211999999999
11
421.7120630000000006
21
-12.616797
0
LINE
8
BLACK
6
CONTINUOUS
10
421.7120630000000006
20
-12.616797
11
421.7145189999999957
21
-12.6204039999999988
0
LINE
8
BLACK
6
CONTINUOUS
10
421.7145189999999957
20
-12.6204039999999988
11
421.7169429999999579
21
-12.6240319999999997
0
LINE
8
BLACK
6
CONTINUOUS
10
421.7169429999999579
20
-12.6240319999999997
11
421.7193350000000009
21
-12.6276799999999998
0
LINE
8
BLACK
6
CONTINUOUS
10
421.7193350000000009
20
-12.6276799999999998
11
421.7216960000000086
21
-12.6313499999999994
0
LINE
8
BLACK
6
CONTINUOUS
10
421.7216960000000086
20
-12.6313499999999994
11
421.7240239999999858
21
-12.63504
0
LINE
8
BLACK
6
CONTINUOUS
10
421.7240239999999858
20
-12.63504
11
421.726319999999987
21
-12.6387509999999992
0
LINE
8
BLACK
6
CONTINUOUS
10
421.726319999999987
20
-12.6387509999999992
11
421.7285839999999553
21
-12.6424810000000001
0
LINE
8
BLACK
6
CONTINUOUS
10
421.7285839999999553
20
-12.6424810000000001
11
421.7308150000000069
21
-12.6462310000000002
0
LINE
8
BLACK
6
CONTINUOUS
10
421.7308150000000069
20
-12.6462310000000002
11
421.7330129999999713
21
-12.6499999999999986
0
LINE
8
BLACK
6
CONTINUOUS
10
421.7330129999999713
20
-12.6499999999999986
11
421.7351779999999621
21
-12.6537879999999987
0
LINE
8
BLACK
6
CONTINUOUS
10
421.7351779999999621
20
-12.6537879999999987
11
421.7373099999999795
21
-12.6575949999999988
0
LINE
8
BLACK
6
CONTINUOUS
10
421.7373099999999795
20
-12.6575949999999988
11
421.7394089999999665
21
-12.6614209999999989
0
LINE
8
BLACK
6
CONTINUOUS
10
421.7394089999999665
20
-12.6614209999999989
11
421.7414739999999824
21
-12.6652639999999987
0
LINE
8
BLACK
6
CONTINUOUS
10
421.7414739999999824
20
-12.6652639999999987
11
421.7435049999999706
21
-12.6691259999999986
0
LINE
8
BLACK
6
CONTINUOUS
10
421.7435049999999706
20
-12.6691259999999986
11
421.7455029999999851
21
-12.6730049999999999
0
LINE
8
BLACK
6
CONTINUOUS
10
421.7455029999999851
20
-12.6730049999999999
11
421.7474669999999719
21
-12.6769009999999991
0
LINE
8
BLACK
6
CONTINUOUS
10
421.7474669999999719
20
-12.6769009999999991
11
421.7493969999999877
21
-12.6808139999999998
0
LINE
8
BLACK
6
CONTINUOUS
10
421.7493969999999877
20
-12.6808139999999998
11
421.7512929999999756
21
-12.6847440000000002
0
LINE
8
BLACK
6
CONTINUOUS
10
421.7512929999999756
20
-12.6847440000000002
11
421.753153999999995
21
-12.6886909999999986
0
LINE
8
BLACK
6
CONTINUOUS
10
421.753153999999995
20
-12.6886909999999986
11
421.7549809999999866
21
-12.692653
0
LINE
8
BLACK
6
CONTINUOUS
10
421.7549809999999866
20
-12.692653
11
421.7567729999999528
21
-12.6966319999999993
0
LINE
8
BLACK
6
CONTINUOUS
10
421.7567729999999528
20
-12.6966319999999993
11
421.7585300000000075
21
-12.7006249999999987
0
LINE
8
BLACK
6
CONTINUOUS
10
421.7585300000000075
20
-12.7006249999999987
11
421.7602519999999799
21
-12.7046339999999987
0
LINE
8
BLACK
6
CONTINUOUS
10
421.7602519999999799
20
-12.7046339999999987
11
421.7619399999999814
21
-12.7086579999999998
0
LINE
8
BLACK
6
CONTINUOUS
10
421.7619399999999814
20
-12.7086579999999998
11
421.7635919999999601
21
-12.7126969999999986
0
LINE
8
BLACK
6
CONTINUOUS
10
421.7635919999999601
20
-12.7126969999999986
11
421.7652089999999703
21
-12.7167490000000001
0
LINE
8
BLACK
6
CONTINUOUS
10
421.7652089999999703
20
-12.7167490000000001
11
421.7667899999999577
21
-12.7208159999999992
0
LINE
8
BLACK
6
CONTINUOUS
10
421.7667899999999577
20
-12.7208159999999992
11
421.7683359999999766
21
-12.7248959999999993
0
LINE
8
BLACK
6
CONTINUOUS
10
421.7683359999999766
20
-12.7248959999999993
11
421.7698459999999727
21
-12.7289899999999996
0
LINE
8
BLACK
6
CONTINUOUS
10
421.7698459999999727
20
-12.7289899999999996
11
421.7713210000000004
21
-12.733096999999999
0
LINE
8
BLACK
6
CONTINUOUS
10
421.7713210000000004
20
-12.733096999999999
11
421.7727590000000077
21
-12.7372160000000001
0
LINE
8
BLACK
6
CONTINUOUS
10
421.7727590000000077
20
-12.7372160000000001
11
421.7741619999999898
21
-12.7413479999999986
0
LINE
8
BLACK
6
CONTINUOUS
10
421.7741619999999898
20
-12.7413479999999986
11
421.7755280000000084
21
-12.7454919999999987
0
LINE
8
BLACK
6
CONTINUOUS
10
421.7755280000000084
20
-12.7454919999999987
11
421.7768580000000043
21
-12.7496469999999995
0
LINE
8
BLACK
6
CONTINUOUS
10
421.7768580000000043
20
-12.7496469999999995
11
421.7781519999999773
21
-12.7538140000000002
0
LINE
8
BLACK
6
CONTINUOUS
10
421.7781519999999773
20
-12.7538140000000002
11
421.7794099999999844
21
-12.7579919999999998
0
LINE
8
BLACK
6
CONTINUOUS
10
421.7794099999999844
20
-12.7579919999999998
11
421.7806309999999712
21
-12.762181
0
LINE
8
BLACK
6
CONTINUOUS
10
421.7806309999999712
20
-12.762181
11
421.7818149999999946
21
-12.7663809999999991
0
LINE
8
BLACK
6
CONTINUOUS
10
421.7818149999999946
20
-12.7663809999999991
11
421.7829629999999952
21
-12.7705899999999986
0
LINE
8
BLACK
6
CONTINUOUS
10
421.7829629999999952
20
-12.7705899999999986
11
421.7840739999999755
21
-12.7748099999999987
0
LINE
8
BLACK
6
CONTINUOUS
10
421.7840739999999755
20
-12.7748099999999987
11
421.7851479999999924
21
-12.7790389999999991
0
LINE
8
BLACK
6
CONTINUOUS
10
421.7851479999999924
20
-12.7790389999999991
11
421.786184999999989
21
-12.783277
0
LINE
8
BLACK
6
CONTINUOUS
10
421.786184999999989
20
-12.783277
11
421.7871849999999654
21
-12.7875239999999994
0
LINE
8
BLACK
6
CONTINUOUS
10
421.7871849999999654
20
-12.7875239999999994
11
421.7881479999999783
21
-12.7917799999999993
0
LINE
8
BLACK
6
CONTINUOUS
10
421.7881479999999783
20
-12.7917799999999993
11
421.789073999999971
21
-12.7960440000000002
0
LINE
8
BLACK
6
CONTINUOUS
10
421.789073999999971
20
-12.7960440000000002
11
421.7899620000000027
21
-12.8003159999999987
0
LINE
8
BLACK
6
CONTINUOUS
10
421.7899620000000027
20
-12.8003159999999987
11
421.7908139999999548
21
-12.8045960000000001
0
LINE
8
BLACK
6
CONTINUOUS
10
421.7908139999999548
20
-12.8045960000000001
11
421.7916270000000054
21
-12.8088819999999988
0
LINE
8
BLACK
6
CONTINUOUS
10
421.7916270000000054
20
-12.8088819999999988
11
421.7924039999999763
21
-12.8131759999999986
0
LINE
8
BLACK
6
CONTINUOUS
10
421.7924039999999763
20
-12.8131759999999986
11
421.7931429999999864
21
-12.8174759999999992
0
LINE
8
BLACK
6
CONTINUOUS
10
421.7931429999999864
20
-12.8174759999999992
11
421.7938439999999787
21
-12.8217829999999999
0
LINE
8
BLACK
6
CONTINUOUS
10
421.7938439999999787
20
-12.8217829999999999
11
421.7945080000000075
21
-12.8260949999999987
0
LINE
8
BLACK
6
CONTINUOUS
10
421.7945080000000075
20
-12.8260949999999987
11
421.7951339999999618
21
-12.8304130000000001
0
LINE
8
BLACK
6
CONTINUOUS
10
421.7951339999999618
20
-12.8304130000000001
11
421.7957219999999552
21
-12.8347369999999987
0
LINE
8
BLACK
6
CONTINUOUS
10
421.7957219999999552
20
-12.8347369999999987
11
421.7962729999999851
21
-12.8390649999999997
0
LINE
8
BLACK
6
CONTINUOUS
10
421.7962729999999851
20
-12.8390649999999997
11
421.7967859999999973
21
-12.8433979999999988
0
LINE
8
BLACK
6
CONTINUOUS
10
421.7967859999999973
20
-12.8433979999999988
11
421.7972609999999918
21
-12.8477359999999994
0
LINE
8
BLACK
6
CONTINUOUS
10
421.7972609999999918
20
-12.8477359999999994
11
421.7976979999999685
21
-12.8520769999999995
0
LINE
8
BLACK
6
CONTINUOUS
10
421.7976979999999685
20
-12.8520769999999995
11
421.7980969999999843
21
-12.8564220000000002
0
LINE
8
BLACK
6
CONTINUOUS
10
421.7980969999999843
20
-12.8564220000000002
11
421.7984589999999798
21
-12.8607699999999987
0
LINE
8
BLACK
6
CONTINUOUS
10
421.7984589999999798
20
-12.8607699999999987
11
421.7987819999999601
21
-12.8651219999999995
0
LINE
8
BLACK
6
CONTINUOUS
10
421.7987819999999601
20
-12.8651219999999995
11
421.7990669999999795
21
-12.8694759999999988
0
LINE
8
BLACK
6
CONTINUOUS
10
421.7990669999999795
20
-12.8694759999999988
11
421.7993149999999787
21
-12.8738320000000002
0
LINE
8
BLACK
6
CONTINUOUS
10
421.7993149999999787
20
-12.8738320000000002
11
421.7995239999999626
21
-12.87819
0
LINE
8
BLACK
6
CONTINUOUS
10
421.7995239999999626
20
-12.87819
11
421.7996949999999856
21
-12.8825500000000002
0
LINE
8
BLACK
6
CONTINUOUS
10
421.7996949999999856
20
-12.8825500000000002
11
421.7998289999999884
21
-12.8869119999999988
0
LINE
8
BLACK
6
CONTINUOUS
10
421.7998289999999884
20
-12.8869119999999988
11
421.7999239999999759
21
-12.8912739999999992
0
LINE
8
BLACK
6
CONTINUOUS
10
421.7999239999999759
20
-12.8912739999999992
11
421.7999810000000025
21
-12.8956369999999989
0
LINE
8
BLACK
6
CONTINUOUS
10
421.7999810000000025
20
-12.8956369999999989
11
421.7999999999999545
21
-12.8999999999999986
0
LINE
8
BLACK
6
CONTINUOUS
10
177.2999999999999829
20
-115.2999999999999972
11
189.7999999999999829
21
-115.2999999999999972
0
LINE
8
BLACK
6
CONTINUOUS
10
189.7999999999999829
20
-115.2999999999999972
11
189.7999999999999829
21
-127.8999999999999915
0
LINE
8
BLACK
6
CONTINUOUS
10
189.7999999999999829
20
-127.8999999999999915
11
177.2999999999999829
21
-127.8999999999999915
0
LINE
8
BLACK
6
CONTINUOUS
10
177.2999999999999829
20
-127.8999999999999915
11
177.2999999999999829
21
-115.2999999999999972
0
LINE
8
BLACK
6
CONTINUOUS
10
172.7999999999999829
20
-53.7999999999999972
11
171.6999999999999886
21
-53.7999999999999972
0
LINE
8
BLACK
6
CONTINUOUS
10
172.7999999999999829
20
-12.8999999999999986
11
172.8000189999999918
21
-12.8956369999999989
0
LINE
8
BLACK
6
CONTINUOUS
10
172.8000189999999918
20
-12.8956369999999989
11
172.80007599999999
21
-12.8912739999999992
0
LINE
8
BLACK
6
CONTINUOUS
10
172.80007599999999
20
-12.8912739999999992
11
172.800171000000006
21
-12.8869119999999988
0
LINE
8
BLACK
6
CONTINUOUS
10
172.800171000000006
20
-12.8869119999999988
11
172.8003049999999803
21
-12.8825500000000002
0
LINE
8
BLACK
6
CONTINUOUS
10
172.8003049999999803
20
-12.8825500000000002
11
172.8004760000000033
21
-12.87819
0
LINE
8
BLACK
6
CONTINUOUS
10
172.8004760000000033
20
-12.87819
11
172.8006849999999872
21
-12.8738320000000002
0
LINE
8
BLACK
6
CONTINUOUS
10
172.8006849999999872
20
-12.8738320000000002
11
172.8009329999999864
21
-12.8694759999999988
0
LINE
8
BLACK
6
CONTINUOUS
10
172.8009329999999864
20
-12.8694759999999988
11
172.8012180000000058
21
-12.8651219999999995
0
LINE
8
BLACK
6
CONTINUOUS
10
172.8012180000000058
20
-12.8651219999999995
11
172.8015409999999861
21
-12.8607699999999987
0
LINE
8
BLACK
6
CONTINUOUS
10
172.8015409999999861
20
-12.8607699999999987
11
172.8019029999999816
21
-12.8564220000000002
0
LINE
8
BLACK
6
CONTINUOUS
10
172.8019029999999816
20
-12.8564220000000002
11
172.8023019999999974
21
-12.8520769999999995
0
LINE
8
BLACK
6
CONTINUOUS
10
172.8023019999999974
20
-12.8520769999999995
11
172.8027390000000025
21
-12.8477359999999994
0
LINE
8
BLACK
6
CONTINUOUS
10
172.8027390000000025
20
-12.8477359999999994
11
172.803213999999997
21
-12.8433979999999988
0
LINE
8
BLACK
6
CONTINUOUS
10
172.803213999999997
20
-12.8433979999999988
11
172.8037269999999808
21
-12.8390649999999997
0
LINE
8
BLACK
6
CONTINUOUS
10
172.8037269999999808
20
-12.8390649999999997
11
172.8042779999999823
21
-12.8347369999999987
0
LINE
8
BLACK
6
CONTINUOUS
10
172.8042779999999823
20
-12.8347369999999987
11
172.8048660000000041
21
-12.8304130000000001
0
LINE
8
BLACK
6
CONTINUOUS
10
172.8048660000000041
20
-12.8304130000000001
11
172.8054919999999868
21
-12.8260949999999987
0
LINE
8
BLACK
6
CONTINUOUS
10
172.8054919999999868
20
-12.8260949999999987
11
172.8061559999999872
21
-12.8217829999999999
0
LINE
8
BLACK
6
CONTINUOUS
10
172.8061559999999872
20
-12.8217829999999999
11
172.8068569999999795
21
-12.8174759999999992
0
LINE
8
BLACK
6
CONTINUOUS
10
172.8068569999999795
20
-12.8174759999999992
11
172.8075959999999895
21
-12.8131759999999986
0
LINE
8
BLACK
6
CONTINUOUS
10
172.8075959999999895
20
-12.8131759999999986
11
172.8083729999999889
21
-12.8088819999999988
0
LINE
8
BLACK
6
CONTINUOUS
10
172.8083729999999889
20
-12.8088819999999988
11
172.8091859999999826
21
-12.8045960000000001
0
LINE
8
BLACK
6
CONTINUOUS
10
172.8091859999999826
20
-12.8045960000000001
11
172.8100379999999916
21
-12.8003159999999987
0
LINE
8
BLACK
6
CONTINUOUS
10
172.8100379999999916
20
-12.8003159999999987
11
172.8109259999999949
21
-12.7960440000000002
0
LINE
8
BLACK
6
CONTINUOUS
10
172.8109259999999949
20
-12.7960440000000002
11
172.8118519999999876
21
-12.7917799999999993
0
LINE
8
BLACK
6
CONTINUOUS
10
172.8118519999999876
20
-12.7917799999999993
11
172.8128150000000005
21
-12.7875239999999994
0
LINE
8
BLACK
6
CONTINUOUS
10
172.8128150000000005
20
-12.7875239999999994
11
172.8138150000000053
21
-12.783277
0
LINE
8
BLACK
6
CONTINUOUS
10
172.8138150000000053
20
-12.783277
11
172.8148520000000019
21
-12.7790389999999991
0
LINE
8
BLACK
6
CONTINUOUS
10
172.8148520000000019
20
-12.7790389999999991
11
172.8159259999999904
21
-12.7748099999999987
0
LINE
8
BLACK
6
CONTINUOUS
10
172.8159259999999904
20
-12.7748099999999987
11
172.8170369999999991
21
-12.7705899999999986
0
LINE
8
BLACK
6
CONTINUOUS
10
172.8170369999999991
20
-12.7705899999999986
11
172.8181849999999997
21
-12.7663809999999991
0
LINE
8
BLACK
6
CONTINUOUS
10
172.8181849999999997
20
-12.7663809999999991
11
172.8193689999999947
21
-12.762181
0
LINE
8
BLACK
6
CONTINUOUS
10
172.8193689999999947
20
-12.762181
11
172.8205899999999815
21
-12.7579919999999998
0
LINE
8
BLACK
6
CONTINUOUS
10
172.8205899999999815
20
-12.7579919999999998
11
172.8218479999999886
21
-12.7538140000000002
0
LINE
8
BLACK
6
CONTINUOUS
10
172.8218479999999886
20
-12.7538140000000002
11
172.82314199999999
21
-12.7496469999999995
0
LINE
8
BLACK
6
CONTINUOUS
10
172.82314199999999
20
-12.7496469999999995
11
172.8244719999999859
21
-12.7454919999999987
0
LINE
8
BLACK
6
CONTINUOUS
10
172.8244719999999859
20
-12.7454919999999987
11
172.8258380000000045
21
-12.7413479999999986
0
LINE
8
BLACK
6
CONTINUOUS
10
172.8258380000000045
20
-12.7413479999999986
11
172.8272409999999866
21
-12.7372160000000001
0
LINE
8
BLACK
6
CONTINUOUS
10
172.8272409999999866
20
-12.7372160000000001
11
172.8286789999999939
21
-12.733096999999999
0
LINE
8
BLACK
6
CONTINUOUS
10
172.8286789999999939
20
-12.733096999999999
11
172.8301539999999932
21
-12.7289899999999996
0
LINE
8
BLACK
6
CONTINUOUS
10
172.8301539999999932
20
-12.7289899999999996
11
172.8316639999999893
21
-12.7248959999999993
0
LINE
8
BLACK
6
CONTINUOUS
10
172.8316639999999893
20
-12.7248959999999993
11
172.8332099999999798
21
-12.7208159999999992
0
LINE
8
BLACK
6
CONTINUOUS
10
172.8332099999999798
20
-12.7208159999999992
11
172.8347909999999956
21
-12.7167490000000001
0
LINE
8
BLACK
6
CONTINUOUS
10
172.8347909999999956
20
-12.7167490000000001
11
172.8364080000000058
21
-12.7126969999999986
0
LINE
8
BLACK
6
CONTINUOUS
10
172.8364080000000058
20
-12.7126969999999986
11
172.8380599999999845
21
-12.7086579999999998
0
LINE
8
BLACK
6
CONTINUOUS
10
172.8380599999999845
20
-12.7086579999999998
11
172.839747999999986
21
-12.7046339999999987
0
LINE
8
BLACK
6
CONTINUOUS
10
172.839747999999986
20
-12.7046339999999987
11
172.8414699999999868
21
-12.7006249999999987
0
LINE
8
BLACK
6
CONTINUOUS
10
172.8414699999999868
20
-12.7006249999999987
11
172.8432269999999846
21
-12.6966319999999993
0
LINE
8
BLACK
6
CONTINUOUS
10
172.8432269999999846
20
-12.6966319999999993
11
172.8450189999999793
21
-12.692653
0
LINE
8
BLACK
6
CONTINUOUS
10
172.8450189999999793
20
-12.692653
11
172.8468459999999993
21
-12.6886909999999986
0
LINE
8
BLACK
6
CONTINUOUS
10
172.8468459999999993
20
-12.6886909999999986
11
172.8487069999999903
21
-12.6847440000000002
0
LINE
8
BLACK
6
CONTINUOUS
10
172.8487069999999903
20
-12.6847440000000002
11
172.8506029999999782
21
-12.6808139999999998
0
LINE
8
BLACK
6
CONTINUOUS
10
172.8506029999999782
20
-12.6808139999999998
11
172.852532999999994
21
-12.6769009999999991
0
LINE
8
BLACK
6
CONTINUOUS
10
172.852532999999994
20
-12.6769009999999991
11
172.8544969999999807
21
-12.6730049999999999
0
LINE
8
BLACK
6
CONTINUOUS
10
172.8544969999999807
20
-12.6730049999999999
11
172.8564949999999953
21
-12.6691259999999986
0
LINE
8
BLACK
6
CONTINUOUS
10
172.8564949999999953
20
-12.6691259999999986
11
172.8585259999999835
21
-12.6652639999999987
0
LINE
8
BLACK
6
CONTINUOUS
10
172.8585259999999835
20
-12.6652639999999987
11
172.8605909999999994
21
-12.6614209999999989
0
LINE
8
BLACK
6
CONTINUOUS
10
172.8605909999999994
20
-12.6614209999999989
11
172.8626899999999864
21
-12.6575949999999988
0
LINE
8
BLACK
6
CONTINUOUS
10
172.8626899999999864
20
-12.6575949999999988
11
172.8648220000000038
21
-12.6537879999999987
0
LINE
8
BLACK
6
CONTINUOUS
10
172.8648220000000038
20
-12.6537879999999987
11
172.8669869999999946
21
-12.6499999999999986
0
LINE
8
BLACK
6
CONTINUOUS
10
172.8669869999999946
20
-12.6499999999999986
11
172.8691849999999874
21
-12.6462310000000002
0
LINE
8
BLACK
6
CONTINUOUS
10
172.8691849999999874
20
-12.6462310000000002
11
172.8714159999999822
21
-12.6424810000000001
0
LINE
8
BLACK
6
CONTINUOUS
10
172.8714159999999822
20
-12.6424810000000001
11
172.8736799999999789
21
-12.6387509999999992
0
LINE
8
BLACK
6
CONTINUOUS
10
172.8736799999999789
20
-12.6387509999999992
11
172.8759759999999801
21
-12.63504
0
LINE
8
BLACK
6
CONTINUOUS
10
172.8759759999999801
20
-12.63504
11
172.8783039999999858
21
-12.6313499999999994
0
LINE
8
BLACK
6
CONTINUOUS
10
172.8783039999999858
20
-12.6313499999999994
11
172.8806649999999934
21
-12.6276799999999998
0
LINE
8
BLACK
6
CONTINUOUS
10
172.8806649999999934
20
-12.6276799999999998
11
172.8830569999999796
21
-12.6240319999999997
0
LINE
8
BLACK
6
CONTINUOUS
10
172.8830569999999796
20
-12.6240319999999997
11
172.8854809999999986
21
-12.6204039999999988
0
LINE
8
BLACK
6
CONTINUOUS
10
172.8854809999999986
20
-12.6204039999999988
11
172.8879369999999938
21
-12.616797
0
LINE
8
BLACK
6
CONTINUOUS
10
172.8879369999999938
20
-12.616797
11
172.8904239999999959
21
-12.613211999999999
0
LINE
8
BLACK
6
CONTINUOUS
10
172.8904239999999959
20
-12.613211999999999
11
172.892942000000005
21
-12.6096489999999992
0
LINE
8
BLACK
6
CONTINUOUS
10
172.892942000000005
20
-12.6096489999999992
11
172.8954919999999902
21
-12.6061069999999997
0
LINE
8
BLACK
6
CONTINUOUS
10
172.8954919999999902
20
-12.6061069999999997
11
172.8980719999999849
21
-12.602589
0
LINE
8
BLACK
6
CONTINUOUS
10
172.8980719999999849
20
-12.602589
11
172.9006819999999891
21
-12.5990919999999988
0
LINE
8
BLACK
6
CONTINUOUS
10
172.9006819999999891
20
-12.5990919999999988
11
172.9033230000000003
21
-12.5956189999999992
0
LINE
8
BLACK
6
CONTINUOUS
10
172.9033230000000003
20
-12.5956189999999992
11
172.9059949999999901
21
-12.5921690000000002
0
LINE
8
BLACK
6
CONTINUOUS
10
172.9059949999999901
20
-12.5921690000000002
11
172.908695999999992
21
-12.5887429999999991
0
LINE
8
BLACK
6
CONTINUOUS
10
172.908695999999992
20
-12.5887429999999991
11
172.9114270000000033
21
-12.5853399999999986
0
LINE
8
BLACK
6
CONTINUOUS
10
172.9114270000000033
20
-12.5853399999999986
11
172.9141879999999958
21
-12.5819609999999997
0
LINE
8
BLACK
6
CONTINUOUS
10
172.9141879999999958
20
-12.5819609999999997
11
172.9169780000000003
21
-12.5786059999999988
0
LINE
8
BLACK
6
CONTINUOUS
10
172.9169780000000003
20
-12.5786059999999988
11
172.9197969999999884
21
-12.5752759999999988
0
LINE
8
BLACK
6
CONTINUOUS
10
172.9197969999999884
20
-12.5752759999999988
11
172.9226449999999886
21
-12.5719700000000003
0
LINE
8
BLACK
6
CONTINUOUS
10
172.9226449999999886
20
-12.5719700000000003
11
172.9255220000000008
21
-12.5686900000000001
0
LINE
8
BLACK
6
CONTINUOUS
10
172.9255220000000008
20
-12.5686900000000001
11
172.9284279999999967
21
-12.565434999999999
0
LINE
8
BLACK
6
CONTINUOUS
10
172.9284279999999967
20
-12.565434999999999
11
172.9313609999999812
21
-12.5622049999999987
0
LINE
8
BLACK
6
CONTINUOUS
10
172.9313609999999812
20
-12.5622049999999987
11
172.9343230000000062
21
-12.5590010000000003
0
LINE
8
BLACK
6
CONTINUOUS
10
172.9343230000000062
20
-12.5590010000000003
11
172.937312999999989
21
-12.5558230000000002
0
LINE
8
BLACK
6
CONTINUOUS
10
172.937312999999989
20
-12.5558230000000002
11
172.9403299999999888
21
-12.5526710000000001
0
LINE
8
BLACK
6
CONTINUOUS
10
172.9403299999999888
20
-12.5526710000000001
11
172.9433750000000032
21
-12.5495450000000002
0
LINE
8
BLACK
6
CONTINUOUS
10
172.9433750000000032
20
-12.5495450000000002
11
172.9464470000000063
21
-12.5464469999999988
0
LINE
8
BLACK
6
CONTINUOUS
10
172.9464470000000063
20
-12.5464469999999988
11
172.9495450000000005
21
-12.5433749999999993
0
LINE
8
BLACK
6
CONTINUOUS
10
172.9495450000000005
20
-12.5433749999999993
11
172.9526709999999809
21
-12.5403299999999991
0
LINE
8
BLACK
6
CONTINUOUS
10
172.9526709999999809
20
-12.5403299999999991
11
172.955822999999981
21
-12.5373129999999993
0
LINE
8
BLACK
6
CONTINUOUS
10
172.955822999999981
20
-12.5373129999999993
11
172.9590010000000007
21
-12.5343229999999988
0
LINE
8
BLACK
6
CONTINUOUS
10
172.9590010000000007
20
-12.5343229999999988
11
172.9622049999999831
21
-12.5313609999999986
0
LINE
8
BLACK
6
CONTINUOUS
10
172.9622049999999831
20
-12.5313609999999986
11
172.9654349999999852
21
-12.5284279999999999
0
LINE
8
BLACK
6
CONTINUOUS
10
172.9654349999999852
20
-12.5284279999999999
11
172.968689999999981
21
-12.5255219999999987
0
LINE
8
BLACK
6
CONTINUOUS
10
172.968689999999981
20
-12.5255219999999987
11
172.9719699999999989
21
-12.5226449999999989
0
LINE
8
BLACK
6
CONTINUOUS
10
172.9719699999999989
20
-12.5226449999999989
11
172.9752759999999796
21
-12.5197969999999987
0
LINE
8
BLACK
6
CONTINUOUS
10
172.9752759999999796
20
-12.5197969999999987
11
172.978605999999985
21
-12.5169779999999999
0
LINE
8
BLACK
6
CONTINUOUS
10
172.978605999999985
20
-12.5169779999999999
11
172.9819609999999841
21
-12.514187999999999
0
LINE
8
BLACK
6
CONTINUOUS
10
172.9819609999999841
20
-12.514187999999999
11
172.9853399999999795
21
-12.5114269999999994
0
LINE
8
BLACK
6
CONTINUOUS
10
172.9853399999999795
20
-12.5114269999999994
11
172.9887429999999995
21
-12.5086959999999987
0
LINE
8
BLACK
6
CONTINUOUS
10
172.9887429999999995
20
-12.5086959999999987
11
172.9921689999999899
21
-12.5059949999999986
0
LINE
8
BLACK
6
CONTINUOUS
10
172.9921689999999899
20
-12.5059949999999986
11
172.9956190000000049
21
-12.503323
0
LINE
8
BLACK
6
CONTINUOUS
10
172.9956190000000049
20
-12.503323
11
172.9990919999999903
21
-12.5006819999999994
0
LINE
8
BLACK
6
CONTINUOUS
10
172.9990919999999903
20
-12.5006819999999994
11
173.0025890000000004
21
-12.4980719999999987
0
LINE
8
BLACK
6
CONTINUOUS
10
173.0025890000000004
20
-12.4980719999999987
11
173.0061069999999859
21
-12.4954919999999987
0
LINE
8
BLACK
6
CONTINUOUS
10
173.0061069999999859
20
-12.4954919999999987
11
173.009648999999996
21
-12.4929419999999993
0
LINE
8
BLACK
6
CONTINUOUS
10
173.009648999999996
20
-12.4929419999999993
11
173.0132119999999816
21
-12.4904239999999991
0
LINE
8
BLACK
6
CONTINUOUS
10
173.0132119999999816
20
-12.4904239999999991
11
173.0167969999999968
21
-12.4879369999999987
0
LINE
8
BLACK
6
CONTINUOUS
10
173.0167969999999968
20
-12.4879369999999987
11
173.020403999999985
21
-12.4854810000000001
0
LINE
8
BLACK
6
CONTINUOUS
10
173.020403999999985
20
-12.4854810000000001
11
173.0240320000000054
21
-12.4830569999999987
0
LINE
8
BLACK
6
CONTINUOUS
10
173.0240320000000054
20
-12.4830569999999987
11
173.0276800000000037
21
-12.4806650000000001
0
LINE
8
BLACK
6
CONTINUOUS
10
173.0276800000000037
20
-12.4806650000000001
11
173.0313500000000033
21
-12.4783039999999996
0
LINE
8
BLACK
6
CONTINUOUS
10
173.0313500000000033
20
-12.4783039999999996
11
173.0350399999999809
21
-12.4759759999999993
0
LINE
8
BLACK
6
CONTINUOUS
10
173.0350399999999809
20
-12.4759759999999993
11
173.0387509999999907
21
-12.4736799999999999
0
LINE
8
BLACK
6
CONTINUOUS
10
173.0387509999999907
20
-12.4736799999999999
11
173.0424809999999809
21
-12.4714159999999996
0
LINE
8
BLACK
6
CONTINUOUS
10
173.0424809999999809
20
-12.4714159999999996
11
173.0462310000000059
21
-12.4691849999999995
0
LINE
8
BLACK
6
CONTINUOUS
10
173.0462310000000059
20
-12.4691849999999995
11
173.0499999999999829
21
-12.4669869999999996
0
LINE
8
BLACK
6
CONTINUOUS
10
173.0499999999999829
20
-12.4669869999999996
11
173.0537879999999973
21
-12.4648219999999998
0
LINE
8
BLACK
6
CONTINUOUS
10
173.0537879999999973
20
-12.4648219999999998
11
173.0575949999999921
21
-12.4626900000000003
0
LINE
8
BLACK
6
CONTINUOUS
10
173.0575949999999921
20
-12.4626900000000003
11
173.0614209999999957
21
-12.4605909999999991
0
LINE
8
BLACK
6
CONTINUOUS
10
173.0614209999999957
20
-12.4605909999999991
11
173.0652639999999849
21
-12.4585259999999991
0
LINE
8
BLACK
6
CONTINUOUS
10
173.0652639999999849
20
-12.4585259999999991
11
173.0691259999999829
21
-12.4564950000000003
0
LINE
8
BLACK
6
CONTINUOUS
10
173.0691259999999829
20
-12.4564950000000003
11
173.0730049999999949
21
-12.4544969999999999
0
LINE
8
BLACK
6
CONTINUOUS
10
173.0730049999999949
20
-12.4544969999999999
11
173.0769009999999923
21
-12.452532999999999
0
LINE
8
BLACK
6
CONTINUOUS
10
173.0769009999999923
20
-12.452532999999999
11
173.0808140000000037
21
-12.4506029999999992
0
LINE
8
BLACK
6
CONTINUOUS
10
173.0808140000000037
20
-12.4506029999999992
11
173.0847440000000006
21
-12.4487069999999989
0
LINE
8
BLACK
6
CONTINUOUS
10
173.0847440000000006
20
-12.4487069999999989
11
173.088690999999983
21
-12.446845999999999
0
LINE
8
BLACK
6
CONTINUOUS
10
173.088690999999983
20
-12.446845999999999
11
173.0926529999999843
21
-12.4450190000000003
0
LINE
8
BLACK
6
CONTINUOUS
10
173.0926529999999843
20
-12.4450190000000003
11
173.0966319999999996
21
-12.4432270000000003
0
LINE
8
BLACK
6
CONTINUOUS
10
173.0966319999999996
20
-12.4432270000000003
11
173.1006249999999795
21
-12.4414699999999989
0
LINE
8
BLACK
6
CONTINUOUS
10
173.1006249999999795
20
-12.4414699999999989
11
173.1046340000000043
21
-12.4397479999999998
0
LINE
8
BLACK
6
CONTINUOUS
10
173.1046340000000043
20
-12.4397479999999998
11
173.1086579999999913
21
-12.4380600000000001
0
LINE
8
BLACK
6
CONTINUOUS
10
173.1086579999999913
20
-12.4380600000000001
11
173.1126969999999972
21
-12.4364080000000001
0
LINE
8
BLACK
6
CONTINUOUS
10
173.1126969999999972
20
-12.4364080000000001
11
173.1167489999999987
21
-12.4347909999999988
0
LINE
8
BLACK
6
CONTINUOUS
10
173.1167489999999987
20
-12.4347909999999988
11
173.1208159999999907
21
-12.433209999999999
0
LINE
8
BLACK
6
CONTINUOUS
10
173.1208159999999907
20
-12.433209999999999
11
173.1248959999999784
21
-12.4316639999999996
0
LINE
8
BLACK
6
CONTINUOUS
10
173.1248959999999784
20
-12.4316639999999996
11
173.1289899999999875
21
-12.4301539999999999
0
LINE
8
BLACK
6
CONTINUOUS
10
173.1289899999999875
20
-12.4301539999999999
11
173.1330969999999922
21
-12.4286789999999989
0
LINE
8
BLACK
6
CONTINUOUS
10
173.1330969999999922
20
-12.4286789999999989
11
173.1372159999999951
21
-12.4272409999999986
0
LINE
8
BLACK
6
CONTINUOUS
10
173.1372159999999951
20
-12.4272409999999986
11
173.1413479999999936
21
-12.4258379999999988
0
LINE
8
BLACK
6
CONTINUOUS
10
173.1413479999999936
20
-12.4258379999999988
11
173.1454919999999902
21
-12.4244719999999997
0
LINE
8
BLACK
6
CONTINUOUS
10
173.1454919999999902
20
-12.4244719999999997
11
173.1496469999999874
21
-12.4231419999999986
0
LINE
8
BLACK
6
CONTINUOUS
10
173.1496469999999874
20
-12.4231419999999986
11
173.1538139999999828
21
-12.4218479999999989
0
LINE
8
BLACK
6
CONTINUOUS
10
173.1538139999999828
20
-12.4218479999999989
11
173.1579919999999788
21
-12.4205899999999989
0
LINE
8
BLACK
6
CONTINUOUS
10
173.1579919999999788
20
-12.4205899999999989
11
173.1621810000000039
21
-12.4193689999999997
0
LINE
8
BLACK
6
CONTINUOUS
10
173.1621810000000039
20
-12.4193689999999997
11
173.1663810000000012
21
-12.4181849999999994
0
LINE
8
BLACK
6
CONTINUOUS
10
173.1663810000000012
20
-12.4181849999999994
11
173.1705900000000042
21
-12.4170369999999988
0
LINE
8
BLACK
6
CONTINUOUS
10
173.1705900000000042
20
-12.4170369999999988
11
173.1748099999999795
21
-12.4159259999999989
0
LINE
8
BLACK
6
CONTINUOUS
10
173.1748099999999795
20
-12.4159259999999989
11
173.1790389999999888
21
-12.4148519999999998
0
LINE
8
BLACK
6
CONTINUOUS
10
173.1790389999999888
20
-12.4148519999999998
11
173.1832770000000039
21
-12.4138149999999996
0
LINE
8
BLACK
6
CONTINUOUS
10
173.1832770000000039
20
-12.4138149999999996
11
173.1875239999999962
21
-12.4128150000000002
0
LINE
8
BLACK
6
CONTINUOUS
10
173.1875239999999962
20
-12.4128150000000002
11
173.1917799999999943
21
-12.4118519999999997
0
LINE
8
BLACK
6
CONTINUOUS
10
173.1917799999999943
20
-12.4118519999999997
11
173.1960440000000006
21
-12.4109259999999999
0
LINE
8
BLACK
6
CONTINUOUS
10
173.1960440000000006
20
-12.4109259999999999
11
173.2003159999999866
21
-12.4100380000000001
0
LINE
8
BLACK
6
CONTINUOUS
10
173.2003159999999866
20
-12.4100380000000001
11
173.2045959999999809
21
-12.409186
0
LINE
8
BLACK
6
CONTINUOUS
10
173.2045959999999809
20
-12.409186
11
173.2088819999999885
21
-12.4083729999999992
0
LINE
8
BLACK
6
CONTINUOUS
10
173.2088819999999885
20
-12.4083729999999992
11
173.2131760000000043
21
-12.4075959999999998
0
LINE
8
BLACK
6
CONTINUOUS
10
173.2131760000000043
20
-12.4075959999999998
11
173.2174760000000049
21
-12.4068569999999987
0
LINE
8
BLACK
6
CONTINUOUS
10
173.2174760000000049
20
-12.4068569999999987
11
173.2217829999999879
21
-12.4061559999999993
0
LINE
8
BLACK
6
CONTINUOUS
10
173.2217829999999879
20
-12.4061559999999993
11
173.2260949999999866
21
-12.4054919999999989
0
LINE
8
BLACK
6
CONTINUOUS
10
173.2260949999999866
20
-12.4054919999999989
11
173.2304129999999986
21
-12.4048660000000002
0
LINE
8
BLACK
6
CONTINUOUS
10
173.2304129999999986
20
-12.4048660000000002
11
173.2347369999999955
21
-12.4042779999999997
0
LINE
8
BLACK
6
CONTINUOUS
10
173.2347369999999955
20
-12.4042779999999997
11
173.2390649999999823
21
-12.4037269999999999
0
LINE
8
BLACK
6
CONTINUOUS
10
173.2390649999999823
20
-12.4037269999999999
11
173.2433979999999849
21
-12.4032140000000002
0
LINE
8
BLACK
6
CONTINUOUS
10
173.2433979999999849
20
-12.4032140000000002
11
173.2477360000000033
21
-12.4027389999999986
0
LINE
8
BLACK
6
CONTINUOUS
10
173.2477360000000033
20
-12.4027389999999986
11
173.2520769999999857
21
-12.4023019999999988
0
LINE
8
BLACK
6
CONTINUOUS
10
173.2520769999999857
20
-12.4023019999999988
11
173.2564219999999864
21
-12.401902999999999
0
LINE
8
BLACK
6
CONTINUOUS
10
173.2564219999999864
20
-12.401902999999999
11
173.2607699999999795
21
-12.4015409999999999
0
LINE
8
BLACK
6
CONTINUOUS
10
173.2607699999999795
20
-12.4015409999999999
11
173.265121999999991
21
-12.4012180000000001
0
LINE
8
BLACK
6
CONTINUOUS
10
173.265121999999991
20
-12.4012180000000001
11
173.2694759999999974
21
-12.4009330000000002
0
LINE
8
BLACK
6
CONTINUOUS
10
173.2694759999999974
20
-12.4009330000000002
11
173.2738319999999987
21
-12.4006849999999993
0
LINE
8
BLACK
6
CONTINUOUS
10
173.2738319999999987
20
-12.4006849999999993
11
173.2781899999999951
21
-12.4004759999999994
0
LINE
8
BLACK
6
CONTINUOUS
10
173.2781899999999951
20
-12.4004759999999994
11
173.2825499999999863
21
-12.4003049999999995
0
LINE
8
BLACK
6
CONTINUOUS
10
173.2825499999999863
20
-12.4003049999999995
11
173.2869120000000009
21
-12.4001710000000003
0
LINE
8
BLACK
6
CONTINUOUS
10
173.2869120000000009
20
-12.4001710000000003
11
173.2912739999999872
21
-12.4000760000000003
0
LINE
8
BLACK
6
CONTINUOUS
10
173.2912739999999872
20
-12.4000760000000003
11
173.2956369999999993
21
-12.4000189999999986
0
LINE
8
BLACK
6
CONTINUOUS
10
173.2956369999999993
20
-12.4000189999999986
11
173.2999999999999829
21
-12.3999999999999986
0
LINE
8
BLACK
6
CONTINUOUS
10
149.
20
-136.0499999999999829
11
147.9000000000000057
21
-136.0499999999999829
0
LINE
8
BLACK
6
CONTINUOUS
10
147.5
20
-136.0499999999999829
11
146.4000000000000057
21
-136.0499999999999829
0
LINE
8
BLACK
6
CONTINUOUS
10
146.
20
-136.0499999999999829
11
144.9000000000000057
21
-136.0499999999999829
0
LINE
8
BLACK
6
CONTINUOUS
10
144.5
20
-136.0499999999999829
11
144.
21
-136.0499999999999829
0
CIRCLE
8
BLACK
10
373.875
20
-54.7999999999999972
40
2.5499999999999998
0
CIRCLE
8
BLACK
10
373.875
20
-159.7999999999999829
40
2.5499999999999998
0
LINE
8
BLACK
6
CONTINUOUS
10
295.8000000000000114
20
-49.7999999999999972
11
295.8000000000000114
21
-48.6999999999999957
0
CIRCLE
8
BLACK
10
356.125
20
-159.7999999999999829
40
1.25
0
ARC
8
BLACK
10
144.5
20
-50.2999999999999972
40
0.5
50
90.00000000
51
180.00000000
0
CIRCLE
8
BLACK
10
373.875
20
-159.7999999999999829
40
1.25
0
ARC
8
BLACK
10
175.2999999999999829
20
-52.2999999999999972
40
4.
50
90.00000000
51
180.00000000
0
LINE
8
BLACK
6
CONTINUOUS
10
451.5499999999999545
20
-164.7999999999999829
11
459.5499999999999545
21
-164.7999999999999829
0
LINE
8
BLACK
6
CONTINUOUS
10
171.2999999999999829
20
-10.9000000000000004
11
171.2999999999999829
21
-20.8999999999999986
0
LINE
8
BLACK
6
CONTINUOUS
10
421.7999999999999545
20
-53.7999999999999972
11
422.8999999999999773
21
-53.7999999999999972
0
LINE
8
BLACK
6
CONTINUOUS
10
172.7999999999999829
20
-20.8999999999999986
11
171.2999999999999829
21
-20.8999999999999986
0
ARC
8
BLACK
10
419.2999999999999545
20
-162.2999999999999829
40
4.
50
-90.00000000
51
-0.00000000
0
LINE
8
BLACK
6
CONTINUOUS
10
144.
20
-57.5499999999999972
11
145.0999999999999943
21
-57.5499999999999972
0
LINE
8
BLACK
6
CONTINUOUS
10
145.5
20
-57.5499999999999972
11
146.5999999999999943
21
-57.5499999999999972
0
LINE
8
BLACK
6
CONTINUOUS
10
147.
20
-57.5499999999999972
11
148.0999999999999943
21
-57.5499999999999972
0
LINE
8
BLACK
6
CONTINUOUS
10
148.5
20
-57.5499999999999972
11
149.
21
-57.5499999999999972
0
LINE
8
BLACK
6
CONTINUOUS
10
460.0499999999999545
20
-48.2999999999999972
11
451.5499999999999545
21
-48.2999999999999972
0
LINE
8
BLACK
6
CONTINUOUS
10
298.8000000000000114
20
-164.7999999999999829
11
298.8000000000000114
21
-165.9000000000000057
0
LINE
8
BLACK
6
CONTINUOUS
10
177.2999999999999829
20
-61.2999999999999972
11
189.7999999999999829
21
-61.2999999999999972
0
LINE
8
BLACK
6
CONTINUOUS
10
189.7999999999999829
20
-61.2999999999999972
11
189.7999999999999829
21
-73.8999999999999915
0
LINE
8
BLACK
6
CONTINUOUS
10
189.7999999999999829
20
-73.8999999999999915
11
177.2999999999999829
21
-73.8999999999999915
0
LINE
8
BLACK
6
CONTINUOUS
10
177.2999999999999829
20
-73.8999999999999915
11
177.2999999999999829
21
-61.2999999999999972
0
ARC
8
BLACK
10
144.5
20
-164.2999999999999829
40
0.5
50
-180.00000000
51
-90.00000000
  0
ENDSEC
  0
EOF
