  0
SECTION
  2
HEADER
  9
$ANGBASE
  50
0.0
  9
$ANGDIR
  70
1
  9
$MEASUREMENT
  70
1
  0
ENDSEC
  0
SECTION
  2
TABLES
  0
TABLE
  2
LTYPE
  70
4
  0
LTYPE
  5
40F
  2
CONTINUOUS
  70
0
  3
Solid line
  72
65
  73
0
  40
0.0
  0
LTYPE
  5
410
  2
DASHDOT
 70
0
  3
Dash Dot ____ _ ____ _
 72
65
 73
4
 40
2.0
 49
1.25
 49
-0.25
 49
0.25
 49
-0.25
  0
LTYPE
  5
411
  2
DASHED
 70
0
  3
Dashed __ __ __ __ __
 72
65
 73
2
 40
0.75
 49
0.5
 49
-0.25
  0
LTYPE
  5
43B
  2
DOTTED
 70
0
  3
Dotted .  .  .  .
 72
65
 73
2
 40
0.2
 49
0.0
 49
-0.2
  0
ENDTAB
  0
TABLE
  2
STYLE
  70
4
  0
STYLE
  2
KICAD
  70
0
  40
0
  41
1
  42
1
  50
0
  71
0
  3
isocp.shx
  0
STYLE
  2
KICADB
  70
0
  40
0
  41
1
  42
1
  50
0
  71
0
  3
isocp.shx
  0
STYLE
  2
KICADI
  70
0
  40
0
  41
1
  42
1
  50
15
  71
0
  3
isocp.shx
  0
STYLE
  2
KICADBI
  70
0
  40
0
  41
1
  42
1
  50
15
  71
0
  3
isocp.shx
  0
ENDTAB
  0
TABLE
  2
LAYER
  70
1
  0
LAYER
  2
BLACK
  70
0
  62
7
  6
CONTINUOUS
  0
ENDTAB
  0
ENDSEC
  0
SECTION
  2
ENTITIES
0
LINE
8
BLACK
6
CONTINUOUS
10
644.0154219999999441
20
-166.9430140000000051
11
644.4599210000000085
21
-166.5620150000000024
0
CIRCLE
8
BLACK
10
224.5
20
-168.5
40
2.9499999999999997
0
LINE
8
BLACK
6
CONTINUOUS
10
528.5499999999999545
20
-163.797520999999989
11
529.5026279999999588
21
-164.3475210000000004
0
LINE
8
BLACK
6
CONTINUOUS
10
529.8490379999999504
20
-164.547520999999989
11
530.8016659999999547
21
-165.0975210000000004
0
LINE
8
BLACK
6
CONTINUOUS
10
531.1480759999999464
20
-165.297520999999989
11
531.75
21
-165.6450419999999895
0
LINE
8
BLACK
6
CONTINUOUS
10
643.0629229999999552
20
-167.8320129999999892
11
643.1264599999999518
21
-167.8320129999999892
0
LINE
8
BLACK
6
CONTINUOUS
10
547.6197509999999511
20
130.8172700000000077
11
547.6832859999999528
21
130.8172700000000077
0
LINE
8
BLACK
6
CONTINUOUS
10
432.9499999999999886
20
46.7975209999999961
11
431.9973719999999844
21
47.3475210000000004
0
LINE
8
BLACK
6
CONTINUOUS
10
431.6509619999999927
20
47.5475209999999961
11
430.6983339999999885
21
48.0975210000000004
0
LINE
8
BLACK
6
CONTINUOUS
10
430.3519239999999968
20
48.2975209999999961
11
429.75
21
48.6450419999999966
0
LINE
8
BLACK
6
CONTINUOUS
10
295.0802479999999832
20
130.8807449999999903
11
295.0167129999999815
21
130.8807449999999903
0
CIRCLE
8
BLACK
10
305.75
20
-58.25
40
1.5
0
LINE
8
BLACK
6
CONTINUOUS
10
547.8102509999999938
20
131.9602639999999951
11
547.8102509999999938
21
130.8172700000000077
0
LINE
8
BLACK
6
CONTINUOUS
10
643.1899230000000216
20
-171.1340089999999918
11
643.1899230000000216
21
-170.0545109999999909
0
CIRCLE
8
BLACK
10
438.75
20
-161.9499999999999886
40
1.5
0
LINE
8
BLACK
6
CONTINUOUS
10
302.5500000000000114
20
43.1024789999999953
11
303.5026279999999588
21
42.5524789999999982
0
LINE
8
BLACK
6
CONTINUOUS
10
303.8490380000000073
20
42.3524789999999953
11
304.8016660000000115
21
41.8024789999999982
0
LINE
8
BLACK
6
CONTINUOUS
10
305.1480760000000032
20
41.6024789999999953
11
305.75
21
41.2549579999999949
0
LINE
8
BLACK
6
CONTINUOUS
10
547.7467510000000175
20
134.1192549999999812
11
547.8102509999999938
21
134.1192549999999812
0
LINE
8
BLACK
6
CONTINUOUS
10
549.1000000000000227
20
152.5
11
549.1000000000000227
21
97.5
0
LINE
8
BLACK
6
CONTINUOUS
10
427.1999999999999886
20
99.
11
432.2999999999999545
21
99.
0
LINE
8
BLACK
6
CONTINUOUS
10
432.2999999999999545
20
99.
11
432.2999999999999545
21
93.
0
LINE
8
BLACK
6
CONTINUOUS
10
432.2999999999999545
20
93.
11
427.1999999999999886
21
93.
0
LINE
8
BLACK
6
CONTINUOUS
10
427.1999999999999886
20
93.
11
427.1999999999999886
21
99.
0
LINE
8
BLACK
6
CONTINUOUS
10
423.8454719999999725
20
91.9690360000000027
11
424.2899749999999699
21
91.5245369999999951
0
LINE
8
BLACK
6
CONTINUOUS
10
294.9532479999999737
20
134.1827299999999923
11
294.8897479999999973
21
134.1827299999999923
0
LINE
8
BLACK
6
CONTINUOUS
10
294.8897479999999973
20
130.8807449999999903
11
294.8897479999999973
21
131.9602419999999938
0
LINE
8
BLACK
6
CONTINUOUS
10
293.5
20
61.5
11
293.5
21
-178.5
0
LINE
8
BLACK
6
CONTINUOUS
10
547.6197509999999511
20
130.8172700000000077
11
547.6832859999999528
21
130.8172700000000077
0
CIRCLE
8
BLACK
10
429.75
20
44.9499999999999957
40
2.6899999999999999
0
LINE
8
BLACK
6
CONTINUOUS
10
184.9604980000000012
20
-171.1340089999999918
11
184.8969979999999964
21
-171.1340089999999918
0
LINE
8
BLACK
6
CONTINUOUS
10
643.0629229999999552
20
49.8457149999999984
11
643.1264599999999518
21
49.8457149999999984
0
LINE
8
BLACK
6
CONTINUOUS
10
422.9564879999999789
20
92.7945339999999987
11
423.4009909999999763
21
92.3499999999999943
0
LINE
8
BLACK
6
CONTINUOUS
10
643.1899230000000216
20
49.8457149999999984
11
643.1899230000000216
21
50.9887139999999945
0
CIRCLE
8
BLACK
10
313.5
20
-130.
40
1.8999999999999999
0
LINE
8
BLACK
6
CONTINUOUS
10
643.1899230000000216
20
52.0682119999999955
11
643.1899230000000216
21
53.147711000000001
0
LINE
8
BLACK
6
CONTINUOUS
10
305.75
20
-54.5549579999999992
11
304.7973719999999958
21
-55.1049579999999963
0
LINE
8
BLACK
6
CONTINUOUS
10
304.4509620000000041
20
-55.3049579999999992
11
303.4983339999999998
21
-55.8549579999999963
0
LINE
8
BLACK
6
CONTINUOUS
10
303.1519240000000082
20
-56.0549579999999992
11
302.5500000000000114
21
-56.4024789999999996
0
LINE
8
BLACK
6
CONTINUOUS
10
528.5499999999999545
20
-60.0975210000000004
11
529.5026279999999588
21
-60.6475209999999976
0
LINE
8
BLACK
6
CONTINUOUS
10
529.8490379999999504
20
-60.8475210000000004
11
530.8016659999999547
21
-61.3975209999999976
0
LINE
8
BLACK
6
CONTINUOUS
10
531.1480759999999464
20
-61.5975210000000004
11
531.75
21
-61.9450419999999937
0
LINE
8
BLACK
6
CONTINUOUS
10
184.7699979999999869
20
-168.9115170000000035
11
184.7699979999999869
21
-167.8320190000000025
0
LINE
8
BLACK
6
CONTINUOUS
10
294.0642499999999586
20
129.9917609999999968
11
293.6197510000000079
21
129.5472579999999994
0
LINE
8
BLACK
6
CONTINUOUS
10
547.8102509999999938
20
134.1192549999999812
11
548.2547849999999698
21
134.5637580000000071
0
LINE
8
BLACK
6
CONTINUOUS
10
543.1000000000000227
20
91.5
11
299.5999999999999659
21
91.5
0
LINE
8
BLACK
6
CONTINUOUS
10
548.6357489999999189
20
135.0082390000000032
11
549.0802479999999832
21
135.4527420000000006
0
LINE
8
BLACK
6
CONTINUOUS
10
435.5499999999999545
20
-163.797520999999989
11
436.5026279999999588
21
-164.3475210000000004
0
LINE
8
BLACK
6
CONTINUOUS
10
436.8490380000000073
20
-164.547520999999989
11
437.8016659999999547
21
-165.0975210000000004
0
LINE
8
BLACK
6
CONTINUOUS
10
438.1480760000000032
20
-165.297520999999989
11
438.75
21
-165.6450419999999895
0
LINE
8
BLACK
6
CONTINUOUS
10
438.75
20
-158.2549579999999878
11
437.7973719999999958
21
-158.8049579999999992
0
LINE
8
BLACK
6
CONTINUOUS
10
437.4509620000000041
20
-159.0049579999999878
11
436.4983339999999998
21
-159.5549579999999992
0
LINE
8
BLACK
6
CONTINUOUS
10
436.1519240000000082
20
-159.7549579999999878
11
435.5499999999999545
21
-160.1024789999999882
0
LINE
8
BLACK
6
CONTINUOUS
10
531.75
20
-54.5549579999999992
11
530.7973719999999958
21
-55.1049579999999963
0
LINE
8
BLACK
6
CONTINUOUS
10
530.4509620000000041
20
-55.3049579999999992
11
529.4983339999999998
21
-55.8549579999999963
0
LINE
8
BLACK
6
CONTINUOUS
10
529.1519240000000082
20
-56.0549579999999992
11
528.5499999999999545
21
-56.4024789999999996
0
LINE
8
BLACK
6
CONTINUOUS
10
184.8334979999999916
20
-171.1340089999999918
11
184.8969979999999964
21
-171.1340089999999918
0
LINE
8
BLACK
6
CONTINUOUS
10
308.9499999999999886
20
46.7975209999999961
11
307.9973719999999844
21
47.3475210000000004
0
LINE
8
BLACK
6
CONTINUOUS
10
307.6509619999999927
20
47.5475209999999961
11
306.6983339999999885
21
48.0975210000000004
0
LINE
8
BLACK
6
CONTINUOUS
10
306.3519239999999968
20
48.2975209999999961
11
305.75
21
48.6450419999999966
0
LINE
8
BLACK
6
CONTINUOUS
10
302.5500000000000114
20
-56.4024789999999996
11
302.5500000000000114
21
-57.5024789999999939
0
LINE
8
BLACK
6
CONTINUOUS
10
302.5500000000000114
20
-57.9024789999999996
11
302.5500000000000114
21
-59.0024789999999939
0
LINE
8
BLACK
6
CONTINUOUS
10
302.5500000000000114
20
-59.4024789999999996
11
302.5500000000000114
21
-60.0975210000000004
0
LINE
8
BLACK
6
CONTINUOUS
10
294.8897479999999973
20
133.0397360000000049
11
294.8897479999999973
21
134.1827299999999923
0
LINE
8
BLACK
6
CONTINUOUS
10
305.75
20
-158.2549579999999878
11
304.7973719999999958
21
-158.8049579999999992
0
LINE
8
BLACK
6
CONTINUOUS
10
304.4509620000000041
20
-159.0049579999999878
11
303.4983339999999998
21
-159.5549579999999992
0
LINE
8
BLACK
6
CONTINUOUS
10
303.1519240000000082
20
-159.7549579999999878
11
302.5500000000000114
21
-160.1024789999999882
0
LINE
8
BLACK
6
CONTINUOUS
10
643.1899230000000216
20
-167.8320129999999892
11
643.0629229999999552
21
-167.8320129999999892
0
LINE
8
BLACK
6
CONTINUOUS
10
547.6832859999999528
20
130.8172700000000077
11
547.7467510000000175
21
130.8172700000000077
0
LINE
8
BLACK
6
CONTINUOUS
10
184.8969979999999964
20
53.1476979999999983
11
184.8334979999999916
21
53.1476979999999983
0
LINE
8
BLACK
6
CONTINUOUS
10
308.9499999999999886
20
-60.0975210000000004
11
308.9499999999999886
21
-58.997520999999999
0
LINE
8
BLACK
6
CONTINUOUS
10
308.9499999999999886
20
-58.5975210000000004
11
308.9499999999999886
21
-57.497520999999999
0
LINE
8
BLACK
6
CONTINUOUS
10
308.9499999999999886
20
-57.0975210000000004
11
308.9499999999999886
21
-56.4024789999999996
0
ARC
8
BLACK
10
299.5999999999999659
20
97.5
40
4.5
50
-180.00000000
51
-90.00000000
0
LINE
8
BLACK
6
CONTINUOUS
10
548.6357489999999189
20
135.0082390000000032
11
549.0802479999999832
21
135.4527420000000006
0
LINE
8
BLACK
6
CONTINUOUS
10
184.8969979999999964
20
49.8457019999999957
11
184.8334979999999916
21
49.8457019999999957
0
LINE
8
BLACK
6
CONTINUOUS
10
534.9499999999999318
20
-163.797520999999989
11
534.9499999999999318
21
-162.6975209999999947
0
LINE
8
BLACK
6
CONTINUOUS
10
534.9499999999999318
20
-162.297520999999989
11
534.9499999999999318
21
-161.1975209999999947
0
LINE
8
BLACK
6
CONTINUOUS
10
534.9499999999999318
20
-160.797520999999989
11
534.9499999999999318
21
-160.1024789999999882
0
LINE
8
BLACK
6
CONTINUOUS
10
294.9532479999999737
20
130.8807449999999903
11
294.8897479999999973
21
130.8807449999999903
0
LINE
8
BLACK
6
CONTINUOUS
10
294.8897479999999973
20
130.8807449999999903
11
294.4452139999999645
21
130.4362419999999929
0
LINE
8
BLACK
6
CONTINUOUS
10
583.5
20
61.5
11
583.5
21
-178.5
0
LINE
8
BLACK
6
CONTINUOUS
10
184.9604980000000012
20
49.8457019999999957
11
184.8969979999999964
21
49.8457019999999957
0
LINE
8
BLACK
6
CONTINUOUS
10
547.6000000000000227
20
97.5
11
547.6000000000000227
21
152.5
0
LINE
8
BLACK
6
CONTINUOUS
10
424.1999999999999886
20
52.5
11
424.1998879999999872
21
52.4742569999999944
0
LINE
8
BLACK
6
CONTINUOUS
10
424.1998879999999872
20
52.4742569999999944
11
424.1995509999999854
21
52.4485150000000004
0
LINE
8
BLACK
6
CONTINUOUS
10
424.1995509999999854
20
52.4485150000000004
11
424.1989889999999832
21
52.422778000000001
0
LINE
8
BLACK
6
CONTINUOUS
10
424.1989889999999832
20
52.422778000000001
11
424.1982029999999781
21
52.397045999999996
0
LINE
8
BLACK
6
CONTINUOUS
10
424.1982029999999781
20
52.397045999999996
11
424.1971919999999727
21
52.3713229999999967
0
LINE
8
BLACK
6
CONTINUOUS
10
424.1971919999999727
20
52.3713229999999967
11
424.1959569999999644
21
52.3456089999999961
0
LINE
8
BLACK
6
CONTINUOUS
10
424.1959569999999644
20
52.3456089999999961
11
424.1944979999999532
21
52.3199070000000006
0
LINE
8
BLACK
6
CONTINUOUS
10
424.1944979999999532
20
52.3199070000000006
11
424.1928139999999985
21
52.2942180000000008
0
LINE
8
BLACK
6
CONTINUOUS
10
424.1928139999999985
20
52.2942180000000008
11
424.190905999999984
21
52.2685460000000006
0
LINE
8
BLACK
6
CONTINUOUS
10
424.190905999999984
20
52.2685460000000006
11
424.1887739999999667
21
52.2428910000000002
0
LINE
8
BLACK
6
CONTINUOUS
10
424.1887739999999667
20
52.2428910000000002
11
424.1864190000000008
21
52.2172549999999944
0
LINE
8
BLACK
6
CONTINUOUS
10
424.1864190000000008
20
52.2172549999999944
11
424.1838399999999751
21
52.1916409999999971
0
LINE
8
BLACK
6
CONTINUOUS
10
424.1838399999999751
20
52.1916409999999971
11
424.1810370000000034
21
52.166050999999996
0
LINE
8
BLACK
6
CONTINUOUS
10
424.1810370000000034
20
52.166050999999996
11
424.1780109999999695
21
52.1404849999999982
0
LINE
8
BLACK
6
CONTINUOUS
10
424.1780109999999695
20
52.1404849999999982
11
424.174761999999987
21
52.1149479999999983
0
LINE
8
BLACK
6
CONTINUOUS
10
424.174761999999987
20
52.1149479999999983
11
424.1712909999999965
21
52.0894389999999987
0
LINE
8
BLACK
6
CONTINUOUS
10
424.1712909999999965
20
52.0894389999999987
11
424.1675970000000007
21
52.0639619999999965
0
LINE
8
BLACK
6
CONTINUOUS
10
424.1675970000000007
20
52.0639619999999965
11
424.1636809999999969
21
52.0385179999999963
0
LINE
8
BLACK
6
CONTINUOUS
10
424.1636809999999969
20
52.0385179999999963
11
424.1595429999999851
21
52.0131099999999975
0
LINE
8
BLACK
6
CONTINUOUS
10
424.1595429999999851
20
52.0131099999999975
11
424.1551829999999654
21
51.9877380000000002
0
LINE
8
BLACK
6
CONTINUOUS
10
424.1551829999999654
20
51.9877380000000002
11
424.1506019999999921
21
51.9624049999999968
0
LINE
8
BLACK
6
CONTINUOUS
10
424.1506019999999921
20
51.9624049999999968
11
424.1458000000000084
21
51.9371129999999965
0
LINE
8
BLACK
6
CONTINUOUS
10
424.1458000000000084
20
51.9371129999999965
11
424.1407779999999548
21
51.9118649999999988
0
LINE
8
BLACK
6
CONTINUOUS
10
424.1407779999999548
20
51.9118649999999988
11
424.1355350000000044
21
51.8866609999999966
0
LINE
8
BLACK
6
CONTINUOUS
10
424.1355350000000044
20
51.8866609999999966
11
424.1300729999999817
21
51.861502999999999
0
LINE
8
BLACK
6
CONTINUOUS
10
424.1300729999999817
20
51.861502999999999
11
424.1243920000000003
21
51.8363939999999985
0
LINE
8
BLACK
6
CONTINUOUS
10
424.1243920000000003
20
51.8363939999999985
11
424.1184910000000059
21
51.8113359999999972
0
LINE
8
BLACK
6
CONTINUOUS
10
424.1184910000000059
20
51.8113359999999972
11
424.1123719999999935
21
51.7863299999999995
0
LINE
8
BLACK
6
CONTINUOUS
10
424.1123719999999935
20
51.7863299999999995
11
424.1060359999999605
21
51.761378999999998
0
LINE
8
BLACK
6
CONTINUOUS
10
424.1060359999999605
20
51.761378999999998
11
424.0994809999999688
21
51.7364839999999973
0
LINE
8
BLACK
6
CONTINUOUS
10
424.0994809999999688
20
51.7364839999999973
11
424.0927099999999541
21
51.7116469999999993
0
LINE
8
BLACK
6
CONTINUOUS
10
424.0927099999999541
20
51.7116469999999993
11
424.0857219999999757
21
51.686869999999999
0
LINE
8
BLACK
6
CONTINUOUS
10
424.0857219999999757
20
51.686869999999999
11
424.0785179999999741
21
51.6621549999999985
0
LINE
8
BLACK
6
CONTINUOUS
10
424.0785179999999741
20
51.6621549999999985
11
424.0710990000000038
21
51.6375029999999953
0
LINE
8
BLACK
6
CONTINUOUS
10
424.0710990000000038
20
51.6375029999999953
11
424.0634650000000079
21
51.6129180000000005
0
LINE
8
BLACK
6
CONTINUOUS
10
424.0634650000000079
20
51.6129180000000005
11
424.0556169999999838
21
51.5884
0
LINE
8
BLACK
6
CONTINUOUS
10
424.0556169999999838
20
51.5884
11
424.0475549999999885
21
51.5639509999999959
0
LINE
8
BLACK
6
CONTINUOUS
10
424.0475549999999885
20
51.5639509999999959
11
424.0392799999999625
21
51.5395739999999947
0
LINE
8
BLACK
6
CONTINUOUS
10
424.0392799999999625
20
51.5395739999999947
11
424.0307919999999626
21
51.515270000000001
0
LINE
8
BLACK
6
CONTINUOUS
10
424.0307919999999626
20
51.515270000000001
11
424.0220929999999839
21
51.4910409999999956
0
LINE
8
BLACK
6
CONTINUOUS
10
424.0220929999999839
20
51.4910409999999956
11
424.0131829999999695
21
51.4668879999999973
0
LINE
8
BLACK
6
CONTINUOUS
10
424.0131829999999695
20
51.4668879999999973
11
424.0040619999999763
21
51.442814999999996
0
LINE
8
BLACK
6
CONTINUOUS
10
424.0040619999999763
20
51.442814999999996
11
423.9972809999999868
21
51.4253140000000002
0
LINE
8
BLACK
6
CONTINUOUS
10
423.8267899999999599
20
51.0638059999999996
11
423.814158999999961
21
51.0413739999999976
0
LINE
8
BLACK
6
CONTINUOUS
10
423.814158999999961
20
51.0413739999999976
11
423.8013329999999996
21
51.019053999999997
0
LINE
8
BLACK
6
CONTINUOUS
10
423.8013329999999996
20
51.019053999999997
11
423.7883119999999622
21
50.9968459999999979
0
LINE
8
BLACK
6
CONTINUOUS
10
423.7883119999999622
20
50.9968459999999979
11
423.7750979999999572
21
50.9747519999999952
0
LINE
8
BLACK
6
CONTINUOUS
10
423.7750979999999572
20
50.9747519999999952
11
423.7616919999999823
21
50.9527749999999955
0
LINE
8
BLACK
6
CONTINUOUS
10
423.7616919999999823
20
50.9527749999999955
11
423.7480939999999805
21
50.9309159999999963
0
LINE
8
BLACK
6
CONTINUOUS
10
423.7480939999999805
20
50.9309159999999963
11
423.7343060000000037
21
50.9091759999999951
0
LINE
8
BLACK
6
CONTINUOUS
10
423.7343060000000037
20
50.9091759999999951
11
423.7203289999999924
21
50.887557000000001
0
LINE
8
BLACK
6
CONTINUOUS
10
423.7203289999999924
20
50.887557000000001
11
423.7061640000000011
21
50.8660609999999949
0
LINE
8
BLACK
6
CONTINUOUS
10
423.7061640000000011
20
50.8660609999999949
11
423.6918119999999703
21
50.8446889999999954
0
LINE
8
BLACK
6
CONTINUOUS
10
423.6918119999999703
20
50.8446889999999954
11
423.6772739999999544
21
50.823443999999995
0
LINE
8
BLACK
6
CONTINUOUS
10
423.6772739999999544
20
50.823443999999995
11
423.6625510000000077
21
50.8023260000000008
0
LINE
8
BLACK
6
CONTINUOUS
10
423.6625510000000077
20
50.8023260000000008
11
423.647643999999957
21
50.7813370000000006
0
LINE
8
BLACK
6
CONTINUOUS
10
423.647643999999957
20
50.7813370000000006
11
423.632554999999968
21
50.7604800000000012
0
LINE
8
BLACK
6
CONTINUOUS
10
423.632554999999968
20
50.7604800000000012
11
423.6172839999999837
21
50.7397539999999978
0
LINE
8
BLACK
6
CONTINUOUS
10
423.6172839999999837
20
50.7397539999999978
11
423.6018329999999992
21
50.7191629999999947
0
LINE
8
BLACK
6
CONTINUOUS
10
423.6018329999999992
20
50.7191629999999947
11
423.586202999999955
21
50.6987079999999963
0
LINE
8
BLACK
6
CONTINUOUS
10
423.586202999999955
20
50.6987079999999963
11
423.5703949999999622
21
50.6783889999999957
0
LINE
8
BLACK
6
CONTINUOUS
10
423.5703949999999622
20
50.6783889999999957
11
423.5544109999999591
21
50.6582099999999969
0
LINE
8
BLACK
6
CONTINUOUS
10
423.5544109999999591
20
50.6582099999999969
11
423.538250000000005
21
50.6381699999999952
0
LINE
8
BLACK
6
CONTINUOUS
10
423.538250000000005
20
50.6381699999999952
11
423.5219159999999761
21
50.618272999999995
0
LINE
8
BLACK
6
CONTINUOUS
10
423.5219159999999761
20
50.618272999999995
11
423.505408999999986
21
50.5985179999999986
0
LINE
8
BLACK
6
CONTINUOUS
10
423.505408999999986
20
50.5985179999999986
11
423.488728999999978
21
50.5789089999999959
0
LINE
8
BLACK
6
CONTINUOUS
10
423.488728999999978
20
50.5789089999999959
11
423.4718799999999987
21
50.5594460000000012
0
LINE
8
BLACK
6
CONTINUOUS
10
423.4718799999999987
20
50.5594460000000012
11
423.454860999999994
21
50.5401299999999978
0
LINE
8
BLACK
6
CONTINUOUS
10
423.454860999999994
20
50.5401299999999978
11
423.4376739999999586
21
50.5209639999999993
0
LINE
8
BLACK
6
CONTINUOUS
10
423.4376739999999586
20
50.5209639999999993
11
423.4203200000000038
21
50.5019489999999962
0
LINE
8
BLACK
6
CONTINUOUS
10
423.4203200000000038
20
50.5019489999999962
11
423.4028020000000083
21
50.4830849999999955
0
LINE
8
BLACK
6
CONTINUOUS
10
423.4028020000000083
20
50.4830849999999955
11
423.3851189999999747
21
50.4643759999999943
0
LINE
8
BLACK
6
CONTINUOUS
10
423.3851189999999747
20
50.4643759999999943
11
423.367274000000009
21
50.4458209999999951
0
LINE
8
BLACK
6
CONTINUOUS
10
423.367274000000009
20
50.4458209999999951
11
423.3492669999999976
21
50.4274229999999974
0
LINE
8
BLACK
6
CONTINUOUS
10
423.3492669999999976
20
50.4274229999999974
11
423.3311009999999897
21
50.4091820000000013
0
LINE
8
BLACK
6
CONTINUOUS
10
423.3311009999999897
20
50.4091820000000013
11
423.3127759999999853
21
50.391100999999999
0
LINE
8
BLACK
6
CONTINUOUS
10
423.3127759999999853
20
50.391100999999999
11
423.2942939999999794
21
50.3731799999999978
0
LINE
8
BLACK
6
CONTINUOUS
10
423.2942939999999794
20
50.3731799999999978
11
423.275656999999967
21
50.3554219999999972
0
LINE
8
BLACK
6
CONTINUOUS
10
423.275656999999967
20
50.3554219999999972
11
423.2568650000000048
21
50.3378269999999972
0
LINE
8
BLACK
6
CONTINUOUS
10
423.2568650000000048
20
50.3378269999999972
11
423.2379199999999742
21
50.3203959999999952
0
LINE
8
BLACK
6
CONTINUOUS
10
423.2379199999999742
20
50.3203959999999952
11
423.2188239999999837
21
50.3031310000000005
0
LINE
8
BLACK
6
CONTINUOUS
10
423.2188239999999837
20
50.3031310000000005
11
423.1995779999999741
21
50.2860340000000008
0
LINE
8
BLACK
6
CONTINUOUS
10
423.1995779999999741
20
50.2860340000000008
11
423.1801829999999995
21
50.2691049999999962
0
LINE
8
BLACK
6
CONTINUOUS
10
423.1801829999999995
20
50.2691049999999962
11
423.1606419999999957
21
50.2523459999999957
0
LINE
8
BLACK
6
CONTINUOUS
10
423.1606419999999957
20
50.2523459999999957
11
423.1409549999999626
21
50.2357589999999945
0
LINE
8
BLACK
6
CONTINUOUS
10
423.1409549999999626
20
50.2357589999999945
11
423.1265109999999936
21
50.2237739999999988
0
LINE
8
BLACK
6
CONTINUOUS
10
422.8015909999999735
20
49.9910029999999992
11
422.7796369999999797
21
49.9775589999999994
0
LINE
8
BLACK
6
CONTINUOUS
10
422.7796369999999797
20
49.9775589999999994
11
422.7575669999999946
21
49.9643060000000006
0
LINE
8
BLACK
6
CONTINUOUS
10
422.7575669999999946
20
49.9643060000000006
11
422.7353819999999587
21
49.9512469999999951
0
LINE
8
BLACK
6
CONTINUOUS
10
422.7353819999999587
20
49.9512469999999951
11
422.7130829999999833
21
49.9383819999999972
0
LINE
8
BLACK
6
CONTINUOUS
10
422.7130829999999833
20
49.9383819999999972
11
422.6906740000000013
21
49.9257119999999972
0
LINE
8
BLACK
6
CONTINUOUS
10
422.6906740000000013
20
49.9257119999999972
11
422.6681539999999586
21
49.9132379999999998
0
LINE
8
BLACK
6
CONTINUOUS
10
422.6681539999999586
20
49.9132379999999998
11
422.6455269999999587
21
49.9009609999999952
0
LINE
8
BLACK
6
CONTINUOUS
10
422.6455269999999587
20
49.9009609999999952
11
422.6227930000000015
21
49.8888819999999953
0
LINE
8
BLACK
6
CONTINUOUS
10
422.6227930000000015
20
49.8888819999999953
11
422.5999549999999658
21
49.8770009999999999
0
LINE
8
BLACK
6
CONTINUOUS
10
422.5999549999999658
20
49.8770009999999999
11
422.5770139999999628
21
49.8653209999999945
0
LINE
8
BLACK
6
CONTINUOUS
10
422.5770139999999628
20
49.8653209999999945
11
422.55397099999999
21
49.8538409999999956
0
LINE
8
BLACK
6
CONTINUOUS
10
422.55397099999999
20
49.8538409999999956
11
422.5308299999999804
21
49.8425620000000009
0
LINE
8
BLACK
6
CONTINUOUS
10
422.5308299999999804
20
49.8425620000000009
11
422.5075909999999908
21
49.8314859999999982
0
LINE
8
BLACK
6
CONTINUOUS
10
422.5075909999999908
20
49.8314859999999982
11
422.4842559999999594
21
49.8206139999999991
0
LINE
8
BLACK
6
CONTINUOUS
10
422.4842559999999594
20
49.8206139999999991
11
422.4608269999999948
21
49.809944999999999
0
LINE
8
BLACK
6
CONTINUOUS
10
422.4608269999999948
20
49.809944999999999
11
422.4373069999999757
21
49.7994810000000001
0
LINE
8
BLACK
6
CONTINUOUS
10
422.4373069999999757
20
49.7994810000000001
11
422.4136949999999615
21
49.7892229999999998
0
LINE
8
BLACK
6
CONTINUOUS
10
422.4136949999999615
20
49.7892229999999998
11
422.389994999999999
21
49.7791709999999981
0
LINE
8
BLACK
6
CONTINUOUS
10
422.389994999999999
20
49.7791709999999981
11
422.3662079999999719
21
49.7693259999999995
0
LINE
8
BLACK
6
CONTINUOUS
10
422.3662079999999719
20
49.7693259999999995
11
422.3423359999999889
21
49.7596899999999991
0
LINE
8
BLACK
6
CONTINUOUS
10
422.3423359999999889
20
49.7596899999999991
11
422.318380999999988
21
49.7502619999999993
0
LINE
8
BLACK
6
CONTINUOUS
10
422.318380999999988
20
49.7502619999999993
11
422.2943449999999643
21
49.7410429999999977
0
LINE
8
BLACK
6
CONTINUOUS
10
422.2943449999999643
20
49.7410429999999977
11
422.2702289999999721
21
49.7320349999999962
0
LINE
8
BLACK
6
CONTINUOUS
10
422.2702289999999721
20
49.7320349999999962
11
422.2460360000000037
21
49.7232369999999975
0
LINE
8
BLACK
6
CONTINUOUS
10
422.2460360000000037
20
49.7232369999999975
11
422.2217660000000024
21
49.7146509999999964
0
LINE
8
BLACK
6
CONTINUOUS
10
422.2217660000000024
20
49.7146509999999964
11
422.1974229999999579
21
49.706277
0
LINE
8
BLACK
6
CONTINUOUS
10
422.1974229999999579
20
49.706277
11
422.1730069999999841
21
49.6981149999999943
0
LINE
8
BLACK
6
CONTINUOUS
10
422.1730069999999841
20
49.6981149999999943
11
422.1485209999999597
21
49.6901669999999953
0
LINE
8
BLACK
6
CONTINUOUS
10
422.1485209999999597
20
49.6901669999999953
11
422.1239669999999933
21
49.6824329999999961
0
LINE
8
BLACK
6
CONTINUOUS
10
422.1239669999999933
20
49.6824329999999961
11
422.0993459999999686
21
49.6749140000000011
0
LINE
8
BLACK
6
CONTINUOUS
10
422.0993459999999686
20
49.6749140000000011
11
422.0746599999999944
21
49.6676099999999963
0
LINE
8
BLACK
6
CONTINUOUS
10
422.0746599999999944
20
49.6676099999999963
11
422.0499120000000062
21
49.6605209999999957
0
LINE
8
BLACK
6
CONTINUOUS
10
422.0499120000000062
20
49.6605209999999957
11
422.0251030000000014
21
49.6536489999999944
0
LINE
8
BLACK
6
CONTINUOUS
10
422.0251030000000014
20
49.6536489999999944
11
422.0002349999999751
21
49.6469929999999948
0
LINE
8
BLACK
6
CONTINUOUS
10
422.0002349999999751
20
49.6469929999999948
11
421.9753089999999816
21
49.6405549999999991
0
LINE
8
BLACK
6
CONTINUOUS
10
421.9753089999999816
20
49.6405549999999991
11
421.9503279999999563
21
49.6343339999999955
0
LINE
8
BLACK
6
CONTINUOUS
10
421.9503279999999563
20
49.6343339999999955
11
421.9252940000000081
21
49.6283320000000003
0
LINE
8
BLACK
6
CONTINUOUS
10
421.9252940000000081
20
49.6283320000000003
11
421.9002089999999612
21
49.6225479999999948
0
LINE
8
BLACK
6
CONTINUOUS
10
421.9002089999999612
20
49.6225479999999948
11
421.8750739999999837
21
49.6169839999999951
0
LINE
8
BLACK
6
CONTINUOUS
10
421.8750739999999837
20
49.6169839999999951
11
421.8498919999999544
21
49.6116389999999967
0
LINE
8
BLACK
6
CONTINUOUS
10
421.8498919999999544
20
49.6116389999999967
11
421.8246629999999868
21
49.6065139999999971
0
LINE
8
BLACK
6
CONTINUOUS
10
421.8246629999999868
20
49.6065139999999971
11
421.7993909999999573
21
49.6016089999999963
0
LINE
8
BLACK
6
CONTINUOUS
10
421.7993909999999573
20
49.6016089999999963
11
421.7809399999999869
21
49.5981729999999956
0
LINE
8
BLACK
6
CONTINUOUS
10
421.3838030000000003
20
49.5530359999999988
11
421.3580809999999701
21
49.5519809999999978
0
LINE
8
BLACK
6
CONTINUOUS
10
421.3580809999999701
20
49.5519809999999978
11
421.3323509999999601
21
49.5511499999999998
0
LINE
8
BLACK
6
CONTINUOUS
10
421.3323509999999601
20
49.5511499999999998
11
421.3066149999999652
21
49.5505429999999976
0
LINE
8
BLACK
6
CONTINUOUS
10
421.3066149999999652
20
49.5505429999999976
11
421.280873999999983
21
49.5501620000000003
0
LINE
8
BLACK
6
CONTINUOUS
10
421.280873999999983
20
49.5501620000000003
11
421.2551310000000058
21
49.5500040000000013
0
LINE
8
BLACK
6
CONTINUOUS
10
421.2551310000000058
20
49.5500040000000013
11
421.2293879999999717
21
49.5500720000000001
0
LINE
8
BLACK
6
CONTINUOUS
10
421.2293879999999717
20
49.5500720000000001
11
421.203645999999992
21
49.5503639999999947
0
LINE
8
BLACK
6
CONTINUOUS
10
421.203645999999992
20
49.5503639999999947
11
421.1779070000000047
21
49.5508809999999968
0
LINE
8
BLACK
6
CONTINUOUS
10
421.1779070000000047
20
49.5508809999999968
11
421.1521749999999997
21
49.5516219999999947
0
LINE
8
BLACK
6
CONTINUOUS
10
421.1521749999999997
20
49.5516219999999947
11
421.1264489999999796
21
49.5525880000000001
0
LINE
8
BLACK
6
CONTINUOUS
10
421.1264489999999796
20
49.5525880000000001
11
421.1007329999999911
21
49.5537789999999987
0
LINE
8
BLACK
6
CONTINUOUS
10
421.1007329999999911
20
49.5537789999999987
11
421.0750289999999723
21
49.5551940000000002
0
LINE
8
BLACK
6
CONTINUOUS
10
421.0750289999999723
20
49.5551940000000002
11
421.04933699999998
21
49.5568329999999975
0
LINE
8
BLACK
6
CONTINUOUS
10
421.04933699999998
20
49.5568329999999975
11
421.0236610000000042
21
49.5586959999999976
0
LINE
8
BLACK
6
CONTINUOUS
10
421.0236610000000042
20
49.5586959999999976
11
420.9980029999999829
21
49.5607830000000007
0
LINE
8
BLACK
6
CONTINUOUS
10
420.9980029999999829
20
49.5607830000000007
11
420.972362999999973
21
49.5630939999999995
0
LINE
8
BLACK
6
CONTINUOUS
10
420.972362999999973
20
49.5630939999999995
11
420.9467449999999644
21
49.5656279999999967
0
LINE
8
BLACK
6
CONTINUOUS
10
420.9467449999999644
20
49.5656279999999967
11
420.9211489999999571
21
49.5683870000000013
0
LINE
8
BLACK
6
CONTINUOUS
10
420.9211489999999571
20
49.5683870000000013
11
420.8955789999999979
21
49.5713679999999997
0
LINE
8
BLACK
6
CONTINUOUS
10
420.8955789999999979
20
49.5713679999999997
11
420.8700359999999705
21
49.5745719999999963
0
LINE
8
BLACK
6
CONTINUOUS
10
420.8700359999999705
20
49.5745719999999963
11
420.8445209999999861
21
49.5779999999999959
0
LINE
8
BLACK
6
CONTINUOUS
10
420.8445209999999861
20
49.5779999999999959
11
420.8190379999999777
21
49.5816489999999988
0
LINE
8
BLACK
6
CONTINUOUS
10
420.8190379999999777
20
49.5816489999999988
11
420.7935870000000023
21
49.585521
0
LINE
8
BLACK
6
CONTINUOUS
10
420.7935870000000023
20
49.585521
11
420.7681709999999953
21
49.5896149999999949
0
LINE
8
BLACK
6
CONTINUOUS
10
420.7681709999999953
20
49.5896149999999949
11
420.7427920000000086
21
49.5939309999999978
0
LINE
8
BLACK
6
CONTINUOUS
10
420.7427920000000086
20
49.5939309999999978
11
420.7174509999999827
21
49.5984669999999994
0
LINE
8
BLACK
6
CONTINUOUS
10
420.7174509999999827
20
49.5984669999999994
11
420.6921509999999671
21
49.6032249999999948
0
LINE
8
BLACK
6
CONTINUOUS
10
420.6921509999999671
20
49.6032249999999948
11
420.6668939999999566
21
49.6082040000000006
0
LINE
8
BLACK
6
CONTINUOUS
10
420.6668939999999566
20
49.6082040000000006
11
420.641680000000008
21
49.6134020000000007
0
LINE
8
BLACK
6
CONTINUOUS
10
420.641680000000008
20
49.6134020000000007
11
420.6165139999999951
21
49.618820999999997
0
LINE
8
BLACK
6
CONTINUOUS
10
420.6165139999999951
20
49.618820999999997
11
420.5913949999999772
21
49.6244579999999971
0
LINE
8
BLACK
6
CONTINUOUS
10
420.5913949999999772
20
49.6244579999999971
11
420.5663270000000011
21
49.630314999999996
0
LINE
8
BLACK
6
CONTINUOUS
10
420.5663270000000011
20
49.630314999999996
11
420.5413099999999531
21
49.6363909999999962
0
LINE
8
BLACK
6
CONTINUOUS
10
420.5413099999999531
20
49.6363909999999962
11
420.5163479999999936
21
49.6426839999999956
0
LINE
8
BLACK
6
CONTINUOUS
10
420.5163479999999936
20
49.6426839999999956
11
420.4914410000000089
21
49.6491949999999989
0
LINE
8
BLACK
6
CONTINUOUS
10
420.4914410000000089
20
49.6491949999999989
11
420.4665919999999915
21
49.6559229999999943
0
LINE
8
BLACK
6
CONTINUOUS
10
420.4665919999999915
20
49.6559229999999943
11
420.4418029999999931
21
49.662867999999996
0
LINE
8
BLACK
6
CONTINUOUS
10
420.4418029999999931
20
49.662867999999996
11
420.4170760000000087
21
49.6700289999999995
0
LINE
8
BLACK
6
CONTINUOUS
10
420.4170760000000087
20
49.6700289999999995
11
420.3924119999999789
21
49.6774050000000003
0
LINE
8
BLACK
6
CONTINUOUS
10
420.3924119999999789
20
49.6774050000000003
11
420.3678129999999555
21
49.6849959999999982
0
LINE
8
BLACK
6
CONTINUOUS
10
420.3678129999999555
20
49.6849959999999982
11
420.3432809999999904
21
49.6928020000000004
0
LINE
8
BLACK
6
CONTINUOUS
10
420.3432809999999904
20
49.6928020000000004
11
420.3188189999999622
21
49.7008209999999977
0
LINE
8
BLACK
6
CONTINUOUS
10
420.3188189999999622
20
49.7008209999999977
11
420.3010289999999713
21
49.7068019999999962
0
LINE
8
BLACK
6
CONTINUOUS
10
419.9321599999999535
20
49.8607200000000006
11
419.9091779999999972
21
49.8723209999999995
0
LINE
8
BLACK
6
CONTINUOUS
10
419.9091779999999972
20
49.8723209999999995
11
419.8862990000000082
21
49.8841219999999979
0
LINE
8
BLACK
6
CONTINUOUS
10
419.8862990000000082
20
49.8841219999999979
11
419.8635229999999865
21
49.8961219999999983
0
LINE
8
BLACK
6
CONTINUOUS
10
419.8635229999999865
20
49.8961219999999983
11
419.8408529999999814
21
49.9083199999999962
0
LINE
8
BLACK
6
CONTINUOUS
10
419.8408529999999814
20
49.9083199999999962
11
419.8182899999999904
21
49.9207159999999988
0
LINE
8
BLACK
6
CONTINUOUS
10
419.8182899999999904
20
49.9207159999999988
11
419.7958370000000059
21
49.9333079999999967
0
LINE
8
BLACK
6
CONTINUOUS
10
419.7958370000000059
20
49.9333079999999967
11
419.773493999999971
21
49.9460949999999997
0
LINE
8
BLACK
6
CONTINUOUS
10
419.773493999999971
20
49.9460949999999997
11
419.7512629999999945
21
49.9590770000000006
0
LINE
8
BLACK
6
CONTINUOUS
10
419.7512629999999945
20
49.9590770000000006
11
419.7291469999999549
21
49.9722529999999949
0
LINE
8
BLACK
6
CONTINUOUS
10
419.7291469999999549
20
49.9722529999999949
11
419.7071459999999661
21
49.9856209999999948
0
LINE
8
BLACK
6
CONTINUOUS
10
419.7071459999999661
20
49.9856209999999948
11
419.6852629999999635
21
49.9991799999999955
0
LINE
8
BLACK
6
CONTINUOUS
10
419.6852629999999635
20
49.9991799999999955
11
419.6634990000000016
21
50.0129299999999972
0
LINE
8
BLACK
6
CONTINUOUS
10
419.6634990000000016
20
50.0129299999999972
11
419.6418559999999616
21
50.0268699999999953
0
LINE
8
BLACK
6
CONTINUOUS
10
419.6418559999999616
20
50.0268699999999953
11
419.6203349999999546
21
50.0409969999999973
0
LINE
8
BLACK
6
CONTINUOUS
10
419.6203349999999546
20
50.0409969999999973
11
419.598938999999973
21
50.0553120000000007
0
LINE
8
BLACK
6
CONTINUOUS
10
419.598938999999973
20
50.0553120000000007
11
419.5776679999999601
21
50.0698140000000009
0
LINE
8
BLACK
6
CONTINUOUS
10
419.5776679999999601
20
50.0698140000000009
11
419.5565249999999651
21
50.0844999999999985
0
LINE
8
BLACK
6
CONTINUOUS
10
419.5565249999999651
20
50.0844999999999985
11
419.5355099999999879
21
50.0993700000000004
0
LINE
8
BLACK
6
CONTINUOUS
10
419.5355099999999879
20
50.0993700000000004
11
419.5146259999999643
21
50.1144229999999951
0
LINE
8
BLACK
6
CONTINUOUS
10
419.5146259999999643
20
50.1144229999999951
11
419.4938750000000027
21
50.1296569999999946
0
LINE
8
BLACK
6
CONTINUOUS
10
419.4938750000000027
20
50.1296569999999946
11
419.4732569999999896
21
50.1450729999999965
0
LINE
8
BLACK
6
CONTINUOUS
10
419.4732569999999896
20
50.1450729999999965
11
419.4527739999999767
21
50.1606669999999966
0
LINE
8
BLACK
6
CONTINUOUS
10
419.4527739999999767
20
50.1606669999999966
11
419.432427999999959
21
50.1764399999999995
0
LINE
8
BLACK
6
CONTINUOUS
10
419.432427999999959
20
50.1764399999999995
11
419.4122209999999882
21
50.1923889999999986
0
LINE
8
BLACK
6
CONTINUOUS
10
419.4122209999999882
20
50.1923889999999986
11
419.3921530000000075
21
50.2085149999999985
0
LINE
8
BLACK
6
CONTINUOUS
10
419.3921530000000075
20
50.2085149999999985
11
419.3722270000000094
21
50.224813999999995
0
LINE
8
BLACK
6
CONTINUOUS
10
419.3722270000000094
20
50.224813999999995
11
419.3524439999999913
21
50.2412879999999973
0
LINE
8
BLACK
6
CONTINUOUS
10
419.3524439999999913
20
50.2412879999999973
11
419.332806000000005
21
50.2579329999999942
0
LINE
8
BLACK
6
CONTINUOUS
10
419.332806000000005
20
50.2579329999999942
11
419.3133129999999937
21
50.2747479999999953
0
LINE
8
BLACK
6
CONTINUOUS
10
419.3133129999999937
20
50.2747479999999953
11
419.2939680000000067
21
50.2917339999999982
0
LINE
8
BLACK
6
CONTINUOUS
10
419.2939680000000067
20
50.2917339999999982
11
419.2747719999999845
21
50.3088869999999986
0
LINE
8
BLACK
6
CONTINUOUS
10
419.2747719999999845
20
50.3088869999999986
11
419.2557269999999789
21
50.3262080000000012
0
LINE
8
BLACK
6
CONTINUOUS
10
419.2557269999999789
20
50.3262080000000012
11
419.2368329999999901
21
50.3436929999999947
0
LINE
8
BLACK
6
CONTINUOUS
10
419.2368329999999901
20
50.3436929999999947
11
419.218091999999956
21
50.3613439999999954
0
LINE
8
BLACK
6
CONTINUOUS
10
419.218091999999956
20
50.3613439999999954
11
419.1995069999999828
21
50.3791559999999947
0
LINE
8
BLACK
6
CONTINUOUS
10
419.1995069999999828
20
50.3791559999999947
11
419.1810769999999593
21
50.3971309999999946
0
LINE
8
BLACK
6
CONTINUOUS
10
419.1810769999999593
20
50.3971309999999946
11
419.1628049999999917
21
50.4152659999999955
0
LINE
8
BLACK
6
CONTINUOUS
10
419.1628049999999917
20
50.4152659999999955
11
419.1446919999999636
21
50.4335589999999954
0
LINE
8
BLACK
6
CONTINUOUS
10
419.1446919999999636
20
50.4335589999999954
11
419.1267389999999864
21
50.4520099999999942
0
LINE
8
BLACK
6
CONTINUOUS
10
419.1267389999999864
20
50.4520099999999942
11
419.108947999999998
21
50.4706159999999997
0
LINE
8
BLACK
6
CONTINUOUS
10
419.108947999999998
20
50.4706159999999997
11
419.0913199999999961
21
50.489377999999995
0
LINE
8
BLACK
6
CONTINUOUS
10
419.0913199999999961
20
50.489377999999995
11
419.0738569999999754
21
50.5082919999999973
0
LINE
8
BLACK
6
CONTINUOUS
10
419.0738569999999754
20
50.5082919999999973
11
419.0612289999999689
21
50.5221769999999992
0
LINE
8
BLACK
6
CONTINUOUS
10
418.8139610000000062
20
50.8362049999999996
11
418.7995349999999917
21
50.857526
0
LINE
8
BLACK
6
CONTINUOUS
10
418.7995349999999917
20
50.857526
11
418.7852949999999623
21
50.8789729999999949
0
LINE
8
BLACK
6
CONTINUOUS
10
418.7852949999999623
20
50.8789729999999949
11
418.7712429999999699
21
50.900542999999999
0
LINE
8
BLACK
6
CONTINUOUS
10
418.7712429999999699
20
50.900542999999999
11
418.7573789999999576
21
50.9222350000000006
0
LINE
8
BLACK
6
CONTINUOUS
10
418.7573789999999576
20
50.9222350000000006
11
418.7437059999999747
21
50.9440469999999976
0
LINE
8
BLACK
6
CONTINUOUS
10
418.7437059999999747
20
50.9440469999999976
11
418.7302229999999668
21
50.9659769999999952
0
LINE
8
BLACK
6
CONTINUOUS
10
418.7302229999999668
20
50.9659769999999952
11
418.7169319999999857
21
50.9880250000000004
0
LINE
8
BLACK
6
CONTINUOUS
10
418.7169319999999857
20
50.9880250000000004
11
418.7038349999999696
21
51.0101869999999948
0
LINE
8
BLACK
6
CONTINUOUS
10
418.7038349999999696
20
51.0101869999999948
11
418.6909309999999778
21
51.0324629999999999
0
LINE
8
BLACK
6
CONTINUOUS
10
418.6909309999999778
20
51.0324629999999999
11
418.6782220000000052
21
51.0548509999999993
0
LINE
8
BLACK
6
CONTINUOUS
10
418.6782220000000052
20
51.0548509999999993
11
418.6657079999999951
21
51.0773489999999981
0
LINE
8
BLACK
6
CONTINUOUS
10
418.6657079999999951
20
51.0773489999999981
11
418.6533919999999966
21
51.0999549999999942
0
LINE
8
BLACK
6
CONTINUOUS
10
418.6533919999999966
20
51.0999549999999942
11
418.6412729999999556
21
51.1226669999999999
0
LINE
8
BLACK
6
CONTINUOUS
10
418.6412729999999556
20
51.1226669999999999
11
418.6293529999999805
21
51.1454850000000008
0
LINE
8
BLACK
6
CONTINUOUS
10
418.6293529999999805
20
51.1454850000000008
11
418.6176329999999552
21
51.1684059999999974
0
LINE
8
BLACK
6
CONTINUOUS
10
418.6176329999999552
20
51.1684059999999974
11
418.6061129999999935
21
51.1914279999999948
0
LINE
8
BLACK
6
CONTINUOUS
10
418.6061129999999935
20
51.1914279999999948
11
418.594793999999979
21
51.2145499999999956
0
LINE
8
BLACK
6
CONTINUOUS
10
418.594793999999979
20
51.2145499999999956
11
418.5836779999999635
21
51.2377690000000001
0
LINE
8
BLACK
6
CONTINUOUS
10
418.5836779999999635
20
51.2377690000000001
11
418.5727640000000065
21
51.2610849999999942
0
LINE
8
BLACK
6
CONTINUOUS
10
418.5727640000000065
20
51.2610849999999942
11
418.5620549999999866
21
51.2844949999999997
0
LINE
8
BLACK
6
CONTINUOUS
10
418.5620549999999866
20
51.2844949999999997
11
418.5515499999999633
21
51.3079979999999978
0
LINE
8
BLACK
6
CONTINUOUS
10
418.5515499999999633
20
51.3079979999999978
11
418.5412509999999884
21
51.3315920000000006
0
LINE
8
BLACK
6
CONTINUOUS
10
418.5412509999999884
20
51.3315920000000006
11
418.5311580000000049
21
51.3552739999999943
0
LINE
8
BLACK
6
CONTINUOUS
10
418.5311580000000049
20
51.3552739999999943
11
418.5212719999999536
21
51.3790440000000004
0
LINE
8
BLACK
6
CONTINUOUS
10
418.5212719999999536
20
51.3790440000000004
11
418.5115940000000023
21
51.4028989999999979
0
LINE
8
BLACK
6
CONTINUOUS
10
418.5115940000000023
20
51.4028989999999979
11
418.5021239999999807
21
51.426836999999999
0
LINE
8
BLACK
6
CONTINUOUS
10
418.5021239999999807
20
51.426836999999999
11
418.4928639999999973
21
51.4508579999999967
0
LINE
8
BLACK
6
CONTINUOUS
10
418.4928639999999973
20
51.4508579999999967
11
418.4838129999999978
21
51.4749580000000009
0
LINE
8
BLACK
6
CONTINUOUS
10
418.4838129999999978
20
51.4749580000000009
11
418.4749739999999747
21
51.499136
0
LINE
8
BLACK
6
CONTINUOUS
10
418.4749739999999747
20
51.499136
11
418.4663449999999898
21
51.5233909999999966
0
LINE
8
BLACK
6
CONTINUOUS
10
418.4663449999999898
20
51.5233909999999966
11
418.4579289999999787
21
51.5477190000000007
0
LINE
8
BLACK
6
CONTINUOUS
10
418.4579289999999787
20
51.5477190000000007
11
418.4497250000000008
21
51.5721209999999957
0
LINE
8
BLACK
6
CONTINUOUS
10
418.4497250000000008
20
51.5721209999999957
11
418.4417339999999967
21
51.5965929999999986
0
LINE
8
BLACK
6
CONTINUOUS
10
418.4417339999999967
20
51.5965929999999986
11
418.4339579999999614
21
51.6211339999999979
0
LINE
8
BLACK
6
CONTINUOUS
10
418.4339579999999614
20
51.6211339999999979
11
418.4263959999999543
21
51.645741000000001
0
LINE
8
BLACK
6
CONTINUOUS
10
418.4263959999999543
20
51.645741000000001
11
418.4190479999999752
21
51.670414000000001
0
LINE
8
BLACK
6
CONTINUOUS
10
418.4190479999999752
20
51.670414000000001
11
418.4119169999999599
21
51.6951499999999982
0
LINE
8
BLACK
6
CONTINUOUS
10
418.4119169999999599
20
51.6951499999999982
11
418.4050009999999702
21
51.7199469999999977
0
LINE
8
BLACK
6
CONTINUOUS
10
418.4050009999999702
20
51.7199469999999977
11
418.398302000000001
21
51.7448039999999949
0
LINE
8
BLACK
6
CONTINUOUS
10
418.398302000000001
20
51.7448039999999949
11
418.3918209999999931
21
51.7697179999999975
0
LINE
8
BLACK
6
CONTINUOUS
10
418.3918209999999931
20
51.7697179999999975
11
418.3855570000000057
21
51.7946880000000007
0
LINE
8
BLACK
6
CONTINUOUS
10
418.3855570000000057
20
51.7946880000000007
11
418.3795109999999795
21
51.8197119999999956
0
LINE
8
BLACK
6
CONTINUOUS
10
418.3795109999999795
20
51.8197119999999956
11
418.37524099999996
21
51.8379879999999957
0
LINE
8
BLACK
6
CONTINUOUS
10
418.3121380000000045
20
52.2326689999999942
11
418.3099169999999845
21
52.2583160000000007
0
LINE
8
BLACK
6
CONTINUOUS
10
418.3099169999999845
20
52.2583160000000007
11
418.3079199999999673
21
52.2839819999999946
0
LINE
8
BLACK
6
CONTINUOUS
10
418.3079199999999673
20
52.2839819999999946
11
418.3061469999999531
21
52.3096649999999954
0
LINE
8
BLACK
6
CONTINUOUS
10
418.3061469999999531
20
52.3096649999999954
11
418.3045979999999986
21
52.3353619999999964
0
LINE
8
BLACK
6
CONTINUOUS
10
418.3045979999999986
20
52.3353619999999964
11
418.3032729999999901
21
52.3610709999999955
0
LINE
8
BLACK
6
CONTINUOUS
10
418.3032729999999901
20
52.3610709999999955
11
418.302172999999982
21
52.3867909999999952
0
LINE
8
BLACK
6
CONTINUOUS
10
418.302172999999982
20
52.3867909999999952
11
418.3012969999999768
21
52.4125200000000007
0
LINE
8
BLACK
6
CONTINUOUS
10
418.3012969999999768
20
52.4125200000000007
11
418.300645999999972
21
52.4382549999999981
0
LINE
8
BLACK
6
CONTINUOUS
10
418.300645999999972
20
52.4382549999999981
11
418.3002199999999675
21
52.463994999999997
0
LINE
8
BLACK
6
CONTINUOUS
10
418.3002199999999675
20
52.463994999999997
11
418.3000179999999659
21
52.4897379999999956
0
LINE
8
BLACK
6
CONTINUOUS
10
418.3000179999999659
20
52.4897379999999956
11
418.3000409999999647
21
52.5154809999999941
0
LINE
8
BLACK
6
CONTINUOUS
10
418.3000409999999647
20
52.5154809999999941
11
418.3002879999999664
21
52.5412239999999997
0
LINE
8
BLACK
6
CONTINUOUS
10
418.3002879999999664
20
52.5412239999999997
11
418.3007599999999684
21
52.5669629999999941
0
LINE
8
BLACK
6
CONTINUOUS
10
418.3007599999999684
20
52.5669629999999941
11
418.3014569999999708
21
52.5926970000000011
0
LINE
8
BLACK
6
CONTINUOUS
10
418.3014569999999708
20
52.5926970000000011
11
418.3023779999999761
21
52.6184239999999974
0
LINE
8
BLACK
6
CONTINUOUS
10
418.3023779999999761
20
52.6184239999999974
11
418.3035239999999817
21
52.6441419999999951
0
LINE
8
BLACK
6
CONTINUOUS
10
418.3035239999999817
20
52.6441419999999951
11
418.3048939999999902
21
52.6698489999999993
0
LINE
8
BLACK
6
CONTINUOUS
10
418.3048939999999902
20
52.6698489999999993
11
418.3064880000000016
21
52.6955430000000007
0
LINE
8
BLACK
6
CONTINUOUS
10
418.3064880000000016
20
52.6955430000000007
11
418.3083059999999591
21
52.7212219999999974
0
LINE
8
BLACK
6
CONTINUOUS
10
418.3083059999999591
20
52.7212219999999974
11
418.3103489999999738
21
52.7468849999999989
0
LINE
8
BLACK
6
CONTINUOUS
10
418.3103489999999738
20
52.7468849999999989
11
418.3126149999999939
21
52.7725279999999941
0
LINE
8
BLACK
6
CONTINUOUS
10
418.3126149999999939
20
52.7725279999999941
11
418.31510499999996
21
52.7981509999999972
0
LINE
8
BLACK
6
CONTINUOUS
10
418.31510499999996
20
52.7981509999999972
11
418.3178189999999859
21
52.8237509999999943
0
LINE
8
BLACK
6
CONTINUOUS
10
418.3178189999999859
20
52.8237509999999943
11
418.3207559999999603
21
52.8493269999999953
0
LINE
8
BLACK
6
CONTINUOUS
10
418.3207559999999603
20
52.8493269999999953
11
418.323915999999997
21
52.8748749999999959
0
LINE
8
BLACK
6
CONTINUOUS
10
418.323915999999997
20
52.8748749999999959
11
418.3272989999999822
21
52.9003960000000006
0
LINE
8
BLACK
6
CONTINUOUS
10
418.3272989999999822
20
52.9003960000000006
11
418.3309039999999754
21
52.9258859999999984
0
LINE
8
BLACK
6
CONTINUOUS
10
418.3309039999999754
20
52.9258859999999984
11
418.3347319999999741
21
52.9513429999999943
0
LINE
8
BLACK
6
CONTINUOUS
10
418.3347319999999741
20
52.9513429999999943
11
418.3387809999999831
21
52.9767659999999978
0
LINE
8
BLACK
6
CONTINUOUS
10
418.3387809999999831
20
52.9767659999999978
11
418.3430529999999976
21
53.0021529999999998
0
LINE
8
BLACK
6
CONTINUOUS
10
418.3430529999999976
20
53.0021529999999998
11
418.3475449999999682
21
53.0275010000000009
0
LINE
8
BLACK
6
CONTINUOUS
10
418.3475449999999682
20
53.0275010000000009
11
418.3522590000000037
21
53.0528089999999963
0
LINE
8
BLACK
6
CONTINUOUS
10
418.3522590000000037
20
53.0528089999999963
11
418.3571939999999927
21
53.0780759999999958
0
LINE
8
BLACK
6
CONTINUOUS
10
418.3571939999999927
20
53.0780759999999958
11
418.3623479999999972
21
53.1032979999999952
0
LINE
8
BLACK
6
CONTINUOUS
10
418.3623479999999972
20
53.1032979999999952
11
418.3677229999999554
21
53.1284739999999971
0
LINE
8
BLACK
6
CONTINUOUS
10
418.3677229999999554
20
53.1284739999999971
11
418.3733169999999859
21
53.1536019999999994
0
LINE
8
BLACK
6
CONTINUOUS
10
418.3733169999999859
20
53.1536019999999994
11
418.3791299999999751
21
53.1786809999999974
0
LINE
8
BLACK
6
CONTINUOUS
10
418.3791299999999751
20
53.1786809999999974
11
418.3851619999999798
21
53.2037079999999989
0
LINE
8
BLACK
6
CONTINUOUS
10
418.3851619999999798
20
53.2037079999999989
11
418.3914120000000025
21
53.2286809999999946
0
LINE
8
BLACK
6
CONTINUOUS
10
418.3914120000000025
20
53.2286809999999946
11
418.3978799999999865
21
53.2535989999999941
0
LINE
8
BLACK
6
CONTINUOUS
10
418.3978799999999865
20
53.2535989999999941
11
418.404564999999991
21
53.278458999999998
0
LINE
8
BLACK
6
CONTINUOUS
10
418.404564999999991
20
53.278458999999998
11
418.4114659999999617
21
53.3032609999999991
0
LINE
8
BLACK
6
CONTINUOUS
10
418.4114659999999617
20
53.3032609999999991
11
418.4166339999999877
21
53.3213039999999978
0
LINE
8
BLACK
6
CONTINUOUS
10
418.5536629999999718
20
53.6967739999999978
11
418.5642100000000028
21
53.7202579999999941
0
LINE
8
BLACK
6
CONTINUOUS
10
418.5642100000000028
20
53.7202579999999941
11
418.5749609999999734
21
53.7436489999999978
0
LINE
8
BLACK
6
CONTINUOUS
10
418.5749609999999734
20
53.7436489999999978
11
418.585915
21
53.7669459999999972
0
LINE
8
BLACK
6
CONTINUOUS
10
418.585915
20
53.7669459999999972
11
418.5970729999999662
21
53.790146
0
LINE
8
BLACK
6
CONTINUOUS
10
418.5970729999999662
20
53.790146
11
418.6084319999999934
21
53.8132479999999944
0
LINE
8
BLACK
6
CONTINUOUS
10
418.6084319999999934
20
53.8132479999999944
11
418.6199929999999654
21
53.8362489999999951
0
LINE
8
BLACK
6
CONTINUOUS
10
418.6199929999999654
20
53.8362489999999951
11
418.6317540000000008
21
53.8591489999999951
0
LINE
8
BLACK
6
CONTINUOUS
10
418.6317540000000008
20
53.8591489999999951
11
418.6437139999999886
21
53.8819459999999992
0
LINE
8
BLACK
6
CONTINUOUS
10
418.6437139999999886
20
53.8819459999999992
11
418.6558729999999855
21
53.904637000000001
0
LINE
8
BLACK
6
CONTINUOUS
10
418.6558729999999855
20
53.904637000000001
11
418.6682289999999966
21
53.9272209999999959
0
LINE
8
BLACK
6
CONTINUOUS
10
418.6682289999999966
20
53.9272209999999959
11
418.6807819999999651
21
53.9496970000000005
0
LINE
8
BLACK
6
CONTINUOUS
10
418.6807819999999651
20
53.9496970000000005
11
418.6935310000000072
21
53.9720620000000011
0
LINE
8
BLACK
6
CONTINUOUS
10
418.6935310000000072
20
53.9720620000000011
11
418.7064739999999574
21
53.9943150000000003
0
LINE
8
BLACK
6
CONTINUOUS
10
418.7064739999999574
20
53.9943150000000003
11
418.7196109999999862
21
54.016453999999996
0
LINE
8
BLACK
6
CONTINUOUS
10
418.7196109999999862
20
54.016453999999996
11
418.7329409999999825
21
54.0384779999999978
0
LINE
8
BLACK
6
CONTINUOUS
10
418.7329409999999825
20
54.0384779999999978
11
418.7464630000000056
21
54.0603849999999966
0
LINE
8
BLACK
6
CONTINUOUS
10
418.7464630000000056
20
54.0603849999999966
11
418.7601750000000038
21
54.0821719999999999
0
LINE
8
BLACK
6
CONTINUOUS
10
418.7601750000000038
20
54.0821719999999999
11
418.7740759999999796
21
54.1038399999999982
0
LINE
8
BLACK
6
CONTINUOUS
10
418.7740759999999796
20
54.1038399999999982
11
418.7881669999999872
21
54.1253849999999943
0
LINE
8
BLACK
6
CONTINUOUS
10
418.7881669999999872
20
54.1253849999999943
11
418.80244399999998
21
54.146805999999998
0
LINE
8
BLACK
6
CONTINUOUS
10
418.80244399999998
20
54.146805999999998
11
418.8169079999999553
21
54.1681019999999975
0
LINE
8
BLACK
6
CONTINUOUS
10
418.8169079999999553
20
54.1681019999999975
11
418.8315579999999727
21
54.189270999999998
0
LINE
8
BLACK
6
CONTINUOUS
10
418.8315579999999727
20
54.189270999999998
11
418.8463909999999828
21
54.2103119999999947
0
LINE
8
BLACK
6
CONTINUOUS
10
418.8463909999999828
20
54.2103119999999947
11
418.8614079999999831
21
54.2312219999999954
0
LINE
8
BLACK
6
CONTINUOUS
10
418.8614079999999831
20
54.2312219999999954
11
418.8766069999999786
21
54.2519999999999953
0
LINE
8
BLACK
6
CONTINUOUS
10
418.8766069999999786
20
54.2519999999999953
11
418.8919859999999744
21
54.2726449999999971
0
LINE
8
BLACK
6
CONTINUOUS
10
418.8919859999999744
20
54.2726449999999971
11
418.9075449999999705
21
54.2931539999999941
0
LINE
8
BLACK
6
CONTINUOUS
10
418.9075449999999705
20
54.2931539999999941
11
418.923281999999972
21
54.313527999999998
0
LINE
8
BLACK
6
CONTINUOUS
10
418.923281999999972
20
54.313527999999998
11
418.9391959999999813
21
54.3337629999999976
0
LINE
8
BLACK
6
CONTINUOUS
10
418.9391959999999813
20
54.3337629999999976
11
418.9552869999999984
21
54.3538579999999953
0
LINE
8
BLACK
6
CONTINUOUS
10
418.9552869999999984
20
54.3538579999999953
11
418.9715519999999742
21
54.3738129999999984
0
LINE
8
BLACK
6
CONTINUOUS
10
418.9715519999999742
20
54.3738129999999984
11
418.9879899999999679
21
54.3936239999999955
0
LINE
8
BLACK
6
CONTINUOUS
10
418.9879899999999679
20
54.3936239999999955
11
419.0046009999999796
21
54.4132919999999984
0
LINE
8
BLACK
6
CONTINUOUS
10
419.0046009999999796
20
54.4132919999999984
11
419.0213829999999575
21
54.4328129999999959
0
LINE
8
BLACK
6
CONTINUOUS
10
419.0213829999999575
20
54.4328129999999959
11
419.0383349999999609
21
54.4521879999999996
0
LINE
8
BLACK
6
CONTINUOUS
10
419.0383349999999609
20
54.4521879999999996
11
419.0554549999999949
21
54.4714139999999958
0
LINE
8
BLACK
6
CONTINUOUS
10
419.0554549999999949
20
54.4714139999999958
11
419.0727420000000052
21
54.4904889999999966
0
LINE
8
BLACK
6
CONTINUOUS
10
419.0727420000000052
20
54.4904889999999966
11
419.0901949999999943
21
54.509412999999995
0
LINE
8
BLACK
6
CONTINUOUS
10
419.0901949999999943
20
54.509412999999995
11
419.1078129999999646
21
54.5281850000000006
0
LINE
8
BLACK
6
CONTINUOUS
10
419.1078129999999646
20
54.5281850000000006
11
419.1255929999999807
21
54.546800999999995
0
LINE
8
BLACK
6
CONTINUOUS
10
419.1255929999999807
20
54.546800999999995
11
419.1435349999999858
21
54.565261999999997
0
LINE
8
BLACK
6
CONTINUOUS
10
419.1435349999999858
20
54.565261999999997
11
419.1616379999999822
21
54.5835659999999976
0
LINE
8
BLACK
6
CONTINUOUS
10
419.1616379999999822
20
54.5835659999999976
11
419.1749369999999999
21
54.5968099999999978
0
LINE
8
BLACK
6
CONTINUOUS
10
419.4774259999999799
20
54.8580669999999984
11
419.4980709999999817
21
54.8734459999999942
0
LINE
8
BLACK
6
CONTINUOUS
10
419.4980709999999817
20
54.8734459999999942
11
419.5188499999999863
21
54.8886439999999993
0
LINE
8
BLACK
6
CONTINUOUS
10
419.5188499999999863
20
54.8886439999999993
11
419.5397600000000011
21
54.903659999999995
0
LINE
8
BLACK
6
CONTINUOUS
10
419.5397600000000011
20
54.903659999999995
11
419.5608009999999695
21
54.918492999999998
0
LINE
8
BLACK
6
CONTINUOUS
10
419.5608009999999695
20
54.918492999999998
11
419.5819699999999557
21
54.9331409999999991
0
LINE
8
BLACK
6
CONTINUOUS
10
419.5819699999999557
20
54.9331409999999991
11
419.6032669999999598
21
54.9476049999999958
0
LINE
8
BLACK
6
CONTINUOUS
10
419.6032669999999598
20
54.9476049999999958
11
419.6246879999999919
21
54.9618819999999957
0
LINE
8
BLACK
6
CONTINUOUS
10
419.6246879999999919
20
54.9618819999999957
11
419.6462339999999926
21
54.9759709999999941
0
LINE
8
BLACK
6
CONTINUOUS
10
419.6462339999999926
20
54.9759709999999941
11
419.6679019999999696
21
54.9898729999999958
0
LINE
8
BLACK
6
CONTINUOUS
10
419.6679019999999696
20
54.9898729999999958
11
419.6896899999999846
21
55.0035839999999965
0
LINE
8
BLACK
6
CONTINUOUS
10
419.6896899999999846
20
55.0035839999999965
11
419.7115969999999834
21
55.0171050000000008
0
LINE
8
BLACK
6
CONTINUOUS
10
419.7115969999999834
20
55.0171050000000008
11
419.733620999999971
21
55.0304339999999996
0
LINE
8
BLACK
6
CONTINUOUS
10
419.733620999999971
20
55.0304339999999996
11
419.7557610000000068
21
55.0435699999999954
0
LINE
8
BLACK
6
CONTINUOUS
10
419.7557610000000068
20
55.0435699999999954
11
419.7780139999999847
21
55.0565129999999954
0
LINE
8
BLACK
6
CONTINUOUS
10
419.7780139999999847
20
55.0565129999999954
11
419.8003799999999615
21
55.0692609999999974
0
LINE
8
BLACK
6
CONTINUOUS
10
419.8003799999999615
20
55.0692609999999974
11
419.8228560000000016
21
55.0818129999999968
0
LINE
8
BLACK
6
CONTINUOUS
10
419.8228560000000016
20
55.0818129999999968
11
419.8454399999999964
21
55.0941690000000008
0
LINE
8
BLACK
6
CONTINUOUS
10
419.8454399999999964
20
55.0941690000000008
11
419.8681320000000028
21
55.1063270000000003
0
LINE
8
BLACK
6
CONTINUOUS
10
419.8681320000000028
20
55.1063270000000003
11
419.8909289999999714
21
55.1182869999999951
0
LINE
8
BLACK
6
CONTINUOUS
10
419.8909289999999714
20
55.1182869999999951
11
419.9138289999999643
21
55.1300469999999976
0
LINE
8
BLACK
6
CONTINUOUS
10
419.9138289999999643
20
55.1300469999999976
11
419.9368309999999838
21
55.1416070000000005
0
LINE
8
BLACK
6
CONTINUOUS
10
419.9368309999999838
20
55.1416070000000005
11
419.9599329999999782
21
55.1529659999999993
0
LINE
8
BLACK
6
CONTINUOUS
10
419.9599329999999782
20
55.1529659999999993
11
419.9831340000000068
21
55.1641229999999965
0
LINE
8
BLACK
6
CONTINUOUS
10
419.9831340000000068
20
55.1641229999999965
11
420.0064299999999662
21
55.1750769999999946
0
LINE
8
BLACK
6
CONTINUOUS
10
420.0064299999999662
20
55.1750769999999946
11
420.0298219999999674
21
55.1858269999999962
0
LINE
8
BLACK
6
CONTINUOUS
10
420.0298219999999674
20
55.1858269999999962
11
420.0533059999999637
21
55.1963719999999967
0
LINE
8
BLACK
6
CONTINUOUS
10
420.0533059999999637
20
55.1963719999999967
11
420.076881999999955
21
55.2067130000000006
0
LINE
8
BLACK
6
CONTINUOUS
10
420.076881999999955
20
55.2067130000000006
11
420.1005470000000059
21
55.2168469999999942
0
LINE
8
BLACK
6
CONTINUOUS
10
420.1005470000000059
20
55.2168469999999942
11
420.1242990000000077
21
55.2267739999999989
0
LINE
8
BLACK
6
CONTINUOUS
10
420.1242990000000077
20
55.2267739999999989
11
420.1481369999999629
21
55.2364940000000004
0
LINE
8
BLACK
6
CONTINUOUS
10
420.1481369999999629
20
55.2364940000000004
11
420.1720589999999902
21
55.2460049999999967
0
LINE
8
BLACK
6
CONTINUOUS
10
420.1720589999999902
20
55.2460049999999967
11
420.1960639999999785
21
55.2553069999999948
0
LINE
8
BLACK
6
CONTINUOUS
10
420.1960639999999785
20
55.2553069999999948
11
420.2201479999999947
21
55.2643999999999949
0
LINE
8
BLACK
6
CONTINUOUS
10
420.2201479999999947
20
55.2643999999999949
11
420.244310999999982
21
55.2732809999999972
0
LINE
8
BLACK
6
CONTINUOUS
10
420.244310999999982
20
55.2732809999999972
11
420.2685500000000047
21
55.2819519999999969
0
LINE
8
BLACK
6
CONTINUOUS
10
420.2685500000000047
20
55.2819519999999969
11
420.2928640000000087
21
55.2904109999999989
0
LINE
8
BLACK
6
CONTINUOUS
10
420.2928640000000087
20
55.2904109999999989
11
420.3172509999999988
21
55.2986569999999986
0
LINE
8
BLACK
6
CONTINUOUS
10
420.3172509999999988
20
55.2986569999999986
11
420.3417099999999778
21
55.3066899999999961
0
LINE
8
BLACK
6
CONTINUOUS
10
420.3417099999999778
20
55.3066899999999961
11
420.3662369999999555
21
55.314509000000001
0
LINE
8
BLACK
6
CONTINUOUS
10
420.3662369999999555
20
55.314509000000001
11
420.3908309999999915
21
55.3221139999999991
0
LINE
8
BLACK
6
CONTINUOUS
10
420.3908309999999915
20
55.3221139999999991
11
420.4154909999999745
21
55.329504
0
LINE
8
BLACK
6
CONTINUOUS
10
420.4154909999999745
20
55.329504
11
420.4402149999999665
21
55.3366789999999966
0
LINE
8
BLACK
6
CONTINUOUS
10
420.4402149999999665
20
55.3366789999999966
11
420.4582790000000045
21
55.3417740000000009
0
LINE
8
BLACK
6
CONTINUOUS
10
420.8496910000000071
20
55.4227129999999946
11
420.8752119999999763
21
55.4260949999999966
0
LINE
8
BLACK
6
CONTINUOUS
10
420.8752119999999763
20
55.4260949999999966
11
420.9007609999999886
21
55.4292540000000002
0
LINE
8
BLACK
6
CONTINUOUS
10
420.9007609999999886
20
55.4292540000000002
11
420.9263359999999921
21
55.432190999999996
0
LINE
8
BLACK
6
CONTINUOUS
10
420.9263359999999921
20
55.432190999999996
11
420.9519359999999892
21
55.4349029999999985
0
LINE
8
BLACK
6
CONTINUOUS
10
420.9519359999999892
20
55.4349029999999985
11
420.9775589999999852
21
55.4373930000000001
0
LINE
8
BLACK
6
CONTINUOUS
10
420.9775589999999852
20
55.4373930000000001
11
421.003202999999985
21
55.4396579999999943
0
LINE
8
BLACK
6
CONTINUOUS
10
421.003202999999985
20
55.4396579999999943
11
421.0288649999999961
21
55.4416999999999973
0
LINE
8
BLACK
6
CONTINUOUS
10
421.0288649999999961
20
55.4416999999999973
11
421.0545449999999619
21
55.4435179999999974
0
LINE
8
BLACK
6
CONTINUOUS
10
421.0545449999999619
20
55.4435179999999974
11
421.0802390000000059
21
55.4451109999999971
0
LINE
8
BLACK
6
CONTINUOUS
10
421.0802390000000059
20
55.4451109999999971
11
421.1059459999999603
21
55.4464809999999986
0
LINE
8
BLACK
6
CONTINUOUS
10
421.1059459999999603
20
55.4464809999999986
11
421.1316640000000007
21
55.4476259999999996
0
LINE
8
BLACK
6
CONTINUOUS
10
421.1316640000000007
20
55.4476259999999996
11
421.1573909999999614
21
55.4485460000000003
0
LINE
8
BLACK
6
CONTINUOUS
10
421.1573909999999614
20
55.4485460000000003
11
421.1831249999999613
21
55.4492419999999981
0
LINE
8
BLACK
6
CONTINUOUS
10
421.1831249999999613
20
55.4492419999999981
11
421.2088640000000055
21
55.4497129999999956
0
LINE
8
BLACK
6
CONTINUOUS
10
421.2088640000000055
20
55.4497129999999956
11
421.2346069999999827
21
55.4499599999999973
0
LINE
8
BLACK
6
CONTINUOUS
10
421.2346069999999827
20
55.4499599999999973
11
421.2603499999999599
21
55.4499819999999985
0
LINE
8
BLACK
6
CONTINUOUS
10
421.2603499999999599
20
55.4499819999999985
11
421.2860929999999939
21
55.4497789999999995
0
LINE
8
BLACK
6
CONTINUOUS
10
421.2860929999999939
20
55.4497789999999995
11
421.3118329999999787
21
55.4493519999999975
0
LINE
8
BLACK
6
CONTINUOUS
10
421.3118329999999787
20
55.4493519999999975
11
421.3375679999999761
21
55.4486999999999952
0
LINE
8
BLACK
6
CONTINUOUS
10
421.3375679999999761
20
55.4486999999999952
11
421.3632969999999887
21
55.4478239999999971
0
LINE
8
BLACK
6
CONTINUOUS
10
421.3632969999999887
20
55.4478239999999971
11
421.3890169999999671
21
55.4467229999999986
0
LINE
8
BLACK
6
CONTINUOUS
10
421.3890169999999671
20
55.4467229999999986
11
421.4147259999999733
21
55.4453969999999998
0
LINE
8
BLACK
6
CONTINUOUS
10
421.4147259999999733
20
55.4453969999999998
11
421.4404229999999529
21
55.4438479999999956
0
LINE
8
BLACK
6
CONTINUOUS
10
421.4404229999999529
20
55.4438479999999956
11
421.4661049999999705
21
55.4420739999999981
0
LINE
8
BLACK
6
CONTINUOUS
10
421.4661049999999705
20
55.4420739999999981
11
421.4917709999999715
21
55.4400759999999977
0
LINE
8
BLACK
6
CONTINUOUS
10
421.4917709999999715
20
55.4400759999999977
11
421.5174189999999612
21
55.4378539999999944
0
LINE
8
BLACK
6
CONTINUOUS
10
421.5174189999999612
20
55.4378539999999944
11
421.5430460000000039
21
55.4354089999999999
0
LINE
8
BLACK
6
CONTINUOUS
10
421.5430460000000039
20
55.4354089999999999
11
421.5686509999999885
21
55.4327399999999955
0
LINE
8
BLACK
6
CONTINUOUS
10
421.5686509999999885
20
55.4327399999999955
11
421.5942309999999793
21
55.4298469999999952
0
LINE
8
BLACK
6
CONTINUOUS
10
421.5942309999999793
20
55.4298469999999952
11
421.6197849999999789
21
55.4267319999999941
0
LINE
8
BLACK
6
CONTINUOUS
10
421.6197849999999789
20
55.4267319999999941
11
421.6453119999999899
21
55.4233929999999972
0
LINE
8
BLACK
6
CONTINUOUS
10
421.6453119999999899
20
55.4233929999999972
11
421.6708079999999654
21
55.4198319999999995
0
LINE
8
BLACK
6
CONTINUOUS
10
421.6708079999999654
20
55.4198319999999995
11
421.6962719999999649
21
55.416049000000001
0
LINE
8
BLACK
6
CONTINUOUS
10
421.6962719999999649
20
55.416049000000001
11
421.7217019999999934
21
55.4120439999999945
0
LINE
8
BLACK
6
CONTINUOUS
10
421.7217019999999934
20
55.4120439999999945
11
421.7470959999999991
21
55.4078159999999968
0
LINE
8
BLACK
6
CONTINUOUS
10
421.7470959999999991
20
55.4078159999999968
11
421.772451999999987
21
55.4033680000000004
0
LINE
8
BLACK
6
CONTINUOUS
10
421.772451999999987
20
55.4033680000000004
11
421.7977679999999623
21
55.398697999999996
0
LINE
8
BLACK
6
CONTINUOUS
10
421.7977679999999623
20
55.398697999999996
11
421.8230429999999842
21
55.3938069999999954
0
LINE
8
BLACK
6
CONTINUOUS
10
421.8230429999999842
20
55.3938069999999954
11
421.8482740000000035
21
55.3886970000000005
0
LINE
8
BLACK
6
CONTINUOUS
10
421.8482740000000035
20
55.3886970000000005
11
421.8734599999999659
21
55.3833659999999952
0
LINE
8
BLACK
6
CONTINUOUS
10
421.8734599999999659
20
55.3833659999999952
11
421.8985979999999927
21
55.3778149999999982
0
LINE
8
BLACK
6
CONTINUOUS
10
421.8985979999999927
20
55.3778149999999982
11
421.9236859999999751
21
55.3720459999999974
0
LINE
8
BLACK
6
CONTINUOUS
10
421.9236859999999751
20
55.3720459999999974
11
421.9419449999999756
21
55.3677009999999967
0
LINE
8
BLACK
6
CONTINUOUS
10
422.3232449999999858
20
55.2478440000000006
11
422.3471829999999727
21
55.2383740000000003
0
LINE
8
BLACK
6
CONTINUOUS
10
422.3471829999999727
20
55.2383740000000003
11
422.3710379999999986
21
55.2286949999999948
0
LINE
8
BLACK
6
CONTINUOUS
10
422.3710379999999986
20
55.2286949999999948
11
422.3948069999999575
21
55.2188079999999957
0
LINE
8
BLACK
6
CONTINUOUS
10
422.3948069999999575
20
55.2188079999999957
11
422.4184889999999655
21
55.2087140000000005
0
LINE
8
BLACK
6
CONTINUOUS
10
422.4184889999999655
20
55.2087140000000005
11
422.4420819999999708
21
55.1984139999999996
0
LINE
8
BLACK
6
CONTINUOUS
10
422.4420819999999708
20
55.1984139999999996
11
422.4655849999999759
21
55.1879089999999977
0
LINE
8
BLACK
6
CONTINUOUS
10
422.4655849999999759
20
55.1879089999999977
11
422.4889949999999885
21
55.1771989999999946
0
LINE
8
BLACK
6
CONTINUOUS
10
422.4889949999999885
20
55.1771989999999946
11
422.5123099999999567
21
55.1662849999999949
0
LINE
8
BLACK
6
CONTINUOUS
10
422.5123099999999567
20
55.1662849999999949
11
422.5355289999999968
21
55.1551669999999987
0
LINE
8
BLACK
6
CONTINUOUS
10
422.5355289999999968
20
55.1551669999999987
11
422.5586509999999976
21
55.1438479999999984
0
LINE
8
BLACK
6
CONTINUOUS
10
422.5586509999999976
20
55.1438479999999984
11
422.5816729999999666
21
55.1323269999999965
0
LINE
8
BLACK
6
CONTINUOUS
10
422.5816729999999666
20
55.1323269999999965
11
422.6045929999999657
21
55.1206059999999951
0
LINE
8
BLACK
6
CONTINUOUS
10
422.6045929999999657
20
55.1206059999999951
11
422.6274099999999976
21
55.1086859999999987
0
LINE
8
BLACK
6
CONTINUOUS
10
422.6274099999999976
20
55.1086859999999987
11
422.6501230000000078
21
55.0965659999999957
0
LINE
8
BLACK
6
CONTINUOUS
10
422.6501230000000078
20
55.0965659999999957
11
422.6727280000000064
21
55.0842489999999998
0
LINE
8
BLACK
6
CONTINUOUS
10
422.6727280000000064
20
55.0842489999999998
11
422.695225999999991
21
55.0717349999999968
0
LINE
8
BLACK
6
CONTINUOUS
10
422.695225999999991
20
55.0717349999999968
11
422.7176129999999716
21
55.0590259999999958
0
LINE
8
BLACK
6
CONTINUOUS
10
422.7176129999999716
20
55.0590259999999958
11
422.7398890000000051
21
55.0461209999999994
0
LINE
8
BLACK
6
CONTINUOUS
10
422.7398890000000051
20
55.0461209999999994
11
422.7620509999999854
21
55.0330219999999954
0
LINE
8
BLACK
6
CONTINUOUS
10
422.7620509999999854
20
55.0330219999999954
11
422.7840979999999718
21
55.0197310000000002
0
LINE
8
BLACK
6
CONTINUOUS
10
422.7840979999999718
20
55.0197310000000002
11
422.8060279999999693
21
55.0062479999999994
0
LINE
8
BLACK
6
CONTINUOUS
10
422.8060279999999693
20
55.0062479999999994
11
422.8278389999999831
21
54.9925739999999976
0
LINE
8
BLACK
6
CONTINUOUS
10
422.8278389999999831
20
54.9925739999999976
11
422.8495309999999563
21
54.9787099999999995
0
LINE
8
BLACK
6
CONTINUOUS
10
422.8495309999999563
20
54.9787099999999995
11
422.8710999999999558
21
54.9646569999999954
0
LINE
8
BLACK
6
CONTINUOUS
10
422.8710999999999558
20
54.9646569999999954
11
422.8925469999999791
21
54.950415999999997
0
LINE
8
BLACK
6
CONTINUOUS
10
422.8925469999999791
20
54.950415999999997
11
422.9138679999999795
21
54.9359889999999993
0
LINE
8
BLACK
6
CONTINUOUS
10
422.9138679999999795
20
54.9359889999999993
11
422.9350619999999594
21
54.9213769999999997
0
LINE
8
BLACK
6
CONTINUOUS
10
422.9350619999999594
20
54.9213769999999997
11
422.9561279999999783
21
54.9065799999999982
0
LINE
8
BLACK
6
CONTINUOUS
10
422.9561279999999783
20
54.9065799999999982
11
422.9770639999999844
21
54.8915999999999968
0
LINE
8
BLACK
6
CONTINUOUS
10
422.9770639999999844
20
54.8915999999999968
11
422.9978689999999801
21
54.8764369999999957
0
LINE
8
BLACK
6
CONTINUOUS
10
422.9978689999999801
20
54.8764369999999957
11
423.0185399999999731
21
54.8610939999999943
0
LINE
8
BLACK
6
CONTINUOUS
10
423.0185399999999731
20
54.8610939999999943
11
423.0390769999999634
21
54.8455709999999996
0
LINE
8
BLACK
6
CONTINUOUS
10
423.0390769999999634
20
54.8455709999999996
11
423.059477999999956
21
54.8298689999999951
0
LINE
8
BLACK
6
CONTINUOUS
10
423.059477999999956
20
54.8298689999999951
11
423.0797409999999559
21
54.8139899999999969
0
LINE
8
BLACK
6
CONTINUOUS
10
423.0797409999999559
20
54.8139899999999969
11
423.0998639999999682
21
54.7979339999999979
0
LINE
8
BLACK
6
CONTINUOUS
10
423.0998639999999682
20
54.7979339999999979
11
423.1198469999999929
21
54.7817039999999977
0
LINE
8
BLACK
6
CONTINUOUS
10
423.1198469999999929
20
54.7817039999999977
11
423.1396869999999808
21
54.7652999999999963
0
LINE
8
BLACK
6
CONTINUOUS
10
423.1396869999999808
20
54.7652999999999963
11
423.1593829999999912
21
54.7487229999999983
0
LINE
8
BLACK
6
CONTINUOUS
10
423.1593829999999912
20
54.7487229999999983
11
423.1789339999999697
21
54.7319749999999985
0
LINE
8
BLACK
6
CONTINUOUS
10
423.1789339999999697
20
54.7319749999999985
11
423.1983379999999784
21
54.7150569999999945
0
LINE
8
BLACK
6
CONTINUOUS
10
423.1983379999999784
20
54.7150569999999945
11
423.2175939999999628
21
54.6979709999999955
0
LINE
8
BLACK
6
CONTINUOUS
10
423.2175939999999628
20
54.6979709999999955
11
423.2366989999999873
21
54.6807169999999942
0
LINE
8
BLACK
6
CONTINUOUS
10
423.2366989999999873
20
54.6807169999999942
11
423.2505329999999617
21
54.6680329999999941
0
LINE
8
BLACK
6
CONTINUOUS
10
423.5252419999999915
20
54.3777049999999988
11
423.5415409999999952
21
54.3577790000000007
0
LINE
8
BLACK
6
CONTINUOUS
10
423.5415409999999952
20
54.3577790000000007
11
423.5576649999999859
21
54.3377109999999988
0
LINE
8
BLACK
6
CONTINUOUS
10
423.5576649999999859
20
54.3377109999999988
11
423.5736139999999637
21
54.317502999999995
0
LINE
8
BLACK
6
CONTINUOUS
10
423.5736139999999637
20
54.317502999999995
11
423.5893859999999904
21
54.2971560000000011
0
LINE
8
BLACK
6
CONTINUOUS
10
423.5893859999999904
20
54.2971560000000011
11
423.604979999999955
21
54.2766729999999953
0
LINE
8
BLACK
6
CONTINUOUS
10
423.604979999999955
20
54.2766729999999953
11
423.6203949999999736
21
54.2560549999999964
0
LINE
8
BLACK
6
CONTINUOUS
10
423.6203949999999736
20
54.2560549999999964
11
423.6356289999999944
21
54.2353029999999947
0
LINE
8
BLACK
6
CONTINUOUS
10
423.6356289999999944
20
54.2353029999999947
11
423.6506809999999632
21
54.2144179999999949
0
LINE
8
BLACK
6
CONTINUOUS
10
423.6506809999999632
20
54.2144179999999949
11
423.6655509999999936
21
54.1934029999999964
0
LINE
8
BLACK
6
CONTINUOUS
10
423.6655509999999936
20
54.1934029999999964
11
423.6802359999999794
21
54.1722589999999968
0
LINE
8
BLACK
6
CONTINUOUS
10
423.6802359999999794
20
54.1722589999999968
11
423.6947369999999751
21
54.1509879999999981
0
LINE
8
BLACK
6
CONTINUOUS
10
423.6947369999999751
20
54.1509879999999981
11
423.7090509999999881
21
54.1295909999999978
0
LINE
8
BLACK
6
CONTINUOUS
10
423.7090509999999881
20
54.1295909999999978
11
423.7231779999999617
21
54.1080699999999979
0
LINE
8
BLACK
6
CONTINUOUS
10
423.7231779999999617
20
54.1080699999999979
11
423.7371169999999552
21
54.0864270000000005
0
LINE
8
BLACK
6
CONTINUOUS
10
423.7371169999999552
20
54.0864270000000005
11
423.7508659999999736
21
54.0646619999999984
0
LINE
8
BLACK
6
CONTINUOUS
10
423.7508659999999736
20
54.0646619999999984
11
423.7644249999999602
21
54.0427789999999959
0
LINE
8
BLACK
6
CONTINUOUS
10
423.7644249999999602
20
54.0427789999999959
11
423.7777919999999767
21
54.020778
0
LINE
8
BLACK
6
CONTINUOUS
10
423.7777919999999767
20
54.020778
11
423.7909669999999664
21
53.9986609999999985
0
LINE
8
BLACK
6
CONTINUOUS
10
423.7909669999999664
20
53.9986609999999985
11
423.8039489999999887
21
53.9764300000000006
0
LINE
8
BLACK
6
CONTINUOUS
10
423.8039489999999887
20
53.9764300000000006
11
423.8167359999999917
21
53.9540869999999941
0
LINE
8
BLACK
6
CONTINUOUS
10
423.8167359999999917
20
53.9540869999999941
11
423.8293269999999779
21
53.9316329999999979
0
LINE
8
BLACK
6
CONTINUOUS
10
423.8293269999999779
20
53.9316329999999979
11
423.8417220000000043
21
53.9090699999999998
0
LINE
8
BLACK
6
CONTINUOUS
10
423.8417220000000043
20
53.9090699999999998
11
423.8539199999999596
21
53.8863989999999973
0
LINE
8
BLACK
6
CONTINUOUS
10
423.8539199999999596
20
53.8863989999999973
11
423.8659189999999626
21
53.8636229999999969
0
LINE
8
BLACK
6
CONTINUOUS
10
423.8659189999999626
20
53.8636229999999969
11
423.8777189999999564
21
53.8407429999999962
0
LINE
8
BLACK
6
CONTINUOUS
10
423.8777189999999564
20
53.8407429999999962
11
423.8893190000000004
21
53.8177619999999948
0
LINE
8
BLACK
6
CONTINUOUS
10
423.8893190000000004
20
53.8177619999999948
11
423.9007179999999835
21
53.794678999999995
0
LINE
8
BLACK
6
CONTINUOUS
10
423.9007179999999835
20
53.794678999999995
11
423.9119149999999649
21
53.771497999999994
0
LINE
8
BLACK
6
CONTINUOUS
10
423.9119149999999649
20
53.771497999999994
11
423.9229090000000042
21
53.7482210000000009
0
LINE
8
BLACK
6
CONTINUOUS
10
423.9229090000000042
20
53.7482210000000009
11
423.9336999999999875
21
53.7248479999999944
0
LINE
8
BLACK
6
CONTINUOUS
10
423.9336999999999875
20
53.7248479999999944
11
423.9442869999999743
21
53.7013819999999953
0
LINE
8
BLACK
6
CONTINUOUS
10
423.9442869999999743
20
53.7013819999999953
11
423.9546679999999697
21
53.6778240000000011
0
LINE
8
BLACK
6
CONTINUOUS
10
423.9546679999999697
20
53.6778240000000011
11
423.9648439999999709
21
53.6541769999999971
0
LINE
8
BLACK
6
CONTINUOUS
10
423.9648439999999709
20
53.6541769999999971
11
423.9748119999999858
21
53.6304419999999951
0
LINE
8
BLACK
6
CONTINUOUS
10
423.9748119999999858
20
53.6304419999999951
11
423.9845729999999548
21
53.606620999999997
0
LINE
8
BLACK
6
CONTINUOUS
10
423.9845729999999548
20
53.606620999999997
11
423.9941259999999943
21
53.5827150000000003
0
LINE
8
BLACK
6
CONTINUOUS
10
423.9941259999999943
20
53.5827150000000003
11
424.003469999999993
21
53.5587269999999975
0
LINE
8
BLACK
6
CONTINUOUS
10
424.003469999999993
20
53.5587269999999975
11
424.0126039999999534
21
53.5346589999999978
0
LINE
8
BLACK
6
CONTINUOUS
10
424.0126039999999534
20
53.5346589999999978
11
424.0215279999999893
21
53.510511000000001
0
LINE
8
BLACK
6
CONTINUOUS
10
424.0215279999999893
20
53.510511000000001
11
424.0302409999999895
21
53.4862869999999972
0
LINE
8
BLACK
6
CONTINUOUS
10
424.0302409999999895
20
53.4862869999999972
11
424.0387419999999565
21
53.4619879999999981
0
LINE
8
BLACK
6
CONTINUOUS
10
424.0387419999999565
20
53.4619879999999981
11
424.0470300000000066
21
53.437615000000001
0
LINE
8
BLACK
6
CONTINUOUS
10
424.0470300000000066
20
53.437615000000001
11
424.0529389999999808
21
53.4198009999999996
0
LINE
8
BLACK
6
CONTINUOUS
10
424.1515489999999886
20
53.0324619999999953
11
424.1560849999999618
21
53.0071219999999954
0
LINE
8
BLACK
6
CONTINUOUS
10
424.1560849999999618
20
53.0071219999999954
11
424.160398999999984
21
52.981741999999997
0
LINE
8
BLACK
6
CONTINUOUS
10
424.160398999999984
20
52.981741999999997
11
424.1644919999999956
21
52.9563259999999971
0
LINE
8
BLACK
6
CONTINUOUS
10
424.1644919999999956
20
52.9563259999999971
11
424.1683639999999968
21
52.9308750000000003
0
LINE
8
BLACK
6
CONTINUOUS
10
424.1683639999999968
20
52.9308750000000003
11
424.1720129999999926
21
52.9053919999999991
0
LINE
8
BLACK
6
CONTINUOUS
10
424.1720129999999926
20
52.9053919999999991
11
424.175438999999983
21
52.8798770000000005
0
LINE
8
BLACK
6
CONTINUOUS
10
424.175438999999983
20
52.8798770000000005
11
424.1786429999999655
21
52.8543339999999944
0
LINE
8
BLACK
6
CONTINUOUS
10
424.1786429999999655
20
52.8543339999999944
11
424.1816230000000019
21
52.828762999999995
0
LINE
8
BLACK
6
CONTINUOUS
10
424.1816230000000019
20
52.828762999999995
11
424.1843809999999735
21
52.8031679999999994
0
LINE
8
BLACK
6
CONTINUOUS
10
424.1843809999999735
20
52.8031679999999994
11
424.1869140000000016
21
52.7775490000000005
0
LINE
8
BLACK
6
CONTINUOUS
10
424.1869140000000016
20
52.7775490000000005
11
424.1892249999999649
21
52.7519099999999952
0
LINE
8
BLACK
6
CONTINUOUS
10
424.1892249999999649
20
52.7519099999999952
11
424.1913109999999847
21
52.7262509999999978
0
LINE
8
BLACK
6
CONTINUOUS
10
424.1913109999999847
20
52.7262509999999978
11
424.1931730000000016
21
52.7005750000000006
0
LINE
8
BLACK
6
CONTINUOUS
10
424.1931730000000016
20
52.7005750000000006
11
424.1948119999999562
21
52.6748839999999987
0
LINE
8
BLACK
6
CONTINUOUS
10
424.1948119999999562
20
52.6748839999999987
11
424.1962259999999674
21
52.6491789999999966
0
LINE
8
BLACK
6
CONTINUOUS
10
424.1962259999999674
20
52.6491789999999966
11
424.1974149999999781
21
52.623463000000001
0
LINE
8
BLACK
6
CONTINUOUS
10
424.1974149999999781
20
52.623463000000001
11
424.198379999999986
21
52.5977369999999951
0
LINE
8
BLACK
6
CONTINUOUS
10
424.198379999999986
20
52.5977369999999951
11
424.199120999999991
21
52.5720049999999972
0
LINE
8
BLACK
6
CONTINUOUS
10
424.199120999999991
20
52.5720049999999972
11
424.1996369999999956
21
52.5462659999999957
0
LINE
8
BLACK
6
CONTINUOUS
10
424.1996369999999956
20
52.5462659999999957
11
424.1999289999999974
21
52.5205239999999947
0
LINE
8
BLACK
6
CONTINUOUS
10
424.1999289999999974
20
52.5205239999999947
11
424.1999999999999886
21
52.5
0
LINE
8
BLACK
6
CONTINUOUS
10
308.9499999999999886
20
-56.4024789999999996
11
307.9973719999999844
21
-55.8524789999999953
0
LINE
8
BLACK
6
CONTINUOUS
10
307.6509619999999927
20
-55.6524789999999996
11
306.6983339999999885
21
-55.1024789999999953
0
LINE
8
BLACK
6
CONTINUOUS
10
306.3519239999999968
20
-54.9024789999999996
11
305.75
21
-54.5549579999999992
0
CIRCLE
8
BLACK
10
531.75
20
-161.9499999999999886
40
2.6899999999999999
0
LINE
8
BLACK
6
CONTINUOUS
10
293.5999999999999659
20
152.5
11
295.0999999999999659
21
152.5
0
CIRCLE
8
BLACK
10
438.75
20
-161.9499999999999886
40
2.6899999999999999
0
LINE
8
BLACK
6
CONTINUOUS
10
422.9564879999999789
20
92.9850339999999989
11
422.9564879999999789
21
92.9214989999999972
0
LINE
8
BLACK
6
CONTINUOUS
10
547.6832859999999528
20
134.1192549999999812
11
547.7467510000000175
21
134.1192549999999812
0
LINE
8
BLACK
6
CONTINUOUS
10
303.1999999999999886
20
99.
11
308.3000000000000114
21
99.
0
LINE
8
BLACK
6
CONTINUOUS
10
308.3000000000000114
20
99.
11
308.3000000000000114
21
93.
0
LINE
8
BLACK
6
CONTINUOUS
10
308.3000000000000114
20
93.
11
303.1999999999999886
21
93.
0
LINE
8
BLACK
6
CONTINUOUS
10
303.1999999999999886
20
93.
11
303.1999999999999886
21
99.
0
LINE
8
BLACK
6
CONTINUOUS
10
418.828993999999966
20
91.9690360000000027
11
418.3844909999999686
21
91.5245369999999951
0
LINE
8
BLACK
6
CONTINUOUS
10
516.5499999999999545
20
40.9024789999999996
11
517.5026279999999588
21
40.3524789999999953
0
LINE
8
BLACK
6
CONTINUOUS
10
517.8490379999999504
20
40.1524789999999996
11
518.8016659999999547
21
39.6024789999999953
0
LINE
8
BLACK
6
CONTINUOUS
10
519.1480759999999464
20
39.4024789999999996
11
519.75
21
39.0549579999999992
0
LINE
8
BLACK
6
CONTINUOUS
10
534.9499999999999318
20
-160.1024789999999882
11
533.9973719999999275
21
-159.5524790000000053
0
LINE
8
BLACK
6
CONTINUOUS
10
533.6509619999999359
20
-159.3524789999999882
11
532.6983339999999316
21
-158.8024790000000053
0
LINE
8
BLACK
6
CONTINUOUS
10
532.35192399999994
20
-158.6024789999999882
11
531.75
21
-158.2549579999999878
0
LINE
8
BLACK
6
CONTINUOUS
10
643.1899230000000216
20
53.147711000000001
11
643.5709219999999959
21
53.5922099999999944
0
CIRCLE
8
BLACK
10
531.75
20
-58.25
40
2.6899999999999999
0
LINE
8
BLACK
6
CONTINUOUS
10
419.654502999999977
20
92.9850339999999989
11
419.654502999999977
21
92.9214989999999972
0
LINE
8
BLACK
6
CONTINUOUS
10
184.7699979999999869
20
53.1476979999999983
11
184.3254989999999793
21
53.5921969999999988
0
LINE
8
BLACK
6
CONTINUOUS
10
548.6357489999999189
20
129.9917609999999968
11
549.0802479999999832
21
129.5472579999999994
0
LINE
8
BLACK
6
CONTINUOUS
10
305.75
20
41.2549579999999949
11
306.7026280000000042
21
41.8049579999999992
0
LINE
8
BLACK
6
CONTINUOUS
10
307.0490379999999959
20
42.0049579999999949
11
308.0016660000000002
21
42.5549579999999992
0
LINE
8
BLACK
6
CONTINUOUS
10
308.3480759999999918
20
42.7549579999999949
11
308.9499999999999886
21
43.1024789999999953
0
CIRCLE
8
BLACK
10
531.75
20
-58.25
40
1.5
0
CIRCLE
8
BLACK
10
519.75
20
42.75
40
1.5
0
LINE
8
BLACK
6
CONTINUOUS
10
293.5999999999999659
20
152.5
11
293.5999999999999659
21
97.5
0
LINE
8
BLACK
6
CONTINUOUS
10
420.7974969999999644
20
92.7945339999999987
11
419.654502999999977
21
92.7945339999999987
0
LINE
8
BLACK
6
CONTINUOUS
10
183.8809990000000028
20
-172.0230159999999842
11
183.5
21
-172.4675079999999809
0
LINE
8
BLACK
6
CONTINUOUS
10
295.0999999999999659
20
97.5
11
295.0999999999999659
21
152.5
0
LINE
8
BLACK
6
CONTINUOUS
10
418.828993999999966
20
91.9690360000000027
11
418.3844909999999686
21
91.5245369999999951
0
LINE
8
BLACK
6
CONTINUOUS
10
644.5
20
61.5
11
583.5
21
61.5
0
LINE
8
BLACK
6
CONTINUOUS
10
643.1264599999999518
20
53.147711000000001
11
643.1899230000000216
21
53.147711000000001
0
LINE
8
BLACK
6
CONTINUOUS
10
305.75
20
-165.6450419999999895
11
306.7026280000000042
21
-165.0950420000000065
0
LINE
8
BLACK
6
CONTINUOUS
10
307.0490379999999959
20
-164.8950419999999895
11
308.0016660000000002
21
-164.3450420000000065
0
LINE
8
BLACK
6
CONTINUOUS
10
308.3480759999999918
20
-164.1450419999999895
11
308.9499999999999886
21
-163.797520999999989
0
LINE
8
BLACK
6
CONTINUOUS
10
644.5
20
-178.5
11
644.5
21
61.5
0
LINE
8
BLACK
6
CONTINUOUS
10
423.8454719999999725
20
91.9690360000000027
11
424.2899749999999699
21
91.5245369999999951
0
LINE
8
BLACK
6
CONTINUOUS
10
294.9532479999999737
20
134.1827299999999923
11
294.8897479999999973
21
134.1827299999999923
0
LINE
8
BLACK
6
CONTINUOUS
10
295.0802479999999832
20
134.1827299999999923
11
295.0167129999999815
21
134.1827299999999923
0
LINE
8
BLACK
6
CONTINUOUS
10
422.9564879999999789
20
92.7945339999999987
11
421.8769909999999754
21
92.7945339999999987
0
LINE
8
BLACK
6
CONTINUOUS
10
643.1264599999999518
20
-171.1340089999999918
11
643.0629229999999552
21
-171.1340089999999918
0
LINE
8
BLACK
6
CONTINUOUS
10
184.7699979999999869
20
52.0681989999999999
11
184.7699979999999869
21
53.1476979999999983
0
CIRCLE
8
BLACK
10
224.5
20
51.5
40
2.9499999999999997
0
LINE
8
BLACK
6
CONTINUOUS
10
438.75
20
-165.6450419999999895
11
439.7026280000000042
21
-165.0950420000000065
0
LINE
8
BLACK
6
CONTINUOUS
10
440.0490379999999959
20
-164.8950419999999895
11
441.0016660000000002
21
-164.3450420000000065
0
LINE
8
BLACK
6
CONTINUOUS
10
441.3480759999999918
20
-164.1450419999999895
11
441.9499999999999886
21
-163.797520999999989
0
LINE
8
BLACK
6
CONTINUOUS
10
531.75
20
-61.9450419999999937
11
532.7026280000000042
21
-61.3950419999999966
0
LINE
8
BLACK
6
CONTINUOUS
10
533.0490379999999959
20
-61.1950419999999937
11
534.0016660000000002
21
-60.6450419999999966
0
LINE
8
BLACK
6
CONTINUOUS
10
534.3480759999999918
20
-60.4450419999999937
11
534.9499999999999318
21
-60.0975210000000004
0
CIRCLE
8
BLACK
10
313.5
20
-148.5
40
2.1000000000000001
0
CIRCLE
8
BLACK
10
429.75
20
44.9499999999999957
40
1.5
0
LINE
8
BLACK
6
CONTINUOUS
10
642.9994229999999789
20
49.8457149999999984
11
643.0629229999999552
21
49.8457149999999984
0
LINE
8
BLACK
6
CONTINUOUS
10
244.5
20
-178.5
11
183.5
21
-178.5
0
LINE
8
BLACK
6
CONTINUOUS
10
302.5500000000000114
20
-160.1024789999999882
11
302.5500000000000114
21
-161.2024789999999825
0
LINE
8
BLACK
6
CONTINUOUS
10
302.5500000000000114
20
-161.6024789999999882
11
302.5500000000000114
21
-162.7024789999999825
0
LINE
8
BLACK
6
CONTINUOUS
10
302.5500000000000114
20
-163.1024789999999882
11
302.5500000000000114
21
-163.797520999999989
0
LINE
8
BLACK
6
CONTINUOUS
10
184.7699979999999869
20
-167.8320190000000025
11
184.3254989999999793
21
-167.3875170000000026
0
LINE
8
BLACK
6
CONTINUOUS
10
422.9564879999999789
20
92.8580339999999893
11
422.9564879999999789
21
92.7945339999999987
0
ARC
8
BLACK
10
543.1000000000000227
20
97.5
40
6.
50
-90.00000000
51
-0.00000000
0
LINE
8
BLACK
6
CONTINUOUS
10
643.
20
-178.5
11
642.9998190000000022
21
-177.4000000000000057
0
LINE
8
BLACK
6
CONTINUOUS
10
642.9997529999999415
20
-177.
11
642.9995719999999437
21
-175.9000000000000057
0
LINE
8
BLACK
6
CONTINUOUS
10
642.9995059999999967
20
-175.5
11
642.9993249999999989
21
-174.4000000000000057
0
LINE
8
BLACK
6
CONTINUOUS
10
642.9992589999999382
20
-174.
11
642.9990779999999404
21
-172.9000000000000057
0
LINE
8
BLACK
6
CONTINUOUS
10
642.9990119999999933
20
-172.5
11
642.9988309999999956
21
-171.4000000000000057
0
LINE
8
BLACK
6
CONTINUOUS
10
642.9987659999999323
20
-171.
11
642.9985849999999346
21
-169.9000000000000057
0
LINE
8
BLACK
6
CONTINUOUS
10
642.9985189999999875
20
-169.5
11
642.9983379999999897
21
-168.4000000000000057
0
LINE
8
BLACK
6
CONTINUOUS
10
642.998271999999929
20
-168.
11
642.9980909999999312
21
-166.9000000000000057
0
LINE
8
BLACK
6
CONTINUOUS
10
642.9980249999999842
20
-166.5
11
642.9978439999999864
21
-165.4000000000000057
0
LINE
8
BLACK
6
CONTINUOUS
10
642.9977779999999257
20
-165.
11
642.9975969999999279
21
-163.9000000000000057
0
LINE
8
BLACK
6
CONTINUOUS
10
642.9975309999999808
20
-163.5
11
642.9973499999999831
21
-162.4000000000000057
0
LINE
8
BLACK
6
CONTINUOUS
10
642.9972839999999223
20
-162.
11
642.9971029999999246
21
-160.9000000000000057
0
LINE
8
BLACK
6
CONTINUOUS
10
642.9970369999999775
20
-160.5
11
642.9968559999999798
21
-159.4000000000000057
0
LINE
8
BLACK
6
CONTINUOUS
10
642.996789999999919
20
-159.
11
642.9966089999999213
21
-157.9000000000000057
0
LINE
8
BLACK
6
CONTINUOUS
10
642.9965439999999717
20
-157.5
11
642.9963629999999739
21
-156.4000000000000057
0
LINE
8
BLACK
6
CONTINUOUS
10
642.9962970000000269
20
-156.
11
642.9961159999999154
21
-154.9000000000000057
0
LINE
8
BLACK
6
CONTINUOUS
10
642.9960499999999683
20
-154.5
11
642.9958689999999706
21
-153.4000000000000057
0
LINE
8
BLACK
6
CONTINUOUS
10
642.9958030000000235
20
-153.
11
642.9956220000000258
21
-151.9000000000000057
0
LINE
8
BLACK
6
CONTINUOUS
10
642.995555999999965
20
-151.5
11
642.9953749999999673
21
-150.4000000000000057
0
LINE
8
BLACK
6
CONTINUOUS
10
642.9953090000000202
20
-150.
11
642.9951280000000224
21
-148.9000000000000057
0
LINE
8
BLACK
6
CONTINUOUS
10
642.9950619999999617
20
-148.5
11
642.9948809999999639
21
-147.4000000000000057
0
LINE
8
BLACK
6
CONTINUOUS
10
642.9948150000000169
20
-147.
11
642.9946340000000191
21
-145.9000000000000057
0
LINE
8
BLACK
6
CONTINUOUS
10
642.9945679999999584
20
-145.5
11
642.9943869999999606
21
-144.4000000000000057
0
LINE
8
BLACK
6
CONTINUOUS
10
642.994322000000011
20
-144.
11
642.9941410000000133
21
-142.9000000000000057
0
LINE
8
BLACK
6
CONTINUOUS
10
642.9940749999999525
20
-142.5
11
642.9938939999999548
21
-141.4000010000000032
0
LINE
8
BLACK
6
CONTINUOUS
10
642.9938280000000077
20
-141.0000009999999975
11
642.9936470000000099
21
-139.9000010000000032
0
LINE
8
BLACK
6
CONTINUOUS
10
642.9935809999999492
20
-139.5000009999999975
11
642.9933999999999514
21
-138.4000010000000032
0
LINE
8
BLACK
6
CONTINUOUS
10
642.9933340000000044
20
-138.0000009999999975
11
642.9931530000000066
21
-136.9000010000000032
0
LINE
8
BLACK
6
CONTINUOUS
10
642.9930869999999459
20
-136.5000009999999975
11
642.9929059999999481
21
-135.4000010000000032
0
LINE
8
BLACK
6
CONTINUOUS
10
642.9928400000000011
20
-135.0000009999999975
11
642.9926590000000033
21
-133.9000010000000032
0
LINE
8
BLACK
6
CONTINUOUS
10
642.9925929999999425
20
-133.5000009999999975
11
642.9924119999999448
21
-132.4000010000000032
0
LINE
8
BLACK
6
CONTINUOUS
10
642.9923459999999977
20
-132.0000009999999975
11
642.992165
21
-130.9000010000000032
0
LINE
8
BLACK
6
CONTINUOUS
10
642.9920999999999367
20
-130.5000009999999975
11
642.9919189999999389
21
-129.4000010000000032
0
LINE
8
BLACK
6
CONTINUOUS
10
642.9918529999999919
20
-129.0000009999999975
11
642.9916719999999941
21
-127.9000009999999889
0
LINE
8
BLACK
6
CONTINUOUS
10
642.9916059999999334
20
-127.5000009999999975
11
642.9914249999999356
21
-126.4000009999999889
0
LINE
8
BLACK
6
CONTINUOUS
10
642.9913589999999886
20
-126.0000009999999975
11
642.9911779999999908
21
-124.9000009999999889
0
LINE
8
BLACK
6
CONTINUOUS
10
642.99111199999993
20
-124.5000009999999975
11
642.9909309999999323
21
-123.4000009999999889
0
LINE
8
BLACK
6
CONTINUOUS
10
642.9908649999999852
20
-123.0000009999999975
11
642.9906839999999875
21
-121.9000009999999889
0
LINE
8
BLACK
6
CONTINUOUS
10
642.9906179999999267
20
-121.5000009999999975
11
642.990436999999929
21
-120.4000009999999889
0
LINE
8
BLACK
6
CONTINUOUS
10
642.9903709999999819
20
-120.0000009999999975
11
642.9901899999999841
21
-118.9000009999999889
0
LINE
8
BLACK
6
CONTINUOUS
10
642.9901249999999209
20
-118.5000009999999975
11
642.9899429999999256
21
-117.4000009999999889
0
LINE
8
BLACK
6
CONTINUOUS
10
642.9898779999999761
20
-117.0000009999999975
11
642.9896969999999783
21
-115.9000009999999889
0
LINE
8
BLACK
6
CONTINUOUS
10
642.9896309999999175
20
-115.5000009999999975
11
642.9894499999999198
21
-114.4000009999999889
0
LINE
8
BLACK
6
CONTINUOUS
10
642.9893839999999727
20
-114.0000009999999975
11
642.989202999999975
21
-112.9000009999999889
0
LINE
8
BLACK
6
CONTINUOUS
10
642.9891369999999142
20
-112.5000009999999975
11
642.9889559999999165
21
-111.4000009999999889
0
LINE
8
BLACK
6
CONTINUOUS
10
642.9888899999999694
20
-111.0000009999999975
11
642.9887089999999716
21
-109.9000009999999889
0
LINE
8
BLACK
6
CONTINUOUS
10
642.9886430000000246
20
-109.5000009999999975
11
642.9884620000000268
21
-108.4000009999999889
0
LINE
8
BLACK
6
CONTINUOUS
10
642.9883959999999661
20
-108.0000009999999975
11
642.9882149999999683
21
-106.9000009999999889
0
LINE
8
BLACK
6
CONTINUOUS
10
642.9881490000000213
20
-106.5000009999999975
11
642.9879680000000235
21
-105.4000009999999889
0
LINE
8
BLACK
6
CONTINUOUS
10
642.9879029999999602
20
-105.0000009999999975
11
642.987720999999965
21
-103.9000009999999889
0
LINE
8
BLACK
6
CONTINUOUS
10
642.9876560000000154
20
-103.5000009999999975
11
642.9874750000000176
21
-102.4000009999999889
0
LINE
8
BLACK
6
CONTINUOUS
10
642.9874089999999569
20
-102.0000009999999975
11
642.9872279999999591
21
-100.9000009999999889
0
LINE
8
BLACK
6
CONTINUOUS
10
642.9871620000000121
20
-100.5000009999999975
11
642.9869810000000143
21
-99.4000009999999889
0
LINE
8
BLACK
6
CONTINUOUS
10
642.9869149999999536
20
-99.0000009999999975
11
642.9867339999999558
21
-97.9000009999999889
0
LINE
8
BLACK
6
CONTINUOUS
10
642.9866680000000088
20
-97.5000009999999975
11
642.986487000000011
21
-96.4000009999999889
0
LINE
8
BLACK
6
CONTINUOUS
10
642.9864209999999503
20
-96.0000009999999975
11
642.9862399999999525
21
-94.9000009999999889
0
LINE
8
BLACK
6
CONTINUOUS
10
642.9861740000000054
20
-94.5000009999999975
11
642.9859930000000077
21
-93.4000009999999889
0
LINE
8
BLACK
6
CONTINUOUS
10
642.9859269999999469
20
-93.0000009999999975
11
642.9857459999999492
21
-91.9000009999999889
0
LINE
8
BLACK
6
CONTINUOUS
10
642.9856809999999996
20
-91.5000009999999975
11
642.9854990000000043
21
-90.4000009999999889
0
LINE
8
BLACK
6
CONTINUOUS
10
642.9854339999999411
20
-90.0000009999999975
11
642.9852529999999433
21
-88.9000009999999889
0
LINE
8
BLACK
6
CONTINUOUS
10
642.9851869999999963
20
-88.5000009999999975
11
642.9850059999999985
21
-87.4000009999999889
0
LINE
8
BLACK
6
CONTINUOUS
10
642.9849399999999378
20
-87.0000009999999975
11
642.98475899999994
21
-85.9000010000000032
0
LINE
8
BLACK
6
CONTINUOUS
10
642.9846929999999929
20
-85.5000009999999975
11
642.9845119999999952
21
-84.4000010000000032
0
LINE
8
BLACK
6
CONTINUOUS
10
642.9844459999999344
20
-84.0000009999999975
11
642.9842649999999367
21
-82.9000010000000032
0
LINE
8
BLACK
6
CONTINUOUS
10
642.9841989999999896
20
-82.5000009999999975
11
642.9840179999999918
21
-81.4000010000000032
0
LINE
8
BLACK
6
CONTINUOUS
10
642.9839519999999311
20
-81.0000009999999975
11
642.9837709999999333
21
-79.9000010000000032
0
LINE
8
BLACK
6
CONTINUOUS
10
642.9837049999999863
20
-79.5000009999999975
11
642.9835239999999885
21
-78.4000010000000032
0
LINE
8
BLACK
6
CONTINUOUS
10
642.9834589999999253
20
-78.0000009999999975
11
642.98327699999993
21
-76.9000010000000032
0
LINE
8
BLACK
6
CONTINUOUS
10
642.9832119999999804
20
-76.5000009999999975
11
642.9830309999999827
21
-75.4000010000000032
0
LINE
8
BLACK
6
CONTINUOUS
10
642.9829649999999219
20
-75.0000009999999975
11
642.9827839999999242
21
-73.9000010000000032
0
LINE
8
BLACK
6
CONTINUOUS
10
642.9827179999999771
20
-73.5000009999999975
11
642.9825369999999793
21
-72.4000010000000032
0
LINE
8
BLACK
6
CONTINUOUS
10
642.9824709999999186
20
-72.0000009999999975
11
642.9822899999999208
21
-70.9000010000000032
0
LINE
8
BLACK
6
CONTINUOUS
10
642.9822239999999738
20
-70.5000009999999975
11
642.982042999999976
21
-69.4000010000000032
0
LINE
8
BLACK
6
CONTINUOUS
10
642.9819769999999153
20
-69.0000009999999975
11
642.9817959999999175
21
-67.9000010000000032
0
LINE
8
BLACK
6
CONTINUOUS
10
642.9817299999999705
20
-67.500001999999995
11
642.9815489999999727
21
-66.4000020000000006
0
LINE
8
BLACK
6
CONTINUOUS
10
642.9814830000000256
20
-66.000001999999995
11
642.9813019999999142
21
-64.9000020000000006
0
LINE
8
BLACK
6
CONTINUOUS
10
642.9812369999999646
20
-64.500001999999995
11
642.9810549999999694
21
-63.4000020000000006
0
LINE
8
BLACK
6
CONTINUOUS
10
642.9809900000000198
20
-63.000001999999995
11
642.980809000000022
21
-61.9000020000000006
0
LINE
8
BLACK
6
CONTINUOUS
10
642.9807429999999613
20
-61.500001999999995
11
642.9805619999999635
21
-60.4000020000000006
0
LINE
8
BLACK
6
CONTINUOUS
10
642.9804960000000165
20
-60.000001999999995
11
642.9803150000000187
21
-58.9000020000000006
0
LINE
8
BLACK
6
CONTINUOUS
10
642.980248999999958
20
-58.500001999999995
11
642.9800679999999602
21
-57.4000020000000006
0
LINE
8
BLACK
6
CONTINUOUS
10
642.9800020000000131
20
-57.000001999999995
11
642.9798210000000154
21
-55.9000020000000006
0
LINE
8
BLACK
6
CONTINUOUS
10
642.9797549999999546
20
-55.500001999999995
11
642.9795739999999569
21
-54.4000020000000006
0
LINE
8
BLACK
6
CONTINUOUS
10
642.9795080000000098
20
-54.000001999999995
11
642.979327000000012
21
-52.9000020000000006
0
LINE
8
BLACK
6
CONTINUOUS
10
642.9792609999999513
20
-52.500001999999995
11
642.9790799999999535
21
-51.4000020000000006
0
LINE
8
BLACK
6
CONTINUOUS
10
642.979015000000004
20
-51.000001999999995
11
642.9788340000000062
21
-49.9000020000000006
0
LINE
8
BLACK
6
CONTINUOUS
10
642.9787679999999455
20
-49.500001999999995
11
642.9785869999999477
21
-48.4000020000000006
0
LINE
8
BLACK
6
CONTINUOUS
10
642.9785210000000006
20
-48.000001999999995
11
642.9783400000000029
21
-46.9000020000000006
0
LINE
8
BLACK
6
CONTINUOUS
10
642.9782739999999421
20
-46.500001999999995
11
642.9780929999999444
21
-45.4000020000000006
0
LINE
8
BLACK
6
CONTINUOUS
10
642.9780269999999973
20
-45.000001999999995
11
642.9778459999999995
21
-43.9000020000000006
0
LINE
8
BLACK
6
CONTINUOUS
10
642.9777799999999388
20
-43.500001999999995
11
642.977598999999941
21
-42.4000020000000006
0
LINE
8
BLACK
6
CONTINUOUS
10
642.977532999999994
20
-42.000001999999995
11
642.9773519999999962
21
-40.9000020000000006
0
LINE
8
BLACK
6
CONTINUOUS
10
642.9772859999999355
20
-40.500001999999995
11
642.9771049999999377
21
-39.4000020000000006
0
LINE
8
BLACK
6
CONTINUOUS
10
642.9770389999999907
20
-39.000001999999995
11
642.9768579999999929
21
-37.9000020000000006
0
LINE
8
BLACK
6
CONTINUOUS
10
642.9767929999999296
20
-37.500001999999995
11
642.9766119999999319
21
-36.4000020000000006
0
LINE
8
BLACK
6
CONTINUOUS
10
642.9765459999999848
20
-36.000001999999995
11
642.976364999999987
21
-34.9000020000000006
0
LINE
8
BLACK
6
CONTINUOUS
10
642.9762989999999263
20
-34.500001999999995
11
642.9761179999999285
21
-33.4000020000000006
0
LINE
8
BLACK
6
CONTINUOUS
10
642.9760519999999815
20
-33.0000020000000021
11
642.9758709999999837
21
-31.9000019999999971
0
LINE
8
BLACK
6
CONTINUOUS
10
642.975804999999923
20
-31.5000019999999985
11
642.9756239999999252
21
-30.4000019999999971
0
LINE
8
BLACK
6
CONTINUOUS
10
642.9755579999999782
20
-30.0000019999999985
11
642.9753769999999804
21
-28.9000019999999971
0
LINE
8
BLACK
6
CONTINUOUS
10
642.9753109999999197
20
-28.5000019999999985
11
642.9751299999999219
21
-27.4000019999999971
0
LINE
8
BLACK
6
CONTINUOUS
10
642.9750639999999748
20
-27.0000019999999985
11
642.9748829999999771
21
-25.9000019999999971
0
LINE
8
BLACK
6
CONTINUOUS
10
642.9748169999999163
20
-25.5000019999999985
11
642.9746359999999186
21
-24.4000020000000006
0
LINE
8
BLACK
6
CONTINUOUS
10
642.974570999999969
20
-24.0000019999999985
11
642.9743899999999712
21
-22.9000020000000006
0
LINE
8
BLACK
6
CONTINUOUS
10
642.9743240000000242
20
-22.5000019999999985
11
642.9741430000000264
21
-21.4000020000000006
0
LINE
8
BLACK
6
CONTINUOUS
10
642.9740769999999657
20
-21.0000019999999985
11
642.9738959999999679
21
-19.9000020000000006
0
LINE
8
BLACK
6
CONTINUOUS
10
642.9738300000000208
20
-19.5000019999999985
11
642.9736490000000231
21
-18.4000020000000006
0
LINE
8
BLACK
6
CONTINUOUS
10
642.9735829999999623
20
-18.0000019999999985
11
642.9734019999999646
21
-16.9000020000000006
0
LINE
8
BLACK
6
CONTINUOUS
10
642.9733360000000175
20
-16.5000019999999985
11
642.9731550000000198
21
-15.4000019999999989
0
LINE
8
BLACK
6
CONTINUOUS
10
642.973088999999959
20
-15.0000019999999985
11
642.9729079999999612
21
-13.9000019999999989
0
LINE
8
BLACK
6
CONTINUOUS
10
642.9728420000000142
20
-13.5000019999999985
11
642.9726610000000164
21
-12.4000019999999989
0
LINE
8
BLACK
6
CONTINUOUS
10
642.9725949999999557
20
-12.0000020000000003
11
642.9724139999999579
21
-10.9000019999999989
0
LINE
8
BLACK
6
CONTINUOUS
10
642.9723490000000083
20
-10.5000020000000003
11
642.9721680000000106
21
-9.4000019999999989
0
LINE
8
BLACK
6
CONTINUOUS
10
642.9721019999999498
20
-9.0000020000000003
11
642.9719209999999521
21
-7.9000019999999997
0
LINE
8
BLACK
6
CONTINUOUS
10
642.971855000000005
20
-7.5000019999999994
11
642.9716740000000073
21
-6.4000019999999997
0
LINE
8
BLACK
6
CONTINUOUS
10
642.9716079999999465
20
-6.0000019999999994
11
642.9714269999999487
21
-4.9000019999999997
0
LINE
8
BLACK
6
CONTINUOUS
10
642.9713610000000017
20
-4.5000019999999994
11
642.9711800000000039
21
-3.4000019999999997
0
LINE
8
BLACK
6
CONTINUOUS
10
642.9711139999999432
20
-3.0000019999999998
11
642.9709329999999454
21
-1.900002
0
LINE
8
BLACK
6
CONTINUOUS
10
642.9708669999999984
20
-1.5000019999999998
11
642.9706860000000006
21
-0.400002
0
LINE
8
BLACK
6
CONTINUOUS
10
642.9706199999999399
20
-0.000002
11
642.9704389999999421
21
1.099998
0
LINE
8
BLACK
6
CONTINUOUS
10
642.9703739999999925
20
1.4999979999999999
11
642.9701919999999973
21
2.5999979999999998
0
LINE
8
BLACK
6
CONTINUOUS
10
642.970126999999934
20
2.9999979999999997
11
642.9699459999999362
21
4.0999980000000003
0
LINE
8
BLACK
6
CONTINUOUS
10
642.9698799999999892
20
4.4999979999999997
11
642.9696989999999914
21
5.5999979999999994
0
LINE
8
BLACK
6
CONTINUOUS
10
642.9696329999999307
20
5.9999979999999997
11
642.9694519999999329
21
7.0999970000000001
0
LINE
8
BLACK
6
CONTINUOUS
10
642.9693859999999859
20
7.4999969999999996
11
642.9692049999999881
21
8.5999970000000001
0
LINE
8
BLACK
6
CONTINUOUS
10
642.9691389999999274
20
8.9999970000000005
11
642.9689579999999296
21
10.0999970000000001
0
LINE
8
BLACK
6
CONTINUOUS
10
642.9688919999999825
20
10.4999969999999987
11
642.9687109999999848
21
11.5999970000000001
0
LINE
8
BLACK
6
CONTINUOUS
10
642.968644999999924
20
11.9999969999999987
11
642.9684639999999263
21
13.0999970000000001
0
LINE
8
BLACK
6
CONTINUOUS
10
642.9683979999999792
20
13.4999969999999987
11
642.9682169999999815
21
14.5999970000000001
0
LINE
8
BLACK
6
CONTINUOUS
10
642.9681519999999182
20
14.9999969999999987
11
642.9679699999999229
21
16.0999969999999983
0
LINE
8
BLACK
6
CONTINUOUS
10
642.9679049999999734
20
16.4999970000000005
11
642.9677239999999756
21
17.5999969999999983
0
LINE
8
BLACK
6
CONTINUOUS
10
642.9676579999999149
20
17.9999970000000005
11
642.9674769999999171
21
19.0999969999999983
0
LINE
8
BLACK
6
CONTINUOUS
10
642.96741099999997
20
19.4999970000000005
11
642.9672299999999723
21
20.5999969999999983
0
LINE
8
BLACK
6
CONTINUOUS
10
642.9671640000000252
20
20.9999970000000005
11
642.9669830000000275
21
22.0999969999999983
0
LINE
8
BLACK
6
CONTINUOUS
10
642.9669169999999667
20
22.4999970000000005
11
642.966735999999969
21
23.5999969999999983
0
LINE
8
BLACK
6
CONTINUOUS
10
642.9666700000000219
20
23.9999970000000005
11
642.9664890000000241
21
25.0999969999999983
0
LINE
8
BLACK
6
CONTINUOUS
10
642.9664229999999634
20
25.4999970000000005
11
642.9662419999999656
21
26.5999969999999983
0
LINE
8
BLACK
6
CONTINUOUS
10
642.9661760000000186
20
26.9999970000000005
11
642.9659950000000208
21
28.0999969999999983
0
LINE
8
BLACK
6
CONTINUOUS
10
642.9659299999999575
20
28.4999970000000005
11
642.9657479999999623
21
29.5999969999999983
0
LINE
8
BLACK
6
CONTINUOUS
10
642.9656830000000127
20
29.9999969999999969
11
642.965502000000015
21
31.0999969999999983
0
LINE
8
BLACK
6
CONTINUOUS
10
642.9654359999999542
20
31.4999969999999969
11
642.9652549999999565
21
32.5999970000000019
0
LINE
8
BLACK
6
CONTINUOUS
10
642.9651890000000094
20
32.9999970000000005
11
642.9650080000000116
21
34.0999970000000019
0
LINE
8
BLACK
6
CONTINUOUS
10
642.9649419999999509
20
34.4999970000000005
11
642.9647609999999531
21
35.5999970000000019
0
LINE
8
BLACK
6
CONTINUOUS
10
642.9646950000000061
20
35.9999970000000005
11
642.9645140000000083
21
37.0999969999999948
0
LINE
8
BLACK
6
CONTINUOUS
10
642.9644479999999476
20
37.4999970000000005
11
642.9642669999999498
21
38.5999969999999948
0
LINE
8
BLACK
6
CONTINUOUS
10
642.9642010000000028
20
38.9999970000000005
11
642.964020000000005
21
40.0999969999999948
0
LINE
8
BLACK
6
CONTINUOUS
10
642.9639539999999442
20
40.4999970000000005
11
642.9637729999999465
21
41.5999969999999948
0
LINE
8
BLACK
6
CONTINUOUS
10
642.9637079999999969
20
41.9999970000000005
11
642.9635260000000017
21
43.0999969999999948
0
LINE
8
BLACK
6
CONTINUOUS
10
642.9634609999999384
20
43.4999970000000005
11
642.9632799999999406
21
44.5999969999999948
0
LINE
8
BLACK
6
CONTINUOUS
10
642.9632139999999936
20
44.9999970000000005
11
642.9630329999999958
21
46.0999969999999948
0
LINE
8
BLACK
6
CONTINUOUS
10
642.9629669999999351
20
46.4999970000000005
11
642.9627859999999373
21
47.5999969999999948
0
LINE
8
BLACK
6
CONTINUOUS
10
642.9627199999999903
20
47.9999970000000005
11
642.9625389999999925
21
49.0999969999999948
0
LINE
8
BLACK
6
CONTINUOUS
10
642.9624729999999317
20
49.4999970000000005
11
642.962291999999934
21
50.5999969999999948
0
LINE
8
BLACK
6
CONTINUOUS
10
642.9622259999999869
20
50.9999970000000005
11
642.9620449999999892
21
52.0999969999999948
0
LINE
8
BLACK
6
CONTINUOUS
10
642.9619789999999284
20
52.4999970000000005
11
642.9617979999999307
21
53.5999969999999948
0
LINE
8
BLACK
6
CONTINUOUS
10
642.9617319999999836
20
53.9999970000000005
11
642.9615509999999858
21
55.0999969999999948
0
LINE
8
BLACK
6
CONTINUOUS
10
642.9614859999999226
20
55.4999970000000005
11
642.9613039999999273
21
56.5999969999999948
0
LINE
8
BLACK
6
CONTINUOUS
10
642.9612389999999778
20
56.9999970000000005
11
642.96105799999998
21
58.0999969999999948
0
LINE
8
BLACK
6
CONTINUOUS
10
642.9609919999999192
20
58.4999970000000005
11
642.9608109999999215
21
59.5999969999999948
0
LINE
8
BLACK
6
CONTINUOUS
10
642.9607449999999744
20
59.9999970000000005
11
642.9605639999999767
21
61.0999969999999948
0
LINE
8
BLACK
6
CONTINUOUS
10
642.9604979999999159
20
61.4999970000000005
11
642.9604979999999159
21
61.5
0
LINE
8
BLACK
6
CONTINUOUS
10
547.8102509999999938
20
134.1192549999999812
11
547.8102509999999938
21
133.0397580000000062
0
CIRCLE
8
BLACK
10
529.
20
41.5
40
2.1000000000000001
0
LINE
8
BLACK
6
CONTINUOUS
10
644.0154219999999441
20
54.0367099999999994
11
644.4599210000000085
21
54.4812089999999998
0
CIRCLE
8
BLACK
10
603.5
20
51.5
40
1.6499999999999999
0
LINE
8
BLACK
6
CONTINUOUS
10
294.0642499999999586
20
135.0082390000000032
11
293.6197510000000079
21
135.4527420000000006
0
LINE
8
BLACK
6
CONTINUOUS
10
295.
20
-178.5
11
295.
21
61.5
0
LINE
8
BLACK
6
CONTINUOUS
10
436.1999999999999886
20
99.
11
441.2999999999999545
21
99.
0
LINE
8
BLACK
6
CONTINUOUS
10
441.2999999999999545
20
99.
11
441.2999999999999545
21
93.
0
LINE
8
BLACK
6
CONTINUOUS
10
441.2999999999999545
20
93.
11
436.1999999999999886
21
93.
0
LINE
8
BLACK
6
CONTINUOUS
10
436.1999999999999886
20
93.
11
436.1999999999999886
21
99.
0
LINE
8
BLACK
6
CONTINUOUS
10
184.7699979999999869
20
-171.1340089999999918
11
184.3254989999999793
21
-171.5785139999999842
0
LINE
8
BLACK
6
CONTINUOUS
10
184.8334979999999916
20
49.8457019999999957
11
184.7699979999999869
21
49.8457019999999957
0
LINE
8
BLACK
6
CONTINUOUS
10
305.75
20
-61.9450419999999937
11
306.7026280000000042
21
-61.3950419999999966
0
LINE
8
BLACK
6
CONTINUOUS
10
307.0490379999999959
20
-61.1950419999999937
11
308.0016660000000002
21
-60.6450419999999966
0
LINE
8
BLACK
6
CONTINUOUS
10
308.3480759999999918
20
-60.4450419999999937
11
308.9499999999999886
21
-60.0975210000000004
0
LINE
8
BLACK
6
CONTINUOUS
10
528.5499999999999545
20
-160.1024789999999882
11
528.5499999999999545
21
-161.2024789999999825
0
LINE
8
BLACK
6
CONTINUOUS
10
528.5499999999999545
20
-161.6024789999999882
11
528.5499999999999545
21
-162.7024789999999825
0
LINE
8
BLACK
6
CONTINUOUS
10
528.5499999999999545
20
-163.1024789999999882
11
528.5499999999999545
21
-163.797520999999989
0
LINE
8
BLACK
6
CONTINUOUS
10
308.9499999999999886
20
-160.1024789999999882
11
307.9973719999999844
21
-159.5524790000000053
0
LINE
8
BLACK
6
CONTINUOUS
10
307.6509619999999927
20
-159.3524789999999882
11
306.6983339999999885
21
-158.8024790000000053
0
LINE
8
BLACK
6
CONTINUOUS
10
306.3519239999999968
20
-158.6024789999999882
11
305.75
21
-158.2549579999999878
0
LINE
8
BLACK
6
CONTINUOUS
10
422.9564879999999789
20
92.7945339999999987
11
423.4009909999999763
21
92.3499999999999943
0
LINE
8
BLACK
6
CONTINUOUS
10
547.6000000000000227
20
152.5
11
549.1000000000000227
21
152.5
0
CIRCLE
8
BLACK
10
305.75
20
-58.25
40
2.6899999999999999
0
LINE
8
BLACK
6
CONTINUOUS
10
643.1899230000000216
20
49.8457149999999984
11
643.5709219999999959
21
49.401215999999998
0
LINE
8
BLACK
6
CONTINUOUS
10
183.8809990000000028
20
-166.9430219999999849
11
183.5
21
-166.5620199999999897
0
LINE
8
BLACK
6
CONTINUOUS
10
429.75
20
48.6450419999999966
11
428.7973719999999958
21
48.0950419999999994
0
LINE
8
BLACK
6
CONTINUOUS
10
428.4509620000000041
20
47.8950419999999966
11
427.4983339999999998
21
47.3450419999999994
0
LINE
8
BLACK
6
CONTINUOUS
10
427.1519240000000082
20
47.1450419999999966
11
426.5499999999999545
21
46.7975209999999961
0
LINE
8
BLACK
6
CONTINUOUS
10
547.8102509999999938
20
130.8172700000000077
11
548.2547849999999698
21
130.3727669999999819
0
ARC
8
BLACK
10
543.1000000000000227
20
97.5
40
4.5
50
-90.00000000
51
-0.00000000
0
LINE
8
BLACK
6
CONTINUOUS
10
294.9532479999999737
20
130.8807449999999903
11
294.8897479999999973
21
130.8807449999999903
0
LINE
8
BLACK
6
CONTINUOUS
10
516.5499999999999545
20
44.5975210000000004
11
516.5499999999999545
21
43.497520999999999
0
LINE
8
BLACK
6
CONTINUOUS
10
516.5499999999999545
20
43.0975210000000004
11
516.5499999999999545
21
41.997520999999999
0
LINE
8
BLACK
6
CONTINUOUS
10
516.5499999999999545
20
41.5975210000000004
11
516.5499999999999545
21
40.9024789999999996
0
LINE
8
BLACK
6
CONTINUOUS
10
294.0642499999999586
20
129.9917609999999968
11
293.6197510000000079
21
129.5472579999999994
0
LINE
8
BLACK
6
CONTINUOUS
10
547.6197509999999511
20
134.1192549999999812
11
547.6832859999999528
21
134.1192549999999812
0
LINE
8
BLACK
6
CONTINUOUS
10
424.1999999999999886
20
-169.5
11
424.1998879999999872
21
-169.5257430000000056
0
LINE
8
BLACK
6
CONTINUOUS
10
424.1998879999999872
20
-169.5257430000000056
11
424.1995509999999854
21
-169.5514849999999853
0
LINE
8
BLACK
6
CONTINUOUS
10
424.1995509999999854
20
-169.5514849999999853
11
424.1989889999999832
21
-169.5772220000000061
0
LINE
8
BLACK
6
CONTINUOUS
10
424.1989889999999832
20
-169.5772220000000061
11
424.1982029999999781
21
-169.6029539999999827
0
LINE
8
BLACK
6
CONTINUOUS
10
424.1982029999999781
20
-169.6029539999999827
11
424.1971919999999727
21
-169.6286769999999819
0
LINE
8
BLACK
6
CONTINUOUS
10
424.1971919999999727
20
-169.6286769999999819
11
424.1959569999999644
21
-169.6543910000000039
0
LINE
8
BLACK
6
CONTINUOUS
10
424.1959569999999644
20
-169.6543910000000039
11
424.1944979999999532
21
-169.6800929999999994
0
LINE
8
BLACK
6
CONTINUOUS
10
424.1944979999999532
20
-169.6800929999999994
11
424.1928139999999985
21
-169.7057819999999992
0
LINE
8
BLACK
6
CONTINUOUS
10
424.1928139999999985
20
-169.7057819999999992
11
424.190905999999984
21
-169.7314539999999852
0
LINE
8
BLACK
6
CONTINUOUS
10
424.190905999999984
20
-169.7314539999999852
11
424.1887739999999667
21
-169.7571089999999856
0
LINE
8
BLACK
6
CONTINUOUS
10
424.1887739999999667
20
-169.7571089999999856
11
424.1864190000000008
21
-169.7827450000000056
0
LINE
8
BLACK
6
CONTINUOUS
10
424.1864190000000008
20
-169.7827450000000056
11
424.1838399999999751
21
-169.8083589999999958
0
LINE
8
BLACK
6
CONTINUOUS
10
424.1838399999999751
20
-169.8083589999999958
11
424.1810370000000034
21
-169.8339489999999898
0
LINE
8
BLACK
6
CONTINUOUS
10
424.1810370000000034
20
-169.8339489999999898
11
424.1780109999999695
21
-169.8595149999999876
0
LINE
8
BLACK
6
CONTINUOUS
10
424.1780109999999695
20
-169.8595149999999876
11
424.174761999999987
21
-169.8850520000000017
0
LINE
8
BLACK
6
CONTINUOUS
10
424.174761999999987
20
-169.8850520000000017
11
424.1712909999999965
21
-169.9105610000000013
0
LINE
8
BLACK
6
CONTINUOUS
10
424.1712909999999965
20
-169.9105610000000013
11
424.1675970000000007
21
-169.9360379999999964
0
LINE
8
BLACK
6
CONTINUOUS
10
424.1675970000000007
20
-169.9360379999999964
11
424.1636809999999969
21
-169.9614819999999895
0
LINE
8
BLACK
6
CONTINUOUS
10
424.1636809999999969
20
-169.9614819999999895
11
424.1595429999999851
21
-169.9868899999999883
0
LINE
8
BLACK
6
CONTINUOUS
10
424.1595429999999851
20
-169.9868899999999883
11
424.1551829999999654
21
-170.0122619999999927
0
LINE
8
BLACK
6
CONTINUOUS
10
424.1551829999999654
20
-170.0122619999999927
11
424.1506019999999921
21
-170.0375949999999818
0
LINE
8
BLACK
6
CONTINUOUS
10
424.1506019999999921
20
-170.0375949999999818
11
424.1458000000000084
21
-170.0628869999999893
0
LINE
8
BLACK
6
CONTINUOUS
10
424.1458000000000084
20
-170.0628869999999893
11
424.1407779999999548
21
-170.0881349999999941
0
LINE
8
BLACK
6
CONTINUOUS
10
424.1407779999999548
20
-170.0881349999999941
11
424.1355350000000044
21
-170.1133389999999963
0
LINE
8
BLACK
6
CONTINUOUS
10
424.1355350000000044
20
-170.1133389999999963
11
424.1300729999999817
21
-170.138497000000001
0
LINE
8
BLACK
6
CONTINUOUS
10
424.1300729999999817
20
-170.138497000000001
11
424.1243920000000003
21
-170.1636059999999873
0
LINE
8
BLACK
6
CONTINUOUS
10
424.1243920000000003
20
-170.1636059999999873
11
424.1184910000000059
21
-170.1886639999999886
0
LINE
8
BLACK
6
CONTINUOUS
10
424.1184910000000059
20
-170.1886639999999886
11
424.1123719999999935
21
-170.2136699999999792
0
LINE
8
BLACK
6
CONTINUOUS
10
424.1123719999999935
20
-170.2136699999999792
11
424.1060359999999605
21
-170.2386209999999949
0
LINE
8
BLACK
6
CONTINUOUS
10
424.1060359999999605
20
-170.2386209999999949
11
424.0994809999999688
21
-170.2635159999999814
0
LINE
8
BLACK
6
CONTINUOUS
10
424.0994809999999688
20
-170.2635159999999814
11
424.0927099999999541
21
-170.2883530000000007
0
LINE
8
BLACK
6
CONTINUOUS
10
424.0927099999999541
20
-170.2883530000000007
11
424.0857219999999757
21
-170.313130000000001
0
LINE
8
BLACK
6
CONTINUOUS
10
424.0857219999999757
20
-170.313130000000001
11
424.0785179999999741
21
-170.3378449999999873
0
LINE
8
BLACK
6
CONTINUOUS
10
424.0785179999999741
20
-170.3378449999999873
11
424.0710990000000038
21
-170.3624969999999905
0
LINE
8
BLACK
6
CONTINUOUS
10
424.0710990000000038
20
-170.3624969999999905
11
424.0634650000000079
21
-170.3870819999999924
0
LINE
8
BLACK
6
CONTINUOUS
10
424.0634650000000079
20
-170.3870819999999924
11
424.0556169999999838
21
-170.4115999999999929
0
LINE
8
BLACK
6
CONTINUOUS
10
424.0556169999999838
20
-170.4115999999999929
11
424.0475549999999885
21
-170.436048999999997
0
LINE
8
BLACK
6
CONTINUOUS
10
424.0475549999999885
20
-170.436048999999997
11
424.0392799999999625
21
-170.460425999999984
0
LINE
8
BLACK
6
CONTINUOUS
10
424.0392799999999625
20
-170.460425999999984
11
424.0307919999999626
21
-170.4847299999999848
0
LINE
8
BLACK
6
CONTINUOUS
10
424.0307919999999626
20
-170.4847299999999848
11
424.0220929999999839
21
-170.5089590000000044
0
LINE
8
BLACK
6
CONTINUOUS
10
424.0220929999999839
20
-170.5089590000000044
11
424.0131829999999695
21
-170.5331119999999885
0
LINE
8
BLACK
6
CONTINUOUS
10
424.0131829999999695
20
-170.5331119999999885
11
424.0040619999999763
21
-170.557185000000004
0
LINE
8
BLACK
6
CONTINUOUS
10
424.0040619999999763
20
-170.557185000000004
11
423.9972809999999868
21
-170.5746859999999856
0
LINE
8
BLACK
6
CONTINUOUS
10
423.8267899999999599
20
-170.9361940000000004
11
423.814158999999961
21
-170.9586259999999811
0
LINE
8
BLACK
6
CONTINUOUS
10
423.814158999999961
20
-170.9586259999999811
11
423.8013329999999996
21
-170.9809459999999888
0
LINE
8
BLACK
6
CONTINUOUS
10
423.8013329999999996
20
-170.9809459999999888
11
423.7883119999999622
21
-171.003153999999995
0
LINE
8
BLACK
6
CONTINUOUS
10
423.7883119999999622
20
-171.003153999999995
11
423.7750979999999572
21
-171.0252480000000048
0
LINE
8
BLACK
6
CONTINUOUS
10
423.7750979999999572
20
-171.0252480000000048
11
423.7616919999999823
21
-171.0472249999999974
0
LINE
8
BLACK
6
CONTINUOUS
10
423.7616919999999823
20
-171.0472249999999974
11
423.7480939999999805
21
-171.0690840000000037
0
LINE
8
BLACK
6
CONTINUOUS
10
423.7480939999999805
20
-171.0690840000000037
11
423.7343060000000037
21
-171.0908239999999978
0
LINE
8
BLACK
6
CONTINUOUS
10
423.7343060000000037
20
-171.0908239999999978
11
423.7203289999999924
21
-171.1124429999999847
0
LINE
8
BLACK
6
CONTINUOUS
10
423.7203289999999924
20
-171.1124429999999847
11
423.7061640000000011
21
-171.133938999999998
0
LINE
8
BLACK
6
CONTINUOUS
10
423.7061640000000011
20
-171.133938999999998
11
423.6918119999999703
21
-171.1553109999999833
0
LINE
8
BLACK
6
CONTINUOUS
10
423.6918119999999703
20
-171.1553109999999833
11
423.6772739999999544
21
-171.176556000000005
0
LINE
8
BLACK
6
CONTINUOUS
10
423.6772739999999544
20
-171.176556000000005
11
423.6625510000000077
21
-171.1976740000000063
0
LINE
8
BLACK
6
CONTINUOUS
10
423.6625510000000077
20
-171.1976740000000063
11
423.647643999999957
21
-171.2186629999999923
0
LINE
8
BLACK
6
CONTINUOUS
10
423.647643999999957
20
-171.2186629999999923
11
423.632554999999968
21
-171.2395199999999988
0
LINE
8
BLACK
6
CONTINUOUS
10
423.632554999999968
20
-171.2395199999999988
11
423.6172839999999837
21
-171.2602459999999951
0
LINE
8
BLACK
6
CONTINUOUS
10
423.6172839999999837
20
-171.2602459999999951
11
423.6018329999999992
21
-171.2808369999999911
0
LINE
8
BLACK
6
CONTINUOUS
10
423.6018329999999992
20
-171.2808369999999911
11
423.586202999999955
21
-171.3012919999999895
0
LINE
8
BLACK
6
CONTINUOUS
10
423.586202999999955
20
-171.3012919999999895
11
423.5703949999999622
21
-171.3216109999999901
0
LINE
8
BLACK
6
CONTINUOUS
10
423.5703949999999622
20
-171.3216109999999901
11
423.5544109999999591
21
-171.3417900000000031
0
LINE
8
BLACK
6
CONTINUOUS
10
423.5544109999999591
20
-171.3417900000000031
11
423.538250000000005
21
-171.3618299999999977
0
LINE
8
BLACK
6
CONTINUOUS
10
423.538250000000005
20
-171.3618299999999977
11
423.5219159999999761
21
-171.3817269999999837
0
LINE
8
BLACK
6
CONTINUOUS
10
423.5219159999999761
20
-171.3817269999999837
11
423.505408999999986
21
-171.4014819999999872
0
LINE
8
BLACK
6
CONTINUOUS
10
423.505408999999986
20
-171.4014819999999872
11
423.488728999999978
21
-171.4210909999999899
0
LINE
8
BLACK
6
CONTINUOUS
10
423.488728999999978
20
-171.4210909999999899
11
423.4718799999999987
21
-171.4405539999999917
0
LINE
8
BLACK
6
CONTINUOUS
10
423.4718799999999987
20
-171.4405539999999917
11
423.454860999999994
21
-171.4598699999999951
0
LINE
8
BLACK
6
CONTINUOUS
10
423.454860999999994
20
-171.4598699999999951
11
423.4376739999999586
21
-171.4790359999999794
0
LINE
8
BLACK
6
CONTINUOUS
10
423.4376739999999586
20
-171.4790359999999794
11
423.4203200000000038
21
-171.4980510000000038
0
LINE
8
BLACK
6
CONTINUOUS
10
423.4203200000000038
20
-171.4980510000000038
11
423.4028020000000083
21
-171.5169149999999831
0
LINE
8
BLACK
6
CONTINUOUS
10
423.4028020000000083
20
-171.5169149999999831
11
423.3851189999999747
21
-171.5356239999999843
0
LINE
8
BLACK
6
CONTINUOUS
10
423.3851189999999747
20
-171.5356239999999843
11
423.367274000000009
21
-171.5541790000000049
0
LINE
8
BLACK
6
CONTINUOUS
10
423.367274000000009
20
-171.5541790000000049
11
423.3492669999999976
21
-171.5725769999999955
0
LINE
8
BLACK
6
CONTINUOUS
10
423.3492669999999976
20
-171.5725769999999955
11
423.3311009999999897
21
-171.5908179999999845
0
LINE
8
BLACK
6
CONTINUOUS
10
423.3311009999999897
20
-171.5908179999999845
11
423.3127759999999853
21
-171.6088989999999797
0
LINE
8
BLACK
6
CONTINUOUS
10
423.3127759999999853
20
-171.6088989999999797
11
423.2942939999999794
21
-171.6268199999999808
0
LINE
8
BLACK
6
CONTINUOUS
10
423.2942939999999794
20
-171.6268199999999808
11
423.275656999999967
21
-171.6445779999999957
0
LINE
8
BLACK
6
CONTINUOUS
10
423.275656999999967
20
-171.6445779999999957
11
423.2568650000000048
21
-171.6621729999999957
0
LINE
8
BLACK
6
CONTINUOUS
10
423.2568650000000048
20
-171.6621729999999957
11
423.2379199999999742
21
-171.6796039999999834
0
LINE
8
BLACK
6
CONTINUOUS
10
423.2379199999999742
20
-171.6796039999999834
11
423.2188239999999837
21
-171.6968689999999924
0
LINE
8
BLACK
6
CONTINUOUS
10
423.2188239999999837
20
-171.6968689999999924
11
423.1995779999999741
21
-171.7139659999999992
0
LINE
8
BLACK
6
CONTINUOUS
10
423.1995779999999741
20
-171.7139659999999992
11
423.1801829999999995
21
-171.7308950000000038
0
LINE
8
BLACK
6
CONTINUOUS
10
423.1801829999999995
20
-171.7308950000000038
11
423.1606419999999957
21
-171.7476539999999829
0
LINE
8
BLACK
6
CONTINUOUS
10
423.1606419999999957
20
-171.7476539999999829
11
423.1409549999999626
21
-171.7642409999999984
0
LINE
8
BLACK
6
CONTINUOUS
10
423.1409549999999626
20
-171.7642409999999984
11
423.1265109999999936
21
-171.7762259999999799
0
LINE
8
BLACK
6
CONTINUOUS
10
422.8015909999999735
20
-172.0089969999999937
11
422.7796369999999797
21
-172.0224409999999864
0
LINE
8
BLACK
6
CONTINUOUS
10
422.7796369999999797
20
-172.0224409999999864
11
422.7575669999999946
21
-172.0356939999999781
0
LINE
8
BLACK
6
CONTINUOUS
10
422.7575669999999946
20
-172.0356939999999781
11
422.7353819999999587
21
-172.0487530000000049
0
LINE
8
BLACK
6
CONTINUOUS
10
422.7353819999999587
20
-172.0487530000000049
11
422.7130829999999833
21
-172.0616179999999815
0
LINE
8
BLACK
6
CONTINUOUS
10
422.7130829999999833
20
-172.0616179999999815
11
422.6906740000000013
21
-172.0742879999999957
0
LINE
8
BLACK
6
CONTINUOUS
10
422.6906740000000013
20
-172.0742879999999957
11
422.6681539999999586
21
-172.0867619999999931
0
LINE
8
BLACK
6
CONTINUOUS
10
422.6681539999999586
20
-172.0867619999999931
11
422.6455269999999587
21
-172.0990390000000048
0
LINE
8
BLACK
6
CONTINUOUS
10
422.6455269999999587
20
-172.0990390000000048
11
422.6227930000000015
21
-172.1111180000000047
0
LINE
8
BLACK
6
CONTINUOUS
10
422.6227930000000015
20
-172.1111180000000047
11
422.5999549999999658
21
-172.122998999999993
0
LINE
8
BLACK
6
CONTINUOUS
10
422.5999549999999658
20
-172.122998999999993
11
422.5770139999999628
21
-172.1346790000000055
0
LINE
8
BLACK
6
CONTINUOUS
10
422.5770139999999628
20
-172.1346790000000055
11
422.55397099999999
21
-172.1461589999999831
0
LINE
8
BLACK
6
CONTINUOUS
10
422.55397099999999
20
-172.1461589999999831
11
422.5308299999999804
21
-172.1574379999999849
0
LINE
8
BLACK
6
CONTINUOUS
10
422.5308299999999804
20
-172.1574379999999849
11
422.5075909999999908
21
-172.1685139999999876
0
LINE
8
BLACK
6
CONTINUOUS
10
422.5075909999999908
20
-172.1685139999999876
11
422.4842559999999594
21
-172.1793859999999938
0
LINE
8
BLACK
6
CONTINUOUS
10
422.4842559999999594
20
-172.1793859999999938
11
422.4608269999999948
21
-172.190055000000001
0
LINE
8
BLACK
6
CONTINUOUS
10
422.4608269999999948
20
-172.190055000000001
11
422.4373069999999757
21
-172.2005189999999857
0
LINE
8
BLACK
6
CONTINUOUS
10
422.4373069999999757
20
-172.2005189999999857
11
422.4136949999999615
21
-172.2107769999999789
0
LINE
8
BLACK
6
CONTINUOUS
10
422.4136949999999615
20
-172.2107769999999789
11
422.389994999999999
21
-172.2208289999999806
0
LINE
8
BLACK
6
CONTINUOUS
10
422.389994999999999
20
-172.2208289999999806
11
422.3662079999999719
21
-172.2306739999999934
0
LINE
8
BLACK
6
CONTINUOUS
10
422.3662079999999719
20
-172.2306739999999934
11
422.3423359999999889
21
-172.2403099999999938
0
LINE
8
BLACK
6
CONTINUOUS
10
422.3423359999999889
20
-172.2403099999999938
11
422.318380999999988
21
-172.2497379999999794
0
LINE
8
BLACK
6
CONTINUOUS
10
422.318380999999988
20
-172.2497379999999794
11
422.2943449999999643
21
-172.258956999999981
0
LINE
8
BLACK
6
CONTINUOUS
10
422.2943449999999643
20
-172.258956999999981
11
422.2702289999999721
21
-172.2679650000000038
0
LINE
8
BLACK
6
CONTINUOUS
10
422.2702289999999721
20
-172.2679650000000038
11
422.2460360000000037
21
-172.2767629999999883
0
LINE
8
BLACK
6
CONTINUOUS
10
422.2460360000000037
20
-172.2767629999999883
11
422.2217660000000024
21
-172.2853489999999965
0
LINE
8
BLACK
6
CONTINUOUS
10
422.2217660000000024
20
-172.2853489999999965
11
422.1974229999999579
21
-172.293723
0
LINE
8
BLACK
6
CONTINUOUS
10
422.1974229999999579
20
-172.293723
11
422.1730069999999841
21
-172.3018849999999986
0
LINE
8
BLACK
6
CONTINUOUS
10
422.1730069999999841
20
-172.3018849999999986
11
422.1485209999999597
21
-172.3098329999999976
0
LINE
8
BLACK
6
CONTINUOUS
10
422.1485209999999597
20
-172.3098329999999976
11
422.1239669999999933
21
-172.3175669999999968
0
LINE
8
BLACK
6
CONTINUOUS
10
422.1239669999999933
20
-172.3175669999999968
11
422.0993459999999686
21
-172.3250859999999989
0
LINE
8
BLACK
6
CONTINUOUS
10
422.0993459999999686
20
-172.3250859999999989
11
422.0746599999999944
21
-172.3323900000000037
0
LINE
8
BLACK
6
CONTINUOUS
10
422.0746599999999944
20
-172.3323900000000037
11
422.0499120000000062
21
-172.339478999999983
0
LINE
8
BLACK
6
CONTINUOUS
10
422.0499120000000062
20
-172.339478999999983
11
422.0251030000000014
21
-172.3463509999999985
0
LINE
8
BLACK
6
CONTINUOUS
10
422.0251030000000014
20
-172.3463509999999985
11
422.0002349999999751
21
-172.353006999999991
0
LINE
8
BLACK
6
CONTINUOUS
10
422.0002349999999751
20
-172.353006999999991
11
421.9753089999999816
21
-172.3594449999999938
0
LINE
8
BLACK
6
CONTINUOUS
10
421.9753089999999816
20
-172.3594449999999938
11
421.9503279999999563
21
-172.3656660000000045
0
LINE
8
BLACK
6
CONTINUOUS
10
421.9503279999999563
20
-172.3656660000000045
11
421.9252940000000081
21
-172.3716679999999997
0
LINE
8
BLACK
6
CONTINUOUS
10
421.9252940000000081
20
-172.3716679999999997
11
421.9002089999999612
21
-172.3774520000000052
0
LINE
8
BLACK
6
CONTINUOUS
10
421.9002089999999612
20
-172.3774520000000052
11
421.8750739999999837
21
-172.3830159999999978
0
LINE
8
BLACK
6
CONTINUOUS
10
421.8750739999999837
20
-172.3830159999999978
11
421.8498919999999544
21
-172.3883610000000033
0
LINE
8
BLACK
6
CONTINUOUS
10
421.8498919999999544
20
-172.3883610000000033
11
421.8246629999999868
21
-172.3934859999999958
0
LINE
8
BLACK
6
CONTINUOUS
10
421.8246629999999868
20
-172.3934859999999958
11
421.7993909999999573
21
-172.3983910000000037
0
LINE
8
BLACK
6
CONTINUOUS
10
421.7993909999999573
20
-172.3983910000000037
11
421.7809399999999869
21
-172.4018269999999973
0
LINE
8
BLACK
6
CONTINUOUS
10
421.3838030000000003
20
-172.4469639999999799
11
421.3580809999999701
21
-172.448018999999988
0
LINE
8
BLACK
6
CONTINUOUS
10
421.3580809999999701
20
-172.448018999999988
11
421.3323509999999601
21
-172.4488499999999931
0
LINE
8
BLACK
6
CONTINUOUS
10
421.3323509999999601
20
-172.4488499999999931
11
421.3066149999999652
21
-172.4494569999999953
0
LINE
8
BLACK
6
CONTINUOUS
10
421.3066149999999652
20
-172.4494569999999953
11
421.280873999999983
21
-172.4498379999999997
0
LINE
8
BLACK
6
CONTINUOUS
10
421.280873999999983
20
-172.4498379999999997
11
421.2551310000000058
21
-172.4499959999999987
0
LINE
8
BLACK
6
CONTINUOUS
10
421.2551310000000058
20
-172.4499959999999987
11
421.2293879999999717
21
-172.4499279999999999
0
LINE
8
BLACK
6
CONTINUOUS
10
421.2293879999999717
20
-172.4499279999999999
11
421.203645999999992
21
-172.4496359999999981
0
LINE
8
BLACK
6
CONTINUOUS
10
421.203645999999992
20
-172.4496359999999981
11
421.1779070000000047
21
-172.449118999999996
0
LINE
8
BLACK
6
CONTINUOUS
10
421.1779070000000047
20
-172.449118999999996
11
421.1521749999999997
21
-172.4483779999999911
0
LINE
8
BLACK
6
CONTINUOUS
10
421.1521749999999997
20
-172.4483779999999911
11
421.1264489999999796
21
-172.4474119999999857
0
LINE
8
BLACK
6
CONTINUOUS
10
421.1264489999999796
20
-172.4474119999999857
11
421.1007329999999911
21
-172.44622099999998
0
LINE
8
BLACK
6
CONTINUOUS
10
421.1007329999999911
20
-172.44622099999998
11
421.0750289999999723
21
-172.4448059999999998
0
LINE
8
BLACK
6
CONTINUOUS
10
421.0750289999999723
20
-172.4448059999999998
11
421.04933699999998
21
-172.4431669999999883
0
LINE
8
BLACK
6
CONTINUOUS
10
421.04933699999998
20
-172.4431669999999883
11
421.0236610000000042
21
-172.4413040000000024
0
LINE
8
BLACK
6
CONTINUOUS
10
421.0236610000000042
20
-172.4413040000000024
11
420.9980029999999829
21
-172.4392169999999851
0
LINE
8
BLACK
6
CONTINUOUS
10
420.9980029999999829
20
-172.4392169999999851
11
420.972362999999973
21
-172.4369059999999934
0
LINE
8
BLACK
6
CONTINUOUS
10
420.972362999999973
20
-172.4369059999999934
11
420.9467449999999644
21
-172.4343719999999962
0
LINE
8
BLACK
6
CONTINUOUS
10
420.9467449999999644
20
-172.4343719999999962
11
420.9211489999999571
21
-172.4316129999999987
0
LINE
8
BLACK
6
CONTINUOUS
10
420.9211489999999571
20
-172.4316129999999987
11
420.8955789999999979
21
-172.4286319999999932
0
LINE
8
BLACK
6
CONTINUOUS
10
420.8955789999999979
20
-172.4286319999999932
11
420.8700359999999705
21
-172.4254279999999824
0
LINE
8
BLACK
6
CONTINUOUS
10
420.8700359999999705
20
-172.4254279999999824
11
420.8445209999999861
21
-172.421999999999997
0
LINE
8
BLACK
6
CONTINUOUS
10
420.8445209999999861
20
-172.421999999999997
11
420.8190379999999777
21
-172.4183510000000012
0
LINE
8
BLACK
6
CONTINUOUS
10
420.8190379999999777
20
-172.4183510000000012
11
420.7935870000000023
21
-172.414479
0
LINE
8
BLACK
6
CONTINUOUS
10
420.7935870000000023
20
-172.414479
11
420.7681709999999953
21
-172.4103849999999909
0
LINE
8
BLACK
6
CONTINUOUS
10
420.7681709999999953
20
-172.4103849999999909
11
420.7427920000000086
21
-172.4060690000000022
0
LINE
8
BLACK
6
CONTINUOUS
10
420.7427920000000086
20
-172.4060690000000022
11
420.7174509999999827
21
-172.4015330000000006
0
LINE
8
BLACK
6
CONTINUOUS
10
420.7174509999999827
20
-172.4015330000000006
11
420.6921509999999671
21
-172.396774999999991
0
LINE
8
BLACK
6
CONTINUOUS
10
420.6921509999999671
20
-172.396774999999991
11
420.6668939999999566
21
-172.3917959999999994
0
LINE
8
BLACK
6
CONTINUOUS
10
420.6668939999999566
20
-172.3917959999999994
11
420.641680000000008
21
-172.3865979999999922
0
LINE
8
BLACK
6
CONTINUOUS
10
420.641680000000008
20
-172.3865979999999922
11
420.6165139999999951
21
-172.381179000000003
0
LINE
8
BLACK
6
CONTINUOUS
10
420.6165139999999951
20
-172.381179000000003
11
420.5913949999999772
21
-172.3755419999999958
0
LINE
8
BLACK
6
CONTINUOUS
10
420.5913949999999772
20
-172.3755419999999958
11
420.5663270000000011
21
-172.369685000000004
0
LINE
8
BLACK
6
CONTINUOUS
10
420.5663270000000011
20
-172.369685000000004
11
420.5413099999999531
21
-172.3636089999999967
0
LINE
8
BLACK
6
CONTINUOUS
10
420.5413099999999531
20
-172.3636089999999967
11
420.5163479999999936
21
-172.3573159999999973
0
LINE
8
BLACK
6
CONTINUOUS
10
420.5163479999999936
20
-172.3573159999999973
11
420.4914410000000089
21
-172.3508049999999798
0
LINE
8
BLACK
6
CONTINUOUS
10
420.4914410000000089
20
-172.3508049999999798
11
420.4665919999999915
21
-172.3440769999999986
0
LINE
8
BLACK
6
CONTINUOUS
10
420.4665919999999915
20
-172.3440769999999986
11
420.4418029999999931
21
-172.3371319999999969
0
LINE
8
BLACK
6
CONTINUOUS
10
420.4418029999999931
20
-172.3371319999999969
11
420.4170760000000087
21
-172.3299710000000005
0
LINE
8
BLACK
6
CONTINUOUS
10
420.4170760000000087
20
-172.3299710000000005
11
420.3924119999999789
21
-172.3225949999999784
0
LINE
8
BLACK
6
CONTINUOUS
10
420.3924119999999789
20
-172.3225949999999784
11
420.3678129999999555
21
-172.3150039999999876
0
LINE
8
BLACK
6
CONTINUOUS
10
420.3678129999999555
20
-172.3150039999999876
11
420.3432809999999904
21
-172.3071979999999996
0
LINE
8
BLACK
6
CONTINUOUS
10
420.3432809999999904
20
-172.3071979999999996
11
420.3188189999999622
21
-172.299178999999981
0
LINE
8
BLACK
6
CONTINUOUS
10
420.3188189999999622
20
-172.299178999999981
11
420.3010289999999713
21
-172.2931979999999896
0
LINE
8
BLACK
6
CONTINUOUS
10
419.9321599999999535
20
-172.1392799999999852
11
419.9091779999999972
21
-172.1276790000000005
0
LINE
8
BLACK
6
CONTINUOUS
10
419.9091779999999972
20
-172.1276790000000005
11
419.8862990000000082
21
-172.1158779999999808
0
LINE
8
BLACK
6
CONTINUOUS
10
419.8862990000000082
20
-172.1158779999999808
11
419.8635229999999865
21
-172.1038779999999804
0
LINE
8
BLACK
6
CONTINUOUS
10
419.8635229999999865
20
-172.1038779999999804
11
419.8408529999999814
21
-172.0916799999999967
0
LINE
8
BLACK
6
CONTINUOUS
10
419.8408529999999814
20
-172.0916799999999967
11
419.8182899999999904
21
-172.0792840000000012
0
LINE
8
BLACK
6
CONTINUOUS
10
419.8182899999999904
20
-172.0792840000000012
11
419.7958370000000059
21
-172.0666919999999891
0
LINE
8
BLACK
6
CONTINUOUS
10
419.7958370000000059
20
-172.0666919999999891
11
419.773493999999971
21
-172.0539049999999861
0
LINE
8
BLACK
6
CONTINUOUS
10
419.773493999999971
20
-172.0539049999999861
11
419.7512629999999945
21
-172.0409229999999923
0
LINE
8
BLACK
6
CONTINUOUS
10
419.7512629999999945
20
-172.0409229999999923
11
419.7291469999999549
21
-172.0277470000000051
0
LINE
8
BLACK
6
CONTINUOUS
10
419.7291469999999549
20
-172.0277470000000051
11
419.7071459999999661
21
-172.014378999999991
0
LINE
8
BLACK
6
CONTINUOUS
10
419.7071459999999661
20
-172.014378999999991
11
419.6852629999999635
21
-172.0008200000000045
0
LINE
8
BLACK
6
CONTINUOUS
10
419.6852629999999635
20
-172.0008200000000045
11
419.6634990000000016
21
-171.9870699999999886
0
LINE
8
BLACK
6
CONTINUOUS
10
419.6634990000000016
20
-171.9870699999999886
11
419.6418559999999616
21
-171.9731299999999976
0
LINE
8
BLACK
6
CONTINUOUS
10
419.6418559999999616
20
-171.9731299999999976
11
419.6203349999999546
21
-171.9590029999999956
0
LINE
8
BLACK
6
CONTINUOUS
10
419.6203349999999546
20
-171.9590029999999956
11
419.598938999999973
21
-171.9446879999999851
0
LINE
8
BLACK
6
CONTINUOUS
10
419.598938999999973
20
-171.9446879999999851
11
419.5776679999999601
21
-171.930185999999992
0
LINE
8
BLACK
6
CONTINUOUS
10
419.5776679999999601
20
-171.930185999999992
11
419.5565249999999651
21
-171.9154999999999802
0
LINE
8
BLACK
6
CONTINUOUS
10
419.5565249999999651
20
-171.9154999999999802
11
419.5355099999999879
21
-171.9006299999999783
0
LINE
8
BLACK
6
CONTINUOUS
10
419.5355099999999879
20
-171.9006299999999783
11
419.5146259999999643
21
-171.8855769999999836
0
LINE
8
BLACK
6
CONTINUOUS
10
419.5146259999999643
20
-171.8855769999999836
11
419.4938750000000027
21
-171.8703429999999912
0
LINE
8
BLACK
6
CONTINUOUS
10
419.4938750000000027
20
-171.8703429999999912
11
419.4732569999999896
21
-171.8549270000000035
0
LINE
8
BLACK
6
CONTINUOUS
10
419.4732569999999896
20
-171.8549270000000035
11
419.4527739999999767
21
-171.8393329999999821
0
LINE
8
BLACK
6
CONTINUOUS
10
419.4527739999999767
20
-171.8393329999999821
11
419.432427999999959
21
-171.8235599999999863
0
LINE
8
BLACK
6
CONTINUOUS
10
419.432427999999959
20
-171.8235599999999863
11
419.4122209999999882
21
-171.8076109999999801
0
LINE
8
BLACK
6
CONTINUOUS
10
419.4122209999999882
20
-171.8076109999999801
11
419.3921530000000075
21
-171.7914849999999944
0
LINE
8
BLACK
6
CONTINUOUS
10
419.3921530000000075
20
-171.7914849999999944
11
419.3722270000000094
21
-171.7751859999999908
0
LINE
8
BLACK
6
CONTINUOUS
10
419.3722270000000094
20
-171.7751859999999908
11
419.3524439999999913
21
-171.7587120000000027
0
LINE
8
BLACK
6
CONTINUOUS
10
419.3524439999999913
20
-171.7587120000000027
11
419.332806000000005
21
-171.7420669999999916
0
LINE
8
BLACK
6
CONTINUOUS
10
419.332806000000005
20
-171.7420669999999916
11
419.3133129999999937
21
-171.7252519999999834
0
LINE
8
BLACK
6
CONTINUOUS
10
419.3133129999999937
20
-171.7252519999999834
11
419.2939680000000067
21
-171.7082659999999805
0
LINE
8
BLACK
6
CONTINUOUS
10
419.2939680000000067
20
-171.7082659999999805
11
419.2747719999999845
21
-171.6911130000000014
0
LINE
8
BLACK
6
CONTINUOUS
10
419.2747719999999845
20
-171.6911130000000014
11
419.2557269999999789
21
-171.6737919999999917
0
LINE
8
BLACK
6
CONTINUOUS
10
419.2557269999999789
20
-171.6737919999999917
11
419.2368329999999901
21
-171.6563069999999982
0
LINE
8
BLACK
6
CONTINUOUS
10
419.2368329999999901
20
-171.6563069999999982
11
419.218091999999956
21
-171.6386559999999974
0
LINE
8
BLACK
6
CONTINUOUS
10
419.218091999999956
20
-171.6386559999999974
11
419.1995069999999828
21
-171.6208440000000053
0
LINE
8
BLACK
6
CONTINUOUS
10
419.1995069999999828
20
-171.6208440000000053
11
419.1810769999999593
21
-171.6028689999999983
0
LINE
8
BLACK
6
CONTINUOUS
10
419.1810769999999593
20
-171.6028689999999983
11
419.1628049999999917
21
-171.5847339999999974
0
LINE
8
BLACK
6
CONTINUOUS
10
419.1628049999999917
20
-171.5847339999999974
11
419.1446919999999636
21
-171.5664409999999975
0
LINE
8
BLACK
6
CONTINUOUS
10
419.1446919999999636
20
-171.5664409999999975
11
419.1267389999999864
21
-171.5479899999999986
0
LINE
8
BLACK
6
CONTINUOUS
10
419.1267389999999864
20
-171.5479899999999986
11
419.108947999999998
21
-171.5293839999999932
0
LINE
8
BLACK
6
CONTINUOUS
10
419.108947999999998
20
-171.5293839999999932
11
419.0913199999999961
21
-171.5106219999999837
0
LINE
8
BLACK
6
CONTINUOUS
10
419.0913199999999961
20
-171.5106219999999837
11
419.0738569999999754
21
-171.4917079999999885
0
LINE
8
BLACK
6
CONTINUOUS
10
419.0738569999999754
20
-171.4917079999999885
11
419.0612289999999689
21
-171.4778230000000008
0
LINE
8
BLACK
6
CONTINUOUS
10
418.8139610000000062
20
-171.1637949999999933
11
418.7995349999999917
21
-171.1424739999999929
0
LINE
8
BLACK
6
CONTINUOUS
10
418.7995349999999917
20
-171.1424739999999929
11
418.7852949999999623
21
-171.121026999999998
0
LINE
8
BLACK
6
CONTINUOUS
10
418.7852949999999623
20
-171.121026999999998
11
418.7712429999999699
21
-171.099457000000001
0
LINE
8
BLACK
6
CONTINUOUS
10
418.7712429999999699
20
-171.099457000000001
11
418.7573789999999576
21
-171.0777649999999994
0
LINE
8
BLACK
6
CONTINUOUS
10
418.7573789999999576
20
-171.0777649999999994
11
418.7437059999999747
21
-171.0559529999999882
0
LINE
8
BLACK
6
CONTINUOUS
10
418.7437059999999747
20
-171.0559529999999882
11
418.7302229999999668
21
-171.0340229999999906
0
LINE
8
BLACK
6
CONTINUOUS
10
418.7302229999999668
20
-171.0340229999999906
11
418.7169319999999857
21
-171.0119749999999783
0
LINE
8
BLACK
6
CONTINUOUS
10
418.7169319999999857
20
-171.0119749999999783
11
418.7038349999999696
21
-170.9898129999999981
0
LINE
8
BLACK
6
CONTINUOUS
10
418.7038349999999696
20
-170.9898129999999981
11
418.6909309999999778
21
-170.967536999999993
0
LINE
8
BLACK
6
CONTINUOUS
10
418.6909309999999778
20
-170.967536999999993
11
418.6782220000000052
21
-170.9451489999999865
0
LINE
8
BLACK
6
CONTINUOUS
10
418.6782220000000052
20
-170.9451489999999865
11
418.6657079999999951
21
-170.9226510000000019
0
LINE
8
BLACK
6
CONTINUOUS
10
418.6657079999999951
20
-170.9226510000000019
11
418.6533919999999966
21
-170.9000450000000058
0
LINE
8
BLACK
6
CONTINUOUS
10
418.6533919999999966
20
-170.9000450000000058
11
418.6412729999999556
21
-170.877332999999993
0
LINE
8
BLACK
6
CONTINUOUS
10
418.6412729999999556
20
-170.877332999999993
11
418.6293529999999805
21
-170.8545149999999921
0
LINE
8
BLACK
6
CONTINUOUS
10
418.6293529999999805
20
-170.8545149999999921
11
418.6176329999999552
21
-170.8315939999999955
0
LINE
8
BLACK
6
CONTINUOUS
10
418.6176329999999552
20
-170.8315939999999955
11
418.6061129999999935
21
-170.8085719999999981
0
LINE
8
BLACK
6
CONTINUOUS
10
418.6061129999999935
20
-170.8085719999999981
11
418.594793999999979
21
-170.7854499999999973
0
LINE
8
BLACK
6
CONTINUOUS
10
418.594793999999979
20
-170.7854499999999973
11
418.5836779999999635
21
-170.7622309999999857
0
LINE
8
BLACK
6
CONTINUOUS
10
418.5836779999999635
20
-170.7622309999999857
11
418.5727640000000065
21
-170.7389149999999916
0
LINE
8
BLACK
6
CONTINUOUS
10
418.5727640000000065
20
-170.7389149999999916
11
418.5620549999999866
21
-170.715504999999979
0
LINE
8
BLACK
6
CONTINUOUS
10
418.5620549999999866
20
-170.715504999999979
11
418.5515499999999633
21
-170.6920020000000022
0
LINE
8
BLACK
6
CONTINUOUS
10
418.5515499999999633
20
-170.6920020000000022
11
418.5412509999999884
21
-170.6684079999999994
0
LINE
8
BLACK
6
CONTINUOUS
10
418.5412509999999884
20
-170.6684079999999994
11
418.5311580000000049
21
-170.6447259999999915
0
LINE
8
BLACK
6
CONTINUOUS
10
418.5311580000000049
20
-170.6447259999999915
11
418.5212719999999536
21
-170.6209559999999783
0
LINE
8
BLACK
6
CONTINUOUS
10
418.5212719999999536
20
-170.6209559999999783
11
418.5115940000000023
21
-170.5971009999999808
0
LINE
8
BLACK
6
CONTINUOUS
10
418.5115940000000023
20
-170.5971009999999808
11
418.5021239999999807
21
-170.5731629999999939
0
LINE
8
BLACK
6
CONTINUOUS
10
418.5021239999999807
20
-170.5731629999999939
11
418.4928639999999973
21
-170.5491419999999891
0
LINE
8
BLACK
6
CONTINUOUS
10
418.4928639999999973
20
-170.5491419999999891
11
418.4838129999999978
21
-170.5250419999999849
0
LINE
8
BLACK
6
CONTINUOUS
10
418.4838129999999978
20
-170.5250419999999849
11
418.4749739999999747
21
-170.5008639999999787
0
LINE
8
BLACK
6
CONTINUOUS
10
418.4749739999999747
20
-170.5008639999999787
11
418.4663449999999898
21
-170.4766089999999963
0
LINE
8
BLACK
6
CONTINUOUS
10
418.4663449999999898
20
-170.4766089999999963
11
418.4579289999999787
21
-170.4522809999999993
0
LINE
8
BLACK
6
CONTINUOUS
10
418.4579289999999787
20
-170.4522809999999993
11
418.4497250000000008
21
-170.4278789999999901
0
LINE
8
BLACK
6
CONTINUOUS
10
418.4497250000000008
20
-170.4278789999999901
11
418.4417339999999967
21
-170.4034069999999872
0
LINE
8
BLACK
6
CONTINUOUS
10
418.4417339999999967
20
-170.4034069999999872
11
418.4339579999999614
21
-170.3788659999999879
0
LINE
8
BLACK
6
CONTINUOUS
10
418.4339579999999614
20
-170.3788659999999879
11
418.4263959999999543
21
-170.3542589999999848
0
LINE
8
BLACK
6
CONTINUOUS
10
418.4263959999999543
20
-170.3542589999999848
11
418.4190479999999752
21
-170.3295860000000062
0
LINE
8
BLACK
6
CONTINUOUS
10
418.4190479999999752
20
-170.3295860000000062
11
418.4119169999999599
21
-170.3048499999999876
0
LINE
8
BLACK
6
CONTINUOUS
10
418.4119169999999599
20
-170.3048499999999876
11
418.4050009999999702
21
-170.280052999999981
0
LINE
8
BLACK
6
CONTINUOUS
10
418.4050009999999702
20
-170.280052999999981
11
418.398302000000001
21
-170.2551959999999838
0
LINE
8
BLACK
6
CONTINUOUS
10
418.398302000000001
20
-170.2551959999999838
11
418.3918209999999931
21
-170.2302819999999883
0
LINE
8
BLACK
6
CONTINUOUS
10
418.3918209999999931
20
-170.2302819999999883
11
418.3855570000000057
21
-170.2053119999999922
0
LINE
8
BLACK
6
CONTINUOUS
10
418.3855570000000057
20
-170.2053119999999922
11
418.3795109999999795
21
-170.1802879999999902
0
LINE
8
BLACK
6
CONTINUOUS
10
418.3795109999999795
20
-170.1802879999999902
11
418.37524099999996
21
-170.1620120000000043
0
LINE
8
BLACK
6
CONTINUOUS
10
418.3121380000000045
20
-169.7673309999999844
11
418.3099169999999845
21
-169.7416839999999922
0
LINE
8
BLACK
6
CONTINUOUS
10
418.3099169999999845
20
-169.7416839999999922
11
418.3079199999999673
21
-169.7160179999999912
0
LINE
8
BLACK
6
CONTINUOUS
10
418.3079199999999673
20
-169.7160179999999912
11
418.3061469999999531
21
-169.6903350000000046
0
LINE
8
BLACK
6
CONTINUOUS
10
418.3061469999999531
20
-169.6903350000000046
11
418.3045979999999986
21
-169.6646379999999965
0
LINE
8
BLACK
6
CONTINUOUS
10
418.3045979999999986
20
-169.6646379999999965
11
418.3032729999999901
21
-169.6389289999999903
0
LINE
8
BLACK
6
CONTINUOUS
10
418.3032729999999901
20
-169.6389289999999903
11
418.302172999999982
21
-169.6132089999999835
0
LINE
8
BLACK
6
CONTINUOUS
10
418.302172999999982
20
-169.6132089999999835
11
418.3012969999999768
21
-169.5874799999999993
0
LINE
8
BLACK
6
CONTINUOUS
10
418.3012969999999768
20
-169.5874799999999993
11
418.300645999999972
21
-169.5617450000000019
0
LINE
8
BLACK
6
CONTINUOUS
10
418.300645999999972
20
-169.5617450000000019
11
418.3002199999999675
21
-169.5360049999999887
0
LINE
8
BLACK
6
CONTINUOUS
10
418.3002199999999675
20
-169.5360049999999887
11
418.3000179999999659
21
-169.5102619999999831
0
LINE
8
BLACK
6
CONTINUOUS
10
418.3000179999999659
20
-169.5102619999999831
11
418.3000409999999647
21
-169.4845190000000059
0
LINE
8
BLACK
6
CONTINUOUS
10
418.3000409999999647
20
-169.4845190000000059
11
418.3002879999999664
21
-169.4587760000000003
0
LINE
8
BLACK
6
CONTINUOUS
10
418.3002879999999664
20
-169.4587760000000003
11
418.3007599999999684
21
-169.4330369999999846
0
LINE
8
BLACK
6
CONTINUOUS
10
418.3007599999999684
20
-169.4330369999999846
11
418.3014569999999708
21
-169.4073029999999846
0
LINE
8
BLACK
6
CONTINUOUS
10
418.3014569999999708
20
-169.4073029999999846
11
418.3023779999999761
21
-169.3815759999999955
0
LINE
8
BLACK
6
CONTINUOUS
10
418.3023779999999761
20
-169.3815759999999955
11
418.3035239999999817
21
-169.3558579999999836
0
LINE
8
BLACK
6
CONTINUOUS
10
418.3035239999999817
20
-169.3558579999999836
11
418.3048939999999902
21
-169.3301510000000007
0
LINE
8
BLACK
6
CONTINUOUS
10
418.3048939999999902
20
-169.3301510000000007
11
418.3064880000000016
21
-169.3044569999999851
0
LINE
8
BLACK
6
CONTINUOUS
10
418.3064880000000016
20
-169.3044569999999851
11
418.3083059999999591
21
-169.2787779999999884
0
LINE
8
BLACK
6
CONTINUOUS
10
418.3083059999999591
20
-169.2787779999999884
11
418.3103489999999738
21
-169.2531149999999798
0
LINE
8
BLACK
6
CONTINUOUS
10
418.3103489999999738
20
-169.2531149999999798
11
418.3126149999999939
21
-169.2274720000000059
0
LINE
8
BLACK
6
CONTINUOUS
10
418.3126149999999939
20
-169.2274720000000059
11
418.31510499999996
21
-169.2018489999999815
0
LINE
8
BLACK
6
CONTINUOUS
10
418.31510499999996
20
-169.2018489999999815
11
418.3178189999999859
21
-169.1762489999999843
0
LINE
8
BLACK
6
CONTINUOUS
10
418.3178189999999859
20
-169.1762489999999843
11
418.3207559999999603
21
-169.1506729999999834
0
LINE
8
BLACK
6
CONTINUOUS
10
418.3207559999999603
20
-169.1506729999999834
11
418.323915999999997
21
-169.125124999999997
0
LINE
8
BLACK
6
CONTINUOUS
10
418.323915999999997
20
-169.125124999999997
11
418.3272989999999822
21
-169.0996039999999994
0
LINE
8
BLACK
6
CONTINUOUS
10
418.3272989999999822
20
-169.0996039999999994
11
418.3309039999999754
21
-169.0741139999999803
0
LINE
8
BLACK
6
CONTINUOUS
10
418.3309039999999754
20
-169.0741139999999803
11
418.3347319999999741
21
-169.0486569999999915
0
LINE
8
BLACK
6
CONTINUOUS
10
418.3347319999999741
20
-169.0486569999999915
11
418.3387809999999831
21
-169.0232340000000022
0
LINE
8
BLACK
6
CONTINUOUS
10
418.3387809999999831
20
-169.0232340000000022
11
418.3430529999999976
21
-168.9978469999999788
0
LINE
8
BLACK
6
CONTINUOUS
10
418.3430529999999976
20
-168.9978469999999788
11
418.3475449999999682
21
-168.9724989999999991
0
LINE
8
BLACK
6
CONTINUOUS
10
418.3475449999999682
20
-168.9724989999999991
11
418.3522590000000037
21
-168.9471910000000037
0
LINE
8
BLACK
6
CONTINUOUS
10
418.3522590000000037
20
-168.9471910000000037
11
418.3571939999999927
21
-168.92192399999999
0
LINE
8
BLACK
6
CONTINUOUS
10
418.3571939999999927
20
-168.92192399999999
11
418.3623479999999972
21
-168.8967020000000048
0
LINE
8
BLACK
6
CONTINUOUS
10
418.3623479999999972
20
-168.8967020000000048
11
418.3677229999999554
21
-168.8715259999999887
0
LINE
8
BLACK
6
CONTINUOUS
10
418.3677229999999554
20
-168.8715259999999887
11
418.3733169999999859
21
-168.8463979999999935
0
LINE
8
BLACK
6
CONTINUOUS
10
418.3733169999999859
20
-168.8463979999999935
11
418.3791299999999751
21
-168.8213189999999884
0
LINE
8
BLACK
6
CONTINUOUS
10
418.3791299999999751
20
-168.8213189999999884
11
418.3851619999999798
21
-168.796291999999994
0
LINE
8
BLACK
6
CONTINUOUS
10
418.3851619999999798
20
-168.796291999999994
11
418.3914120000000025
21
-168.7713190000000054
0
LINE
8
BLACK
6
CONTINUOUS
10
418.3914120000000025
20
-168.7713190000000054
11
418.3978799999999865
21
-168.7464009999999917
0
LINE
8
BLACK
6
CONTINUOUS
10
418.3978799999999865
20
-168.7464009999999917
11
418.404564999999991
21
-168.721541000000002
0
LINE
8
BLACK
6
CONTINUOUS
10
418.404564999999991
20
-168.721541000000002
11
418.4114659999999617
21
-168.6967389999999796
0
LINE
8
BLACK
6
CONTINUOUS
10
418.4114659999999617
20
-168.6967389999999796
11
418.4166339999999877
21
-168.6786960000000022
0
LINE
8
BLACK
6
CONTINUOUS
10
418.5536629999999718
20
-168.3032259999999951
11
418.5642100000000028
21
-168.2797419999999988
0
LINE
8
BLACK
6
CONTINUOUS
10
418.5642100000000028
20
-168.2797419999999988
11
418.5749609999999734
21
-168.2563509999999951
0
LINE
8
BLACK
6
CONTINUOUS
10
418.5749609999999734
20
-168.2563509999999951
11
418.585915
21
-168.2330539999999814
0
LINE
8
BLACK
6
CONTINUOUS
10
418.585915
20
-168.2330539999999814
11
418.5970729999999662
21
-168.2098539999999787
0
LINE
8
BLACK
6
CONTINUOUS
10
418.5970729999999662
20
-168.2098539999999787
11
418.6084319999999934
21
-168.1867519999999843
0
LINE
8
BLACK
6
CONTINUOUS
10
418.6084319999999934
20
-168.1867519999999843
11
418.6199929999999654
21
-168.1637509999999907
0
LINE
8
BLACK
6
CONTINUOUS
10
418.6199929999999654
20
-168.1637509999999907
11
418.6317540000000008
21
-168.1408509999999978
0
LINE
8
BLACK
6
CONTINUOUS
10
418.6317540000000008
20
-168.1408509999999978
11
418.6437139999999886
21
-168.1180540000000008
0
LINE
8
BLACK
6
CONTINUOUS
10
418.6437139999999886
20
-168.1180540000000008
11
418.6558729999999855
21
-168.0953629999999919
0
LINE
8
BLACK
6
CONTINUOUS
10
418.6558729999999855
20
-168.0953629999999919
11
418.6682289999999966
21
-168.072778999999997
0
LINE
8
BLACK
6
CONTINUOUS
10
418.6682289999999966
20
-168.072778999999997
11
418.6807819999999651
21
-168.0503029999999853
0
LINE
8
BLACK
6
CONTINUOUS
10
418.6807819999999651
20
-168.0503029999999853
11
418.6935310000000072
21
-168.027938000000006
0
LINE
8
BLACK
6
CONTINUOUS
10
418.6935310000000072
20
-168.027938000000006
11
418.7064739999999574
21
-168.0056849999999997
0
LINE
8
BLACK
6
CONTINUOUS
10
418.7064739999999574
20
-168.0056849999999997
11
418.7196109999999862
21
-167.9835459999999898
0
LINE
8
BLACK
6
CONTINUOUS
10
418.7196109999999862
20
-167.9835459999999898
11
418.7329409999999825
21
-167.9615220000000022
0
LINE
8
BLACK
6
CONTINUOUS
10
418.7329409999999825
20
-167.9615220000000022
11
418.7464630000000056
21
-167.9396150000000034
0
LINE
8
BLACK
6
CONTINUOUS
10
418.7464630000000056
20
-167.9396150000000034
11
418.7601750000000038
21
-167.9178279999999859
0
LINE
8
BLACK
6
CONTINUOUS
10
418.7601750000000038
20
-167.9178279999999859
11
418.7740759999999796
21
-167.8961599999999805
0
LINE
8
BLACK
6
CONTINUOUS
10
418.7740759999999796
20
-167.8961599999999805
11
418.7881669999999872
21
-167.8746150000000057
0
LINE
8
BLACK
6
CONTINUOUS
10
418.7881669999999872
20
-167.8746150000000057
11
418.80244399999998
21
-167.853194000000002
0
LINE
8
BLACK
6
CONTINUOUS
10
418.80244399999998
20
-167.853194000000002
11
418.8169079999999553
21
-167.8318979999999954
0
LINE
8
BLACK
6
CONTINUOUS
10
418.8169079999999553
20
-167.8318979999999954
11
418.8315579999999727
21
-167.8107289999999807
0
LINE
8
BLACK
6
CONTINUOUS
10
418.8315579999999727
20
-167.8107289999999807
11
418.8463909999999828
21
-167.789687999999984
0
LINE
8
BLACK
6
CONTINUOUS
10
418.8463909999999828
20
-167.789687999999984
11
418.8614079999999831
21
-167.7687779999999975
0
LINE
8
BLACK
6
CONTINUOUS
10
418.8614079999999831
20
-167.7687779999999975
11
418.8766069999999786
21
-167.7479999999999905
0
LINE
8
BLACK
6
CONTINUOUS
10
418.8766069999999786
20
-167.7479999999999905
11
418.8919859999999744
21
-167.7273549999999886
0
LINE
8
BLACK
6
CONTINUOUS
10
418.8919859999999744
20
-167.7273549999999886
11
418.9075449999999705
21
-167.7068459999999845
0
LINE
8
BLACK
6
CONTINUOUS
10
418.9075449999999705
20
-167.7068459999999845
11
418.923281999999972
21
-167.6864719999999807
0
LINE
8
BLACK
6
CONTINUOUS
10
418.923281999999972
20
-167.6864719999999807
11
418.9391959999999813
21
-167.6662369999999953
0
LINE
8
BLACK
6
CONTINUOUS
10
418.9391959999999813
20
-167.6662369999999953
11
418.9552869999999984
21
-167.6461419999999976
0
LINE
8
BLACK
6
CONTINUOUS
10
418.9552869999999984
20
-167.6461419999999976
11
418.9715519999999742
21
-167.6261869999999874
0
LINE
8
BLACK
6
CONTINUOUS
10
418.9715519999999742
20
-167.6261869999999874
11
418.9879899999999679
21
-167.6063759999999832
0
LINE
8
BLACK
6
CONTINUOUS
10
418.9879899999999679
20
-167.6063759999999832
11
419.0046009999999796
21
-167.5867079999999874
0
LINE
8
BLACK
6
CONTINUOUS
10
419.0046009999999796
20
-167.5867079999999874
11
419.0213829999999575
21
-167.5671869999999899
0
LINE
8
BLACK
6
CONTINUOUS
10
419.0213829999999575
20
-167.5671869999999899
11
419.0383349999999609
21
-167.5478119999999933
0
LINE
8
BLACK
6
CONTINUOUS
10
419.0383349999999609
20
-167.5478119999999933
11
419.0554549999999949
21
-167.52858599999999
0
LINE
8
BLACK
6
CONTINUOUS
10
419.0554549999999949
20
-167.52858599999999
11
419.0727420000000052
21
-167.5095110000000034
0
LINE
8
BLACK
6
CONTINUOUS
10
419.0727420000000052
20
-167.5095110000000034
11
419.0901949999999943
21
-167.490587000000005
0
LINE
8
BLACK
6
CONTINUOUS
10
419.0901949999999943
20
-167.490587000000005
11
419.1078129999999646
21
-167.4718149999999923
0
LINE
8
BLACK
6
CONTINUOUS
10
419.1078129999999646
20
-167.4718149999999923
11
419.1255929999999807
21
-167.4531989999999837
0
LINE
8
BLACK
6
CONTINUOUS
10
419.1255929999999807
20
-167.4531989999999837
11
419.1435349999999858
21
-167.4347379999999816
0
LINE
8
BLACK
6
CONTINUOUS
10
419.1435349999999858
20
-167.4347379999999816
11
419.1616379999999822
21
-167.4164339999999811
0
LINE
8
BLACK
6
CONTINUOUS
10
419.1616379999999822
20
-167.4164339999999811
11
419.1749369999999999
21
-167.4031899999999951
0
LINE
8
BLACK
6
CONTINUOUS
10
419.4774259999999799
20
-167.1419329999999945
11
419.4980709999999817
21
-167.1265539999999987
0
LINE
8
BLACK
6
CONTINUOUS
10
419.4980709999999817
20
-167.1265539999999987
11
419.5188499999999863
21
-167.1113560000000007
0
LINE
8
BLACK
6
CONTINUOUS
10
419.5188499999999863
20
-167.1113560000000007
11
419.5397600000000011
21
-167.0963399999999979
0
LINE
8
BLACK
6
CONTINUOUS
10
419.5397600000000011
20
-167.0963399999999979
11
419.5608009999999695
21
-167.0815069999999878
0
LINE
8
BLACK
6
CONTINUOUS
10
419.5608009999999695
20
-167.0815069999999878
11
419.5819699999999557
21
-167.0668589999999938
0
LINE
8
BLACK
6
CONTINUOUS
10
419.5819699999999557
20
-167.0668589999999938
11
419.6032669999999598
21
-167.05239499999999
0
LINE
8
BLACK
6
CONTINUOUS
10
419.6032669999999598
20
-167.05239499999999
11
419.6246879999999919
21
-167.0381179999999972
0
LINE
8
BLACK
6
CONTINUOUS
10
419.6246879999999919
20
-167.0381179999999972
11
419.6462339999999926
21
-167.0240289999999845
0
LINE
8
BLACK
6
CONTINUOUS
10
419.6462339999999926
20
-167.0240289999999845
11
419.6679019999999696
21
-167.0101269999999829
0
LINE
8
BLACK
6
CONTINUOUS
10
419.6679019999999696
20
-167.0101269999999829
11
419.6896899999999846
21
-166.9964159999999822
0
LINE
8
BLACK
6
CONTINUOUS
10
419.6896899999999846
20
-166.9964159999999822
11
419.7115969999999834
21
-166.982894999999985
0
LINE
8
BLACK
6
CONTINUOUS
10
419.7115969999999834
20
-166.982894999999985
11
419.733620999999971
21
-166.9695659999999862
0
LINE
8
BLACK
6
CONTINUOUS
10
419.733620999999971
20
-166.9695659999999862
11
419.7557610000000068
21
-166.9564299999999832
0
LINE
8
BLACK
6
CONTINUOUS
10
419.7557610000000068
20
-166.9564299999999832
11
419.7780139999999847
21
-166.9434870000000046
0
LINE
8
BLACK
6
CONTINUOUS
10
419.7780139999999847
20
-166.9434870000000046
11
419.8003799999999615
21
-166.9307389999999884
0
LINE
8
BLACK
6
CONTINUOUS
10
419.8003799999999615
20
-166.9307389999999884
11
419.8228560000000016
21
-166.918186999999989
0
LINE
8
BLACK
6
CONTINUOUS
10
419.8228560000000016
20
-166.918186999999989
11
419.8454399999999964
21
-166.9058310000000063
0
LINE
8
BLACK
6
CONTINUOUS
10
419.8454399999999964
20
-166.9058310000000063
11
419.8681320000000028
21
-166.8936729999999784
0
LINE
8
BLACK
6
CONTINUOUS
10
419.8681320000000028
20
-166.8936729999999784
11
419.8909289999999714
21
-166.8817129999999906
0
LINE
8
BLACK
6
CONTINUOUS
10
419.8909289999999714
20
-166.8817129999999906
11
419.9138289999999643
21
-166.8699529999999811
0
LINE
8
BLACK
6
CONTINUOUS
10
419.9138289999999643
20
-166.8699529999999811
11
419.9368309999999838
21
-166.8583930000000066
0
LINE
8
BLACK
6
CONTINUOUS
10
419.9368309999999838
20
-166.8583930000000066
11
419.9599329999999782
21
-166.8470339999999794
0
LINE
8
BLACK
6
CONTINUOUS
10
419.9599329999999782
20
-166.8470339999999794
11
419.9831340000000068
21
-166.8358769999999822
0
LINE
8
BLACK
6
CONTINUOUS
10
419.9831340000000068
20
-166.8358769999999822
11
420.0064299999999662
21
-166.8249229999999841
0
LINE
8
BLACK
6
CONTINUOUS
10
420.0064299999999662
20
-166.8249229999999841
11
420.0298219999999674
21
-166.8141729999999825
0
LINE
8
BLACK
6
CONTINUOUS
10
420.0298219999999674
20
-166.8141729999999825
11
420.0533059999999637
21
-166.8036280000000033
0
LINE
8
BLACK
6
CONTINUOUS
10
420.0533059999999637
20
-166.8036280000000033
11
420.076881999999955
21
-166.7932869999999923
0
LINE
8
BLACK
6
CONTINUOUS
10
420.076881999999955
20
-166.7932869999999923
11
420.1005470000000059
21
-166.7831529999999987
0
LINE
8
BLACK
6
CONTINUOUS
10
420.1005470000000059
20
-166.7831529999999987
11
420.1242990000000077
21
-166.773225999999994
0
LINE
8
BLACK
6
CONTINUOUS
10
420.1242990000000077
20
-166.773225999999994
11
420.1481369999999629
21
-166.7635059999999783
0
LINE
8
BLACK
6
CONTINUOUS
10
420.1481369999999629
20
-166.7635059999999783
11
420.1720589999999902
21
-166.7539950000000033
0
LINE
8
BLACK
6
CONTINUOUS
10
420.1720589999999902
20
-166.7539950000000033
11
420.1960639999999785
21
-166.7446929999999838
0
LINE
8
BLACK
6
CONTINUOUS
10
420.1960639999999785
20
-166.7446929999999838
11
420.2201479999999947
21
-166.7356000000000051
0
LINE
8
BLACK
6
CONTINUOUS
10
420.2201479999999947
20
-166.7356000000000051
11
420.244310999999982
21
-166.7267190000000028
0
LINE
8
BLACK
6
CONTINUOUS
10
420.244310999999982
20
-166.7267190000000028
11
420.2685500000000047
21
-166.7180479999999818
0
LINE
8
BLACK
6
CONTINUOUS
10
420.2685500000000047
20
-166.7180479999999818
11
420.2928640000000087
21
-166.709588999999994
0
LINE
8
BLACK
6
CONTINUOUS
10
420.2928640000000087
20
-166.709588999999994
11
420.3172509999999988
21
-166.7013429999999801
0
LINE
8
BLACK
6
CONTINUOUS
10
420.3172509999999988
20
-166.7013429999999801
11
420.3417099999999778
21
-166.6933099999999968
0
LINE
8
BLACK
6
CONTINUOUS
10
420.3417099999999778
20
-166.6933099999999968
11
420.3662369999999555
21
-166.6854909999999848
0
LINE
8
BLACK
6
CONTINUOUS
10
420.3662369999999555
20
-166.6854909999999848
11
420.3908309999999915
21
-166.6778860000000009
0
LINE
8
BLACK
6
CONTINUOUS
10
420.3908309999999915
20
-166.6778860000000009
11
420.4154909999999745
21
-166.6704959999999858
0
LINE
8
BLACK
6
CONTINUOUS
10
420.4154909999999745
20
-166.6704959999999858
11
420.4402149999999665
21
-166.6633209999999963
0
LINE
8
BLACK
6
CONTINUOUS
10
420.4402149999999665
20
-166.6633209999999963
11
420.4582790000000045
21
-166.6582259999999849
0
LINE
8
BLACK
6
CONTINUOUS
10
420.8496910000000071
20
-166.5772869999999841
11
420.8752119999999763
21
-166.5739049999999963
0
LINE
8
BLACK
6
CONTINUOUS
10
420.8752119999999763
20
-166.5739049999999963
11
420.9007609999999886
21
-166.5707459999999855
0
LINE
8
BLACK
6
CONTINUOUS
10
420.9007609999999886
20
-166.5707459999999855
11
420.9263359999999921
21
-166.5678089999999827
0
LINE
8
BLACK
6
CONTINUOUS
10
420.9263359999999921
20
-166.5678089999999827
11
420.9519359999999892
21
-166.5650969999999802
0
LINE
8
BLACK
6
CONTINUOUS
10
420.9519359999999892
20
-166.5650969999999802
11
420.9775589999999852
21
-166.5626069999999856
0
LINE
8
BLACK
6
CONTINUOUS
10
420.9775589999999852
20
-166.5626069999999856
11
421.003202999999985
21
-166.5603419999999915
0
LINE
8
BLACK
6
CONTINUOUS
10
421.003202999999985
20
-166.5603419999999915
11
421.0288649999999961
21
-166.5583000000000027
0
LINE
8
BLACK
6
CONTINUOUS
10
421.0288649999999961
20
-166.5583000000000027
11
421.0545449999999619
21
-166.5564819999999884
0
LINE
8
BLACK
6
CONTINUOUS
10
421.0545449999999619
20
-166.5564819999999884
11
421.0802390000000059
21
-166.5548890000000029
0
LINE
8
BLACK
6
CONTINUOUS
10
421.0802390000000059
20
-166.5548890000000029
11
421.1059459999999603
21
-166.5535189999999943
0
LINE
8
BLACK
6
CONTINUOUS
10
421.1059459999999603
20
-166.5535189999999943
11
421.1316640000000007
21
-166.5523739999999862
0
LINE
8
BLACK
6
CONTINUOUS
10
421.1316640000000007
20
-166.5523739999999862
11
421.1573909999999614
21
-166.5514539999999784
0
LINE
8
BLACK
6
CONTINUOUS
10
421.1573909999999614
20
-166.5514539999999784
11
421.1831249999999613
21
-166.5507580000000019
0
LINE
8
BLACK
6
CONTINUOUS
10
421.1831249999999613
20
-166.5507580000000019
11
421.2088640000000055
21
-166.5502869999999973
0
LINE
8
BLACK
6
CONTINUOUS
10
421.2088640000000055
20
-166.5502869999999973
11
421.2346069999999827
21
-166.5500399999999956
0
LINE
8
BLACK
6
CONTINUOUS
10
421.2346069999999827
20
-166.5500399999999956
11
421.2603499999999599
21
-166.5500179999999943
0
LINE
8
BLACK
6
CONTINUOUS
10
421.2603499999999599
20
-166.5500179999999943
11
421.2860929999999939
21
-166.5502209999999934
0
LINE
8
BLACK
6
CONTINUOUS
10
421.2860929999999939
20
-166.5502209999999934
11
421.3118329999999787
21
-166.5506479999999954
0
LINE
8
BLACK
6
CONTINUOUS
10
421.3118329999999787
20
-166.5506479999999954
11
421.3375679999999761
21
-166.5512999999999977
0
LINE
8
BLACK
6
CONTINUOUS
10
421.3375679999999761
20
-166.5512999999999977
11
421.3632969999999887
21
-166.5521760000000029
0
LINE
8
BLACK
6
CONTINUOUS
10
421.3632969999999887
20
-166.5521760000000029
11
421.3890169999999671
21
-166.55327699999998
0
LINE
8
BLACK
6
CONTINUOUS
10
421.3890169999999671
20
-166.55327699999998
11
421.4147259999999733
21
-166.554602999999986
0
LINE
8
BLACK
6
CONTINUOUS
10
421.4147259999999733
20
-166.554602999999986
11
421.4404229999999529
21
-166.5561519999999973
0
LINE
8
BLACK
6
CONTINUOUS
10
421.4404229999999529
20
-166.5561519999999973
11
421.4661049999999705
21
-166.5579259999999806
0
LINE
8
BLACK
6
CONTINUOUS
10
421.4661049999999705
20
-166.5579259999999806
11
421.4917709999999715
21
-166.5599239999999952
0
LINE
8
BLACK
6
CONTINUOUS
10
421.4917709999999715
20
-166.5599239999999952
11
421.5174189999999612
21
-166.5621459999999843
0
LINE
8
BLACK
6
CONTINUOUS
10
421.5174189999999612
20
-166.5621459999999843
11
421.5430460000000039
21
-166.5645909999999787
0
LINE
8
BLACK
6
CONTINUOUS
10
421.5430460000000039
20
-166.5645909999999787
11
421.5686509999999885
21
-166.5672600000000045
0
LINE
8
BLACK
6
CONTINUOUS
10
421.5686509999999885
20
-166.5672600000000045
11
421.5942309999999793
21
-166.5701530000000048
0
LINE
8
BLACK
6
CONTINUOUS
10
421.5942309999999793
20
-166.5701530000000048
11
421.6197849999999789
21
-166.5732679999999846
0
LINE
8
BLACK
6
CONTINUOUS
10
421.6197849999999789
20
-166.5732679999999846
11
421.6453119999999899
21
-166.5766069999999957
0
LINE
8
BLACK
6
CONTINUOUS
10
421.6453119999999899
20
-166.5766069999999957
11
421.6708079999999654
21
-166.5801679999999863
0
LINE
8
BLACK
6
CONTINUOUS
10
421.6708079999999654
20
-166.5801679999999863
11
421.6962719999999649
21
-166.5839509999999848
0
LINE
8
BLACK
6
CONTINUOUS
10
421.6962719999999649
20
-166.5839509999999848
11
421.7217019999999934
21
-166.5879559999999913
0
LINE
8
BLACK
6
CONTINUOUS
10
421.7217019999999934
20
-166.5879559999999913
11
421.7470959999999991
21
-166.5921840000000032
0
LINE
8
BLACK
6
CONTINUOUS
10
421.7470959999999991
20
-166.5921840000000032
11
421.772451999999987
21
-166.5966319999999996
0
LINE
8
BLACK
6
CONTINUOUS
10
421.772451999999987
20
-166.5966319999999996
11
421.7977679999999623
21
-166.601302000000004
0
LINE
8
BLACK
6
CONTINUOUS
10
421.7977679999999623
20
-166.601302000000004
11
421.8230429999999842
21
-166.6061929999999904
0
LINE
8
BLACK
6
CONTINUOUS
10
421.8230429999999842
20
-166.6061929999999904
11
421.8482740000000035
21
-166.6113029999999924
0
LINE
8
BLACK
6
CONTINUOUS
10
421.8482740000000035
20
-166.6113029999999924
11
421.8734599999999659
21
-166.6166340000000048
0
LINE
8
BLACK
6
CONTINUOUS
10
421.8734599999999659
20
-166.6166340000000048
11
421.8985979999999927
21
-166.6221850000000018
0
LINE
8
BLACK
6
CONTINUOUS
10
421.8985979999999927
20
-166.6221850000000018
11
421.9236859999999751
21
-166.6279539999999884
0
LINE
8
BLACK
6
CONTINUOUS
10
421.9236859999999751
20
-166.6279539999999884
11
421.9419449999999756
21
-166.6322989999999891
0
LINE
8
BLACK
6
CONTINUOUS
10
422.3232449999999858
20
-166.7521559999999852
11
422.3471829999999727
21
-166.7616259999999784
0
LINE
8
BLACK
6
CONTINUOUS
10
422.3471829999999727
20
-166.7616259999999784
11
422.3710379999999986
21
-166.7713049999999839
0
LINE
8
BLACK
6
CONTINUOUS
10
422.3710379999999986
20
-166.7713049999999839
11
422.3948069999999575
21
-166.7811920000000043
0
LINE
8
BLACK
6
CONTINUOUS
10
422.3948069999999575
20
-166.7811920000000043
11
422.4184889999999655
21
-166.7912859999999853
0
LINE
8
BLACK
6
CONTINUOUS
10
422.4184889999999655
20
-166.7912859999999853
11
422.4420819999999708
21
-166.8015859999999861
0
LINE
8
BLACK
6
CONTINUOUS
10
422.4420819999999708
20
-166.8015859999999861
11
422.4655849999999759
21
-166.812090999999981
0
LINE
8
BLACK
6
CONTINUOUS
10
422.4655849999999759
20
-166.812090999999981
11
422.4889949999999885
21
-166.8228009999999983
0
LINE
8
BLACK
6
CONTINUOUS
10
422.4889949999999885
20
-166.8228009999999983
11
422.5123099999999567
21
-166.8337149999999838
0
LINE
8
BLACK
6
CONTINUOUS
10
422.5123099999999567
20
-166.8337149999999838
11
422.5355289999999968
21
-166.8448329999999942
0
LINE
8
BLACK
6
CONTINUOUS
10
422.5355289999999968
20
-166.8448329999999942
11
422.5586509999999976
21
-166.8561519999999803
0
LINE
8
BLACK
6
CONTINUOUS
10
422.5586509999999976
20
-166.8561519999999803
11
422.5816729999999666
21
-166.8676729999999964
0
LINE
8
BLACK
6
CONTINUOUS
10
422.5816729999999666
20
-166.8676729999999964
11
422.6045929999999657
21
-166.8793939999999907
0
LINE
8
BLACK
6
CONTINUOUS
10
422.6045929999999657
20
-166.8793939999999907
11
422.6274099999999976
21
-166.8913139999999942
0
LINE
8
BLACK
6
CONTINUOUS
10
422.6274099999999976
20
-166.8913139999999942
11
422.6501230000000078
21
-166.9034340000000043
0
LINE
8
BLACK
6
CONTINUOUS
10
422.6501230000000078
20
-166.9034340000000043
11
422.6727280000000064
21
-166.9157510000000002
0
LINE
8
BLACK
6
CONTINUOUS
10
422.6727280000000064
20
-166.9157510000000002
11
422.695225999999991
21
-166.9282649999999819
0
LINE
8
BLACK
6
CONTINUOUS
10
422.695225999999991
20
-166.9282649999999819
11
422.7176129999999716
21
-166.9409739999999829
0
LINE
8
BLACK
6
CONTINUOUS
10
422.7176129999999716
20
-166.9409739999999829
11
422.7398890000000051
21
-166.9538790000000006
0
LINE
8
BLACK
6
CONTINUOUS
10
422.7398890000000051
20
-166.9538790000000006
11
422.7620509999999854
21
-166.9669779999999832
0
LINE
8
BLACK
6
CONTINUOUS
10
422.7620509999999854
20
-166.9669779999999832
11
422.7840979999999718
21
-166.9802689999999927
0
LINE
8
BLACK
6
CONTINUOUS
10
422.7840979999999718
20
-166.9802689999999927
11
422.8060279999999693
21
-166.9937520000000006
0
LINE
8
BLACK
6
CONTINUOUS
10
422.8060279999999693
20
-166.9937520000000006
11
422.8278389999999831
21
-167.0074259999999811
0
LINE
8
BLACK
6
CONTINUOUS
10
422.8278389999999831
20
-167.0074259999999811
11
422.8495309999999563
21
-167.0212899999999934
0
LINE
8
BLACK
6
CONTINUOUS
10
422.8495309999999563
20
-167.0212899999999934
11
422.8710999999999558
21
-167.0353429999999832
0
LINE
8
BLACK
6
CONTINUOUS
10
422.8710999999999558
20
-167.0353429999999832
11
422.8925469999999791
21
-167.0495839999999816
0
LINE
8
BLACK
6
CONTINUOUS
10
422.8925469999999791
20
-167.0495839999999816
11
422.9138679999999795
21
-167.0640109999999936
0
LINE
8
BLACK
6
CONTINUOUS
10
422.9138679999999795
20
-167.0640109999999936
11
422.9350619999999594
21
-167.0786229999999932
0
LINE
8
BLACK
6
CONTINUOUS
10
422.9350619999999594
20
-167.0786229999999932
11
422.9561279999999783
21
-167.0934199999999805
0
LINE
8
BLACK
6
CONTINUOUS
10
422.9561279999999783
20
-167.0934199999999805
11
422.9770639999999844
21
-167.1083999999999889
0
LINE
8
BLACK
6
CONTINUOUS
10
422.9770639999999844
20
-167.1083999999999889
11
422.9978689999999801
21
-167.1235629999999901
0
LINE
8
BLACK
6
CONTINUOUS
10
422.9978689999999801
20
-167.1235629999999901
11
423.0185399999999731
21
-167.1389059999999915
0
LINE
8
BLACK
6
CONTINUOUS
10
423.0185399999999731
20
-167.1389059999999915
11
423.0390769999999634
21
-167.1544289999999933
0
LINE
8
BLACK
6
CONTINUOUS
10
423.0390769999999634
20
-167.1544289999999933
11
423.059477999999956
21
-167.1701309999999978
0
LINE
8
BLACK
6
CONTINUOUS
10
423.059477999999956
20
-167.1701309999999978
11
423.0797409999999559
21
-167.1860099999999818
0
LINE
8
BLACK
6
CONTINUOUS
10
423.0797409999999559
20
-167.1860099999999818
11
423.0998639999999682
21
-167.2020660000000021
0
LINE
8
BLACK
6
CONTINUOUS
10
423.0998639999999682
20
-167.2020660000000021
11
423.1198469999999929
21
-167.2182959999999809
0
LINE
8
BLACK
6
CONTINUOUS
10
423.1198469999999929
20
-167.2182959999999809
11
423.1396869999999808
21
-167.2347000000000037
0
LINE
8
BLACK
6
CONTINUOUS
10
423.1396869999999808
20
-167.2347000000000037
11
423.1593829999999912
21
-167.2512769999999875
0
LINE
8
BLACK
6
CONTINUOUS
10
423.1593829999999912
20
-167.2512769999999875
11
423.1789339999999697
21
-167.2680249999999944
0
LINE
8
BLACK
6
CONTINUOUS
10
423.1789339999999697
20
-167.2680249999999944
11
423.1983379999999784
21
-167.2849429999999984
0
LINE
8
BLACK
6
CONTINUOUS
10
423.1983379999999784
20
-167.2849429999999984
11
423.2175939999999628
21
-167.3020290000000045
0
LINE
8
BLACK
6
CONTINUOUS
10
423.2175939999999628
20
-167.3020290000000045
11
423.2366989999999873
21
-167.3192829999999844
0
LINE
8
BLACK
6
CONTINUOUS
10
423.2366989999999873
20
-167.3192829999999844
11
423.2505329999999617
21
-167.3319669999999917
0
LINE
8
BLACK
6
CONTINUOUS
10
423.5252419999999915
20
-167.6222949999999798
11
423.5415409999999952
21
-167.6422210000000064
0
LINE
8
BLACK
6
CONTINUOUS
10
423.5415409999999952
20
-167.6422210000000064
11
423.5576649999999859
21
-167.662288999999987
0
LINE
8
BLACK
6
CONTINUOUS
10
423.5576649999999859
20
-167.662288999999987
11
423.5736139999999637
21
-167.6824969999999837
0
LINE
8
BLACK
6
CONTINUOUS
10
423.5736139999999637
20
-167.6824969999999837
11
423.5893859999999904
21
-167.7028439999999989
0
LINE
8
BLACK
6
CONTINUOUS
10
423.5893859999999904
20
-167.7028439999999989
11
423.604979999999955
21
-167.7233269999999834
0
LINE
8
BLACK
6
CONTINUOUS
10
423.604979999999955
20
-167.7233269999999834
11
423.6203949999999736
21
-167.7439449999999965
0
LINE
8
BLACK
6
CONTINUOUS
10
423.6203949999999736
20
-167.7439449999999965
11
423.6356289999999944
21
-167.764696999999984
0
LINE
8
BLACK
6
CONTINUOUS
10
423.6356289999999944
20
-167.764696999999984
11
423.6506809999999632
21
-167.7855820000000051
0
LINE
8
BLACK
6
CONTINUOUS
10
423.6506809999999632
20
-167.7855820000000051
11
423.6655509999999936
21
-167.8065969999999822
0
LINE
8
BLACK
6
CONTINUOUS
10
423.6655509999999936
20
-167.8065969999999822
11
423.6802359999999794
21
-167.8277410000000032
0
LINE
8
BLACK
6
CONTINUOUS
10
423.6802359999999794
20
-167.8277410000000032
11
423.6947369999999751
21
-167.8490119999999877
0
LINE
8
BLACK
6
CONTINUOUS
10
423.6947369999999751
20
-167.8490119999999877
11
423.7090509999999881
21
-167.8704089999999951
0
LINE
8
BLACK
6
CONTINUOUS
10
423.7090509999999881
20
-167.8704089999999951
11
423.7231779999999617
21
-167.8919300000000021
0
LINE
8
BLACK
6
CONTINUOUS
10
423.7231779999999617
20
-167.8919300000000021
11
423.7371169999999552
21
-167.9135729999999853
0
LINE
8
BLACK
6
CONTINUOUS
10
423.7371169999999552
20
-167.9135729999999853
11
423.7508659999999736
21
-167.9353380000000016
0
LINE
8
BLACK
6
CONTINUOUS
10
423.7508659999999736
20
-167.9353380000000016
11
423.7644249999999602
21
-167.9572210000000041
0
LINE
8
BLACK
6
CONTINUOUS
10
423.7644249999999602
20
-167.9572210000000041
11
423.7777919999999767
21
-167.9792219999999929
0
LINE
8
BLACK
6
CONTINUOUS
10
423.7777919999999767
20
-167.9792219999999929
11
423.7909669999999664
21
-168.0013390000000015
0
LINE
8
BLACK
6
CONTINUOUS
10
423.7909669999999664
20
-168.0013390000000015
11
423.8039489999999887
21
-168.0235700000000065
0
LINE
8
BLACK
6
CONTINUOUS
10
423.8039489999999887
20
-168.0235700000000065
11
423.8167359999999917
21
-168.0459129999999845
0
LINE
8
BLACK
6
CONTINUOUS
10
423.8167359999999917
20
-168.0459129999999845
11
423.8293269999999779
21
-168.068366999999995
0
LINE
8
BLACK
6
CONTINUOUS
10
423.8293269999999779
20
-168.068366999999995
11
423.8417220000000043
21
-168.090929999999986
0
LINE
8
BLACK
6
CONTINUOUS
10
423.8417220000000043
20
-168.090929999999986
11
423.8539199999999596
21
-168.1136009999999885
0
LINE
8
BLACK
6
CONTINUOUS
10
423.8539199999999596
20
-168.1136009999999885
11
423.8659189999999626
21
-168.1363769999999818
0
LINE
8
BLACK
6
CONTINUOUS
10
423.8659189999999626
20
-168.1363769999999818
11
423.8777189999999564
21
-168.1592569999999967
0
LINE
8
BLACK
6
CONTINUOUS
10
423.8777189999999564
20
-168.1592569999999967
11
423.8893190000000004
21
-168.1822379999999839
0
LINE
8
BLACK
6
CONTINUOUS
10
423.8893190000000004
20
-168.1822379999999839
11
423.9007179999999835
21
-168.2053209999999979
0
LINE
8
BLACK
6
CONTINUOUS
10
423.9007179999999835
20
-168.2053209999999979
11
423.9119149999999649
21
-168.2285019999999918
0
LINE
8
BLACK
6
CONTINUOUS
10
423.9119149999999649
20
-168.2285019999999918
11
423.9229090000000042
21
-168.2517789999999991
0
LINE
8
BLACK
6
CONTINUOUS
10
423.9229090000000042
20
-168.2517789999999991
11
423.9336999999999875
21
-168.2751519999999914
0
LINE
8
BLACK
6
CONTINUOUS
10
423.9336999999999875
20
-168.2751519999999914
11
423.9442869999999743
21
-168.2986180000000047
0
LINE
8
BLACK
6
CONTINUOUS
10
423.9442869999999743
20
-168.2986180000000047
11
423.9546679999999697
21
-168.3221759999999847
0
LINE
8
BLACK
6
CONTINUOUS
10
423.9546679999999697
20
-168.3221759999999847
11
423.9648439999999709
21
-168.3458229999999958
0
LINE
8
BLACK
6
CONTINUOUS
10
423.9648439999999709
20
-168.3458229999999958
11
423.9748119999999858
21
-168.3695579999999836
0
LINE
8
BLACK
6
CONTINUOUS
10
423.9748119999999858
20
-168.3695579999999836
11
423.9845729999999548
21
-168.3933789999999817
0
LINE
8
BLACK
6
CONTINUOUS
10
423.9845729999999548
20
-168.3933789999999817
11
423.9941259999999943
21
-168.4172849999999926
0
LINE
8
BLACK
6
CONTINUOUS
10
423.9941259999999943
20
-168.4172849999999926
11
424.003469999999993
21
-168.4412729999999954
0
LINE
8
BLACK
6
CONTINUOUS
10
424.003469999999993
20
-168.4412729999999954
11
424.0126039999999534
21
-168.4653409999999951
0
LINE
8
BLACK
6
CONTINUOUS
10
424.0126039999999534
20
-168.4653409999999951
11
424.0215279999999893
21
-168.4894889999999918
0
LINE
8
BLACK
6
CONTINUOUS
10
424.0215279999999893
20
-168.4894889999999918
11
424.0302409999999895
21
-168.5137129999999956
0
LINE
8
BLACK
6
CONTINUOUS
10
424.0302409999999895
20
-168.5137129999999956
11
424.0387419999999565
21
-168.5380119999999806
0
LINE
8
BLACK
6
CONTINUOUS
10
424.0387419999999565
20
-168.5380119999999806
11
424.0470300000000066
21
-168.5623850000000061
0
LINE
8
BLACK
6
CONTINUOUS
10
424.0470300000000066
20
-168.5623850000000061
11
424.0529389999999808
21
-168.5801989999999932
0
LINE
8
BLACK
6
CONTINUOUS
10
424.1515489999999886
20
-168.9675379999999905
11
424.1560849999999618
21
-168.9928779999999904
0
LINE
8
BLACK
6
CONTINUOUS
10
424.1560849999999618
20
-168.9928779999999904
11
424.160398999999984
21
-169.018258000000003
0
LINE
8
BLACK
6
CONTINUOUS
10
424.160398999999984
20
-169.018258000000003
11
424.1644919999999956
21
-169.0436739999999816
0
LINE
8
BLACK
6
CONTINUOUS
10
424.1644919999999956
20
-169.0436739999999816
11
424.1683639999999968
21
-169.0691249999999854
0
LINE
8
BLACK
6
CONTINUOUS
10
424.1683639999999968
20
-169.0691249999999854
11
424.1720129999999926
21
-169.0946079999999938
0
LINE
8
BLACK
6
CONTINUOUS
10
424.1720129999999926
20
-169.0946079999999938
11
424.175438999999983
21
-169.1201229999999782
0
LINE
8
BLACK
6
CONTINUOUS
10
424.175438999999983
20
-169.1201229999999782
11
424.1786429999999655
21
-169.1456660000000056
0
LINE
8
BLACK
6
CONTINUOUS
10
424.1786429999999655
20
-169.1456660000000056
11
424.1816230000000019
21
-169.1712369999999908
0
LINE
8
BLACK
6
CONTINUOUS
10
424.1816230000000019
20
-169.1712369999999908
11
424.1843809999999735
21
-169.1968320000000006
0
LINE
8
BLACK
6
CONTINUOUS
10
424.1843809999999735
20
-169.1968320000000006
11
424.1869140000000016
21
-169.2224509999999782
0
LINE
8
BLACK
6
CONTINUOUS
10
424.1869140000000016
20
-169.2224509999999782
11
424.1892249999999649
21
-169.2480899999999906
0
LINE
8
BLACK
6
CONTINUOUS
10
424.1892249999999649
20
-169.2480899999999906
11
424.1913109999999847
21
-169.2737489999999809
0
LINE
8
BLACK
6
CONTINUOUS
10
424.1913109999999847
20
-169.2737489999999809
11
424.1931730000000016
21
-169.2994249999999852
0
LINE
8
BLACK
6
CONTINUOUS
10
424.1931730000000016
20
-169.2994249999999852
11
424.1948119999999562
21
-169.32511599999998
0
LINE
8
BLACK
6
CONTINUOUS
10
424.1948119999999562
20
-169.32511599999998
11
424.1962259999999674
21
-169.3508209999999963
0
LINE
8
BLACK
6
CONTINUOUS
10
424.1962259999999674
20
-169.3508209999999963
11
424.1974149999999781
21
-169.3765369999999848
0
LINE
8
BLACK
6
CONTINUOUS
10
424.1974149999999781
20
-169.3765369999999848
11
424.198379999999986
21
-169.4022630000000049
0
LINE
8
BLACK
6
CONTINUOUS
10
424.198379999999986
20
-169.4022630000000049
11
424.199120999999991
21
-169.4279949999999815
0
LINE
8
BLACK
6
CONTINUOUS
10
424.199120999999991
20
-169.4279949999999815
11
424.1996369999999956
21
-169.4537339999999972
0
LINE
8
BLACK
6
CONTINUOUS
10
424.1996369999999956
20
-169.4537339999999972
11
424.1999289999999974
21
-169.4794760000000053
0
LINE
8
BLACK
6
CONTINUOUS
10
424.1999289999999974
20
-169.4794760000000053
11
424.1999999999999886
21
-169.5
0
LINE
8
BLACK
6
CONTINUOUS
10
543.1000000000000227
20
93.
11
299.5999999999999659
21
93.
0
CIRCLE
8
BLACK
10
603.5
20
-168.5
40
1.6499999999999999
0
CIRCLE
8
BLACK
10
421.25
20
52.5
40
1.6499999999999999
0
LINE
8
BLACK
6
CONTINUOUS
10
294.0642499999999586
20
135.0082390000000032
11
293.6197510000000079
21
135.4527420000000006
0
LINE
8
BLACK
6
CONTINUOUS
10
547.8102509999999938
20
134.1192549999999812
11
548.2547849999999698
21
134.5637580000000071
0
CIRCLE
8
BLACK
10
421.25
20
-169.5
40
1.6499999999999999
0
LINE
8
BLACK
6
CONTINUOUS
10
441.9499999999999886
20
-163.797520999999989
11
441.9499999999999886
21
-162.6975209999999947
0
LINE
8
BLACK
6
CONTINUOUS
10
441.9499999999999886
20
-162.297520999999989
11
441.9499999999999886
21
-161.1975209999999947
0
LINE
8
BLACK
6
CONTINUOUS
10
441.9499999999999886
20
-160.797520999999989
11
441.9499999999999886
21
-160.1024789999999882
0
LINE
8
BLACK
6
CONTINUOUS
10
519.75
20
46.4450420000000008
11
518.7973719999999958
21
45.8950419999999966
0
LINE
8
BLACK
6
CONTINUOUS
10
518.4509620000000041
20
45.6950420000000008
11
517.4983339999999998
21
45.1450419999999966
0
LINE
8
BLACK
6
CONTINUOUS
10
517.1519240000000082
20
44.9450420000000008
11
516.5499999999999545
21
44.5975210000000004
0
LINE
8
BLACK
6
CONTINUOUS
10
184.8334979999999916
20
-171.1340089999999918
11
184.7699979999999869
21
-171.1340089999999918
0
LINE
8
BLACK
6
CONTINUOUS
10
295.0802479999999832
20
130.8807449999999903
11
294.9532479999999737
21
130.8807449999999903
0
LINE
8
BLACK
6
CONTINUOUS
10
419.2099999999999795
20
92.3499999999999943
11
418.828993999999966
21
91.9690360000000027
0
LINE
8
BLACK
6
CONTINUOUS
10
644.0154219999999441
20
-172.0230080000000044
11
644.4599210000000085
21
-172.4675069999999835
0
LINE
8
BLACK
6
CONTINUOUS
10
184.7699979999999869
20
49.8457019999999957
11
184.3254989999999793
21
49.4012029999999953
0
LINE
8
BLACK
6
CONTINUOUS
10
435.5499999999999545
20
-160.1024789999999882
11
435.5499999999999545
21
-161.2024789999999825
0
LINE
8
BLACK
6
CONTINUOUS
10
435.5499999999999545
20
-161.6024789999999882
11
435.5499999999999545
21
-162.7024789999999825
0
LINE
8
BLACK
6
CONTINUOUS
10
435.5499999999999545
20
-163.1024789999999882
11
435.5499999999999545
21
-163.797520999999989
0
LINE
8
BLACK
6
CONTINUOUS
10
519.75
20
39.0549579999999992
11
520.7026280000000042
21
39.6049579999999963
0
LINE
8
BLACK
6
CONTINUOUS
10
521.0490379999999959
20
39.8049579999999992
11
522.0016660000000002
21
40.3549579999999963
0
LINE
8
BLACK
6
CONTINUOUS
10
522.3480759999999918
20
40.5549579999999992
11
522.9499999999999318
21
40.9024789999999996
0
LINE
8
BLACK
6
CONTINUOUS
10
419.654502999999977
20
92.8580339999999893
11
419.654502999999977
21
92.7945339999999987
0
LINE
8
BLACK
6
CONTINUOUS
10
643.1264599999999518
20
49.8457149999999984
11
643.1899230000000216
21
49.8457149999999984
0
LINE
8
BLACK
6
CONTINUOUS
10
302.5500000000000114
20
-60.0975210000000004
11
303.5026279999999588
21
-60.6475209999999976
0
LINE
8
BLACK
6
CONTINUOUS
10
303.8490380000000073
20
-60.8475210000000004
11
304.8016660000000115
21
-61.3975209999999976
0
LINE
8
BLACK
6
CONTINUOUS
10
305.1480760000000032
20
-61.5975210000000004
11
305.75
21
-61.9450419999999937
0
LINE
8
BLACK
6
CONTINUOUS
10
426.5499999999999545
20
46.7975209999999961
11
426.5499999999999545
21
45.6975209999999947
0
LINE
8
BLACK
6
CONTINUOUS
10
426.5499999999999545
20
45.2975209999999961
11
426.5499999999999545
21
44.1975209999999947
0
LINE
8
BLACK
6
CONTINUOUS
10
426.5499999999999545
20
43.7975209999999961
11
426.5499999999999545
21
43.1024789999999953
0
LINE
8
BLACK
6
CONTINUOUS
10
522.9499999999999318
20
40.9024789999999996
11
522.9499999999999318
21
42.002479000000001
0
LINE
8
BLACK
6
CONTINUOUS
10
522.9499999999999318
20
42.4024789999999996
11
522.9499999999999318
21
43.502479000000001
0
LINE
8
BLACK
6
CONTINUOUS
10
522.9499999999999318
20
43.9024789999999996
11
522.9499999999999318
21
44.5975210000000004
0
LINE
8
BLACK
6
CONTINUOUS
10
643.1899230000000216
20
-171.1340089999999918
11
643.5709219999999959
21
-171.5785089999999968
0
LINE
8
BLACK
6
CONTINUOUS
10
184.9604980000000012
20
-167.8320190000000025
11
184.7699979999999869
21
-167.8320190000000025
0
LINE
8
BLACK
6
CONTINUOUS
10
548.2547849999999698
20
130.3727669999999819
11
548.6357489999999189
21
129.9917609999999968
0
CIRCLE
8
BLACK
10
305.75
20
-161.9499999999999886
40
1.5
0
LINE
8
BLACK
6
CONTINUOUS
10
547.7467510000000175
20
134.1192549999999812
11
547.8102509999999938
21
134.1192549999999812
0
CIRCLE
8
BLACK
10
529.
20
23.
40
1.8999999999999999
0
LINE
8
BLACK
6
CONTINUOUS
10
295.0802479999999832
20
130.8807449999999903
11
295.0167129999999815
21
130.8807449999999903
0
LINE
8
BLACK
6
CONTINUOUS
10
184.8334979999999916
20
-167.8320190000000025
11
184.7699979999999869
21
-167.8320190000000025
0
LINE
8
BLACK
6
CONTINUOUS
10
429.75
20
41.2549579999999949
11
430.7026280000000042
21
41.8049579999999992
0
LINE
8
BLACK
6
CONTINUOUS
10
431.0490379999999959
20
42.0049579999999949
11
432.0016660000000002
21
42.5549579999999992
0
LINE
8
BLACK
6
CONTINUOUS
10
432.3480759999999918
20
42.7549579999999949
11
432.9499999999999886
21
43.1024789999999953
0
LINE
8
BLACK
6
CONTINUOUS
10
308.9499999999999886
20
-163.797520999999989
11
308.9499999999999886
21
-162.6975209999999947
0
LINE
8
BLACK
6
CONTINUOUS
10
308.9499999999999886
20
-162.297520999999989
11
308.9499999999999886
21
-161.1975209999999947
0
LINE
8
BLACK
6
CONTINUOUS
10
308.9499999999999886
20
-160.797520999999989
11
308.9499999999999886
21
-160.1024789999999882
0
LINE
8
BLACK
6
CONTINUOUS
10
534.9499999999999318
20
-60.0975210000000004
11
534.9499999999999318
21
-58.997520999999999
0
LINE
8
BLACK
6
CONTINUOUS
10
534.9499999999999318
20
-58.5975210000000004
11
534.9499999999999318
21
-57.497520999999999
0
LINE
8
BLACK
6
CONTINUOUS
10
534.9499999999999318
20
-57.0975210000000004
11
534.9499999999999318
21
-56.4024789999999996
0
LINE
8
BLACK
6
CONTINUOUS
10
183.5
20
61.5
11
244.5
21
61.5
0
LINE
8
BLACK
6
CONTINUOUS
10
184.8334979999999916
20
53.1476979999999983
11
184.7699979999999869
21
53.1476979999999983
0
ARC
8
BLACK
10
299.5999999999999659
20
97.5
40
6.
50
-180.00000000
51
-90.00000000
0
LINE
8
BLACK
6
CONTINUOUS
10
295.0167129999999815
20
134.1827299999999923
11
294.9532479999999737
21
134.1827299999999923
0
CIRCLE
8
BLACK
10
313.5
20
23.
40
1.8999999999999999
0
CIRCLE
8
BLACK
10
531.75
20
-161.9499999999999886
40
1.5
0
LINE
8
BLACK
6
CONTINUOUS
10
643.1264599999999518
20
-171.1340089999999918
11
643.1899230000000216
21
-171.1340089999999918
0
LINE
8
BLACK
6
CONTINUOUS
10
548.6357489999999189
20
129.9917609999999968
11
549.0802479999999832
21
129.5472579999999994
0
LINE
8
BLACK
6
CONTINUOUS
10
422.9564879999999789
20
92.9850339999999989
11
422.9564879999999789
21
92.8580339999999893
0
LINE
8
BLACK
6
CONTINUOUS
10
183.8809990000000028
20
54.0366969999999966
11
183.5
21
54.4811959999999971
0
LINE
8
BLACK
6
CONTINUOUS
10
531.75
20
-158.2549579999999878
11
530.7973719999999958
21
-158.8049579999999992
0
LINE
8
BLACK
6
CONTINUOUS
10
530.4509620000000041
20
-159.0049579999999878
11
529.4983339999999998
21
-159.5549579999999992
0
LINE
8
BLACK
6
CONTINUOUS
10
529.1519240000000082
20
-159.7549579999999878
11
528.5499999999999545
21
-160.1024789999999882
0
LINE
8
BLACK
6
CONTINUOUS
10
547.7467510000000175
20
130.8172700000000077
11
547.8102509999999938
21
130.8172700000000077
0
LINE
8
BLACK
6
CONTINUOUS
10
302.5500000000000114
20
-163.797520999999989
11
303.5026279999999588
21
-164.3475210000000004
0
LINE
8
BLACK
6
CONTINUOUS
10
303.8490380000000073
20
-164.547520999999989
11
304.8016660000000115
21
-165.0975210000000004
0
LINE
8
BLACK
6
CONTINUOUS
10
305.1480760000000032
20
-165.297520999999989
11
305.75
21
-165.6450419999999895
0
LINE
8
BLACK
6
CONTINUOUS
10
419.654502999999977
20
92.9850339999999989
11
419.654502999999977
21
92.9214989999999972
0
LINE
8
BLACK
6
CONTINUOUS
10
294.8897479999999973
20
130.8807449999999903
11
294.4452139999999645
21
130.4362419999999929
0
CIRCLE
8
BLACK
10
603.5
20
-168.5
40
2.9499999999999997
0
LINE
8
BLACK
6
CONTINUOUS
10
302.5500000000000114
20
46.7975209999999961
11
302.5500000000000114
21
45.6975209999999947
0
LINE
8
BLACK
6
CONTINUOUS
10
302.5500000000000114
20
45.2975209999999961
11
302.5500000000000114
21
44.1975209999999947
0
LINE
8
BLACK
6
CONTINUOUS
10
302.5500000000000114
20
43.7975209999999961
11
302.5500000000000114
21
43.1024789999999953
0
LINE
8
BLACK
6
CONTINUOUS
10
184.7699979999999869
20
-171.1340089999999918
11
184.7699979999999869
21
-170.0545109999999909
0
LINE
8
BLACK
6
CONTINUOUS
10
184.9604980000000012
20
53.1476979999999983
11
184.8969979999999964
21
53.1476979999999983
0
CIRCLE
8
BLACK
10
224.5
20
51.5
40
1.6499999999999999
0
LINE
8
BLACK
6
CONTINUOUS
10
295.0802479999999832
20
134.1827299999999923
11
295.0167129999999815
21
134.1827299999999923
0
CIRCLE
8
BLACK
10
529.
20
-148.5
40
2.1000000000000001
0
LINE
8
BLACK
6
CONTINUOUS
10
305.75
20
48.6450419999999966
11
304.7973719999999958
21
48.0950419999999994
0
LINE
8
BLACK
6
CONTINUOUS
10
304.4509620000000041
20
47.8950419999999966
11
303.4983339999999998
21
47.3450419999999994
0
LINE
8
BLACK
6
CONTINUOUS
10
303.1519240000000082
20
47.1450419999999966
11
302.5500000000000114
21
46.7975209999999961
0
LINE
8
BLACK
6
CONTINUOUS
10
534.9499999999999318
20
-56.4024789999999996
11
533.9973719999999275
21
-55.8524789999999953
0
LINE
8
BLACK
6
CONTINUOUS
10
533.6509619999999359
20
-55.6524789999999996
11
532.6983339999999316
21
-55.1024789999999953
0
LINE
8
BLACK
6
CONTINUOUS
10
532.35192399999994
20
-54.9024789999999996
11
531.75
21
-54.5549579999999992
0
LINE
8
BLACK
6
CONTINUOUS
10
244.5
20
61.5
11
244.5
21
-178.5
0
CIRCLE
8
BLACK
10
224.5
20
-168.5
40
1.6499999999999999
0
LINE
8
BLACK
6
CONTINUOUS
10
643.1899230000000216
20
-168.9115119999999877
11
643.1899230000000216
21
-167.8320129999999892
0
LINE
8
BLACK
6
CONTINUOUS
10
183.5
20
-178.5
11
183.5
21
61.5
0
LINE
8
BLACK
6
CONTINUOUS
10
528.5499999999999545
20
-56.4024789999999996
11
528.5499999999999545
21
-57.5024789999999939
0
LINE
8
BLACK
6
CONTINUOUS
10
528.5499999999999545
20
-57.9024789999999996
11
528.5499999999999545
21
-59.0024789999999939
0
LINE
8
BLACK
6
CONTINUOUS
10
528.5499999999999545
20
-59.4024789999999996
11
528.5499999999999545
21
-60.0975210000000004
0
LINE
8
BLACK
6
CONTINUOUS
10
419.654502999999977
20
92.8580339999999893
11
419.654502999999977
21
92.7945339999999987
0
LINE
8
BLACK
6
CONTINUOUS
10
422.9564879999999789
20
92.8580339999999893
11
422.9564879999999789
21
92.7945339999999987
0
LINE
8
BLACK
6
CONTINUOUS
10
547.6197509999999511
20
134.1192549999999812
11
547.7467510000000175
21
134.1192549999999812
0
CIRCLE
8
BLACK
10
313.5
20
41.5
40
2.1000000000000001
0
CIRCLE
8
BLACK
10
529.
20
-130.
40
1.8999999999999999
0
LINE
8
BLACK
6
CONTINUOUS
10
294.4452139999999645
20
134.6272329999999897
11
294.0642499999999586
21
135.0082390000000032
0
LINE
8
BLACK
6
CONTINUOUS
10
547.6197509999999511
20
134.1192549999999812
11
547.6832859999999528
21
134.1192549999999812
0
LINE
8
BLACK
6
CONTINUOUS
10
184.7699979999999869
20
49.8457019999999957
11
184.7699979999999869
21
50.9887009999999989
0
LINE
8
BLACK
6
CONTINUOUS
10
583.5
20
-178.5
11
644.5
21
-178.5
0
LINE
8
BLACK
6
CONTINUOUS
10
547.5
20
-178.5
11
547.5
21
61.5
0
CIRCLE
8
BLACK
10
519.75
20
42.75
40
2.6899999999999999
0
LINE
8
BLACK
6
CONTINUOUS
10
419.654502999999977
20
92.9214989999999972
11
419.654502999999977
21
92.8580339999999893
0
LINE
8
BLACK
6
CONTINUOUS
10
419.654502999999977
20
92.7945339999999987
11
419.2099999999999795
21
92.3499999999999943
0
CIRCLE
8
BLACK
10
603.5
20
51.5
40
2.9499999999999997
0
LINE
8
BLACK
6
CONTINUOUS
10
183.8809990000000028
20
49.0202029999999951
11
183.5
21
48.5757039999999947
0
LINE
8
BLACK
6
CONTINUOUS
10
294.8897479999999973
20
134.1827299999999923
11
294.4452139999999645
21
134.6272329999999897
0
LINE
8
BLACK
6
CONTINUOUS
10
185.
20
-178.5
11
184.9998190000000022
21
-177.4000000000000057
0
LINE
8
BLACK
6
CONTINUOUS
10
184.9997529999999983
20
-177.
11
184.9995720000000006
21
-175.9000000000000057
0
LINE
8
BLACK
6
CONTINUOUS
10
184.9995059999999967
20
-175.5
11
184.9993249999999989
21
-174.4000000000000057
0
LINE
8
BLACK
6
CONTINUOUS
10
184.999258999999995
20
-174.
11
184.9990779999999972
21
-172.9000000000000057
0
LINE
8
BLACK
6
CONTINUOUS
10
184.9990119999999933
20
-172.5
11
184.9988309999999956
21
-171.4000000000000057
0
LINE
8
BLACK
6
CONTINUOUS
10
184.9987659999999892
20
-171.
11
184.9985849999999914
21
-169.9000000000000057
0
LINE
8
BLACK
6
CONTINUOUS
10
184.9985189999999875
20
-169.5
11
184.9983379999999897
21
-168.4000000000000057
0
LINE
8
BLACK
6
CONTINUOUS
10
184.9982719999999858
20
-168.
11
184.9980909999999881
21
-166.9000000000000057
0
LINE
8
BLACK
6
CONTINUOUS
10
184.9980249999999842
20
-166.5
11
184.9978439999999864
21
-165.4000000000000057
0
LINE
8
BLACK
6
CONTINUOUS
10
184.9977779999999825
20
-165.
11
184.9975969999999847
21
-163.9000000000000057
0
LINE
8
BLACK
6
CONTINUOUS
10
184.9975309999999808
20
-163.5
11
184.9973499999999831
21
-162.4000000000000057
0
LINE
8
BLACK
6
CONTINUOUS
10
184.9972839999999792
20
-162.
11
184.9971029999999814
21
-160.9000000000000057
0
LINE
8
BLACK
6
CONTINUOUS
10
184.9970369999999775
20
-160.5
11
184.9968559999999798
21
-159.4000000000000057
0
LINE
8
BLACK
6
CONTINUOUS
10
184.9967900000000043
20
-159.
11
184.9966089999999781
21
-157.9000000000000057
0
LINE
8
BLACK
6
CONTINUOUS
10
184.9965440000000001
20
-157.5
11
184.9963630000000023
21
-156.4000000000000057
0
LINE
8
BLACK
6
CONTINUOUS
10
184.9962969999999984
20
-156.
11
184.9961160000000007
21
-154.9000000000000057
0
LINE
8
BLACK
6
CONTINUOUS
10
184.9960499999999968
20
-154.5
11
184.995868999999999
21
-153.4000000000000057
0
LINE
8
BLACK
6
CONTINUOUS
10
184.9958029999999951
20
-153.
11
184.9956219999999973
21
-151.9000000000000057
0
LINE
8
BLACK
6
CONTINUOUS
10
184.9955559999999934
20
-151.5
11
184.9953749999999957
21
-150.4000000000000057
0
LINE
8
BLACK
6
CONTINUOUS
10
184.9953089999999918
20
-150.
11
184.995127999999994
21
-148.9000000000000057
0
LINE
8
BLACK
6
CONTINUOUS
10
184.9950619999999901
20
-148.5
11
184.9948809999999924
21
-147.4000000000000057
0
LINE
8
BLACK
6
CONTINUOUS
10
184.9948149999999885
20
-147.
11
184.9946339999999907
21
-145.9000000000000057
0
LINE
8
BLACK
6
CONTINUOUS
10
184.9945679999999868
20
-145.5
11
184.994386999999989
21
-144.4000000000000057
0
LINE
8
BLACK
6
CONTINUOUS
10
184.9943219999999826
20
-144.
11
184.9941409999999848
21
-142.9000000000000057
0
LINE
8
BLACK
6
CONTINUOUS
10
184.9940749999999809
20
-142.5
11
184.9938939999999832
21
-141.4000010000000032
0
LINE
8
BLACK
6
CONTINUOUS
10
184.9938279999999793
20
-141.0000009999999975
11
184.9936469999999815
21
-139.9000010000000032
0
LINE
8
BLACK
6
CONTINUOUS
10
184.9935809999999776
20
-139.5000009999999975
11
184.9933999999999799
21
-138.4000010000000032
0
LINE
8
BLACK
6
CONTINUOUS
10
184.9933340000000044
20
-138.0000009999999975
11
184.9931529999999782
21
-136.9000010000000032
0
LINE
8
BLACK
6
CONTINUOUS
10
184.9930870000000027
20
-136.5000009999999975
11
184.992906000000005
21
-135.4000010000000032
0
LINE
8
BLACK
6
CONTINUOUS
10
184.9928400000000011
20
-135.0000009999999975
11
184.9926590000000033
21
-133.9000010000000032
0
LINE
8
BLACK
6
CONTINUOUS
10
184.9925929999999994
20
-133.5000009999999975
11
184.9924120000000016
21
-132.4000010000000032
0
LINE
8
BLACK
6
CONTINUOUS
10
184.9923459999999977
20
-132.0000009999999975
11
184.992165
21
-130.9000010000000032
0
LINE
8
BLACK
6
CONTINUOUS
10
184.9920999999999935
20
-130.5000009999999975
11
184.9919189999999958
21
-129.4000010000000032
0
LINE
8
BLACK
6
CONTINUOUS
10
184.9918529999999919
20
-129.0000009999999975
11
184.9916719999999941
21
-127.9000009999999889
0
LINE
8
BLACK
6
CONTINUOUS
10
184.9916059999999902
20
-127.5000009999999975
11
184.9914249999999925
21
-126.4000009999999889
0
LINE
8
BLACK
6
CONTINUOUS
10
184.9913589999999886
20
-126.0000009999999975
11
184.9911779999999908
21
-124.9000009999999889
0
LINE
8
BLACK
6
CONTINUOUS
10
184.9911119999999869
20
-124.5000009999999975
11
184.9909309999999891
21
-123.4000009999999889
0
LINE
8
BLACK
6
CONTINUOUS
10
184.9908649999999852
20
-123.0000009999999975
11
184.9906839999999875
21
-121.9000009999999889
0
LINE
8
BLACK
6
CONTINUOUS
10
184.9906179999999836
20
-121.5000009999999975
11
184.9904369999999858
21
-120.4000009999999889
0
LINE
8
BLACK
6
CONTINUOUS
10
184.9903709999999819
20
-120.0000009999999975
11
184.9901899999999841
21
-118.9000009999999889
0
LINE
8
BLACK
6
CONTINUOUS
10
184.9901249999999777
20
-118.5000009999999975
11
184.9899429999999825
21
-117.4000009999999889
0
LINE
8
BLACK
6
CONTINUOUS
10
184.9898780000000045
20
-117.0000009999999975
11
184.9896969999999783
21
-115.9000009999999889
0
LINE
8
BLACK
6
CONTINUOUS
10
184.9896310000000028
20
-115.5000009999999975
11
184.989450000000005
21
-114.4000009999999889
0
LINE
8
BLACK
6
CONTINUOUS
10
184.9893840000000012
20
-114.0000009999999975
11
184.9892030000000034
21
-112.9000009999999889
0
LINE
8
BLACK
6
CONTINUOUS
10
184.9891369999999995
20
-112.5000009999999975
11
184.9889560000000017
21
-111.4000009999999889
0
LINE
8
BLACK
6
CONTINUOUS
10
184.9888899999999978
20
-111.0000009999999975
11
184.9887090000000001
21
-109.9000009999999889
0
LINE
8
BLACK
6
CONTINUOUS
10
184.9886429999999962
20
-109.5000009999999975
11
184.9884619999999984
21
-108.4000009999999889
0
LINE
8
BLACK
6
CONTINUOUS
10
184.9883959999999945
20
-108.0000009999999975
11
184.9882149999999967
21
-106.9000009999999889
0
LINE
8
BLACK
6
CONTINUOUS
10
184.9881489999999928
20
-106.5000009999999975
11
184.9879679999999951
21
-105.4000009999999889
0
LINE
8
BLACK
6
CONTINUOUS
10
184.9879029999999887
20
-105.0000009999999975
11
184.9877209999999934
21
-103.9000009999999889
0
LINE
8
BLACK
6
CONTINUOUS
10
184.987655999999987
20
-103.5000009999999975
11
184.9874749999999892
21
-102.4000009999999889
0
LINE
8
BLACK
6
CONTINUOUS
10
184.9874089999999853
20
-102.0000009999999975
11
184.9872279999999876
21
-100.9000009999999889
0
LINE
8
BLACK
6
CONTINUOUS
10
184.9871619999999837
20
-100.5000009999999975
11
184.9869809999999859
21
-99.4000009999999889
0
LINE
8
BLACK
6
CONTINUOUS
10
184.986914999999982
20
-99.0000009999999975
11
184.9867339999999842
21
-97.9000009999999889
0
LINE
8
BLACK
6
CONTINUOUS
10
184.9866679999999803
20
-97.5000009999999975
11
184.9864869999999826
21
-96.4000009999999889
0
LINE
8
BLACK
6
CONTINUOUS
10
184.9864209999999787
20
-96.0000009999999975
11
184.9862399999999809
21
-94.9000009999999889
0
LINE
8
BLACK
6
CONTINUOUS
10
184.9861740000000054
20
-94.5000009999999975
11
184.9859929999999792
21
-93.4000009999999889
0
LINE
8
BLACK
6
CONTINUOUS
10
184.9859270000000038
20
-93.0000009999999975
11
184.9857459999999776
21
-91.9000009999999889
0
LINE
8
BLACK
6
CONTINUOUS
10
184.9856809999999996
20
-91.5000009999999975
11
184.9854990000000043
21
-90.4000009999999889
0
LINE
8
BLACK
6
CONTINUOUS
10
184.9854339999999979
20
-90.0000009999999975
11
184.9852530000000002
21
-88.9000009999999889
0
LINE
8
BLACK
6
CONTINUOUS
10
184.9851869999999963
20
-88.5000009999999975
11
184.9850059999999985
21
-87.4000009999999889
0
LINE
8
BLACK
6
CONTINUOUS
10
184.9849399999999946
20
-87.0000009999999975
11
184.9847589999999968
21
-85.9000010000000032
0
LINE
8
BLACK
6
CONTINUOUS
10
184.9846929999999929
20
-85.5000009999999975
11
184.9845119999999952
21
-84.4000010000000032
0
LINE
8
BLACK
6
CONTINUOUS
10
184.9844459999999913
20
-84.0000009999999975
11
184.9842649999999935
21
-82.9000010000000032
0
LINE
8
BLACK
6
CONTINUOUS
10
184.9841989999999896
20
-82.5000009999999975
11
184.9840179999999918
21
-81.4000010000000032
0
LINE
8
BLACK
6
CONTINUOUS
10
184.9839519999999879
20
-81.0000009999999975
11
184.9837709999999902
21
-79.9000010000000032
0
LINE
8
BLACK
6
CONTINUOUS
10
184.9837049999999863
20
-79.5000009999999975
11
184.9835239999999885
21
-78.4000010000000032
0
LINE
8
BLACK
6
CONTINUOUS
10
184.9834589999999821
20
-78.0000009999999975
11
184.9832769999999869
21
-76.9000010000000032
0
LINE
8
BLACK
6
CONTINUOUS
10
184.9832119999999804
20
-76.5000009999999975
11
184.9830309999999827
21
-75.4000010000000032
0
LINE
8
BLACK
6
CONTINUOUS
10
184.9829649999999788
20
-75.0000009999999975
11
184.982783999999981
21
-73.9000010000000032
0
LINE
8
BLACK
6
CONTINUOUS
10
184.9827180000000055
20
-73.5000009999999975
11
184.9825369999999793
21
-72.4000010000000032
0
LINE
8
BLACK
6
CONTINUOUS
10
184.9824710000000039
20
-72.0000009999999975
11
184.9822899999999777
21
-70.9000010000000032
0
LINE
8
BLACK
6
CONTINUOUS
10
184.9822240000000022
20
-70.5000009999999975
11
184.9820430000000044
21
-69.4000010000000032
0
LINE
8
BLACK
6
CONTINUOUS
10
184.9819770000000005
20
-69.0000009999999975
11
184.9817960000000028
21
-67.9000010000000032
0
LINE
8
BLACK
6
CONTINUOUS
10
184.9817299999999989
20
-67.500001999999995
11
184.9815490000000011
21
-66.4000020000000006
0
LINE
8
BLACK
6
CONTINUOUS
10
184.9814829999999972
20
-66.000001999999995
11
184.9813019999999995
21
-64.9000020000000006
0
LINE
8
BLACK
6
CONTINUOUS
10
184.981236999999993
20
-64.500001999999995
11
184.9810549999999978
21
-63.4000020000000006
0
LINE
8
BLACK
6
CONTINUOUS
10
184.9809899999999914
20
-63.000001999999995
11
184.9808089999999936
21
-61.9000020000000006
0
LINE
8
BLACK
6
CONTINUOUS
10
184.9807429999999897
20
-61.500001999999995
11
184.9805619999999919
21
-60.4000020000000006
0
LINE
8
BLACK
6
CONTINUOUS
10
184.980495999999988
20
-60.000001999999995
11
184.9803149999999903
21
-58.9000020000000006
0
LINE
8
BLACK
6
CONTINUOUS
10
184.9802489999999864
20
-58.500001999999995
11
184.9800679999999886
21
-57.4000020000000006
0
LINE
8
BLACK
6
CONTINUOUS
10
184.9800019999999847
20
-57.000001999999995
11
184.979820999999987
21
-55.9000020000000006
0
LINE
8
BLACK
6
CONTINUOUS
10
184.9797549999999831
20
-55.500001999999995
11
184.9795739999999853
21
-54.4000020000000006
0
LINE
8
BLACK
6
CONTINUOUS
10
184.9795079999999814
20
-54.000001999999995
11
184.9793269999999836
21
-52.9000020000000006
0
LINE
8
BLACK
6
CONTINUOUS
10
184.9792609999999797
20
-52.500001999999995
11
184.979079999999982
21
-51.4000020000000006
0
LINE
8
BLACK
6
CONTINUOUS
10
184.979015000000004
20
-51.000001999999995
11
184.9788339999999778
21
-49.9000020000000006
0
LINE
8
BLACK
6
CONTINUOUS
10
184.9787680000000023
20
-49.500001999999995
11
184.9785870000000045
21
-48.4000020000000006
0
LINE
8
BLACK
6
CONTINUOUS
10
184.9785210000000006
20
-48.000001999999995
11
184.9783400000000029
21
-46.9000020000000006
0
LINE
8
BLACK
6
CONTINUOUS
10
184.978273999999999
20
-46.500001999999995
11
184.9780930000000012
21
-45.4000020000000006
0
LINE
8
BLACK
6
CONTINUOUS
10
184.9780269999999973
20
-45.000001999999995
11
184.9778459999999995
21
-43.9000020000000006
0
LINE
8
BLACK
6
CONTINUOUS
10
184.9777799999999957
20
-43.500001999999995
11
184.9775989999999979
21
-42.4000020000000006
0
LINE
8
BLACK
6
CONTINUOUS
10
184.977532999999994
20
-42.000001999999995
11
184.9773519999999962
21
-40.9000020000000006
0
LINE
8
BLACK
6
CONTINUOUS
10
184.9772859999999923
20
-40.500001999999995
11
184.9771049999999946
21
-39.4000020000000006
0
LINE
8
BLACK
6
CONTINUOUS
10
184.9770389999999907
20
-39.000001999999995
11
184.9768579999999929
21
-37.9000020000000006
0
LINE
8
BLACK
6
CONTINUOUS
10
184.9767929999999865
20
-37.500001999999995
11
184.9766119999999887
21
-36.4000020000000006
0
LINE
8
BLACK
6
CONTINUOUS
10
184.9765459999999848
20
-36.000001999999995
11
184.976364999999987
21
-34.9000020000000006
0
LINE
8
BLACK
6
CONTINUOUS
10
184.9762989999999832
20
-34.500001999999995
11
184.9761179999999854
21
-33.4000020000000006
0
LINE
8
BLACK
6
CONTINUOUS
10
184.9760519999999815
20
-33.0000020000000021
11
184.9758709999999837
21
-31.9000019999999971
0
LINE
8
BLACK
6
CONTINUOUS
10
184.9758049999999798
20
-31.5000019999999985
11
184.9756239999999821
21
-30.4000019999999971
0
LINE
8
BLACK
6
CONTINUOUS
10
184.9755579999999782
20
-30.0000019999999985
11
184.9753769999999804
21
-28.9000019999999971
0
LINE
8
BLACK
6
CONTINUOUS
10
184.9753110000000049
20
-28.5000019999999985
11
184.9751299999999787
21
-27.4000019999999971
0
LINE
8
BLACK
6
CONTINUOUS
10
184.9750640000000033
20
-27.0000019999999985
11
184.9748830000000055
21
-25.9000019999999971
0
LINE
8
BLACK
6
CONTINUOUS
10
184.9748170000000016
20
-25.5000019999999985
11
184.9746360000000038
21
-24.4000020000000006
0
LINE
8
BLACK
6
CONTINUOUS
10
184.9745709999999974
20
-24.0000019999999985
11
184.9743899999999996
21
-22.9000020000000006
0
LINE
8
BLACK
6
CONTINUOUS
10
184.9743239999999957
20
-22.5000019999999985
11
184.974142999999998
21
-21.4000020000000006
0
LINE
8
BLACK
6
CONTINUOUS
10
184.9740769999999941
20
-21.0000019999999985
11
184.9738959999999963
21
-19.9000020000000006
0
LINE
8
BLACK
6
CONTINUOUS
10
184.9738299999999924
20
-19.5000019999999985
11
184.9736489999999947
21
-18.4000020000000006
0
LINE
8
BLACK
6
CONTINUOUS
10
184.9735829999999908
20
-18.0000019999999985
11
184.973401999999993
21
-16.9000020000000006
0
LINE
8
BLACK
6
CONTINUOUS
10
184.9733359999999891
20
-16.5000019999999985
11
184.9731549999999913
21
-15.4000019999999989
0
LINE
8
BLACK
6
CONTINUOUS
10
184.9730889999999874
20
-15.0000019999999985
11
184.9729079999999897
21
-13.9000019999999989
0
LINE
8
BLACK
6
CONTINUOUS
10
184.9728419999999858
20
-13.5000019999999985
11
184.972660999999988
21
-12.4000019999999989
0
LINE
8
BLACK
6
CONTINUOUS
10
184.9725949999999841
20
-12.0000020000000003
11
184.9724139999999863
21
-10.9000019999999989
0
LINE
8
BLACK
6
CONTINUOUS
10
184.9723489999999799
20
-10.5000020000000003
11
184.9721679999999822
21
-9.4000019999999989
0
LINE
8
BLACK
6
CONTINUOUS
10
184.9721019999999783
20
-9.0000020000000003
11
184.9719209999999805
21
-7.9000019999999997
0
LINE
8
BLACK
6
CONTINUOUS
10
184.971855000000005
20
-7.5000019999999994
11
184.9716739999999788
21
-6.4000019999999997
0
LINE
8
BLACK
6
CONTINUOUS
10
184.9716080000000034
20
-6.0000019999999994
11
184.9714270000000056
21
-4.9000019999999997
0
LINE
8
BLACK
6
CONTINUOUS
10
184.9713610000000017
20
-4.5000019999999994
11
184.9711800000000039
21
-3.4000019999999997
0
LINE
8
BLACK
6
CONTINUOUS
10
184.971114
20
-3.0000019999999998
11
184.9709330000000023
21
-1.900002
0
LINE
8
BLACK
6
CONTINUOUS
10
184.9708669999999984
20
-1.5000019999999998
11
184.9706860000000006
21
-0.400002
0
LINE
8
BLACK
6
CONTINUOUS
10
184.9706199999999967
20
-0.000002
11
184.9704389999999989
21
1.099998
0
LINE
8
BLACK
6
CONTINUOUS
10
184.9703739999999925
20
1.4999979999999999
11
184.9701919999999973
21
2.5999979999999998
0
LINE
8
BLACK
6
CONTINUOUS
10
184.9701269999999909
20
2.9999979999999997
11
184.9699459999999931
21
4.0999980000000003
0
LINE
8
BLACK
6
CONTINUOUS
10
184.9698799999999892
20
4.4999979999999997
11
184.9696989999999914
21
5.5999979999999994
0
LINE
8
BLACK
6
CONTINUOUS
10
184.9696329999999875
20
5.9999979999999997
11
184.9694519999999898
21
7.0999970000000001
0
LINE
8
BLACK
6
CONTINUOUS
10
184.9693859999999859
20
7.4999969999999996
11
184.9692049999999881
21
8.5999970000000001
0
LINE
8
BLACK
6
CONTINUOUS
10
184.9691389999999842
20
8.9999970000000005
11
184.9689579999999864
21
10.0999970000000001
0
LINE
8
BLACK
6
CONTINUOUS
10
184.9688919999999825
20
10.4999969999999987
11
184.9687109999999848
21
11.5999970000000001
0
LINE
8
BLACK
6
CONTINUOUS
10
184.9686449999999809
20
11.9999969999999987
11
184.9684639999999831
21
13.0999970000000001
0
LINE
8
BLACK
6
CONTINUOUS
10
184.9683979999999792
20
13.4999969999999987
11
184.9682169999999815
21
14.5999970000000001
0
LINE
8
BLACK
6
CONTINUOUS
10
184.9681520000000035
20
14.9999969999999987
11
184.9679699999999798
21
16.0999969999999983
0
LINE
8
BLACK
6
CONTINUOUS
10
184.9679050000000018
20
16.4999970000000005
11
184.967724000000004
21
17.5999969999999983
0
LINE
8
BLACK
6
CONTINUOUS
10
184.9676580000000001
20
17.9999970000000005
11
184.9674770000000024
21
19.0999969999999983
0
LINE
8
BLACK
6
CONTINUOUS
10
184.9674109999999985
20
19.4999970000000005
11
184.9672300000000007
21
20.5999969999999983
0
LINE
8
BLACK
6
CONTINUOUS
10
184.9671639999999968
20
20.9999970000000005
11
184.966982999999999
21
22.0999969999999983
0
LINE
8
BLACK
6
CONTINUOUS
10
184.9669169999999951
20
22.4999970000000005
11
184.9667359999999974
21
23.5999969999999983
0
LINE
8
BLACK
6
CONTINUOUS
10
184.9666699999999935
20
23.9999970000000005
11
184.9664889999999957
21
25.0999969999999983
0
LINE
8
BLACK
6
CONTINUOUS
10
184.9664229999999918
20
25.4999970000000005
11
184.9662419999999941
21
26.5999969999999983
0
LINE
8
BLACK
6
CONTINUOUS
10
184.9661759999999902
20
26.9999970000000005
11
184.9659949999999924
21
28.0999969999999983
0
LINE
8
BLACK
6
CONTINUOUS
10
184.965929999999986
20
28.4999970000000005
11
184.9657479999999907
21
29.5999969999999983
0
LINE
8
BLACK
6
CONTINUOUS
10
184.9656829999999843
20
29.9999969999999969
11
184.9655019999999865
21
31.0999969999999983
0
LINE
8
BLACK
6
CONTINUOUS
10
184.9654359999999826
20
31.4999969999999969
11
184.9652549999999849
21
32.5999970000000019
0
LINE
8
BLACK
6
CONTINUOUS
10
184.965188999999981
20
32.9999970000000005
11
184.9650079999999832
21
34.0999970000000019
0
LINE
8
BLACK
6
CONTINUOUS
10
184.9649419999999793
20
34.4999970000000005
11
184.9647609999999815
21
35.5999970000000019
0
LINE
8
BLACK
6
CONTINUOUS
10
184.9646949999999777
20
35.9999970000000005
11
184.9645139999999799
21
37.0999969999999948
0
LINE
8
BLACK
6
CONTINUOUS
10
184.9644480000000044
20
37.4999970000000005
11
184.9642669999999782
21
38.5999969999999948
0
LINE
8
BLACK
6
CONTINUOUS
10
184.9642010000000028
20
38.9999970000000005
11
184.964020000000005
21
40.0999969999999948
0
LINE
8
BLACK
6
CONTINUOUS
10
184.9639540000000011
20
40.4999970000000005
11
184.9637730000000033
21
41.5999969999999948
0
LINE
8
BLACK
6
CONTINUOUS
10
184.9637079999999969
20
41.9999970000000005
11
184.9635260000000017
21
43.0999969999999948
0
LINE
8
BLACK
6
CONTINUOUS
10
184.9634609999999952
20
43.4999970000000005
11
184.9632799999999975
21
44.5999969999999948
0
LINE
8
BLACK
6
CONTINUOUS
10
184.9632139999999936
20
44.9999970000000005
11
184.9630329999999958
21
46.0999969999999948
0
LINE
8
BLACK
6
CONTINUOUS
10
184.9629669999999919
20
46.4999970000000005
11
184.9627859999999941
21
47.5999969999999948
0
LINE
8
BLACK
6
CONTINUOUS
10
184.9627199999999903
20
47.9999970000000005
11
184.9625389999999925
21
49.0999969999999948
0
LINE
8
BLACK
6
CONTINUOUS
10
184.9624729999999886
20
49.4999970000000005
11
184.9622919999999908
21
50.5999969999999948
0
LINE
8
BLACK
6
CONTINUOUS
10
184.9622259999999869
20
50.9999970000000005
11
184.9620449999999892
21
52.0999969999999948
0
LINE
8
BLACK
6
CONTINUOUS
10
184.9619789999999853
20
52.4999970000000005
11
184.9617979999999875
21
53.5999969999999948
0
LINE
8
BLACK
6
CONTINUOUS
10
184.9617319999999836
20
53.9999970000000005
11
184.9615509999999858
21
55.0999969999999948
0
LINE
8
BLACK
6
CONTINUOUS
10
184.9614859999999794
20
55.4999970000000005
11
184.9613039999999842
21
56.5999969999999948
0
LINE
8
BLACK
6
CONTINUOUS
10
184.9612389999999778
20
56.9999970000000005
11
184.96105799999998
21
58.0999969999999948
0
LINE
8
BLACK
6
CONTINUOUS
10
184.9609920000000045
20
58.4999970000000005
11
184.9608109999999783
21
59.5999969999999948
0
LINE
8
BLACK
6
CONTINUOUS
10
184.9607450000000028
20
59.9999970000000005
11
184.9605640000000051
21
61.0999969999999948
0
LINE
8
BLACK
6
CONTINUOUS
10
184.9604980000000012
20
61.4999970000000005
11
184.9604980000000012
21
61.5
0
LINE
8
BLACK
6
CONTINUOUS
10
432.9499999999999886
20
43.1024789999999953
11
432.9499999999999886
21
44.2024789999999967
0
LINE
8
BLACK
6
CONTINUOUS
10
432.9499999999999886
20
44.6024789999999953
11
432.9499999999999886
21
45.7024789999999967
0
LINE
8
BLACK
6
CONTINUOUS
10
432.9499999999999886
20
46.1024789999999953
11
432.9499999999999886
21
46.7975209999999961
0
LINE
8
BLACK
6
CONTINUOUS
10
522.9499999999999318
20
44.5975210000000004
11
521.9973719999999275
21
45.1475209999999976
0
LINE
8
BLACK
6
CONTINUOUS
10
521.6509619999999359
20
45.3475210000000004
11
520.6983339999999316
21
45.8975209999999976
0
LINE
8
BLACK
6
CONTINUOUS
10
520.35192399999994
20
46.0975210000000004
11
519.75
21
46.4450420000000008
0
LINE
8
BLACK
6
CONTINUOUS
10
441.9499999999999886
20
-160.1024789999999882
11
440.9973719999999844
21
-159.5524790000000053
0
LINE
8
BLACK
6
CONTINUOUS
10
440.6509619999999927
20
-159.3524789999999882
11
439.6983339999999885
21
-158.8024790000000053
0
LINE
8
BLACK
6
CONTINUOUS
10
439.3519239999999968
20
-158.6024789999999882
11
438.75
21
-158.2549579999999878
0
LINE
8
BLACK
6
CONTINUOUS
10
426.5499999999999545
20
43.1024789999999953
11
427.5026279999999588
21
42.5524789999999982
0
LINE
8
BLACK
6
CONTINUOUS
10
427.8490380000000073
20
42.3524789999999953
11
428.8016659999999547
21
41.8024789999999982
0
LINE
8
BLACK
6
CONTINUOUS
10
429.1480760000000032
20
41.6024789999999953
11
429.75
21
41.2549579999999949
0
LINE
8
BLACK
6
CONTINUOUS
10
293.5
20
61.5
11
549.
21
61.5
0
LINE
8
BLACK
6
CONTINUOUS
10
293.5
20
-178.5
11
549.
21
-178.5
0
LINE
8
BLACK
6
CONTINUOUS
10
529.1999999999999318
20
99.
11
534.2999999999999545
21
99.
0
LINE
8
BLACK
6
CONTINUOUS
10
534.2999999999999545
20
99.
11
534.2999999999999545
21
93.
0
LINE
8
BLACK
6
CONTINUOUS
10
534.2999999999999545
20
93.
11
529.1999999999999318
21
93.
0
LINE
8
BLACK
6
CONTINUOUS
10
529.1999999999999318
20
93.
11
529.1999999999999318
21
99.
0
LINE
8
BLACK
6
CONTINUOUS
10
184.7699979999999869
20
53.1476979999999983
11
184.8969979999999964
21
53.1476979999999983
0
LINE
8
BLACK
6
CONTINUOUS
10
517.1999999999999318
20
99.
11
522.2999999999999545
21
99.
0
LINE
8
BLACK
6
CONTINUOUS
10
522.2999999999999545
20
99.
11
522.2999999999999545
21
93.
0
LINE
8
BLACK
6
CONTINUOUS
10
522.2999999999999545
20
93.
11
517.1999999999999318
21
93.
0
LINE
8
BLACK
6
CONTINUOUS
10
517.1999999999999318
20
93.
11
517.1999999999999318
21
99.
0
LINE
8
BLACK
6
CONTINUOUS
10
184.8969979999999964
20
-167.8320190000000025
11
184.8334979999999916
21
-167.8320190000000025
0
LINE
8
BLACK
6
CONTINUOUS
10
422.9564879999999789
20
92.9214989999999972
11
422.9564879999999789
21
92.8580339999999893
0
LINE
8
BLACK
6
CONTINUOUS
10
643.1264599999999518
20
-167.8320129999999892
11
643.1899230000000216
21
-167.8320129999999892
0
LINE
8
BLACK
6
CONTINUOUS
10
642.9994229999999789
20
53.147711000000001
11
643.0629229999999552
21
53.147711000000001
0
LINE
8
BLACK
6
CONTINUOUS
10
547.7467510000000175
20
130.8172700000000077
11
547.8102509999999938
21
130.8172700000000077
0
LINE
8
BLACK
6
CONTINUOUS
10
422.9564879999999789
20
92.9850339999999989
11
422.9564879999999789
21
92.9214989999999972
0
LINE
8
BLACK
6
CONTINUOUS
10
644.0154219999999441
20
49.0202159999999978
11
644.4599210000000085
21
48.5757169999999974
0
LINE
8
BLACK
6
CONTINUOUS
10
531.75
20
-165.6450419999999895
11
532.7026280000000042
21
-165.0950420000000065
0
LINE
8
BLACK
6
CONTINUOUS
10
533.0490379999999959
20
-164.8950419999999895
11
534.0016660000000002
21
-164.3450420000000065
0
LINE
8
BLACK
6
CONTINUOUS
10
534.3480759999999918
20
-164.1450419999999895
11
534.9499999999999318
21
-163.797520999999989
0
LINE
8
BLACK
6
CONTINUOUS
10
642.9994229999999789
20
-167.8320129999999892
11
643.0629229999999552
21
-167.8320129999999892
0
LINE
8
BLACK
6
CONTINUOUS
10
308.9499999999999886
20
43.1024789999999953
11
308.9499999999999886
21
44.2024789999999967
0
LINE
8
BLACK
6
CONTINUOUS
10
308.9499999999999886
20
44.6024789999999953
11
308.9499999999999886
21
45.7024789999999967
0
LINE
8
BLACK
6
CONTINUOUS
10
308.9499999999999886
20
46.1024789999999953
11
308.9499999999999886
21
46.7975209999999961
0
CIRCLE
8
BLACK
10
305.75
20
44.9499999999999957
40
1.5
0
LINE
8
BLACK
6
CONTINUOUS
10
643.1899230000000216
20
-167.8320129999999892
11
643.5709219999999959
21
-167.3875139999999817
0
LINE
8
BLACK
6
CONTINUOUS
10
549.
20
61.5
11
549.
21
-178.5
0
CIRCLE
8
BLACK
10
305.75
20
-161.9499999999999886
40
2.6899999999999999
0
LINE
8
BLACK
6
CONTINUOUS
10
642.9994229999999789
20
-171.1340089999999918
11
643.0629229999999552
21
-171.1340089999999918
0
CIRCLE
8
BLACK
10
305.75
20
44.9499999999999957
40
2.6899999999999999
0
LINE
8
BLACK
6
CONTINUOUS
10
295.0167129999999815
20
130.8807449999999903
11
294.9532479999999737
21
130.8807449999999903
0
LINE
8
BLACK
6
CONTINUOUS
10
584.5393470000000207
20
67.5155609999999911
11
584.5393470000000207
21
69.5155609999999911
0
LINE
8
BLACK
6
CONTINUOUS
10
584.5393470000000207
20
68.7536569999999898
11
584.7298230000000103
21
68.8488949999999988
0
LINE
8
BLACK
6
CONTINUOUS
10
584.7298230000000103
20
68.8488949999999988
11
585.1107759999999871
21
68.8488949999999988
0
LINE
8
BLACK
6
CONTINUOUS
10
585.1107759999999871
20
68.8488949999999988
11
585.3012519999999768
21
68.7536569999999898
0
LINE
8
BLACK
6
CONTINUOUS
10
585.3012519999999768
20
68.7536569999999898
11
585.3964899999999716
21
68.658418999999995
0
LINE
8
BLACK
6
CONTINUOUS
10
585.3964899999999716
20
68.658418999999995
11
585.4917279999999664
21
68.4679419999999936
0
LINE
8
BLACK
6
CONTINUOUS
10
585.4917279999999664
20
68.4679419999999936
11
585.4917279999999664
21
67.8965139999999963
0
LINE
8
BLACK
6
CONTINUOUS
10
585.4917279999999664
20
67.8965139999999963
11
585.3964899999999716
21
67.7060379999999924
0
LINE
8
BLACK
6
CONTINUOUS
10
585.3964899999999716
20
67.7060379999999924
11
585.3012519999999768
21
67.6107999999999976
0
LINE
8
BLACK
6
CONTINUOUS
10
585.3012519999999768
20
67.6107999999999976
11
585.1107759999999871
21
67.5155609999999911
0
LINE
8
BLACK
6
CONTINUOUS
10
585.1107759999999871
20
67.5155609999999911
11
584.7298230000000103
21
67.5155609999999911
0
LINE
8
BLACK
6
CONTINUOUS
10
584.7298230000000103
20
67.5155609999999911
11
584.5393470000000207
21
67.6107999999999976
0
LINE
8
BLACK
6
CONTINUOUS
10
586.6345850000000155
20
67.5155609999999911
11
586.4441090000000258
21
67.6107999999999976
0
LINE
8
BLACK
6
CONTINUOUS
10
586.4441090000000258
20
67.6107999999999976
11
586.3488709999999173
21
67.7060379999999924
0
LINE
8
BLACK
6
CONTINUOUS
10
586.3488709999999173
20
67.7060379999999924
11
586.2536329999999225
21
67.8965139999999963
0
LINE
8
BLACK
6
CONTINUOUS
10
586.2536329999999225
20
67.8965139999999963
11
586.2536329999999225
21
68.4679419999999936
0
LINE
8
BLACK
6
CONTINUOUS
10
586.2536329999999225
20
68.4679419999999936
11
586.3488709999999173
21
68.658418999999995
0
LINE
8
BLACK
6
CONTINUOUS
10
586.3488709999999173
20
68.658418999999995
11
586.4441090000000258
21
68.7536569999999898
0
LINE
8
BLACK
6
CONTINUOUS
10
586.4441090000000258
20
68.7536569999999898
11
586.6345850000000155
21
68.8488949999999988
0
LINE
8
BLACK
6
CONTINUOUS
10
586.6345850000000155
20
68.8488949999999988
11
586.9202999999999975
21
68.8488949999999988
0
LINE
8
BLACK
6
CONTINUOUS
10
586.9202999999999975
20
68.8488949999999988
11
587.1107759999999871
21
68.7536569999999898
0
LINE
8
BLACK
6
CONTINUOUS
10
587.1107759999999871
20
68.7536569999999898
11
587.2060139999999819
21
68.658418999999995
0
LINE
8
BLACK
6
CONTINUOUS
10
587.2060139999999819
20
68.658418999999995
11
587.3012519999999768
21
68.4679419999999936
0
LINE
8
BLACK
6
CONTINUOUS
10
587.3012519999999768
20
68.4679419999999936
11
587.3012519999999768
21
67.8965139999999963
0
LINE
8
BLACK
6
CONTINUOUS
10
587.3012519999999768
20
67.8965139999999963
11
587.2060139999999819
21
67.7060379999999924
0
LINE
8
BLACK
6
CONTINUOUS
10
587.2060139999999819
20
67.7060379999999924
11
587.1107759999999871
21
67.6107999999999976
0
LINE
8
BLACK
6
CONTINUOUS
10
587.1107759999999871
20
67.6107999999999976
11
586.9202999999999975
21
67.5155609999999911
0
LINE
8
BLACK
6
CONTINUOUS
10
586.9202999999999975
20
67.5155609999999911
11
586.6345850000000155
21
67.5155609999999911
0
LINE
8
BLACK
6
CONTINUOUS
10
587.8726809999999432
20
68.8488949999999988
11
588.6345850000000155
21
68.8488949999999988
0
LINE
8
BLACK
6
CONTINUOUS
10
588.1583949999999277
20
69.5155609999999911
11
588.1583949999999277
21
67.8012760000000014
0
LINE
8
BLACK
6
CONTINUOUS
10
588.1583949999999277
20
67.8012760000000014
11
588.2536329999999225
21
67.6107999999999976
0
LINE
8
BLACK
6
CONTINUOUS
10
588.2536329999999225
20
67.6107999999999976
11
588.4441090000000258
21
67.5155609999999911
0
LINE
8
BLACK
6
CONTINUOUS
10
588.4441090000000258
20
67.5155609999999911
11
588.6345850000000155
21
67.5155609999999911
0
LINE
8
BLACK
6
CONTINUOUS
10
589.0155379999999923
20
68.8488949999999988
11
589.7774419999999509
21
68.8488949999999988
0
LINE
8
BLACK
6
CONTINUOUS
10
589.3012519999999768
20
69.5155609999999911
11
589.3012519999999768
21
67.8012760000000014
0
LINE
8
BLACK
6
CONTINUOUS
10
589.3012519999999768
20
67.8012760000000014
11
589.3964899999999716
21
67.6107999999999976
0
LINE
8
BLACK
6
CONTINUOUS
10
589.3964899999999716
20
67.6107999999999976
11
589.5869659999999612
21
67.5155609999999911
0
LINE
8
BLACK
6
CONTINUOUS
10
589.5869659999999612
20
67.5155609999999911
11
589.7774419999999509
21
67.5155609999999911
0
LINE
8
BLACK
6
CONTINUOUS
10
590.7298230000000103
20
67.5155609999999911
11
590.5393470000000207
21
67.6107999999999976
0
LINE
8
BLACK
6
CONTINUOUS
10
590.5393470000000207
20
67.6107999999999976
11
590.4441090000000258
21
67.7060379999999924
0
LINE
8
BLACK
6
CONTINUOUS
10
590.4441090000000258
20
67.7060379999999924
11
590.3488709999999173
21
67.8965139999999963
0
LINE
8
BLACK
6
CONTINUOUS
10
590.3488709999999173
20
67.8965139999999963
11
590.3488709999999173
21
68.4679419999999936
0
LINE
8
BLACK
6
CONTINUOUS
10
590.3488709999999173
20
68.4679419999999936
11
590.4441090000000258
21
68.658418999999995
0
LINE
8
BLACK
6
CONTINUOUS
10
590.4441090000000258
20
68.658418999999995
11
590.5393470000000207
21
68.7536569999999898
0
LINE
8
BLACK
6
CONTINUOUS
10
590.5393470000000207
20
68.7536569999999898
11
590.7298230000000103
21
68.8488949999999988
0
LINE
8
BLACK
6
CONTINUOUS
10
590.7298230000000103
20
68.8488949999999988
11
591.0155379999999923
21
68.8488949999999988
0
LINE
8
BLACK
6
CONTINUOUS
10
591.0155379999999923
20
68.8488949999999988
11
591.2060139999999819
21
68.7536569999999898
0
LINE
8
BLACK
6
CONTINUOUS
10
591.2060139999999819
20
68.7536569999999898
11
591.3012519999999768
21
68.658418999999995
0
LINE
8
BLACK
6
CONTINUOUS
10
591.3012519999999768
20
68.658418999999995
11
591.3964899999999716
21
68.4679419999999936
0
LINE
8
BLACK
6
CONTINUOUS
10
591.3964899999999716
20
68.4679419999999936
11
591.3964899999999716
21
67.8965139999999963
0
LINE
8
BLACK
6
CONTINUOUS
10
591.3964899999999716
20
67.8965139999999963
11
591.3012519999999768
21
67.7060379999999924
0
LINE
8
BLACK
6
CONTINUOUS
10
591.3012519999999768
20
67.7060379999999924
11
591.2060139999999819
21
67.6107999999999976
0
LINE
8
BLACK
6
CONTINUOUS
10
591.2060139999999819
20
67.6107999999999976
11
591.0155379999999923
21
67.5155609999999911
0
LINE
8
BLACK
6
CONTINUOUS
10
591.0155379999999923
20
67.5155609999999911
11
590.7298230000000103
21
67.5155609999999911
0
LINE
8
BLACK
6
CONTINUOUS
10
592.2536329999999225
20
67.5155609999999911
11
592.2536329999999225
21
68.8488949999999988
0
LINE
8
BLACK
6
CONTINUOUS
10
592.2536329999999225
20
68.658418999999995
11
592.3488709999999173
21
68.7536569999999898
0
LINE
8
BLACK
6
CONTINUOUS
10
592.3488709999999173
20
68.7536569999999898
11
592.5393470000000207
21
68.8488949999999988
0
LINE
8
BLACK
6
CONTINUOUS
10
592.5393470000000207
20
68.8488949999999988
11
592.8250620000000026
21
68.8488949999999988
0
LINE
8
BLACK
6
CONTINUOUS
10
592.8250620000000026
20
68.8488949999999988
11
593.0155379999999923
21
68.7536569999999898
0
LINE
8
BLACK
6
CONTINUOUS
10
593.0155379999999923
20
68.7536569999999898
11
593.1107759999999871
21
68.5631800000000027
0
LINE
8
BLACK
6
CONTINUOUS
10
593.1107759999999871
20
68.5631800000000027
11
593.1107759999999871
21
67.5155609999999911
0
LINE
8
BLACK
6
CONTINUOUS
10
593.1107759999999871
20
68.5631800000000027
11
593.2060139999999819
21
68.7536569999999898
0
LINE
8
BLACK
6
CONTINUOUS
10
593.2060139999999819
20
68.7536569999999898
11
593.3964899999999716
21
68.8488949999999988
0
LINE
8
BLACK
6
CONTINUOUS
10
593.3964899999999716
20
68.8488949999999988
11
593.6822039999999561
21
68.8488949999999988
0
LINE
8
BLACK
6
CONTINUOUS
10
593.6822039999999561
20
68.8488949999999988
11
593.8726809999999432
21
68.7536569999999898
0
LINE
8
BLACK
6
CONTINUOUS
10
593.8726809999999432
20
68.7536569999999898
11
593.967918999999938
21
68.5631800000000027
0
LINE
8
BLACK
6
CONTINUOUS
10
593.967918999999938
20
68.5631800000000027
11
593.967918999999938
21
67.5155609999999911
0
LINE
8
BLACK
6
CONTINUOUS
10
596.4441100000000233
20
68.8488949999999988
11
596.4441100000000233
21
66.8488949999999988
0
LINE
8
BLACK
6
CONTINUOUS
10
596.4441100000000233
20
68.7536569999999898
11
596.634586000000013
21
68.8488949999999988
0
LINE
8
BLACK
6
CONTINUOUS
10
596.634586000000013
20
68.8488949999999988
11
597.0155389999999898
21
68.8488949999999988
0
LINE
8
BLACK
6
CONTINUOUS
10
597.0155389999999898
20
68.8488949999999988
11
597.2060149999999794
21
68.7536569999999898
0
LINE
8
BLACK
6
CONTINUOUS
10
597.2060149999999794
20
68.7536569999999898
11
597.3012529999999742
21
68.658418999999995
0
LINE
8
BLACK
6
CONTINUOUS
10
597.3012529999999742
20
68.658418999999995
11
597.3964909999999691
21
68.4679419999999936
0
LINE
8
BLACK
6
CONTINUOUS
10
597.3964909999999691
20
68.4679419999999936
11
597.3964909999999691
21
67.8965139999999963
0
LINE
8
BLACK
6
CONTINUOUS
10
597.3964909999999691
20
67.8965139999999963
11
597.3012529999999742
21
67.7060379999999924
0
LINE
8
BLACK
6
CONTINUOUS
10
597.3012529999999742
20
67.7060379999999924
11
597.2060149999999794
21
67.6107999999999976
0
LINE
8
BLACK
6
CONTINUOUS
10
597.2060149999999794
20
67.6107999999999976
11
597.0155389999999898
21
67.5155609999999911
0
LINE
8
BLACK
6
CONTINUOUS
10
597.0155389999999898
20
67.5155609999999911
11
596.634586000000013
21
67.5155609999999911
0
LINE
8
BLACK
6
CONTINUOUS
10
596.634586000000013
20
67.5155609999999911
11
596.4441100000000233
21
67.6107999999999976
0
LINE
8
BLACK
6
CONTINUOUS
10
599.1107769999999846
20
67.5155609999999911
11
599.1107769999999846
21
68.5631800000000027
0
LINE
8
BLACK
6
CONTINUOUS
10
599.1107769999999846
20
68.5631800000000027
11
599.0155389999999898
21
68.7536569999999898
0
LINE
8
BLACK
6
CONTINUOUS
10
599.0155389999999898
20
68.7536569999999898
11
598.8250630000000001
21
68.8488949999999988
0
LINE
8
BLACK
6
CONTINUOUS
10
598.8250630000000001
20
68.8488949999999988
11
598.4441100000000233
21
68.8488949999999988
0
LINE
8
BLACK
6
CONTINUOUS
10
598.4441100000000233
20
68.8488949999999988
11
598.25363399999992
21
68.7536569999999898
0
LINE
8
BLACK
6
CONTINUOUS
10
599.1107769999999846
20
67.6107999999999976
11
598.9203009999999949
21
67.5155609999999911
0
LINE
8
BLACK
6
CONTINUOUS
10
598.9203009999999949
20
67.5155609999999911
11
598.4441100000000233
21
67.5155609999999911
0
LINE
8
BLACK
6
CONTINUOUS
10
598.4441100000000233
20
67.5155609999999911
11
598.25363399999992
21
67.6107999999999976
0
LINE
8
BLACK
6
CONTINUOUS
10
598.25363399999992
20
67.6107999999999976
11
598.1583959999999252
21
67.8012760000000014
0
LINE
8
BLACK
6
CONTINUOUS
10
598.1583959999999252
20
67.8012760000000014
11
598.1583959999999252
21
67.9917519999999911
0
LINE
8
BLACK
6
CONTINUOUS
10
598.1583959999999252
20
67.9917519999999911
11
598.25363399999992
21
68.1822279999999949
0
LINE
8
BLACK
6
CONTINUOUS
10
598.25363399999992
20
68.1822279999999949
11
598.4441100000000233
21
68.277466000000004
0
LINE
8
BLACK
6
CONTINUOUS
10
598.4441100000000233
20
68.277466000000004
11
598.9203009999999949
21
68.277466000000004
0
LINE
8
BLACK
6
CONTINUOUS
10
598.9203009999999949
20
68.277466000000004
11
599.1107769999999846
21
68.3727039999999988
0
LINE
8
BLACK
6
CONTINUOUS
10
600.0631579999999303
20
68.8488949999999988
11
600.0631579999999303
21
67.5155609999999911
0
LINE
8
BLACK
6
CONTINUOUS
10
600.0631579999999303
20
68.658418999999995
11
600.1583959999999252
21
68.7536569999999898
0
LINE
8
BLACK
6
CONTINUOUS
10
600.1583959999999252
20
68.7536569999999898
11
600.3488720000000285
21
68.8488949999999988
0
LINE
8
BLACK
6
CONTINUOUS
10
600.3488720000000285
20
68.8488949999999988
11
600.6345870000000104
21
68.8488949999999988
0
LINE
8
BLACK
6
CONTINUOUS
10
600.6345870000000104
20
68.8488949999999988
11
600.8250630000000001
21
68.7536569999999898
0
LINE
8
BLACK
6
CONTINUOUS
10
600.8250630000000001
20
68.7536569999999898
11
600.9203009999999949
21
68.5631800000000027
0
LINE
8
BLACK
6
CONTINUOUS
10
600.9203009999999949
20
68.5631800000000027
11
600.9203009999999949
21
67.5155609999999911
0
LINE
8
BLACK
6
CONTINUOUS
10
602.6345870000000104
20
67.6107999999999976
11
602.4441110000000208
21
67.5155609999999911
0
LINE
8
BLACK
6
CONTINUOUS
10
602.4441110000000208
20
67.5155609999999911
11
602.0631579999999303
21
67.5155609999999911
0
LINE
8
BLACK
6
CONTINUOUS
10
602.0631579999999303
20
67.5155609999999911
11
601.8726819999999407
21
67.6107999999999976
0
LINE
8
BLACK
6
CONTINUOUS
10
601.8726819999999407
20
67.6107999999999976
11
601.7774439999999458
21
67.8012760000000014
0
LINE
8
BLACK
6
CONTINUOUS
10
601.7774439999999458
20
67.8012760000000014
11
601.7774439999999458
21
68.5631800000000027
0
LINE
8
BLACK
6
CONTINUOUS
10
601.7774439999999458
20
68.5631800000000027
11
601.8726819999999407
21
68.7536569999999898
0
LINE
8
BLACK
6
CONTINUOUS
10
601.8726819999999407
20
68.7536569999999898
11
602.0631579999999303
21
68.8488949999999988
0
LINE
8
BLACK
6
CONTINUOUS
10
602.0631579999999303
20
68.8488949999999988
11
602.4441110000000208
21
68.8488949999999988
0
LINE
8
BLACK
6
CONTINUOUS
10
602.4441110000000208
20
68.8488949999999988
11
602.6345870000000104
21
68.7536569999999898
0
LINE
8
BLACK
6
CONTINUOUS
10
602.6345870000000104
20
68.7536569999999898
11
602.7298250000000053
21
68.5631800000000027
0
LINE
8
BLACK
6
CONTINUOUS
10
602.7298250000000053
20
68.5631800000000027
11
602.7298250000000053
21
68.3727039999999988
0
LINE
8
BLACK
6
CONTINUOUS
10
602.7298250000000053
20
68.3727039999999988
11
601.7774439999999458
21
68.1822279999999949
0
LINE
8
BLACK
6
CONTINUOUS
10
603.8726819999999407
20
67.5155609999999911
11
603.682205999999951
21
67.6107999999999976
0
LINE
8
BLACK
6
CONTINUOUS
10
603.682205999999951
20
67.6107999999999976
11
603.5869679999999562
21
67.8012760000000014
0
LINE
8
BLACK
6
CONTINUOUS
10
603.5869679999999562
20
67.8012760000000014
11
603.5869679999999562
21
69.5155609999999911
0
LINE
8
BLACK
6
CONTINUOUS
10
604.7298250000000053
20
67.6107999999999976
11
604.7298250000000053
21
67.5155609999999911
0
LINE
8
BLACK
6
CONTINUOUS
10
604.7298250000000053
20
67.5155609999999911
11
604.6345870000000104
21
67.3250850000000014
0
LINE
8
BLACK
6
CONTINUOUS
10
604.6345870000000104
20
67.3250850000000014
11
604.5393490000000156
21
67.2298469999999924
0
LINE
8
BLACK
6
CONTINUOUS
10
607.1107779999999821
20
67.5155609999999911
11
607.1107779999999821
21
68.8488949999999988
0
LINE
8
BLACK
6
CONTINUOUS
10
607.1107779999999821
20
68.4679419999999936
11
607.2060159999999769
21
68.658418999999995
0
LINE
8
BLACK
6
CONTINUOUS
10
607.2060159999999769
20
68.658418999999995
11
607.3012539999999717
21
68.7536569999999898
0
LINE
8
BLACK
6
CONTINUOUS
10
607.3012539999999717
20
68.7536569999999898
11
607.4917299999999614
21
68.8488949999999988
0
LINE
8
BLACK
6
CONTINUOUS
10
607.4917299999999614
20
68.8488949999999988
11
607.6822069999999485
21
68.8488949999999988
0
LINE
8
BLACK
6
CONTINUOUS
10
608.348873000000026
20
67.5155609999999911
11
608.348873000000026
21
68.8488949999999988
0
LINE
8
BLACK
6
CONTINUOUS
10
608.348873000000026
20
69.5155609999999911
11
608.2536349999999175
21
69.4203229999999962
0
LINE
8
BLACK
6
CONTINUOUS
10
608.2536349999999175
20
69.4203229999999962
11
608.348873000000026
21
69.3250850000000014
0
LINE
8
BLACK
6
CONTINUOUS
10
608.348873000000026
20
69.3250850000000014
11
608.4441110000000208
21
69.4203229999999962
0
LINE
8
BLACK
6
CONTINUOUS
10
608.4441110000000208
20
69.4203229999999962
11
608.348873000000026
21
69.5155609999999911
0
LINE
8
BLACK
6
CONTINUOUS
10
608.348873000000026
20
69.5155609999999911
11
608.348873000000026
21
69.3250850000000014
0
LINE
8
BLACK
6
CONTINUOUS
10
610.1583969999999226
20
68.8488949999999988
11
610.1583969999999226
21
67.2298469999999924
0
LINE
8
BLACK
6
CONTINUOUS
10
610.1583969999999226
20
67.2298469999999924
11
610.0631589999999278
21
67.0393710000000027
0
LINE
8
BLACK
6
CONTINUOUS
10
610.0631589999999278
20
67.0393710000000027
11
609.967920999999933
21
66.9441329999999937
0
LINE
8
BLACK
6
CONTINUOUS
10
609.967920999999933
20
66.9441329999999937
11
609.7774439999999458
21
66.8488949999999988
0
LINE
8
BLACK
6
CONTINUOUS
10
609.7774439999999458
20
66.8488949999999988
11
609.4917299999999614
21
66.8488949999999988
0
LINE
8
BLACK
6
CONTINUOUS
10
609.4917299999999614
20
66.8488949999999988
11
609.3012539999999717
21
66.9441329999999937
0
LINE
8
BLACK
6
CONTINUOUS
10
610.1583969999999226
20
67.6107999999999976
11
609.967920999999933
21
67.5155609999999911
0
LINE
8
BLACK
6
CONTINUOUS
10
609.967920999999933
20
67.5155609999999911
11
609.5869679999999562
21
67.5155609999999911
0
LINE
8
BLACK
6
CONTINUOUS
10
609.5869679999999562
20
67.5155609999999911
11
609.3964919999999665
21
67.6107999999999976
0
LINE
8
BLACK
6
CONTINUOUS
10
609.3964919999999665
20
67.6107999999999976
11
609.3012539999999717
21
67.7060379999999924
0
LINE
8
BLACK
6
CONTINUOUS
10
609.3012539999999717
20
67.7060379999999924
11
609.2060159999999769
21
67.8965139999999963
0
LINE
8
BLACK
6
CONTINUOUS
10
609.2060159999999769
20
67.8965139999999963
11
609.2060159999999769
21
68.4679419999999936
0
LINE
8
BLACK
6
CONTINUOUS
10
609.2060159999999769
20
68.4679419999999936
11
609.3012539999999717
21
68.658418999999995
0
LINE
8
BLACK
6
CONTINUOUS
10
609.3012539999999717
20
68.658418999999995
11
609.3964919999999665
21
68.7536569999999898
0
LINE
8
BLACK
6
CONTINUOUS
10
609.3964919999999665
20
68.7536569999999898
11
609.5869679999999562
21
68.8488949999999988
0
LINE
8
BLACK
6
CONTINUOUS
10
609.5869679999999562
20
68.8488949999999988
11
609.967920999999933
21
68.8488949999999988
0
LINE
8
BLACK
6
CONTINUOUS
10
609.967920999999933
20
68.8488949999999988
11
610.1583969999999226
21
68.7536569999999898
0
LINE
8
BLACK
6
CONTINUOUS
10
611.1107779999999821
20
67.5155609999999911
11
611.1107779999999821
21
69.5155609999999911
0
LINE
8
BLACK
6
CONTINUOUS
10
611.967920999999933
20
67.5155609999999911
11
611.967920999999933
21
68.5631800000000027
0
LINE
8
BLACK
6
CONTINUOUS
10
611.967920999999933
20
68.5631800000000027
11
611.8726829999999381
21
68.7536569999999898
0
LINE
8
BLACK
6
CONTINUOUS
10
611.8726829999999381
20
68.7536569999999898
11
611.6822069999999485
21
68.8488949999999988
0
LINE
8
BLACK
6
CONTINUOUS
10
611.6822069999999485
20
68.8488949999999988
11
611.3964919999999665
21
68.8488949999999988
0
LINE
8
BLACK
6
CONTINUOUS
10
611.3964919999999665
20
68.8488949999999988
11
611.2060159999999769
21
68.7536569999999898
0
LINE
8
BLACK
6
CONTINUOUS
10
611.2060159999999769
20
68.7536569999999898
11
611.1107779999999821
21
68.658418999999995
0
LINE
8
BLACK
6
CONTINUOUS
10
612.6345880000000079
20
68.8488949999999988
11
613.3964919999999665
21
68.8488949999999988
0
LINE
8
BLACK
6
CONTINUOUS
10
612.9203019999999924
20
69.5155609999999911
11
612.9203019999999924
21
67.8012760000000014
0
LINE
8
BLACK
6
CONTINUOUS
10
612.9203019999999924
20
67.8012760000000014
11
613.0155399999999872
21
67.6107999999999976
0
LINE
8
BLACK
6
CONTINUOUS
10
613.0155399999999872
20
67.6107999999999976
11
613.2060159999999769
21
67.5155609999999911
0
LINE
8
BLACK
6
CONTINUOUS
10
613.2060159999999769
20
67.5155609999999911
11
613.3964919999999665
21
67.5155609999999911
0
LINE
8
BLACK
6
CONTINUOUS
10
615.396492999999964
20
68.8488949999999988
11
615.8726829999999381
21
67.5155609999999911
0
LINE
8
BLACK
6
CONTINUOUS
10
615.8726829999999381
20
67.5155609999999911
11
616.3488740000000234
21
68.8488949999999988
0
LINE
8
BLACK
6
CONTINUOUS
10
617.1107789999999795
20
67.5155609999999911
11
617.1107789999999795
21
68.8488949999999988
0
LINE
8
BLACK
6
CONTINUOUS
10
617.1107789999999795
20
69.5155609999999911
11
617.0155409999999847
21
69.4203229999999962
0
LINE
8
BLACK
6
CONTINUOUS
10
617.0155409999999847
20
69.4203229999999962
11
617.1107789999999795
21
69.3250850000000014
0
LINE
8
BLACK
6
CONTINUOUS
10
617.1107789999999795
20
69.3250850000000014
11
617.2060169999999744
21
69.4203229999999962
0
LINE
8
BLACK
6
CONTINUOUS
10
617.2060169999999744
20
69.4203229999999962
11
617.1107789999999795
21
69.5155609999999911
0
LINE
8
BLACK
6
CONTINUOUS
10
617.1107789999999795
20
69.5155609999999911
11
617.1107789999999795
21
69.3250850000000014
0
LINE
8
BLACK
6
CONTINUOUS
10
618.8250649999999951
20
67.6107999999999976
11
618.6345890000000054
21
67.5155609999999911
0
LINE
8
BLACK
6
CONTINUOUS
10
618.6345890000000054
20
67.5155609999999911
11
618.2536360000000286
21
67.5155609999999911
0
LINE
8
BLACK
6
CONTINUOUS
10
618.2536360000000286
20
67.5155609999999911
11
618.0631599999999253
21
67.6107999999999976
0
LINE
8
BLACK
6
CONTINUOUS
10
618.0631599999999253
20
67.6107999999999976
11
617.9679219999999304
21
67.8012760000000014
0
LINE
8
BLACK
6
CONTINUOUS
10
617.9679219999999304
20
67.8012760000000014
11
617.9679219999999304
21
68.5631800000000027
0
LINE
8
BLACK
6
CONTINUOUS
10
617.9679219999999304
20
68.5631800000000027
11
618.0631599999999253
21
68.7536569999999898
0
LINE
8
BLACK
6
CONTINUOUS
10
618.0631599999999253
20
68.7536569999999898
11
618.2536360000000286
21
68.8488949999999988
0
LINE
8
BLACK
6
CONTINUOUS
10
618.2536360000000286
20
68.8488949999999988
11
618.6345890000000054
21
68.8488949999999988
0
LINE
8
BLACK
6
CONTINUOUS
10
618.6345890000000054
20
68.8488949999999988
11
618.8250649999999951
21
68.7536569999999898
0
LINE
8
BLACK
6
CONTINUOUS
10
618.8250649999999951
20
68.7536569999999898
11
618.9203029999999899
21
68.5631800000000027
0
LINE
8
BLACK
6
CONTINUOUS
10
618.9203029999999899
20
68.5631800000000027
11
618.9203029999999899
21
68.3727039999999988
0
LINE
8
BLACK
6
CONTINUOUS
10
618.9203029999999899
20
68.3727039999999988
11
617.9679219999999304
21
68.1822279999999949
0
LINE
8
BLACK
6
CONTINUOUS
10
619.5869699999999511
20
68.8488949999999988
11
619.9679219999999304
21
67.5155609999999911
0
LINE
8
BLACK
6
CONTINUOUS
10
619.9679219999999304
20
67.5155609999999911
11
620.3488750000000209
21
68.4679419999999936
0
LINE
8
BLACK
6
CONTINUOUS
10
620.3488750000000209
20
68.4679419999999936
11
620.7298270000000002
21
67.5155609999999911
0
LINE
8
BLACK
6
CONTINUOUS
10
620.7298270000000002
20
67.5155609999999911
11
621.1107789999999795
21
68.8488949999999988
0
LINE
8
BLACK
6
CONTINUOUS
10
294.9060139999999706
20
160.0631799999999885
11
295.1917280000000119
21
159.9679419999999936
0
LINE
8
BLACK
6
CONTINUOUS
10
295.1917280000000119
20
159.9679419999999936
11
295.2869660000000067
21
159.8727039999999988
0
LINE
8
BLACK
6
CONTINUOUS
10
295.2869660000000067
20
159.8727039999999988
11
295.3822040000000015
21
159.6822279999999807
0
LINE
8
BLACK
6
CONTINUOUS
10
295.3822040000000015
20
159.6822279999999807
11
295.3822040000000015
21
159.3965139999999963
0
LINE
8
BLACK
6
CONTINUOUS
10
295.3822040000000015
20
159.3965139999999963
11
295.2869660000000067
21
159.2060380000000066
0
LINE
8
BLACK
6
CONTINUOUS
10
295.2869660000000067
20
159.2060380000000066
11
295.1917280000000119
21
159.1107999999999834
0
LINE
8
BLACK
6
CONTINUOUS
10
295.1917280000000119
20
159.1107999999999834
11
295.0012519999999654
21
159.0155609999999911
0
LINE
8
BLACK
6
CONTINUOUS
10
295.0012519999999654
20
159.0155609999999911
11
294.2393470000000093
21
159.0155609999999911
0
LINE
8
BLACK
6
CONTINUOUS
10
294.2393470000000093
20
159.0155609999999911
11
294.2393470000000093
21
161.0155609999999911
0
LINE
8
BLACK
6
CONTINUOUS
10
294.2393470000000093
20
161.0155609999999911
11
294.9060139999999706
21
161.0155609999999911
0
LINE
8
BLACK
6
CONTINUOUS
10
294.9060139999999706
20
161.0155609999999911
11
295.0964899999999602
21
160.9203229999999962
0
LINE
8
BLACK
6
CONTINUOUS
10
295.0964899999999602
20
160.9203229999999962
11
295.1917280000000119
21
160.8250850000000014
0
LINE
8
BLACK
6
CONTINUOUS
10
295.1917280000000119
20
160.8250850000000014
11
295.2869660000000067
21
160.6346089999999833
0
LINE
8
BLACK
6
CONTINUOUS
10
295.2869660000000067
20
160.6346089999999833
11
295.2869660000000067
21
160.4441329999999937
0
LINE
8
BLACK
6
CONTINUOUS
10
295.2869660000000067
20
160.4441329999999937
11
295.1917280000000119
21
160.253657000000004
0
LINE
8
BLACK
6
CONTINUOUS
10
295.1917280000000119
20
160.253657000000004
11
295.0964899999999602
21
160.1584189999999808
0
LINE
8
BLACK
6
CONTINUOUS
10
295.0964899999999602
20
160.1584189999999808
11
294.9060139999999706
21
160.0631799999999885
0
LINE
8
BLACK
6
CONTINUOUS
10
294.9060139999999706
20
160.0631799999999885
11
294.2393470000000093
21
160.0631799999999885
0
LINE
8
BLACK
6
CONTINUOUS
10
296.5250609999999938
20
159.0155609999999911
11
296.3345850000000041
21
159.1107999999999834
0
LINE
8
BLACK
6
CONTINUOUS
10
296.3345850000000041
20
159.1107999999999834
11
296.2393470000000093
21
159.2060380000000066
0
LINE
8
BLACK
6
CONTINUOUS
10
296.2393470000000093
20
159.2060380000000066
11
296.1441090000000145
21
159.3965139999999963
0
LINE
8
BLACK
6
CONTINUOUS
10
296.1441090000000145
20
159.3965139999999963
11
296.1441090000000145
21
159.9679419999999936
0
LINE
8
BLACK
6
CONTINUOUS
10
296.1441090000000145
20
159.9679419999999936
11
296.2393470000000093
21
160.1584189999999808
0
LINE
8
BLACK
6
CONTINUOUS
10
296.2393470000000093
20
160.1584189999999808
11
296.3345850000000041
21
160.253657000000004
0
LINE
8
BLACK
6
CONTINUOUS
10
296.3345850000000041
20
160.253657000000004
11
296.5250609999999938
21
160.3488949999999988
0
LINE
8
BLACK
6
CONTINUOUS
10
296.5250609999999938
20
160.3488949999999988
11
296.8107759999999757
21
160.3488949999999988
0
LINE
8
BLACK
6
CONTINUOUS
10
296.8107759999999757
20
160.3488949999999988
11
297.0012519999999654
21
160.253657000000004
0
LINE
8
BLACK
6
CONTINUOUS
10
297.0012519999999654
20
160.253657000000004
11
297.0964899999999602
21
160.1584189999999808
0
LINE
8
BLACK
6
CONTINUOUS
10
297.0964899999999602
20
160.1584189999999808
11
297.1917280000000119
21
159.9679419999999936
0
LINE
8
BLACK
6
CONTINUOUS
10
297.1917280000000119
20
159.9679419999999936
11
297.1917280000000119
21
159.3965139999999963
0
LINE
8
BLACK
6
CONTINUOUS
10
297.1917280000000119
20
159.3965139999999963
11
297.0964899999999602
21
159.2060380000000066
0
LINE
8
BLACK
6
CONTINUOUS
10
297.0964899999999602
20
159.2060380000000066
11
297.0012519999999654
21
159.1107999999999834
0
LINE
8
BLACK
6
CONTINUOUS
10
297.0012519999999654
20
159.1107999999999834
11
296.8107759999999757
21
159.0155609999999911
0
LINE
8
BLACK
6
CONTINUOUS
10
296.8107759999999757
20
159.0155609999999911
11
296.5250609999999938
21
159.0155609999999911
0
LINE
8
BLACK
6
CONTINUOUS
10
297.7631569999999783
20
160.3488949999999988
11
298.5250609999999938
21
160.3488949999999988
0
LINE
8
BLACK
6
CONTINUOUS
10
298.0488709999999628
20
161.0155609999999911
11
298.0488709999999628
21
159.3012760000000014
0
LINE
8
BLACK
6
CONTINUOUS
10
298.0488709999999628
20
159.3012760000000014
11
298.1441090000000145
21
159.1107999999999834
0
LINE
8
BLACK
6
CONTINUOUS
10
298.1441090000000145
20
159.1107999999999834
11
298.3345850000000041
21
159.0155609999999911
0
LINE
8
BLACK
6
CONTINUOUS
10
298.3345850000000041
20
159.0155609999999911
11
298.5250609999999938
21
159.0155609999999911
0
LINE
8
BLACK
6
CONTINUOUS
10
298.9060139999999706
20
160.3488949999999988
11
299.667917999999986
21
160.3488949999999988
0
LINE
8
BLACK
6
CONTINUOUS
10
299.1917280000000119
20
161.0155609999999911
11
299.1917280000000119
21
159.3012760000000014
0
LINE
8
BLACK
6
CONTINUOUS
10
299.1917280000000119
20
159.3012760000000014
11
299.2869660000000067
21
159.1107999999999834
0
LINE
8
BLACK
6
CONTINUOUS
10
299.2869660000000067
20
159.1107999999999834
11
299.4774419999999964
21
159.0155609999999911
0
LINE
8
BLACK
6
CONTINUOUS
10
299.4774419999999964
20
159.0155609999999911
11
299.667917999999986
21
159.0155609999999911
0
LINE
8
BLACK
6
CONTINUOUS
10
300.6202989999999886
20
159.0155609999999911
11
300.429822999999999
21
159.1107999999999834
0
LINE
8
BLACK
6
CONTINUOUS
10
300.429822999999999
20
159.1107999999999834
11
300.3345850000000041
21
159.2060380000000066
0
LINE
8
BLACK
6
CONTINUOUS
10
300.3345850000000041
20
159.2060380000000066
11
300.2393470000000093
21
159.3965139999999963
0
LINE
8
BLACK
6
CONTINUOUS
10
300.2393470000000093
20
159.3965139999999963
11
300.2393470000000093
21
159.9679419999999936
0
LINE
8
BLACK
6
CONTINUOUS
10
300.2393470000000093
20
159.9679419999999936
11
300.3345850000000041
21
160.1584189999999808
0
LINE
8
BLACK
6
CONTINUOUS
10
300.3345850000000041
20
160.1584189999999808
11
300.429822999999999
21
160.253657000000004
0
LINE
8
BLACK
6
CONTINUOUS
10
300.429822999999999
20
160.253657000000004
11
300.6202989999999886
21
160.3488949999999988
0
LINE
8
BLACK
6
CONTINUOUS
10
300.6202989999999886
20
160.3488949999999988
11
300.9060139999999706
21
160.3488949999999988
0
LINE
8
BLACK
6
CONTINUOUS
10
300.9060139999999706
20
160.3488949999999988
11
301.0964899999999602
21
160.253657000000004
0
LINE
8
BLACK
6
CONTINUOUS
10
301.0964899999999602
20
160.253657000000004
11
301.1917280000000119
21
160.1584189999999808
0
LINE
8
BLACK
6
CONTINUOUS
10
301.1917280000000119
20
160.1584189999999808
11
301.2869660000000067
21
159.9679419999999936
0
LINE
8
BLACK
6
CONTINUOUS
10
301.2869660000000067
20
159.9679419999999936
11
301.2869660000000067
21
159.3965139999999963
0
LINE
8
BLACK
6
CONTINUOUS
10
301.2869660000000067
20
159.3965139999999963
11
301.1917280000000119
21
159.2060380000000066
0
LINE
8
BLACK
6
CONTINUOUS
10
301.1917280000000119
20
159.2060380000000066
11
301.0964899999999602
21
159.1107999999999834
0
LINE
8
BLACK
6
CONTINUOUS
10
301.0964899999999602
20
159.1107999999999834
11
300.9060139999999706
21
159.0155609999999911
0
LINE
8
BLACK
6
CONTINUOUS
10
300.9060139999999706
20
159.0155609999999911
11
300.6202989999999886
21
159.0155609999999911
0
LINE
8
BLACK
6
CONTINUOUS
10
302.1441090000000145
20
159.0155609999999911
11
302.1441090000000145
21
160.3488949999999988
0
LINE
8
BLACK
6
CONTINUOUS
10
302.1441090000000145
20
160.1584189999999808
11
302.2393470000000093
21
160.253657000000004
0
LINE
8
BLACK
6
CONTINUOUS
10
302.2393470000000093
20
160.253657000000004
11
302.429822999999999
21
160.3488949999999988
0
LINE
8
BLACK
6
CONTINUOUS
10
302.429822999999999
20
160.3488949999999988
11
302.7155379999999809
21
160.3488949999999988
0
LINE
8
BLACK
6
CONTINUOUS
10
302.7155379999999809
20
160.3488949999999988
11
302.9060139999999706
21
160.253657000000004
0
LINE
8
BLACK
6
CONTINUOUS
10
302.9060139999999706
20
160.253657000000004
11
303.0012519999999654
21
160.0631799999999885
0
LINE
8
BLACK
6
CONTINUOUS
10
303.0012519999999654
20
160.0631799999999885
11
303.0012519999999654
21
159.0155609999999911
0
LINE
8
BLACK
6
CONTINUOUS
10
303.0012519999999654
20
160.0631799999999885
11
303.0964899999999602
21
160.253657000000004
0
LINE
8
BLACK
6
CONTINUOUS
10
303.0964899999999602
20
160.253657000000004
11
303.2869660000000067
21
160.3488949999999988
0
LINE
8
BLACK
6
CONTINUOUS
10
303.2869660000000067
20
160.3488949999999988
11
303.5726799999999912
21
160.3488949999999988
0
LINE
8
BLACK
6
CONTINUOUS
10
303.5726799999999912
20
160.3488949999999988
11
303.7631569999999783
21
160.253657000000004
0
LINE
8
BLACK
6
CONTINUOUS
10
303.7631569999999783
20
160.253657000000004
11
303.8583949999999732
21
160.0631799999999885
0
LINE
8
BLACK
6
CONTINUOUS
10
303.8583949999999732
20
160.0631799999999885
11
303.8583949999999732
21
159.0155609999999911
0
LINE
8
BLACK
6
CONTINUOUS
10
306.3345860000000016
20
160.3488949999999988
11
306.3345860000000016
21
158.3488949999999988
0
LINE
8
BLACK
6
CONTINUOUS
10
306.3345860000000016
20
160.253657000000004
11
306.5250619999999913
21
160.3488949999999988
0
LINE
8
BLACK
6
CONTINUOUS
10
306.5250619999999913
20
160.3488949999999988
11
306.906014999999968
21
160.3488949999999988
0
LINE
8
BLACK
6
CONTINUOUS
10
306.906014999999968
20
160.3488949999999988
11
307.0964909999999577
21
160.253657000000004
0
LINE
8
BLACK
6
CONTINUOUS
10
307.0964909999999577
20
160.253657000000004
11
307.1917290000000094
21
160.1584189999999808
0
LINE
8
BLACK
6
CONTINUOUS
10
307.1917290000000094
20
160.1584189999999808
11
307.2869670000000042
21
159.9679419999999936
0
LINE
8
BLACK
6
CONTINUOUS
10
307.2869670000000042
20
159.9679419999999936
11
307.2869670000000042
21
159.3965139999999963
0
LINE
8
BLACK
6
CONTINUOUS
10
307.2869670000000042
20
159.3965139999999963
11
307.1917290000000094
21
159.2060380000000066
0
LINE
8
BLACK
6
CONTINUOUS
10
307.1917290000000094
20
159.2060380000000066
11
307.0964909999999577
21
159.1107999999999834
0
LINE
8
BLACK
6
CONTINUOUS
10
307.0964909999999577
20
159.1107999999999834
11
306.906014999999968
21
159.0155609999999911
0
LINE
8
BLACK
6
CONTINUOUS
10
306.906014999999968
20
159.0155609999999911
11
306.5250619999999913
21
159.0155609999999911
0
LINE
8
BLACK
6
CONTINUOUS
10
306.5250619999999913
20
159.0155609999999911
11
306.3345860000000016
21
159.1107999999999834
0
LINE
8
BLACK
6
CONTINUOUS
10
309.0012529999999629
20
159.0155609999999911
11
309.0012529999999629
21
160.0631799999999885
0
LINE
8
BLACK
6
CONTINUOUS
10
309.0012529999999629
20
160.0631799999999885
11
308.906014999999968
21
160.253657000000004
0
LINE
8
BLACK
6
CONTINUOUS
10
308.906014999999968
20
160.253657000000004
11
308.7155389999999784
21
160.3488949999999988
0
LINE
8
BLACK
6
CONTINUOUS
10
308.7155389999999784
20
160.3488949999999988
11
308.3345860000000016
21
160.3488949999999988
0
LINE
8
BLACK
6
CONTINUOUS
10
308.3345860000000016
20
160.3488949999999988
11
308.144110000000012
21
160.253657000000004
0
LINE
8
BLACK
6
CONTINUOUS
10
309.0012529999999629
20
159.1107999999999834
11
308.8107769999999732
21
159.0155609999999911
0
LINE
8
BLACK
6
CONTINUOUS
10
308.8107769999999732
20
159.0155609999999911
11
308.3345860000000016
21
159.0155609999999911
0
LINE
8
BLACK
6
CONTINUOUS
10
308.3345860000000016
20
159.0155609999999911
11
308.144110000000012
21
159.1107999999999834
0
LINE
8
BLACK
6
CONTINUOUS
10
308.144110000000012
20
159.1107999999999834
11
308.0488719999999603
21
159.3012760000000014
0
LINE
8
BLACK
6
CONTINUOUS
10
308.0488719999999603
20
159.3012760000000014
11
308.0488719999999603
21
159.4917519999999911
0
LINE
8
BLACK
6
CONTINUOUS
10
308.0488719999999603
20
159.4917519999999911
11
308.144110000000012
21
159.6822279999999807
0
LINE
8
BLACK
6
CONTINUOUS
10
308.144110000000012
20
159.6822279999999807
11
308.3345860000000016
21
159.777466000000004
0
LINE
8
BLACK
6
CONTINUOUS
10
308.3345860000000016
20
159.777466000000004
11
308.8107769999999732
21
159.777466000000004
0
LINE
8
BLACK
6
CONTINUOUS
10
308.8107769999999732
20
159.777466000000004
11
309.0012529999999629
21
159.8727039999999988
0
LINE
8
BLACK
6
CONTINUOUS
10
309.9536339999999655
20
160.3488949999999988
11
309.9536339999999655
21
159.0155609999999911
0
LINE
8
BLACK
6
CONTINUOUS
10
309.9536339999999655
20
160.1584189999999808
11
310.0488719999999603
21
160.253657000000004
0
LINE
8
BLACK
6
CONTINUOUS
10
310.0488719999999603
20
160.253657000000004
11
310.2393480000000068
21
160.3488949999999988
0
LINE
8
BLACK
6
CONTINUOUS
10
310.2393480000000068
20
160.3488949999999988
11
310.5250629999999887
21
160.3488949999999988
0
LINE
8
BLACK
6
CONTINUOUS
10
310.5250629999999887
20
160.3488949999999988
11
310.7155389999999784
21
160.253657000000004
0
LINE
8
BLACK
6
CONTINUOUS
10
310.7155389999999784
20
160.253657000000004
11
310.8107769999999732
21
160.0631799999999885
0
LINE
8
BLACK
6
CONTINUOUS
10
310.8107769999999732
20
160.0631799999999885
11
310.8107769999999732
21
159.0155609999999911
0
LINE
8
BLACK
6
CONTINUOUS
10
312.5250629999999887
20
159.1107999999999834
11
312.3345869999999991
21
159.0155609999999911
0
LINE
8
BLACK
6
CONTINUOUS
10
312.3345869999999991
20
159.0155609999999911
11
311.9536339999999655
21
159.0155609999999911
0
LINE
8
BLACK
6
CONTINUOUS
10
311.9536339999999655
20
159.0155609999999911
11
311.7631579999999758
21
159.1107999999999834
0
LINE
8
BLACK
6
CONTINUOUS
10
311.7631579999999758
20
159.1107999999999834
11
311.667919999999981
21
159.3012760000000014
0
LINE
8
BLACK
6
CONTINUOUS
10
311.667919999999981
20
159.3012760000000014
11
311.667919999999981
21
160.0631799999999885
0
LINE
8
BLACK
6
CONTINUOUS
10
311.667919999999981
20
160.0631799999999885
11
311.7631579999999758
21
160.253657000000004
0
LINE
8
BLACK
6
CONTINUOUS
10
311.7631579999999758
20
160.253657000000004
11
311.9536339999999655
21
160.3488949999999988
0
LINE
8
BLACK
6
CONTINUOUS
10
311.9536339999999655
20
160.3488949999999988
11
312.3345869999999991
21
160.3488949999999988
0
LINE
8
BLACK
6
CONTINUOUS
10
312.3345869999999991
20
160.3488949999999988
11
312.5250629999999887
21
160.253657000000004
0
LINE
8
BLACK
6
CONTINUOUS
10
312.5250629999999887
20
160.253657000000004
11
312.6203009999999836
21
160.0631799999999885
0
LINE
8
BLACK
6
CONTINUOUS
10
312.6203009999999836
20
160.0631799999999885
11
312.6203009999999836
21
159.8727039999999988
0
LINE
8
BLACK
6
CONTINUOUS
10
312.6203009999999836
20
159.8727039999999988
11
311.667919999999981
21
159.6822279999999807
0
LINE
8
BLACK
6
CONTINUOUS
10
313.7631579999999758
20
159.0155609999999911
11
313.5726819999999861
21
159.1107999999999834
0
LINE
8
BLACK
6
CONTINUOUS
10
313.5726819999999861
20
159.1107999999999834
11
313.4774439999999913
21
159.3012760000000014
0
LINE
8
BLACK
6
CONTINUOUS
10
313.4774439999999913
20
159.3012760000000014
11
313.4774439999999913
21
161.0155609999999911
0
LINE
8
BLACK
6
CONTINUOUS
10
314.6203009999999836
20
159.1107999999999834
11
314.6203009999999836
21
159.0155609999999911
0
LINE
8
BLACK
6
CONTINUOUS
10
314.6203009999999836
20
159.0155609999999911
11
314.5250629999999887
21
158.8250850000000014
0
LINE
8
BLACK
6
CONTINUOUS
10
314.5250629999999887
20
158.8250850000000014
11
314.4298249999999939
21
158.7298470000000066
0
LINE
8
BLACK
6
CONTINUOUS
10
316.7155399999999759
20
160.3488949999999988
11
317.4774439999999913
21
160.3488949999999988
0
LINE
8
BLACK
6
CONTINUOUS
10
317.0012539999999603
20
159.0155609999999911
11
317.0012539999999603
21
160.7298470000000066
0
LINE
8
BLACK
6
CONTINUOUS
10
317.0012539999999603
20
160.7298470000000066
11
317.096492000000012
21
160.9203229999999962
0
LINE
8
BLACK
6
CONTINUOUS
10
317.096492000000012
20
160.9203229999999962
11
317.2869680000000017
21
161.0155609999999911
0
LINE
8
BLACK
6
CONTINUOUS
10
317.2869680000000017
20
161.0155609999999911
11
317.4774439999999913
21
161.0155609999999911
0
LINE
8
BLACK
6
CONTINUOUS
10
318.1441110000000094
20
159.0155609999999911
11
318.1441110000000094
21
160.3488949999999988
0
LINE
8
BLACK
6
CONTINUOUS
10
318.1441110000000094
20
159.9679419999999936
11
318.2393490000000043
21
160.1584189999999808
0
LINE
8
BLACK
6
CONTINUOUS
10
318.2393490000000043
20
160.1584189999999808
11
318.3345869999999991
21
160.253657000000004
0
LINE
8
BLACK
6
CONTINUOUS
10
318.3345869999999991
20
160.253657000000004
11
318.5250629999999887
21
160.3488949999999988
0
LINE
8
BLACK
6
CONTINUOUS
10
318.5250629999999887
20
160.3488949999999988
11
318.7155399999999759
21
160.3488949999999988
0
LINE
8
BLACK
6
CONTINUOUS
10
319.667919999999981
20
159.0155609999999911
11
319.4774439999999913
21
159.1107999999999834
0
LINE
8
BLACK
6
CONTINUOUS
10
319.4774439999999913
20
159.1107999999999834
11
319.3822059999999965
21
159.2060380000000066
0
LINE
8
BLACK
6
CONTINUOUS
10
319.3822059999999965
20
159.2060380000000066
11
319.2869680000000017
21
159.3965139999999963
0
LINE
8
BLACK
6
CONTINUOUS
10
319.2869680000000017
20
159.3965139999999963
11
319.2869680000000017
21
159.9679419999999936
0
LINE
8
BLACK
6
CONTINUOUS
10
319.2869680000000017
20
159.9679419999999936
11
319.3822059999999965
21
160.1584189999999808
0
LINE
8
BLACK
6
CONTINUOUS
10
319.3822059999999965
20
160.1584189999999808
11
319.4774439999999913
21
160.253657000000004
0
LINE
8
BLACK
6
CONTINUOUS
10
319.4774439999999913
20
160.253657000000004
11
319.667919999999981
21
160.3488949999999988
0
LINE
8
BLACK
6
CONTINUOUS
10
319.667919999999981
20
160.3488949999999988
11
319.9536349999999629
21
160.3488949999999988
0
LINE
8
BLACK
6
CONTINUOUS
10
319.9536349999999629
20
160.3488949999999988
11
320.1441110000000094
21
160.253657000000004
0
LINE
8
BLACK
6
CONTINUOUS
10
320.1441110000000094
20
160.253657000000004
11
320.2393490000000043
21
160.1584189999999808
0
LINE
8
BLACK
6
CONTINUOUS
10
320.2393490000000043
20
160.1584189999999808
11
320.3345869999999991
21
159.9679419999999936
0
LINE
8
BLACK
6
CONTINUOUS
10
320.3345869999999991
20
159.9679419999999936
11
320.3345869999999991
21
159.3965139999999963
0
LINE
8
BLACK
6
CONTINUOUS
10
320.3345869999999991
20
159.3965139999999963
11
320.2393490000000043
21
159.2060380000000066
0
LINE
8
BLACK
6
CONTINUOUS
10
320.2393490000000043
20
159.2060380000000066
11
320.1441110000000094
21
159.1107999999999834
0
LINE
8
BLACK
6
CONTINUOUS
10
320.1441110000000094
20
159.1107999999999834
11
319.9536349999999629
21
159.0155609999999911
0
LINE
8
BLACK
6
CONTINUOUS
10
319.9536349999999629
20
159.0155609999999911
11
319.667919999999981
21
159.0155609999999911
0
LINE
8
BLACK
6
CONTINUOUS
10
321.1917300000000068
20
160.3488949999999988
11
321.1917300000000068
21
159.0155609999999911
0
LINE
8
BLACK
6
CONTINUOUS
10
321.1917300000000068
20
160.1584189999999808
11
321.2869680000000017
21
160.253657000000004
0
LINE
8
BLACK
6
CONTINUOUS
10
321.2869680000000017
20
160.253657000000004
11
321.4774439999999913
21
160.3488949999999988
0
LINE
8
BLACK
6
CONTINUOUS
10
321.4774439999999913
20
160.3488949999999988
11
321.7631589999999733
21
160.3488949999999988
0
LINE
8
BLACK
6
CONTINUOUS
10
321.7631589999999733
20
160.3488949999999988
11
321.9536349999999629
21
160.253657000000004
0
LINE
8
BLACK
6
CONTINUOUS
10
321.9536349999999629
20
160.253657000000004
11
322.0488729999999578
21
160.0631799999999885
0
LINE
8
BLACK
6
CONTINUOUS
10
322.0488729999999578
20
160.0631799999999885
11
322.0488729999999578
21
159.0155609999999911
0
LINE
8
BLACK
6
CONTINUOUS
10
322.7155399999999759
20
160.3488949999999988
11
323.4774439999999913
21
160.3488949999999988
0
LINE
8
BLACK
6
CONTINUOUS
10
323.0012539999999603
20
161.0155609999999911
11
323.0012539999999603
21
159.3012760000000014
0
LINE
8
BLACK
6
CONTINUOUS
10
323.0012539999999603
20
159.3012760000000014
11
323.096492000000012
21
159.1107999999999834
0
LINE
8
BLACK
6
CONTINUOUS
10
323.096492000000012
20
159.1107999999999834
11
323.2869680000000017
21
159.0155609999999911
0
LINE
8
BLACK
6
CONTINUOUS
10
323.2869680000000017
20
159.0155609999999911
11
323.4774439999999913
21
159.0155609999999911
0
LINE
8
BLACK
6
CONTINUOUS
10
325.4774449999999888
20
160.3488949999999988
11
325.9536349999999629
21
159.0155609999999911
0
LINE
8
BLACK
6
CONTINUOUS
10
325.9536349999999629
20
159.0155609999999911
11
326.4298259999999914
21
160.3488949999999988
0
LINE
8
BLACK
6
CONTINUOUS
10
327.1917310000000043
20
159.0155609999999911
11
327.1917310000000043
21
160.3488949999999988
0
LINE
8
BLACK
6
CONTINUOUS
10
327.1917310000000043
20
161.0155609999999911
11
327.0964930000000095
21
160.9203229999999962
0
LINE
8
BLACK
6
CONTINUOUS
10
327.0964930000000095
20
160.9203229999999962
11
327.1917310000000043
21
160.8250850000000014
0
LINE
8
BLACK
6
CONTINUOUS
10
327.1917310000000043
20
160.8250850000000014
11
327.2869689999999991
21
160.9203229999999962
0
LINE
8
BLACK
6
CONTINUOUS
10
327.2869689999999991
20
160.9203229999999962
11
327.1917310000000043
21
161.0155609999999911
0
LINE
8
BLACK
6
CONTINUOUS
10
327.1917310000000043
20
161.0155609999999911
11
327.1917310000000043
21
160.8250850000000014
0
LINE
8
BLACK
6
CONTINUOUS
10
328.906016999999963
20
159.1107999999999834
11
328.7155409999999733
21
159.0155609999999911
0
LINE
8
BLACK
6
CONTINUOUS
10
328.7155409999999733
20
159.0155609999999911
11
328.3345879999999966
21
159.0155609999999911
0
LINE
8
BLACK
6
CONTINUOUS
10
328.3345879999999966
20
159.0155609999999911
11
328.1441120000000069
21
159.1107999999999834
0
LINE
8
BLACK
6
CONTINUOUS
10
328.1441120000000069
20
159.1107999999999834
11
328.0488740000000121
21
159.3012760000000014
0
LINE
8
BLACK
6
CONTINUOUS
10
328.0488740000000121
20
159.3012760000000014
11
328.0488740000000121
21
160.0631799999999885
0
LINE
8
BLACK
6
CONTINUOUS
10
328.0488740000000121
20
160.0631799999999885
11
328.1441120000000069
21
160.253657000000004
0
LINE
8
BLACK
6
CONTINUOUS
10
328.1441120000000069
20
160.253657000000004
11
328.3345879999999966
21
160.3488949999999988
0
LINE
8
BLACK
6
CONTINUOUS
10
328.3345879999999966
20
160.3488949999999988
11
328.7155409999999733
21
160.3488949999999988
0
LINE
8
BLACK
6
CONTINUOUS
10
328.7155409999999733
20
160.3488949999999988
11
328.906016999999963
21
160.253657000000004
0
LINE
8
BLACK
6
CONTINUOUS
10
328.906016999999963
20
160.253657000000004
11
329.0012549999999578
21
160.0631799999999885
0
LINE
8
BLACK
6
CONTINUOUS
10
329.0012549999999578
20
160.0631799999999885
11
329.0012549999999578
21
159.8727039999999988
0
LINE
8
BLACK
6
CONTINUOUS
10
329.0012549999999578
20
159.8727039999999988
11
328.0488740000000121
21
159.6822279999999807
0
LINE
8
BLACK
6
CONTINUOUS
10
329.6679219999999759
20
160.3488949999999988
11
330.0488740000000121
21
159.0155609999999911
0
LINE
8
BLACK
6
CONTINUOUS
10
330.0488740000000121
20
159.0155609999999911
11
330.4298269999999889
21
159.9679419999999936
0
LINE
8
BLACK
6
CONTINUOUS
10
330.4298269999999889
20
159.9679419999999936
11
330.8107789999999682
21
159.0155609999999911
0
LINE
8
BLACK
6
CONTINUOUS
10
330.8107789999999682
20
159.0155609999999911
11
331.1917310000000043
21
160.3488949999999988
0
LINE
8
BLACK
6
CONTINUOUS
10
185.406013999999999
20
68.5631800000000027
11
185.6917279999999835
21
68.4679419999999936
0
LINE
8
BLACK
6
CONTINUOUS
10
185.6917279999999835
20
68.4679419999999936
11
185.7869659999999783
21
68.3727039999999988
0
LINE
8
BLACK
6
CONTINUOUS
10
185.7869659999999783
20
68.3727039999999988
11
185.8822040000000015
21
68.1822279999999949
0
LINE
8
BLACK
6
CONTINUOUS
10
185.8822040000000015
20
68.1822279999999949
11
185.8822040000000015
21
67.8965139999999963
0
LINE
8
BLACK
6
CONTINUOUS
10
185.8822040000000015
20
67.8965139999999963
11
185.7869659999999783
21
67.7060379999999924
0
LINE
8
BLACK
6
CONTINUOUS
10
185.7869659999999783
20
67.7060379999999924
11
185.6917279999999835
21
67.6107999999999976
0
LINE
8
BLACK
6
CONTINUOUS
10
185.6917279999999835
20
67.6107999999999976
11
185.5012519999999938
21
67.5155609999999911
0
LINE
8
BLACK
6
CONTINUOUS
10
185.5012519999999938
20
67.5155609999999911
11
184.7393469999999809
21
67.5155609999999911
0
LINE
8
BLACK
6
CONTINUOUS
10
184.7393469999999809
20
67.5155609999999911
11
184.7393469999999809
21
69.5155609999999911
0
LINE
8
BLACK
6
CONTINUOUS
10
184.7393469999999809
20
69.5155609999999911
11
185.406013999999999
21
69.5155609999999911
0
LINE
8
BLACK
6
CONTINUOUS
10
185.406013999999999
20
69.5155609999999911
11
185.5964899999999886
21
69.4203229999999962
0
LINE
8
BLACK
6
CONTINUOUS
10
185.5964899999999886
20
69.4203229999999962
11
185.6917279999999835
21
69.3250850000000014
0
LINE
8
BLACK
6
CONTINUOUS
10
185.6917279999999835
20
69.3250850000000014
11
185.7869659999999783
21
69.1346089999999975
0
LINE
8
BLACK
6
CONTINUOUS
10
185.7869659999999783
20
69.1346089999999975
11
185.7869659999999783
21
68.9441329999999937
0
LINE
8
BLACK
6
CONTINUOUS
10
185.7869659999999783
20
68.9441329999999937
11
185.6917279999999835
21
68.7536569999999898
0
LINE
8
BLACK
6
CONTINUOUS
10
185.6917279999999835
20
68.7536569999999898
11
185.5964899999999886
21
68.658418999999995
0
LINE
8
BLACK
6
CONTINUOUS
10
185.5964899999999886
20
68.658418999999995
11
185.406013999999999
21
68.5631800000000027
0
LINE
8
BLACK
6
CONTINUOUS
10
185.406013999999999
20
68.5631800000000027
11
184.7393469999999809
21
68.5631800000000027
0
LINE
8
BLACK
6
CONTINUOUS
10
187.0250609999999938
20
67.5155609999999911
11
186.8345850000000041
21
67.6107999999999976
0
LINE
8
BLACK
6
CONTINUOUS
10
186.8345850000000041
20
67.6107999999999976
11
186.7393469999999809
21
67.7060379999999924
0
LINE
8
BLACK
6
CONTINUOUS
10
186.7393469999999809
20
67.7060379999999924
11
186.6441089999999861
21
67.8965139999999963
0
LINE
8
BLACK
6
CONTINUOUS
10
186.6441089999999861
20
67.8965139999999963
11
186.6441089999999861
21
68.4679419999999936
0
LINE
8
BLACK
6
CONTINUOUS
10
186.6441089999999861
20
68.4679419999999936
11
186.7393469999999809
21
68.658418999999995
0
LINE
8
BLACK
6
CONTINUOUS
10
186.7393469999999809
20
68.658418999999995
11
186.8345850000000041
21
68.7536569999999898
0
LINE
8
BLACK
6
CONTINUOUS
10
186.8345850000000041
20
68.7536569999999898
11
187.0250609999999938
21
68.8488949999999988
0
LINE
8
BLACK
6
CONTINUOUS
10
187.0250609999999938
20
68.8488949999999988
11
187.3107760000000042
21
68.8488949999999988
0
LINE
8
BLACK
6
CONTINUOUS
10
187.3107760000000042
20
68.8488949999999988
11
187.5012519999999938
21
68.7536569999999898
0
LINE
8
BLACK
6
CONTINUOUS
10
187.5012519999999938
20
68.7536569999999898
11
187.5964899999999886
21
68.658418999999995
0
LINE
8
BLACK
6
CONTINUOUS
10
187.5964899999999886
20
68.658418999999995
11
187.6917279999999835
21
68.4679419999999936
0
LINE
8
BLACK
6
CONTINUOUS
10
187.6917279999999835
20
68.4679419999999936
11
187.6917279999999835
21
67.8965139999999963
0
LINE
8
BLACK
6
CONTINUOUS
10
187.6917279999999835
20
67.8965139999999963
11
187.5964899999999886
21
67.7060379999999924
0
LINE
8
BLACK
6
CONTINUOUS
10
187.5964899999999886
20
67.7060379999999924
11
187.5012519999999938
21
67.6107999999999976
0
LINE
8
BLACK
6
CONTINUOUS
10
187.5012519999999938
20
67.6107999999999976
11
187.3107760000000042
21
67.5155609999999911
0
LINE
8
BLACK
6
CONTINUOUS
10
187.3107760000000042
20
67.5155609999999911
11
187.0250609999999938
21
67.5155609999999911
0
LINE
8
BLACK
6
CONTINUOUS
10
188.2631569999999783
20
68.8488949999999988
11
189.0250609999999938
21
68.8488949999999988
0
LINE
8
BLACK
6
CONTINUOUS
10
188.5488709999999912
20
69.5155609999999911
11
188.5488709999999912
21
67.8012760000000014
0
LINE
8
BLACK
6
CONTINUOUS
10
188.5488709999999912
20
67.8012760000000014
11
188.6441089999999861
21
67.6107999999999976
0
LINE
8
BLACK
6
CONTINUOUS
10
188.6441089999999861
20
67.6107999999999976
11
188.8345850000000041
21
67.5155609999999911
0
LINE
8
BLACK
6
CONTINUOUS
10
188.8345850000000041
20
67.5155609999999911
11
189.0250609999999938
21
67.5155609999999911
0
LINE
8
BLACK
6
CONTINUOUS
10
189.406013999999999
20
68.8488949999999988
11
190.167917999999986
21
68.8488949999999988
0
LINE
8
BLACK
6
CONTINUOUS
10
189.6917279999999835
20
69.5155609999999911
11
189.6917279999999835
21
67.8012760000000014
0
LINE
8
BLACK
6
CONTINUOUS
10
189.6917279999999835
20
67.8012760000000014
11
189.7869659999999783
21
67.6107999999999976
0
LINE
8
BLACK
6
CONTINUOUS
10
189.7869659999999783
20
67.6107999999999976
11
189.9774419999999964
21
67.5155609999999911
0
LINE
8
BLACK
6
CONTINUOUS
10
189.9774419999999964
20
67.5155609999999911
11
190.167917999999986
21
67.5155609999999911
0
LINE
8
BLACK
6
CONTINUOUS
10
191.1202989999999886
20
67.5155609999999911
11
190.929822999999999
21
67.6107999999999976
0
LINE
8
BLACK
6
CONTINUOUS
10
190.929822999999999
20
67.6107999999999976
11
190.8345850000000041
21
67.7060379999999924
0
LINE
8
BLACK
6
CONTINUOUS
10
190.8345850000000041
20
67.7060379999999924
11
190.7393469999999809
21
67.8965139999999963
0
LINE
8
BLACK
6
CONTINUOUS
10
190.7393469999999809
20
67.8965139999999963
11
190.7393469999999809
21
68.4679419999999936
0
LINE
8
BLACK
6
CONTINUOUS
10
190.7393469999999809
20
68.4679419999999936
11
190.8345850000000041
21
68.658418999999995
0
LINE
8
BLACK
6
CONTINUOUS
10
190.8345850000000041
20
68.658418999999995
11
190.929822999999999
21
68.7536569999999898
0
LINE
8
BLACK
6
CONTINUOUS
10
190.929822999999999
20
68.7536569999999898
11
191.1202989999999886
21
68.8488949999999988
0
LINE
8
BLACK
6
CONTINUOUS
10
191.1202989999999886
20
68.8488949999999988
11
191.406013999999999
21
68.8488949999999988
0
LINE
8
BLACK
6
CONTINUOUS
10
191.406013999999999
20
68.8488949999999988
11
191.5964899999999886
21
68.7536569999999898
0
LINE
8
BLACK
6
CONTINUOUS
10
191.5964899999999886
20
68.7536569999999898
11
191.6917279999999835
21
68.658418999999995
0
LINE
8
BLACK
6
CONTINUOUS
10
191.6917279999999835
20
68.658418999999995
11
191.7869659999999783
21
68.4679419999999936
0
LINE
8
BLACK
6
CONTINUOUS
10
191.7869659999999783
20
68.4679419999999936
11
191.7869659999999783
21
67.8965139999999963
0
LINE
8
BLACK
6
CONTINUOUS
10
191.7869659999999783
20
67.8965139999999963
11
191.6917279999999835
21
67.7060379999999924
0
LINE
8
BLACK
6
CONTINUOUS
10
191.6917279999999835
20
67.7060379999999924
11
191.5964899999999886
21
67.6107999999999976
0
LINE
8
BLACK
6
CONTINUOUS
10
191.5964899999999886
20
67.6107999999999976
11
191.406013999999999
21
67.5155609999999911
0
LINE
8
BLACK
6
CONTINUOUS
10
191.406013999999999
20
67.5155609999999911
11
191.1202989999999886
21
67.5155609999999911
0
LINE
8
BLACK
6
CONTINUOUS
10
192.6441089999999861
20
67.5155609999999911
11
192.6441089999999861
21
68.8488949999999988
0
LINE
8
BLACK
6
CONTINUOUS
10
192.6441089999999861
20
68.658418999999995
11
192.7393469999999809
21
68.7536569999999898
0
LINE
8
BLACK
6
CONTINUOUS
10
192.7393469999999809
20
68.7536569999999898
11
192.929822999999999
21
68.8488949999999988
0
LINE
8
BLACK
6
CONTINUOUS
10
192.929822999999999
20
68.8488949999999988
11
193.2155379999999809
21
68.8488949999999988
0
LINE
8
BLACK
6
CONTINUOUS
10
193.2155379999999809
20
68.8488949999999988
11
193.406013999999999
21
68.7536569999999898
0
LINE
8
BLACK
6
CONTINUOUS
10
193.406013999999999
20
68.7536569999999898
11
193.5012519999999938
21
68.5631800000000027
0
LINE
8
BLACK
6
CONTINUOUS
10
193.5012519999999938
20
68.5631800000000027
11
193.5012519999999938
21
67.5155609999999911
0
LINE
8
BLACK
6
CONTINUOUS
10
193.5012519999999938
20
68.5631800000000027
11
193.5964899999999886
21
68.7536569999999898
0
LINE
8
BLACK
6
CONTINUOUS
10
193.5964899999999886
20
68.7536569999999898
11
193.7869659999999783
21
68.8488949999999988
0
LINE
8
BLACK
6
CONTINUOUS
10
193.7869659999999783
20
68.8488949999999988
11
194.0726799999999912
21
68.8488949999999988
0
LINE
8
BLACK
6
CONTINUOUS
10
194.0726799999999912
20
68.8488949999999988
11
194.2631569999999783
21
68.7536569999999898
0
LINE
8
BLACK
6
CONTINUOUS
10
194.2631569999999783
20
68.7536569999999898
11
194.3583950000000016
21
68.5631800000000027
0
LINE
8
BLACK
6
CONTINUOUS
10
194.3583950000000016
20
68.5631800000000027
11
194.3583950000000016
21
67.5155609999999911
0
LINE
8
BLACK
6
CONTINUOUS
10
196.8345860000000016
20
68.8488949999999988
11
196.8345860000000016
21
66.8488949999999988
0
LINE
8
BLACK
6
CONTINUOUS
10
196.8345860000000016
20
68.7536569999999898
11
197.0250619999999913
21
68.8488949999999988
0
LINE
8
BLACK
6
CONTINUOUS
10
197.0250619999999913
20
68.8488949999999988
11
197.4060149999999965
21
68.8488949999999988
0
LINE
8
BLACK
6
CONTINUOUS
10
197.4060149999999965
20
68.8488949999999988
11
197.5964909999999861
21
68.7536569999999898
0
LINE
8
BLACK
6
CONTINUOUS
10
197.5964909999999861
20
68.7536569999999898
11
197.6917289999999809
21
68.658418999999995
0
LINE
8
BLACK
6
CONTINUOUS
10
197.6917289999999809
20
68.658418999999995
11
197.7869670000000042
21
68.4679419999999936
0
LINE
8
BLACK
6
CONTINUOUS
10
197.7869670000000042
20
68.4679419999999936
11
197.7869670000000042
21
67.8965139999999963
0
LINE
8
BLACK
6
CONTINUOUS
10
197.7869670000000042
20
67.8965139999999963
11
197.6917289999999809
21
67.7060379999999924
0
LINE
8
BLACK
6
CONTINUOUS
10
197.6917289999999809
20
67.7060379999999924
11
197.5964909999999861
21
67.6107999999999976
0
LINE
8
BLACK
6
CONTINUOUS
10
197.5964909999999861
20
67.6107999999999976
11
197.4060149999999965
21
67.5155609999999911
0
LINE
8
BLACK
6
CONTINUOUS
10
197.4060149999999965
20
67.5155609999999911
11
197.0250619999999913
21
67.5155609999999911
0
LINE
8
BLACK
6
CONTINUOUS
10
197.0250619999999913
20
67.5155609999999911
11
196.8345860000000016
21
67.6107999999999976
0
LINE
8
BLACK
6
CONTINUOUS
10
199.5012529999999913
20
67.5155609999999911
11
199.5012529999999913
21
68.5631800000000027
0
LINE
8
BLACK
6
CONTINUOUS
10
199.5012529999999913
20
68.5631800000000027
11
199.4060149999999965
21
68.7536569999999898
0
LINE
8
BLACK
6
CONTINUOUS
10
199.4060149999999965
20
68.7536569999999898
11
199.2155389999999784
21
68.8488949999999988
0
LINE
8
BLACK
6
CONTINUOUS
10
199.2155389999999784
20
68.8488949999999988
11
198.8345860000000016
21
68.8488949999999988
0
LINE
8
BLACK
6
CONTINUOUS
10
198.8345860000000016
20
68.8488949999999988
11
198.6441099999999835
21
68.7536569999999898
0
LINE
8
BLACK
6
CONTINUOUS
10
199.5012529999999913
20
67.6107999999999976
11
199.3107770000000016
21
67.5155609999999911
0
LINE
8
BLACK
6
CONTINUOUS
10
199.3107770000000016
20
67.5155609999999911
11
198.8345860000000016
21
67.5155609999999911
0
LINE
8
BLACK
6
CONTINUOUS
10
198.8345860000000016
20
67.5155609999999911
11
198.6441099999999835
21
67.6107999999999976
0
LINE
8
BLACK
6
CONTINUOUS
10
198.6441099999999835
20
67.6107999999999976
11
198.5488719999999887
21
67.8012760000000014
0
LINE
8
BLACK
6
CONTINUOUS
10
198.5488719999999887
20
67.8012760000000014
11
198.5488719999999887
21
67.9917519999999911
0
LINE
8
BLACK
6
CONTINUOUS
10
198.5488719999999887
20
67.9917519999999911
11
198.6441099999999835
21
68.1822279999999949
0
LINE
8
BLACK
6
CONTINUOUS
10
198.6441099999999835
20
68.1822279999999949
11
198.8345860000000016
21
68.277466000000004
0
LINE
8
BLACK
6
CONTINUOUS
10
198.8345860000000016
20
68.277466000000004
11
199.3107770000000016
21
68.277466000000004
0
LINE
8
BLACK
6
CONTINUOUS
10
199.3107770000000016
20
68.277466000000004
11
199.5012529999999913
21
68.3727039999999988
0
LINE
8
BLACK
6
CONTINUOUS
10
200.4536339999999939
20
68.8488949999999988
11
200.4536339999999939
21
67.5155609999999911
0
LINE
8
BLACK
6
CONTINUOUS
10
200.4536339999999939
20
68.658418999999995
11
200.5488719999999887
21
68.7536569999999898
0
LINE
8
BLACK
6
CONTINUOUS
10
200.5488719999999887
20
68.7536569999999898
11
200.7393479999999784
21
68.8488949999999988
0
LINE
8
BLACK
6
CONTINUOUS
10
200.7393479999999784
20
68.8488949999999988
11
201.0250629999999887
21
68.8488949999999988
0
LINE
8
BLACK
6
CONTINUOUS
10
201.0250629999999887
20
68.8488949999999988
11
201.2155389999999784
21
68.7536569999999898
0
LINE
8
BLACK
6
CONTINUOUS
10
201.2155389999999784
20
68.7536569999999898
11
201.3107770000000016
21
68.5631800000000027
0
LINE
8
BLACK
6
CONTINUOUS
10
201.3107770000000016
20
68.5631800000000027
11
201.3107770000000016
21
67.5155609999999911
0
LINE
8
BLACK
6
CONTINUOUS
10
203.0250629999999887
20
67.6107999999999976
11
202.8345869999999991
21
67.5155609999999911
0
LINE
8
BLACK
6
CONTINUOUS
10
202.8345869999999991
20
67.5155609999999911
11
202.4536339999999939
21
67.5155609999999911
0
LINE
8
BLACK
6
CONTINUOUS
10
202.4536339999999939
20
67.5155609999999911
11
202.2631580000000042
21
67.6107999999999976
0
LINE
8
BLACK
6
CONTINUOUS
10
202.2631580000000042
20
67.6107999999999976
11
202.167919999999981
21
67.8012760000000014
0
LINE
8
BLACK
6
CONTINUOUS
10
202.167919999999981
20
67.8012760000000014
11
202.167919999999981
21
68.5631800000000027
0
LINE
8
BLACK
6
CONTINUOUS
10
202.167919999999981
20
68.5631800000000027
11
202.2631580000000042
21
68.7536569999999898
0
LINE
8
BLACK
6
CONTINUOUS
10
202.2631580000000042
20
68.7536569999999898
11
202.4536339999999939
21
68.8488949999999988
0
LINE
8
BLACK
6
CONTINUOUS
10
202.4536339999999939
20
68.8488949999999988
11
202.8345869999999991
21
68.8488949999999988
0
LINE
8
BLACK
6
CONTINUOUS
10
202.8345869999999991
20
68.8488949999999988
11
203.0250629999999887
21
68.7536569999999898
0
LINE
8
BLACK
6
CONTINUOUS
10
203.0250629999999887
20
68.7536569999999898
11
203.1203009999999836
21
68.5631800000000027
0
LINE
8
BLACK
6
CONTINUOUS
10
203.1203009999999836
20
68.5631800000000027
11
203.1203009999999836
21
68.3727039999999988
0
LINE
8
BLACK
6
CONTINUOUS
10
203.1203009999999836
20
68.3727039999999988
11
202.167919999999981
21
68.1822279999999949
0
LINE
8
BLACK
6
CONTINUOUS
10
204.2631580000000042
20
67.5155609999999911
11
204.0726819999999861
21
67.6107999999999976
0
LINE
8
BLACK
6
CONTINUOUS
10
204.0726819999999861
20
67.6107999999999976
11
203.9774439999999913
21
67.8012760000000014
0
LINE
8
BLACK
6
CONTINUOUS
10
203.9774439999999913
20
67.8012760000000014
11
203.9774439999999913
21
69.5155609999999911
0
LINE
8
BLACK
6
CONTINUOUS
10
205.1203009999999836
20
67.6107999999999976
11
205.1203009999999836
21
67.5155609999999911
0
LINE
8
BLACK
6
CONTINUOUS
10
205.1203009999999836
20
67.5155609999999911
11
205.0250629999999887
21
67.3250850000000014
0
LINE
8
BLACK
6
CONTINUOUS
10
205.0250629999999887
20
67.3250850000000014
11
204.9298249999999939
21
67.2298469999999924
0
LINE
8
BLACK
6
CONTINUOUS
10
207.7869680000000017
20
67.5155609999999911
11
207.5964919999999836
21
67.6107999999999976
0
LINE
8
BLACK
6
CONTINUOUS
10
207.5964919999999836
20
67.6107999999999976
11
207.5012539999999888
21
67.8012760000000014
0
LINE
8
BLACK
6
CONTINUOUS
10
207.5012539999999888
20
67.8012760000000014
11
207.5012539999999888
21
69.5155609999999911
0
LINE
8
BLACK
6
CONTINUOUS
10
209.3107779999999991
20
67.6107999999999976
11
209.120301999999981
21
67.5155609999999911
0
LINE
8
BLACK
6
CONTINUOUS
10
209.120301999999981
20
67.5155609999999911
11
208.7393490000000043
21
67.5155609999999911
0
LINE
8
BLACK
6
CONTINUOUS
10
208.7393490000000043
20
67.5155609999999911
11
208.5488729999999862
21
67.6107999999999976
0
LINE
8
BLACK
6
CONTINUOUS
10
208.5488729999999862
20
67.6107999999999976
11
208.4536349999999914
21
67.8012760000000014
0
LINE
8
BLACK
6
CONTINUOUS
10
208.4536349999999914
20
67.8012760000000014
11
208.4536349999999914
21
68.5631800000000027
0
LINE
8
BLACK
6
CONTINUOUS
10
208.4536349999999914
20
68.5631800000000027
11
208.5488729999999862
21
68.7536569999999898
0
LINE
8
BLACK
6
CONTINUOUS
10
208.5488729999999862
20
68.7536569999999898
11
208.7393490000000043
21
68.8488949999999988
0
LINE
8
BLACK
6
CONTINUOUS
10
208.7393490000000043
20
68.8488949999999988
11
209.120301999999981
21
68.8488949999999988
0
LINE
8
BLACK
6
CONTINUOUS
10
209.120301999999981
20
68.8488949999999988
11
209.3107779999999991
21
68.7536569999999898
0
LINE
8
BLACK
6
CONTINUOUS
10
209.3107779999999991
20
68.7536569999999898
11
209.4060159999999939
21
68.5631800000000027
0
LINE
8
BLACK
6
CONTINUOUS
10
209.4060159999999939
20
68.5631800000000027
11
209.4060159999999939
21
68.3727039999999988
0
LINE
8
BLACK
6
CONTINUOUS
10
209.4060159999999939
20
68.3727039999999988
11
208.4536349999999914
21
68.1822279999999949
0
LINE
8
BLACK
6
CONTINUOUS
10
209.9774449999999888
20
68.8488949999999988
11
210.7393490000000043
21
68.8488949999999988
0
LINE
8
BLACK
6
CONTINUOUS
10
210.2631590000000017
20
67.5155609999999911
11
210.2631590000000017
21
69.2298469999999924
0
LINE
8
BLACK
6
CONTINUOUS
10
210.2631590000000017
20
69.2298469999999924
11
210.3583969999999965
21
69.4203229999999962
0
LINE
8
BLACK
6
CONTINUOUS
10
210.3583969999999965
20
69.4203229999999962
11
210.5488729999999862
21
69.5155609999999911
0
LINE
8
BLACK
6
CONTINUOUS
10
210.5488729999999862
20
69.5155609999999911
11
210.7393490000000043
21
69.5155609999999911
0
LINE
8
BLACK
6
CONTINUOUS
10
211.120301999999981
20
68.8488949999999988
11
211.8822059999999965
21
68.8488949999999988
0
LINE
8
BLACK
6
CONTINUOUS
10
211.4060159999999939
20
69.5155609999999911
11
211.4060159999999939
21
67.8012760000000014
0
LINE
8
BLACK
6
CONTINUOUS
10
211.4060159999999939
20
67.8012760000000014
11
211.5012539999999888
21
67.6107999999999976
0
LINE
8
BLACK
6
CONTINUOUS
10
211.5012539999999888
20
67.6107999999999976
11
211.6917299999999784
21
67.5155609999999911
0
LINE
8
BLACK
6
CONTINUOUS
10
211.6917299999999784
20
67.5155609999999911
11
211.8822059999999965
21
67.5155609999999911
0
LINE
8
BLACK
6
CONTINUOUS
10
213.882206999999994
20
68.8488949999999988
11
214.3583969999999965
21
67.5155609999999911
0
LINE
8
BLACK
6
CONTINUOUS
10
214.3583969999999965
20
67.5155609999999911
11
214.8345879999999966
21
68.8488949999999988
0
LINE
8
BLACK
6
CONTINUOUS
10
215.5964929999999811
20
67.5155609999999911
11
215.5964929999999811
21
68.8488949999999988
0
LINE
8
BLACK
6
CONTINUOUS
10
215.5964929999999811
20
69.5155609999999911
11
215.5012549999999862
21
69.4203229999999962
0
LINE
8
BLACK
6
CONTINUOUS
10
215.5012549999999862
20
69.4203229999999962
11
215.5964929999999811
21
69.3250850000000014
0
LINE
8
BLACK
6
CONTINUOUS
10
215.5964929999999811
20
69.3250850000000014
11
215.6917310000000043
21
69.4203229999999962
0
LINE
8
BLACK
6
CONTINUOUS
10
215.6917310000000043
20
69.4203229999999962
11
215.5964929999999811
21
69.5155609999999911
0
LINE
8
BLACK
6
CONTINUOUS
10
215.5964929999999811
20
69.5155609999999911
11
215.5964929999999811
21
69.3250850000000014
0
LINE
8
BLACK
6
CONTINUOUS
10
217.3107789999999966
20
67.6107999999999976
11
217.1203029999999785
21
67.5155609999999911
0
LINE
8
BLACK
6
CONTINUOUS
10
217.1203029999999785
20
67.5155609999999911
11
216.7393500000000017
21
67.5155609999999911
0
LINE
8
BLACK
6
CONTINUOUS
10
216.7393500000000017
20
67.5155609999999911
11
216.5488739999999837
21
67.6107999999999976
0
LINE
8
BLACK
6
CONTINUOUS
10
216.5488739999999837
20
67.6107999999999976
11
216.4536359999999888
21
67.8012760000000014
0
LINE
8
BLACK
6
CONTINUOUS
10
216.4536359999999888
20
67.8012760000000014
11
216.4536359999999888
21
68.5631800000000027
0
LINE
8
BLACK
6
CONTINUOUS
10
216.4536359999999888
20
68.5631800000000027
11
216.5488739999999837
21
68.7536569999999898
0
LINE
8
BLACK
6
CONTINUOUS
10
216.5488739999999837
20
68.7536569999999898
11
216.7393500000000017
21
68.8488949999999988
0
LINE
8
BLACK
6
CONTINUOUS
10
216.7393500000000017
20
68.8488949999999988
11
217.1203029999999785
21
68.8488949999999988
0
LINE
8
BLACK
6
CONTINUOUS
10
217.1203029999999785
20
68.8488949999999988
11
217.3107789999999966
21
68.7536569999999898
0
LINE
8
BLACK
6
CONTINUOUS
10
217.3107789999999966
20
68.7536569999999898
11
217.4060169999999914
21
68.5631800000000027
0
LINE
8
BLACK
6
CONTINUOUS
10
217.4060169999999914
20
68.5631800000000027
11
217.4060169999999914
21
68.3727039999999988
0
LINE
8
BLACK
6
CONTINUOUS
10
217.4060169999999914
20
68.3727039999999988
11
216.4536359999999888
21
68.1822279999999949
0
LINE
8
BLACK
6
CONTINUOUS
10
218.0726839999999811
20
68.8488949999999988
11
218.4536359999999888
21
67.5155609999999911
0
LINE
8
BLACK
6
CONTINUOUS
10
218.4536359999999888
20
67.5155609999999911
11
218.834588999999994
21
68.4679419999999936
0
LINE
8
BLACK
6
CONTINUOUS
10
218.834588999999994
20
68.4679419999999936
11
219.2155410000000018
21
67.5155609999999911
0
LINE
8
BLACK
6
CONTINUOUS
10
219.2155410000000018
20
67.5155609999999911
11
219.5964929999999811
21
68.8488949999999988
0
LINE
8
BLACK
6
CONTINUOUS
10
294.9060139999999706
20
68.5631800000000027
11
295.1917280000000119
21
68.4679419999999936
0
LINE
8
BLACK
6
CONTINUOUS
10
295.1917280000000119
20
68.4679419999999936
11
295.2869660000000067
21
68.3727039999999988
0
LINE
8
BLACK
6
CONTINUOUS
10
295.2869660000000067
20
68.3727039999999988
11
295.3822040000000015
21
68.1822279999999949
0
LINE
8
BLACK
6
CONTINUOUS
10
295.3822040000000015
20
68.1822279999999949
11
295.3822040000000015
21
67.8965139999999963
0
LINE
8
BLACK
6
CONTINUOUS
10
295.3822040000000015
20
67.8965139999999963
11
295.2869660000000067
21
67.7060379999999924
0
LINE
8
BLACK
6
CONTINUOUS
10
295.2869660000000067
20
67.7060379999999924
11
295.1917280000000119
21
67.6107999999999976
0
LINE
8
BLACK
6
CONTINUOUS
10
295.1917280000000119
20
67.6107999999999976
11
295.0012519999999654
21
67.5155609999999911
0
LINE
8
BLACK
6
CONTINUOUS
10
295.0012519999999654
20
67.5155609999999911
11
294.2393470000000093
21
67.5155609999999911
0
LINE
8
BLACK
6
CONTINUOUS
10
294.2393470000000093
20
67.5155609999999911
11
294.2393470000000093
21
69.5155609999999911
0
LINE
8
BLACK
6
CONTINUOUS
10
294.2393470000000093
20
69.5155609999999911
11
294.9060139999999706
21
69.5155609999999911
0
LINE
8
BLACK
6
CONTINUOUS
10
294.9060139999999706
20
69.5155609999999911
11
295.0964899999999602
21
69.4203229999999962
0
LINE
8
BLACK
6
CONTINUOUS
10
295.0964899999999602
20
69.4203229999999962
11
295.1917280000000119
21
69.3250850000000014
0
LINE
8
BLACK
6
CONTINUOUS
10
295.1917280000000119
20
69.3250850000000014
11
295.2869660000000067
21
69.1346089999999975
0
LINE
8
BLACK
6
CONTINUOUS
10
295.2869660000000067
20
69.1346089999999975
11
295.2869660000000067
21
68.9441329999999937
0
LINE
8
BLACK
6
CONTINUOUS
10
295.2869660000000067
20
68.9441329999999937
11
295.1917280000000119
21
68.7536569999999898
0
LINE
8
BLACK
6
CONTINUOUS
10
295.1917280000000119
20
68.7536569999999898
11
295.0964899999999602
21
68.658418999999995
0
LINE
8
BLACK
6
CONTINUOUS
10
295.0964899999999602
20
68.658418999999995
11
294.9060139999999706
21
68.5631800000000027
0
LINE
8
BLACK
6
CONTINUOUS
10
294.9060139999999706
20
68.5631800000000027
11
294.2393470000000093
21
68.5631800000000027
0
LINE
8
BLACK
6
CONTINUOUS
10
296.5250609999999938
20
67.5155609999999911
11
296.3345850000000041
21
67.6107999999999976
0
LINE
8
BLACK
6
CONTINUOUS
10
296.3345850000000041
20
67.6107999999999976
11
296.2393470000000093
21
67.7060379999999924
0
LINE
8
BLACK
6
CONTINUOUS
10
296.2393470000000093
20
67.7060379999999924
11
296.1441090000000145
21
67.8965139999999963
0
LINE
8
BLACK
6
CONTINUOUS
10
296.1441090000000145
20
67.8965139999999963
11
296.1441090000000145
21
68.4679419999999936
0
LINE
8
BLACK
6
CONTINUOUS
10
296.1441090000000145
20
68.4679419999999936
11
296.2393470000000093
21
68.658418999999995
0
LINE
8
BLACK
6
CONTINUOUS
10
296.2393470000000093
20
68.658418999999995
11
296.3345850000000041
21
68.7536569999999898
0
LINE
8
BLACK
6
CONTINUOUS
10
296.3345850000000041
20
68.7536569999999898
11
296.5250609999999938
21
68.8488949999999988
0
LINE
8
BLACK
6
CONTINUOUS
10
296.5250609999999938
20
68.8488949999999988
11
296.8107759999999757
21
68.8488949999999988
0
LINE
8
BLACK
6
CONTINUOUS
10
296.8107759999999757
20
68.8488949999999988
11
297.0012519999999654
21
68.7536569999999898
0
LINE
8
BLACK
6
CONTINUOUS
10
297.0012519999999654
20
68.7536569999999898
11
297.0964899999999602
21
68.658418999999995
0
LINE
8
BLACK
6
CONTINUOUS
10
297.0964899999999602
20
68.658418999999995
11
297.1917280000000119
21
68.4679419999999936
0
LINE
8
BLACK
6
CONTINUOUS
10
297.1917280000000119
20
68.4679419999999936
11
297.1917280000000119
21
67.8965139999999963
0
LINE
8
BLACK
6
CONTINUOUS
10
297.1917280000000119
20
67.8965139999999963
11
297.0964899999999602
21
67.7060379999999924
0
LINE
8
BLACK
6
CONTINUOUS
10
297.0964899999999602
20
67.7060379999999924
11
297.0012519999999654
21
67.6107999999999976
0
LINE
8
BLACK
6
CONTINUOUS
10
297.0012519999999654
20
67.6107999999999976
11
296.8107759999999757
21
67.5155609999999911
0
LINE
8
BLACK
6
CONTINUOUS
10
296.8107759999999757
20
67.5155609999999911
11
296.5250609999999938
21
67.5155609999999911
0
LINE
8
BLACK
6
CONTINUOUS
10
297.7631569999999783
20
68.8488949999999988
11
298.5250609999999938
21
68.8488949999999988
0
LINE
8
BLACK
6
CONTINUOUS
10
298.0488709999999628
20
69.5155609999999911
11
298.0488709999999628
21
67.8012760000000014
0
LINE
8
BLACK
6
CONTINUOUS
10
298.0488709999999628
20
67.8012760000000014
11
298.1441090000000145
21
67.6107999999999976
0
LINE
8
BLACK
6
CONTINUOUS
10
298.1441090000000145
20
67.6107999999999976
11
298.3345850000000041
21
67.5155609999999911
0
LINE
8
BLACK
6
CONTINUOUS
10
298.3345850000000041
20
67.5155609999999911
11
298.5250609999999938
21
67.5155609999999911
0
LINE
8
BLACK
6
CONTINUOUS
10
298.9060139999999706
20
68.8488949999999988
11
299.667917999999986
21
68.8488949999999988
0
LINE
8
BLACK
6
CONTINUOUS
10
299.1917280000000119
20
69.5155609999999911
11
299.1917280000000119
21
67.8012760000000014
0
LINE
8
BLACK
6
CONTINUOUS
10
299.1917280000000119
20
67.8012760000000014
11
299.2869660000000067
21
67.6107999999999976
0
LINE
8
BLACK
6
CONTINUOUS
10
299.2869660000000067
20
67.6107999999999976
11
299.4774419999999964
21
67.5155609999999911
0
LINE
8
BLACK
6
CONTINUOUS
10
299.4774419999999964
20
67.5155609999999911
11
299.667917999999986
21
67.5155609999999911
0
LINE
8
BLACK
6
CONTINUOUS
10
300.6202989999999886
20
67.5155609999999911
11
300.429822999999999
21
67.6107999999999976
0
LINE
8
BLACK
6
CONTINUOUS
10
300.429822999999999
20
67.6107999999999976
11
300.3345850000000041
21
67.7060379999999924
0
LINE
8
BLACK
6
CONTINUOUS
10
300.3345850000000041
20
67.7060379999999924
11
300.2393470000000093
21
67.8965139999999963
0
LINE
8
BLACK
6
CONTINUOUS
10
300.2393470000000093
20
67.8965139999999963
11
300.2393470000000093
21
68.4679419999999936
0
LINE
8
BLACK
6
CONTINUOUS
10
300.2393470000000093
20
68.4679419999999936
11
300.3345850000000041
21
68.658418999999995
0
LINE
8
BLACK
6
CONTINUOUS
10
300.3345850000000041
20
68.658418999999995
11
300.429822999999999
21
68.7536569999999898
0
LINE
8
BLACK
6
CONTINUOUS
10
300.429822999999999
20
68.7536569999999898
11
300.6202989999999886
21
68.8488949999999988
0
LINE
8
BLACK
6
CONTINUOUS
10
300.6202989999999886
20
68.8488949999999988
11
300.9060139999999706
21
68.8488949999999988
0
LINE
8
BLACK
6
CONTINUOUS
10
300.9060139999999706
20
68.8488949999999988
11
301.0964899999999602
21
68.7536569999999898
0
LINE
8
BLACK
6
CONTINUOUS
10
301.0964899999999602
20
68.7536569999999898
11
301.1917280000000119
21
68.658418999999995
0
LINE
8
BLACK
6
CONTINUOUS
10
301.1917280000000119
20
68.658418999999995
11
301.2869660000000067
21
68.4679419999999936
0
LINE
8
BLACK
6
CONTINUOUS
10
301.2869660000000067
20
68.4679419999999936
11
301.2869660000000067
21
67.8965139999999963
0
LINE
8
BLACK
6
CONTINUOUS
10
301.2869660000000067
20
67.8965139999999963
11
301.1917280000000119
21
67.7060379999999924
0
LINE
8
BLACK
6
CONTINUOUS
10
301.1917280000000119
20
67.7060379999999924
11
301.0964899999999602
21
67.6107999999999976
0
LINE
8
BLACK
6
CONTINUOUS
10
301.0964899999999602
20
67.6107999999999976
11
300.9060139999999706
21
67.5155609999999911
0
LINE
8
BLACK
6
CONTINUOUS
10
300.9060139999999706
20
67.5155609999999911
11
300.6202989999999886
21
67.5155609999999911
0
LINE
8
BLACK
6
CONTINUOUS
10
302.1441090000000145
20
67.5155609999999911
11
302.1441090000000145
21
68.8488949999999988
0
LINE
8
BLACK
6
CONTINUOUS
10
302.1441090000000145
20
68.658418999999995
11
302.2393470000000093
21
68.7536569999999898
0
LINE
8
BLACK
6
CONTINUOUS
10
302.2393470000000093
20
68.7536569999999898
11
302.429822999999999
21
68.8488949999999988
0
LINE
8
BLACK
6
CONTINUOUS
10
302.429822999999999
20
68.8488949999999988
11
302.7155379999999809
21
68.8488949999999988
0
LINE
8
BLACK
6
CONTINUOUS
10
302.7155379999999809
20
68.8488949999999988
11
302.9060139999999706
21
68.7536569999999898
0
LINE
8
BLACK
6
CONTINUOUS
10
302.9060139999999706
20
68.7536569999999898
11
303.0012519999999654
21
68.5631800000000027
0
LINE
8
BLACK
6
CONTINUOUS
10
303.0012519999999654
20
68.5631800000000027
11
303.0012519999999654
21
67.5155609999999911
0
LINE
8
BLACK
6
CONTINUOUS
10
303.0012519999999654
20
68.5631800000000027
11
303.0964899999999602
21
68.7536569999999898
0
LINE
8
BLACK
6
CONTINUOUS
10
303.0964899999999602
20
68.7536569999999898
11
303.2869660000000067
21
68.8488949999999988
0
LINE
8
BLACK
6
CONTINUOUS
10
303.2869660000000067
20
68.8488949999999988
11
303.5726799999999912
21
68.8488949999999988
0
LINE
8
BLACK
6
CONTINUOUS
10
303.5726799999999912
20
68.8488949999999988
11
303.7631569999999783
21
68.7536569999999898
0
LINE
8
BLACK
6
CONTINUOUS
10
303.7631569999999783
20
68.7536569999999898
11
303.8583949999999732
21
68.5631800000000027
0
LINE
8
BLACK
6
CONTINUOUS
10
303.8583949999999732
20
68.5631800000000027
11
303.8583949999999732
21
67.5155609999999911
0
LINE
8
BLACK
6
CONTINUOUS
10
306.3345860000000016
20
68.8488949999999988
11
306.3345860000000016
21
66.8488949999999988
0
LINE
8
BLACK
6
CONTINUOUS
10
306.3345860000000016
20
68.7536569999999898
11
306.5250619999999913
21
68.8488949999999988
0
LINE
8
BLACK
6
CONTINUOUS
10
306.5250619999999913
20
68.8488949999999988
11
306.906014999999968
21
68.8488949999999988
0
LINE
8
BLACK
6
CONTINUOUS
10
306.906014999999968
20
68.8488949999999988
11
307.0964909999999577
21
68.7536569999999898
0
LINE
8
BLACK
6
CONTINUOUS
10
307.0964909999999577
20
68.7536569999999898
11
307.1917290000000094
21
68.658418999999995
0
LINE
8
BLACK
6
CONTINUOUS
10
307.1917290000000094
20
68.658418999999995
11
307.2869670000000042
21
68.4679419999999936
0
LINE
8
BLACK
6
CONTINUOUS
10
307.2869670000000042
20
68.4679419999999936
11
307.2869670000000042
21
67.8965139999999963
0
LINE
8
BLACK
6
CONTINUOUS
10
307.2869670000000042
20
67.8965139999999963
11
307.1917290000000094
21
67.7060379999999924
0
LINE
8
BLACK
6
CONTINUOUS
10
307.1917290000000094
20
67.7060379999999924
11
307.0964909999999577
21
67.6107999999999976
0
LINE
8
BLACK
6
CONTINUOUS
10
307.0964909999999577
20
67.6107999999999976
11
306.906014999999968
21
67.5155609999999911
0
LINE
8
BLACK
6
CONTINUOUS
10
306.906014999999968
20
67.5155609999999911
11
306.5250619999999913
21
67.5155609999999911
0
LINE
8
BLACK
6
CONTINUOUS
10
306.5250619999999913
20
67.5155609999999911
11
306.3345860000000016
21
67.6107999999999976
0
LINE
8
BLACK
6
CONTINUOUS
10
309.0012529999999629
20
67.5155609999999911
11
309.0012529999999629
21
68.5631800000000027
0
LINE
8
BLACK
6
CONTINUOUS
10
309.0012529999999629
20
68.5631800000000027
11
308.906014999999968
21
68.7536569999999898
0
LINE
8
BLACK
6
CONTINUOUS
10
308.906014999999968
20
68.7536569999999898
11
308.7155389999999784
21
68.8488949999999988
0
LINE
8
BLACK
6
CONTINUOUS
10
308.7155389999999784
20
68.8488949999999988
11
308.3345860000000016
21
68.8488949999999988
0
LINE
8
BLACK
6
CONTINUOUS
10
308.3345860000000016
20
68.8488949999999988
11
308.144110000000012
21
68.7536569999999898
0
LINE
8
BLACK
6
CONTINUOUS
10
309.0012529999999629
20
67.6107999999999976
11
308.8107769999999732
21
67.5155609999999911
0
LINE
8
BLACK
6
CONTINUOUS
10
308.8107769999999732
20
67.5155609999999911
11
308.3345860000000016
21
67.5155609999999911
0
LINE
8
BLACK
6
CONTINUOUS
10
308.3345860000000016
20
67.5155609999999911
11
308.144110000000012
21
67.6107999999999976
0
LINE
8
BLACK
6
CONTINUOUS
10
308.144110000000012
20
67.6107999999999976
11
308.0488719999999603
21
67.8012760000000014
0
LINE
8
BLACK
6
CONTINUOUS
10
308.0488719999999603
20
67.8012760000000014
11
308.0488719999999603
21
67.9917519999999911
0
LINE
8
BLACK
6
CONTINUOUS
10
308.0488719999999603
20
67.9917519999999911
11
308.144110000000012
21
68.1822279999999949
0
LINE
8
BLACK
6
CONTINUOUS
10
308.144110000000012
20
68.1822279999999949
11
308.3345860000000016
21
68.277466000000004
0
LINE
8
BLACK
6
CONTINUOUS
10
308.3345860000000016
20
68.277466000000004
11
308.8107769999999732
21
68.277466000000004
0
LINE
8
BLACK
6
CONTINUOUS
10
308.8107769999999732
20
68.277466000000004
11
309.0012529999999629
21
68.3727039999999988
0
LINE
8
BLACK
6
CONTINUOUS
10
309.9536339999999655
20
68.8488949999999988
11
309.9536339999999655
21
67.5155609999999911
0
LINE
8
BLACK
6
CONTINUOUS
10
309.9536339999999655
20
68.658418999999995
11
310.0488719999999603
21
68.7536569999999898
0
LINE
8
BLACK
6
CONTINUOUS
10
310.0488719999999603
20
68.7536569999999898
11
310.2393480000000068
21
68.8488949999999988
0
LINE
8
BLACK
6
CONTINUOUS
10
310.2393480000000068
20
68.8488949999999988
11
310.5250629999999887
21
68.8488949999999988
0
LINE
8
BLACK
6
CONTINUOUS
10
310.5250629999999887
20
68.8488949999999988
11
310.7155389999999784
21
68.7536569999999898
0
LINE
8
BLACK
6
CONTINUOUS
10
310.7155389999999784
20
68.7536569999999898
11
310.8107769999999732
21
68.5631800000000027
0
LINE
8
BLACK
6
CONTINUOUS
10
310.8107769999999732
20
68.5631800000000027
11
310.8107769999999732
21
67.5155609999999911
0
LINE
8
BLACK
6
CONTINUOUS
10
312.5250629999999887
20
67.6107999999999976
11
312.3345869999999991
21
67.5155609999999911
0
LINE
8
BLACK
6
CONTINUOUS
10
312.3345869999999991
20
67.5155609999999911
11
311.9536339999999655
21
67.5155609999999911
0
LINE
8
BLACK
6
CONTINUOUS
10
311.9536339999999655
20
67.5155609999999911
11
311.7631579999999758
21
67.6107999999999976
0
LINE
8
BLACK
6
CONTINUOUS
10
311.7631579999999758
20
67.6107999999999976
11
311.667919999999981
21
67.8012760000000014
0
LINE
8
BLACK
6
CONTINUOUS
10
311.667919999999981
20
67.8012760000000014
11
311.667919999999981
21
68.5631800000000027
0
LINE
8
BLACK
6
CONTINUOUS
10
311.667919999999981
20
68.5631800000000027
11
311.7631579999999758
21
68.7536569999999898
0
LINE
8
BLACK
6
CONTINUOUS
10
311.7631579999999758
20
68.7536569999999898
11
311.9536339999999655
21
68.8488949999999988
0
LINE
8
BLACK
6
CONTINUOUS
10
311.9536339999999655
20
68.8488949999999988
11
312.3345869999999991
21
68.8488949999999988
0
LINE
8
BLACK
6
CONTINUOUS
10
312.3345869999999991
20
68.8488949999999988
11
312.5250629999999887
21
68.7536569999999898
0
LINE
8
BLACK
6
CONTINUOUS
10
312.5250629999999887
20
68.7536569999999898
11
312.6203009999999836
21
68.5631800000000027
0
LINE
8
BLACK
6
CONTINUOUS
10
312.6203009999999836
20
68.5631800000000027
11
312.6203009999999836
21
68.3727039999999988
0
LINE
8
BLACK
6
CONTINUOUS
10
312.6203009999999836
20
68.3727039999999988
11
311.667919999999981
21
68.1822279999999949
0
LINE
8
BLACK
6
CONTINUOUS
10
313.7631579999999758
20
67.5155609999999911
11
313.5726819999999861
21
67.6107999999999976
0
LINE
8
BLACK
6
CONTINUOUS
10
313.5726819999999861
20
67.6107999999999976
11
313.4774439999999913
21
67.8012760000000014
0
LINE
8
BLACK
6
CONTINUOUS
10
313.4774439999999913
20
67.8012760000000014
11
313.4774439999999913
21
69.5155609999999911
0
LINE
8
BLACK
6
CONTINUOUS
10
314.6203009999999836
20
67.6107999999999976
11
314.6203009999999836
21
67.5155609999999911
0
LINE
8
BLACK
6
CONTINUOUS
10
314.6203009999999836
20
67.5155609999999911
11
314.5250629999999887
21
67.3250850000000014
0
LINE
8
BLACK
6
CONTINUOUS
10
314.5250629999999887
20
67.3250850000000014
11
314.4298249999999939
21
67.2298469999999924
0
LINE
8
BLACK
6
CONTINUOUS
10
316.7155399999999759
20
68.8488949999999988
11
317.4774439999999913
21
68.8488949999999988
0
LINE
8
BLACK
6
CONTINUOUS
10
317.0012539999999603
20
69.5155609999999911
11
317.0012539999999603
21
67.8012760000000014
0
LINE
8
BLACK
6
CONTINUOUS
10
317.0012539999999603
20
67.8012760000000014
11
317.096492000000012
21
67.6107999999999976
0
LINE
8
BLACK
6
CONTINUOUS
10
317.096492000000012
20
67.6107999999999976
11
317.2869680000000017
21
67.5155609999999911
0
LINE
8
BLACK
6
CONTINUOUS
10
317.2869680000000017
20
67.5155609999999911
11
317.4774439999999913
21
67.5155609999999911
0
LINE
8
BLACK
6
CONTINUOUS
10
318.4298249999999939
20
67.5155609999999911
11
318.2393490000000043
21
67.6107999999999976
0
LINE
8
BLACK
6
CONTINUOUS
10
318.2393490000000043
20
67.6107999999999976
11
318.1441110000000094
21
67.7060379999999924
0
LINE
8
BLACK
6
CONTINUOUS
10
318.1441110000000094
20
67.7060379999999924
11
318.0488729999999578
21
67.8965139999999963
0
LINE
8
BLACK
6
CONTINUOUS
10
318.0488729999999578
20
67.8965139999999963
11
318.0488729999999578
21
68.4679419999999936
0
LINE
8
BLACK
6
CONTINUOUS
10
318.0488729999999578
20
68.4679419999999936
11
318.1441110000000094
21
68.658418999999995
0
LINE
8
BLACK
6
CONTINUOUS
10
318.1441110000000094
20
68.658418999999995
11
318.2393490000000043
21
68.7536569999999898
0
LINE
8
BLACK
6
CONTINUOUS
10
318.2393490000000043
20
68.7536569999999898
11
318.4298249999999939
21
68.8488949999999988
0
LINE
8
BLACK
6
CONTINUOUS
10
318.4298249999999939
20
68.8488949999999988
11
318.7155399999999759
21
68.8488949999999988
0
LINE
8
BLACK
6
CONTINUOUS
10
318.7155399999999759
20
68.8488949999999988
11
318.9060159999999655
21
68.7536569999999898
0
LINE
8
BLACK
6
CONTINUOUS
10
318.9060159999999655
20
68.7536569999999898
11
319.0012539999999603
21
68.658418999999995
0
LINE
8
BLACK
6
CONTINUOUS
10
319.0012539999999603
20
68.658418999999995
11
319.096492000000012
21
68.4679419999999936
0
LINE
8
BLACK
6
CONTINUOUS
10
319.096492000000012
20
68.4679419999999936
11
319.096492000000012
21
67.8965139999999963
0
LINE
8
BLACK
6
CONTINUOUS
10
319.096492000000012
20
67.8965139999999963
11
319.0012539999999603
21
67.7060379999999924
0
LINE
8
BLACK
6
CONTINUOUS
10
319.0012539999999603
20
67.7060379999999924
11
318.9060159999999655
21
67.6107999999999976
0
LINE
8
BLACK
6
CONTINUOUS
10
318.9060159999999655
20
67.6107999999999976
11
318.7155399999999759
21
67.5155609999999911
0
LINE
8
BLACK
6
CONTINUOUS
10
318.7155399999999759
20
67.5155609999999911
11
318.4298249999999939
21
67.5155609999999911
0
LINE
8
BLACK
6
CONTINUOUS
10
319.9536349999999629
20
68.8488949999999988
11
319.9536349999999629
21
66.8488949999999988
0
LINE
8
BLACK
6
CONTINUOUS
10
319.9536349999999629
20
68.7536569999999898
11
320.1441110000000094
21
68.8488949999999988
0
LINE
8
BLACK
6
CONTINUOUS
10
320.1441110000000094
20
68.8488949999999988
11
320.5250639999999862
21
68.8488949999999988
0
LINE
8
BLACK
6
CONTINUOUS
10
320.5250639999999862
20
68.8488949999999988
11
320.7155399999999759
21
68.7536569999999898
0
LINE
8
BLACK
6
CONTINUOUS
10
320.7155399999999759
20
68.7536569999999898
11
320.8107779999999707
21
68.658418999999995
0
LINE
8
BLACK
6
CONTINUOUS
10
320.8107779999999707
20
68.658418999999995
11
320.9060159999999655
21
68.4679419999999936
0
LINE
8
BLACK
6
CONTINUOUS
10
320.9060159999999655
20
68.4679419999999936
11
320.9060159999999655
21
67.8965139999999963
0
LINE
8
BLACK
6
CONTINUOUS
10
320.9060159999999655
20
67.8965139999999963
11
320.8107779999999707
21
67.7060379999999924
0
LINE
8
BLACK
6
CONTINUOUS
10
320.8107779999999707
20
67.7060379999999924
11
320.7155399999999759
21
67.6107999999999976
0
LINE
8
BLACK
6
CONTINUOUS
10
320.7155399999999759
20
67.6107999999999976
11
320.5250639999999862
21
67.5155609999999911
0
LINE
8
BLACK
6
CONTINUOUS
10
320.5250639999999862
20
67.5155609999999911
11
320.1441110000000094
21
67.5155609999999911
0
LINE
8
BLACK
6
CONTINUOUS
10
320.1441110000000094
20
67.5155609999999911
11
319.9536349999999629
21
67.6107999999999976
0
LINE
8
BLACK
6
CONTINUOUS
10
323.8583979999999656
20
66.753657000000004
11
323.7631589999999733
21
66.8488949999999988
0
LINE
8
BLACK
6
CONTINUOUS
10
323.7631589999999733
20
66.8488949999999988
11
323.5726829999999836
21
67.1346089999999975
0
LINE
8
BLACK
6
CONTINUOUS
10
323.5726829999999836
20
67.1346089999999975
11
323.4774449999999888
21
67.3250850000000014
0
LINE
8
BLACK
6
CONTINUOUS
10
323.4774449999999888
20
67.3250850000000014
11
323.382206999999994
21
67.6107999999999976
0
LINE
8
BLACK
6
CONTINUOUS
10
323.382206999999994
20
67.6107999999999976
11
323.2869689999999991
21
68.0869900000000001
0
LINE
8
BLACK
6
CONTINUOUS
10
323.2869689999999991
20
68.0869900000000001
11
323.2869689999999991
21
68.4679419999999936
0
LINE
8
BLACK
6
CONTINUOUS
10
323.2869689999999991
20
68.4679419999999936
11
323.382206999999994
21
68.9441329999999937
0
LINE
8
BLACK
6
CONTINUOUS
10
323.382206999999994
20
68.9441329999999937
11
323.4774449999999888
21
69.2298469999999924
0
LINE
8
BLACK
6
CONTINUOUS
10
323.4774449999999888
20
69.2298469999999924
11
323.5726829999999836
21
69.4203229999999962
0
LINE
8
BLACK
6
CONTINUOUS
10
323.5726829999999836
20
69.4203229999999962
11
323.7631589999999733
21
69.7060379999999924
0
LINE
8
BLACK
6
CONTINUOUS
10
323.7631589999999733
20
69.7060379999999924
11
323.8583979999999656
21
69.8012760000000014
0
LINE
8
BLACK
6
CONTINUOUS
10
324.620301999999981
20
67.5155609999999911
11
324.620301999999981
21
68.8488949999999988
0
LINE
8
BLACK
6
CONTINUOUS
10
324.620301999999981
20
69.5155609999999911
11
324.5250639999999862
21
69.4203229999999962
0
LINE
8
BLACK
6
CONTINUOUS
10
324.5250639999999862
20
69.4203229999999962
11
324.620301999999981
21
69.3250850000000014
0
LINE
8
BLACK
6
CONTINUOUS
10
324.620301999999981
20
69.3250850000000014
11
324.7155399999999759
21
69.4203229999999962
0
LINE
8
BLACK
6
CONTINUOUS
10
324.7155399999999759
20
69.4203229999999962
11
324.620301999999981
21
69.5155609999999911
0
LINE
8
BLACK
6
CONTINUOUS
10
324.620301999999981
20
69.5155609999999911
11
324.620301999999981
21
69.3250850000000014
0
LINE
8
BLACK
6
CONTINUOUS
10
325.5726829999999836
20
68.8488949999999988
11
325.5726829999999836
21
67.5155609999999911
0
LINE
8
BLACK
6
CONTINUOUS
10
325.5726829999999836
20
68.658418999999995
11
325.6679209999999784
21
68.7536569999999898
0
LINE
8
BLACK
6
CONTINUOUS
10
325.6679209999999784
20
68.7536569999999898
11
325.8583969999999681
21
68.8488949999999988
0
LINE
8
BLACK
6
CONTINUOUS
10
325.8583969999999681
20
68.8488949999999988
11
326.1441120000000069
21
68.8488949999999988
0
LINE
8
BLACK
6
CONTINUOUS
10
326.1441120000000069
20
68.8488949999999988
11
326.3345879999999966
21
68.7536569999999898
0
LINE
8
BLACK
6
CONTINUOUS
10
326.3345879999999966
20
68.7536569999999898
11
326.4298259999999914
21
68.5631800000000027
0
LINE
8
BLACK
6
CONTINUOUS
10
326.4298259999999914
20
68.5631800000000027
11
326.4298259999999914
21
67.5155609999999911
0
LINE
8
BLACK
6
CONTINUOUS
10
327.2869689999999991
20
67.6107999999999976
11
327.4774449999999888
21
67.5155609999999911
0
LINE
8
BLACK
6
CONTINUOUS
10
327.4774449999999888
20
67.5155609999999911
11
327.8583969999999681
21
67.5155609999999911
0
LINE
8
BLACK
6
CONTINUOUS
10
327.8583969999999681
20
67.5155609999999911
11
328.0488740000000121
21
67.6107999999999976
0
LINE
8
BLACK
6
CONTINUOUS
10
328.0488740000000121
20
67.6107999999999976
11
328.1441120000000069
21
67.8012760000000014
0
LINE
8
BLACK
6
CONTINUOUS
10
328.1441120000000069
20
67.8012760000000014
11
328.1441120000000069
21
67.8965139999999963
0
LINE
8
BLACK
6
CONTINUOUS
10
328.1441120000000069
20
67.8965139999999963
11
328.0488740000000121
21
68.0869900000000001
0
LINE
8
BLACK
6
CONTINUOUS
10
328.0488740000000121
20
68.0869900000000001
11
327.8583969999999681
21
68.1822279999999949
0
LINE
8
BLACK
6
CONTINUOUS
10
327.8583969999999681
20
68.1822279999999949
11
327.5726829999999836
21
68.1822279999999949
0
LINE
8
BLACK
6
CONTINUOUS
10
327.5726829999999836
20
68.1822279999999949
11
327.382206999999994
21
68.277466000000004
0
LINE
8
BLACK
6
CONTINUOUS
10
327.382206999999994
20
68.277466000000004
11
327.2869689999999991
21
68.4679419999999936
0
LINE
8
BLACK
6
CONTINUOUS
10
327.2869689999999991
20
68.4679419999999936
11
327.2869689999999991
21
68.5631800000000027
0
LINE
8
BLACK
6
CONTINUOUS
10
327.2869689999999991
20
68.5631800000000027
11
327.382206999999994
21
68.7536569999999898
0
LINE
8
BLACK
6
CONTINUOUS
10
327.382206999999994
20
68.7536569999999898
11
327.5726829999999836
21
68.8488949999999988
0
LINE
8
BLACK
6
CONTINUOUS
10
327.5726829999999836
20
68.8488949999999988
11
327.8583969999999681
21
68.8488949999999988
0
LINE
8
BLACK
6
CONTINUOUS
10
327.8583969999999681
20
68.8488949999999988
11
328.0488740000000121
21
68.7536569999999898
0
LINE
8
BLACK
6
CONTINUOUS
10
329.0012549999999578
20
67.5155609999999911
11
329.0012549999999578
21
68.8488949999999988
0
LINE
8
BLACK
6
CONTINUOUS
10
329.0012549999999578
20
69.5155609999999911
11
328.906016999999963
21
69.4203229999999962
0
LINE
8
BLACK
6
CONTINUOUS
10
328.906016999999963
20
69.4203229999999962
11
329.0012549999999578
21
69.3250850000000014
0
LINE
8
BLACK
6
CONTINUOUS
10
329.0012549999999578
20
69.3250850000000014
11
329.0964930000000095
21
69.4203229999999962
0
LINE
8
BLACK
6
CONTINUOUS
10
329.0964930000000095
20
69.4203229999999962
11
329.0012549999999578
21
69.5155609999999911
0
LINE
8
BLACK
6
CONTINUOUS
10
329.0012549999999578
20
69.5155609999999911
11
329.0012549999999578
21
69.3250850000000014
0
LINE
8
BLACK
6
CONTINUOUS
10
330.8107789999999682
20
67.5155609999999911
11
330.8107789999999682
21
69.5155609999999911
0
LINE
8
BLACK
6
CONTINUOUS
10
330.8107789999999682
20
67.6107999999999976
11
330.6203029999999785
21
67.5155609999999911
0
LINE
8
BLACK
6
CONTINUOUS
10
330.6203029999999785
20
67.5155609999999911
11
330.2393500000000017
21
67.5155609999999911
0
LINE
8
BLACK
6
CONTINUOUS
10
330.2393500000000017
20
67.5155609999999911
11
330.0488740000000121
21
67.6107999999999976
0
LINE
8
BLACK
6
CONTINUOUS
10
330.0488740000000121
20
67.6107999999999976
11
329.9536359999999604
21
67.7060379999999924
0
LINE
8
BLACK
6
CONTINUOUS
10
329.9536359999999604
20
67.7060379999999924
11
329.8583979999999656
21
67.8965139999999963
0
LINE
8
BLACK
6
CONTINUOUS
10
329.8583979999999656
20
67.8965139999999963
11
329.8583979999999656
21
68.4679419999999936
0
LINE
8
BLACK
6
CONTINUOUS
10
329.8583979999999656
20
68.4679419999999936
11
329.9536359999999604
21
68.658418999999995
0
LINE
8
BLACK
6
CONTINUOUS
10
329.9536359999999604
20
68.658418999999995
11
330.0488740000000121
21
68.7536569999999898
0
LINE
8
BLACK
6
CONTINUOUS
10
330.0488740000000121
20
68.7536569999999898
11
330.2393500000000017
21
68.8488949999999988
0
LINE
8
BLACK
6
CONTINUOUS
10
330.2393500000000017
20
68.8488949999999988
11
330.6203029999999785
21
68.8488949999999988
0
LINE
8
BLACK
6
CONTINUOUS
10
330.6203029999999785
20
68.8488949999999988
11
330.8107789999999682
21
68.7536569999999898
0
LINE
8
BLACK
6
CONTINUOUS
10
332.5250649999999837
20
67.6107999999999976
11
332.334588999999994
21
67.5155609999999911
0
LINE
8
BLACK
6
CONTINUOUS
10
332.334588999999994
20
67.5155609999999911
11
331.9536359999999604
21
67.5155609999999911
0
LINE
8
BLACK
6
CONTINUOUS
10
331.9536359999999604
20
67.5155609999999911
11
331.7631599999999708
21
67.6107999999999976
0
LINE
8
BLACK
6
CONTINUOUS
10
331.7631599999999708
20
67.6107999999999976
11
331.6679219999999759
21
67.8012760000000014
0
LINE
8
BLACK
6
CONTINUOUS
10
331.6679219999999759
20
67.8012760000000014
11
331.6679219999999759
21
68.5631800000000027
0
LINE
8
BLACK
6
CONTINUOUS
10
331.6679219999999759
20
68.5631800000000027
11
331.7631599999999708
21
68.7536569999999898
0
LINE
8
BLACK
6
CONTINUOUS
10
331.7631599999999708
20
68.7536569999999898
11
331.9536359999999604
21
68.8488949999999988
0
LINE
8
BLACK
6
CONTINUOUS
10
331.9536359999999604
20
68.8488949999999988
11
332.334588999999994
21
68.8488949999999988
0
LINE
8
BLACK
6
CONTINUOUS
10
332.334588999999994
20
68.8488949999999988
11
332.5250649999999837
21
68.7536569999999898
0
LINE
8
BLACK
6
CONTINUOUS
10
332.5250649999999837
20
68.7536569999999898
11
332.6203029999999785
21
68.5631800000000027
0
LINE
8
BLACK
6
CONTINUOUS
10
332.6203029999999785
20
68.5631800000000027
11
332.6203029999999785
21
68.3727039999999988
0
LINE
8
BLACK
6
CONTINUOUS
10
332.6203029999999785
20
68.3727039999999988
11
331.6679219999999759
21
68.1822279999999949
0
LINE
8
BLACK
6
CONTINUOUS
10
333.2869699999999966
20
66.753657000000004
11
333.3822079999999914
21
66.8488949999999988
0
LINE
8
BLACK
6
CONTINUOUS
10
333.3822079999999914
20
66.8488949999999988
11
333.5726839999999811
21
67.1346089999999975
0
LINE
8
BLACK
6
CONTINUOUS
10
333.5726839999999811
20
67.1346089999999975
11
333.6679219999999759
21
67.3250850000000014
0
LINE
8
BLACK
6
CONTINUOUS
10
333.6679219999999759
20
67.3250850000000014
11
333.7631599999999708
21
67.6107999999999976
0
LINE
8
BLACK
6
CONTINUOUS
10
333.7631599999999708
20
67.6107999999999976
11
333.8583979999999656
21
68.0869900000000001
0
LINE
8
BLACK
6
CONTINUOUS
10
333.8583979999999656
20
68.0869900000000001
11
333.8583979999999656
21
68.4679419999999936
0
LINE
8
BLACK
6
CONTINUOUS
10
333.8583979999999656
20
68.4679419999999936
11
333.7631599999999708
21
68.9441329999999937
0
LINE
8
BLACK
6
CONTINUOUS
10
333.7631599999999708
20
68.9441329999999937
11
333.6679219999999759
21
69.2298469999999924
0
LINE
8
BLACK
6
CONTINUOUS
10
333.6679219999999759
20
69.2298469999999924
11
333.5726839999999811
21
69.4203229999999962
0
LINE
8
BLACK
6
CONTINUOUS
10
333.5726839999999811
20
69.4203229999999962
11
333.3822079999999914
21
69.7060379999999924
0
LINE
8
BLACK
6
CONTINUOUS
10
333.3822079999999914
20
69.7060379999999924
11
333.2869699999999966
21
69.8012760000000014
0
LINE
8
BLACK
6
CONTINUOUS
10
336.1441130000000044
20
68.8488949999999988
11
336.6203029999999785
21
67.5155609999999911
0
LINE
8
BLACK
6
CONTINUOUS
10
336.6203029999999785
20
67.5155609999999911
11
337.096494000000007
21
68.8488949999999988
0
LINE
8
BLACK
6
CONTINUOUS
10
337.8583989999999631
20
67.5155609999999911
11
337.8583989999999631
21
68.8488949999999988
0
LINE
8
BLACK
6
CONTINUOUS
10
337.8583989999999631
20
69.5155609999999911
11
337.7631609999999682
21
69.4203229999999962
0
LINE
8
BLACK
6
CONTINUOUS
10
337.7631609999999682
20
69.4203229999999962
11
337.8583989999999631
21
69.3250850000000014
0
LINE
8
BLACK
6
CONTINUOUS
10
337.8583989999999631
20
69.3250850000000014
11
337.9536369999999579
21
69.4203229999999962
0
LINE
8
BLACK
6
CONTINUOUS
10
337.9536369999999579
20
69.4203229999999962
11
337.8583989999999631
21
69.5155609999999911
0
LINE
8
BLACK
6
CONTINUOUS
10
337.8583989999999631
20
69.5155609999999911
11
337.8583989999999631
21
69.3250850000000014
0
LINE
8
BLACK
6
CONTINUOUS
10
339.5726849999999786
20
67.6107999999999976
11
339.3822089999999889
21
67.5155609999999911
0
LINE
8
BLACK
6
CONTINUOUS
10
339.3822089999999889
20
67.5155609999999911
11
339.0012560000000121
21
67.5155609999999911
0
LINE
8
BLACK
6
CONTINUOUS
10
339.0012560000000121
20
67.5155609999999911
11
338.8107799999999656
21
67.6107999999999976
0
LINE
8
BLACK
6
CONTINUOUS
10
338.8107799999999656
20
67.6107999999999976
11
338.7155419999999708
21
67.8012760000000014
0
LINE
8
BLACK
6
CONTINUOUS
10
338.7155419999999708
20
67.8012760000000014
11
338.7155419999999708
21
68.5631800000000027
0
LINE
8
BLACK
6
CONTINUOUS
10
338.7155419999999708
20
68.5631800000000027
11
338.8107799999999656
21
68.7536569999999898
0
LINE
8
BLACK
6
CONTINUOUS
10
338.8107799999999656
20
68.7536569999999898
11
339.0012560000000121
21
68.8488949999999988
0
LINE
8
BLACK
6
CONTINUOUS
10
339.0012560000000121
20
68.8488949999999988
11
339.3822089999999889
21
68.8488949999999988
0
LINE
8
BLACK
6
CONTINUOUS
10
339.3822089999999889
20
68.8488949999999988
11
339.5726849999999786
21
68.7536569999999898
0
LINE
8
BLACK
6
CONTINUOUS
10
339.5726849999999786
20
68.7536569999999898
11
339.6679229999999734
21
68.5631800000000027
0
LINE
8
BLACK
6
CONTINUOUS
10
339.6679229999999734
20
68.5631800000000027
11
339.6679229999999734
21
68.3727039999999988
0
LINE
8
BLACK
6
CONTINUOUS
10
339.6679229999999734
20
68.3727039999999988
11
338.7155419999999708
21
68.1822279999999949
0
LINE
8
BLACK
6
CONTINUOUS
10
340.3345899999999915
20
68.8488949999999988
11
340.7155419999999708
21
67.5155609999999911
0
LINE
8
BLACK
6
CONTINUOUS
10
340.7155419999999708
20
67.5155609999999911
11
341.0964950000000044
21
68.4679419999999936
0
LINE
8
BLACK
6
CONTINUOUS
10
341.0964950000000044
20
68.4679419999999936
11
341.4774469999999837
21
67.5155609999999911
0
LINE
8
BLACK
6
CONTINUOUS
10
341.4774469999999837
20
67.5155609999999911
11
341.8583989999999631
21
68.8488949999999988
  0
ENDSEC
  0
EOF
