  0
SECTION
  2
HEADER
  9
$ANGBASE
  50
0.0
  9
$ANGDIR
  70
1
  9
$MEASUREMENT
  70
1
  0
ENDSEC
  0
SECTION
  2
TABLES
  0
TABLE
  2
LTYPE
  70
4
  0
LTYPE
  5
40F
  2
CONTINUOUS
  70
0
  3
Solid line
  72
65
  73
0
  40
0.0
  0
LTYPE
  5
410
  2
DASHDOT
 70
0
  3
Dash Dot ____ _ ____ _
 72
65
 73
4
 40
2.0
 49
1.25
 49
-0.25
 49
0.25
 49
-0.25
  0
LTYPE
  5
411
  2
DASHED
 70
0
  3
Dashed __ __ __ __ __
 72
65
 73
2
 40
0.75
 49
0.5
 49
-0.25
  0
LTYPE
  5
43B
  2
DOTTED
 70
0
  3
Dotted .  .  .  .
 72
65
 73
2
 40
0.2
 49
0.0
 49
-0.2
  0
ENDTAB
  0
TABLE
  2
STYLE
  70
4
  0
STYLE
  2
KICAD
  70
0
  40
0
  41
1
  42
1
  50
0
  71
0
  3
isocp.shx
  0
STYLE
  2
KICADB
  70
0
  40
0
  41
1
  42
1
  50
0
  71
0
  3
isocp.shx
  0
STYLE
  2
KICADI
  70
0
  40
0
  41
1
  42
1
  50
15
  71
0
  3
isocp.shx
  0
STYLE
  2
KICADBI
  70
0
  40
0
  41
1
  42
1
  50
15
  71
0
  3
isocp.shx
  0
ENDTAB
  0
TABLE
  2
LAYER
  70
1
  0
LAYER
  2
BLACK
  70
0
  62
7
  6
CONTINUOUS
  0
ENDTAB
  0
ENDSEC
  0
SECTION
  2
ENTITIES
0
CIRCLE
8
BLACK
10
364.3000000000000114
20
-143.2999999999999829
40
1.6499999999999999
0
LINE
8
BLACK
6
CONTINUOUS
10
410.2999999999999545
20
-155.7999999999999829
11
416.7999999999999545
21
-155.7999999999999829
0
LINE
8
BLACK
6
CONTINUOUS
10
194.7999999999999829
20
-151.7999999999999829
11
231.1999999999999886
21
-151.7999999999999829
0
LINE
8
BLACK
6
CONTINUOUS
10
231.1999999999999886
20
-151.7999999999999829
11
231.1999999999999886
21
-159.1999999999999886
0
LINE
8
BLACK
6
CONTINUOUS
10
231.1999999999999886
20
-159.1999999999999886
11
194.7999999999999829
21
-159.1999999999999886
0
LINE
8
BLACK
6
CONTINUOUS
10
194.7999999999999829
20
-159.1999999999999886
11
194.7999999999999829
21
-151.7999999999999829
0
LINE
8
BLACK
6
CONTINUOUS
10
406.0827299999999696
20
-193.0197509999999852
11
406.0827299999999696
21
-193.0832859999999869
0
ARC
8
BLACK
10
144.
20
-49.7999999999999972
40
1.5
50
90.00000000
51
180.00000000
0
LINE
8
BLACK
6
CONTINUOUS
10
152.5
20
-49.7999999999999972
11
144.5
21
-49.7999999999999972
0
ARC
8
BLACK
10
410.2999999999999545
20
-155.2999999999999829
40
0.5
50
-180.00000000
51
-90.00000000
0
LINE
8
BLACK
6
CONTINUOUS
10
406.9082389999999805
20
-194.0357489999999814
11
407.3527419999999779
21
-194.4802479999999889
0
LINE
8
BLACK
6
CONTINUOUS
10
410.2999999999999545
20
-152.2999999999999829
11
416.7999999999999545
21
-152.2999999999999829
0
LINE
8
BLACK
6
CONTINUOUS
10
176.7999999999999829
20
-48.2999999999999972
11
176.7999999999999829
21
-49.3999999999999986
0
LINE
8
BLACK
6
CONTINUOUS
10
307.8000000000000114
20
-194.5
11
307.8000000000000114
21
-193.3999999999999773
0
LINE
8
BLACK
6
CONTINUOUS
10
421.7999999999999545
20
-160.7999999999999829
11
421.7999999999999545
21
-159.6999999999999886
0
LINE
8
BLACK
6
CONTINUOUS
10
421.7999999999999545
20
-159.2999999999999829
11
421.7999999999999545
21
-158.1999999999999886
0
LINE
8
BLACK
6
CONTINUOUS
10
421.7999999999999545
20
-157.7999999999999829
11
421.7999999999999545
21
-156.6999999999999886
0
LINE
8
BLACK
6
CONTINUOUS
10
421.7999999999999545
20
-156.2999999999999829
11
421.7999999999999545
21
-155.1999999999999886
0
LINE
8
BLACK
6
CONTINUOUS
10
421.7999999999999545
20
-154.7999999999999829
11
421.7999999999999545
21
-153.6999999999999886
0
LINE
8
BLACK
6
CONTINUOUS
10
421.7999999999999545
20
-153.2999999999999829
11
421.7999999999999545
21
-152.1999999999999886
0
LINE
8
BLACK
6
CONTINUOUS
10
421.7999999999999545
20
-151.7999999999999829
11
421.7999999999999545
21
-150.6999999999999886
0
LINE
8
BLACK
6
CONTINUOUS
10
421.7999999999999545
20
-150.2999999999999829
11
421.7999999999999545
21
-149.1999999999999886
0
LINE
8
BLACK
6
CONTINUOUS
10
421.7999999999999545
20
-148.7999999999999829
11
421.7999999999999545
21
-147.6999999999999886
0
LINE
8
BLACK
6
CONTINUOUS
10
421.7999999999999545
20
-147.2999999999999829
11
421.7999999999999545
21
-146.1999999999999886
0
LINE
8
BLACK
6
CONTINUOUS
10
421.7999999999999545
20
-145.7999999999999829
11
421.7999999999999545
21
-144.6999999999999886
0
LINE
8
BLACK
6
CONTINUOUS
10
421.7999999999999545
20
-144.2999999999999829
11
421.7999999999999545
21
-143.1999999999999886
0
LINE
8
BLACK
6
CONTINUOUS
10
421.7999999999999545
20
-142.7999999999999829
11
421.7999999999999545
21
-141.6999999999999886
0
LINE
8
BLACK
6
CONTINUOUS
10
421.7999999999999545
20
-141.2999999999999829
11
421.7999999999999545
21
-140.1999999999999886
0
LINE
8
BLACK
6
CONTINUOUS
10
421.7999999999999545
20
-139.7999999999999829
11
421.7999999999999545
21
-138.6999999999999886
0
LINE
8
BLACK
6
CONTINUOUS
10
421.7999999999999545
20
-138.2999999999999829
11
421.7999999999999545
21
-137.1999999999999886
0
LINE
8
BLACK
6
CONTINUOUS
10
421.7999999999999545
20
-136.7999999999999829
11
421.7999999999999545
21
-135.6999999999999886
0
LINE
8
BLACK
6
CONTINUOUS
10
421.7999999999999545
20
-135.2999999999999829
11
421.7999999999999545
21
-134.1999999999999886
0
LINE
8
BLACK
6
CONTINUOUS
10
421.7999999999999545
20
-133.7999999999999829
11
421.7999999999999545
21
-132.6999999999999886
0
LINE
8
BLACK
6
CONTINUOUS
10
421.7999999999999545
20
-132.2999999999999829
11
421.7999999999999545
21
-131.1999999999999886
0
LINE
8
BLACK
6
CONTINUOUS
10
421.7999999999999545
20
-130.7999999999999829
11
421.7999999999999545
21
-129.6999999999999886
0
LINE
8
BLACK
6
CONTINUOUS
10
421.7999999999999545
20
-129.2999999999999829
11
421.7999999999999545
21
-128.1999999999999886
0
LINE
8
BLACK
6
CONTINUOUS
10
421.7999999999999545
20
-127.7999999999999972
11
421.7999999999999545
21
-126.6999999999999886
0
LINE
8
BLACK
6
CONTINUOUS
10
421.7999999999999545
20
-126.2999999999999972
11
421.7999999999999545
21
-125.1999999999999886
0
LINE
8
BLACK
6
CONTINUOUS
10
421.7999999999999545
20
-124.7999999999999972
11
421.7999999999999545
21
-123.6999999999999886
0
LINE
8
BLACK
6
CONTINUOUS
10
421.7999999999999545
20
-123.2999999999999972
11
421.7999999999999545
21
-122.1999999999999886
0
LINE
8
BLACK
6
CONTINUOUS
10
421.7999999999999545
20
-121.7999999999999972
11
421.7999999999999545
21
-120.6999999999999886
0
LINE
8
BLACK
6
CONTINUOUS
10
421.7999999999999545
20
-120.2999999999999972
11
421.7999999999999545
21
-119.1999999999999886
0
LINE
8
BLACK
6
CONTINUOUS
10
421.7999999999999545
20
-118.7999999999999972
11
421.7999999999999545
21
-117.6999999999999886
0
LINE
8
BLACK
6
CONTINUOUS
10
421.7999999999999545
20
-117.2999999999999972
11
421.7999999999999545
21
-116.1999999999999886
0
LINE
8
BLACK
6
CONTINUOUS
10
421.7999999999999545
20
-115.7999999999999972
11
421.7999999999999545
21
-114.6999999999999886
0
LINE
8
BLACK
6
CONTINUOUS
10
421.7999999999999545
20
-114.2999999999999972
11
421.7999999999999545
21
-113.1999999999999886
0
LINE
8
BLACK
6
CONTINUOUS
10
421.7999999999999545
20
-112.7999999999999972
11
421.7999999999999545
21
-111.6999999999999886
0
LINE
8
BLACK
6
CONTINUOUS
10
421.7999999999999545
20
-111.2999999999999972
11
421.7999999999999545
21
-110.1999999999999886
0
LINE
8
BLACK
6
CONTINUOUS
10
421.7999999999999545
20
-109.7999999999999972
11
421.7999999999999545
21
-108.6999999999999886
0
LINE
8
BLACK
6
CONTINUOUS
10
421.7999999999999545
20
-108.2999999999999972
11
421.7999999999999545
21
-107.1999999999999886
0
LINE
8
BLACK
6
CONTINUOUS
10
421.7999999999999545
20
-106.7999999999999972
11
421.7999999999999545
21
-105.6999999999999886
0
LINE
8
BLACK
6
CONTINUOUS
10
421.7999999999999545
20
-105.2999999999999972
11
421.7999999999999545
21
-104.1999999999999886
0
LINE
8
BLACK
6
CONTINUOUS
10
421.7999999999999545
20
-103.7999999999999972
11
421.7999999999999545
21
-102.6999999999999886
0
LINE
8
BLACK
6
CONTINUOUS
10
421.7999999999999545
20
-102.2999999999999972
11
421.7999999999999545
21
-101.1999999999999886
0
LINE
8
BLACK
6
CONTINUOUS
10
421.7999999999999545
20
-100.7999999999999972
11
421.7999999999999545
21
-99.6999999999999886
0
LINE
8
BLACK
6
CONTINUOUS
10
421.7999999999999545
20
-99.2999999999999972
11
421.7999999999999545
21
-98.1999999999999886
0
LINE
8
BLACK
6
CONTINUOUS
10
421.7999999999999545
20
-97.7999999999999972
11
421.7999999999999545
21
-96.6999999999999886
0
LINE
8
BLACK
6
CONTINUOUS
10
421.7999999999999545
20
-96.2999999999999972
11
421.7999999999999545
21
-95.1999999999999886
0
LINE
8
BLACK
6
CONTINUOUS
10
421.7999999999999545
20
-94.7999999999999972
11
421.7999999999999545
21
-93.7000000000000028
0
LINE
8
BLACK
6
CONTINUOUS
10
421.7999999999999545
20
-93.2999999999999972
11
421.7999999999999545
21
-92.2000000000000028
0
LINE
8
BLACK
6
CONTINUOUS
10
421.7999999999999545
20
-91.7999999999999972
11
421.7999999999999545
21
-90.7000000000000028
0
LINE
8
BLACK
6
CONTINUOUS
10
421.7999999999999545
20
-90.2999999999999972
11
421.7999999999999545
21
-89.2000000000000028
0
LINE
8
BLACK
6
CONTINUOUS
10
421.7999999999999545
20
-88.7999999999999972
11
421.7999999999999545
21
-87.7000000000000028
0
LINE
8
BLACK
6
CONTINUOUS
10
421.7999999999999545
20
-87.2999999999999972
11
421.7999999999999545
21
-86.2000000000000028
0
LINE
8
BLACK
6
CONTINUOUS
10
421.7999999999999545
20
-85.7999999999999972
11
421.7999999999999545
21
-84.7000000000000028
0
LINE
8
BLACK
6
CONTINUOUS
10
421.7999999999999545
20
-84.2999999999999972
11
421.7999999999999545
21
-83.2000000000000028
0
LINE
8
BLACK
6
CONTINUOUS
10
421.7999999999999545
20
-82.7999999999999972
11
421.7999999999999545
21
-81.7000000000000028
0
LINE
8
BLACK
6
CONTINUOUS
10
421.7999999999999545
20
-81.2999999999999972
11
421.7999999999999545
21
-80.2000000000000028
0
LINE
8
BLACK
6
CONTINUOUS
10
421.7999999999999545
20
-79.7999999999999972
11
421.7999999999999545
21
-78.7000000000000028
0
LINE
8
BLACK
6
CONTINUOUS
10
421.7999999999999545
20
-78.2999999999999972
11
421.7999999999999545
21
-77.2000000000000028
0
LINE
8
BLACK
6
CONTINUOUS
10
421.7999999999999545
20
-76.7999999999999972
11
421.7999999999999545
21
-75.7000000000000028
0
LINE
8
BLACK
6
CONTINUOUS
10
421.7999999999999545
20
-75.2999999999999972
11
421.7999999999999545
21
-74.2000000000000028
0
LINE
8
BLACK
6
CONTINUOUS
10
421.7999999999999545
20
-73.7999999999999972
11
421.7999999999999545
21
-72.7000000000000028
0
LINE
8
BLACK
6
CONTINUOUS
10
421.7999999999999545
20
-72.2999999999999972
11
421.7999999999999545
21
-71.2000000000000028
0
LINE
8
BLACK
6
CONTINUOUS
10
421.7999999999999545
20
-70.7999999999999972
11
421.7999999999999545
21
-69.7000000000000028
0
LINE
8
BLACK
6
CONTINUOUS
10
421.7999999999999545
20
-69.2999999999999972
11
421.7999999999999545
21
-68.2000000000000028
0
LINE
8
BLACK
6
CONTINUOUS
10
421.7999999999999545
20
-67.7999999999999972
11
421.7999999999999545
21
-66.7000000000000028
0
LINE
8
BLACK
6
CONTINUOUS
10
421.7999999999999545
20
-66.2999999999999972
11
421.7999999999999545
21
-65.2000000000000028
0
LINE
8
BLACK
6
CONTINUOUS
10
421.7999999999999545
20
-64.7999999999999972
11
421.7999999999999545
21
-63.6999999999999957
0
LINE
8
BLACK
6
CONTINUOUS
10
421.7999999999999545
20
-63.2999999999999972
11
421.7999999999999545
21
-62.1999999999999957
0
LINE
8
BLACK
6
CONTINUOUS
10
421.7999999999999545
20
-61.7999999999999972
11
421.7999999999999545
21
-60.6999999999999957
0
LINE
8
BLACK
6
CONTINUOUS
10
421.7999999999999545
20
-60.2999999999999972
11
421.7999999999999545
21
-59.1999999999999957
0
LINE
8
BLACK
6
CONTINUOUS
10
421.7999999999999545
20
-58.7999999999999972
11
421.7999999999999545
21
-57.6999999999999957
0
LINE
8
BLACK
6
CONTINUOUS
10
421.7999999999999545
20
-57.2999999999999972
11
421.7999999999999545
21
-56.1999999999999957
0
LINE
8
BLACK
6
CONTINUOUS
10
421.7999999999999545
20
-55.7999999999999972
11
421.7999999999999545
21
-54.6999999999999957
0
LINE
8
BLACK
6
CONTINUOUS
10
421.7999999999999545
20
-54.2999999999999972
11
421.7999999999999545
21
-53.7999999999999972
0
LINE
8
BLACK
6
CONTINUOUS
10
176.7999999999999829
20
-166.2999999999999829
11
176.7999999999999829
21
-165.1999999999999886
0
LINE
8
BLACK
6
CONTINUOUS
10
417.7999999999999545
20
-48.2999999999999972
11
417.7999999999999545
21
-49.3999999999999986
0
CIRCLE
8
BLACK
10
149.5
20
-127.2999999999999972
40
1.5
0
LINE
8
BLACK
6
CONTINUOUS
10
460.0499999999999545
20
-50.2999999999999972
11
460.0499999999999545
21
-53.7999999999999972
0
LINE
8
BLACK
6
CONTINUOUS
10
176.7999999999999829
20
-166.2999999999999829
11
176.7999999999999829
21
-165.1999999999999886
0
LINE
8
BLACK
6
CONTINUOUS
10
362.7807449999999676
20
-193.2102509999999995
11
362.3362419999999702
21
-193.6547850000000039
0
LINE
8
BLACK
6
CONTINUOUS
10
402.7807449999999676
20
-193.0197509999999852
11
402.7807449999999676
21
-193.1467509999999947
0
LINE
8
BLACK
6
CONTINUOUS
10
366.9082389999999805
20
-11.3642509999999994
11
367.3527419999999779
21
-10.919751999999999
0
ARC
8
BLACK
10
375.0034999999999741
20
-137.8965000000000032
40
5.9000090000084739
50
-269.99991260
51
-179.99990289
0
LINE
8
BLACK
6
CONTINUOUS
10
401.891760999999974
20
-11.3642509999999994
11
401.4472579999999766
21
-10.919751999999999
0
LINE
8
BLACK
6
CONTINUOUS
10
401.891760999999974
20
-11.3642509999999994
11
401.4472579999999766
21
-10.919751999999999
0
LINE
8
BLACK
6
CONTINUOUS
10
406.0827299999999696
20
-12.1897489999999991
11
406.527232999999967
21
-11.745215
0
ARC
8
BLACK
10
410.2999999999999545
20
-152.7999999999999829
40
0.5
50
90.00000000
51
180.00000000
0
CIRCLE
8
BLACK
10
230.0499999999999829
20
-99.0499999999999972
40
45.
0
LINE
8
BLACK
6
CONTINUOUS
10
423.2999999999999545
20
-184.5
11
421.7999999999999545
21
-184.5
0
LINE
8
BLACK
6
CONTINUOUS
10
295.8000000000000114
20
-48.2999999999999972
11
296.8999999999999773
21
-48.2999999999999972
0
LINE
8
BLACK
6
CONTINUOUS
10
297.3000000000000114
20
-48.2999999999999972
11
298.3999999999999773
21
-48.2999999999999972
0
LINE
8
BLACK
6
CONTINUOUS
10
298.8000000000000114
20
-48.2999999999999972
11
298.8000000000000114
21
-49.3999999999999986
0
LINE
8
BLACK
6
CONTINUOUS
10
298.8000000000000114
20
-49.7999999999999972
11
297.6999999999999886
21
-49.7999999999999972
0
LINE
8
BLACK
6
CONTINUOUS
10
297.3000000000000114
20
-49.7999999999999972
11
296.1999999999999886
21
-49.7999999999999972
0
LINE
8
BLACK
6
CONTINUOUS
10
295.8000000000000114
20
-49.7999999999999972
11
295.8000000000000114
21
-48.6999999999999957
0
CIRCLE
8
BLACK
10
297.3000000000000114
20
-188.5
40
1.5
0
LINE
8
BLACK
6
CONTINUOUS
10
144.
20
-160.7999999999999829
11
144.
21
-159.6999999999999886
0
LINE
8
BLACK
6
CONTINUOUS
10
144.
20
-159.2999999999999829
11
144.
21
-158.1999999999999886
0
LINE
8
BLACK
6
CONTINUOUS
10
144.
20
-157.7999999999999829
11
144.
21
-156.6999999999999886
0
LINE
8
BLACK
6
CONTINUOUS
10
144.
20
-156.2999999999999829
11
144.
21
-155.1999999999999886
0
LINE
8
BLACK
6
CONTINUOUS
10
144.
20
-154.7999999999999829
11
144.
21
-153.6999999999999886
0
LINE
8
BLACK
6
CONTINUOUS
10
144.
20
-153.2999999999999829
11
144.
21
-152.1999999999999886
0
LINE
8
BLACK
6
CONTINUOUS
10
144.
20
-151.7999999999999829
11
144.
21
-150.6999999999999886
0
LINE
8
BLACK
6
CONTINUOUS
10
144.
20
-150.2999999999999829
11
144.
21
-149.1999999999999886
0
LINE
8
BLACK
6
CONTINUOUS
10
144.
20
-148.7999999999999829
11
144.
21
-147.6999999999999886
0
LINE
8
BLACK
6
CONTINUOUS
10
144.
20
-147.2999999999999829
11
144.
21
-146.1999999999999886
0
LINE
8
BLACK
6
CONTINUOUS
10
144.
20
-145.7999999999999829
11
144.
21
-144.6999999999999886
0
LINE
8
BLACK
6
CONTINUOUS
10
144.
20
-144.2999999999999829
11
144.
21
-143.1999999999999886
0
LINE
8
BLACK
6
CONTINUOUS
10
144.
20
-142.7999999999999829
11
144.
21
-141.6999999999999886
0
LINE
8
BLACK
6
CONTINUOUS
10
144.
20
-141.2999999999999829
11
144.
21
-140.1999999999999886
0
LINE
8
BLACK
6
CONTINUOUS
10
144.
20
-139.7999999999999829
11
144.
21
-138.6999999999999886
0
LINE
8
BLACK
6
CONTINUOUS
10
144.
20
-138.2999999999999829
11
144.
21
-137.1999999999999886
0
LINE
8
BLACK
6
CONTINUOUS
10
144.
20
-136.7999999999999829
11
144.
21
-135.6999999999999886
0
LINE
8
BLACK
6
CONTINUOUS
10
144.
20
-135.2999999999999829
11
144.
21
-134.1999999999999886
0
LINE
8
BLACK
6
CONTINUOUS
10
144.
20
-133.7999999999999829
11
144.
21
-132.6999999999999886
0
LINE
8
BLACK
6
CONTINUOUS
10
144.
20
-132.2999999999999829
11
144.
21
-131.1999999999999886
0
LINE
8
BLACK
6
CONTINUOUS
10
144.
20
-130.7999999999999829
11
144.
21
-129.6999999999999886
0
LINE
8
BLACK
6
CONTINUOUS
10
144.
20
-129.2999999999999829
11
144.
21
-128.1999999999999886
0
LINE
8
BLACK
6
CONTINUOUS
10
144.
20
-127.7999999999999972
11
144.
21
-126.6999999999999886
0
LINE
8
BLACK
6
CONTINUOUS
10
144.
20
-126.2999999999999972
11
144.
21
-125.1999999999999886
0
LINE
8
BLACK
6
CONTINUOUS
10
144.
20
-124.7999999999999972
11
144.
21
-123.6999999999999886
0
LINE
8
BLACK
6
CONTINUOUS
10
144.
20
-123.2999999999999972
11
144.
21
-122.1999999999999886
0
LINE
8
BLACK
6
CONTINUOUS
10
144.
20
-121.7999999999999972
11
144.
21
-120.6999999999999886
0
LINE
8
BLACK
6
CONTINUOUS
10
144.
20
-120.2999999999999972
11
144.
21
-119.1999999999999886
0
LINE
8
BLACK
6
CONTINUOUS
10
144.
20
-118.7999999999999972
11
144.
21
-117.6999999999999886
0
LINE
8
BLACK
6
CONTINUOUS
10
144.
20
-117.2999999999999972
11
144.
21
-116.1999999999999886
0
LINE
8
BLACK
6
CONTINUOUS
10
144.
20
-115.7999999999999972
11
144.
21
-114.6999999999999886
0
LINE
8
BLACK
6
CONTINUOUS
10
144.
20
-114.2999999999999972
11
144.
21
-113.1999999999999886
0
LINE
8
BLACK
6
CONTINUOUS
10
144.
20
-112.7999999999999972
11
144.
21
-111.6999999999999886
0
LINE
8
BLACK
6
CONTINUOUS
10
144.
20
-111.2999999999999972
11
144.
21
-110.1999999999999886
0
LINE
8
BLACK
6
CONTINUOUS
10
144.
20
-109.7999999999999972
11
144.
21
-108.6999999999999886
0
LINE
8
BLACK
6
CONTINUOUS
10
144.
20
-108.2999999999999972
11
144.
21
-107.1999999999999886
0
LINE
8
BLACK
6
CONTINUOUS
10
144.
20
-106.7999999999999972
11
144.
21
-105.6999999999999886
0
LINE
8
BLACK
6
CONTINUOUS
10
144.
20
-105.2999999999999972
11
144.
21
-104.1999999999999886
0
LINE
8
BLACK
6
CONTINUOUS
10
144.
20
-103.7999999999999972
11
144.
21
-102.6999999999999886
0
LINE
8
BLACK
6
CONTINUOUS
10
144.
20
-102.2999999999999972
11
144.
21
-101.1999999999999886
0
LINE
8
BLACK
6
CONTINUOUS
10
144.
20
-100.7999999999999972
11
144.
21
-99.6999999999999886
0
LINE
8
BLACK
6
CONTINUOUS
10
144.
20
-99.2999999999999972
11
144.
21
-98.1999999999999886
0
LINE
8
BLACK
6
CONTINUOUS
10
144.
20
-97.7999999999999972
11
144.
21
-96.6999999999999886
0
LINE
8
BLACK
6
CONTINUOUS
10
144.
20
-96.2999999999999972
11
144.
21
-95.1999999999999886
0
LINE
8
BLACK
6
CONTINUOUS
10
144.
20
-94.7999999999999972
11
144.
21
-93.7000000000000028
0
LINE
8
BLACK
6
CONTINUOUS
10
144.
20
-93.2999999999999972
11
144.
21
-92.2000000000000028
0
LINE
8
BLACK
6
CONTINUOUS
10
144.
20
-91.7999999999999972
11
144.
21
-90.7000000000000028
0
LINE
8
BLACK
6
CONTINUOUS
10
144.
20
-90.2999999999999972
11
144.
21
-89.2000000000000028
0
LINE
8
BLACK
6
CONTINUOUS
10
144.
20
-88.7999999999999972
11
144.
21
-87.7000000000000028
0
LINE
8
BLACK
6
CONTINUOUS
10
144.
20
-87.2999999999999972
11
144.
21
-86.2000000000000028
0
LINE
8
BLACK
6
CONTINUOUS
10
144.
20
-85.7999999999999972
11
144.
21
-84.7000000000000028
0
LINE
8
BLACK
6
CONTINUOUS
10
144.
20
-84.2999999999999972
11
144.
21
-83.2000000000000028
0
LINE
8
BLACK
6
CONTINUOUS
10
144.
20
-82.7999999999999972
11
144.
21
-81.7000000000000028
0
LINE
8
BLACK
6
CONTINUOUS
10
144.
20
-81.2999999999999972
11
144.
21
-80.2000000000000028
0
LINE
8
BLACK
6
CONTINUOUS
10
144.
20
-79.7999999999999972
11
144.
21
-78.7000000000000028
0
LINE
8
BLACK
6
CONTINUOUS
10
144.
20
-78.2999999999999972
11
144.
21
-77.2000000000000028
0
LINE
8
BLACK
6
CONTINUOUS
10
144.
20
-76.7999999999999972
11
144.
21
-75.7000000000000028
0
LINE
8
BLACK
6
CONTINUOUS
10
144.
20
-75.2999999999999972
11
144.
21
-74.2000000000000028
0
LINE
8
BLACK
6
CONTINUOUS
10
144.
20
-73.7999999999999972
11
144.
21
-72.7000000000000028
0
LINE
8
BLACK
6
CONTINUOUS
10
144.
20
-72.2999999999999972
11
144.
21
-71.2000000000000028
0
LINE
8
BLACK
6
CONTINUOUS
10
144.
20
-70.7999999999999972
11
144.
21
-69.7000000000000028
0
LINE
8
BLACK
6
CONTINUOUS
10
144.
20
-69.2999999999999972
11
144.
21
-68.2000000000000028
0
LINE
8
BLACK
6
CONTINUOUS
10
144.
20
-67.7999999999999972
11
144.
21
-66.7000000000000028
0
LINE
8
BLACK
6
CONTINUOUS
10
144.
20
-66.2999999999999972
11
144.
21
-65.2000000000000028
0
LINE
8
BLACK
6
CONTINUOUS
10
144.
20
-64.7999999999999972
11
144.
21
-63.6999999999999957
0
LINE
8
BLACK
6
CONTINUOUS
10
144.
20
-63.2999999999999972
11
144.
21
-62.1999999999999957
0
LINE
8
BLACK
6
CONTINUOUS
10
144.
20
-61.7999999999999972
11
144.
21
-60.6999999999999957
0
LINE
8
BLACK
6
CONTINUOUS
10
144.
20
-60.2999999999999972
11
144.
21
-59.1999999999999957
0
LINE
8
BLACK
6
CONTINUOUS
10
144.
20
-58.7999999999999972
11
144.
21
-57.6999999999999957
0
LINE
8
BLACK
6
CONTINUOUS
10
144.
20
-57.2999999999999972
11
144.
21
-56.1999999999999957
0
LINE
8
BLACK
6
CONTINUOUS
10
144.
20
-55.7999999999999972
11
144.
21
-54.6999999999999957
0
LINE
8
BLACK
6
CONTINUOUS
10
144.
20
-54.2999999999999972
11
144.
21
-53.7999999999999972
0
LINE
8
BLACK
6
CONTINUOUS
10
417.2999999999999545
20
-10.9000000000000004
11
417.2999999999999545
21
-12.
0
LINE
8
BLACK
6
CONTINUOUS
10
366.9082389999999805
20
-194.0357489999999814
11
367.3527419999999779
21
-194.4802479999999889
0
LINE
8
BLACK
6
CONTINUOUS
10
362.7807449999999676
20
-193.1467509999999947
11
362.7807449999999676
21
-193.2102509999999995
0
LINE
8
BLACK
6
CONTINUOUS
10
401.891760999999974
20
-194.0357489999999814
11
401.4472579999999766
21
-194.4802479999999889
0
LINE
8
BLACK
6
CONTINUOUS
10
402.7807449999999676
20
-12.1897489999999991
11
402.3362419999999702
21
-11.745215
0
LINE
8
BLACK
6
CONTINUOUS
10
366.0827299999999696
20
-12.3802489999999992
11
366.0827299999999696
21
-12.3167139999999993
0
LINE
8
BLACK
6
CONTINUOUS
10
402.7807449999999676
20
-193.0197509999999852
11
402.7807449999999676
21
-193.0832859999999869
0
LINE
8
BLACK
6
CONTINUOUS
10
362.7807449999999676
20
-193.1467509999999947
11
362.7807449999999676
21
-193.2102509999999995
0
LINE
8
BLACK
6
CONTINUOUS
10
176.7999999999999829
20
-193.
11
177.9000000000000057
21
-193.
0
LINE
8
BLACK
6
CONTINUOUS
10
178.2999999999999829
20
-193.
11
179.4000000000000057
21
-193.
0
LINE
8
BLACK
6
CONTINUOUS
10
179.7999999999999829
20
-193.
11
180.9000000000000057
21
-193.
0
LINE
8
BLACK
6
CONTINUOUS
10
181.2999999999999829
20
-193.
11
182.4000000000000057
21
-193.
0
LINE
8
BLACK
6
CONTINUOUS
10
182.7999999999999829
20
-193.
11
183.9000000000000057
21
-193.
0
LINE
8
BLACK
6
CONTINUOUS
10
184.2999999999999829
20
-193.
11
185.4000000000000057
21
-193.
0
LINE
8
BLACK
6
CONTINUOUS
10
185.7999999999999829
20
-193.
11
186.9000000000000057
21
-193.
0
LINE
8
BLACK
6
CONTINUOUS
10
187.2999999999999829
20
-193.
11
188.4000000000000057
21
-193.
0
LINE
8
BLACK
6
CONTINUOUS
10
188.7999999999999829
20
-193.
11
189.8999999999999773
21
-193.
0
LINE
8
BLACK
6
CONTINUOUS
10
190.2999999999999829
20
-193.
11
191.3999999999999773
21
-193.
0
LINE
8
BLACK
6
CONTINUOUS
10
191.7999999999999829
20
-193.
11
192.8999999999999773
21
-193.
0
LINE
8
BLACK
6
CONTINUOUS
10
193.2999999999999829
20
-193.
11
194.3999999999999773
21
-193.
0
LINE
8
BLACK
6
CONTINUOUS
10
194.7999999999999829
20
-193.
11
195.8999999999999773
21
-193.
0
LINE
8
BLACK
6
CONTINUOUS
10
196.2999999999999829
20
-193.
11
197.3999999999999773
21
-193.
0
LINE
8
BLACK
6
CONTINUOUS
10
197.7999999999999829
20
-193.
11
198.8999999999999773
21
-193.
0
LINE
8
BLACK
6
CONTINUOUS
10
199.2999999999999829
20
-193.
11
200.3999999999999773
21
-193.
0
LINE
8
BLACK
6
CONTINUOUS
10
200.7999999999999829
20
-193.
11
201.8999999999999773
21
-193.
0
LINE
8
BLACK
6
CONTINUOUS
10
202.2999999999999829
20
-193.
11
203.3999999999999773
21
-193.
0
LINE
8
BLACK
6
CONTINUOUS
10
203.7999999999999829
20
-193.
11
204.8999999999999773
21
-193.
0
LINE
8
BLACK
6
CONTINUOUS
10
205.2999999999999829
20
-193.
11
206.3999999999999773
21
-193.
0
LINE
8
BLACK
6
CONTINUOUS
10
206.7999999999999829
20
-193.
11
207.8999999999999773
21
-193.
0
LINE
8
BLACK
6
CONTINUOUS
10
208.2999999999999829
20
-193.
11
209.3999999999999773
21
-193.
0
LINE
8
BLACK
6
CONTINUOUS
10
209.7999999999999829
20
-193.
11
210.8999999999999773
21
-193.
0
LINE
8
BLACK
6
CONTINUOUS
10
211.2999999999999829
20
-193.
11
212.3999999999999773
21
-193.
0
LINE
8
BLACK
6
CONTINUOUS
10
212.7999999999999829
20
-193.
11
213.8999999999999773
21
-193.
0
LINE
8
BLACK
6
CONTINUOUS
10
214.2999999999999829
20
-193.
11
215.3999999999999773
21
-193.
0
LINE
8
BLACK
6
CONTINUOUS
10
215.7999999999999829
20
-193.
11
216.8999999999999773
21
-193.
0
LINE
8
BLACK
6
CONTINUOUS
10
217.2999999999999829
20
-193.
11
218.3999999999999773
21
-193.
0
LINE
8
BLACK
6
CONTINUOUS
10
218.7999999999999829
20
-193.
11
219.8999999999999773
21
-193.
0
LINE
8
BLACK
6
CONTINUOUS
10
220.2999999999999829
20
-193.
11
221.3999999999999773
21
-193.
0
LINE
8
BLACK
6
CONTINUOUS
10
221.7999999999999829
20
-193.
11
222.8999999999999773
21
-193.
0
LINE
8
BLACK
6
CONTINUOUS
10
223.2999999999999829
20
-193.
11
224.3999999999999773
21
-193.
0
LINE
8
BLACK
6
CONTINUOUS
10
224.7999999999999829
20
-193.
11
225.8999999999999773
21
-193.
0
LINE
8
BLACK
6
CONTINUOUS
10
226.2999999999999829
20
-193.
11
227.3999999999999773
21
-193.
0
LINE
8
BLACK
6
CONTINUOUS
10
227.7999999999999829
20
-193.
11
228.8999999999999773
21
-193.
0
LINE
8
BLACK
6
CONTINUOUS
10
229.2999999999999829
20
-193.
11
230.3999999999999773
21
-193.
0
LINE
8
BLACK
6
CONTINUOUS
10
230.7999999999999829
20
-193.
11
231.8999999999999773
21
-193.
0
LINE
8
BLACK
6
CONTINUOUS
10
232.2999999999999829
20
-193.
11
233.3999999999999773
21
-193.
0
LINE
8
BLACK
6
CONTINUOUS
10
233.7999999999999829
20
-193.
11
234.8999999999999773
21
-193.
0
LINE
8
BLACK
6
CONTINUOUS
10
235.2999999999999829
20
-193.
11
236.3999999999999773
21
-193.
0
LINE
8
BLACK
6
CONTINUOUS
10
236.7999999999999829
20
-193.
11
237.8999999999999773
21
-193.
0
LINE
8
BLACK
6
CONTINUOUS
10
238.2999999999999829
20
-193.
11
239.3999999999999773
21
-193.
0
LINE
8
BLACK
6
CONTINUOUS
10
239.7999999999999829
20
-193.
11
240.8999999999999773
21
-193.
0
LINE
8
BLACK
6
CONTINUOUS
10
241.2999999999999829
20
-193.
11
242.3999999999999773
21
-193.
0
LINE
8
BLACK
6
CONTINUOUS
10
242.7999999999999829
20
-193.
11
243.8999999999999773
21
-193.
0
LINE
8
BLACK
6
CONTINUOUS
10
244.2999999999999829
20
-193.
11
245.3999999999999773
21
-193.
0
LINE
8
BLACK
6
CONTINUOUS
10
245.7999999999999829
20
-193.
11
246.8999999999999773
21
-193.
0
LINE
8
BLACK
6
CONTINUOUS
10
247.2999999999999829
20
-193.
11
248.3999999999999773
21
-193.
0
LINE
8
BLACK
6
CONTINUOUS
10
248.7999999999999829
20
-193.
11
249.8999999999999773
21
-193.
0
LINE
8
BLACK
6
CONTINUOUS
10
250.2999999999999829
20
-193.
11
251.3999999999999773
21
-193.
0
LINE
8
BLACK
6
CONTINUOUS
10
251.7999999999999829
20
-193.
11
252.8999999999999773
21
-193.
0
LINE
8
BLACK
6
CONTINUOUS
10
253.2999999999999829
20
-193.
11
254.3999999999999773
21
-193.
0
LINE
8
BLACK
6
CONTINUOUS
10
254.7999999999999829
20
-193.
11
255.8999999999999773
21
-193.
0
LINE
8
BLACK
6
CONTINUOUS
10
256.3000000000000114
20
-193.
11
257.3999999999999773
21
-193.
0
LINE
8
BLACK
6
CONTINUOUS
10
257.8000000000000114
20
-193.
11
258.8999999999999773
21
-193.
0
LINE
8
BLACK
6
CONTINUOUS
10
259.3000000000000114
20
-193.
11
260.3999999999999773
21
-193.
0
LINE
8
BLACK
6
CONTINUOUS
10
260.8000000000000114
20
-193.
11
261.8999999999999773
21
-193.
0
LINE
8
BLACK
6
CONTINUOUS
10
262.3000000000000114
20
-193.
11
263.3999999999999773
21
-193.
0
LINE
8
BLACK
6
CONTINUOUS
10
263.8000000000000114
20
-193.
11
264.8999999999999773
21
-193.
0
LINE
8
BLACK
6
CONTINUOUS
10
265.3000000000000114
20
-193.
11
266.3999999999999773
21
-193.
0
LINE
8
BLACK
6
CONTINUOUS
10
266.8000000000000114
20
-193.
11
267.8999999999999773
21
-193.
0
LINE
8
BLACK
6
CONTINUOUS
10
268.3000000000000114
20
-193.
11
269.3999999999999773
21
-193.
0
LINE
8
BLACK
6
CONTINUOUS
10
269.8000000000000114
20
-193.
11
270.8999999999999773
21
-193.
0
LINE
8
BLACK
6
CONTINUOUS
10
271.3000000000000114
20
-193.
11
272.3999999999999773
21
-193.
0
LINE
8
BLACK
6
CONTINUOUS
10
272.8000000000000114
20
-193.
11
273.8999999999999773
21
-193.
0
LINE
8
BLACK
6
CONTINUOUS
10
274.3000000000000114
20
-193.
11
275.3999999999999773
21
-193.
0
LINE
8
BLACK
6
CONTINUOUS
10
275.8000000000000114
20
-193.
11
276.8999999999999773
21
-193.
0
LINE
8
BLACK
6
CONTINUOUS
10
277.3000000000000114
20
-193.
11
278.3999999999999773
21
-193.
0
LINE
8
BLACK
6
CONTINUOUS
10
278.8000000000000114
20
-193.
11
279.8999999999999773
21
-193.
0
LINE
8
BLACK
6
CONTINUOUS
10
280.3000000000000114
20
-193.
11
281.3999999999999773
21
-193.
0
LINE
8
BLACK
6
CONTINUOUS
10
281.8000000000000114
20
-193.
11
282.8999999999999773
21
-193.
0
LINE
8
BLACK
6
CONTINUOUS
10
283.3000000000000114
20
-193.
11
284.3999999999999773
21
-193.
0
LINE
8
BLACK
6
CONTINUOUS
10
284.8000000000000114
20
-193.
11
285.8999999999999773
21
-193.
0
LINE
8
BLACK
6
CONTINUOUS
10
286.3000000000000114
20
-193.
11
287.3999999999999773
21
-193.
0
LINE
8
BLACK
6
CONTINUOUS
10
287.8000000000000114
20
-193.
11
288.8999999999999773
21
-193.
0
LINE
8
BLACK
6
CONTINUOUS
10
289.3000000000000114
20
-193.
11
290.3999999999999773
21
-193.
0
LINE
8
BLACK
6
CONTINUOUS
10
290.8000000000000114
20
-193.
11
291.8999999999999773
21
-193.
0
LINE
8
BLACK
6
CONTINUOUS
10
292.3000000000000114
20
-193.
11
293.3999999999999773
21
-193.
0
LINE
8
BLACK
6
CONTINUOUS
10
293.8000000000000114
20
-193.
11
294.8999999999999773
21
-193.
0
LINE
8
BLACK
6
CONTINUOUS
10
295.3000000000000114
20
-193.
11
296.3999999999999773
21
-193.
0
LINE
8
BLACK
6
CONTINUOUS
10
296.8000000000000114
20
-193.
11
297.8999999999999773
21
-193.
0
LINE
8
BLACK
6
CONTINUOUS
10
298.3000000000000114
20
-193.
11
299.3999999999999773
21
-193.
0
LINE
8
BLACK
6
CONTINUOUS
10
299.8000000000000114
20
-193.
11
300.8999999999999773
21
-193.
0
LINE
8
BLACK
6
CONTINUOUS
10
301.3000000000000114
20
-193.
11
302.3999999999999773
21
-193.
0
LINE
8
BLACK
6
CONTINUOUS
10
302.8000000000000114
20
-193.
11
303.8999999999999773
21
-193.
0
LINE
8
BLACK
6
CONTINUOUS
10
304.3000000000000114
20
-193.
11
305.3999999999999773
21
-193.
0
LINE
8
BLACK
6
CONTINUOUS
10
305.8000000000000114
20
-193.
11
306.8999999999999773
21
-193.
0
LINE
8
BLACK
6
CONTINUOUS
10
307.3000000000000114
20
-193.
11
308.3999999999999773
21
-193.
0
LINE
8
BLACK
6
CONTINUOUS
10
308.8000000000000114
20
-193.
11
309.8999999999999773
21
-193.
0
LINE
8
BLACK
6
CONTINUOUS
10
310.3000000000000114
20
-193.
11
311.3999999999999773
21
-193.
0
LINE
8
BLACK
6
CONTINUOUS
10
311.8000000000000114
20
-193.
11
312.8999999999999773
21
-193.
0
LINE
8
BLACK
6
CONTINUOUS
10
313.3000000000000114
20
-193.
11
314.3999999999999773
21
-193.
0
LINE
8
BLACK
6
CONTINUOUS
10
314.8000000000000114
20
-193.
11
315.8999999999999773
21
-193.
0
LINE
8
BLACK
6
CONTINUOUS
10
316.3000000000000114
20
-193.
11
317.3999999999999773
21
-193.
0
LINE
8
BLACK
6
CONTINUOUS
10
317.8000000000000114
20
-193.
11
318.8999999999999773
21
-193.
0
LINE
8
BLACK
6
CONTINUOUS
10
319.3000000000000114
20
-193.
11
320.3999999999999773
21
-193.
0
LINE
8
BLACK
6
CONTINUOUS
10
320.8000000000000114
20
-193.
11
321.8999999999999773
21
-193.
0
LINE
8
BLACK
6
CONTINUOUS
10
322.3000000000000114
20
-193.
11
323.3999999999999773
21
-193.
0
LINE
8
BLACK
6
CONTINUOUS
10
323.8000000000000114
20
-193.
11
324.8999999999999773
21
-193.
0
LINE
8
BLACK
6
CONTINUOUS
10
325.3000000000000114
20
-193.
11
326.3999999999999773
21
-193.
0
LINE
8
BLACK
6
CONTINUOUS
10
326.8000000000000114
20
-193.
11
327.8999999999999773
21
-193.
0
LINE
8
BLACK
6
CONTINUOUS
10
328.3000000000000114
20
-193.
11
329.3999999999999773
21
-193.
0
LINE
8
BLACK
6
CONTINUOUS
10
329.8000000000000114
20
-193.
11
330.8999999999999773
21
-193.
0
LINE
8
BLACK
6
CONTINUOUS
10
331.3000000000000114
20
-193.
11
332.3999999999999773
21
-193.
0
LINE
8
BLACK
6
CONTINUOUS
10
332.8000000000000114
20
-193.
11
333.8999999999999773
21
-193.
0
LINE
8
BLACK
6
CONTINUOUS
10
334.3000000000000114
20
-193.
11
335.3999999999999773
21
-193.
0
LINE
8
BLACK
6
CONTINUOUS
10
335.8000000000000114
20
-193.
11
336.8999999999999773
21
-193.
0
LINE
8
BLACK
6
CONTINUOUS
10
337.3000000000000114
20
-193.
11
338.3999999999999773
21
-193.
0
LINE
8
BLACK
6
CONTINUOUS
10
338.8000000000000114
20
-193.
11
339.8999999999999773
21
-193.
0
LINE
8
BLACK
6
CONTINUOUS
10
340.3000000000000114
20
-193.
11
341.3999999999999773
21
-193.
0
LINE
8
BLACK
6
CONTINUOUS
10
341.8000000000000114
20
-193.
11
342.8999999999999773
21
-193.
0
LINE
8
BLACK
6
CONTINUOUS
10
343.3000000000000114
20
-193.
11
344.3999999999999773
21
-193.
0
LINE
8
BLACK
6
CONTINUOUS
10
344.8000000000000114
20
-193.
11
345.8999999999999773
21
-193.
0
LINE
8
BLACK
6
CONTINUOUS
10
346.3000000000000114
20
-193.
11
347.3999999999999773
21
-193.
0
LINE
8
BLACK
6
CONTINUOUS
10
347.8000000000000114
20
-193.
11
348.8999999999999773
21
-193.
0
LINE
8
BLACK
6
CONTINUOUS
10
349.3000000000000114
20
-193.
11
350.3999999999999773
21
-193.
0
LINE
8
BLACK
6
CONTINUOUS
10
350.8000000000000114
20
-193.
11
351.8999999999999773
21
-193.
0
LINE
8
BLACK
6
CONTINUOUS
10
352.3000000000000114
20
-193.
11
353.3999999999999773
21
-193.
0
LINE
8
BLACK
6
CONTINUOUS
10
353.8000000000000114
20
-193.
11
354.8999999999999773
21
-193.
0
LINE
8
BLACK
6
CONTINUOUS
10
355.3000000000000114
20
-193.
11
356.3999999999999773
21
-193.
0
LINE
8
BLACK
6
CONTINUOUS
10
356.8000000000000114
20
-193.
11
357.8999999999999773
21
-193.
0
LINE
8
BLACK
6
CONTINUOUS
10
358.3000000000000114
20
-193.
11
359.3999999999999773
21
-193.
0
LINE
8
BLACK
6
CONTINUOUS
10
359.8000000000000114
20
-193.
11
360.8999999999999773
21
-193.
0
LINE
8
BLACK
6
CONTINUOUS
10
361.3000000000000114
20
-193.
11
362.3999999999999773
21
-193.
0
LINE
8
BLACK
6
CONTINUOUS
10
362.8000000000000114
20
-193.
11
363.8999999999999773
21
-193.
0
LINE
8
BLACK
6
CONTINUOUS
10
364.3000000000000114
20
-193.
11
365.3999999999999773
21
-193.
0
LINE
8
BLACK
6
CONTINUOUS
10
365.8000000000000114
20
-193.
11
366.8999999999999773
21
-193.
0
LINE
8
BLACK
6
CONTINUOUS
10
367.3000000000000114
20
-193.
11
368.3999999999999773
21
-193.
0
LINE
8
BLACK
6
CONTINUOUS
10
368.8000000000000114
20
-193.
11
369.8999999999999773
21
-193.
0
LINE
8
BLACK
6
CONTINUOUS
10
370.3000000000000114
20
-193.
11
371.3999999999999773
21
-193.
0
LINE
8
BLACK
6
CONTINUOUS
10
371.8000000000000114
20
-193.
11
372.8999999999999773
21
-193.
0
LINE
8
BLACK
6
CONTINUOUS
10
373.3000000000000114
20
-193.
11
374.3999999999999773
21
-193.
0
LINE
8
BLACK
6
CONTINUOUS
10
374.8000000000000114
20
-193.
11
375.8999999999999773
21
-193.
0
LINE
8
BLACK
6
CONTINUOUS
10
376.3000000000000114
20
-193.
11
377.3999999999999773
21
-193.
0
LINE
8
BLACK
6
CONTINUOUS
10
377.7999999999999545
20
-193.
11
378.8999999999999773
21
-193.
0
LINE
8
BLACK
6
CONTINUOUS
10
379.2999999999999545
20
-193.
11
380.3999999999999773
21
-193.
0
LINE
8
BLACK
6
CONTINUOUS
10
380.7999999999999545
20
-193.
11
381.8999999999999773
21
-193.
0
LINE
8
BLACK
6
CONTINUOUS
10
382.2999999999999545
20
-193.
11
383.3999999999999773
21
-193.
0
LINE
8
BLACK
6
CONTINUOUS
10
383.7999999999999545
20
-193.
11
384.8999999999999773
21
-193.
0
LINE
8
BLACK
6
CONTINUOUS
10
385.2999999999999545
20
-193.
11
386.3999999999999773
21
-193.
0
LINE
8
BLACK
6
CONTINUOUS
10
386.7999999999999545
20
-193.
11
387.8999999999999773
21
-193.
0
LINE
8
BLACK
6
CONTINUOUS
10
388.2999999999999545
20
-193.
11
389.3999999999999773
21
-193.
0
LINE
8
BLACK
6
CONTINUOUS
10
389.7999999999999545
20
-193.
11
390.8999999999999773
21
-193.
0
LINE
8
BLACK
6
CONTINUOUS
10
391.2999999999999545
20
-193.
11
392.3999999999999773
21
-193.
0
LINE
8
BLACK
6
CONTINUOUS
10
392.7999999999999545
20
-193.
11
393.8999999999999773
21
-193.
0
LINE
8
BLACK
6
CONTINUOUS
10
394.2999999999999545
20
-193.
11
395.3999999999999773
21
-193.
0
LINE
8
BLACK
6
CONTINUOUS
10
395.7999999999999545
20
-193.
11
396.8999999999999773
21
-193.
0
LINE
8
BLACK
6
CONTINUOUS
10
397.2999999999999545
20
-193.
11
398.3999999999999773
21
-193.
0
LINE
8
BLACK
6
CONTINUOUS
10
398.7999999999999545
20
-193.
11
399.8999999999999773
21
-193.
0
LINE
8
BLACK
6
CONTINUOUS
10
400.2999999999999545
20
-193.
11
401.3999999999999773
21
-193.
0
LINE
8
BLACK
6
CONTINUOUS
10
401.7999999999999545
20
-193.
11
402.8999999999999773
21
-193.
0
LINE
8
BLACK
6
CONTINUOUS
10
403.2999999999999545
20
-193.
11
404.3999999999999773
21
-193.
0
LINE
8
BLACK
6
CONTINUOUS
10
404.7999999999999545
20
-193.
11
405.8999999999999773
21
-193.
0
LINE
8
BLACK
6
CONTINUOUS
10
406.2999999999999545
20
-193.
11
407.3999999999999773
21
-193.
0
LINE
8
BLACK
6
CONTINUOUS
10
407.7999999999999545
20
-193.
11
408.8999999999999773
21
-193.
0
LINE
8
BLACK
6
CONTINUOUS
10
409.2999999999999545
20
-193.
11
410.3999999999999773
21
-193.
0
LINE
8
BLACK
6
CONTINUOUS
10
410.7999999999999545
20
-193.
11
411.8999999999999773
21
-193.
0
LINE
8
BLACK
6
CONTINUOUS
10
412.2999999999999545
20
-193.
11
413.3999999999999773
21
-193.
0
LINE
8
BLACK
6
CONTINUOUS
10
413.7999999999999545
20
-193.
11
414.8999999999999773
21
-193.
0
LINE
8
BLACK
6
CONTINUOUS
10
415.2999999999999545
20
-193.
11
416.3999999999999773
21
-193.
0
LINE
8
BLACK
6
CONTINUOUS
10
416.7999999999999545
20
-193.
11
417.7999999999999545
21
-193.
0
LINE
8
BLACK
6
CONTINUOUS
10
301.7327300000000037
20
-12.3802489999999992
11
301.7327300000000037
21
-12.3167139999999993
0
LINE
8
BLACK
6
CONTINUOUS
10
175.2999999999999829
20
-48.2999999999999972
11
419.2999999999999545
21
-48.2999999999999972
0
LINE
8
BLACK
6
CONTINUOUS
10
460.0499999999999545
20
-164.2999999999999829
11
460.0499999999999545
21
-160.7999999999999829
0
ARC
8
BLACK
10
460.0499999999999545
20
-164.7999999999999829
40
1.5
50
-90.00000000
51
-0.00000000
0
LINE
8
BLACK
6
CONTINUOUS
10
277.8000000000000114
20
-12.3999999999999986
11
277.8000000000000114
21
-11.2999999999999989
0
LINE
8
BLACK
6
CONTINUOUS
10
417.7999999999999545
20
-48.2999999999999972
11
417.7999999999999545
21
-49.3999999999999986
0
CIRCLE
8
BLACK
10
454.5499999999999545
20
-87.2999999999999972
40
1.5
0
LINE
8
BLACK
6
CONTINUOUS
10
298.4307450000000017
20
-12.1897489999999991
11
297.9862420000000043
21
-11.745215
0
ARC
8
BLACK
10
416.7999999999999545
20
-152.7999999999999829
40
0.5
50
0.00000000
51
90.00000000
0
CIRCLE
8
BLACK
10
149.5
20
-87.2999999999999972
40
1.5
0
LINE
8
BLACK
6
CONTINUOUS
10
406.0827299999999696
20
-12.2532490000000003
11
406.0827299999999696
21
-12.1897489999999991
0
ARC
8
BLACK
10
393.6034999999999968
20
-148.6964999999999861
40
5.899991000008475
50
-90.00008740
51
-0.00009711
0
LINE
8
BLACK
6
CONTINUOUS
10
406.0827299999999696
20
-12.3802489999999992
11
406.0827299999999696
21
-12.3167139999999993
0
CIRCLE
8
BLACK
10
454.5499999999999545
20
-127.2999999999999972
40
1.5
0
LINE
8
BLACK
6
CONTINUOUS
10
362.7807449999999676
20
-12.3167139999999993
11
362.7807449999999676
21
-12.2532490000000003
0
LINE
8
BLACK
6
CONTINUOUS
10
366.0827299999999696
20
-12.3802489999999992
11
366.0827299999999696
21
-12.3167139999999993
0
LINE
8
BLACK
6
CONTINUOUS
10
302.5582390000000146
20
-194.0357489999999814
11
303.002742000000012
21
-194.4802479999999889
0
LINE
8
BLACK
6
CONTINUOUS
10
406.0827299999999696
20
-193.0197509999999852
11
406.0827299999999696
21
-193.0832859999999869
0
LINE
8
BLACK
6
CONTINUOUS
10
402.7807449999999676
20
-12.3802489999999992
11
402.7807449999999676
21
-12.3167139999999993
0
LINE
8
BLACK
6
CONTINUOUS
10
421.7999999999999545
20
-184.5
11
421.7999999999999545
21
-193.
0
LINE
8
BLACK
6
CONTINUOUS
10
366.0827299999999696
20
-12.1897489999999991
11
366.527232999999967
21
-11.745215
0
LINE
8
BLACK
6
CONTINUOUS
10
292.3999999999999773
20
-152.5999999999999943
11
307.6999999999999886
21
-152.5999999999999943
0
LINE
8
BLACK
6
CONTINUOUS
10
307.6999999999999886
20
-152.5999999999999943
11
307.6999999999999886
21
-159.0999999999999943
0
LINE
8
BLACK
6
CONTINUOUS
10
307.6999999999999886
20
-159.0999999999999943
11
292.3999999999999773
21
-159.0999999999999943
0
LINE
8
BLACK
6
CONTINUOUS
10
292.3999999999999773
20
-159.0999999999999943
11
292.3999999999999773
21
-152.5999999999999943
0
LINE
8
BLACK
6
CONTINUOUS
10
366.0827299999999696
20
-12.2532490000000003
11
366.0827299999999696
21
-12.1897489999999991
0
LINE
8
BLACK
6
CONTINUOUS
10
301.7327300000000037
20
-193.2102509999999995
11
302.1772330000000011
21
-193.6547850000000039
0
LINE
8
BLACK
6
CONTINUOUS
10
399.3999999999999773
20
-10.9000000000000004
11
399.3999999999999773
21
-12.
0
LINE
8
BLACK
6
CONTINUOUS
10
171.2999999999999829
20
-160.7999999999999829
11
172.4000000000000057
21
-160.7999999999999829
0
LINE
8
BLACK
6
CONTINUOUS
10
176.7999999999999829
20
-49.7999999999999972
11
177.9000000000000057
21
-49.7999999999999972
0
LINE
8
BLACK
6
CONTINUOUS
10
178.2999999999999829
20
-49.7999999999999972
11
179.4000000000000057
21
-49.7999999999999972
0
LINE
8
BLACK
6
CONTINUOUS
10
179.7999999999999829
20
-49.7999999999999972
11
180.9000000000000057
21
-49.7999999999999972
0
LINE
8
BLACK
6
CONTINUOUS
10
181.2999999999999829
20
-49.7999999999999972
11
182.4000000000000057
21
-49.7999999999999972
0
LINE
8
BLACK
6
CONTINUOUS
10
182.7999999999999829
20
-49.7999999999999972
11
183.9000000000000057
21
-49.7999999999999972
0
LINE
8
BLACK
6
CONTINUOUS
10
184.2999999999999829
20
-49.7999999999999972
11
185.4000000000000057
21
-49.7999999999999972
0
LINE
8
BLACK
6
CONTINUOUS
10
185.7999999999999829
20
-49.7999999999999972
11
186.9000000000000057
21
-49.7999999999999972
0
LINE
8
BLACK
6
CONTINUOUS
10
187.2999999999999829
20
-49.7999999999999972
11
188.4000000000000057
21
-49.7999999999999972
0
LINE
8
BLACK
6
CONTINUOUS
10
188.7999999999999829
20
-49.7999999999999972
11
189.8999999999999773
21
-49.7999999999999972
0
LINE
8
BLACK
6
CONTINUOUS
10
190.2999999999999829
20
-49.7999999999999972
11
191.3999999999999773
21
-49.7999999999999972
0
LINE
8
BLACK
6
CONTINUOUS
10
191.7999999999999829
20
-49.7999999999999972
11
192.8999999999999773
21
-49.7999999999999972
0
LINE
8
BLACK
6
CONTINUOUS
10
193.2999999999999829
20
-49.7999999999999972
11
194.3999999999999773
21
-49.7999999999999972
0
LINE
8
BLACK
6
CONTINUOUS
10
194.7999999999999829
20
-49.7999999999999972
11
195.8999999999999773
21
-49.7999999999999972
0
LINE
8
BLACK
6
CONTINUOUS
10
196.2999999999999829
20
-49.7999999999999972
11
197.3999999999999773
21
-49.7999999999999972
0
LINE
8
BLACK
6
CONTINUOUS
10
197.7999999999999829
20
-49.7999999999999972
11
198.8999999999999773
21
-49.7999999999999972
0
LINE
8
BLACK
6
CONTINUOUS
10
199.2999999999999829
20
-49.7999999999999972
11
200.3999999999999773
21
-49.7999999999999972
0
LINE
8
BLACK
6
CONTINUOUS
10
200.7999999999999829
20
-49.7999999999999972
11
201.8999999999999773
21
-49.7999999999999972
0
LINE
8
BLACK
6
CONTINUOUS
10
202.2999999999999829
20
-49.7999999999999972
11
203.3999999999999773
21
-49.7999999999999972
0
LINE
8
BLACK
6
CONTINUOUS
10
203.7999999999999829
20
-49.7999999999999972
11
204.8999999999999773
21
-49.7999999999999972
0
LINE
8
BLACK
6
CONTINUOUS
10
205.2999999999999829
20
-49.7999999999999972
11
206.3999999999999773
21
-49.7999999999999972
0
LINE
8
BLACK
6
CONTINUOUS
10
206.7999999999999829
20
-49.7999999999999972
11
207.8999999999999773
21
-49.7999999999999972
0
LINE
8
BLACK
6
CONTINUOUS
10
208.2999999999999829
20
-49.7999999999999972
11
209.3999999999999773
21
-49.7999999999999972
0
LINE
8
BLACK
6
CONTINUOUS
10
209.7999999999999829
20
-49.7999999999999972
11
210.8999999999999773
21
-49.7999999999999972
0
LINE
8
BLACK
6
CONTINUOUS
10
211.2999999999999829
20
-49.7999999999999972
11
212.3999999999999773
21
-49.7999999999999972
0
LINE
8
BLACK
6
CONTINUOUS
10
212.7999999999999829
20
-49.7999999999999972
11
213.8999999999999773
21
-49.7999999999999972
0
LINE
8
BLACK
6
CONTINUOUS
10
214.2999999999999829
20
-49.7999999999999972
11
215.3999999999999773
21
-49.7999999999999972
0
LINE
8
BLACK
6
CONTINUOUS
10
215.7999999999999829
20
-49.7999999999999972
11
216.8999999999999773
21
-49.7999999999999972
0
LINE
8
BLACK
6
CONTINUOUS
10
217.2999999999999829
20
-49.7999999999999972
11
218.3999999999999773
21
-49.7999999999999972
0
LINE
8
BLACK
6
CONTINUOUS
10
218.7999999999999829
20
-49.7999999999999972
11
219.8999999999999773
21
-49.7999999999999972
0
LINE
8
BLACK
6
CONTINUOUS
10
220.2999999999999829
20
-49.7999999999999972
11
221.3999999999999773
21
-49.7999999999999972
0
LINE
8
BLACK
6
CONTINUOUS
10
221.7999999999999829
20
-49.7999999999999972
11
222.8999999999999773
21
-49.7999999999999972
0
LINE
8
BLACK
6
CONTINUOUS
10
223.2999999999999829
20
-49.7999999999999972
11
224.3999999999999773
21
-49.7999999999999972
0
LINE
8
BLACK
6
CONTINUOUS
10
224.7999999999999829
20
-49.7999999999999972
11
225.8999999999999773
21
-49.7999999999999972
0
LINE
8
BLACK
6
CONTINUOUS
10
226.2999999999999829
20
-49.7999999999999972
11
227.3999999999999773
21
-49.7999999999999972
0
LINE
8
BLACK
6
CONTINUOUS
10
227.7999999999999829
20
-49.7999999999999972
11
228.8999999999999773
21
-49.7999999999999972
0
LINE
8
BLACK
6
CONTINUOUS
10
229.2999999999999829
20
-49.7999999999999972
11
230.3999999999999773
21
-49.7999999999999972
0
LINE
8
BLACK
6
CONTINUOUS
10
230.7999999999999829
20
-49.7999999999999972
11
231.8999999999999773
21
-49.7999999999999972
0
LINE
8
BLACK
6
CONTINUOUS
10
232.2999999999999829
20
-49.7999999999999972
11
233.3999999999999773
21
-49.7999999999999972
0
LINE
8
BLACK
6
CONTINUOUS
10
233.7999999999999829
20
-49.7999999999999972
11
234.8999999999999773
21
-49.7999999999999972
0
LINE
8
BLACK
6
CONTINUOUS
10
235.2999999999999829
20
-49.7999999999999972
11
236.3999999999999773
21
-49.7999999999999972
0
LINE
8
BLACK
6
CONTINUOUS
10
236.7999999999999829
20
-49.7999999999999972
11
237.8999999999999773
21
-49.7999999999999972
0
LINE
8
BLACK
6
CONTINUOUS
10
238.2999999999999829
20
-49.7999999999999972
11
239.3999999999999773
21
-49.7999999999999972
0
LINE
8
BLACK
6
CONTINUOUS
10
239.7999999999999829
20
-49.7999999999999972
11
240.8999999999999773
21
-49.7999999999999972
0
LINE
8
BLACK
6
CONTINUOUS
10
241.2999999999999829
20
-49.7999999999999972
11
242.3999999999999773
21
-49.7999999999999972
0
LINE
8
BLACK
6
CONTINUOUS
10
242.7999999999999829
20
-49.7999999999999972
11
243.8999999999999773
21
-49.7999999999999972
0
LINE
8
BLACK
6
CONTINUOUS
10
244.2999999999999829
20
-49.7999999999999972
11
245.3999999999999773
21
-49.7999999999999972
0
LINE
8
BLACK
6
CONTINUOUS
10
245.7999999999999829
20
-49.7999999999999972
11
246.8999999999999773
21
-49.7999999999999972
0
LINE
8
BLACK
6
CONTINUOUS
10
247.2999999999999829
20
-49.7999999999999972
11
248.3999999999999773
21
-49.7999999999999972
0
LINE
8
BLACK
6
CONTINUOUS
10
248.7999999999999829
20
-49.7999999999999972
11
249.8999999999999773
21
-49.7999999999999972
0
LINE
8
BLACK
6
CONTINUOUS
10
250.2999999999999829
20
-49.7999999999999972
11
251.3999999999999773
21
-49.7999999999999972
0
LINE
8
BLACK
6
CONTINUOUS
10
251.7999999999999829
20
-49.7999999999999972
11
252.8999999999999773
21
-49.7999999999999972
0
LINE
8
BLACK
6
CONTINUOUS
10
253.2999999999999829
20
-49.7999999999999972
11
254.3999999999999773
21
-49.7999999999999972
0
LINE
8
BLACK
6
CONTINUOUS
10
254.7999999999999829
20
-49.7999999999999972
11
255.8999999999999773
21
-49.7999999999999972
0
LINE
8
BLACK
6
CONTINUOUS
10
256.3000000000000114
20
-49.7999999999999972
11
257.3999999999999773
21
-49.7999999999999972
0
LINE
8
BLACK
6
CONTINUOUS
10
257.8000000000000114
20
-49.7999999999999972
11
258.8999999999999773
21
-49.7999999999999972
0
LINE
8
BLACK
6
CONTINUOUS
10
259.3000000000000114
20
-49.7999999999999972
11
260.3999999999999773
21
-49.7999999999999972
0
LINE
8
BLACK
6
CONTINUOUS
10
260.8000000000000114
20
-49.7999999999999972
11
261.8999999999999773
21
-49.7999999999999972
0
LINE
8
BLACK
6
CONTINUOUS
10
262.3000000000000114
20
-49.7999999999999972
11
263.3999999999999773
21
-49.7999999999999972
0
LINE
8
BLACK
6
CONTINUOUS
10
263.8000000000000114
20
-49.7999999999999972
11
264.8999999999999773
21
-49.7999999999999972
0
LINE
8
BLACK
6
CONTINUOUS
10
265.3000000000000114
20
-49.7999999999999972
11
266.3999999999999773
21
-49.7999999999999972
0
LINE
8
BLACK
6
CONTINUOUS
10
266.8000000000000114
20
-49.7999999999999972
11
267.8999999999999773
21
-49.7999999999999972
0
LINE
8
BLACK
6
CONTINUOUS
10
268.3000000000000114
20
-49.7999999999999972
11
269.3999999999999773
21
-49.7999999999999972
0
LINE
8
BLACK
6
CONTINUOUS
10
269.8000000000000114
20
-49.7999999999999972
11
270.8999999999999773
21
-49.7999999999999972
0
LINE
8
BLACK
6
CONTINUOUS
10
271.3000000000000114
20
-49.7999999999999972
11
272.3999999999999773
21
-49.7999999999999972
0
LINE
8
BLACK
6
CONTINUOUS
10
272.8000000000000114
20
-49.7999999999999972
11
273.8999999999999773
21
-49.7999999999999972
0
LINE
8
BLACK
6
CONTINUOUS
10
274.3000000000000114
20
-49.7999999999999972
11
275.3999999999999773
21
-49.7999999999999972
0
LINE
8
BLACK
6
CONTINUOUS
10
275.8000000000000114
20
-49.7999999999999972
11
276.8999999999999773
21
-49.7999999999999972
0
LINE
8
BLACK
6
CONTINUOUS
10
277.3000000000000114
20
-49.7999999999999972
11
278.3999999999999773
21
-49.7999999999999972
0
LINE
8
BLACK
6
CONTINUOUS
10
278.8000000000000114
20
-49.7999999999999972
11
279.8999999999999773
21
-49.7999999999999972
0
LINE
8
BLACK
6
CONTINUOUS
10
280.3000000000000114
20
-49.7999999999999972
11
281.3999999999999773
21
-49.7999999999999972
0
LINE
8
BLACK
6
CONTINUOUS
10
281.8000000000000114
20
-49.7999999999999972
11
282.8999999999999773
21
-49.7999999999999972
0
LINE
8
BLACK
6
CONTINUOUS
10
283.3000000000000114
20
-49.7999999999999972
11
284.3999999999999773
21
-49.7999999999999972
0
LINE
8
BLACK
6
CONTINUOUS
10
284.8000000000000114
20
-49.7999999999999972
11
285.8999999999999773
21
-49.7999999999999972
0
LINE
8
BLACK
6
CONTINUOUS
10
286.3000000000000114
20
-49.7999999999999972
11
287.3999999999999773
21
-49.7999999999999972
0
LINE
8
BLACK
6
CONTINUOUS
10
287.8000000000000114
20
-49.7999999999999972
11
288.8999999999999773
21
-49.7999999999999972
0
LINE
8
BLACK
6
CONTINUOUS
10
289.3000000000000114
20
-49.7999999999999972
11
290.3999999999999773
21
-49.7999999999999972
0
LINE
8
BLACK
6
CONTINUOUS
10
290.8000000000000114
20
-49.7999999999999972
11
291.8999999999999773
21
-49.7999999999999972
0
LINE
8
BLACK
6
CONTINUOUS
10
292.3000000000000114
20
-49.7999999999999972
11
293.3999999999999773
21
-49.7999999999999972
0
LINE
8
BLACK
6
CONTINUOUS
10
293.8000000000000114
20
-49.7999999999999972
11
294.8999999999999773
21
-49.7999999999999972
0
LINE
8
BLACK
6
CONTINUOUS
10
295.3000000000000114
20
-49.7999999999999972
11
296.3999999999999773
21
-49.7999999999999972
0
LINE
8
BLACK
6
CONTINUOUS
10
296.8000000000000114
20
-49.7999999999999972
11
297.8999999999999773
21
-49.7999999999999972
0
LINE
8
BLACK
6
CONTINUOUS
10
298.3000000000000114
20
-49.7999999999999972
11
299.3999999999999773
21
-49.7999999999999972
0
LINE
8
BLACK
6
CONTINUOUS
10
299.8000000000000114
20
-49.7999999999999972
11
300.8999999999999773
21
-49.7999999999999972
0
LINE
8
BLACK
6
CONTINUOUS
10
301.3000000000000114
20
-49.7999999999999972
11
302.3999999999999773
21
-49.7999999999999972
0
LINE
8
BLACK
6
CONTINUOUS
10
302.8000000000000114
20
-49.7999999999999972
11
303.8999999999999773
21
-49.7999999999999972
0
LINE
8
BLACK
6
CONTINUOUS
10
304.3000000000000114
20
-49.7999999999999972
11
305.3999999999999773
21
-49.7999999999999972
0
LINE
8
BLACK
6
CONTINUOUS
10
305.8000000000000114
20
-49.7999999999999972
11
306.8999999999999773
21
-49.7999999999999972
0
LINE
8
BLACK
6
CONTINUOUS
10
307.3000000000000114
20
-49.7999999999999972
11
308.3999999999999773
21
-49.7999999999999972
0
LINE
8
BLACK
6
CONTINUOUS
10
308.8000000000000114
20
-49.7999999999999972
11
309.8999999999999773
21
-49.7999999999999972
0
LINE
8
BLACK
6
CONTINUOUS
10
310.3000000000000114
20
-49.7999999999999972
11
311.3999999999999773
21
-49.7999999999999972
0
LINE
8
BLACK
6
CONTINUOUS
10
311.8000000000000114
20
-49.7999999999999972
11
312.8999999999999773
21
-49.7999999999999972
0
LINE
8
BLACK
6
CONTINUOUS
10
313.3000000000000114
20
-49.7999999999999972
11
314.3999999999999773
21
-49.7999999999999972
0
LINE
8
BLACK
6
CONTINUOUS
10
314.8000000000000114
20
-49.7999999999999972
11
315.8999999999999773
21
-49.7999999999999972
0
LINE
8
BLACK
6
CONTINUOUS
10
316.3000000000000114
20
-49.7999999999999972
11
317.3999999999999773
21
-49.7999999999999972
0
LINE
8
BLACK
6
CONTINUOUS
10
317.8000000000000114
20
-49.7999999999999972
11
318.8999999999999773
21
-49.7999999999999972
0
LINE
8
BLACK
6
CONTINUOUS
10
319.3000000000000114
20
-49.7999999999999972
11
320.3999999999999773
21
-49.7999999999999972
0
LINE
8
BLACK
6
CONTINUOUS
10
320.8000000000000114
20
-49.7999999999999972
11
321.8999999999999773
21
-49.7999999999999972
0
LINE
8
BLACK
6
CONTINUOUS
10
322.3000000000000114
20
-49.7999999999999972
11
323.3999999999999773
21
-49.7999999999999972
0
LINE
8
BLACK
6
CONTINUOUS
10
323.8000000000000114
20
-49.7999999999999972
11
324.8999999999999773
21
-49.7999999999999972
0
LINE
8
BLACK
6
CONTINUOUS
10
325.3000000000000114
20
-49.7999999999999972
11
326.3999999999999773
21
-49.7999999999999972
0
LINE
8
BLACK
6
CONTINUOUS
10
326.8000000000000114
20
-49.7999999999999972
11
327.8999999999999773
21
-49.7999999999999972
0
LINE
8
BLACK
6
CONTINUOUS
10
328.3000000000000114
20
-49.7999999999999972
11
329.3999999999999773
21
-49.7999999999999972
0
LINE
8
BLACK
6
CONTINUOUS
10
329.8000000000000114
20
-49.7999999999999972
11
330.8999999999999773
21
-49.7999999999999972
0
LINE
8
BLACK
6
CONTINUOUS
10
331.3000000000000114
20
-49.7999999999999972
11
332.3999999999999773
21
-49.7999999999999972
0
LINE
8
BLACK
6
CONTINUOUS
10
332.8000000000000114
20
-49.7999999999999972
11
333.8999999999999773
21
-49.7999999999999972
0
LINE
8
BLACK
6
CONTINUOUS
10
334.3000000000000114
20
-49.7999999999999972
11
335.3999999999999773
21
-49.7999999999999972
0
LINE
8
BLACK
6
CONTINUOUS
10
335.8000000000000114
20
-49.7999999999999972
11
336.8999999999999773
21
-49.7999999999999972
0
LINE
8
BLACK
6
CONTINUOUS
10
337.3000000000000114
20
-49.7999999999999972
11
338.3999999999999773
21
-49.7999999999999972
0
LINE
8
BLACK
6
CONTINUOUS
10
338.8000000000000114
20
-49.7999999999999972
11
339.8999999999999773
21
-49.7999999999999972
0
LINE
8
BLACK
6
CONTINUOUS
10
340.3000000000000114
20
-49.7999999999999972
11
341.3999999999999773
21
-49.7999999999999972
0
LINE
8
BLACK
6
CONTINUOUS
10
341.8000000000000114
20
-49.7999999999999972
11
342.8999999999999773
21
-49.7999999999999972
0
LINE
8
BLACK
6
CONTINUOUS
10
343.3000000000000114
20
-49.7999999999999972
11
344.3999999999999773
21
-49.7999999999999972
0
LINE
8
BLACK
6
CONTINUOUS
10
344.8000000000000114
20
-49.7999999999999972
11
345.8999999999999773
21
-49.7999999999999972
0
LINE
8
BLACK
6
CONTINUOUS
10
346.3000000000000114
20
-49.7999999999999972
11
347.3999999999999773
21
-49.7999999999999972
0
LINE
8
BLACK
6
CONTINUOUS
10
347.8000000000000114
20
-49.7999999999999972
11
348.8999999999999773
21
-49.7999999999999972
0
LINE
8
BLACK
6
CONTINUOUS
10
349.3000000000000114
20
-49.7999999999999972
11
350.3999999999999773
21
-49.7999999999999972
0
LINE
8
BLACK
6
CONTINUOUS
10
350.8000000000000114
20
-49.7999999999999972
11
351.8999999999999773
21
-49.7999999999999972
0
LINE
8
BLACK
6
CONTINUOUS
10
352.3000000000000114
20
-49.7999999999999972
11
353.3999999999999773
21
-49.7999999999999972
0
LINE
8
BLACK
6
CONTINUOUS
10
353.8000000000000114
20
-49.7999999999999972
11
354.8999999999999773
21
-49.7999999999999972
0
LINE
8
BLACK
6
CONTINUOUS
10
355.3000000000000114
20
-49.7999999999999972
11
356.3999999999999773
21
-49.7999999999999972
0
LINE
8
BLACK
6
CONTINUOUS
10
356.8000000000000114
20
-49.7999999999999972
11
357.8999999999999773
21
-49.7999999999999972
0
LINE
8
BLACK
6
CONTINUOUS
10
358.3000000000000114
20
-49.7999999999999972
11
359.3999999999999773
21
-49.7999999999999972
0
LINE
8
BLACK
6
CONTINUOUS
10
359.8000000000000114
20
-49.7999999999999972
11
360.8999999999999773
21
-49.7999999999999972
0
LINE
8
BLACK
6
CONTINUOUS
10
361.3000000000000114
20
-49.7999999999999972
11
362.3999999999999773
21
-49.7999999999999972
0
LINE
8
BLACK
6
CONTINUOUS
10
362.8000000000000114
20
-49.7999999999999972
11
363.8999999999999773
21
-49.7999999999999972
0
LINE
8
BLACK
6
CONTINUOUS
10
364.3000000000000114
20
-49.7999999999999972
11
365.3999999999999773
21
-49.7999999999999972
0
LINE
8
BLACK
6
CONTINUOUS
10
365.8000000000000114
20
-49.7999999999999972
11
366.8999999999999773
21
-49.7999999999999972
0
LINE
8
BLACK
6
CONTINUOUS
10
367.3000000000000114
20
-49.7999999999999972
11
368.3999999999999773
21
-49.7999999999999972
0
LINE
8
BLACK
6
CONTINUOUS
10
368.8000000000000114
20
-49.7999999999999972
11
369.8999999999999773
21
-49.7999999999999972
0
LINE
8
BLACK
6
CONTINUOUS
10
370.3000000000000114
20
-49.7999999999999972
11
371.3999999999999773
21
-49.7999999999999972
0
LINE
8
BLACK
6
CONTINUOUS
10
371.8000000000000114
20
-49.7999999999999972
11
372.8999999999999773
21
-49.7999999999999972
0
LINE
8
BLACK
6
CONTINUOUS
10
373.3000000000000114
20
-49.7999999999999972
11
374.3999999999999773
21
-49.7999999999999972
0
LINE
8
BLACK
6
CONTINUOUS
10
374.8000000000000114
20
-49.7999999999999972
11
375.8999999999999773
21
-49.7999999999999972
0
LINE
8
BLACK
6
CONTINUOUS
10
376.3000000000000114
20
-49.7999999999999972
11
377.3999999999999773
21
-49.7999999999999972
0
LINE
8
BLACK
6
CONTINUOUS
10
377.7999999999999545
20
-49.7999999999999972
11
378.8999999999999773
21
-49.7999999999999972
0
LINE
8
BLACK
6
CONTINUOUS
10
379.2999999999999545
20
-49.7999999999999972
11
380.3999999999999773
21
-49.7999999999999972
0
LINE
8
BLACK
6
CONTINUOUS
10
380.7999999999999545
20
-49.7999999999999972
11
381.8999999999999773
21
-49.7999999999999972
0
LINE
8
BLACK
6
CONTINUOUS
10
382.2999999999999545
20
-49.7999999999999972
11
383.3999999999999773
21
-49.7999999999999972
0
LINE
8
BLACK
6
CONTINUOUS
10
383.7999999999999545
20
-49.7999999999999972
11
384.8999999999999773
21
-49.7999999999999972
0
LINE
8
BLACK
6
CONTINUOUS
10
385.2999999999999545
20
-49.7999999999999972
11
386.3999999999999773
21
-49.7999999999999972
0
LINE
8
BLACK
6
CONTINUOUS
10
386.7999999999999545
20
-49.7999999999999972
11
387.8999999999999773
21
-49.7999999999999972
0
LINE
8
BLACK
6
CONTINUOUS
10
388.2999999999999545
20
-49.7999999999999972
11
389.3999999999999773
21
-49.7999999999999972
0
LINE
8
BLACK
6
CONTINUOUS
10
389.7999999999999545
20
-49.7999999999999972
11
390.8999999999999773
21
-49.7999999999999972
0
LINE
8
BLACK
6
CONTINUOUS
10
391.2999999999999545
20
-49.7999999999999972
11
392.3999999999999773
21
-49.7999999999999972
0
LINE
8
BLACK
6
CONTINUOUS
10
392.7999999999999545
20
-49.7999999999999972
11
393.8999999999999773
21
-49.7999999999999972
0
LINE
8
BLACK
6
CONTINUOUS
10
394.2999999999999545
20
-49.7999999999999972
11
395.3999999999999773
21
-49.7999999999999972
0
LINE
8
BLACK
6
CONTINUOUS
10
395.7999999999999545
20
-49.7999999999999972
11
396.8999999999999773
21
-49.7999999999999972
0
LINE
8
BLACK
6
CONTINUOUS
10
397.2999999999999545
20
-49.7999999999999972
11
398.3999999999999773
21
-49.7999999999999972
0
LINE
8
BLACK
6
CONTINUOUS
10
398.7999999999999545
20
-49.7999999999999972
11
399.8999999999999773
21
-49.7999999999999972
0
LINE
8
BLACK
6
CONTINUOUS
10
400.2999999999999545
20
-49.7999999999999972
11
401.3999999999999773
21
-49.7999999999999972
0
LINE
8
BLACK
6
CONTINUOUS
10
401.7999999999999545
20
-49.7999999999999972
11
402.8999999999999773
21
-49.7999999999999972
0
LINE
8
BLACK
6
CONTINUOUS
10
403.2999999999999545
20
-49.7999999999999972
11
404.3999999999999773
21
-49.7999999999999972
0
LINE
8
BLACK
6
CONTINUOUS
10
404.7999999999999545
20
-49.7999999999999972
11
405.8999999999999773
21
-49.7999999999999972
0
LINE
8
BLACK
6
CONTINUOUS
10
406.2999999999999545
20
-49.7999999999999972
11
407.3999999999999773
21
-49.7999999999999972
0
LINE
8
BLACK
6
CONTINUOUS
10
407.7999999999999545
20
-49.7999999999999972
11
408.8999999999999773
21
-49.7999999999999972
0
LINE
8
BLACK
6
CONTINUOUS
10
409.2999999999999545
20
-49.7999999999999972
11
410.3999999999999773
21
-49.7999999999999972
0
LINE
8
BLACK
6
CONTINUOUS
10
410.7999999999999545
20
-49.7999999999999972
11
411.8999999999999773
21
-49.7999999999999972
0
LINE
8
BLACK
6
CONTINUOUS
10
412.2999999999999545
20
-49.7999999999999972
11
413.3999999999999773
21
-49.7999999999999972
0
LINE
8
BLACK
6
CONTINUOUS
10
413.7999999999999545
20
-49.7999999999999972
11
414.8999999999999773
21
-49.7999999999999972
0
LINE
8
BLACK
6
CONTINUOUS
10
415.2999999999999545
20
-49.7999999999999972
11
416.3999999999999773
21
-49.7999999999999972
0
LINE
8
BLACK
6
CONTINUOUS
10
416.7999999999999545
20
-49.7999999999999972
11
417.7999999999999545
21
-49.7999999999999972
0
LINE
8
BLACK
6
CONTINUOUS
10
417.7999999999999545
20
-20.8999999999999986
11
417.7999999999999545
21
-12.3999999999999986
0
LINE
8
BLACK
6
CONTINUOUS
10
364.9397359999999821
20
-193.2102509999999995
11
366.0827299999999696
21
-193.2102509999999995
0
LINE
8
BLACK
6
CONTINUOUS
10
298.4307450000000017
20
-193.0197509999999852
11
298.4307450000000017
21
-193.0832859999999869
0
CIRCLE
8
BLACK
10
300.0500000000000114
20
-146.6999999999999886
40
1.6499999999999999
0
LINE
8
BLACK
6
CONTINUOUS
10
417.7999999999999545
20
-166.2999999999999829
11
417.7999999999999545
21
-165.1999999999999886
0
LINE
8
BLACK
6
CONTINUOUS
10
409.7999999999999545
20
-155.2999999999999829
11
409.7999999999999545
21
-152.7999999999999829
0
LINE
8
BLACK
6
CONTINUOUS
10
402.7807449999999676
20
-12.1897489999999991
11
403.8602419999999711
21
-12.1897489999999991
0
LINE
8
BLACK
6
CONTINUOUS
10
366.0827299999999696
20
-193.2102509999999995
11
366.527232999999967
21
-193.6547850000000039
0
LINE
8
BLACK
6
CONTINUOUS
10
402.7807449999999676
20
-193.1467509999999947
11
402.7807449999999676
21
-193.2102509999999995
0
LINE
8
BLACK
6
CONTINUOUS
10
176.7999999999999829
20
-193.
11
172.7999999999999829
21
-193.
0
LINE
8
BLACK
6
CONTINUOUS
10
152.5
20
-164.7999999999999829
11
144.5
21
-164.7999999999999829
0
LINE
8
BLACK
6
CONTINUOUS
10
402.7807449999999676
20
-193.0197509999999852
11
402.7807449999999676
21
-193.0832859999999869
0
LINE
8
BLACK
6
CONTINUOUS
10
302.1772330000000011
20
-193.6547850000000039
11
302.5582390000000146
21
-194.0357489999999814
0
ARC
8
BLACK
10
419.2999999999999545
20
-52.2999999999999972
40
4.
50
0.00000000
51
90.00000000
0
CIRCLE
8
BLACK
10
271.3000000000000114
20
-57.7999999999999972
40
2.25
0
LINE
8
BLACK
6
CONTINUOUS
10
362.7807449999999676
20
-193.2102509999999995
11
362.3362419999999702
21
-193.6547850000000039
0
LINE
8
BLACK
6
CONTINUOUS
10
152.5
20
-166.2999999999999829
11
144.
21
-166.2999999999999829
0
CIRCLE
8
BLACK
10
404.2999999999999545
20
-143.2999999999999829
40
2.9499999999999997
0
LINE
8
BLACK
6
CONTINUOUS
10
152.5
20
-166.2999999999999829
11
152.5
21
-164.7999999999999829
0
LINE
8
BLACK
6
CONTINUOUS
10
362.7807449999999676
20
-12.3802489999999992
11
362.7807449999999676
21
-12.3167139999999993
0
LINE
8
BLACK
6
CONTINUOUS
10
361.891760999999974
20
-194.0357489999999814
11
361.4472579999999766
21
-194.4802479999999889
0
LINE
8
BLACK
6
CONTINUOUS
10
369.0965099999999666
20
-148.7034909999999854
11
369.0965099999999666
21
-137.9034910000000025
0
LINE
8
BLACK
6
CONTINUOUS
10
366.0827299999999696
20
-12.3167139999999993
11
366.0827299999999696
21
-12.2532490000000003
0
ARC
8
BLACK
10
416.7999999999999545
20
-152.7999999999999829
40
0.5
50
0.00000000
51
90.00000000
0
LINE
8
BLACK
6
CONTINUOUS
10
142.5
20
-164.7999999999999829
11
142.5
21
-49.7999999999999972
0
LINE
8
BLACK
6
CONTINUOUS
10
362.7807449999999676
20
-193.0197509999999852
11
362.7807449999999676
21
-193.1467509999999947
0
LINE
8
BLACK
6
CONTINUOUS
10
362.7807449999999676
20
-12.1897489999999991
11
363.8602419999999711
21
-12.1897489999999991
0
LINE
8
BLACK
6
CONTINUOUS
10
423.2999999999999545
20
-160.7999999999999829
11
422.1999999999999886
21
-160.7999999999999829
0
LINE
8
BLACK
6
CONTINUOUS
10
366.0827299999999696
20
-193.0832859999999869
11
366.0827299999999696
21
-193.1467509999999947
0
LINE
8
BLACK
6
CONTINUOUS
10
402.7807449999999676
20
-193.2102509999999995
11
402.3362419999999702
21
-193.6547850000000039
0
LINE
8
BLACK
6
CONTINUOUS
10
301.7327300000000037
20
-12.3802489999999992
11
301.7327300000000037
21
-12.3167139999999993
0
LINE
8
BLACK
6
CONTINUOUS
10
361.891760999999974
20
-194.0357489999999814
11
361.4472579999999766
21
-194.4802479999999889
0
LINE
8
BLACK
6
CONTINUOUS
10
298.4307450000000017
20
-193.0197509999999852
11
298.4307450000000017
21
-193.0832859999999869
0
LINE
8
BLACK
6
CONTINUOUS
10
172.7999999999999829
20
-53.7999999999999972
11
171.6999999999999886
21
-53.7999999999999972
0
LINE
8
BLACK
6
CONTINUOUS
10
423.2999999999999545
20
-52.2999999999999972
11
423.2999999999999545
21
-162.2999999999999829
0
LINE
8
BLACK
6
CONTINUOUS
10
406.0827299999999696
20
-12.3802489999999992
11
406.0827299999999696
21
-12.3167139999999993
0
LINE
8
BLACK
6
CONTINUOUS
10
366.0827299999999696
20
-12.2532490000000003
11
366.0827299999999696
21
-12.1897489999999991
0
ARC
8
BLACK
10
144.
20
-164.7999999999999829
40
1.5
50
-180.00000000
51
-90.00000000
0
LINE
8
BLACK
6
CONTINUOUS
10
231.2999999999999829
20
-12.3999999999999986
11
231.2999999999999829
21
-11.2999999999999989
0
LINE
8
BLACK
6
CONTINUOUS
10
362.7807449999999676
20
-12.1897489999999991
11
362.3362419999999702
21
-11.745215
0
LINE
8
BLACK
6
CONTINUOUS
10
298.4307450000000017
20
-12.2532490000000003
11
298.4307450000000017
21
-12.1897489999999991
0
LINE
8
BLACK
6
CONTINUOUS
10
361.891760999999974
20
-11.3642509999999994
11
361.4472579999999766
21
-10.919751999999999
0
LINE
8
BLACK
6
CONTINUOUS
10
421.7999999999999545
20
-193.
11
417.7999999999999545
21
-193.
0
CIRCLE
8
BLACK
10
271.3000000000000114
20
-140.2999999999999829
40
2.25
0
LINE
8
BLACK
6
CONTINUOUS
10
362.7807449999999676
20
-193.0832859999999869
11
362.7807449999999676
21
-193.1467509999999947
0
LINE
8
BLACK
6
CONTINUOUS
10
176.7999999999999829
20
-184.5
11
176.7999999999999829
21
-193.
0
LINE
8
BLACK
6
CONTINUOUS
10
362.7807449999999676
20
-12.3802489999999992
11
362.7807449999999676
21
-12.2532490000000003
0
LINE
8
BLACK
6
CONTINUOUS
10
402.7807449999999676
20
-12.3802489999999992
11
402.7807449999999676
21
-12.3167139999999993
0
LINE
8
BLACK
6
CONTINUOUS
10
362.7807449999999676
20
-193.0197509999999852
11
362.7807449999999676
21
-193.0832859999999869
0
LINE
8
BLACK
6
CONTINUOUS
10
406.0827299999999696
20
-12.3167139999999993
11
406.0827299999999696
21
-12.2532490000000003
0
LINE
8
BLACK
6
CONTINUOUS
10
451.5499999999999545
20
-166.2999999999999829
11
451.5499999999999545
21
-164.7999999999999829
0
LINE
8
BLACK
6
CONTINUOUS
10
421.2999999999999545
20
-10.9000000000000004
11
421.3174530000000004
21
-10.9000760000000003
0
LINE
8
BLACK
6
CONTINUOUS
10
421.3174530000000004
20
-10.9000760000000003
11
421.334904999999992
21
-10.9003049999999995
0
LINE
8
BLACK
6
CONTINUOUS
10
421.334904999999992
20
-10.9003049999999995
11
421.3523539999999912
21
-10.9006849999999993
0
LINE
8
BLACK
6
CONTINUOUS
10
421.3523539999999912
20
-10.9006849999999993
11
421.3697990000000004
21
-10.9012180000000001
0
LINE
8
BLACK
6
CONTINUOUS
10
421.3697990000000004
20
-10.9012180000000001
11
421.3872389999999655
21
-10.901904
0
LINE
8
BLACK
6
CONTINUOUS
10
421.3872389999999655
20
-10.901904
11
421.404672000000005
21
-10.9027409999999989
0
LINE
8
BLACK
6
CONTINUOUS
10
421.404672000000005
20
-10.9027409999999989
11
421.4220970000000079
21
-10.9037299999999995
0
LINE
8
BLACK
6
CONTINUOUS
10
421.4220970000000079
20
-10.9037299999999995
11
421.4395129999999767
21
-10.9048719999999992
0
LINE
8
BLACK
6
CONTINUOUS
10
421.4395129999999767
20
-10.9048719999999992
11
421.4569179999999733
21
-10.9061649999999997
0
LINE
8
BLACK
6
CONTINUOUS
10
421.4569179999999733
20
-10.9061649999999997
11
421.4743110000000001
21
-10.9076109999999993
0
LINE
8
BLACK
6
CONTINUOUS
10
421.4743110000000001
20
-10.9076109999999993
11
421.4916920000000005
21
-10.9092079999999996
0
LINE
8
BLACK
6
CONTINUOUS
10
421.4916920000000005
20
-10.9092079999999996
11
421.5090569999999843
21
-10.9109559999999988
0
LINE
8
BLACK
6
CONTINUOUS
10
421.5090569999999843
20
-10.9109559999999988
11
421.5264060000000086
21
-10.9128559999999997
0
LINE
8
BLACK
6
CONTINUOUS
10
421.5264060000000086
20
-10.9128559999999997
11
421.5437389999999596
21
-10.9149079999999987
0
LINE
8
BLACK
6
CONTINUOUS
10
421.5437389999999596
20
-10.9149079999999987
11
421.561051999999961
21
-10.9171099999999992
0
LINE
8
BLACK
6
CONTINUOUS
10
421.561051999999961
20
-10.9171099999999992
11
421.5783459999999536
21
-10.9194639999999996
0
LINE
8
BLACK
6
CONTINUOUS
10
421.5783459999999536
20
-10.9194639999999996
11
421.5956189999999992
21
-10.9219679999999997
0
LINE
8
BLACK
6
CONTINUOUS
10
421.5956189999999992
20
-10.9219679999999997
11
421.6128689999999892
21
-10.9246229999999986
0
LINE
8
BLACK
6
CONTINUOUS
10
421.6128689999999892
20
-10.9246229999999986
11
421.630094999999983
21
-10.9274290000000001
0
LINE
8
BLACK
6
CONTINUOUS
10
421.630094999999983
20
-10.9274290000000001
11
421.647295999999983
21
-10.9303840000000001
0
LINE
8
BLACK
6
CONTINUOUS
10
421.647295999999983
20
-10.9303840000000001
11
421.6644709999999918
21
-10.933489999999999
0
LINE
8
BLACK
6
CONTINUOUS
10
421.6644709999999918
20
-10.933489999999999
11
421.6816179999999576
21
-10.9367459999999994
0
LINE
8
BLACK
6
CONTINUOUS
10
421.6816179999999576
20
-10.9367459999999994
11
421.6987359999999967
21
-10.9401510000000002
0
LINE
8
BLACK
6
CONTINUOUS
10
421.6987359999999967
20
-10.9401510000000002
11
421.7158230000000003
21
-10.9437049999999996
0
LINE
8
BLACK
6
CONTINUOUS
10
421.7158230000000003
20
-10.9437049999999996
11
421.7328789999999685
21
-10.9474079999999994
0
LINE
8
BLACK
6
CONTINUOUS
10
421.7328789999999685
20
-10.9474079999999994
11
421.7499019999999632
21
-10.9512599999999996
0
LINE
8
BLACK
6
CONTINUOUS
10
421.7499019999999632
20
-10.9512599999999996
11
421.7668909999999869
21
-10.9552599999999991
0
LINE
8
BLACK
6
CONTINUOUS
10
421.7668909999999869
20
-10.9552599999999991
11
421.7838439999999878
21
-10.9594089999999991
0
LINE
8
BLACK
6
CONTINUOUS
10
421.7838439999999878
20
-10.9594089999999991
11
421.8007599999999684
21
-10.9637049999999991
0
LINE
8
BLACK
6
CONTINUOUS
10
421.8007599999999684
20
-10.9637049999999991
11
421.8176379999999881
21
-10.9681479999999993
0
LINE
8
BLACK
6
CONTINUOUS
10
421.8176379999999881
20
-10.9681479999999993
11
421.8344769999999926
21
-10.9727389999999989
0
LINE
8
BLACK
6
CONTINUOUS
10
421.8344769999999926
20
-10.9727389999999989
11
421.8512749999999869
21
-10.9774770000000004
0
LINE
8
BLACK
6
CONTINUOUS
10
421.8512749999999869
20
-10.9774770000000004
11
421.8680309999999736
21
-10.9823609999999992
0
LINE
8
BLACK
6
CONTINUOUS
10
421.8680309999999736
20
-10.9823609999999992
11
421.8847429999999576
21
-10.9873899999999995
0
LINE
8
BLACK
6
CONTINUOUS
10
421.8847429999999576
20
-10.9873899999999995
11
421.9014119999999934
21
-10.9925660000000001
0
LINE
8
BLACK
6
CONTINUOUS
10
421.9014119999999934
20
-10.9925660000000001
11
421.9180339999999774
21
-10.9978869999999986
0
LINE
8
BLACK
6
CONTINUOUS
10
421.9180339999999774
20
-10.9978869999999986
11
421.9346089999999663
21
-11.0033529999999988
0
LINE
8
BLACK
6
CONTINUOUS
10
421.9346089999999663
20
-11.0033529999999988
11
421.9511359999999627
21
-11.0089629999999996
0
LINE
8
BLACK
6
CONTINUOUS
10
421.9511359999999627
20
-11.0089629999999996
11
421.9676139999999691
21
-11.0147169999999992
0
LINE
8
BLACK
6
CONTINUOUS
10
421.9676139999999691
20
-11.0147169999999992
11
421.9840399999999931
21
-11.0206149999999994
0
LINE
8
BLACK
6
CONTINUOUS
10
421.9840399999999931
20
-11.0206149999999994
11
422.0004149999999754
21
-11.0266559999999991
0
LINE
8
BLACK
6
CONTINUOUS
10
422.0004149999999754
20
-11.0266559999999991
11
422.0167359999999803
21
-11.0328389999999992
0
LINE
8
BLACK
6
CONTINUOUS
10
422.0167359999999803
20
-11.0328389999999992
11
422.0330019999999536
21
-11.0391649999999988
0
LINE
8
BLACK
6
CONTINUOUS
10
422.0330019999999536
20
-11.0391649999999988
11
422.0492130000000088
21
-11.0456319999999995
0
LINE
8
BLACK
6
CONTINUOUS
10
422.0492130000000088
20
-11.0456319999999995
11
422.0653669999999806
21
-11.0522409999999986
0
LINE
8
BLACK
6
CONTINUOUS
10
422.0653669999999806
20
-11.0522409999999986
11
422.0814619999999877
21
-11.0589899999999997
0
LINE
8
BLACK
6
CONTINUOUS
10
422.0814619999999877
20
-11.0589899999999997
11
422.0974979999999732
21
-11.0658799999999999
0
LINE
8
BLACK
6
CONTINUOUS
10
422.0974979999999732
20
-11.0658799999999999
11
422.113472999999999
21
-11.0729089999999992
0
LINE
8
BLACK
6
CONTINUOUS
10
422.113472999999999
20
-11.0729089999999992
11
422.129385999999954
21
-11.0800769999999993
0
LINE
8
BLACK
6
CONTINUOUS
10
422.129385999999954
20
-11.0800769999999993
11
422.1452370000000087
21
-11.0873840000000001
0
LINE
8
BLACK
6
CONTINUOUS
10
422.1452370000000087
20
-11.0873840000000001
11
422.1610220000000027
21
-11.0948289999999989
0
LINE
8
BLACK
6
CONTINUOUS
10
422.1610220000000027
20
-11.0948289999999989
11
422.1767419999999902
21
-11.1024119999999993
0
LINE
8
BLACK
6
CONTINUOUS
10
422.1767419999999902
20
-11.1024119999999993
11
422.1923959999999738
21
-11.1101309999999991
0
LINE
8
BLACK
6
CONTINUOUS
10
422.1923959999999738
20
-11.1101309999999991
11
422.2079809999999611
21
-11.1179869999999994
0
LINE
8
BLACK
6
CONTINUOUS
10
422.2079809999999611
20
-11.1179869999999994
11
422.2234970000000089
21
-11.1259779999999999
0
LINE
8
BLACK
6
CONTINUOUS
10
422.2234970000000089
20
-11.1259779999999999
11
422.2389430000000061
21
-11.1341049999999999
0
LINE
8
BLACK
6
CONTINUOUS
10
422.2389430000000061
20
-11.1341049999999999
11
422.2543179999999552
21
-11.1423659999999991
0
LINE
8
BLACK
6
CONTINUOUS
10
422.2543179999999552
20
-11.1423659999999991
11
422.2696189999999774
21
-11.1507609999999993
0
LINE
8
BLACK
6
CONTINUOUS
10
422.2696189999999774
20
-11.1507609999999993
11
422.2848469999999566
21
-11.1592889999999993
0
LINE
8
BLACK
6
CONTINUOUS
10
422.2848469999999566
20
-11.1592889999999993
11
422.2999999999999545
21
-11.1679490000000001
0
LINE
8
BLACK
6
CONTINUOUS
10
422.2999999999999545
20
-11.1679490000000001
11
422.3150769999999739
21
-11.1767419999999991
0
LINE
8
BLACK
6
CONTINUOUS
10
422.3150769999999739
20
-11.1767419999999991
11
422.3300759999999627
21
-11.1856650000000002
0
LINE
8
BLACK
6
CONTINUOUS
10
422.3300759999999627
20
-11.1856650000000002
11
422.344996999999978
21
-11.1947200000000002
0
LINE
8
BLACK
6
CONTINUOUS
10
422.344996999999978
20
-11.1947200000000002
11
422.3453739999999925
21
-11.1949509999999997
0
LINE
8
BLACK
6
CONTINUOUS
10
422.6632779999999912
20
-11.4366219999999998
11
422.6759959999999978
21
-11.4485749999999999
0
LINE
8
BLACK
6
CONTINUOUS
10
422.6759959999999978
20
-11.4485749999999999
11
422.6886089999999854
21
-11.4606379999999994
0
LINE
8
BLACK
6
CONTINUOUS
10
422.6886089999999854
20
-11.4606379999999994
11
422.7011169999999538
21
-11.4728099999999991
0
LINE
8
BLACK
6
CONTINUOUS
10
422.7011169999999538
20
-11.4728099999999991
11
422.713517999999965
21
-11.4850909999999988
0
LINE
8
BLACK
6
CONTINUOUS
10
422.713517999999965
20
-11.4850909999999988
11
422.7258119999999622
21
-11.4974799999999995
0
LINE
8
BLACK
6
CONTINUOUS
10
422.7258119999999622
20
-11.4974799999999995
11
422.7379959999999528
21
-11.509976
0
LINE
8
BLACK
6
CONTINUOUS
10
422.7379959999999528
20
-11.509976
11
422.7500719999999887
21
-11.5225779999999993
0
LINE
8
BLACK
6
CONTINUOUS
10
422.7500719999999887
20
-11.5225779999999993
11
422.7620369999999639
21
-11.535283999999999
0
LINE
8
BLACK
6
CONTINUOUS
10
422.7620369999999639
20
-11.535283999999999
11
422.7738899999999944
21
-11.548095
0
LINE
8
BLACK
6
CONTINUOUS
10
422.7738899999999944
20
-11.548095
11
422.7856319999999641
21
-11.5610079999999993
0
LINE
8
BLACK
6
CONTINUOUS
10
422.7856319999999641
20
-11.5610079999999993
11
422.7972599999999943
21
-11.5740239999999996
0
LINE
8
BLACK
6
CONTINUOUS
10
422.7972599999999943
20
-11.5740239999999996
11
422.8087739999999712
21
-11.5871399999999998
0
LINE
8
BLACK
6
CONTINUOUS
10
422.8087739999999712
20
-11.5871399999999998
11
422.8201729999999543
21
-11.6003559999999997
0
LINE
8
BLACK
6
CONTINUOUS
10
422.8201729999999543
20
-11.6003559999999997
11
422.8314570000000003
21
-11.6136719999999993
0
LINE
8
BLACK
6
CONTINUOUS
10
422.8314570000000003
20
-11.6136719999999993
11
422.8426240000000007
21
-11.6270849999999992
0
LINE
8
BLACK
6
CONTINUOUS
10
422.8426240000000007
20
-11.6270849999999992
11
422.8536729999999579
21
-11.6405949999999994
0
LINE
8
BLACK
6
CONTINUOUS
10
422.8536729999999579
20
-11.6405949999999994
11
422.8646039999999857
21
-11.6542009999999987
0
LINE
8
BLACK
6
CONTINUOUS
10
422.8646039999999857
20
-11.6542009999999987
11
422.8754159999999729
21
-11.6679019999999998
0
LINE
8
BLACK
6
CONTINUOUS
10
422.8754159999999729
20
-11.6679019999999998
11
422.8861079999999788
21
-11.6816969999999998
0
LINE
8
BLACK
6
CONTINUOUS
10
422.8861079999999788
20
-11.6816969999999998
11
422.896679000000006
21
-11.6955849999999995
0
LINE
8
BLACK
6
CONTINUOUS
10
422.896679000000006
20
-11.6955849999999995
11
422.9071289999999976
21
-11.7095640000000003
0
LINE
8
BLACK
6
CONTINUOUS
10
422.9071289999999976
20
-11.7095640000000003
11
422.9174559999999587
21
-11.7236339999999988
0
LINE
8
BLACK
6
CONTINUOUS
10
422.9174559999999587
20
-11.7236339999999988
11
422.927660000000003
21
-11.7377939999999992
0
LINE
8
BLACK
6
CONTINUOUS
10
422.927660000000003
20
-11.7377939999999992
11
422.9377399999999625
21
-11.7520419999999994
0
LINE
8
BLACK
6
CONTINUOUS
10
422.9377399999999625
20
-11.7520419999999994
11
422.9476949999999533
21
-11.7663770000000003
0
LINE
8
BLACK
6
CONTINUOUS
10
422.9476949999999533
20
-11.7663770000000003
11
422.9575249999999755
21
-11.780799
0
LINE
8
BLACK
6
CONTINUOUS
10
422.9575249999999755
20
-11.780799
11
422.9672289999999748
21
-11.7953060000000001
0
LINE
8
BLACK
6
CONTINUOUS
10
422.9672289999999748
20
-11.7953060000000001
11
422.9768049999999562
21
-11.8098979999999987
0
LINE
8
BLACK
6
CONTINUOUS
10
422.9768049999999562
20
-11.8098979999999987
11
422.986253999999974
21
-11.8245719999999999
0
LINE
8
BLACK
6
CONTINUOUS
10
422.986253999999974
20
-11.8245719999999999
11
422.9955749999999739
21
-11.8393280000000001
0
LINE
8
BLACK
6
CONTINUOUS
10
422.9955749999999739
20
-11.8393280000000001
11
423.004765999999961
21
-11.8541650000000001
0
LINE
8
BLACK
6
CONTINUOUS
10
423.004765999999961
20
-11.8541650000000001
11
423.0138279999999895
21
-11.8690809999999995
0
LINE
8
BLACK
6
CONTINUOUS
10
423.0138279999999895
20
-11.8690809999999995
11
423.0227590000000077
21
-11.8840760000000003
0
LINE
8
BLACK
6
CONTINUOUS
10
423.0227590000000077
20
-11.8840760000000003
11
423.0315589999999588
21
-11.8991489999999995
0
LINE
8
BLACK
6
CONTINUOUS
10
423.0315589999999588
20
-11.8991489999999995
11
423.0402269999999589
21
-11.9142969999999995
0
LINE
8
BLACK
6
CONTINUOUS
10
423.0402269999999589
20
-11.9142969999999995
11
423.0487630000000081
21
-11.9295209999999994
0
LINE
8
BLACK
6
CONTINUOUS
10
423.0487630000000081
20
-11.9295209999999994
11
423.0571649999999977
21
-11.944818999999999
0
LINE
8
BLACK
6
CONTINUOUS
10
423.0571649999999977
20
-11.944818999999999
11
423.0654329999999845
21
-11.9601889999999997
0
LINE
8
BLACK
6
CONTINUOUS
10
423.0654329999999845
20
-11.9601889999999997
11
423.0735669999999686
21
-11.9756309999999999
0
LINE
8
BLACK
6
CONTINUOUS
10
423.0735669999999686
20
-11.9756309999999999
11
423.0815659999999525
21
-11.9911429999999992
0
LINE
8
BLACK
6
CONTINUOUS
10
423.0815659999999525
20
-11.9911429999999992
11
423.089429999999993
21
-12.0067249999999994
0
LINE
8
BLACK
6
CONTINUOUS
10
423.089429999999993
20
-12.0067249999999994
11
423.0971569999999815
21
-12.0223739999999992
0
LINE
8
BLACK
6
CONTINUOUS
10
423.0971569999999815
20
-12.0223739999999992
11
423.1047469999999748
21
-12.0380909999999997
0
LINE
8
BLACK
6
CONTINUOUS
10
423.1047469999999748
20
-12.0380909999999997
11
423.112199999999973
21
-12.0538729999999994
0
LINE
8
BLACK
6
CONTINUOUS
10
423.112199999999973
20
-12.0538729999999994
11
423.1195149999999785
21
-12.0697189999999992
0
LINE
8
BLACK
6
CONTINUOUS
10
423.1195149999999785
20
-12.0697189999999992
11
423.1266909999999939
21
-12.0856289999999991
0
LINE
8
BLACK
6
CONTINUOUS
10
423.1266909999999939
20
-12.0856289999999991
11
423.1337279999999623
21
-12.1015999999999995
0
LINE
8
BLACK
6
CONTINUOUS
10
423.1337279999999623
20
-12.1015999999999995
11
423.140625
21
-12.1176329999999997
0
LINE
8
BLACK
6
CONTINUOUS
10
423.140625
20
-12.1176329999999997
11
423.1473829999999907
21
-12.1337250000000001
0
LINE
8
BLACK
6
CONTINUOUS
10
423.1473829999999907
20
-12.1337250000000001
11
423.1539989999999989
21
-12.1498749999999998
0
LINE
8
BLACK
6
CONTINUOUS
10
423.1539989999999989
20
-12.1498749999999998
11
423.1604749999999626
21
-12.1660829999999986
0
LINE
8
BLACK
6
CONTINUOUS
10
423.1604749999999626
20
-12.1660829999999986
11
423.1668080000000032
21
-12.182345999999999
0
LINE
8
BLACK
6
CONTINUOUS
10
423.1668080000000032
20
-12.182345999999999
11
423.1730000000000018
21
-12.1986639999999991
0
LINE
8
BLACK
6
CONTINUOUS
10
423.1730000000000018
20
-12.1986639999999991
11
423.1790489999999636
21
-12.2150359999999996
0
LINE
8
BLACK
6
CONTINUOUS
10
423.1790489999999636
20
-12.2150359999999996
11
423.1849550000000022
21
-12.2314600000000002
0
LINE
8
BLACK
6
CONTINUOUS
10
423.1849550000000022
20
-12.2314600000000002
11
423.1907170000000065
21
-12.247933999999999
0
LINE
8
BLACK
6
CONTINUOUS
10
423.1907170000000065
20
-12.247933999999999
11
423.1963349999999764
21
-12.2644579999999994
0
LINE
8
BLACK
6
CONTINUOUS
10
423.1963349999999764
20
-12.2644579999999994
11
423.2018089999999688
21
-12.2810309999999987
0
LINE
8
BLACK
6
CONTINUOUS
10
423.2018089999999688
20
-12.2810309999999987
11
423.2071379999999863
21
-12.2976510000000001
0
LINE
8
BLACK
6
CONTINUOUS
10
423.2071379999999863
20
-12.2976510000000001
11
423.2123219999999719
21
-12.3143159999999998
0
LINE
8
BLACK
6
CONTINUOUS
10
423.2123219999999719
20
-12.3143159999999998
11
423.2173599999999851
21
-12.3310269999999988
0
LINE
8
BLACK
6
CONTINUOUS
10
423.2173599999999851
20
-12.3310269999999988
11
423.222251999999969
21
-12.3477800000000002
0
LINE
8
BLACK
6
CONTINUOUS
10
423.222251999999969
20
-12.3477800000000002
11
423.2269979999999805
21
-12.3645759999999996
0
LINE
8
BLACK
6
CONTINUOUS
10
423.2269979999999805
20
-12.3645759999999996
11
423.2271159999999668
21
-12.3650019999999987
0
LINE
8
BLACK
6
CONTINUOUS
10
423.2949899999999843
20
-12.7585259999999998
11
423.2961489999999571
21
-12.7759400000000003
0
LINE
8
BLACK
6
CONTINUOUS
10
423.2961489999999571
20
-12.7759400000000003
11
423.2971549999999752
21
-12.7933649999999997
0
LINE
8
BLACK
6
CONTINUOUS
10
423.2971549999999752
20
-12.7933649999999997
11
423.2980099999999766
21
-12.8107969999999991
0
LINE
8
BLACK
6
CONTINUOUS
10
423.2980099999999766
20
-12.8107969999999991
11
423.2987119999999663
21
-12.8282359999999986
0
LINE
8
BLACK
6
CONTINUOUS
10
423.2987119999999663
20
-12.8282359999999986
11
423.2992619999999988
21
-12.8456799999999998
0
LINE
8
BLACK
6
CONTINUOUS
10
423.2992619999999988
20
-12.8456799999999998
11
423.2996599999999603
21
-12.8631289999999989
0
LINE
8
BLACK
6
CONTINUOUS
10
423.2996599999999603
20
-12.8631289999999989
11
423.2999059999999645
21
-12.8805809999999994
0
LINE
8
BLACK
6
CONTINUOUS
10
423.2999059999999645
20
-12.8805809999999994
11
423.2999989999999571
21
-12.8980339999999991
0
LINE
8
BLACK
6
CONTINUOUS
10
423.2999989999999571
20
-12.8980339999999991
11
423.2999999999999545
21
-12.8999999999999986
0
LINE
8
BLACK
6
CONTINUOUS
10
176.7999999999999829
20
-48.2999999999999972
11
176.7999999999999829
21
-49.3999999999999986
0
LINE
8
BLACK
6
CONTINUOUS
10
409.7999999999999545
20
-194.5
11
409.7999999999999545
21
-193.3999999999999773
0
LINE
8
BLACK
6
CONTINUOUS
10
298.4307450000000017
20
-193.1467509999999947
11
298.4307450000000017
21
-193.2102509999999995
0
LINE
8
BLACK
6
CONTINUOUS
10
374.9965100000000007
20
-154.6034909999999911
11
393.5965099999999666
21
-154.6034909999999911
0
LINE
8
BLACK
6
CONTINUOUS
10
423.2999999999999545
20
-160.7999999999999829
11
422.1999999999999886
21
-160.7999999999999829
0
LINE
8
BLACK
6
CONTINUOUS
10
362.7807449999999676
20
-193.2102509999999995
11
363.8602419999999711
21
-193.2102509999999995
0
LINE
8
BLACK
6
CONTINUOUS
10
297.5417610000000082
20
-11.3642509999999994
11
297.0972580000000107
21
-10.919751999999999
0
LINE
8
BLACK
6
CONTINUOUS
10
366.0827299999999696
20
-193.0197509999999852
11
366.0827299999999696
21
-193.0832859999999869
0
LINE
8
BLACK
6
CONTINUOUS
10
406.0827299999999696
20
-193.1467509999999947
11
406.0827299999999696
21
-193.2102509999999995
0
LINE
8
BLACK
6
CONTINUOUS
10
152.5
20
-48.2999999999999972
11
152.5
21
-49.7999999999999972
0
LINE
8
BLACK
6
CONTINUOUS
10
301.7327300000000037
20
-12.3167139999999993
11
301.7327300000000037
21
-12.2532490000000003
0
LINE
8
BLACK
6
CONTINUOUS
10
410.2999999999999545
20
-155.7999999999999829
11
416.7999999999999545
21
-155.7999999999999829
0
LINE
8
BLACK
6
CONTINUOUS
10
417.7999999999999545
20
-20.8999999999999986
11
176.7999999999999829
21
-20.8999999999999986
0
LINE
8
BLACK
6
CONTINUOUS
10
298.4307450000000017
20
-193.0832859999999869
11
298.4307450000000017
21
-193.1467509999999947
0
LINE
8
BLACK
6
CONTINUOUS
10
461.5499999999999545
20
-164.7999999999999829
11
461.5499999999999545
21
-49.7999999999999972
0
ARC
8
BLACK
10
459.5499999999999545
20
-50.2999999999999972
40
0.5
50
0.00000000
51
90.00000000
0
LINE
8
BLACK
6
CONTINUOUS
10
419.2999999999999545
20
-166.2999999999999829
11
175.2999999999999829
21
-166.2999999999999829
0
LINE
8
BLACK
6
CONTINUOUS
10
298.4307450000000017
20
-12.3167139999999993
11
298.4307450000000017
21
-12.2532490000000003
0
LINE
8
BLACK
6
CONTINUOUS
10
172.7999999999999829
20
-20.8999999999999986
11
172.7999999999999829
21
-12.3999999999999986
0
LINE
8
BLACK
6
CONTINUOUS
10
194.7999999999999829
20
-193.
11
194.7999999999999829
21
-194.0999999999999943
0
ARC
8
BLACK
10
410.2999999999999545
20
-155.2999999999999829
40
0.5
50
-180.00000000
51
-90.00000000
0
LINE
8
BLACK
6
CONTINUOUS
10
423.2999999999999545
20
-20.8999999999999986
11
421.7999999999999545
21
-20.8999999999999986
0
LINE
8
BLACK
6
CONTINUOUS
10
406.9082389999999805
20
-11.3642509999999994
11
407.3527419999999779
21
-10.919751999999999
0
LINE
8
BLACK
6
CONTINUOUS
10
369.
20
-10.9000000000000004
11
369.
21
-12.
0
LINE
8
BLACK
6
CONTINUOUS
10
404.9397359999999821
20
-193.2102509999999995
11
406.0827299999999696
21
-193.2102509999999995
0
LINE
8
BLACK
6
CONTINUOUS
10
366.527232999999967
20
-193.6547850000000039
11
366.9082389999999805
21
-194.0357489999999814
0
LINE
8
BLACK
6
CONTINUOUS
10
402.7807449999999676
20
-12.2532490000000003
11
402.7807449999999676
21
-12.1897489999999991
0
LINE
8
BLACK
6
CONTINUOUS
10
301.7327300000000037
20
-193.0197509999999852
11
301.7327300000000037
21
-193.0832859999999869
0
ARC
8
BLACK
10
410.2999999999999545
20
-152.7999999999999829
40
0.5
50
90.00000000
51
180.00000000
0
LINE
8
BLACK
6
CONTINUOUS
10
292.3000000000000114
20
-194.5
11
292.3000000000000114
21
-193.3999999999999773
0
LINE
8
BLACK
6
CONTINUOUS
10
317.0500000000000114
20
-129.0999999999999943
11
334.5500000000000114
21
-129.0999999999999943
0
LINE
8
BLACK
6
CONTINUOUS
10
334.5500000000000114
20
-129.0999999999999943
11
334.5500000000000114
21
-159.0999999999999943
0
LINE
8
BLACK
6
CONTINUOUS
10
334.5500000000000114
20
-159.0999999999999943
11
317.0500000000000114
21
-159.0999999999999943
0
LINE
8
BLACK
6
CONTINUOUS
10
317.0500000000000114
20
-159.0999999999999943
11
317.0500000000000114
21
-129.0999999999999943
0
LINE
8
BLACK
6
CONTINUOUS
10
144.
20
-48.2999999999999972
11
152.5
21
-48.2999999999999972
0
LINE
8
BLACK
6
CONTINUOUS
10
171.2999999999999829
20
-12.8999999999999986
11
171.30007599999999
21
-12.8825469999999989
0
LINE
8
BLACK
6
CONTINUOUS
10
171.30007599999999
20
-12.8825469999999989
11
171.3003049999999803
21
-12.8650950000000002
0
LINE
8
BLACK
6
CONTINUOUS
10
171.3003049999999803
20
-12.8650950000000002
11
171.3006849999999872
21
-12.8476459999999992
0
LINE
8
BLACK
6
CONTINUOUS
10
171.3006849999999872
20
-12.8476459999999992
11
171.3012180000000058
21
-12.8302009999999989
0
LINE
8
BLACK
6
CONTINUOUS
10
171.3012180000000058
20
-12.8302009999999989
11
171.3019039999999791
21
-12.8127610000000001
0
LINE
8
BLACK
6
CONTINUOUS
10
171.3019039999999791
20
-12.8127610000000001
11
171.3027409999999975
21
-12.7953279999999996
0
LINE
8
BLACK
6
CONTINUOUS
10
171.3027409999999975
20
-12.7953279999999996
11
171.3037300000000016
21
-12.7779030000000002
0
LINE
8
BLACK
6
CONTINUOUS
10
171.3037300000000016
20
-12.7779030000000002
11
171.3048719999999889
21
-12.7604869999999995
0
LINE
8
BLACK
6
CONTINUOUS
10
171.3048719999999889
20
-12.7604869999999995
11
171.3061649999999929
21
-12.7430819999999994
0
LINE
8
BLACK
6
CONTINUOUS
10
171.3061649999999929
20
-12.7430819999999994
11
171.3076109999999801
21
-12.7256889999999991
0
LINE
8
BLACK
6
CONTINUOUS
10
171.3076109999999801
20
-12.7256889999999991
11
171.3092079999999839
21
-12.7083079999999988
0
LINE
8
BLACK
6
CONTINUOUS
10
171.3092079999999839
20
-12.7083079999999988
11
171.3109560000000045
21
-12.690942999999999
0
LINE
8
BLACK
6
CONTINUOUS
10
171.3109560000000045
20
-12.690942999999999
11
171.3128559999999823
21
-12.6735939999999996
0
LINE
8
BLACK
6
CONTINUOUS
10
171.3128559999999823
20
-12.6735939999999996
11
171.3149080000000026
21
-12.6562609999999989
0
LINE
8
BLACK
6
CONTINUOUS
10
171.3149080000000026
20
-12.6562609999999989
11
171.3171099999999853
21
-12.6389479999999992
0
LINE
8
BLACK
6
CONTINUOUS
10
171.3171099999999853
20
-12.6389479999999992
11
171.3194639999999822
21
-12.6216539999999995
0
LINE
8
BLACK
6
CONTINUOUS
10
171.3194639999999822
20
-12.6216539999999995
11
171.3219679999999983
21
-12.6043810000000001
0
LINE
8
BLACK
6
CONTINUOUS
10
171.3219679999999983
20
-12.6043810000000001
11
171.3246230000000025
21
-12.5871309999999994
0
LINE
8
BLACK
6
CONTINUOUS
10
171.3246230000000025
20
-12.5871309999999994
11
171.3274289999999951
21
-12.5699049999999986
0
LINE
8
BLACK
6
CONTINUOUS
10
171.3274289999999951
20
-12.5699049999999986
11
171.3303839999999809
21
-12.5527040000000003
0
LINE
8
BLACK
6
CONTINUOUS
10
171.3303839999999809
20
-12.5527040000000003
11
171.3334899999999834
21
-12.5355289999999986
0
LINE
8
BLACK
6
CONTINUOUS
10
171.3334899999999834
20
-12.5355289999999986
11
171.3367460000000051
21
-12.518381999999999
0
LINE
8
BLACK
6
CONTINUOUS
10
171.3367460000000051
20
-12.518381999999999
11
171.3401509999999917
21
-12.501263999999999
0
LINE
8
BLACK
6
CONTINUOUS
10
171.3401509999999917
20
-12.501263999999999
11
171.3437049999999999
21
-12.484176999999999
0
LINE
8
BLACK
6
CONTINUOUS
10
171.3437049999999999
20
-12.484176999999999
11
171.3474080000000015
21
-12.4671209999999988
0
LINE
8
BLACK
6
CONTINUOUS
10
171.3474080000000015
20
-12.4671209999999988
11
171.3512599999999964
21
-12.4500979999999988
0
LINE
8
BLACK
6
CONTINUOUS
10
171.3512599999999964
20
-12.4500979999999988
11
171.355259999999987
21
-12.433109
0
LINE
8
BLACK
6
CONTINUOUS
10
171.355259999999987
20
-12.433109
11
171.3594089999999994
21
-12.4161559999999991
0
LINE
8
BLACK
6
CONTINUOUS
10
171.3594089999999994
20
-12.4161559999999991
11
171.3637049999999817
21
-12.3992399999999989
0
LINE
8
BLACK
6
CONTINUOUS
10
171.3637049999999817
20
-12.3992399999999989
11
171.3681479999999908
21
-12.3823619999999988
0
LINE
8
BLACK
6
CONTINUOUS
10
171.3681479999999908
20
-12.3823619999999988
11
171.3727389999999957
21
-12.3655229999999996
0
LINE
8
BLACK
6
CONTINUOUS
10
171.3727389999999957
20
-12.3655229999999996
11
171.377476999999999
21
-12.348725
0
LINE
8
BLACK
6
CONTINUOUS
10
171.377476999999999
20
-12.348725
11
171.3823610000000031
21
-12.3319689999999991
0
LINE
8
BLACK
6
CONTINUOUS
10
171.3823610000000031
20
-12.3319689999999991
11
171.3873899999999821
21
-12.315256999999999
0
LINE
8
BLACK
6
CONTINUOUS
10
171.3873899999999821
20
-12.315256999999999
11
171.392565999999988
21
-12.2985879999999987
0
LINE
8
BLACK
6
CONTINUOUS
10
171.392565999999988
20
-12.2985879999999987
11
171.3978869999999972
21
-12.2819659999999988
0
LINE
8
BLACK
6
CONTINUOUS
10
171.3978869999999972
20
-12.2819659999999988
11
171.4033529999999814
21
-12.2653909999999993
0
LINE
8
BLACK
6
CONTINUOUS
10
171.4033529999999814
20
-12.2653909999999993
11
171.408963
21
-12.2488639999999993
0
LINE
8
BLACK
6
CONTINUOUS
10
171.408963
20
-12.2488639999999993
11
171.414716999999996
21
-12.232386
0
LINE
8
BLACK
6
CONTINUOUS
10
171.414716999999996
20
-12.232386
11
171.420614999999998
21
-12.215959999999999
0
LINE
8
BLACK
6
CONTINUOUS
10
171.420614999999998
20
-12.215959999999999
11
171.4266559999999799
21
-12.199584999999999
0
LINE
8
BLACK
6
CONTINUOUS
10
171.4266559999999799
20
-12.199584999999999
11
171.4328390000000013
21
-12.1832639999999994
0
LINE
8
BLACK
6
CONTINUOUS
10
171.4328390000000013
20
-12.1832639999999994
11
171.4391650000000027
21
-12.1669979999999995
0
LINE
8
BLACK
6
CONTINUOUS
10
171.4391650000000027
20
-12.1669979999999995
11
171.4456319999999891
21
-12.1507869999999993
0
LINE
8
BLACK
6
CONTINUOUS
10
171.4456319999999891
20
-12.1507869999999993
11
171.4522409999999866
21
-12.1346329999999991
0
LINE
8
BLACK
6
CONTINUOUS
10
171.4522409999999866
20
-12.1346329999999991
11
171.45899
21
-12.1185379999999991
0
LINE
8
BLACK
6
CONTINUOUS
10
171.45899
20
-12.1185379999999991
11
171.4658799999999985
21
-12.1025019999999994
0
LINE
8
BLACK
6
CONTINUOUS
10
171.4658799999999985
20
-12.1025019999999994
11
171.4729089999999871
21
-12.0865270000000002
0
LINE
8
BLACK
6
CONTINUOUS
10
171.4729089999999871
20
-12.0865270000000002
11
171.4800769999999943
21
-12.0706139999999991
0
LINE
8
BLACK
6
CONTINUOUS
10
171.4800769999999943
20
-12.0706139999999991
11
171.4873839999999916
21
-12.0547629999999995
0
LINE
8
BLACK
6
CONTINUOUS
10
171.4873839999999916
20
-12.0547629999999995
11
171.4948289999999815
21
-12.0389780000000002
0
LINE
8
BLACK
6
CONTINUOUS
10
171.4948289999999815
20
-12.0389780000000002
11
171.5024119999999925
21
-12.0232580000000002
0
LINE
8
BLACK
6
CONTINUOUS
10
171.5024119999999925
20
-12.0232580000000002
11
171.5101310000000012
21
-12.0076039999999988
0
LINE
8
BLACK
6
CONTINUOUS
10
171.5101310000000012
20
-12.0076039999999988
11
171.5179870000000051
21
-11.9920189999999991
0
LINE
8
BLACK
6
CONTINUOUS
10
171.5179870000000051
20
-11.9920189999999991
11
171.5259779999999807
21
-11.9765029999999992
0
LINE
8
BLACK
6
CONTINUOUS
10
171.5259779999999807
20
-11.9765029999999992
11
171.5341049999999825
21
-11.9610570000000003
0
LINE
8
BLACK
6
CONTINUOUS
10
171.5341049999999825
20
-11.9610570000000003
11
171.542365999999987
21
-11.9456819999999997
0
LINE
8
BLACK
6
CONTINUOUS
10
171.542365999999987
20
-11.9456819999999997
11
171.5507609999999943
21
-11.9303809999999988
0
LINE
8
BLACK
6
CONTINUOUS
10
171.5507609999999943
20
-11.9303809999999988
11
171.5592889999999784
21
-11.9151530000000001
0
LINE
8
BLACK
6
CONTINUOUS
10
171.5592889999999784
20
-11.9151530000000001
11
171.5679489999999987
21
-11.8999999999999986
0
LINE
8
BLACK
6
CONTINUOUS
10
171.5679489999999987
20
-11.8999999999999986
11
171.5767419999999959
21
-11.8849229999999988
0
LINE
8
BLACK
6
CONTINUOUS
10
171.5767419999999959
20
-11.8849229999999988
11
171.5856650000000059
21
-11.8699239999999993
0
LINE
8
BLACK
6
CONTINUOUS
10
171.5856650000000059
20
-11.8699239999999993
11
171.5947199999999953
21
-11.855003
0
LINE
8
BLACK
6
CONTINUOUS
10
171.5947199999999953
20
-11.855003
11
171.5949509999999805
21
-11.8546259999999997
0
LINE
8
BLACK
6
CONTINUOUS
10
171.8366220000000055
20
-11.5367219999999993
11
171.8485749999999825
21
-11.5240039999999997
0
LINE
8
BLACK
6
CONTINUOUS
10
171.8485749999999825
20
-11.5240039999999997
11
171.8606379999999945
21
-11.5113909999999997
0
LINE
8
BLACK
6
CONTINUOUS
10
171.8606379999999945
20
-11.5113909999999997
11
171.872809999999987
21
-11.4988829999999993
0
LINE
8
BLACK
6
CONTINUOUS
10
171.872809999999987
20
-11.4988829999999993
11
171.8850909999999885
21
-11.4864819999999987
0
LINE
8
BLACK
6
CONTINUOUS
10
171.8850909999999885
20
-11.4864819999999987
11
171.8974800000000016
21
-11.4741879999999998
0
LINE
8
BLACK
6
CONTINUOUS
10
171.8974800000000016
20
-11.4741879999999998
11
171.9099760000000003
21
-11.4620040000000003
0
LINE
8
BLACK
6
CONTINUOUS
10
171.9099760000000003
20
-11.4620040000000003
11
171.9225779999999872
21
-11.4499279999999999
0
LINE
8
BLACK
6
CONTINUOUS
10
171.9225779999999872
20
-11.4499279999999999
11
171.9352839999999958
21
-11.4379629999999999
0
LINE
8
BLACK
6
CONTINUOUS
10
171.9352839999999958
20
-11.4379629999999999
11
171.948094999999995
21
-11.4261099999999995
0
LINE
8
BLACK
6
CONTINUOUS
10
171.948094999999995
20
-11.4261099999999995
11
171.9610079999999925
21
-11.4143679999999996
0
LINE
8
BLACK
6
CONTINUOUS
10
171.9610079999999925
20
-11.4143679999999996
11
171.9740239999999858
21
-11.4027399999999997
0
LINE
8
BLACK
6
CONTINUOUS
10
171.9740239999999858
20
-11.4027399999999997
11
171.9871399999999824
21
-11.3912259999999996
0
LINE
8
BLACK
6
CONTINUOUS
10
171.9871399999999824
20
-11.3912259999999996
11
172.0003559999999823
21
-11.3798269999999988
0
LINE
8
BLACK
6
CONTINUOUS
10
172.0003559999999823
20
-11.3798269999999988
11
172.0136719999999855
21
-11.368542999999999
0
LINE
8
BLACK
6
CONTINUOUS
10
172.0136719999999855
20
-11.368542999999999
11
172.0270849999999996
21
-11.3573760000000004
0
LINE
8
BLACK
6
CONTINUOUS
10
172.0270849999999996
20
-11.3573760000000004
11
172.0405949999999962
21
-11.3463269999999987
0
LINE
8
BLACK
6
CONTINUOUS
10
172.0405949999999962
20
-11.3463269999999987
11
172.0542010000000062
21
-11.3353959999999994
0
LINE
8
BLACK
6
CONTINUOUS
10
172.0542010000000062
20
-11.3353959999999994
11
172.0679020000000037
21
-11.3245839999999998
0
LINE
8
BLACK
6
CONTINUOUS
10
172.0679020000000037
20
-11.3245839999999998
11
172.0816969999999912
21
-11.3138919999999992
0
LINE
8
BLACK
6
CONTINUOUS
10
172.0816969999999912
20
-11.3138919999999992
11
172.0955849999999998
21
-11.3033209999999986
0
LINE
8
BLACK
6
CONTINUOUS
10
172.0955849999999998
20
-11.3033209999999986
11
172.109564000000006
21
-11.2928709999999999
0
LINE
8
BLACK
6
CONTINUOUS
10
172.109564000000006
20
-11.2928709999999999
11
172.1236339999999814
21
-11.2825439999999997
0
LINE
8
BLACK
6
CONTINUOUS
10
172.1236339999999814
20
-11.2825439999999997
11
172.1377939999999853
21
-11.2723399999999998
0
LINE
8
BLACK
6
CONTINUOUS
10
172.1377939999999853
20
-11.2723399999999998
11
172.1520419999999945
21
-11.2622599999999995
0
LINE
8
BLACK
6
CONTINUOUS
10
172.1520419999999945
20
-11.2622599999999995
11
172.1663769999999829
21
-11.2523049999999998
0
LINE
8
BLACK
6
CONTINUOUS
10
172.1663769999999829
20
-11.2523049999999998
11
172.1807989999999791
21
-11.2424749999999989
0
LINE
8
BLACK
6
CONTINUOUS
10
172.1807989999999791
20
-11.2424749999999989
11
172.195305999999988
21
-11.2327709999999996
0
LINE
8
BLACK
6
CONTINUOUS
10
172.195305999999988
20
-11.2327709999999996
11
172.2098979999999813
21
-11.2231949999999987
0
LINE
8
BLACK
6
CONTINUOUS
10
172.2098979999999813
20
-11.2231949999999987
11
172.2245719999999949
21
-11.2137459999999987
0
LINE
8
BLACK
6
CONTINUOUS
10
172.2245719999999949
20
-11.2137459999999987
11
172.2393280000000004
21
-11.2044249999999987
0
LINE
8
BLACK
6
CONTINUOUS
10
172.2393280000000004
20
-11.2044249999999987
11
172.2541650000000004
21
-11.1952339999999992
0
LINE
8
BLACK
6
CONTINUOUS
10
172.2541650000000004
20
-11.1952339999999992
11
172.2690809999999999
21
-11.1861719999999991
0
LINE
8
BLACK
6
CONTINUOUS
10
172.2690809999999999
20
-11.1861719999999991
11
172.2840759999999989
21
-11.1772409999999986
0
LINE
8
BLACK
6
CONTINUOUS
10
172.2840759999999989
20
-11.1772409999999986
11
172.2991489999999999
21
-11.1684409999999996
0
LINE
8
BLACK
6
CONTINUOUS
10
172.2991489999999999
20
-11.1684409999999996
11
172.3142969999999821
21
-11.1597729999999995
0
LINE
8
BLACK
6
CONTINUOUS
10
172.3142969999999821
20
-11.1597729999999995
11
172.3295209999999997
21
-11.1512370000000001
0
LINE
8
BLACK
6
CONTINUOUS
10
172.3295209999999997
20
-11.1512370000000001
11
172.3448190000000011
21
-11.1428349999999998
0
LINE
8
BLACK
6
CONTINUOUS
10
172.3448190000000011
20
-11.1428349999999998
11
172.3601889999999912
21
-11.1345669999999988
0
LINE
8
BLACK
6
CONTINUOUS
10
172.3601889999999912
20
-11.1345669999999988
11
172.3756309999999985
21
-11.1264329999999987
0
LINE
8
BLACK
6
CONTINUOUS
10
172.3756309999999985
20
-11.1264329999999987
11
172.3911429999999996
21
-11.1184339999999988
0
LINE
8
BLACK
6
CONTINUOUS
10
172.3911429999999996
20
-11.1184339999999988
11
172.4067249999999945
21
-11.1105699999999992
0
LINE
8
BLACK
6
CONTINUOUS
10
172.4067249999999945
20
-11.1105699999999992
11
172.4223739999999907
21
-11.102843
0
LINE
8
BLACK
6
CONTINUOUS
10
172.4223739999999907
20
-11.102843
11
172.4380909999999858
21
-11.0952529999999996
0
LINE
8
BLACK
6
CONTINUOUS
10
172.4380909999999858
20
-11.0952529999999996
11
172.4538729999999873
21
-11.0877999999999997
0
LINE
8
BLACK
6
CONTINUOUS
10
172.4538729999999873
20
-11.0877999999999997
11
172.4697189999999978
21
-11.0804849999999995
0
LINE
8
BLACK
6
CONTINUOUS
10
172.4697189999999978
20
-11.0804849999999995
11
172.4856289999999888
21
-11.0733090000000001
0
LINE
8
BLACK
6
CONTINUOUS
10
172.4856289999999888
20
-11.0733090000000001
11
172.5015999999999963
21
-11.0662719999999997
0
LINE
8
BLACK
6
CONTINUOUS
10
172.5015999999999963
20
-11.0662719999999997
11
172.5176329999999894
21
-11.0593749999999993
0
LINE
8
BLACK
6
CONTINUOUS
10
172.5176329999999894
20
-11.0593749999999993
11
172.533725000000004
21
-11.0526169999999997
0
LINE
8
BLACK
6
CONTINUOUS
10
172.533725000000004
20
-11.0526169999999997
11
172.5498749999999859
21
-11.0460009999999986
0
LINE
8
BLACK
6
CONTINUOUS
10
172.5498749999999859
20
-11.0460009999999986
11
172.5660829999999919
21
-11.0395249999999994
0
LINE
8
BLACK
6
CONTINUOUS
10
172.5660829999999919
20
-11.0395249999999994
11
172.5823460000000011
21
-11.0331919999999997
0
LINE
8
BLACK
6
CONTINUOUS
10
172.5823460000000011
20
-11.0331919999999997
11
172.5986639999999852
21
-11.0269999999999992
0
LINE
8
BLACK
6
CONTINUOUS
10
172.5986639999999852
20
-11.0269999999999992
11
172.6150360000000035
21
-11.0209510000000002
0
LINE
8
BLACK
6
CONTINUOUS
10
172.6150360000000035
20
-11.0209510000000002
11
172.6314600000000041
21
-11.0150449999999989
0
LINE
8
BLACK
6
CONTINUOUS
10
172.6314600000000041
20
-11.0150449999999989
11
172.6479339999999922
21
-11.0092829999999999
0
LINE
8
BLACK
6
CONTINUOUS
10
172.6479339999999922
20
-11.0092829999999999
11
172.6644579999999962
21
-11.0036649999999998
0
LINE
8
BLACK
6
CONTINUOUS
10
172.6644579999999962
20
-11.0036649999999998
11
172.6810309999999902
21
-10.9981910000000003
0
LINE
8
BLACK
6
CONTINUOUS
10
172.6810309999999902
20
-10.9981910000000003
11
172.6976509999999791
21
-10.9928619999999988
0
LINE
8
BLACK
6
CONTINUOUS
10
172.6976509999999791
20
-10.9928619999999988
11
172.7143159999999966
21
-10.9876779999999989
0
LINE
8
BLACK
6
CONTINUOUS
10
172.7143159999999966
20
-10.9876779999999989
11
172.7310269999999832
21
-10.98264
0
LINE
8
BLACK
6
CONTINUOUS
10
172.7310269999999832
20
-10.98264
11
172.7477800000000059
21
-10.9777480000000001
0
LINE
8
BLACK
6
CONTINUOUS
10
172.7477800000000059
20
-10.9777480000000001
11
172.7645760000000053
21
-10.9730019999999993
0
LINE
8
BLACK
6
CONTINUOUS
10
172.7645760000000053
20
-10.9730019999999993
11
172.7650019999999813
21
-10.9728839999999987
0
LINE
8
BLACK
6
CONTINUOUS
10
173.1585259999999948
20
-10.905009999999999
11
173.1759399999999971
21
-10.9038509999999995
0
LINE
8
BLACK
6
CONTINUOUS
10
173.1759399999999971
20
-10.9038509999999995
11
173.193365
21
-10.9028449999999992
0
LINE
8
BLACK
6
CONTINUOUS
10
173.193365
20
-10.9028449999999992
11
173.2107969999999852
21
-10.9019899999999996
0
LINE
8
BLACK
6
CONTINUOUS
10
173.2107969999999852
20
-10.9019899999999996
11
173.2282359999999812
21
-10.9012879999999992
0
LINE
8
BLACK
6
CONTINUOUS
10
173.2282359999999812
20
-10.9012879999999992
11
173.245679999999993
21
-10.9007379999999987
0
LINE
8
BLACK
6
CONTINUOUS
10
173.245679999999993
20
-10.9007379999999987
11
173.2631289999999922
21
-10.9003399999999999
0
LINE
8
BLACK
6
CONTINUOUS
10
173.2631289999999922
20
-10.9003399999999999
11
173.2805809999999838
21
-10.9000939999999993
0
LINE
8
BLACK
6
CONTINUOUS
10
173.2805809999999838
20
-10.9000939999999993
11
173.2980340000000012
21
-10.9000009999999996
0
LINE
8
BLACK
6
CONTINUOUS
10
173.2980340000000012
20
-10.9000009999999996
11
173.2999999999999829
21
-10.9000000000000004
0
LINE
8
BLACK
6
CONTINUOUS
10
298.4307450000000017
20
-193.2102509999999995
11
297.9862420000000043
21
-193.6547850000000039
0
ARC
8
BLACK
10
459.5499999999999545
20
-164.2999999999999829
40
0.5
50
-90.00000000
51
-0.00000000
0
LINE
8
BLACK
6
CONTINUOUS
10
172.7999999999999829
20
-160.7999999999999829
11
172.7999999999999829
21
-159.6999999999999886
0
LINE
8
BLACK
6
CONTINUOUS
10
172.7999999999999829
20
-159.2999999999999829
11
172.7999999999999829
21
-158.1999999999999886
0
LINE
8
BLACK
6
CONTINUOUS
10
172.7999999999999829
20
-157.7999999999999829
11
172.7999999999999829
21
-156.6999999999999886
0
LINE
8
BLACK
6
CONTINUOUS
10
172.7999999999999829
20
-156.2999999999999829
11
172.7999999999999829
21
-155.1999999999999886
0
LINE
8
BLACK
6
CONTINUOUS
10
172.7999999999999829
20
-154.7999999999999829
11
172.7999999999999829
21
-153.6999999999999886
0
LINE
8
BLACK
6
CONTINUOUS
10
172.7999999999999829
20
-153.2999999999999829
11
172.7999999999999829
21
-152.1999999999999886
0
LINE
8
BLACK
6
CONTINUOUS
10
172.7999999999999829
20
-151.7999999999999829
11
172.7999999999999829
21
-150.6999999999999886
0
LINE
8
BLACK
6
CONTINUOUS
10
172.7999999999999829
20
-150.2999999999999829
11
172.7999999999999829
21
-149.1999999999999886
0
LINE
8
BLACK
6
CONTINUOUS
10
172.7999999999999829
20
-148.7999999999999829
11
172.7999999999999829
21
-147.6999999999999886
0
LINE
8
BLACK
6
CONTINUOUS
10
172.7999999999999829
20
-147.2999999999999829
11
172.7999999999999829
21
-146.1999999999999886
0
LINE
8
BLACK
6
CONTINUOUS
10
172.7999999999999829
20
-145.7999999999999829
11
172.7999999999999829
21
-144.6999999999999886
0
LINE
8
BLACK
6
CONTINUOUS
10
172.7999999999999829
20
-144.2999999999999829
11
172.7999999999999829
21
-143.1999999999999886
0
LINE
8
BLACK
6
CONTINUOUS
10
172.7999999999999829
20
-142.7999999999999829
11
172.7999999999999829
21
-141.6999999999999886
0
LINE
8
BLACK
6
CONTINUOUS
10
172.7999999999999829
20
-141.2999999999999829
11
172.7999999999999829
21
-140.1999999999999886
0
LINE
8
BLACK
6
CONTINUOUS
10
172.7999999999999829
20
-139.7999999999999829
11
172.7999999999999829
21
-138.6999999999999886
0
LINE
8
BLACK
6
CONTINUOUS
10
172.7999999999999829
20
-138.2999999999999829
11
172.7999999999999829
21
-137.1999999999999886
0
LINE
8
BLACK
6
CONTINUOUS
10
172.7999999999999829
20
-136.7999999999999829
11
172.7999999999999829
21
-135.6999999999999886
0
LINE
8
BLACK
6
CONTINUOUS
10
172.7999999999999829
20
-135.2999999999999829
11
172.7999999999999829
21
-134.1999999999999886
0
LINE
8
BLACK
6
CONTINUOUS
10
172.7999999999999829
20
-133.7999999999999829
11
172.7999999999999829
21
-132.6999999999999886
0
LINE
8
BLACK
6
CONTINUOUS
10
172.7999999999999829
20
-132.2999999999999829
11
172.7999999999999829
21
-131.1999999999999886
0
LINE
8
BLACK
6
CONTINUOUS
10
172.7999999999999829
20
-130.7999999999999829
11
172.7999999999999829
21
-129.6999999999999886
0
LINE
8
BLACK
6
CONTINUOUS
10
172.7999999999999829
20
-129.2999999999999829
11
172.7999999999999829
21
-128.1999999999999886
0
LINE
8
BLACK
6
CONTINUOUS
10
172.7999999999999829
20
-127.7999999999999972
11
172.7999999999999829
21
-126.6999999999999886
0
LINE
8
BLACK
6
CONTINUOUS
10
172.7999999999999829
20
-126.2999999999999972
11
172.7999999999999829
21
-125.1999999999999886
0
LINE
8
BLACK
6
CONTINUOUS
10
172.7999999999999829
20
-124.7999999999999972
11
172.7999999999999829
21
-123.6999999999999886
0
LINE
8
BLACK
6
CONTINUOUS
10
172.7999999999999829
20
-123.2999999999999972
11
172.7999999999999829
21
-122.1999999999999886
0
LINE
8
BLACK
6
CONTINUOUS
10
172.7999999999999829
20
-121.7999999999999972
11
172.7999999999999829
21
-120.6999999999999886
0
LINE
8
BLACK
6
CONTINUOUS
10
172.7999999999999829
20
-120.2999999999999972
11
172.7999999999999829
21
-119.1999999999999886
0
LINE
8
BLACK
6
CONTINUOUS
10
172.7999999999999829
20
-118.7999999999999972
11
172.7999999999999829
21
-117.6999999999999886
0
LINE
8
BLACK
6
CONTINUOUS
10
172.7999999999999829
20
-117.2999999999999972
11
172.7999999999999829
21
-116.1999999999999886
0
LINE
8
BLACK
6
CONTINUOUS
10
172.7999999999999829
20
-115.7999999999999972
11
172.7999999999999829
21
-114.6999999999999886
0
LINE
8
BLACK
6
CONTINUOUS
10
172.7999999999999829
20
-114.2999999999999972
11
172.7999999999999829
21
-113.1999999999999886
0
LINE
8
BLACK
6
CONTINUOUS
10
172.7999999999999829
20
-112.7999999999999972
11
172.7999999999999829
21
-111.6999999999999886
0
LINE
8
BLACK
6
CONTINUOUS
10
172.7999999999999829
20
-111.2999999999999972
11
172.7999999999999829
21
-110.1999999999999886
0
LINE
8
BLACK
6
CONTINUOUS
10
172.7999999999999829
20
-109.7999999999999972
11
172.7999999999999829
21
-108.6999999999999886
0
LINE
8
BLACK
6
CONTINUOUS
10
172.7999999999999829
20
-108.2999999999999972
11
172.7999999999999829
21
-107.1999999999999886
0
LINE
8
BLACK
6
CONTINUOUS
10
172.7999999999999829
20
-106.7999999999999972
11
172.7999999999999829
21
-105.6999999999999886
0
LINE
8
BLACK
6
CONTINUOUS
10
172.7999999999999829
20
-105.2999999999999972
11
172.7999999999999829
21
-104.1999999999999886
0
LINE
8
BLACK
6
CONTINUOUS
10
172.7999999999999829
20
-103.7999999999999972
11
172.7999999999999829
21
-102.6999999999999886
0
LINE
8
BLACK
6
CONTINUOUS
10
172.7999999999999829
20
-102.2999999999999972
11
172.7999999999999829
21
-101.1999999999999886
0
LINE
8
BLACK
6
CONTINUOUS
10
172.7999999999999829
20
-100.7999999999999972
11
172.7999999999999829
21
-99.6999999999999886
0
LINE
8
BLACK
6
CONTINUOUS
10
172.7999999999999829
20
-99.2999999999999972
11
172.7999999999999829
21
-98.1999999999999886
0
LINE
8
BLACK
6
CONTINUOUS
10
172.7999999999999829
20
-97.7999999999999972
11
172.7999999999999829
21
-96.6999999999999886
0
LINE
8
BLACK
6
CONTINUOUS
10
172.7999999999999829
20
-96.2999999999999972
11
172.7999999999999829
21
-95.1999999999999886
0
LINE
8
BLACK
6
CONTINUOUS
10
172.7999999999999829
20
-94.7999999999999972
11
172.7999999999999829
21
-93.7000000000000028
0
LINE
8
BLACK
6
CONTINUOUS
10
172.7999999999999829
20
-93.2999999999999972
11
172.7999999999999829
21
-92.2000000000000028
0
LINE
8
BLACK
6
CONTINUOUS
10
172.7999999999999829
20
-91.7999999999999972
11
172.7999999999999829
21
-90.7000000000000028
0
LINE
8
BLACK
6
CONTINUOUS
10
172.7999999999999829
20
-90.2999999999999972
11
172.7999999999999829
21
-89.2000000000000028
0
LINE
8
BLACK
6
CONTINUOUS
10
172.7999999999999829
20
-88.7999999999999972
11
172.7999999999999829
21
-87.7000000000000028
0
LINE
8
BLACK
6
CONTINUOUS
10
172.7999999999999829
20
-87.2999999999999972
11
172.7999999999999829
21
-86.2000000000000028
0
LINE
8
BLACK
6
CONTINUOUS
10
172.7999999999999829
20
-85.7999999999999972
11
172.7999999999999829
21
-84.7000000000000028
0
LINE
8
BLACK
6
CONTINUOUS
10
172.7999999999999829
20
-84.2999999999999972
11
172.7999999999999829
21
-83.2000000000000028
0
LINE
8
BLACK
6
CONTINUOUS
10
172.7999999999999829
20
-82.7999999999999972
11
172.7999999999999829
21
-81.7000000000000028
0
LINE
8
BLACK
6
CONTINUOUS
10
172.7999999999999829
20
-81.2999999999999972
11
172.7999999999999829
21
-80.2000000000000028
0
LINE
8
BLACK
6
CONTINUOUS
10
172.7999999999999829
20
-79.7999999999999972
11
172.7999999999999829
21
-78.7000000000000028
0
LINE
8
BLACK
6
CONTINUOUS
10
172.7999999999999829
20
-78.2999999999999972
11
172.7999999999999829
21
-77.2000000000000028
0
LINE
8
BLACK
6
CONTINUOUS
10
172.7999999999999829
20
-76.7999999999999972
11
172.7999999999999829
21
-75.7000000000000028
0
LINE
8
BLACK
6
CONTINUOUS
10
172.7999999999999829
20
-75.2999999999999972
11
172.7999999999999829
21
-74.2000000000000028
0
LINE
8
BLACK
6
CONTINUOUS
10
172.7999999999999829
20
-73.7999999999999972
11
172.7999999999999829
21
-72.7000000000000028
0
LINE
8
BLACK
6
CONTINUOUS
10
172.7999999999999829
20
-72.2999999999999972
11
172.7999999999999829
21
-71.2000000000000028
0
LINE
8
BLACK
6
CONTINUOUS
10
172.7999999999999829
20
-70.7999999999999972
11
172.7999999999999829
21
-69.7000000000000028
0
LINE
8
BLACK
6
CONTINUOUS
10
172.7999999999999829
20
-69.2999999999999972
11
172.7999999999999829
21
-68.2000000000000028
0
LINE
8
BLACK
6
CONTINUOUS
10
172.7999999999999829
20
-67.7999999999999972
11
172.7999999999999829
21
-66.7000000000000028
0
LINE
8
BLACK
6
CONTINUOUS
10
172.7999999999999829
20
-66.2999999999999972
11
172.7999999999999829
21
-65.2000000000000028
0
LINE
8
BLACK
6
CONTINUOUS
10
172.7999999999999829
20
-64.7999999999999972
11
172.7999999999999829
21
-63.6999999999999957
0
LINE
8
BLACK
6
CONTINUOUS
10
172.7999999999999829
20
-63.2999999999999972
11
172.7999999999999829
21
-62.1999999999999957
0
LINE
8
BLACK
6
CONTINUOUS
10
172.7999999999999829
20
-61.7999999999999972
11
172.7999999999999829
21
-60.6999999999999957
0
LINE
8
BLACK
6
CONTINUOUS
10
172.7999999999999829
20
-60.2999999999999972
11
172.7999999999999829
21
-59.1999999999999957
0
LINE
8
BLACK
6
CONTINUOUS
10
172.7999999999999829
20
-58.7999999999999972
11
172.7999999999999829
21
-57.6999999999999957
0
LINE
8
BLACK
6
CONTINUOUS
10
172.7999999999999829
20
-57.2999999999999972
11
172.7999999999999829
21
-56.1999999999999957
0
LINE
8
BLACK
6
CONTINUOUS
10
172.7999999999999829
20
-55.7999999999999972
11
172.7999999999999829
21
-54.6999999999999957
0
LINE
8
BLACK
6
CONTINUOUS
10
172.7999999999999829
20
-54.2999999999999972
11
172.7999999999999829
21
-53.7999999999999972
0
LINE
8
BLACK
6
CONTINUOUS
10
301.7327300000000037
20
-193.0197509999999852
11
301.7327300000000037
21
-193.0832859999999869
0
LINE
8
BLACK
6
CONTINUOUS
10
451.5499999999999545
20
-166.2999999999999829
11
460.0499999999999545
21
-166.2999999999999829
0
LINE
8
BLACK
6
CONTINUOUS
10
364.9397359999999821
20
-12.1897489999999991
11
366.0827299999999696
21
-12.1897489999999991
0
LINE
8
BLACK
6
CONTINUOUS
10
295.8000000000000114
20
-164.7999999999999829
11
296.8999999999999773
21
-164.7999999999999829
0
LINE
8
BLACK
6
CONTINUOUS
10
297.3000000000000114
20
-164.7999999999999829
11
298.3999999999999773
21
-164.7999999999999829
0
LINE
8
BLACK
6
CONTINUOUS
10
298.8000000000000114
20
-164.7999999999999829
11
298.8000000000000114
21
-165.9000000000000057
0
LINE
8
BLACK
6
CONTINUOUS
10
298.8000000000000114
20
-166.2999999999999829
11
297.6999999999999886
21
-166.2999999999999829
0
LINE
8
BLACK
6
CONTINUOUS
10
297.3000000000000114
20
-166.2999999999999829
11
296.1999999999999886
21
-166.2999999999999829
0
LINE
8
BLACK
6
CONTINUOUS
10
295.8000000000000114
20
-166.2999999999999829
11
295.8000000000000114
21
-165.1999999999999886
0
LINE
8
BLACK
6
CONTINUOUS
10
406.9082389999999805
20
-11.3642509999999994
11
407.3527419999999779
21
-10.919751999999999
0
LINE
8
BLACK
6
CONTINUOUS
10
302.5582390000000146
20
-194.0357489999999814
11
303.002742000000012
21
-194.4802479999999889
0
LINE
8
BLACK
6
CONTINUOUS
10
402.7807449999999676
20
-12.3167139999999993
11
402.7807449999999676
21
-12.2532490000000003
0
LINE
8
BLACK
6
CONTINUOUS
10
417.7999999999999545
20
-166.2999999999999829
11
417.7999999999999545
21
-165.1999999999999886
0
LINE
8
BLACK
6
CONTINUOUS
10
172.7999999999999829
20
-184.5
11
171.2999999999999829
21
-184.5
0
LINE
8
BLACK
6
CONTINUOUS
10
406.0827299999999696
20
-193.1467509999999947
11
406.0827299999999696
21
-193.2102509999999995
0
CIRCLE
8
BLACK
10
297.3000000000000114
20
-16.8999999999999986
40
1.5
0
ARC
8
BLACK
10
375.0034999999999741
20
-148.6964999999999861
40
5.9000100000068647
50
-179.99990289
51
-90.00008740
0
LINE
8
BLACK
6
CONTINUOUS
10
298.4307450000000017
20
-193.2102509999999995
11
297.9862420000000043
21
-193.6547850000000039
0
LINE
8
BLACK
6
CONTINUOUS
10
402.7807449999999676
20
-12.2532490000000003
11
402.7807449999999676
21
-12.1897489999999991
0
LINE
8
BLACK
6
CONTINUOUS
10
298.4307450000000017
20
-12.3802489999999992
11
298.4307450000000017
21
-12.2532490000000003
0
LINE
8
BLACK
6
CONTINUOUS
10
144.
20
-164.2999999999999829
11
144.
21
-160.7999999999999829
0
LINE
8
BLACK
6
CONTINUOUS
10
171.2999999999999829
20
-162.2999999999999829
11
171.2999999999999829
21
-52.2999999999999972
0
ARC
8
BLACK
10
416.7999999999999545
20
-155.2999999999999829
40
0.5
50
-90.00000000
51
-0.00000000
0
LINE
8
BLACK
6
CONTINUOUS
10
393.5965099999999666
20
-132.0034909999999968
11
374.9965100000000007
21
-132.0034909999999968
0
LINE
8
BLACK
6
CONTINUOUS
10
451.5499999999999545
20
-53.7999999999999972
11
451.5499999999999545
21
-160.7999999999999829
0
LINE
8
BLACK
6
CONTINUOUS
10
366.9082389999999805
20
-11.3642509999999994
11
367.3527419999999779
21
-10.919751999999999
0
LINE
8
BLACK
6
CONTINUOUS
10
334.8000000000000114
20
-10.9000000000000004
11
334.8000000000000114
21
-12.
0
LINE
8
BLACK
6
CONTINUOUS
10
300.5897359999999594
20
-193.2102509999999995
11
301.7327300000000037
21
-193.2102509999999995
0
LINE
8
BLACK
6
CONTINUOUS
10
361.891760999999974
20
-11.3642509999999994
11
361.4472579999999766
21
-10.919751999999999
0
LINE
8
BLACK
6
CONTINUOUS
10
298.4307450000000017
20
-193.1467509999999947
11
298.4307450000000017
21
-193.2102509999999995
0
LINE
8
BLACK
6
CONTINUOUS
10
423.2999999999999545
20
-194.5
11
423.2999999999999545
21
-184.5
0
LINE
8
BLACK
6
CONTINUOUS
10
301.7327300000000037
20
-193.1467509999999947
11
301.7327300000000037
21
-193.2102509999999995
0
LINE
8
BLACK
6
CONTINUOUS
10
409.7999999999999545
20
-10.9000000000000004
11
409.7999999999999545
21
-12.
0
LINE
8
BLACK
6
CONTINUOUS
10
402.7807449999999676
20
-193.1467509999999947
11
402.7807449999999676
21
-193.2102509999999995
0
LINE
8
BLACK
6
CONTINUOUS
10
144.
20
-53.7999999999999972
11
152.5
21
-53.7999999999999972
0
LINE
8
BLACK
6
CONTINUOUS
10
366.527232999999967
20
-11.745215
11
366.9082389999999805
21
-11.3642509999999994
0
LINE
8
BLACK
6
CONTINUOUS
10
173.2999999999999829
20
-193.
11
173.2956369999999993
21
-192.9999809999999911
0
LINE
8
BLACK
6
CONTINUOUS
10
173.2956369999999993
20
-192.9999809999999911
11
173.2912739999999872
21
-192.9999239999999929
0
LINE
8
BLACK
6
CONTINUOUS
10
173.2912739999999872
20
-192.9999239999999929
11
173.2869120000000009
21
-192.9998290000000054
0
LINE
8
BLACK
6
CONTINUOUS
10
173.2869120000000009
20
-192.9998290000000054
11
173.2825499999999863
21
-192.9996950000000027
0
LINE
8
BLACK
6
CONTINUOUS
10
173.2825499999999863
20
-192.9996950000000027
11
173.2781899999999951
21
-192.9995239999999797
0
LINE
8
BLACK
6
CONTINUOUS
10
173.2781899999999951
20
-192.9995239999999797
11
173.2738319999999987
21
-192.9993149999999957
0
LINE
8
BLACK
6
CONTINUOUS
10
173.2738319999999987
20
-192.9993149999999957
11
173.2694759999999974
21
-192.9990669999999966
0
LINE
8
BLACK
6
CONTINUOUS
10
173.2694759999999974
20
-192.9990669999999966
11
173.265121999999991
21
-192.9987819999999772
0
LINE
8
BLACK
6
CONTINUOUS
10
173.265121999999991
20
-192.9987819999999772
11
173.2607699999999795
21
-192.9984589999999969
0
LINE
8
BLACK
6
CONTINUOUS
10
173.2607699999999795
20
-192.9984589999999969
11
173.2564219999999864
21
-192.9980970000000013
0
LINE
8
BLACK
6
CONTINUOUS
10
173.2564219999999864
20
-192.9980970000000013
11
173.2520769999999857
21
-192.9976979999999855
0
LINE
8
BLACK
6
CONTINUOUS
10
173.2520769999999857
20
-192.9976979999999855
11
173.2477360000000033
21
-192.9972609999999804
0
LINE
8
BLACK
6
CONTINUOUS
10
173.2477360000000033
20
-192.9972609999999804
11
173.2433979999999849
21
-192.996785999999986
0
LINE
8
BLACK
6
CONTINUOUS
10
173.2433979999999849
20
-192.996785999999986
11
173.2390649999999823
21
-192.9962730000000022
0
LINE
8
BLACK
6
CONTINUOUS
10
173.2390649999999823
20
-192.9962730000000022
11
173.2347369999999955
21
-192.9957220000000007
0
LINE
8
BLACK
6
CONTINUOUS
10
173.2347369999999955
20
-192.9957220000000007
11
173.2304129999999986
21
-192.9951339999999789
0
LINE
8
BLACK
6
CONTINUOUS
10
173.2304129999999986
20
-192.9951339999999789
11
173.2260949999999866
21
-192.9945079999999962
0
LINE
8
BLACK
6
CONTINUOUS
10
173.2260949999999866
20
-192.9945079999999962
11
173.2217829999999879
21
-192.9938439999999957
0
LINE
8
BLACK
6
CONTINUOUS
10
173.2217829999999879
20
-192.9938439999999957
11
173.2174760000000049
21
-192.9931430000000034
0
LINE
8
BLACK
6
CONTINUOUS
10
173.2174760000000049
20
-192.9931430000000034
11
173.2131760000000043
21
-192.9924039999999934
0
LINE
8
BLACK
6
CONTINUOUS
10
173.2131760000000043
20
-192.9924039999999934
11
173.2088819999999885
21
-192.991626999999994
0
LINE
8
BLACK
6
CONTINUOUS
10
173.2088819999999885
20
-192.991626999999994
11
173.2045959999999809
21
-192.9908140000000003
0
LINE
8
BLACK
6
CONTINUOUS
10
173.2045959999999809
20
-192.9908140000000003
11
173.2003159999999866
21
-192.9899619999999913
0
LINE
8
BLACK
6
CONTINUOUS
10
173.2003159999999866
20
-192.9899619999999913
11
173.1960440000000006
21
-192.989073999999988
0
LINE
8
BLACK
6
CONTINUOUS
10
173.1960440000000006
20
-192.989073999999988
11
173.1917799999999943
21
-192.9881479999999954
0
LINE
8
BLACK
6
CONTINUOUS
10
173.1917799999999943
20
-192.9881479999999954
11
173.1875239999999962
21
-192.9871849999999824
0
LINE
8
BLACK
6
CONTINUOUS
10
173.1875239999999962
20
-192.9871849999999824
11
173.1832770000000039
21
-192.9861849999999777
0
LINE
8
BLACK
6
CONTINUOUS
10
173.1832770000000039
20
-192.9861849999999777
11
173.1790389999999888
21
-192.985147999999981
0
LINE
8
BLACK
6
CONTINUOUS
10
173.1790389999999888
20
-192.985147999999981
11
173.1748099999999795
21
-192.9840739999999926
0
LINE
8
BLACK
6
CONTINUOUS
10
173.1748099999999795
20
-192.9840739999999926
11
173.1705900000000042
21
-192.9829629999999838
0
LINE
8
BLACK
6
CONTINUOUS
10
173.1705900000000042
20
-192.9829629999999838
11
173.1663810000000012
21
-192.9818149999999832
0
LINE
8
BLACK
6
CONTINUOUS
10
173.1663810000000012
20
-192.9818149999999832
11
173.1621810000000039
21
-192.9806309999999883
0
LINE
8
BLACK
6
CONTINUOUS
10
173.1621810000000039
20
-192.9806309999999883
11
173.1579919999999788
21
-192.9794100000000014
0
LINE
8
BLACK
6
CONTINUOUS
10
173.1579919999999788
20
-192.9794100000000014
11
173.1538139999999828
21
-192.9781519999999944
0
LINE
8
BLACK
6
CONTINUOUS
10
173.1538139999999828
20
-192.9781519999999944
11
173.1496469999999874
21
-192.9768579999999929
0
LINE
8
BLACK
6
CONTINUOUS
10
173.1496469999999874
20
-192.9768579999999929
11
173.1454919999999902
21
-192.9755279999999971
0
LINE
8
BLACK
6
CONTINUOUS
10
173.1454919999999902
20
-192.9755279999999971
11
173.1413479999999936
21
-192.9741619999999784
0
LINE
8
BLACK
6
CONTINUOUS
10
173.1413479999999936
20
-192.9741619999999784
11
173.1372159999999951
21
-192.9727589999999964
0
LINE
8
BLACK
6
CONTINUOUS
10
173.1372159999999951
20
-192.9727589999999964
11
173.1330969999999922
21
-192.971320999999989
0
LINE
8
BLACK
6
CONTINUOUS
10
173.1330969999999922
20
-192.971320999999989
11
173.1289899999999875
21
-192.9698459999999898
0
LINE
8
BLACK
6
CONTINUOUS
10
173.1289899999999875
20
-192.9698459999999898
11
173.1248959999999784
21
-192.9683359999999936
0
LINE
8
BLACK
6
CONTINUOUS
10
173.1248959999999784
20
-192.9683359999999936
11
173.1208159999999907
21
-192.9667900000000031
0
LINE
8
BLACK
6
CONTINUOUS
10
173.1208159999999907
20
-192.9667900000000031
11
173.1167489999999987
21
-192.9652089999999873
0
LINE
8
BLACK
6
CONTINUOUS
10
173.1167489999999987
20
-192.9652089999999873
11
173.1126969999999972
21
-192.9635919999999771
0
LINE
8
BLACK
6
CONTINUOUS
10
173.1126969999999972
20
-192.9635919999999771
11
173.1086579999999913
21
-192.9619399999999985
0
LINE
8
BLACK
6
CONTINUOUS
10
173.1086579999999913
20
-192.9619399999999985
11
173.1046340000000043
21
-192.960251999999997
0
LINE
8
BLACK
6
CONTINUOUS
10
173.1046340000000043
20
-192.960251999999997
11
173.1006249999999795
21
-192.9585299999999961
0
LINE
8
BLACK
6
CONTINUOUS
10
173.1006249999999795
20
-192.9585299999999961
11
173.0966319999999996
21
-192.9567729999999983
0
LINE
8
BLACK
6
CONTINUOUS
10
173.0966319999999996
20
-192.9567729999999983
11
173.0926529999999843
21
-192.9549810000000036
0
LINE
8
BLACK
6
CONTINUOUS
10
173.0926529999999843
20
-192.9549810000000036
11
173.088690999999983
21
-192.9531539999999836
0
LINE
8
BLACK
6
CONTINUOUS
10
173.088690999999983
20
-192.9531539999999836
11
173.0847440000000006
21
-192.9512929999999926
0
LINE
8
BLACK
6
CONTINUOUS
10
173.0847440000000006
20
-192.9512929999999926
11
173.0808140000000037
21
-192.9493970000000047
0
LINE
8
BLACK
6
CONTINUOUS
10
173.0808140000000037
20
-192.9493970000000047
11
173.0769009999999923
21
-192.947466999999989
0
LINE
8
BLACK
6
CONTINUOUS
10
173.0769009999999923
20
-192.947466999999989
11
173.0730049999999949
21
-192.9455030000000022
0
LINE
8
BLACK
6
CONTINUOUS
10
173.0730049999999949
20
-192.9455030000000022
11
173.0691259999999829
21
-192.9435049999999876
0
LINE
8
BLACK
6
CONTINUOUS
10
173.0691259999999829
20
-192.9435049999999876
11
173.0652639999999849
21
-192.9414739999999995
0
LINE
8
BLACK
6
CONTINUOUS
10
173.0652639999999849
20
-192.9414739999999995
11
173.0614209999999957
21
-192.9394089999999835
0
LINE
8
BLACK
6
CONTINUOUS
10
173.0614209999999957
20
-192.9394089999999835
11
173.0575949999999921
21
-192.9373099999999965
0
LINE
8
BLACK
6
CONTINUOUS
10
173.0575949999999921
20
-192.9373099999999965
11
173.0537879999999973
21
-192.9351779999999792
0
LINE
8
BLACK
6
CONTINUOUS
10
173.0537879999999973
20
-192.9351779999999792
11
173.0499999999999829
21
-192.9330129999999883
0
LINE
8
BLACK
6
CONTINUOUS
10
173.0499999999999829
20
-192.9330129999999883
11
173.0462310000000059
21
-192.9308149999999955
0
LINE
8
BLACK
6
CONTINUOUS
10
173.0462310000000059
20
-192.9308149999999955
11
173.0424809999999809
21
-192.9285840000000007
0
LINE
8
BLACK
6
CONTINUOUS
10
173.0424809999999809
20
-192.9285840000000007
11
173.0387509999999907
21
-192.926320000000004
0
LINE
8
BLACK
6
CONTINUOUS
10
173.0387509999999907
20
-192.926320000000004
11
173.0350399999999809
21
-192.9240240000000028
0
LINE
8
BLACK
6
CONTINUOUS
10
173.0350399999999809
20
-192.9240240000000028
11
173.0313500000000033
21
-192.9216959999999972
0
LINE
8
BLACK
6
CONTINUOUS
10
173.0313500000000033
20
-192.9216959999999972
11
173.0276800000000037
21
-192.9193349999999896
0
LINE
8
BLACK
6
CONTINUOUS
10
173.0276800000000037
20
-192.9193349999999896
11
173.0240320000000054
21
-192.9169430000000034
0
LINE
8
BLACK
6
CONTINUOUS
10
173.0240320000000054
20
-192.9169430000000034
11
173.020403999999985
21
-192.9145189999999843
0
LINE
8
BLACK
6
CONTINUOUS
10
173.020403999999985
20
-192.9145189999999843
11
173.0167969999999968
21
-192.9120629999999892
0
LINE
8
BLACK
6
CONTINUOUS
10
173.0167969999999968
20
-192.9120629999999892
11
173.0132119999999816
21
-192.9095759999999871
0
LINE
8
BLACK
6
CONTINUOUS
10
173.0132119999999816
20
-192.9095759999999871
11
173.009648999999996
21
-192.9070579999999779
0
LINE
8
BLACK
6
CONTINUOUS
10
173.009648999999996
20
-192.9070579999999779
11
173.0061069999999859
21
-192.9045079999999928
0
LINE
8
BLACK
6
CONTINUOUS
10
173.0061069999999859
20
-192.9045079999999928
11
173.0025890000000004
21
-192.9019279999999981
0
LINE
8
BLACK
6
CONTINUOUS
10
173.0025890000000004
20
-192.9019279999999981
11
172.9990919999999903
21
-192.8993179999999938
0
LINE
8
BLACK
6
CONTINUOUS
10
172.9990919999999903
20
-192.8993179999999938
11
172.9956190000000049
21
-192.8966769999999826
0
LINE
8
BLACK
6
CONTINUOUS
10
172.9956190000000049
20
-192.8966769999999826
11
172.9921689999999899
21
-192.8940049999999928
0
LINE
8
BLACK
6
CONTINUOUS
10
172.9921689999999899
20
-192.8940049999999928
11
172.9887429999999995
21
-192.891303999999991
0
LINE
8
BLACK
6
CONTINUOUS
10
172.9887429999999995
20
-192.891303999999991
11
172.9853399999999795
21
-192.8885729999999796
0
LINE
8
BLACK
6
CONTINUOUS
10
172.9853399999999795
20
-192.8885729999999796
11
172.9819609999999841
21
-192.8858119999999872
0
LINE
8
BLACK
6
CONTINUOUS
10
172.9819609999999841
20
-192.8858119999999872
11
172.978605999999985
21
-192.8830219999999827
0
LINE
8
BLACK
6
CONTINUOUS
10
172.978605999999985
20
-192.8830219999999827
11
172.9752759999999796
21
-192.8802029999999945
0
LINE
8
BLACK
6
CONTINUOUS
10
172.9752759999999796
20
-192.8802029999999945
11
172.9719699999999989
21
-192.8773549999999943
0
LINE
8
BLACK
6
CONTINUOUS
10
172.9719699999999989
20
-192.8773549999999943
11
172.968689999999981
21
-192.8744779999999821
0
LINE
8
BLACK
6
CONTINUOUS
10
172.968689999999981
20
-192.8744779999999821
11
172.9654349999999852
21
-192.8715719999999862
0
LINE
8
BLACK
6
CONTINUOUS
10
172.9654349999999852
20
-192.8715719999999862
11
172.9622049999999831
21
-192.8686390000000017
0
LINE
8
BLACK
6
CONTINUOUS
10
172.9622049999999831
20
-192.8686390000000017
11
172.9590010000000007
21
-192.8656770000000051
0
LINE
8
BLACK
6
CONTINUOUS
10
172.9590010000000007
20
-192.8656770000000051
11
172.955822999999981
21
-192.862686999999994
0
LINE
8
BLACK
6
CONTINUOUS
10
172.955822999999981
20
-192.862686999999994
11
172.9526709999999809
21
-192.8596699999999942
0
LINE
8
BLACK
6
CONTINUOUS
10
172.9526709999999809
20
-192.8596699999999942
11
172.9495450000000005
21
-192.8566249999999798
0
LINE
8
BLACK
6
CONTINUOUS
10
172.9495450000000005
20
-192.8566249999999798
11
172.9464470000000063
21
-192.8535530000000051
0
LINE
8
BLACK
6
CONTINUOUS
10
172.9464470000000063
20
-192.8535530000000051
11
172.9433750000000032
21
-192.8504549999999824
0
LINE
8
BLACK
6
CONTINUOUS
10
172.9433750000000032
20
-192.8504549999999824
11
172.9403299999999888
21
-192.847329000000002
0
LINE
8
BLACK
6
CONTINUOUS
10
172.9403299999999888
20
-192.847329000000002
11
172.937312999999989
21
-192.844177000000002
0
LINE
8
BLACK
6
CONTINUOUS
10
172.937312999999989
20
-192.844177000000002
11
172.9343230000000062
21
-192.8409989999999823
0
LINE
8
BLACK
6
CONTINUOUS
10
172.9343230000000062
20
-192.8409989999999823
11
172.9313609999999812
21
-192.8377949999999998
0
LINE
8
BLACK
6
CONTINUOUS
10
172.9313609999999812
20
-192.8377949999999998
11
172.9284279999999967
21
-192.8345649999999978
0
LINE
8
BLACK
6
CONTINUOUS
10
172.9284279999999967
20
-192.8345649999999978
11
172.9255220000000008
21
-192.831310000000002
0
LINE
8
BLACK
6
CONTINUOUS
10
172.9255220000000008
20
-192.831310000000002
11
172.9226449999999886
21
-192.8280299999999841
0
LINE
8
BLACK
6
CONTINUOUS
10
172.9226449999999886
20
-192.8280299999999841
11
172.9197969999999884
21
-192.8247240000000033
0
LINE
8
BLACK
6
CONTINUOUS
10
172.9197969999999884
20
-192.8247240000000033
11
172.9169780000000003
21
-192.821393999999998
0
LINE
8
BLACK
6
CONTINUOUS
10
172.9169780000000003
20
-192.821393999999998
11
172.9141879999999958
21
-192.8180389999999989
0
LINE
8
BLACK
6
CONTINUOUS
10
172.9141879999999958
20
-192.8180389999999989
11
172.9114270000000033
21
-192.8146600000000035
0
LINE
8
BLACK
6
CONTINUOUS
10
172.9114270000000033
20
-192.8146600000000035
11
172.908695999999992
21
-192.8112569999999835
0
LINE
8
BLACK
6
CONTINUOUS
10
172.908695999999992
20
-192.8112569999999835
11
172.9059949999999901
21
-192.8078309999999931
0
LINE
8
BLACK
6
CONTINUOUS
10
172.9059949999999901
20
-192.8078309999999931
11
172.9033230000000003
21
-192.804380999999978
0
LINE
8
BLACK
6
CONTINUOUS
10
172.9033230000000003
20
-192.804380999999978
11
172.9006819999999891
21
-192.8009079999999926
0
LINE
8
BLACK
6
CONTINUOUS
10
172.9006819999999891
20
-192.8009079999999926
11
172.8980719999999849
21
-192.7974109999999826
0
LINE
8
BLACK
6
CONTINUOUS
10
172.8980719999999849
20
-192.7974109999999826
11
172.8954919999999902
21
-192.7938929999999971
0
LINE
8
BLACK
6
CONTINUOUS
10
172.8954919999999902
20
-192.7938929999999971
11
172.892942000000005
21
-192.7903509999999869
0
LINE
8
BLACK
6
CONTINUOUS
10
172.892942000000005
20
-192.7903509999999869
11
172.8904239999999959
21
-192.7867880000000014
0
LINE
8
BLACK
6
CONTINUOUS
10
172.8904239999999959
20
-192.7867880000000014
11
172.8879369999999938
21
-192.7832029999999861
0
LINE
8
BLACK
6
CONTINUOUS
10
172.8879369999999938
20
-192.7832029999999861
11
172.8854809999999986
21
-192.779595999999998
0
LINE
8
BLACK
6
CONTINUOUS
10
172.8854809999999986
20
-192.779595999999998
11
172.8830569999999796
21
-192.7759679999999776
0
LINE
8
BLACK
6
CONTINUOUS
10
172.8830569999999796
20
-192.7759679999999776
11
172.8806649999999934
21
-192.7723199999999792
0
LINE
8
BLACK
6
CONTINUOUS
10
172.8806649999999934
20
-192.7723199999999792
11
172.8783039999999858
21
-192.7686499999999796
0
LINE
8
BLACK
6
CONTINUOUS
10
172.8783039999999858
20
-192.7686499999999796
11
172.8759759999999801
21
-192.7649600000000021
0
LINE
8
BLACK
6
CONTINUOUS
10
172.8759759999999801
20
-192.7649600000000021
11
172.8736799999999789
21
-192.7612489999999923
0
LINE
8
BLACK
6
CONTINUOUS
10
172.8736799999999789
20
-192.7612489999999923
11
172.8714159999999822
21
-192.7575190000000021
0
LINE
8
BLACK
6
CONTINUOUS
10
172.8714159999999822
20
-192.7575190000000021
11
172.8691849999999874
21
-192.7537690000000055
0
LINE
8
BLACK
6
CONTINUOUS
10
172.8691849999999874
20
-192.7537690000000055
11
172.8669869999999946
21
-192.75
0
LINE
8
BLACK
6
CONTINUOUS
10
172.8669869999999946
20
-192.75
11
172.8648220000000038
21
-192.7462119999999857
0
LINE
8
BLACK
6
CONTINUOUS
10
172.8648220000000038
20
-192.7462119999999857
11
172.8626899999999864
21
-192.7424049999999909
0
LINE
8
BLACK
6
CONTINUOUS
10
172.8626899999999864
20
-192.7424049999999909
11
172.8605909999999994
21
-192.7385789999999872
0
LINE
8
BLACK
6
CONTINUOUS
10
172.8605909999999994
20
-192.7385789999999872
11
172.8585259999999835
21
-192.7347359999999981
0
LINE
8
BLACK
6
CONTINUOUS
10
172.8585259999999835
20
-192.7347359999999981
11
172.8564949999999953
21
-192.730874
0
LINE
8
BLACK
6
CONTINUOUS
10
172.8564949999999953
20
-192.730874
11
172.8544969999999807
21
-192.7269949999999881
0
LINE
8
BLACK
6
CONTINUOUS
10
172.8544969999999807
20
-192.7269949999999881
11
172.852532999999994
21
-192.7230989999999906
0
LINE
8
BLACK
6
CONTINUOUS
10
172.852532999999994
20
-192.7230989999999906
11
172.8506029999999782
21
-192.7191859999999792
0
LINE
8
BLACK
6
CONTINUOUS
10
172.8506029999999782
20
-192.7191859999999792
11
172.8487069999999903
21
-192.7152559999999824
0
LINE
8
BLACK
6
CONTINUOUS
10
172.8487069999999903
20
-192.7152559999999824
11
172.8468459999999993
21
-192.711309
0
LINE
8
BLACK
6
CONTINUOUS
10
172.8468459999999993
20
-192.711309
11
172.8450189999999793
21
-192.7073469999999986
0
LINE
8
BLACK
6
CONTINUOUS
10
172.8450189999999793
20
-192.7073469999999986
11
172.8432269999999846
21
-192.7033679999999833
0
LINE
8
BLACK
6
CONTINUOUS
10
172.8432269999999846
20
-192.7033679999999833
11
172.8414699999999868
21
-192.6993750000000034
0
LINE
8
BLACK
6
CONTINUOUS
10
172.8414699999999868
20
-192.6993750000000034
11
172.839747999999986
21
-192.6953659999999786
0
LINE
8
BLACK
6
CONTINUOUS
10
172.839747999999986
20
-192.6953659999999786
11
172.8380599999999845
21
-192.6913419999999917
0
LINE
8
BLACK
6
CONTINUOUS
10
172.8380599999999845
20
-192.6913419999999917
11
172.8364080000000058
21
-192.6873029999999858
0
LINE
8
BLACK
6
CONTINUOUS
10
172.8364080000000058
20
-192.6873029999999858
11
172.8347909999999956
21
-192.6832509999999843
0
LINE
8
BLACK
6
CONTINUOUS
10
172.8347909999999956
20
-192.6832509999999843
11
172.8332099999999798
21
-192.6791839999999922
0
LINE
8
BLACK
6
CONTINUOUS
10
172.8332099999999798
20
-192.6791839999999922
11
172.8316639999999893
21
-192.6751040000000046
0
LINE
8
BLACK
6
CONTINUOUS
10
172.8316639999999893
20
-192.6751040000000046
11
172.8301539999999932
21
-192.6710099999999954
0
LINE
8
BLACK
6
CONTINUOUS
10
172.8301539999999932
20
-192.6710099999999954
11
172.8286789999999939
21
-192.6669029999999907
0
LINE
8
BLACK
6
CONTINUOUS
10
172.8286789999999939
20
-192.6669029999999907
11
172.8272409999999866
21
-192.6627839999999878
0
LINE
8
BLACK
6
CONTINUOUS
10
172.8272409999999866
20
-192.6627839999999878
11
172.8258380000000045
21
-192.6586519999999894
0
LINE
8
BLACK
6
CONTINUOUS
10
172.8258380000000045
20
-192.6586519999999894
11
172.8244719999999859
21
-192.6545079999999928
0
LINE
8
BLACK
6
CONTINUOUS
10
172.8244719999999859
20
-192.6545079999999928
11
172.82314199999999
21
-192.6503529999999955
0
LINE
8
BLACK
6
CONTINUOUS
10
172.82314199999999
20
-192.6503529999999955
11
172.8218479999999886
21
-192.6461860000000001
0
LINE
8
BLACK
6
CONTINUOUS
10
172.8218479999999886
20
-192.6461860000000001
11
172.8205899999999815
21
-192.6420080000000041
0
LINE
8
BLACK
6
CONTINUOUS
10
172.8205899999999815
20
-192.6420080000000041
11
172.8193689999999947
21
-192.637818999999979
0
LINE
8
BLACK
6
CONTINUOUS
10
172.8193689999999947
20
-192.637818999999979
11
172.8181849999999997
21
-192.6336189999999817
0
LINE
8
BLACK
6
CONTINUOUS
10
172.8181849999999997
20
-192.6336189999999817
11
172.8170369999999991
21
-192.6294099999999787
0
LINE
8
BLACK
6
CONTINUOUS
10
172.8170369999999991
20
-192.6294099999999787
11
172.8159259999999904
21
-192.6251900000000035
0
LINE
8
BLACK
6
CONTINUOUS
10
172.8159259999999904
20
-192.6251900000000035
11
172.8148520000000019
21
-192.6209609999999941
0
LINE
8
BLACK
6
CONTINUOUS
10
172.8148520000000019
20
-192.6209609999999941
11
172.8138150000000053
21
-192.616722999999979
0
LINE
8
BLACK
6
CONTINUOUS
10
172.8138150000000053
20
-192.616722999999979
11
172.8128150000000005
21
-192.6124759999999867
0
LINE
8
BLACK
6
CONTINUOUS
10
172.8128150000000005
20
-192.6124759999999867
11
172.8118519999999876
21
-192.6082199999999887
0
LINE
8
BLACK
6
CONTINUOUS
10
172.8118519999999876
20
-192.6082199999999887
11
172.8109259999999949
21
-192.6039559999999824
0
LINE
8
BLACK
6
CONTINUOUS
10
172.8109259999999949
20
-192.6039559999999824
11
172.8100379999999916
21
-192.5996839999999963
0
LINE
8
BLACK
6
CONTINUOUS
10
172.8100379999999916
20
-192.5996839999999963
11
172.8091859999999826
21
-192.595404000000002
0
LINE
8
BLACK
6
CONTINUOUS
10
172.8091859999999826
20
-192.595404000000002
11
172.8083729999999889
21
-192.5911179999999945
0
LINE
8
BLACK
6
CONTINUOUS
10
172.8083729999999889
20
-192.5911179999999945
11
172.8075959999999895
21
-192.5868239999999787
0
LINE
8
BLACK
6
CONTINUOUS
10
172.8075959999999895
20
-192.5868239999999787
11
172.8068569999999795
21
-192.5825239999999781
0
LINE
8
BLACK
6
CONTINUOUS
10
172.8068569999999795
20
-192.5825239999999781
11
172.8061559999999872
21
-192.5782169999999951
0
LINE
8
BLACK
6
CONTINUOUS
10
172.8061559999999872
20
-192.5782169999999951
11
172.8054919999999868
21
-192.5739049999999963
0
LINE
8
BLACK
6
CONTINUOUS
10
172.8054919999999868
20
-192.5739049999999963
11
172.8048660000000041
21
-192.5695869999999843
0
LINE
8
BLACK
6
CONTINUOUS
10
172.8048660000000041
20
-192.5695869999999843
11
172.8042779999999823
21
-192.5652629999999874
0
LINE
8
BLACK
6
CONTINUOUS
10
172.8042779999999823
20
-192.5652629999999874
11
172.8037269999999808
21
-192.5609350000000006
0
LINE
8
BLACK
6
CONTINUOUS
10
172.8037269999999808
20
-192.5609350000000006
11
172.803213999999997
21
-192.556601999999998
0
LINE
8
BLACK
6
CONTINUOUS
10
172.803213999999997
20
-192.556601999999998
11
172.8027390000000025
21
-192.5522639999999797
0
LINE
8
BLACK
6
CONTINUOUS
10
172.8027390000000025
20
-192.5522639999999797
11
172.8023019999999974
21
-192.5479229999999973
0
LINE
8
BLACK
6
CONTINUOUS
10
172.8023019999999974
20
-192.5479229999999973
11
172.8019029999999816
21
-192.5435779999999966
0
LINE
8
BLACK
6
CONTINUOUS
10
172.8019029999999816
20
-192.5435779999999966
11
172.8015409999999861
21
-192.5392300000000034
0
LINE
8
BLACK
6
CONTINUOUS
10
172.8015409999999861
20
-192.5392300000000034
11
172.8012180000000058
21
-192.534877999999992
0
LINE
8
BLACK
6
CONTINUOUS
10
172.8012180000000058
20
-192.534877999999992
11
172.8009329999999864
21
-192.5305239999999856
0
LINE
8
BLACK
6
CONTINUOUS
10
172.8009329999999864
20
-192.5305239999999856
11
172.8006849999999872
21
-192.5261679999999842
0
LINE
8
BLACK
6
CONTINUOUS
10
172.8006849999999872
20
-192.5261679999999842
11
172.8004760000000033
21
-192.5218099999999879
0
LINE
8
BLACK
6
CONTINUOUS
10
172.8004760000000033
20
-192.5218099999999879
11
172.8003049999999803
21
-192.5174499999999966
0
LINE
8
BLACK
6
CONTINUOUS
10
172.8003049999999803
20
-192.5174499999999966
11
172.800171000000006
21
-192.513087999999982
0
LINE
8
BLACK
6
CONTINUOUS
10
172.800171000000006
20
-192.513087999999982
11
172.80007599999999
21
-192.5087259999999958
0
LINE
8
BLACK
6
CONTINUOUS
10
172.80007599999999
20
-192.5087259999999958
11
172.8000189999999918
21
-192.5043629999999837
0
LINE
8
BLACK
6
CONTINUOUS
10
172.8000189999999918
20
-192.5043629999999837
11
172.7999999999999829
21
-192.5
0
LINE
8
BLACK
6
CONTINUOUS
10
316.8000000000000114
20
-194.5
11
316.8000000000000114
21
-193.3999999999999773
0
ARC
8
BLACK
10
460.0499999999999545
20
-49.7999999999999972
40
1.5
50
0.00000000
51
90.00000000
0
LINE
8
BLACK
6
CONTINUOUS
10
406.0827299999999696
20
-12.2532490000000003
11
406.0827299999999696
21
-12.1897489999999991
0
LINE
8
BLACK
6
CONTINUOUS
10
460.0499999999999545
20
-160.7999999999999829
11
451.5499999999999545
21
-160.7999999999999829
0
LINE
8
BLACK
6
CONTINUOUS
10
417.2999999999999545
20
-194.5
11
417.2999999999999545
21
-193.3999999999999773
0
LINE
8
BLACK
6
CONTINUOUS
10
423.2999999999999545
20
-194.5
11
171.2999999999999829
21
-194.5
0
LINE
8
BLACK
6
CONTINUOUS
10
406.527232999999967
20
-193.6547850000000039
11
406.9082389999999805
21
-194.0357489999999814
0
ARC
8
BLACK
10
416.7999999999999545
20
-155.2999999999999829
40
0.5
50
-90.00000000
51
-0.00000000
0
LINE
8
BLACK
6
CONTINUOUS
10
451.5499999999999545
20
-48.2999999999999972
11
451.5499999999999545
21
-49.7999999999999972
0
LINE
8
BLACK
6
CONTINUOUS
10
366.0827299999999696
20
-193.1467509999999947
11
366.0827299999999696
21
-193.2102509999999995
0
LINE
8
BLACK
6
CONTINUOUS
10
406.0827299999999696
20
-193.0832859999999869
11
406.0827299999999696
21
-193.1467509999999947
0
CIRCLE
8
BLACK
10
364.3000000000000114
20
-143.2999999999999829
40
2.9499999999999997
0
CIRCLE
8
BLACK
10
188.7999999999999829
20
-57.7999999999999972
40
2.25
0
LINE
8
BLACK
6
CONTINUOUS
10
152.5
20
-53.7999999999999972
11
152.5
21
-160.7999999999999829
0
LINE
8
BLACK
6
CONTINUOUS
10
362.7807449999999676
20
-193.0197509999999852
11
362.7807449999999676
21
-193.0832859999999869
0
LINE
8
BLACK
6
CONTINUOUS
10
301.7327300000000037
20
-193.1467509999999947
11
301.7327300000000037
21
-193.2102509999999995
0
LINE
8
BLACK
6
CONTINUOUS
10
298.4307450000000017
20
-12.2532490000000003
11
298.4307450000000017
21
-12.1897489999999991
0
LINE
8
BLACK
6
CONTINUOUS
10
402.7807449999999676
20
-12.3802489999999992
11
402.7807449999999676
21
-12.2532490000000003
0
LINE
8
BLACK
6
CONTINUOUS
10
231.2999999999999829
20
-193.
11
231.2999999999999829
21
-194.0999999999999943
0
LINE
8
BLACK
6
CONTINUOUS
10
176.7999999999999829
20
-12.3999999999999986
11
177.9000000000000057
21
-12.3999999999999986
0
LINE
8
BLACK
6
CONTINUOUS
10
178.2999999999999829
20
-12.3999999999999986
11
179.4000000000000057
21
-12.3999999999999986
0
LINE
8
BLACK
6
CONTINUOUS
10
179.7999999999999829
20
-12.3999999999999986
11
180.9000000000000057
21
-12.3999999999999986
0
LINE
8
BLACK
6
CONTINUOUS
10
181.2999999999999829
20
-12.3999999999999986
11
182.4000000000000057
21
-12.3999999999999986
0
LINE
8
BLACK
6
CONTINUOUS
10
182.7999999999999829
20
-12.3999999999999986
11
183.9000000000000057
21
-12.3999999999999986
0
LINE
8
BLACK
6
CONTINUOUS
10
184.2999999999999829
20
-12.3999999999999986
11
185.4000000000000057
21
-12.3999999999999986
0
LINE
8
BLACK
6
CONTINUOUS
10
185.7999999999999829
20
-12.3999999999999986
11
186.9000000000000057
21
-12.3999999999999986
0
LINE
8
BLACK
6
CONTINUOUS
10
187.2999999999999829
20
-12.3999999999999986
11
188.4000000000000057
21
-12.3999999999999986
0
LINE
8
BLACK
6
CONTINUOUS
10
188.7999999999999829
20
-12.3999999999999986
11
189.8999999999999773
21
-12.3999999999999986
0
LINE
8
BLACK
6
CONTINUOUS
10
190.2999999999999829
20
-12.3999999999999986
11
191.3999999999999773
21
-12.3999999999999986
0
LINE
8
BLACK
6
CONTINUOUS
10
191.7999999999999829
20
-12.3999999999999986
11
192.8999999999999773
21
-12.3999999999999986
0
LINE
8
BLACK
6
CONTINUOUS
10
193.2999999999999829
20
-12.3999999999999986
11
194.3999999999999773
21
-12.3999999999999986
0
LINE
8
BLACK
6
CONTINUOUS
10
194.7999999999999829
20
-12.3999999999999986
11
195.8999999999999773
21
-12.3999999999999986
0
LINE
8
BLACK
6
CONTINUOUS
10
196.2999999999999829
20
-12.3999999999999986
11
197.3999999999999773
21
-12.3999999999999986
0
LINE
8
BLACK
6
CONTINUOUS
10
197.7999999999999829
20
-12.3999999999999986
11
198.8999999999999773
21
-12.3999999999999986
0
LINE
8
BLACK
6
CONTINUOUS
10
199.2999999999999829
20
-12.3999999999999986
11
200.3999999999999773
21
-12.3999999999999986
0
LINE
8
BLACK
6
CONTINUOUS
10
200.7999999999999829
20
-12.3999999999999986
11
201.8999999999999773
21
-12.3999999999999986
0
LINE
8
BLACK
6
CONTINUOUS
10
202.2999999999999829
20
-12.3999999999999986
11
203.3999999999999773
21
-12.3999999999999986
0
LINE
8
BLACK
6
CONTINUOUS
10
203.7999999999999829
20
-12.3999999999999986
11
204.8999999999999773
21
-12.3999999999999986
0
LINE
8
BLACK
6
CONTINUOUS
10
205.2999999999999829
20
-12.3999999999999986
11
206.3999999999999773
21
-12.3999999999999986
0
LINE
8
BLACK
6
CONTINUOUS
10
206.7999999999999829
20
-12.3999999999999986
11
207.8999999999999773
21
-12.3999999999999986
0
LINE
8
BLACK
6
CONTINUOUS
10
208.2999999999999829
20
-12.3999999999999986
11
209.3999999999999773
21
-12.3999999999999986
0
LINE
8
BLACK
6
CONTINUOUS
10
209.7999999999999829
20
-12.3999999999999986
11
210.8999999999999773
21
-12.3999999999999986
0
LINE
8
BLACK
6
CONTINUOUS
10
211.2999999999999829
20
-12.3999999999999986
11
212.3999999999999773
21
-12.3999999999999986
0
LINE
8
BLACK
6
CONTINUOUS
10
212.7999999999999829
20
-12.3999999999999986
11
213.8999999999999773
21
-12.3999999999999986
0
LINE
8
BLACK
6
CONTINUOUS
10
214.2999999999999829
20
-12.3999999999999986
11
215.3999999999999773
21
-12.3999999999999986
0
LINE
8
BLACK
6
CONTINUOUS
10
215.7999999999999829
20
-12.3999999999999986
11
216.8999999999999773
21
-12.3999999999999986
0
LINE
8
BLACK
6
CONTINUOUS
10
217.2999999999999829
20
-12.3999999999999986
11
218.3999999999999773
21
-12.3999999999999986
0
LINE
8
BLACK
6
CONTINUOUS
10
218.7999999999999829
20
-12.3999999999999986
11
219.8999999999999773
21
-12.3999999999999986
0
LINE
8
BLACK
6
CONTINUOUS
10
220.2999999999999829
20
-12.3999999999999986
11
221.3999999999999773
21
-12.3999999999999986
0
LINE
8
BLACK
6
CONTINUOUS
10
221.7999999999999829
20
-12.3999999999999986
11
222.8999999999999773
21
-12.3999999999999986
0
LINE
8
BLACK
6
CONTINUOUS
10
223.2999999999999829
20
-12.3999999999999986
11
224.3999999999999773
21
-12.3999999999999986
0
LINE
8
BLACK
6
CONTINUOUS
10
224.7999999999999829
20
-12.3999999999999986
11
225.8999999999999773
21
-12.3999999999999986
0
LINE
8
BLACK
6
CONTINUOUS
10
226.2999999999999829
20
-12.3999999999999986
11
227.3999999999999773
21
-12.3999999999999986
0
LINE
8
BLACK
6
CONTINUOUS
10
227.7999999999999829
20
-12.3999999999999986
11
228.8999999999999773
21
-12.3999999999999986
0
LINE
8
BLACK
6
CONTINUOUS
10
229.2999999999999829
20
-12.3999999999999986
11
230.3999999999999773
21
-12.3999999999999986
0
LINE
8
BLACK
6
CONTINUOUS
10
230.7999999999999829
20
-12.3999999999999986
11
231.8999999999999773
21
-12.3999999999999986
0
LINE
8
BLACK
6
CONTINUOUS
10
232.2999999999999829
20
-12.3999999999999986
11
233.3999999999999773
21
-12.3999999999999986
0
LINE
8
BLACK
6
CONTINUOUS
10
233.7999999999999829
20
-12.3999999999999986
11
234.8999999999999773
21
-12.3999999999999986
0
LINE
8
BLACK
6
CONTINUOUS
10
235.2999999999999829
20
-12.3999999999999986
11
236.3999999999999773
21
-12.3999999999999986
0
LINE
8
BLACK
6
CONTINUOUS
10
236.7999999999999829
20
-12.3999999999999986
11
237.8999999999999773
21
-12.3999999999999986
0
LINE
8
BLACK
6
CONTINUOUS
10
238.2999999999999829
20
-12.3999999999999986
11
239.3999999999999773
21
-12.3999999999999986
0
LINE
8
BLACK
6
CONTINUOUS
10
239.7999999999999829
20
-12.3999999999999986
11
240.8999999999999773
21
-12.3999999999999986
0
LINE
8
BLACK
6
CONTINUOUS
10
241.2999999999999829
20
-12.3999999999999986
11
242.3999999999999773
21
-12.3999999999999986
0
LINE
8
BLACK
6
CONTINUOUS
10
242.7999999999999829
20
-12.3999999999999986
11
243.8999999999999773
21
-12.3999999999999986
0
LINE
8
BLACK
6
CONTINUOUS
10
244.2999999999999829
20
-12.3999999999999986
11
245.3999999999999773
21
-12.3999999999999986
0
LINE
8
BLACK
6
CONTINUOUS
10
245.7999999999999829
20
-12.3999999999999986
11
246.8999999999999773
21
-12.3999999999999986
0
LINE
8
BLACK
6
CONTINUOUS
10
247.2999999999999829
20
-12.3999999999999986
11
248.3999999999999773
21
-12.3999999999999986
0
LINE
8
BLACK
6
CONTINUOUS
10
248.7999999999999829
20
-12.3999999999999986
11
249.8999999999999773
21
-12.3999999999999986
0
LINE
8
BLACK
6
CONTINUOUS
10
250.2999999999999829
20
-12.3999999999999986
11
251.3999999999999773
21
-12.3999999999999986
0
LINE
8
BLACK
6
CONTINUOUS
10
251.7999999999999829
20
-12.3999999999999986
11
252.8999999999999773
21
-12.3999999999999986
0
LINE
8
BLACK
6
CONTINUOUS
10
253.2999999999999829
20
-12.3999999999999986
11
254.3999999999999773
21
-12.3999999999999986
0
LINE
8
BLACK
6
CONTINUOUS
10
254.7999999999999829
20
-12.3999999999999986
11
255.8999999999999773
21
-12.3999999999999986
0
LINE
8
BLACK
6
CONTINUOUS
10
256.3000000000000114
20
-12.3999999999999986
11
257.3999999999999773
21
-12.3999999999999986
0
LINE
8
BLACK
6
CONTINUOUS
10
257.8000000000000114
20
-12.3999999999999986
11
258.8999999999999773
21
-12.3999999999999986
0
LINE
8
BLACK
6
CONTINUOUS
10
259.3000000000000114
20
-12.3999999999999986
11
260.3999999999999773
21
-12.3999999999999986
0
LINE
8
BLACK
6
CONTINUOUS
10
260.8000000000000114
20
-12.3999999999999986
11
261.8999999999999773
21
-12.3999999999999986
0
LINE
8
BLACK
6
CONTINUOUS
10
262.3000000000000114
20
-12.3999999999999986
11
263.3999999999999773
21
-12.3999999999999986
0
LINE
8
BLACK
6
CONTINUOUS
10
263.8000000000000114
20
-12.3999999999999986
11
264.8999999999999773
21
-12.3999999999999986
0
LINE
8
BLACK
6
CONTINUOUS
10
265.3000000000000114
20
-12.3999999999999986
11
266.3999999999999773
21
-12.3999999999999986
0
LINE
8
BLACK
6
CONTINUOUS
10
266.8000000000000114
20
-12.3999999999999986
11
267.8999999999999773
21
-12.3999999999999986
0
LINE
8
BLACK
6
CONTINUOUS
10
268.3000000000000114
20
-12.3999999999999986
11
269.3999999999999773
21
-12.3999999999999986
0
LINE
8
BLACK
6
CONTINUOUS
10
269.8000000000000114
20
-12.3999999999999986
11
270.8999999999999773
21
-12.3999999999999986
0
LINE
8
BLACK
6
CONTINUOUS
10
271.3000000000000114
20
-12.3999999999999986
11
272.3999999999999773
21
-12.3999999999999986
0
LINE
8
BLACK
6
CONTINUOUS
10
272.8000000000000114
20
-12.3999999999999986
11
273.8999999999999773
21
-12.3999999999999986
0
LINE
8
BLACK
6
CONTINUOUS
10
274.3000000000000114
20
-12.3999999999999986
11
275.3999999999999773
21
-12.3999999999999986
0
LINE
8
BLACK
6
CONTINUOUS
10
275.8000000000000114
20
-12.3999999999999986
11
276.8999999999999773
21
-12.3999999999999986
0
LINE
8
BLACK
6
CONTINUOUS
10
277.3000000000000114
20
-12.3999999999999986
11
278.3999999999999773
21
-12.3999999999999986
0
LINE
8
BLACK
6
CONTINUOUS
10
278.8000000000000114
20
-12.3999999999999986
11
279.8999999999999773
21
-12.3999999999999986
0
LINE
8
BLACK
6
CONTINUOUS
10
280.3000000000000114
20
-12.3999999999999986
11
281.3999999999999773
21
-12.3999999999999986
0
LINE
8
BLACK
6
CONTINUOUS
10
281.8000000000000114
20
-12.3999999999999986
11
282.8999999999999773
21
-12.3999999999999986
0
LINE
8
BLACK
6
CONTINUOUS
10
283.3000000000000114
20
-12.3999999999999986
11
284.3999999999999773
21
-12.3999999999999986
0
LINE
8
BLACK
6
CONTINUOUS
10
284.8000000000000114
20
-12.3999999999999986
11
285.8999999999999773
21
-12.3999999999999986
0
LINE
8
BLACK
6
CONTINUOUS
10
286.3000000000000114
20
-12.3999999999999986
11
287.3999999999999773
21
-12.3999999999999986
0
LINE
8
BLACK
6
CONTINUOUS
10
287.8000000000000114
20
-12.3999999999999986
11
288.8999999999999773
21
-12.3999999999999986
0
LINE
8
BLACK
6
CONTINUOUS
10
289.3000000000000114
20
-12.3999999999999986
11
290.3999999999999773
21
-12.3999999999999986
0
LINE
8
BLACK
6
CONTINUOUS
10
290.8000000000000114
20
-12.3999999999999986
11
291.8999999999999773
21
-12.3999999999999986
0
LINE
8
BLACK
6
CONTINUOUS
10
292.3000000000000114
20
-12.3999999999999986
11
293.3999999999999773
21
-12.3999999999999986
0
LINE
8
BLACK
6
CONTINUOUS
10
293.8000000000000114
20
-12.3999999999999986
11
294.8999999999999773
21
-12.3999999999999986
0
LINE
8
BLACK
6
CONTINUOUS
10
295.3000000000000114
20
-12.3999999999999986
11
296.3999999999999773
21
-12.3999999999999986
0
LINE
8
BLACK
6
CONTINUOUS
10
296.8000000000000114
20
-12.3999999999999986
11
297.8999999999999773
21
-12.3999999999999986
0
LINE
8
BLACK
6
CONTINUOUS
10
298.3000000000000114
20
-12.3999999999999986
11
299.3999999999999773
21
-12.3999999999999986
0
LINE
8
BLACK
6
CONTINUOUS
10
299.8000000000000114
20
-12.3999999999999986
11
300.8999999999999773
21
-12.3999999999999986
0
LINE
8
BLACK
6
CONTINUOUS
10
301.3000000000000114
20
-12.3999999999999986
11
302.3999999999999773
21
-12.3999999999999986
0
LINE
8
BLACK
6
CONTINUOUS
10
302.8000000000000114
20
-12.3999999999999986
11
303.8999999999999773
21
-12.3999999999999986
0
LINE
8
BLACK
6
CONTINUOUS
10
304.3000000000000114
20
-12.3999999999999986
11
305.3999999999999773
21
-12.3999999999999986
0
LINE
8
BLACK
6
CONTINUOUS
10
305.8000000000000114
20
-12.3999999999999986
11
306.8999999999999773
21
-12.3999999999999986
0
LINE
8
BLACK
6
CONTINUOUS
10
307.3000000000000114
20
-12.3999999999999986
11
308.3999999999999773
21
-12.3999999999999986
0
LINE
8
BLACK
6
CONTINUOUS
10
308.8000000000000114
20
-12.3999999999999986
11
309.8999999999999773
21
-12.3999999999999986
0
LINE
8
BLACK
6
CONTINUOUS
10
310.3000000000000114
20
-12.3999999999999986
11
311.3999999999999773
21
-12.3999999999999986
0
LINE
8
BLACK
6
CONTINUOUS
10
311.8000000000000114
20
-12.3999999999999986
11
312.8999999999999773
21
-12.3999999999999986
0
LINE
8
BLACK
6
CONTINUOUS
10
313.3000000000000114
20
-12.3999999999999986
11
314.3999999999999773
21
-12.3999999999999986
0
LINE
8
BLACK
6
CONTINUOUS
10
314.8000000000000114
20
-12.3999999999999986
11
315.8999999999999773
21
-12.3999999999999986
0
LINE
8
BLACK
6
CONTINUOUS
10
316.3000000000000114
20
-12.3999999999999986
11
317.3999999999999773
21
-12.3999999999999986
0
LINE
8
BLACK
6
CONTINUOUS
10
317.8000000000000114
20
-12.3999999999999986
11
318.8999999999999773
21
-12.3999999999999986
0
LINE
8
BLACK
6
CONTINUOUS
10
319.3000000000000114
20
-12.3999999999999986
11
320.3999999999999773
21
-12.3999999999999986
0
LINE
8
BLACK
6
CONTINUOUS
10
320.8000000000000114
20
-12.3999999999999986
11
321.8999999999999773
21
-12.3999999999999986
0
LINE
8
BLACK
6
CONTINUOUS
10
322.3000000000000114
20
-12.3999999999999986
11
323.3999999999999773
21
-12.3999999999999986
0
LINE
8
BLACK
6
CONTINUOUS
10
323.8000000000000114
20
-12.3999999999999986
11
324.8999999999999773
21
-12.3999999999999986
0
LINE
8
BLACK
6
CONTINUOUS
10
325.3000000000000114
20
-12.3999999999999986
11
326.3999999999999773
21
-12.3999999999999986
0
LINE
8
BLACK
6
CONTINUOUS
10
326.8000000000000114
20
-12.3999999999999986
11
327.8999999999999773
21
-12.3999999999999986
0
LINE
8
BLACK
6
CONTINUOUS
10
328.3000000000000114
20
-12.3999999999999986
11
329.3999999999999773
21
-12.3999999999999986
0
LINE
8
BLACK
6
CONTINUOUS
10
329.8000000000000114
20
-12.3999999999999986
11
330.8999999999999773
21
-12.3999999999999986
0
LINE
8
BLACK
6
CONTINUOUS
10
331.3000000000000114
20
-12.3999999999999986
11
332.3999999999999773
21
-12.3999999999999986
0
LINE
8
BLACK
6
CONTINUOUS
10
332.8000000000000114
20
-12.3999999999999986
11
333.8999999999999773
21
-12.3999999999999986
0
LINE
8
BLACK
6
CONTINUOUS
10
334.3000000000000114
20
-12.3999999999999986
11
335.3999999999999773
21
-12.3999999999999986
0
LINE
8
BLACK
6
CONTINUOUS
10
335.8000000000000114
20
-12.3999999999999986
11
336.8999999999999773
21
-12.3999999999999986
0
LINE
8
BLACK
6
CONTINUOUS
10
337.3000000000000114
20
-12.3999999999999986
11
338.3999999999999773
21
-12.3999999999999986
0
LINE
8
BLACK
6
CONTINUOUS
10
338.8000000000000114
20
-12.3999999999999986
11
339.8999999999999773
21
-12.3999999999999986
0
LINE
8
BLACK
6
CONTINUOUS
10
340.3000000000000114
20
-12.3999999999999986
11
341.3999999999999773
21
-12.3999999999999986
0
LINE
8
BLACK
6
CONTINUOUS
10
341.8000000000000114
20
-12.3999999999999986
11
342.8999999999999773
21
-12.3999999999999986
0
LINE
8
BLACK
6
CONTINUOUS
10
343.3000000000000114
20
-12.3999999999999986
11
344.3999999999999773
21
-12.3999999999999986
0
LINE
8
BLACK
6
CONTINUOUS
10
344.8000000000000114
20
-12.3999999999999986
11
345.8999999999999773
21
-12.3999999999999986
0
LINE
8
BLACK
6
CONTINUOUS
10
346.3000000000000114
20
-12.3999999999999986
11
347.3999999999999773
21
-12.3999999999999986
0
LINE
8
BLACK
6
CONTINUOUS
10
347.8000000000000114
20
-12.3999999999999986
11
348.8999999999999773
21
-12.3999999999999986
0
LINE
8
BLACK
6
CONTINUOUS
10
349.3000000000000114
20
-12.3999999999999986
11
350.3999999999999773
21
-12.3999999999999986
0
LINE
8
BLACK
6
CONTINUOUS
10
350.8000000000000114
20
-12.3999999999999986
11
351.8999999999999773
21
-12.3999999999999986
0
LINE
8
BLACK
6
CONTINUOUS
10
352.3000000000000114
20
-12.3999999999999986
11
353.3999999999999773
21
-12.3999999999999986
0
LINE
8
BLACK
6
CONTINUOUS
10
353.8000000000000114
20
-12.3999999999999986
11
354.8999999999999773
21
-12.3999999999999986
0
LINE
8
BLACK
6
CONTINUOUS
10
355.3000000000000114
20
-12.3999999999999986
11
356.3999999999999773
21
-12.3999999999999986
0
LINE
8
BLACK
6
CONTINUOUS
10
356.8000000000000114
20
-12.3999999999999986
11
357.8999999999999773
21
-12.3999999999999986
0
LINE
8
BLACK
6
CONTINUOUS
10
358.3000000000000114
20
-12.3999999999999986
11
359.3999999999999773
21
-12.3999999999999986
0
LINE
8
BLACK
6
CONTINUOUS
10
359.8000000000000114
20
-12.3999999999999986
11
360.8999999999999773
21
-12.3999999999999986
0
LINE
8
BLACK
6
CONTINUOUS
10
361.3000000000000114
20
-12.3999999999999986
11
362.3999999999999773
21
-12.3999999999999986
0
LINE
8
BLACK
6
CONTINUOUS
10
362.8000000000000114
20
-12.3999999999999986
11
363.8999999999999773
21
-12.3999999999999986
0
LINE
8
BLACK
6
CONTINUOUS
10
364.3000000000000114
20
-12.3999999999999986
11
365.3999999999999773
21
-12.3999999999999986
0
LINE
8
BLACK
6
CONTINUOUS
10
365.8000000000000114
20
-12.3999999999999986
11
366.8999999999999773
21
-12.3999999999999986
0
LINE
8
BLACK
6
CONTINUOUS
10
367.3000000000000114
20
-12.3999999999999986
11
368.3999999999999773
21
-12.3999999999999986
0
LINE
8
BLACK
6
CONTINUOUS
10
368.8000000000000114
20
-12.3999999999999986
11
369.8999999999999773
21
-12.3999999999999986
0
LINE
8
BLACK
6
CONTINUOUS
10
370.3000000000000114
20
-12.3999999999999986
11
371.3999999999999773
21
-12.3999999999999986
0
LINE
8
BLACK
6
CONTINUOUS
10
371.8000000000000114
20
-12.3999999999999986
11
372.8999999999999773
21
-12.3999999999999986
0
LINE
8
BLACK
6
CONTINUOUS
10
373.3000000000000114
20
-12.3999999999999986
11
374.3999999999999773
21
-12.3999999999999986
0
LINE
8
BLACK
6
CONTINUOUS
10
374.8000000000000114
20
-12.3999999999999986
11
375.8999999999999773
21
-12.3999999999999986
0
LINE
8
BLACK
6
CONTINUOUS
10
376.3000000000000114
20
-12.3999999999999986
11
377.3999999999999773
21
-12.3999999999999986
0
LINE
8
BLACK
6
CONTINUOUS
10
377.7999999999999545
20
-12.3999999999999986
11
378.8999999999999773
21
-12.3999999999999986
0
LINE
8
BLACK
6
CONTINUOUS
10
379.2999999999999545
20
-12.3999999999999986
11
380.3999999999999773
21
-12.3999999999999986
0
LINE
8
BLACK
6
CONTINUOUS
10
380.7999999999999545
20
-12.3999999999999986
11
381.8999999999999773
21
-12.3999999999999986
0
LINE
8
BLACK
6
CONTINUOUS
10
382.2999999999999545
20
-12.3999999999999986
11
383.3999999999999773
21
-12.3999999999999986
0
LINE
8
BLACK
6
CONTINUOUS
10
383.7999999999999545
20
-12.3999999999999986
11
384.8999999999999773
21
-12.3999999999999986
0
LINE
8
BLACK
6
CONTINUOUS
10
385.2999999999999545
20
-12.3999999999999986
11
386.3999999999999773
21
-12.3999999999999986
0
LINE
8
BLACK
6
CONTINUOUS
10
386.7999999999999545
20
-12.3999999999999986
11
387.8999999999999773
21
-12.3999999999999986
0
LINE
8
BLACK
6
CONTINUOUS
10
388.2999999999999545
20
-12.3999999999999986
11
389.3999999999999773
21
-12.3999999999999986
0
LINE
8
BLACK
6
CONTINUOUS
10
389.7999999999999545
20
-12.3999999999999986
11
390.8999999999999773
21
-12.3999999999999986
0
LINE
8
BLACK
6
CONTINUOUS
10
391.2999999999999545
20
-12.3999999999999986
11
392.3999999999999773
21
-12.3999999999999986
0
LINE
8
BLACK
6
CONTINUOUS
10
392.7999999999999545
20
-12.3999999999999986
11
393.8999999999999773
21
-12.3999999999999986
0
LINE
8
BLACK
6
CONTINUOUS
10
394.2999999999999545
20
-12.3999999999999986
11
395.3999999999999773
21
-12.3999999999999986
0
LINE
8
BLACK
6
CONTINUOUS
10
395.7999999999999545
20
-12.3999999999999986
11
396.8999999999999773
21
-12.3999999999999986
0
LINE
8
BLACK
6
CONTINUOUS
10
397.2999999999999545
20
-12.3999999999999986
11
398.3999999999999773
21
-12.3999999999999986
0
LINE
8
BLACK
6
CONTINUOUS
10
398.7999999999999545
20
-12.3999999999999986
11
399.8999999999999773
21
-12.3999999999999986
0
LINE
8
BLACK
6
CONTINUOUS
10
400.2999999999999545
20
-12.3999999999999986
11
401.3999999999999773
21
-12.3999999999999986
0
LINE
8
BLACK
6
CONTINUOUS
10
401.7999999999999545
20
-12.3999999999999986
11
402.8999999999999773
21
-12.3999999999999986
0
LINE
8
BLACK
6
CONTINUOUS
10
403.2999999999999545
20
-12.3999999999999986
11
404.3999999999999773
21
-12.3999999999999986
0
LINE
8
BLACK
6
CONTINUOUS
10
404.7999999999999545
20
-12.3999999999999986
11
405.8999999999999773
21
-12.3999999999999986
0
LINE
8
BLACK
6
CONTINUOUS
10
406.2999999999999545
20
-12.3999999999999986
11
407.3999999999999773
21
-12.3999999999999986
0
LINE
8
BLACK
6
CONTINUOUS
10
407.7999999999999545
20
-12.3999999999999986
11
408.8999999999999773
21
-12.3999999999999986
0
LINE
8
BLACK
6
CONTINUOUS
10
409.2999999999999545
20
-12.3999999999999986
11
410.3999999999999773
21
-12.3999999999999986
0
LINE
8
BLACK
6
CONTINUOUS
10
410.7999999999999545
20
-12.3999999999999986
11
411.8999999999999773
21
-12.3999999999999986
0
LINE
8
BLACK
6
CONTINUOUS
10
412.2999999999999545
20
-12.3999999999999986
11
413.3999999999999773
21
-12.3999999999999986
0
LINE
8
BLACK
6
CONTINUOUS
10
413.7999999999999545
20
-12.3999999999999986
11
414.8999999999999773
21
-12.3999999999999986
0
LINE
8
BLACK
6
CONTINUOUS
10
415.2999999999999545
20
-12.3999999999999986
11
416.3999999999999773
21
-12.3999999999999986
0
LINE
8
BLACK
6
CONTINUOUS
10
416.7999999999999545
20
-12.3999999999999986
11
417.7999999999999545
21
-12.3999999999999986
0
LINE
8
BLACK
6
CONTINUOUS
10
194.7999999999999829
20
-12.3999999999999986
11
194.7999999999999829
21
-11.2999999999999989
0
LINE
8
BLACK
6
CONTINUOUS
10
406.0827299999999696
20
-193.2102509999999995
11
406.527232999999967
21
-193.6547850000000039
0
LINE
8
BLACK
6
CONTINUOUS
10
417.2999999999999545
20
-155.2999999999999829
11
417.2999999999999545
21
-152.7999999999999829
0
LINE
8
BLACK
6
CONTINUOUS
10
334.8000000000000114
20
-194.5
11
334.8000000000000114
21
-193.3999999999999773
0
LINE
8
BLACK
6
CONTINUOUS
10
417.7999999999999545
20
-184.5
11
417.7999999999999545
21
-193.
0
LINE
8
BLACK
6
CONTINUOUS
10
298.4307450000000017
20
-193.0197509999999852
11
298.4307450000000017
21
-193.1467509999999947
0
LINE
8
BLACK
6
CONTINUOUS
10
460.0499999999999545
20
-160.7999999999999829
11
460.0499999999999545
21
-159.6999999999999886
0
LINE
8
BLACK
6
CONTINUOUS
10
460.0499999999999545
20
-159.2999999999999829
11
460.0499999999999545
21
-158.1999999999999886
0
LINE
8
BLACK
6
CONTINUOUS
10
460.0499999999999545
20
-157.7999999999999829
11
460.0499999999999545
21
-156.6999999999999886
0
LINE
8
BLACK
6
CONTINUOUS
10
460.0499999999999545
20
-156.2999999999999829
11
460.0499999999999545
21
-155.1999999999999886
0
LINE
8
BLACK
6
CONTINUOUS
10
460.0499999999999545
20
-154.7999999999999829
11
460.0499999999999545
21
-153.6999999999999886
0
LINE
8
BLACK
6
CONTINUOUS
10
460.0499999999999545
20
-153.2999999999999829
11
460.0499999999999545
21
-152.1999999999999886
0
LINE
8
BLACK
6
CONTINUOUS
10
460.0499999999999545
20
-151.7999999999999829
11
460.0499999999999545
21
-150.6999999999999886
0
LINE
8
BLACK
6
CONTINUOUS
10
460.0499999999999545
20
-150.2999999999999829
11
460.0499999999999545
21
-149.1999999999999886
0
LINE
8
BLACK
6
CONTINUOUS
10
460.0499999999999545
20
-148.7999999999999829
11
460.0499999999999545
21
-147.6999999999999886
0
LINE
8
BLACK
6
CONTINUOUS
10
460.0499999999999545
20
-147.2999999999999829
11
460.0499999999999545
21
-146.1999999999999886
0
LINE
8
BLACK
6
CONTINUOUS
10
460.0499999999999545
20
-145.7999999999999829
11
460.0499999999999545
21
-144.6999999999999886
0
LINE
8
BLACK
6
CONTINUOUS
10
460.0499999999999545
20
-144.2999999999999829
11
460.0499999999999545
21
-143.1999999999999886
0
LINE
8
BLACK
6
CONTINUOUS
10
460.0499999999999545
20
-142.7999999999999829
11
460.0499999999999545
21
-141.6999999999999886
0
LINE
8
BLACK
6
CONTINUOUS
10
460.0499999999999545
20
-141.2999999999999829
11
460.0499999999999545
21
-140.1999999999999886
0
LINE
8
BLACK
6
CONTINUOUS
10
460.0499999999999545
20
-139.7999999999999829
11
460.0499999999999545
21
-138.6999999999999886
0
LINE
8
BLACK
6
CONTINUOUS
10
460.0499999999999545
20
-138.2999999999999829
11
460.0499999999999545
21
-137.1999999999999886
0
LINE
8
BLACK
6
CONTINUOUS
10
460.0499999999999545
20
-136.7999999999999829
11
460.0499999999999545
21
-135.6999999999999886
0
LINE
8
BLACK
6
CONTINUOUS
10
460.0499999999999545
20
-135.2999999999999829
11
460.0499999999999545
21
-134.1999999999999886
0
LINE
8
BLACK
6
CONTINUOUS
10
460.0499999999999545
20
-133.7999999999999829
11
460.0499999999999545
21
-132.6999999999999886
0
LINE
8
BLACK
6
CONTINUOUS
10
460.0499999999999545
20
-132.2999999999999829
11
460.0499999999999545
21
-131.1999999999999886
0
LINE
8
BLACK
6
CONTINUOUS
10
460.0499999999999545
20
-130.7999999999999829
11
460.0499999999999545
21
-129.6999999999999886
0
LINE
8
BLACK
6
CONTINUOUS
10
460.0499999999999545
20
-129.2999999999999829
11
460.0499999999999545
21
-128.1999999999999886
0
LINE
8
BLACK
6
CONTINUOUS
10
460.0499999999999545
20
-127.7999999999999972
11
460.0499999999999545
21
-126.6999999999999886
0
LINE
8
BLACK
6
CONTINUOUS
10
460.0499999999999545
20
-126.2999999999999972
11
460.0499999999999545
21
-125.1999999999999886
0
LINE
8
BLACK
6
CONTINUOUS
10
460.0499999999999545
20
-124.7999999999999972
11
460.0499999999999545
21
-123.6999999999999886
0
LINE
8
BLACK
6
CONTINUOUS
10
460.0499999999999545
20
-123.2999999999999972
11
460.0499999999999545
21
-122.1999999999999886
0
LINE
8
BLACK
6
CONTINUOUS
10
460.0499999999999545
20
-121.7999999999999972
11
460.0499999999999545
21
-120.6999999999999886
0
LINE
8
BLACK
6
CONTINUOUS
10
460.0499999999999545
20
-120.2999999999999972
11
460.0499999999999545
21
-119.1999999999999886
0
LINE
8
BLACK
6
CONTINUOUS
10
460.0499999999999545
20
-118.7999999999999972
11
460.0499999999999545
21
-117.6999999999999886
0
LINE
8
BLACK
6
CONTINUOUS
10
460.0499999999999545
20
-117.2999999999999972
11
460.0499999999999545
21
-116.1999999999999886
0
LINE
8
BLACK
6
CONTINUOUS
10
460.0499999999999545
20
-115.7999999999999972
11
460.0499999999999545
21
-114.6999999999999886
0
LINE
8
BLACK
6
CONTINUOUS
10
460.0499999999999545
20
-114.2999999999999972
11
460.0499999999999545
21
-113.1999999999999886
0
LINE
8
BLACK
6
CONTINUOUS
10
460.0499999999999545
20
-112.7999999999999972
11
460.0499999999999545
21
-111.6999999999999886
0
LINE
8
BLACK
6
CONTINUOUS
10
460.0499999999999545
20
-111.2999999999999972
11
460.0499999999999545
21
-110.1999999999999886
0
LINE
8
BLACK
6
CONTINUOUS
10
460.0499999999999545
20
-109.7999999999999972
11
460.0499999999999545
21
-108.6999999999999886
0
LINE
8
BLACK
6
CONTINUOUS
10
460.0499999999999545
20
-108.2999999999999972
11
460.0499999999999545
21
-107.1999999999999886
0
LINE
8
BLACK
6
CONTINUOUS
10
460.0499999999999545
20
-106.7999999999999972
11
460.0499999999999545
21
-105.6999999999999886
0
LINE
8
BLACK
6
CONTINUOUS
10
460.0499999999999545
20
-105.2999999999999972
11
460.0499999999999545
21
-104.1999999999999886
0
LINE
8
BLACK
6
CONTINUOUS
10
460.0499999999999545
20
-103.7999999999999972
11
460.0499999999999545
21
-102.6999999999999886
0
LINE
8
BLACK
6
CONTINUOUS
10
460.0499999999999545
20
-102.2999999999999972
11
460.0499999999999545
21
-101.1999999999999886
0
LINE
8
BLACK
6
CONTINUOUS
10
460.0499999999999545
20
-100.7999999999999972
11
460.0499999999999545
21
-99.6999999999999886
0
LINE
8
BLACK
6
CONTINUOUS
10
460.0499999999999545
20
-99.2999999999999972
11
460.0499999999999545
21
-98.1999999999999886
0
LINE
8
BLACK
6
CONTINUOUS
10
460.0499999999999545
20
-97.7999999999999972
11
460.0499999999999545
21
-96.6999999999999886
0
LINE
8
BLACK
6
CONTINUOUS
10
460.0499999999999545
20
-96.2999999999999972
11
460.0499999999999545
21
-95.1999999999999886
0
LINE
8
BLACK
6
CONTINUOUS
10
460.0499999999999545
20
-94.7999999999999972
11
460.0499999999999545
21
-93.7000000000000028
0
LINE
8
BLACK
6
CONTINUOUS
10
460.0499999999999545
20
-93.2999999999999972
11
460.0499999999999545
21
-92.2000000000000028
0
LINE
8
BLACK
6
CONTINUOUS
10
460.0499999999999545
20
-91.7999999999999972
11
460.0499999999999545
21
-90.7000000000000028
0
LINE
8
BLACK
6
CONTINUOUS
10
460.0499999999999545
20
-90.2999999999999972
11
460.0499999999999545
21
-89.2000000000000028
0
LINE
8
BLACK
6
CONTINUOUS
10
460.0499999999999545
20
-88.7999999999999972
11
460.0499999999999545
21
-87.7000000000000028
0
LINE
8
BLACK
6
CONTINUOUS
10
460.0499999999999545
20
-87.2999999999999972
11
460.0499999999999545
21
-86.2000000000000028
0
LINE
8
BLACK
6
CONTINUOUS
10
460.0499999999999545
20
-85.7999999999999972
11
460.0499999999999545
21
-84.7000000000000028
0
LINE
8
BLACK
6
CONTINUOUS
10
460.0499999999999545
20
-84.2999999999999972
11
460.0499999999999545
21
-83.2000000000000028
0
LINE
8
BLACK
6
CONTINUOUS
10
460.0499999999999545
20
-82.7999999999999972
11
460.0499999999999545
21
-81.7000000000000028
0
LINE
8
BLACK
6
CONTINUOUS
10
460.0499999999999545
20
-81.2999999999999972
11
460.0499999999999545
21
-80.2000000000000028
0
LINE
8
BLACK
6
CONTINUOUS
10
460.0499999999999545
20
-79.7999999999999972
11
460.0499999999999545
21
-78.7000000000000028
0
LINE
8
BLACK
6
CONTINUOUS
10
460.0499999999999545
20
-78.2999999999999972
11
460.0499999999999545
21
-77.2000000000000028
0
LINE
8
BLACK
6
CONTINUOUS
10
460.0499999999999545
20
-76.7999999999999972
11
460.0499999999999545
21
-75.7000000000000028
0
LINE
8
BLACK
6
CONTINUOUS
10
460.0499999999999545
20
-75.2999999999999972
11
460.0499999999999545
21
-74.2000000000000028
0
LINE
8
BLACK
6
CONTINUOUS
10
460.0499999999999545
20
-73.7999999999999972
11
460.0499999999999545
21
-72.7000000000000028
0
LINE
8
BLACK
6
CONTINUOUS
10
460.0499999999999545
20
-72.2999999999999972
11
460.0499999999999545
21
-71.2000000000000028
0
LINE
8
BLACK
6
CONTINUOUS
10
460.0499999999999545
20
-70.7999999999999972
11
460.0499999999999545
21
-69.7000000000000028
0
LINE
8
BLACK
6
CONTINUOUS
10
460.0499999999999545
20
-69.2999999999999972
11
460.0499999999999545
21
-68.2000000000000028
0
LINE
8
BLACK
6
CONTINUOUS
10
460.0499999999999545
20
-67.7999999999999972
11
460.0499999999999545
21
-66.7000000000000028
0
LINE
8
BLACK
6
CONTINUOUS
10
460.0499999999999545
20
-66.2999999999999972
11
460.0499999999999545
21
-65.2000000000000028
0
LINE
8
BLACK
6
CONTINUOUS
10
460.0499999999999545
20
-64.7999999999999972
11
460.0499999999999545
21
-63.6999999999999957
0
LINE
8
BLACK
6
CONTINUOUS
10
460.0499999999999545
20
-63.2999999999999972
11
460.0499999999999545
21
-62.1999999999999957
0
LINE
8
BLACK
6
CONTINUOUS
10
460.0499999999999545
20
-61.7999999999999972
11
460.0499999999999545
21
-60.6999999999999957
0
LINE
8
BLACK
6
CONTINUOUS
10
460.0499999999999545
20
-60.2999999999999972
11
460.0499999999999545
21
-59.1999999999999957
0
LINE
8
BLACK
6
CONTINUOUS
10
460.0499999999999545
20
-58.7999999999999972
11
460.0499999999999545
21
-57.6999999999999957
0
LINE
8
BLACK
6
CONTINUOUS
10
460.0499999999999545
20
-57.2999999999999972
11
460.0499999999999545
21
-56.1999999999999957
0
LINE
8
BLACK
6
CONTINUOUS
10
460.0499999999999545
20
-55.7999999999999972
11
460.0499999999999545
21
-54.6999999999999957
0
LINE
8
BLACK
6
CONTINUOUS
10
460.0499999999999545
20
-54.2999999999999972
11
460.0499999999999545
21
-53.7999999999999972
0
LINE
8
BLACK
6
CONTINUOUS
10
423.2999999999999545
20
-192.5
11
423.2999249999999734
21
-192.5174519999999916
0
LINE
8
BLACK
6
CONTINUOUS
10
423.2999249999999734
20
-192.5174519999999916
11
423.2996969999999806
21
-192.5349029999999857
0
LINE
8
BLACK
6
CONTINUOUS
10
423.2996969999999806
20
-192.5349029999999857
11
423.2993169999999736
21
-192.5523509999999874
0
LINE
8
BLACK
6
CONTINUOUS
10
423.2993169999999736
20
-192.5523509999999874
11
423.2987849999999526
21
-192.5697959999999966
0
LINE
8
BLACK
6
CONTINUOUS
10
423.2987849999999526
20
-192.5697959999999966
11
423.2981009999999742
21
-192.5872349999999926
0
LINE
8
BLACK
6
CONTINUOUS
10
423.2981009999999742
20
-192.5872349999999926
11
423.2972639999999842
21
-192.6046669999999779
0
LINE
8
BLACK
6
CONTINUOUS
10
423.2972639999999842
20
-192.6046669999999779
11
423.2962759999999776
21
-192.6220909999999833
0
LINE
8
BLACK
6
CONTINUOUS
10
423.2962759999999776
20
-192.6220909999999833
11
423.2951349999999593
21
-192.639505999999983
0
LINE
8
BLACK
6
CONTINUOUS
10
423.2951349999999593
20
-192.639505999999983
11
423.2938429999999812
21
-192.6569109999999796
0
LINE
8
BLACK
6
CONTINUOUS
10
423.2938429999999812
20
-192.6569109999999796
11
423.2923979999999915
21
-192.6743029999999806
0
LINE
8
BLACK
6
CONTINUOUS
10
423.2923979999999915
20
-192.6743029999999806
11
423.2908019999999851
21
-192.6916819999999859
0
LINE
8
BLACK
6
CONTINUOUS
10
423.2908019999999851
20
-192.6916819999999859
11
423.2890549999999621
21
-192.7090469999999982
0
LINE
8
BLACK
6
CONTINUOUS
10
423.2890549999999621
20
-192.7090469999999982
11
423.2871559999999818
21
-192.726395999999994
0
LINE
8
BLACK
6
CONTINUOUS
10
423.2871559999999818
20
-192.726395999999994
11
423.2851049999999873
21
-192.7437269999999785
0
LINE
8
BLACK
6
CONTINUOUS
10
423.2851049999999873
20
-192.7437269999999785
11
423.2829039999999736
21
-192.76103999999998
0
LINE
8
BLACK
6
CONTINUOUS
10
423.2829039999999736
20
-192.76103999999998
11
423.2805510000000027
21
-192.7783330000000035
0
LINE
8
BLACK
6
CONTINUOUS
10
423.2805510000000027
20
-192.7783330000000035
11
423.2780479999999557
21
-192.7956049999999948
0
LINE
8
BLACK
6
CONTINUOUS
10
423.2780479999999557
20
-192.7956049999999948
11
423.2753940000000057
21
-192.8128549999999848
0
LINE
8
BLACK
6
CONTINUOUS
10
423.2753940000000057
20
-192.8128549999999848
11
423.2725889999999822
21
-192.8300799999999811
0
LINE
8
BLACK
6
CONTINUOUS
10
423.2725889999999822
20
-192.8300799999999811
11
423.2696339999999964
21
-192.8472809999999811
0
LINE
8
BLACK
6
CONTINUOUS
10
423.2696339999999964
20
-192.8472809999999811
11
423.2665299999999888
21
-192.8644549999999924
0
LINE
8
BLACK
6
CONTINUOUS
10
423.2665299999999888
20
-192.8644549999999924
11
423.2632749999999646
21
-192.8816009999999892
0
LINE
8
BLACK
6
CONTINUOUS
10
423.2632749999999646
20
-192.8816009999999892
11
423.2598709999999755
21
-192.8987180000000023
0
LINE
8
BLACK
6
CONTINUOUS
10
423.2598709999999755
20
-192.8987180000000023
11
423.2563179999999647
21
-192.9158049999999776
0
LINE
8
BLACK
6
CONTINUOUS
10
423.2563179999999647
20
-192.9158049999999776
11
423.2526159999999891
21
-192.9328600000000051
0
LINE
8
BLACK
6
CONTINUOUS
10
423.2526159999999891
20
-192.9328600000000051
11
423.2487649999999917
21
-192.9498820000000023
0
LINE
8
BLACK
6
CONTINUOUS
10
423.2487649999999917
20
-192.9498820000000023
11
423.2447659999999701
21
-192.9668700000000001
0
LINE
8
BLACK
6
CONTINUOUS
10
423.2447659999999701
20
-192.9668700000000001
11
423.240618999999981
21
-192.983823000000001
0
LINE
8
BLACK
6
CONTINUOUS
10
423.240618999999981
20
-192.983823000000001
11
423.2363239999999678
21
-193.0007379999999841
0
LINE
8
BLACK
6
CONTINUOUS
10
423.2363239999999678
20
-193.0007379999999841
11
423.2318809999999871
21
-193.0176160000000039
0
LINE
8
BLACK
6
CONTINUOUS
10
423.2318809999999871
20
-193.0176160000000039
11
423.2272909999999797
21
-193.0344539999999824
0
LINE
8
BLACK
6
CONTINUOUS
10
423.2272909999999797
20
-193.0344539999999824
11
423.2225549999999998
21
-193.0512509999999793
0
LINE
8
BLACK
6
CONTINUOUS
10
423.2225549999999998
20
-193.0512509999999793
11
423.2176719999999932
21
-193.0680059999999969
0
LINE
8
BLACK
6
CONTINUOUS
10
423.2176719999999932
20
-193.0680059999999969
11
423.2126429999999573
21
-193.0847189999999785
0
LINE
8
BLACK
6
CONTINUOUS
10
423.2126429999999573
20
-193.0847189999999785
11
423.2074690000000032
21
-193.1013859999999909
0
LINE
8
BLACK
6
CONTINUOUS
10
423.2074690000000032
20
-193.1013859999999909
11
423.2021489999999631
21
-193.1180080000000032
0
LINE
8
BLACK
6
CONTINUOUS
10
423.2021489999999631
20
-193.1180080000000032
11
423.1966840000000047
21
-193.1345829999999921
0
LINE
8
BLACK
6
CONTINUOUS
10
423.1966840000000047
20
-193.1345829999999921
11
423.1910749999999553
21
-193.1511089999999911
0
LINE
8
BLACK
6
CONTINUOUS
10
423.1910749999999553
20
-193.1511089999999911
11
423.1853219999999851
21
-193.167586
0
LINE
8
BLACK
6
CONTINUOUS
10
423.1853219999999851
20
-193.167586
11
423.1794249999999806
21
-193.1840119999999956
0
LINE
8
BLACK
6
CONTINUOUS
10
423.1794249999999806
20
-193.1840119999999956
11
423.1733859999999936
21
-193.2003859999999804
0
LINE
8
BLACK
6
CONTINUOUS
10
423.1733859999999936
20
-193.2003859999999804
11
423.1672029999999722
21
-193.2167069999999853
0
LINE
8
BLACK
6
CONTINUOUS
10
423.1672029999999722
20
-193.2167069999999853
11
423.1608789999999658
21
-193.232972999999987
0
LINE
8
BLACK
6
CONTINUOUS
10
423.1608789999999658
20
-193.232972999999987
11
423.1544119999999793
21
-193.2491829999999879
0
LINE
8
BLACK
6
CONTINUOUS
10
423.1544119999999793
20
-193.2491829999999879
11
423.1478050000000053
21
-193.2653359999999907
0
LINE
8
BLACK
6
CONTINUOUS
10
423.1478050000000053
20
-193.2653359999999907
11
423.1410569999999893
21
-193.2814309999999978
0
LINE
8
BLACK
6
CONTINUOUS
10
423.1410569999999893
20
-193.2814309999999978
11
423.1341679999999883
21
-193.2974669999999833
0
LINE
8
BLACK
6
CONTINUOUS
10
423.1341679999999883
20
-193.2974669999999833
11
423.1271399999999971
21
-193.3134409999999832
0
LINE
8
BLACK
6
CONTINUOUS
10
423.1271399999999971
20
-193.3134409999999832
11
423.119972999999959
21
-193.329353999999995
0
LINE
8
BLACK
6
CONTINUOUS
10
423.119972999999959
20
-193.329353999999995
11
423.1126669999999876
21
-193.3452039999999954
0
LINE
8
BLACK
6
CONTINUOUS
10
423.1126669999999876
20
-193.3452039999999954
11
423.1052229999999668
21
-193.3609889999999893
0
LINE
8
BLACK
6
CONTINUOUS
10
423.1052229999999668
20
-193.3609889999999893
11
423.0976420000000076
21
-193.3767090000000053
0
LINE
8
BLACK
6
CONTINUOUS
10
423.0976420000000076
20
-193.3767090000000053
11
423.0899239999999963
21
-193.3923619999999914
0
LINE
8
BLACK
6
CONTINUOUS
10
423.0899239999999963
20
-193.3923619999999914
11
423.08206899999999
21
-193.4079459999999813
0
LINE
8
BLACK
6
CONTINUOUS
10
423.08206899999999
20
-193.4079459999999813
11
423.0740789999999834
21
-193.4234620000000007
0
LINE
8
BLACK
6
CONTINUOUS
10
423.0740789999999834
20
-193.4234620000000007
11
423.0659539999999765
21
-193.4389079999999979
0
LINE
8
BLACK
6
CONTINUOUS
10
423.0659539999999765
20
-193.4389079999999979
11
423.0576939999999695
21
-193.4542819999999779
0
LINE
8
BLACK
6
CONTINUOUS
10
423.0576939999999695
20
-193.4542819999999779
11
423.0492999999999597
21
-193.4695830000000001
0
LINE
8
BLACK
6
CONTINUOUS
10
423.0492999999999597
20
-193.4695830000000001
11
423.040773999999999
21
-193.4848109999999792
0
LINE
8
BLACK
6
CONTINUOUS
10
423.040773999999999
20
-193.4848109999999792
11
423.0321139999999787
21
-193.4999629999999797
0
LINE
8
BLACK
6
CONTINUOUS
10
423.0321139999999787
20
-193.4999629999999797
11
423.0233230000000049
21
-193.5150399999999991
0
LINE
8
BLACK
6
CONTINUOUS
10
423.0233230000000049
20
-193.5150399999999991
11
423.0143999999999664
21
-193.5300389999999879
0
LINE
8
BLACK
6
CONTINUOUS
10
423.0143999999999664
20
-193.5300389999999879
11
423.005346999999972
21
-193.5449600000000032
0
LINE
8
BLACK
6
CONTINUOUS
10
423.005346999999972
20
-193.5449600000000032
11
423.0050870000000032
21
-193.5453839999999843
0
LINE
8
BLACK
6
CONTINUOUS
10
422.7634219999999914
20
-193.8632910000000038
11
422.7514699999999834
21
-193.8760089999999821
0
LINE
8
BLACK
6
CONTINUOUS
10
422.7514699999999834
20
-193.8760089999999821
11
422.739407999999969
21
-193.888621999999998
0
LINE
8
BLACK
6
CONTINUOUS
10
422.739407999999969
20
-193.888621999999998
11
422.7272360000000049
21
-193.9011289999999974
0
LINE
8
BLACK
6
CONTINUOUS
10
422.7272360000000049
20
-193.9011289999999974
11
422.7149559999999724
21
-193.9135299999999802
0
LINE
8
BLACK
6
CONTINUOUS
10
422.7149559999999724
20
-193.9135299999999802
11
422.7025669999999877
21
-193.9258229999999799
0
LINE
8
BLACK
6
CONTINUOUS
10
422.7025669999999877
20
-193.9258229999999799
11
422.6900719999999865
21
-193.9380069999999989
0
LINE
8
BLACK
6
CONTINUOUS
10
422.6900719999999865
20
-193.9380069999999989
11
422.6774709999999686
21
-193.9500819999999806
0
LINE
8
BLACK
6
CONTINUOUS
10
422.6774709999999686
20
-193.9500819999999806
11
422.664765999999986
21
-193.9620469999999841
0
LINE
8
BLACK
6
CONTINUOUS
10
422.664765999999986
20
-193.9620469999999841
11
422.6519559999999842
21
-193.9738999999999862
0
LINE
8
BLACK
6
CONTINUOUS
10
422.6519559999999842
20
-193.9738999999999862
11
422.6390429999999583
21
-193.9856409999999869
0
LINE
8
BLACK
6
CONTINUOUS
10
422.6390429999999583
20
-193.9856409999999869
11
422.62602899999996
21
-193.9972679999999912
0
LINE
8
BLACK
6
CONTINUOUS
10
422.62602899999996
20
-193.9972679999999912
11
422.6129129999999918
21
-194.0087819999999965
0
LINE
8
BLACK
6
CONTINUOUS
10
422.6129129999999918
20
-194.0087819999999965
11
422.5996979999999894
21
-194.0201809999999796
0
LINE
8
BLACK
6
CONTINUOUS
10
422.5996979999999894
20
-194.0201809999999796
11
422.5863829999999552
21
-194.0314639999999997
0
LINE
8
BLACK
6
CONTINUOUS
10
422.5863829999999552
20
-194.0314639999999997
11
422.5729709999999955
21
-194.0426310000000001
0
LINE
8
BLACK
6
CONTINUOUS
10
422.5729709999999955
20
-194.0426310000000001
11
422.5594609999999989
21
-194.0536799999999857
0
LINE
8
BLACK
6
CONTINUOUS
10
422.5594609999999989
20
-194.0536799999999857
11
422.5458559999999579
21
-194.0646099999999876
0
LINE
8
BLACK
6
CONTINUOUS
10
422.5458559999999579
20
-194.0646099999999876
11
422.5321559999999863
21
-194.0754220000000032
0
LINE
8
BLACK
6
CONTINUOUS
10
422.5321559999999863
20
-194.0754220000000032
11
422.5183619999999678
21
-194.0861129999999832
0
LINE
8
BLACK
6
CONTINUOUS
10
422.5183619999999678
20
-194.0861129999999832
11
422.5044749999999567
21
-194.096683999999982
0
LINE
8
BLACK
6
CONTINUOUS
10
422.5044749999999567
20
-194.096683999999982
11
422.4904960000000074
21
-194.1071330000000046
0
LINE
8
BLACK
6
CONTINUOUS
10
422.4904960000000074
20
-194.1071330000000046
11
422.476427000000001
21
-194.1174599999999941
0
LINE
8
BLACK
6
CONTINUOUS
10
422.476427000000001
20
-194.1174599999999941
11
422.4622679999999946
21
-194.1276639999999816
0
LINE
8
BLACK
6
CONTINUOUS
10
422.4622679999999946
20
-194.1276639999999816
11
422.4480209999999829
21
-194.1377439999999979
0
LINE
8
BLACK
6
CONTINUOUS
10
422.4480209999999829
20
-194.1377439999999979
11
422.4336869999999635
21
-194.1476989999999887
0
LINE
8
BLACK
6
CONTINUOUS
10
422.4336869999999635
20
-194.1476989999999887
11
422.4192659999999933
21
-194.157527999999985
0
LINE
8
BLACK
6
CONTINUOUS
10
422.4192659999999933
20
-194.157527999999985
11
422.4047589999999559
21
-194.1672319999999843
0
LINE
8
BLACK
6
CONTINUOUS
10
422.4047589999999559
20
-194.1672319999999843
11
422.3901689999999576
21
-194.1768079999999941
0
LINE
8
BLACK
6
CONTINUOUS
10
422.3901689999999576
20
-194.1768079999999941
11
422.3754959999999983
21
-194.1862569999999835
0
LINE
8
BLACK
6
CONTINUOUS
10
422.3754959999999983
20
-194.1862569999999835
11
422.3607399999999643
21
-194.1955769999999859
0
LINE
8
BLACK
6
CONTINUOUS
10
422.3607399999999643
20
-194.1955769999999859
11
422.3459039999999618
21
-194.2047680000000014
0
LINE
8
BLACK
6
CONTINUOUS
10
422.3459039999999618
20
-194.2047680000000014
11
422.3309889999999882
21
-194.213829000000004
0
LINE
8
BLACK
6
CONTINUOUS
10
422.3309889999999882
20
-194.213829000000004
11
422.3159939999999892
21
-194.2227599999999939
0
LINE
8
BLACK
6
CONTINUOUS
10
422.3159939999999892
20
-194.2227599999999939
11
422.3009229999999548
21
-194.2315600000000018
0
LINE
8
BLACK
6
CONTINUOUS
10
422.3009229999999548
20
-194.2315600000000018
11
422.285775000000001
21
-194.2402280000000019
0
LINE
8
BLACK
6
CONTINUOUS
10
422.285775000000001
20
-194.2402280000000019
11
422.2705520000000092
21
-194.2487629999999967
0
LINE
8
BLACK
6
CONTINUOUS
10
422.2705520000000092
20
-194.2487629999999967
11
422.2552559999999744
21
-194.2571649999999863
0
LINE
8
BLACK
6
CONTINUOUS
10
422.2552559999999744
20
-194.2571649999999863
11
422.2398859999999559
21
-194.2654330000000016
0
LINE
8
BLACK
6
CONTINUOUS
10
422.2398859999999559
20
-194.2654330000000016
11
422.2244450000000029
21
-194.2735669999999857
0
LINE
8
BLACK
6
CONTINUOUS
10
422.2244450000000029
20
-194.2735669999999857
11
422.2089339999999993
21
-194.281565999999998
0
LINE
8
BLACK
6
CONTINUOUS
10
422.2089339999999993
20
-194.281565999999998
11
422.1933530000000019
21
-194.2894289999999842
0
LINE
8
BLACK
6
CONTINUOUS
10
422.1933530000000019
20
-194.2894289999999842
11
422.1777040000000056
21
-194.2971560000000011
0
LINE
8
BLACK
6
CONTINUOUS
10
422.1777040000000056
20
-194.2971560000000011
11
422.1619890000000055
21
-194.3047459999999944
0
LINE
8
BLACK
6
CONTINUOUS
10
422.1619890000000055
20
-194.3047459999999944
11
422.1462080000000014
21
-194.3121989999999926
0
LINE
8
BLACK
6
CONTINUOUS
10
422.1462080000000014
20
-194.3121989999999926
11
422.130361999999991
21
-194.3195130000000006
0
LINE
8
BLACK
6
CONTINUOUS
10
422.130361999999991
20
-194.3195130000000006
11
422.1144529999999691
21
-194.3266889999999876
0
LINE
8
BLACK
6
CONTINUOUS
10
422.1144529999999691
20
-194.3266889999999876
11
422.0984829999999874
21
-194.3337259999999844
0
LINE
8
BLACK
6
CONTINUOUS
10
422.0984829999999874
20
-194.3337259999999844
11
422.0824509999999918
21
-194.3406239999999912
0
LINE
8
BLACK
6
CONTINUOUS
10
422.0824509999999918
20
-194.3406239999999912
11
422.0663599999999747
21
-194.3473809999999844
0
LINE
8
BLACK
6
CONTINUOUS
10
422.0663599999999747
20
-194.3473809999999844
11
422.0502099999999928
21
-194.3539969999999926
0
LINE
8
BLACK
6
CONTINUOUS
10
422.0502099999999928
20
-194.3539969999999926
11
422.0340039999999817
21
-194.3604719999999872
0
LINE
8
BLACK
6
CONTINUOUS
10
422.0340039999999817
20
-194.3604719999999872
11
422.0177410000000009
21
-194.3668059999999969
0
LINE
8
BLACK
6
CONTINUOUS
10
422.0177410000000009
20
-194.3668059999999969
11
422.0014239999999859
21
-194.372996999999998
0
LINE
8
BLACK
6
CONTINUOUS
10
422.0014239999999859
20
-194.372996999999998
11
421.9850529999999935
21
-194.3790459999999882
0
LINE
8
BLACK
6
CONTINUOUS
10
421.9850529999999935
20
-194.3790459999999882
11
421.9686309999999594
21
-194.3849519999999984
0
LINE
8
BLACK
6
CONTINUOUS
10
421.9686309999999594
20
-194.3849519999999984
11
421.9521569999999997
21
-194.3907140000000027
0
LINE
8
BLACK
6
CONTINUOUS
10
421.9521569999999997
20
-194.3907140000000027
11
421.9356339999999932
21
-194.396332000000001
0
LINE
8
BLACK
6
CONTINUOUS
10
421.9356339999999932
20
-194.396332000000001
11
421.9190619999999967
21
-194.4018059999999934
0
LINE
8
BLACK
6
CONTINUOUS
10
421.9190619999999967
20
-194.4018059999999934
11
421.9024430000000052
21
-194.4071349999999825
0
LINE
8
BLACK
6
CONTINUOUS
10
421.9024430000000052
20
-194.4071349999999825
11
421.8857779999999593
21
-194.4123189999999965
0
LINE
8
BLACK
6
CONTINUOUS
10
421.8857779999999593
20
-194.4123189999999965
11
421.8690689999999677
21
-194.4173569999999813
0
LINE
8
BLACK
6
CONTINUOUS
10
421.8690689999999677
20
-194.4173569999999813
11
421.8523159999999734
21
-194.4222489999999937
0
LINE
8
BLACK
6
CONTINUOUS
10
421.8523159999999734
20
-194.4222489999999937
11
421.8355209999999715
21
-194.4269950000000051
0
LINE
8
BLACK
6
CONTINUOUS
10
421.8355209999999715
20
-194.4269950000000051
11
421.8350419999999872
21
-194.427127999999982
0
LINE
8
BLACK
6
CONTINUOUS
10
421.4415169999999762
20
-194.4949939999999913
11
421.4241039999999998
21
-194.496151999999995
0
LINE
8
BLACK
6
CONTINUOUS
10
421.4241039999999998
20
-194.496151999999995
11
421.4066799999999944
21
-194.4971579999999847
0
LINE
8
BLACK
6
CONTINUOUS
10
421.4066799999999944
20
-194.4971579999999847
11
421.3892490000000066
21
-194.4980119999999886
0
LINE
8
BLACK
6
CONTINUOUS
10
421.3892490000000066
20
-194.4980119999999886
11
421.3718109999999797
21
-194.4987139999999783
0
LINE
8
BLACK
6
CONTINUOUS
10
421.3718109999999797
20
-194.4987139999999783
11
421.3543669999999679
21
-194.4992639999999824
0
LINE
8
BLACK
6
CONTINUOUS
10
421.3543669999999679
20
-194.4992639999999824
11
421.3369189999999662
21
-194.4996610000000032
0
LINE
8
BLACK
6
CONTINUOUS
10
421.3369189999999662
20
-194.4996610000000032
11
421.3194679999999721
21
-194.4999059999999815
0
LINE
8
BLACK
6
CONTINUOUS
10
421.3194679999999721
20
-194.4999059999999815
11
421.3020159999999805
21
-194.4999990000000025
0
LINE
8
BLACK
6
CONTINUOUS
10
421.3020159999999805
20
-194.4999990000000025
11
421.2999999999999545
21
-194.5
0
LINE
8
BLACK
6
CONTINUOUS
10
423.2999999999999545
20
-10.9000000000000004
11
171.2999999999999829
21
-10.9000000000000004
0
LINE
8
BLACK
6
CONTINUOUS
10
399.3999999999999773
20
-194.5
11
399.3999999999999773
21
-193.3999999999999773
0
LINE
8
BLACK
6
CONTINUOUS
10
402.7807449999999676
20
-12.1897489999999991
11
402.3362419999999702
21
-11.745215
0
LINE
8
BLACK
6
CONTINUOUS
10
316.8000000000000114
20
-10.9000000000000004
11
316.8000000000000114
21
-12.
0
LINE
8
BLACK
6
CONTINUOUS
10
423.2999999999999545
20
-10.9000000000000004
11
423.2999999999999545
21
-20.8999999999999986
0
CIRCLE
8
BLACK
10
404.2999999999999545
20
-143.2999999999999829
40
1.6499999999999999
0
ARC
8
BLACK
10
393.6034999999999968
20
-137.8965000000000032
40
5.8999900000068646
50
-0.00009711
51
90.00008740
0
LINE
8
BLACK
6
CONTINUOUS
10
460.0499999999999545
20
-53.7999999999999972
11
451.5499999999999545
21
-53.7999999999999972
0
LINE
8
BLACK
6
CONTINUOUS
10
298.4307450000000017
20
-12.3802489999999992
11
298.4307450000000017
21
-12.3167139999999993
0
CIRCLE
8
BLACK
10
300.0500000000000114
20
-146.6999999999999886
40
2.9499999999999997
0
LINE
8
BLACK
6
CONTINUOUS
10
301.7327300000000037
20
-12.1897489999999991
11
302.1772330000000011
21
-11.745215
0
LINE
8
BLACK
6
CONTINUOUS
10
176.7999999999999829
20
-164.7999999999999829
11
177.9000000000000057
21
-164.7999999999999829
0
LINE
8
BLACK
6
CONTINUOUS
10
178.2999999999999829
20
-164.7999999999999829
11
179.4000000000000057
21
-164.7999999999999829
0
LINE
8
BLACK
6
CONTINUOUS
10
179.7999999999999829
20
-164.7999999999999829
11
180.9000000000000057
21
-164.7999999999999829
0
LINE
8
BLACK
6
CONTINUOUS
10
181.2999999999999829
20
-164.7999999999999829
11
182.4000000000000057
21
-164.7999999999999829
0
LINE
8
BLACK
6
CONTINUOUS
10
182.7999999999999829
20
-164.7999999999999829
11
183.9000000000000057
21
-164.7999999999999829
0
LINE
8
BLACK
6
CONTINUOUS
10
184.2999999999999829
20
-164.7999999999999829
11
185.4000000000000057
21
-164.7999999999999829
0
LINE
8
BLACK
6
CONTINUOUS
10
185.7999999999999829
20
-164.7999999999999829
11
186.9000000000000057
21
-164.7999999999999829
0
LINE
8
BLACK
6
CONTINUOUS
10
187.2999999999999829
20
-164.7999999999999829
11
188.4000000000000057
21
-164.7999999999999829
0
LINE
8
BLACK
6
CONTINUOUS
10
188.7999999999999829
20
-164.7999999999999829
11
189.8999999999999773
21
-164.7999999999999829
0
LINE
8
BLACK
6
CONTINUOUS
10
190.2999999999999829
20
-164.7999999999999829
11
191.3999999999999773
21
-164.7999999999999829
0
LINE
8
BLACK
6
CONTINUOUS
10
191.7999999999999829
20
-164.7999999999999829
11
192.8999999999999773
21
-164.7999999999999829
0
LINE
8
BLACK
6
CONTINUOUS
10
193.2999999999999829
20
-164.7999999999999829
11
194.3999999999999773
21
-164.7999999999999829
0
LINE
8
BLACK
6
CONTINUOUS
10
194.7999999999999829
20
-164.7999999999999829
11
195.8999999999999773
21
-164.7999999999999829
0
LINE
8
BLACK
6
CONTINUOUS
10
196.2999999999999829
20
-164.7999999999999829
11
197.3999999999999773
21
-164.7999999999999829
0
LINE
8
BLACK
6
CONTINUOUS
10
197.7999999999999829
20
-164.7999999999999829
11
198.8999999999999773
21
-164.7999999999999829
0
LINE
8
BLACK
6
CONTINUOUS
10
199.2999999999999829
20
-164.7999999999999829
11
200.3999999999999773
21
-164.7999999999999829
0
LINE
8
BLACK
6
CONTINUOUS
10
200.7999999999999829
20
-164.7999999999999829
11
201.8999999999999773
21
-164.7999999999999829
0
LINE
8
BLACK
6
CONTINUOUS
10
202.2999999999999829
20
-164.7999999999999829
11
203.3999999999999773
21
-164.7999999999999829
0
LINE
8
BLACK
6
CONTINUOUS
10
203.7999999999999829
20
-164.7999999999999829
11
204.8999999999999773
21
-164.7999999999999829
0
LINE
8
BLACK
6
CONTINUOUS
10
205.2999999999999829
20
-164.7999999999999829
11
206.3999999999999773
21
-164.7999999999999829
0
LINE
8
BLACK
6
CONTINUOUS
10
206.7999999999999829
20
-164.7999999999999829
11
207.8999999999999773
21
-164.7999999999999829
0
LINE
8
BLACK
6
CONTINUOUS
10
208.2999999999999829
20
-164.7999999999999829
11
209.3999999999999773
21
-164.7999999999999829
0
LINE
8
BLACK
6
CONTINUOUS
10
209.7999999999999829
20
-164.7999999999999829
11
210.8999999999999773
21
-164.7999999999999829
0
LINE
8
BLACK
6
CONTINUOUS
10
211.2999999999999829
20
-164.7999999999999829
11
212.3999999999999773
21
-164.7999999999999829
0
LINE
8
BLACK
6
CONTINUOUS
10
212.7999999999999829
20
-164.7999999999999829
11
213.8999999999999773
21
-164.7999999999999829
0
LINE
8
BLACK
6
CONTINUOUS
10
214.2999999999999829
20
-164.7999999999999829
11
215.3999999999999773
21
-164.7999999999999829
0
LINE
8
BLACK
6
CONTINUOUS
10
215.7999999999999829
20
-164.7999999999999829
11
216.8999999999999773
21
-164.7999999999999829
0
LINE
8
BLACK
6
CONTINUOUS
10
217.2999999999999829
20
-164.7999999999999829
11
218.3999999999999773
21
-164.7999999999999829
0
LINE
8
BLACK
6
CONTINUOUS
10
218.7999999999999829
20
-164.7999999999999829
11
219.8999999999999773
21
-164.7999999999999829
0
LINE
8
BLACK
6
CONTINUOUS
10
220.2999999999999829
20
-164.7999999999999829
11
221.3999999999999773
21
-164.7999999999999829
0
LINE
8
BLACK
6
CONTINUOUS
10
221.7999999999999829
20
-164.7999999999999829
11
222.8999999999999773
21
-164.7999999999999829
0
LINE
8
BLACK
6
CONTINUOUS
10
223.2999999999999829
20
-164.7999999999999829
11
224.3999999999999773
21
-164.7999999999999829
0
LINE
8
BLACK
6
CONTINUOUS
10
224.7999999999999829
20
-164.7999999999999829
11
225.8999999999999773
21
-164.7999999999999829
0
LINE
8
BLACK
6
CONTINUOUS
10
226.2999999999999829
20
-164.7999999999999829
11
227.3999999999999773
21
-164.7999999999999829
0
LINE
8
BLACK
6
CONTINUOUS
10
227.7999999999999829
20
-164.7999999999999829
11
228.8999999999999773
21
-164.7999999999999829
0
LINE
8
BLACK
6
CONTINUOUS
10
229.2999999999999829
20
-164.7999999999999829
11
230.3999999999999773
21
-164.7999999999999829
0
LINE
8
BLACK
6
CONTINUOUS
10
230.7999999999999829
20
-164.7999999999999829
11
231.8999999999999773
21
-164.7999999999999829
0
LINE
8
BLACK
6
CONTINUOUS
10
232.2999999999999829
20
-164.7999999999999829
11
233.3999999999999773
21
-164.7999999999999829
0
LINE
8
BLACK
6
CONTINUOUS
10
233.7999999999999829
20
-164.7999999999999829
11
234.8999999999999773
21
-164.7999999999999829
0
LINE
8
BLACK
6
CONTINUOUS
10
235.2999999999999829
20
-164.7999999999999829
11
236.3999999999999773
21
-164.7999999999999829
0
LINE
8
BLACK
6
CONTINUOUS
10
236.7999999999999829
20
-164.7999999999999829
11
237.8999999999999773
21
-164.7999999999999829
0
LINE
8
BLACK
6
CONTINUOUS
10
238.2999999999999829
20
-164.7999999999999829
11
239.3999999999999773
21
-164.7999999999999829
0
LINE
8
BLACK
6
CONTINUOUS
10
239.7999999999999829
20
-164.7999999999999829
11
240.8999999999999773
21
-164.7999999999999829
0
LINE
8
BLACK
6
CONTINUOUS
10
241.2999999999999829
20
-164.7999999999999829
11
242.3999999999999773
21
-164.7999999999999829
0
LINE
8
BLACK
6
CONTINUOUS
10
242.7999999999999829
20
-164.7999999999999829
11
243.8999999999999773
21
-164.7999999999999829
0
LINE
8
BLACK
6
CONTINUOUS
10
244.2999999999999829
20
-164.7999999999999829
11
245.3999999999999773
21
-164.7999999999999829
0
LINE
8
BLACK
6
CONTINUOUS
10
245.7999999999999829
20
-164.7999999999999829
11
246.8999999999999773
21
-164.7999999999999829
0
LINE
8
BLACK
6
CONTINUOUS
10
247.2999999999999829
20
-164.7999999999999829
11
248.3999999999999773
21
-164.7999999999999829
0
LINE
8
BLACK
6
CONTINUOUS
10
248.7999999999999829
20
-164.7999999999999829
11
249.8999999999999773
21
-164.7999999999999829
0
LINE
8
BLACK
6
CONTINUOUS
10
250.2999999999999829
20
-164.7999999999999829
11
251.3999999999999773
21
-164.7999999999999829
0
LINE
8
BLACK
6
CONTINUOUS
10
251.7999999999999829
20
-164.7999999999999829
11
252.8999999999999773
21
-164.7999999999999829
0
LINE
8
BLACK
6
CONTINUOUS
10
253.2999999999999829
20
-164.7999999999999829
11
254.3999999999999773
21
-164.7999999999999829
0
LINE
8
BLACK
6
CONTINUOUS
10
254.7999999999999829
20
-164.7999999999999829
11
255.8999999999999773
21
-164.7999999999999829
0
LINE
8
BLACK
6
CONTINUOUS
10
256.3000000000000114
20
-164.7999999999999829
11
257.3999999999999773
21
-164.7999999999999829
0
LINE
8
BLACK
6
CONTINUOUS
10
257.8000000000000114
20
-164.7999999999999829
11
258.8999999999999773
21
-164.7999999999999829
0
LINE
8
BLACK
6
CONTINUOUS
10
259.3000000000000114
20
-164.7999999999999829
11
260.3999999999999773
21
-164.7999999999999829
0
LINE
8
BLACK
6
CONTINUOUS
10
260.8000000000000114
20
-164.7999999999999829
11
261.8999999999999773
21
-164.7999999999999829
0
LINE
8
BLACK
6
CONTINUOUS
10
262.3000000000000114
20
-164.7999999999999829
11
263.3999999999999773
21
-164.7999999999999829
0
LINE
8
BLACK
6
CONTINUOUS
10
263.8000000000000114
20
-164.7999999999999829
11
264.8999999999999773
21
-164.7999999999999829
0
LINE
8
BLACK
6
CONTINUOUS
10
265.3000000000000114
20
-164.7999999999999829
11
266.3999999999999773
21
-164.7999999999999829
0
LINE
8
BLACK
6
CONTINUOUS
10
266.8000000000000114
20
-164.7999999999999829
11
267.8999999999999773
21
-164.7999999999999829
0
LINE
8
BLACK
6
CONTINUOUS
10
268.3000000000000114
20
-164.7999999999999829
11
269.3999999999999773
21
-164.7999999999999829
0
LINE
8
BLACK
6
CONTINUOUS
10
269.8000000000000114
20
-164.7999999999999829
11
270.8999999999999773
21
-164.7999999999999829
0
LINE
8
BLACK
6
CONTINUOUS
10
271.3000000000000114
20
-164.7999999999999829
11
272.3999999999999773
21
-164.7999999999999829
0
LINE
8
BLACK
6
CONTINUOUS
10
272.8000000000000114
20
-164.7999999999999829
11
273.8999999999999773
21
-164.7999999999999829
0
LINE
8
BLACK
6
CONTINUOUS
10
274.3000000000000114
20
-164.7999999999999829
11
275.3999999999999773
21
-164.7999999999999829
0
LINE
8
BLACK
6
CONTINUOUS
10
275.8000000000000114
20
-164.7999999999999829
11
276.8999999999999773
21
-164.7999999999999829
0
LINE
8
BLACK
6
CONTINUOUS
10
277.3000000000000114
20
-164.7999999999999829
11
278.3999999999999773
21
-164.7999999999999829
0
LINE
8
BLACK
6
CONTINUOUS
10
278.8000000000000114
20
-164.7999999999999829
11
279.8999999999999773
21
-164.7999999999999829
0
LINE
8
BLACK
6
CONTINUOUS
10
280.3000000000000114
20
-164.7999999999999829
11
281.3999999999999773
21
-164.7999999999999829
0
LINE
8
BLACK
6
CONTINUOUS
10
281.8000000000000114
20
-164.7999999999999829
11
282.8999999999999773
21
-164.7999999999999829
0
LINE
8
BLACK
6
CONTINUOUS
10
283.3000000000000114
20
-164.7999999999999829
11
284.3999999999999773
21
-164.7999999999999829
0
LINE
8
BLACK
6
CONTINUOUS
10
284.8000000000000114
20
-164.7999999999999829
11
285.8999999999999773
21
-164.7999999999999829
0
LINE
8
BLACK
6
CONTINUOUS
10
286.3000000000000114
20
-164.7999999999999829
11
287.3999999999999773
21
-164.7999999999999829
0
LINE
8
BLACK
6
CONTINUOUS
10
287.8000000000000114
20
-164.7999999999999829
11
288.8999999999999773
21
-164.7999999999999829
0
LINE
8
BLACK
6
CONTINUOUS
10
289.3000000000000114
20
-164.7999999999999829
11
290.3999999999999773
21
-164.7999999999999829
0
LINE
8
BLACK
6
CONTINUOUS
10
290.8000000000000114
20
-164.7999999999999829
11
291.8999999999999773
21
-164.7999999999999829
0
LINE
8
BLACK
6
CONTINUOUS
10
292.3000000000000114
20
-164.7999999999999829
11
293.3999999999999773
21
-164.7999999999999829
0
LINE
8
BLACK
6
CONTINUOUS
10
293.8000000000000114
20
-164.7999999999999829
11
294.8999999999999773
21
-164.7999999999999829
0
LINE
8
BLACK
6
CONTINUOUS
10
295.3000000000000114
20
-164.7999999999999829
11
296.3999999999999773
21
-164.7999999999999829
0
LINE
8
BLACK
6
CONTINUOUS
10
296.8000000000000114
20
-164.7999999999999829
11
297.8999999999999773
21
-164.7999999999999829
0
LINE
8
BLACK
6
CONTINUOUS
10
298.3000000000000114
20
-164.7999999999999829
11
299.3999999999999773
21
-164.7999999999999829
0
LINE
8
BLACK
6
CONTINUOUS
10
299.8000000000000114
20
-164.7999999999999829
11
300.8999999999999773
21
-164.7999999999999829
0
LINE
8
BLACK
6
CONTINUOUS
10
301.3000000000000114
20
-164.7999999999999829
11
302.3999999999999773
21
-164.7999999999999829
0
LINE
8
BLACK
6
CONTINUOUS
10
302.8000000000000114
20
-164.7999999999999829
11
303.8999999999999773
21
-164.7999999999999829
0
LINE
8
BLACK
6
CONTINUOUS
10
304.3000000000000114
20
-164.7999999999999829
11
305.3999999999999773
21
-164.7999999999999829
0
LINE
8
BLACK
6
CONTINUOUS
10
305.8000000000000114
20
-164.7999999999999829
11
306.8999999999999773
21
-164.7999999999999829
0
LINE
8
BLACK
6
CONTINUOUS
10
307.3000000000000114
20
-164.7999999999999829
11
308.3999999999999773
21
-164.7999999999999829
0
LINE
8
BLACK
6
CONTINUOUS
10
308.8000000000000114
20
-164.7999999999999829
11
309.8999999999999773
21
-164.7999999999999829
0
LINE
8
BLACK
6
CONTINUOUS
10
310.3000000000000114
20
-164.7999999999999829
11
311.3999999999999773
21
-164.7999999999999829
0
LINE
8
BLACK
6
CONTINUOUS
10
311.8000000000000114
20
-164.7999999999999829
11
312.8999999999999773
21
-164.7999999999999829
0
LINE
8
BLACK
6
CONTINUOUS
10
313.3000000000000114
20
-164.7999999999999829
11
314.3999999999999773
21
-164.7999999999999829
0
LINE
8
BLACK
6
CONTINUOUS
10
314.8000000000000114
20
-164.7999999999999829
11
315.8999999999999773
21
-164.7999999999999829
0
LINE
8
BLACK
6
CONTINUOUS
10
316.3000000000000114
20
-164.7999999999999829
11
317.3999999999999773
21
-164.7999999999999829
0
LINE
8
BLACK
6
CONTINUOUS
10
317.8000000000000114
20
-164.7999999999999829
11
318.8999999999999773
21
-164.7999999999999829
0
LINE
8
BLACK
6
CONTINUOUS
10
319.3000000000000114
20
-164.7999999999999829
11
320.3999999999999773
21
-164.7999999999999829
0
LINE
8
BLACK
6
CONTINUOUS
10
320.8000000000000114
20
-164.7999999999999829
11
321.8999999999999773
21
-164.7999999999999829
0
LINE
8
BLACK
6
CONTINUOUS
10
322.3000000000000114
20
-164.7999999999999829
11
323.3999999999999773
21
-164.7999999999999829
0
LINE
8
BLACK
6
CONTINUOUS
10
323.8000000000000114
20
-164.7999999999999829
11
324.8999999999999773
21
-164.7999999999999829
0
LINE
8
BLACK
6
CONTINUOUS
10
325.3000000000000114
20
-164.7999999999999829
11
326.3999999999999773
21
-164.7999999999999829
0
LINE
8
BLACK
6
CONTINUOUS
10
326.8000000000000114
20
-164.7999999999999829
11
327.8999999999999773
21
-164.7999999999999829
0
LINE
8
BLACK
6
CONTINUOUS
10
328.3000000000000114
20
-164.7999999999999829
11
329.3999999999999773
21
-164.7999999999999829
0
LINE
8
BLACK
6
CONTINUOUS
10
329.8000000000000114
20
-164.7999999999999829
11
330.8999999999999773
21
-164.7999999999999829
0
LINE
8
BLACK
6
CONTINUOUS
10
331.3000000000000114
20
-164.7999999999999829
11
332.3999999999999773
21
-164.7999999999999829
0
LINE
8
BLACK
6
CONTINUOUS
10
332.8000000000000114
20
-164.7999999999999829
11
333.8999999999999773
21
-164.7999999999999829
0
LINE
8
BLACK
6
CONTINUOUS
10
334.3000000000000114
20
-164.7999999999999829
11
335.3999999999999773
21
-164.7999999999999829
0
LINE
8
BLACK
6
CONTINUOUS
10
335.8000000000000114
20
-164.7999999999999829
11
336.8999999999999773
21
-164.7999999999999829
0
LINE
8
BLACK
6
CONTINUOUS
10
337.3000000000000114
20
-164.7999999999999829
11
338.3999999999999773
21
-164.7999999999999829
0
LINE
8
BLACK
6
CONTINUOUS
10
338.8000000000000114
20
-164.7999999999999829
11
339.8999999999999773
21
-164.7999999999999829
0
LINE
8
BLACK
6
CONTINUOUS
10
340.3000000000000114
20
-164.7999999999999829
11
341.3999999999999773
21
-164.7999999999999829
0
LINE
8
BLACK
6
CONTINUOUS
10
341.8000000000000114
20
-164.7999999999999829
11
342.8999999999999773
21
-164.7999999999999829
0
LINE
8
BLACK
6
CONTINUOUS
10
343.3000000000000114
20
-164.7999999999999829
11
344.3999999999999773
21
-164.7999999999999829
0
LINE
8
BLACK
6
CONTINUOUS
10
344.8000000000000114
20
-164.7999999999999829
11
345.8999999999999773
21
-164.7999999999999829
0
LINE
8
BLACK
6
CONTINUOUS
10
346.3000000000000114
20
-164.7999999999999829
11
347.3999999999999773
21
-164.7999999999999829
0
LINE
8
BLACK
6
CONTINUOUS
10
347.8000000000000114
20
-164.7999999999999829
11
348.8999999999999773
21
-164.7999999999999829
0
LINE
8
BLACK
6
CONTINUOUS
10
349.3000000000000114
20
-164.7999999999999829
11
350.3999999999999773
21
-164.7999999999999829
0
LINE
8
BLACK
6
CONTINUOUS
10
350.8000000000000114
20
-164.7999999999999829
11
351.8999999999999773
21
-164.7999999999999829
0
LINE
8
BLACK
6
CONTINUOUS
10
352.3000000000000114
20
-164.7999999999999829
11
353.3999999999999773
21
-164.7999999999999829
0
LINE
8
BLACK
6
CONTINUOUS
10
353.8000000000000114
20
-164.7999999999999829
11
354.8999999999999773
21
-164.7999999999999829
0
LINE
8
BLACK
6
CONTINUOUS
10
355.3000000000000114
20
-164.7999999999999829
11
356.3999999999999773
21
-164.7999999999999829
0
LINE
8
BLACK
6
CONTINUOUS
10
356.8000000000000114
20
-164.7999999999999829
11
357.8999999999999773
21
-164.7999999999999829
0
LINE
8
BLACK
6
CONTINUOUS
10
358.3000000000000114
20
-164.7999999999999829
11
359.3999999999999773
21
-164.7999999999999829
0
LINE
8
BLACK
6
CONTINUOUS
10
359.8000000000000114
20
-164.7999999999999829
11
360.8999999999999773
21
-164.7999999999999829
0
LINE
8
BLACK
6
CONTINUOUS
10
361.3000000000000114
20
-164.7999999999999829
11
362.3999999999999773
21
-164.7999999999999829
0
LINE
8
BLACK
6
CONTINUOUS
10
362.8000000000000114
20
-164.7999999999999829
11
363.8999999999999773
21
-164.7999999999999829
0
LINE
8
BLACK
6
CONTINUOUS
10
364.3000000000000114
20
-164.7999999999999829
11
365.3999999999999773
21
-164.7999999999999829
0
LINE
8
BLACK
6
CONTINUOUS
10
365.8000000000000114
20
-164.7999999999999829
11
366.8999999999999773
21
-164.7999999999999829
0
LINE
8
BLACK
6
CONTINUOUS
10
367.3000000000000114
20
-164.7999999999999829
11
368.3999999999999773
21
-164.7999999999999829
0
LINE
8
BLACK
6
CONTINUOUS
10
368.8000000000000114
20
-164.7999999999999829
11
369.8999999999999773
21
-164.7999999999999829
0
LINE
8
BLACK
6
CONTINUOUS
10
370.3000000000000114
20
-164.7999999999999829
11
371.3999999999999773
21
-164.7999999999999829
0
LINE
8
BLACK
6
CONTINUOUS
10
371.8000000000000114
20
-164.7999999999999829
11
372.8999999999999773
21
-164.7999999999999829
0
LINE
8
BLACK
6
CONTINUOUS
10
373.3000000000000114
20
-164.7999999999999829
11
374.3999999999999773
21
-164.7999999999999829
0
LINE
8
BLACK
6
CONTINUOUS
10
374.8000000000000114
20
-164.7999999999999829
11
375.8999999999999773
21
-164.7999999999999829
0
LINE
8
BLACK
6
CONTINUOUS
10
376.3000000000000114
20
-164.7999999999999829
11
377.3999999999999773
21
-164.7999999999999829
0
LINE
8
BLACK
6
CONTINUOUS
10
377.7999999999999545
20
-164.7999999999999829
11
378.8999999999999773
21
-164.7999999999999829
0
LINE
8
BLACK
6
CONTINUOUS
10
379.2999999999999545
20
-164.7999999999999829
11
380.3999999999999773
21
-164.7999999999999829
0
LINE
8
BLACK
6
CONTINUOUS
10
380.7999999999999545
20
-164.7999999999999829
11
381.8999999999999773
21
-164.7999999999999829
0
LINE
8
BLACK
6
CONTINUOUS
10
382.2999999999999545
20
-164.7999999999999829
11
383.3999999999999773
21
-164.7999999999999829
0
LINE
8
BLACK
6
CONTINUOUS
10
383.7999999999999545
20
-164.7999999999999829
11
384.8999999999999773
21
-164.7999999999999829
0
LINE
8
BLACK
6
CONTINUOUS
10
385.2999999999999545
20
-164.7999999999999829
11
386.3999999999999773
21
-164.7999999999999829
0
LINE
8
BLACK
6
CONTINUOUS
10
386.7999999999999545
20
-164.7999999999999829
11
387.8999999999999773
21
-164.7999999999999829
0
LINE
8
BLACK
6
CONTINUOUS
10
388.2999999999999545
20
-164.7999999999999829
11
389.3999999999999773
21
-164.7999999999999829
0
LINE
8
BLACK
6
CONTINUOUS
10
389.7999999999999545
20
-164.7999999999999829
11
390.8999999999999773
21
-164.7999999999999829
0
LINE
8
BLACK
6
CONTINUOUS
10
391.2999999999999545
20
-164.7999999999999829
11
392.3999999999999773
21
-164.7999999999999829
0
LINE
8
BLACK
6
CONTINUOUS
10
392.7999999999999545
20
-164.7999999999999829
11
393.8999999999999773
21
-164.7999999999999829
0
LINE
8
BLACK
6
CONTINUOUS
10
394.2999999999999545
20
-164.7999999999999829
11
395.3999999999999773
21
-164.7999999999999829
0
LINE
8
BLACK
6
CONTINUOUS
10
395.7999999999999545
20
-164.7999999999999829
11
396.8999999999999773
21
-164.7999999999999829
0
LINE
8
BLACK
6
CONTINUOUS
10
397.2999999999999545
20
-164.7999999999999829
11
398.3999999999999773
21
-164.7999999999999829
0
LINE
8
BLACK
6
CONTINUOUS
10
398.7999999999999545
20
-164.7999999999999829
11
399.8999999999999773
21
-164.7999999999999829
0
LINE
8
BLACK
6
CONTINUOUS
10
400.2999999999999545
20
-164.7999999999999829
11
401.3999999999999773
21
-164.7999999999999829
0
LINE
8
BLACK
6
CONTINUOUS
10
401.7999999999999545
20
-164.7999999999999829
11
402.8999999999999773
21
-164.7999999999999829
0
LINE
8
BLACK
6
CONTINUOUS
10
403.2999999999999545
20
-164.7999999999999829
11
404.3999999999999773
21
-164.7999999999999829
0
LINE
8
BLACK
6
CONTINUOUS
10
404.7999999999999545
20
-164.7999999999999829
11
405.8999999999999773
21
-164.7999999999999829
0
LINE
8
BLACK
6
CONTINUOUS
10
406.2999999999999545
20
-164.7999999999999829
11
407.3999999999999773
21
-164.7999999999999829
0
LINE
8
BLACK
6
CONTINUOUS
10
407.7999999999999545
20
-164.7999999999999829
11
408.8999999999999773
21
-164.7999999999999829
0
LINE
8
BLACK
6
CONTINUOUS
10
409.2999999999999545
20
-164.7999999999999829
11
410.3999999999999773
21
-164.7999999999999829
0
LINE
8
BLACK
6
CONTINUOUS
10
410.7999999999999545
20
-164.7999999999999829
11
411.8999999999999773
21
-164.7999999999999829
0
LINE
8
BLACK
6
CONTINUOUS
10
412.2999999999999545
20
-164.7999999999999829
11
413.3999999999999773
21
-164.7999999999999829
0
LINE
8
BLACK
6
CONTINUOUS
10
413.7999999999999545
20
-164.7999999999999829
11
414.8999999999999773
21
-164.7999999999999829
0
LINE
8
BLACK
6
CONTINUOUS
10
415.2999999999999545
20
-164.7999999999999829
11
416.3999999999999773
21
-164.7999999999999829
0
LINE
8
BLACK
6
CONTINUOUS
10
416.7999999999999545
20
-164.7999999999999829
11
417.7999999999999545
21
-164.7999999999999829
0
LINE
8
BLACK
6
CONTINUOUS
10
421.7999999999999545
20
-20.8999999999999986
11
421.7999999999999545
21
-12.3999999999999986
0
LINE
8
BLACK
6
CONTINUOUS
10
295.8000000000000114
20
-48.2999999999999972
11
296.8999999999999773
21
-48.2999999999999972
0
LINE
8
BLACK
6
CONTINUOUS
10
297.3000000000000114
20
-48.2999999999999972
11
298.3999999999999773
21
-48.2999999999999972
0
LINE
8
BLACK
6
CONTINUOUS
10
298.8000000000000114
20
-48.2999999999999972
11
298.8000000000000114
21
-49.3999999999999986
0
LINE
8
BLACK
6
CONTINUOUS
10
298.8000000000000114
20
-49.7999999999999972
11
297.6999999999999886
21
-49.7999999999999972
0
LINE
8
BLACK
6
CONTINUOUS
10
297.3000000000000114
20
-49.7999999999999972
11
296.1999999999999886
21
-49.7999999999999972
0
LINE
8
BLACK
6
CONTINUOUS
10
295.8000000000000114
20
-49.7999999999999972
11
295.8000000000000114
21
-48.6999999999999957
0
LINE
8
BLACK
6
CONTINUOUS
10
176.7999999999999829
20
-20.8999999999999986
11
176.7999999999999829
21
-12.3999999999999986
0
LINE
8
BLACK
6
CONTINUOUS
10
241.2999999999999829
20
-12.3999999999999986
11
241.2999999999999829
21
-11.2999999999999989
0
LINE
8
BLACK
6
CONTINUOUS
10
144.
20
-50.2999999999999972
11
144.
21
-53.7999999999999972
0
LINE
8
BLACK
6
CONTINUOUS
10
302.1772330000000011
20
-11.745215
11
302.5582390000000146
21
-11.3642509999999994
0
LINE
8
BLACK
6
CONTINUOUS
10
369.
20
-194.5
11
369.
21
-193.3999999999999773
0
LINE
8
BLACK
6
CONTINUOUS
10
417.7999999999999545
20
-184.5
11
176.7999999999999829
21
-184.5
0
CIRCLE
8
BLACK
10
188.7999999999999829
20
-140.2999999999999829
40
2.25
0
LINE
8
BLACK
6
CONTINUOUS
10
362.7807449999999676
20
-12.3802489999999992
11
362.7807449999999676
21
-12.3167139999999993
0
LINE
8
BLACK
6
CONTINUOUS
10
241.2999999999999829
20
-151.7999999999999829
11
277.6999999999999886
21
-151.7999999999999829
0
LINE
8
BLACK
6
CONTINUOUS
10
277.6999999999999886
20
-151.7999999999999829
11
277.6999999999999886
21
-159.1999999999999886
0
LINE
8
BLACK
6
CONTINUOUS
10
277.6999999999999886
20
-159.1999999999999886
11
241.2999999999999829
21
-159.1999999999999886
0
LINE
8
BLACK
6
CONTINUOUS
10
241.2999999999999829
20
-159.1999999999999886
11
241.2999999999999829
21
-151.7999999999999829
0
LINE
8
BLACK
6
CONTINUOUS
10
297.5417610000000082
20
-194.0357489999999814
11
297.0972580000000107
21
-194.4802479999999889
0
LINE
8
BLACK
6
CONTINUOUS
10
277.8000000000000114
20
-193.
11
277.8000000000000114
21
-194.0999999999999943
0
LINE
8
BLACK
6
CONTINUOUS
10
451.5499999999999545
20
-49.7999999999999972
11
459.5499999999999545
21
-49.7999999999999972
0
LINE
8
BLACK
6
CONTINUOUS
10
417.2999999999999545
20
-155.2999999999999829
11
417.2999999999999545
21
-152.7999999999999829
0
LINE
8
BLACK
6
CONTINUOUS
10
421.7999999999999545
20
-192.5
11
421.799980000000005
21
-192.5043639999999812
0
LINE
8
BLACK
6
CONTINUOUS
10
421.799980000000005
20
-192.5043639999999812
11
421.7999219999999809
21
-192.5087279999999907
0
LINE
8
BLACK
6
CONTINUOUS
10
421.7999219999999809
20
-192.5087279999999907
11
421.7998259999999959
21
-192.5130910000000029
0
LINE
8
BLACK
6
CONTINUOUS
10
421.7998259999999959
20
-192.5130910000000029
11
421.7996919999999932
21
-192.5174529999999891
0
LINE
8
BLACK
6
CONTINUOUS
10
421.7996919999999932
20
-192.5174529999999891
11
421.7995199999999727
21
-192.5218139999999778
0
LINE
8
BLACK
6
CONTINUOUS
10
421.7995199999999727
20
-192.5218139999999778
11
421.7993089999999938
21
-192.526173
0
LINE
8
BLACK
6
CONTINUOUS
10
421.7993089999999938
20
-192.526173
11
421.7990609999999947
21
-192.5305299999999988
0
LINE
8
BLACK
6
CONTINUOUS
10
421.7990609999999947
20
-192.5305299999999988
11
421.7987749999999778
21
-192.5348850000000027
0
LINE
8
BLACK
6
CONTINUOUS
10
421.7987749999999778
20
-192.5348850000000027
11
421.798451
21
-192.5392369999999858
0
LINE
8
BLACK
6
CONTINUOUS
10
421.798451
20
-192.5392369999999858
11
421.798088000000007
21
-192.5435860000000048
0
LINE
8
BLACK
6
CONTINUOUS
10
421.798088000000007
20
-192.5435860000000048
11
421.7976879999999937
21
-192.547932000000003
0
LINE
8
BLACK
6
CONTINUOUS
10
421.7976879999999937
20
-192.547932000000003
11
421.7972499999999627
21
-192.5522739999999828
0
LINE
8
BLACK
6
CONTINUOUS
10
421.7972499999999627
20
-192.5522739999999828
11
421.7967739999999708
21
-192.5566120000000012
0
LINE
8
BLACK
6
CONTINUOUS
10
421.7967739999999708
20
-192.5566120000000012
11
421.7962599999999611
21
-192.5609460000000013
0
LINE
8
BLACK
6
CONTINUOUS
10
421.7962599999999611
20
-192.5609460000000013
11
421.795708999999988
21
-192.5652749999999855
0
LINE
8
BLACK
6
CONTINUOUS
10
421.795708999999988
20
-192.5652749999999855
11
421.7951189999999997
21
-192.5695989999999824
0
LINE
8
BLACK
6
CONTINUOUS
10
421.7951189999999997
20
-192.5695989999999824
11
421.7944919999999911
21
-192.5739179999999919
0
LINE
8
BLACK
6
CONTINUOUS
10
421.7944919999999911
20
-192.5739179999999919
11
421.7938269999999648
21
-192.5782319999999856
0
LINE
8
BLACK
6
CONTINUOUS
10
421.7938269999999648
20
-192.5782319999999856
11
421.793124999999975
21
-192.582538999999997
0
LINE
8
BLACK
6
CONTINUOUS
10
421.793124999999975
20
-192.582538999999997
11
421.7923849999999675
21
-192.5868399999999951
0
LINE
8
BLACK
6
CONTINUOUS
10
421.7923849999999675
20
-192.5868399999999951
11
421.7916079999999965
21
-192.5911339999999825
0
LINE
8
BLACK
6
CONTINUOUS
10
421.7916079999999965
20
-192.5911339999999825
11
421.7907930000000079
21
-192.595421999999985
0
LINE
8
BLACK
6
CONTINUOUS
10
421.7907930000000079
20
-192.595421999999985
11
421.7899400000000014
21
-192.5997019999999793
0
LINE
8
BLACK
6
CONTINUOUS
10
421.7899400000000014
20
-192.5997019999999793
11
421.7890509999999722
21
-192.6039739999999938
0
LINE
8
BLACK
6
CONTINUOUS
10
421.7890509999999722
20
-192.6039739999999938
11
421.7881239999999821
21
-192.6082389999999975
0
LINE
8
BLACK
6
CONTINUOUS
10
421.7881239999999821
20
-192.6082389999999975
11
421.7871599999999717
21
-192.6124949999999956
0
LINE
8
BLACK
6
CONTINUOUS
10
421.7871599999999717
20
-192.6124949999999956
11
421.7861589999999978
21
-192.6167429999999854
0
LINE
8
BLACK
6
CONTINUOUS
10
421.7861589999999978
20
-192.6167429999999854
11
421.7851210000000037
21
-192.6209819999999979
0
LINE
8
BLACK
6
CONTINUOUS
10
421.7851210000000037
20
-192.6209819999999979
11
421.7840459999999894
21
-192.6252120000000048
0
LINE
8
BLACK
6
CONTINUOUS
10
421.7840459999999894
20
-192.6252120000000048
11
421.7829339999999547
21
-192.62943199999998
0
LINE
8
BLACK
6
CONTINUOUS
10
421.7829339999999547
20
-192.62943199999998
11
421.7817849999999567
21
-192.6336419999999805
0
LINE
8
BLACK
6
CONTINUOUS
10
421.7817849999999567
20
-192.6336419999999805
11
421.7805989999999952
21
-192.6378419999999778
0
LINE
8
BLACK
6
CONTINUOUS
10
421.7805989999999952
20
-192.6378419999999778
11
421.779376999999954
21
-192.6420320000000004
0
LINE
8
BLACK
6
CONTINUOUS
10
421.779376999999954
20
-192.6420320000000004
11
421.7781190000000038
21
-192.6462109999999939
0
LINE
8
BLACK
6
CONTINUOUS
10
421.7781190000000038
20
-192.6462109999999939
11
421.7768239999999764
21
-192.6503779999999892
0
LINE
8
BLACK
6
CONTINUOUS
10
421.7768239999999764
20
-192.6503779999999892
11
421.7754919999999856
21
-192.6545349999999814
0
LINE
8
BLACK
6
CONTINUOUS
10
421.7754919999999856
20
-192.6545349999999814
11
421.7741249999999695
21
-192.658678999999978
0
LINE
8
BLACK
6
CONTINUOUS
10
421.7741249999999695
20
-192.658678999999978
11
421.77272099999999
21
-192.6628110000000049
0
LINE
8
BLACK
6
CONTINUOUS
10
421.77272099999999
20
-192.6628110000000049
11
421.7712819999999851
21
-192.6669310000000053
0
LINE
8
BLACK
6
CONTINUOUS
10
421.7712819999999851
20
-192.6669310000000053
11
421.76980599999996
21
-192.6710379999999816
0
LINE
8
BLACK
6
CONTINUOUS
10
421.76980599999996
20
-192.6710379999999816
11
421.7682949999999664
21
-192.6751319999999907
0
LINE
8
BLACK
6
CONTINUOUS
10
421.7682949999999664
20
-192.6751319999999907
11
421.7667480000000069
21
-192.6792130000000043
0
LINE
8
BLACK
6
CONTINUOUS
10
421.7667480000000069
20
-192.6792130000000043
11
421.7651649999999677
21
-192.6832799999999963
0
LINE
8
BLACK
6
CONTINUOUS
10
421.7651649999999677
20
-192.6832799999999963
11
421.76354699999996
21
-192.6873329999999953
0
LINE
8
BLACK
6
CONTINUOUS
10
421.76354699999996
20
-192.6873329999999953
11
421.7618939999999839
21
-192.6913720000000012
0
LINE
8
BLACK
6
CONTINUOUS
10
421.7618939999999839
20
-192.6913720000000012
11
421.7602049999999849
21
-192.6953969999999856
0
LINE
8
BLACK
6
CONTINUOUS
10
421.7602049999999849
20
-192.6953969999999856
11
421.7584819999999581
21
-192.699405999999982
0
LINE
8
BLACK
6
CONTINUOUS
10
421.7584819999999581
20
-192.699405999999982
11
421.7567229999999654
21
-192.7033999999999878
0
LINE
8
BLACK
6
CONTINUOUS
10
421.7567229999999654
20
-192.7033999999999878
11
421.7549300000000017
21
-192.7073790000000031
0
LINE
8
BLACK
6
CONTINUOUS
10
421.7549300000000017
20
-192.7073790000000031
11
421.7531019999999558
21
-192.7113420000000019
0
LINE
8
BLACK
6
CONTINUOUS
10
421.7531019999999558
20
-192.7113420000000019
11
421.7512399999999957
21
-192.7152889999999843
0
LINE
8
BLACK
6
CONTINUOUS
10
421.7512399999999957
20
-192.7152889999999843
11
421.7493429999999535
21
-192.7192189999999812
0
LINE
8
BLACK
6
CONTINUOUS
10
421.7493429999999535
20
-192.7192189999999812
11
421.7474119999999971
21
-192.72313299999999
0
LINE
8
BLACK
6
CONTINUOUS
10
421.7474119999999971
20
-192.72313299999999
11
421.745446999999956
21
-192.727029999999985
0
LINE
8
BLACK
6
CONTINUOUS
10
421.745446999999956
20
-192.727029999999985
11
421.7434480000000008
21
-192.7309089999999969
0
LINE
8
BLACK
6
CONTINUOUS
10
421.7434480000000008
20
-192.7309089999999969
11
421.7414149999999609
21
-192.734770999999995
0
LINE
8
BLACK
6
CONTINUOUS
10
421.7414149999999609
20
-192.734770999999995
11
421.7393490000000043
21
-192.7386149999999816
0
LINE
8
BLACK
6
CONTINUOUS
10
421.7393490000000043
20
-192.7386149999999816
11
421.737248999999963
21
-192.7424409999999853
0
LINE
8
BLACK
6
CONTINUOUS
10
421.737248999999963
20
-192.7424409999999853
11
421.735116000000005
21
-192.74624799999998
0
LINE
8
BLACK
6
CONTINUOUS
10
421.735116000000005
20
-192.74624799999998
11
421.7329489999999623
21
-192.7500369999999918
0
LINE
8
BLACK
6
CONTINUOUS
10
421.7329489999999623
20
-192.7500369999999918
11
421.7307500000000005
21
-192.7538059999999973
0
LINE
8
BLACK
6
CONTINUOUS
10
421.7307500000000005
20
-192.7538059999999973
11
421.7285180000000082
21
-192.7575559999999939
0
LINE
8
BLACK
6
CONTINUOUS
10
421.7285180000000082
20
-192.7575559999999939
11
421.7262529999999856
21
-192.7612869999999816
0
LINE
8
BLACK
6
CONTINUOUS
10
421.7262529999999856
20
-192.7612869999999816
11
421.7239559999999869
21
-192.7649969999999939
0
LINE
8
BLACK
6
CONTINUOUS
10
421.7239559999999869
20
-192.7649969999999939
11
421.7216259999999579
21
-192.7686879999999974
0
LINE
8
BLACK
6
CONTINUOUS
10
421.7216259999999579
20
-192.7686879999999974
11
421.7192650000000071
21
-192.772357999999997
0
LINE
8
BLACK
6
CONTINUOUS
10
421.7192650000000071
20
-192.772357999999997
11
421.7168709999999692
21
-192.7760069999999928
0
LINE
8
BLACK
6
CONTINUOUS
10
421.7168709999999692
20
-192.7760069999999928
11
421.7144459999999526
21
-192.7796349999999848
0
LINE
8
BLACK
6
CONTINUOUS
10
421.7144459999999526
20
-192.7796349999999848
11
421.71198899999996
21
-192.7832420000000013
0
LINE
8
BLACK
6
CONTINUOUS
10
421.71198899999996
20
-192.7832420000000013
11
421.7095009999999888
21
-192.7868269999999882
0
LINE
8
BLACK
6
CONTINUOUS
10
421.7095009999999888
20
-192.7868269999999882
11
421.7069809999999848
21
-192.7903909999999996
0
LINE
8
BLACK
6
CONTINUOUS
10
421.7069809999999848
20
-192.7903909999999996
11
421.7044309999999996
21
-192.7939319999999839
0
LINE
8
BLACK
6
CONTINUOUS
10
421.7044309999999996
20
-192.7939319999999839
11
421.7018489999999815
21
-192.7974509999999952
0
LINE
8
BLACK
6
CONTINUOUS
10
421.7018489999999815
20
-192.7974509999999952
11
421.6992369999999823
21
-192.8009480000000053
0
LINE
8
BLACK
6
CONTINUOUS
10
421.6992369999999823
20
-192.8009480000000053
11
421.6965950000000021
21
-192.8044209999999907
0
LINE
8
BLACK
6
CONTINUOUS
10
421.6965950000000021
20
-192.8044209999999907
11
421.6939229999999839
21
-192.8078709999999774
0
LINE
8
BLACK
6
CONTINUOUS
10
421.6939229999999839
20
-192.8078709999999774
11
421.6912199999999871
21
-192.8112979999999936
0
LINE
8
BLACK
6
CONTINUOUS
10
421.6912199999999871
20
-192.8112979999999936
11
421.6884880000000067
21
-192.8147009999999852
0
LINE
8
BLACK
6
CONTINUOUS
10
421.6884880000000067
20
-192.8147009999999852
11
421.6857259999999883
21
-192.8180799999999806
0
LINE
8
BLACK
6
CONTINUOUS
10
421.6857259999999883
20
-192.8180799999999806
11
421.6829349999999863
21
-192.8214349999999797
0
LINE
8
BLACK
6
CONTINUOUS
10
421.6829349999999863
20
-192.8214349999999797
11
421.6801140000000032
21
-192.8247649999999851
0
LINE
8
BLACK
6
CONTINUOUS
10
421.6801140000000032
20
-192.8247649999999851
11
421.6772649999999771
21
-192.8280709999999942
0
LINE
8
BLACK
6
CONTINUOUS
10
421.6772649999999771
20
-192.8280709999999942
11
421.67438599999997
21
-192.8313509999999837
0
LINE
8
BLACK
6
CONTINUOUS
10
421.67438599999997
20
-192.8313509999999837
11
421.6714799999999741
21
-192.8346070000000054
0
LINE
8
BLACK
6
CONTINUOUS
10
421.6714799999999741
20
-192.8346070000000054
11
421.6685449999999946
21
-192.8378359999999816
0
LINE
8
BLACK
6
CONTINUOUS
10
421.6685449999999946
20
-192.8378359999999816
11
421.6655819999999721
21
-192.8410409999999899
0
LINE
8
BLACK
6
CONTINUOUS
10
421.6655819999999721
20
-192.8410409999999899
11
421.6625909999999635
21
-192.8442189999999812
0
LINE
8
BLACK
6
CONTINUOUS
10
421.6625909999999635
20
-192.8442189999999812
11
421.6595719999999687
21
-192.8473709999999812
0
LINE
8
BLACK
6
CONTINUOUS
10
421.6595719999999687
20
-192.8473709999999812
11
421.6565259999999853
21
-192.8504959999999926
0
LINE
8
BLACK
6
CONTINUOUS
10
421.6565259999999853
20
-192.8504959999999926
11
421.6534529999999563
21
-192.8535949999999843
0
LINE
8
BLACK
6
CONTINUOUS
10
421.6534529999999563
20
-192.8535949999999843
11
421.6503529999999955
21
-192.8566669999999874
0
LINE
8
BLACK
6
CONTINUOUS
10
421.6503529999999955
20
-192.8566669999999874
11
421.6472269999999867
21
-192.8597110000000043
0
LINE
8
BLACK
6
CONTINUOUS
10
421.6472269999999867
20
-192.8597110000000043
11
421.6440739999999892
21
-192.8627290000000016
0
LINE
8
BLACK
6
CONTINUOUS
10
421.6440739999999892
20
-192.8627290000000016
11
421.640894000000003
21
-192.8657179999999869
0
LINE
8
BLACK
6
CONTINUOUS
10
421.640894000000003
20
-192.8657179999999869
11
421.6376889999999662
21
-192.8686799999999835
0
LINE
8
BLACK
6
CONTINUOUS
10
421.6376889999999662
20
-192.8686799999999835
11
421.6344579999999951
21
-192.8716139999999939
0
LINE
8
BLACK
6
CONTINUOUS
10
421.6344579999999951
20
-192.8716139999999939
11
421.6312009999999759
21
-192.8745189999999923
0
LINE
8
BLACK
6
CONTINUOUS
10
421.6312009999999759
20
-192.8745189999999923
11
421.6279199999999605
21
-192.8773960000000045
0
LINE
8
BLACK
6
CONTINUOUS
10
421.6279199999999605
20
-192.8773960000000045
11
421.6246129999999539
21
-192.8802440000000047
0
LINE
8
BLACK
6
CONTINUOUS
10
421.6246129999999539
20
-192.8802440000000047
11
421.6212809999999536
21
-192.8830629999999928
0
LINE
8
BLACK
6
CONTINUOUS
10
421.6212809999999536
20
-192.8830629999999928
11
421.6179259999999545
21
-192.8858529999999973
0
LINE
8
BLACK
6
CONTINUOUS
10
421.6179259999999545
20
-192.8858529999999973
11
421.6145449999999641
21
-192.8886139999999898
0
LINE
8
BLACK
6
CONTINUOUS
10
421.6145449999999641
20
-192.8886139999999898
11
421.6111409999999751
21
-192.8913450000000012
0
LINE
8
BLACK
6
CONTINUOUS
10
421.6111409999999751
20
-192.8913450000000012
11
421.6077139999999872
21
-192.894046000000003
0
LINE
8
BLACK
6
CONTINUOUS
10
421.6077139999999872
20
-192.894046000000003
11
421.6042620000000056
21
-192.8967169999999953
0
LINE
8
BLACK
6
CONTINUOUS
10
421.6042620000000056
20
-192.8967169999999953
11
421.6007879999999659
21
-192.8993579999999781
0
LINE
8
BLACK
6
CONTINUOUS
10
421.6007879999999659
20
-192.8993579999999781
11
421.5972899999999868
21
-192.9019679999999823
0
LINE
8
BLACK
6
CONTINUOUS
10
421.5972899999999868
20
-192.9019679999999823
11
421.5937710000000038
21
-192.9045480000000055
0
LINE
8
BLACK
6
CONTINUOUS
10
421.5937710000000038
20
-192.9045480000000055
11
421.5902279999999678
21
-192.9070969999999932
0
LINE
8
BLACK
6
CONTINUOUS
10
421.5902279999999678
20
-192.9070969999999932
11
421.5866639999999848
21
-192.9096150000000023
0
LINE
8
BLACK
6
CONTINUOUS
10
421.5866639999999848
20
-192.9096150000000023
11
421.583077000000003
21
-192.9121020000000044
0
LINE
8
BLACK
6
CONTINUOUS
10
421.583077000000003
20
-192.9121020000000044
11
421.5794689999999605
21
-192.9145579999999995
0
LINE
8
BLACK
6
CONTINUOUS
10
421.5794689999999605
20
-192.9145579999999995
11
421.575839999999971
21
-192.9169809999999927
0
LINE
8
BLACK
6
CONTINUOUS
10
421.575839999999971
20
-192.9169809999999927
11
421.5721899999999778
21
-192.9193740000000048
0
LINE
8
BLACK
6
CONTINUOUS
10
421.5721899999999778
20
-192.9193740000000048
11
421.5685189999999807
21
-192.9217339999999865
0
LINE
8
BLACK
6
CONTINUOUS
10
421.5685189999999807
20
-192.9217339999999865
11
421.5648279999999772
21
-192.9240619999999922
0
LINE
8
BLACK
6
CONTINUOUS
10
421.5648279999999772
20
-192.9240619999999922
11
421.56111599999997
21
-192.9263579999999934
0
LINE
8
BLACK
6
CONTINUOUS
10
421.56111599999997
20
-192.9263579999999934
11
421.5573849999999538
21
-192.9286209999999926
0
LINE
8
BLACK
6
CONTINUOUS
10
421.5573849999999538
20
-192.9286209999999926
11
421.5536339999999882
21
-192.9308509999999899
0
LINE
8
BLACK
6
CONTINUOUS
10
421.5536339999999882
20
-192.9308509999999899
11
421.5498629999999594
21
-192.9330489999999827
0
LINE
8
BLACK
6
CONTINUOUS
10
421.5498629999999594
20
-192.9330489999999827
11
421.546073999999976
21
-192.935214000000002
0
LINE
8
BLACK
6
CONTINUOUS
10
421.546073999999976
20
-192.935214000000002
11
421.5422659999999837
21
-192.9373459999999909
0
LINE
8
BLACK
6
CONTINUOUS
10
421.5422659999999837
20
-192.9373459999999909
11
421.5384389999999826
21
-192.9394439999999804
0
LINE
8
BLACK
6
CONTINUOUS
10
421.5384389999999826
20
-192.9394439999999804
11
421.53459399999997
21
-192.9415089999999964
0
LINE
8
BLACK
6
CONTINUOUS
10
421.53459399999997
20
-192.9415089999999964
11
421.5307320000000004
21
-192.9435399999999845
0
LINE
8
BLACK
6
CONTINUOUS
10
421.5307320000000004
20
-192.9435399999999845
11
421.5268519999999626
21
-192.9455379999999991
0
LINE
8
BLACK
6
CONTINUOUS
10
421.5268519999999626
20
-192.9455379999999991
11
421.5229539999999702
21
-192.9475009999999884
0
LINE
8
BLACK
6
CONTINUOUS
10
421.5229539999999702
20
-192.9475009999999884
11
421.5190399999999613
21
-192.9494310000000041
0
LINE
8
BLACK
6
CONTINUOUS
10
421.5190399999999613
20
-192.9494310000000041
11
421.5151079999999979
21
-192.9513259999999946
0
LINE
8
BLACK
6
CONTINUOUS
10
421.5151079999999979
20
-192.9513259999999946
11
421.5111609999999587
21
-192.9531869999999856
0
LINE
8
BLACK
6
CONTINUOUS
10
421.5111609999999587
20
-192.9531869999999856
11
421.5071969999999624
21
-192.9550129999999797
0
LINE
8
BLACK
6
CONTINUOUS
10
421.5071969999999624
20
-192.9550129999999797
11
421.5032180000000039
21
-192.9568050000000028
0
LINE
8
BLACK
6
CONTINUOUS
10
421.5032180000000039
20
-192.9568050000000028
11
421.4992229999999722
21
-192.9585620000000006
0
LINE
8
BLACK
6
CONTINUOUS
10
421.4992229999999722
20
-192.9585620000000006
11
421.4952129999999784
21
-192.9602840000000015
0
LINE
8
BLACK
6
CONTINUOUS
10
421.4952129999999784
20
-192.9602840000000015
11
421.4911879999999655
21
-192.9619699999999796
0
LINE
8
BLACK
6
CONTINUOUS
10
421.4911879999999655
20
-192.9619699999999796
11
421.4871479999999906
21
-192.9636219999999867
0
LINE
8
BLACK
6
CONTINUOUS
10
421.4871479999999906
20
-192.9636219999999867
11
421.4830939999999941
21
-192.9652379999999994
0
LINE
8
BLACK
6
CONTINUOUS
10
421.4830939999999941
20
-192.9652379999999994
11
421.4790259999999762
21
-192.9668189999999868
0
LINE
8
BLACK
6
CONTINUOUS
10
421.4790259999999762
20
-192.9668189999999868
11
421.4749449999999911
21
-192.9683649999999773
0
LINE
8
BLACK
6
CONTINUOUS
10
421.4749449999999911
20
-192.9683649999999773
11
421.4708499999999844
21
-192.9698740000000043
0
LINE
8
BLACK
6
CONTINUOUS
10
421.4708499999999844
20
-192.9698740000000043
11
421.4667430000000081
21
-192.9713479999999777
0
LINE
8
BLACK
6
CONTINUOUS
10
421.4667430000000081
20
-192.9713479999999777
11
421.4626219999999535
21
-192.9727859999999851
0
LINE
8
BLACK
6
CONTINUOUS
10
421.4626219999999535
20
-192.9727859999999851
11
421.4584889999999859
21
-192.9741879999999981
0
LINE
8
BLACK
6
CONTINUOUS
10
421.4584889999999859
20
-192.9741879999999981
11
421.4543439999999919
21
-192.9755539999999883
0
LINE
8
BLACK
6
CONTINUOUS
10
421.4543439999999919
20
-192.9755539999999883
11
421.4501879999999687
21
-192.9768839999999841
0
LINE
8
BLACK
6
CONTINUOUS
10
421.4501879999999687
20
-192.9768839999999841
11
421.4460189999999784
21
-192.9781769999999881
0
LINE
8
BLACK
6
CONTINUOUS
10
421.4460189999999784
20
-192.9781769999999881
11
421.4418399999999565
21
-192.9794339999999977
0
LINE
8
BLACK
6
CONTINUOUS
10
421.4418399999999565
20
-192.9794339999999977
11
421.4376499999999623
21
-192.9806549999999845
0
LINE
8
BLACK
6
CONTINUOUS
10
421.4376499999999623
20
-192.9806549999999845
11
421.4334499999999935
21
-192.981837999999982
0
LINE
8
BLACK
6
CONTINUOUS
10
421.4334499999999935
20
-192.981837999999982
11
421.4292389999999955
21
-192.9829849999999851
0
LINE
8
BLACK
6
CONTINUOUS
10
421.4292389999999955
20
-192.9829849999999851
11
421.4250179999999659
21
-192.9840959999999939
0
LINE
8
BLACK
6
CONTINUOUS
10
421.4250179999999659
20
-192.9840959999999939
11
421.4207879999999591
21
-192.9851689999999849
0
LINE
8
BLACK
6
CONTINUOUS
10
421.4207879999999591
20
-192.9851689999999849
11
421.416548999999975
21
-192.9862059999999815
0
LINE
8
BLACK
6
CONTINUOUS
10
421.416548999999975
20
-192.9862059999999815
11
421.4123009999999567
21
-192.9872049999999888
0
LINE
8
BLACK
6
CONTINUOUS
10
421.4123009999999567
20
-192.9872049999999888
11
421.4080439999999612
21
-192.9881670000000042
0
LINE
8
BLACK
6
CONTINUOUS
10
421.4080439999999612
20
-192.9881670000000042
11
421.4037789999999859
21
-192.9890919999999994
0
LINE
8
BLACK
6
CONTINUOUS
10
421.4037789999999859
20
-192.9890919999999994
11
421.3995059999999739
21
-192.9899800000000027
0
LINE
8
BLACK
6
CONTINUOUS
10
421.3995059999999739
20
-192.9899800000000027
11
421.3952249999999822
21
-192.9908309999999858
0
LINE
8
BLACK
6
CONTINUOUS
10
421.3952249999999822
20
-192.9908309999999858
11
421.3909380000000056
21
-192.9916439999999795
0
LINE
8
BLACK
6
CONTINUOUS
10
421.3909380000000056
20
-192.9916439999999795
11
421.3866429999999923
21
-192.9924199999999814
0
LINE
8
BLACK
6
CONTINUOUS
10
421.3866429999999923
20
-192.9924199999999814
11
421.3823419999999942
21
-192.993157999999994
0
LINE
8
BLACK
6
CONTINUOUS
10
421.3823419999999942
20
-192.993157999999994
11
421.3780339999999569
21
-192.9938589999999863
0
LINE
8
BLACK
6
CONTINUOUS
10
421.3780339999999569
20
-192.9938589999999863
11
421.3737209999999891
21
-192.9945219999999892
0
LINE
8
BLACK
6
CONTINUOUS
10
421.3737209999999891
20
-192.9945219999999892
11
421.3694009999999821
21
-192.9951470000000029
0
LINE
8
BLACK
6
CONTINUOUS
10
421.3694009999999821
20
-192.9951470000000029
11
421.3650769999999852
21
-192.9957349999999963
0
LINE
8
BLACK
6
CONTINUOUS
10
421.3650769999999852
20
-192.9957349999999963
11
421.360748000000001
21
-192.9962850000000003
0
LINE
8
BLACK
6
CONTINUOUS
10
421.360748000000001
20
-192.9962850000000003
11
421.3564139999999725
21
-192.9967969999999866
0
LINE
8
BLACK
6
CONTINUOUS
10
421.3564139999999725
20
-192.9967969999999866
11
421.3520749999999566
21
-192.9972709999999836
0
LINE
8
BLACK
6
CONTINUOUS
10
421.3520749999999566
20
-192.9972709999999836
11
421.3477330000000052
21
-192.9977069999999912
0
LINE
8
BLACK
6
CONTINUOUS
10
421.3477330000000052
20
-192.9977069999999912
11
421.343387000000007
21
-192.9981059999999786
0
LINE
8
BLACK
6
CONTINUOUS
10
421.343387000000007
20
-192.9981059999999786
11
421.3390379999999595
21
-192.9984659999999792
0
LINE
8
BLACK
6
CONTINUOUS
10
421.3390379999999595
20
-192.9984659999999792
11
421.334684999999979
21
-192.9987889999999879
0
LINE
8
BLACK
6
CONTINUOUS
10
421.334684999999979
20
-192.9987889999999879
11
421.330331000000001
21
-192.9990729999999814
0
LINE
8
BLACK
6
CONTINUOUS
10
421.330331000000001
20
-192.9990729999999814
11
421.3259729999999763
21
-192.9993199999999831
0
LINE
8
BLACK
6
CONTINUOUS
10
421.3259729999999763
20
-192.9993199999999831
11
421.3216139999999541
21
-192.999527999999998
0
LINE
8
BLACK
6
CONTINUOUS
10
421.3216139999999541
20
-192.999527999999998
11
421.3172529999999938
21
-192.9996989999999926
0
LINE
8
BLACK
6
CONTINUOUS
10
421.3172529999999938
20
-192.9996989999999926
11
421.3128909999999792
21
-192.9998310000000004
0
LINE
8
BLACK
6
CONTINUOUS
10
421.3128909999999792
20
-192.9998310000000004
11
421.3085279999999671
21
-192.9999259999999879
0
LINE
8
BLACK
6
CONTINUOUS
10
421.3085279999999671
20
-192.9999259999999879
11
421.3041639999999575
21
-192.9999819999999886
0
LINE
8
BLACK
6
CONTINUOUS
10
421.3041639999999575
20
-192.9999819999999886
11
421.2999999999999545
21
-193.
0
LINE
8
BLACK
6
CONTINUOUS
10
298.4307450000000017
20
-193.2102509999999995
11
299.5102420000000052
21
-193.2102509999999995
0
LINE
8
BLACK
6
CONTINUOUS
10
401.891760999999974
20
-194.0357489999999814
11
401.4472579999999766
21
-194.4802479999999889
0
LINE
8
BLACK
6
CONTINUOUS
10
402.7807449999999676
20
-193.2102509999999995
11
402.3362419999999702
21
-193.6547850000000039
0
LINE
8
BLACK
6
CONTINUOUS
10
406.527232999999967
20
-11.745215
11
406.9082389999999805
21
-11.3642509999999994
0
LINE
8
BLACK
6
CONTINUOUS
10
307.8000000000000114
20
-10.9000000000000004
11
307.8000000000000114
21
-12.
0
LINE
8
BLACK
6
CONTINUOUS
10
301.7327300000000037
20
-12.2532490000000003
11
301.7327300000000037
21
-12.1897489999999991
0
LINE
8
BLACK
6
CONTINUOUS
10
171.2999999999999829
20
-194.5
11
171.2999999999999829
21
-184.5
0
LINE
8
BLACK
6
CONTINUOUS
10
172.7999999999999829
20
-184.5
11
172.7999999999999829
21
-193.
0
LINE
8
BLACK
6
CONTINUOUS
10
362.7807449999999676
20
-12.2532490000000003
11
362.7807449999999676
21
-12.1897489999999991
0
LINE
8
BLACK
6
CONTINUOUS
10
173.2999999999999829
20
-194.5
11
173.2825469999999939
21
-194.4999239999999929
0
LINE
8
BLACK
6
CONTINUOUS
10
173.2825469999999939
20
-194.4999239999999929
11
173.2650950000000023
21
-194.4996950000000027
0
LINE
8
BLACK
6
CONTINUOUS
10
173.2650950000000023
20
-194.4996950000000027
11
173.2476460000000031
21
-194.4993149999999957
0
LINE
8
BLACK
6
CONTINUOUS
10
173.2476460000000031
20
-194.4993149999999957
11
173.2302009999999939
21
-194.4987819999999772
0
LINE
8
BLACK
6
CONTINUOUS
10
173.2302009999999939
20
-194.4987819999999772
11
173.2127610000000004
21
-194.4980960000000039
0
LINE
8
BLACK
6
CONTINUOUS
10
173.2127610000000004
20
-194.4980960000000039
11
173.1953279999999893
21
-194.4972589999999855
0
LINE
8
BLACK
6
CONTINUOUS
10
173.1953279999999893
20
-194.4972589999999855
11
173.1779029999999864
21
-194.4962699999999813
0
LINE
8
BLACK
6
CONTINUOUS
10
173.1779029999999864
20
-194.4962699999999813
11
173.1604869999999892
21
-194.495127999999994
0
LINE
8
BLACK
6
CONTINUOUS
10
173.1604869999999892
20
-194.495127999999994
11
173.1430819999999926
21
-194.49383499999999
0
LINE
8
BLACK
6
CONTINUOUS
10
173.1430819999999926
20
-194.49383499999999
11
173.1256889999999942
21
-194.4923890000000029
0
LINE
8
BLACK
6
CONTINUOUS
10
173.1256889999999942
20
-194.4923890000000029
11
173.1083079999999939
21
-194.490791999999999
0
LINE
8
BLACK
6
CONTINUOUS
10
173.1083079999999939
20
-194.490791999999999
11
173.0909429999999816
21
-194.4890439999999785
0
LINE
8
BLACK
6
CONTINUOUS
10
173.0909429999999816
20
-194.4890439999999785
11
173.0735939999999857
21
-194.4871440000000007
0
LINE
8
BLACK
6
CONTINUOUS
10
173.0735939999999857
20
-194.4871440000000007
11
173.0562610000000063
21
-194.4850919999999803
0
LINE
8
BLACK
6
CONTINUOUS
10
173.0562610000000063
20
-194.4850919999999803
11
173.0389480000000049
21
-194.4828899999999976
0
LINE
8
BLACK
6
CONTINUOUS
10
173.0389480000000049
20
-194.4828899999999976
11
173.0216539999999839
21
-194.4805360000000007
0
LINE
8
BLACK
6
CONTINUOUS
10
173.0216539999999839
20
-194.4805360000000007
11
173.0043809999999951
21
-194.4780319999999847
0
LINE
8
BLACK
6
CONTINUOUS
10
173.0043809999999951
20
-194.4780319999999847
11
172.9871310000000051
21
-194.4753769999999804
0
LINE
8
BLACK
6
CONTINUOUS
10
172.9871310000000051
20
-194.4753769999999804
11
172.9699049999999829
21
-194.4725709999999879
0
LINE
8
BLACK
6
CONTINUOUS
10
172.9699049999999829
20
-194.4725709999999879
11
172.9527039999999829
21
-194.469616000000002
0
LINE
8
BLACK
6
CONTINUOUS
10
172.9527039999999829
20
-194.469616000000002
11
172.9355290000000025
21
-194.4665099999999995
0
LINE
8
BLACK
6
CONTINUOUS
10
172.9355290000000025
20
-194.4665099999999995
11
172.9183819999999798
21
-194.4632539999999779
0
LINE
8
BLACK
6
CONTINUOUS
10
172.9183819999999798
20
-194.4632539999999779
11
172.9012639999999976
21
-194.4598489999999913
0
LINE
8
BLACK
6
CONTINUOUS
10
172.9012639999999976
20
-194.4598489999999913
11
172.884176999999994
21
-194.456294999999983
0
LINE
8
BLACK
6
CONTINUOUS
10
172.884176999999994
20
-194.456294999999983
11
172.8671209999999974
21
-194.4525919999999815
0
LINE
8
BLACK
6
CONTINUOUS
10
172.8671209999999974
20
-194.4525919999999815
11
172.8500980000000027
21
-194.4487399999999866
0
LINE
8
BLACK
6
CONTINUOUS
10
172.8500980000000027
20
-194.4487399999999866
11
172.833108999999979
21
-194.4447399999999959
0
LINE
8
BLACK
6
CONTINUOUS
10
172.833108999999979
20
-194.4447399999999959
11
172.8161559999999781
21
-194.4405909999999835
0
LINE
8
BLACK
6
CONTINUOUS
10
172.8161559999999781
20
-194.4405909999999835
11
172.7992399999999975
21
-194.4362950000000012
0
LINE
8
BLACK
6
CONTINUOUS
10
172.7992399999999975
20
-194.4362950000000012
11
172.7823620000000062
21
-194.4318519999999921
0
LINE
8
BLACK
6
CONTINUOUS
10
172.7823620000000062
20
-194.4318519999999921
11
172.7655230000000017
21
-194.4272609999999872
0
LINE
8
BLACK
6
CONTINUOUS
10
172.7655230000000017
20
-194.4272609999999872
11
172.748724999999979
21
-194.422522999999984
0
LINE
8
BLACK
6
CONTINUOUS
10
172.748724999999979
20
-194.422522999999984
11
172.7319689999999923
21
-194.4176389999999799
0
LINE
8
BLACK
6
CONTINUOUS
10
172.7319689999999923
20
-194.4176389999999799
11
172.7152569999999798
21
-194.4126100000000008
0
LINE
8
BLACK
6
CONTINUOUS
10
172.7152569999999798
20
-194.4126100000000008
11
172.6985880000000009
21
-194.407433999999995
0
LINE
8
BLACK
6
CONTINUOUS
10
172.6985880000000009
20
-194.407433999999995
11
172.6819659999999885
21
-194.4021129999999857
0
LINE
8
BLACK
6
CONTINUOUS
10
172.6819659999999885
20
-194.4021129999999857
11
172.6653909999999996
21
-194.3966470000000015
0
LINE
8
BLACK
6
CONTINUOUS
10
172.6653909999999996
20
-194.3966470000000015
11
172.6488640000000032
21
-194.391036999999983
0
LINE
8
BLACK
6
CONTINUOUS
10
172.6488640000000032
20
-194.391036999999983
11
172.6323859999999968
21
-194.3852829999999869
0
LINE
8
BLACK
6
CONTINUOUS
10
172.6323859999999968
20
-194.3852829999999869
11
172.6159600000000012
21
-194.379384999999985
0
LINE
8
BLACK
6
CONTINUOUS
10
172.6159600000000012
20
-194.379384999999985
11
172.5995849999999905
21
-194.373344000000003
0
LINE
8
BLACK
6
CONTINUOUS
10
172.5995849999999905
20
-194.373344000000003
11
172.5832639999999856
21
-194.3671609999999816
0
LINE
8
BLACK
6
CONTINUOUS
10
172.5832639999999856
20
-194.3671609999999816
11
172.5669979999999839
21
-194.3608349999999803
0
LINE
8
BLACK
6
CONTINUOUS
10
172.5669979999999839
20
-194.3608349999999803
11
172.5507869999999855
21
-194.3543679999999938
0
LINE
8
BLACK
6
CONTINUOUS
10
172.5507869999999855
20
-194.3543679999999938
11
172.5346329999999853
21
-194.3477589999999964
0
LINE
8
BLACK
6
CONTINUOUS
10
172.5346329999999853
20
-194.3477589999999964
11
172.5185379999999782
21
-194.3410099999999829
0
LINE
8
BLACK
6
CONTINUOUS
10
172.5185379999999782
20
-194.3410099999999829
11
172.5025019999999927
21
-194.3341199999999844
0
LINE
8
BLACK
6
CONTINUOUS
10
172.5025019999999927
20
-194.3341199999999844
11
172.4865269999999953
21
-194.3270909999999958
0
LINE
8
BLACK
6
CONTINUOUS
10
172.4865269999999953
20
-194.3270909999999958
11
172.4706139999999834
21
-194.3199229999999886
0
LINE
8
BLACK
6
CONTINUOUS
10
172.4706139999999834
20
-194.3199229999999886
11
172.4547629999999856
21
-194.3126159999999913
0
LINE
8
BLACK
6
CONTINUOUS
10
172.4547629999999856
20
-194.3126159999999913
11
172.4389779999999917
21
-194.3051710000000014
0
LINE
8
BLACK
6
CONTINUOUS
10
172.4389779999999917
20
-194.3051710000000014
11
172.4232580000000041
21
-194.2975879999999904
0
LINE
8
BLACK
6
CONTINUOUS
10
172.4232580000000041
20
-194.2975879999999904
11
172.4076039999999921
21
-194.2898689999999817
0
LINE
8
BLACK
6
CONTINUOUS
10
172.4076039999999921
20
-194.2898689999999817
11
172.3920190000000048
21
-194.2820129999999779
0
LINE
8
BLACK
6
CONTINUOUS
10
172.3920190000000048
20
-194.2820129999999779
11
172.3765029999999854
21
-194.2740220000000022
0
LINE
8
BLACK
6
CONTINUOUS
10
172.3765029999999854
20
-194.2740220000000022
11
172.3610569999999882
21
-194.2658950000000004
0
LINE
8
BLACK
6
CONTINUOUS
10
172.3610569999999882
20
-194.2658950000000004
11
172.3456819999999823
21
-194.2576339999999959
0
LINE
8
BLACK
6
CONTINUOUS
10
172.3456819999999823
20
-194.2576339999999959
11
172.3303809999999885
21
-194.2492389999999887
0
LINE
8
BLACK
6
CONTINUOUS
10
172.3303809999999885
20
-194.2492389999999887
11
172.3151529999999809
21
-194.2407110000000046
0
LINE
8
BLACK
6
CONTINUOUS
10
172.3151529999999809
20
-194.2407110000000046
11
172.2999999999999829
21
-194.2320509999999842
0
LINE
8
BLACK
6
CONTINUOUS
10
172.2999999999999829
20
-194.2320509999999842
11
172.284922999999992
21
-194.2232579999999871
0
LINE
8
BLACK
6
CONTINUOUS
10
172.284922999999992
20
-194.2232579999999871
11
172.2699240000000032
21
-194.2143349999999771
0
LINE
8
BLACK
6
CONTINUOUS
10
172.2699240000000032
20
-194.2143349999999771
11
172.2550029999999879
21
-194.2052799999999877
0
LINE
8
BLACK
6
CONTINUOUS
10
172.2550029999999879
20
-194.2052799999999877
11
172.2546260000000018
21
-194.2050490000000025
0
LINE
8
BLACK
6
CONTINUOUS
10
171.9367220000000032
20
-193.9633779999999774
11
171.9240039999999965
21
-193.9514250000000004
0
LINE
8
BLACK
6
CONTINUOUS
10
171.9240039999999965
20
-193.9514250000000004
11
171.9113909999999805
21
-193.9393619999999885
0
LINE
8
BLACK
6
CONTINUOUS
10
171.9113909999999805
20
-193.9393619999999885
11
171.8988829999999837
21
-193.927189999999996
0
LINE
8
BLACK
6
CONTINUOUS
10
171.8988829999999837
20
-193.927189999999996
11
171.8864820000000009
21
-193.9149089999999944
0
LINE
8
BLACK
6
CONTINUOUS
10
171.8864820000000009
20
-193.9149089999999944
11
171.8741880000000037
21
-193.9025199999999813
0
LINE
8
BLACK
6
CONTINUOUS
10
171.8741880000000037
20
-193.9025199999999813
11
171.8620039999999847
21
-193.8900239999999826
0
LINE
8
BLACK
6
CONTINUOUS
10
171.8620039999999847
20
-193.8900239999999826
11
171.8499280000000056
21
-193.8774219999999957
0
LINE
8
BLACK
6
CONTINUOUS
10
171.8499280000000056
20
-193.8774219999999957
11
171.837963000000002
21
-193.8647159999999872
0
LINE
8
BLACK
6
CONTINUOUS
10
171.837963000000002
20
-193.8647159999999872
11
171.8261099999999999
21
-193.8519049999999879
0
LINE
8
BLACK
6
CONTINUOUS
10
171.8261099999999999
20
-193.8519049999999879
11
171.8143680000000018
21
-193.8389919999999904
0
LINE
8
BLACK
6
CONTINUOUS
10
171.8143680000000018
20
-193.8389919999999904
11
171.80274
21
-193.8259759999999972
0
LINE
8
BLACK
6
CONTINUOUS
10
171.80274
20
-193.8259759999999972
11
171.7912259999999947
21
-193.8128600000000006
0
LINE
8
BLACK
6
CONTINUOUS
10
171.7912259999999947
20
-193.8128600000000006
11
171.7798269999999832
21
-193.7996440000000007
0
LINE
8
BLACK
6
CONTINUOUS
10
171.7798269999999832
20
-193.7996440000000007
11
171.768542999999994
21
-193.7863279999999975
0
LINE
8
BLACK
6
CONTINUOUS
10
171.768542999999994
20
-193.7863279999999975
11
171.7573759999999936
21
-193.7729149999999834
0
LINE
8
BLACK
6
CONTINUOUS
10
171.7573759999999936
20
-193.7729149999999834
11
171.7463269999999795
21
-193.7594049999999868
0
LINE
8
BLACK
6
CONTINUOUS
10
171.7463269999999795
20
-193.7594049999999868
11
171.7353959999999802
21
-193.7457990000000052
0
LINE
8
BLACK
6
CONTINUOUS
10
171.7353959999999802
20
-193.7457990000000052
11
171.724583999999993
21
-193.7320979999999793
0
LINE
8
BLACK
6
CONTINUOUS
10
171.724583999999993
20
-193.7320979999999793
11
171.7138919999999871
21
-193.7183029999999917
0
LINE
8
BLACK
6
CONTINUOUS
10
171.7138919999999871
20
-193.7183029999999917
11
171.7033209999999883
21
-193.7044149999999831
0
LINE
8
BLACK
6
CONTINUOUS
10
171.7033209999999883
20
-193.7044149999999831
11
171.6928709999999967
21
-193.6904360000000054
0
LINE
8
BLACK
6
CONTINUOUS
10
171.6928709999999967
20
-193.6904360000000054
11
171.6825439999999787
21
-193.6763660000000016
0
LINE
8
BLACK
6
CONTINUOUS
10
171.6825439999999787
20
-193.6763660000000016
11
171.6723399999999913
21
-193.6622059999999976
0
LINE
8
BLACK
6
CONTINUOUS
10
171.6723399999999913
20
-193.6622059999999976
11
171.6622600000000034
21
-193.6479579999999885
0
LINE
8
BLACK
6
CONTINUOUS
10
171.6622600000000034
20
-193.6479579999999885
11
171.6523049999999841
21
-193.633623
0
LINE
8
BLACK
6
CONTINUOUS
10
171.6523049999999841
20
-193.633623
11
171.6424749999999904
21
-193.6192010000000039
0
LINE
8
BLACK
6
CONTINUOUS
10
171.6424749999999904
20
-193.6192010000000039
11
171.6327709999999911
21
-193.604693999999995
0
LINE
8
BLACK
6
CONTINUOUS
10
171.6327709999999911
20
-193.604693999999995
11
171.6231949999999813
21
-193.5901020000000017
0
LINE
8
BLACK
6
CONTINUOUS
10
171.6231949999999813
20
-193.5901020000000017
11
171.6137459999999919
21
-193.5754279999999881
0
LINE
8
BLACK
6
CONTINUOUS
10
171.6137459999999919
20
-193.5754279999999881
11
171.604424999999992
21
-193.5606719999999825
0
LINE
8
BLACK
6
CONTINUOUS
10
171.604424999999992
20
-193.5606719999999825
11
171.5952340000000049
21
-193.5458349999999825
0
LINE
8
BLACK
6
CONTINUOUS
10
171.5952340000000049
20
-193.5458349999999825
11
171.5861720000000048
21
-193.530918999999983
0
LINE
8
BLACK
6
CONTINUOUS
10
171.5861720000000048
20
-193.530918999999983
11
171.5772409999999866
21
-193.5159239999999841
0
LINE
8
BLACK
6
CONTINUOUS
10
171.5772409999999866
20
-193.5159239999999841
11
171.5684409999999787
21
-193.5008509999999831
0
LINE
8
BLACK
6
CONTINUOUS
10
171.5684409999999787
20
-193.5008509999999831
11
171.5597729999999785
21
-193.4857030000000009
0
LINE
8
BLACK
6
CONTINUOUS
10
171.5597729999999785
20
-193.4857030000000009
11
171.5512369999999862
21
-193.4704789999999832
0
LINE
8
BLACK
6
CONTINUOUS
10
171.5512369999999862
20
-193.4704789999999832
11
171.5428349999999966
21
-193.4551809999999819
0
LINE
8
BLACK
6
CONTINUOUS
10
171.5428349999999966
20
-193.4551809999999819
11
171.5345669999999814
21
-193.4398109999999917
0
LINE
8
BLACK
6
CONTINUOUS
10
171.5345669999999814
20
-193.4398109999999917
11
171.5264329999999973
21
-193.4243689999999845
0
LINE
8
BLACK
6
CONTINUOUS
10
171.5264329999999973
20
-193.4243689999999845
11
171.518433999999985
21
-193.4088569999999834
0
LINE
8
BLACK
6
CONTINUOUS
10
171.518433999999985
20
-193.4088569999999834
11
171.5105700000000013
21
-193.3932749999999885
0
LINE
8
BLACK
6
CONTINUOUS
10
171.5105700000000013
20
-193.3932749999999885
11
171.5028429999999844
21
-193.3776259999999922
0
LINE
8
BLACK
6
CONTINUOUS
10
171.5028429999999844
20
-193.3776259999999922
11
171.4952529999999911
21
-193.3619089999999971
0
LINE
8
BLACK
6
CONTINUOUS
10
171.4952529999999911
20
-193.3619089999999971
11
171.4877999999999929
21
-193.3461269999999956
0
LINE
8
BLACK
6
CONTINUOUS
10
171.4877999999999929
20
-193.3461269999999956
11
171.4804849999999874
21
-193.3302809999999852
0
LINE
8
BLACK
6
CONTINUOUS
10
171.4804849999999874
20
-193.3302809999999852
11
171.4733090000000004
21
-193.3143709999999942
0
LINE
8
BLACK
6
CONTINUOUS
10
171.4733090000000004
20
-193.3143709999999942
11
171.4662720000000036
21
-193.2983999999999867
0
LINE
8
BLACK
6
CONTINUOUS
10
171.4662720000000036
20
-193.2983999999999867
11
171.4593749999999943
21
-193.2823669999999936
0
LINE
8
BLACK
6
CONTINUOUS
10
171.4593749999999943
20
-193.2823669999999936
11
171.4526170000000036
21
-193.2662749999999789
0
LINE
8
BLACK
6
CONTINUOUS
10
171.4526170000000036
20
-193.2662749999999789
11
171.4460009999999954
21
-193.250124999999997
0
LINE
8
BLACK
6
CONTINUOUS
10
171.4460009999999954
20
-193.250124999999997
11
171.4395250000000033
21
-193.233916999999991
0
LINE
8
BLACK
6
CONTINUOUS
10
171.4395250000000033
20
-193.233916999999991
11
171.4331919999999911
21
-193.2176539999999818
0
LINE
8
BLACK
6
CONTINUOUS
10
171.4331919999999911
20
-193.2176539999999818
11
171.4269999999999925
21
-193.2013359999999977
0
LINE
8
BLACK
6
CONTINUOUS
10
171.4269999999999925
20
-193.2013359999999977
11
171.4209510000000023
21
-193.1849639999999795
0
LINE
8
BLACK
6
CONTINUOUS
10
171.4209510000000023
20
-193.1849639999999795
11
171.4150449999999921
21
-193.1685399999999788
0
LINE
8
BLACK
6
CONTINUOUS
10
171.4150449999999921
20
-193.1685399999999788
11
171.4092829999999879
21
-193.1520659999999907
0
LINE
8
BLACK
6
CONTINUOUS
10
171.4092829999999879
20
-193.1520659999999907
11
171.4036649999999895
21
-193.1355419999999867
0
LINE
8
BLACK
6
CONTINUOUS
10
171.4036649999999895
20
-193.1355419999999867
11
171.3981909999999971
21
-193.1189689999999928
0
LINE
8
BLACK
6
CONTINUOUS
10
171.3981909999999971
20
-193.1189689999999928
11
171.3928619999999796
21
-193.1023490000000038
0
LINE
8
BLACK
6
CONTINUOUS
10
171.3928619999999796
20
-193.1023490000000038
11
171.387677999999994
21
-193.0856839999999863
0
LINE
8
BLACK
6
CONTINUOUS
10
171.387677999999994
20
-193.0856839999999863
11
171.3826399999999808
21
-193.0689729999999997
0
LINE
8
BLACK
6
CONTINUOUS
10
171.3826399999999808
20
-193.0689729999999997
11
171.3777479999999969
21
-193.0522199999999771
0
LINE
8
BLACK
6
CONTINUOUS
10
171.3777479999999969
20
-193.0522199999999771
11
171.3730019999999854
21
-193.0354239999999777
0
LINE
8
BLACK
6
CONTINUOUS
10
171.3730019999999854
20
-193.0354239999999777
11
171.3728839999999991
21
-193.0349980000000016
0
LINE
8
BLACK
6
CONTINUOUS
10
171.3050099999999816
20
-192.6414739999999881
11
171.3038509999999803
21
-192.6240599999999858
0
LINE
8
BLACK
6
CONTINUOUS
10
171.3038509999999803
20
-192.6240599999999858
11
171.3028449999999907
21
-192.6066349999999829
0
LINE
8
BLACK
6
CONTINUOUS
10
171.3028449999999907
20
-192.6066349999999829
11
171.3019899999999893
21
-192.5892029999999977
0
LINE
8
BLACK
6
CONTINUOUS
10
171.3019899999999893
20
-192.5892029999999977
11
171.3012879999999996
21
-192.5717640000000017
0
LINE
8
BLACK
6
CONTINUOUS
10
171.3012879999999996
20
-192.5717640000000017
11
171.3007379999999955
21
-192.5543199999999899
0
LINE
8
BLACK
6
CONTINUOUS
10
171.3007379999999955
20
-192.5543199999999899
11
171.3003400000000056
21
-192.5368709999999908
0
LINE
8
BLACK
6
CONTINUOUS
10
171.3003400000000056
20
-192.5368709999999908
11
171.3000940000000014
21
-192.5194189999999992
0
LINE
8
BLACK
6
CONTINUOUS
10
171.3000940000000014
20
-192.5194189999999992
11
171.3000009999999804
21
-192.5019659999999817
0
LINE
8
BLACK
6
CONTINUOUS
10
171.3000009999999804
20
-192.5019659999999817
11
171.2999999999999829
21
-192.5
0
LINE
8
BLACK
6
CONTINUOUS
10
362.7807449999999676
20
-12.1897489999999991
11
362.3362419999999702
21
-11.745215
0
LINE
8
BLACK
6
CONTINUOUS
10
406.9082389999999805
20
-194.0357489999999814
11
407.3527419999999779
21
-194.4802479999999889
0
LINE
8
BLACK
6
CONTINUOUS
10
268.8104720000000043
20
-193.
11
269.9104719999999702
21
-193.
0
LINE
8
BLACK
6
CONTINUOUS
10
270.3104720000000043
20
-193.
11
271.4104719999999702
21
-193.
0
LINE
8
BLACK
6
CONTINUOUS
10
271.8104720000000043
20
-193.
11
272.9104719999999702
21
-193.
0
LINE
8
BLACK
6
CONTINUOUS
10
273.3034910000000082
20
-193.
11
273.3034910000000082
21
-194.0999999999999943
0
LINE
8
BLACK
6
CONTINUOUS
10
273.3034910000000082
20
-194.5
11
272.2034909999999854
21
-194.5
0
LINE
8
BLACK
6
CONTINUOUS
10
271.8034910000000082
20
-194.5
11
270.7034909999999854
21
-194.5
0
LINE
8
BLACK
6
CONTINUOUS
10
270.3034910000000082
20
-194.5
11
269.2034909999999854
21
-194.5
0
LINE
8
BLACK
6
CONTINUOUS
10
268.8104720000000043
20
-194.5
11
268.8104720000000043
21
-193.3999999999999773
0
LINE
8
BLACK
6
CONTINUOUS
10
144.
20
-160.7999999999999829
11
152.5
21
-160.7999999999999829
0
LINE
8
BLACK
6
CONTINUOUS
10
302.5582390000000146
20
-11.3642509999999994
11
303.002742000000012
21
-10.919751999999999
0
LINE
8
BLACK
6
CONTINUOUS
10
187.6999999999999886
20
-193.
11
188.7999999999999829
21
-193.
0
LINE
8
BLACK
6
CONTINUOUS
10
189.1999999999999886
20
-193.
11
190.2999999999999829
21
-193.
0
LINE
8
BLACK
6
CONTINUOUS
10
190.6999999999999886
20
-193.
11
191.7999999999999829
21
-193.
0
LINE
8
BLACK
6
CONTINUOUS
10
192.1930189999999925
20
-193.
11
192.1930189999999925
21
-194.0999999999999943
0
LINE
8
BLACK
6
CONTINUOUS
10
192.1930189999999925
20
-194.5
11
191.0930189999999982
21
-194.5
0
LINE
8
BLACK
6
CONTINUOUS
10
190.6930189999999925
20
-194.5
11
189.5930189999999982
21
-194.5
0
LINE
8
BLACK
6
CONTINUOUS
10
189.1930189999999925
20
-194.5
11
188.0930189999999982
21
-194.5
0
LINE
8
BLACK
6
CONTINUOUS
10
187.6999999999999886
20
-194.5
11
187.6999999999999886
21
-193.3999999999999773
0
LINE
8
BLACK
6
CONTINUOUS
10
292.3000000000000114
20
-10.9000000000000004
11
292.3000000000000114
21
-12.
0
LINE
8
BLACK
6
CONTINUOUS
10
298.4307450000000017
20
-12.3802489999999992
11
298.4307450000000017
21
-12.3167139999999993
0
LINE
8
BLACK
6
CONTINUOUS
10
410.2999999999999545
20
-152.2999999999999829
11
416.7999999999999545
21
-152.2999999999999829
0
LINE
8
BLACK
6
CONTINUOUS
10
171.2999999999999829
20
-160.7999999999999829
11
172.4000000000000057
21
-160.7999999999999829
0
ARC
8
BLACK
10
175.2999999999999829
20
-162.2999999999999829
40
4.
50
-180.00000000
51
-90.00000000
0
LINE
8
BLACK
6
CONTINUOUS
10
297.5417610000000082
20
-11.3642509999999994
11
297.0972580000000107
21
-10.919751999999999
0
LINE
8
BLACK
6
CONTINUOUS
10
402.7807449999999676
20
-193.2102509999999995
11
403.8602419999999711
21
-193.2102509999999995
0
LINE
8
BLACK
6
CONTINUOUS
10
302.5582390000000146
20
-11.3642509999999994
11
303.002742000000012
21
-10.919751999999999
0
LINE
8
BLACK
6
CONTINUOUS
10
421.2999999999999545
20
-12.3999999999999986
11
421.3043629999999666
21
-12.4000189999999986
0
LINE
8
BLACK
6
CONTINUOUS
10
421.3043629999999666
20
-12.4000189999999986
11
421.3087259999999787
21
-12.4000760000000003
0
LINE
8
BLACK
6
CONTINUOUS
10
421.3087259999999787
20
-12.4000760000000003
11
421.3130879999999934
21
-12.4001710000000003
0
LINE
8
BLACK
6
CONTINUOUS
10
421.3130879999999934
20
-12.4001710000000003
11
421.317450000000008
21
-12.4003049999999995
0
LINE
8
BLACK
6
CONTINUOUS
10
421.317450000000008
20
-12.4003049999999995
11
421.3218099999999708
21
-12.4004759999999994
0
LINE
8
BLACK
6
CONTINUOUS
10
421.3218099999999708
20
-12.4004759999999994
11
421.3261679999999956
21
-12.4006849999999993
0
LINE
8
BLACK
6
CONTINUOUS
10
421.3261679999999956
20
-12.4006849999999993
11
421.3305239999999685
21
-12.4009330000000002
0
LINE
8
BLACK
6
CONTINUOUS
10
421.3305239999999685
20
-12.4009330000000002
11
421.3348780000000033
21
-12.4012180000000001
0
LINE
8
BLACK
6
CONTINUOUS
10
421.3348780000000033
20
-12.4012180000000001
11
421.3392299999999864
21
-12.4015409999999999
0
LINE
8
BLACK
6
CONTINUOUS
10
421.3392299999999864
20
-12.4015409999999999
11
421.3435779999999795
21
-12.401902999999999
0
LINE
8
BLACK
6
CONTINUOUS
10
421.3435779999999795
20
-12.401902999999999
11
421.3479229999999802
21
-12.4023019999999988
0
LINE
8
BLACK
6
CONTINUOUS
10
421.3479229999999802
20
-12.4023019999999988
11
421.352263999999991
21
-12.4027389999999986
0
LINE
8
BLACK
6
CONTINUOUS
10
421.352263999999991
20
-12.4027389999999986
11
421.3566019999999526
21
-12.4032140000000002
0
LINE
8
BLACK
6
CONTINUOUS
10
421.3566019999999526
20
-12.4032140000000002
11
421.3609349999999836
21
-12.4037269999999999
0
LINE
8
BLACK
6
CONTINUOUS
10
421.3609349999999836
20
-12.4037269999999999
11
421.3652629999999704
21
-12.4042779999999997
0
LINE
8
BLACK
6
CONTINUOUS
10
421.3652629999999704
20
-12.4042779999999997
11
421.3695869999999672
21
-12.4048660000000002
0
LINE
8
BLACK
6
CONTINUOUS
10
421.3695869999999672
20
-12.4048660000000002
11
421.3739049999999793
21
-12.4054919999999989
0
LINE
8
BLACK
6
CONTINUOUS
10
421.3739049999999793
20
-12.4054919999999989
11
421.3782170000000065
21
-12.4061559999999993
0
LINE
8
BLACK
6
CONTINUOUS
10
421.3782170000000065
20
-12.4061559999999993
11
421.3825239999999894
21
-12.4068569999999987
0
LINE
8
BLACK
6
CONTINUOUS
10
421.3825239999999894
20
-12.4068569999999987
11
421.3868239999999901
21
-12.4075959999999998
0
LINE
8
BLACK
6
CONTINUOUS
10
421.3868239999999901
20
-12.4075959999999998
11
421.3911180000000058
21
-12.4083729999999992
0
LINE
8
BLACK
6
CONTINUOUS
10
421.3911180000000058
20
-12.4083729999999992
11
421.395403999999985
21
-12.409186
0
LINE
8
BLACK
6
CONTINUOUS
10
421.395403999999985
20
-12.409186
11
421.3996839999999793
21
-12.4100380000000001
0
LINE
8
BLACK
6
CONTINUOUS
10
421.3996839999999793
20
-12.4100380000000001
11
421.4039559999999938
21
-12.4109259999999999
0
LINE
8
BLACK
6
CONTINUOUS
10
421.4039559999999938
20
-12.4109259999999999
11
421.4082199999999716
21
-12.4118519999999997
0
LINE
8
BLACK
6
CONTINUOUS
10
421.4082199999999716
20
-12.4118519999999997
11
421.4124759999999696
21
-12.4128150000000002
0
LINE
8
BLACK
6
CONTINUOUS
10
421.4124759999999696
20
-12.4128150000000002
11
421.4167229999999904
21
-12.4138149999999996
0
LINE
8
BLACK
6
CONTINUOUS
10
421.4167229999999904
20
-12.4138149999999996
11
421.420960999999977
21
-12.4148519999999998
0
LINE
8
BLACK
6
CONTINUOUS
10
421.420960999999977
20
-12.4148519999999998
11
421.4251899999999864
21
-12.4159259999999989
0
LINE
8
BLACK
6
CONTINUOUS
10
421.4251899999999864
20
-12.4159259999999989
11
421.4294099999999617
21
-12.4170369999999988
0
LINE
8
BLACK
6
CONTINUOUS
10
421.4294099999999617
20
-12.4170369999999988
11
421.4336189999999647
21
-12.4181849999999994
0
LINE
8
BLACK
6
CONTINUOUS
10
421.4336189999999647
20
-12.4181849999999994
11
421.4378189999999904
21
-12.4193689999999997
0
LINE
8
BLACK
6
CONTINUOUS
10
421.4378189999999904
20
-12.4193689999999997
11
421.4420079999999871
21
-12.4205899999999989
0
LINE
8
BLACK
6
CONTINUOUS
10
421.4420079999999871
20
-12.4205899999999989
11
421.4461859999999547
21
-12.4218479999999989
0
LINE
8
BLACK
6
CONTINUOUS
10
421.4461859999999547
20
-12.4218479999999989
11
421.4503530000000069
21
-12.4231419999999986
0
LINE
8
BLACK
6
CONTINUOUS
10
421.4503530000000069
20
-12.4231419999999986
11
421.4545079999999757
21
-12.4244719999999997
0
LINE
8
BLACK
6
CONTINUOUS
10
421.4545079999999757
20
-12.4244719999999997
11
421.4586519999999723
21
-12.4258379999999988
0
LINE
8
BLACK
6
CONTINUOUS
10
421.4586519999999723
20
-12.4258379999999988
11
421.4627839999999992
21
-12.4272409999999986
0
LINE
8
BLACK
6
CONTINUOUS
10
421.4627839999999992
20
-12.4272409999999986
11
421.4669030000000021
21
-12.4286789999999989
0
LINE
8
BLACK
6
CONTINUOUS
10
421.4669030000000021
20
-12.4286789999999989
11
421.4710099999999784
21
-12.4301539999999999
0
LINE
8
BLACK
6
CONTINUOUS
10
421.4710099999999784
20
-12.4301539999999999
11
421.4751039999999875
21
-12.4316639999999996
0
LINE
8
BLACK
6
CONTINUOUS
10
421.4751039999999875
20
-12.4316639999999996
11
421.4791839999999752
21
-12.433209999999999
0
LINE
8
BLACK
6
CONTINUOUS
10
421.4791839999999752
20
-12.433209999999999
11
421.4832509999999957
21
-12.4347909999999988
0
LINE
8
BLACK
6
CONTINUOUS
10
421.4832509999999957
20
-12.4347909999999988
11
421.4873029999999972
21
-12.4364080000000001
0
LINE
8
BLACK
6
CONTINUOUS
10
421.4873029999999972
20
-12.4364080000000001
11
421.4913419999999746
21
-12.4380600000000001
0
LINE
8
BLACK
6
CONTINUOUS
10
421.4913419999999746
20
-12.4380600000000001
11
421.49536599999999
21
-12.4397479999999998
0
LINE
8
BLACK
6
CONTINUOUS
10
421.49536599999999
20
-12.4397479999999998
11
421.4993749999999864
21
-12.4414699999999989
0
LINE
8
BLACK
6
CONTINUOUS
10
421.4993749999999864
20
-12.4414699999999989
11
421.5033679999999663
21
-12.4432270000000003
0
LINE
8
BLACK
6
CONTINUOUS
10
421.5033679999999663
20
-12.4432270000000003
11
421.5073469999999816
21
-12.4450190000000003
0
LINE
8
BLACK
6
CONTINUOUS
10
421.5073469999999816
20
-12.4450190000000003
11
421.5113089999999829
21
-12.446845999999999
0
LINE
8
BLACK
6
CONTINUOUS
10
421.5113089999999829
20
-12.446845999999999
11
421.5152559999999653
21
-12.4487069999999989
0
LINE
8
BLACK
6
CONTINUOUS
10
421.5152559999999653
20
-12.4487069999999989
11
421.5191859999999906
21
-12.4506029999999992
0
LINE
8
BLACK
6
CONTINUOUS
10
421.5191859999999906
20
-12.4506029999999992
11
421.523099000000002
21
-12.452532999999999
0
LINE
8
BLACK
6
CONTINUOUS
10
421.523099000000002
20
-12.452532999999999
11
421.5269949999999994
21
-12.4544969999999999
0
LINE
8
BLACK
6
CONTINUOUS
10
421.5269949999999994
20
-12.4544969999999999
11
421.530873999999983
21
-12.4564950000000003
0
LINE
8
BLACK
6
CONTINUOUS
10
421.530873999999983
20
-12.4564950000000003
11
421.5347359999999526
21
-12.4585259999999991
0
LINE
8
BLACK
6
CONTINUOUS
10
421.5347359999999526
20
-12.4585259999999991
11
421.5385789999999702
21
-12.4605909999999991
0
LINE
8
BLACK
6
CONTINUOUS
10
421.5385789999999702
20
-12.4605909999999991
11
421.5424049999999738
21
-12.4626900000000003
0
LINE
8
BLACK
6
CONTINUOUS
10
421.5424049999999738
20
-12.4626900000000003
11
421.5462119999999686
21
-12.4648219999999998
0
LINE
8
BLACK
6
CONTINUOUS
10
421.5462119999999686
20
-12.4648219999999998
11
421.5499999999999545
21
-12.4669869999999996
0
LINE
8
BLACK
6
CONTINUOUS
10
421.5499999999999545
20
-12.4669869999999996
11
421.5537689999999884
21
-12.4691849999999995
0
LINE
8
BLACK
6
CONTINUOUS
10
421.5537689999999884
20
-12.4691849999999995
11
421.5575189999999566
21
-12.4714159999999996
0
LINE
8
BLACK
6
CONTINUOUS
10
421.5575189999999566
20
-12.4714159999999996
11
421.5612489999999752
21
-12.4736799999999999
0
LINE
8
BLACK
6
CONTINUOUS
10
421.5612489999999752
20
-12.4736799999999999
11
421.564959999999985
21
-12.4759759999999993
0
LINE
8
BLACK
6
CONTINUOUS
10
421.564959999999985
20
-12.4759759999999993
11
421.568649999999991
21
-12.4783039999999996
0
LINE
8
BLACK
6
CONTINUOUS
10
421.568649999999991
20
-12.4783039999999996
11
421.5723199999999906
21
-12.4806650000000001
0
LINE
8
BLACK
6
CONTINUOUS
10
421.5723199999999906
20
-12.4806650000000001
11
421.5759679999999889
21
-12.4830569999999987
0
LINE
8
BLACK
6
CONTINUOUS
10
421.5759679999999889
20
-12.4830569999999987
11
421.5795959999999809
21
-12.4854810000000001
0
LINE
8
BLACK
6
CONTINUOUS
10
421.5795959999999809
20
-12.4854810000000001
11
421.5832029999999691
21
-12.4879369999999987
0
LINE
8
BLACK
6
CONTINUOUS
10
421.5832029999999691
20
-12.4879369999999987
11
421.5867879999999559
21
-12.4904239999999991
0
LINE
8
BLACK
6
CONTINUOUS
10
421.5867879999999559
20
-12.4904239999999991
11
421.5903509999999983
21
-12.4929419999999993
0
LINE
8
BLACK
6
CONTINUOUS
10
421.5903509999999983
20
-12.4929419999999993
11
421.59389299999998
21
-12.4954919999999987
0
LINE
8
BLACK
6
CONTINUOUS
10
421.59389299999998
20
-12.4954919999999987
11
421.5974109999999655
21
-12.4980719999999987
0
LINE
8
BLACK
6
CONTINUOUS
10
421.5974109999999655
20
-12.4980719999999987
11
421.600908000000004
21
-12.5006819999999994
0
LINE
8
BLACK
6
CONTINUOUS
10
421.600908000000004
20
-12.5006819999999994
11
421.6043809999999894
21
-12.503323
0
LINE
8
BLACK
6
CONTINUOUS
10
421.6043809999999894
20
-12.503323
11
421.607830999999976
21
-12.5059949999999986
0
LINE
8
BLACK
6
CONTINUOUS
10
421.607830999999976
20
-12.5059949999999986
11
421.6112569999999664
21
-12.5086959999999987
0
LINE
8
BLACK
6
CONTINUOUS
10
421.6112569999999664
20
-12.5086959999999987
11
421.614659999999958
21
-12.5114269999999994
0
LINE
8
BLACK
6
CONTINUOUS
10
421.614659999999958
20
-12.5114269999999994
11
421.6180389999999534
21
-12.514187999999999
0
LINE
8
BLACK
6
CONTINUOUS
10
421.6180389999999534
20
-12.514187999999999
11
421.6213940000000093
21
-12.5169779999999999
0
LINE
8
BLACK
6
CONTINUOUS
10
421.6213940000000093
20
-12.5169779999999999
11
421.6247239999999579
21
-12.5197969999999987
0
LINE
8
BLACK
6
CONTINUOUS
10
421.6247239999999579
20
-12.5197969999999987
11
421.628029999999967
21
-12.5226449999999989
0
LINE
8
BLACK
6
CONTINUOUS
10
421.628029999999967
20
-12.5226449999999989
11
421.6313099999999849
21
-12.5255219999999987
0
LINE
8
BLACK
6
CONTINUOUS
10
421.6313099999999849
20
-12.5255219999999987
11
421.6345650000000091
21
-12.5284279999999999
0
LINE
8
BLACK
6
CONTINUOUS
10
421.6345650000000091
20
-12.5284279999999999
11
421.6377949999999828
21
-12.5313609999999986
0
LINE
8
BLACK
6
CONTINUOUS
10
421.6377949999999828
20
-12.5313609999999986
11
421.6409989999999652
21
-12.5343229999999988
0
LINE
8
BLACK
6
CONTINUOUS
10
421.6409989999999652
20
-12.5343229999999988
11
421.6441769999999565
21
-12.5373129999999993
0
LINE
8
BLACK
6
CONTINUOUS
10
421.6441769999999565
20
-12.5373129999999993
11
421.6473289999999565
21
-12.5403299999999991
0
LINE
8
BLACK
6
CONTINUOUS
10
421.6473289999999565
20
-12.5403299999999991
11
421.6504549999999654
21
-12.5433749999999993
0
LINE
8
BLACK
6
CONTINUOUS
10
421.6504549999999654
20
-12.5433749999999993
11
421.6535529999999881
21
-12.5464469999999988
0
LINE
8
BLACK
6
CONTINUOUS
10
421.6535529999999881
20
-12.5464469999999988
11
421.6566249999999627
21
-12.5495450000000002
0
LINE
8
BLACK
6
CONTINUOUS
10
421.6566249999999627
20
-12.5495450000000002
11
421.6596700000000055
21
-12.5526710000000001
0
LINE
8
BLACK
6
CONTINUOUS
10
421.6596700000000055
20
-12.5526710000000001
11
421.6626870000000054
21
-12.5558230000000002
0
LINE
8
BLACK
6
CONTINUOUS
10
421.6626870000000054
20
-12.5558230000000002
11
421.6656769999999597
21
-12.5590010000000003
0
LINE
8
BLACK
6
CONTINUOUS
10
421.6656769999999597
20
-12.5590010000000003
11
421.6686389999999847
21
-12.5622049999999987
0
LINE
8
BLACK
6
CONTINUOUS
10
421.6686389999999847
20
-12.5622049999999987
11
421.6715719999999692
21
-12.565434999999999
0
LINE
8
BLACK
6
CONTINUOUS
10
421.6715719999999692
20
-12.565434999999999
11
421.674477999999965
21
-12.5686900000000001
0
LINE
8
BLACK
6
CONTINUOUS
10
421.674477999999965
20
-12.5686900000000001
11
421.6773549999999773
21
-12.5719700000000003
0
LINE
8
BLACK
6
CONTINUOUS
10
421.6773549999999773
20
-12.5719700000000003
11
421.6802030000000059
21
-12.5752759999999988
0
LINE
8
BLACK
6
CONTINUOUS
10
421.6802030000000059
20
-12.5752759999999988
11
421.683021999999994
21
-12.5786059999999988
0
LINE
8
BLACK
6
CONTINUOUS
10
421.683021999999994
20
-12.5786059999999988
11
421.6858119999999985
21
-12.5819609999999997
0
LINE
8
BLACK
6
CONTINUOUS
10
421.6858119999999985
20
-12.5819609999999997
11
421.6885729999999626
21
-12.5853399999999986
0
LINE
8
BLACK
6
CONTINUOUS
10
421.6885729999999626
20
-12.5853399999999986
11
421.6913040000000024
21
-12.5887429999999991
0
LINE
8
BLACK
6
CONTINUOUS
10
421.6913040000000024
20
-12.5887429999999991
11
421.6940050000000042
21
-12.5921690000000002
0
LINE
8
BLACK
6
CONTINUOUS
10
421.6940050000000042
20
-12.5921690000000002
11
421.6966769999999656
21
-12.5956189999999992
0
LINE
8
BLACK
6
CONTINUOUS
10
421.6966769999999656
20
-12.5956189999999992
11
421.6993180000000052
21
-12.5990919999999988
0
LINE
8
BLACK
6
CONTINUOUS
10
421.6993180000000052
20
-12.5990919999999988
11
421.7019279999999526
21
-12.602589
0
LINE
8
BLACK
6
CONTINUOUS
10
421.7019279999999526
20
-12.602589
11
421.7045079999999757
21
-12.6061069999999997
0
LINE
8
BLACK
6
CONTINUOUS
10
421.7045079999999757
20
-12.6061069999999997
11
421.7070579999999609
21
-12.6096489999999992
0
LINE
8
BLACK
6
CONTINUOUS
10
421.7070579999999609
20
-12.6096489999999992
11
421.70957599999997
21
-12.613211999999999
0
LINE
8
BLACK
6
CONTINUOUS
10
421.70957599999997
20
-12.613211999999999
11
421.7120630000000006
21
-12.616797
0
LINE
8
BLACK
6
CONTINUOUS
10
421.7120630000000006
20
-12.616797
11
421.7145189999999957
21
-12.6204039999999988
0
LINE
8
BLACK
6
CONTINUOUS
10
421.7145189999999957
20
-12.6204039999999988
11
421.7169429999999579
21
-12.6240319999999997
0
LINE
8
BLACK
6
CONTINUOUS
10
421.7169429999999579
20
-12.6240319999999997
11
421.7193350000000009
21
-12.6276799999999998
0
LINE
8
BLACK
6
CONTINUOUS
10
421.7193350000000009
20
-12.6276799999999998
11
421.7216960000000086
21
-12.6313499999999994
0
LINE
8
BLACK
6
CONTINUOUS
10
421.7216960000000086
20
-12.6313499999999994
11
421.7240239999999858
21
-12.63504
0
LINE
8
BLACK
6
CONTINUOUS
10
421.7240239999999858
20
-12.63504
11
421.726319999999987
21
-12.6387509999999992
0
LINE
8
BLACK
6
CONTINUOUS
10
421.726319999999987
20
-12.6387509999999992
11
421.7285839999999553
21
-12.6424810000000001
0
LINE
8
BLACK
6
CONTINUOUS
10
421.7285839999999553
20
-12.6424810000000001
11
421.7308150000000069
21
-12.6462310000000002
0
LINE
8
BLACK
6
CONTINUOUS
10
421.7308150000000069
20
-12.6462310000000002
11
421.7330129999999713
21
-12.6499999999999986
0
LINE
8
BLACK
6
CONTINUOUS
10
421.7330129999999713
20
-12.6499999999999986
11
421.7351779999999621
21
-12.6537879999999987
0
LINE
8
BLACK
6
CONTINUOUS
10
421.7351779999999621
20
-12.6537879999999987
11
421.7373099999999795
21
-12.6575949999999988
0
LINE
8
BLACK
6
CONTINUOUS
10
421.7373099999999795
20
-12.6575949999999988
11
421.7394089999999665
21
-12.6614209999999989
0
LINE
8
BLACK
6
CONTINUOUS
10
421.7394089999999665
20
-12.6614209999999989
11
421.7414739999999824
21
-12.6652639999999987
0
LINE
8
BLACK
6
CONTINUOUS
10
421.7414739999999824
20
-12.6652639999999987
11
421.7435049999999706
21
-12.6691259999999986
0
LINE
8
BLACK
6
CONTINUOUS
10
421.7435049999999706
20
-12.6691259999999986
11
421.7455029999999851
21
-12.6730049999999999
0
LINE
8
BLACK
6
CONTINUOUS
10
421.7455029999999851
20
-12.6730049999999999
11
421.7474669999999719
21
-12.6769009999999991
0
LINE
8
BLACK
6
CONTINUOUS
10
421.7474669999999719
20
-12.6769009999999991
11
421.7493969999999877
21
-12.6808139999999998
0
LINE
8
BLACK
6
CONTINUOUS
10
421.7493969999999877
20
-12.6808139999999998
11
421.7512929999999756
21
-12.6847440000000002
0
LINE
8
BLACK
6
CONTINUOUS
10
421.7512929999999756
20
-12.6847440000000002
11
421.753153999999995
21
-12.6886909999999986
0
LINE
8
BLACK
6
CONTINUOUS
10
421.753153999999995
20
-12.6886909999999986
11
421.7549809999999866
21
-12.692653
0
LINE
8
BLACK
6
CONTINUOUS
10
421.7549809999999866
20
-12.692653
11
421.7567729999999528
21
-12.6966319999999993
0
LINE
8
BLACK
6
CONTINUOUS
10
421.7567729999999528
20
-12.6966319999999993
11
421.7585300000000075
21
-12.7006249999999987
0
LINE
8
BLACK
6
CONTINUOUS
10
421.7585300000000075
20
-12.7006249999999987
11
421.7602519999999799
21
-12.7046339999999987
0
LINE
8
BLACK
6
CONTINUOUS
10
421.7602519999999799
20
-12.7046339999999987
11
421.7619399999999814
21
-12.7086579999999998
0
LINE
8
BLACK
6
CONTINUOUS
10
421.7619399999999814
20
-12.7086579999999998
11
421.7635919999999601
21
-12.7126969999999986
0
LINE
8
BLACK
6
CONTINUOUS
10
421.7635919999999601
20
-12.7126969999999986
11
421.7652089999999703
21
-12.7167490000000001
0
LINE
8
BLACK
6
CONTINUOUS
10
421.7652089999999703
20
-12.7167490000000001
11
421.7667899999999577
21
-12.7208159999999992
0
LINE
8
BLACK
6
CONTINUOUS
10
421.7667899999999577
20
-12.7208159999999992
11
421.7683359999999766
21
-12.7248959999999993
0
LINE
8
BLACK
6
CONTINUOUS
10
421.7683359999999766
20
-12.7248959999999993
11
421.7698459999999727
21
-12.7289899999999996
0
LINE
8
BLACK
6
CONTINUOUS
10
421.7698459999999727
20
-12.7289899999999996
11
421.7713210000000004
21
-12.733096999999999
0
LINE
8
BLACK
6
CONTINUOUS
10
421.7713210000000004
20
-12.733096999999999
11
421.7727590000000077
21
-12.7372160000000001
0
LINE
8
BLACK
6
CONTINUOUS
10
421.7727590000000077
20
-12.7372160000000001
11
421.7741619999999898
21
-12.7413479999999986
0
LINE
8
BLACK
6
CONTINUOUS
10
421.7741619999999898
20
-12.7413479999999986
11
421.7755280000000084
21
-12.7454919999999987
0
LINE
8
BLACK
6
CONTINUOUS
10
421.7755280000000084
20
-12.7454919999999987
11
421.7768580000000043
21
-12.7496469999999995
0
LINE
8
BLACK
6
CONTINUOUS
10
421.7768580000000043
20
-12.7496469999999995
11
421.7781519999999773
21
-12.7538140000000002
0
LINE
8
BLACK
6
CONTINUOUS
10
421.7781519999999773
20
-12.7538140000000002
11
421.7794099999999844
21
-12.7579919999999998
0
LINE
8
BLACK
6
CONTINUOUS
10
421.7794099999999844
20
-12.7579919999999998
11
421.7806309999999712
21
-12.762181
0
LINE
8
BLACK
6
CONTINUOUS
10
421.7806309999999712
20
-12.762181
11
421.7818149999999946
21
-12.7663809999999991
0
LINE
8
BLACK
6
CONTINUOUS
10
421.7818149999999946
20
-12.7663809999999991
11
421.7829629999999952
21
-12.7705899999999986
0
LINE
8
BLACK
6
CONTINUOUS
10
421.7829629999999952
20
-12.7705899999999986
11
421.7840739999999755
21
-12.7748099999999987
0
LINE
8
BLACK
6
CONTINUOUS
10
421.7840739999999755
20
-12.7748099999999987
11
421.7851479999999924
21
-12.7790389999999991
0
LINE
8
BLACK
6
CONTINUOUS
10
421.7851479999999924
20
-12.7790389999999991
11
421.786184999999989
21
-12.783277
0
LINE
8
BLACK
6
CONTINUOUS
10
421.786184999999989
20
-12.783277
11
421.7871849999999654
21
-12.7875239999999994
0
LINE
8
BLACK
6
CONTINUOUS
10
421.7871849999999654
20
-12.7875239999999994
11
421.7881479999999783
21
-12.7917799999999993
0
LINE
8
BLACK
6
CONTINUOUS
10
421.7881479999999783
20
-12.7917799999999993
11
421.789073999999971
21
-12.7960440000000002
0
LINE
8
BLACK
6
CONTINUOUS
10
421.789073999999971
20
-12.7960440000000002
11
421.7899620000000027
21
-12.8003159999999987
0
LINE
8
BLACK
6
CONTINUOUS
10
421.7899620000000027
20
-12.8003159999999987
11
421.7908139999999548
21
-12.8045960000000001
0
LINE
8
BLACK
6
CONTINUOUS
10
421.7908139999999548
20
-12.8045960000000001
11
421.7916270000000054
21
-12.8088819999999988
0
LINE
8
BLACK
6
CONTINUOUS
10
421.7916270000000054
20
-12.8088819999999988
11
421.7924039999999763
21
-12.8131759999999986
0
LINE
8
BLACK
6
CONTINUOUS
10
421.7924039999999763
20
-12.8131759999999986
11
421.7931429999999864
21
-12.8174759999999992
0
LINE
8
BLACK
6
CONTINUOUS
10
421.7931429999999864
20
-12.8174759999999992
11
421.7938439999999787
21
-12.8217829999999999
0
LINE
8
BLACK
6
CONTINUOUS
10
421.7938439999999787
20
-12.8217829999999999
11
421.7945080000000075
21
-12.8260949999999987
0
LINE
8
BLACK
6
CONTINUOUS
10
421.7945080000000075
20
-12.8260949999999987
11
421.7951339999999618
21
-12.8304130000000001
0
LINE
8
BLACK
6
CONTINUOUS
10
421.7951339999999618
20
-12.8304130000000001
11
421.7957219999999552
21
-12.8347369999999987
0
LINE
8
BLACK
6
CONTINUOUS
10
421.7957219999999552
20
-12.8347369999999987
11
421.7962729999999851
21
-12.8390649999999997
0
LINE
8
BLACK
6
CONTINUOUS
10
421.7962729999999851
20
-12.8390649999999997
11
421.7967859999999973
21
-12.8433979999999988
0
LINE
8
BLACK
6
CONTINUOUS
10
421.7967859999999973
20
-12.8433979999999988
11
421.7972609999999918
21
-12.8477359999999994
0
LINE
8
BLACK
6
CONTINUOUS
10
421.7972609999999918
20
-12.8477359999999994
11
421.7976979999999685
21
-12.8520769999999995
0
LINE
8
BLACK
6
CONTINUOUS
10
421.7976979999999685
20
-12.8520769999999995
11
421.7980969999999843
21
-12.8564220000000002
0
LINE
8
BLACK
6
CONTINUOUS
10
421.7980969999999843
20
-12.8564220000000002
11
421.7984589999999798
21
-12.8607699999999987
0
LINE
8
BLACK
6
CONTINUOUS
10
421.7984589999999798
20
-12.8607699999999987
11
421.7987819999999601
21
-12.8651219999999995
0
LINE
8
BLACK
6
CONTINUOUS
10
421.7987819999999601
20
-12.8651219999999995
11
421.7990669999999795
21
-12.8694759999999988
0
LINE
8
BLACK
6
CONTINUOUS
10
421.7990669999999795
20
-12.8694759999999988
11
421.7993149999999787
21
-12.8738320000000002
0
LINE
8
BLACK
6
CONTINUOUS
10
421.7993149999999787
20
-12.8738320000000002
11
421.7995239999999626
21
-12.87819
0
LINE
8
BLACK
6
CONTINUOUS
10
421.7995239999999626
20
-12.87819
11
421.7996949999999856
21
-12.8825500000000002
0
LINE
8
BLACK
6
CONTINUOUS
10
421.7996949999999856
20
-12.8825500000000002
11
421.7998289999999884
21
-12.8869119999999988
0
LINE
8
BLACK
6
CONTINUOUS
10
421.7998289999999884
20
-12.8869119999999988
11
421.7999239999999759
21
-12.8912739999999992
0
LINE
8
BLACK
6
CONTINUOUS
10
421.7999239999999759
20
-12.8912739999999992
11
421.7999810000000025
21
-12.8956369999999989
0
LINE
8
BLACK
6
CONTINUOUS
10
421.7999810000000025
20
-12.8956369999999989
11
421.7999999999999545
21
-12.8999999999999986
0
LINE
8
BLACK
6
CONTINUOUS
10
399.4965100000000007
20
-148.7034909999999854
11
399.4965100000000007
21
-137.9034910000000025
0
LINE
8
BLACK
6
CONTINUOUS
10
402.7807449999999676
20
-193.0832859999999869
11
402.7807449999999676
21
-193.1467509999999947
0
LINE
8
BLACK
6
CONTINUOUS
10
295.8000000000000114
20
-164.7999999999999829
11
296.8999999999999773
21
-164.7999999999999829
0
LINE
8
BLACK
6
CONTINUOUS
10
297.3000000000000114
20
-164.7999999999999829
11
298.3999999999999773
21
-164.7999999999999829
0
LINE
8
BLACK
6
CONTINUOUS
10
298.8000000000000114
20
-164.7999999999999829
11
298.8000000000000114
21
-165.9000000000000057
0
LINE
8
BLACK
6
CONTINUOUS
10
298.8000000000000114
20
-166.2999999999999829
11
297.6999999999999886
21
-166.2999999999999829
0
LINE
8
BLACK
6
CONTINUOUS
10
297.3000000000000114
20
-166.2999999999999829
11
296.1999999999999886
21
-166.2999999999999829
0
LINE
8
BLACK
6
CONTINUOUS
10
295.8000000000000114
20
-166.2999999999999829
11
295.8000000000000114
21
-165.1999999999999886
0
LINE
8
BLACK
6
CONTINUOUS
10
362.7807449999999676
20
-12.2532490000000003
11
362.7807449999999676
21
-12.1897489999999991
0
LINE
8
BLACK
6
CONTINUOUS
10
172.7999999999999829
20
-53.7999999999999972
11
171.6999999999999886
21
-53.7999999999999972
0
LINE
8
BLACK
6
CONTINUOUS
10
172.7999999999999829
20
-12.8999999999999986
11
172.8000189999999918
21
-12.8956369999999989
0
LINE
8
BLACK
6
CONTINUOUS
10
172.8000189999999918
20
-12.8956369999999989
11
172.80007599999999
21
-12.8912739999999992
0
LINE
8
BLACK
6
CONTINUOUS
10
172.80007599999999
20
-12.8912739999999992
11
172.800171000000006
21
-12.8869119999999988
0
LINE
8
BLACK
6
CONTINUOUS
10
172.800171000000006
20
-12.8869119999999988
11
172.8003049999999803
21
-12.8825500000000002
0
LINE
8
BLACK
6
CONTINUOUS
10
172.8003049999999803
20
-12.8825500000000002
11
172.8004760000000033
21
-12.87819
0
LINE
8
BLACK
6
CONTINUOUS
10
172.8004760000000033
20
-12.87819
11
172.8006849999999872
21
-12.8738320000000002
0
LINE
8
BLACK
6
CONTINUOUS
10
172.8006849999999872
20
-12.8738320000000002
11
172.8009329999999864
21
-12.8694759999999988
0
LINE
8
BLACK
6
CONTINUOUS
10
172.8009329999999864
20
-12.8694759999999988
11
172.8012180000000058
21
-12.8651219999999995
0
LINE
8
BLACK
6
CONTINUOUS
10
172.8012180000000058
20
-12.8651219999999995
11
172.8015409999999861
21
-12.8607699999999987
0
LINE
8
BLACK
6
CONTINUOUS
10
172.8015409999999861
20
-12.8607699999999987
11
172.8019029999999816
21
-12.8564220000000002
0
LINE
8
BLACK
6
CONTINUOUS
10
172.8019029999999816
20
-12.8564220000000002
11
172.8023019999999974
21
-12.8520769999999995
0
LINE
8
BLACK
6
CONTINUOUS
10
172.8023019999999974
20
-12.8520769999999995
11
172.8027390000000025
21
-12.8477359999999994
0
LINE
8
BLACK
6
CONTINUOUS
10
172.8027390000000025
20
-12.8477359999999994
11
172.803213999999997
21
-12.8433979999999988
0
LINE
8
BLACK
6
CONTINUOUS
10
172.803213999999997
20
-12.8433979999999988
11
172.8037269999999808
21
-12.8390649999999997
0
LINE
8
BLACK
6
CONTINUOUS
10
172.8037269999999808
20
-12.8390649999999997
11
172.8042779999999823
21
-12.8347369999999987
0
LINE
8
BLACK
6
CONTINUOUS
10
172.8042779999999823
20
-12.8347369999999987
11
172.8048660000000041
21
-12.8304130000000001
0
LINE
8
BLACK
6
CONTINUOUS
10
172.8048660000000041
20
-12.8304130000000001
11
172.8054919999999868
21
-12.8260949999999987
0
LINE
8
BLACK
6
CONTINUOUS
10
172.8054919999999868
20
-12.8260949999999987
11
172.8061559999999872
21
-12.8217829999999999
0
LINE
8
BLACK
6
CONTINUOUS
10
172.8061559999999872
20
-12.8217829999999999
11
172.8068569999999795
21
-12.8174759999999992
0
LINE
8
BLACK
6
CONTINUOUS
10
172.8068569999999795
20
-12.8174759999999992
11
172.8075959999999895
21
-12.8131759999999986
0
LINE
8
BLACK
6
CONTINUOUS
10
172.8075959999999895
20
-12.8131759999999986
11
172.8083729999999889
21
-12.8088819999999988
0
LINE
8
BLACK
6
CONTINUOUS
10
172.8083729999999889
20
-12.8088819999999988
11
172.8091859999999826
21
-12.8045960000000001
0
LINE
8
BLACK
6
CONTINUOUS
10
172.8091859999999826
20
-12.8045960000000001
11
172.8100379999999916
21
-12.8003159999999987
0
LINE
8
BLACK
6
CONTINUOUS
10
172.8100379999999916
20
-12.8003159999999987
11
172.8109259999999949
21
-12.7960440000000002
0
LINE
8
BLACK
6
CONTINUOUS
10
172.8109259999999949
20
-12.7960440000000002
11
172.8118519999999876
21
-12.7917799999999993
0
LINE
8
BLACK
6
CONTINUOUS
10
172.8118519999999876
20
-12.7917799999999993
11
172.8128150000000005
21
-12.7875239999999994
0
LINE
8
BLACK
6
CONTINUOUS
10
172.8128150000000005
20
-12.7875239999999994
11
172.8138150000000053
21
-12.783277
0
LINE
8
BLACK
6
CONTINUOUS
10
172.8138150000000053
20
-12.783277
11
172.8148520000000019
21
-12.7790389999999991
0
LINE
8
BLACK
6
CONTINUOUS
10
172.8148520000000019
20
-12.7790389999999991
11
172.8159259999999904
21
-12.7748099999999987
0
LINE
8
BLACK
6
CONTINUOUS
10
172.8159259999999904
20
-12.7748099999999987
11
172.8170369999999991
21
-12.7705899999999986
0
LINE
8
BLACK
6
CONTINUOUS
10
172.8170369999999991
20
-12.7705899999999986
11
172.8181849999999997
21
-12.7663809999999991
0
LINE
8
BLACK
6
CONTINUOUS
10
172.8181849999999997
20
-12.7663809999999991
11
172.8193689999999947
21
-12.762181
0
LINE
8
BLACK
6
CONTINUOUS
10
172.8193689999999947
20
-12.762181
11
172.8205899999999815
21
-12.7579919999999998
0
LINE
8
BLACK
6
CONTINUOUS
10
172.8205899999999815
20
-12.7579919999999998
11
172.8218479999999886
21
-12.7538140000000002
0
LINE
8
BLACK
6
CONTINUOUS
10
172.8218479999999886
20
-12.7538140000000002
11
172.82314199999999
21
-12.7496469999999995
0
LINE
8
BLACK
6
CONTINUOUS
10
172.82314199999999
20
-12.7496469999999995
11
172.8244719999999859
21
-12.7454919999999987
0
LINE
8
BLACK
6
CONTINUOUS
10
172.8244719999999859
20
-12.7454919999999987
11
172.8258380000000045
21
-12.7413479999999986
0
LINE
8
BLACK
6
CONTINUOUS
10
172.8258380000000045
20
-12.7413479999999986
11
172.8272409999999866
21
-12.7372160000000001
0
LINE
8
BLACK
6
CONTINUOUS
10
172.8272409999999866
20
-12.7372160000000001
11
172.8286789999999939
21
-12.733096999999999
0
LINE
8
BLACK
6
CONTINUOUS
10
172.8286789999999939
20
-12.733096999999999
11
172.8301539999999932
21
-12.7289899999999996
0
LINE
8
BLACK
6
CONTINUOUS
10
172.8301539999999932
20
-12.7289899999999996
11
172.8316639999999893
21
-12.7248959999999993
0
LINE
8
BLACK
6
CONTINUOUS
10
172.8316639999999893
20
-12.7248959999999993
11
172.8332099999999798
21
-12.7208159999999992
0
LINE
8
BLACK
6
CONTINUOUS
10
172.8332099999999798
20
-12.7208159999999992
11
172.8347909999999956
21
-12.7167490000000001
0
LINE
8
BLACK
6
CONTINUOUS
10
172.8347909999999956
20
-12.7167490000000001
11
172.8364080000000058
21
-12.7126969999999986
0
LINE
8
BLACK
6
CONTINUOUS
10
172.8364080000000058
20
-12.7126969999999986
11
172.8380599999999845
21
-12.7086579999999998
0
LINE
8
BLACK
6
CONTINUOUS
10
172.8380599999999845
20
-12.7086579999999998
11
172.839747999999986
21
-12.7046339999999987
0
LINE
8
BLACK
6
CONTINUOUS
10
172.839747999999986
20
-12.7046339999999987
11
172.8414699999999868
21
-12.7006249999999987
0
LINE
8
BLACK
6
CONTINUOUS
10
172.8414699999999868
20
-12.7006249999999987
11
172.8432269999999846
21
-12.6966319999999993
0
LINE
8
BLACK
6
CONTINUOUS
10
172.8432269999999846
20
-12.6966319999999993
11
172.8450189999999793
21
-12.692653
0
LINE
8
BLACK
6
CONTINUOUS
10
172.8450189999999793
20
-12.692653
11
172.8468459999999993
21
-12.6886909999999986
0
LINE
8
BLACK
6
CONTINUOUS
10
172.8468459999999993
20
-12.6886909999999986
11
172.8487069999999903
21
-12.6847440000000002
0
LINE
8
BLACK
6
CONTINUOUS
10
172.8487069999999903
20
-12.6847440000000002
11
172.8506029999999782
21
-12.6808139999999998
0
LINE
8
BLACK
6
CONTINUOUS
10
172.8506029999999782
20
-12.6808139999999998
11
172.852532999999994
21
-12.6769009999999991
0
LINE
8
BLACK
6
CONTINUOUS
10
172.852532999999994
20
-12.6769009999999991
11
172.8544969999999807
21
-12.6730049999999999
0
LINE
8
BLACK
6
CONTINUOUS
10
172.8544969999999807
20
-12.6730049999999999
11
172.8564949999999953
21
-12.6691259999999986
0
LINE
8
BLACK
6
CONTINUOUS
10
172.8564949999999953
20
-12.6691259999999986
11
172.8585259999999835
21
-12.6652639999999987
0
LINE
8
BLACK
6
CONTINUOUS
10
172.8585259999999835
20
-12.6652639999999987
11
172.8605909999999994
21
-12.6614209999999989
0
LINE
8
BLACK
6
CONTINUOUS
10
172.8605909999999994
20
-12.6614209999999989
11
172.8626899999999864
21
-12.6575949999999988
0
LINE
8
BLACK
6
CONTINUOUS
10
172.8626899999999864
20
-12.6575949999999988
11
172.8648220000000038
21
-12.6537879999999987
0
LINE
8
BLACK
6
CONTINUOUS
10
172.8648220000000038
20
-12.6537879999999987
11
172.8669869999999946
21
-12.6499999999999986
0
LINE
8
BLACK
6
CONTINUOUS
10
172.8669869999999946
20
-12.6499999999999986
11
172.8691849999999874
21
-12.6462310000000002
0
LINE
8
BLACK
6
CONTINUOUS
10
172.8691849999999874
20
-12.6462310000000002
11
172.8714159999999822
21
-12.6424810000000001
0
LINE
8
BLACK
6
CONTINUOUS
10
172.8714159999999822
20
-12.6424810000000001
11
172.8736799999999789
21
-12.6387509999999992
0
LINE
8
BLACK
6
CONTINUOUS
10
172.8736799999999789
20
-12.6387509999999992
11
172.8759759999999801
21
-12.63504
0
LINE
8
BLACK
6
CONTINUOUS
10
172.8759759999999801
20
-12.63504
11
172.8783039999999858
21
-12.6313499999999994
0
LINE
8
BLACK
6
CONTINUOUS
10
172.8783039999999858
20
-12.6313499999999994
11
172.8806649999999934
21
-12.6276799999999998
0
LINE
8
BLACK
6
CONTINUOUS
10
172.8806649999999934
20
-12.6276799999999998
11
172.8830569999999796
21
-12.6240319999999997
0
LINE
8
BLACK
6
CONTINUOUS
10
172.8830569999999796
20
-12.6240319999999997
11
172.8854809999999986
21
-12.6204039999999988
0
LINE
8
BLACK
6
CONTINUOUS
10
172.8854809999999986
20
-12.6204039999999988
11
172.8879369999999938
21
-12.616797
0
LINE
8
BLACK
6
CONTINUOUS
10
172.8879369999999938
20
-12.616797
11
172.8904239999999959
21
-12.613211999999999
0
LINE
8
BLACK
6
CONTINUOUS
10
172.8904239999999959
20
-12.613211999999999
11
172.892942000000005
21
-12.6096489999999992
0
LINE
8
BLACK
6
CONTINUOUS
10
172.892942000000005
20
-12.6096489999999992
11
172.8954919999999902
21
-12.6061069999999997
0
LINE
8
BLACK
6
CONTINUOUS
10
172.8954919999999902
20
-12.6061069999999997
11
172.8980719999999849
21
-12.602589
0
LINE
8
BLACK
6
CONTINUOUS
10
172.8980719999999849
20
-12.602589
11
172.9006819999999891
21
-12.5990919999999988
0
LINE
8
BLACK
6
CONTINUOUS
10
172.9006819999999891
20
-12.5990919999999988
11
172.9033230000000003
21
-12.5956189999999992
0
LINE
8
BLACK
6
CONTINUOUS
10
172.9033230000000003
20
-12.5956189999999992
11
172.9059949999999901
21
-12.5921690000000002
0
LINE
8
BLACK
6
CONTINUOUS
10
172.9059949999999901
20
-12.5921690000000002
11
172.908695999999992
21
-12.5887429999999991
0
LINE
8
BLACK
6
CONTINUOUS
10
172.908695999999992
20
-12.5887429999999991
11
172.9114270000000033
21
-12.5853399999999986
0
LINE
8
BLACK
6
CONTINUOUS
10
172.9114270000000033
20
-12.5853399999999986
11
172.9141879999999958
21
-12.5819609999999997
0
LINE
8
BLACK
6
CONTINUOUS
10
172.9141879999999958
20
-12.5819609999999997
11
172.9169780000000003
21
-12.5786059999999988
0
LINE
8
BLACK
6
CONTINUOUS
10
172.9169780000000003
20
-12.5786059999999988
11
172.9197969999999884
21
-12.5752759999999988
0
LINE
8
BLACK
6
CONTINUOUS
10
172.9197969999999884
20
-12.5752759999999988
11
172.9226449999999886
21
-12.5719700000000003
0
LINE
8
BLACK
6
CONTINUOUS
10
172.9226449999999886
20
-12.5719700000000003
11
172.9255220000000008
21
-12.5686900000000001
0
LINE
8
BLACK
6
CONTINUOUS
10
172.9255220000000008
20
-12.5686900000000001
11
172.9284279999999967
21
-12.565434999999999
0
LINE
8
BLACK
6
CONTINUOUS
10
172.9284279999999967
20
-12.565434999999999
11
172.9313609999999812
21
-12.5622049999999987
0
LINE
8
BLACK
6
CONTINUOUS
10
172.9313609999999812
20
-12.5622049999999987
11
172.9343230000000062
21
-12.5590010000000003
0
LINE
8
BLACK
6
CONTINUOUS
10
172.9343230000000062
20
-12.5590010000000003
11
172.937312999999989
21
-12.5558230000000002
0
LINE
8
BLACK
6
CONTINUOUS
10
172.937312999999989
20
-12.5558230000000002
11
172.9403299999999888
21
-12.5526710000000001
0
LINE
8
BLACK
6
CONTINUOUS
10
172.9403299999999888
20
-12.5526710000000001
11
172.9433750000000032
21
-12.5495450000000002
0
LINE
8
BLACK
6
CONTINUOUS
10
172.9433750000000032
20
-12.5495450000000002
11
172.9464470000000063
21
-12.5464469999999988
0
LINE
8
BLACK
6
CONTINUOUS
10
172.9464470000000063
20
-12.5464469999999988
11
172.9495450000000005
21
-12.5433749999999993
0
LINE
8
BLACK
6
CONTINUOUS
10
172.9495450000000005
20
-12.5433749999999993
11
172.9526709999999809
21
-12.5403299999999991
0
LINE
8
BLACK
6
CONTINUOUS
10
172.9526709999999809
20
-12.5403299999999991
11
172.955822999999981
21
-12.5373129999999993
0
LINE
8
BLACK
6
CONTINUOUS
10
172.955822999999981
20
-12.5373129999999993
11
172.9590010000000007
21
-12.5343229999999988
0
LINE
8
BLACK
6
CONTINUOUS
10
172.9590010000000007
20
-12.5343229999999988
11
172.9622049999999831
21
-12.5313609999999986
0
LINE
8
BLACK
6
CONTINUOUS
10
172.9622049999999831
20
-12.5313609999999986
11
172.9654349999999852
21
-12.5284279999999999
0
LINE
8
BLACK
6
CONTINUOUS
10
172.9654349999999852
20
-12.5284279999999999
11
172.968689999999981
21
-12.5255219999999987
0
LINE
8
BLACK
6
CONTINUOUS
10
172.968689999999981
20
-12.5255219999999987
11
172.9719699999999989
21
-12.5226449999999989
0
LINE
8
BLACK
6
CONTINUOUS
10
172.9719699999999989
20
-12.5226449999999989
11
172.9752759999999796
21
-12.5197969999999987
0
LINE
8
BLACK
6
CONTINUOUS
10
172.9752759999999796
20
-12.5197969999999987
11
172.978605999999985
21
-12.5169779999999999
0
LINE
8
BLACK
6
CONTINUOUS
10
172.978605999999985
20
-12.5169779999999999
11
172.9819609999999841
21
-12.514187999999999
0
LINE
8
BLACK
6
CONTINUOUS
10
172.9819609999999841
20
-12.514187999999999
11
172.9853399999999795
21
-12.5114269999999994
0
LINE
8
BLACK
6
CONTINUOUS
10
172.9853399999999795
20
-12.5114269999999994
11
172.9887429999999995
21
-12.5086959999999987
0
LINE
8
BLACK
6
CONTINUOUS
10
172.9887429999999995
20
-12.5086959999999987
11
172.9921689999999899
21
-12.5059949999999986
0
LINE
8
BLACK
6
CONTINUOUS
10
172.9921689999999899
20
-12.5059949999999986
11
172.9956190000000049
21
-12.503323
0
LINE
8
BLACK
6
CONTINUOUS
10
172.9956190000000049
20
-12.503323
11
172.9990919999999903
21
-12.5006819999999994
0
LINE
8
BLACK
6
CONTINUOUS
10
172.9990919999999903
20
-12.5006819999999994
11
173.0025890000000004
21
-12.4980719999999987
0
LINE
8
BLACK
6
CONTINUOUS
10
173.0025890000000004
20
-12.4980719999999987
11
173.0061069999999859
21
-12.4954919999999987
0
LINE
8
BLACK
6
CONTINUOUS
10
173.0061069999999859
20
-12.4954919999999987
11
173.009648999999996
21
-12.4929419999999993
0
LINE
8
BLACK
6
CONTINUOUS
10
173.009648999999996
20
-12.4929419999999993
11
173.0132119999999816
21
-12.4904239999999991
0
LINE
8
BLACK
6
CONTINUOUS
10
173.0132119999999816
20
-12.4904239999999991
11
173.0167969999999968
21
-12.4879369999999987
0
LINE
8
BLACK
6
CONTINUOUS
10
173.0167969999999968
20
-12.4879369999999987
11
173.020403999999985
21
-12.4854810000000001
0
LINE
8
BLACK
6
CONTINUOUS
10
173.020403999999985
20
-12.4854810000000001
11
173.0240320000000054
21
-12.4830569999999987
0
LINE
8
BLACK
6
CONTINUOUS
10
173.0240320000000054
20
-12.4830569999999987
11
173.0276800000000037
21
-12.4806650000000001
0
LINE
8
BLACK
6
CONTINUOUS
10
173.0276800000000037
20
-12.4806650000000001
11
173.0313500000000033
21
-12.4783039999999996
0
LINE
8
BLACK
6
CONTINUOUS
10
173.0313500000000033
20
-12.4783039999999996
11
173.0350399999999809
21
-12.4759759999999993
0
LINE
8
BLACK
6
CONTINUOUS
10
173.0350399999999809
20
-12.4759759999999993
11
173.0387509999999907
21
-12.4736799999999999
0
LINE
8
BLACK
6
CONTINUOUS
10
173.0387509999999907
20
-12.4736799999999999
11
173.0424809999999809
21
-12.4714159999999996
0
LINE
8
BLACK
6
CONTINUOUS
10
173.0424809999999809
20
-12.4714159999999996
11
173.0462310000000059
21
-12.4691849999999995
0
LINE
8
BLACK
6
CONTINUOUS
10
173.0462310000000059
20
-12.4691849999999995
11
173.0499999999999829
21
-12.4669869999999996
0
LINE
8
BLACK
6
CONTINUOUS
10
173.0499999999999829
20
-12.4669869999999996
11
173.0537879999999973
21
-12.4648219999999998
0
LINE
8
BLACK
6
CONTINUOUS
10
173.0537879999999973
20
-12.4648219999999998
11
173.0575949999999921
21
-12.4626900000000003
0
LINE
8
BLACK
6
CONTINUOUS
10
173.0575949999999921
20
-12.4626900000000003
11
173.0614209999999957
21
-12.4605909999999991
0
LINE
8
BLACK
6
CONTINUOUS
10
173.0614209999999957
20
-12.4605909999999991
11
173.0652639999999849
21
-12.4585259999999991
0
LINE
8
BLACK
6
CONTINUOUS
10
173.0652639999999849
20
-12.4585259999999991
11
173.0691259999999829
21
-12.4564950000000003
0
LINE
8
BLACK
6
CONTINUOUS
10
173.0691259999999829
20
-12.4564950000000003
11
173.0730049999999949
21
-12.4544969999999999
0
LINE
8
BLACK
6
CONTINUOUS
10
173.0730049999999949
20
-12.4544969999999999
11
173.0769009999999923
21
-12.452532999999999
0
LINE
8
BLACK
6
CONTINUOUS
10
173.0769009999999923
20
-12.452532999999999
11
173.0808140000000037
21
-12.4506029999999992
0
LINE
8
BLACK
6
CONTINUOUS
10
173.0808140000000037
20
-12.4506029999999992
11
173.0847440000000006
21
-12.4487069999999989
0
LINE
8
BLACK
6
CONTINUOUS
10
173.0847440000000006
20
-12.4487069999999989
11
173.088690999999983
21
-12.446845999999999
0
LINE
8
BLACK
6
CONTINUOUS
10
173.088690999999983
20
-12.446845999999999
11
173.0926529999999843
21
-12.4450190000000003
0
LINE
8
BLACK
6
CONTINUOUS
10
173.0926529999999843
20
-12.4450190000000003
11
173.0966319999999996
21
-12.4432270000000003
0
LINE
8
BLACK
6
CONTINUOUS
10
173.0966319999999996
20
-12.4432270000000003
11
173.1006249999999795
21
-12.4414699999999989
0
LINE
8
BLACK
6
CONTINUOUS
10
173.1006249999999795
20
-12.4414699999999989
11
173.1046340000000043
21
-12.4397479999999998
0
LINE
8
BLACK
6
CONTINUOUS
10
173.1046340000000043
20
-12.4397479999999998
11
173.1086579999999913
21
-12.4380600000000001
0
LINE
8
BLACK
6
CONTINUOUS
10
173.1086579999999913
20
-12.4380600000000001
11
173.1126969999999972
21
-12.4364080000000001
0
LINE
8
BLACK
6
CONTINUOUS
10
173.1126969999999972
20
-12.4364080000000001
11
173.1167489999999987
21
-12.4347909999999988
0
LINE
8
BLACK
6
CONTINUOUS
10
173.1167489999999987
20
-12.4347909999999988
11
173.1208159999999907
21
-12.433209999999999
0
LINE
8
BLACK
6
CONTINUOUS
10
173.1208159999999907
20
-12.433209999999999
11
173.1248959999999784
21
-12.4316639999999996
0
LINE
8
BLACK
6
CONTINUOUS
10
173.1248959999999784
20
-12.4316639999999996
11
173.1289899999999875
21
-12.4301539999999999
0
LINE
8
BLACK
6
CONTINUOUS
10
173.1289899999999875
20
-12.4301539999999999
11
173.1330969999999922
21
-12.4286789999999989
0
LINE
8
BLACK
6
CONTINUOUS
10
173.1330969999999922
20
-12.4286789999999989
11
173.1372159999999951
21
-12.4272409999999986
0
LINE
8
BLACK
6
CONTINUOUS
10
173.1372159999999951
20
-12.4272409999999986
11
173.1413479999999936
21
-12.4258379999999988
0
LINE
8
BLACK
6
CONTINUOUS
10
173.1413479999999936
20
-12.4258379999999988
11
173.1454919999999902
21
-12.4244719999999997
0
LINE
8
BLACK
6
CONTINUOUS
10
173.1454919999999902
20
-12.4244719999999997
11
173.1496469999999874
21
-12.4231419999999986
0
LINE
8
BLACK
6
CONTINUOUS
10
173.1496469999999874
20
-12.4231419999999986
11
173.1538139999999828
21
-12.4218479999999989
0
LINE
8
BLACK
6
CONTINUOUS
10
173.1538139999999828
20
-12.4218479999999989
11
173.1579919999999788
21
-12.4205899999999989
0
LINE
8
BLACK
6
CONTINUOUS
10
173.1579919999999788
20
-12.4205899999999989
11
173.1621810000000039
21
-12.4193689999999997
0
LINE
8
BLACK
6
CONTINUOUS
10
173.1621810000000039
20
-12.4193689999999997
11
173.1663810000000012
21
-12.4181849999999994
0
LINE
8
BLACK
6
CONTINUOUS
10
173.1663810000000012
20
-12.4181849999999994
11
173.1705900000000042
21
-12.4170369999999988
0
LINE
8
BLACK
6
CONTINUOUS
10
173.1705900000000042
20
-12.4170369999999988
11
173.1748099999999795
21
-12.4159259999999989
0
LINE
8
BLACK
6
CONTINUOUS
10
173.1748099999999795
20
-12.4159259999999989
11
173.1790389999999888
21
-12.4148519999999998
0
LINE
8
BLACK
6
CONTINUOUS
10
173.1790389999999888
20
-12.4148519999999998
11
173.1832770000000039
21
-12.4138149999999996
0
LINE
8
BLACK
6
CONTINUOUS
10
173.1832770000000039
20
-12.4138149999999996
11
173.1875239999999962
21
-12.4128150000000002
0
LINE
8
BLACK
6
CONTINUOUS
10
173.1875239999999962
20
-12.4128150000000002
11
173.1917799999999943
21
-12.4118519999999997
0
LINE
8
BLACK
6
CONTINUOUS
10
173.1917799999999943
20
-12.4118519999999997
11
173.1960440000000006
21
-12.4109259999999999
0
LINE
8
BLACK
6
CONTINUOUS
10
173.1960440000000006
20
-12.4109259999999999
11
173.2003159999999866
21
-12.4100380000000001
0
LINE
8
BLACK
6
CONTINUOUS
10
173.2003159999999866
20
-12.4100380000000001
11
173.2045959999999809
21
-12.409186
0
LINE
8
BLACK
6
CONTINUOUS
10
173.2045959999999809
20
-12.409186
11
173.2088819999999885
21
-12.4083729999999992
0
LINE
8
BLACK
6
CONTINUOUS
10
173.2088819999999885
20
-12.4083729999999992
11
173.2131760000000043
21
-12.4075959999999998
0
LINE
8
BLACK
6
CONTINUOUS
10
173.2131760000000043
20
-12.4075959999999998
11
173.2174760000000049
21
-12.4068569999999987
0
LINE
8
BLACK
6
CONTINUOUS
10
173.2174760000000049
20
-12.4068569999999987
11
173.2217829999999879
21
-12.4061559999999993
0
LINE
8
BLACK
6
CONTINUOUS
10
173.2217829999999879
20
-12.4061559999999993
11
173.2260949999999866
21
-12.4054919999999989
0
LINE
8
BLACK
6
CONTINUOUS
10
173.2260949999999866
20
-12.4054919999999989
11
173.2304129999999986
21
-12.4048660000000002
0
LINE
8
BLACK
6
CONTINUOUS
10
173.2304129999999986
20
-12.4048660000000002
11
173.2347369999999955
21
-12.4042779999999997
0
LINE
8
BLACK
6
CONTINUOUS
10
173.2347369999999955
20
-12.4042779999999997
11
173.2390649999999823
21
-12.4037269999999999
0
LINE
8
BLACK
6
CONTINUOUS
10
173.2390649999999823
20
-12.4037269999999999
11
173.2433979999999849
21
-12.4032140000000002
0
LINE
8
BLACK
6
CONTINUOUS
10
173.2433979999999849
20
-12.4032140000000002
11
173.2477360000000033
21
-12.4027389999999986
0
LINE
8
BLACK
6
CONTINUOUS
10
173.2477360000000033
20
-12.4027389999999986
11
173.2520769999999857
21
-12.4023019999999988
0
LINE
8
BLACK
6
CONTINUOUS
10
173.2520769999999857
20
-12.4023019999999988
11
173.2564219999999864
21
-12.401902999999999
0
LINE
8
BLACK
6
CONTINUOUS
10
173.2564219999999864
20
-12.401902999999999
11
173.2607699999999795
21
-12.4015409999999999
0
LINE
8
BLACK
6
CONTINUOUS
10
173.2607699999999795
20
-12.4015409999999999
11
173.265121999999991
21
-12.4012180000000001
0
LINE
8
BLACK
6
CONTINUOUS
10
173.265121999999991
20
-12.4012180000000001
11
173.2694759999999974
21
-12.4009330000000002
0
LINE
8
BLACK
6
CONTINUOUS
10
173.2694759999999974
20
-12.4009330000000002
11
173.2738319999999987
21
-12.4006849999999993
0
LINE
8
BLACK
6
CONTINUOUS
10
173.2738319999999987
20
-12.4006849999999993
11
173.2781899999999951
21
-12.4004759999999994
0
LINE
8
BLACK
6
CONTINUOUS
10
173.2781899999999951
20
-12.4004759999999994
11
173.2825499999999863
21
-12.4003049999999995
0
LINE
8
BLACK
6
CONTINUOUS
10
173.2825499999999863
20
-12.4003049999999995
11
173.2869120000000009
21
-12.4001710000000003
0
LINE
8
BLACK
6
CONTINUOUS
10
173.2869120000000009
20
-12.4001710000000003
11
173.2912739999999872
21
-12.4000760000000003
0
LINE
8
BLACK
6
CONTINUOUS
10
173.2912739999999872
20
-12.4000760000000003
11
173.2956369999999993
21
-12.4000189999999986
0
LINE
8
BLACK
6
CONTINUOUS
10
173.2956369999999993
20
-12.4000189999999986
11
173.2999999999999829
21
-12.3999999999999986
0
LINE
8
BLACK
6
CONTINUOUS
10
176.7999999999999829
20
-12.3999999999999986
11
172.7999999999999829
21
-12.3999999999999986
0
LINE
8
BLACK
6
CONTINUOUS
10
298.4307450000000017
20
-12.1897489999999991
11
297.9862420000000043
21
-11.745215
0
ARC
8
BLACK
10
144.5
20
-50.2999999999999972
40
0.5
50
90.00000000
51
180.00000000
0
ARC
8
BLACK
10
175.2999999999999829
20
-52.2999999999999972
40
4.
50
90.00000000
51
180.00000000
0
LINE
8
BLACK
6
CONTINUOUS
10
421.7999999999999545
20
-12.3999999999999986
11
417.7999999999999545
21
-12.3999999999999986
0
LINE
8
BLACK
6
CONTINUOUS
10
409.7999999999999545
20
-155.2999999999999829
11
409.7999999999999545
21
-152.7999999999999829
0
LINE
8
BLACK
6
CONTINUOUS
10
421.7999999999999545
20
-53.7999999999999972
11
422.8999999999999773
21
-53.7999999999999972
0
LINE
8
BLACK
6
CONTINUOUS
10
241.2999999999999829
20
-193.
11
241.2999999999999829
21
-194.0999999999999943
0
LINE
8
BLACK
6
CONTINUOUS
10
366.9082389999999805
20
-194.0357489999999814
11
367.3527419999999779
21
-194.4802479999999889
0
LINE
8
BLACK
6
CONTINUOUS
10
451.5499999999999545
20
-164.7999999999999829
11
459.5499999999999545
21
-164.7999999999999829
0
LINE
8
BLACK
6
CONTINUOUS
10
301.7327300000000037
20
-12.2532490000000003
11
301.7327300000000037
21
-12.1897489999999991
0
LINE
8
BLACK
6
CONTINUOUS
10
171.2999999999999829
20
-10.9000000000000004
11
171.2999999999999829
21
-20.8999999999999986
0
LINE
8
BLACK
6
CONTINUOUS
10
421.7999999999999545
20
-53.7999999999999972
11
422.8999999999999773
21
-53.7999999999999972
0
LINE
8
BLACK
6
CONTINUOUS
10
172.7999999999999829
20
-20.8999999999999986
11
171.2999999999999829
21
-20.8999999999999986
0
LINE
8
BLACK
6
CONTINUOUS
10
366.0827299999999696
20
-193.0197509999999852
11
366.0827299999999696
21
-193.0832859999999869
0
LINE
8
BLACK
6
CONTINUOUS
10
298.4307450000000017
20
-12.1897489999999991
11
299.5102420000000052
21
-12.1897489999999991
0
ARC
8
BLACK
10
419.2999999999999545
20
-162.2999999999999829
40
4.
50
-90.00000000
51
-0.00000000
0
LINE
8
BLACK
6
CONTINUOUS
10
187.6999999999999886
20
-10.9000000000000004
11
188.7999999999999829
21
-10.9000000000000004
0
LINE
8
BLACK
6
CONTINUOUS
10
189.1999999999999886
20
-10.9000000000000004
11
190.2999999999999829
21
-10.9000000000000004
0
LINE
8
BLACK
6
CONTINUOUS
10
190.6999999999999886
20
-10.9000000000000004
11
191.7999999999999829
21
-10.9000000000000004
0
LINE
8
BLACK
6
CONTINUOUS
10
192.1930189999999925
20
-10.9000000000000004
11
192.1930189999999925
21
-12.
0
LINE
8
BLACK
6
CONTINUOUS
10
192.1930189999999925
20
-12.3999999999999986
11
191.0930189999999982
21
-12.3999999999999986
0
LINE
8
BLACK
6
CONTINUOUS
10
190.6930189999999925
20
-12.3999999999999986
11
189.5930189999999982
21
-12.3999999999999986
0
LINE
8
BLACK
6
CONTINUOUS
10
189.1930189999999925
20
-12.3999999999999986
11
188.0930189999999982
21
-12.3999999999999986
0
LINE
8
BLACK
6
CONTINUOUS
10
187.6999999999999886
20
-12.3999999999999986
11
187.6999999999999886
21
-11.2999999999999989
0
LINE
8
BLACK
6
CONTINUOUS
10
366.0827299999999696
20
-193.1467509999999947
11
366.0827299999999696
21
-193.2102509999999995
0
LINE
8
BLACK
6
CONTINUOUS
10
268.8104720000000043
20
-10.9000000000000004
11
269.9104719999999702
21
-10.9000000000000004
0
LINE
8
BLACK
6
CONTINUOUS
10
270.3104720000000043
20
-10.9000000000000004
11
271.4104719999999702
21
-10.9000000000000004
0
LINE
8
BLACK
6
CONTINUOUS
10
271.8104720000000043
20
-10.9000000000000004
11
272.9104719999999702
21
-10.9000000000000004
0
LINE
8
BLACK
6
CONTINUOUS
10
273.3034910000000082
20
-10.9000000000000004
11
273.3034910000000082
21
-12.
0
LINE
8
BLACK
6
CONTINUOUS
10
273.3034910000000082
20
-12.3999999999999986
11
272.2034909999999854
21
-12.3999999999999986
0
LINE
8
BLACK
6
CONTINUOUS
10
271.8034910000000082
20
-12.3999999999999986
11
270.7034909999999854
21
-12.3999999999999986
0
LINE
8
BLACK
6
CONTINUOUS
10
270.3034910000000082
20
-12.3999999999999986
11
269.2034909999999854
21
-12.3999999999999986
0
LINE
8
BLACK
6
CONTINUOUS
10
268.8104720000000043
20
-12.3999999999999986
11
268.8104720000000043
21
-11.2999999999999989
0
LINE
8
BLACK
6
CONTINUOUS
10
460.0499999999999545
20
-48.2999999999999972
11
451.5499999999999545
21
-48.2999999999999972
0
LINE
8
BLACK
6
CONTINUOUS
10
301.7327300000000037
20
-193.0832859999999869
11
301.7327300000000037
21
-193.1467509999999947
0
LINE
8
BLACK
6
CONTINUOUS
10
297.5417610000000082
20
-194.0357489999999814
11
297.0972580000000107
21
-194.4802479999999889
0
LINE
8
BLACK
6
CONTINUOUS
10
404.9397359999999821
20
-12.1897489999999991
11
406.0827299999999696
21
-12.1897489999999991
0
ARC
8
BLACK
10
144.5
20
-164.2999999999999829
40
0.5
50
-180.00000000
51
-90.00000000
0
LINE
8
BLACK
6
CONTINUOUS
10
300.5897359999999594
20
-12.1897489999999991
11
301.7327300000000037
21
-12.1897489999999991
  0
ENDSEC
  0
EOF
