ISO-10303-21;
HEADER;
FILE_DESCRIPTION(('KiCad electronic assembly'),'2;1');
FILE_NAME('DIB2 USB adapter front mask.step','2026-03-05T14:34:30',(
    'Pcbnew'),('Kicad'),'Open CASCADE STEP processor 7.6',
  'KiCad to STEP converter','Unknown');
FILE_SCHEMA(('AUTOMOTIVE_DESIGN { 1 0 10303 214 1 1 1 1 }'));
ENDSEC;
DATA;
#1 = APPLICATION_PROTOCOL_DEFINITION('international standard',
  'automotive_design',2000,#2);
#2 = APPLICATION_CONTEXT(
  'core data for automotive mechanical design processes');
#3 = SHAPE_DEFINITION_REPRESENTATION(#4,#10);
#4 = PRODUCT_DEFINITION_SHAPE('','',#5);
#5 = PRODUCT_DEFINITION('design','',#6,#9);
#6 = PRODUCT_DEFINITION_FORMATION('','',#7);
#7 = PRODUCT('DIB2 USB adapter front mask 1',
  'DIB2 USB adapter front mask 1','',(#8));
#8 = PRODUCT_CONTEXT('',#2,'mechanical');
#9 = PRODUCT_DEFINITION_CONTEXT('part definition',#2,'design');
#10 = SHAPE_REPRESENTATION('',(#11,#15,#19),#23);
#11 = AXIS2_PLACEMENT_3D('',#12,#13,#14);
#12 = CARTESIAN_POINT('',(0.,0.,0.));
#13 = DIRECTION('',(0.,0.,1.));
#14 = DIRECTION('',(1.,0.,-0.));
#15 = AXIS2_PLACEMENT_3D('',#16,#17,#18);
#16 = CARTESIAN_POINT('',(0.,0.,0.));
#17 = DIRECTION('',(0.,0.,1.));
#18 = DIRECTION('',(1.,0.,-0.));
#19 = AXIS2_PLACEMENT_3D('',#20,#21,#22);
#20 = CARTESIAN_POINT('',(0.,0.,0.));
#21 = DIRECTION('',(0.,0.,1.));
#22 = DIRECTION('',(1.,0.,-0.));
#23 = ( GEOMETRIC_REPRESENTATION_CONTEXT(3) 
GLOBAL_UNCERTAINTY_ASSIGNED_CONTEXT((#27)) GLOBAL_UNIT_ASSIGNED_CONTEXT(
(#24,#25,#26)) REPRESENTATION_CONTEXT('Context #1',
  '3D Context with UNIT and UNCERTAINTY') );
#24 = ( LENGTH_UNIT() NAMED_UNIT(*) SI_UNIT(.MILLI.,.METRE.) );
#25 = ( NAMED_UNIT(*) PLANE_ANGLE_UNIT() SI_UNIT($,.RADIAN.) );
#26 = ( NAMED_UNIT(*) SI_UNIT($,.STERADIAN.) SOLID_ANGLE_UNIT() );
#27 = UNCERTAINTY_MEASURE_WITH_UNIT(LENGTH_MEASURE(1.E-07),#24,
  'distance_accuracy_value','confusion accuracy');
#28 = PRODUCT_RELATED_PRODUCT_CATEGORY('part',$,(#7));
#29 = SHAPE_DEFINITION_REPRESENTATION(#30,#36);
#30 = PRODUCT_DEFINITION_SHAPE('','',#31);
#31 = PRODUCT_DEFINITION('design','',#32,#35);
#32 = PRODUCT_DEFINITION_FORMATION('','',#33);
#33 = PRODUCT('DIB2 USB adapter front mask_silkscreen',
  'DIB2 USB adapter front mask_silkscreen','',(#34));
#34 = PRODUCT_CONTEXT('',#2,'mechanical');
#35 = PRODUCT_DEFINITION_CONTEXT('part definition',#2,'design');
#36 = SHAPE_REPRESENTATION('',(#11,#37,#476,#901,#1329,#1738,#2126,#2347
    ,#2461,#2680,#3007,#3451,#3840,#3956,#4102,#5253,#5492,#5663,#5802,
    #5925,#7566,#8205,#8903,#9259,#9559,#9681,#10054,#10374,#10755,
    #11346),#11916);
#37 = SHELL_BASED_SURFACE_MODEL('',(#38));
#38 = OPEN_SHELL('',(#39));
#39 = ADVANCED_FACE('',(#40,#299),#471,.T.);
#40 = FACE_BOUND('',#41,.F.);
#41 = EDGE_LOOP('',(#42,#53,#61,#69,#77,#85,#93,#101,#109,#117,#125,#133
    ,#141,#149,#157,#165,#173,#181,#189,#197,#205,#213,#221,#229,#237,
    #245,#253,#261,#269,#277,#285,#293));
#42 = ORIENTED_EDGE('',*,*,#43,.T.);
#43 = EDGE_CURVE('',#44,#46,#48,.T.);
#44 = VERTEX_POINT('',#45);
#45 = CARTESIAN_POINT('',(10.793207,8.095274,1.585));
#46 = VERTEX_POINT('',#47);
#47 = CARTESIAN_POINT('',(10.961554,8.144981,1.585));
#48 = CIRCLE('',#49,0.299848420714);
#49 = AXIS2_PLACEMENT_3D('',#50,#51,#52);
#50 = CARTESIAN_POINT('',(10.958572536174,7.845147402352,1.585));
#51 = DIRECTION('',(0.,0.,-1.));
#52 = DIRECTION('',(-0.551497105704,0.83417680524,0.));
#53 = ORIENTED_EDGE('',*,*,#54,.T.);
#54 = EDGE_CURVE('',#46,#55,#57,.T.);
#55 = VERTEX_POINT('',#56);
#56 = CARTESIAN_POINT('',(11.031394,8.137849,1.585));
#57 = LINE('',#58,#59);
#58 = CARTESIAN_POINT('',(10.961554,8.144981,1.585));
#59 = VECTOR('',#60,1.);
#60 = DIRECTION('',(0.994826271676,-0.101590792806,0.));
#61 = ORIENTED_EDGE('',*,*,#62,.T.);
#62 = EDGE_CURVE('',#55,#63,#65,.T.);
#63 = VERTEX_POINT('',#64);
#64 = CARTESIAN_POINT('',(11.087869,8.115375,1.585));
#65 = LINE('',#66,#67);
#66 = CARTESIAN_POINT('',(11.031394,8.137849,1.585));
#67 = VECTOR('',#68,1.);
#68 = DIRECTION('',(0.929133317957,-0.36974488159,0.));
#69 = ORIENTED_EDGE('',*,*,#70,.T.);
#70 = EDGE_CURVE('',#63,#71,#73,.T.);
#71 = VERTEX_POINT('',#72);
#72 = CARTESIAN_POINT('',(11.133452,8.076282,1.585));
#73 = LINE('',#74,#75);
#74 = CARTESIAN_POINT('',(11.087869,8.115375,1.585));
#75 = VECTOR('',#76,1.);
#76 = DIRECTION('',(0.759076724994,-0.651001171713,0.));
#77 = ORIENTED_EDGE('',*,*,#78,.T.);
#78 = EDGE_CURVE('',#71,#79,#81,.T.);
#79 = VERTEX_POINT('',#80);
#80 = CARTESIAN_POINT('',(11.178634,8.002855,1.585));
#81 = LINE('',#82,#83);
#82 = CARTESIAN_POINT('',(11.133452,8.076282,1.585));
#83 = VECTOR('',#84,1.);
#84 = DIRECTION('',(0.524065067619,-0.8516782285,0.));
#85 = ORIENTED_EDGE('',*,*,#86,.T.);
#86 = EDGE_CURVE('',#79,#87,#89,.T.);
#87 = VERTEX_POINT('',#88);
#88 = CARTESIAN_POINT('',(11.186946,7.953091,1.585));
#89 = LINE('',#90,#91);
#90 = CARTESIAN_POINT('',(11.178634,8.002855,1.585));
#91 = VECTOR('',#92,1.);
#92 = DIRECTION('',(0.164746099725,-0.986336008988,0.));
#93 = ORIENTED_EDGE('',*,*,#94,.T.);
#94 = EDGE_CURVE('',#87,#95,#97,.T.);
#95 = VERTEX_POINT('',#96);
#96 = CARTESIAN_POINT('',(11.186752,7.788241,1.585));
#97 = LINE('',#98,#99);
#98 = CARTESIAN_POINT('',(11.186946,7.953091,1.585));
#99 = VECTOR('',#100,1.);
#100 = DIRECTION('',(-1.176826603962E-03,-0.999999307539,0.));
#101 = ORIENTED_EDGE('',*,*,#102,.T.);
#102 = EDGE_CURVE('',#95,#103,#105,.T.);
#103 = VERTEX_POINT('',#104);
#104 = CARTESIAN_POINT('',(11.17513,7.687964,1.585));
#105 = LINE('',#106,#107);
#106 = CARTESIAN_POINT('',(11.186752,7.788241,1.585));
#107 = VECTOR('',#108,1.);
#108 = DIRECTION('',(-0.115128304775,-0.993350629657,0.));
#109 = ORIENTED_EDGE('',*,*,#110,.T.);
#110 = EDGE_CURVE('',#103,#111,#113,.T.);
#111 = VERTEX_POINT('',#112);
#112 = CARTESIAN_POINT('',(11.129,7.558053,1.585));
#113 = LINE('',#114,#115);
#114 = CARTESIAN_POINT('',(11.17513,7.687964,1.585));
#115 = VECTOR('',#116,1.);
#116 = DIRECTION('',(-0.334619534481,-0.94235331333,0.));
#117 = ORIENTED_EDGE('',*,*,#118,.T.);
#118 = EDGE_CURVE('',#111,#119,#121,.T.);
#119 = VERTEX_POINT('',#120);
#120 = CARTESIAN_POINT('',(11.079999,7.469161,1.585));
#121 = LINE('',#122,#123);
#122 = CARTESIAN_POINT('',(11.129,7.558053,1.585));
#123 = VECTOR('',#124,1.);
#124 = DIRECTION('',(-0.482753579809,-0.875756233881,0.));
#125 = ORIENTED_EDGE('',*,*,#126,.T.);
#126 = EDGE_CURVE('',#119,#127,#129,.T.);
#127 = VERTEX_POINT('',#128);
#128 = CARTESIAN_POINT('',(11.022424,7.398141,1.585));
#129 = LINE('',#130,#131);
#130 = CARTESIAN_POINT('',(11.079999,7.469161,1.585));
#131 = VECTOR('',#132,1.);
#132 = DIRECTION('',(-0.629743989688,-0.77680274681,0.));
#133 = ORIENTED_EDGE('',*,*,#134,.T.);
#134 = EDGE_CURVE('',#127,#135,#137,.T.);
#135 = VERTEX_POINT('',#136);
#136 = CARTESIAN_POINT('',(10.956876,7.345571,1.585));
#137 = LINE('',#138,#139);
#138 = CARTESIAN_POINT('',(11.022424,7.398141,1.585));
#139 = VECTOR('',#140,1.);
#140 = DIRECTION('',(-0.780104222197,-0.62564958444,0.));
#141 = ORIENTED_EDGE('',*,*,#142,.T.);
#142 = EDGE_CURVE('',#135,#143,#145,.T.);
#143 = VERTEX_POINT('',#144);
#144 = CARTESIAN_POINT('',(10.883959,7.312031,1.585));
#145 = LINE('',#146,#147);
#146 = CARTESIAN_POINT('',(10.956876,7.345571,1.585));
#147 = VECTOR('',#148,1.);
#148 = DIRECTION('',(-0.908499061742,-0.417886892369,0.));
#149 = ORIENTED_EDGE('',*,*,#150,.T.);
#150 = EDGE_CURVE('',#143,#151,#153,.T.);
#151 = VERTEX_POINT('',#152);
#152 = CARTESIAN_POINT('',(10.788109,7.29772,1.585));
#153 = LINE('',#154,#155);
#154 = CARTESIAN_POINT('',(10.883959,7.312031,1.585));
#155 = VECTOR('',#156,1.);
#156 = DIRECTION('',(-0.989036788181,-0.147669332036,0.));
#157 = ORIENTED_EDGE('',*,*,#158,.T.);
#158 = EDGE_CURVE('',#151,#159,#161,.T.);
#159 = VERTEX_POINT('',#160);
#160 = CARTESIAN_POINT('',(10.717894,7.303621,1.585));
#161 = LINE('',#162,#163);
#162 = CARTESIAN_POINT('',(10.788109,7.29772,1.585));
#163 = VECTOR('',#164,1.);
#164 = DIRECTION('',(-0.996487079923,8.374663901765E-02,0.));
#165 = ORIENTED_EDGE('',*,*,#166,.T.);
#166 = EDGE_CURVE('',#159,#167,#169,.T.);
#167 = VERTEX_POINT('',#168);
#168 = CARTESIAN_POINT('',(10.658351,7.322935,1.585));
#169 = LINE('',#170,#171);
#170 = CARTESIAN_POINT('',(10.717894,7.303621,1.585));
#171 = VECTOR('',#172,1.);
#172 = DIRECTION('',(-0.951209894376,0.308544545958,0.));
#173 = ORIENTED_EDGE('',*,*,#174,.T.);
#174 = EDGE_CURVE('',#167,#175,#177,.T.);
#175 = VERTEX_POINT('',#176);
#176 = CARTESIAN_POINT('',(10.56432,7.38087,1.585));
#177 = LINE('',#178,#179);
#178 = CARTESIAN_POINT('',(10.658351,7.322935,1.585));
#179 = VECTOR('',#180,1.);
#180 = DIRECTION('',(-0.851376230649,0.524555539372,0.));
#181 = ORIENTED_EDGE('',*,*,#182,.T.);
#182 = EDGE_CURVE('',#175,#183,#185,.T.);
#183 = VERTEX_POINT('',#184);
#184 = CARTESIAN_POINT('',(10.485308,7.022865,1.585));
#185 = LINE('',#186,#187);
#186 = CARTESIAN_POINT('',(10.56432,7.38087,1.585));
#187 = VECTOR('',#188,1.);
#188 = DIRECTION('',(-0.215514500027,-0.976500640183,0.));
#189 = ORIENTED_EDGE('',*,*,#190,.T.);
#190 = EDGE_CURVE('',#183,#191,#193,.T.);
#191 = VERTEX_POINT('',#192);
#192 = CARTESIAN_POINT('',(10.481621,7.014371,1.585));
#193 = LINE('',#194,#195);
#194 = CARTESIAN_POINT('',(10.485308,7.022865,1.585));
#195 = VECTOR('',#196,1.);
#196 = DIRECTION('',(-0.398177137537,-0.917308545225,0.));
#197 = ORIENTED_EDGE('',*,*,#198,.T.);
#198 = EDGE_CURVE('',#191,#199,#201,.T.);
#199 = VERTEX_POINT('',#200);
#200 = CARTESIAN_POINT('',(10.437731,7.002726,1.585));
#201 = LINE('',#202,#203);
#202 = CARTESIAN_POINT('',(10.481621,7.014371,1.585));
#203 = VECTOR('',#204,1.);
#204 = DIRECTION('',(-0.966557658865,-0.256449394793,0.));
#205 = ORIENTED_EDGE('',*,*,#206,.T.);
#206 = EDGE_CURVE('',#199,#207,#209,.T.);
#207 = VERTEX_POINT('',#208);
#208 = CARTESIAN_POINT('',(10.374719,7.002805,1.585));
#209 = LINE('',#210,#211);
#210 = CARTESIAN_POINT('',(10.437731,7.002726,1.585));
#211 = VECTOR('',#212,1.);
#212 = DIRECTION('',(-0.999999214082,1.253728463037E-03,0.));
#213 = ORIENTED_EDGE('',*,*,#214,.T.);
#214 = EDGE_CURVE('',#207,#215,#217,.T.);
#215 = VERTEX_POINT('',#216);
#216 = CARTESIAN_POINT('',(10.352357,7.010373,1.585));
#217 = LINE('',#218,#219);
#218 = CARTESIAN_POINT('',(10.374719,7.002805,1.585));
#219 = VECTOR('',#220,1.);
#220 = DIRECTION('',(-0.947224676634,0.320570447758,0.));
#221 = ORIENTED_EDGE('',*,*,#222,.T.);
#222 = EDGE_CURVE('',#215,#223,#225,.T.);
#223 = VERTEX_POINT('',#224);
#224 = CARTESIAN_POINT('',(10.458202,7.580358,1.585));
#225 = LINE('',#226,#227);
#226 = CARTESIAN_POINT('',(10.352357,7.010373,1.585));
#227 = VECTOR('',#228,1.);
#228 = DIRECTION('',(0.182576591406,0.983191633544,0.));
#229 = ORIENTED_EDGE('',*,*,#230,.T.);
#230 = EDGE_CURVE('',#223,#231,#233,.T.);
#231 = VERTEX_POINT('',#232);
#232 = CARTESIAN_POINT('',(10.56905,8.111212,1.585));
#233 = LINE('',#234,#235);
#234 = CARTESIAN_POINT('',(10.458202,7.580358,1.585));
#235 = VECTOR('',#236,1.);
#236 = DIRECTION('',(0.204402091102,0.978887013477,0.));
#237 = ORIENTED_EDGE('',*,*,#238,.T.);
#238 = EDGE_CURVE('',#231,#239,#241,.T.);
#239 = VERTEX_POINT('',#240);
#240 = CARTESIAN_POINT('',(10.577509,8.125483,1.585));
#241 = LINE('',#242,#243);
#242 = CARTESIAN_POINT('',(10.56905,8.111212,1.585));
#243 = VECTOR('',#244,1.);
#244 = DIRECTION('',(0.509896568714,0.860235717239,0.));
#245 = ORIENTED_EDGE('',*,*,#246,.T.);
#246 = EDGE_CURVE('',#239,#247,#249,.T.);
#247 = VERTEX_POINT('',#248);
#248 = CARTESIAN_POINT('',(10.591335,8.132146,1.585));
#249 = LINE('',#250,#251);
#250 = CARTESIAN_POINT('',(10.577509,8.125483,1.585));
#251 = VECTOR('',#252,1.);
#252 = DIRECTION('',(0.900847865157,0.434134914331,0.));
#253 = ORIENTED_EDGE('',*,*,#254,.T.);
#254 = EDGE_CURVE('',#247,#255,#257,.T.);
#255 = VERTEX_POINT('',#256);
#256 = CARTESIAN_POINT('',(10.664275,8.130124,1.585));
#257 = LINE('',#258,#259);
#258 = CARTESIAN_POINT('',(10.591335,8.132146,1.585));
#259 = VECTOR('',#260,1.);
#260 = DIRECTION('',(0.999615982896,-2.771076936408E-02,0.));
#261 = ORIENTED_EDGE('',*,*,#262,.T.);
#262 = EDGE_CURVE('',#255,#263,#265,.T.);
#263 = VERTEX_POINT('',#264);
#264 = CARTESIAN_POINT('',(10.681546,8.12462,1.585));
#265 = LINE('',#266,#267);
#266 = CARTESIAN_POINT('',(10.664275,8.130124,1.585));
#267 = VECTOR('',#268,1.);
#268 = DIRECTION('',(0.952787297786,-0.303638543629,0.));
#269 = ORIENTED_EDGE('',*,*,#270,.T.);
#270 = EDGE_CURVE('',#263,#271,#273,.T.);
#271 = VERTEX_POINT('',#272);
#272 = CARTESIAN_POINT('',(10.688783,8.11161,1.585));
#273 = LINE('',#274,#275);
#274 = CARTESIAN_POINT('',(10.681546,8.12462,1.585));
#275 = VECTOR('',#276,1.);
#276 = DIRECTION('',(0.486116225125,-0.873894167317,0.));
#277 = ORIENTED_EDGE('',*,*,#278,.T.);
#278 = EDGE_CURVE('',#271,#279,#281,.T.);
#279 = VERTEX_POINT('',#280);
#280 = CARTESIAN_POINT('',(10.671889,7.991498,1.585));
#281 = LINE('',#282,#283);
#282 = CARTESIAN_POINT('',(10.688783,8.11161,1.585));
#283 = VECTOR('',#284,1.);
#284 = DIRECTION('',(-0.139281106098,-0.990252883603,0.));
#285 = ORIENTED_EDGE('',*,*,#286,.T.);
#286 = EDGE_CURVE('',#279,#287,#289,.T.);
#287 = VERTEX_POINT('',#288);
#288 = CARTESIAN_POINT('',(10.72633,8.04236,1.585));
#289 = LINE('',#290,#291);
#290 = CARTESIAN_POINT('',(10.671889,7.991498,1.585));
#291 = VECTOR('',#292,1.);
#292 = DIRECTION('',(0.730717742938,0.682679705393,0.));
#293 = ORIENTED_EDGE('',*,*,#294,.T.);
#294 = EDGE_CURVE('',#287,#44,#295,.T.);
#295 = LINE('',#296,#297);
#296 = CARTESIAN_POINT('',(10.72633,8.04236,1.585));
#297 = VECTOR('',#298,1.);
#298 = DIRECTION('',(0.784218659748,0.62048456363,0.));
#299 = FACE_BOUND('',#300,.F.);
#300 = EDGE_LOOP('',(#301,#311,#319,#327,#335,#343,#351,#359,#367,#375,
    #383,#391,#399,#408,#416,#424,#432,#440,#448,#457,#465));
#301 = ORIENTED_EDGE('',*,*,#302,.T.);
#302 = EDGE_CURVE('',#303,#305,#307,.T.);
#303 = VERTEX_POINT('',#304);
#304 = CARTESIAN_POINT('',(11.013509,7.981849,1.585));
#305 = VERTEX_POINT('',#306);
#306 = CARTESIAN_POINT('',(10.974436,8.012933,1.585));
#307 = LINE('',#308,#309);
#308 = CARTESIAN_POINT('',(11.013509,7.981849,1.585));
#309 = VECTOR('',#310,1.);
#310 = DIRECTION('',(-0.782569784549,0.622562874182,0.));
#311 = ORIENTED_EDGE('',*,*,#312,.T.);
#312 = EDGE_CURVE('',#305,#313,#315,.T.);
#313 = VERTEX_POINT('',#314);
#314 = CARTESIAN_POINT('',(10.927765,8.023899,1.585));
#315 = LINE('',#316,#317);
#316 = CARTESIAN_POINT('',(10.974436,8.012933,1.585));
#317 = VECTOR('',#318,1.);
#318 = DIRECTION('',(-0.973488791977,0.228734719479,0.));
#319 = ORIENTED_EDGE('',*,*,#320,.T.);
#320 = EDGE_CURVE('',#313,#321,#323,.T.);
#321 = VERTEX_POINT('',#322);
#322 = CARTESIAN_POINT('',(10.876757,8.016426,1.585));
#323 = LINE('',#324,#325);
#324 = CARTESIAN_POINT('',(10.927765,8.023899,1.585));
#325 = VECTOR('',#326,1.);
#326 = DIRECTION('',(-0.989437665539,-0.144958980446,0.));
#327 = ORIENTED_EDGE('',*,*,#328,.T.);
#328 = EDGE_CURVE('',#321,#329,#331,.T.);
#329 = VERTEX_POINT('',#330);
#330 = CARTESIAN_POINT('',(10.823895,7.992132,1.585));
#331 = LINE('',#332,#333);
#332 = CARTESIAN_POINT('',(10.876757,8.016426,1.585));
#333 = VECTOR('',#334,1.);
#334 = DIRECTION('',(-0.908637361513,-0.417586093235,0.));
#335 = ORIENTED_EDGE('',*,*,#336,.T.);
#336 = EDGE_CURVE('',#329,#337,#339,.T.);
#337 = VERTEX_POINT('',#338);
#338 = CARTESIAN_POINT('',(10.771664,7.952633,1.585));
#339 = LINE('',#340,#341);
#340 = CARTESIAN_POINT('',(10.823895,7.992132,1.585));
#341 = VECTOR('',#342,1.);
#342 = DIRECTION('',(-0.797605932592,-0.603178892448,0.));
#343 = ORIENTED_EDGE('',*,*,#344,.T.);
#344 = EDGE_CURVE('',#337,#345,#347,.T.);
#345 = VERTEX_POINT('',#346);
#346 = CARTESIAN_POINT('',(10.722546,7.899547,1.585));
#347 = LINE('',#348,#349);
#348 = CARTESIAN_POINT('',(10.771664,7.952633,1.585));
#349 = VECTOR('',#350,1.);
#350 = DIRECTION('',(-0.679142194761,-0.734006729734,0.));
#351 = ORIENTED_EDGE('',*,*,#352,.T.);
#352 = EDGE_CURVE('',#345,#353,#355,.T.);
#353 = VERTEX_POINT('',#354);
#354 = CARTESIAN_POINT('',(10.667542,7.813097,1.585));
#355 = LINE('',#356,#357);
#356 = CARTESIAN_POINT('',(10.722546,7.899547,1.585));
#357 = VECTOR('',#358,1.);
#358 = DIRECTION('',(-0.536808552187,-0.843704082187,0.));
#359 = ORIENTED_EDGE('',*,*,#360,.T.);
#360 = EDGE_CURVE('',#353,#361,#363,.T.);
#361 = VERTEX_POINT('',#362);
#362 = CARTESIAN_POINT('',(10.636983,7.728085,1.585));
#363 = LINE('',#364,#365);
#364 = CARTESIAN_POINT('',(10.667542,7.813097,1.585));
#365 = VECTOR('',#366,1.);
#366 = DIRECTION('',(-0.338275314574,-0.941047188801,0.));
#367 = ORIENTED_EDGE('',*,*,#368,.T.);
#368 = EDGE_CURVE('',#361,#369,#371,.T.);
#369 = VERTEX_POINT('',#370);
#370 = CARTESIAN_POINT('',(10.602379,7.57316,1.585));
#371 = LINE('',#372,#373);
#372 = CARTESIAN_POINT('',(10.636983,7.728085,1.585));
#373 = VECTOR('',#374,1.);
#374 = DIRECTION('',(-0.217988203252,-0.97595140414,0.));
#375 = ORIENTED_EDGE('',*,*,#376,.T.);
#376 = EDGE_CURVE('',#369,#377,#379,.T.);
#377 = VERTEX_POINT('',#378);
#378 = CARTESIAN_POINT('',(10.600667,7.550624,1.585));
#379 = LINE('',#380,#381);
#380 = CARTESIAN_POINT('',(10.602379,7.57316,1.585));
#381 = VECTOR('',#382,1.);
#382 = DIRECTION('',(-7.574908021875E-02,-0.997126911103,0.));
#383 = ORIENTED_EDGE('',*,*,#384,.T.);
#384 = EDGE_CURVE('',#377,#385,#387,.T.);
#385 = VERTEX_POINT('',#386);
#386 = CARTESIAN_POINT('',(10.60891,7.526345,1.585));
#387 = LINE('',#388,#389);
#388 = CARTESIAN_POINT('',(10.600667,7.550624,1.585));
#389 = VECTOR('',#390,1.);
#390 = DIRECTION('',(0.321488077112,-0.946913626618,0.));
#391 = ORIENTED_EDGE('',*,*,#392,.T.);
#392 = EDGE_CURVE('',#385,#393,#395,.T.);
#393 = VERTEX_POINT('',#394);
#394 = CARTESIAN_POINT('',(10.630474,7.496999,1.585));
#395 = LINE('',#396,#397);
#396 = CARTESIAN_POINT('',(10.60891,7.526345,1.585));
#397 = VECTOR('',#398,1.);
#398 = DIRECTION('',(0.592141943217,-0.805833679542,0.));
#399 = ORIENTED_EDGE('',*,*,#400,.T.);
#400 = EDGE_CURVE('',#393,#401,#403,.T.);
#401 = VERTEX_POINT('',#402);
#402 = CARTESIAN_POINT('',(10.764617,7.419858,1.585));
#403 = CIRCLE('',#404,0.203232629273);
#404 = AXIS2_PLACEMENT_3D('',#405,#406,#407);
#405 = CARTESIAN_POINT('',(10.791230586619,7.621340551623,1.585));
#406 = DIRECTION('',(0.,0.,1.));
#407 = DIRECTION('',(-0.790997917969,-0.611818840645,0.));
#408 = ORIENTED_EDGE('',*,*,#409,.T.);
#409 = EDGE_CURVE('',#401,#410,#412,.T.);
#410 = VERTEX_POINT('',#411);
#411 = CARTESIAN_POINT('',(10.820166,7.425474,1.585));
#412 = LINE('',#413,#414);
#413 = CARTESIAN_POINT('',(10.764617,7.419858,1.585));
#414 = VECTOR('',#415,1.);
#415 = DIRECTION('',(0.994928248672,0.100587176089,0.));
#416 = ORIENTED_EDGE('',*,*,#417,.T.);
#417 = EDGE_CURVE('',#410,#418,#420,.T.);
#418 = VERTEX_POINT('',#419);
#419 = CARTESIAN_POINT('',(10.865242,7.441273,1.585));
#420 = LINE('',#421,#422);
#421 = CARTESIAN_POINT('',(10.820166,7.425474,1.585));
#422 = VECTOR('',#423,1.);
#423 = DIRECTION('',(0.943712038158,0.330768180204,0.));
#424 = ORIENTED_EDGE('',*,*,#425,.T.);
#425 = EDGE_CURVE('',#418,#426,#428,.T.);
#426 = VERTEX_POINT('',#427);
#427 = CARTESIAN_POINT('',(10.910444,7.474928,1.585));
#428 = LINE('',#429,#430);
#429 = CARTESIAN_POINT('',(10.865242,7.441273,1.585));
#430 = VECTOR('',#431,1.);
#431 = DIRECTION('',(0.802094651646,0.597196927153,0.));
#432 = ORIENTED_EDGE('',*,*,#433,.T.);
#433 = EDGE_CURVE('',#426,#434,#436,.T.);
#434 = VERTEX_POINT('',#435);
#435 = CARTESIAN_POINT('',(10.951292,7.525956,1.585));
#436 = LINE('',#437,#438);
#437 = CARTESIAN_POINT('',(10.910444,7.474928,1.585));
#438 = VECTOR('',#439,1.);
#439 = DIRECTION('',(0.624933832105,0.780677721912,0.));
#440 = ORIENTED_EDGE('',*,*,#441,.T.);
#441 = EDGE_CURVE('',#434,#442,#444,.T.);
#442 = VERTEX_POINT('',#443);
#443 = CARTESIAN_POINT('',(10.986194,7.590724,1.585));
#444 = LINE('',#445,#446);
#445 = CARTESIAN_POINT('',(10.951292,7.525956,1.585));
#446 = VECTOR('',#447,1.);
#447 = DIRECTION('',(0.474383481973,0.880318301543,0.));
#448 = ORIENTED_EDGE('',*,*,#449,.T.);
#449 = EDGE_CURVE('',#442,#450,#452,.T.);
#450 = VERTEX_POINT('',#451);
#451 = CARTESIAN_POINT('',(11.037273,7.901909,1.585));
#452 = CIRCLE('',#453,0.641160168967);
#453 = AXIS2_PLACEMENT_3D('',#454,#455,#456);
#454 = CARTESIAN_POINT('',(10.398470107627,7.846979709406,1.585));
#455 = DIRECTION('',(0.,0.,1.));
#456 = DIRECTION('',(0.916656899196,-0.399675029438,0.));
#457 = ORIENTED_EDGE('',*,*,#458,.T.);
#458 = EDGE_CURVE('',#450,#459,#461,.T.);
#459 = VERTEX_POINT('',#460);
#460 = CARTESIAN_POINT('',(11.029083,7.948735,1.585));
#461 = LINE('',#462,#463);
#462 = CARTESIAN_POINT('',(11.037273,7.901909,1.585));
#463 = VECTOR('',#464,1.);
#464 = DIRECTION('',(-0.172287459907,0.985046715216,0.));
#465 = ORIENTED_EDGE('',*,*,#466,.T.);
#466 = EDGE_CURVE('',#459,#303,#467,.T.);
#467 = LINE('',#468,#469);
#468 = CARTESIAN_POINT('',(11.029083,7.948735,1.585));
#469 = VECTOR('',#470,1.);
#470 = DIRECTION('',(-0.425594355108,0.904914053875,0.));
#471 = PLANE('',#472);
#472 = AXIS2_PLACEMENT_3D('',#473,#474,#475);
#473 = CARTESIAN_POINT('',(0.,0.,1.585));
#474 = DIRECTION('',(0.,0.,1.));
#475 = DIRECTION('',(1.,0.,-0.));
#476 = SHELL_BASED_SURFACE_MODEL('',(#477));
#477 = OPEN_SHELL('',(#478));
#478 = ADVANCED_FACE('',(#479,#717),#896,.T.);
#479 = FACE_BOUND('',#480,.F.);
#480 = EDGE_LOOP('',(#481,#491,#499,#508,#516,#524,#532,#540,#548,#556,
    #564,#572,#580,#588,#596,#604,#612,#620,#628,#637,#645,#653,#661,
    #669,#678,#686,#694,#702,#711));
#481 = ORIENTED_EDGE('',*,*,#482,.T.);
#482 = EDGE_CURVE('',#483,#485,#487,.T.);
#483 = VERTEX_POINT('',#484);
#484 = CARTESIAN_POINT('',(9.801277,8.123118,1.585));
#485 = VERTEX_POINT('',#486);
#486 = CARTESIAN_POINT('',(9.860352,8.139901,1.585));
#487 = LINE('',#488,#489);
#488 = CARTESIAN_POINT('',(9.801277,8.123118,1.585));
#489 = VECTOR('',#490,1.);
#490 = DIRECTION('',(0.961933946863,0.273282055526,0.));
#491 = ORIENTED_EDGE('',*,*,#492,.T.);
#492 = EDGE_CURVE('',#485,#493,#495,.T.);
#493 = VERTEX_POINT('',#494);
#494 = CARTESIAN_POINT('',(9.932371,8.144851,1.585));
#495 = LINE('',#496,#497);
#496 = CARTESIAN_POINT('',(9.860352,8.139901,1.585));
#497 = VECTOR('',#498,1.);
#498 = DIRECTION('',(0.997646301544,6.85700883467E-02,0.));
#499 = ORIENTED_EDGE('',*,*,#500,.T.);
#500 = EDGE_CURVE('',#493,#501,#503,.T.);
#501 = VERTEX_POINT('',#502);
#502 = CARTESIAN_POINT('',(10.144552,8.050729,1.585));
#503 = CIRCLE('',#504,0.267197988413);
#504 = AXIS2_PLACEMENT_3D('',#505,#506,#507);
#505 = CARTESIAN_POINT('',(9.94087025766,7.877788221554,1.585));
#506 = DIRECTION('',(0.,0.,-1.));
#507 = DIRECTION('',(-3.180883849755E-02,0.999493970864,0.));
#508 = ORIENTED_EDGE('',*,*,#509,.T.);
#509 = EDGE_CURVE('',#501,#510,#512,.T.);
#510 = VERTEX_POINT('',#511);
#511 = CARTESIAN_POINT('',(10.157157,8.047695,1.585));
#512 = LINE('',#513,#514);
#513 = CARTESIAN_POINT('',(10.144552,8.050729,1.585));
#514 = VECTOR('',#515,1.);
#515 = DIRECTION('',(0.972233062072,-0.234014685468,0.));
#516 = ORIENTED_EDGE('',*,*,#517,.T.);
#517 = EDGE_CURVE('',#510,#518,#520,.T.);
#518 = VERTEX_POINT('',#519);
#519 = CARTESIAN_POINT('',(10.179883,8.113929,1.585));
#520 = LINE('',#521,#522);
#521 = CARTESIAN_POINT('',(10.157157,8.047695,1.585));
#522 = VECTOR('',#523,1.);
#523 = DIRECTION('',(0.324544107536,0.945870563166,0.));
#524 = ORIENTED_EDGE('',*,*,#525,.T.);
#525 = EDGE_CURVE('',#518,#526,#528,.T.);
#526 = VERTEX_POINT('',#527);
#527 = CARTESIAN_POINT('',(10.191595,8.125799,1.585));
#528 = LINE('',#529,#530);
#529 = CARTESIAN_POINT('',(10.179883,8.113929,1.585));
#530 = VECTOR('',#531,1.);
#531 = DIRECTION('',(0.702353383497,0.71182843768,0.));
#532 = ORIENTED_EDGE('',*,*,#533,.T.);
#533 = EDGE_CURVE('',#526,#534,#536,.T.);
#534 = VERTEX_POINT('',#535);
#535 = CARTESIAN_POINT('',(10.234039,8.132485,1.585));
#536 = LINE('',#537,#538);
#537 = CARTESIAN_POINT('',(10.191595,8.125799,1.585));
#538 = VECTOR('',#539,1.);
#539 = DIRECTION('',(0.987819134857,0.155606416352,0.));
#540 = ORIENTED_EDGE('',*,*,#541,.T.);
#541 = EDGE_CURVE('',#534,#542,#544,.T.);
#542 = VERTEX_POINT('',#543);
#543 = CARTESIAN_POINT('',(10.289586,8.128862,1.585));
#544 = LINE('',#545,#546);
#545 = CARTESIAN_POINT('',(10.234039,8.132485,1.585));
#546 = VECTOR('',#547,1.);
#547 = DIRECTION('',(0.997879674794,-6.508574831724E-02,0.));
#548 = ORIENTED_EDGE('',*,*,#549,.T.);
#549 = EDGE_CURVE('',#542,#550,#552,.T.);
#550 = VERTEX_POINT('',#551);
#551 = CARTESIAN_POINT('',(10.295575,8.125827,1.585));
#552 = LINE('',#553,#554);
#553 = CARTESIAN_POINT('',(10.289586,8.128862,1.585));
#554 = VECTOR('',#555,1.);
#555 = DIRECTION('',(0.89200134596,-0.452032740856,0.));
#556 = ORIENTED_EDGE('',*,*,#557,.T.);
#557 = EDGE_CURVE('',#550,#558,#560,.T.);
#558 = VERTEX_POINT('',#559);
#559 = CARTESIAN_POINT('',(10.263325,7.914331,1.585));
#560 = LINE('',#561,#562);
#561 = CARTESIAN_POINT('',(10.295575,8.125827,1.585));
#562 = VECTOR('',#563,1.);
#563 = DIRECTION('',(-0.150742710088,-0.988573029854,0.));
#564 = ORIENTED_EDGE('',*,*,#565,.T.);
#565 = EDGE_CURVE('',#558,#566,#568,.T.);
#566 = VERTEX_POINT('',#567);
#567 = CARTESIAN_POINT('',(10.154452,7.36663,1.585));
#568 = LINE('',#569,#570);
#569 = CARTESIAN_POINT('',(10.263325,7.914331,1.585));
#570 = VECTOR('',#571,1.);
#571 = DIRECTION('',(-0.194967148897,-0.98080977302,0.));
#572 = ORIENTED_EDGE('',*,*,#573,.T.);
#573 = EDGE_CURVE('',#566,#574,#576,.T.);
#574 = VERTEX_POINT('',#575);
#575 = CARTESIAN_POINT('',(10.136128,7.317313,1.585));
#576 = LINE('',#577,#578);
#577 = CARTESIAN_POINT('',(10.154452,7.36663,1.585));
#578 = VECTOR('',#579,1.);
#579 = DIRECTION('',(-0.348291040702,-0.937386446972,0.));
#580 = ORIENTED_EDGE('',*,*,#581,.T.);
#581 = EDGE_CURVE('',#574,#582,#584,.T.);
#582 = VERTEX_POINT('',#583);
#583 = CARTESIAN_POINT('',(10.122303,7.310649,1.585));
#584 = LINE('',#585,#586);
#585 = CARTESIAN_POINT('',(10.136128,7.317313,1.585));
#586 = VECTOR('',#587,1.);
#587 = DIRECTION('',(-0.900810098576,-0.434213272833,0.));
#588 = ORIENTED_EDGE('',*,*,#589,.T.);
#589 = EDGE_CURVE('',#582,#590,#592,.T.);
#590 = VERTEX_POINT('',#591);
#591 = CARTESIAN_POINT('',(10.048413,7.313317,1.585));
#592 = LINE('',#593,#594);
#593 = CARTESIAN_POINT('',(10.122303,7.310649,1.585));
#594 = VECTOR('',#595,1.);
#595 = DIRECTION('',(-0.999348752737,3.608421264452E-02,0.));
#596 = ORIENTED_EDGE('',*,*,#597,.T.);
#597 = EDGE_CURVE('',#590,#598,#600,.T.);
#598 = VERTEX_POINT('',#599);
#599 = CARTESIAN_POINT('',(10.03058,7.320521,1.585));
#600 = LINE('',#601,#602);
#601 = CARTESIAN_POINT('',(10.048413,7.313317,1.585));
#602 = VECTOR('',#603,1.);
#603 = DIRECTION('',(-0.927201906703,0.374561909712,0.));
#604 = ORIENTED_EDGE('',*,*,#605,.T.);
#605 = EDGE_CURVE('',#598,#606,#608,.T.);
#606 = VERTEX_POINT('',#607);
#607 = CARTESIAN_POINT('',(10.023307,7.336114,1.585));
#608 = LINE('',#609,#610);
#609 = CARTESIAN_POINT('',(10.03058,7.320521,1.585));
#610 = VECTOR('',#611,1.);
#611 = DIRECTION('',(-0.422707278836,0.906266272361,0.));
#612 = ORIENTED_EDGE('',*,*,#613,.T.);
#613 = EDGE_CURVE('',#606,#614,#616,.T.);
#614 = VERTEX_POINT('',#615);
#615 = CARTESIAN_POINT('',(10.040694,7.449626,1.585));
#616 = LINE('',#617,#618);
#617 = CARTESIAN_POINT('',(10.023307,7.336114,1.585));
#618 = VECTOR('',#619,1.);
#619 = DIRECTION('',(0.151407367634,0.98847145079,0.));
#620 = ORIENTED_EDGE('',*,*,#621,.T.);
#621 = EDGE_CURVE('',#614,#622,#624,.T.);
#622 = VERTEX_POINT('',#623);
#623 = CARTESIAN_POINT('',(9.981581,7.395601,1.585));
#624 = LINE('',#625,#626);
#625 = CARTESIAN_POINT('',(10.040694,7.449626,1.585));
#626 = VECTOR('',#627,1.);
#627 = DIRECTION('',(-0.738160455727,-0.674625186011,0.));
#628 = ORIENTED_EDGE('',*,*,#629,.T.);
#629 = EDGE_CURVE('',#622,#630,#632,.T.);
#630 = VERTEX_POINT('',#631);
#631 = CARTESIAN_POINT('',(9.778006,7.299246,1.585));
#632 = CIRCLE('',#633,0.383234103975);
#633 = AXIS2_PLACEMENT_3D('',#634,#635,#636);
#634 = CARTESIAN_POINT('',(9.72307907464,7.678523485912,1.585));
#635 = DIRECTION('',(0.,0.,-1.));
#636 = DIRECTION('',(0.674527456399,-0.738249761641,0.));
#637 = ORIENTED_EDGE('',*,*,#638,.T.);
#638 = EDGE_CURVE('',#630,#639,#641,.T.);
#639 = VERTEX_POINT('',#640);
#640 = CARTESIAN_POINT('',(9.709003,7.298413,1.585));
#641 = LINE('',#642,#643);
#642 = CARTESIAN_POINT('',(9.778006,7.299246,1.585));
#643 = VECTOR('',#644,1.);
#644 = DIRECTION('',(-0.999927142109,-1.20710593652E-02,0.));
#645 = ORIENTED_EDGE('',*,*,#646,.T.);
#646 = EDGE_CURVE('',#639,#647,#649,.T.);
#647 = VERTEX_POINT('',#648);
#648 = CARTESIAN_POINT('',(9.647459,7.314484,1.585));
#649 = LINE('',#650,#651);
#650 = CARTESIAN_POINT('',(9.709003,7.298413,1.585));
#651 = VECTOR('',#652,1.);
#652 = DIRECTION('',(-0.967555638092,0.252658043997,0.));
#653 = ORIENTED_EDGE('',*,*,#654,.T.);
#654 = EDGE_CURVE('',#647,#655,#657,.T.);
#655 = VERTEX_POINT('',#656);
#656 = CARTESIAN_POINT('',(9.607236,7.336056,1.585));
#657 = LINE('',#658,#659);
#658 = CARTESIAN_POINT('',(9.647459,7.314484,1.585));
#659 = VECTOR('',#660,1.);
#660 = DIRECTION('',(-0.88126132459,0.472629323871,0.));
#661 = ORIENTED_EDGE('',*,*,#662,.T.);
#662 = EDGE_CURVE('',#655,#663,#665,.T.);
#663 = VERTEX_POINT('',#664);
#664 = CARTESIAN_POINT('',(9.577771,7.363689,1.585));
#665 = LINE('',#666,#667);
#666 = CARTESIAN_POINT('',(9.607236,7.336056,1.585));
#667 = VECTOR('',#668,1.);
#668 = DIRECTION('',(-0.729419077382,0.684067108953,0.));
#669 = ORIENTED_EDGE('',*,*,#670,.T.);
#670 = EDGE_CURVE('',#663,#671,#673,.T.);
#671 = VERTEX_POINT('',#672);
#672 = CARTESIAN_POINT('',(9.520141,7.574061,1.585));
#673 = CIRCLE('',#674,0.302448547201);
#674 = AXIS2_PLACEMENT_3D('',#675,#676,#677);
#675 = CARTESIAN_POINT('',(9.821032252617,7.543408466613,1.585));
#676 = DIRECTION('',(0.,0.,-1.));
#677 = DIRECTION('',(-0.80430623611,-0.594215010374,-0.));
#678 = ORIENTED_EDGE('',*,*,#679,.T.);
#679 = EDGE_CURVE('',#671,#680,#682,.T.);
#680 = VERTEX_POINT('',#681);
#681 = CARTESIAN_POINT('',(9.528529,7.694625,1.585));
#682 = LINE('',#683,#684);
#683 = CARTESIAN_POINT('',(9.520141,7.574061,1.585));
#684 = VECTOR('',#685,1.);
#685 = DIRECTION('',(6.940523497986E-02,0.997588549131,0.));
#686 = ORIENTED_EDGE('',*,*,#687,.T.);
#687 = EDGE_CURVE('',#680,#688,#690,.T.);
#688 = VERTEX_POINT('',#689);
#689 = CARTESIAN_POINT('',(9.553457,7.806445,1.585));
#690 = LINE('',#691,#692);
#691 = CARTESIAN_POINT('',(9.528529,7.694625,1.585));
#692 = VECTOR('',#693,1.);
#693 = DIRECTION('',(0.217588448051,0.97604060739,0.));
#694 = ORIENTED_EDGE('',*,*,#695,.T.);
#695 = EDGE_CURVE('',#688,#696,#698,.T.);
#696 = VERTEX_POINT('',#697);
#697 = CARTESIAN_POINT('',(9.594191,7.907516,1.585));
#698 = LINE('',#699,#700);
#699 = CARTESIAN_POINT('',(9.553457,7.806445,1.585));
#700 = VECTOR('',#701,1.);
#701 = DIRECTION('',(0.373807024648,0.927506500421,0.));
#702 = ORIENTED_EDGE('',*,*,#703,.T.);
#703 = EDGE_CURVE('',#696,#704,#706,.T.);
#704 = VERTEX_POINT('',#705);
#705 = CARTESIAN_POINT('',(9.74725,8.09185,1.585));
#706 = CIRCLE('',#707,0.52939957987);
#707 = AXIS2_PLACEMENT_3D('',#708,#709,#710);
#708 = CARTESIAN_POINT('',(10.067451181346,7.670263569205,1.585));
#709 = DIRECTION('',(0.,0.,-1.));
#710 = DIRECTION('',(-0.893956473224,0.44815379501,0.));
#711 = ORIENTED_EDGE('',*,*,#712,.T.);
#712 = EDGE_CURVE('',#704,#483,#713,.T.);
#713 = LINE('',#714,#715);
#714 = CARTESIAN_POINT('',(9.74725,8.09185,1.585));
#715 = VECTOR('',#716,1.);
#716 = DIRECTION('',(0.865501223159,0.500906810405,0.));
#717 = FACE_BOUND('',#718,.F.);
#718 = EDGE_LOOP('',(#719,#729,#737,#745,#753,#761,#769,#777,#785,#793,
    #801,#809,#817,#825,#833,#842,#850,#858,#866,#874,#882,#890));
#719 = ORIENTED_EDGE('',*,*,#720,.T.);
#720 = EDGE_CURVE('',#721,#723,#725,.T.);
#721 = VERTEX_POINT('',#722);
#722 = CARTESIAN_POINT('',(10.027285,7.994293,1.585));
#723 = VERTEX_POINT('',#724);
#724 = CARTESIAN_POINT('',(9.972236,8.018717,1.585));
#725 = LINE('',#726,#727);
#726 = CARTESIAN_POINT('',(10.027285,7.994293,1.585));
#727 = VECTOR('',#728,1.);
#728 = DIRECTION('',(-0.914071558283,0.405552939009,0.));
#729 = ORIENTED_EDGE('',*,*,#730,.T.);
#730 = EDGE_CURVE('',#723,#731,#733,.T.);
#731 = VERTEX_POINT('',#732);
#732 = CARTESIAN_POINT('',(9.917521,8.023763,1.585));
#733 = LINE('',#734,#735);
#734 = CARTESIAN_POINT('',(9.972236,8.018717,1.585));
#735 = VECTOR('',#736,1.);
#736 = DIRECTION('',(-0.995774363573,9.183363681966E-02,0.));
#737 = ORIENTED_EDGE('',*,*,#738,.T.);
#738 = EDGE_CURVE('',#731,#739,#741,.T.);
#739 = VERTEX_POINT('',#740);
#740 = CARTESIAN_POINT('',(9.8646,8.010255,1.585));
#741 = LINE('',#742,#743);
#742 = CARTESIAN_POINT('',(9.917521,8.023763,1.585));
#743 = VECTOR('',#744,1.);
#744 = DIRECTION('',(-0.968934142294,-0.247318878973,0.));
#745 = ORIENTED_EDGE('',*,*,#746,.T.);
#746 = EDGE_CURVE('',#739,#747,#749,.T.);
#747 = VERTEX_POINT('',#748);
#748 = CARTESIAN_POINT('',(9.814933,7.979017,1.585));
#749 = LINE('',#750,#751);
#750 = CARTESIAN_POINT('',(9.8646,8.010255,1.585));
#751 = VECTOR('',#752,1.);
#752 = DIRECTION('',(-0.846492592104,-0.532400499167,0.));
#753 = ORIENTED_EDGE('',*,*,#754,.T.);
#754 = EDGE_CURVE('',#747,#755,#757,.T.);
#755 = VERTEX_POINT('',#756);
#756 = CARTESIAN_POINT('',(9.769983,7.930872,1.585));
#757 = LINE('',#758,#759);
#758 = CARTESIAN_POINT('',(9.814933,7.979017,1.585));
#759 = VECTOR('',#760,1.);
#760 = DIRECTION('',(-0.682437246227,-0.73094418731,0.));
#761 = ORIENTED_EDGE('',*,*,#762,.T.);
#762 = EDGE_CURVE('',#755,#763,#765,.T.);
#763 = VERTEX_POINT('',#764);
#764 = CARTESIAN_POINT('',(9.731208,7.866645,1.585));
#765 = LINE('',#766,#767);
#766 = CARTESIAN_POINT('',(9.769983,7.930872,1.585));
#767 = VECTOR('',#768,1.);
#768 = DIRECTION('',(-0.516834265007,-0.856085476173,0.));
#769 = ORIENTED_EDGE('',*,*,#770,.T.);
#770 = EDGE_CURVE('',#763,#771,#773,.T.);
#771 = VERTEX_POINT('',#772);
#772 = CARTESIAN_POINT('',(9.700071,7.787158,1.585));
#773 = LINE('',#774,#775);
#774 = CARTESIAN_POINT('',(9.731208,7.866645,1.585));
#775 = VECTOR('',#776,1.);
#776 = DIRECTION('',(-0.364738530854,-0.93110998497,0.));
#777 = ORIENTED_EDGE('',*,*,#778,.T.);
#778 = EDGE_CURVE('',#771,#779,#781,.T.);
#779 = VERTEX_POINT('',#780);
#780 = CARTESIAN_POINT('',(9.684207,7.725766,1.585));
#781 = LINE('',#782,#783);
#782 = CARTESIAN_POINT('',(9.700071,7.787158,1.585));
#783 = VECTOR('',#784,1.);
#784 = DIRECTION('',(-0.250187082101,-0.968197512881,0.));
#785 = ORIENTED_EDGE('',*,*,#786,.T.);
#786 = EDGE_CURVE('',#779,#787,#789,.T.);
#787 = VERTEX_POINT('',#788);
#788 = CARTESIAN_POINT('',(9.670711,7.638085,1.585));
#789 = LINE('',#790,#791);
#790 = CARTESIAN_POINT('',(9.684207,7.725766,1.585));
#791 = VECTOR('',#792,1.);
#792 = DIRECTION('',(-0.152130029819,-0.988360487893,0.));
#793 = ORIENTED_EDGE('',*,*,#794,.T.);
#794 = EDGE_CURVE('',#787,#795,#797,.T.);
#795 = VERTEX_POINT('',#796);
#796 = CARTESIAN_POINT('',(9.66971,7.563951,1.585));
#797 = LINE('',#798,#799);
#798 = CARTESIAN_POINT('',(9.670711,7.638085,1.585));
#799 = VECTOR('',#800,1.);
#800 = DIRECTION('',(-1.350134569201E-02,-0.999908852678,0.));
#801 = ORIENTED_EDGE('',*,*,#802,.T.);
#802 = EDGE_CURVE('',#795,#803,#805,.T.);
#803 = VERTEX_POINT('',#804);
#804 = CARTESIAN_POINT('',(9.680589,7.504236,1.585));
#805 = LINE('',#806,#807);
#806 = CARTESIAN_POINT('',(9.66971,7.563951,1.585));
#807 = VECTOR('',#808,1.);
#808 = DIRECTION('',(0.179231930089,-0.983806848541,0.));
#809 = ORIENTED_EDGE('',*,*,#810,.T.);
#810 = EDGE_CURVE('',#803,#811,#813,.T.);
#811 = VERTEX_POINT('',#812);
#812 = CARTESIAN_POINT('',(9.702734,7.459808,1.585));
#813 = LINE('',#814,#815);
#814 = CARTESIAN_POINT('',(9.680589,7.504236,1.585));
#815 = VECTOR('',#816,1.);
#816 = DIRECTION('',(0.446101270203,-0.894982489618,0.));
#817 = ORIENTED_EDGE('',*,*,#818,.T.);
#818 = EDGE_CURVE('',#811,#819,#821,.T.);
#819 = VERTEX_POINT('',#820);
#820 = CARTESIAN_POINT('',(9.73553,7.431536,1.585));
#821 = LINE('',#822,#823);
#822 = CARTESIAN_POINT('',(9.702734,7.459808,1.585));
#823 = VECTOR('',#824,1.);
#824 = DIRECTION('',(0.757414687651,-0.652934139811,0.));
#825 = ORIENTED_EDGE('',*,*,#826,.T.);
#826 = EDGE_CURVE('',#819,#827,#829,.T.);
#827 = VERTEX_POINT('',#828);
#828 = CARTESIAN_POINT('',(9.778361,7.42029,1.585));
#829 = LINE('',#830,#831);
#830 = CARTESIAN_POINT('',(9.73553,7.431536,1.585));
#831 = VECTOR('',#832,1.);
#832 = DIRECTION('',(0.96721508899,-0.253958602199,0.));
#833 = ORIENTED_EDGE('',*,*,#834,.T.);
#834 = EDGE_CURVE('',#827,#835,#837,.T.);
#835 = VERTEX_POINT('',#836);
#836 = CARTESIAN_POINT('',(9.921496,7.474652,1.585));
#837 = CIRCLE('',#838,0.21913453541);
#838 = AXIS2_PLACEMENT_3D('',#839,#840,#841);
#839 = CARTESIAN_POINT('',(9.77702699195,7.639420474904,1.585));
#840 = DIRECTION('',(0.,0.,1.));
#841 = DIRECTION('',(6.087621230168E-03,-0.999981470262,0.));
#842 = ORIENTED_EDGE('',*,*,#843,.T.);
#843 = EDGE_CURVE('',#835,#844,#846,.T.);
#844 = VERTEX_POINT('',#845);
#845 = CARTESIAN_POINT('',(9.964227,7.516741,1.585));
#846 = LINE('',#847,#848);
#847 = CARTESIAN_POINT('',(9.921496,7.474652,1.585));
#848 = VECTOR('',#849,1.);
#849 = DIRECTION('',(0.712438443647,0.701734610813,0.));
#850 = ORIENTED_EDGE('',*,*,#851,.T.);
#851 = EDGE_CURVE('',#844,#852,#854,.T.);
#852 = VERTEX_POINT('',#853);
#853 = CARTESIAN_POINT('',(10.004802,7.56784,1.585));
#854 = LINE('',#855,#856);
#855 = CARTESIAN_POINT('',(9.964227,7.516741,1.585));
#856 = VECTOR('',#857,1.);
#857 = DIRECTION('',(0.621848141483,0.783137847977,0.));
#858 = ORIENTED_EDGE('',*,*,#859,.T.);
#859 = EDGE_CURVE('',#852,#860,#862,.T.);
#860 = VERTEX_POINT('',#861);
#861 = CARTESIAN_POINT('',(10.043169,7.631796,1.585));
#862 = LINE('',#863,#864);
#863 = CARTESIAN_POINT('',(10.004802,7.56784,1.585));
#864 = VECTOR('',#865,1.);
#865 = DIRECTION('',(0.514430684958,0.857531964636,0.));
#866 = ORIENTED_EDGE('',*,*,#867,.T.);
#867 = EDGE_CURVE('',#860,#868,#870,.T.);
#868 = VERTEX_POINT('',#869);
#869 = CARTESIAN_POINT('',(10.075198,7.720952,1.585));
#870 = LINE('',#871,#872);
#871 = CARTESIAN_POINT('',(10.043169,7.631796,1.585));
#872 = VECTOR('',#873,1.);
#873 = DIRECTION('',(0.338091801118,0.94111313561,0.));
#874 = ORIENTED_EDGE('',*,*,#875,.T.);
#875 = EDGE_CURVE('',#868,#876,#878,.T.);
#876 = VERTEX_POINT('',#877);
#877 = CARTESIAN_POINT('',(10.118062,7.911326,1.585));
#878 = LINE('',#879,#880);
#879 = CARTESIAN_POINT('',(10.075198,7.720952,1.585));
#880 = VECTOR('',#881,1.);
#881 = DIRECTION('',(0.219657789037,0.975576986053,0.));
#882 = ORIENTED_EDGE('',*,*,#883,.T.);
#883 = EDGE_CURVE('',#876,#884,#886,.T.);
#884 = VERTEX_POINT('',#885);
#885 = CARTESIAN_POINT('',(10.081206,7.949668,1.585));
#886 = LINE('',#887,#888);
#887 = CARTESIAN_POINT('',(10.118062,7.911326,1.585));
#888 = VECTOR('',#889,1.);
#889 = DIRECTION('',(-0.692998232272,0.720939283205,0.));
#890 = ORIENTED_EDGE('',*,*,#891,.T.);
#891 = EDGE_CURVE('',#884,#721,#892,.T.);
#892 = LINE('',#893,#894);
#893 = CARTESIAN_POINT('',(10.081206,7.949668,1.585));
#894 = VECTOR('',#895,1.);
#895 = DIRECTION('',(-0.770389239354,0.637573854457,0.));
#896 = PLANE('',#897);
#897 = AXIS2_PLACEMENT_3D('',#898,#899,#900);
#898 = CARTESIAN_POINT('',(0.,0.,1.585));
#899 = DIRECTION('',(0.,0.,1.));
#900 = DIRECTION('',(1.,0.,-0.));
#901 = SHELL_BASED_SURFACE_MODEL('',(#902));
#902 = OPEN_SHELL('',(#903));
#903 = ADVANCED_FACE('',(#904,#1200),#1324,.T.);
#904 = FACE_BOUND('',#905,.F.);
#905 = EDGE_LOOP('',(#906,#917,#925,#933,#941,#950,#958,#966,#974,#982,
    #990,#998,#1006,#1014,#1022,#1030,#1038,#1046,#1055,#1063,#1071,
    #1079,#1087,#1095,#1104,#1112,#1120,#1128,#1136,#1144,#1153,#1161,
    #1170,#1178,#1186,#1194));
#906 = ORIENTED_EDGE('',*,*,#907,.T.);
#907 = EDGE_CURVE('',#908,#910,#912,.T.);
#908 = VERTEX_POINT('',#909);
#909 = CARTESIAN_POINT('',(12.215269,8.124189,1.585));
#910 = VERTEX_POINT('',#911);
#911 = CARTESIAN_POINT('',(12.442953,8.137816,1.585));
#912 = CIRCLE('',#913,0.502533707257);
#913 = AXIS2_PLACEMENT_3D('',#914,#915,#916);
#914 = CARTESIAN_POINT('',(12.35835081412,7.642454922529,1.585));
#915 = DIRECTION('',(0.,0.,-1.));
#916 = DIRECTION('',(-0.284720829776,0.958610478292,0.));
#917 = ORIENTED_EDGE('',*,*,#918,.T.);
#918 = EDGE_CURVE('',#910,#919,#921,.T.);
#919 = VERTEX_POINT('',#920);
#920 = CARTESIAN_POINT('',(12.510822,8.117062,1.585));
#921 = LINE('',#922,#923);
#922 = CARTESIAN_POINT('',(12.442953,8.137816,1.585));
#923 = VECTOR('',#924,1.);
#924 = DIRECTION('',(0.956287560533,-0.292427942526,0.));
#925 = ORIENTED_EDGE('',*,*,#926,.T.);
#926 = EDGE_CURVE('',#919,#927,#929,.T.);
#927 = VERTEX_POINT('',#928);
#928 = CARTESIAN_POINT('',(12.563693,8.083517,1.585));
#929 = LINE('',#930,#931);
#930 = CARTESIAN_POINT('',(12.510822,8.117062,1.585));
#931 = VECTOR('',#932,1.);
#932 = DIRECTION('',(0.844385411873,-0.53573620021,0.));
#933 = ORIENTED_EDGE('',*,*,#934,.T.);
#934 = EDGE_CURVE('',#927,#935,#937,.T.);
#935 = VERTEX_POINT('',#936);
#936 = CARTESIAN_POINT('',(12.60053,8.037977,1.585));
#937 = LINE('',#938,#939);
#938 = CARTESIAN_POINT('',(12.563693,8.083517,1.585));
#939 = VECTOR('',#940,1.);
#940 = DIRECTION('',(0.62890203248,-0.777484555179,0.));
#941 = ORIENTED_EDGE('',*,*,#942,.T.);
#942 = EDGE_CURVE('',#935,#943,#945,.T.);
#943 = VERTEX_POINT('',#944);
#944 = CARTESIAN_POINT('',(12.613672,7.882542,1.585));
#945 = CIRCLE('',#946,0.199168216842);
#946 = AXIS2_PLACEMENT_3D('',#947,#948,#949);
#947 = CARTESIAN_POINT('',(12.424491010509,7.944819859752,1.585));
#948 = DIRECTION('',(0.,0.,-1.));
#949 = DIRECTION('',(0.883870892063,0.467730954891,0.));
#950 = ORIENTED_EDGE('',*,*,#951,.T.);
#951 = EDGE_CURVE('',#943,#952,#954,.T.);
#952 = VERTEX_POINT('',#953);
#953 = CARTESIAN_POINT('',(12.584623,7.829719,1.585));
#954 = LINE('',#955,#956);
#955 = CARTESIAN_POINT('',(12.613672,7.882542,1.585));
#956 = VECTOR('',#957,1.);
#957 = DIRECTION('',(-0.481872263769,-0.876241474373,0.));
#958 = ORIENTED_EDGE('',*,*,#959,.T.);
#959 = EDGE_CURVE('',#952,#960,#962,.T.);
#960 = VERTEX_POINT('',#961);
#961 = CARTESIAN_POINT('',(12.537237,7.784677,1.585));
#962 = LINE('',#963,#964);
#963 = CARTESIAN_POINT('',(12.584623,7.829719,1.585));
#964 = VECTOR('',#965,1.);
#965 = DIRECTION('',(-0.724806167613,-0.688952842646,0.));
#966 = ORIENTED_EDGE('',*,*,#967,.T.);
#967 = EDGE_CURVE('',#960,#968,#970,.T.);
#968 = VERTEX_POINT('',#969);
#969 = CARTESIAN_POINT('',(12.472351,7.747843,1.585));
#970 = LINE('',#971,#972);
#971 = CARTESIAN_POINT('',(12.537237,7.784677,1.585));
#972 = VECTOR('',#973,1.);
#973 = DIRECTION('',(-0.869646726298,-0.493674560251,0.));
#974 = ORIENTED_EDGE('',*,*,#975,.T.);
#975 = EDGE_CURVE('',#968,#976,#978,.T.);
#976 = VERTEX_POINT('',#977);
#977 = CARTESIAN_POINT('',(12.390805,7.719643,1.585));
#978 = LINE('',#979,#980);
#979 = CARTESIAN_POINT('',(12.472351,7.747843,1.585));
#980 = VECTOR('',#981,1.);
#981 = DIRECTION('',(-0.945084412051,-0.326826336299,0.));
#982 = ORIENTED_EDGE('',*,*,#983,.T.);
#983 = EDGE_CURVE('',#976,#984,#986,.T.);
#984 = VERTEX_POINT('',#985);
#985 = CARTESIAN_POINT('',(12.293441,7.7005,1.585));
#986 = LINE('',#987,#988);
#987 = CARTESIAN_POINT('',(12.390805,7.719643,1.585));
#988 = VECTOR('',#989,1.);
#989 = DIRECTION('',(-0.981214632797,-0.192919269089,0.));
#990 = ORIENTED_EDGE('',*,*,#991,.T.);
#991 = EDGE_CURVE('',#984,#992,#994,.T.);
#992 = VERTEX_POINT('',#993);
#993 = CARTESIAN_POINT('',(12.124297,7.689702,1.585));
#994 = LINE('',#995,#996);
#995 = CARTESIAN_POINT('',(12.293441,7.7005,1.585));
#996 = VECTOR('',#997,1.);
#997 = DIRECTION('',(-0.997968492278,-6.370940606592E-02,0.));
#998 = ORIENTED_EDGE('',*,*,#999,.T.);
#999 = EDGE_CURVE('',#992,#1000,#1002,.T.);
#1000 = VERTEX_POINT('',#1001);
#1001 = CARTESIAN_POINT('',(12.085754,7.688592,1.585));
#1002 = LINE('',#1003,#1004);
#1003 = CARTESIAN_POINT('',(12.124297,7.689702,1.585));
#1004 = VECTOR('',#1005,1.);
#1005 = DIRECTION('',(-0.999585566468,-2.87870684373E-02,0.));
#1006 = ORIENTED_EDGE('',*,*,#1007,.T.);
#1007 = EDGE_CURVE('',#1000,#1008,#1010,.T.);
#1008 = VERTEX_POINT('',#1009);
#1009 = CARTESIAN_POINT('',(12.061474,7.68272,1.585));
#1010 = LINE('',#1011,#1012);
#1011 = CARTESIAN_POINT('',(12.085754,7.688592,1.585));
#1012 = VECTOR('',#1013,1.);
#1013 = DIRECTION('',(-0.971978840654,-0.235068358827,0.));
#1014 = ORIENTED_EDGE('',*,*,#1015,.T.);
#1015 = EDGE_CURVE('',#1008,#1016,#1018,.T.);
#1016 = VERTEX_POINT('',#1017);
#1017 = CARTESIAN_POINT('',(12.048149,7.66811,1.585));
#1018 = LINE('',#1019,#1020);
#1019 = CARTESIAN_POINT('',(12.061474,7.68272,1.585));
#1020 = VECTOR('',#1021,1.);
#1021 = DIRECTION('',(-0.673867558339,-0.738852159649,0.));
#1022 = ORIENTED_EDGE('',*,*,#1023,.T.);
#1023 = EDGE_CURVE('',#1016,#1024,#1026,.T.);
#1024 = VERTEX_POINT('',#1025);
#1025 = CARTESIAN_POINT('',(12.041143,7.596775,1.585));
#1026 = LINE('',#1027,#1028);
#1027 = CARTESIAN_POINT('',(12.048149,7.66811,1.585));
#1028 = VECTOR('',#1029,1.);
#1029 = DIRECTION('',(-9.774239169827E-02,-0.995211748758,0.));
#1030 = ORIENTED_EDGE('',*,*,#1031,.T.);
#1031 = EDGE_CURVE('',#1024,#1032,#1034,.T.);
#1032 = VERTEX_POINT('',#1033);
#1033 = CARTESIAN_POINT('',(12.048761,7.528785,1.585));
#1034 = LINE('',#1035,#1036);
#1035 = CARTESIAN_POINT('',(12.041143,7.596775,1.585));
#1036 = VECTOR('',#1037,1.);
#1037 = DIRECTION('',(0.1113491151,-0.993781351489,0.));
#1038 = ORIENTED_EDGE('',*,*,#1039,.T.);
#1039 = EDGE_CURVE('',#1032,#1040,#1042,.T.);
#1040 = VERTEX_POINT('',#1041);
#1041 = CARTESIAN_POINT('',(12.070881,7.478303,1.585));
#1042 = LINE('',#1043,#1044);
#1043 = CARTESIAN_POINT('',(12.048761,7.528785,1.585));
#1044 = VECTOR('',#1045,1.);
#1045 = DIRECTION('',(0.401338452445,-0.915929826236,0.));
#1046 = ORIENTED_EDGE('',*,*,#1047,.T.);
#1047 = EDGE_CURVE('',#1040,#1048,#1050,.T.);
#1048 = VERTEX_POINT('',#1049);
#1049 = CARTESIAN_POINT('',(12.165947,7.419491,1.585));
#1050 = CIRCLE('',#1051,0.125740700964);
#1051 = AXIS2_PLACEMENT_3D('',#1052,#1053,#1054);
#1052 = CARTESIAN_POINT('',(12.17767194886,7.544683849049,1.585));
#1053 = DIRECTION('',(0.,0.,1.));
#1054 = DIRECTION('',(-0.849295001866,-0.527918554139,0.));
#1055 = ORIENTED_EDGE('',*,*,#1056,.T.);
#1056 = EDGE_CURVE('',#1048,#1057,#1059,.T.);
#1057 = VERTEX_POINT('',#1058);
#1058 = CARTESIAN_POINT('',(12.220098,7.41559,1.585));
#1059 = LINE('',#1060,#1061);
#1060 = CARTESIAN_POINT('',(12.165947,7.419491,1.585));
#1061 = VECTOR('',#1062,1.);
#1062 = DIRECTION('',(0.997415226041,-7.185309221964E-02,0.));
#1063 = ORIENTED_EDGE('',*,*,#1064,.T.);
#1064 = EDGE_CURVE('',#1057,#1065,#1067,.T.);
#1065 = VERTEX_POINT('',#1066);
#1066 = CARTESIAN_POINT('',(12.345473,7.426765,1.585));
#1067 = LINE('',#1068,#1069);
#1068 = CARTESIAN_POINT('',(12.220098,7.41559,1.585));
#1069 = VECTOR('',#1070,1.);
#1070 = DIRECTION('',(0.996051202869,8.878063562962E-02,0.));
#1071 = ORIENTED_EDGE('',*,*,#1072,.T.);
#1072 = EDGE_CURVE('',#1065,#1073,#1075,.T.);
#1073 = VERTEX_POINT('',#1074);
#1074 = CARTESIAN_POINT('',(12.458244,7.457645,1.585));
#1075 = LINE('',#1076,#1077);
#1076 = CARTESIAN_POINT('',(12.345473,7.426765,1.585));
#1077 = VECTOR('',#1078,1.);
#1078 = DIRECTION('',(0.964493510082,0.264106548593,0.));
#1079 = ORIENTED_EDGE('',*,*,#1080,.T.);
#1080 = EDGE_CURVE('',#1073,#1081,#1083,.T.);
#1081 = VERTEX_POINT('',#1082);
#1082 = CARTESIAN_POINT('',(12.489622,7.457051,1.585));
#1083 = LINE('',#1084,#1085);
#1084 = CARTESIAN_POINT('',(12.458244,7.457645,1.585));
#1085 = VECTOR('',#1086,1.);
#1086 = DIRECTION('',(0.999820866971,-1.892706976165E-02,0.));
#1087 = ORIENTED_EDGE('',*,*,#1088,.T.);
#1088 = EDGE_CURVE('',#1081,#1089,#1091,.T.);
#1089 = VERTEX_POINT('',#1090);
#1090 = CARTESIAN_POINT('',(12.494642,7.438811,1.585));
#1091 = LINE('',#1092,#1093);
#1092 = CARTESIAN_POINT('',(12.489622,7.457051,1.585));
#1093 = VECTOR('',#1094,1.);
#1094 = DIRECTION('',(0.26535304852,-0.964151315739,0.));
#1095 = ORIENTED_EDGE('',*,*,#1096,.T.);
#1096 = EDGE_CURVE('',#1089,#1097,#1099,.T.);
#1097 = VERTEX_POINT('',#1098);
#1098 = CARTESIAN_POINT('',(12.447048,7.343274,1.585));
#1099 = CIRCLE('',#1100,0.144765807106);
#1100 = AXIS2_PLACEMENT_3D('',#1101,#1102,#1103);
#1101 = CARTESIAN_POINT('',(12.350394301384,7.451047844002,1.585));
#1102 = DIRECTION('',(0.,0.,-1.));
#1103 = DIRECTION('',(0.996421057564,-8.452855164158E-02,0.));
#1104 = ORIENTED_EDGE('',*,*,#1105,.T.);
#1105 = EDGE_CURVE('',#1097,#1106,#1108,.T.);
#1106 = VERTEX_POINT('',#1107);
#1107 = CARTESIAN_POINT('',(12.406207,7.324871,1.585));
#1108 = LINE('',#1109,#1110);
#1109 = CARTESIAN_POINT('',(12.447048,7.343274,1.585));
#1110 = VECTOR('',#1111,1.);
#1111 = DIRECTION('',(-0.911716302331,-0.41082037932,0.));
#1112 = ORIENTED_EDGE('',*,*,#1113,.T.);
#1113 = EDGE_CURVE('',#1106,#1114,#1116,.T.);
#1114 = VERTEX_POINT('',#1115);
#1115 = CARTESIAN_POINT('',(12.350218,7.311049,1.585));
#1116 = LINE('',#1117,#1118);
#1117 = CARTESIAN_POINT('',(12.406207,7.324871,1.585));
#1118 = VECTOR('',#1119,1.);
#1119 = DIRECTION('',(-0.970853307177,-0.239674479126,0.));
#1120 = ORIENTED_EDGE('',*,*,#1121,.T.);
#1121 = EDGE_CURVE('',#1114,#1122,#1124,.T.);
#1122 = VERTEX_POINT('',#1123);
#1123 = CARTESIAN_POINT('',(12.215252,7.298606,1.585));
#1124 = LINE('',#1125,#1126);
#1125 = CARTESIAN_POINT('',(12.350218,7.311049,1.585));
#1126 = VECTOR('',#1127,1.);
#1127 = DIRECTION('',(-0.995777072123,-9.180426261742E-02,0.));
#1128 = ORIENTED_EDGE('',*,*,#1129,.T.);
#1129 = EDGE_CURVE('',#1122,#1130,#1132,.T.);
#1130 = VERTEX_POINT('',#1131);
#1131 = CARTESIAN_POINT('',(12.1475,7.300714,1.585));
#1132 = LINE('',#1133,#1134);
#1133 = CARTESIAN_POINT('',(12.215252,7.298606,1.585));
#1134 = VECTOR('',#1135,1.);
#1135 = DIRECTION('',(-0.999516327045,3.109842391975E-02,0.));
#1136 = ORIENTED_EDGE('',*,*,#1137,.T.);
#1137 = EDGE_CURVE('',#1130,#1138,#1140,.T.);
#1138 = VERTEX_POINT('',#1139);
#1139 = CARTESIAN_POINT('',(12.053848,7.317737,1.585));
#1140 = LINE('',#1141,#1142);
#1141 = CARTESIAN_POINT('',(12.1475,7.300714,1.585));
#1142 = VECTOR('',#1143,1.);
#1143 = DIRECTION('',(-0.98387848161,0.178838288477,0.));
#1144 = ORIENTED_EDGE('',*,*,#1145,.T.);
#1145 = EDGE_CURVE('',#1138,#1146,#1148,.T.);
#1146 = VERTEX_POINT('',#1147);
#1147 = CARTESIAN_POINT('',(11.900385,7.504361,1.585));
#1148 = CIRCLE('',#1149,0.214649862902);
#1149 = AXIS2_PLACEMENT_3D('',#1150,#1151,#1152);
#1150 = CARTESIAN_POINT('',(12.11415828714,7.523739992476,1.585));
#1151 = DIRECTION('',(0.,0.,-1.));
#1152 = DIRECTION('',(-0.280970536502,-0.959716394367,-0.));
#1153 = ORIENTED_EDGE('',*,*,#1154,.T.);
#1154 = EDGE_CURVE('',#1146,#1155,#1157,.T.);
#1155 = VERTEX_POINT('',#1156);
#1156 = CARTESIAN_POINT('',(11.898862,7.594292,1.585));
#1157 = LINE('',#1158,#1159);
#1158 = CARTESIAN_POINT('',(11.900385,7.504361,1.585));
#1159 = VECTOR('',#1160,1.);
#1160 = DIRECTION('',(-1.693277788365E-02,0.999856630239,0.));
#1161 = ORIENTED_EDGE('',*,*,#1162,.T.);
#1162 = EDGE_CURVE('',#1155,#1163,#1165,.T.);
#1163 = VERTEX_POINT('',#1164);
#1164 = CARTESIAN_POINT('',(11.955959,7.874092,1.585));
#1165 = CIRCLE('',#1166,0.649469594576);
#1166 = AXIS2_PLACEMENT_3D('',#1167,#1168,#1169);
#1167 = CARTESIAN_POINT('',(12.548197032497,7.607512054875,1.585));
#1168 = DIRECTION('',(0.,0.,-1.));
#1169 = DIRECTION('',(-0.99979281235,-2.035515593866E-02,-0.));
#1170 = ORIENTED_EDGE('',*,*,#1171,.T.);
#1171 = EDGE_CURVE('',#1163,#1172,#1174,.T.);
#1172 = VERTEX_POINT('',#1173);
#1173 = CARTESIAN_POINT('',(12.007629,7.960543,1.585));
#1174 = LINE('',#1175,#1176);
#1175 = CARTESIAN_POINT('',(11.955959,7.874092,1.585));
#1176 = VECTOR('',#1177,1.);
#1177 = DIRECTION('',(0.513030480253,0.858370389943,0.));
#1178 = ORIENTED_EDGE('',*,*,#1179,.T.);
#1179 = EDGE_CURVE('',#1172,#1180,#1182,.T.);
#1180 = VERTEX_POINT('',#1181);
#1181 = CARTESIAN_POINT('',(12.069474,8.034377,1.585));
#1182 = LINE('',#1183,#1184);
#1183 = CARTESIAN_POINT('',(12.007629,7.960543,1.585));
#1184 = VECTOR('',#1185,1.);
#1185 = DIRECTION('',(0.642122745085,0.766601839447,0.));
#1186 = ORIENTED_EDGE('',*,*,#1187,.T.);
#1187 = EDGE_CURVE('',#1180,#1188,#1190,.T.);
#1188 = VERTEX_POINT('',#1189);
#1189 = CARTESIAN_POINT('',(12.138039,8.088588,1.585));
#1190 = LINE('',#1191,#1192);
#1191 = CARTESIAN_POINT('',(12.069474,8.034377,1.585));
#1192 = VECTOR('',#1193,1.);
#1193 = DIRECTION('',(0.784433325326,0.620213155389,0.));
#1194 = ORIENTED_EDGE('',*,*,#1195,.T.);
#1195 = EDGE_CURVE('',#1188,#908,#1196,.T.);
#1196 = LINE('',#1197,#1198);
#1197 = CARTESIAN_POINT('',(12.138039,8.088588,1.585));
#1198 = VECTOR('',#1199,1.);
#1199 = DIRECTION('',(0.908154429568,0.418635321081,0.));
#1200 = FACE_BOUND('',#1201,.F.);
#1201 = EDGE_LOOP('',(#1202,#1212,#1220,#1228,#1236,#1244,#1253,#1261,
    #1269,#1278,#1286,#1294,#1302,#1310,#1318));
#1202 = ORIENTED_EDGE('',*,*,#1203,.T.);
#1203 = EDGE_CURVE('',#1204,#1206,#1208,.T.);
#1204 = VERTEX_POINT('',#1205);
#1205 = CARTESIAN_POINT('',(12.422485,8.017933,1.585));
#1206 = VERTEX_POINT('',#1207);
#1207 = CARTESIAN_POINT('',(12.386052,8.028695,1.585));
#1208 = LINE('',#1209,#1210);
#1209 = CARTESIAN_POINT('',(12.422485,8.017933,1.585));
#1210 = VECTOR('',#1211,1.);
#1211 = DIRECTION('',(-0.95903412564,0.283290567895,0.));
#1212 = ORIENTED_EDGE('',*,*,#1213,.T.);
#1213 = EDGE_CURVE('',#1206,#1214,#1216,.T.);
#1214 = VERTEX_POINT('',#1215);
#1215 = CARTESIAN_POINT('',(12.338601,8.031244,1.585));
#1216 = LINE('',#1217,#1218);
#1217 = CARTESIAN_POINT('',(12.386052,8.028695,1.585));
#1218 = VECTOR('',#1219,1.);
#1219 = DIRECTION('',(-0.998560272667,5.364123274594E-02,0.));
#1220 = ORIENTED_EDGE('',*,*,#1221,.T.);
#1221 = EDGE_CURVE('',#1214,#1222,#1224,.T.);
#1222 = VERTEX_POINT('',#1223);
#1223 = CARTESIAN_POINT('',(12.288474,8.025972,1.585));
#1224 = LINE('',#1225,#1226);
#1225 = CARTESIAN_POINT('',(12.338601,8.031244,1.585));
#1226 = VECTOR('',#1227,1.);
#1227 = DIRECTION('',(-0.99451479817,-0.104595966564,0.));
#1228 = ORIENTED_EDGE('',*,*,#1229,.T.);
#1229 = EDGE_CURVE('',#1222,#1230,#1232,.T.);
#1230 = VERTEX_POINT('',#1231);
#1231 = CARTESIAN_POINT('',(12.235062,8.009137,1.585));
#1232 = LINE('',#1233,#1234);
#1233 = CARTESIAN_POINT('',(12.288474,8.025972,1.585));
#1234 = VECTOR('',#1235,1.);
#1235 = DIRECTION('',(-0.953746335198,-0.300612588053,0.));
#1236 = ORIENTED_EDGE('',*,*,#1237,.T.);
#1237 = EDGE_CURVE('',#1230,#1238,#1240,.T.);
#1238 = VERTEX_POINT('',#1239);
#1239 = CARTESIAN_POINT('',(12.195829,7.982317,1.585));
#1240 = LINE('',#1241,#1242);
#1241 = CARTESIAN_POINT('',(12.235062,8.009137,1.585));
#1242 = VECTOR('',#1243,1.);
#1243 = DIRECTION('',(-0.825538931144,-0.564345172005,0.));
#1244 = ORIENTED_EDGE('',*,*,#1245,.T.);
#1245 = EDGE_CURVE('',#1238,#1246,#1248,.T.);
#1246 = VERTEX_POINT('',#1247);
#1247 = CARTESIAN_POINT('',(12.097477,7.856339,1.585));
#1248 = CIRCLE('',#1249,0.404396936442);
#1249 = AXIS2_PLACEMENT_3D('',#1250,#1251,#1252);
#1250 = CARTESIAN_POINT('',(12.459125966936,7.675377935353,1.585));
#1251 = DIRECTION('',(0.,0.,1.));
#1252 = DIRECTION('',(-0.651085463832,0.759004426065,0.));
#1253 = ORIENTED_EDGE('',*,*,#1254,.T.);
#1254 = EDGE_CURVE('',#1246,#1255,#1257,.T.);
#1255 = VERTEX_POINT('',#1256);
#1256 = CARTESIAN_POINT('',(12.083573,7.807165,1.585));
#1257 = LINE('',#1258,#1259);
#1258 = CARTESIAN_POINT('',(12.097477,7.856339,1.585));
#1259 = VECTOR('',#1260,1.);
#1260 = DIRECTION('',(-0.272083852874,-0.962273545831,0.));
#1261 = ORIENTED_EDGE('',*,*,#1262,.T.);
#1262 = EDGE_CURVE('',#1255,#1263,#1265,.T.);
#1263 = VERTEX_POINT('',#1264);
#1264 = CARTESIAN_POINT('',(12.093178,7.800772,1.585));
#1265 = LINE('',#1266,#1267);
#1266 = CARTESIAN_POINT('',(12.083573,7.807165,1.585));
#1267 = VECTOR('',#1268,1.);
#1268 = DIRECTION('',(0.832463411594,-0.554080019815,0.));
#1269 = ORIENTED_EDGE('',*,*,#1270,.T.);
#1270 = EDGE_CURVE('',#1263,#1271,#1273,.T.);
#1271 = VERTEX_POINT('',#1272);
#1272 = CARTESIAN_POINT('',(12.367484,7.823429,1.585));
#1273 = CIRCLE('',#1274,0.819364324358);
#1274 = AXIS2_PLACEMENT_3D('',#1275,#1276,#1277);
#1275 = CARTESIAN_POINT('',(12.163841380877,8.617083572032,1.585));
#1276 = DIRECTION('',(0.,0.,1.));
#1277 = DIRECTION('',(-8.624171052707E-02,-0.99627424305,0.));
#1278 = ORIENTED_EDGE('',*,*,#1279,.T.);
#1279 = EDGE_CURVE('',#1271,#1280,#1282,.T.);
#1280 = VERTEX_POINT('',#1281);
#1281 = CARTESIAN_POINT('',(12.416976,7.84656,1.585));
#1282 = LINE('',#1283,#1284);
#1283 = CARTESIAN_POINT('',(12.367484,7.823429,1.585));
#1284 = VECTOR('',#1285,1.);
#1285 = DIRECTION('',(0.905939349189,0.423407481736,0.));
#1286 = ORIENTED_EDGE('',*,*,#1287,.T.);
#1287 = EDGE_CURVE('',#1280,#1288,#1290,.T.);
#1288 = VERTEX_POINT('',#1289);
#1289 = CARTESIAN_POINT('',(12.452138,7.877392,1.585));
#1290 = LINE('',#1291,#1292);
#1291 = CARTESIAN_POINT('',(12.416976,7.84656,1.585));
#1292 = VECTOR('',#1293,1.);
#1293 = DIRECTION('',(0.751884818563,0.659294486262,0.));
#1294 = ORIENTED_EDGE('',*,*,#1295,.T.);
#1295 = EDGE_CURVE('',#1288,#1296,#1298,.T.);
#1296 = VERTEX_POINT('',#1297);
#1297 = CARTESIAN_POINT('',(12.472054,7.912685,1.585));
#1298 = LINE('',#1299,#1300);
#1299 = CARTESIAN_POINT('',(12.452138,7.877392,1.585));
#1300 = VECTOR('',#1301,1.);
#1301 = DIRECTION('',(0.491454618184,0.870903185357,0.));
#1302 = ORIENTED_EDGE('',*,*,#1303,.T.);
#1303 = EDGE_CURVE('',#1296,#1304,#1306,.T.);
#1304 = VERTEX_POINT('',#1305);
#1305 = CARTESIAN_POINT('',(12.475807,7.949197,1.585));
#1306 = LINE('',#1307,#1308);
#1307 = CARTESIAN_POINT('',(12.472054,7.912685,1.585));
#1308 = VECTOR('',#1309,1.);
#1309 = DIRECTION('',(0.102249390915,0.994758795919,0.));
#1310 = ORIENTED_EDGE('',*,*,#1311,.T.);
#1311 = EDGE_CURVE('',#1304,#1312,#1314,.T.);
#1312 = VERTEX_POINT('',#1313);
#1313 = CARTESIAN_POINT('',(12.462482,7.983687,1.585));
#1314 = LINE('',#1315,#1316);
#1315 = CARTESIAN_POINT('',(12.475807,7.949197,1.585));
#1316 = VECTOR('',#1317,1.);
#1317 = DIRECTION('',(-0.360383234091,0.932804333494,0.));
#1318 = ORIENTED_EDGE('',*,*,#1319,.T.);
#1319 = EDGE_CURVE('',#1312,#1204,#1320,.T.);
#1320 = LINE('',#1321,#1322);
#1321 = CARTESIAN_POINT('',(12.462482,7.983687,1.585));
#1322 = VECTOR('',#1323,1.);
#1323 = DIRECTION('',(-0.759605044279,0.650384637507,0.));
#1324 = PLANE('',#1325);
#1325 = AXIS2_PLACEMENT_3D('',#1326,#1327,#1328);
#1326 = CARTESIAN_POINT('',(0.,0.,1.585));
#1327 = DIRECTION('',(0.,0.,1.));
#1328 = DIRECTION('',(1.,0.,-0.));
#1329 = SHELL_BASED_SURFACE_MODEL('',(#1330));
#1330 = OPEN_SHELL('',(#1331));
#1331 = ADVANCED_FACE('',(#1332,#1585),#1733,.T.);
#1332 = FACE_BOUND('',#1333,.F.);
#1333 = EDGE_LOOP('',(#1334,#1344,#1352,#1360,#1368,#1376,#1384,#1392,
    #1400,#1408,#1416,#1424,#1432,#1440,#1448,#1456,#1464,#1472,#1480,
    #1488,#1496,#1504,#1512,#1520,#1528,#1537,#1545,#1554,#1562,#1571,
    #1579));
#1334 = ORIENTED_EDGE('',*,*,#1335,.T.);
#1335 = EDGE_CURVE('',#1336,#1338,#1340,.T.);
#1336 = VERTEX_POINT('',#1337);
#1337 = CARTESIAN_POINT('',(9.334496,8.489971,1.585));
#1338 = VERTEX_POINT('',#1339);
#1339 = CARTESIAN_POINT('',(9.355756,8.501713,1.585));
#1340 = LINE('',#1341,#1342);
#1341 = CARTESIAN_POINT('',(9.334496,8.489971,1.585));
#1342 = VECTOR('',#1343,1.);
#1343 = DIRECTION('',(0.875362605904,0.483466967005,0.));
#1344 = ORIENTED_EDGE('',*,*,#1345,.T.);
#1345 = EDGE_CURVE('',#1338,#1346,#1348,.T.);
#1346 = VERTEX_POINT('',#1347);
#1347 = CARTESIAN_POINT('',(9.394967,8.507204,1.585));
#1348 = LINE('',#1349,#1350);
#1349 = CARTESIAN_POINT('',(9.355756,8.501713,1.585));
#1350 = VECTOR('',#1351,1.);
#1351 = DIRECTION('',(0.990336682803,0.138684010234,0.));
#1352 = ORIENTED_EDGE('',*,*,#1353,.T.);
#1353 = EDGE_CURVE('',#1346,#1354,#1356,.T.);
#1354 = VERTEX_POINT('',#1355);
#1355 = CARTESIAN_POINT('',(9.437949,8.506815,1.585));
#1356 = LINE('',#1357,#1358);
#1357 = CARTESIAN_POINT('',(9.394967,8.507204,1.585));
#1358 = VECTOR('',#1359,1.);
#1359 = DIRECTION('',(0.999959048549,-9.049929502721E-03,0.));
#1360 = ORIENTED_EDGE('',*,*,#1361,.T.);
#1361 = EDGE_CURVE('',#1354,#1362,#1364,.T.);
#1362 = VERTEX_POINT('',#1363);
#1363 = CARTESIAN_POINT('',(9.459851,8.50151,1.585));
#1364 = LINE('',#1365,#1366);
#1365 = CARTESIAN_POINT('',(9.437949,8.506815,1.585));
#1366 = VECTOR('',#1367,1.);
#1367 = DIRECTION('',(0.971896578304,-0.235408243444,0.));
#1368 = ORIENTED_EDGE('',*,*,#1369,.T.);
#1369 = EDGE_CURVE('',#1362,#1370,#1372,.T.);
#1370 = VERTEX_POINT('',#1371);
#1371 = CARTESIAN_POINT('',(9.467092,8.481385,1.585));
#1372 = LINE('',#1373,#1374);
#1373 = CARTESIAN_POINT('',(9.459851,8.50151,1.585));
#1374 = VECTOR('',#1375,1.);
#1375 = DIRECTION('',(0.338553899536,-0.94094700016,0.));
#1376 = ORIENTED_EDGE('',*,*,#1377,.T.);
#1377 = EDGE_CURVE('',#1370,#1378,#1380,.T.);
#1378 = VERTEX_POINT('',#1379);
#1379 = CARTESIAN_POINT('',(9.331748,7.783435,1.585));
#1380 = LINE('',#1381,#1382);
#1381 = CARTESIAN_POINT('',(9.467092,8.481385,1.585));
#1382 = VECTOR('',#1383,1.);
#1383 = DIRECTION('',(-0.190370198029,-0.981712375241,0.));
#1384 = ORIENTED_EDGE('',*,*,#1385,.T.);
#1385 = EDGE_CURVE('',#1378,#1386,#1388,.T.);
#1386 = VERTEX_POINT('',#1387);
#1387 = CARTESIAN_POINT('',(9.231735,7.321544,1.585));
#1388 = LINE('',#1389,#1390);
#1389 = CARTESIAN_POINT('',(9.331748,7.783435,1.585));
#1390 = VECTOR('',#1391,1.);
#1391 = DIRECTION('',(-0.211625241258,-0.977350887482,0.));
#1392 = ORIENTED_EDGE('',*,*,#1393,.T.);
#1393 = EDGE_CURVE('',#1386,#1394,#1396,.T.);
#1394 = VERTEX_POINT('',#1395);
#1395 = CARTESIAN_POINT('',(9.188253,7.309899,1.585));
#1396 = LINE('',#1397,#1398);
#1397 = CARTESIAN_POINT('',(9.231735,7.321544,1.585));
#1398 = VECTOR('',#1399,1.);
#1399 = DIRECTION('',(-0.965958956623,-0.258695369345,0.));
#1400 = ORIENTED_EDGE('',*,*,#1401,.T.);
#1401 = EDGE_CURVE('',#1394,#1402,#1404,.T.);
#1402 = VERTEX_POINT('',#1403);
#1403 = CARTESIAN_POINT('',(9.12903,7.309408,1.585));
#1404 = LINE('',#1405,#1406);
#1405 = CARTESIAN_POINT('',(9.188253,7.309899,1.585));
#1406 = VECTOR('',#1407,1.);
#1407 = DIRECTION('',(-0.999965633936,-8.290412952095E-03,0.));
#1408 = ORIENTED_EDGE('',*,*,#1409,.T.);
#1409 = EDGE_CURVE('',#1402,#1410,#1412,.T.);
#1410 = VERTEX_POINT('',#1411);
#1411 = CARTESIAN_POINT('',(9.11537,7.314,1.585));
#1412 = LINE('',#1413,#1414);
#1413 = CARTESIAN_POINT('',(9.12903,7.309408,1.585));
#1414 = VECTOR('',#1415,1.);
#1415 = DIRECTION('',(-0.947875294019,0.318641533685,0.));
#1416 = ORIENTED_EDGE('',*,*,#1417,.T.);
#1417 = EDGE_CURVE('',#1410,#1418,#1420,.T.);
#1418 = VERTEX_POINT('',#1419);
#1419 = CARTESIAN_POINT('',(9.122366,7.387232,1.585));
#1420 = LINE('',#1421,#1422);
#1421 = CARTESIAN_POINT('',(9.11537,7.314,1.585));
#1422 = VECTOR('',#1423,1.);
#1423 = DIRECTION('',(9.509903923006E-02,0.995467816023,0.));
#1424 = ORIENTED_EDGE('',*,*,#1425,.T.);
#1425 = EDGE_CURVE('',#1418,#1426,#1428,.T.);
#1426 = VERTEX_POINT('',#1427);
#1427 = CARTESIAN_POINT('',(9.135057,7.454769,1.585));
#1428 = LINE('',#1429,#1430);
#1429 = CARTESIAN_POINT('',(9.122366,7.387232,1.585));
#1430 = VECTOR('',#1431,1.);
#1431 = DIRECTION('',(0.184679502656,0.982798800009,0.));
#1432 = ORIENTED_EDGE('',*,*,#1433,.T.);
#1433 = EDGE_CURVE('',#1426,#1434,#1436,.T.);
#1434 = VERTEX_POINT('',#1435);
#1435 = CARTESIAN_POINT('',(9.089146,7.40753,1.585));
#1436 = LINE('',#1437,#1438);
#1437 = CARTESIAN_POINT('',(9.135057,7.454769,1.585));
#1438 = VECTOR('',#1439,1.);
#1439 = DIRECTION('',(-0.696955035597,-0.717114829268,0.));
#1440 = ORIENTED_EDGE('',*,*,#1441,.T.);
#1441 = EDGE_CURVE('',#1434,#1442,#1444,.T.);
#1442 = VERTEX_POINT('',#1443);
#1443 = CARTESIAN_POINT('',(9.025601,7.355321,1.585));
#1444 = LINE('',#1445,#1446);
#1445 = CARTESIAN_POINT('',(9.089146,7.40753,1.585));
#1446 = VECTOR('',#1447,1.);
#1447 = DIRECTION('',(-0.772658730733,-0.634821617324,0.));
#1448 = ORIENTED_EDGE('',*,*,#1449,.T.);
#1449 = EDGE_CURVE('',#1442,#1450,#1452,.T.);
#1450 = VERTEX_POINT('',#1451);
#1451 = CARTESIAN_POINT('',(8.953587,7.318896,1.585));
#1452 = LINE('',#1453,#1454);
#1453 = CARTESIAN_POINT('',(9.025601,7.355321,1.585));
#1454 = VECTOR('',#1455,1.);
#1455 = DIRECTION('',(-0.89234577042,-0.451352441019,0.));
#1456 = ORIENTED_EDGE('',*,*,#1457,.T.);
#1457 = EDGE_CURVE('',#1450,#1458,#1460,.T.);
#1458 = VERTEX_POINT('',#1459);
#1459 = CARTESIAN_POINT('',(8.877826,7.300343,1.585));
#1460 = LINE('',#1461,#1462);
#1461 = CARTESIAN_POINT('',(8.953587,7.318896,1.585));
#1462 = VECTOR('',#1463,1.);
#1463 = DIRECTION('',(-0.971299427366,-0.237860089966,0.));
#1464 = ORIENTED_EDGE('',*,*,#1465,.T.);
#1465 = EDGE_CURVE('',#1458,#1466,#1468,.T.);
#1466 = VERTEX_POINT('',#1467);
#1467 = CARTESIAN_POINT('',(8.801632,7.300351,1.585));
#1468 = LINE('',#1469,#1470);
#1469 = CARTESIAN_POINT('',(8.877826,7.300343,1.585));
#1470 = VECTOR('',#1471,1.);
#1471 = DIRECTION('',(-0.999999994488,1.049951433989E-04,0.));
#1472 = ORIENTED_EDGE('',*,*,#1473,.T.);
#1473 = EDGE_CURVE('',#1466,#1474,#1476,.T.);
#1474 = VERTEX_POINT('',#1475);
#1475 = CARTESIAN_POINT('',(8.74681,7.309582,1.585));
#1476 = LINE('',#1477,#1478);
#1477 = CARTESIAN_POINT('',(8.801632,7.300351,1.585));
#1478 = VECTOR('',#1479,1.);
#1479 = DIRECTION('',(-0.986118361961,0.166043898421,0.));
#1480 = ORIENTED_EDGE('',*,*,#1481,.T.);
#1481 = EDGE_CURVE('',#1474,#1482,#1484,.T.);
#1482 = VERTEX_POINT('',#1483);
#1483 = CARTESIAN_POINT('',(8.707363,7.333943,1.585));
#1484 = LINE('',#1485,#1486);
#1485 = CARTESIAN_POINT('',(8.74681,7.309582,1.585));
#1486 = VECTOR('',#1487,1.);
#1487 = DIRECTION('',(-0.850830045307,0.52544099003,0.));
#1488 = ORIENTED_EDGE('',*,*,#1489,.T.);
#1489 = EDGE_CURVE('',#1482,#1490,#1492,.T.);
#1490 = VERTEX_POINT('',#1491);
#1491 = CARTESIAN_POINT('',(8.669175,7.372612,1.585));
#1492 = LINE('',#1493,#1494);
#1493 = CARTESIAN_POINT('',(8.707363,7.333943,1.585));
#1494 = VECTOR('',#1495,1.);
#1495 = DIRECTION('',(-0.702667680464,0.711518187281,0.));
#1496 = ORIENTED_EDGE('',*,*,#1497,.T.);
#1497 = EDGE_CURVE('',#1490,#1498,#1500,.T.);
#1498 = VERTEX_POINT('',#1499);
#1499 = CARTESIAN_POINT('',(8.638613,7.41901,1.585));
#1500 = LINE('',#1501,#1502);
#1501 = CARTESIAN_POINT('',(8.669175,7.372612,1.585));
#1502 = VECTOR('',#1503,1.);
#1503 = DIRECTION('',(-0.550081202867,0.835111172391,0.));
#1504 = ORIENTED_EDGE('',*,*,#1505,.T.);
#1505 = EDGE_CURVE('',#1498,#1506,#1508,.T.);
#1506 = VERTEX_POINT('',#1507);
#1507 = CARTESIAN_POINT('',(8.619231,7.475693,1.585));
#1508 = LINE('',#1509,#1510);
#1509 = CARTESIAN_POINT('',(8.638613,7.41901,1.585));
#1510 = VECTOR('',#1511,1.);
#1511 = DIRECTION('',(-0.323544920207,0.94621281148,0.));
#1512 = ORIENTED_EDGE('',*,*,#1513,.T.);
#1513 = EDGE_CURVE('',#1506,#1514,#1516,.T.);
#1514 = VERTEX_POINT('',#1515);
#1515 = CARTESIAN_POINT('',(8.610561,7.546155,1.585));
#1516 = LINE('',#1517,#1518);
#1517 = CARTESIAN_POINT('',(8.619231,7.475693,1.585));
#1518 = VECTOR('',#1519,1.);
#1519 = DIRECTION('',(-0.122124034483,0.992514846338,0.));
#1520 = ORIENTED_EDGE('',*,*,#1521,.T.);
#1521 = EDGE_CURVE('',#1514,#1522,#1524,.T.);
#1522 = VERTEX_POINT('',#1523);
#1523 = CARTESIAN_POINT('',(8.612211,7.626134,1.585));
#1524 = LINE('',#1525,#1526);
#1525 = CARTESIAN_POINT('',(8.610561,7.546155,1.585));
#1526 = VECTOR('',#1527,1.);
#1527 = DIRECTION('',(2.062602658772E-02,0.999787260885,0.));
#1528 = ORIENTED_EDGE('',*,*,#1529,.T.);
#1529 = EDGE_CURVE('',#1522,#1530,#1532,.T.);
#1530 = VERTEX_POINT('',#1531);
#1531 = CARTESIAN_POINT('',(8.682885,7.897782,1.585));
#1532 = CIRCLE('',#1533,0.819671762321);
#1533 = AXIS2_PLACEMENT_3D('',#1534,#1535,#1536);
#1534 = CARTESIAN_POINT('',(9.429097899284,7.558624062029,1.585));
#1535 = DIRECTION('',(0.,0.,-1.));
#1536 = DIRECTION('',(-0.996602465566,8.236216138524E-02,0.));
#1537 = ORIENTED_EDGE('',*,*,#1538,.T.);
#1538 = EDGE_CURVE('',#1530,#1539,#1541,.T.);
#1539 = VERTEX_POINT('',#1540);
#1540 = CARTESIAN_POINT('',(8.729754,7.981666,1.585));
#1541 = LINE('',#1542,#1543);
#1542 = CARTESIAN_POINT('',(8.682885,7.897782,1.585));
#1543 = VECTOR('',#1544,1.);
#1544 = DIRECTION('',(0.487763044763,0.872976066203,0.));
#1545 = ORIENTED_EDGE('',*,*,#1546,.T.);
#1546 = EDGE_CURVE('',#1539,#1547,#1549,.T.);
#1547 = VERTEX_POINT('',#1548);
#1548 = CARTESIAN_POINT('',(8.876696,8.113025,1.585));
#1549 = CIRCLE('',#1550,0.378435697292);
#1550 = AXIS2_PLACEMENT_3D('',#1551,#1552,#1553);
#1551 = CARTESIAN_POINT('',(9.046738961797,7.774943695979,1.585));
#1552 = DIRECTION('',(0.,0.,-1.));
#1553 = DIRECTION('',(-0.837619083149,0.546254767983,0.));
#1554 = ORIENTED_EDGE('',*,*,#1555,.T.);
#1555 = EDGE_CURVE('',#1547,#1556,#1558,.T.);
#1556 = VERTEX_POINT('',#1557);
#1557 = CARTESIAN_POINT('',(8.951151,8.139403,1.585));
#1558 = LINE('',#1559,#1560);
#1559 = CARTESIAN_POINT('',(8.876696,8.113025,1.585));
#1560 = VECTOR('',#1561,1.);
#1561 = DIRECTION('',(0.942593273383,0.333942990602,0.));
#1562 = ORIENTED_EDGE('',*,*,#1563,.T.);
#1563 = EDGE_CURVE('',#1556,#1564,#1566,.T.);
#1564 = VERTEX_POINT('',#1565);
#1565 = CARTESIAN_POINT('',(9.24054,8.051323,1.585));
#1566 = CIRCLE('',#1567,0.306994857117);
#1567 = AXIS2_PLACEMENT_3D('',#1568,#1569,#1570);
#1568 = CARTESIAN_POINT('',(9.018057181255,7.839787571148,1.585));
#1569 = DIRECTION('',(0.,0.,-1.));
#1570 = DIRECTION('',(-0.217939094757,0.975962371701,0.));
#1571 = ORIENTED_EDGE('',*,*,#1572,.T.);
#1572 = EDGE_CURVE('',#1564,#1573,#1575,.T.);
#1573 = VERTEX_POINT('',#1574);
#1574 = CARTESIAN_POINT('',(9.327744,8.470421,1.585));
#1575 = LINE('',#1576,#1577);
#1576 = CARTESIAN_POINT('',(9.24054,8.051323,1.585));
#1577 = VECTOR('',#1578,1.);
#1578 = DIRECTION('',(0.203712263403,0.979030803264,0.));
#1579 = ORIENTED_EDGE('',*,*,#1580,.T.);
#1580 = EDGE_CURVE('',#1573,#1336,#1581,.T.);
#1581 = LINE('',#1582,#1583);
#1582 = CARTESIAN_POINT('',(9.327744,8.470421,1.585));
#1583 = VECTOR('',#1584,1.);
#1584 = DIRECTION('',(0.326449571011,0.945214619855,0.));
#1585 = FACE_BOUND('',#1586,.F.);
#1586 = EDGE_LOOP('',(#1587,#1597,#1606,#1614,#1622,#1631,#1639,#1647,
    #1655,#1663,#1671,#1679,#1687,#1695,#1703,#1711,#1719,#1727));
#1587 = ORIENTED_EDGE('',*,*,#1588,.T.);
#1588 = EDGE_CURVE('',#1589,#1591,#1593,.T.);
#1589 = VERTEX_POINT('',#1590);
#1590 = CARTESIAN_POINT('',(9.140937,7.979377,1.585));
#1591 = VERTEX_POINT('',#1592);
#1592 = CARTESIAN_POINT('',(9.087317,8.009582,1.585));
#1593 = LINE('',#1594,#1595);
#1594 = CARTESIAN_POINT('',(9.140937,7.979377,1.585));
#1595 = VECTOR('',#1596,1.);
#1596 = DIRECTION('',(-0.871271605058,0.490801171779,0.));
#1597 = ORIENTED_EDGE('',*,*,#1598,.T.);
#1598 = EDGE_CURVE('',#1591,#1599,#1601,.T.);
#1599 = VERTEX_POINT('',#1600);
#1600 = CARTESIAN_POINT('',(8.924547,7.99227,1.585));
#1601 = CIRCLE('',#1602,0.166508924074);
#1602 = AXIS2_PLACEMENT_3D('',#1603,#1604,#1605);
#1603 = CARTESIAN_POINT('',(9.021268159651,7.856733144968,1.585));
#1604 = DIRECTION('',(0.,0.,1.));
#1605 = DIRECTION('',(0.396668471176,0.917961940374,-0.));
#1606 = ORIENTED_EDGE('',*,*,#1607,.T.);
#1607 = EDGE_CURVE('',#1599,#1608,#1610,.T.);
#1608 = VERTEX_POINT('',#1609);
#1609 = CARTESIAN_POINT('',(8.874792,7.94696,1.585));
#1610 = LINE('',#1611,#1612);
#1611 = CARTESIAN_POINT('',(8.924547,7.99227,1.585));
#1612 = VECTOR('',#1613,1.);
#1613 = DIRECTION('',(-0.739361535796,-0.673308636055,0.));
#1614 = ORIENTED_EDGE('',*,*,#1615,.T.);
#1615 = EDGE_CURVE('',#1608,#1616,#1618,.T.);
#1616 = VERTEX_POINT('',#1617);
#1617 = CARTESIAN_POINT('',(8.83271,7.883444,1.585));
#1618 = LINE('',#1619,#1620);
#1619 = CARTESIAN_POINT('',(8.874792,7.94696,1.585));
#1620 = VECTOR('',#1621,1.);
#1621 = DIRECTION('',(-0.552317291294,-0.833633978277,0.));
#1622 = ORIENTED_EDGE('',*,*,#1623,.T.);
#1623 = EDGE_CURVE('',#1616,#1624,#1626,.T.);
#1624 = VERTEX_POINT('',#1625);
#1625 = CARTESIAN_POINT('',(8.760838,7.588123,1.585));
#1626 = CIRCLE('',#1627,0.692942796595);
#1627 = AXIS2_PLACEMENT_3D('',#1628,#1629,#1630);
#1628 = CARTESIAN_POINT('',(9.453673242145,7.575914535953,1.585));
#1629 = DIRECTION('',(0.,0.,1.));
#1630 = DIRECTION('',(-0.896124824728,0.443802093851,0.));
#1631 = ORIENTED_EDGE('',*,*,#1632,.T.);
#1632 = EDGE_CURVE('',#1624,#1633,#1635,.T.);
#1633 = VERTEX_POINT('',#1634);
#1634 = CARTESIAN_POINT('',(8.766881,7.5252,1.585));
#1635 = LINE('',#1636,#1637);
#1636 = CARTESIAN_POINT('',(8.760838,7.588123,1.585));
#1637 = VECTOR('',#1638,1.);
#1638 = DIRECTION('',(9.559816133976E-02,-0.995420007609,0.));
#1639 = ORIENTED_EDGE('',*,*,#1640,.T.);
#1640 = EDGE_CURVE('',#1633,#1641,#1643,.T.);
#1641 = VERTEX_POINT('',#1642);
#1642 = CARTESIAN_POINT('',(8.783953,7.475499,1.585));
#1643 = LINE('',#1644,#1645);
#1644 = CARTESIAN_POINT('',(8.766881,7.5252,1.585));
#1645 = VECTOR('',#1646,1.);
#1646 = DIRECTION('',(0.324863311205,-0.945760978807,0.));
#1647 = ORIENTED_EDGE('',*,*,#1648,.T.);
#1648 = EDGE_CURVE('',#1641,#1649,#1651,.T.);
#1649 = VERTEX_POINT('',#1650);
#1650 = CARTESIAN_POINT('',(8.811355,7.44096,1.585));
#1651 = LINE('',#1652,#1653);
#1652 = CARTESIAN_POINT('',(8.783953,7.475499,1.585));
#1653 = VECTOR('',#1654,1.);
#1654 = DIRECTION('',(0.621520014516,-0.783398284116,0.));
#1655 = ORIENTED_EDGE('',*,*,#1656,.T.);
#1656 = EDGE_CURVE('',#1649,#1657,#1659,.T.);
#1657 = VERTEX_POINT('',#1658);
#1658 = CARTESIAN_POINT('',(8.852732,7.422775,1.585));
#1659 = LINE('',#1660,#1661);
#1660 = CARTESIAN_POINT('',(8.811355,7.44096,1.585));
#1661 = VECTOR('',#1662,1.);
#1662 = DIRECTION('',(0.9154852514,-0.402351530964,0.));
#1663 = ORIENTED_EDGE('',*,*,#1664,.T.);
#1664 = EDGE_CURVE('',#1657,#1665,#1667,.T.);
#1665 = VERTEX_POINT('',#1666);
#1666 = CARTESIAN_POINT('',(8.902442,7.424279,1.585));
#1667 = LINE('',#1668,#1669);
#1668 = CARTESIAN_POINT('',(8.852732,7.422775,1.585));
#1669 = VECTOR('',#1670,1.);
#1670 = DIRECTION('',(0.999542616901,3.02416434484E-02,0.));
#1671 = ORIENTED_EDGE('',*,*,#1672,.T.);
#1672 = EDGE_CURVE('',#1665,#1673,#1675,.T.);
#1673 = VERTEX_POINT('',#1674);
#1674 = CARTESIAN_POINT('',(8.957105,7.440438,1.585));
#1675 = LINE('',#1676,#1677);
#1676 = CARTESIAN_POINT('',(8.902442,7.424279,1.585));
#1677 = VECTOR('',#1678,1.);
#1678 = DIRECTION('',(0.958976852308,0.283484385351,0.));
#1679 = ORIENTED_EDGE('',*,*,#1680,.T.);
#1680 = EDGE_CURVE('',#1673,#1681,#1683,.T.);
#1681 = VERTEX_POINT('',#1682);
#1682 = CARTESIAN_POINT('',(9.005703,7.466763,1.585));
#1683 = LINE('',#1684,#1685);
#1684 = CARTESIAN_POINT('',(8.957105,7.440438,1.585));
#1685 = VECTOR('',#1686,1.);
#1686 = DIRECTION('',(0.879283757769,0.476298302878,0.));
#1687 = ORIENTED_EDGE('',*,*,#1688,.T.);
#1688 = EDGE_CURVE('',#1681,#1689,#1691,.T.);
#1689 = VERTEX_POINT('',#1690);
#1690 = CARTESIAN_POINT('',(9.064832,7.519967,1.585));
#1691 = LINE('',#1692,#1693);
#1692 = CARTESIAN_POINT('',(9.005703,7.466763,1.585));
#1693 = VECTOR('',#1694,1.);
#1694 = DIRECTION('',(0.743369781871,0.668880682485,0.));
#1695 = ORIENTED_EDGE('',*,*,#1696,.T.);
#1696 = EDGE_CURVE('',#1689,#1697,#1699,.T.);
#1697 = VERTEX_POINT('',#1698);
#1698 = CARTESIAN_POINT('',(9.115005,7.591665,1.585));
#1699 = LINE('',#1700,#1701);
#1700 = CARTESIAN_POINT('',(9.064832,7.519967,1.585));
#1701 = VECTOR('',#1702,1.);
#1702 = DIRECTION('',(0.573342696556,0.819315660967,0.));
#1703 = ORIENTED_EDGE('',*,*,#1704,.T.);
#1704 = EDGE_CURVE('',#1697,#1705,#1707,.T.);
#1705 = VERTEX_POINT('',#1706);
#1706 = CARTESIAN_POINT('',(9.155713,7.680922,1.585));
#1707 = LINE('',#1708,#1709);
#1708 = CARTESIAN_POINT('',(9.115005,7.591665,1.585));
#1709 = VECTOR('',#1710,1.);
#1710 = DIRECTION('',(0.414956920592,0.909841059775,0.));
#1711 = ORIENTED_EDGE('',*,*,#1712,.T.);
#1712 = EDGE_CURVE('',#1705,#1713,#1715,.T.);
#1713 = VERTEX_POINT('',#1714);
#1714 = CARTESIAN_POINT('',(9.190479,7.805593,1.585));
#1715 = LINE('',#1716,#1717);
#1716 = CARTESIAN_POINT('',(9.155713,7.680922,1.585));
#1717 = VECTOR('',#1718,1.);
#1718 = DIRECTION('',(0.268613259754,0.963248107542,0.));
#1719 = ORIENTED_EDGE('',*,*,#1720,.T.);
#1720 = EDGE_CURVE('',#1713,#1721,#1723,.T.);
#1721 = VERTEX_POINT('',#1722);
#1722 = CARTESIAN_POINT('',(9.210988,7.905677,1.585));
#1723 = LINE('',#1724,#1725);
#1724 = CARTESIAN_POINT('',(9.190479,7.805593,1.585));
#1725 = VECTOR('',#1726,1.);
#1726 = DIRECTION('',(0.200746405428,0.979643241546,0.));
#1727 = ORIENTED_EDGE('',*,*,#1728,.T.);
#1728 = EDGE_CURVE('',#1721,#1589,#1729,.T.);
#1729 = LINE('',#1730,#1731);
#1730 = CARTESIAN_POINT('',(9.210988,7.905677,1.585));
#1731 = VECTOR('',#1732,1.);
#1732 = DIRECTION('',(-0.688935537386,0.724822616456,0.));
#1733 = PLANE('',#1734);
#1734 = AXIS2_PLACEMENT_3D('',#1735,#1736,#1737);
#1735 = CARTESIAN_POINT('',(0.,0.,1.585));
#1736 = DIRECTION('',(0.,0.,1.));
#1737 = DIRECTION('',(1.,0.,-0.));
#1738 = SHELL_BASED_SURFACE_MODEL('',(#1739));
#1739 = OPEN_SHELL('',(#1740));
#1740 = ADVANCED_FACE('',(#1741),#2121,.T.);
#1741 = FACE_BOUND('',#1742,.F.);
#1742 = EDGE_LOOP('',(#1743,#1753,#1762,#1770,#1778,#1786,#1794,#1802,
    #1810,#1818,#1826,#1834,#1842,#1850,#1858,#1866,#1874,#1882,#1890,
    #1898,#1906,#1914,#1922,#1930,#1938,#1946,#1954,#1962,#1970,#1978,
    #1987,#1995,#2003,#2011,#2019,#2027,#2035,#2043,#2051,#2059,#2067,
    #2075,#2083,#2091,#2099,#2107,#2115));
#1743 = ORIENTED_EDGE('',*,*,#1744,.T.);
#1744 = EDGE_CURVE('',#1745,#1747,#1749,.T.);
#1745 = VERTEX_POINT('',#1746);
#1746 = CARTESIAN_POINT('',(11.545998,8.322049,1.585));
#1747 = VERTEX_POINT('',#1748);
#1748 = CARTESIAN_POINT('',(11.555382,8.336986,1.585));
#1749 = LINE('',#1750,#1751);
#1750 = CARTESIAN_POINT('',(11.545998,8.322049,1.585));
#1751 = VECTOR('',#1752,1.);
#1752 = DIRECTION('',(0.531969519553,0.84676350315,0.));
#1753 = ORIENTED_EDGE('',*,*,#1754,.T.);
#1754 = EDGE_CURVE('',#1747,#1755,#1757,.T.);
#1755 = VERTEX_POINT('',#1756);
#1756 = CARTESIAN_POINT('',(11.669577,8.336381,1.585));
#1757 = CIRCLE('',#1758,0.165408650792);
#1758 = AXIS2_PLACEMENT_3D('',#1759,#1760,#1761);
#1759 = CARTESIAN_POINT('',(11.611657051028,8.181444557328,1.585));
#1760 = DIRECTION('',(0.,0.,-1.));
#1761 = DIRECTION('',(-0.340218306351,0.940346480837,0.));
#1762 = ORIENTED_EDGE('',*,*,#1763,.T.);
#1763 = EDGE_CURVE('',#1755,#1764,#1766,.T.);
#1764 = VERTEX_POINT('',#1765);
#1765 = CARTESIAN_POINT('',(11.67721,8.328198,1.585));
#1766 = LINE('',#1767,#1768);
#1767 = CARTESIAN_POINT('',(11.669577,8.336381,1.585));
#1768 = VECTOR('',#1769,1.);
#1769 = DIRECTION('',(0.682104897236,-0.731254339589,0.));
#1770 = ORIENTED_EDGE('',*,*,#1771,.T.);
#1771 = EDGE_CURVE('',#1764,#1772,#1774,.T.);
#1772 = VERTEX_POINT('',#1773);
#1773 = CARTESIAN_POINT('',(11.677083,8.286688,1.585));
#1774 = LINE('',#1775,#1776);
#1775 = CARTESIAN_POINT('',(11.67721,8.328198,1.585));
#1776 = VECTOR('',#1777,1.);
#1777 = DIRECTION('',(-3.059489414823E-03,-0.999995319751,0.));
#1778 = ORIENTED_EDGE('',*,*,#1779,.T.);
#1779 = EDGE_CURVE('',#1772,#1780,#1782,.T.);
#1780 = VERTEX_POINT('',#1781);
#1781 = CARTESIAN_POINT('',(11.650742,8.147526,1.585));
#1782 = LINE('',#1783,#1784);
#1783 = CARTESIAN_POINT('',(11.677083,8.286688,1.585));
#1784 = VECTOR('',#1785,1.);
#1785 = DIRECTION('',(-0.185980650565,-0.982553407004,0.));
#1786 = ORIENTED_EDGE('',*,*,#1787,.T.);
#1787 = EDGE_CURVE('',#1780,#1788,#1790,.T.);
#1788 = VERTEX_POINT('',#1789);
#1789 = CARTESIAN_POINT('',(11.653975,8.14061,1.585));
#1790 = LINE('',#1791,#1792);
#1791 = CARTESIAN_POINT('',(11.650742,8.147526,1.585));
#1792 = VECTOR('',#1793,1.);
#1793 = DIRECTION('',(0.423480551687,-0.905905195008,0.));
#1794 = ORIENTED_EDGE('',*,*,#1795,.T.);
#1795 = EDGE_CURVE('',#1788,#1796,#1798,.T.);
#1796 = VERTEX_POINT('',#1797);
#1797 = CARTESIAN_POINT('',(11.730662,8.134508,1.585));
#1798 = LINE('',#1799,#1800);
#1799 = CARTESIAN_POINT('',(11.653975,8.14061,1.585));
#1800 = VECTOR('',#1801,1.);
#1801 = DIRECTION('',(0.996849245248,-7.931949475795E-02,0.));
#1802 = ORIENTED_EDGE('',*,*,#1803,.T.);
#1803 = EDGE_CURVE('',#1796,#1804,#1806,.T.);
#1804 = VERTEX_POINT('',#1805);
#1805 = CARTESIAN_POINT('',(11.840016,8.130442,1.585));
#1806 = LINE('',#1807,#1808);
#1807 = CARTESIAN_POINT('',(11.730662,8.134508,1.585));
#1808 = VECTOR('',#1809,1.);
#1809 = DIRECTION('',(0.999309465499,-3.715632063501E-02,0.));
#1810 = ORIENTED_EDGE('',*,*,#1811,.T.);
#1811 = EDGE_CURVE('',#1804,#1812,#1814,.T.);
#1812 = VERTEX_POINT('',#1813);
#1813 = CARTESIAN_POINT('',(11.859176,8.122477,1.585));
#1814 = LINE('',#1815,#1816);
#1815 = CARTESIAN_POINT('',(11.840016,8.130442,1.585));
#1816 = VECTOR('',#1817,1.);
#1817 = DIRECTION('',(0.92339030254,-0.383862409172,0.));
#1818 = ORIENTED_EDGE('',*,*,#1819,.T.);
#1819 = EDGE_CURVE('',#1812,#1820,#1822,.T.);
#1820 = VERTEX_POINT('',#1821);
#1821 = CARTESIAN_POINT('',(11.866092,8.107971,1.585));
#1822 = LINE('',#1823,#1824);
#1823 = CARTESIAN_POINT('',(11.859176,8.122477,1.585));
#1824 = VECTOR('',#1825,1.);
#1825 = DIRECTION('',(0.430358651474,-0.902657981243,0.));
#1826 = ORIENTED_EDGE('',*,*,#1827,.T.);
#1827 = EDGE_CURVE('',#1820,#1828,#1830,.T.);
#1828 = VERTEX_POINT('',#1829);
#1829 = CARTESIAN_POINT('',(11.858932,8.065643,1.585));
#1830 = LINE('',#1831,#1832);
#1831 = CARTESIAN_POINT('',(11.866092,8.107971,1.585));
#1832 = VECTOR('',#1833,1.);
#1833 = DIRECTION('',(-0.166785837438,-0.985993146239,0.));
#1834 = ORIENTED_EDGE('',*,*,#1835,.T.);
#1835 = EDGE_CURVE('',#1828,#1836,#1838,.T.);
#1836 = VERTEX_POINT('',#1837);
#1837 = CARTESIAN_POINT('',(11.849252,8.040268,1.585));
#1838 = LINE('',#1839,#1840);
#1839 = CARTESIAN_POINT('',(11.858932,8.065643,1.585));
#1840 = VECTOR('',#1841,1.);
#1841 = DIRECTION('',(-0.356424013882,-0.934324313249,0.));
#1842 = ORIENTED_EDGE('',*,*,#1843,.T.);
#1843 = EDGE_CURVE('',#1836,#1844,#1846,.T.);
#1844 = VERTEX_POINT('',#1845);
#1845 = CARTESIAN_POINT('',(11.833823,8.023368,1.585));
#1846 = LINE('',#1847,#1848);
#1847 = CARTESIAN_POINT('',(11.849252,8.040268,1.585));
#1848 = VECTOR('',#1849,1.);
#1849 = DIRECTION('',(-0.67423516979,-0.738516713296,0.));
#1850 = ORIENTED_EDGE('',*,*,#1851,.T.);
#1851 = EDGE_CURVE('',#1844,#1852,#1854,.T.);
#1852 = VERTEX_POINT('',#1853);
#1853 = CARTESIAN_POINT('',(11.808752,8.013329,1.585));
#1854 = LINE('',#1855,#1856);
#1855 = CARTESIAN_POINT('',(11.833823,8.023368,1.585));
#1856 = VECTOR('',#1857,1.);
#1857 = DIRECTION('',(-0.928341283714,-0.371729015484,0.));
#1858 = ORIENTED_EDGE('',*,*,#1859,.T.);
#1859 = EDGE_CURVE('',#1852,#1860,#1862,.T.);
#1860 = VERTEX_POINT('',#1861);
#1861 = CARTESIAN_POINT('',(11.718229,8.007386,1.585));
#1862 = LINE('',#1863,#1864);
#1863 = CARTESIAN_POINT('',(11.808752,8.013329,1.585));
#1864 = VECTOR('',#1865,1.);
#1865 = DIRECTION('',(-0.997851860681,-6.551079403058E-02,0.));
#1866 = ORIENTED_EDGE('',*,*,#1867,.T.);
#1867 = EDGE_CURVE('',#1860,#1868,#1870,.T.);
#1868 = VERTEX_POINT('',#1869);
#1869 = CARTESIAN_POINT('',(11.62197,8.007386,1.585));
#1870 = LINE('',#1871,#1872);
#1871 = CARTESIAN_POINT('',(11.718229,8.007386,1.585));
#1872 = VECTOR('',#1873,1.);
#1873 = DIRECTION('',(-1.,0.,0.));
#1874 = ORIENTED_EDGE('',*,*,#1875,.T.);
#1875 = EDGE_CURVE('',#1868,#1876,#1878,.T.);
#1876 = VERTEX_POINT('',#1877);
#1877 = CARTESIAN_POINT('',(11.538277,7.556773,1.585));
#1878 = LINE('',#1879,#1880);
#1879 = CARTESIAN_POINT('',(11.62197,8.007386,1.585));
#1880 = VECTOR('',#1881,1.);
#1881 = DIRECTION('',(-0.182608494465,-0.983185708678,0.));
#1882 = ORIENTED_EDGE('',*,*,#1883,.T.);
#1883 = EDGE_CURVE('',#1876,#1884,#1886,.T.);
#1884 = VERTEX_POINT('',#1885);
#1885 = CARTESIAN_POINT('',(11.534088,7.482791,1.585));
#1886 = LINE('',#1887,#1888);
#1887 = CARTESIAN_POINT('',(11.538277,7.556773,1.585));
#1888 = VECTOR('',#1889,1.);
#1889 = DIRECTION('',(-5.653133273157E-02,-0.99840082553,0.));
#1890 = ORIENTED_EDGE('',*,*,#1891,.T.);
#1891 = EDGE_CURVE('',#1884,#1892,#1894,.T.);
#1892 = VERTEX_POINT('',#1893);
#1893 = CARTESIAN_POINT('',(11.545363,7.445856,1.585));
#1894 = LINE('',#1895,#1896);
#1895 = CARTESIAN_POINT('',(11.534088,7.482791,1.585));
#1896 = VECTOR('',#1897,1.);
#1897 = DIRECTION('',(0.29196524122,-0.956428929884,0.));
#1898 = ORIENTED_EDGE('',*,*,#1899,.T.);
#1899 = EDGE_CURVE('',#1892,#1900,#1902,.T.);
#1900 = VERTEX_POINT('',#1901);
#1901 = CARTESIAN_POINT('',(11.572276,7.430246,1.585));
#1902 = LINE('',#1903,#1904);
#1903 = CARTESIAN_POINT('',(11.545363,7.445856,1.585));
#1904 = VECTOR('',#1905,1.);
#1905 = DIRECTION('',(0.865024772431,-0.50172915311,0.));
#1906 = ORIENTED_EDGE('',*,*,#1907,.T.);
#1907 = EDGE_CURVE('',#1900,#1908,#1910,.T.);
#1908 = VERTEX_POINT('',#1909);
#1909 = CARTESIAN_POINT('',(11.60788,7.425237,1.585));
#1910 = LINE('',#1911,#1912);
#1911 = CARTESIAN_POINT('',(11.572276,7.430246,1.585));
#1912 = VECTOR('',#1913,1.);
#1913 = DIRECTION('',(0.990248187246,-0.139314491909,0.));
#1914 = ORIENTED_EDGE('',*,*,#1915,.T.);
#1915 = EDGE_CURVE('',#1908,#1916,#1918,.T.);
#1916 = VERTEX_POINT('',#1917);
#1917 = CARTESIAN_POINT('',(11.648178,7.426756,1.585));
#1918 = LINE('',#1919,#1920);
#1919 = CARTESIAN_POINT('',(11.60788,7.425237,1.585));
#1920 = VECTOR('',#1921,1.);
#1921 = DIRECTION('',(0.99929033062,3.766742796694E-02,0.));
#1922 = ORIENTED_EDGE('',*,*,#1923,.T.);
#1923 = EDGE_CURVE('',#1916,#1924,#1926,.T.);
#1924 = VERTEX_POINT('',#1925);
#1925 = CARTESIAN_POINT('',(11.71406,7.441471,1.585));
#1926 = LINE('',#1927,#1928);
#1927 = CARTESIAN_POINT('',(11.648178,7.426756,1.585));
#1928 = VECTOR('',#1929,1.);
#1929 = DIRECTION('',(0.975952611506,0.217982797704,0.));
#1930 = ORIENTED_EDGE('',*,*,#1931,.T.);
#1931 = EDGE_CURVE('',#1924,#1932,#1934,.T.);
#1932 = VERTEX_POINT('',#1933);
#1933 = CARTESIAN_POINT('',(11.727596,7.432051,1.585));
#1934 = LINE('',#1935,#1936);
#1935 = CARTESIAN_POINT('',(11.71406,7.441471,1.585));
#1936 = VECTOR('',#1937,1.);
#1937 = DIRECTION('',(0.820801369101,-0.571213718745,0.));
#1938 = ORIENTED_EDGE('',*,*,#1939,.T.);
#1939 = EDGE_CURVE('',#1932,#1940,#1942,.T.);
#1940 = VERTEX_POINT('',#1941);
#1941 = CARTESIAN_POINT('',(11.728524,7.40648,1.585));
#1942 = LINE('',#1943,#1944);
#1943 = CARTESIAN_POINT('',(11.727596,7.432051,1.585));
#1944 = VECTOR('',#1945,1.);
#1945 = DIRECTION('',(3.626723609645E-02,-0.999342127395,0.));
#1946 = ORIENTED_EDGE('',*,*,#1947,.T.);
#1947 = EDGE_CURVE('',#1940,#1948,#1950,.T.);
#1948 = VERTEX_POINT('',#1949);
#1949 = CARTESIAN_POINT('',(11.709067,7.34831,1.585));
#1950 = LINE('',#1951,#1952);
#1951 = CARTESIAN_POINT('',(11.728524,7.40648,1.585));
#1952 = VECTOR('',#1953,1.);
#1953 = DIRECTION('',(-0.317210677065,-0.948355095076,0.));
#1954 = ORIENTED_EDGE('',*,*,#1955,.T.);
#1955 = EDGE_CURVE('',#1948,#1956,#1958,.T.);
#1956 = VERTEX_POINT('',#1957);
#1957 = CARTESIAN_POINT('',(11.685707,7.32428,1.585));
#1958 = LINE('',#1959,#1960);
#1959 = CARTESIAN_POINT('',(11.709067,7.34831,1.585));
#1960 = VECTOR('',#1961,1.);
#1961 = DIRECTION('',(-0.697040043029,-0.717032201797,0.));
#1962 = ORIENTED_EDGE('',*,*,#1963,.T.);
#1963 = EDGE_CURVE('',#1956,#1964,#1966,.T.);
#1964 = VERTEX_POINT('',#1965);
#1965 = CARTESIAN_POINT('',(11.649832,7.30954,1.585));
#1966 = LINE('',#1967,#1968);
#1967 = CARTESIAN_POINT('',(11.685707,7.32428,1.585));
#1968 = VECTOR('',#1969,1.);
#1969 = DIRECTION('',(-0.924968841818,-0.380042947133,0.));
#1970 = ORIENTED_EDGE('',*,*,#1971,.T.);
#1971 = EDGE_CURVE('',#1964,#1972,#1974,.T.);
#1972 = VERTEX_POINT('',#1973);
#1973 = CARTESIAN_POINT('',(11.582231,7.300943,1.585));
#1974 = LINE('',#1975,#1976);
#1975 = CARTESIAN_POINT('',(11.649832,7.30954,1.585));
#1976 = VECTOR('',#1977,1.);
#1977 = DIRECTION('',(-0.992010337747,-0.12615660824,0.));
#1978 = ORIENTED_EDGE('',*,*,#1979,.T.);
#1979 = EDGE_CURVE('',#1972,#1980,#1982,.T.);
#1980 = VERTEX_POINT('',#1981);
#1981 = CARTESIAN_POINT('',(11.433966,7.334328,1.585));
#1982 = CIRCLE('',#1983,0.199954129431);
#1983 = AXIS2_PLACEMENT_3D('',#1984,#1985,#1986);
#1984 = CARTESIAN_POINT('',(11.548727197424,7.498070240861,1.585));
#1985 = DIRECTION('',(0.,0.,-1.));
#1986 = DIRECTION('',(0.167557442654,-0.985862314632,0.));
#1987 = ORIENTED_EDGE('',*,*,#1988,.T.);
#1988 = EDGE_CURVE('',#1980,#1989,#1991,.T.);
#1989 = VERTEX_POINT('',#1990);
#1990 = CARTESIAN_POINT('',(11.411214,7.355952,1.585));
#1991 = LINE('',#1992,#1993);
#1992 = CARTESIAN_POINT('',(11.433966,7.334328,1.585));
#1993 = VECTOR('',#1994,1.);
#1994 = DIRECTION('',(-0.724846695475,0.688910203189,0.));
#1995 = ORIENTED_EDGE('',*,*,#1996,.T.);
#1996 = EDGE_CURVE('',#1989,#1997,#1999,.T.);
#1997 = VERTEX_POINT('',#1998);
#1998 = CARTESIAN_POINT('',(11.395289,7.383951,1.585));
#1999 = LINE('',#2000,#2001);
#2000 = CARTESIAN_POINT('',(11.411214,7.355952,1.585));
#2001 = VECTOR('',#2002,1.);
#2002 = DIRECTION('',(-0.494396060969,0.869236754227,0.));
#2003 = ORIENTED_EDGE('',*,*,#2004,.T.);
#2004 = EDGE_CURVE('',#1997,#2005,#2007,.T.);
#2005 = VERTEX_POINT('',#2006);
#2006 = CARTESIAN_POINT('',(11.386039,7.420386,1.585));
#2007 = LINE('',#2008,#2009);
#2008 = CARTESIAN_POINT('',(11.395289,7.383951,1.585));
#2009 = VECTOR('',#2010,1.);
#2010 = DIRECTION('',(-0.246070544089,0.9692519215,0.));
#2011 = ORIENTED_EDGE('',*,*,#2012,.T.);
#2012 = EDGE_CURVE('',#2005,#2013,#2015,.T.);
#2013 = VERTEX_POINT('',#2014);
#2014 = CARTESIAN_POINT('',(11.383311,7.467318,1.585));
#2015 = LINE('',#2016,#2017);
#2016 = CARTESIAN_POINT('',(11.386039,7.420386,1.585));
#2017 = VECTOR('',#2018,1.);
#2018 = DIRECTION('',(-5.802870298052E-02,0.99831491506,0.));
#2019 = ORIENTED_EDGE('',*,*,#2020,.T.);
#2020 = EDGE_CURVE('',#2013,#2021,#2023,.T.);
#2021 = VERTEX_POINT('',#2022);
#2022 = CARTESIAN_POINT('',(11.396808,7.600918,1.585));
#2023 = LINE('',#2024,#2025);
#2024 = CARTESIAN_POINT('',(11.383311,7.467318,1.585));
#2025 = VECTOR('',#2026,1.);
#2026 = DIRECTION('',(0.100513822084,0.994935662026,0.));
#2027 = ORIENTED_EDGE('',*,*,#2028,.T.);
#2028 = EDGE_CURVE('',#2021,#2029,#2031,.T.);
#2029 = VERTEX_POINT('',#2030);
#2030 = CARTESIAN_POINT('',(11.4766,8.007386,1.585));
#2031 = LINE('',#2032,#2033);
#2032 = CARTESIAN_POINT('',(11.396808,7.600918,1.585));
#2033 = VECTOR('',#2034,1.);
#2034 = DIRECTION('',(0.192629245958,0.981271610514,0.));
#2035 = ORIENTED_EDGE('',*,*,#2036,.T.);
#2036 = EDGE_CURVE('',#2029,#2037,#2039,.T.);
#2037 = VERTEX_POINT('',#2038);
#2038 = CARTESIAN_POINT('',(11.390286,8.009339,1.585));
#2039 = LINE('',#2040,#2041);
#2040 = CARTESIAN_POINT('',(11.4766,8.007386,1.585));
#2041 = VECTOR('',#2042,1.);
#2042 = DIRECTION('',(-0.999744114731,2.262089876578E-02,0.));
#2043 = ORIENTED_EDGE('',*,*,#2044,.T.);
#2044 = EDGE_CURVE('',#2037,#2045,#2047,.T.);
#2045 = VERTEX_POINT('',#2046);
#2046 = CARTESIAN_POINT('',(11.366185,8.016789,1.585));
#2047 = LINE('',#2048,#2049);
#2048 = CARTESIAN_POINT('',(11.390286,8.009339,1.585));
#2049 = VECTOR('',#2050,1.);
#2050 = DIRECTION('',(-0.955395930178,0.295327981404,0.));
#2051 = ORIENTED_EDGE('',*,*,#2052,.T.);
#2052 = EDGE_CURVE('',#2045,#2053,#2055,.T.);
#2053 = VERTEX_POINT('',#2054);
#2054 = CARTESIAN_POINT('',(11.354946,8.032119,1.585));
#2055 = LINE('',#2056,#2057);
#2056 = CARTESIAN_POINT('',(11.366185,8.016789,1.585));
#2057 = VECTOR('',#2058,1.);
#2058 = DIRECTION('',(-0.591261027674,0.806480252179,0.));
#2059 = ORIENTED_EDGE('',*,*,#2060,.T.);
#2060 = EDGE_CURVE('',#2053,#2061,#2063,.T.);
#2061 = VERTEX_POINT('',#2062);
#2062 = CARTESIAN_POINT('',(11.352482,8.053827,1.585));
#2063 = LINE('',#2064,#2065);
#2064 = CARTESIAN_POINT('',(11.354946,8.032119,1.585));
#2065 = VECTOR('',#2066,1.);
#2066 = DIRECTION('',(-0.112782337643,0.99361971816,0.));
#2067 = ORIENTED_EDGE('',*,*,#2068,.T.);
#2068 = EDGE_CURVE('',#2061,#2069,#2071,.T.);
#2069 = VERTEX_POINT('',#2070);
#2070 = CARTESIAN_POINT('',(11.358403,8.094229,1.585));
#2071 = LINE('',#2072,#2073);
#2072 = CARTESIAN_POINT('',(11.352482,8.053827,1.585));
#2073 = VECTOR('',#2074,1.);
#2074 = DIRECTION('',(0.145003267032,0.989431176257,0.));
#2075 = ORIENTED_EDGE('',*,*,#2076,.T.);
#2076 = EDGE_CURVE('',#2069,#2077,#2079,.T.);
#2077 = VERTEX_POINT('',#2078);
#2078 = CARTESIAN_POINT('',(11.377551,8.119799,1.585));
#2079 = LINE('',#2080,#2081);
#2080 = CARTESIAN_POINT('',(11.358403,8.094229,1.585));
#2081 = VECTOR('',#2082,1.);
#2082 = DIRECTION('',(0.599408816916,0.800443046196,0.));
#2083 = ORIENTED_EDGE('',*,*,#2084,.T.);
#2084 = EDGE_CURVE('',#2077,#2085,#2087,.T.);
#2085 = VERTEX_POINT('',#2086);
#2086 = CARTESIAN_POINT('',(11.412004,8.13239,1.585));
#2087 = LINE('',#2088,#2089);
#2088 = CARTESIAN_POINT('',(11.377551,8.119799,1.585));
#2089 = VECTOR('',#2090,1.);
#2090 = DIRECTION('',(0.939243797609,0.343250766427,0.));
#2091 = ORIENTED_EDGE('',*,*,#2092,.T.);
#2092 = EDGE_CURVE('',#2085,#2093,#2095,.T.);
#2093 = VERTEX_POINT('',#2094);
#2094 = CARTESIAN_POINT('',(11.485092,8.135781,1.585));
#2095 = LINE('',#2096,#2097);
#2096 = CARTESIAN_POINT('',(11.412004,8.13239,1.585));
#2097 = VECTOR('',#2098,1.);
#2098 = DIRECTION('',(0.998925434304,4.634626953435E-02,0.));
#2099 = ORIENTED_EDGE('',*,*,#2100,.T.);
#2100 = EDGE_CURVE('',#2093,#2101,#2103,.T.);
#2101 = VERTEX_POINT('',#2102);
#2102 = CARTESIAN_POINT('',(11.496555,8.142549,1.585));
#2103 = LINE('',#2104,#2105);
#2104 = CARTESIAN_POINT('',(11.485092,8.135781,1.585));
#2105 = VECTOR('',#2106,1.);
#2106 = DIRECTION('',(0.861110420258,0.508417981707,0.));
#2107 = ORIENTED_EDGE('',*,*,#2108,.T.);
#2108 = EDGE_CURVE('',#2101,#2109,#2111,.T.);
#2109 = VERTEX_POINT('',#2110);
#2110 = CARTESIAN_POINT('',(11.512114,8.18552,1.585));
#2111 = LINE('',#2112,#2113);
#2112 = CARTESIAN_POINT('',(11.496555,8.142549,1.585));
#2113 = VECTOR('',#2114,1.);
#2114 = DIRECTION('',(0.340451423298,0.94026210621,0.));
#2115 = ORIENTED_EDGE('',*,*,#2116,.T.);
#2116 = EDGE_CURVE('',#2109,#1745,#2117,.T.);
#2117 = LINE('',#2118,#2119);
#2118 = CARTESIAN_POINT('',(11.512114,8.18552,1.585));
#2119 = VECTOR('',#2120,1.);
#2120 = DIRECTION('',(0.240874321147,0.970556315425,0.));
#2121 = PLANE('',#2122);
#2122 = AXIS2_PLACEMENT_3D('',#2123,#2124,#2125);
#2123 = CARTESIAN_POINT('',(0.,0.,1.585));
#2124 = DIRECTION('',(0.,0.,1.));
#2125 = DIRECTION('',(1.,0.,-0.));
#2126 = SHELL_BASED_SURFACE_MODEL('',(#2127));
#2127 = OPEN_SHELL('',(#2128));
#2128 = ADVANCED_FACE('',(#2129,#2292),#2342,.T.);
#2129 = FACE_BOUND('',#2130,.F.);
#2130 = EDGE_LOOP('',(#2131,#2141,#2149,#2157,#2165,#2173,#2181,#2189,
    #2197,#2205,#2213,#2221,#2229,#2237,#2245,#2253,#2261,#2270,#2278,
    #2286));
#2131 = ORIENTED_EDGE('',*,*,#2132,.T.);
#2132 = EDGE_CURVE('',#2133,#2135,#2137,.T.);
#2133 = VERTEX_POINT('',#2134);
#2134 = CARTESIAN_POINT('',(8.0772,8.412536,1.585));
#2135 = VERTEX_POINT('',#2136);
#2136 = CARTESIAN_POINT('',(8.091469,8.422894,1.585));
#2137 = LINE('',#2138,#2139);
#2138 = CARTESIAN_POINT('',(8.0772,8.412536,1.585));
#2139 = VECTOR('',#2140,1.);
#2140 = DIRECTION('',(0.809260602286,0.587449808569,0.));
#2141 = ORIENTED_EDGE('',*,*,#2142,.T.);
#2142 = EDGE_CURVE('',#2135,#2143,#2145,.T.);
#2143 = VERTEX_POINT('',#2144);
#2144 = CARTESIAN_POINT('',(8.152813,8.430938,1.585));
#2145 = LINE('',#2146,#2147);
#2146 = CARTESIAN_POINT('',(8.091469,8.422894,1.585));
#2147 = VECTOR('',#2148,1.);
#2148 = DIRECTION('',(0.991511853495,0.130016323512,0.));
#2149 = ORIENTED_EDGE('',*,*,#2150,.T.);
#2150 = EDGE_CURVE('',#2143,#2151,#2153,.T.);
#2151 = VERTEX_POINT('',#2152);
#2152 = CARTESIAN_POINT('',(8.216862,8.429119,1.585));
#2153 = LINE('',#2154,#2155);
#2154 = CARTESIAN_POINT('',(8.152813,8.430938,1.585));
#2155 = VECTOR('',#2156,1.);
#2156 = DIRECTION('',(0.999596960068,-2.838868476265E-02,0.));
#2157 = ORIENTED_EDGE('',*,*,#2158,.T.);
#2158 = EDGE_CURVE('',#2151,#2159,#2161,.T.);
#2159 = VERTEX_POINT('',#2160);
#2160 = CARTESIAN_POINT('',(8.25662,8.417832,1.585));
#2161 = LINE('',#2162,#2163);
#2162 = CARTESIAN_POINT('',(8.216862,8.429119,1.585));
#2163 = VECTOR('',#2164,1.);
#2164 = DIRECTION('',(0.961985502708,-0.273100517357,0.));
#2165 = ORIENTED_EDGE('',*,*,#2166,.T.);
#2166 = EDGE_CURVE('',#2159,#2167,#2169,.T.);
#2167 = VERTEX_POINT('',#2168);
#2168 = CARTESIAN_POINT('',(8.330066,8.004409,1.585));
#2169 = LINE('',#2170,#2171);
#2170 = CARTESIAN_POINT('',(8.25662,8.417832,1.585));
#2171 = VECTOR('',#2172,1.);
#2172 = DIRECTION('',(0.174914621234,-0.984583605022,0.));
#2173 = ORIENTED_EDGE('',*,*,#2174,.T.);
#2174 = EDGE_CURVE('',#2167,#2175,#2177,.T.);
#2175 = VERTEX_POINT('',#2176);
#2176 = CARTESIAN_POINT('',(8.433528,7.359109,1.585));
#2177 = LINE('',#2178,#2179);
#2178 = CARTESIAN_POINT('',(8.330066,8.004409,1.585));
#2179 = VECTOR('',#2180,1.);
#2180 = DIRECTION('',(0.158309766147,-0.987389496573,0.));
#2181 = ORIENTED_EDGE('',*,*,#2182,.T.);
#2182 = EDGE_CURVE('',#2175,#2183,#2185,.T.);
#2183 = VERTEX_POINT('',#2184);
#2184 = CARTESIAN_POINT('',(8.432369,7.332958,1.585));
#2185 = LINE('',#2186,#2187);
#2186 = CARTESIAN_POINT('',(8.433528,7.359109,1.585));
#2187 = VECTOR('',#2188,1.);
#2188 = DIRECTION('',(-4.427606624044E-02,-0.999019334126,0.));
#2189 = ORIENTED_EDGE('',*,*,#2190,.T.);
#2190 = EDGE_CURVE('',#2183,#2191,#2193,.T.);
#2191 = VERTEX_POINT('',#2192);
#2192 = CARTESIAN_POINT('',(8.414678,7.316857,1.585));
#2193 = LINE('',#2194,#2195);
#2194 = CARTESIAN_POINT('',(8.432369,7.332958,1.585));
#2195 = VECTOR('',#2196,1.);
#2196 = DIRECTION('',(-0.739559744209,-0.673090918632,0.));
#2197 = ORIENTED_EDGE('',*,*,#2198,.T.);
#2198 = EDGE_CURVE('',#2191,#2199,#2201,.T.);
#2199 = VERTEX_POINT('',#2200);
#2200 = CARTESIAN_POINT('',(8.379324,7.310149,1.585));
#2201 = LINE('',#2202,#2203);
#2202 = CARTESIAN_POINT('',(8.414678,7.316857,1.585));
#2203 = VECTOR('',#2204,1.);
#2204 = DIRECTION('',(-0.982471609697,-0.186412274646,0.));
#2205 = ORIENTED_EDGE('',*,*,#2206,.T.);
#2206 = EDGE_CURVE('',#2199,#2207,#2209,.T.);
#2207 = VERTEX_POINT('',#2208);
#2208 = CARTESIAN_POINT('',(8.286051,7.3136,1.585));
#2209 = LINE('',#2210,#2211);
#2210 = CARTESIAN_POINT('',(8.379324,7.310149,1.585));
#2211 = VECTOR('',#2212,1.);
#2212 = DIRECTION('',(-0.999316241992,3.697361885127E-02,0.));
#2213 = ORIENTED_EDGE('',*,*,#2214,.T.);
#2214 = EDGE_CURVE('',#2207,#2215,#2217,.T.);
#2215 = VERTEX_POINT('',#2216);
#2216 = CARTESIAN_POINT('',(8.240991,7.588854,1.585));
#2217 = LINE('',#2218,#2219);
#2218 = CARTESIAN_POINT('',(8.286051,7.3136,1.585));
#2219 = VECTOR('',#2220,1.);
#2220 = DIRECTION('',(-0.161552943603,0.98686404657,0.));
#2221 = ORIENTED_EDGE('',*,*,#2222,.T.);
#2222 = EDGE_CURVE('',#2215,#2223,#2225,.T.);
#2223 = VERTEX_POINT('',#2224);
#2224 = CARTESIAN_POINT('',(8.227429,7.598967,1.585));
#2225 = LINE('',#2226,#2227);
#2226 = CARTESIAN_POINT('',(8.240991,7.588854,1.585));
#2227 = VECTOR('',#2228,1.);
#2228 = DIRECTION('',(-0.801656762042,0.597784606587,0.));
#2229 = ORIENTED_EDGE('',*,*,#2230,.T.);
#2230 = EDGE_CURVE('',#2223,#2231,#2233,.T.);
#2231 = VERTEX_POINT('',#2232);
#2232 = CARTESIAN_POINT('',(8.087911,7.604828,1.585));
#2233 = LINE('',#2234,#2235);
#2234 = CARTESIAN_POINT('',(8.227429,7.598967,1.585));
#2235 = VECTOR('',#2236,1.);
#2236 = DIRECTION('',(-0.999118791633,4.19718978036E-02,0.));
#2237 = ORIENTED_EDGE('',*,*,#2238,.T.);
#2238 = EDGE_CURVE('',#2231,#2239,#2241,.T.);
#2239 = VERTEX_POINT('',#2240);
#2240 = CARTESIAN_POINT('',(7.777481,7.604884,1.585));
#2241 = LINE('',#2242,#2243);
#2242 = CARTESIAN_POINT('',(8.087911,7.604828,1.585));
#2243 = VECTOR('',#2244,1.);
#2244 = DIRECTION('',(-0.999999983729,1.803949331207E-04,0.));
#2245 = ORIENTED_EDGE('',*,*,#2246,.T.);
#2246 = EDGE_CURVE('',#2239,#2247,#2249,.T.);
#2247 = VERTEX_POINT('',#2248);
#2248 = CARTESIAN_POINT('',(7.638145,7.348808,1.585));
#2249 = LINE('',#2250,#2251);
#2250 = CARTESIAN_POINT('',(7.777481,7.604884,1.585));
#2251 = VECTOR('',#2252,1.);
#2252 = DIRECTION('',(-0.477948230864,-0.878388005732,0.));
#2253 = ORIENTED_EDGE('',*,*,#2254,.T.);
#2254 = EDGE_CURVE('',#2247,#2255,#2257,.T.);
#2255 = VERTEX_POINT('',#2256);
#2256 = CARTESIAN_POINT('',(7.609223,7.315474,1.585));
#2257 = LINE('',#2258,#2259);
#2258 = CARTESIAN_POINT('',(7.638145,7.348808,1.585));
#2259 = VECTOR('',#2260,1.);
#2260 = DIRECTION('',(-0.65535141613,-0.755324116772,0.));
#2261 = ORIENTED_EDGE('',*,*,#2262,.T.);
#2262 = EDGE_CURVE('',#2255,#2263,#2265,.T.);
#2263 = VERTEX_POINT('',#2264);
#2264 = CARTESIAN_POINT('',(7.482812,7.315365,1.585));
#2265 = CIRCLE('',#2266,0.209107665192);
#2266 = AXIS2_PLACEMENT_3D('',#2267,#2268,#2269);
#2267 = CARTESIAN_POINT('',(7.545845627402,7.5147459857,1.585));
#2268 = DIRECTION('',(-0.,0.,-1.));
#2269 = DIRECTION('',(0.303084884714,-0.952963563132,-0.));
#2270 = ORIENTED_EDGE('',*,*,#2271,.T.);
#2271 = EDGE_CURVE('',#2263,#2272,#2274,.T.);
#2272 = VERTEX_POINT('',#2273);
#2273 = CARTESIAN_POINT('',(7.475751,7.335926,1.585));
#2274 = LINE('',#2275,#2276);
#2275 = CARTESIAN_POINT('',(7.482812,7.315365,1.585));
#2276 = VECTOR('',#2277,1.);
#2277 = DIRECTION('',(-0.324798216747,0.945783335864,0.));
#2278 = ORIENTED_EDGE('',*,*,#2279,.T.);
#2279 = EDGE_CURVE('',#2272,#2280,#2282,.T.);
#2280 = VERTEX_POINT('',#2281);
#2281 = CARTESIAN_POINT('',(7.858697,8.032621,1.585));
#2282 = LINE('',#2283,#2284);
#2283 = CARTESIAN_POINT('',(7.475751,7.335926,1.585));
#2284 = VECTOR('',#2285,1.);
#2285 = DIRECTION('',(0.481690581214,0.876341362695,0.));
#2286 = ORIENTED_EDGE('',*,*,#2287,.T.);
#2287 = EDGE_CURVE('',#2280,#2133,#2288,.T.);
#2288 = LINE('',#2289,#2290);
#2289 = CARTESIAN_POINT('',(7.858697,8.032621,1.585));
#2290 = VECTOR('',#2291,1.);
#2291 = DIRECTION('',(0.498560075028,0.866855150292,0.));
#2292 = FACE_BOUND('',#2293,.F.);
#2293 = EDGE_LOOP('',(#2294,#2304,#2312,#2320,#2328,#2336));
#2294 = ORIENTED_EDGE('',*,*,#2295,.T.);
#2295 = EDGE_CURVE('',#2296,#2298,#2300,.T.);
#2296 = VERTEX_POINT('',#2297);
#2297 = CARTESIAN_POINT('',(8.217202,7.721398,1.585));
#2298 = VERTEX_POINT('',#2299);
#2299 = CARTESIAN_POINT('',(8.205073,7.840538,1.585));
#2300 = LINE('',#2301,#2302);
#2301 = CARTESIAN_POINT('',(8.217202,7.721398,1.585));
#2302 = VECTOR('',#2303,1.);
#2303 = DIRECTION('',(-0.101281104908,0.994857848031,0.));
#2304 = ORIENTED_EDGE('',*,*,#2305,.T.);
#2305 = EDGE_CURVE('',#2298,#2306,#2308,.T.);
#2306 = VERTEX_POINT('',#2307);
#2307 = CARTESIAN_POINT('',(8.140292,8.263897,1.585));
#2308 = LINE('',#2309,#2310);
#2309 = CARTESIAN_POINT('',(8.205073,7.840538,1.585));
#2310 = VECTOR('',#2311,1.);
#2311 = DIRECTION('',(-0.151256187779,0.988494595665,0.));
#2312 = ORIENTED_EDGE('',*,*,#2313,.T.);
#2313 = EDGE_CURVE('',#2306,#2314,#2316,.T.);
#2314 = VERTEX_POINT('',#2315);
#2315 = CARTESIAN_POINT('',(7.888794,7.812003,1.585));
#2316 = LINE('',#2317,#2318);
#2317 = CARTESIAN_POINT('',(8.140292,8.263897,1.585));
#2318 = VECTOR('',#2319,1.);
#2319 = DIRECTION('',(-0.486301464419,-0.873791099579,0.));
#2320 = ORIENTED_EDGE('',*,*,#2321,.T.);
#2321 = EDGE_CURVE('',#2314,#2322,#2324,.T.);
#2322 = VERTEX_POINT('',#2323);
#2323 = CARTESIAN_POINT('',(7.846477,7.728072,1.585));
#2324 = LINE('',#2325,#2326);
#2325 = CARTESIAN_POINT('',(7.888794,7.812003,1.585));
#2326 = VECTOR('',#2327,1.);
#2327 = DIRECTION('',(-0.450202728666,-0.892926370482,0.));
#2328 = ORIENTED_EDGE('',*,*,#2329,.T.);
#2329 = EDGE_CURVE('',#2322,#2330,#2332,.T.);
#2330 = VERTEX_POINT('',#2331);
#2331 = CARTESIAN_POINT('',(7.856503,7.725911,1.585));
#2332 = LINE('',#2333,#2334);
#2333 = CARTESIAN_POINT('',(7.846477,7.728072,1.585));
#2334 = VECTOR('',#2335,1.);
#2335 = DIRECTION('',(0.977550585833,-0.210700859364,0.));
#2336 = ORIENTED_EDGE('',*,*,#2337,.T.);
#2337 = EDGE_CURVE('',#2330,#2296,#2338,.T.);
#2338 = LINE('',#2339,#2340);
#2339 = CARTESIAN_POINT('',(7.856503,7.725911,1.585));
#2340 = VECTOR('',#2341,1.);
#2341 = DIRECTION('',(0.999921736402,-1.251083811262E-02,0.));
#2342 = PLANE('',#2343);
#2343 = AXIS2_PLACEMENT_3D('',#2344,#2345,#2346);
#2344 = CARTESIAN_POINT('',(0.,0.,1.585));
#2345 = DIRECTION('',(0.,0.,1.));
#2346 = DIRECTION('',(1.,0.,-0.));
#2347 = SHELL_BASED_SURFACE_MODEL('',(#2348));
#2348 = OPEN_SHELL('',(#2349));
#2349 = ADVANCED_FACE('',(#2350),#2456,.T.);
#2350 = FACE_BOUND('',#2351,.F.);
#2351 = EDGE_LOOP('',(#2352,#2362,#2370,#2378,#2386,#2394,#2402,#2410,
    #2418,#2426,#2434,#2442,#2450));
#2352 = ORIENTED_EDGE('',*,*,#2353,.T.);
#2353 = EDGE_CURVE('',#2354,#2356,#2358,.T.);
#2354 = VERTEX_POINT('',#2355);
#2355 = CARTESIAN_POINT('',(5.116015,8.417832,1.585));
#2356 = VERTEX_POINT('',#2357);
#2357 = CARTESIAN_POINT('',(5.133611,8.426804,1.585));
#2358 = LINE('',#2359,#2360);
#2359 = CARTESIAN_POINT('',(5.116015,8.417832,1.585));
#2360 = VECTOR('',#2361,1.);
#2361 = DIRECTION('',(0.890875615816,0.454247330365,0.));
#2362 = ORIENTED_EDGE('',*,*,#2363,.T.);
#2363 = EDGE_CURVE('',#2356,#2364,#2366,.T.);
#2364 = VERTEX_POINT('',#2365);
#2365 = CARTESIAN_POINT('',(5.196063,8.431024,1.585));
#2366 = LINE('',#2367,#2368);
#2367 = CARTESIAN_POINT('',(5.133611,8.426804,1.585));
#2368 = VECTOR('',#2369,1.);
#2369 = DIRECTION('',(0.99772480786,6.741815617062E-02,0.));
#2370 = ORIENTED_EDGE('',*,*,#2371,.T.);
#2371 = EDGE_CURVE('',#2364,#2372,#2374,.T.);
#2372 = VERTEX_POINT('',#2373);
#2373 = CARTESIAN_POINT('',(5.225997,8.426658,1.585));
#2374 = LINE('',#2375,#2376);
#2375 = CARTESIAN_POINT('',(5.196063,8.431024,1.585));
#2376 = VECTOR('',#2377,1.);
#2377 = DIRECTION('',(0.989530030588,-0.144327123456,0.));
#2378 = ORIENTED_EDGE('',*,*,#2379,.T.);
#2379 = EDGE_CURVE('',#2372,#2380,#2382,.T.);
#2380 = VERTEX_POINT('',#2381);
#2381 = CARTESIAN_POINT('',(5.247859,8.414422,1.585));
#2382 = LINE('',#2383,#2384);
#2383 = CARTESIAN_POINT('',(5.225997,8.426658,1.585));
#2384 = VECTOR('',#2385,1.);
#2385 = DIRECTION('',(0.872620340327,-0.48839916221,0.));
#2386 = ORIENTED_EDGE('',*,*,#2387,.T.);
#2387 = EDGE_CURVE('',#2380,#2388,#2390,.T.);
#2388 = VERTEX_POINT('',#2389);
#2389 = CARTESIAN_POINT('',(5.210496,8.186334,1.585));
#2390 = LINE('',#2391,#2392);
#2391 = CARTESIAN_POINT('',(5.247859,8.414422,1.585));
#2392 = VECTOR('',#2393,1.);
#2393 = DIRECTION('',(-0.161655048277,-0.98684732627,0.));
#2394 = ORIENTED_EDGE('',*,*,#2395,.T.);
#2395 = EDGE_CURVE('',#2388,#2396,#2398,.T.);
#2396 = VERTEX_POINT('',#2397);
#2397 = CARTESIAN_POINT('',(5.055678,7.428964,1.585));
#2398 = LINE('',#2399,#2400);
#2399 = CARTESIAN_POINT('',(5.210496,8.186334,1.585));
#2400 = VECTOR('',#2401,1.);
#2401 = DIRECTION('',(-0.20027381834,-0.979739964321,0.));
#2402 = ORIENTED_EDGE('',*,*,#2403,.T.);
#2403 = EDGE_CURVE('',#2396,#2404,#2406,.T.);
#2404 = VERTEX_POINT('',#2405);
#2405 = CARTESIAN_POINT('',(5.026429,7.317106,1.585));
#2406 = LINE('',#2407,#2408);
#2407 = CARTESIAN_POINT('',(5.055678,7.428964,1.585));
#2408 = VECTOR('',#2409,1.);
#2409 = DIRECTION('',(-0.252977801868,-0.967472083195,0.));
#2410 = ORIENTED_EDGE('',*,*,#2411,.T.);
#2411 = EDGE_CURVE('',#2404,#2412,#2414,.T.);
#2412 = VERTEX_POINT('',#2413);
#2413 = CARTESIAN_POINT('',(4.977472,7.30895,1.585));
#2414 = LINE('',#2415,#2416);
#2415 = CARTESIAN_POINT('',(5.026429,7.317106,1.585));
#2416 = VECTOR('',#2417,1.);
#2417 = DIRECTION('',(-0.986405357026,-0.164330373428,0.));
#2418 = ORIENTED_EDGE('',*,*,#2419,.T.);
#2419 = EDGE_CURVE('',#2412,#2420,#2422,.T.);
#2420 = VERTEX_POINT('',#2421);
#2421 = CARTESIAN_POINT('',(4.915174,7.311935,1.585));
#2422 = LINE('',#2423,#2424);
#2423 = CARTESIAN_POINT('',(4.977472,7.30895,1.585));
#2424 = VECTOR('',#2425,1.);
#2425 = DIRECTION('',(-0.998854055852,4.785995307582E-02,0.));
#2426 = ORIENTED_EDGE('',*,*,#2427,.T.);
#2427 = EDGE_CURVE('',#2420,#2428,#2430,.T.);
#2428 = VERTEX_POINT('',#2429);
#2429 = CARTESIAN_POINT('',(4.896608,7.318818,1.585));
#2430 = LINE('',#2431,#2432);
#2431 = CARTESIAN_POINT('',(4.915174,7.311935,1.585));
#2432 = VECTOR('',#2433,1.);
#2433 = DIRECTION('',(-0.937638447595,0.347612056167,0.));
#2434 = ORIENTED_EDGE('',*,*,#2435,.T.);
#2435 = EDGE_CURVE('',#2428,#2436,#2438,.T.);
#2436 = VERTEX_POINT('',#2437);
#2437 = CARTESIAN_POINT('',(4.966284,7.707493,1.585));
#2438 = LINE('',#2439,#2440);
#2439 = CARTESIAN_POINT('',(4.896608,7.318818,1.585));
#2440 = VECTOR('',#2441,1.);
#2441 = DIRECTION('',(0.17645262299,0.984309134287,0.));
#2442 = ORIENTED_EDGE('',*,*,#2443,.T.);
#2443 = EDGE_CURVE('',#2436,#2444,#2446,.T.);
#2444 = VERTEX_POINT('',#2445);
#2445 = CARTESIAN_POINT('',(5.108387,8.392343,1.585));
#2446 = LINE('',#2447,#2448);
#2447 = CARTESIAN_POINT('',(4.966284,7.707493,1.585));
#2448 = VECTOR('',#2449,1.);
#2449 = DIRECTION('',(0.203167551848,0.979143986284,0.));
#2450 = ORIENTED_EDGE('',*,*,#2451,.T.);
#2451 = EDGE_CURVE('',#2444,#2354,#2452,.T.);
#2452 = LINE('',#2453,#2454);
#2453 = CARTESIAN_POINT('',(5.108387,8.392343,1.585));
#2454 = VECTOR('',#2455,1.);
#2455 = DIRECTION('',(0.286703003173,0.958019513356,0.));
#2456 = PLANE('',#2457);
#2457 = AXIS2_PLACEMENT_3D('',#2458,#2459,#2460);
#2458 = CARTESIAN_POINT('',(0.,0.,1.585));
#2459 = DIRECTION('',(0.,0.,1.));
#2460 = DIRECTION('',(1.,0.,-0.));
#2461 = SHELL_BASED_SURFACE_MODEL('',(#2462));
#2462 = OPEN_SHELL('',(#2463));
#2463 = ADVANCED_FACE('',(#2464),#2675,.T.);
#2464 = FACE_BOUND('',#2465,.F.);
#2465 = EDGE_LOOP('',(#2466,#2477,#2485,#2493,#2501,#2509,#2517,#2525,
    #2533,#2541,#2549,#2557,#2565,#2573,#2581,#2589,#2597,#2605,#2613,
    #2621,#2629,#2637,#2645,#2653,#2661,#2669));
#2466 = ORIENTED_EDGE('',*,*,#2467,.T.);
#2467 = EDGE_CURVE('',#2468,#2470,#2472,.T.);
#2468 = VERTEX_POINT('',#2469);
#2469 = CARTESIAN_POINT('',(13.114689,8.113061,1.585));
#2470 = VERTEX_POINT('',#2471);
#2471 = CARTESIAN_POINT('',(13.29637,8.134406,1.585));
#2472 = CIRCLE('',#2473,0.216674244974);
#2473 = AXIS2_PLACEMENT_3D('',#2474,#2475,#2476);
#2474 = CARTESIAN_POINT('',(13.228448795967,7.928652656217,1.585));
#2475 = DIRECTION('',(0.,0.,-1.));
#2476 = DIRECTION('',(-0.525026848394,0.851085664587,0.));
#2477 = ORIENTED_EDGE('',*,*,#2478,.T.);
#2478 = EDGE_CURVE('',#2470,#2479,#2481,.T.);
#2479 = VERTEX_POINT('',#2480);
#2480 = CARTESIAN_POINT('',(13.313718,8.125891,1.585));
#2481 = LINE('',#2482,#2483);
#2482 = CARTESIAN_POINT('',(13.29637,8.134406,1.585));
#2483 = VECTOR('',#2484,1.);
#2484 = DIRECTION('',(0.897694033447,-0.440619362163,0.));
#2485 = ORIENTED_EDGE('',*,*,#2486,.T.);
#2486 = EDGE_CURVE('',#2479,#2487,#2489,.T.);
#2487 = VERTEX_POINT('',#2488);
#2488 = CARTESIAN_POINT('',(13.320295,8.113491,1.585));
#2489 = LINE('',#2490,#2491);
#2490 = CARTESIAN_POINT('',(13.313718,8.125891,1.585));
#2491 = VECTOR('',#2492,1.);
#2492 = DIRECTION('',(0.46857171508,-0.883425462519,0.));
#2493 = ORIENTED_EDGE('',*,*,#2494,.T.);
#2494 = EDGE_CURVE('',#2487,#2495,#2497,.T.);
#2495 = VERTEX_POINT('',#2496);
#2496 = CARTESIAN_POINT('',(13.308845,8.037528,1.585));
#2497 = LINE('',#2498,#2499);
#2498 = CARTESIAN_POINT('',(13.320295,8.113491,1.585));
#2499 = VECTOR('',#2500,1.);
#2500 = DIRECTION('',(-0.149047611792,-0.988830020488,0.));
#2501 = ORIENTED_EDGE('',*,*,#2502,.T.);
#2502 = EDGE_CURVE('',#2495,#2503,#2505,.T.);
#2503 = VERTEX_POINT('',#2504);
#2504 = CARTESIAN_POINT('',(13.298276,8.013475,1.585));
#2505 = LINE('',#2506,#2507);
#2506 = CARTESIAN_POINT('',(13.308845,8.037528,1.585));
#2507 = VECTOR('',#2508,1.);
#2508 = DIRECTION('',(-0.402281916923,-0.915515843291,0.));
#2509 = ORIENTED_EDGE('',*,*,#2510,.T.);
#2510 = EDGE_CURVE('',#2503,#2511,#2513,.T.);
#2511 = VERTEX_POINT('',#2512);
#2512 = CARTESIAN_POINT('',(13.280787,8.002773,1.585));
#2513 = LINE('',#2514,#2515);
#2514 = CARTESIAN_POINT('',(13.298276,8.013475,1.585));
#2515 = VECTOR('',#2516,1.);
#2516 = DIRECTION('',(-0.852971844427,-0.521956926014,0.));
#2517 = ORIENTED_EDGE('',*,*,#2518,.T.);
#2518 = EDGE_CURVE('',#2511,#2519,#2521,.T.);
#2519 = VERTEX_POINT('',#2520);
#2520 = CARTESIAN_POINT('',(13.18106,8.004847,1.585));
#2521 = LINE('',#2522,#2523);
#2522 = CARTESIAN_POINT('',(13.280787,8.002773,1.585));
#2523 = VECTOR('',#2524,1.);
#2524 = DIRECTION('',(-0.999783817193,2.079227929106E-02,0.));
#2525 = ORIENTED_EDGE('',*,*,#2526,.T.);
#2526 = EDGE_CURVE('',#2519,#2527,#2529,.T.);
#2527 = VERTEX_POINT('',#2528);
#2528 = CARTESIAN_POINT('',(13.141804,7.995561,1.585));
#2529 = LINE('',#2530,#2531);
#2530 = CARTESIAN_POINT('',(13.18106,8.004847,1.585));
#2531 = VECTOR('',#2532,1.);
#2532 = DIRECTION('',(-0.973144036934,-0.230197053367,0.));
#2533 = ORIENTED_EDGE('',*,*,#2534,.T.);
#2534 = EDGE_CURVE('',#2527,#2535,#2537,.T.);
#2535 = VERTEX_POINT('',#2536);
#2536 = CARTESIAN_POINT('',(13.105454,7.973103,1.585));
#2537 = LINE('',#2538,#2539);
#2538 = CARTESIAN_POINT('',(13.141804,7.995561,1.585));
#2539 = VECTOR('',#2540,1.);
#2540 = DIRECTION('',(-0.850729669121,-0.52560349131,0.));
#2541 = ORIENTED_EDGE('',*,*,#2542,.T.);
#2542 = EDGE_CURVE('',#2535,#2543,#2545,.T.);
#2543 = VERTEX_POINT('',#2544);
#2544 = CARTESIAN_POINT('',(13.058872,7.926627,1.585));
#2545 = LINE('',#2546,#2547);
#2546 = CARTESIAN_POINT('',(13.105454,7.973103,1.585));
#2547 = VECTOR('',#2548,1.);
#2548 = DIRECTION('',(-0.707911769275,-0.706300875635,0.));
#2549 = ORIENTED_EDGE('',*,*,#2550,.T.);
#2550 = EDGE_CURVE('',#2543,#2551,#2553,.T.);
#2551 = VERTEX_POINT('',#2552);
#2552 = CARTESIAN_POINT('',(13.003001,7.849877,1.585));
#2553 = LINE('',#2554,#2555);
#2554 = CARTESIAN_POINT('',(13.058872,7.926627,1.585));
#2555 = VECTOR('',#2556,1.);
#2556 = DIRECTION('',(-0.588535539207,-0.808471347105,0.));
#2557 = ORIENTED_EDGE('',*,*,#2558,.T.);
#2558 = EDGE_CURVE('',#2551,#2559,#2561,.T.);
#2559 = VERTEX_POINT('',#2560);
#2560 = CARTESIAN_POINT('',(12.961671,7.752961,1.585));
#2561 = LINE('',#2562,#2563);
#2562 = CARTESIAN_POINT('',(13.003001,7.849877,1.585));
#2563 = VECTOR('',#2564,1.);
#2564 = DIRECTION('',(-0.392271451231,-0.919849503206,0.));
#2565 = ORIENTED_EDGE('',*,*,#2566,.T.);
#2566 = EDGE_CURVE('',#2559,#2567,#2569,.T.);
#2567 = VERTEX_POINT('',#2568);
#2568 = CARTESIAN_POINT('',(12.909514,7.536642,1.585));
#2569 = LINE('',#2570,#2571);
#2570 = CARTESIAN_POINT('',(12.961671,7.752961,1.585));
#2571 = VECTOR('',#2572,1.);
#2572 = DIRECTION('',(-0.234394515955,-0.97214155908,0.));
#2573 = ORIENTED_EDGE('',*,*,#2574,.T.);
#2574 = EDGE_CURVE('',#2567,#2575,#2577,.T.);
#2575 = VERTEX_POINT('',#2576);
#2576 = CARTESIAN_POINT('',(12.861592,7.334536,1.585));
#2577 = LINE('',#2578,#2579);
#2578 = CARTESIAN_POINT('',(12.909514,7.536642,1.585));
#2579 = VECTOR('',#2580,1.);
#2580 = DIRECTION('',(-0.230716144709,-0.973021099756,0.));
#2581 = ORIENTED_EDGE('',*,*,#2582,.T.);
#2582 = EDGE_CURVE('',#2575,#2583,#2585,.T.);
#2583 = VERTEX_POINT('',#2584);
#2584 = CARTESIAN_POINT('',(12.853892,7.317017,1.585));
#2585 = LINE('',#2586,#2587);
#2586 = CARTESIAN_POINT('',(12.861592,7.334536,1.585));
#2587 = VECTOR('',#2588,1.);
#2588 = DIRECTION('',(-0.40237257867,-0.915476000742,0.));
#2589 = ORIENTED_EDGE('',*,*,#2590,.T.);
#2590 = EDGE_CURVE('',#2583,#2591,#2593,.T.);
#2591 = VERTEX_POINT('',#2592);
#2592 = CARTESIAN_POINT('',(12.807243,7.309271,1.585));
#2593 = LINE('',#2594,#2595);
#2594 = CARTESIAN_POINT('',(12.853892,7.317017,1.585));
#2595 = VECTOR('',#2596,1.);
#2596 = DIRECTION('',(-0.986492622561,-0.163805694749,0.));
#2597 = ORIENTED_EDGE('',*,*,#2598,.T.);
#2598 = EDGE_CURVE('',#2591,#2599,#2601,.T.);
#2599 = VERTEX_POINT('',#2600);
#2600 = CARTESIAN_POINT('',(12.727897,7.314578,1.585));
#2601 = LINE('',#2602,#2603);
#2602 = CARTESIAN_POINT('',(12.807243,7.309271,1.585));
#2603 = VECTOR('',#2604,1.);
#2604 = DIRECTION('',(-0.997770723344,6.673517541886E-02,0.));
#2605 = ORIENTED_EDGE('',*,*,#2606,.T.);
#2606 = EDGE_CURVE('',#2599,#2607,#2609,.T.);
#2607 = VERTEX_POINT('',#2608);
#2608 = CARTESIAN_POINT('',(12.739858,7.404783,1.585));
#2609 = LINE('',#2610,#2611);
#2610 = CARTESIAN_POINT('',(12.727897,7.314578,1.585));
#2611 = VECTOR('',#2612,1.);
#2612 = DIRECTION('',(0.131447437474,0.991323141655,0.));
#2613 = ORIENTED_EDGE('',*,*,#2614,.T.);
#2614 = EDGE_CURVE('',#2607,#2615,#2617,.T.);
#2615 = VERTEX_POINT('',#2616);
#2616 = CARTESIAN_POINT('',(12.883049,8.129196,1.585));
#2617 = LINE('',#2618,#2619);
#2618 = CARTESIAN_POINT('',(12.739858,7.404783,1.585));
#2619 = VECTOR('',#2620,1.);
#2620 = DIRECTION('',(0.193912940064,0.981018741756,0.));
#2621 = ORIENTED_EDGE('',*,*,#2622,.T.);
#2622 = EDGE_CURVE('',#2615,#2623,#2625,.T.);
#2623 = VERTEX_POINT('',#2624);
#2624 = CARTESIAN_POINT('',(12.991887,8.125207,1.585));
#2625 = LINE('',#2626,#2627);
#2626 = CARTESIAN_POINT('',(12.883049,8.129196,1.585));
#2627 = VECTOR('',#2628,1.);
#2628 = DIRECTION('',(0.999329035248,-3.66262107132E-02,0.));
#2629 = ORIENTED_EDGE('',*,*,#2630,.T.);
#2630 = EDGE_CURVE('',#2623,#2631,#2633,.T.);
#2631 = VERTEX_POINT('',#2632);
#2632 = CARTESIAN_POINT('',(12.998335,8.115954,1.585));
#2633 = LINE('',#2634,#2635);
#2634 = CARTESIAN_POINT('',(12.991887,8.125207,1.585));
#2635 = VECTOR('',#2636,1.);
#2636 = DIRECTION('',(0.571729365055,-0.820442278978,0.));
#2637 = ORIENTED_EDGE('',*,*,#2638,.T.);
#2638 = EDGE_CURVE('',#2631,#2639,#2641,.T.);
#2639 = VERTEX_POINT('',#2640);
#2640 = CARTESIAN_POINT('',(12.990327,8.023996,1.585));
#2641 = LINE('',#2642,#2643);
#2642 = CARTESIAN_POINT('',(12.998335,8.115954,1.585));
#2643 = VECTOR('',#2644,1.);
#2644 = DIRECTION('',(-8.675490249875E-02,-0.996229685812,0.));
#2645 = ORIENTED_EDGE('',*,*,#2646,.T.);
#2646 = EDGE_CURVE('',#2639,#2647,#2649,.T.);
#2647 = VERTEX_POINT('',#2648);
#2648 = CARTESIAN_POINT('',(12.981991,7.982349,1.585));
#2649 = LINE('',#2650,#2651);
#2650 = CARTESIAN_POINT('',(12.990327,8.023996,1.585));
#2651 = VECTOR('',#2652,1.);
#2652 = DIRECTION('',(-0.196265548812,-0.980550781117,0.));
#2653 = ORIENTED_EDGE('',*,*,#2654,.T.);
#2654 = EDGE_CURVE('',#2647,#2655,#2657,.T.);
#2655 = VERTEX_POINT('',#2656);
#2656 = CARTESIAN_POINT('',(13.017691,8.029292,1.585));
#2657 = LINE('',#2658,#2659);
#2658 = CARTESIAN_POINT('',(12.981991,7.982349,1.585));
#2659 = VECTOR('',#2660,1.);
#2660 = DIRECTION('',(0.605333882185,0.795971664746,0.));
#2661 = ORIENTED_EDGE('',*,*,#2662,.T.);
#2662 = EDGE_CURVE('',#2655,#2663,#2665,.T.);
#2663 = VERTEX_POINT('',#2664);
#2664 = CARTESIAN_POINT('',(13.062064,8.075989,1.585));
#2665 = LINE('',#2666,#2667);
#2666 = CARTESIAN_POINT('',(13.017691,8.029292,1.585));
#2667 = VECTOR('',#2668,1.);
#2668 = DIRECTION('',(0.688837989411,0.724915322189,0.));
#2669 = ORIENTED_EDGE('',*,*,#2670,.T.);
#2670 = EDGE_CURVE('',#2663,#2468,#2671,.T.);
#2671 = LINE('',#2672,#2673);
#2672 = CARTESIAN_POINT('',(13.062064,8.075989,1.585));
#2673 = VECTOR('',#2674,1.);
#2674 = DIRECTION('',(0.817516841947,0.575904691015,0.));
#2675 = PLANE('',#2676);
#2676 = AXIS2_PLACEMENT_3D('',#2677,#2678,#2679);
#2677 = CARTESIAN_POINT('',(0.,0.,1.585));
#2678 = DIRECTION('',(0.,0.,1.));
#2679 = DIRECTION('',(1.,0.,-0.));
#2680 = SHELL_BASED_SURFACE_MODEL('',(#2681));
#2681 = OPEN_SHELL('',(#2682));
#2682 = ADVANCED_FACE('',(#2683,#2863),#3002,.T.);
#2683 = FACE_BOUND('',#2684,.F.);
#2684 = EDGE_LOOP('',(#2685,#2695,#2703,#2711,#2719,#2727,#2735,#2743,
    #2751,#2759,#2767,#2775,#2784,#2792,#2800,#2808,#2817,#2825,#2833,
    #2841,#2849,#2857));
#2685 = ORIENTED_EDGE('',*,*,#2686,.T.);
#2686 = EDGE_CURVE('',#2687,#2689,#2691,.T.);
#2687 = VERTEX_POINT('',#2688);
#2688 = CARTESIAN_POINT('',(4.033441,8.408751,1.585));
#2689 = VERTEX_POINT('',#2690);
#2690 = CARTESIAN_POINT('',(4.052612,8.419234,1.585));
#2691 = LINE('',#2692,#2693);
#2692 = CARTESIAN_POINT('',(4.033441,8.408751,1.585));
#2693 = VECTOR('',#2694,1.);
#2694 = DIRECTION('',(0.877393114554,0.479772156897,0.));
#2695 = ORIENTED_EDGE('',*,*,#2696,.T.);
#2696 = EDGE_CURVE('',#2689,#2697,#2699,.T.);
#2697 = VERTEX_POINT('',#2698);
#2698 = CARTESIAN_POINT('',(4.123259,8.429433,1.585));
#2699 = LINE('',#2700,#2701);
#2700 = CARTESIAN_POINT('',(4.052612,8.419234,1.585));
#2701 = VECTOR('',#2702,1.);
#2702 = DIRECTION('',(0.989739388461,0.142884369087,0.));
#2703 = ORIENTED_EDGE('',*,*,#2704,.T.);
#2704 = EDGE_CURVE('',#2697,#2705,#2707,.T.);
#2705 = VERTEX_POINT('',#2706);
#2706 = CARTESIAN_POINT('',(4.254736,8.428975,1.585));
#2707 = LINE('',#2708,#2709);
#2708 = CARTESIAN_POINT('',(4.123259,8.429433,1.585));
#2709 = VECTOR('',#2710,1.);
#2710 = DIRECTION('',(0.999993932673,-3.483477879508E-03,0.));
#2711 = ORIENTED_EDGE('',*,*,#2712,.T.);
#2712 = EDGE_CURVE('',#2705,#2713,#2715,.T.);
#2713 = VERTEX_POINT('',#2714);
#2714 = CARTESIAN_POINT('',(4.450762,8.418473,1.585));
#2715 = LINE('',#2716,#2717);
#2716 = CARTESIAN_POINT('',(4.254736,8.428975,1.585));
#2717 = VECTOR('',#2718,1.);
#2718 = DIRECTION('',(0.998567967053,-5.349780534207E-02,0.));
#2719 = ORIENTED_EDGE('',*,*,#2720,.T.);
#2720 = EDGE_CURVE('',#2713,#2721,#2723,.T.);
#2721 = VERTEX_POINT('',#2722);
#2722 = CARTESIAN_POINT('',(4.53113,8.400832,1.585));
#2723 = LINE('',#2724,#2725);
#2724 = CARTESIAN_POINT('',(4.450762,8.418473,1.585));
#2725 = VECTOR('',#2726,1.);
#2726 = DIRECTION('',(0.976746267539,-0.214398528092,0.));
#2727 = ORIENTED_EDGE('',*,*,#2728,.T.);
#2728 = EDGE_CURVE('',#2721,#2729,#2731,.T.);
#2729 = VERTEX_POINT('',#2730);
#2730 = CARTESIAN_POINT('',(4.611129,8.366095,1.585));
#2731 = LINE('',#2732,#2733);
#2732 = CARTESIAN_POINT('',(4.53113,8.400832,1.585));
#2733 = VECTOR('',#2734,1.);
#2734 = DIRECTION('',(0.917259349531,-0.398290453939,0.));
#2735 = ORIENTED_EDGE('',*,*,#2736,.T.);
#2736 = EDGE_CURVE('',#2729,#2737,#2739,.T.);
#2737 = VERTEX_POINT('',#2738);
#2738 = CARTESIAN_POINT('',(4.675283,8.318327,1.585));
#2739 = LINE('',#2740,#2741);
#2740 = CARTESIAN_POINT('',(4.611129,8.366095,1.585));
#2741 = VECTOR('',#2742,1.);
#2742 = DIRECTION('',(0.802080572348,-0.59721583658,0.));
#2743 = ORIENTED_EDGE('',*,*,#2744,.T.);
#2744 = EDGE_CURVE('',#2737,#2745,#2747,.T.);
#2745 = VERTEX_POINT('',#2746);
#2746 = CARTESIAN_POINT('',(4.725655,8.255818,1.585));
#2747 = LINE('',#2748,#2749);
#2748 = CARTESIAN_POINT('',(4.675283,8.318327,1.585));
#2749 = VECTOR('',#2750,1.);
#2750 = DIRECTION('',(0.627461940251,-0.77864723305,0.));
#2751 = ORIENTED_EDGE('',*,*,#2752,.T.);
#2752 = EDGE_CURVE('',#2745,#2753,#2755,.T.);
#2753 = VERTEX_POINT('',#2754);
#2754 = CARTESIAN_POINT('',(4.768364,8.170584,1.585));
#2755 = LINE('',#2756,#2757);
#2756 = CARTESIAN_POINT('',(4.725655,8.255818,1.585));
#2757 = VECTOR('',#2758,1.);
#2758 = DIRECTION('',(0.447985437816,-0.894040853376,0.));
#2759 = ORIENTED_EDGE('',*,*,#2760,.T.);
#2760 = EDGE_CURVE('',#2753,#2761,#2763,.T.);
#2761 = VERTEX_POINT('',#2762);
#2762 = CARTESIAN_POINT('',(4.778263,8.118516,1.585));
#2763 = LINE('',#2764,#2765);
#2764 = CARTESIAN_POINT('',(4.768364,8.170584,1.585));
#2765 = VECTOR('',#2766,1.);
#2766 = DIRECTION('',(0.18677136331,-0.982403408915,0.));
#2767 = ORIENTED_EDGE('',*,*,#2768,.T.);
#2768 = EDGE_CURVE('',#2761,#2769,#2771,.T.);
#2769 = VERTEX_POINT('',#2770);
#2770 = CARTESIAN_POINT('',(4.776098,7.89646,1.585));
#2771 = LINE('',#2772,#2773);
#2772 = CARTESIAN_POINT('',(4.778263,8.118516,1.585));
#2773 = VECTOR('',#2774,1.);
#2774 = DIRECTION('',(-9.749329477933E-03,-0.999952474158,0.));
#2775 = ORIENTED_EDGE('',*,*,#2776,.T.);
#2776 = EDGE_CURVE('',#2769,#2777,#2779,.T.);
#2777 = VERTEX_POINT('',#2778);
#2778 = CARTESIAN_POINT('',(4.583754,7.487053,1.585));
#2779 = CIRCLE('',#2780,0.712932914438);
#2780 = AXIS2_PLACEMENT_3D('',#2781,#2782,#2783);
#2781 = CARTESIAN_POINT('',(4.067988615507,7.979251545964,1.585));
#2782 = DIRECTION('',(0.,0.,-1.));
#2783 = DIRECTION('',(0.993234244277,-0.116128101659,0.));
#2784 = ORIENTED_EDGE('',*,*,#2785,.T.);
#2785 = EDGE_CURVE('',#2777,#2786,#2788,.T.);
#2786 = VERTEX_POINT('',#2787);
#2787 = CARTESIAN_POINT('',(4.499099,7.41681,1.585));
#2788 = LINE('',#2789,#2790);
#2789 = CARTESIAN_POINT('',(4.583754,7.487053,1.585));
#2790 = VECTOR('',#2791,1.);
#2791 = DIRECTION('',(-0.76957348023,-0.638558265569,0.));
#2792 = ORIENTED_EDGE('',*,*,#2793,.T.);
#2793 = EDGE_CURVE('',#2786,#2794,#2796,.T.);
#2794 = VERTEX_POINT('',#2795);
#2795 = CARTESIAN_POINT('',(4.4018,7.363169,1.585));
#2796 = LINE('',#2797,#2798);
#2797 = CARTESIAN_POINT('',(4.499099,7.41681,1.585));
#2798 = VECTOR('',#2799,1.);
#2799 = DIRECTION('',(-0.87573450983,-0.482792986997,0.));
#2800 = ORIENTED_EDGE('',*,*,#2801,.T.);
#2801 = EDGE_CURVE('',#2794,#2802,#2804,.T.);
#2802 = VERTEX_POINT('',#2803);
#2803 = CARTESIAN_POINT('',(4.318807,7.333638,1.585));
#2804 = LINE('',#2805,#2806);
#2805 = CARTESIAN_POINT('',(4.4018,7.363169,1.585));
#2806 = VECTOR('',#2807,1.);
#2807 = DIRECTION('',(-0.942134477834,-0.335235179653,0.));
#2808 = ORIENTED_EDGE('',*,*,#2809,.T.);
#2809 = EDGE_CURVE('',#2802,#2810,#2812,.T.);
#2810 = VERTEX_POINT('',#2811);
#2811 = CARTESIAN_POINT('',(3.840792,7.315514,1.585));
#2812 = CIRCLE('',#2813,1.886812567245);
#2813 = AXIS2_PLACEMENT_3D('',#2814,#2815,#2816);
#2814 = CARTESIAN_POINT('',(4.008888816944,9.194823746702,1.585));
#2815 = DIRECTION('',(0.,0.,-1.));
#2816 = DIRECTION('',(0.164254885958,-0.986417929905,0.));
#2817 = ORIENTED_EDGE('',*,*,#2818,.T.);
#2818 = EDGE_CURVE('',#2810,#2819,#2821,.T.);
#2819 = VERTEX_POINT('',#2820);
#2820 = CARTESIAN_POINT('',(3.818396,7.331848,1.585));
#2821 = LINE('',#2822,#2823);
#2822 = CARTESIAN_POINT('',(3.840792,7.315514,1.585));
#2823 = VECTOR('',#2824,1.);
#2824 = DIRECTION('',(-0.807945985921,0.589256551796,0.));
#2825 = ORIENTED_EDGE('',*,*,#2826,.T.);
#2826 = EDGE_CURVE('',#2819,#2827,#2829,.T.);
#2827 = VERTEX_POINT('',#2828);
#2828 = CARTESIAN_POINT('',(3.817536,7.374081,1.585));
#2829 = LINE('',#2830,#2831);
#2830 = CARTESIAN_POINT('',(3.818396,7.331848,1.585));
#2831 = VECTOR('',#2832,1.);
#2832 = DIRECTION('',(-2.035900246881E-02,0.99979273403,0.));
#2833 = ORIENTED_EDGE('',*,*,#2834,.T.);
#2834 = EDGE_CURVE('',#2827,#2835,#2837,.T.);
#2835 = VERTEX_POINT('',#2836);
#2836 = CARTESIAN_POINT('',(3.925552,7.94096,1.585));
#2837 = LINE('',#2838,#2839);
#2838 = CARTESIAN_POINT('',(3.817536,7.374081,1.585));
#2839 = VECTOR('',#2840,1.);
#2840 = DIRECTION('',(0.18717740283,0.982326127042,0.));
#2841 = ORIENTED_EDGE('',*,*,#2842,.T.);
#2842 = EDGE_CURVE('',#2835,#2843,#2845,.T.);
#2843 = VERTEX_POINT('',#2844);
#2844 = CARTESIAN_POINT('',(4.014083,8.374245,1.585));
#2845 = LINE('',#2846,#2847);
#2846 = CARTESIAN_POINT('',(3.925552,7.94096,1.585));
#2847 = VECTOR('',#2848,1.);
#2848 = DIRECTION('',(0.200189005633,0.97975729751,0.));
#2849 = ORIENTED_EDGE('',*,*,#2850,.T.);
#2850 = EDGE_CURVE('',#2843,#2851,#2853,.T.);
#2851 = VERTEX_POINT('',#2852);
#2852 = CARTESIAN_POINT('',(4.021486,8.39394,1.585));
#2853 = LINE('',#2854,#2855);
#2854 = CARTESIAN_POINT('',(4.014083,8.374245,1.585));
#2855 = VECTOR('',#2856,1.);
#2856 = DIRECTION('',(0.351847319721,0.936057404012,0.));
#2857 = ORIENTED_EDGE('',*,*,#2858,.T.);
#2858 = EDGE_CURVE('',#2851,#2687,#2859,.T.);
#2859 = LINE('',#2860,#2861);
#2860 = CARTESIAN_POINT('',(4.021486,8.39394,1.585));
#2861 = VECTOR('',#2862,1.);
#2862 = DIRECTION('',(0.62809127146,0.778139675583,0.));
#2863 = FACE_BOUND('',#2864,.F.);
#2864 = EDGE_LOOP('',(#2865,#2875,#2883,#2891,#2899,#2907,#2915,#2923,
    #2931,#2939,#2947,#2956,#2964,#2972,#2980,#2988,#2996));
#2865 = ORIENTED_EDGE('',*,*,#2866,.T.);
#2866 = EDGE_CURVE('',#2867,#2869,#2871,.T.);
#2867 = VERTEX_POINT('',#2868);
#2868 = CARTESIAN_POINT('',(4.4292,8.288856,1.585));
#2869 = VERTEX_POINT('',#2870);
#2870 = CARTESIAN_POINT('',(4.30785,8.301036,1.585));
#2871 = LINE('',#2872,#2873);
#2872 = CARTESIAN_POINT('',(4.4292,8.288856,1.585));
#2873 = VECTOR('',#2874,1.);
#2874 = DIRECTION('',(-0.995000591042,9.986903336545E-02,0.));
#2875 = ORIENTED_EDGE('',*,*,#2876,.T.);
#2876 = EDGE_CURVE('',#2869,#2877,#2879,.T.);
#2877 = VERTEX_POINT('',#2878);
#2878 = CARTESIAN_POINT('',(4.150912,8.306739,1.585));
#2879 = LINE('',#2880,#2881);
#2880 = CARTESIAN_POINT('',(4.30785,8.301036,1.585));
#2881 = VECTOR('',#2882,1.);
#2882 = DIRECTION('',(-0.999340384802,3.631522139013E-02,0.));
#2883 = ORIENTED_EDGE('',*,*,#2884,.T.);
#2884 = EDGE_CURVE('',#2877,#2885,#2887,.T.);
#2885 = VERTEX_POINT('',#2886);
#2886 = CARTESIAN_POINT('',(3.980338,7.44905,1.585));
#2887 = LINE('',#2888,#2889);
#2888 = CARTESIAN_POINT('',(4.150912,8.306739,1.585));
#2889 = VECTOR('',#2890,1.);
#2890 = DIRECTION('',(-0.195056277307,-0.980792051703,0.));
#2891 = ORIENTED_EDGE('',*,*,#2892,.T.);
#2892 = EDGE_CURVE('',#2885,#2893,#2895,.T.);
#2893 = VERTEX_POINT('',#2894);
#2894 = CARTESIAN_POINT('',(3.990148,7.442427,1.585));
#2895 = LINE('',#2896,#2897);
#2896 = CARTESIAN_POINT('',(3.980338,7.44905,1.585));
#2897 = VECTOR('',#2898,1.);
#2898 = DIRECTION('',(0.828799699237,-0.55954540347,0.));
#2899 = ORIENTED_EDGE('',*,*,#2900,.T.);
#2900 = EDGE_CURVE('',#2893,#2901,#2903,.T.);
#2901 = VERTEX_POINT('',#2902);
#2902 = CARTESIAN_POINT('',(4.102174,7.435444,1.585));
#2903 = LINE('',#2904,#2905);
#2904 = CARTESIAN_POINT('',(3.990148,7.442427,1.585));
#2905 = VECTOR('',#2906,1.);
#2906 = DIRECTION('',(0.998062895317,-6.221299696498E-02,0.));
#2907 = ORIENTED_EDGE('',*,*,#2908,.T.);
#2908 = EDGE_CURVE('',#2901,#2909,#2911,.T.);
#2909 = VERTEX_POINT('',#2910);
#2910 = CARTESIAN_POINT('',(4.229254,7.445927,1.585));
#2911 = LINE('',#2912,#2913);
#2912 = CARTESIAN_POINT('',(4.102174,7.435444,1.585));
#2913 = VECTOR('',#2914,1.);
#2914 = DIRECTION('',(0.996614855793,8.221209893989E-02,0.));
#2915 = ORIENTED_EDGE('',*,*,#2916,.T.);
#2916 = EDGE_CURVE('',#2909,#2917,#2919,.T.);
#2917 = VERTEX_POINT('',#2918);
#2918 = CARTESIAN_POINT('',(4.310933,7.468159,1.585));
#2919 = LINE('',#2920,#2921);
#2920 = CARTESIAN_POINT('',(4.229254,7.445927,1.585));
#2921 = VECTOR('',#2922,1.);
#2922 = DIRECTION('',(0.964895917161,0.262632574228,0.));
#2923 = ORIENTED_EDGE('',*,*,#2924,.T.);
#2924 = EDGE_CURVE('',#2917,#2925,#2927,.T.);
#2925 = VERTEX_POINT('',#2926);
#2926 = CARTESIAN_POINT('',(4.387793,7.505786,1.585));
#2927 = LINE('',#2928,#2929);
#2928 = CARTESIAN_POINT('',(4.310933,7.468159,1.585));
#2929 = VECTOR('',#2930,1.);
#2930 = DIRECTION('',(0.898149077946,0.439691066301,0.));
#2931 = ORIENTED_EDGE('',*,*,#2932,.T.);
#2932 = EDGE_CURVE('',#2925,#2933,#2935,.T.);
#2933 = VERTEX_POINT('',#2934);
#2934 = CARTESIAN_POINT('',(4.472156,7.574546,1.585));
#2935 = LINE('',#2936,#2937);
#2936 = CARTESIAN_POINT('',(4.387793,7.505786,1.585));
#2937 = VECTOR('',#2938,1.);
#2938 = DIRECTION('',(0.775145989173,0.631782158239,0.));
#2939 = ORIENTED_EDGE('',*,*,#2940,.T.);
#2940 = EDGE_CURVE('',#2933,#2941,#2943,.T.);
#2941 = VERTEX_POINT('',#2942);
#2942 = CARTESIAN_POINT('',(4.524092,7.643617,1.585));
#2943 = LINE('',#2944,#2945);
#2944 = CARTESIAN_POINT('',(4.472156,7.574546,1.585));
#2945 = VECTOR('',#2946,1.);
#2946 = DIRECTION('',(0.60098267016,0.799262053501,0.));
#2947 = ORIENTED_EDGE('',*,*,#2948,.T.);
#2948 = EDGE_CURVE('',#2941,#2949,#2951,.T.);
#2949 = VERTEX_POINT('',#2950);
#2950 = CARTESIAN_POINT('',(4.617418,7.893511,1.585));
#2951 = CIRCLE('',#2952,0.677063377444);
#2952 = AXIS2_PLACEMENT_3D('',#2953,#2954,#2955);
#2953 = CARTESIAN_POINT('',(3.948909289286,8.000799959239,1.585));
#2954 = DIRECTION('',(0.,0.,1.));
#2955 = DIRECTION('',(0.849525657237,-0.527547303751,0.));
#2956 = ORIENTED_EDGE('',*,*,#2957,.T.);
#2957 = EDGE_CURVE('',#2949,#2958,#2960,.T.);
#2958 = VERTEX_POINT('',#2959);
#2959 = CARTESIAN_POINT('',(4.625875,7.979228,1.585));
#2960 = LINE('',#2961,#2962);
#2961 = CARTESIAN_POINT('',(4.617418,7.893511,1.585));
#2962 = VECTOR('',#2963,1.);
#2963 = DIRECTION('',(9.818515771262E-02,0.995168164083,0.));
#2964 = ORIENTED_EDGE('',*,*,#2965,.T.);
#2965 = EDGE_CURVE('',#2958,#2966,#2968,.T.);
#2966 = VERTEX_POINT('',#2967);
#2967 = CARTESIAN_POINT('',(4.622096,8.060251,1.585));
#2968 = LINE('',#2969,#2970);
#2969 = CARTESIAN_POINT('',(4.625875,7.979228,1.585));
#2970 = VECTOR('',#2971,1.);
#2971 = DIRECTION('',(-4.659042857698E-02,0.998914076367,0.));
#2972 = ORIENTED_EDGE('',*,*,#2973,.T.);
#2973 = EDGE_CURVE('',#2966,#2974,#2976,.T.);
#2974 = VERTEX_POINT('',#2975);
#2975 = CARTESIAN_POINT('',(4.605532,8.133037,1.585));
#2976 = LINE('',#2977,#2978);
#2977 = CARTESIAN_POINT('',(4.622096,8.060251,1.585));
#2978 = VECTOR('',#2979,1.);
#2979 = DIRECTION('',(-0.221897865736,0.975069913997,0.));
#2980 = ORIENTED_EDGE('',*,*,#2981,.T.);
#2981 = EDGE_CURVE('',#2974,#2982,#2984,.T.);
#2982 = VERTEX_POINT('',#2983);
#2983 = CARTESIAN_POINT('',(4.569184,8.202996,1.585));
#2984 = LINE('',#2985,#2986);
#2985 = CARTESIAN_POINT('',(4.605532,8.133037,1.585));
#2986 = VECTOR('',#2987,1.);
#2987 = DIRECTION('',(-0.461046386591,0.887376036082,0.));
#2988 = ORIENTED_EDGE('',*,*,#2989,.T.);
#2989 = EDGE_CURVE('',#2982,#2990,#2992,.T.);
#2990 = VERTEX_POINT('',#2991);
#2991 = CARTESIAN_POINT('',(4.508769,8.253063,1.585));
#2992 = LINE('',#2993,#2994);
#2993 = CARTESIAN_POINT('',(4.569184,8.202996,1.585));
#2994 = VECTOR('',#2995,1.);
#2995 = DIRECTION('',(-0.769966101019,0.638084793176,0.));
#2996 = ORIENTED_EDGE('',*,*,#2997,.T.);
#2997 = EDGE_CURVE('',#2990,#2867,#2998,.T.);
#2998 = LINE('',#2999,#3000);
#2999 = CARTESIAN_POINT('',(4.508769,8.253063,1.585));
#3000 = VECTOR('',#3001,1.);
#3001 = DIRECTION('',(-0.911977469636,0.410240289192,0.));
#3002 = PLANE('',#3003);
#3003 = AXIS2_PLACEMENT_3D('',#3004,#3005,#3006);
#3004 = CARTESIAN_POINT('',(0.,0.,1.585));
#3005 = DIRECTION('',(0.,0.,1.));
#3006 = DIRECTION('',(1.,0.,-0.));
#3007 = SHELL_BASED_SURFACE_MODEL('',(#3008));
#3008 = OPEN_SHELL('',(#3009));
#3009 = ADVANCED_FACE('',(#3010,#3232,#3339),#3446,.T.);
#3010 = FACE_BOUND('',#3011,.F.);
#3011 = EDGE_LOOP('',(#3012,#3022,#3030,#3038,#3046,#3054,#3062,#3071,
    #3079,#3087,#3095,#3103,#3112,#3120,#3129,#3137,#3145,#3154,#3162,
    #3170,#3178,#3186,#3194,#3202,#3210,#3218,#3226));
#3012 = ORIENTED_EDGE('',*,*,#3013,.T.);
#3013 = EDGE_CURVE('',#3014,#3016,#3018,.T.);
#3014 = VERTEX_POINT('',#3015);
#3015 = CARTESIAN_POINT('',(5.563081,8.403013,1.585));
#3016 = VERTEX_POINT('',#3017);
#3017 = CARTESIAN_POINT('',(5.581726,8.420653,1.585));
#3018 = LINE('',#3019,#3020);
#3019 = CARTESIAN_POINT('',(5.563081,8.403013,1.585));
#3020 = VECTOR('',#3021,1.);
#3021 = DIRECTION('',(0.726413218469,0.687258201867,0.));
#3022 = ORIENTED_EDGE('',*,*,#3023,.T.);
#3023 = EDGE_CURVE('',#3016,#3024,#3026,.T.);
#3024 = VERTEX_POINT('',#3025);
#3025 = CARTESIAN_POINT('',(5.641711,8.430272,1.585));
#3026 = LINE('',#3027,#3028);
#3027 = CARTESIAN_POINT('',(5.581726,8.420653,1.585));
#3028 = VECTOR('',#3029,1.);
#3029 = DIRECTION('',(0.987385618111,0.158333954499,0.));
#3030 = ORIENTED_EDGE('',*,*,#3031,.T.);
#3031 = EDGE_CURVE('',#3024,#3032,#3034,.T.);
#3032 = VERTEX_POINT('',#3033);
#3033 = CARTESIAN_POINT('',(5.738897,8.429392,1.585));
#3034 = LINE('',#3035,#3036);
#3035 = CARTESIAN_POINT('',(5.641711,8.430272,1.585));
#3036 = VECTOR('',#3037,1.);
#3037 = DIRECTION('',(0.9999590078,-9.054430955738E-03,0.));
#3038 = ORIENTED_EDGE('',*,*,#3039,.T.);
#3039 = EDGE_CURVE('',#3032,#3040,#3042,.T.);
#3040 = VERTEX_POINT('',#3041);
#3041 = CARTESIAN_POINT('',(5.960651,8.418708,1.585));
#3042 = LINE('',#3043,#3044);
#3043 = CARTESIAN_POINT('',(5.738897,8.429392,1.585));
#3044 = VECTOR('',#3045,1.);
#3045 = DIRECTION('',(0.998841383906,-4.81236926759E-02,0.));
#3046 = ORIENTED_EDGE('',*,*,#3047,.T.);
#3047 = EDGE_CURVE('',#3040,#3048,#3050,.T.);
#3048 = VERTEX_POINT('',#3049);
#3049 = CARTESIAN_POINT('',(6.015279,8.411081,1.585));
#3050 = LINE('',#3051,#3052);
#3051 = CARTESIAN_POINT('',(5.960651,8.418708,1.585));
#3052 = VECTOR('',#3053,1.);
#3053 = DIRECTION('',(0.990393754596,-0.138275850595,0.));
#3054 = ORIENTED_EDGE('',*,*,#3055,.T.);
#3055 = EDGE_CURVE('',#3048,#3056,#3058,.T.);
#3056 = VERTEX_POINT('',#3057);
#3057 = CARTESIAN_POINT('',(6.079613,8.381705,1.585));
#3058 = LINE('',#3059,#3060);
#3059 = CARTESIAN_POINT('',(6.015279,8.411081,1.585));
#3060 = VECTOR('',#3061,1.);
#3061 = DIRECTION('',(0.909655253851,-0.415364080224,0.));
#3062 = ORIENTED_EDGE('',*,*,#3063,.T.);
#3063 = EDGE_CURVE('',#3056,#3064,#3066,.T.);
#3064 = VERTEX_POINT('',#3065);
#3065 = CARTESIAN_POINT('',(6.170265,8.222399,1.585));
#3066 = CIRCLE('',#3067,0.191217235918);
#3067 = AXIS2_PLACEMENT_3D('',#3068,#3069,#3070);
#3068 = CARTESIAN_POINT('',(5.97907708902,8.219050267773,1.585));
#3069 = DIRECTION('',(0.,0.,-1.));
#3070 = DIRECTION('',(0.525768038099,0.850627985734,0.));
#3071 = ORIENTED_EDGE('',*,*,#3072,.T.);
#3072 = EDGE_CURVE('',#3064,#3073,#3075,.T.);
#3073 = VERTEX_POINT('',#3074);
#3074 = CARTESIAN_POINT('',(6.162906,8.145865,1.585));
#3075 = LINE('',#3076,#3077);
#3076 = CARTESIAN_POINT('',(6.170265,8.222399,1.585));
#3077 = VECTOR('',#3078,1.);
#3078 = DIRECTION('',(-9.571191099209E-02,-0.995409076759,0.));
#3079 = ORIENTED_EDGE('',*,*,#3080,.T.);
#3080 = EDGE_CURVE('',#3073,#3081,#3083,.T.);
#3081 = VERTEX_POINT('',#3082);
#3082 = CARTESIAN_POINT('',(6.142012,8.075587,1.585));
#3083 = LINE('',#3084,#3085);
#3084 = CARTESIAN_POINT('',(6.162906,8.145865,1.585));
#3085 = VECTOR('',#3086,1.);
#3086 = DIRECTION('',(-0.284977041897,-0.958534342416,0.));
#3087 = ORIENTED_EDGE('',*,*,#3088,.T.);
#3088 = EDGE_CURVE('',#3081,#3089,#3091,.T.);
#3089 = VERTEX_POINT('',#3090);
#3090 = CARTESIAN_POINT('',(6.116485,8.030725,1.585));
#3091 = LINE('',#3092,#3093);
#3092 = CARTESIAN_POINT('',(6.142012,8.075587,1.585));
#3093 = VECTOR('',#3094,1.);
#3094 = DIRECTION('',(-0.494554530006,-0.869146602622,0.));
#3095 = ORIENTED_EDGE('',*,*,#3096,.T.);
#3096 = EDGE_CURVE('',#3089,#3097,#3099,.T.);
#3097 = VERTEX_POINT('',#3098);
#3098 = CARTESIAN_POINT('',(6.081653,7.986488,1.585));
#3099 = LINE('',#3100,#3101);
#3100 = CARTESIAN_POINT('',(6.116485,8.030725,1.585));
#3101 = VECTOR('',#3102,1.);
#3102 = DIRECTION('',(-0.618637758914,-0.785676347643,0.));
#3103 = ORIENTED_EDGE('',*,*,#3104,.T.);
#3104 = EDGE_CURVE('',#3097,#3105,#3107,.T.);
#3105 = VERTEX_POINT('',#3106);
#3106 = CARTESIAN_POINT('',(5.969913,7.908761,1.585));
#3107 = CIRCLE('',#3108,0.255179290268);
#3108 = AXIS2_PLACEMENT_3D('',#3109,#3110,#3111);
#3109 = CARTESIAN_POINT('',(5.885343838054,8.149519233565,1.585));
#3110 = DIRECTION('',(0.,0.,-1.));
#3111 = DIRECTION('',(0.769298957371,-0.638888968592,0.));
#3112 = ORIENTED_EDGE('',*,*,#3113,.T.);
#3113 = EDGE_CURVE('',#3105,#3114,#3116,.T.);
#3114 = VERTEX_POINT('',#3115);
#3115 = CARTESIAN_POINT('',(6.005213,7.893961,1.585));
#3116 = LINE('',#3117,#3118);
#3117 = CARTESIAN_POINT('',(5.969913,7.908761,1.585));
#3118 = VECTOR('',#3119,1.);
#3119 = DIRECTION('',(0.922224434742,-0.386655003801,0.));
#3120 = ORIENTED_EDGE('',*,*,#3121,.T.);
#3121 = EDGE_CURVE('',#3114,#3122,#3124,.T.);
#3122 = VERTEX_POINT('',#3123);
#3123 = CARTESIAN_POINT('',(6.1238,7.762954,1.585));
#3124 = CIRCLE('',#3125,0.20355318293);
#3125 = AXIS2_PLACEMENT_3D('',#3126,#3127,#3128);
#3126 = CARTESIAN_POINT('',(5.928554551212,7.705394352604,1.585));
#3127 = DIRECTION('',(0.,0.,-1.));
#3128 = DIRECTION('',(0.376601572546,0.926375331902,0.));
#3129 = ORIENTED_EDGE('',*,*,#3130,.T.);
#3130 = EDGE_CURVE('',#3122,#3131,#3133,.T.);
#3131 = VERTEX_POINT('',#3132);
#3132 = CARTESIAN_POINT('',(6.134542,7.702974,1.585));
#3133 = LINE('',#3134,#3135);
#3134 = CARTESIAN_POINT('',(6.1238,7.762954,1.585));
#3135 = VECTOR('',#3136,1.);
#3136 = DIRECTION('',(0.176288183145,-0.984338598493,0.));
#3137 = ORIENTED_EDGE('',*,*,#3138,.T.);
#3138 = EDGE_CURVE('',#3131,#3139,#3141,.T.);
#3139 = VERTEX_POINT('',#3140);
#3140 = CARTESIAN_POINT('',(6.131647,7.639364,1.585));
#3141 = LINE('',#3142,#3143);
#3142 = CARTESIAN_POINT('',(6.134542,7.702974,1.585));
#3143 = VECTOR('',#3144,1.);
#3144 = DIRECTION('',(-4.546465052474E-02,-0.998965948145,0.));
#3145 = ORIENTED_EDGE('',*,*,#3146,.T.);
#3146 = EDGE_CURVE('',#3139,#3147,#3149,.T.);
#3147 = VERTEX_POINT('',#3148);
#3148 = CARTESIAN_POINT('',(6.045675,7.453913,1.585));
#3149 = CIRCLE('',#3150,0.370025502253);
#3150 = AXIS2_PLACEMENT_3D('',#3151,#3152,#3153);
#3151 = CARTESIAN_POINT('',(5.766014441094,7.696212079879,1.585));
#3152 = DIRECTION('',(0.,0.,-1.));
#3153 = DIRECTION('',(0.988127998419,-0.153632869987,0.));
#3154 = ORIENTED_EDGE('',*,*,#3155,.T.);
#3155 = EDGE_CURVE('',#3147,#3156,#3158,.T.);
#3156 = VERTEX_POINT('',#3157);
#3157 = CARTESIAN_POINT('',(5.992768,7.40294,1.585));
#3158 = LINE('',#3159,#3160);
#3159 = CARTESIAN_POINT('',(6.045675,7.453913,1.585));
#3160 = VECTOR('',#3161,1.);
#3161 = DIRECTION('',(-0.720146641173,-0.693821890118,0.));
#3162 = ORIENTED_EDGE('',*,*,#3163,.T.);
#3163 = EDGE_CURVE('',#3156,#3164,#3166,.T.);
#3164 = VERTEX_POINT('',#3165);
#3165 = CARTESIAN_POINT('',(5.915263,7.355575,1.585));
#3166 = LINE('',#3167,#3168);
#3167 = CARTESIAN_POINT('',(5.992768,7.40294,1.585));
#3168 = VECTOR('',#3169,1.);
#3169 = DIRECTION('',(-0.853277751516,-0.521456689253,0.));
#3170 = ORIENTED_EDGE('',*,*,#3171,.T.);
#3171 = EDGE_CURVE('',#3164,#3172,#3174,.T.);
#3172 = VERTEX_POINT('',#3173);
#3173 = CARTESIAN_POINT('',(5.823387,7.326222,1.585));
#3174 = LINE('',#3175,#3176);
#3175 = CARTESIAN_POINT('',(5.915263,7.355575,1.585));
#3176 = VECTOR('',#3177,1.);
#3177 = DIRECTION('',(-0.952566455921,-0.304330654149,0.));
#3178 = ORIENTED_EDGE('',*,*,#3179,.T.);
#3179 = EDGE_CURVE('',#3172,#3180,#3182,.T.);
#3180 = VERTEX_POINT('',#3181);
#3181 = CARTESIAN_POINT('',(5.696207,7.311675,1.585));
#3182 = LINE('',#3183,#3184);
#3183 = CARTESIAN_POINT('',(5.823387,7.326222,1.585));
#3184 = VECTOR('',#3185,1.);
#3185 = DIRECTION('',(-0.993521966962,-0.113640226871,0.));
#3186 = ORIENTED_EDGE('',*,*,#3187,.T.);
#3187 = EDGE_CURVE('',#3180,#3188,#3190,.T.);
#3188 = VERTEX_POINT('',#3189);
#3189 = CARTESIAN_POINT('',(5.429326,7.309744,1.585));
#3190 = LINE('',#3191,#3192);
#3191 = CARTESIAN_POINT('',(5.696207,7.311675,1.585));
#3192 = VECTOR('',#3193,1.);
#3193 = DIRECTION('',(-0.999973825271,-7.235245133969E-03,0.));
#3194 = ORIENTED_EDGE('',*,*,#3195,.T.);
#3195 = EDGE_CURVE('',#3188,#3196,#3198,.T.);
#3196 = VERTEX_POINT('',#3197);
#3197 = CARTESIAN_POINT('',(5.372434,7.315385,1.585));
#3198 = LINE('',#3199,#3200);
#3199 = CARTESIAN_POINT('',(5.429326,7.309744,1.585));
#3200 = VECTOR('',#3201,1.);
#3201 = DIRECTION('',(-0.995120313854,9.866894625693E-02,0.));
#3202 = ORIENTED_EDGE('',*,*,#3203,.T.);
#3203 = EDGE_CURVE('',#3196,#3204,#3206,.T.);
#3204 = VERTEX_POINT('',#3205);
#3205 = CARTESIAN_POINT('',(5.35277,7.324958,1.585));
#3206 = LINE('',#3207,#3208);
#3207 = CARTESIAN_POINT('',(5.372434,7.315385,1.585));
#3208 = VECTOR('',#3209,1.);
#3209 = DIRECTION('',(-0.899114006273,0.43771452309,0.));
#3210 = ORIENTED_EDGE('',*,*,#3211,.T.);
#3211 = EDGE_CURVE('',#3204,#3212,#3214,.T.);
#3212 = VERTEX_POINT('',#3213);
#3213 = CARTESIAN_POINT('',(5.341117,7.34939,1.585));
#3214 = LINE('',#3215,#3216);
#3215 = CARTESIAN_POINT('',(5.35277,7.324958,1.585));
#3216 = VECTOR('',#3217,1.);
#3217 = DIRECTION('',(-0.430497065548,0.902591976784,0.));
#3218 = ORIENTED_EDGE('',*,*,#3219,.T.);
#3219 = EDGE_CURVE('',#3212,#3220,#3222,.T.);
#3220 = VERTEX_POINT('',#3221);
#3221 = CARTESIAN_POINT('',(5.532461,8.301902,1.585));
#3222 = LINE('',#3223,#3224);
#3223 = CARTESIAN_POINT('',(5.341117,7.34939,1.585));
#3224 = VECTOR('',#3225,1.);
#3225 = DIRECTION('',(0.196948999783,0.980413734851,0.));
#3226 = ORIENTED_EDGE('',*,*,#3227,.T.);
#3227 = EDGE_CURVE('',#3220,#3014,#3228,.T.);
#3228 = LINE('',#3229,#3230);
#3229 = CARTESIAN_POINT('',(5.532461,8.301902,1.585));
#3230 = VECTOR('',#3231,1.);
#3231 = DIRECTION('',(0.289836627766,0.957076135532,0.));
#3232 = FACE_BOUND('',#3233,.F.);
#3233 = EDGE_LOOP('',(#3234,#3244,#3252,#3260,#3268,#3276,#3284,#3292,
    #3300,#3308,#3316,#3325,#3333));
#3234 = ORIENTED_EDGE('',*,*,#3235,.T.);
#3235 = EDGE_CURVE('',#3236,#3238,#3240,.T.);
#3236 = VERTEX_POINT('',#3237);
#3237 = CARTESIAN_POINT('',(5.820705,7.821374,1.585));
#3238 = VERTEX_POINT('',#3239);
#3239 = CARTESIAN_POINT('',(5.698395,7.827319,1.585));
#3240 = LINE('',#3241,#3242);
#3241 = CARTESIAN_POINT('',(5.820705,7.821374,1.585));
#3242 = VECTOR('',#3243,1.);
#3243 = DIRECTION('',(-0.998820817318,4.854868578985E-02,0.));
#3244 = ORIENTED_EDGE('',*,*,#3245,.T.);
#3245 = EDGE_CURVE('',#3238,#3246,#3248,.T.);
#3246 = VERTEX_POINT('',#3247);
#3247 = CARTESIAN_POINT('',(5.582796,7.827319,1.585));
#3248 = LINE('',#3249,#3250);
#3249 = CARTESIAN_POINT('',(5.698395,7.827319,1.585));
#3250 = VECTOR('',#3251,1.);
#3251 = DIRECTION('',(-1.,0.,0.));
#3252 = ORIENTED_EDGE('',*,*,#3253,.T.);
#3253 = EDGE_CURVE('',#3246,#3254,#3256,.T.);
#3254 = VERTEX_POINT('',#3255);
#3255 = CARTESIAN_POINT('',(5.502787,7.433314,1.585));
#3256 = LINE('',#3257,#3258);
#3257 = CARTESIAN_POINT('',(5.582796,7.827319,1.585));
#3258 = VECTOR('',#3259,1.);
#3259 = DIRECTION('',(-0.199004348984,-0.979998606675,0.));
#3260 = ORIENTED_EDGE('',*,*,#3261,.T.);
#3261 = EDGE_CURVE('',#3254,#3262,#3264,.T.);
#3262 = VERTEX_POINT('',#3263);
#3263 = CARTESIAN_POINT('',(5.64984,7.43701,1.585));
#3264 = LINE('',#3265,#3266);
#3265 = CARTESIAN_POINT('',(5.502787,7.433314,1.585));
#3266 = VECTOR('',#3267,1.);
#3267 = DIRECTION('',(0.999684295734,2.512586045189E-02,0.));
#3268 = ORIENTED_EDGE('',*,*,#3269,.T.);
#3269 = EDGE_CURVE('',#3262,#3270,#3272,.T.);
#3270 = VERTEX_POINT('',#3271);
#3271 = CARTESIAN_POINT('',(5.788929,7.445749,1.585));
#3272 = LINE('',#3273,#3274);
#3273 = CARTESIAN_POINT('',(5.64984,7.43701,1.585));
#3274 = VECTOR('',#3275,1.);
#3275 = DIRECTION('',(0.998032003125,6.270662435785E-02,0.));
#3276 = ORIENTED_EDGE('',*,*,#3277,.T.);
#3277 = EDGE_CURVE('',#3270,#3278,#3280,.T.);
#3278 = VERTEX_POINT('',#3279);
#3279 = CARTESIAN_POINT('',(5.847494,7.465622,1.585));
#3280 = LINE('',#3281,#3282);
#3281 = CARTESIAN_POINT('',(5.788929,7.445749,1.585));
#3282 = VECTOR('',#3283,1.);
#3283 = DIRECTION('',(0.946965258062,0.321335961299,0.));
#3284 = ORIENTED_EDGE('',*,*,#3285,.T.);
#3285 = EDGE_CURVE('',#3278,#3286,#3288,.T.);
#3286 = VERTEX_POINT('',#3287);
#3287 = CARTESIAN_POINT('',(5.90389,7.504425,1.585));
#3288 = LINE('',#3289,#3290);
#3289 = CARTESIAN_POINT('',(5.847494,7.465622,1.585));
#3290 = VECTOR('',#3291,1.);
#3291 = DIRECTION('',(0.823832163667,0.566833808191,0.));
#3292 = ORIENTED_EDGE('',*,*,#3293,.T.);
#3293 = EDGE_CURVE('',#3286,#3294,#3296,.T.);
#3294 = VERTEX_POINT('',#3295);
#3295 = CARTESIAN_POINT('',(5.944643,7.557473,1.585));
#3296 = LINE('',#3297,#3298);
#3297 = CARTESIAN_POINT('',(5.90389,7.504425,1.585));
#3298 = VECTOR('',#3299,1.);
#3299 = DIRECTION('',(0.60921143647,0.793007834561,0.));
#3300 = ORIENTED_EDGE('',*,*,#3301,.T.);
#3301 = EDGE_CURVE('',#3294,#3302,#3304,.T.);
#3302 = VERTEX_POINT('',#3303);
#3303 = CARTESIAN_POINT('',(5.967431,7.615902,1.585));
#3304 = LINE('',#3305,#3306);
#3305 = CARTESIAN_POINT('',(5.944643,7.557473,1.585));
#3306 = VECTOR('',#3307,1.);
#3307 = DIRECTION('',(0.363354826039,0.931650830727,0.));
#3308 = ORIENTED_EDGE('',*,*,#3309,.T.);
#3309 = EDGE_CURVE('',#3302,#3310,#3312,.T.);
#3310 = VERTEX_POINT('',#3311);
#3311 = CARTESIAN_POINT('',(5.976113,7.679259,1.585));
#3312 = LINE('',#3313,#3314);
#3313 = CARTESIAN_POINT('',(5.967431,7.615902,1.585));
#3314 = VECTOR('',#3315,1.);
#3315 = DIRECTION('',(0.13576423856,0.990741172824,0.));
#3316 = ORIENTED_EDGE('',*,*,#3317,.T.);
#3317 = EDGE_CURVE('',#3310,#3318,#3320,.T.);
#3318 = VERTEX_POINT('',#3319);
#3319 = CARTESIAN_POINT('',(5.909898,7.795693,1.585));
#3320 = CIRCLE('',#3321,0.129000641832);
#3321 = AXIS2_PLACEMENT_3D('',#3322,#3323,#3324);
#3322 = CARTESIAN_POINT('',(5.847165827973,7.682972814648,1.585));
#3323 = DIRECTION('',(0.,0.,1.));
#3324 = DIRECTION('',(0.999585507452,-2.878911759697E-02,0.));
#3325 = ORIENTED_EDGE('',*,*,#3326,.T.);
#3326 = EDGE_CURVE('',#3318,#3327,#3329,.T.);
#3327 = VERTEX_POINT('',#3328);
#3328 = CARTESIAN_POINT('',(5.871516,7.811373,1.585));
#3329 = LINE('',#3330,#3331);
#3330 = CARTESIAN_POINT('',(5.909898,7.795693,1.585));
#3331 = VECTOR('',#3332,1.);
#3332 = DIRECTION('',(-0.925730492263,0.378183891373,0.));
#3333 = ORIENTED_EDGE('',*,*,#3334,.T.);
#3334 = EDGE_CURVE('',#3327,#3236,#3335,.T.);
#3335 = LINE('',#3336,#3337);
#3336 = CARTESIAN_POINT('',(5.871516,7.811373,1.585));
#3337 = VECTOR('',#3338,1.);
#3338 = DIRECTION('',(-0.981174726402,0.193122127861,0.));
#3339 = FACE_BOUND('',#3340,.F.);
#3340 = EDGE_LOOP('',(#3341,#3351,#3359,#3367,#3375,#3383,#3391,#3399,
    #3407,#3416,#3424,#3432,#3440));
#3341 = ORIENTED_EDGE('',*,*,#3342,.T.);
#3342 = EDGE_CURVE('',#3343,#3345,#3347,.T.);
#3343 = VERTEX_POINT('',#3344);
#3344 = CARTESIAN_POINT('',(5.920703,8.292855,1.585));
#3345 = VERTEX_POINT('',#3346);
#3346 = CARTESIAN_POINT('',(5.865333,8.30104,1.585));
#3347 = LINE('',#3348,#3349);
#3348 = CARTESIAN_POINT('',(5.920703,8.292855,1.585));
#3349 = VECTOR('',#3350,1.);
#3350 = DIRECTION('',(-0.989249936497,0.146234616764,0.));
#3351 = ORIENTED_EDGE('',*,*,#3352,.T.);
#3352 = EDGE_CURVE('',#3345,#3353,#3355,.T.);
#3353 = VERTEX_POINT('',#3354);
#3354 = CARTESIAN_POINT('',(5.678126,8.303967,1.585));
#3355 = LINE('',#3356,#3357);
#3356 = CARTESIAN_POINT('',(5.865333,8.30104,1.585));
#3357 = VECTOR('',#3358,1.);
#3358 = DIRECTION('',(-0.999877794243,1.563318841576E-02,0.));
#3359 = ORIENTED_EDGE('',*,*,#3360,.T.);
#3360 = EDGE_CURVE('',#3353,#3361,#3363,.T.);
#3361 = VERTEX_POINT('',#3362);
#3362 = CARTESIAN_POINT('',(5.611524,7.95574,1.585));
#3363 = LINE('',#3364,#3365);
#3364 = CARTESIAN_POINT('',(5.678126,8.303967,1.585));
#3365 = VECTOR('',#3366,1.);
#3366 = DIRECTION('',(-0.187855239151,-0.982196726284,0.));
#3367 = ORIENTED_EDGE('',*,*,#3368,.T.);
#3368 = EDGE_CURVE('',#3361,#3369,#3371,.T.);
#3369 = VERTEX_POINT('',#3370);
#3370 = CARTESIAN_POINT('',(5.621235,7.949177,1.585));
#3371 = LINE('',#3372,#3373);
#3372 = CARTESIAN_POINT('',(5.611524,7.95574,1.585));
#3373 = VECTOR('',#3374,1.);
#3374 = DIRECTION('',(0.82852906121,-0.559946064126,0.));
#3375 = ORIENTED_EDGE('',*,*,#3376,.T.);
#3376 = EDGE_CURVE('',#3369,#3377,#3379,.T.);
#3377 = VERTEX_POINT('',#3378);
#3378 = CARTESIAN_POINT('',(5.729156,7.944821,1.585));
#3379 = LINE('',#3380,#3381);
#3380 = CARTESIAN_POINT('',(5.621235,7.949177,1.585));
#3381 = VECTOR('',#3382,1.);
#3382 = DIRECTION('',(0.999186413808,-4.033001935257E-02,0.));
#3383 = ORIENTED_EDGE('',*,*,#3384,.T.);
#3384 = EDGE_CURVE('',#3377,#3385,#3387,.T.);
#3385 = VERTEX_POINT('',#3386);
#3386 = CARTESIAN_POINT('',(5.8563,7.959163,1.585));
#3387 = LINE('',#3388,#3389);
#3388 = CARTESIAN_POINT('',(5.729156,7.944821,1.585));
#3389 = VECTOR('',#3390,1.);
#3390 = DIRECTION('',(0.993698017896,0.112090361894,0.));
#3391 = ORIENTED_EDGE('',*,*,#3392,.T.);
#3392 = EDGE_CURVE('',#3385,#3393,#3395,.T.);
#3393 = VERTEX_POINT('',#3394);
#3394 = CARTESIAN_POINT('',(5.881631,7.967488,1.585));
#3395 = LINE('',#3396,#3397);
#3396 = CARTESIAN_POINT('',(5.8563,7.959163,1.585));
#3397 = VECTOR('',#3398,1.);
#3398 = DIRECTION('',(0.950009979439,0.31221953649,0.));
#3399 = ORIENTED_EDGE('',*,*,#3400,.T.);
#3400 = EDGE_CURVE('',#3393,#3401,#3403,.T.);
#3401 = VERTEX_POINT('',#3402);
#3402 = CARTESIAN_POINT('',(5.930377,8.003124,1.585));
#3403 = LINE('',#3404,#3405);
#3404 = CARTESIAN_POINT('',(5.881631,7.967488,1.585));
#3405 = VECTOR('',#3406,1.);
#3406 = DIRECTION('',(0.807281266046,0.590166889525,0.));
#3407 = ORIENTED_EDGE('',*,*,#3408,.T.);
#3408 = EDGE_CURVE('',#3401,#3409,#3411,.T.);
#3409 = VERTEX_POINT('',#3410);
#3410 = CARTESIAN_POINT('',(6.009379,8.162661,1.585));
#3411 = CIRCLE('',#3412,0.264228689788);
#3412 = AXIS2_PLACEMENT_3D('',#3413,#3414,#3415);
#3413 = CARTESIAN_POINT('',(5.746932052976,8.193294323444,1.585));
#3414 = DIRECTION('',(0.,0.,1.));
#3415 = DIRECTION('',(0.694265816368,-0.719718678529,0.));
#3416 = ORIENTED_EDGE('',*,*,#3417,.T.);
#3417 = EDGE_CURVE('',#3409,#3418,#3420,.T.);
#3418 = VERTEX_POINT('',#3419);
#3419 = CARTESIAN_POINT('',(6.00288,8.226224,1.585));
#3420 = LINE('',#3421,#3422);
#3421 = CARTESIAN_POINT('',(6.009379,8.162661,1.585));
#3422 = VECTOR('',#3423,1.);
#3423 = DIRECTION('',(-0.101714733928,0.994813607115,0.));
#3424 = ORIENTED_EDGE('',*,*,#3425,.T.);
#3425 = EDGE_CURVE('',#3418,#3426,#3428,.T.);
#3426 = VERTEX_POINT('',#3427);
#3427 = CARTESIAN_POINT('',(5.986979,8.256358,1.585));
#3428 = LINE('',#3429,#3430);
#3429 = CARTESIAN_POINT('',(6.00288,8.226224,1.585));
#3430 = VECTOR('',#3431,1.);
#3431 = DIRECTION('',(-0.466688476547,0.884421769213,0.));
#3432 = ORIENTED_EDGE('',*,*,#3433,.T.);
#3433 = EDGE_CURVE('',#3426,#3434,#3436,.T.);
#3434 = VERTEX_POINT('',#3435);
#3435 = CARTESIAN_POINT('',(5.960419,8.278265,1.585));
#3436 = LINE('',#3437,#3438);
#3437 = CARTESIAN_POINT('',(5.986979,8.256358,1.585));
#3438 = VECTOR('',#3439,1.);
#3439 = DIRECTION('',(-0.771444563892,0.636296538448,0.));
#3440 = ORIENTED_EDGE('',*,*,#3441,.T.);
#3441 = EDGE_CURVE('',#3434,#3343,#3442,.T.);
#3442 = LINE('',#3443,#3444);
#3443 = CARTESIAN_POINT('',(5.960419,8.278265,1.585));
#3444 = VECTOR('',#3445,1.);
#3445 = DIRECTION('',(-0.938666324884,0.344826812369,0.));
#3446 = PLANE('',#3447);
#3447 = AXIS2_PLACEMENT_3D('',#3448,#3449,#3450);
#3448 = CARTESIAN_POINT('',(0.,0.,1.585));
#3449 = DIRECTION('',(0.,0.,1.));
#3450 = DIRECTION('',(1.,0.,-0.));
#3451 = SHELL_BASED_SURFACE_MODEL('',(#3452));
#3452 = OPEN_SHELL('',(#3453));
#3453 = ADVANCED_FACE('',(#3454),#3835,.T.);
#3454 = FACE_BOUND('',#3455,.F.);
#3455 = EDGE_LOOP('',(#3456,#3467,#3475,#3483,#3491,#3499,#3507,#3515,
    #3524,#3532,#3540,#3548,#3556,#3564,#3572,#3580,#3588,#3596,#3604,
    #3612,#3620,#3628,#3636,#3644,#3652,#3660,#3668,#3676,#3684,#3693,
    #3701,#3709,#3717,#3725,#3733,#3741,#3749,#3757,#3765,#3773,#3781,
    #3789,#3797,#3805,#3813,#3821,#3829));
#3456 = ORIENTED_EDGE('',*,*,#3457,.T.);
#3457 = EDGE_CURVE('',#3458,#3460,#3462,.T.);
#3458 = VERTEX_POINT('',#3459);
#3459 = CARTESIAN_POINT('',(6.620222,8.41603,1.585));
#3460 = VERTEX_POINT('',#3461);
#3461 = CARTESIAN_POINT('',(6.823342,8.440872,1.585));
#3462 = CIRCLE('',#3463,0.624960998541);
#3463 = AXIS2_PLACEMENT_3D('',#3464,#3465,#3466);
#3464 = CARTESIAN_POINT('',(6.796627055722,7.816482248763,1.585));
#3465 = DIRECTION('',(0.,0.,-1.));
#3466 = DIRECTION('',(-0.282265703194,0.959336266801,0.));
#3467 = ORIENTED_EDGE('',*,*,#3468,.T.);
#3468 = EDGE_CURVE('',#3460,#3469,#3471,.T.);
#3469 = VERTEX_POINT('',#3470);
#3470 = CARTESIAN_POINT('',(6.882837,8.432136,1.585));
#3471 = LINE('',#3472,#3473);
#3472 = CARTESIAN_POINT('',(6.823342,8.440872,1.585));
#3473 = VECTOR('',#3474,1.);
#3474 = DIRECTION('',(0.989390864753,-0.145278066972,0.));
#3475 = ORIENTED_EDGE('',*,*,#3476,.T.);
#3476 = EDGE_CURVE('',#3469,#3477,#3479,.T.);
#3477 = VERTEX_POINT('',#3478);
#3478 = CARTESIAN_POINT('',(6.965842,8.39401,1.585));
#3479 = LINE('',#3480,#3481);
#3480 = CARTESIAN_POINT('',(6.882837,8.432136,1.585));
#3481 = VECTOR('',#3482,1.);
#3482 = DIRECTION('',(0.908724320486,-0.417396824804,0.));
#3483 = ORIENTED_EDGE('',*,*,#3484,.T.);
#3484 = EDGE_CURVE('',#3477,#3485,#3487,.T.);
#3485 = VERTEX_POINT('',#3486);
#3486 = CARTESIAN_POINT('',(7.013884,8.348324,1.585));
#3487 = LINE('',#3488,#3489);
#3488 = CARTESIAN_POINT('',(6.965842,8.39401,1.585));
#3489 = VECTOR('',#3490,1.);
#3490 = DIRECTION('',(0.72465211857,-0.689114872174,0.));
#3491 = ORIENTED_EDGE('',*,*,#3492,.T.);
#3492 = EDGE_CURVE('',#3485,#3493,#3495,.T.);
#3493 = VERTEX_POINT('',#3494);
#3494 = CARTESIAN_POINT('',(7.045548,8.290847,1.585));
#3495 = LINE('',#3496,#3497);
#3496 = CARTESIAN_POINT('',(7.013884,8.348324,1.585));
#3497 = VECTOR('',#3498,1.);
#3498 = DIRECTION('',(0.482522924276,-0.87588334129,0.));
#3499 = ORIENTED_EDGE('',*,*,#3500,.T.);
#3500 = EDGE_CURVE('',#3493,#3501,#3503,.T.);
#3501 = VERTEX_POINT('',#3502);
#3502 = CARTESIAN_POINT('',(7.060207,8.223097,1.585));
#3503 = LINE('',#3504,#3505);
#3504 = CARTESIAN_POINT('',(7.045548,8.290847,1.585));
#3505 = VECTOR('',#3506,1.);
#3506 = DIRECTION('',(0.211475452808,-0.977383309076,0.));
#3507 = ORIENTED_EDGE('',*,*,#3508,.T.);
#3508 = EDGE_CURVE('',#3501,#3509,#3511,.T.);
#3509 = VERTEX_POINT('',#3510);
#3510 = CARTESIAN_POINT('',(7.057238,8.146595,1.585));
#3511 = LINE('',#3512,#3513);
#3512 = CARTESIAN_POINT('',(7.060207,8.223097,1.585));
#3513 = VECTOR('',#3514,1.);
#3514 = DIRECTION('',(-3.878024899979E-02,-0.999247763214,0.));
#3515 = ORIENTED_EDGE('',*,*,#3516,.T.);
#3516 = EDGE_CURVE('',#3509,#3517,#3519,.T.);
#3517 = VERTEX_POINT('',#3518);
#3518 = CARTESIAN_POINT('',(6.990377,7.96737,1.585));
#3519 = CIRCLE('',#3520,0.483665621401);
#3520 = AXIS2_PLACEMENT_3D('',#3521,#3522,#3523);
#3521 = CARTESIAN_POINT('',(6.579597154394,8.222697929865,1.585));
#3522 = DIRECTION('',(0.,0.,-1.));
#3523 = DIRECTION('',(0.987543510375,-0.157346163336,0.));
#3524 = ORIENTED_EDGE('',*,*,#3525,.T.);
#3525 = EDGE_CURVE('',#3517,#3526,#3528,.T.);
#3526 = VERTEX_POINT('',#3527);
#3527 = CARTESIAN_POINT('',(6.949068,7.906454,1.585));
#3528 = LINE('',#3529,#3530);
#3529 = CARTESIAN_POINT('',(6.990377,7.96737,1.585));
#3530 = VECTOR('',#3531,1.);
#3531 = DIRECTION('',(-0.5612515405,-0.827645279263,0.));
#3532 = ORIENTED_EDGE('',*,*,#3533,.T.);
#3533 = EDGE_CURVE('',#3526,#3534,#3536,.T.);
#3534 = VERTEX_POINT('',#3535);
#3535 = CARTESIAN_POINT('',(6.895821,7.841492,1.585));
#3536 = LINE('',#3537,#3538);
#3537 = CARTESIAN_POINT('',(6.949068,7.906454,1.585));
#3538 = VECTOR('',#3539,1.);
#3539 = DIRECTION('',(-0.633924102528,-0.773395262614,0.));
#3540 = ORIENTED_EDGE('',*,*,#3541,.T.);
#3541 = EDGE_CURVE('',#3534,#3542,#3544,.T.);
#3542 = VERTEX_POINT('',#3543);
#3543 = CARTESIAN_POINT('',(6.747732,7.692464,1.585));
#3544 = LINE('',#3545,#3546);
#3545 = CARTESIAN_POINT('',(6.895821,7.841492,1.585));
#3546 = VECTOR('',#3547,1.);
#3547 = DIRECTION('',(-0.704868541218,-0.709337958664,0.));
#3548 = ORIENTED_EDGE('',*,*,#3549,.T.);
#3549 = EDGE_CURVE('',#3542,#3550,#3552,.T.);
#3550 = VERTEX_POINT('',#3551);
#3551 = CARTESIAN_POINT('',(6.471328,7.444461,1.585));
#3552 = LINE('',#3553,#3554);
#3553 = CARTESIAN_POINT('',(6.747732,7.692464,1.585));
#3554 = VECTOR('',#3555,1.);
#3555 = DIRECTION('',(-0.744311713951,-0.667832368544,0.));
#3556 = ORIENTED_EDGE('',*,*,#3557,.T.);
#3557 = EDGE_CURVE('',#3550,#3558,#3560,.T.);
#3558 = VERTEX_POINT('',#3559);
#3559 = CARTESIAN_POINT('',(6.605623,7.435042,1.585));
#3560 = LINE('',#3561,#3562);
#3561 = CARTESIAN_POINT('',(6.471328,7.444461,1.585));
#3562 = VECTOR('',#3563,1.);
#3563 = DIRECTION('',(0.997549463119,-6.996476706594E-02,0.));
#3564 = ORIENTED_EDGE('',*,*,#3565,.T.);
#3565 = EDGE_CURVE('',#3558,#3566,#3568,.T.);
#3566 = VERTEX_POINT('',#3567);
#3567 = CARTESIAN_POINT('',(6.919326,7.427194,1.585));
#3568 = LINE('',#3569,#3570);
#3569 = CARTESIAN_POINT('',(6.605623,7.435042,1.585));
#3570 = VECTOR('',#3571,1.);
#3571 = DIRECTION('',(0.999687214328,-2.500946837629E-02,0.));
#3572 = ORIENTED_EDGE('',*,*,#3573,.T.);
#3573 = EDGE_CURVE('',#3566,#3574,#3576,.T.);
#3574 = VERTEX_POINT('',#3575);
#3575 = CARTESIAN_POINT('',(6.948719,7.420291,1.585));
#3576 = LINE('',#3577,#3578);
#3577 = CARTESIAN_POINT('',(6.919326,7.427194,1.585));
#3578 = VECTOR('',#3579,1.);
#3579 = DIRECTION('',(0.97351307821,-0.228631333273,0.));
#3580 = ORIENTED_EDGE('',*,*,#3581,.T.);
#3581 = EDGE_CURVE('',#3574,#3582,#3584,.T.);
#3582 = VERTEX_POINT('',#3583);
#3583 = CARTESIAN_POINT('',(6.954886,7.410739,1.585));
#3584 = LINE('',#3585,#3586);
#3585 = CARTESIAN_POINT('',(6.948719,7.420291,1.585));
#3586 = VECTOR('',#3587,1.);
#3587 = DIRECTION('',(0.542401295753,-0.84011953576,0.));
#3588 = ORIENTED_EDGE('',*,*,#3589,.T.);
#3589 = EDGE_CURVE('',#3582,#3590,#3592,.T.);
#3590 = VERTEX_POINT('',#3591);
#3591 = CARTESIAN_POINT('',(6.953592,7.373064,1.585));
#3592 = LINE('',#3593,#3594);
#3593 = CARTESIAN_POINT('',(6.954886,7.410739,1.585));
#3594 = VECTOR('',#3595,1.);
#3595 = DIRECTION('',(-3.432614268101E-02,-0.999410684318,0.));
#3596 = ORIENTED_EDGE('',*,*,#3597,.T.);
#3597 = EDGE_CURVE('',#3590,#3598,#3600,.T.);
#3598 = VERTEX_POINT('',#3599);
#3599 = CARTESIAN_POINT('',(6.939021,7.336959,1.585));
#3600 = LINE('',#3601,#3602);
#3601 = CARTESIAN_POINT('',(6.953592,7.373064,1.585));
#3602 = VECTOR('',#3603,1.);
#3603 = DIRECTION('',(-0.374245184572,-0.927329791296,0.));
#3604 = ORIENTED_EDGE('',*,*,#3605,.T.);
#3605 = EDGE_CURVE('',#3598,#3606,#3608,.T.);
#3606 = VERTEX_POINT('',#3607);
#3607 = CARTESIAN_POINT('',(6.922303,7.320112,1.585));
#3608 = LINE('',#3609,#3610);
#3609 = CARTESIAN_POINT('',(6.939021,7.336959,1.585));
#3610 = VECTOR('',#3611,1.);
#3611 = DIRECTION('',(-0.70438396321,-0.709819154695,0.));
#3612 = ORIENTED_EDGE('',*,*,#3613,.T.);
#3613 = EDGE_CURVE('',#3606,#3614,#3616,.T.);
#3614 = VERTEX_POINT('',#3615);
#3615 = CARTESIAN_POINT('',(6.860755,7.311262,1.585));
#3616 = LINE('',#3617,#3618);
#3617 = CARTESIAN_POINT('',(6.922303,7.320112,1.585));
#3618 = VECTOR('',#3619,1.);
#3619 = DIRECTION('',(-0.989819779987,-0.142326396518,0.));
#3620 = ORIENTED_EDGE('',*,*,#3621,.T.);
#3621 = EDGE_CURVE('',#3614,#3622,#3624,.T.);
#3622 = VERTEX_POINT('',#3623);
#3623 = CARTESIAN_POINT('',(6.33478,7.311071,1.585));
#3624 = LINE('',#3625,#3626);
#3625 = CARTESIAN_POINT('',(6.860755,7.311262,1.585));
#3626 = VECTOR('',#3627,1.);
#3627 = DIRECTION('',(-0.999999934066,-3.63135106054E-04,0.));
#3628 = ORIENTED_EDGE('',*,*,#3629,.T.);
#3629 = EDGE_CURVE('',#3622,#3630,#3632,.T.);
#3630 = VERTEX_POINT('',#3631);
#3631 = CARTESIAN_POINT('',(6.272035,7.319695,1.585));
#3632 = LINE('',#3633,#3634);
#3633 = CARTESIAN_POINT('',(6.33478,7.311071,1.585));
#3634 = VECTOR('',#3635,1.);
#3635 = DIRECTION('',(-0.990686162747,0.136165072397,0.));
#3636 = ORIENTED_EDGE('',*,*,#3637,.T.);
#3637 = EDGE_CURVE('',#3630,#3638,#3640,.T.);
#3638 = VERTEX_POINT('',#3639);
#3639 = CARTESIAN_POINT('',(6.263151,7.325502,1.585));
#3640 = LINE('',#3641,#3642);
#3641 = CARTESIAN_POINT('',(6.272035,7.319695,1.585));
#3642 = VECTOR('',#3643,1.);
#3643 = DIRECTION('',(-0.837045957788,0.54713258407,0.));
#3644 = ORIENTED_EDGE('',*,*,#3645,.T.);
#3645 = EDGE_CURVE('',#3638,#3646,#3648,.T.);
#3646 = VERTEX_POINT('',#3647);
#3647 = CARTESIAN_POINT('',(6.252412,7.350035,1.585));
#3648 = LINE('',#3649,#3650);
#3649 = CARTESIAN_POINT('',(6.263151,7.325502,1.585));
#3650 = VECTOR('',#3651,1.);
#3651 = DIRECTION('',(-0.401000999387,0.916077615975,0.));
#3652 = ORIENTED_EDGE('',*,*,#3653,.T.);
#3653 = EDGE_CURVE('',#3646,#3654,#3656,.T.);
#3654 = VERTEX_POINT('',#3655);
#3655 = CARTESIAN_POINT('',(6.254338,7.385186,1.585));
#3656 = LINE('',#3657,#3658);
#3657 = CARTESIAN_POINT('',(6.252412,7.350035,1.585));
#3658 = VECTOR('',#3659,1.);
#3659 = DIRECTION('',(5.471011894427E-02,0.99850227986,0.));
#3660 = ORIENTED_EDGE('',*,*,#3661,.T.);
#3661 = EDGE_CURVE('',#3654,#3662,#3664,.T.);
#3662 = VERTEX_POINT('',#3663);
#3663 = CARTESIAN_POINT('',(6.269699,7.427144,1.585));
#3664 = LINE('',#3665,#3666);
#3665 = CARTESIAN_POINT('',(6.254338,7.385186,1.585));
#3666 = VECTOR('',#3667,1.);
#3667 = DIRECTION('',(0.343789019361,0.93904691585,0.));
#3668 = ORIENTED_EDGE('',*,*,#3669,.T.);
#3669 = EDGE_CURVE('',#3662,#3670,#3672,.T.);
#3670 = VERTEX_POINT('',#3671);
#3671 = CARTESIAN_POINT('',(6.483812,7.625491,1.585));
#3672 = LINE('',#3673,#3674);
#3673 = CARTESIAN_POINT('',(6.269699,7.427144,1.585));
#3674 = VECTOR('',#3675,1.);
#3675 = DIRECTION('',(0.733599716926,0.679581823864,0.));
#3676 = ORIENTED_EDGE('',*,*,#3677,.T.);
#3677 = EDGE_CURVE('',#3670,#3678,#3680,.T.);
#3678 = VERTEX_POINT('',#3679);
#3679 = CARTESIAN_POINT('',(6.69883,7.824901,1.585));
#3680 = LINE('',#3681,#3682);
#3681 = CARTESIAN_POINT('',(6.483812,7.625491,1.585));
#3682 = VECTOR('',#3683,1.);
#3683 = DIRECTION('',(0.733217706265,0.679993967046,0.));
#3684 = ORIENTED_EDGE('',*,*,#3685,.T.);
#3685 = EDGE_CURVE('',#3678,#3686,#3688,.T.);
#3686 = VERTEX_POINT('',#3687);
#3687 = CARTESIAN_POINT('',(6.846838,8.024148,1.585));
#3688 = CIRCLE('',#3689,0.730198759208);
#3689 = AXIS2_PLACEMENT_3D('',#3690,#3691,#3692);
#3690 = CARTESIAN_POINT('',(6.195193622944,8.353617017967,1.585));
#3691 = DIRECTION('',(0.,0.,1.));
#3692 = DIRECTION('',(0.689725051851,-0.724071372759,0.));
#3693 = ORIENTED_EDGE('',*,*,#3694,.T.);
#3694 = EDGE_CURVE('',#3686,#3695,#3697,.T.);
#3695 = VERTEX_POINT('',#3696);
#3696 = CARTESIAN_POINT('',(6.874248,8.091992,1.585));
#3697 = LINE('',#3698,#3699);
#3698 = CARTESIAN_POINT('',(6.846838,8.024148,1.585));
#3699 = VECTOR('',#3700,1.);
#3700 = DIRECTION('',(0.374597720051,0.927187439589,0.));
#3701 = ORIENTED_EDGE('',*,*,#3702,.T.);
#3702 = EDGE_CURVE('',#3695,#3703,#3705,.T.);
#3703 = VERTEX_POINT('',#3704);
#3704 = CARTESIAN_POINT('',(6.886801,8.153644,1.585));
#3705 = LINE('',#3706,#3707);
#3706 = CARTESIAN_POINT('',(6.874248,8.091992,1.585));
#3707 = VECTOR('',#3708,1.);
#3708 = DIRECTION('',(0.199516873549,0.979894390825,0.));
#3709 = ORIENTED_EDGE('',*,*,#3710,.T.);
#3710 = EDGE_CURVE('',#3703,#3711,#3713,.T.);
#3711 = VERTEX_POINT('',#3712);
#3712 = CARTESIAN_POINT('',(6.884421,8.207504,1.585));
#3713 = LINE('',#3714,#3715);
#3714 = CARTESIAN_POINT('',(6.886801,8.153644,1.585));
#3715 = VECTOR('',#3716,1.);
#3716 = DIRECTION('',(-4.414555813128E-02,0.999025109643,0.));
#3717 = ORIENTED_EDGE('',*,*,#3718,.T.);
#3718 = EDGE_CURVE('',#3711,#3719,#3721,.T.);
#3719 = VERTEX_POINT('',#3720);
#3720 = CARTESIAN_POINT('',(6.867028,8.251973,1.585));
#3721 = LINE('',#3722,#3723);
#3722 = CARTESIAN_POINT('',(6.884421,8.207504,1.585));
#3723 = VECTOR('',#3724,1.);
#3724 = DIRECTION('',(-0.36425562955,0.9312990048,0.));
#3725 = ORIENTED_EDGE('',*,*,#3726,.T.);
#3726 = EDGE_CURVE('',#3719,#3727,#3729,.T.);
#3727 = VERTEX_POINT('',#3728);
#3728 = CARTESIAN_POINT('',(6.834543,8.285454,1.585));
#3729 = LINE('',#3730,#3731);
#3730 = CARTESIAN_POINT('',(6.867028,8.251973,1.585));
#3731 = VECTOR('',#3732,1.);
#3732 = DIRECTION('',(-0.696351027906,0.717701362639,0.));
#3733 = ORIENTED_EDGE('',*,*,#3734,.T.);
#3734 = EDGE_CURVE('',#3727,#3735,#3737,.T.);
#3735 = VERTEX_POINT('',#3736);
#3736 = CARTESIAN_POINT('',(6.769025,8.31002,1.585));
#3737 = LINE('',#3738,#3739);
#3738 = CARTESIAN_POINT('',(6.834543,8.285454,1.585));
#3739 = VECTOR('',#3740,1.);
#3740 = DIRECTION('',(-0.936344446955,0.351082720533,0.));
#3741 = ORIENTED_EDGE('',*,*,#3742,.T.);
#3742 = EDGE_CURVE('',#3735,#3743,#3745,.T.);
#3743 = VERTEX_POINT('',#3744);
#3744 = CARTESIAN_POINT('',(6.727423,8.3115,1.585));
#3745 = LINE('',#3746,#3747);
#3746 = CARTESIAN_POINT('',(6.769025,8.31002,1.585));
#3747 = VECTOR('',#3748,1.);
#3748 = DIRECTION('',(-0.999367802137,3.55527221567E-02,0.));
#3749 = ORIENTED_EDGE('',*,*,#3750,.T.);
#3750 = EDGE_CURVE('',#3743,#3751,#3753,.T.);
#3751 = VERTEX_POINT('',#3752);
#3752 = CARTESIAN_POINT('',(6.678723,8.30284,1.585));
#3753 = LINE('',#3754,#3755);
#3754 = CARTESIAN_POINT('',(6.727423,8.3115,1.585));
#3755 = VECTOR('',#3756,1.);
#3756 = DIRECTION('',(-0.984554764657,-0.175076884229,0.));
#3757 = ORIENTED_EDGE('',*,*,#3758,.T.);
#3758 = EDGE_CURVE('',#3751,#3759,#3761,.T.);
#3759 = VERTEX_POINT('',#3760);
#3760 = CARTESIAN_POINT('',(6.550817,8.253571,1.585));
#3761 = LINE('',#3762,#3763);
#3762 = CARTESIAN_POINT('',(6.678723,8.30284,1.585));
#3763 = VECTOR('',#3764,1.);
#3764 = DIRECTION('',(-0.933163658104,-0.359451787024,0.));
#3765 = ORIENTED_EDGE('',*,*,#3766,.T.);
#3766 = EDGE_CURVE('',#3759,#3767,#3769,.T.);
#3767 = VERTEX_POINT('',#3768);
#3768 = CARTESIAN_POINT('',(6.48313,8.225588,1.585));
#3769 = LINE('',#3770,#3771);
#3770 = CARTESIAN_POINT('',(6.550817,8.253571,1.585));
#3771 = VECTOR('',#3772,1.);
#3772 = DIRECTION('',(-0.924139372014,-0.382055520958,0.));
#3773 = ORIENTED_EDGE('',*,*,#3774,.T.);
#3774 = EDGE_CURVE('',#3767,#3775,#3777,.T.);
#3775 = VERTEX_POINT('',#3776);
#3776 = CARTESIAN_POINT('',(6.467618,8.223895,1.585));
#3777 = LINE('',#3778,#3779);
#3778 = CARTESIAN_POINT('',(6.48313,8.225588,1.585));
#3779 = VECTOR('',#3780,1.);
#3780 = DIRECTION('',(-0.994096773839,-0.108497024117,0.));
#3781 = ORIENTED_EDGE('',*,*,#3782,.T.);
#3782 = EDGE_CURVE('',#3775,#3783,#3785,.T.);
#3783 = VERTEX_POINT('',#3784);
#3784 = CARTESIAN_POINT('',(6.458155,8.230439,1.585));
#3785 = LINE('',#3786,#3787);
#3786 = CARTESIAN_POINT('',(6.467618,8.223895,1.585));
#3787 = VECTOR('',#3788,1.);
#3788 = DIRECTION('',(-0.822489333417,0.56878053449,0.));
#3789 = ORIENTED_EDGE('',*,*,#3790,.T.);
#3790 = EDGE_CURVE('',#3783,#3791,#3793,.T.);
#3791 = VERTEX_POINT('',#3792);
#3792 = CARTESIAN_POINT('',(6.452624,8.255492,1.585));
#3793 = LINE('',#3794,#3795);
#3794 = CARTESIAN_POINT('',(6.458155,8.230439,1.585));
#3795 = VECTOR('',#3796,1.);
#3796 = DIRECTION('',(-0.215580735802,0.976486019537,0.));
#3797 = ORIENTED_EDGE('',*,*,#3798,.T.);
#3798 = EDGE_CURVE('',#3791,#3799,#3801,.T.);
#3799 = VERTEX_POINT('',#3800);
#3800 = CARTESIAN_POINT('',(6.457807,8.289689,1.585));
#3801 = LINE('',#3802,#3803);
#3802 = CARTESIAN_POINT('',(6.452624,8.255492,1.585));
#3803 = VECTOR('',#3804,1.);
#3804 = DIRECTION('',(0.149851628309,0.988708495712,0.));
#3805 = ORIENTED_EDGE('',*,*,#3806,.T.);
#3806 = EDGE_CURVE('',#3799,#3807,#3809,.T.);
#3807 = VERTEX_POINT('',#3808);
#3808 = CARTESIAN_POINT('',(6.478804,8.335743,1.585));
#3809 = LINE('',#3810,#3811);
#3810 = CARTESIAN_POINT('',(6.457807,8.289689,1.585));
#3811 = VECTOR('',#3812,1.);
#3812 = DIRECTION('',(0.414840194878,0.90989428656,0.));
#3813 = ORIENTED_EDGE('',*,*,#3814,.T.);
#3814 = EDGE_CURVE('',#3807,#3815,#3817,.T.);
#3815 = VERTEX_POINT('',#3816);
#3816 = CARTESIAN_POINT('',(6.511258,8.366989,1.585));
#3817 = LINE('',#3818,#3819);
#3818 = CARTESIAN_POINT('',(6.478804,8.335743,1.585));
#3819 = VECTOR('',#3820,1.);
#3820 = DIRECTION('',(0.720386754272,0.69357258039,0.));
#3821 = ORIENTED_EDGE('',*,*,#3822,.T.);
#3822 = EDGE_CURVE('',#3815,#3823,#3825,.T.);
#3823 = VERTEX_POINT('',#3824);
#3824 = CARTESIAN_POINT('',(6.559963,8.394087,1.585));
#3825 = LINE('',#3826,#3827);
#3826 = CARTESIAN_POINT('',(6.511258,8.366989,1.585));
#3827 = VECTOR('',#3828,1.);
#3828 = DIRECTION('',(0.873854973947,0.486186676604,0.));
#3829 = ORIENTED_EDGE('',*,*,#3830,.T.);
#3830 = EDGE_CURVE('',#3823,#3458,#3831,.T.);
#3831 = LINE('',#3832,#3833);
#3832 = CARTESIAN_POINT('',(6.559963,8.394087,1.585));
#3833 = VECTOR('',#3834,1.);
#3834 = DIRECTION('',(0.939639899278,0.342164959755,0.));
#3835 = PLANE('',#3836);
#3836 = AXIS2_PLACEMENT_3D('',#3837,#3838,#3839);
#3837 = CARTESIAN_POINT('',(0.,0.,1.585));
#3838 = DIRECTION('',(0.,0.,1.));
#3839 = DIRECTION('',(1.,0.,-0.));
#3840 = SHELL_BASED_SURFACE_MODEL('',(#3841));
#3841 = OPEN_SHELL('',(#3842));
#3842 = ADVANCED_FACE('',(#3843),#3951,.T.);
#3843 = FACE_BOUND('',#3844,.F.);
#3844 = EDGE_LOOP('',(#3845,#3855,#3863,#3871,#3879,#3887,#3895,#3903,
    #3912,#3920,#3928,#3937,#3945));
#3845 = ORIENTED_EDGE('',*,*,#3846,.T.);
#3846 = EDGE_CURVE('',#3847,#3849,#3851,.T.);
#3847 = VERTEX_POINT('',#3848);
#3848 = CARTESIAN_POINT('',(10.961207,40.160749,1.585));
#3849 = VERTEX_POINT('',#3850);
#3850 = CARTESIAN_POINT('',(10.526293,40.152885,1.585));
#3851 = LINE('',#3852,#3853);
#3852 = CARTESIAN_POINT('',(10.961207,40.160749,1.585));
#3853 = VECTOR('',#3854,1.);
#3854 = DIRECTION('',(-0.999836565492,-1.807878051991E-02,0.));
#3855 = ORIENTED_EDGE('',*,*,#3856,.T.);
#3856 = EDGE_CURVE('',#3849,#3857,#3859,.T.);
#3857 = VERTEX_POINT('',#3858);
#3858 = CARTESIAN_POINT('',(10.526293,40.824005,1.585));
#3859 = LINE('',#3860,#3861);
#3860 = CARTESIAN_POINT('',(10.526293,40.152885,1.585));
#3861 = VECTOR('',#3862,1.);
#3862 = DIRECTION('',(0.,1.,0.));
#3863 = ORIENTED_EDGE('',*,*,#3864,.T.);
#3864 = EDGE_CURVE('',#3857,#3865,#3867,.T.);
#3865 = VERTEX_POINT('',#3866);
#3866 = CARTESIAN_POINT('',(10.751377,40.819285,1.585));
#3867 = LINE('',#3868,#3869);
#3868 = CARTESIAN_POINT('',(10.526293,40.824005,1.585));
#3869 = VECTOR('',#3870,1.);
#3870 = DIRECTION('',(0.999780203107,-2.096533986717E-02,0.));
#3871 = ORIENTED_EDGE('',*,*,#3872,.T.);
#3872 = EDGE_CURVE('',#3865,#3873,#3875,.T.);
#3873 = VERTEX_POINT('',#3874);
#3874 = CARTESIAN_POINT('',(10.96727,40.808394,1.585));
#3875 = LINE('',#3876,#3877);
#3876 = CARTESIAN_POINT('',(10.751377,40.819285,1.585));
#3877 = VECTOR('',#3878,1.);
#3878 = DIRECTION('',(0.998730009537,-5.038221958964E-02,0.));
#3879 = ORIENTED_EDGE('',*,*,#3880,.T.);
#3880 = EDGE_CURVE('',#3873,#3881,#3883,.T.);
#3881 = VERTEX_POINT('',#3882);
#3882 = CARTESIAN_POINT('',(11.050515,40.79048,1.585));
#3883 = LINE('',#3884,#3885);
#3884 = CARTESIAN_POINT('',(10.96727,40.808394,1.585));
#3885 = VECTOR('',#3886,1.);
#3886 = DIRECTION('',(0.977619698509,-0.2103799541,0.));
#3887 = ORIENTED_EDGE('',*,*,#3888,.T.);
#3888 = EDGE_CURVE('',#3881,#3889,#3891,.T.);
#3889 = VERTEX_POINT('',#3890);
#3890 = CARTESIAN_POINT('',(11.116866,40.757945,1.585));
#3891 = LINE('',#3892,#3893);
#3892 = CARTESIAN_POINT('',(11.050515,40.79048,1.585));
#3893 = VECTOR('',#3894,1.);
#3894 = DIRECTION('',(0.89786723375,-0.440266317765,0.));
#3895 = ORIENTED_EDGE('',*,*,#3896,.T.);
#3896 = EDGE_CURVE('',#3889,#3897,#3899,.T.);
#3897 = VERTEX_POINT('',#3898);
#3898 = CARTESIAN_POINT('',(11.171327,40.717617,1.585));
#3899 = LINE('',#3900,#3901);
#3900 = CARTESIAN_POINT('',(11.116866,40.757945,1.585));
#3901 = VECTOR('',#3902,1.);
#3902 = DIRECTION('',(0.803652335541,-0.595099087194,0.));
#3903 = ORIENTED_EDGE('',*,*,#3904,.T.);
#3904 = EDGE_CURVE('',#3897,#3905,#3907,.T.);
#3905 = VERTEX_POINT('',#3906);
#3906 = CARTESIAN_POINT('',(11.258623,40.538229,1.585));
#3907 = CIRCLE('',#3908,0.339333453141);
#3908 = AXIS2_PLACEMENT_3D('',#3909,#3910,#3911);
#3909 = CARTESIAN_POINT('',(10.923333000125,40.486000574748,1.585));
#3910 = DIRECTION('',(0.,0.,-1.));
#3911 = DIRECTION('',(0.730826853585,0.682562898259,0.));
#3912 = ORIENTED_EDGE('',*,*,#3913,.T.);
#3913 = EDGE_CURVE('',#3905,#3914,#3916,.T.);
#3914 = VERTEX_POINT('',#3915);
#3915 = CARTESIAN_POINT('',(11.26033,40.47886,1.585));
#3916 = LINE('',#3917,#3918);
#3917 = CARTESIAN_POINT('',(11.258623,40.538229,1.585));
#3918 = VECTOR('',#3919,1.);
#3919 = DIRECTION('',(2.874050176557E-02,-0.999586906456,0.));
#3920 = ORIENTED_EDGE('',*,*,#3921,.T.);
#3921 = EDGE_CURVE('',#3914,#3922,#3924,.T.);
#3922 = VERTEX_POINT('',#3923);
#3923 = CARTESIAN_POINT('',(11.253375,40.395511,1.585));
#3924 = LINE('',#3925,#3926);
#3925 = CARTESIAN_POINT('',(11.26033,40.47886,1.585));
#3926 = VECTOR('',#3927,1.);
#3927 = DIRECTION('',(-8.315531139754E-02,-0.996536599522,0.));
#3928 = ORIENTED_EDGE('',*,*,#3929,.T.);
#3929 = EDGE_CURVE('',#3922,#3930,#3932,.T.);
#3930 = VERTEX_POINT('',#3931);
#3931 = CARTESIAN_POINT('',(11.137732,40.221207,1.585));
#3932 = CIRCLE('',#3933,0.254365498145);
#3933 = AXIS2_PLACEMENT_3D('',#3934,#3935,#3936);
#3934 = CARTESIAN_POINT('',(11.002341380997,40.436546701246,1.585));
#3935 = DIRECTION('',(0.,0.,-1.));
#3936 = DIRECTION('',(0.986901214331,-0.161325736174,0.));
#3937 = ORIENTED_EDGE('',*,*,#3938,.T.);
#3938 = EDGE_CURVE('',#3930,#3939,#3941,.T.);
#3939 = VERTEX_POINT('',#3940);
#3940 = CARTESIAN_POINT('',(11.039665,40.171842,1.585));
#3941 = LINE('',#3942,#3943);
#3942 = CARTESIAN_POINT('',(11.137732,40.221207,1.585));
#3943 = VECTOR('',#3944,1.);
#3944 = DIRECTION('',(-0.893216178859,-0.449627465604,0.));
#3945 = ORIENTED_EDGE('',*,*,#3946,.T.);
#3946 = EDGE_CURVE('',#3939,#3847,#3947,.T.);
#3947 = LINE('',#3948,#3949);
#3948 = CARTESIAN_POINT('',(11.039665,40.171842,1.585));
#3949 = VECTOR('',#3950,1.);
#3950 = DIRECTION('',(-0.990152156161,-0.139995384388,0.));
#3951 = PLANE('',#3952);
#3952 = AXIS2_PLACEMENT_3D('',#3953,#3954,#3955);
#3953 = CARTESIAN_POINT('',(0.,0.,1.585));
#3954 = DIRECTION('',(0.,0.,1.));
#3955 = DIRECTION('',(1.,0.,-0.));
#3956 = SHELL_BASED_SURFACE_MODEL('',(#3957));
#3957 = OPEN_SHELL('',(#3958));
#3958 = ADVANCED_FACE('',(#3959),#4097,.T.);
#3959 = FACE_BOUND('',#3960,.F.);
#3960 = EDGE_LOOP('',(#3961,#3971,#3979,#3987,#3995,#4003,#4011,#4019,
    #4027,#4035,#4043,#4051,#4059,#4067,#4075,#4083,#4091));
#3961 = ORIENTED_EDGE('',*,*,#3962,.T.);
#3962 = EDGE_CURVE('',#3963,#3965,#3967,.T.);
#3963 = VERTEX_POINT('',#3964);
#3964 = CARTESIAN_POINT('',(10.779655,41.026294,1.585));
#3965 = VERTEX_POINT('',#3966);
#3966 = CARTESIAN_POINT('',(10.526293,41.0212,1.585));
#3967 = LINE('',#3968,#3969);
#3968 = CARTESIAN_POINT('',(10.779655,41.026294,1.585));
#3969 = VECTOR('',#3970,1.);
#3970 = DIRECTION('',(-0.999797943287,-2.010155715183E-02,0.));
#3971 = ORIENTED_EDGE('',*,*,#3972,.T.);
#3972 = EDGE_CURVE('',#3965,#3973,#3975,.T.);
#3973 = VERTEX_POINT('',#3974);
#3974 = CARTESIAN_POINT('',(10.526293,41.637494,1.585));
#3975 = LINE('',#3976,#3977);
#3976 = CARTESIAN_POINT('',(10.526293,41.0212,1.585));
#3977 = VECTOR('',#3978,1.);
#3978 = DIRECTION('',(0.,1.,0.));
#3979 = ORIENTED_EDGE('',*,*,#3980,.T.);
#3980 = EDGE_CURVE('',#3973,#3981,#3983,.T.);
#3981 = VERTEX_POINT('',#3982);
#3982 = CARTESIAN_POINT('',(10.787383,41.635915,1.585));
#3983 = LINE('',#3984,#3985);
#3984 = CARTESIAN_POINT('',(10.526293,41.637494,1.585));
#3985 = VECTOR('',#3986,1.);
#3986 = DIRECTION('',(0.999981713025,-6.04761241283E-03,0.));
#3987 = ORIENTED_EDGE('',*,*,#3988,.T.);
#3988 = EDGE_CURVE('',#3981,#3989,#3991,.T.);
#3989 = VERTEX_POINT('',#3990);
#3990 = CARTESIAN_POINT('',(10.933239,41.621205,1.585));
#3991 = LINE('',#3992,#3993);
#3992 = CARTESIAN_POINT('',(10.787383,41.635915,1.585));
#3993 = VECTOR('',#3994,1.);
#3994 = DIRECTION('',(0.994952816551,-0.10034387294,0.));
#3995 = ORIENTED_EDGE('',*,*,#3996,.T.);
#3996 = EDGE_CURVE('',#3989,#3997,#3999,.T.);
#3997 = VERTEX_POINT('',#3998);
#3998 = CARTESIAN_POINT('',(10.985784,41.606687,1.585));
#3999 = LINE('',#4000,#4001);
#4000 = CARTESIAN_POINT('',(10.933239,41.621205,1.585));
#4001 = VECTOR('',#4002,1.);
#4002 = DIRECTION('',(0.963885191825,-0.266318112378,0.));
#4003 = ORIENTED_EDGE('',*,*,#4004,.T.);
#4004 = EDGE_CURVE('',#3997,#4005,#4007,.T.);
#4005 = VERTEX_POINT('',#4006);
#4006 = CARTESIAN_POINT('',(11.028434,41.58647,1.585));
#4007 = LINE('',#4008,#4009);
#4008 = CARTESIAN_POINT('',(10.985784,41.606687,1.585));
#4009 = VECTOR('',#4010,1.);
#4010 = DIRECTION('',(0.903620030617,-0.428334962696,0.));
#4011 = ORIENTED_EDGE('',*,*,#4012,.T.);
#4012 = EDGE_CURVE('',#4005,#4013,#4015,.T.);
#4013 = VERTEX_POINT('',#4014);
#4014 = CARTESIAN_POINT('',(11.084911,41.538401,1.585));
#4015 = LINE('',#4016,#4017);
#4016 = CARTESIAN_POINT('',(11.028434,41.58647,1.585));
#4017 = VECTOR('',#4018,1.);
#4018 = DIRECTION('',(0.761516308766,-0.648145748642,0.));
#4019 = ORIENTED_EDGE('',*,*,#4020,.T.);
#4020 = EDGE_CURVE('',#4013,#4021,#4023,.T.);
#4021 = VERTEX_POINT('',#4022);
#4022 = CARTESIAN_POINT('',(11.115366,41.495425,1.585));
#4023 = LINE('',#4024,#4025);
#4024 = CARTESIAN_POINT('',(11.084911,41.538401,1.585));
#4025 = VECTOR('',#4026,1.);
#4026 = DIRECTION('',(0.578190102875,-0.815902080484,0.));
#4027 = ORIENTED_EDGE('',*,*,#4028,.T.);
#4028 = EDGE_CURVE('',#4021,#4029,#4031,.T.);
#4029 = VERTEX_POINT('',#4030);
#4030 = CARTESIAN_POINT('',(11.134456,41.446524,1.585));
#4031 = LINE('',#4032,#4033);
#4032 = CARTESIAN_POINT('',(11.115366,41.495425,1.585));
#4033 = VECTOR('',#4034,1.);
#4034 = DIRECTION('',(0.36365296369,-0.931534498556,0.));
#4035 = ORIENTED_EDGE('',*,*,#4036,.T.);
#4036 = EDGE_CURVE('',#4029,#4037,#4039,.T.);
#4037 = VERTEX_POINT('',#4038);
#4038 = CARTESIAN_POINT('',(11.143725,41.386499,1.585));
#4039 = LINE('',#4040,#4041);
#4040 = CARTESIAN_POINT('',(11.134456,41.446524,1.585));
#4041 = VECTOR('',#4042,1.);
#4042 = DIRECTION('',(0.152610199056,-0.988286460063,0.));
#4043 = ORIENTED_EDGE('',*,*,#4044,.T.);
#4044 = EDGE_CURVE('',#4037,#4045,#4047,.T.);
#4045 = VERTEX_POINT('',#4046);
#4046 = CARTESIAN_POINT('',(11.145201,41.335618,1.585));
#4047 = LINE('',#4048,#4049);
#4048 = CARTESIAN_POINT('',(11.143725,41.386499,1.585));
#4049 = VECTOR('',#4050,1.);
#4050 = DIRECTION('',(2.899666583242E-02,-0.999579508279,0.));
#4051 = ORIENTED_EDGE('',*,*,#4052,.T.);
#4052 = EDGE_CURVE('',#4045,#4053,#4055,.T.);
#4053 = VERTEX_POINT('',#4054);
#4054 = CARTESIAN_POINT('',(11.137256,41.251852,1.585));
#4055 = LINE('',#4056,#4057);
#4056 = CARTESIAN_POINT('',(11.145201,41.335618,1.585));
#4057 = VECTOR('',#4058,1.);
#4058 = DIRECTION('',(-9.442378153455E-02,-0.995532093647,0.));
#4059 = ORIENTED_EDGE('',*,*,#4060,.T.);
#4060 = EDGE_CURVE('',#4053,#4061,#4063,.T.);
#4061 = VERTEX_POINT('',#4062);
#4062 = CARTESIAN_POINT('',(11.114064,41.18166,1.585));
#4063 = LINE('',#4064,#4065);
#4064 = CARTESIAN_POINT('',(11.137256,41.251852,1.585));
#4065 = VECTOR('',#4066,1.);
#4066 = DIRECTION('',(-0.313726809794,-0.94951329049,0.));
#4067 = ORIENTED_EDGE('',*,*,#4068,.T.);
#4068 = EDGE_CURVE('',#4061,#4069,#4071,.T.);
#4069 = VERTEX_POINT('',#4070);
#4070 = CARTESIAN_POINT('',(11.074899,41.123195,1.585));
#4071 = LINE('',#4072,#4073);
#4072 = CARTESIAN_POINT('',(11.114064,41.18166,1.585));
#4073 = VECTOR('',#4074,1.);
#4074 = DIRECTION('',(-0.556551642882,-0.830813016752,0.));
#4075 = ORIENTED_EDGE('',*,*,#4076,.T.);
#4076 = EDGE_CURVE('',#4069,#4077,#4079,.T.);
#4077 = VERTEX_POINT('',#4078);
#4078 = CARTESIAN_POINT('',(11.001149,41.060682,1.585));
#4079 = LINE('',#4080,#4081);
#4080 = CARTESIAN_POINT('',(11.074899,41.123195,1.585));
#4081 = VECTOR('',#4082,1.);
#4082 = DIRECTION('',(-0.76282927467,-0.64659995183,0.));
#4083 = ORIENTED_EDGE('',*,*,#4084,.T.);
#4084 = EDGE_CURVE('',#4077,#4085,#4087,.T.);
#4085 = VERTEX_POINT('',#4086);
#4086 = CARTESIAN_POINT('',(10.942037,41.038559,1.585));
#4087 = LINE('',#4088,#4089);
#4088 = CARTESIAN_POINT('',(11.001149,41.060682,1.585));
#4089 = VECTOR('',#4090,1.);
#4090 = DIRECTION('',(-0.936558170471,-0.350512187125,0.));
#4091 = ORIENTED_EDGE('',*,*,#4092,.T.);
#4092 = EDGE_CURVE('',#4085,#3963,#4093,.T.);
#4093 = LINE('',#4094,#4095);
#4094 = CARTESIAN_POINT('',(10.942037,41.038559,1.585));
#4095 = VECTOR('',#4096,1.);
#4096 = DIRECTION('',(-0.997159623406,-7.531723208896E-02,0.));
#4097 = PLANE('',#4098);
#4098 = AXIS2_PLACEMENT_3D('',#4099,#4100,#4101);
#4099 = CARTESIAN_POINT('',(0.,0.,1.585));
#4100 = DIRECTION('',(0.,0.,1.));
#4101 = DIRECTION('',(1.,0.,-0.));
#4102 = SHELL_BASED_SURFACE_MODEL('',(#4103));
#4103 = OPEN_SHELL('',(#4104));
#4104 = ADVANCED_FACE('',(#4105,#4147,#4694,#4996),#5248,.T.);
#4105 = FACE_BOUND('',#4106,.F.);
#4106 = EDGE_LOOP('',(#4107,#4117,#4125,#4133,#4141));
#4107 = ORIENTED_EDGE('',*,*,#4108,.T.);
#4108 = EDGE_CURVE('',#4109,#4111,#4113,.T.);
#4109 = VERTEX_POINT('',#4110);
#4110 = CARTESIAN_POINT('',(6.437719,39.487286,1.585));
#4111 = VERTEX_POINT('',#4112);
#4112 = CARTESIAN_POINT('',(6.437719,42.294208,1.585));
#4113 = LINE('',#4114,#4115);
#4114 = CARTESIAN_POINT('',(6.437719,39.487286,1.585));
#4115 = VECTOR('',#4116,1.);
#4116 = DIRECTION('',(0.,1.,0.));
#4117 = ORIENTED_EDGE('',*,*,#4118,.T.);
#4118 = EDGE_CURVE('',#4111,#4119,#4121,.T.);
#4119 = VERTEX_POINT('',#4120);
#4120 = CARTESIAN_POINT('',(12.062156,42.294208,1.585));
#4121 = LINE('',#4122,#4123);
#4122 = CARTESIAN_POINT('',(6.437719,42.294208,1.585));
#4123 = VECTOR('',#4124,1.);
#4124 = DIRECTION('',(1.,0.,0.));
#4125 = ORIENTED_EDGE('',*,*,#4126,.T.);
#4126 = EDGE_CURVE('',#4119,#4127,#4129,.T.);
#4127 = VERTEX_POINT('',#4128);
#4128 = CARTESIAN_POINT('',(12.062156,40.890747,1.585));
#4129 = LINE('',#4130,#4131);
#4130 = CARTESIAN_POINT('',(12.062156,42.294208,1.585));
#4131 = VECTOR('',#4132,1.);
#4132 = DIRECTION('',(0.,-1.,0.));
#4133 = ORIENTED_EDGE('',*,*,#4134,.T.);
#4134 = EDGE_CURVE('',#4127,#4135,#4137,.T.);
#4135 = VERTEX_POINT('',#4136);
#4136 = CARTESIAN_POINT('',(12.062156,39.487286,1.585));
#4137 = LINE('',#4138,#4139);
#4138 = CARTESIAN_POINT('',(12.062156,40.890747,1.585));
#4139 = VECTOR('',#4140,1.);
#4140 = DIRECTION('',(0.,-1.,0.));
#4141 = ORIENTED_EDGE('',*,*,#4142,.T.);
#4142 = EDGE_CURVE('',#4135,#4109,#4143,.T.);
#4143 = LINE('',#4144,#4145);
#4144 = CARTESIAN_POINT('',(12.062156,39.487286,1.585));
#4145 = VECTOR('',#4146,1.);
#4146 = DIRECTION('',(-1.,0.,0.));
#4147 = FACE_BOUND('',#4148,.F.);
#4148 = EDGE_LOOP('',(#4149,#4160,#4168,#4177,#4185,#4193,#4202,#4210,
    #4219,#4227,#4235,#4243,#4251,#4260,#4268,#4277,#4285,#4293,#4301,
    #4309,#4317,#4325,#4333,#4341,#4349,#4357,#4365,#4373,#4381,#4389,
    #4397,#4405,#4413,#4421,#4429,#4437,#4445,#4453,#4461,#4470,#4478,
    #4486,#4494,#4502,#4510,#4518,#4526,#4534,#4542,#4550,#4558,#4566,
    #4575,#4583,#4591,#4599,#4608,#4616,#4624,#4632,#4640,#4648,#4656,
    #4664,#4672,#4680,#4688));
#4149 = ORIENTED_EDGE('',*,*,#4150,.T.);
#4150 = EDGE_CURVE('',#4151,#4153,#4155,.T.);
#4151 = VERTEX_POINT('',#4152);
#4152 = CARTESIAN_POINT('',(9.618021,41.82837,1.585));
#4153 = VERTEX_POINT('',#4154);
#4154 = CARTESIAN_POINT('',(9.189168,41.845748,1.585));
#4155 = CIRCLE('',#4156,0.785754609559);
#4156 = AXIS2_PLACEMENT_3D('',#4157,#4158,#4159);
#4157 = CARTESIAN_POINT('',(9.372989773886,41.081797830232,1.585));
#4158 = DIRECTION('',(0.,0.,1.));
#4159 = DIRECTION('',(0.311841920026,0.950133999452,-0.));
#4160 = ORIENTED_EDGE('',*,*,#4161,.T.);
#4161 = EDGE_CURVE('',#4153,#4162,#4164,.T.);
#4162 = VERTEX_POINT('',#4163);
#4163 = CARTESIAN_POINT('',(9.092445,41.813551,1.585));
#4164 = LINE('',#4165,#4166);
#4165 = CARTESIAN_POINT('',(9.189168,41.845748,1.585));
#4166 = VECTOR('',#4167,1.);
#4167 = DIRECTION('',(-0.94881270507,-0.315839279852,0.));
#4168 = ORIENTED_EDGE('',*,*,#4169,.T.);
#4169 = EDGE_CURVE('',#4162,#4170,#4172,.T.);
#4170 = VERTEX_POINT('',#4171);
#4171 = CARTESIAN_POINT('',(8.899301,41.672911,1.585));
#4172 = CIRCLE('',#4173,0.50164235747);
#4173 = AXIS2_PLACEMENT_3D('',#4174,#4175,#4176);
#4174 = CARTESIAN_POINT('',(9.282665255068,41.349372899084,1.585));
#4175 = DIRECTION('',(0.,0.,1.));
#4176 = DIRECTION('',(-0.379194962776,0.925316799915,0.));
#4177 = ORIENTED_EDGE('',*,*,#4178,.T.);
#4178 = EDGE_CURVE('',#4170,#4179,#4181,.T.);
#4179 = VERTEX_POINT('',#4180);
#4180 = CARTESIAN_POINT('',(8.851417,41.597752,1.585));
#4181 = LINE('',#4182,#4183);
#4182 = CARTESIAN_POINT('',(8.899301,41.672911,1.585));
#4183 = VECTOR('',#4184,1.);
#4184 = DIRECTION('',(-0.537319053979,-0.843379057264,0.));
#4185 = ORIENTED_EDGE('',*,*,#4186,.T.);
#4186 = EDGE_CURVE('',#4179,#4187,#4189,.T.);
#4187 = VERTEX_POINT('',#4188);
#4188 = CARTESIAN_POINT('',(8.819161,41.512138,1.585));
#4189 = LINE('',#4190,#4191);
#4190 = CARTESIAN_POINT('',(8.851417,41.597752,1.585));
#4191 = VECTOR('',#4192,1.);
#4192 = DIRECTION('',(-0.352567619494,-0.935786339762,0.));
#4193 = ORIENTED_EDGE('',*,*,#4194,.T.);
#4194 = EDGE_CURVE('',#4187,#4195,#4197,.T.);
#4195 = VERTEX_POINT('',#4196);
#4196 = CARTESIAN_POINT('',(8.818612,41.23367,1.585));
#4197 = CIRCLE('',#4198,0.539568232005);
#4198 = AXIS2_PLACEMENT_3D('',#4199,#4200,#4201);
#4199 = CARTESIAN_POINT('',(9.340179736723,41.371876269751,1.585));
#4200 = DIRECTION('',(0.,0.,1.));
#4201 = DIRECTION('',(-0.965621594858,0.259951794656,0.));
#4202 = ORIENTED_EDGE('',*,*,#4203,.T.);
#4203 = EDGE_CURVE('',#4195,#4204,#4206,.T.);
#4204 = VERTEX_POINT('',#4205);
#4205 = CARTESIAN_POINT('',(8.851318,41.147338,1.585));
#4206 = LINE('',#4207,#4208);
#4207 = CARTESIAN_POINT('',(8.818612,41.23367,1.585));
#4208 = VECTOR('',#4209,1.);
#4209 = DIRECTION('',(0.354269546253,-0.935143351897,0.));
#4210 = ORIENTED_EDGE('',*,*,#4211,.T.);
#4211 = EDGE_CURVE('',#4204,#4212,#4214,.T.);
#4212 = VERTEX_POINT('',#4213);
#4213 = CARTESIAN_POINT('',(8.979539,40.989957,1.585));
#4214 = CIRCLE('',#4215,0.470367178551);
#4215 = AXIS2_PLACEMENT_3D('',#4216,#4217,#4218);
#4216 = CARTESIAN_POINT('',(9.271499514948,41.358744662984,1.585));
#4217 = DIRECTION('',(0.,0.,1.));
#4218 = DIRECTION('',(-0.893305345501,-0.449450286126,0.));
#4219 = ORIENTED_EDGE('',*,*,#4220,.T.);
#4220 = EDGE_CURVE('',#4212,#4221,#4223,.T.);
#4221 = VERTEX_POINT('',#4222);
#4222 = CARTESIAN_POINT('',(9.103299,40.908571,1.585));
#4223 = LINE('',#4224,#4225);
#4224 = CARTESIAN_POINT('',(8.979539,40.989957,1.585));
#4225 = VECTOR('',#4226,1.);
#4226 = DIRECTION('',(0.835525724308,-0.549451329982,0.));
#4227 = ORIENTED_EDGE('',*,*,#4228,.T.);
#4228 = EDGE_CURVE('',#4221,#4229,#4231,.T.);
#4229 = VERTEX_POINT('',#4230);
#4230 = CARTESIAN_POINT('',(9.424833,40.741874,1.585));
#4231 = LINE('',#4232,#4233);
#4232 = CARTESIAN_POINT('',(9.103299,40.908571,1.585));
#4233 = VECTOR('',#4234,1.);
#4234 = DIRECTION('',(0.88778198548,-0.460264213531,0.));
#4235 = ORIENTED_EDGE('',*,*,#4236,.T.);
#4236 = EDGE_CURVE('',#4229,#4237,#4239,.T.);
#4237 = VERTEX_POINT('',#4238);
#4238 = CARTESIAN_POINT('',(9.541319,40.66743,1.585));
#4239 = LINE('',#4240,#4241);
#4240 = CARTESIAN_POINT('',(9.424833,40.741874,1.585));
#4241 = VECTOR('',#4242,1.);
#4242 = DIRECTION('',(0.842622773601,-0.538504281699,0.));
#4243 = ORIENTED_EDGE('',*,*,#4244,.T.);
#4244 = EDGE_CURVE('',#4237,#4245,#4247,.T.);
#4245 = VERTEX_POINT('',#4246);
#4246 = CARTESIAN_POINT('',(9.580395,40.633289,1.585));
#4247 = LINE('',#4248,#4249);
#4248 = CARTESIAN_POINT('',(9.541319,40.66743,1.585));
#4249 = VECTOR('',#4250,1.);
#4250 = DIRECTION('',(0.753058795609,-0.657953228091,0.));
#4251 = ORIENTED_EDGE('',*,*,#4252,.T.);
#4252 = EDGE_CURVE('',#4245,#4253,#4255,.T.);
#4253 = VERTEX_POINT('',#4254);
#4254 = CARTESIAN_POINT('',(9.649359,40.500581,1.585));
#4255 = CIRCLE('',#4256,0.242261841808);
#4256 = AXIS2_PLACEMENT_3D('',#4257,#4258,#4259);
#4257 = CARTESIAN_POINT('',(9.410405953893,40.460678095942,1.585));
#4258 = DIRECTION('',(0.,0.,-1.));
#4259 = DIRECTION('',(0.70167486897,0.712497282981,0.));
#4260 = ORIENTED_EDGE('',*,*,#4261,.T.);
#4261 = EDGE_CURVE('',#4253,#4262,#4264,.T.);
#4262 = VERTEX_POINT('',#4263);
#4263 = CARTESIAN_POINT('',(9.654005,40.429763,1.585));
#4264 = LINE('',#4265,#4266);
#4265 = CARTESIAN_POINT('',(9.649359,40.500581,1.585));
#4266 = VECTOR('',#4267,1.);
#4267 = DIRECTION('',(6.546406271751E-02,-0.997854927578,0.));
#4268 = ORIENTED_EDGE('',*,*,#4269,.T.);
#4269 = EDGE_CURVE('',#4262,#4270,#4272,.T.);
#4270 = VERTEX_POINT('',#4271);
#4271 = CARTESIAN_POINT('',(9.569118,40.23474,1.585));
#4272 = CIRCLE('',#4273,0.317808543967);
#4273 = AXIS2_PLACEMENT_3D('',#4274,#4275,#4276);
#4274 = CARTESIAN_POINT('',(9.336959769762,40.451776464105,1.585));
#4275 = DIRECTION('',(0.,0.,-1.));
#4276 = DIRECTION('',(0.997598196324,-6.926643264704E-02,0.));
#4277 = ORIENTED_EDGE('',*,*,#4278,.T.);
#4278 = EDGE_CURVE('',#4270,#4279,#4281,.T.);
#4279 = VERTEX_POINT('',#4280);
#4280 = CARTESIAN_POINT('',(9.520038,40.194984,1.585));
#4281 = LINE('',#4282,#4283);
#4282 = CARTESIAN_POINT('',(9.569118,40.23474,1.585));
#4283 = VECTOR('',#4284,1.);
#4284 = DIRECTION('',(-0.777054586022,-0.629433213568,0.));
#4285 = ORIENTED_EDGE('',*,*,#4286,.T.);
#4286 = EDGE_CURVE('',#4279,#4287,#4289,.T.);
#4287 = VERTEX_POINT('',#4288);
#4288 = CARTESIAN_POINT('',(9.443518,40.159951,1.585));
#4289 = LINE('',#4290,#4291);
#4290 = CARTESIAN_POINT('',(9.520038,40.194984,1.585));
#4291 = VECTOR('',#4292,1.);
#4292 = DIRECTION('',(-0.909238768291,-0.41627498392,0.));
#4293 = ORIENTED_EDGE('',*,*,#4294,.T.);
#4294 = EDGE_CURVE('',#4287,#4295,#4297,.T.);
#4295 = VERTEX_POINT('',#4296);
#4296 = CARTESIAN_POINT('',(9.354895,40.139681,1.585));
#4297 = LINE('',#4298,#4299);
#4298 = CARTESIAN_POINT('',(9.443518,40.159951,1.585));
#4299 = VECTOR('',#4300,1.);
#4300 = DIRECTION('',(-0.974826683686,-0.222963980889,0.));
#4301 = ORIENTED_EDGE('',*,*,#4302,.T.);
#4302 = EDGE_CURVE('',#4295,#4303,#4305,.T.);
#4303 = VERTEX_POINT('',#4304);
#4304 = CARTESIAN_POINT('',(9.257648,40.134586,1.585));
#4305 = LINE('',#4306,#4307);
#4306 = CARTESIAN_POINT('',(9.354895,40.139681,1.585));
#4307 = VECTOR('',#4308,1.);
#4308 = DIRECTION('',(-0.99863033932,-5.232060196037E-02,0.));
#4309 = ORIENTED_EDGE('',*,*,#4310,.T.);
#4310 = EDGE_CURVE('',#4303,#4311,#4313,.T.);
#4311 = VERTEX_POINT('',#4312);
#4312 = CARTESIAN_POINT('',(9.133424,40.149298,1.585));
#4313 = LINE('',#4314,#4315);
#4314 = CARTESIAN_POINT('',(9.257648,40.134586,1.585));
#4315 = VECTOR('',#4316,1.);
#4316 = DIRECTION('',(-0.993059943887,0.117609301701,0.));
#4317 = ORIENTED_EDGE('',*,*,#4318,.T.);
#4318 = EDGE_CURVE('',#4311,#4319,#4321,.T.);
#4319 = VERTEX_POINT('',#4320);
#4320 = CARTESIAN_POINT('',(9.022499,40.186961,1.585));
#4321 = LINE('',#4322,#4323);
#4322 = CARTESIAN_POINT('',(9.133424,40.149298,1.585));
#4323 = VECTOR('',#4324,1.);
#4324 = DIRECTION('',(-0.946906647557,0.321508632562,0.));
#4325 = ORIENTED_EDGE('',*,*,#4326,.T.);
#4326 = EDGE_CURVE('',#4319,#4327,#4329,.T.);
#4327 = VERTEX_POINT('',#4328);
#4328 = CARTESIAN_POINT('',(8.792166,40.29229,1.585));
#4329 = LINE('',#4330,#4331);
#4330 = CARTESIAN_POINT('',(9.022499,40.186961,1.585));
#4331 = VECTOR('',#4332,1.);
#4332 = DIRECTION('',(-0.909423836757,0.415870514871,0.));
#4333 = ORIENTED_EDGE('',*,*,#4334,.T.);
#4334 = EDGE_CURVE('',#4327,#4335,#4337,.T.);
#4335 = VERTEX_POINT('',#4336);
#4336 = CARTESIAN_POINT('',(8.774878,40.282171,1.585));
#4337 = LINE('',#4338,#4339);
#4338 = CARTESIAN_POINT('',(8.792166,40.29229,1.585));
#4339 = VECTOR('',#4340,1.);
#4340 = DIRECTION('',(-0.863031986475,-0.505149275286,0.));
#4341 = ORIENTED_EDGE('',*,*,#4342,.T.);
#4342 = EDGE_CURVE('',#4335,#4343,#4345,.T.);
#4343 = VERTEX_POINT('',#4344);
#4344 = CARTESIAN_POINT('',(8.763399,40.252177,1.585));
#4345 = LINE('',#4346,#4347);
#4346 = CARTESIAN_POINT('',(8.774878,40.282171,1.585));
#4347 = VECTOR('',#4348,1.);
#4348 = DIRECTION('',(-0.357428285705,-0.933940587285,0.));
#4349 = ORIENTED_EDGE('',*,*,#4350,.T.);
#4350 = EDGE_CURVE('',#4343,#4351,#4353,.T.);
#4351 = VERTEX_POINT('',#4352);
#4352 = CARTESIAN_POINT('',(8.757402,40.177901,1.585));
#4353 = LINE('',#4354,#4355);
#4354 = CARTESIAN_POINT('',(8.763399,40.252177,1.585));
#4355 = VECTOR('',#4356,1.);
#4356 = DIRECTION('',(-8.047751998896E-02,-0.996756423996,0.));
#4357 = ORIENTED_EDGE('',*,*,#4358,.T.);
#4358 = EDGE_CURVE('',#4351,#4359,#4361,.T.);
#4359 = VERTEX_POINT('',#4360);
#4360 = CARTESIAN_POINT('',(8.758923,40.133745,1.585));
#4361 = LINE('',#4362,#4363);
#4362 = CARTESIAN_POINT('',(8.757402,40.177901,1.585));
#4363 = VECTOR('',#4364,1.);
#4364 = DIRECTION('',(3.442563741315E-02,-0.999407262075,0.));
#4365 = ORIENTED_EDGE('',*,*,#4366,.T.);
#4366 = EDGE_CURVE('',#4359,#4367,#4369,.T.);
#4367 = VERTEX_POINT('',#4368);
#4368 = CARTESIAN_POINT('',(8.764444,40.103964,1.585));
#4369 = LINE('',#4370,#4371);
#4370 = CARTESIAN_POINT('',(8.758923,40.133745,1.585));
#4371 = VECTOR('',#4372,1.);
#4372 = DIRECTION('',(0.182280783978,-0.983246518322,0.));
#4373 = ORIENTED_EDGE('',*,*,#4374,.T.);
#4374 = EDGE_CURVE('',#4367,#4375,#4377,.T.);
#4375 = VERTEX_POINT('',#4376);
#4376 = CARTESIAN_POINT('',(8.779361,40.076572,1.585));
#4377 = LINE('',#4378,#4379);
#4378 = CARTESIAN_POINT('',(8.764444,40.103964,1.585));
#4379 = VECTOR('',#4380,1.);
#4380 = DIRECTION('',(0.478256744396,-0.878220067204,0.));
#4381 = ORIENTED_EDGE('',*,*,#4382,.T.);
#4382 = EDGE_CURVE('',#4375,#4383,#4385,.T.);
#4383 = VERTEX_POINT('',#4384);
#4384 = CARTESIAN_POINT('',(8.816816,40.042033,1.585));
#4385 = LINE('',#4386,#4387);
#4386 = CARTESIAN_POINT('',(8.779361,40.076572,1.585));
#4387 = VECTOR('',#4388,1.);
#4388 = DIRECTION('',(0.735144228961,-0.677910733523,0.));
#4389 = ORIENTED_EDGE('',*,*,#4390,.T.);
#4390 = EDGE_CURVE('',#4383,#4391,#4393,.T.);
#4391 = VERTEX_POINT('',#4392);
#4392 = CARTESIAN_POINT('',(8.872831,40.00864,1.585));
#4393 = LINE('',#4394,#4395);
#4394 = CARTESIAN_POINT('',(8.816816,40.042033,1.585));
#4395 = VECTOR('',#4396,1.);
#4396 = DIRECTION('',(0.858950735586,-0.512058232856,0.));
#4397 = ORIENTED_EDGE('',*,*,#4398,.T.);
#4398 = EDGE_CURVE('',#4391,#4399,#4401,.T.);
#4399 = VERTEX_POINT('',#4400);
#4400 = CARTESIAN_POINT('',(8.944783,39.977605,1.585));
#4401 = LINE('',#4402,#4403);
#4402 = CARTESIAN_POINT('',(8.872831,40.00864,1.585));
#4403 = VECTOR('',#4404,1.);
#4404 = DIRECTION('',(0.918225682347,-0.396057566873,0.));
#4405 = ORIENTED_EDGE('',*,*,#4406,.T.);
#4406 = EDGE_CURVE('',#4399,#4407,#4409,.T.);
#4407 = VERTEX_POINT('',#4408);
#4408 = CARTESIAN_POINT('',(9.080463,39.93728,1.585));
#4409 = LINE('',#4410,#4411);
#4410 = CARTESIAN_POINT('',(8.944783,39.977605,1.585));
#4411 = VECTOR('',#4412,1.);
#4412 = DIRECTION('',(0.958560084244,-0.28489044367,0.));
#4413 = ORIENTED_EDGE('',*,*,#4414,.T.);
#4414 = EDGE_CURVE('',#4407,#4415,#4417,.T.);
#4415 = VERTEX_POINT('',#4416);
#4416 = CARTESIAN_POINT('',(9.192611,39.925602,1.585));
#4417 = LINE('',#4418,#4419);
#4418 = CARTESIAN_POINT('',(9.080463,39.93728,1.585));
#4419 = VECTOR('',#4420,1.);
#4420 = DIRECTION('',(0.994622140087,-0.103570258515,0.));
#4421 = ORIENTED_EDGE('',*,*,#4422,.T.);
#4422 = EDGE_CURVE('',#4415,#4423,#4425,.T.);
#4423 = VERTEX_POINT('',#4424);
#4424 = CARTESIAN_POINT('',(9.337675,39.927028,1.585));
#4425 = LINE('',#4426,#4427);
#4426 = CARTESIAN_POINT('',(9.192611,39.925602,1.585));
#4427 = VECTOR('',#4428,1.);
#4428 = DIRECTION('',(0.999951687636,9.829669018996E-03,0.));
#4429 = ORIENTED_EDGE('',*,*,#4430,.T.);
#4430 = EDGE_CURVE('',#4423,#4431,#4433,.T.);
#4431 = VERTEX_POINT('',#4432);
#4432 = CARTESIAN_POINT('',(9.468847,39.940118,1.585));
#4433 = LINE('',#4434,#4435);
#4434 = CARTESIAN_POINT('',(9.337675,39.927028,1.585));
#4435 = VECTOR('',#4436,1.);
#4436 = DIRECTION('',(0.995057598591,9.929942339488E-02,0.));
#4437 = ORIENTED_EDGE('',*,*,#4438,.T.);
#4438 = EDGE_CURVE('',#4431,#4439,#4441,.T.);
#4439 = VERTEX_POINT('',#4440);
#4440 = CARTESIAN_POINT('',(9.514742,39.950635,1.585));
#4441 = LINE('',#4442,#4443);
#4442 = CARTESIAN_POINT('',(9.468847,39.940118,1.585));
#4443 = VECTOR('',#4444,1.);
#4444 = DIRECTION('',(0.974735112283,0.223363965048,0.));
#4445 = ORIENTED_EDGE('',*,*,#4446,.T.);
#4446 = EDGE_CURVE('',#4439,#4447,#4449,.T.);
#4447 = VERTEX_POINT('',#4448);
#4448 = CARTESIAN_POINT('',(9.621538,39.994676,1.585));
#4449 = LINE('',#4450,#4451);
#4450 = CARTESIAN_POINT('',(9.514742,39.950635,1.585));
#4451 = VECTOR('',#4452,1.);
#4452 = DIRECTION('',(0.92447628326,0.38123955945,0.));
#4453 = ORIENTED_EDGE('',*,*,#4454,.T.);
#4454 = EDGE_CURVE('',#4447,#4455,#4457,.T.);
#4455 = VERTEX_POINT('',#4456);
#4456 = CARTESIAN_POINT('',(9.713455,40.052453,1.585));
#4457 = LINE('',#4458,#4459);
#4458 = CARTESIAN_POINT('',(9.621538,39.994676,1.585));
#4459 = VECTOR('',#4460,1.);
#4460 = DIRECTION('',(0.846634059199,0.53217550658,0.));
#4461 = ORIENTED_EDGE('',*,*,#4462,.T.);
#4462 = EDGE_CURVE('',#4455,#4463,#4465,.T.);
#4463 = VERTEX_POINT('',#4464);
#4464 = CARTESIAN_POINT('',(9.892897,40.30555,1.585));
#4465 = CIRCLE('',#4466,0.512667282258);
#4466 = AXIS2_PLACEMENT_3D('',#4467,#4468,#4469);
#4467 = CARTESIAN_POINT('',(9.404561126522,40.461613503013,1.585));
#4468 = DIRECTION('',(0.,0.,1.));
#4469 = DIRECTION('',(0.602523086937,-0.798101453268,0.));
#4470 = ORIENTED_EDGE('',*,*,#4471,.T.);
#4471 = EDGE_CURVE('',#4463,#4472,#4474,.T.);
#4472 = VERTEX_POINT('',#4473);
#4473 = CARTESIAN_POINT('',(9.907413,40.371028,1.585));
#4474 = LINE('',#4475,#4476);
#4475 = CARTESIAN_POINT('',(9.892897,40.30555,1.585));
#4476 = VECTOR('',#4477,1.);
#4477 = DIRECTION('',(0.216437864172,0.976296395032,0.));
#4478 = ORIENTED_EDGE('',*,*,#4479,.T.);
#4479 = EDGE_CURVE('',#4472,#4480,#4482,.T.);
#4480 = VERTEX_POINT('',#4481);
#4481 = CARTESIAN_POINT('',(9.914277,40.446829,1.585));
#4482 = LINE('',#4483,#4484);
#4483 = CARTESIAN_POINT('',(9.907413,40.371028,1.585));
#4484 = VECTOR('',#4485,1.);
#4485 = DIRECTION('',(9.018390375667E-02,0.995925129467,0.));
#4486 = ORIENTED_EDGE('',*,*,#4487,.T.);
#4487 = EDGE_CURVE('',#4480,#4488,#4490,.T.);
#4488 = VERTEX_POINT('',#4489);
#4489 = CARTESIAN_POINT('',(9.913352,40.524292,1.585));
#4490 = LINE('',#4491,#4492);
#4491 = CARTESIAN_POINT('',(9.914277,40.446829,1.585));
#4492 = VECTOR('',#4493,1.);
#4493 = DIRECTION('',(-1.194033355668E-02,0.999928711676,0.));
#4494 = ORIENTED_EDGE('',*,*,#4495,.T.);
#4495 = EDGE_CURVE('',#4488,#4496,#4498,.T.);
#4496 = VERTEX_POINT('',#4497);
#4497 = CARTESIAN_POINT('',(9.897879,40.621942,1.585));
#4498 = LINE('',#4499,#4500);
#4499 = CARTESIAN_POINT('',(9.913352,40.524292,1.585));
#4500 = VECTOR('',#4501,1.);
#4501 = DIRECTION('',(-0.156501159362,0.987677774944,0.));
#4502 = ORIENTED_EDGE('',*,*,#4503,.T.);
#4503 = EDGE_CURVE('',#4496,#4504,#4506,.T.);
#4504 = VERTEX_POINT('',#4505);
#4505 = CARTESIAN_POINT('',(9.869198,40.69122,1.585));
#4506 = LINE('',#4507,#4508);
#4507 = CARTESIAN_POINT('',(9.897879,40.621942,1.585));
#4508 = VECTOR('',#4509,1.);
#4509 = DIRECTION('',(-0.382513954708,0.923949714245,0.));
#4510 = ORIENTED_EDGE('',*,*,#4511,.T.);
#4511 = EDGE_CURVE('',#4504,#4512,#4514,.T.);
#4512 = VERTEX_POINT('',#4513);
#4513 = CARTESIAN_POINT('',(9.825524,40.761196,1.585));
#4514 = LINE('',#4515,#4516);
#4515 = CARTESIAN_POINT('',(9.869198,40.69122,1.585));
#4516 = VECTOR('',#4517,1.);
#4517 = DIRECTION('',(-0.52946705117,0.848330502649,0.));
#4518 = ORIENTED_EDGE('',*,*,#4519,.T.);
#4519 = EDGE_CURVE('',#4512,#4520,#4522,.T.);
#4520 = VERTEX_POINT('',#4521);
#4521 = CARTESIAN_POINT('',(9.771632,40.824957,1.585));
#4522 = LINE('',#4523,#4524);
#4523 = CARTESIAN_POINT('',(9.825524,40.761196,1.585));
#4524 = VECTOR('',#4525,1.);
#4525 = DIRECTION('',(-0.645526008332,0.763738288007,0.));
#4526 = ORIENTED_EDGE('',*,*,#4527,.T.);
#4527 = EDGE_CURVE('',#4520,#4528,#4530,.T.);
#4528 = VERTEX_POINT('',#4529);
#4529 = CARTESIAN_POINT('',(9.702745,40.881258,1.585));
#4530 = LINE('',#4531,#4532);
#4531 = CARTESIAN_POINT('',(9.771632,40.824957,1.585));
#4532 = VECTOR('',#4533,1.);
#4533 = DIRECTION('',(-0.774293723853,0.632826381562,0.));
#4534 = ORIENTED_EDGE('',*,*,#4535,.T.);
#4535 = EDGE_CURVE('',#4528,#4536,#4538,.T.);
#4536 = VERTEX_POINT('',#4537);
#4537 = CARTESIAN_POINT('',(9.530631,40.977783,1.585));
#4538 = LINE('',#4539,#4540);
#4539 = CARTESIAN_POINT('',(9.702745,40.881258,1.585));
#4540 = VECTOR('',#4541,1.);
#4541 = DIRECTION('',(-0.872200890231,0.489147837652,0.));
#4542 = ORIENTED_EDGE('',*,*,#4543,.T.);
#4543 = EDGE_CURVE('',#4536,#4544,#4546,.T.);
#4544 = VERTEX_POINT('',#4545);
#4545 = CARTESIAN_POINT('',(9.303788,41.093489,1.585));
#4546 = LINE('',#4547,#4548);
#4547 = CARTESIAN_POINT('',(9.530631,40.977783,1.585));
#4548 = VECTOR('',#4549,1.);
#4549 = DIRECTION('',(-0.89080991389,0.454376162794,0.));
#4550 = ORIENTED_EDGE('',*,*,#4551,.T.);
#4551 = EDGE_CURVE('',#4544,#4552,#4554,.T.);
#4552 = VERTEX_POINT('',#4553);
#4553 = CARTESIAN_POINT('',(9.191922,41.161301,1.585));
#4554 = LINE('',#4555,#4556);
#4555 = CARTESIAN_POINT('',(9.303788,41.093489,1.585));
#4556 = VECTOR('',#4557,1.);
#4557 = DIRECTION('',(-0.855148952849,0.518382357379,0.));
#4558 = ORIENTED_EDGE('',*,*,#4559,.T.);
#4559 = EDGE_CURVE('',#4552,#4560,#4562,.T.);
#4560 = VERTEX_POINT('',#4561);
#4561 = CARTESIAN_POINT('',(9.125543,41.218289,1.585));
#4562 = LINE('',#4563,#4564);
#4563 = CARTESIAN_POINT('',(9.191922,41.161301,1.585));
#4564 = VECTOR('',#4565,1.);
#4565 = DIRECTION('',(-0.758738363131,0.65139549915,0.));
#4566 = ORIENTED_EDGE('',*,*,#4567,.T.);
#4567 = EDGE_CURVE('',#4560,#4568,#4570,.T.);
#4568 = VERTEX_POINT('',#4569);
#4569 = CARTESIAN_POINT('',(9.084531,41.518367,1.585));
#4570 = CIRCLE('',#4571,0.273255942746);
#4571 = AXIS2_PLACEMENT_3D('',#4572,#4573,#4574);
#4572 = CARTESIAN_POINT('',(9.330398808548,41.399128453523,1.585));
#4573 = DIRECTION('',(0.,0.,-1.));
#4574 = DIRECTION('',(-0.749684733254,-0.661795135013,-0.));
#4575 = ORIENTED_EDGE('',*,*,#4576,.T.);
#4576 = EDGE_CURVE('',#4568,#4577,#4579,.T.);
#4577 = VERTEX_POINT('',#4578);
#4578 = CARTESIAN_POINT('',(9.124648,41.57417,1.585));
#4579 = LINE('',#4580,#4581);
#4580 = CARTESIAN_POINT('',(9.084531,41.518367,1.585));
#4581 = VECTOR('',#4582,1.);
#4582 = DIRECTION('',(0.583718494301,0.811956106825,0.));
#4583 = ORIENTED_EDGE('',*,*,#4584,.T.);
#4584 = EDGE_CURVE('',#4577,#4585,#4587,.T.);
#4585 = VERTEX_POINT('',#4586);
#4586 = CARTESIAN_POINT('',(9.18047,41.615779,1.585));
#4587 = LINE('',#4588,#4589);
#4588 = CARTESIAN_POINT('',(9.124648,41.57417,1.585));
#4589 = VECTOR('',#4590,1.);
#4590 = DIRECTION('',(0.801771765883,0.59763035016,0.));
#4591 = ORIENTED_EDGE('',*,*,#4592,.T.);
#4592 = EDGE_CURVE('',#4585,#4593,#4595,.T.);
#4593 = VERTEX_POINT('',#4594);
#4594 = CARTESIAN_POINT('',(9.251954,41.643172,1.585));
#4595 = LINE('',#4596,#4597);
#4596 = CARTESIAN_POINT('',(9.18047,41.615779,1.585));
#4597 = VECTOR('',#4598,1.);
#4598 = DIRECTION('',(0.933786277616,0.357831228005,0.));
#4599 = ORIENTED_EDGE('',*,*,#4600,.T.);
#4600 = EDGE_CURVE('',#4593,#4601,#4603,.T.);
#4601 = VERTEX_POINT('',#4602);
#4602 = CARTESIAN_POINT('',(9.451526,41.652399,1.585));
#4603 = CIRCLE('',#4604,0.544489549826);
#4604 = AXIS2_PLACEMENT_3D('',#4605,#4606,#4607);
#4605 = CARTESIAN_POINT('',(9.376460214143,41.113108727824,1.585));
#4606 = DIRECTION('',(0.,0.,-1.));
#4607 = DIRECTION('',(-0.228665938919,0.973504950361,0.));
#4608 = ORIENTED_EDGE('',*,*,#4609,.T.);
#4609 = EDGE_CURVE('',#4601,#4610,#4612,.T.);
#4610 = VERTEX_POINT('',#4611);
#4611 = CARTESIAN_POINT('',(9.505217,41.639938,1.585));
#4612 = LINE('',#4613,#4614);
#4613 = CARTESIAN_POINT('',(9.451526,41.652399,1.585));
#4614 = VECTOR('',#4615,1.);
#4615 = DIRECTION('',(0.974109116646,-0.226078368861,0.));
#4616 = ORIENTED_EDGE('',*,*,#4617,.T.);
#4617 = EDGE_CURVE('',#4610,#4618,#4620,.T.);
#4618 = VERTEX_POINT('',#4619);
#4619 = CARTESIAN_POINT('',(9.636122,41.587716,1.585));
#4620 = LINE('',#4621,#4622);
#4621 = CARTESIAN_POINT('',(9.505217,41.639938,1.585));
#4622 = VECTOR('',#4623,1.);
#4623 = DIRECTION('',(0.928818830874,-0.370534181169,0.));
#4624 = ORIENTED_EDGE('',*,*,#4625,.T.);
#4625 = EDGE_CURVE('',#4618,#4626,#4628,.T.);
#4626 = VERTEX_POINT('',#4627);
#4627 = CARTESIAN_POINT('',(9.75459,41.537224,1.585));
#4628 = LINE('',#4629,#4630);
#4629 = CARTESIAN_POINT('',(9.636122,41.587716,1.585));
#4630 = VECTOR('',#4631,1.);
#4631 = DIRECTION('',(0.919930427495,-0.392081635083,0.));
#4632 = ORIENTED_EDGE('',*,*,#4633,.T.);
#4633 = EDGE_CURVE('',#4626,#4634,#4636,.T.);
#4634 = VERTEX_POINT('',#4635);
#4635 = CARTESIAN_POINT('',(9.78246,41.535167,1.585));
#4636 = LINE('',#4637,#4638);
#4637 = CARTESIAN_POINT('',(9.75459,41.537224,1.585));
#4638 = VECTOR('',#4639,1.);
#4639 = DIRECTION('',(0.997287344073,-7.360674799998E-02,0.));
#4640 = ORIENTED_EDGE('',*,*,#4641,.T.);
#4641 = EDGE_CURVE('',#4634,#4642,#4644,.T.);
#4642 = VERTEX_POINT('',#4643);
#4643 = CARTESIAN_POINT('',(9.799006,41.547695,1.585));
#4644 = LINE('',#4645,#4646);
#4645 = CARTESIAN_POINT('',(9.78246,41.535167,1.585));
#4646 = VECTOR('',#4647,1.);
#4647 = DIRECTION('',(0.797250953185,0.603648008069,0.));
#4648 = ORIENTED_EDGE('',*,*,#4649,.T.);
#4649 = EDGE_CURVE('',#4642,#4650,#4652,.T.);
#4650 = VERTEX_POINT('',#4651);
#4651 = CARTESIAN_POINT('',(9.806695,41.57637,1.585));
#4652 = LINE('',#4653,#4654);
#4653 = CARTESIAN_POINT('',(9.799006,41.547695,1.585));
#4654 = VECTOR('',#4655,1.);
#4655 = DIRECTION('',(0.258993679372,0.965879016257,0.));
#4656 = ORIENTED_EDGE('',*,*,#4657,.T.);
#4657 = EDGE_CURVE('',#4650,#4658,#4660,.T.);
#4658 = VERTEX_POINT('',#4659);
#4659 = CARTESIAN_POINT('',(9.801822,41.711057,1.585));
#4660 = LINE('',#4661,#4662);
#4661 = CARTESIAN_POINT('',(9.806695,41.57637,1.585));
#4662 = VECTOR('',#4663,1.);
#4663 = DIRECTION('',(-3.615652391057E-02,0.999346139122,0.));
#4664 = ORIENTED_EDGE('',*,*,#4665,.T.);
#4665 = EDGE_CURVE('',#4658,#4666,#4668,.T.);
#4666 = VERTEX_POINT('',#4667);
#4667 = CARTESIAN_POINT('',(9.79055,41.737428,1.585));
#4668 = LINE('',#4669,#4670);
#4669 = CARTESIAN_POINT('',(9.801822,41.711057,1.585));
#4670 = VECTOR('',#4671,1.);
#4671 = DIRECTION('',(-0.393039586228,0.919521551492,0.));
#4672 = ORIENTED_EDGE('',*,*,#4673,.T.);
#4673 = EDGE_CURVE('',#4666,#4674,#4676,.T.);
#4674 = VERTEX_POINT('',#4675);
#4675 = CARTESIAN_POINT('',(9.76816,41.758965,1.585));
#4676 = LINE('',#4677,#4678);
#4677 = CARTESIAN_POINT('',(9.79055,41.737428,1.585));
#4678 = VECTOR('',#4679,1.);
#4679 = DIRECTION('',(-0.720701922575,0.693245078451,0.));
#4680 = ORIENTED_EDGE('',*,*,#4681,.T.);
#4681 = EDGE_CURVE('',#4674,#4682,#4684,.T.);
#4682 = VERTEX_POINT('',#4683);
#4683 = CARTESIAN_POINT('',(9.718859,41.786748,1.585));
#4684 = LINE('',#4685,#4686);
#4685 = CARTESIAN_POINT('',(9.76816,41.758965,1.585));
#4686 = VECTOR('',#4687,1.);
#4687 = DIRECTION('',(-0.871188763118,0.490948204006,0.));
#4688 = ORIENTED_EDGE('',*,*,#4689,.T.);
#4689 = EDGE_CURVE('',#4682,#4151,#4690,.T.);
#4690 = LINE('',#4691,#4692);
#4691 = CARTESIAN_POINT('',(9.718859,41.786748,1.585));
#4692 = VECTOR('',#4693,1.);
#4693 = DIRECTION('',(-0.924353510855,0.381537137079,0.));
#4694 = FACE_BOUND('',#4695,.F.);
#4695 = EDGE_LOOP('',(#4696,#4706,#4714,#4722,#4730,#4738,#4746,#4755,
    #4763,#4771,#4780,#4788,#4796,#4804,#4812,#4820,#4828,#4836,#4844,
    #4852,#4860,#4868,#4876,#4884,#4892,#4900,#4908,#4916,#4925,#4933,
    #4941,#4949,#4958,#4966,#4974,#4982,#4990));
#4696 = ORIENTED_EDGE('',*,*,#4697,.T.);
#4697 = EDGE_CURVE('',#4698,#4700,#4702,.T.);
#4698 = VERTEX_POINT('',#4699);
#4699 = CARTESIAN_POINT('',(8.397269,41.826081,1.585));
#4700 = VERTEX_POINT('',#4701);
#4701 = CARTESIAN_POINT('',(8.329534,41.844701,1.585));
#4702 = LINE('',#4703,#4704);
#4703 = CARTESIAN_POINT('',(8.397269,41.826081,1.585));
#4704 = VECTOR('',#4705,1.);
#4705 = DIRECTION('',(-0.964231319522,0.265062186012,0.));
#4706 = ORIENTED_EDGE('',*,*,#4707,.T.);
#4707 = EDGE_CURVE('',#4700,#4708,#4710,.T.);
#4708 = VERTEX_POINT('',#4709);
#4709 = CARTESIAN_POINT('',(8.23544,41.846951,1.585));
#4710 = LINE('',#4711,#4712);
#4711 = CARTESIAN_POINT('',(8.329534,41.844701,1.585));
#4712 = VECTOR('',#4713,1.);
#4713 = DIRECTION('',(-0.999714224508,2.390542441749E-02,0.));
#4714 = ORIENTED_EDGE('',*,*,#4715,.T.);
#4715 = EDGE_CURVE('',#4708,#4716,#4718,.T.);
#4716 = VERTEX_POINT('',#4717);
#4717 = CARTESIAN_POINT('',(8.158945,41.832507,1.585));
#4718 = LINE('',#4719,#4720);
#4719 = CARTESIAN_POINT('',(8.23544,41.846951,1.585));
#4720 = VECTOR('',#4721,1.);
#4721 = DIRECTION('',(-0.982635943968,-0.185544069216,0.));
#4722 = ORIENTED_EDGE('',*,*,#4723,.T.);
#4723 = EDGE_CURVE('',#4716,#4724,#4726,.T.);
#4724 = VERTEX_POINT('',#4725);
#4725 = CARTESIAN_POINT('',(8.145863,40.653945,1.585));
#4726 = LINE('',#4727,#4728);
#4727 = CARTESIAN_POINT('',(8.158945,41.832507,1.585));
#4728 = VECTOR('',#4729,1.);
#4729 = DIRECTION('',(-1.109928384129E-02,-0.999938401052,0.));
#4730 = ORIENTED_EDGE('',*,*,#4731,.T.);
#4731 = EDGE_CURVE('',#4724,#4732,#4734,.T.);
#4732 = VERTEX_POINT('',#4733);
#4733 = CARTESIAN_POINT('',(8.131976,40.471728,1.585));
#4734 = LINE('',#4735,#4736);
#4735 = CARTESIAN_POINT('',(8.145863,40.653945,1.585));
#4736 = VECTOR('',#4737,1.);
#4737 = DIRECTION('',(-7.599096585612E-02,-0.997108506186,0.));
#4738 = ORIENTED_EDGE('',*,*,#4739,.T.);
#4739 = EDGE_CURVE('',#4732,#4740,#4742,.T.);
#4740 = VERTEX_POINT('',#4741);
#4741 = CARTESIAN_POINT('',(8.111197,40.399688,1.585));
#4742 = LINE('',#4743,#4744);
#4743 = CARTESIAN_POINT('',(8.131976,40.471728,1.585));
#4744 = VECTOR('',#4745,1.);
#4745 = DIRECTION('',(-0.277138866882,-0.960829874881,0.));
#4746 = ORIENTED_EDGE('',*,*,#4747,.T.);
#4747 = EDGE_CURVE('',#4740,#4748,#4750,.T.);
#4748 = VERTEX_POINT('',#4749);
#4749 = CARTESIAN_POINT('',(8.013547,40.254099,1.585));
#4750 = CIRCLE('',#4751,0.445879063124);
#4751 = AXIS2_PLACEMENT_3D('',#4752,#4753,#4754);
#4752 = CARTESIAN_POINT('',(7.69929861515,40.570415442115,1.585));
#4753 = DIRECTION('',(0.,0.,-1.));
#4754 = DIRECTION('',(0.923789473233,-0.382900782375,0.));
#4755 = ORIENTED_EDGE('',*,*,#4756,.T.);
#4756 = EDGE_CURVE('',#4748,#4757,#4759,.T.);
#4757 = VERTEX_POINT('',#4758);
#4758 = CARTESIAN_POINT('',(7.936976,40.191378,1.585));
#4759 = LINE('',#4760,#4761);
#4760 = CARTESIAN_POINT('',(8.013547,40.254099,1.585));
#4761 = VECTOR('',#4762,1.);
#4762 = DIRECTION('',(-0.773600668908,-0.63367342146,0.));
#4763 = ORIENTED_EDGE('',*,*,#4764,.T.);
#4764 = EDGE_CURVE('',#4757,#4765,#4767,.T.);
#4765 = VERTEX_POINT('',#4766);
#4766 = CARTESIAN_POINT('',(7.872914,40.163214,1.585));
#4767 = LINE('',#4768,#4769);
#4768 = CARTESIAN_POINT('',(7.936976,40.191378,1.585));
#4769 = VECTOR('',#4770,1.);
#4770 = DIRECTION('',(-0.915437622355,-0.402459885673,0.));
#4771 = ORIENTED_EDGE('',*,*,#4772,.T.);
#4772 = EDGE_CURVE('',#4765,#4773,#4775,.T.);
#4773 = VERTEX_POINT('',#4774);
#4774 = CARTESIAN_POINT('',(7.568954,40.145139,1.585));
#4775 = CIRCLE('',#4776,0.631123537136);
#4776 = AXIS2_PLACEMENT_3D('',#4777,#4778,#4779);
#4777 = CARTESIAN_POINT('',(7.684576793351,40.765581010816,1.585));
#4778 = DIRECTION('',(-0.,0.,-1.));
#4779 = DIRECTION('',(0.298415754709,-0.95443597865,-0.));
#4780 = ORIENTED_EDGE('',*,*,#4781,.T.);
#4781 = EDGE_CURVE('',#4773,#4782,#4784,.T.);
#4782 = VERTEX_POINT('',#4783);
#4783 = CARTESIAN_POINT('',(7.478955,40.173468,1.585));
#4784 = LINE('',#4785,#4786);
#4785 = CARTESIAN_POINT('',(7.568954,40.145139,1.585));
#4786 = VECTOR('',#4787,1.);
#4787 = DIRECTION('',(-0.953861449065,0.300247124863,0.));
#4788 = ORIENTED_EDGE('',*,*,#4789,.T.);
#4789 = EDGE_CURVE('',#4782,#4790,#4792,.T.);
#4790 = VERTEX_POINT('',#4791);
#4791 = CARTESIAN_POINT('',(7.401974,40.218259,1.585));
#4792 = LINE('',#4793,#4794);
#4793 = CARTESIAN_POINT('',(7.478955,40.173468,1.585));
#4794 = VECTOR('',#4795,1.);
#4795 = DIRECTION('',(-0.86433831031,0.502910812501,0.));
#4796 = ORIENTED_EDGE('',*,*,#4797,.T.);
#4797 = EDGE_CURVE('',#4790,#4798,#4800,.T.);
#4798 = VERTEX_POINT('',#4799);
#4799 = CARTESIAN_POINT('',(7.337708,40.279798,1.585));
#4800 = LINE('',#4801,#4802);
#4801 = CARTESIAN_POINT('',(7.401974,40.218259,1.585));
#4802 = VECTOR('',#4803,1.);
#4803 = DIRECTION('',(-0.722264649368,0.691616784263,0.));
#4804 = ORIENTED_EDGE('',*,*,#4805,.T.);
#4805 = EDGE_CURVE('',#4798,#4806,#4808,.T.);
#4806 = VERTEX_POINT('',#4807);
#4807 = CARTESIAN_POINT('',(7.285851,40.35837,1.585));
#4808 = LINE('',#4809,#4810);
#4809 = CARTESIAN_POINT('',(7.337708,40.279798,1.585));
#4810 = VECTOR('',#4811,1.);
#4811 = DIRECTION('',(-0.550838360754,0.83461194595,0.));
#4812 = ORIENTED_EDGE('',*,*,#4813,.T.);
#4813 = EDGE_CURVE('',#4806,#4814,#4816,.T.);
#4814 = VERTEX_POINT('',#4815);
#4815 = CARTESIAN_POINT('',(7.241123,40.472024,1.585));
#4816 = LINE('',#4817,#4818);
#4817 = CARTESIAN_POINT('',(7.285851,40.35837,1.585));
#4818 = VECTOR('',#4819,1.);
#4819 = DIRECTION('',(-0.366207061934,0.930533388863,0.));
#4820 = ORIENTED_EDGE('',*,*,#4821,.T.);
#4821 = EDGE_CURVE('',#4814,#4822,#4824,.T.);
#4822 = VERTEX_POINT('',#4823);
#4823 = CARTESIAN_POINT('',(7.230794,40.566579,1.585));
#4824 = LINE('',#4825,#4826);
#4825 = CARTESIAN_POINT('',(7.241123,40.472024,1.585));
#4826 = VECTOR('',#4827,1.);
#4827 = DIRECTION('',(-0.108592019871,0.994086401285,0.));
#4828 = ORIENTED_EDGE('',*,*,#4829,.T.);
#4829 = EDGE_CURVE('',#4822,#4830,#4832,.T.);
#4830 = VERTEX_POINT('',#4831);
#4831 = CARTESIAN_POINT('',(7.220503,41.826852,1.585));
#4832 = LINE('',#4833,#4834);
#4833 = CARTESIAN_POINT('',(7.230794,40.566579,1.585));
#4834 = VECTOR('',#4835,1.);
#4835 = DIRECTION('',(-8.165418859945E-03,0.999966662412,0.));
#4836 = ORIENTED_EDGE('',*,*,#4837,.T.);
#4837 = EDGE_CURVE('',#4830,#4838,#4840,.T.);
#4838 = VERTEX_POINT('',#4839);
#4839 = CARTESIAN_POINT('',(7.146124,41.846668,1.585));
#4840 = LINE('',#4841,#4842);
#4841 = CARTESIAN_POINT('',(7.220503,41.826852,1.585));
#4842 = VECTOR('',#4843,1.);
#4843 = DIRECTION('',(-0.966294426736,0.257439470283,0.));
#4844 = ORIENTED_EDGE('',*,*,#4845,.T.);
#4845 = EDGE_CURVE('',#4838,#4846,#4848,.T.);
#4846 = VERTEX_POINT('',#4847);
#4847 = CARTESIAN_POINT('',(7.057473,41.845925,1.585));
#4848 = LINE('',#4849,#4850);
#4849 = CARTESIAN_POINT('',(7.146124,41.846668,1.585));
#4850 = VECTOR('',#4851,1.);
#4851 = DIRECTION('',(-0.99996487976,-8.380885784273E-03,0.));
#4852 = ORIENTED_EDGE('',*,*,#4853,.T.);
#4853 = EDGE_CURVE('',#4846,#4854,#4856,.T.);
#4854 = VERTEX_POINT('',#4855);
#4855 = CARTESIAN_POINT('',(7.017653,41.839036,1.585));
#4856 = LINE('',#4857,#4858);
#4857 = CARTESIAN_POINT('',(7.057473,41.845925,1.585));
#4858 = VECTOR('',#4859,1.);
#4859 = DIRECTION('',(-0.985362658375,-0.170471204258,0.));
#4860 = ORIENTED_EDGE('',*,*,#4861,.T.);
#4861 = EDGE_CURVE('',#4854,#4862,#4864,.T.);
#4862 = VERTEX_POINT('',#4863);
#4863 = CARTESIAN_POINT('',(6.980649,41.821491,1.585));
#4864 = LINE('',#4865,#4866);
#4865 = CARTESIAN_POINT('',(7.017653,41.839036,1.585));
#4866 = VECTOR('',#4867,1.);
#4867 = DIRECTION('',(-0.903579167632,-0.428421157067,0.));
#4868 = ORIENTED_EDGE('',*,*,#4869,.T.);
#4869 = EDGE_CURVE('',#4862,#4870,#4872,.T.);
#4870 = VERTEX_POINT('',#4871);
#4871 = CARTESIAN_POINT('',(6.971216,41.75145,1.585));
#4872 = LINE('',#4873,#4874);
#4873 = CARTESIAN_POINT('',(6.980649,41.821491,1.585));
#4874 = VECTOR('',#4875,1.);
#4875 = DIRECTION('',(-0.133473215478,-0.991052420788,0.));
#4876 = ORIENTED_EDGE('',*,*,#4877,.T.);
#4877 = EDGE_CURVE('',#4870,#4878,#4880,.T.);
#4878 = VERTEX_POINT('',#4879);
#4879 = CARTESIAN_POINT('',(6.968669,41.416304,1.585));
#4880 = LINE('',#4881,#4882);
#4881 = CARTESIAN_POINT('',(6.971216,41.75145,1.585));
#4882 = VECTOR('',#4883,1.);
#4883 = DIRECTION('',(-7.599453528181E-03,-0.999971123736,0.));
#4884 = ORIENTED_EDGE('',*,*,#4885,.T.);
#4885 = EDGE_CURVE('',#4878,#4886,#4888,.T.);
#4886 = VERTEX_POINT('',#4887);
#4887 = CARTESIAN_POINT('',(6.977544,40.549089,1.585));
#4888 = LINE('',#4889,#4890);
#4889 = CARTESIAN_POINT('',(6.968669,41.416304,1.585));
#4890 = VECTOR('',#4891,1.);
#4891 = DIRECTION('',(1.023337382797E-02,-0.999947637659,0.));
#4892 = ORIENTED_EDGE('',*,*,#4893,.T.);
#4893 = EDGE_CURVE('',#4886,#4894,#4896,.T.);
#4894 = VERTEX_POINT('',#4895);
#4895 = CARTESIAN_POINT('',(6.987987,40.441983,1.585));
#4896 = LINE('',#4897,#4898);
#4897 = CARTESIAN_POINT('',(6.977544,40.549089,1.585));
#4898 = VECTOR('',#4899,1.);
#4899 = DIRECTION('',(9.704136728326E-02,-0.995280348965,0.));
#4900 = ORIENTED_EDGE('',*,*,#4901,.T.);
#4901 = EDGE_CURVE('',#4894,#4902,#4904,.T.);
#4902 = VERTEX_POINT('',#4903);
#4903 = CARTESIAN_POINT('',(7.03797,40.287664,1.585));
#4904 = LINE('',#4905,#4906);
#4905 = CARTESIAN_POINT('',(6.987987,40.441983,1.585));
#4906 = VECTOR('',#4907,1.);
#4907 = DIRECTION('',(0.308134262155,-0.951342880609,0.));
#4908 = ORIENTED_EDGE('',*,*,#4909,.T.);
#4909 = EDGE_CURVE('',#4902,#4910,#4912,.T.);
#4910 = VERTEX_POINT('',#4911);
#4911 = CARTESIAN_POINT('',(7.092573,40.187735,1.585));
#4912 = LINE('',#4913,#4914);
#4913 = CARTESIAN_POINT('',(7.03797,40.287664,1.585));
#4914 = VECTOR('',#4915,1.);
#4915 = DIRECTION('',(0.479503573676,-0.877539926631,0.));
#4916 = ORIENTED_EDGE('',*,*,#4917,.T.);
#4917 = EDGE_CURVE('',#4910,#4918,#4920,.T.);
#4918 = VERTEX_POINT('',#4919);
#4919 = CARTESIAN_POINT('',(7.342699,39.980999,1.585));
#4920 = CIRCLE('',#4921,0.563965252109);
#4921 = AXIS2_PLACEMENT_3D('',#4922,#4923,#4924);
#4922 = CARTESIAN_POINT('',(7.561738273402,40.50068987186,1.585));
#4923 = DIRECTION('',(0.,0.,1.));
#4924 = DIRECTION('',(-0.831904575054,-0.554918712969,0.));
#4925 = ORIENTED_EDGE('',*,*,#4926,.T.);
#4926 = EDGE_CURVE('',#4918,#4927,#4929,.T.);
#4927 = VERTEX_POINT('',#4928);
#4928 = CARTESIAN_POINT('',(7.45571,39.942291,1.585));
#4929 = LINE('',#4930,#4931);
#4930 = CARTESIAN_POINT('',(7.342699,39.980999,1.585));
#4931 = VECTOR('',#4932,1.);
#4932 = DIRECTION('',(0.946045109444,-0.324034953202,0.));
#4933 = ORIENTED_EDGE('',*,*,#4934,.T.);
#4934 = EDGE_CURVE('',#4927,#4935,#4937,.T.);
#4935 = VERTEX_POINT('',#4936);
#4936 = CARTESIAN_POINT('',(7.525172,39.929173,1.585));
#4937 = LINE('',#4938,#4939);
#4938 = CARTESIAN_POINT('',(7.45571,39.942291,1.585));
#4939 = VECTOR('',#4940,1.);
#4940 = DIRECTION('',(0.98263080909,-0.185571261318,0.));
#4941 = ORIENTED_EDGE('',*,*,#4942,.T.);
#4942 = EDGE_CURVE('',#4935,#4943,#4945,.T.);
#4943 = VERTEX_POINT('',#4944);
#4944 = CARTESIAN_POINT('',(7.703482,39.926006,1.585));
#4945 = LINE('',#4946,#4947);
#4946 = CARTESIAN_POINT('',(7.525172,39.929173,1.585));
#4947 = VECTOR('',#4948,1.);
#4948 = DIRECTION('',(0.999842307153,-1.775840158573E-02,0.));
#4949 = ORIENTED_EDGE('',*,*,#4950,.T.);
#4950 = EDGE_CURVE('',#4943,#4951,#4953,.T.);
#4951 = VERTEX_POINT('',#4952);
#4952 = CARTESIAN_POINT('',(8.2265,40.13135,1.585));
#4953 = CIRCLE('',#4954,0.666583030096);
#4954 = AXIS2_PLACEMENT_3D('',#4955,#4956,#4957);
#4955 = CARTESIAN_POINT('',(7.744077622199,40.591351723267,1.585));
#4956 = DIRECTION('',(0.,0.,1.));
#4957 = DIRECTION('',(-6.09010736344E-02,-0.998143806889,0.));
#4958 = ORIENTED_EDGE('',*,*,#4959,.T.);
#4959 = EDGE_CURVE('',#4951,#4960,#4962,.T.);
#4960 = VERTEX_POINT('',#4961);
#4961 = CARTESIAN_POINT('',(8.291888,40.219128,1.585));
#4962 = LINE('',#4963,#4964);
#4963 = CARTESIAN_POINT('',(8.2265,40.13135,1.585));
#4964 = VECTOR('',#4965,1.);
#4965 = DIRECTION('',(0.59739193176,0.801949424757,0.));
#4966 = ORIENTED_EDGE('',*,*,#4967,.T.);
#4967 = EDGE_CURVE('',#4960,#4968,#4970,.T.);
#4968 = VERTEX_POINT('',#4969);
#4969 = CARTESIAN_POINT('',(8.342075,40.321587,1.585));
#4970 = LINE('',#4971,#4972);
#4971 = CARTESIAN_POINT('',(8.291888,40.219128,1.585));
#4972 = VECTOR('',#4973,1.);
#4973 = DIRECTION('',(0.439888656023,0.89805232047,0.));
#4974 = ORIENTED_EDGE('',*,*,#4975,.T.);
#4975 = EDGE_CURVE('',#4968,#4976,#4978,.T.);
#4976 = VERTEX_POINT('',#4977);
#4977 = CARTESIAN_POINT('',(8.383993,40.473324,1.585));
#4978 = LINE('',#4979,#4980);
#4979 = CARTESIAN_POINT('',(8.342075,40.321587,1.585));
#4980 = VECTOR('',#4981,1.);
#4981 = DIRECTION('',(0.26628032138,0.963895632548,0.));
#4982 = ORIENTED_EDGE('',*,*,#4983,.T.);
#4983 = EDGE_CURVE('',#4976,#4984,#4986,.T.);
#4984 = VERTEX_POINT('',#4985);
#4985 = CARTESIAN_POINT('',(8.394731,40.66166,1.585));
#4986 = LINE('',#4987,#4988);
#4987 = CARTESIAN_POINT('',(8.383993,40.473324,1.585));
#4988 = VECTOR('',#4989,1.);
#4989 = DIRECTION('',(5.692267701727E-02,0.998378589935,0.));
#4990 = ORIENTED_EDGE('',*,*,#4991,.T.);
#4991 = EDGE_CURVE('',#4984,#4698,#4992,.T.);
#4992 = LINE('',#4993,#4994);
#4993 = CARTESIAN_POINT('',(8.394731,40.66166,1.585));
#4994 = VECTOR('',#4995,1.);
#4995 = DIRECTION('',(2.179618858905E-03,0.999997624628,0.));
#4996 = FACE_BOUND('',#4997,.F.);
#4997 = EDGE_LOOP('',(#4998,#5008,#5016,#5024,#5032,#5040,#5048,#5056,
    #5064,#5072,#5080,#5088,#5096,#5104,#5112,#5120,#5129,#5137,#5145,
    #5153,#5161,#5169,#5177,#5186,#5194,#5202,#5210,#5218,#5226,#5234,
    #5242));
#4998 = ORIENTED_EDGE('',*,*,#4999,.T.);
#4999 = EDGE_CURVE('',#5000,#5002,#5004,.T.);
#5000 = VERTEX_POINT('',#5001);
#5001 = CARTESIAN_POINT('',(11.003519,41.824766,1.585));
#5002 = VERTEX_POINT('',#5003);
#5003 = CARTESIAN_POINT('',(10.801701,41.837499,1.585));
#5004 = LINE('',#5005,#5006);
#5005 = CARTESIAN_POINT('',(11.003519,41.824766,1.585));
#5006 = VECTOR('',#5007,1.);
#5007 = DIRECTION('',(-0.998015653535,6.296630288905E-02,0.));
#5008 = ORIENTED_EDGE('',*,*,#5009,.T.);
#5009 = EDGE_CURVE('',#5002,#5010,#5012,.T.);
#5010 = VERTEX_POINT('',#5011);
#5011 = CARTESIAN_POINT('',(10.334671,41.838745,1.585));
#5012 = LINE('',#5013,#5014);
#5013 = CARTESIAN_POINT('',(10.801701,41.837499,1.585));
#5014 = VECTOR('',#5015,1.);
#5015 = DIRECTION('',(-0.999996441113,2.667913336678E-03,0.));
#5016 = ORIENTED_EDGE('',*,*,#5017,.T.);
#5017 = EDGE_CURVE('',#5010,#5018,#5020,.T.);
#5018 = VERTEX_POINT('',#5019);
#5019 = CARTESIAN_POINT('',(10.282673,41.786748,1.585));
#5020 = LINE('',#5021,#5022);
#5021 = CARTESIAN_POINT('',(10.334671,41.838745,1.585));
#5022 = VECTOR('',#5023,1.);
#5023 = DIRECTION('',(-0.707113580584,-0.707099981723,0.));
#5024 = ORIENTED_EDGE('',*,*,#5025,.T.);
#5025 = EDGE_CURVE('',#5018,#5026,#5028,.T.);
#5026 = VERTEX_POINT('',#5027);
#5027 = CARTESIAN_POINT('',(10.282673,40.897391,1.585));
#5028 = LINE('',#5029,#5030);
#5029 = CARTESIAN_POINT('',(10.282673,41.786748,1.585));
#5030 = VECTOR('',#5031,1.);
#5031 = DIRECTION('',(0.,-1.,0.));
#5032 = ORIENTED_EDGE('',*,*,#5033,.T.);
#5033 = EDGE_CURVE('',#5026,#5034,#5036,.T.);
#5034 = VERTEX_POINT('',#5035);
#5035 = CARTESIAN_POINT('',(10.289555,39.990102,1.585));
#5036 = LINE('',#5037,#5038);
#5037 = CARTESIAN_POINT('',(10.282673,40.897391,1.585));
#5038 = VECTOR('',#5039,1.);
#5039 = DIRECTION('',(7.585016491884E-03,-0.999971233349,0.));
#5040 = ORIENTED_EDGE('',*,*,#5041,.T.);
#5041 = EDGE_CURVE('',#5034,#5042,#5044,.T.);
#5042 = VERTEX_POINT('',#5043);
#5043 = CARTESIAN_POINT('',(10.30599,39.967264,1.585));
#5044 = LINE('',#5045,#5046);
#5045 = CARTESIAN_POINT('',(10.289555,39.990102,1.585));
#5046 = VECTOR('',#5047,1.);
#5047 = DIRECTION('',(0.584109029826,-0.811675206764,0.));
#5048 = ORIENTED_EDGE('',*,*,#5049,.T.);
#5049 = EDGE_CURVE('',#5042,#5050,#5052,.T.);
#5050 = VERTEX_POINT('',#5051);
#5051 = CARTESIAN_POINT('',(10.345045,39.953381,1.585));
#5052 = LINE('',#5053,#5054);
#5053 = CARTESIAN_POINT('',(10.30599,39.967264,1.585));
#5054 = VECTOR('',#5055,1.);
#5055 = DIRECTION('',(0.942239226208,-0.334940652348,0.));
#5056 = ORIENTED_EDGE('',*,*,#5057,.T.);
#5057 = EDGE_CURVE('',#5050,#5058,#5060,.T.);
#5058 = VERTEX_POINT('',#5059);
#5059 = CARTESIAN_POINT('',(10.482695,39.945418,1.585));
#5060 = LINE('',#5061,#5062);
#5061 = CARTESIAN_POINT('',(10.345045,39.953381,1.585));
#5062 = VECTOR('',#5063,1.);
#5063 = DIRECTION('',(0.998330898981,-5.775306174055E-02,0.));
#5064 = ORIENTED_EDGE('',*,*,#5065,.T.);
#5065 = EDGE_CURVE('',#5058,#5066,#5068,.T.);
#5066 = VERTEX_POINT('',#5067);
#5067 = CARTESIAN_POINT('',(10.994347,39.954528,1.585));
#5068 = LINE('',#5069,#5070);
#5069 = CARTESIAN_POINT('',(10.482695,39.945418,1.585));
#5070 = VECTOR('',#5071,1.);
#5071 = DIRECTION('',(0.999841527408,1.780224901827E-02,0.));
#5072 = ORIENTED_EDGE('',*,*,#5073,.T.);
#5073 = EDGE_CURVE('',#5066,#5074,#5076,.T.);
#5074 = VERTEX_POINT('',#5075);
#5075 = CARTESIAN_POINT('',(11.098109,39.968394,1.585));
#5076 = LINE('',#5077,#5078);
#5077 = CARTESIAN_POINT('',(10.994347,39.954528,1.585));
#5078 = VECTOR('',#5079,1.);
#5079 = DIRECTION('',(0.991188980276,0.132455295778,0.));
#5080 = ORIENTED_EDGE('',*,*,#5081,.T.);
#5081 = EDGE_CURVE('',#5074,#5082,#5084,.T.);
#5082 = VERTEX_POINT('',#5083);
#5083 = CARTESIAN_POINT('',(11.18967,39.998891,1.585));
#5084 = LINE('',#5085,#5086);
#5085 = CARTESIAN_POINT('',(11.098109,39.968394,1.585));
#5086 = VECTOR('',#5087,1.);
#5087 = DIRECTION('',(0.94875580715,0.316010155532,0.));
#5088 = ORIENTED_EDGE('',*,*,#5089,.T.);
#5089 = EDGE_CURVE('',#5082,#5090,#5092,.T.);
#5090 = VERTEX_POINT('',#5091);
#5091 = CARTESIAN_POINT('',(11.275393,40.040757,1.585));
#5092 = LINE('',#5093,#5094);
#5093 = CARTESIAN_POINT('',(11.18967,39.998891,1.585));
#5094 = VECTOR('',#5095,1.);
#5095 = DIRECTION('',(0.898562229067,0.438846123936,0.));
#5096 = ORIENTED_EDGE('',*,*,#5097,.T.);
#5097 = EDGE_CURVE('',#5090,#5098,#5100,.T.);
#5098 = VERTEX_POINT('',#5099);
#5099 = CARTESIAN_POINT('',(11.349215,40.090784,1.585));
#5100 = LINE('',#5101,#5102);
#5101 = CARTESIAN_POINT('',(11.275393,40.040757,1.585));
#5102 = VECTOR('',#5103,1.);
#5103 = DIRECTION('',(0.827822097516,0.560990708358,0.));
#5104 = ORIENTED_EDGE('',*,*,#5105,.T.);
#5105 = EDGE_CURVE('',#5098,#5106,#5108,.T.);
#5106 = VERTEX_POINT('',#5107);
#5107 = CARTESIAN_POINT('',(11.378993,40.117095,1.585));
#5108 = LINE('',#5109,#5110);
#5109 = CARTESIAN_POINT('',(11.349215,40.090784,1.585));
#5110 = VECTOR('',#5111,1.);
#5111 = DIRECTION('',(0.749384549823,0.662135028893,0.));
#5112 = ORIENTED_EDGE('',*,*,#5113,.T.);
#5113 = EDGE_CURVE('',#5106,#5114,#5116,.T.);
#5114 = VERTEX_POINT('',#5115);
#5115 = CARTESIAN_POINT('',(11.438955,40.189835,1.585));
#5116 = LINE('',#5117,#5118);
#5117 = CARTESIAN_POINT('',(11.378993,40.117095,1.585));
#5118 = VECTOR('',#5119,1.);
#5119 = DIRECTION('',(0.636076775768,0.771625774147,0.));
#5120 = ORIENTED_EDGE('',*,*,#5121,.T.);
#5121 = EDGE_CURVE('',#5114,#5122,#5124,.T.);
#5122 = VERTEX_POINT('',#5123);
#5123 = CARTESIAN_POINT('',(11.456754,40.751469,1.585));
#5124 = CIRCLE('',#5125,0.534216697408);
#5125 = AXIS2_PLACEMENT_3D('',#5126,#5127,#5128);
#5126 = CARTESIAN_POINT('',(10.993714707197,40.485044351909,1.585));
#5127 = DIRECTION('',(0.,-0.,1.));
#5128 = DIRECTION('',(0.833445107506,-0.552602255491,-0.));
#5129 = ORIENTED_EDGE('',*,*,#5130,.T.);
#5130 = EDGE_CURVE('',#5122,#5131,#5133,.T.);
#5131 = VERTEX_POINT('',#5132);
#5132 = CARTESIAN_POINT('',(11.400554,40.825447,1.585));
#5133 = LINE('',#5134,#5135);
#5134 = CARTESIAN_POINT('',(11.456754,40.751469,1.585));
#5135 = VECTOR('',#5136,1.);
#5136 = DIRECTION('',(-0.604924418784,0.796282894177,0.));
#5137 = ORIENTED_EDGE('',*,*,#5138,.T.);
#5138 = EDGE_CURVE('',#5131,#5139,#5141,.T.);
#5139 = VERTEX_POINT('',#5140);
#5140 = CARTESIAN_POINT('',(11.327974,40.886222,1.585));
#5141 = LINE('',#5142,#5143);
#5142 = CARTESIAN_POINT('',(11.400554,40.825447,1.585));
#5143 = VECTOR('',#5144,1.);
#5144 = DIRECTION('',(-0.766703861593,0.642000925714,0.));
#5145 = ORIENTED_EDGE('',*,*,#5146,.T.);
#5146 = EDGE_CURVE('',#5139,#5147,#5149,.T.);
#5147 = VERTEX_POINT('',#5148);
#5148 = CARTESIAN_POINT('',(11.238492,40.93441,1.585));
#5149 = LINE('',#5150,#5151);
#5150 = CARTESIAN_POINT('',(11.327974,40.886222,1.585));
#5151 = VECTOR('',#5152,1.);
#5152 = DIRECTION('',(-0.880448982887,0.474140895234,0.));
#5153 = ORIENTED_EDGE('',*,*,#5154,.T.);
#5154 = EDGE_CURVE('',#5147,#5155,#5157,.T.);
#5155 = VERTEX_POINT('',#5156);
#5156 = CARTESIAN_POINT('',(11.181276,40.958719,1.585));
#5157 = LINE('',#5158,#5159);
#5158 = CARTESIAN_POINT('',(11.238492,40.93441,1.585));
#5159 = VECTOR('',#5160,1.);
#5160 = DIRECTION('',(-0.920376079129,0.391034362898,0.));
#5161 = ORIENTED_EDGE('',*,*,#5162,.T.);
#5162 = EDGE_CURVE('',#5155,#5163,#5165,.T.);
#5163 = VERTEX_POINT('',#5164);
#5164 = CARTESIAN_POINT('',(11.185172,40.967818,1.585));
#5165 = LINE('',#5166,#5167);
#5166 = CARTESIAN_POINT('',(11.181276,40.958719,1.585));
#5167 = VECTOR('',#5168,1.);
#5168 = DIRECTION('',(0.393614443808,0.91927562223,0.));
#5169 = ORIENTED_EDGE('',*,*,#5170,.T.);
#5170 = EDGE_CURVE('',#5163,#5171,#5173,.T.);
#5171 = VERTEX_POINT('',#5172);
#5172 = CARTESIAN_POINT('',(11.296079,41.061174,1.585));
#5173 = LINE('',#5174,#5175);
#5174 = CARTESIAN_POINT('',(11.185172,40.967818,1.585));
#5175 = VECTOR('',#5176,1.);
#5176 = DIRECTION('',(0.765044984177,0.643976841343,0.));
#5177 = ORIENTED_EDGE('',*,*,#5178,.T.);
#5178 = EDGE_CURVE('',#5171,#5179,#5181,.T.);
#5179 = VERTEX_POINT('',#5180);
#5180 = CARTESIAN_POINT('',(11.404689,41.369789,1.585));
#5181 = CIRCLE('',#5182,0.426557062272);
#5182 = AXIS2_PLACEMENT_3D('',#5183,#5184,#5185);
#5183 = CARTESIAN_POINT('',(10.978781446188,41.34625853083,1.585));
#5184 = DIRECTION('',(0.,0.,1.));
#5185 = DIRECTION('',(0.743857227736,-0.668338555483,0.));
#5186 = ORIENTED_EDGE('',*,*,#5187,.T.);
#5187 = EDGE_CURVE('',#5179,#5188,#5190,.T.);
#5188 = VERTEX_POINT('',#5189);
#5189 = CARTESIAN_POINT('',(11.398764,41.453356,1.585));
#5190 = LINE('',#5191,#5192);
#5191 = CARTESIAN_POINT('',(11.404689,41.369789,1.585));
#5192 = VECTOR('',#5193,1.);
#5193 = DIRECTION('',(-7.072365273305E-02,0.997495947332,0.));
#5194 = ORIENTED_EDGE('',*,*,#5195,.T.);
#5195 = EDGE_CURVE('',#5188,#5196,#5198,.T.);
#5196 = VERTEX_POINT('',#5197);
#5197 = CARTESIAN_POINT('',(11.374087,41.555771,1.585));
#5198 = LINE('',#5199,#5200);
#5199 = CARTESIAN_POINT('',(11.398764,41.453356,1.585));
#5200 = VECTOR('',#5201,1.);
#5201 = DIRECTION('',(-0.234247075328,0.972177096881,0.));
#5202 = ORIENTED_EDGE('',*,*,#5203,.T.);
#5203 = EDGE_CURVE('',#5196,#5204,#5206,.T.);
#5204 = VERTEX_POINT('',#5205);
#5205 = CARTESIAN_POINT('',(11.340062,41.620242,1.585));
#5206 = LINE('',#5207,#5208);
#5207 = CARTESIAN_POINT('',(11.374087,41.555771,1.585));
#5208 = VECTOR('',#5209,1.);
#5209 = DIRECTION('',(-0.466744016003,0.884392460125,0.));
#5210 = ORIENTED_EDGE('',*,*,#5211,.T.);
#5211 = EDGE_CURVE('',#5204,#5212,#5214,.T.);
#5212 = VERTEX_POINT('',#5213);
#5213 = CARTESIAN_POINT('',(11.290338,41.682053,1.585));
#5214 = LINE('',#5215,#5216);
#5215 = CARTESIAN_POINT('',(11.340062,41.620242,1.585));
#5216 = VECTOR('',#5217,1.);
#5217 = DIRECTION('',(-0.62680806097,0.779173699956,0.));
#5218 = ORIENTED_EDGE('',*,*,#5219,.T.);
#5219 = EDGE_CURVE('',#5212,#5220,#5222,.T.);
#5220 = VERTEX_POINT('',#5221);
#5221 = CARTESIAN_POINT('',(11.230194,41.735588,1.585));
#5222 = LINE('',#5223,#5224);
#5223 = CARTESIAN_POINT('',(11.290338,41.682053,1.585));
#5224 = VECTOR('',#5225,1.);
#5225 = DIRECTION('',(-0.746954849363,0.664874764909,0.));
#5226 = ORIENTED_EDGE('',*,*,#5227,.T.);
#5227 = EDGE_CURVE('',#5220,#5228,#5230,.T.);
#5228 = VERTEX_POINT('',#5229);
#5229 = CARTESIAN_POINT('',(11.170144,41.77273,1.585));
#5230 = LINE('',#5231,#5232);
#5231 = CARTESIAN_POINT('',(11.230194,41.735588,1.585));
#5232 = VECTOR('',#5233,1.);
#5233 = DIRECTION('',(-0.850466704622,0.52602888165,0.));
#5234 = ORIENTED_EDGE('',*,*,#5235,.T.);
#5235 = EDGE_CURVE('',#5228,#5236,#5238,.T.);
#5236 = VERTEX_POINT('',#5237);
#5237 = CARTESIAN_POINT('',(11.092111,41.804916,1.585));
#5238 = LINE('',#5239,#5240);
#5239 = CARTESIAN_POINT('',(11.170144,41.77273,1.585));
#5240 = VECTOR('',#5241,1.);
#5241 = DIRECTION('',(-0.924449511135,0.381304473305,0.));
#5242 = ORIENTED_EDGE('',*,*,#5243,.T.);
#5243 = EDGE_CURVE('',#5236,#5000,#5244,.T.);
#5244 = LINE('',#5245,#5246);
#5245 = CARTESIAN_POINT('',(11.092111,41.804916,1.585));
#5246 = VECTOR('',#5247,1.);
#5247 = DIRECTION('',(-0.97580562397,0.218639850504,0.));
#5248 = PLANE('',#5249);
#5249 = AXIS2_PLACEMENT_3D('',#5250,#5251,#5252);
#5250 = CARTESIAN_POINT('',(0.,0.,1.585));
#5251 = DIRECTION('',(0.,0.,1.));
#5252 = DIRECTION('',(1.,0.,-0.));
#5253 = SHELL_BASED_SURFACE_MODEL('',(#5254));
#5254 = OPEN_SHELL('',(#5255));
#5255 = ADVANCED_FACE('',(#5256),#5487,.T.);
#5256 = FACE_BOUND('',#5257,.F.);
#5257 = EDGE_LOOP('',(#5258,#5269,#5277,#5285,#5293,#5301,#5309,#5317,
    #5325,#5333,#5341,#5349,#5357,#5365,#5373,#5382,#5390,#5399,#5407,
    #5415,#5423,#5432,#5440,#5448,#5456,#5464,#5473,#5481));
#5258 = ORIENTED_EDGE('',*,*,#5259,.T.);
#5259 = EDGE_CURVE('',#5260,#5262,#5264,.T.);
#5260 = VERTEX_POINT('',#5261);
#5261 = CARTESIAN_POINT('',(13.340387,81.348725,1.585));
#5262 = VERTEX_POINT('',#5263);
#5263 = CARTESIAN_POINT('',(13.690229,81.71813,1.585));
#5264 = CIRCLE('',#5265,0.536732634592);
#5265 = AXIS2_PLACEMENT_3D('',#5266,#5267,#5268);
#5266 = CARTESIAN_POINT('',(13.858463613556,81.208444767883,1.585));
#5267 = DIRECTION('',(0.,0.,-1.));
#5268 = DIRECTION('',(-0.965241500453,0.261359610122,0.));
#5269 = ORIENTED_EDGE('',*,*,#5270,.T.);
#5270 = EDGE_CURVE('',#5262,#5271,#5273,.T.);
#5271 = VERTEX_POINT('',#5272);
#5272 = CARTESIAN_POINT('',(13.743436,81.729642,1.585));
#5273 = LINE('',#5274,#5275);
#5274 = CARTESIAN_POINT('',(13.690229,81.71813,1.585));
#5275 = VECTOR('',#5276,1.);
#5276 = DIRECTION('',(0.977384621164,0.211469388592,0.));
#5277 = ORIENTED_EDGE('',*,*,#5278,.T.);
#5278 = EDGE_CURVE('',#5271,#5279,#5281,.T.);
#5279 = VERTEX_POINT('',#5280);
#5280 = CARTESIAN_POINT('',(13.88272,81.739678,1.585));
#5281 = LINE('',#5282,#5283);
#5282 = CARTESIAN_POINT('',(13.743436,81.729642,1.585));
#5283 = VECTOR('',#5284,1.);
#5284 = DIRECTION('',(0.997414159231,7.186789941442E-02,0.));
#5285 = ORIENTED_EDGE('',*,*,#5286,.T.);
#5286 = EDGE_CURVE('',#5279,#5287,#5289,.T.);
#5287 = VERTEX_POINT('',#5288);
#5288 = CARTESIAN_POINT('',(13.954081,81.73792,1.585));
#5289 = LINE('',#5290,#5291);
#5290 = CARTESIAN_POINT('',(13.88272,81.739678,1.585));
#5291 = VECTOR('',#5292,1.);
#5292 = DIRECTION('',(0.999696688926,-2.462783283765E-02,0.));
#5293 = ORIENTED_EDGE('',*,*,#5294,.T.);
#5294 = EDGE_CURVE('',#5287,#5295,#5297,.T.);
#5295 = VERTEX_POINT('',#5296);
#5296 = CARTESIAN_POINT('',(14.048186,81.724993,1.585));
#5297 = LINE('',#5298,#5299);
#5298 = CARTESIAN_POINT('',(13.954081,81.73792,1.585));
#5299 = VECTOR('',#5300,1.);
#5300 = DIRECTION('',(0.990696501224,-0.136089832329,0.));
#5301 = ORIENTED_EDGE('',*,*,#5302,.T.);
#5302 = EDGE_CURVE('',#5295,#5303,#5305,.T.);
#5303 = VERTEX_POINT('',#5304);
#5304 = CARTESIAN_POINT('',(14.143668,81.689432,1.585));
#5305 = LINE('',#5306,#5307);
#5306 = CARTESIAN_POINT('',(14.048186,81.724993,1.585));
#5307 = VECTOR('',#5308,1.);
#5308 = DIRECTION('',(0.937116547485,-0.34901658475,0.));
#5309 = ORIENTED_EDGE('',*,*,#5310,.T.);
#5310 = EDGE_CURVE('',#5303,#5311,#5313,.T.);
#5311 = VERTEX_POINT('',#5312);
#5312 = CARTESIAN_POINT('',(14.226266,81.637231,1.585));
#5313 = LINE('',#5314,#5315);
#5314 = CARTESIAN_POINT('',(14.143668,81.689432,1.585));
#5315 = VECTOR('',#5316,1.);
#5316 = DIRECTION('',(0.845332494822,-0.534240557425,0.));
#5317 = ORIENTED_EDGE('',*,*,#5318,.T.);
#5318 = EDGE_CURVE('',#5311,#5319,#5321,.T.);
#5319 = VERTEX_POINT('',#5320);
#5320 = CARTESIAN_POINT('',(14.296065,81.568292,1.585));
#5321 = LINE('',#5322,#5323);
#5322 = CARTESIAN_POINT('',(14.226266,81.637231,1.585));
#5323 = VECTOR('',#5324,1.);
#5324 = DIRECTION('',(0.711476279388,-0.70271011368,0.));
#5325 = ORIENTED_EDGE('',*,*,#5326,.T.);
#5326 = EDGE_CURVE('',#5319,#5327,#5329,.T.);
#5327 = VERTEX_POINT('',#5328);
#5328 = CARTESIAN_POINT('',(14.353147,81.482515,1.585));
#5329 = LINE('',#5330,#5331);
#5330 = CARTESIAN_POINT('',(14.296065,81.568292,1.585));
#5331 = VECTOR('',#5332,1.);
#5332 = DIRECTION('',(0.554010167487,-0.832509900434,0.));
#5333 = ORIENTED_EDGE('',*,*,#5334,.T.);
#5334 = EDGE_CURVE('',#5327,#5335,#5337,.T.);
#5335 = VERTEX_POINT('',#5336);
#5336 = CARTESIAN_POINT('',(14.397595,81.379804,1.585));
#5337 = LINE('',#5338,#5339);
#5338 = CARTESIAN_POINT('',(14.353147,81.482515,1.585));
#5339 = VECTOR('',#5340,1.);
#5340 = DIRECTION('',(0.397155275957,-0.917751429734,0.));
#5341 = ORIENTED_EDGE('',*,*,#5342,.T.);
#5342 = EDGE_CURVE('',#5335,#5343,#5345,.T.);
#5343 = VERTEX_POINT('',#5344);
#5344 = CARTESIAN_POINT('',(14.425873,81.277427,1.585));
#5345 = LINE('',#5346,#5347);
#5346 = CARTESIAN_POINT('',(14.397595,81.379804,1.585));
#5347 = VECTOR('',#5348,1.);
#5348 = DIRECTION('',(0.266244566561,-0.963905509257,0.));
#5349 = ORIENTED_EDGE('',*,*,#5350,.T.);
#5350 = EDGE_CURVE('',#5343,#5351,#5353,.T.);
#5351 = VERTEX_POINT('',#5352);
#5352 = CARTESIAN_POINT('',(14.445473,81.121638,1.585));
#5353 = LINE('',#5354,#5355);
#5354 = CARTESIAN_POINT('',(14.425873,81.277427,1.585));
#5355 = VECTOR('',#5356,1.);
#5356 = DIRECTION('',(0.124827161345,-0.99217850198,0.));
#5357 = ORIENTED_EDGE('',*,*,#5358,.T.);
#5358 = EDGE_CURVE('',#5351,#5359,#5361,.T.);
#5359 = VERTEX_POINT('',#5360);
#5360 = CARTESIAN_POINT('',(14.449618,80.936772,1.585));
#5361 = LINE('',#5362,#5363);
#5362 = CARTESIAN_POINT('',(14.445473,81.121638,1.585));
#5363 = VECTOR('',#5364,1.);
#5364 = DIRECTION('',(2.241601205376E-02,-0.999748729633,0.));
#5365 = ORIENTED_EDGE('',*,*,#5366,.T.);
#5366 = EDGE_CURVE('',#5359,#5367,#5369,.T.);
#5367 = VERTEX_POINT('',#5368);
#5368 = CARTESIAN_POINT('',(14.437912,80.770879,1.585));
#5369 = LINE('',#5370,#5371);
#5370 = CARTESIAN_POINT('',(14.449618,80.936772,1.585));
#5371 = VECTOR('',#5372,1.);
#5372 = DIRECTION('',(-7.03885337878E-02,-0.99751965109,0.));
#5373 = ORIENTED_EDGE('',*,*,#5374,.T.);
#5374 = EDGE_CURVE('',#5367,#5375,#5377,.T.);
#5375 = VERTEX_POINT('',#5376);
#5376 = CARTESIAN_POINT('',(14.348954,80.499234,1.585));
#5377 = CIRCLE('',#5378,0.852372993049);
#5378 = AXIS2_PLACEMENT_3D('',#5379,#5380,#5381);
#5379 = CARTESIAN_POINT('',(13.594857601672,80.896573075989,1.585));
#5380 = DIRECTION('',(0.,0.,-1.));
#5381 = DIRECTION('',(0.989067468354,-0.147463700767,0.));
#5382 = ORIENTED_EDGE('',*,*,#5383,.T.);
#5383 = EDGE_CURVE('',#5375,#5384,#5386,.T.);
#5384 = VERTEX_POINT('',#5385);
#5385 = CARTESIAN_POINT('',(14.290555,80.410601,1.585));
#5386 = LINE('',#5387,#5388);
#5387 = CARTESIAN_POINT('',(14.348954,80.499234,1.585));
#5388 = VECTOR('',#5389,1.);
#5389 = DIRECTION('',(-0.550193787219,-0.835037003075,0.));
#5390 = ORIENTED_EDGE('',*,*,#5391,.T.);
#5391 = EDGE_CURVE('',#5384,#5392,#5394,.T.);
#5392 = VERTEX_POINT('',#5393);
#5393 = CARTESIAN_POINT('',(13.999275,80.240394,1.585));
#5394 = CIRCLE('',#5395,0.459742265667);
#5395 = AXIS2_PLACEMENT_3D('',#5396,#5397,#5398);
#5396 = CARTESIAN_POINT('',(13.929142233613,80.694755470549,1.585));
#5397 = DIRECTION('',(0.,0.,-1.));
#5398 = DIRECTION('',(0.786120383913,-0.618073411494,0.));
#5399 = ORIENTED_EDGE('',*,*,#5400,.T.);
#5400 = EDGE_CURVE('',#5392,#5401,#5403,.T.);
#5401 = VERTEX_POINT('',#5402);
#5402 = CARTESIAN_POINT('',(13.921501,80.231146,1.585));
#5403 = LINE('',#5404,#5405);
#5404 = CARTESIAN_POINT('',(13.999275,80.240394,1.585));
#5405 = VECTOR('',#5406,1.);
#5406 = DIRECTION('',(-0.993004465514,-0.118076803264,0.));
#5407 = ORIENTED_EDGE('',*,*,#5408,.T.);
#5408 = EDGE_CURVE('',#5401,#5409,#5411,.T.);
#5409 = VERTEX_POINT('',#5410);
#5410 = CARTESIAN_POINT('',(13.84069,80.22836,1.585));
#5411 = LINE('',#5412,#5413);
#5412 = CARTESIAN_POINT('',(13.921501,80.231146,1.585));
#5413 = VECTOR('',#5414,1.);
#5414 = DIRECTION('',(-0.999406249022,-3.445503470783E-02,0.));
#5415 = ORIENTED_EDGE('',*,*,#5416,.T.);
#5416 = EDGE_CURVE('',#5409,#5417,#5419,.T.);
#5417 = VERTEX_POINT('',#5418);
#5418 = CARTESIAN_POINT('',(13.765145,80.232403,1.585));
#5419 = LINE('',#5420,#5421);
#5420 = CARTESIAN_POINT('',(13.84069,80.22836,1.585));
#5421 = VECTOR('',#5422,1.);
#5422 = DIRECTION('',(-0.998570993039,5.344129359807E-02,0.));
#5423 = ORIENTED_EDGE('',*,*,#5424,.T.);
#5424 = EDGE_CURVE('',#5417,#5425,#5427,.T.);
#5425 = VERTEX_POINT('',#5426);
#5426 = CARTESIAN_POINT('',(13.534922,80.31555,1.585));
#5427 = CIRCLE('',#5428,0.528764723007);
#5428 = AXIS2_PLACEMENT_3D('',#5429,#5430,#5431);
#5429 = CARTESIAN_POINT('',(13.824768808362,80.757795361738,1.585));
#5430 = DIRECTION('',(0.,0.,-1.));
#5431 = DIRECTION('',(-0.112760563947,-0.993622189375,-0.));
#5432 = ORIENTED_EDGE('',*,*,#5433,.T.);
#5433 = EDGE_CURVE('',#5425,#5434,#5436,.T.);
#5434 = VERTEX_POINT('',#5435);
#5435 = CARTESIAN_POINT('',(13.465962,80.374873,1.585));
#5436 = LINE('',#5437,#5438);
#5437 = CARTESIAN_POINT('',(13.534922,80.31555,1.585));
#5438 = VECTOR('',#5439,1.);
#5439 = DIRECTION('',(-0.758090625135,0.652149219184,0.));
#5440 = ORIENTED_EDGE('',*,*,#5441,.T.);
#5441 = EDGE_CURVE('',#5434,#5442,#5444,.T.);
#5442 = VERTEX_POINT('',#5443);
#5443 = CARTESIAN_POINT('',(13.409707,80.450098,1.585));
#5444 = LINE('',#5445,#5446);
#5445 = CARTESIAN_POINT('',(13.465962,80.374873,1.585));
#5446 = VECTOR('',#5447,1.);
#5447 = DIRECTION('',(-0.598883728762,0.800835987843,0.));
#5448 = ORIENTED_EDGE('',*,*,#5449,.T.);
#5449 = EDGE_CURVE('',#5442,#5450,#5452,.T.);
#5450 = VERTEX_POINT('',#5451);
#5451 = CARTESIAN_POINT('',(13.358233,80.555146,1.585));
#5452 = LINE('',#5453,#5454);
#5453 = CARTESIAN_POINT('',(13.409707,80.450098,1.585));
#5454 = VECTOR('',#5455,1.);
#5455 = DIRECTION('',(-0.440018556548,0.89798868027,0.));
#5456 = ORIENTED_EDGE('',*,*,#5457,.T.);
#5457 = EDGE_CURVE('',#5450,#5458,#5460,.T.);
#5458 = VERTEX_POINT('',#5459);
#5459 = CARTESIAN_POINT('',(13.32102,80.676866,1.585));
#5460 = LINE('',#5461,#5462);
#5461 = CARTESIAN_POINT('',(13.358233,80.555146,1.585));
#5462 = VECTOR('',#5463,1.);
#5463 = DIRECTION('',(-0.292367835252,0.95630593897,0.));
#5464 = ORIENTED_EDGE('',*,*,#5465,.T.);
#5465 = EDGE_CURVE('',#5458,#5466,#5468,.T.);
#5466 = VERTEX_POINT('',#5467);
#5467 = CARTESIAN_POINT('',(13.301513,81.146283,1.585));
#5468 = CIRCLE('',#5469,1.510295087622);
#5469 = AXIS2_PLACEMENT_3D('',#5470,#5471,#5472);
#5470 = CARTESIAN_POINT('',(14.801894204467,80.973518730037,1.585));
#5471 = DIRECTION('',(0.,0.,-1.));
#5472 = DIRECTION('',(-0.98051977829,-0.196420376698,-0.));
#5473 = ORIENTED_EDGE('',*,*,#5474,.T.);
#5474 = EDGE_CURVE('',#5466,#5475,#5477,.T.);
#5475 = VERTEX_POINT('',#5476);
#5476 = CARTESIAN_POINT('',(13.317485,81.252649,1.585));
#5477 = LINE('',#5478,#5479);
#5478 = CARTESIAN_POINT('',(13.301513,81.146283,1.585));
#5479 = VECTOR('',#5480,1.);
#5480 = DIRECTION('',(0.14849593594,0.988913017919,0.));
#5481 = ORIENTED_EDGE('',*,*,#5482,.T.);
#5482 = EDGE_CURVE('',#5475,#5260,#5483,.T.);
#5483 = LINE('',#5484,#5485);
#5484 = CARTESIAN_POINT('',(13.317485,81.252649,1.585));
#5485 = VECTOR('',#5486,1.);
#5486 = DIRECTION('',(0.23187694041,0.972745128236,0.));
#5487 = PLANE('',#5488);
#5488 = AXIS2_PLACEMENT_3D('',#5489,#5490,#5491);
#5489 = CARTESIAN_POINT('',(0.,0.,1.585));
#5490 = DIRECTION('',(0.,0.,1.));
#5491 = DIRECTION('',(1.,0.,-0.));
#5492 = SHELL_BASED_SURFACE_MODEL('',(#5493));
#5493 = OPEN_SHELL('',(#5494));
#5494 = ADVANCED_FACE('',(#5495),#5658,.T.);
#5495 = FACE_BOUND('',#5496,.F.);
#5496 = EDGE_LOOP('',(#5497,#5507,#5515,#5523,#5531,#5539,#5548,#5556,
    #5564,#5572,#5580,#5588,#5596,#5604,#5612,#5620,#5628,#5636,#5644,
    #5652));
#5497 = ORIENTED_EDGE('',*,*,#5498,.T.);
#5498 = EDGE_CURVE('',#5499,#5501,#5503,.T.);
#5499 = VERTEX_POINT('',#5500);
#5500 = CARTESIAN_POINT('',(5.254045,80.248734,1.585));
#5501 = VERTEX_POINT('',#5502);
#5502 = CARTESIAN_POINT('',(5.039554,80.24325,1.585));
#5503 = LINE('',#5504,#5505);
#5504 = CARTESIAN_POINT('',(5.254045,80.248734,1.585));
#5505 = VECTOR('',#5506,1.);
#5506 = DIRECTION('',(-0.999673311468,-2.55591537178E-02,0.));
#5507 = ORIENTED_EDGE('',*,*,#5508,.T.);
#5508 = EDGE_CURVE('',#5501,#5509,#5511,.T.);
#5509 = VERTEX_POINT('',#5510);
#5510 = CARTESIAN_POINT('',(5.039554,81.718228,1.585));
#5511 = LINE('',#5512,#5513);
#5512 = CARTESIAN_POINT('',(5.039554,80.24325,1.585));
#5513 = VECTOR('',#5514,1.);
#5514 = DIRECTION('',(0.,1.,0.));
#5515 = ORIENTED_EDGE('',*,*,#5516,.T.);
#5516 = EDGE_CURVE('',#5509,#5517,#5519,.T.);
#5517 = VERTEX_POINT('',#5518);
#5518 = CARTESIAN_POINT('',(5.232861,81.718044,1.585));
#5519 = LINE('',#5520,#5521);
#5520 = CARTESIAN_POINT('',(5.039554,81.718228,1.585));
#5521 = VECTOR('',#5522,1.);
#5522 = DIRECTION('',(0.999999546987,-9.518533557289E-04,0.));
#5523 = ORIENTED_EDGE('',*,*,#5524,.T.);
#5524 = EDGE_CURVE('',#5517,#5525,#5527,.T.);
#5525 = VERTEX_POINT('',#5526);
#5526 = CARTESIAN_POINT('',(5.442147,81.708721,1.585));
#5527 = LINE('',#5528,#5529);
#5528 = CARTESIAN_POINT('',(5.232861,81.718044,1.585));
#5529 = VECTOR('',#5530,1.);
#5530 = DIRECTION('',(0.999009270165,-4.450256312298E-02,0.));
#5531 = ORIENTED_EDGE('',*,*,#5532,.T.);
#5532 = EDGE_CURVE('',#5525,#5533,#5535,.T.);
#5533 = VERTEX_POINT('',#5534);
#5534 = CARTESIAN_POINT('',(5.523294,81.695816,1.585));
#5535 = LINE('',#5536,#5537);
#5536 = CARTESIAN_POINT('',(5.442147,81.708721,1.585));
#5537 = VECTOR('',#5538,1.);
#5538 = DIRECTION('',(0.987589274628,-0.157058666236,0.));
#5539 = ORIENTED_EDGE('',*,*,#5540,.T.);
#5540 = EDGE_CURVE('',#5533,#5541,#5543,.T.);
#5541 = VERTEX_POINT('',#5542);
#5542 = CARTESIAN_POINT('',(5.781288,81.549594,1.585));
#5543 = CIRCLE('',#5544,0.475907323553);
#5544 = AXIS2_PLACEMENT_3D('',#5545,#5546,#5547);
#5545 = CARTESIAN_POINT('',(5.429311859304,81.229280751769,1.585));
#5546 = DIRECTION('',(0.,0.,-1.));
#5547 = DIRECTION('',(0.197479921079,0.98030693192,0.));
#5548 = ORIENTED_EDGE('',*,*,#5549,.T.);
#5549 = EDGE_CURVE('',#5541,#5550,#5552,.T.);
#5550 = VERTEX_POINT('',#5551);
#5551 = CARTESIAN_POINT('',(5.843529,81.477354,1.585));
#5552 = LINE('',#5553,#5554);
#5553 = CARTESIAN_POINT('',(5.781288,81.549594,1.585));
#5554 = VECTOR('',#5555,1.);
#5555 = DIRECTION('',(0.65272986146,-0.757590739092,0.));
#5556 = ORIENTED_EDGE('',*,*,#5557,.T.);
#5557 = EDGE_CURVE('',#5550,#5558,#5560,.T.);
#5558 = VERTEX_POINT('',#5559);
#5559 = CARTESIAN_POINT('',(5.891866,81.398507,1.585));
#5560 = LINE('',#5561,#5562);
#5561 = CARTESIAN_POINT('',(5.843529,81.477354,1.585));
#5562 = VECTOR('',#5563,1.);
#5563 = DIRECTION('',(0.522651811608,-0.852546235593,0.));
#5564 = ORIENTED_EDGE('',*,*,#5565,.T.);
#5565 = EDGE_CURVE('',#5558,#5566,#5568,.T.);
#5566 = VERTEX_POINT('',#5567);
#5567 = CARTESIAN_POINT('',(5.941944,81.26769,1.585));
#5568 = LINE('',#5569,#5570);
#5569 = CARTESIAN_POINT('',(5.891866,81.398507,1.585));
#5570 = VECTOR('',#5571,1.);
#5571 = DIRECTION('',(0.357509498439,-0.933909502321,0.));
#5572 = ORIENTED_EDGE('',*,*,#5573,.T.);
#5573 = EDGE_CURVE('',#5566,#5574,#5576,.T.);
#5574 = VERTEX_POINT('',#5575);
#5575 = CARTESIAN_POINT('',(5.961918,81.168404,1.585));
#5576 = LINE('',#5577,#5578);
#5577 = CARTESIAN_POINT('',(5.941944,81.26769,1.585));
#5578 = VECTOR('',#5579,1.);
#5579 = DIRECTION('',(0.197224945269,-0.980358261537,0.));
#5580 = ORIENTED_EDGE('',*,*,#5581,.T.);
#5581 = EDGE_CURVE('',#5574,#5582,#5584,.T.);
#5582 = VERTEX_POINT('',#5583);
#5583 = CARTESIAN_POINT('',(5.965058,80.895721,1.585));
#5584 = LINE('',#5585,#5586);
#5585 = CARTESIAN_POINT('',(5.961918,81.168404,1.585));
#5586 = VECTOR('',#5587,1.);
#5587 = DIRECTION('',(1.151443925317E-02,-0.999933706647,0.));
#5588 = ORIENTED_EDGE('',*,*,#5589,.T.);
#5589 = EDGE_CURVE('',#5582,#5590,#5592,.T.);
#5590 = VERTEX_POINT('',#5591);
#5591 = CARTESIAN_POINT('',(5.952119,80.747238,1.585));
#5592 = LINE('',#5593,#5594);
#5593 = CARTESIAN_POINT('',(5.965058,80.895721,1.585));
#5594 = VECTOR('',#5595,1.);
#5595 = DIRECTION('',(-8.681230313134E-02,-0.996224685513,0.));
#5596 = ORIENTED_EDGE('',*,*,#5597,.T.);
#5597 = EDGE_CURVE('',#5590,#5598,#5600,.T.);
#5598 = VERTEX_POINT('',#5599);
#5599 = CARTESIAN_POINT('',(5.938853,80.686822,1.585));
#5600 = LINE('',#5601,#5602);
#5601 = CARTESIAN_POINT('',(5.952119,80.747238,1.585));
#5602 = VECTOR('',#5603,1.);
#5603 = DIRECTION('',(-0.21446823632,-0.976730963782,0.));
#5604 = ORIENTED_EDGE('',*,*,#5605,.T.);
#5605 = EDGE_CURVE('',#5598,#5606,#5608,.T.);
#5606 = VERTEX_POINT('',#5607);
#5607 = CARTESIAN_POINT('',(5.89463,80.571448,1.585));
#5608 = LINE('',#5609,#5610);
#5609 = CARTESIAN_POINT('',(5.938853,80.686822,1.585));
#5610 = VECTOR('',#5611,1.);
#5611 = DIRECTION('',(-0.357909902816,-0.933756125263,0.));
#5612 = ORIENTED_EDGE('',*,*,#5613,.T.);
#5613 = EDGE_CURVE('',#5606,#5614,#5616,.T.);
#5614 = VERTEX_POINT('',#5615);
#5615 = CARTESIAN_POINT('',(5.830728,80.463575,1.585));
#5616 = LINE('',#5617,#5618);
#5617 = CARTESIAN_POINT('',(5.89463,80.571448,1.585));
#5618 = VECTOR('',#5619,1.);
#5619 = DIRECTION('',(-0.509668148113,-0.86037107041,0.));
#5620 = ORIENTED_EDGE('',*,*,#5621,.T.);
#5621 = EDGE_CURVE('',#5614,#5622,#5624,.T.);
#5622 = VERTEX_POINT('',#5623);
#5623 = CARTESIAN_POINT('',(5.764421,80.390577,1.585));
#5624 = LINE('',#5625,#5626);
#5625 = CARTESIAN_POINT('',(5.830728,80.463575,1.585));
#5626 = VECTOR('',#5627,1.);
#5627 = DIRECTION('',(-0.672368392473,-0.740216687736,0.));
#5628 = ORIENTED_EDGE('',*,*,#5629,.T.);
#5629 = EDGE_CURVE('',#5622,#5630,#5632,.T.);
#5630 = VERTEX_POINT('',#5631);
#5631 = CARTESIAN_POINT('',(5.687976,80.334785,1.585));
#5632 = LINE('',#5633,#5634);
#5633 = CARTESIAN_POINT('',(5.764421,80.390577,1.585));
#5634 = VECTOR('',#5635,1.);
#5635 = DIRECTION('',(-0.807751646757,-0.589522923355,0.));
#5636 = ORIENTED_EDGE('',*,*,#5637,.T.);
#5637 = EDGE_CURVE('',#5630,#5638,#5640,.T.);
#5638 = VERTEX_POINT('',#5639);
#5639 = CARTESIAN_POINT('',(5.572838,80.283663,1.585));
#5640 = LINE('',#5641,#5642);
#5641 = CARTESIAN_POINT('',(5.687976,80.334785,1.585));
#5642 = VECTOR('',#5643,1.);
#5643 = DIRECTION('',(-0.913960099028,-0.405804062799,0.));
#5644 = ORIENTED_EDGE('',*,*,#5645,.T.);
#5645 = EDGE_CURVE('',#5638,#5646,#5648,.T.);
#5646 = VERTEX_POINT('',#5647);
#5647 = CARTESIAN_POINT('',(5.478556,80.262371,1.585));
#5648 = LINE('',#5649,#5650);
#5649 = CARTESIAN_POINT('',(5.572838,80.283663,1.585));
#5650 = VECTOR('',#5651,1.);
#5651 = DIRECTION('',(-0.975435408802,-0.220285640146,0.));
#5652 = ORIENTED_EDGE('',*,*,#5653,.T.);
#5653 = EDGE_CURVE('',#5646,#5499,#5654,.T.);
#5654 = LINE('',#5655,#5656);
#5655 = CARTESIAN_POINT('',(5.478556,80.262371,1.585));
#5656 = VECTOR('',#5657,1.);
#5657 = DIRECTION('',(-0.998160360478,-6.062915775105E-02,0.));
#5658 = PLANE('',#5659);
#5659 = AXIS2_PLACEMENT_3D('',#5660,#5661,#5662);
#5660 = CARTESIAN_POINT('',(0.,0.,1.585));
#5661 = DIRECTION('',(0.,0.,1.));
#5662 = DIRECTION('',(1.,0.,-0.));
#5663 = SHELL_BASED_SURFACE_MODEL('',(#5664));
#5664 = OPEN_SHELL('',(#5665));
#5665 = ADVANCED_FACE('',(#5666),#5797,.T.);
#5666 = FACE_BOUND('',#5667,.F.);
#5667 = EDGE_LOOP('',(#5668,#5678,#5686,#5694,#5702,#5710,#5718,#5727,
    #5735,#5743,#5751,#5759,#5767,#5775,#5783,#5791));
#5668 = ORIENTED_EDGE('',*,*,#5669,.T.);
#5669 = EDGE_CURVE('',#5670,#5672,#5674,.T.);
#5670 = VERTEX_POINT('',#5671);
#5671 = CARTESIAN_POINT('',(8.050729,80.251452,1.585));
#5672 = VERTEX_POINT('',#5673);
#5673 = CARTESIAN_POINT('',(7.634633,80.244211,1.585));
#5674 = LINE('',#5675,#5676);
#5675 = CARTESIAN_POINT('',(8.050729,80.251452,1.585));
#5676 = VECTOR('',#5677,1.);
#5677 = DIRECTION('',(-0.999848615507,-1.739959967142E-02,0.));
#5678 = ORIENTED_EDGE('',*,*,#5679,.T.);
#5679 = EDGE_CURVE('',#5672,#5680,#5682,.T.);
#5680 = VERTEX_POINT('',#5681);
#5681 = CARTESIAN_POINT('',(7.634633,80.913224,1.585));
#5682 = LINE('',#5683,#5684);
#5683 = CARTESIAN_POINT('',(7.634633,80.244211,1.585));
#5684 = VECTOR('',#5685,1.);
#5685 = DIRECTION('',(0.,1.,0.));
#5686 = ORIENTED_EDGE('',*,*,#5687,.T.);
#5687 = EDGE_CURVE('',#5680,#5688,#5690,.T.);
#5688 = VERTEX_POINT('',#5689);
#5689 = CARTESIAN_POINT('',(7.817348,80.913144,1.585));
#5690 = LINE('',#5691,#5692);
#5691 = CARTESIAN_POINT('',(7.634633,80.913224,1.585));
#5692 = VECTOR('',#5693,1.);
#5693 = DIRECTION('',(0.999999904148,-4.37840310477E-04,0.));
#5694 = ORIENTED_EDGE('',*,*,#5695,.T.);
#5695 = EDGE_CURVE('',#5688,#5696,#5698,.T.);
#5696 = VERTEX_POINT('',#5697);
#5697 = CARTESIAN_POINT('',(8.014218,80.906383,1.585));
#5698 = LINE('',#5699,#5700);
#5699 = CARTESIAN_POINT('',(7.817348,80.913144,1.585));
#5700 = VECTOR('',#5701,1.);
#5701 = DIRECTION('',(0.999410818849,-3.432222556121E-02,0.));
#5702 = ORIENTED_EDGE('',*,*,#5703,.T.);
#5703 = EDGE_CURVE('',#5696,#5704,#5706,.T.);
#5704 = VERTEX_POINT('',#5705);
#5705 = CARTESIAN_POINT('',(8.087809,80.896966,1.585));
#5706 = LINE('',#5707,#5708);
#5707 = CARTESIAN_POINT('',(8.014218,80.906383,1.585));
#5708 = VECTOR('',#5709,1.);
#5709 = DIRECTION('',(0.991911802586,-0.126929019105,0.));
#5710 = ORIENTED_EDGE('',*,*,#5711,.T.);
#5711 = EDGE_CURVE('',#5704,#5712,#5714,.T.);
#5712 = VERTEX_POINT('',#5713);
#5713 = CARTESIAN_POINT('',(8.148379,80.8826,1.585));
#5714 = LINE('',#5715,#5716);
#5715 = CARTESIAN_POINT('',(8.087809,80.896966,1.585));
#5716 = VECTOR('',#5717,1.);
#5717 = DIRECTION('',(0.973006479437,-0.230777795668,0.));
#5718 = ORIENTED_EDGE('',*,*,#5719,.T.);
#5719 = EDGE_CURVE('',#5712,#5720,#5722,.T.);
#5720 = VERTEX_POINT('',#5721);
#5721 = CARTESIAN_POINT('',(8.29102,80.789273,1.585));
#5722 = CIRCLE('',#5723,0.296832242461);
#5723 = AXIS2_PLACEMENT_3D('',#5724,#5725,#5726);
#5724 = CARTESIAN_POINT('',(8.06402629386,80.598005549718,1.585));
#5725 = DIRECTION('',(0.,0.,-1.));
#5726 = DIRECTION('',(0.28417635982,0.958772025311,0.));
#5727 = ORIENTED_EDGE('',*,*,#5728,.T.);
#5728 = EDGE_CURVE('',#5720,#5729,#5731,.T.);
#5729 = VERTEX_POINT('',#5730);
#5730 = CARTESIAN_POINT('',(8.329903,80.732897,1.585));
#5731 = LINE('',#5732,#5733);
#5732 = CARTESIAN_POINT('',(8.29102,80.789273,1.585));
#5733 = VECTOR('',#5734,1.);
#5734 = DIRECTION('',(0.567762641491,-0.823192312237,0.));
#5735 = ORIENTED_EDGE('',*,*,#5736,.T.);
#5736 = EDGE_CURVE('',#5729,#5737,#5739,.T.);
#5737 = VERTEX_POINT('',#5738);
#5738 = CARTESIAN_POINT('',(8.354105,80.667312,1.585));
#5739 = LINE('',#5740,#5741);
#5740 = CARTESIAN_POINT('',(8.329903,80.732897,1.585));
#5741 = VECTOR('',#5742,1.);
#5742 = DIRECTION('',(0.346197840033,-0.938161529566,0.));
#5743 = ORIENTED_EDGE('',*,*,#5744,.T.);
#5744 = EDGE_CURVE('',#5737,#5745,#5747,.T.);
#5745 = VERTEX_POINT('',#5746);
#5746 = CARTESIAN_POINT('',(8.365492,80.558156,1.585));
#5747 = LINE('',#5748,#5749);
#5748 = CARTESIAN_POINT('',(8.354105,80.667312,1.585));
#5749 = VECTOR('',#5750,1.);
#5750 = DIRECTION('',(0.103755564399,-0.994602826688,0.));
#5751 = ORIENTED_EDGE('',*,*,#5752,.T.);
#5752 = EDGE_CURVE('',#5745,#5753,#5755,.T.);
#5753 = VERTEX_POINT('',#5754);
#5754 = CARTESIAN_POINT('',(8.356533,80.476729,1.585));
#5755 = LINE('',#5756,#5757);
#5756 = CARTESIAN_POINT('',(8.365492,80.558156,1.585));
#5757 = VECTOR('',#5758,1.);
#5758 = DIRECTION('',(-0.109364963623,-0.994001662339,0.));
#5759 = ORIENTED_EDGE('',*,*,#5760,.T.);
#5760 = EDGE_CURVE('',#5753,#5761,#5763,.T.);
#5761 = VERTEX_POINT('',#5762);
#5762 = CARTESIAN_POINT('',(8.329544,80.406293,1.585));
#5763 = LINE('',#5764,#5765);
#5764 = CARTESIAN_POINT('',(8.356533,80.476729,1.585));
#5765 = VECTOR('',#5766,1.);
#5766 = DIRECTION('',(-0.357803466321,-0.933796915549,0.));
#5767 = ORIENTED_EDGE('',*,*,#5768,.T.);
#5768 = EDGE_CURVE('',#5761,#5769,#5771,.T.);
#5769 = VERTEX_POINT('',#5770);
#5770 = CARTESIAN_POINT('',(8.284358,80.346595,1.585));
#5771 = LINE('',#5772,#5773);
#5772 = CARTESIAN_POINT('',(8.329544,80.406293,1.585));
#5773 = VECTOR('',#5774,1.);
#5774 = DIRECTION('',(-0.603520249574,-0.79734767094,0.));
#5775 = ORIENTED_EDGE('',*,*,#5776,.T.);
#5776 = EDGE_CURVE('',#5769,#5777,#5779,.T.);
#5777 = VERTEX_POINT('',#5778);
#5778 = CARTESIAN_POINT('',(8.220807,80.297383,1.585));
#5779 = LINE('',#5780,#5781);
#5780 = CARTESIAN_POINT('',(8.284358,80.346595,1.585));
#5781 = VECTOR('',#5782,1.);
#5782 = DIRECTION('',(-0.790656097319,-0.612260512994,0.));
#5783 = ORIENTED_EDGE('',*,*,#5784,.T.);
#5784 = EDGE_CURVE('',#5777,#5785,#5787,.T.);
#5785 = VERTEX_POINT('',#5786);
#5786 = CARTESIAN_POINT('',(8.141354,80.261167,1.585));
#5787 = LINE('',#5788,#5789);
#5788 = CARTESIAN_POINT('',(8.220807,80.297383,1.585));
#5789 = VECTOR('',#5790,1.);
#5790 = DIRECTION('',(-0.909930231157,-0.41476134635,0.));
#5791 = ORIENTED_EDGE('',*,*,#5792,.T.);
#5792 = EDGE_CURVE('',#5785,#5670,#5793,.T.);
#5793 = LINE('',#5794,#5795);
#5794 = CARTESIAN_POINT('',(8.141354,80.261167,1.585));
#5795 = VECTOR('',#5796,1.);
#5796 = DIRECTION('',(-0.994303133853,-0.106589295949,0.));
#5797 = PLANE('',#5798);
#5798 = AXIS2_PLACEMENT_3D('',#5799,#5800,#5801);
#5799 = CARTESIAN_POINT('',(0.,0.,1.585));
#5800 = DIRECTION('',(0.,0.,1.));
#5801 = DIRECTION('',(1.,0.,-0.));
#5802 = SHELL_BASED_SURFACE_MODEL('',(#5803));
#5803 = OPEN_SHELL('',(#5804));
#5804 = ADVANCED_FACE('',(#5805),#5920,.T.);
#5805 = FACE_BOUND('',#5806,.F.);
#5806 = EDGE_LOOP('',(#5807,#5818,#5826,#5834,#5842,#5850,#5858,#5866,
    #5874,#5882,#5890,#5898,#5906,#5914));
#5807 = ORIENTED_EDGE('',*,*,#5808,.T.);
#5808 = EDGE_CURVE('',#5809,#5811,#5813,.T.);
#5809 = VERTEX_POINT('',#5810);
#5810 = CARTESIAN_POINT('',(8.244301,81.349083,1.585));
#5811 = VERTEX_POINT('',#5812);
#5812 = CARTESIAN_POINT('',(7.961824,81.117767,1.585));
#5813 = CIRCLE('',#5814,0.275356808309);
#5814 = AXIS2_PLACEMENT_3D('',#5815,#5816,#5817);
#5815 = CARTESIAN_POINT('',(7.972455781996,81.392918480268,1.585));
#5816 = DIRECTION('',(0.,0.,-1.));
#5817 = DIRECTION('',(0.987247127368,-0.159195193092,0.));
#5818 = ORIENTED_EDGE('',*,*,#5819,.T.);
#5819 = EDGE_CURVE('',#5811,#5820,#5822,.T.);
#5820 = VERTEX_POINT('',#5821);
#5821 = CARTESIAN_POINT('',(7.634633,81.114475,1.585));
#5822 = LINE('',#5823,#5824);
#5823 = CARTESIAN_POINT('',(7.961824,81.117767,1.585));
#5824 = VECTOR('',#5825,1.);
#5825 = DIRECTION('',(-0.999949387943,-1.00608922162E-02,0.));
#5826 = ORIENTED_EDGE('',*,*,#5827,.T.);
#5827 = EDGE_CURVE('',#5820,#5828,#5830,.T.);
#5828 = VERTEX_POINT('',#5829);
#5829 = CARTESIAN_POINT('',(7.634633,81.73137,1.585));
#5830 = LINE('',#5831,#5832);
#5831 = CARTESIAN_POINT('',(7.634633,81.114475,1.585));
#5832 = VECTOR('',#5833,1.);
#5833 = DIRECTION('',(0.,1.,0.));
#5834 = ORIENTED_EDGE('',*,*,#5835,.T.);
#5835 = EDGE_CURVE('',#5828,#5836,#5838,.T.);
#5836 = VERTEX_POINT('',#5837);
#5837 = CARTESIAN_POINT('',(7.833236,81.726234,1.585));
#5838 = LINE('',#5839,#5840);
#5839 = CARTESIAN_POINT('',(7.634633,81.73137,1.585));
#5840 = VECTOR('',#5841,1.);
#5841 = DIRECTION('',(0.999665781367,-2.585199343963E-02,0.));
#5842 = ORIENTED_EDGE('',*,*,#5843,.T.);
#5843 = EDGE_CURVE('',#5836,#5844,#5846,.T.);
#5844 = VERTEX_POINT('',#5845);
#5845 = CARTESIAN_POINT('',(8.005418,81.715746,1.585));
#5846 = LINE('',#5847,#5848);
#5847 = CARTESIAN_POINT('',(7.833236,81.726234,1.585));
#5848 = VECTOR('',#5849,1.);
#5849 = DIRECTION('',(0.998149992916,-6.079960231449E-02,0.));
#5850 = ORIENTED_EDGE('',*,*,#5851,.T.);
#5851 = EDGE_CURVE('',#5844,#5852,#5854,.T.);
#5852 = VERTEX_POINT('',#5853);
#5853 = CARTESIAN_POINT('',(8.066607,81.705151,1.585));
#5854 = LINE('',#5855,#5856);
#5855 = CARTESIAN_POINT('',(8.005418,81.715746,1.585));
#5856 = VECTOR('',#5857,1.);
#5857 = DIRECTION('',(0.985338065906,-0.170613293374,0.));
#5858 = ORIENTED_EDGE('',*,*,#5859,.T.);
#5859 = EDGE_CURVE('',#5852,#5860,#5862,.T.);
#5860 = VERTEX_POINT('',#5861);
#5861 = CARTESIAN_POINT('',(8.1148,81.68959,1.585));
#5862 = LINE('',#5863,#5864);
#5863 = CARTESIAN_POINT('',(8.066607,81.705151,1.585));
#5864 = VECTOR('',#5865,1.);
#5865 = DIRECTION('',(0.951622784721,-0.307268735149,0.));
#5866 = ORIENTED_EDGE('',*,*,#5867,.T.);
#5867 = EDGE_CURVE('',#5860,#5868,#5870,.T.);
#5868 = VERTEX_POINT('',#5869);
#5869 = CARTESIAN_POINT('',(8.1527,81.668015,1.585));
#5870 = LINE('',#5871,#5872);
#5871 = CARTESIAN_POINT('',(8.1148,81.68959,1.585));
#5872 = VECTOR('',#5873,1.);
#5873 = DIRECTION('',(0.869053356246,-0.494718368364,0.));
#5874 = ORIENTED_EDGE('',*,*,#5875,.T.);
#5875 = EDGE_CURVE('',#5868,#5876,#5878,.T.);
#5876 = VERTEX_POINT('',#5877);
#5877 = CARTESIAN_POINT('',(8.183009,81.639378,1.585));
#5878 = LINE('',#5879,#5880);
#5879 = CARTESIAN_POINT('',(8.1527,81.668015,1.585));
#5880 = VECTOR('',#5881,1.);
#5881 = DIRECTION('',(0.726871474848,-0.68677351365,0.));
#5882 = ORIENTED_EDGE('',*,*,#5883,.T.);
#5883 = EDGE_CURVE('',#5876,#5884,#5886,.T.);
#5884 = VERTEX_POINT('',#5885);
#5885 = CARTESIAN_POINT('',(8.22307,81.575014,1.585));
#5886 = LINE('',#5887,#5888);
#5887 = CARTESIAN_POINT('',(8.183009,81.639378,1.585));
#5888 = VECTOR('',#5889,1.);
#5889 = DIRECTION('',(0.528418735451,-0.848983886787,0.));
#5890 = ORIENTED_EDGE('',*,*,#5891,.T.);
#5891 = EDGE_CURVE('',#5884,#5892,#5894,.T.);
#5892 = VERTEX_POINT('',#5893);
#5893 = CARTESIAN_POINT('',(8.239044,81.538052,1.585));
#5894 = LINE('',#5895,#5896);
#5895 = CARTESIAN_POINT('',(8.22307,81.575014,1.585));
#5896 = VECTOR('',#5897,1.);
#5897 = DIRECTION('',(0.396710965182,-0.917943576754,0.));
#5898 = ORIENTED_EDGE('',*,*,#5899,.T.);
#5899 = EDGE_CURVE('',#5892,#5900,#5902,.T.);
#5900 = VERTEX_POINT('',#5901);
#5901 = CARTESIAN_POINT('',(8.247797,81.503589,1.585));
#5902 = LINE('',#5903,#5904);
#5903 = CARTESIAN_POINT('',(8.239044,81.538052,1.585));
#5904 = VECTOR('',#5905,1.);
#5905 = DIRECTION('',(0.246166846276,-0.96922746752,0.));
#5906 = ORIENTED_EDGE('',*,*,#5907,.T.);
#5907 = EDGE_CURVE('',#5900,#5908,#5910,.T.);
#5908 = VERTEX_POINT('',#5909);
#5909 = CARTESIAN_POINT('',(8.251508,81.43458,1.585));
#5910 = LINE('',#5911,#5912);
#5911 = CARTESIAN_POINT('',(8.247797,81.503589,1.585));
#5912 = VECTOR('',#5913,1.);
#5913 = DIRECTION('',(5.369800819741E-02,-0.998557221152,0.));
#5914 = ORIENTED_EDGE('',*,*,#5915,.T.);
#5915 = EDGE_CURVE('',#5908,#5809,#5916,.T.);
#5916 = LINE('',#5917,#5918);
#5917 = CARTESIAN_POINT('',(8.251508,81.43458,1.585));
#5918 = VECTOR('',#5919,1.);
#5919 = DIRECTION('',(-8.399745301511E-02,-0.996465969257,0.));
#5920 = PLANE('',#5921);
#5921 = AXIS2_PLACEMENT_3D('',#5922,#5923,#5924);
#5922 = CARTESIAN_POINT('',(0.,0.,1.585));
#5923 = DIRECTION('',(0.,0.,1.));
#5924 = DIRECTION('',(1.,0.,-0.));
#5925 = SHELL_BASED_SURFACE_MODEL('',(#5926));
#5926 = OPEN_SHELL('',(#5927));
#5927 = ADVANCED_FACE('',(#5928,#5970,#6078,#6397,#6543,#6689,#7072,
    #7292),#7561,.T.);
#5928 = FACE_BOUND('',#5929,.F.);
#5929 = EDGE_LOOP('',(#5930,#5940,#5948,#5956,#5964));
#5930 = ORIENTED_EDGE('',*,*,#5931,.T.);
#5931 = EDGE_CURVE('',#5932,#5934,#5936,.T.);
#5932 = VERTEX_POINT('',#5933);
#5933 = CARTESIAN_POINT('',(4.213366,79.504467,1.585));
#5934 = VERTEX_POINT('',#5935);
#5935 = CARTESIAN_POINT('',(4.213366,82.311389,1.585));
#5936 = LINE('',#5937,#5938);
#5937 = CARTESIAN_POINT('',(4.213366,79.504467,1.585));
#5938 = VECTOR('',#5939,1.);
#5939 = DIRECTION('',(0.,1.,0.));
#5940 = ORIENTED_EDGE('',*,*,#5941,.T.);
#5941 = EDGE_CURVE('',#5934,#5942,#5944,.T.);
#5942 = VERTEX_POINT('',#5943);
#5943 = CARTESIAN_POINT('',(15.292765,82.311389,1.585));
#5944 = LINE('',#5945,#5946);
#5945 = CARTESIAN_POINT('',(4.213366,82.311389,1.585));
#5946 = VECTOR('',#5947,1.);
#5947 = DIRECTION('',(1.,0.,0.));
#5948 = ORIENTED_EDGE('',*,*,#5949,.T.);
#5949 = EDGE_CURVE('',#5942,#5950,#5952,.T.);
#5950 = VERTEX_POINT('',#5951);
#5951 = CARTESIAN_POINT('',(15.292765,80.907928,1.585));
#5952 = LINE('',#5953,#5954);
#5953 = CARTESIAN_POINT('',(15.292765,82.311389,1.585));
#5954 = VECTOR('',#5955,1.);
#5955 = DIRECTION('',(0.,-1.,0.));
#5956 = ORIENTED_EDGE('',*,*,#5957,.T.);
#5957 = EDGE_CURVE('',#5950,#5958,#5960,.T.);
#5958 = VERTEX_POINT('',#5959);
#5959 = CARTESIAN_POINT('',(15.292765,79.504467,1.585));
#5960 = LINE('',#5961,#5962);
#5961 = CARTESIAN_POINT('',(15.292765,80.907928,1.585));
#5962 = VECTOR('',#5963,1.);
#5963 = DIRECTION('',(0.,-1.,0.));
#5964 = ORIENTED_EDGE('',*,*,#5965,.T.);
#5965 = EDGE_CURVE('',#5958,#5932,#5966,.T.);
#5966 = LINE('',#5967,#5968);
#5967 = CARTESIAN_POINT('',(15.292765,79.504467,1.585));
#5968 = VECTOR('',#5969,1.);
#5969 = DIRECTION('',(-1.,0.,0.));
#5970 = FACE_BOUND('',#5971,.F.);
#5971 = EDGE_LOOP('',(#5972,#5982,#5990,#5998,#6006,#6015,#6023,#6031,
    #6040,#6048,#6056,#6064,#6072));
#5972 = ORIENTED_EDGE('',*,*,#5973,.T.);
#5973 = EDGE_CURVE('',#5974,#5976,#5978,.T.);
#5974 = VERTEX_POINT('',#5975);
#5975 = CARTESIAN_POINT('',(12.847546,82.164523,1.585));
#5976 = VERTEX_POINT('',#5977);
#5977 = CARTESIAN_POINT('',(12.820032,82.178159,1.585));
#5978 = LINE('',#5979,#5980);
#5979 = CARTESIAN_POINT('',(12.847546,82.164523,1.585));
#5980 = VECTOR('',#5981,1.);
#5981 = DIRECTION('',(-0.895997789712,0.444058510595,0.));
#5982 = ORIENTED_EDGE('',*,*,#5983,.T.);
#5983 = EDGE_CURVE('',#5976,#5984,#5986,.T.);
#5984 = VERTEX_POINT('',#5985);
#5985 = CARTESIAN_POINT('',(12.737585,82.186153,1.585));
#5986 = LINE('',#5987,#5988);
#5987 = CARTESIAN_POINT('',(12.820032,82.178159,1.585));
#5988 = VECTOR('',#5989,1.);
#5989 = DIRECTION('',(-0.995332336288,9.650668546217E-02,0.));
#5990 = ORIENTED_EDGE('',*,*,#5991,.T.);
#5991 = EDGE_CURVE('',#5984,#5992,#5994,.T.);
#5992 = VERTEX_POINT('',#5993);
#5993 = CARTESIAN_POINT('',(12.666964,82.180271,1.585));
#5994 = LINE('',#5995,#5996);
#5995 = CARTESIAN_POINT('',(12.737585,82.186153,1.585));
#5996 = VECTOR('',#5997,1.);
#5997 = DIRECTION('',(-0.996549358105,-8.300227020823E-02,0.));
#5998 = ORIENTED_EDGE('',*,*,#5999,.T.);
#5999 = EDGE_CURVE('',#5992,#6000,#6002,.T.);
#6000 = VERTEX_POINT('',#6001);
#6001 = CARTESIAN_POINT('',(12.642336,82.165418,1.585));
#6002 = LINE('',#6003,#6004);
#6003 = CARTESIAN_POINT('',(12.666964,82.180271,1.585));
#6004 = VECTOR('',#6005,1.);
#6005 = DIRECTION('',(-0.856321818548,-0.516442584493,0.));
#6006 = ORIENTED_EDGE('',*,*,#6007,.T.);
#6007 = EDGE_CURVE('',#6000,#6008,#6010,.T.);
#6008 = VERTEX_POINT('',#6009);
#6009 = CARTESIAN_POINT('',(11.729058,79.661602,1.585));
#6010 = CIRCLE('',#6011,53.111078975765);
#6011 = AXIS2_PLACEMENT_3D('',#6012,#6013,#6014);
#6012 = CARTESIAN_POINT('',(62.06549041586,62.719633943912,1.585));
#6013 = DIRECTION('',(0.,0.,1.));
#6014 = DIRECTION('',(-0.930562047862,0.366134230957,0.));
#6015 = ORIENTED_EDGE('',*,*,#6016,.T.);
#6016 = EDGE_CURVE('',#6008,#6017,#6019,.T.);
#6017 = VERTEX_POINT('',#6018);
#6018 = CARTESIAN_POINT('',(11.745232,79.642955,1.585));
#6019 = LINE('',#6020,#6021);
#6020 = CARTESIAN_POINT('',(11.729058,79.661602,1.585));
#6021 = VECTOR('',#6022,1.);
#6022 = DIRECTION('',(0.655237407346,-0.755423020575,0.));
#6023 = ORIENTED_EDGE('',*,*,#6024,.T.);
#6024 = EDGE_CURVE('',#6017,#6025,#6027,.T.);
#6025 = VERTEX_POINT('',#6026);
#6026 = CARTESIAN_POINT('',(11.776821,79.629997,1.585));
#6027 = LINE('',#6028,#6029);
#6028 = CARTESIAN_POINT('',(11.745232,79.642955,1.585));
#6029 = VECTOR('',#6030,1.);
#6030 = DIRECTION('',(0.925184967485,-0.379516502855,0.));
#6031 = ORIENTED_EDGE('',*,*,#6032,.T.);
#6032 = EDGE_CURVE('',#6025,#6033,#6035,.T.);
#6033 = VERTEX_POINT('',#6034);
#6034 = CARTESIAN_POINT('',(11.906393,79.63226,1.585));
#6035 = CIRCLE('',#6036,0.261311969858);
#6036 = AXIS2_PLACEMENT_3D('',#6037,#6038,#6039);
#6037 = CARTESIAN_POINT('',(11.837186342705,79.884240920264,1.585));
#6038 = DIRECTION('',(0.,0.,1.));
#6039 = DIRECTION('',(-0.231008716277,-0.972951680714,0.));
#6040 = ORIENTED_EDGE('',*,*,#6041,.T.);
#6041 = EDGE_CURVE('',#6033,#6042,#6044,.T.);
#6042 = VERTEX_POINT('',#6043);
#6043 = CARTESIAN_POINT('',(11.940017,79.647706,1.585));
#6044 = LINE('',#6045,#6046);
#6045 = CARTESIAN_POINT('',(11.906393,79.63226,1.585));
#6046 = VECTOR('',#6047,1.);
#6047 = DIRECTION('',(0.908706214449,0.417436241624,0.));
#6048 = ORIENTED_EDGE('',*,*,#6049,.T.);
#6049 = EDGE_CURVE('',#6042,#6050,#6052,.T.);
#6050 = VERTEX_POINT('',#6051);
#6051 = CARTESIAN_POINT('',(11.96199,79.677217,1.585));
#6052 = LINE('',#6053,#6054);
#6053 = CARTESIAN_POINT('',(11.940017,79.647706,1.585));
#6054 = VECTOR('',#6055,1.);
#6055 = DIRECTION('',(0.597208857594,0.802085768737,0.));
#6056 = ORIENTED_EDGE('',*,*,#6057,.T.);
#6057 = EDGE_CURVE('',#6050,#6058,#6060,.T.);
#6058 = VERTEX_POINT('',#6059);
#6059 = CARTESIAN_POINT('',(12.72057,81.758967,1.585));
#6060 = LINE('',#6061,#6062);
#6061 = CARTESIAN_POINT('',(11.96199,79.677217,1.585));
#6062 = VECTOR('',#6063,1.);
#6063 = DIRECTION('',(0.342372811162,0.939564185235,0.));
#6064 = ORIENTED_EDGE('',*,*,#6065,.T.);
#6065 = EDGE_CURVE('',#6058,#6066,#6068,.T.);
#6066 = VERTEX_POINT('',#6067);
#6067 = CARTESIAN_POINT('',(12.856568,82.143954,1.585));
#6068 = LINE('',#6069,#6070);
#6069 = CARTESIAN_POINT('',(12.72057,81.758967,1.585));
#6070 = VECTOR('',#6071,1.);
#6071 = DIRECTION('',(0.33308196242,0.942897876925,0.));
#6072 = ORIENTED_EDGE('',*,*,#6073,.T.);
#6073 = EDGE_CURVE('',#6066,#5974,#6074,.T.);
#6074 = LINE('',#6075,#6076);
#6075 = CARTESIAN_POINT('',(12.856568,82.143954,1.585));
#6076 = VECTOR('',#6077,1.);
#6077 = DIRECTION('',(-0.401680492267,0.915779876462,0.));
#6078 = FACE_BOUND('',#6079,.F.);
#6079 = EDGE_LOOP('',(#6080,#6091,#6099,#6107,#6115,#6123,#6131,#6140,
    #6148,#6156,#6164,#6172,#6180,#6188,#6196,#6204,#6212,#6221,#6229,
    #6237,#6245,#6253,#6261,#6269,#6277,#6285,#6293,#6301,#6309,#6317,
    #6325,#6334,#6342,#6350,#6358,#6366,#6375,#6383,#6391));
#6080 = ORIENTED_EDGE('',*,*,#6081,.T.);
#6081 = EDGE_CURVE('',#6082,#6084,#6086,.T.);
#6082 = VERTEX_POINT('',#6083);
#6083 = CARTESIAN_POINT('',(14.086762,81.941617,1.585));
#6084 = VERTEX_POINT('',#6085);
#6085 = CARTESIAN_POINT('',(13.739106,81.947948,1.585));
#6086 = CIRCLE('',#6087,1.021468845829);
#6087 = AXIS2_PLACEMENT_3D('',#6088,#6089,#6090);
#6088 = CARTESIAN_POINT('',(13.894606962751,80.938384701547,1.585));
#6089 = DIRECTION('',(0.,0.,1.));
#6090 = DIRECTION('',(0.18811639536,0.982146741479,-0.));
#6091 = ORIENTED_EDGE('',*,*,#6092,.T.);
#6092 = EDGE_CURVE('',#6084,#6093,#6095,.T.);
#6093 = VERTEX_POINT('',#6094);
#6094 = CARTESIAN_POINT('',(13.625678,81.924978,1.585));
#6095 = LINE('',#6096,#6097);
#6096 = CARTESIAN_POINT('',(13.739106,81.947948,1.585));
#6097 = VECTOR('',#6098,1.);
#6098 = DIRECTION('',(-0.980105245065,-0.198478483965,0.));
#6099 = ORIENTED_EDGE('',*,*,#6100,.T.);
#6100 = EDGE_CURVE('',#6093,#6101,#6103,.T.);
#6101 = VERTEX_POINT('',#6102);
#6102 = CARTESIAN_POINT('',(13.520221,81.891319,1.585));
#6103 = LINE('',#6104,#6105);
#6104 = CARTESIAN_POINT('',(13.625678,81.924978,1.585));
#6105 = VECTOR('',#6106,1.);
#6106 = DIRECTION('',(-0.952652641806,-0.304060757186,0.));
#6107 = ORIENTED_EDGE('',*,*,#6108,.T.);
#6108 = EDGE_CURVE('',#6101,#6109,#6111,.T.);
#6109 = VERTEX_POINT('',#6110);
#6110 = CARTESIAN_POINT('',(13.421014,81.843907,1.585));
#6111 = LINE('',#6112,#6113);
#6112 = CARTESIAN_POINT('',(13.520221,81.891319,1.585));
#6113 = VECTOR('',#6114,1.);
#6114 = DIRECTION('',(-0.902257466905,-0.431197708034,0.));
#6115 = ORIENTED_EDGE('',*,*,#6116,.T.);
#6116 = EDGE_CURVE('',#6109,#6117,#6119,.T.);
#6117 = VERTEX_POINT('',#6118);
#6118 = CARTESIAN_POINT('',(13.368113,81.807024,1.585));
#6119 = LINE('',#6120,#6121);
#6120 = CARTESIAN_POINT('',(13.421014,81.843907,1.585));
#6121 = VECTOR('',#6122,1.);
#6122 = DIRECTION('',(-0.820306459269,-0.571924219527,0.));
#6123 = ORIENTED_EDGE('',*,*,#6124,.T.);
#6124 = EDGE_CURVE('',#6117,#6125,#6127,.T.);
#6125 = VERTEX_POINT('',#6126);
#6126 = CARTESIAN_POINT('',(13.255594,81.702653,1.585));
#6127 = LINE('',#6128,#6129);
#6128 = CARTESIAN_POINT('',(13.368113,81.807024,1.585));
#6129 = VECTOR('',#6130,1.);
#6130 = DIRECTION('',(-0.733153794137,-0.68006287514,0.));
#6131 = ORIENTED_EDGE('',*,*,#6132,.T.);
#6132 = EDGE_CURVE('',#6125,#6133,#6135,.T.);
#6133 = VERTEX_POINT('',#6134);
#6134 = CARTESIAN_POINT('',(13.124807,81.504783,1.585));
#6135 = CIRCLE('',#6136,0.653064838603);
#6136 = AXIS2_PLACEMENT_3D('',#6137,#6138,#6139);
#6137 = CARTESIAN_POINT('',(13.725952001143,81.249599985243,1.585));
#6138 = DIRECTION('',(0.,0.,1.));
#6139 = DIRECTION('',(-0.720231703408,0.693733589648,0.));
#6140 = ORIENTED_EDGE('',*,*,#6141,.T.);
#6141 = EDGE_CURVE('',#6133,#6142,#6144,.T.);
#6142 = VERTEX_POINT('',#6143);
#6143 = CARTESIAN_POINT('',(13.088066,81.412079,1.585));
#6144 = LINE('',#6145,#6146);
#6145 = CARTESIAN_POINT('',(13.124807,81.504783,1.585));
#6146 = VECTOR('',#6147,1.);
#6147 = DIRECTION('',(-0.368444335859,-0.929649811151,0.));
#6148 = ORIENTED_EDGE('',*,*,#6149,.T.);
#6149 = EDGE_CURVE('',#6142,#6150,#6152,.T.);
#6150 = VERTEX_POINT('',#6151);
#6151 = CARTESIAN_POINT('',(13.061043,81.313557,1.585));
#6152 = LINE('',#6153,#6154);
#6153 = CARTESIAN_POINT('',(13.088066,81.412079,1.585));
#6154 = VECTOR('',#6155,1.);
#6155 = DIRECTION('',(-0.264514399316,-0.964381735909,0.));
#6156 = ORIENTED_EDGE('',*,*,#6157,.T.);
#6157 = EDGE_CURVE('',#6150,#6158,#6160,.T.);
#6158 = VERTEX_POINT('',#6159);
#6159 = CARTESIAN_POINT('',(13.042682,81.204993,1.585));
#6160 = LINE('',#6161,#6162);
#6161 = CARTESIAN_POINT('',(13.061043,81.313557,1.585));
#6162 = VECTOR('',#6163,1.);
#6163 = DIRECTION('',(-0.166757920281,-0.985997868164,0.));
#6164 = ORIENTED_EDGE('',*,*,#6165,.T.);
#6165 = EDGE_CURVE('',#6158,#6166,#6168,.T.);
#6166 = VERTEX_POINT('',#6167);
#6167 = CARTESIAN_POINT('',(13.029393,81.024442,1.585));
#6168 = LINE('',#6169,#6170);
#6169 = CARTESIAN_POINT('',(13.042682,81.204993,1.585));
#6170 = VECTOR('',#6171,1.);
#6171 = DIRECTION('',(-7.340391458923E-02,-0.997302293852,0.));
#6172 = ORIENTED_EDGE('',*,*,#6173,.T.);
#6173 = EDGE_CURVE('',#6166,#6174,#6176,.T.);
#6174 = VERTEX_POINT('',#6175);
#6175 = CARTESIAN_POINT('',(13.030549,80.853151,1.585));
#6176 = LINE('',#6177,#6178);
#6177 = CARTESIAN_POINT('',(13.029393,81.024442,1.585));
#6178 = VECTOR('',#6179,1.);
#6179 = DIRECTION('',(6.74859552185E-03,-0.99997722797,0.));
#6180 = ORIENTED_EDGE('',*,*,#6181,.T.);
#6181 = EDGE_CURVE('',#6174,#6182,#6184,.T.);
#6182 = VERTEX_POINT('',#6183);
#6183 = CARTESIAN_POINT('',(13.045856,80.697619,1.585));
#6184 = LINE('',#6185,#6186);
#6185 = CARTESIAN_POINT('',(13.030549,80.853151,1.585));
#6186 = VECTOR('',#6187,1.);
#6187 = DIRECTION('',(9.794385117387E-02,-0.995191942299,0.));
#6188 = ORIENTED_EDGE('',*,*,#6189,.T.);
#6189 = EDGE_CURVE('',#6182,#6190,#6192,.T.);
#6190 = VERTEX_POINT('',#6191);
#6191 = CARTESIAN_POINT('',(13.075319,80.557835,1.585));
#6192 = LINE('',#6193,#6194);
#6193 = CARTESIAN_POINT('',(13.045856,80.697619,1.585));
#6194 = VECTOR('',#6195,1.);
#6195 = DIRECTION('',(0.2062436692,-0.978500663727,0.));
#6196 = ORIENTED_EDGE('',*,*,#6197,.T.);
#6197 = EDGE_CURVE('',#6190,#6198,#6200,.T.);
#6198 = VERTEX_POINT('',#6199);
#6199 = CARTESIAN_POINT('',(13.118948,80.433786,1.585));
#6200 = LINE('',#6201,#6202);
#6201 = CARTESIAN_POINT('',(13.075319,80.557835,1.585));
#6202 = VECTOR('',#6203,1.);
#6203 = DIRECTION('',(0.33178528097,-0.94335493179,0.));
#6204 = ORIENTED_EDGE('',*,*,#6205,.T.);
#6205 = EDGE_CURVE('',#6198,#6206,#6208,.T.);
#6206 = VERTEX_POINT('',#6207);
#6207 = CARTESIAN_POINT('',(13.17675,80.32546,1.585));
#6208 = LINE('',#6209,#6210);
#6209 = CARTESIAN_POINT('',(13.118948,80.433786,1.585));
#6210 = VECTOR('',#6211,1.);
#6211 = DIRECTION('',(0.470766614918,-0.882257782215,0.));
#6212 = ORIENTED_EDGE('',*,*,#6213,.T.);
#6213 = EDGE_CURVE('',#6206,#6214,#6216,.T.);
#6214 = VERTEX_POINT('',#6215);
#6215 = CARTESIAN_POINT('',(13.435263,80.094694,1.585));
#6216 = CIRCLE('',#6217,0.643444679706);
#6217 = AXIS2_PLACEMENT_3D('',#6218,#6219,#6220);
#6218 = CARTESIAN_POINT('',(13.718672750966,80.672361697642,1.585));
#6219 = DIRECTION('',(0.,0.,1.));
#6220 = DIRECTION('',(-0.842221201074,-0.539132125236,0.));
#6221 = ORIENTED_EDGE('',*,*,#6222,.T.);
#6222 = EDGE_CURVE('',#6214,#6223,#6225,.T.);
#6223 = VERTEX_POINT('',#6224);
#6224 = CARTESIAN_POINT('',(13.549829,80.049134,1.585));
#6225 = LINE('',#6226,#6227);
#6226 = CARTESIAN_POINT('',(13.435263,80.094694,1.585));
#6227 = VECTOR('',#6228,1.);
#6228 = DIRECTION('',(0.929219895704,-0.369527245852,0.));
#6229 = ORIENTED_EDGE('',*,*,#6230,.T.);
#6230 = EDGE_CURVE('',#6223,#6231,#6233,.T.);
#6231 = VERTEX_POINT('',#6232);
#6232 = CARTESIAN_POINT('',(13.629796,80.028368,1.585));
#6233 = LINE('',#6234,#6235);
#6234 = CARTESIAN_POINT('',(13.549829,80.049134,1.585));
#6235 = VECTOR('',#6236,1.);
#6236 = DIRECTION('',(0.967897394417,-0.251345646235,0.));
#6237 = ORIENTED_EDGE('',*,*,#6238,.T.);
#6238 = EDGE_CURVE('',#6231,#6239,#6241,.T.);
#6239 = VERTEX_POINT('',#6240);
#6240 = CARTESIAN_POINT('',(13.735899,80.017944,1.585));
#6241 = LINE('',#6242,#6243);
#6242 = CARTESIAN_POINT('',(13.629796,80.028368,1.585));
#6243 = VECTOR('',#6244,1.);
#6244 = DIRECTION('',(0.995208698773,-9.777344161818E-02,0.));
#6245 = ORIENTED_EDGE('',*,*,#6246,.T.);
#6246 = EDGE_CURVE('',#6239,#6247,#6249,.T.);
#6247 = VERTEX_POINT('',#6248);
#6248 = CARTESIAN_POINT('',(13.956076,80.019625,1.585));
#6249 = LINE('',#6250,#6251);
#6250 = CARTESIAN_POINT('',(13.735899,80.017944,1.585));
#6251 = VECTOR('',#6252,1.);
#6252 = DIRECTION('',(0.999970856444,7.634544069939E-03,0.));
#6253 = ORIENTED_EDGE('',*,*,#6254,.T.);
#6254 = EDGE_CURVE('',#6247,#6255,#6257,.T.);
#6255 = VERTEX_POINT('',#6256);
#6256 = CARTESIAN_POINT('',(14.082674,80.030993,1.585));
#6257 = LINE('',#6258,#6259);
#6258 = CARTESIAN_POINT('',(13.956076,80.019625,1.585));
#6259 = VECTOR('',#6260,1.);
#6260 = DIRECTION('',(0.995992553744,8.943619449718E-02,0.));
#6261 = ORIENTED_EDGE('',*,*,#6262,.T.);
#6262 = EDGE_CURVE('',#6255,#6263,#6265,.T.);
#6263 = VERTEX_POINT('',#6264);
#6264 = CARTESIAN_POINT('',(14.161928,80.052025,1.585));
#6265 = LINE('',#6266,#6267);
#6266 = CARTESIAN_POINT('',(14.082674,80.030993,1.585));
#6267 = VECTOR('',#6268,1.);
#6268 = DIRECTION('',(0.966545146478,0.256496549332,0.));
#6269 = ORIENTED_EDGE('',*,*,#6270,.T.);
#6270 = EDGE_CURVE('',#6263,#6271,#6273,.T.);
#6271 = VERTEX_POINT('',#6272);
#6272 = CARTESIAN_POINT('',(14.275918,80.100451,1.585));
#6273 = LINE('',#6274,#6275);
#6274 = CARTESIAN_POINT('',(14.161928,80.052025,1.585));
#6275 = VECTOR('',#6276,1.);
#6276 = DIRECTION('',(0.920388313372,0.391005565956,0.));
#6277 = ORIENTED_EDGE('',*,*,#6278,.T.);
#6278 = EDGE_CURVE('',#6271,#6279,#6281,.T.);
#6279 = VERTEX_POINT('',#6280);
#6280 = CARTESIAN_POINT('',(14.364824,80.152763,1.585));
#6281 = LINE('',#6282,#6283);
#6282 = CARTESIAN_POINT('',(14.275918,80.100451,1.585));
#6283 = VECTOR('',#6284,1.);
#6284 = DIRECTION('',(0.861873402091,0.507123494592,0.));
#6285 = ORIENTED_EDGE('',*,*,#6286,.T.);
#6286 = EDGE_CURVE('',#6279,#6287,#6289,.T.);
#6287 = VERTEX_POINT('',#6288);
#6288 = CARTESIAN_POINT('',(14.45652,80.234861,1.585));
#6289 = LINE('',#6290,#6291);
#6290 = CARTESIAN_POINT('',(14.364824,80.152763,1.585));
#6291 = VECTOR('',#6292,1.);
#6292 = DIRECTION('',(0.745022400609,0.667039446053,0.));
#6293 = ORIENTED_EDGE('',*,*,#6294,.T.);
#6294 = EDGE_CURVE('',#6287,#6295,#6297,.T.);
#6295 = VERTEX_POINT('',#6296);
#6296 = CARTESIAN_POINT('',(14.534937,80.321417,1.585));
#6297 = LINE('',#6298,#6299);
#6298 = CARTESIAN_POINT('',(14.45652,80.234861,1.585));
#6299 = VECTOR('',#6300,1.);
#6300 = DIRECTION('',(0.671404828487,0.741090788152,0.));
#6301 = ORIENTED_EDGE('',*,*,#6302,.T.);
#6302 = EDGE_CURVE('',#6295,#6303,#6305,.T.);
#6303 = VERTEX_POINT('',#6304);
#6304 = CARTESIAN_POINT('',(14.596814,80.425985,1.585));
#6305 = LINE('',#6306,#6307);
#6306 = CARTESIAN_POINT('',(14.534937,80.321417,1.585));
#6307 = VECTOR('',#6308,1.);
#6308 = DIRECTION('',(0.509258820993,0.860613416837,0.));
#6309 = ORIENTED_EDGE('',*,*,#6310,.T.);
#6310 = EDGE_CURVE('',#6303,#6311,#6313,.T.);
#6311 = VERTEX_POINT('',#6312);
#6312 = CARTESIAN_POINT('',(14.64488,80.542237,1.585));
#6313 = LINE('',#6314,#6315);
#6314 = CARTESIAN_POINT('',(14.596814,80.425985,1.585));
#6315 = VECTOR('',#6316,1.);
#6316 = DIRECTION('',(0.382091992239,0.9241242933,0.));
#6317 = ORIENTED_EDGE('',*,*,#6318,.T.);
#6318 = EDGE_CURVE('',#6311,#6319,#6321,.T.);
#6319 = VERTEX_POINT('',#6320);
#6320 = CARTESIAN_POINT('',(14.680859,80.66963,1.585));
#6321 = LINE('',#6322,#6323);
#6322 = CARTESIAN_POINT('',(14.64488,80.542237,1.585));
#6323 = VECTOR('',#6324,1.);
#6324 = DIRECTION('',(0.271793519242,0.962355590672,0.));
#6325 = ORIENTED_EDGE('',*,*,#6326,.T.);
#6326 = EDGE_CURVE('',#6319,#6327,#6329,.T.);
#6327 = VERTEX_POINT('',#6328);
#6328 = CARTESIAN_POINT('',(14.716846,81.084314,1.585));
#6329 = CIRCLE('',#6330,1.576327508189);
#6330 = AXIS2_PLACEMENT_3D('',#6331,#6332,#6333);
#6331 = CARTESIAN_POINT('',(13.142175167482,81.012063171025,1.585));
#6332 = DIRECTION('',(0.,0.,1.));
#6333 = DIRECTION('',(0.976119381617,-0.217234787343,0.));
#6334 = ORIENTED_EDGE('',*,*,#6335,.T.);
#6335 = EDGE_CURVE('',#6327,#6336,#6338,.T.);
#6336 = VERTEX_POINT('',#6337);
#6337 = CARTESIAN_POINT('',(14.70505,81.22193,1.585));
#6338 = LINE('',#6339,#6340);
#6339 = CARTESIAN_POINT('',(14.716846,81.084314,1.585));
#6340 = VECTOR('',#6341,1.);
#6341 = DIRECTION('',(-8.540360554402E-02,0.996346437822,0.));
#6342 = ORIENTED_EDGE('',*,*,#6343,.T.);
#6343 = EDGE_CURVE('',#6336,#6344,#6346,.T.);
#6344 = VERTEX_POINT('',#6345);
#6345 = CARTESIAN_POINT('',(14.681455,81.353515,1.585));
#6346 = LINE('',#6347,#6348);
#6347 = CARTESIAN_POINT('',(14.70505,81.22193,1.585));
#6348 = VECTOR('',#6349,1.);
#6349 = DIRECTION('',(-0.17649868279,0.984300876243,0.));
#6350 = ORIENTED_EDGE('',*,*,#6351,.T.);
#6351 = EDGE_CURVE('',#6344,#6352,#6354,.T.);
#6352 = VERTEX_POINT('',#6353);
#6353 = CARTESIAN_POINT('',(14.646116,81.475636,1.585));
#6354 = LINE('',#6355,#6356);
#6355 = CARTESIAN_POINT('',(14.681455,81.353515,1.585));
#6356 = VECTOR('',#6357,1.);
#6357 = DIRECTION('',(-0.277972319754,0.960589084599,0.));
#6358 = ORIENTED_EDGE('',*,*,#6359,.T.);
#6359 = EDGE_CURVE('',#6352,#6360,#6362,.T.);
#6360 = VERTEX_POINT('',#6361);
#6361 = CARTESIAN_POINT('',(14.599093,81.584858,1.585));
#6362 = LINE('',#6363,#6364);
#6363 = CARTESIAN_POINT('',(14.646116,81.475636,1.585));
#6364 = VECTOR('',#6365,1.);
#6365 = DIRECTION('',(-0.395436081902,0.918493497598,0.));
#6366 = ORIENTED_EDGE('',*,*,#6367,.T.);
#6367 = EDGE_CURVE('',#6360,#6368,#6370,.T.);
#6368 = VERTEX_POINT('',#6369);
#6369 = CARTESIAN_POINT('',(14.424022,81.796976,1.585));
#6370 = CIRCLE('',#6371,0.650172656729);
#6371 = AXIS2_PLACEMENT_3D('',#6372,#6373,#6374);
#6372 = CARTESIAN_POINT('',(14.021461693661,81.286417792429,1.585));
#6373 = DIRECTION('',(0.,0.,1.));
#6374 = DIRECTION('',(0.888427558989,0.459016854189,-0.));
#6375 = ORIENTED_EDGE('',*,*,#6376,.T.);
#6376 = EDGE_CURVE('',#6368,#6377,#6379,.T.);
#6377 = VERTEX_POINT('',#6378);
#6378 = CARTESIAN_POINT('',(14.325696,81.860555,1.585));
#6379 = LINE('',#6380,#6381);
#6380 = CARTESIAN_POINT('',(14.424022,81.796976,1.585));
#6381 = VECTOR('',#6382,1.);
#6382 = DIRECTION('',(-0.839740360899,0.542988145614,0.));
#6383 = ORIENTED_EDGE('',*,*,#6384,.T.);
#6384 = EDGE_CURVE('',#6377,#6385,#6387,.T.);
#6385 = VERTEX_POINT('',#6386);
#6386 = CARTESIAN_POINT('',(14.213167,81.908828,1.585));
#6387 = LINE('',#6388,#6389);
#6388 = CARTESIAN_POINT('',(14.325696,81.860555,1.585));
#6389 = VECTOR('',#6390,1.);
#6390 = DIRECTION('',(-0.919008109302,0.394238627023,0.));
#6391 = ORIENTED_EDGE('',*,*,#6392,.T.);
#6392 = EDGE_CURVE('',#6385,#6082,#6393,.T.);
#6393 = LINE('',#6394,#6395);
#6394 = CARTESIAN_POINT('',(14.213167,81.908828,1.585));
#6395 = VECTOR('',#6396,1.);
#6396 = DIRECTION('',(-0.967964645387,0.251086529469,0.));
#6397 = FACE_BOUND('',#6398,.F.);
#6398 = EDGE_LOOP('',(#6399,#6409,#6417,#6425,#6433,#6441,#6449,#6457,
    #6465,#6473,#6481,#6489,#6497,#6505,#6513,#6521,#6529,#6537));
#6399 = ORIENTED_EDGE('',*,*,#6400,.T.);
#6400 = EDGE_CURVE('',#6401,#6403,#6405,.T.);
#6401 = VERTEX_POINT('',#6402);
#6402 = CARTESIAN_POINT('',(6.865074,81.920831,1.585));
#6403 = VERTEX_POINT('',#6404);
#6404 = CARTESIAN_POINT('',(6.843201,81.929442,1.585));
#6405 = LINE('',#6406,#6407);
#6406 = CARTESIAN_POINT('',(6.865074,81.920831,1.585));
#6407 = VECTOR('',#6408,1.);
#6408 = DIRECTION('',(-0.930490136856,0.366316946393,0.));
#6409 = ORIENTED_EDGE('',*,*,#6410,.T.);
#6410 = EDGE_CURVE('',#6403,#6411,#6413,.T.);
#6411 = VERTEX_POINT('',#6412);
#6412 = CARTESIAN_POINT('',(6.755484,81.935368,1.585));
#6413 = LINE('',#6414,#6415);
#6414 = CARTESIAN_POINT('',(6.843201,81.929442,1.585));
#6415 = VECTOR('',#6416,1.);
#6416 = DIRECTION('',(-0.997725728889,6.740452442966E-02,0.));
#6417 = ORIENTED_EDGE('',*,*,#6418,.T.);
#6418 = EDGE_CURVE('',#6411,#6419,#6421,.T.);
#6419 = VERTEX_POINT('',#6420);
#6420 = CARTESIAN_POINT('',(6.661843,81.928013,1.585));
#6421 = LINE('',#6422,#6423);
#6422 = CARTESIAN_POINT('',(6.755484,81.935368,1.585));
#6423 = VECTOR('',#6424,1.);
#6424 = DIRECTION('',(-0.996929568063,-7.830348856902E-02,0.));
#6425 = ORIENTED_EDGE('',*,*,#6426,.T.);
#6426 = EDGE_CURVE('',#6419,#6427,#6429,.T.);
#6427 = VERTEX_POINT('',#6428);
#6428 = CARTESIAN_POINT('',(6.642828,81.917003,1.585));
#6429 = LINE('',#6430,#6431);
#6430 = CARTESIAN_POINT('',(6.661843,81.928013,1.585));
#6431 = VECTOR('',#6432,1.);
#6432 = DIRECTION('',(-0.86540031824,-0.50108112037,0.));
#6433 = ORIENTED_EDGE('',*,*,#6434,.T.);
#6434 = EDGE_CURVE('',#6427,#6435,#6437,.T.);
#6435 = VERTEX_POINT('',#6436);
#6436 = CARTESIAN_POINT('',(6.634092,81.857401,1.585));
#6437 = LINE('',#6438,#6439);
#6438 = CARTESIAN_POINT('',(6.642828,81.917003,1.585));
#6439 = VECTOR('',#6440,1.);
#6440 = DIRECTION('',(-0.145022747781,-0.989428321116,0.));
#6441 = ORIENTED_EDGE('',*,*,#6442,.T.);
#6442 = EDGE_CURVE('',#6435,#6443,#6445,.T.);
#6443 = VERTEX_POINT('',#6444);
#6444 = CARTESIAN_POINT('',(6.628391,81.105592,1.585));
#6445 = LINE('',#6446,#6447);
#6446 = CARTESIAN_POINT('',(6.634092,81.857401,1.585));
#6447 = VECTOR('',#6448,1.);
#6448 = DIRECTION('',(-7.582825020815E-03,-0.999971249969,0.));
#6449 = ORIENTED_EDGE('',*,*,#6450,.T.);
#6450 = EDGE_CURVE('',#6443,#6451,#6453,.T.);
#6451 = VERTEX_POINT('',#6452);
#6452 = CARTESIAN_POINT('',(6.628442,80.812132,1.585));
#6453 = LINE('',#6454,#6455);
#6454 = CARTESIAN_POINT('',(6.628391,81.105592,1.585));
#6455 = VECTOR('',#6456,1.);
#6456 = DIRECTION('',(1.737885886658E-04,-0.999999984899,0.));
#6457 = ORIENTED_EDGE('',*,*,#6458,.T.);
#6458 = EDGE_CURVE('',#6451,#6459,#6461,.T.);
#6459 = VERTEX_POINT('',#6460);
#6460 = CARTESIAN_POINT('',(6.635132,80.094789,1.585));
#6461 = LINE('',#6462,#6463);
#6462 = CARTESIAN_POINT('',(6.628442,80.812132,1.585));
#6463 = VECTOR('',#6464,1.);
#6464 = DIRECTION('',(9.325676956318E-03,-0.999956514929,0.));
#6465 = ORIENTED_EDGE('',*,*,#6466,.T.);
#6466 = EDGE_CURVE('',#6459,#6467,#6469,.T.);
#6467 = VERTEX_POINT('',#6468);
#6468 = CARTESIAN_POINT('',(6.641259,80.048549,1.585));
#6469 = LINE('',#6470,#6471);
#6470 = CARTESIAN_POINT('',(6.635132,80.094789,1.585));
#6471 = VECTOR('',#6472,1.);
#6472 = DIRECTION('',(0.131356206346,-0.991335234446,0.));
#6473 = ORIENTED_EDGE('',*,*,#6474,.T.);
#6474 = EDGE_CURVE('',#6467,#6475,#6477,.T.);
#6475 = VERTEX_POINT('',#6476);
#6476 = CARTESIAN_POINT('',(6.672216,80.03739,1.585));
#6477 = LINE('',#6478,#6479);
#6478 = CARTESIAN_POINT('',(6.641259,80.048549,1.585));
#6479 = VECTOR('',#6480,1.);
#6480 = DIRECTION('',(0.940747094944,-0.339108984478,0.));
#6481 = ORIENTED_EDGE('',*,*,#6482,.T.);
#6482 = EDGE_CURVE('',#6475,#6483,#6485,.T.);
#6483 = VERTEX_POINT('',#6484);
#6484 = CARTESIAN_POINT('',(6.766166,80.029491,1.585));
#6485 = LINE('',#6486,#6487);
#6486 = CARTESIAN_POINT('',(6.672216,80.03739,1.585));
#6487 = VECTOR('',#6488,1.);
#6488 = DIRECTION('',(0.996484188296,-8.378103888617E-02,0.));
#6489 = ORIENTED_EDGE('',*,*,#6490,.T.);
#6490 = EDGE_CURVE('',#6483,#6491,#6493,.T.);
#6491 = VERTEX_POINT('',#6492);
#6492 = CARTESIAN_POINT('',(6.814189,80.032914,1.585));
#6493 = LINE('',#6494,#6495);
#6494 = CARTESIAN_POINT('',(6.766166,80.029491,1.585));
#6495 = VECTOR('',#6496,1.);
#6496 = DIRECTION('',(0.997469337606,7.109796436366E-02,0.));
#6497 = ORIENTED_EDGE('',*,*,#6498,.T.);
#6498 = EDGE_CURVE('',#6491,#6499,#6501,.T.);
#6499 = VERTEX_POINT('',#6500);
#6500 = CARTESIAN_POINT('',(6.867289,80.048769,1.585));
#6501 = LINE('',#6502,#6503);
#6502 = CARTESIAN_POINT('',(6.814189,80.032914,1.585));
#6503 = VECTOR('',#6504,1.);
#6504 = DIRECTION('',(0.958197972272,0.286106004715,0.));
#6505 = ORIENTED_EDGE('',*,*,#6506,.T.);
#6506 = EDGE_CURVE('',#6499,#6507,#6509,.T.);
#6507 = VERTEX_POINT('',#6508);
#6508 = CARTESIAN_POINT('',(6.876505,80.097711,1.585));
#6509 = LINE('',#6510,#6511);
#6510 = CARTESIAN_POINT('',(6.867289,80.048769,1.585));
#6511 = VECTOR('',#6512,1.);
#6512 = DIRECTION('',(0.185052256409,0.982728681986,0.));
#6513 = ORIENTED_EDGE('',*,*,#6514,.T.);
#6514 = EDGE_CURVE('',#6507,#6515,#6517,.T.);
#6515 = VERTEX_POINT('',#6516);
#6516 = CARTESIAN_POINT('',(6.882562,80.791093,1.585));
#6517 = LINE('',#6518,#6519);
#6518 = CARTESIAN_POINT('',(6.876505,80.097711,1.585));
#6519 = VECTOR('',#6520,1.);
#6520 = DIRECTION('',(8.735111258259E-03,0.999961848188,0.));
#6521 = ORIENTED_EDGE('',*,*,#6522,.T.);
#6522 = EDGE_CURVE('',#6515,#6523,#6525,.T.);
#6523 = VERTEX_POINT('',#6524);
#6524 = CARTESIAN_POINT('',(6.877978,81.833602,1.585));
#6525 = LINE('',#6526,#6527);
#6526 = CARTESIAN_POINT('',(6.882562,80.791093,1.585));
#6527 = VECTOR('',#6528,1.);
#6528 = DIRECTION('',(-4.397041834949E-03,0.999990332965,0.));
#6529 = ORIENTED_EDGE('',*,*,#6530,.T.);
#6530 = EDGE_CURVE('',#6523,#6531,#6533,.T.);
#6531 = VERTEX_POINT('',#6532);
#6532 = CARTESIAN_POINT('',(6.870209,81.912101,1.585));
#6533 = LINE('',#6534,#6535);
#6534 = CARTESIAN_POINT('',(6.877978,81.833602,1.585));
#6535 = VECTOR('',#6536,1.);
#6536 = DIRECTION('',(-9.848824553973E-02,0.995138214265,0.));
#6537 = ORIENTED_EDGE('',*,*,#6538,.T.);
#6538 = EDGE_CURVE('',#6531,#6401,#6539,.T.);
#6539 = LINE('',#6540,#6541);
#6540 = CARTESIAN_POINT('',(6.870209,81.912101,1.585));
#6541 = VECTOR('',#6542,1.);
#6542 = DIRECTION('',(-0.50699855216,0.86194690562,0.));
#6543 = FACE_BOUND('',#6544,.F.);
#6544 = EDGE_LOOP('',(#6545,#6555,#6563,#6571,#6579,#6587,#6595,#6603,
    #6611,#6619,#6627,#6635,#6643,#6651,#6659,#6667,#6675,#6683));
#6545 = ORIENTED_EDGE('',*,*,#6546,.T.);
#6546 = EDGE_CURVE('',#6547,#6549,#6551,.T.);
#6547 = VERTEX_POINT('',#6548);
#6548 = CARTESIAN_POINT('',(11.451479,81.920831,1.585));
#6549 = VERTEX_POINT('',#6550);
#6550 = CARTESIAN_POINT('',(11.429607,81.929442,1.585));
#6551 = LINE('',#6552,#6553);
#6552 = CARTESIAN_POINT('',(11.451479,81.920831,1.585));
#6553 = VECTOR('',#6554,1.);
#6554 = DIRECTION('',(-0.930484428077,0.366331447063,0.));
#6555 = ORIENTED_EDGE('',*,*,#6556,.T.);
#6556 = EDGE_CURVE('',#6549,#6557,#6559,.T.);
#6557 = VERTEX_POINT('',#6558);
#6558 = CARTESIAN_POINT('',(11.341889,81.935368,1.585));
#6559 = LINE('',#6560,#6561);
#6560 = CARTESIAN_POINT('',(11.429607,81.929442,1.585));
#6561 = VECTOR('',#6562,1.);
#6562 = DIRECTION('',(-0.997725780566,6.740375949788E-02,0.));
#6563 = ORIENTED_EDGE('',*,*,#6564,.T.);
#6564 = EDGE_CURVE('',#6557,#6565,#6567,.T.);
#6565 = VERTEX_POINT('',#6566);
#6566 = CARTESIAN_POINT('',(11.248248,81.928013,1.585));
#6567 = LINE('',#6568,#6569);
#6568 = CARTESIAN_POINT('',(11.341889,81.935368,1.585));
#6569 = VECTOR('',#6570,1.);
#6570 = DIRECTION('',(-0.996929568063,-7.830348856902E-02,0.));
#6571 = ORIENTED_EDGE('',*,*,#6572,.T.);
#6572 = EDGE_CURVE('',#6565,#6573,#6575,.T.);
#6573 = VERTEX_POINT('',#6574);
#6574 = CARTESIAN_POINT('',(11.229234,81.917003,1.585));
#6575 = LINE('',#6576,#6577);
#6576 = CARTESIAN_POINT('',(11.248248,81.928013,1.585));
#6577 = VECTOR('',#6578,1.);
#6578 = DIRECTION('',(-0.865388890444,-0.501100856411,0.));
#6579 = ORIENTED_EDGE('',*,*,#6580,.T.);
#6580 = EDGE_CURVE('',#6573,#6581,#6583,.T.);
#6581 = VERTEX_POINT('',#6582);
#6582 = CARTESIAN_POINT('',(11.220498,81.857401,1.585));
#6583 = LINE('',#6584,#6585);
#6584 = CARTESIAN_POINT('',(11.229234,81.917003,1.585));
#6585 = VECTOR('',#6586,1.);
#6586 = DIRECTION('',(-0.145022747781,-0.989428321116,0.));
#6587 = ORIENTED_EDGE('',*,*,#6588,.T.);
#6588 = EDGE_CURVE('',#6581,#6589,#6591,.T.);
#6589 = VERTEX_POINT('',#6590);
#6590 = CARTESIAN_POINT('',(11.214797,81.105592,1.585));
#6591 = LINE('',#6592,#6593);
#6592 = CARTESIAN_POINT('',(11.220498,81.857401,1.585));
#6593 = VECTOR('',#6594,1.);
#6594 = DIRECTION('',(-7.582825020813E-03,-0.999971249969,0.));
#6595 = ORIENTED_EDGE('',*,*,#6596,.T.);
#6596 = EDGE_CURVE('',#6589,#6597,#6599,.T.);
#6597 = VERTEX_POINT('',#6598);
#6598 = CARTESIAN_POINT('',(11.214848,80.812132,1.585));
#6599 = LINE('',#6600,#6601);
#6600 = CARTESIAN_POINT('',(11.214797,81.105592,1.585));
#6601 = VECTOR('',#6602,1.);
#6602 = DIRECTION('',(1.737885886628E-04,-0.999999984899,0.));
#6603 = ORIENTED_EDGE('',*,*,#6604,.T.);
#6604 = EDGE_CURVE('',#6597,#6605,#6607,.T.);
#6605 = VERTEX_POINT('',#6606);
#6606 = CARTESIAN_POINT('',(11.221538,80.094789,1.585));
#6607 = LINE('',#6608,#6609);
#6608 = CARTESIAN_POINT('',(11.214848,80.812132,1.585));
#6609 = VECTOR('',#6610,1.);
#6610 = DIRECTION('',(9.325676956319E-03,-0.999956514929,0.));
#6611 = ORIENTED_EDGE('',*,*,#6612,.T.);
#6612 = EDGE_CURVE('',#6605,#6613,#6615,.T.);
#6613 = VERTEX_POINT('',#6614);
#6614 = CARTESIAN_POINT('',(11.227664,80.048549,1.585));
#6615 = LINE('',#6616,#6617);
#6616 = CARTESIAN_POINT('',(11.221538,80.094789,1.585));
#6617 = VECTOR('',#6618,1.);
#6618 = DIRECTION('',(0.131335137263,-0.991338025963,0.));
#6619 = ORIENTED_EDGE('',*,*,#6620,.T.);
#6620 = EDGE_CURVE('',#6613,#6621,#6623,.T.);
#6621 = VERTEX_POINT('',#6622);
#6622 = CARTESIAN_POINT('',(11.258622,80.03739,1.585));
#6623 = LINE('',#6624,#6625);
#6624 = CARTESIAN_POINT('',(11.227664,80.048549,1.585));
#6625 = VECTOR('',#6626,1.);
#6626 = DIRECTION('',(0.940750589356,-0.339099290219,0.));
#6627 = ORIENTED_EDGE('',*,*,#6628,.T.);
#6628 = EDGE_CURVE('',#6621,#6629,#6631,.T.);
#6629 = VERTEX_POINT('',#6630);
#6630 = CARTESIAN_POINT('',(11.352571,80.029491,1.585));
#6631 = LINE('',#6632,#6633);
#6632 = CARTESIAN_POINT('',(11.258622,80.03739,1.585));
#6633 = VECTOR('',#6634,1.);
#6634 = DIRECTION('',(0.996484113844,-8.378192439798E-02,0.));
#6635 = ORIENTED_EDGE('',*,*,#6636,.T.);
#6636 = EDGE_CURVE('',#6629,#6637,#6639,.T.);
#6637 = VERTEX_POINT('',#6638);
#6638 = CARTESIAN_POINT('',(11.400594,80.032914,1.585));
#6639 = LINE('',#6640,#6641);
#6640 = CARTESIAN_POINT('',(11.352571,80.029491,1.585));
#6641 = VECTOR('',#6642,1.);
#6642 = DIRECTION('',(0.997469337606,7.109796436366E-02,0.));
#6643 = ORIENTED_EDGE('',*,*,#6644,.T.);
#6644 = EDGE_CURVE('',#6637,#6645,#6647,.T.);
#6645 = VERTEX_POINT('',#6646);
#6646 = CARTESIAN_POINT('',(11.453694,80.048769,1.585));
#6647 = LINE('',#6648,#6649);
#6648 = CARTESIAN_POINT('',(11.400594,80.032914,1.585));
#6649 = VECTOR('',#6650,1.);
#6650 = DIRECTION('',(0.958197972272,0.286106004715,0.));
#6651 = ORIENTED_EDGE('',*,*,#6652,.T.);
#6652 = EDGE_CURVE('',#6645,#6653,#6655,.T.);
#6653 = VERTEX_POINT('',#6654);
#6654 = CARTESIAN_POINT('',(11.46291,80.097711,1.585));
#6655 = LINE('',#6656,#6657);
#6656 = CARTESIAN_POINT('',(11.453694,80.048769,1.585));
#6657 = VECTOR('',#6658,1.);
#6658 = DIRECTION('',(0.185052256409,0.982728681986,0.));
#6659 = ORIENTED_EDGE('',*,*,#6660,.T.);
#6660 = EDGE_CURVE('',#6653,#6661,#6663,.T.);
#6661 = VERTEX_POINT('',#6662);
#6662 = CARTESIAN_POINT('',(11.468968,80.791093,1.585));
#6663 = LINE('',#6664,#6665);
#6664 = CARTESIAN_POINT('',(11.46291,80.097711,1.585));
#6665 = VECTOR('',#6666,1.);
#6666 = DIRECTION('',(8.736553299629E-03,0.99996183559,0.));
#6667 = ORIENTED_EDGE('',*,*,#6668,.T.);
#6668 = EDGE_CURVE('',#6661,#6669,#6671,.T.);
#6669 = VERTEX_POINT('',#6670);
#6670 = CARTESIAN_POINT('',(11.464383,81.833602,1.585));
#6671 = LINE('',#6672,#6673);
#6672 = CARTESIAN_POINT('',(11.468968,80.791093,1.585));
#6673 = VECTOR('',#6674,1.);
#6674 = DIRECTION('',(-4.398001031458E-03,0.999990328747,0.));
#6675 = ORIENTED_EDGE('',*,*,#6676,.T.);
#6676 = EDGE_CURVE('',#6669,#6677,#6679,.T.);
#6677 = VERTEX_POINT('',#6678);
#6678 = CARTESIAN_POINT('',(11.456615,81.912101,1.585));
#6679 = LINE('',#6680,#6681);
#6680 = CARTESIAN_POINT('',(11.464383,81.833602,1.585));
#6681 = VECTOR('',#6682,1.);
#6682 = DIRECTION('',(-9.847569140167E-02,0.995139456661,0.));
#6683 = ORIENTED_EDGE('',*,*,#6684,.T.);
#6684 = EDGE_CURVE('',#6677,#6547,#6685,.T.);
#6685 = LINE('',#6686,#6687);
#6686 = CARTESIAN_POINT('',(11.456615,81.912101,1.585));
#6687 = VECTOR('',#6688,1.);
#6688 = DIRECTION('',(-0.507071901243,0.861903757371,0.));
#6689 = FACE_BOUND('',#6690,.F.);
#6690 = EDGE_LOOP('',(#6691,#6701,#6709,#6718,#6726,#6734,#6742,#6750,
    #6758,#6766,#6774,#6782,#6790,#6798,#6806,#6814,#6822,#6831,#6839,
    #6847,#6855,#6863,#6871,#6879,#6887,#6895,#6904,#6912,#6920,#6928,
    #6936,#6944,#6952,#6960,#6968,#6976,#6984,#6992,#7000,#7008,#7016,
    #7024,#7032,#7040,#7049,#7057,#7066));
#6691 = ORIENTED_EDGE('',*,*,#6692,.T.);
#6692 = EDGE_CURVE('',#6693,#6695,#6697,.T.);
#6693 = VERTEX_POINT('',#6694);
#6694 = CARTESIAN_POINT('',(9.727351,81.916961,1.585));
#6695 = VERTEX_POINT('',#6696);
#6696 = CARTESIAN_POINT('',(9.613196,81.947534,1.585));
#6697 = LINE('',#6698,#6699);
#6698 = CARTESIAN_POINT('',(9.727351,81.916961,1.585));
#6699 = VECTOR('',#6700,1.);
#6700 = DIRECTION('',(-0.96595700115,0.258702670896,0.));
#6701 = ORIENTED_EDGE('',*,*,#6702,.T.);
#6702 = EDGE_CURVE('',#6695,#6703,#6705,.T.);
#6703 = VERTEX_POINT('',#6704);
#6704 = CARTESIAN_POINT('',(9.502637,81.957775,1.585));
#6705 = LINE('',#6706,#6707);
#6706 = CARTESIAN_POINT('',(9.613196,81.947534,1.585));
#6707 = VECTOR('',#6708,1.);
#6708 = DIRECTION('',(-0.995737320118,9.223442592027E-02,0.));
#6709 = ORIENTED_EDGE('',*,*,#6710,.T.);
#6710 = EDGE_CURVE('',#6703,#6711,#6713,.T.);
#6711 = VERTEX_POINT('',#6712);
#6712 = CARTESIAN_POINT('',(9.040568,81.828564,1.585));
#6713 = CIRCLE('',#6714,0.874062446822);
#6714 = AXIS2_PLACEMENT_3D('',#6715,#6716,#6717);
#6715 = CARTESIAN_POINT('',(9.497952069515,81.083725108763,1.585));
#6716 = DIRECTION('',(0.,0.,1.));
#6717 = DIRECTION('',(5.359949397491E-03,0.999985635368,-0.));
#6718 = ORIENTED_EDGE('',*,*,#6719,.T.);
#6719 = EDGE_CURVE('',#6711,#6720,#6722,.T.);
#6720 = VERTEX_POINT('',#6721);
#6721 = CARTESIAN_POINT('',(9.004531,81.800112,1.585));
#6722 = LINE('',#6723,#6724);
#6723 = CARTESIAN_POINT('',(9.040568,81.828564,1.585));
#6724 = VECTOR('',#6725,1.);
#6725 = DIRECTION('',(-0.78486436791,-0.619667591524,0.));
#6726 = ORIENTED_EDGE('',*,*,#6727,.T.);
#6727 = EDGE_CURVE('',#6720,#6728,#6730,.T.);
#6728 = VERTEX_POINT('',#6729);
#6729 = CARTESIAN_POINT('',(8.982659,81.769678,1.585));
#6730 = LINE('',#6731,#6732);
#6731 = CARTESIAN_POINT('',(9.004531,81.800112,1.585));
#6732 = VECTOR('',#6733,1.);
#6733 = DIRECTION('',(-0.583593163384,-0.812046193052,0.));
#6734 = ORIENTED_EDGE('',*,*,#6735,.T.);
#6735 = EDGE_CURVE('',#6728,#6736,#6738,.T.);
#6736 = VERTEX_POINT('',#6737);
#6737 = CARTESIAN_POINT('',(8.971914,81.733142,1.585));
#6738 = LINE('',#6739,#6740);
#6739 = CARTESIAN_POINT('',(8.982659,81.769678,1.585));
#6740 = VECTOR('',#6741,1.);
#6741 = DIRECTION('',(-0.282144999539,-0.959371773212,0.));
#6742 = ORIENTED_EDGE('',*,*,#6743,.T.);
#6743 = EDGE_CURVE('',#6736,#6744,#6746,.T.);
#6744 = VERTEX_POINT('',#6745);
#6745 = CARTESIAN_POINT('',(8.971779,81.635779,1.585));
#6746 = LINE('',#6747,#6748);
#6747 = CARTESIAN_POINT('',(8.971914,81.733142,1.585));
#6748 = VECTOR('',#6749,1.);
#6749 = DIRECTION('',(-1.386562351485E-03,-0.999999038722,0.));
#6750 = ORIENTED_EDGE('',*,*,#6751,.T.);
#6751 = EDGE_CURVE('',#6744,#6752,#6754,.T.);
#6752 = VERTEX_POINT('',#6753);
#6753 = CARTESIAN_POINT('',(8.980408,81.600862,1.585));
#6754 = LINE('',#6755,#6756);
#6755 = CARTESIAN_POINT('',(8.971779,81.635779,1.585));
#6756 = VECTOR('',#6757,1.);
#6757 = DIRECTION('',(0.239911450492,-0.970794775389,0.));
#6758 = ORIENTED_EDGE('',*,*,#6759,.T.);
#6759 = EDGE_CURVE('',#6752,#6760,#6762,.T.);
#6760 = VERTEX_POINT('',#6761);
#6761 = CARTESIAN_POINT('',(8.996672,81.584342,1.585));
#6762 = LINE('',#6763,#6764);
#6763 = CARTESIAN_POINT('',(8.980408,81.600862,1.585));
#6764 = VECTOR('',#6765,1.);
#6765 = DIRECTION('',(0.701563816731,-0.712606631357,0.));
#6766 = ORIENTED_EDGE('',*,*,#6767,.T.);
#6767 = EDGE_CURVE('',#6760,#6768,#6770,.T.);
#6768 = VERTEX_POINT('',#6769);
#6769 = CARTESIAN_POINT('',(9.022114,81.585074,1.585));
#6770 = LINE('',#6771,#6772);
#6771 = CARTESIAN_POINT('',(8.996672,81.584342,1.585));
#6772 = VECTOR('',#6773,1.);
#6773 = DIRECTION('',(0.999586362272,2.875942210449E-02,0.));
#6774 = ORIENTED_EDGE('',*,*,#6775,.T.);
#6775 = EDGE_CURVE('',#6768,#6776,#6778,.T.);
#6776 = VERTEX_POINT('',#6777);
#6777 = CARTESIAN_POINT('',(9.168512,81.664738,1.585));
#6778 = LINE('',#6779,#6780);
#6779 = CARTESIAN_POINT('',(9.022114,81.585074,1.585));
#6780 = VECTOR('',#6781,1.);
#6781 = DIRECTION('',(0.878372987504,0.477975830794,0.));
#6782 = ORIENTED_EDGE('',*,*,#6783,.T.);
#6783 = EDGE_CURVE('',#6776,#6784,#6786,.T.);
#6784 = VERTEX_POINT('',#6785);
#6785 = CARTESIAN_POINT('',(9.262879,81.703688,1.585));
#6786 = LINE('',#6787,#6788);
#6787 = CARTESIAN_POINT('',(9.168512,81.664738,1.585));
#6788 = VECTOR('',#6789,1.);
#6789 = DIRECTION('',(0.924357045417,0.381528573749,0.));
#6790 = ORIENTED_EDGE('',*,*,#6791,.T.);
#6791 = EDGE_CURVE('',#6784,#6792,#6794,.T.);
#6792 = VERTEX_POINT('',#6793);
#6793 = CARTESIAN_POINT('',(9.35445,81.727907,1.585));
#6794 = LINE('',#6795,#6796);
#6795 = CARTESIAN_POINT('',(9.262879,81.703688,1.585));
#6796 = VECTOR('',#6797,1.);
#6797 = DIRECTION('',(0.966758438121,0.255691459227,0.));
#6798 = ORIENTED_EDGE('',*,*,#6799,.T.);
#6799 = EDGE_CURVE('',#6792,#6800,#6802,.T.);
#6800 = VERTEX_POINT('',#6801);
#6801 = CARTESIAN_POINT('',(9.439994,81.736524,1.585));
#6802 = LINE('',#6803,#6804);
#6803 = CARTESIAN_POINT('',(9.35445,81.727907,1.585));
#6804 = VECTOR('',#6805,1.);
#6805 = DIRECTION('',(0.994964839715,0.100224586456,0.));
#6806 = ORIENTED_EDGE('',*,*,#6807,.T.);
#6807 = EDGE_CURVE('',#6800,#6808,#6810,.T.);
#6808 = VERTEX_POINT('',#6809);
#6809 = CARTESIAN_POINT('',(9.5111,81.729814,1.585));
#6810 = LINE('',#6811,#6812);
#6811 = CARTESIAN_POINT('',(9.439994,81.736524,1.585));
#6812 = VECTOR('',#6813,1.);
#6813 = DIRECTION('',(0.995577032132,-9.394877908479E-02,0.));
#6814 = ORIENTED_EDGE('',*,*,#6815,.T.);
#6815 = EDGE_CURVE('',#6808,#6816,#6818,.T.);
#6816 = VERTEX_POINT('',#6817);
#6817 = CARTESIAN_POINT('',(9.586105,81.70441,1.585));
#6818 = LINE('',#6819,#6820);
#6819 = CARTESIAN_POINT('',(9.5111,81.729814,1.585));
#6820 = VECTOR('',#6821,1.);
#6821 = DIRECTION('',(0.947148103103,-0.320796619042,0.));
#6822 = ORIENTED_EDGE('',*,*,#6823,.T.);
#6823 = EDGE_CURVE('',#6816,#6824,#6826,.T.);
#6824 = VERTEX_POINT('',#6825);
#6825 = CARTESIAN_POINT('',(9.727708,81.54224,1.585));
#6826 = CIRCLE('',#6827,0.274548710077);
#6827 = AXIS2_PLACEMENT_3D('',#6828,#6829,#6830);
#6828 = CARTESIAN_POINT('',(9.466659701856,81.45720600538,1.585));
#6829 = DIRECTION('',(0.,0.,-1.));
#6830 = DIRECTION('',(0.435060496589,0.900401224071,0.));
#6831 = ORIENTED_EDGE('',*,*,#6832,.T.);
#6832 = EDGE_CURVE('',#6824,#6833,#6835,.T.);
#6833 = VERTEX_POINT('',#6834);
#6834 = CARTESIAN_POINT('',(9.745135,81.464461,1.585));
#6835 = LINE('',#6836,#6837);
#6836 = CARTESIAN_POINT('',(9.727708,81.54224,1.585));
#6837 = VECTOR('',#6838,1.);
#6838 = DIRECTION('',(0.218637104259,-0.975806239292,0.));
#6839 = ORIENTED_EDGE('',*,*,#6840,.T.);
#6840 = EDGE_CURVE('',#6833,#6841,#6843,.T.);
#6841 = VERTEX_POINT('',#6842);
#6842 = CARTESIAN_POINT('',(9.746691,81.377284,1.585));
#6843 = LINE('',#6844,#6845);
#6844 = CARTESIAN_POINT('',(9.745135,81.464461,1.585));
#6845 = VECTOR('',#6846,1.);
#6846 = DIRECTION('',(1.784590208163E-02,-0.999840749209,0.));
#6847 = ORIENTED_EDGE('',*,*,#6848,.T.);
#6848 = EDGE_CURVE('',#6841,#6849,#6851,.T.);
#6849 = VERTEX_POINT('',#6850);
#6850 = CARTESIAN_POINT('',(9.731785,81.282189,1.585));
#6851 = LINE('',#6852,#6853);
#6852 = CARTESIAN_POINT('',(9.746691,81.377284,1.585));
#6853 = VECTOR('',#6854,1.);
#6854 = DIRECTION('',(-0.154857625566,-0.987936797475,0.));
#6855 = ORIENTED_EDGE('',*,*,#6856,.T.);
#6856 = EDGE_CURVE('',#6849,#6857,#6859,.T.);
#6857 = VERTEX_POINT('',#6858);
#6858 = CARTESIAN_POINT('',(9.693634,81.164713,1.585));
#6859 = LINE('',#6860,#6861);
#6860 = CARTESIAN_POINT('',(9.731785,81.282189,1.585));
#6861 = VECTOR('',#6862,1.);
#6862 = DIRECTION('',(-0.308875903779,-0.951102347839,0.));
#6863 = ORIENTED_EDGE('',*,*,#6864,.T.);
#6864 = EDGE_CURVE('',#6857,#6865,#6867,.T.);
#6865 = VERTEX_POINT('',#6866);
#6866 = CARTESIAN_POINT('',(9.637212,81.05204,1.585));
#6867 = LINE('',#6868,#6869);
#6868 = CARTESIAN_POINT('',(9.693634,81.164713,1.585));
#6869 = VECTOR('',#6870,1.);
#6870 = DIRECTION('',(-0.447756325037,-0.894155620342,0.));
#6871 = ORIENTED_EDGE('',*,*,#6872,.T.);
#6872 = EDGE_CURVE('',#6865,#6873,#6875,.T.);
#6873 = VERTEX_POINT('',#6874);
#6874 = CARTESIAN_POINT('',(9.55216,80.92751,1.585));
#6875 = LINE('',#6876,#6877);
#6876 = CARTESIAN_POINT('',(9.637212,81.05204,1.585));
#6877 = VECTOR('',#6878,1.);
#6878 = DIRECTION('',(-0.563993851939,-0.82577898676,0.));
#6879 = ORIENTED_EDGE('',*,*,#6880,.T.);
#6880 = EDGE_CURVE('',#6873,#6881,#6883,.T.);
#6881 = VERTEX_POINT('',#6882);
#6882 = CARTESIAN_POINT('',(9.427944,80.776857,1.585));
#6883 = LINE('',#6884,#6885);
#6884 = CARTESIAN_POINT('',(9.55216,80.92751,1.585));
#6885 = VECTOR('',#6886,1.);
#6886 = DIRECTION('',(-0.63616131176,-0.771556080541,0.));
#6887 = ORIENTED_EDGE('',*,*,#6888,.T.);
#6888 = EDGE_CURVE('',#6881,#6889,#6891,.T.);
#6889 = VERTEX_POINT('',#6890);
#6890 = CARTESIAN_POINT('',(8.959608,80.264258,1.585));
#6891 = LINE('',#6892,#6893);
#6892 = CARTESIAN_POINT('',(9.427944,80.776857,1.585));
#6893 = VECTOR('',#6894,1.);
#6894 = DIRECTION('',(-0.674513464668,-0.738262545428,0.));
#6895 = ORIENTED_EDGE('',*,*,#6896,.T.);
#6896 = EDGE_CURVE('',#6889,#6897,#6899,.T.);
#6897 = VERTEX_POINT('',#6898);
#6898 = CARTESIAN_POINT('',(8.943852,80.079042,1.585));
#6899 = CIRCLE('',#6900,0.245440561997);
#6900 = AXIS2_PLACEMENT_3D('',#6901,#6902,#6903);
#6901 = CARTESIAN_POINT('',(9.178074911532,80.152395235692,1.585));
#6902 = DIRECTION('',(0.,0.,1.));
#6903 = DIRECTION('',(-0.890101089059,0.455763152587,0.));
#6904 = ORIENTED_EDGE('',*,*,#6905,.T.);
#6905 = EDGE_CURVE('',#6897,#6906,#6908,.T.);
#6906 = VERTEX_POINT('',#6907);
#6907 = CARTESIAN_POINT('',(8.963921,80.050561,1.585));
#6908 = LINE('',#6909,#6910);
#6909 = CARTESIAN_POINT('',(8.943852,80.079042,1.585));
#6910 = VECTOR('',#6911,1.);
#6911 = DIRECTION('',(0.576008021177,-0.817444040617,0.));
#6912 = ORIENTED_EDGE('',*,*,#6913,.T.);
#6913 = EDGE_CURVE('',#6906,#6914,#6916,.T.);
#6914 = VERTEX_POINT('',#6915);
#6915 = CARTESIAN_POINT('',(8.995901,80.040712,1.585));
#6916 = LINE('',#6917,#6918);
#6917 = CARTESIAN_POINT('',(8.963921,80.050561,1.585));
#6918 = VECTOR('',#6919,1.);
#6919 = DIRECTION('',(0.955703377665,-0.294331537418,0.));
#6920 = ORIENTED_EDGE('',*,*,#6921,.T.);
#6921 = EDGE_CURVE('',#6914,#6922,#6924,.T.);
#6922 = VERTEX_POINT('',#6923);
#6923 = CARTESIAN_POINT('',(9.291343,80.034235,1.585));
#6924 = LINE('',#6925,#6926);
#6925 = CARTESIAN_POINT('',(8.995901,80.040712,1.585));
#6926 = VECTOR('',#6927,1.);
#6927 = DIRECTION('',(0.999759775767,-2.191781827786E-02,0.));
#6928 = ORIENTED_EDGE('',*,*,#6929,.T.);
#6929 = EDGE_CURVE('',#6922,#6930,#6932,.T.);
#6930 = VERTEX_POINT('',#6931);
#6931 = CARTESIAN_POINT('',(10.080221,80.034075,1.585));
#6932 = LINE('',#6933,#6934);
#6933 = CARTESIAN_POINT('',(9.291343,80.034235,1.585));
#6934 = VECTOR('',#6935,1.);
#6935 = DIRECTION('',(0.999999979432,-2.028196967124E-04,0.));
#6936 = ORIENTED_EDGE('',*,*,#6937,.T.);
#6937 = EDGE_CURVE('',#6930,#6938,#6940,.T.);
#6938 = VERTEX_POINT('',#6939);
#6939 = CARTESIAN_POINT('',(10.09671,80.057616,1.585));
#6940 = LINE('',#6941,#6942);
#6941 = CARTESIAN_POINT('',(10.080221,80.034075,1.585));
#6942 = VECTOR('',#6943,1.);
#6943 = DIRECTION('',(0.573702835462,0.819063524144,0.));
#6944 = ORIENTED_EDGE('',*,*,#6945,.T.);
#6945 = EDGE_CURVE('',#6938,#6946,#6948,.T.);
#6946 = VERTEX_POINT('',#6947);
#6947 = CARTESIAN_POINT('',(10.107987,80.087195,1.585));
#6948 = LINE('',#6949,#6950);
#6949 = CARTESIAN_POINT('',(10.09671,80.057616,1.585));
#6950 = VECTOR('',#6951,1.);
#6951 = DIRECTION('',(0.356238338186,0.934395123278,0.));
#6952 = ORIENTED_EDGE('',*,*,#6953,.T.);
#6953 = EDGE_CURVE('',#6946,#6954,#6956,.T.);
#6954 = VERTEX_POINT('',#6955);
#6955 = CARTESIAN_POINT('',(10.113199,80.189257,1.585));
#6956 = LINE('',#6957,#6958);
#6957 = CARTESIAN_POINT('',(10.107987,80.087195,1.585));
#6958 = VECTOR('',#6959,1.);
#6959 = DIRECTION('',(5.100054120714E-02,0.998698625611,0.));
#6960 = ORIENTED_EDGE('',*,*,#6961,.T.);
#6961 = EDGE_CURVE('',#6954,#6962,#6964,.T.);
#6962 = VERTEX_POINT('',#6963);
#6963 = CARTESIAN_POINT('',(10.103266,80.21862,1.585));
#6964 = LINE('',#6965,#6966);
#6965 = CARTESIAN_POINT('',(10.113199,80.189257,1.585));
#6966 = VECTOR('',#6967,1.);
#6967 = DIRECTION('',(-0.320444321458,0.947267352359,0.));
#6968 = ORIENTED_EDGE('',*,*,#6969,.T.);
#6969 = EDGE_CURVE('',#6962,#6970,#6972,.T.);
#6970 = VERTEX_POINT('',#6971);
#6971 = CARTESIAN_POINT('',(10.068501,80.235613,1.585));
#6972 = LINE('',#6973,#6974);
#6973 = CARTESIAN_POINT('',(10.103266,80.21862,1.585));
#6974 = VECTOR('',#6975,1.);
#6975 = DIRECTION('',(-0.89841721525,0.439142923594,0.));
#6976 = ORIENTED_EDGE('',*,*,#6977,.T.);
#6977 = EDGE_CURVE('',#6970,#6978,#6980,.T.);
#6978 = VERTEX_POINT('',#6979);
#6979 = CARTESIAN_POINT('',(9.937201,80.245246,1.585));
#6980 = LINE('',#6981,#6982);
#6981 = CARTESIAN_POINT('',(10.068501,80.235613,1.585));
#6982 = VECTOR('',#6983,1.);
#6983 = DIRECTION('',(-0.997319506541,7.316967864814E-02,0.));
#6984 = ORIENTED_EDGE('',*,*,#6985,.T.);
#6985 = EDGE_CURVE('',#6978,#6986,#6988,.T.);
#6986 = VERTEX_POINT('',#6987);
#6987 = CARTESIAN_POINT('',(9.26141,80.250484,1.585));
#6988 = LINE('',#6989,#6990);
#6989 = CARTESIAN_POINT('',(9.937201,80.245246,1.585));
#6990 = VECTOR('',#6991,1.);
#6991 = DIRECTION('',(-0.999969962996,7.750684259152E-03,0.));
#6992 = ORIENTED_EDGE('',*,*,#6993,.T.);
#6993 = EDGE_CURVE('',#6986,#6994,#6996,.T.);
#6994 = VERTEX_POINT('',#6995);
#6995 = CARTESIAN_POINT('',(9.244642,80.252262,1.585));
#6996 = LINE('',#6997,#6998);
#6997 = CARTESIAN_POINT('',(9.26141,80.250484,1.585));
#6998 = VECTOR('',#6999,1.);
#6999 = DIRECTION('',(-0.994425223154,0.105444182179,0.));
#7000 = ORIENTED_EDGE('',*,*,#7001,.T.);
#7001 = EDGE_CURVE('',#6994,#7002,#7004,.T.);
#7002 = VERTEX_POINT('',#7003);
#7003 = CARTESIAN_POINT('',(9.711657,80.755942,1.585));
#7004 = LINE('',#7005,#7006);
#7005 = CARTESIAN_POINT('',(9.244642,80.252262,1.585));
#7006 = VECTOR('',#7007,1.);
#7007 = DIRECTION('',(0.679913161619,0.733292637804,0.));
#7008 = ORIENTED_EDGE('',*,*,#7009,.T.);
#7009 = EDGE_CURVE('',#7002,#7010,#7012,.T.);
#7010 = VERTEX_POINT('',#7011);
#7011 = CARTESIAN_POINT('',(9.824684,80.897857,1.585));
#7012 = LINE('',#7013,#7014);
#7013 = CARTESIAN_POINT('',(9.711657,80.755942,1.585));
#7014 = VECTOR('',#7015,1.);
#7015 = DIRECTION('',(0.622996302435,0.782224780451,0.));
#7016 = ORIENTED_EDGE('',*,*,#7017,.T.);
#7017 = EDGE_CURVE('',#7010,#7018,#7020,.T.);
#7018 = VERTEX_POINT('',#7019);
#7019 = CARTESIAN_POINT('',(9.929221,81.061286,1.585));
#7020 = LINE('',#7021,#7022);
#7021 = CARTESIAN_POINT('',(9.824684,80.897857,1.585));
#7022 = VECTOR('',#7023,1.);
#7023 = DIRECTION('',(0.538843196475,0.842406083556,0.));
#7024 = ORIENTED_EDGE('',*,*,#7025,.T.);
#7025 = EDGE_CURVE('',#7018,#7026,#7028,.T.);
#7026 = VERTEX_POINT('',#7027);
#7027 = CARTESIAN_POINT('',(9.975359,81.158801,1.585));
#7028 = LINE('',#7029,#7030);
#7029 = CARTESIAN_POINT('',(9.929221,81.061286,1.585));
#7030 = VECTOR('',#7031,1.);
#7031 = DIRECTION('',(0.427682653256,0.903928950805,0.));
#7032 = ORIENTED_EDGE('',*,*,#7033,.T.);
#7033 = EDGE_CURVE('',#7026,#7034,#7036,.T.);
#7034 = VERTEX_POINT('',#7035);
#7035 = CARTESIAN_POINT('',(10.006214,81.255272,1.585));
#7036 = LINE('',#7037,#7038);
#7037 = CARTESIAN_POINT('',(9.975359,81.158801,1.585));
#7038 = VECTOR('',#7039,1.);
#7039 = DIRECTION('',(0.304634935173,0.952469189146,0.));
#7040 = ORIENTED_EDGE('',*,*,#7041,.T.);
#7041 = EDGE_CURVE('',#7034,#7042,#7044,.T.);
#7042 = VERTEX_POINT('',#7043);
#7043 = CARTESIAN_POINT('',(10.019828,81.564284,1.585));
#7044 = CIRCLE('',#7045,0.836158336655);
#7045 = AXIS2_PLACEMENT_3D('',#7046,#7047,#7048);
#7046 = CARTESIAN_POINT('',(9.192086025363,81.445945555774,1.585));
#7047 = DIRECTION('',(0.,-0.,1.));
#7048 = DIRECTION('',(0.973652882412,-0.228035226601,-0.));
#7049 = ORIENTED_EDGE('',*,*,#7050,.T.);
#7050 = EDGE_CURVE('',#7042,#7051,#7053,.T.);
#7051 = VERTEX_POINT('',#7052);
#7052 = CARTESIAN_POINT('',(9.994274,81.661181,1.585));
#7053 = LINE('',#7054,#7055);
#7054 = CARTESIAN_POINT('',(10.019828,81.564284,1.585));
#7055 = VECTOR('',#7056,1.);
#7056 = DIRECTION('',(-0.255004599445,0.966939840043,0.));
#7057 = ORIENTED_EDGE('',*,*,#7058,.T.);
#7058 = EDGE_CURVE('',#7051,#7059,#7061,.T.);
#7059 = VERTEX_POINT('',#7060);
#7060 = CARTESIAN_POINT('',(9.818155,81.873539,1.585));
#7061 = CIRCLE('',#7062,0.413664083605);
#7062 = AXIS2_PLACEMENT_3D('',#7063,#7064,#7065);
#7063 = CARTESIAN_POINT('',(9.606031217101,81.518403146004,1.585));
#7064 = DIRECTION('',(0.,0.,1.));
#7065 = DIRECTION('',(0.938546028738,0.345154098832,-0.));
#7066 = ORIENTED_EDGE('',*,*,#7067,.T.);
#7067 = EDGE_CURVE('',#7059,#6693,#7068,.T.);
#7068 = LINE('',#7069,#7070);
#7069 = CARTESIAN_POINT('',(9.818155,81.873539,1.585));
#7070 = VECTOR('',#7071,1.);
#7071 = DIRECTION('',(-0.902157422884,0.431406982252,0.));
#7072 = FACE_BOUND('',#7073,.F.);
#7073 = EDGE_LOOP('',(#7074,#7084,#7092,#7100,#7108,#7116,#7124,#7132,
    #7140,#7148,#7156,#7164,#7172,#7180,#7188,#7197,#7205,#7213,#7221,
    #7229,#7237,#7245,#7253,#7261,#7270,#7278,#7286));
#7074 = ORIENTED_EDGE('',*,*,#7075,.T.);
#7075 = EDGE_CURVE('',#7076,#7078,#7080,.T.);
#7076 = VERTEX_POINT('',#7077);
#7077 = CARTESIAN_POINT('',(5.408274,81.924529,1.585));
#7078 = VERTEX_POINT('',#7079);
#7079 = CARTESIAN_POINT('',(5.131754,81.930009,1.585));
#7080 = LINE('',#7081,#7082);
#7081 = CARTESIAN_POINT('',(5.408274,81.924529,1.585));
#7082 = VECTOR('',#7083,1.);
#7083 = DIRECTION('',(-0.999803686519,1.981384421422E-02,0.));
#7084 = ORIENTED_EDGE('',*,*,#7085,.T.);
#7085 = EDGE_CURVE('',#7078,#7086,#7088,.T.);
#7086 = VERTEX_POINT('',#7087);
#7087 = CARTESIAN_POINT('',(4.83734,81.930072,1.585));
#7088 = LINE('',#7089,#7090);
#7089 = CARTESIAN_POINT('',(5.131754,81.930009,1.585));
#7090 = VECTOR('',#7091,1.);
#7091 = DIRECTION('',(-0.999999977105,2.139843844209E-04,0.));
#7092 = ORIENTED_EDGE('',*,*,#7093,.T.);
#7093 = EDGE_CURVE('',#7086,#7094,#7096,.T.);
#7094 = VERTEX_POINT('',#7095);
#7095 = CARTESIAN_POINT('',(4.785342,81.878074,1.585));
#7096 = LINE('',#7097,#7098);
#7097 = CARTESIAN_POINT('',(4.83734,81.930072,1.585));
#7098 = VECTOR('',#7099,1.);
#7099 = DIRECTION('',(-0.707106781187,-0.707106781187,0.));
#7100 = ORIENTED_EDGE('',*,*,#7101,.T.);
#7101 = EDGE_CURVE('',#7094,#7102,#7104,.T.);
#7102 = VERTEX_POINT('',#7103);
#7103 = CARTESIAN_POINT('',(4.785364,80.684608,1.585));
#7104 = LINE('',#7105,#7106);
#7105 = CARTESIAN_POINT('',(4.785342,81.878074,1.585));
#7106 = VECTOR('',#7107,1.);
#7107 = DIRECTION('',(1.843370485349E-05,-0.99999999983,0.));
#7108 = ORIENTED_EDGE('',*,*,#7109,.T.);
#7109 = EDGE_CURVE('',#7102,#7110,#7112,.T.);
#7110 = VERTEX_POINT('',#7111);
#7111 = CARTESIAN_POINT('',(4.790078,80.184983,1.585));
#7112 = LINE('',#7113,#7114);
#7113 = CARTESIAN_POINT('',(4.785364,80.684608,1.585));
#7114 = VECTOR('',#7115,1.);
#7115 = DIRECTION('',(9.434656376884E-03,-0.999955492639,0.));
#7116 = ORIENTED_EDGE('',*,*,#7117,.T.);
#7117 = EDGE_CURVE('',#7110,#7118,#7120,.T.);
#7118 = VERTEX_POINT('',#7119);
#7119 = CARTESIAN_POINT('',(4.79845,80.093424,1.585));
#7120 = LINE('',#7121,#7122);
#7121 = CARTESIAN_POINT('',(4.790078,80.184983,1.585));
#7122 = VECTOR('',#7123,1.);
#7123 = DIRECTION('',(9.105843177957E-02,-0.995845551279,0.));
#7124 = ORIENTED_EDGE('',*,*,#7125,.T.);
#7125 = EDGE_CURVE('',#7118,#7126,#7128,.T.);
#7126 = VERTEX_POINT('',#7127);
#7127 = CARTESIAN_POINT('',(4.813303,80.058708,1.585));
#7128 = LINE('',#7129,#7130);
#7129 = CARTESIAN_POINT('',(4.79845,80.093424,1.585));
#7130 = VECTOR('',#7131,1.);
#7131 = DIRECTION('',(0.393353490146,-0.919387313264,0.));
#7132 = ORIENTED_EDGE('',*,*,#7133,.T.);
#7133 = EDGE_CURVE('',#7126,#7134,#7136,.T.);
#7134 = VERTEX_POINT('',#7135);
#7135 = CARTESIAN_POINT('',(4.833007,80.046306,1.585));
#7136 = LINE('',#7137,#7138);
#7137 = CARTESIAN_POINT('',(4.813303,80.058708,1.585));
#7138 = VECTOR('',#7139,1.);
#7139 = DIRECTION('',(0.846314598135,-0.532683396572,0.));
#7140 = ORIENTED_EDGE('',*,*,#7141,.T.);
#7141 = EDGE_CURVE('',#7134,#7142,#7144,.T.);
#7142 = VERTEX_POINT('',#7143);
#7143 = CARTESIAN_POINT('',(4.936037,80.037059,1.585));
#7144 = LINE('',#7145,#7146);
#7145 = CARTESIAN_POINT('',(4.833007,80.046306,1.585));
#7146 = VECTOR('',#7147,1.);
#7147 = DIRECTION('',(0.995996588589,-8.939124968147E-02,0.));
#7148 = ORIENTED_EDGE('',*,*,#7149,.T.);
#7149 = EDGE_CURVE('',#7142,#7150,#7152,.T.);
#7150 = VERTEX_POINT('',#7151);
#7151 = CARTESIAN_POINT('',(5.283839,80.036576,1.585));
#7152 = LINE('',#7153,#7154);
#7153 = CARTESIAN_POINT('',(4.936037,80.037059,1.585));
#7154 = VECTOR('',#7155,1.);
#7155 = DIRECTION('',(0.999999035728,-1.388719829844E-03,0.));
#7156 = ORIENTED_EDGE('',*,*,#7157,.T.);
#7157 = EDGE_CURVE('',#7150,#7158,#7160,.T.);
#7158 = VERTEX_POINT('',#7159);
#7159 = CARTESIAN_POINT('',(5.448798,80.045363,1.585));
#7160 = LINE('',#7161,#7162);
#7161 = CARTESIAN_POINT('',(5.283839,80.036576,1.585));
#7162 = VECTOR('',#7163,1.);
#7163 = DIRECTION('',(0.99858428378,5.319236962868E-02,0.));
#7164 = ORIENTED_EDGE('',*,*,#7165,.T.);
#7165 = EDGE_CURVE('',#7158,#7166,#7168,.T.);
#7166 = VERTEX_POINT('',#7167);
#7167 = CARTESIAN_POINT('',(5.594161,80.069579,1.585));
#7168 = LINE('',#7169,#7170);
#7169 = CARTESIAN_POINT('',(5.448798,80.045363,1.585));
#7170 = VECTOR('',#7171,1.);
#7171 = DIRECTION('',(0.986406208901,0.164325259899,0.));
#7172 = ORIENTED_EDGE('',*,*,#7173,.T.);
#7173 = EDGE_CURVE('',#7166,#7174,#7176,.T.);
#7174 = VERTEX_POINT('',#7175);
#7175 = CARTESIAN_POINT('',(5.724128,80.108257,1.585));
#7176 = LINE('',#7177,#7178);
#7177 = CARTESIAN_POINT('',(5.594161,80.069579,1.585));
#7178 = VECTOR('',#7179,1.);
#7179 = DIRECTION('',(0.958457430898,0.285235609903,0.));
#7180 = ORIENTED_EDGE('',*,*,#7181,.T.);
#7181 = EDGE_CURVE('',#7174,#7182,#7184,.T.);
#7182 = VERTEX_POINT('',#7183);
#7183 = CARTESIAN_POINT('',(5.839046,80.161683,1.585));
#7184 = LINE('',#7185,#7186);
#7185 = CARTESIAN_POINT('',(5.724128,80.108257,1.585));
#7186 = VECTOR('',#7187,1.);
#7187 = DIRECTION('',(0.906794217041,0.421573537998,0.));
#7188 = ORIENTED_EDGE('',*,*,#7189,.T.);
#7189 = EDGE_CURVE('',#7182,#7190,#7192,.T.);
#7190 = VERTEX_POINT('',#7191);
#7191 = CARTESIAN_POINT('',(6.096977,80.413309,1.585));
#7192 = CIRCLE('',#7193,0.699199087573);
#7193 = AXIS2_PLACEMENT_3D('',#7194,#7195,#7196);
#7194 = CARTESIAN_POINT('',(5.496246143441,80.771082394819,1.585));
#7195 = DIRECTION('',(0.,0.,1.));
#7196 = DIRECTION('',(0.490275034181,-0.871567777547,0.));
#7197 = ORIENTED_EDGE('',*,*,#7198,.T.);
#7198 = EDGE_CURVE('',#7190,#7199,#7201,.T.);
#7199 = VERTEX_POINT('',#7200);
#7200 = CARTESIAN_POINT('',(6.155168,80.528586,1.585));
#7201 = LINE('',#7202,#7203);
#7202 = CARTESIAN_POINT('',(6.096977,80.413309,1.585));
#7203 = VECTOR('',#7204,1.);
#7204 = DIRECTION('',(0.450633184571,0.892709209633,0.));
#7205 = ORIENTED_EDGE('',*,*,#7206,.T.);
#7206 = EDGE_CURVE('',#7199,#7207,#7209,.T.);
#7207 = VERTEX_POINT('',#7208);
#7208 = CARTESIAN_POINT('',(6.211126,80.702505,1.585));
#7209 = LINE('',#7210,#7211);
#7210 = CARTESIAN_POINT('',(6.155168,80.528586,1.585));
#7211 = VECTOR('',#7212,1.);
#7212 = DIRECTION('',(0.306284321716,0.951940079139,0.));
#7213 = ORIENTED_EDGE('',*,*,#7214,.T.);
#7214 = EDGE_CURVE('',#7207,#7215,#7217,.T.);
#7215 = VERTEX_POINT('',#7216);
#7216 = CARTESIAN_POINT('',(6.226459,80.801205,1.585));
#7217 = LINE('',#7218,#7219);
#7218 = CARTESIAN_POINT('',(6.211126,80.702505,1.585));
#7219 = VECTOR('',#7220,1.);
#7220 = DIRECTION('',(0.153508242974,0.988147367218,0.));
#7221 = ORIENTED_EDGE('',*,*,#7222,.T.);
#7222 = EDGE_CURVE('',#7215,#7223,#7225,.T.);
#7223 = VERTEX_POINT('',#7224);
#7224 = CARTESIAN_POINT('',(6.229171,81.093241,1.585));
#7225 = LINE('',#7226,#7227);
#7226 = CARTESIAN_POINT('',(6.226459,80.801205,1.585));
#7227 = VECTOR('',#7228,1.);
#7228 = DIRECTION('',(9.286125911547E-03,0.999956883003,0.));
#7229 = ORIENTED_EDGE('',*,*,#7230,.T.);
#7230 = EDGE_CURVE('',#7223,#7231,#7233,.T.);
#7231 = VERTEX_POINT('',#7232);
#7232 = CARTESIAN_POINT('',(6.220661,81.237219,1.585));
#7233 = LINE('',#7234,#7235);
#7234 = CARTESIAN_POINT('',(6.229171,81.093241,1.585));
#7235 = VECTOR('',#7236,1.);
#7236 = DIRECTION('',(-5.900327678199E-02,0.998257789015,0.));
#7237 = ORIENTED_EDGE('',*,*,#7238,.T.);
#7238 = EDGE_CURVE('',#7231,#7239,#7241,.T.);
#7239 = VERTEX_POINT('',#7240);
#7240 = CARTESIAN_POINT('',(6.197346,81.347172,1.585));
#7241 = LINE('',#7242,#7243);
#7242 = CARTESIAN_POINT('',(6.220661,81.237219,1.585));
#7243 = VECTOR('',#7244,1.);
#7244 = DIRECTION('',(-0.207433000723,0.978249227043,0.));
#7245 = ORIENTED_EDGE('',*,*,#7246,.T.);
#7246 = EDGE_CURVE('',#7239,#7247,#7249,.T.);
#7247 = VERTEX_POINT('',#7248);
#7248 = CARTESIAN_POINT('',(6.136463,81.490497,1.585));
#7249 = LINE('',#7250,#7251);
#7250 = CARTESIAN_POINT('',(6.197346,81.347172,1.585));
#7251 = VECTOR('',#7252,1.);
#7252 = DIRECTION('',(-0.39097677526,0.920400543898,0.));
#7253 = ORIENTED_EDGE('',*,*,#7254,.T.);
#7254 = EDGE_CURVE('',#7247,#7255,#7257,.T.);
#7255 = VERTEX_POINT('',#7256);
#7256 = CARTESIAN_POINT('',(6.072158,81.599966,1.585));
#7257 = LINE('',#7258,#7259);
#7258 = CARTESIAN_POINT('',(6.136463,81.490497,1.585));
#7259 = VECTOR('',#7260,1.);
#7260 = DIRECTION('',(-0.506501984329,0.862238795155,0.));
#7261 = ORIENTED_EDGE('',*,*,#7262,.T.);
#7262 = EDGE_CURVE('',#7255,#7263,#7265,.T.);
#7263 = VERTEX_POINT('',#7264);
#7264 = CARTESIAN_POINT('',(5.800952,81.831637,1.585));
#7265 = CIRCLE('',#7266,0.693718299737);
#7266 = AXIS2_PLACEMENT_3D('',#7267,#7268,#7269);
#7267 = CARTESIAN_POINT('',(5.501121038766,81.206060087003,1.585));
#7268 = DIRECTION('',(0.,0.,1.));
#7269 = DIRECTION('',(0.823153953775,0.567818252952,-0.));
#7270 = ORIENTED_EDGE('',*,*,#7271,.T.);
#7271 = EDGE_CURVE('',#7263,#7272,#7274,.T.);
#7272 = VERTEX_POINT('',#7273);
#7273 = CARTESIAN_POINT('',(5.65658,81.887631,1.585));
#7274 = LINE('',#7275,#7276);
#7275 = CARTESIAN_POINT('',(5.800952,81.831637,1.585));
#7276 = VECTOR('',#7277,1.);
#7277 = DIRECTION('',(-0.932332963551,0.361600947283,0.));
#7278 = ORIENTED_EDGE('',*,*,#7279,.T.);
#7279 = EDGE_CURVE('',#7272,#7280,#7282,.T.);
#7280 = VERTEX_POINT('',#7281);
#7281 = CARTESIAN_POINT('',(5.547407,81.911307,1.585));
#7282 = LINE('',#7283,#7284);
#7283 = CARTESIAN_POINT('',(5.65658,81.887631,1.585));
#7284 = VECTOR('',#7285,1.);
#7285 = DIRECTION('',(-0.97728264363,0.211940167171,0.));
#7286 = ORIENTED_EDGE('',*,*,#7287,.T.);
#7287 = EDGE_CURVE('',#7280,#7076,#7288,.T.);
#7288 = LINE('',#7289,#7290);
#7289 = CARTESIAN_POINT('',(5.547407,81.911307,1.585));
#7290 = VECTOR('',#7291,1.);
#7291 = DIRECTION('',(-0.99551487507,9.460514527966E-02,0.));
#7292 = FACE_BOUND('',#7293,.F.);
#7293 = EDGE_LOOP('',(#7294,#7304,#7312,#7320,#7328,#7336,#7344,#7352,
    #7360,#7368,#7376,#7384,#7392,#7400,#7408,#7417,#7425,#7433,#7441,
    #7449,#7457,#7465,#7473,#7481,#7489,#7497,#7505,#7514,#7522,#7530,
    #7538,#7547,#7555));
#7294 = ORIENTED_EDGE('',*,*,#7295,.T.);
#7295 = EDGE_CURVE('',#7296,#7298,#7300,.T.);
#7296 = VERTEX_POINT('',#7297);
#7297 = CARTESIAN_POINT('',(8.091468,81.916965,1.585));
#7298 = VERTEX_POINT('',#7299);
#7299 = CARTESIAN_POINT('',(7.873224,81.928712,1.585));
#7300 = LINE('',#7301,#7302);
#7301 = CARTESIAN_POINT('',(8.091468,81.916965,1.585));
#7302 = VECTOR('',#7303,1.);
#7303 = DIRECTION('',(-0.998554570519,5.374727616744E-02,0.));
#7304 = ORIENTED_EDGE('',*,*,#7305,.T.);
#7305 = EDGE_CURVE('',#7298,#7306,#7308,.T.);
#7306 = VERTEX_POINT('',#7307);
#7307 = CARTESIAN_POINT('',(7.445156,81.930072,1.585));
#7308 = LINE('',#7309,#7310);
#7309 = CARTESIAN_POINT('',(7.873224,81.928712,1.585));
#7310 = VECTOR('',#7311,1.);
#7311 = DIRECTION('',(-0.999994953166,3.177049291928E-03,0.));
#7312 = ORIENTED_EDGE('',*,*,#7313,.T.);
#7313 = EDGE_CURVE('',#7306,#7314,#7316,.T.);
#7314 = VERTEX_POINT('',#7315);
#7315 = CARTESIAN_POINT('',(7.385718,81.878943,1.585));
#7316 = LINE('',#7317,#7318);
#7317 = CARTESIAN_POINT('',(7.445156,81.930072,1.585));
#7318 = VECTOR('',#7319,1.);
#7319 = DIRECTION('',(-0.758107507863,-0.652129593349,0.));
#7320 = ORIENTED_EDGE('',*,*,#7321,.T.);
#7321 = EDGE_CURVE('',#7314,#7322,#7324,.T.);
#7322 = VERTEX_POINT('',#7323);
#7323 = CARTESIAN_POINT('',(7.385712,80.683365,1.585));
#7324 = LINE('',#7325,#7326);
#7325 = CARTESIAN_POINT('',(7.385718,81.878943,1.585));
#7326 = VECTOR('',#7327,1.);
#7327 = DIRECTION('',(-5.018493147143E-06,-0.999999999987,0.));
#7328 = ORIENTED_EDGE('',*,*,#7329,.T.);
#7329 = EDGE_CURVE('',#7322,#7330,#7332,.T.);
#7330 = VERTEX_POINT('',#7331);
#7331 = CARTESIAN_POINT('',(7.390425,80.180854,1.585));
#7332 = LINE('',#7333,#7334);
#7333 = CARTESIAN_POINT('',(7.385712,80.683365,1.585));
#7334 = VECTOR('',#7335,1.);
#7335 = DIRECTION('',(9.378486694019E-03,-0.999956021027,0.));
#7336 = ORIENTED_EDGE('',*,*,#7337,.T.);
#7337 = EDGE_CURVE('',#7330,#7338,#7340,.T.);
#7338 = VERTEX_POINT('',#7339);
#7339 = CARTESIAN_POINT('',(7.399147,80.088984,1.585));
#7340 = LINE('',#7341,#7342);
#7341 = CARTESIAN_POINT('',(7.390425,80.180854,1.585));
#7342 = VECTOR('',#7343,1.);
#7343 = DIRECTION('',(9.451351531511E-02,-0.995523578537,0.));
#7344 = ORIENTED_EDGE('',*,*,#7345,.T.);
#7345 = EDGE_CURVE('',#7338,#7346,#7348,.T.);
#7346 = VERTEX_POINT('',#7347);
#7347 = CARTESIAN_POINT('',(7.414809,80.055141,1.585));
#7348 = LINE('',#7349,#7350);
#7349 = CARTESIAN_POINT('',(7.399147,80.088984,1.585));
#7350 = VECTOR('',#7351,1.);
#7351 = DIRECTION('',(0.41998984023,-0.907528806212,0.));
#7352 = ORIENTED_EDGE('',*,*,#7353,.T.);
#7353 = EDGE_CURVE('',#7346,#7354,#7356,.T.);
#7354 = VERTEX_POINT('',#7355);
#7355 = CARTESIAN_POINT('',(7.438311,80.043641,1.585));
#7356 = LINE('',#7357,#7358);
#7357 = CARTESIAN_POINT('',(7.414809,80.055141,1.585));
#7358 = VECTOR('',#7359,1.);
#7359 = DIRECTION('',(0.898231490016,-0.439522684674,0.));
#7360 = ORIENTED_EDGE('',*,*,#7361,.T.);
#7361 = EDGE_CURVE('',#7354,#7362,#7364,.T.);
#7362 = VERTEX_POINT('',#7363);
#7363 = CARTESIAN_POINT('',(7.673586,80.037383,1.585));
#7364 = LINE('',#7365,#7366);
#7365 = CARTESIAN_POINT('',(7.438311,80.043641,1.585));
#7366 = VECTOR('',#7367,1.);
#7367 = DIRECTION('',(0.999646443205,-2.658925700378E-02,0.));
#7368 = ORIENTED_EDGE('',*,*,#7369,.T.);
#7369 = EDGE_CURVE('',#7362,#7370,#7372,.T.);
#7370 = VERTEX_POINT('',#7371);
#7371 = CARTESIAN_POINT('',(8.097782,80.045312,1.585));
#7372 = LINE('',#7373,#7374);
#7373 = CARTESIAN_POINT('',(7.673586,80.037383,1.585));
#7374 = VECTOR('',#7375,1.);
#7375 = DIRECTION('',(0.999825353487,1.868856667151E-02,0.));
#7376 = ORIENTED_EDGE('',*,*,#7377,.T.);
#7377 = EDGE_CURVE('',#7370,#7378,#7380,.T.);
#7378 = VERTEX_POINT('',#7379);
#7379 = CARTESIAN_POINT('',(8.20661,80.059566,1.585));
#7380 = LINE('',#7381,#7382);
#7381 = CARTESIAN_POINT('',(8.097782,80.045312,1.585));
#7382 = VECTOR('',#7383,1.);
#7383 = DIRECTION('',(0.99153127719,0.129868111378,0.));
#7384 = ORIENTED_EDGE('',*,*,#7385,.T.);
#7385 = EDGE_CURVE('',#7378,#7386,#7388,.T.);
#7386 = VERTEX_POINT('',#7387);
#7387 = CARTESIAN_POINT('',(8.304721,80.093074,1.585));
#7388 = LINE('',#7389,#7390);
#7389 = CARTESIAN_POINT('',(8.20661,80.059566,1.585));
#7390 = VECTOR('',#7391,1.);
#7391 = DIRECTION('',(0.946330141917,0.323201581834,0.));
#7392 = ORIENTED_EDGE('',*,*,#7393,.T.);
#7393 = EDGE_CURVE('',#7386,#7394,#7396,.T.);
#7394 = VERTEX_POINT('',#7395);
#7395 = CARTESIAN_POINT('',(8.394256,80.139764,1.585));
#7396 = LINE('',#7397,#7398);
#7397 = CARTESIAN_POINT('',(8.304721,80.093074,1.585));
#7398 = VECTOR('',#7399,1.);
#7399 = DIRECTION('',(0.886681945557,0.46237985188,0.));
#7400 = ORIENTED_EDGE('',*,*,#7401,.T.);
#7401 = EDGE_CURVE('',#7394,#7402,#7404,.T.);
#7402 = VERTEX_POINT('',#7403);
#7403 = CARTESIAN_POINT('',(8.471972,80.19734,1.585));
#7404 = LINE('',#7405,#7406);
#7405 = CARTESIAN_POINT('',(8.394256,80.139764,1.585));
#7406 = VECTOR('',#7407,1.);
#7407 = DIRECTION('',(0.803514699273,0.595284913342,0.));
#7408 = ORIENTED_EDGE('',*,*,#7409,.T.);
#7409 = EDGE_CURVE('',#7402,#7410,#7412,.T.);
#7410 = VERTEX_POINT('',#7411);
#7411 = CARTESIAN_POINT('',(8.605972,80.40518,1.585));
#7412 = CIRCLE('',#7413,0.430100944857);
#7413 = AXIS2_PLACEMENT_3D('',#7414,#7415,#7416);
#7414 = CARTESIAN_POINT('',(8.19274770248,80.524480053251,1.585));
#7415 = DIRECTION('',(0.,0.,1.));
#7416 = DIRECTION('',(0.649206426675,-0.760612263616,0.));
#7417 = ORIENTED_EDGE('',*,*,#7418,.T.);
#7418 = EDGE_CURVE('',#7410,#7419,#7421,.T.);
#7419 = VERTEX_POINT('',#7420);
#7420 = CARTESIAN_POINT('',(8.626295,80.50201,1.585));
#7421 = LINE('',#7422,#7423);
#7422 = CARTESIAN_POINT('',(8.605972,80.40518,1.585));
#7423 = VECTOR('',#7424,1.);
#7424 = DIRECTION('',(0.205407846041,0.978676461751,0.));
#7425 = ORIENTED_EDGE('',*,*,#7426,.T.);
#7426 = EDGE_CURVE('',#7419,#7427,#7429,.T.);
#7427 = VERTEX_POINT('',#7428);
#7428 = CARTESIAN_POINT('',(8.630065,80.601912,1.585));
#7429 = LINE('',#7430,#7431);
#7430 = CARTESIAN_POINT('',(8.626295,80.50201,1.585));
#7431 = VECTOR('',#7432,1.);
#7432 = DIRECTION('',(3.771014066999E-02,0.999288719685,0.));
#7433 = ORIENTED_EDGE('',*,*,#7434,.T.);
#7434 = EDGE_CURVE('',#7427,#7435,#7437,.T.);
#7435 = VERTEX_POINT('',#7436);
#7436 = CARTESIAN_POINT('',(8.617336,80.700289,1.585));
#7437 = LINE('',#7438,#7439);
#7438 = CARTESIAN_POINT('',(8.630065,80.601912,1.585));
#7439 = VECTOR('',#7440,1.);
#7440 = DIRECTION('',(-0.128320303629,0.991732776345,0.));
#7441 = ORIENTED_EDGE('',*,*,#7442,.T.);
#7442 = EDGE_CURVE('',#7435,#7443,#7445,.T.);
#7443 = VERTEX_POINT('',#7444);
#7444 = CARTESIAN_POINT('',(8.588161,80.792545,1.585));
#7445 = LINE('',#7446,#7447);
#7446 = CARTESIAN_POINT('',(8.617336,80.700289,1.585));
#7447 = VECTOR('',#7448,1.);
#7448 = DIRECTION('',(-0.301521596984,0.95345934709,0.));
#7449 = ORIENTED_EDGE('',*,*,#7450,.T.);
#7450 = EDGE_CURVE('',#7443,#7451,#7453,.T.);
#7451 = VERTEX_POINT('',#7452);
#7452 = CARTESIAN_POINT('',(8.562948,80.84277,1.585));
#7453 = LINE('',#7454,#7455);
#7454 = CARTESIAN_POINT('',(8.588161,80.792545,1.585));
#7455 = VECTOR('',#7456,1.);
#7456 = DIRECTION('',(-0.448643672335,0.893710722367,0.));
#7457 = ORIENTED_EDGE('',*,*,#7458,.T.);
#7458 = EDGE_CURVE('',#7451,#7459,#7461,.T.);
#7459 = VERTEX_POINT('',#7460);
#7460 = CARTESIAN_POINT('',(8.533073,80.883677,1.585));
#7461 = LINE('',#7462,#7463);
#7462 = CARTESIAN_POINT('',(8.562948,80.84277,1.585));
#7463 = VECTOR('',#7464,1.);
#7464 = DIRECTION('',(-0.589777495171,0.807565790626,0.));
#7465 = ORIENTED_EDGE('',*,*,#7466,.T.);
#7466 = EDGE_CURVE('',#7459,#7467,#7469,.T.);
#7467 = VERTEX_POINT('',#7468);
#7468 = CARTESIAN_POINT('',(8.44538,80.965515,1.585));
#7469 = LINE('',#7470,#7471);
#7470 = CARTESIAN_POINT('',(8.533073,80.883677,1.585));
#7471 = VECTOR('',#7472,1.);
#7472 = DIRECTION('',(-0.731091862625,0.682279039986,0.));
#7473 = ORIENTED_EDGE('',*,*,#7474,.T.);
#7474 = EDGE_CURVE('',#7467,#7475,#7477,.T.);
#7475 = VERTEX_POINT('',#7476);
#7476 = CARTESIAN_POINT('',(8.396403,80.999871,1.585));
#7477 = LINE('',#7478,#7479);
#7478 = CARTESIAN_POINT('',(8.44538,80.965515,1.585));
#7479 = VECTOR('',#7480,1.);
#7480 = DIRECTION('',(-0.818665332451,0.57427090597,0.));
#7481 = ORIENTED_EDGE('',*,*,#7482,.T.);
#7482 = EDGE_CURVE('',#7475,#7483,#7485,.T.);
#7483 = VERTEX_POINT('',#7484);
#7484 = CARTESIAN_POINT('',(8.349899,81.025468,1.585));
#7485 = LINE('',#7486,#7487);
#7486 = CARTESIAN_POINT('',(8.396403,80.999871,1.585));
#7487 = VECTOR('',#7488,1.);
#7488 = DIRECTION('',(-0.876058357413,0.482205095792,0.));
#7489 = ORIENTED_EDGE('',*,*,#7490,.T.);
#7490 = EDGE_CURVE('',#7483,#7491,#7493,.T.);
#7491 = VERTEX_POINT('',#7492);
#7492 = CARTESIAN_POINT('',(8.282132,81.044431,1.585));
#7493 = LINE('',#7494,#7495);
#7494 = CARTESIAN_POINT('',(8.349899,81.025468,1.585));
#7495 = VECTOR('',#7496,1.);
#7496 = DIRECTION('',(-0.963007397963,0.269474955178,0.));
#7497 = ORIENTED_EDGE('',*,*,#7498,.T.);
#7498 = EDGE_CURVE('',#7491,#7499,#7501,.T.);
#7499 = VERTEX_POINT('',#7500);
#7500 = CARTESIAN_POINT('',(8.285597,81.055991,1.585));
#7501 = LINE('',#7502,#7503);
#7502 = CARTESIAN_POINT('',(8.282132,81.044431,1.585));
#7503 = VECTOR('',#7504,1.);
#7504 = DIRECTION('',(0.2871198145,0.957894676946,0.));
#7505 = ORIENTED_EDGE('',*,*,#7506,.T.);
#7506 = EDGE_CURVE('',#7499,#7507,#7509,.T.);
#7507 = VERTEX_POINT('',#7508);
#7508 = CARTESIAN_POINT('',(8.502259,81.356226,1.585));
#7509 = CIRCLE('',#7510,0.430583367286);
#7510 = AXIS2_PLACEMENT_3D('',#7511,#7512,#7513);
#7511 = CARTESIAN_POINT('',(8.078684761676,81.433601065829,1.585));
#7512 = DIRECTION('',(0.,0.,1.));
#7513 = DIRECTION('',(0.480539319546,-0.876973182241,0.));
#7514 = ORIENTED_EDGE('',*,*,#7515,.T.);
#7515 = EDGE_CURVE('',#7507,#7516,#7518,.T.);
#7516 = VERTEX_POINT('',#7517);
#7517 = CARTESIAN_POINT('',(8.510601,81.416352,1.585));
#7518 = LINE('',#7519,#7520);
#7519 = CARTESIAN_POINT('',(8.502259,81.356226,1.585));
#7520 = VECTOR('',#7521,1.);
#7521 = DIRECTION('',(0.137425604016,0.990512091476,0.));
#7522 = ORIENTED_EDGE('',*,*,#7523,.T.);
#7523 = EDGE_CURVE('',#7516,#7524,#7526,.T.);
#7524 = VERTEX_POINT('',#7525);
#7525 = CARTESIAN_POINT('',(8.509156,81.519101,1.585));
#7526 = LINE('',#7527,#7528);
#7527 = CARTESIAN_POINT('',(8.510601,81.416352,1.585));
#7528 = VECTOR('',#7529,1.);
#7529 = DIRECTION('',(-1.406200669361E-02,0.999901125096,0.));
#7530 = ORIENTED_EDGE('',*,*,#7531,.T.);
#7531 = EDGE_CURVE('',#7524,#7532,#7534,.T.);
#7532 = VERTEX_POINT('',#7533);
#7533 = CARTESIAN_POINT('',(8.489468,81.613485,1.585));
#7534 = LINE('',#7535,#7536);
#7535 = CARTESIAN_POINT('',(8.509156,81.519101,1.585));
#7536 = VECTOR('',#7537,1.);
#7537 = DIRECTION('',(-0.204199442612,0.978929306762,0.));
#7538 = ORIENTED_EDGE('',*,*,#7539,.T.);
#7539 = EDGE_CURVE('',#7532,#7540,#7542,.T.);
#7540 = VERTEX_POINT('',#7541);
#7541 = CARTESIAN_POINT('',(8.264514,81.868239,1.585));
#7542 = CIRCLE('',#7543,0.415532534428);
#7543 = AXIS2_PLACEMENT_3D('',#7544,#7545,#7546);
#7544 = CARTESIAN_POINT('',(8.092748506029,81.489868940073,1.585));
#7545 = DIRECTION('',(0.,0.,1.));
#7546 = DIRECTION('',(0.954725469371,0.297488282349,-0.));
#7547 = ORIENTED_EDGE('',*,*,#7548,.T.);
#7548 = EDGE_CURVE('',#7540,#7549,#7551,.T.);
#7549 = VERTEX_POINT('',#7550);
#7550 = CARTESIAN_POINT('',(8.185593,81.898406,1.585));
#7551 = LINE('',#7552,#7553);
#7552 = CARTESIAN_POINT('',(8.264514,81.868239,1.585));
#7553 = VECTOR('',#7554,1.);
#7554 = DIRECTION('',(-0.934086087119,0.35704787053,0.));
#7555 = ORIENTED_EDGE('',*,*,#7556,.T.);
#7556 = EDGE_CURVE('',#7549,#7296,#7557,.T.);
#7557 = LINE('',#7558,#7559);
#7558 = CARTESIAN_POINT('',(8.185593,81.898406,1.585));
#7559 = VECTOR('',#7560,1.);
#7560 = DIRECTION('',(-0.981110252711,0.193449404304,0.));
#7561 = PLANE('',#7562);
#7562 = AXIS2_PLACEMENT_3D('',#7563,#7564,#7565);
#7563 = CARTESIAN_POINT('',(0.,0.,1.585));
#7564 = DIRECTION('',(0.,0.,1.));
#7565 = DIRECTION('',(1.,0.,-0.));
#7566 = SHELL_BASED_SURFACE_MODEL('',(#7567));
#7567 = OPEN_SHELL('',(#7568));
#7568 = ADVANCED_FACE('',(#7569,#7928),#8200,.T.);
#7569 = FACE_BOUND('',#7570,.F.);
#7570 = EDGE_LOOP('',(#7571,#7581,#7589,#7597,#7605,#7613,#7621,#7629,
    #7637,#7645,#7653,#7661,#7669,#7677,#7685,#7693,#7701,#7709,#7718,
    #7726,#7734,#7742,#7751,#7759,#7767,#7775,#7783,#7791,#7800,#7808,
    #7817,#7825,#7833,#7841,#7849,#7857,#7865,#7873,#7881,#7889,#7897,
    #7906,#7914,#7922));
#7571 = ORIENTED_EDGE('',*,*,#7572,.T.);
#7572 = EDGE_CURVE('',#7573,#7575,#7577,.T.);
#7573 = VERTEX_POINT('',#7574);
#7574 = CARTESIAN_POINT('',(3.672371,101.917777,1.585));
#7575 = VERTEX_POINT('',#7576);
#7576 = CARTESIAN_POINT('',(3.754062,101.940244,1.585));
#7577 = LINE('',#7578,#7579);
#7578 = CARTESIAN_POINT('',(3.672371,101.917777,1.585));
#7579 = VECTOR('',#7580,1.);
#7580 = DIRECTION('',(0.964199432762,0.265178154948,0.));
#7581 = ORIENTED_EDGE('',*,*,#7582,.T.);
#7582 = EDGE_CURVE('',#7575,#7583,#7585,.T.);
#7583 = VERTEX_POINT('',#7584);
#7584 = CARTESIAN_POINT('',(3.821761,101.947771,1.585));
#7585 = LINE('',#7586,#7587);
#7586 = CARTESIAN_POINT('',(3.754062,101.940244,1.585));
#7587 = VECTOR('',#7588,1.);
#7588 = DIRECTION('',(0.99387585464,0.110502423343,0.));
#7589 = ORIENTED_EDGE('',*,*,#7590,.T.);
#7590 = EDGE_CURVE('',#7583,#7591,#7593,.T.);
#7591 = VERTEX_POINT('',#7592);
#7592 = CARTESIAN_POINT('',(3.876734,101.940108,1.585));
#7593 = LINE('',#7594,#7595);
#7594 = CARTESIAN_POINT('',(3.821761,101.947771,1.585));
#7595 = VECTOR('',#7596,1.);
#7596 = DIRECTION('',(0.990423753333,-0.138060815706,0.));
#7597 = ORIENTED_EDGE('',*,*,#7598,.T.);
#7598 = EDGE_CURVE('',#7591,#7599,#7601,.T.);
#7599 = VERTEX_POINT('',#7600);
#7600 = CARTESIAN_POINT('',(3.920251,101.91701,1.585));
#7601 = LINE('',#7602,#7603);
#7602 = CARTESIAN_POINT('',(3.876734,101.940108,1.585));
#7603 = VECTOR('',#7604,1.);
#7604 = DIRECTION('',(0.883287269512,-0.468832165618,0.));
#7605 = ORIENTED_EDGE('',*,*,#7606,.T.);
#7606 = EDGE_CURVE('',#7599,#7607,#7609,.T.);
#7607 = VERTEX_POINT('',#7608);
#7608 = CARTESIAN_POINT('',(3.963036,101.860972,1.585));
#7609 = LINE('',#7610,#7611);
#7610 = CARTESIAN_POINT('',(3.920251,101.91701,1.585));
#7611 = VECTOR('',#7612,1.);
#7612 = DIRECTION('',(0.606845022883,-0.79482017979,0.));
#7613 = ORIENTED_EDGE('',*,*,#7614,.T.);
#7614 = EDGE_CURVE('',#7607,#7615,#7617,.T.);
#7615 = VERTEX_POINT('',#7616);
#7616 = CARTESIAN_POINT('',(3.976863,101.821043,1.585));
#7617 = LINE('',#7618,#7619);
#7618 = CARTESIAN_POINT('',(3.963036,101.860972,1.585));
#7619 = VECTOR('',#7620,1.);
#7620 = DIRECTION('',(0.327225169579,-0.944946394455,0.));
#7621 = ORIENTED_EDGE('',*,*,#7622,.T.);
#7622 = EDGE_CURVE('',#7615,#7623,#7625,.T.);
#7623 = VERTEX_POINT('',#7624);
#7624 = CARTESIAN_POINT('',(3.9622,101.593193,1.585));
#7625 = LINE('',#7626,#7627);
#7626 = CARTESIAN_POINT('',(3.976863,101.821043,1.585));
#7627 = VECTOR('',#7628,1.);
#7628 = DIRECTION('',(-6.422089655526E-02,-0.997935707571,0.));
#7629 = ORIENTED_EDGE('',*,*,#7630,.T.);
#7630 = EDGE_CURVE('',#7623,#7631,#7633,.T.);
#7631 = VERTEX_POINT('',#7632);
#7632 = CARTESIAN_POINT('',(3.976177,101.464904,1.585));
#7633 = LINE('',#7634,#7635);
#7634 = CARTESIAN_POINT('',(3.9622,101.593193,1.585));
#7635 = VECTOR('',#7636,1.);
#7636 = DIRECTION('',(0.108308413615,-0.994117340931,0.));
#7637 = ORIENTED_EDGE('',*,*,#7638,.T.);
#7638 = EDGE_CURVE('',#7631,#7639,#7641,.T.);
#7639 = VERTEX_POINT('',#7640);
#7640 = CARTESIAN_POINT('',(4.010574,101.335536,1.585));
#7641 = LINE('',#7642,#7643);
#7642 = CARTESIAN_POINT('',(3.976177,101.464904,1.585));
#7643 = VECTOR('',#7644,1.);
#7644 = DIRECTION('',(0.25695723935,-0.966422773503,0.));
#7645 = ORIENTED_EDGE('',*,*,#7646,.T.);
#7646 = EDGE_CURVE('',#7639,#7647,#7649,.T.);
#7647 = VERTEX_POINT('',#7648);
#7648 = CARTESIAN_POINT('',(4.06507,101.205704,1.585));
#7649 = LINE('',#7650,#7651);
#7650 = CARTESIAN_POINT('',(4.010574,101.335536,1.585));
#7651 = VECTOR('',#7652,1.);
#7652 = DIRECTION('',(0.38703059571,-0.922066872838,0.));
#7653 = ORIENTED_EDGE('',*,*,#7654,.T.);
#7654 = EDGE_CURVE('',#7647,#7655,#7657,.T.);
#7655 = VERTEX_POINT('',#7656);
#7656 = CARTESIAN_POINT('',(4.139347,101.076023,1.585));
#7657 = LINE('',#7658,#7659);
#7658 = CARTESIAN_POINT('',(4.06507,101.205704,1.585));
#7659 = VECTOR('',#7660,1.);
#7660 = DIRECTION('',(0.497014224959,-0.867742392758,0.));
#7661 = ORIENTED_EDGE('',*,*,#7662,.T.);
#7662 = EDGE_CURVE('',#7655,#7663,#7665,.T.);
#7663 = VERTEX_POINT('',#7664);
#7664 = CARTESIAN_POINT('',(4.233083,100.94711,1.585));
#7665 = LINE('',#7666,#7667);
#7666 = CARTESIAN_POINT('',(4.139347,101.076023,1.585));
#7667 = VECTOR('',#7668,1.);
#7668 = DIRECTION('',(0.588094101583,-0.808792512134,0.));
#7669 = ORIENTED_EDGE('',*,*,#7670,.T.);
#7670 = EDGE_CURVE('',#7663,#7671,#7673,.T.);
#7671 = VERTEX_POINT('',#7672);
#7672 = CARTESIAN_POINT('',(4.34596,100.819578,1.585));
#7673 = LINE('',#7674,#7675);
#7674 = CARTESIAN_POINT('',(4.233083,100.94711,1.585));
#7675 = VECTOR('',#7676,1.);
#7676 = DIRECTION('',(0.66277225679,-0.74882103044,0.));
#7677 = ORIENTED_EDGE('',*,*,#7678,.T.);
#7678 = EDGE_CURVE('',#7671,#7679,#7681,.T.);
#7679 = VERTEX_POINT('',#7680);
#7680 = CARTESIAN_POINT('',(4.521278,100.656454,1.585));
#7681 = LINE('',#7682,#7683);
#7682 = CARTESIAN_POINT('',(4.34596,100.819578,1.585));
#7683 = VECTOR('',#7684,1.);
#7684 = DIRECTION('',(0.732108663948,-0.681187862614,0.));
#7685 = ORIENTED_EDGE('',*,*,#7686,.T.);
#7686 = EDGE_CURVE('',#7679,#7687,#7689,.T.);
#7687 = VERTEX_POINT('',#7688);
#7688 = CARTESIAN_POINT('',(4.619124,100.570243,1.585));
#7689 = LINE('',#7690,#7691);
#7690 = CARTESIAN_POINT('',(4.521278,100.656454,1.585));
#7691 = VECTOR('',#7692,1.);
#7692 = DIRECTION('',(0.750308278843,-0.661088108122,0.));
#7693 = ORIENTED_EDGE('',*,*,#7694,.T.);
#7694 = EDGE_CURVE('',#7687,#7695,#7697,.T.);
#7695 = VERTEX_POINT('',#7696);
#7696 = CARTESIAN_POINT('',(4.698627,100.491801,1.585));
#7697 = LINE('',#7698,#7699);
#7698 = CARTESIAN_POINT('',(4.619124,100.570243,1.585));
#7699 = VECTOR('',#7700,1.);
#7700 = DIRECTION('',(0.711840730176,-0.702340924952,0.));
#7701 = ORIENTED_EDGE('',*,*,#7702,.T.);
#7702 = EDGE_CURVE('',#7695,#7703,#7705,.T.);
#7703 = VERTEX_POINT('',#7704);
#7704 = CARTESIAN_POINT('',(4.760729,100.42013,1.585));
#7705 = LINE('',#7706,#7707);
#7706 = CARTESIAN_POINT('',(4.698627,100.491801,1.585));
#7707 = VECTOR('',#7708,1.);
#7708 = DIRECTION('',(0.654853054796,-0.755756228307,0.));
#7709 = ORIENTED_EDGE('',*,*,#7710,.T.);
#7710 = EDGE_CURVE('',#7703,#7711,#7713,.T.);
#7711 = VERTEX_POINT('',#7712);
#7712 = CARTESIAN_POINT('',(4.884018,100.165135,1.585));
#7713 = CIRCLE('',#7714,0.659382955687);
#7714 = AXIS2_PLACEMENT_3D('',#7715,#7716,#7717);
#7715 = CARTESIAN_POINT('',(4.242589711938,100.01230949975,1.585));
#7716 = DIRECTION('',(0.,0.,-1.));
#7717 = DIRECTION('',(0.785794178623,0.618488083023,0.));
#7718 = ORIENTED_EDGE('',*,*,#7719,.T.);
#7719 = EDGE_CURVE('',#7711,#7720,#7722,.T.);
#7720 = VERTEX_POINT('',#7721);
#7721 = CARTESIAN_POINT('',(4.897126,100.071278,1.585));
#7722 = LINE('',#7723,#7724);
#7723 = CARTESIAN_POINT('',(4.884018,100.165135,1.585));
#7724 = VECTOR('',#7725,1.);
#7725 = DIRECTION('',(0.138316867771,-0.990388027033,0.));
#7726 = ORIENTED_EDGE('',*,*,#7727,.T.);
#7727 = EDGE_CURVE('',#7720,#7728,#7730,.T.);
#7728 = VERTEX_POINT('',#7729);
#7729 = CARTESIAN_POINT('',(4.892124,99.982161,1.585));
#7730 = LINE('',#7731,#7732);
#7731 = CARTESIAN_POINT('',(4.897126,100.071278,1.585));
#7732 = VECTOR('',#7733,1.);
#7733 = DIRECTION('',(-5.604025503113E-02,-0.998428510118,0.));
#7734 = ORIENTED_EDGE('',*,*,#7735,.T.);
#7735 = EDGE_CURVE('',#7728,#7736,#7738,.T.);
#7736 = VERTEX_POINT('',#7737);
#7737 = CARTESIAN_POINT('',(4.87545,99.917919,1.585));
#7738 = LINE('',#7739,#7740);
#7739 = CARTESIAN_POINT('',(4.892124,99.982161,1.585));
#7740 = VECTOR('',#7741,1.);
#7741 = DIRECTION('',(-0.251225684874,-0.967928538302,0.));
#7742 = ORIENTED_EDGE('',*,*,#7743,.T.);
#7743 = EDGE_CURVE('',#7736,#7744,#7746,.T.);
#7744 = VERTEX_POINT('',#7745);
#7745 = CARTESIAN_POINT('',(4.694964,99.677745,1.585));
#7746 = CIRCLE('',#7747,0.503565856415);
#7747 = AXIS2_PLACEMENT_3D('',#7748,#7749,#7750);
#7748 = CARTESIAN_POINT('',(4.400968936994,100.08657928754,1.585));
#7749 = DIRECTION('',(0.,0.,-1.));
#7750 = DIRECTION('',(0.942242324338,-0.334931936707,0.));
#7751 = ORIENTED_EDGE('',*,*,#7752,.T.);
#7752 = EDGE_CURVE('',#7744,#7753,#7755,.T.);
#7753 = VERTEX_POINT('',#7754);
#7754 = CARTESIAN_POINT('',(4.60676,99.62755,1.585));
#7755 = LINE('',#7756,#7757);
#7756 = CARTESIAN_POINT('',(4.694964,99.677745,1.585));
#7757 = VECTOR('',#7758,1.);
#7758 = DIRECTION('',(-0.869121622162,-0.49459842892,0.));
#7759 = ORIENTED_EDGE('',*,*,#7760,.T.);
#7760 = EDGE_CURVE('',#7753,#7761,#7763,.T.);
#7761 = VERTEX_POINT('',#7762);
#7762 = CARTESIAN_POINT('',(4.506829,99.594153,1.585));
#7763 = LINE('',#7764,#7765);
#7764 = CARTESIAN_POINT('',(4.60676,99.62755,1.585));
#7765 = VECTOR('',#7766,1.);
#7766 = DIRECTION('',(-0.948436245522,-0.31696796081,0.));
#7767 = ORIENTED_EDGE('',*,*,#7768,.T.);
#7768 = EDGE_CURVE('',#7761,#7769,#7771,.T.);
#7769 = VERTEX_POINT('',#7770);
#7770 = CARTESIAN_POINT('',(4.395348,99.579191,1.585));
#7771 = LINE('',#7772,#7773);
#7772 = CARTESIAN_POINT('',(4.506829,99.594153,1.585));
#7773 = VECTOR('',#7774,1.);
#7774 = DIRECTION('',(-0.991113548242,-0.133018549428,0.));
#7775 = ORIENTED_EDGE('',*,*,#7776,.T.);
#7776 = EDGE_CURVE('',#7769,#7777,#7779,.T.);
#7777 = VERTEX_POINT('',#7778);
#7778 = CARTESIAN_POINT('',(4.310067,99.578531,1.585));
#7779 = LINE('',#7780,#7781);
#7780 = CARTESIAN_POINT('',(4.395348,99.579191,1.585));
#7781 = VECTOR('',#7782,1.);
#7782 = DIRECTION('',(-0.999970054346,-7.73888950487E-03,0.));
#7783 = ORIENTED_EDGE('',*,*,#7784,.T.);
#7784 = EDGE_CURVE('',#7777,#7785,#7787,.T.);
#7785 = VERTEX_POINT('',#7786);
#7786 = CARTESIAN_POINT('',(4.144922,99.593413,1.585));
#7787 = LINE('',#7788,#7789);
#7788 = CARTESIAN_POINT('',(4.310067,99.578531,1.585));
#7789 = VECTOR('',#7790,1.);
#7790 = DIRECTION('',(-0.995964229426,8.975106519915E-02,0.));
#7791 = ORIENTED_EDGE('',*,*,#7792,.T.);
#7792 = EDGE_CURVE('',#7785,#7793,#7795,.T.);
#7793 = VERTEX_POINT('',#7794);
#7794 = CARTESIAN_POINT('',(3.673314,99.747098,1.585));
#7795 = CIRCLE('',#7796,1.574429743076);
#7796 = AXIS2_PLACEMENT_3D('',#7797,#7798,#7799);
#7797 = CARTESIAN_POINT('',(4.390845871797,101.14851764765,1.585));
#7798 = DIRECTION('',(0.,0.,-1.));
#7799 = DIRECTION('',(-0.156198695355,-0.987725654,-0.));
#7800 = ORIENTED_EDGE('',*,*,#7801,.T.);
#7801 = EDGE_CURVE('',#7793,#7802,#7804,.T.);
#7802 = VERTEX_POINT('',#7803);
#7803 = CARTESIAN_POINT('',(3.530027,99.828856,1.585));
#7804 = LINE('',#7805,#7806);
#7805 = CARTESIAN_POINT('',(3.673314,99.747098,1.585));
#7806 = VECTOR('',#7807,1.);
#7807 = DIRECTION('',(-0.868557055379,0.495589186274,0.));
#7808 = ORIENTED_EDGE('',*,*,#7809,.T.);
#7809 = EDGE_CURVE('',#7802,#7810,#7812,.T.);
#7810 = VERTEX_POINT('',#7811);
#7811 = CARTESIAN_POINT('',(3.166053,100.145997,1.585));
#7812 = CIRCLE('',#7813,1.608799773838);
#7813 = AXIS2_PLACEMENT_3D('',#7814,#7815,#7816);
#7814 = CARTESIAN_POINT('',(4.392954257548,101.186645844,1.585));
#7815 = DIRECTION('',(0.,0.,-1.));
#7816 = DIRECTION('',(-0.536379524401,-0.843976898856,-0.));
#7817 = ORIENTED_EDGE('',*,*,#7818,.T.);
#7818 = EDGE_CURVE('',#7810,#7819,#7821,.T.);
#7819 = VERTEX_POINT('',#7820);
#7820 = CARTESIAN_POINT('',(3.072439,100.270973,1.585));
#7821 = LINE('',#7822,#7823);
#7822 = CARTESIAN_POINT('',(3.166053,100.145997,1.585));
#7823 = VECTOR('',#7824,1.);
#7824 = DIRECTION('',(-0.599516250438,0.800362583746,0.));
#7825 = ORIENTED_EDGE('',*,*,#7826,.T.);
#7826 = EDGE_CURVE('',#7819,#7827,#7829,.T.);
#7827 = VERTEX_POINT('',#7828);
#7828 = CARTESIAN_POINT('',(2.995554,100.403231,1.585));
#7829 = LINE('',#7830,#7831);
#7830 = CARTESIAN_POINT('',(3.072439,100.270973,1.585));
#7831 = VECTOR('',#7832,1.);
#7832 = DIRECTION('',(-0.502575579511,0.864533276907,0.));
#7833 = ORIENTED_EDGE('',*,*,#7834,.T.);
#7834 = EDGE_CURVE('',#7827,#7835,#7837,.T.);
#7835 = VERTEX_POINT('',#7836);
#7836 = CARTESIAN_POINT('',(2.937123,100.541364,1.585));
#7837 = LINE('',#7838,#7839);
#7838 = CARTESIAN_POINT('',(2.995554,100.403231,1.585));
#7839 = VECTOR('',#7840,1.);
#7840 = DIRECTION('',(-0.389584090861,0.920990899058,0.));
#7841 = ORIENTED_EDGE('',*,*,#7842,.T.);
#7842 = EDGE_CURVE('',#7835,#7843,#7845,.T.);
#7843 = VERTEX_POINT('',#7844);
#7844 = CARTESIAN_POINT('',(2.90505,100.665677,1.585));
#7845 = LINE('',#7846,#7847);
#7846 = CARTESIAN_POINT('',(2.937123,100.541364,1.585));
#7847 = VECTOR('',#7848,1.);
#7848 = DIRECTION('',(-0.249821245225,0.968291973237,0.));
#7849 = ORIENTED_EDGE('',*,*,#7850,.T.);
#7850 = EDGE_CURVE('',#7843,#7851,#7853,.T.);
#7851 = VERTEX_POINT('',#7852);
#7852 = CARTESIAN_POINT('',(2.895013,100.751555,1.585));
#7853 = LINE('',#7854,#7855);
#7854 = CARTESIAN_POINT('',(2.90505,100.665677,1.585));
#7855 = VECTOR('',#7856,1.);
#7856 = DIRECTION('',(-0.116084943147,0.993239289383,0.));
#7857 = ORIENTED_EDGE('',*,*,#7858,.T.);
#7858 = EDGE_CURVE('',#7851,#7859,#7861,.T.);
#7859 = VERTEX_POINT('',#7860);
#7860 = CARTESIAN_POINT('',(2.892107,100.936923,1.585));
#7861 = LINE('',#7862,#7863);
#7862 = CARTESIAN_POINT('',(2.895013,100.751555,1.585));
#7863 = VECTOR('',#7864,1.);
#7864 = DIRECTION('',(-1.567499766896E-02,0.999877139677,0.));
#7865 = ORIENTED_EDGE('',*,*,#7866,.T.);
#7866 = EDGE_CURVE('',#7859,#7867,#7869,.T.);
#7867 = VERTEX_POINT('',#7868);
#7868 = CARTESIAN_POINT('',(2.908962,101.077413,1.585));
#7869 = LINE('',#7870,#7871);
#7870 = CARTESIAN_POINT('',(2.892107,100.936923,1.585));
#7871 = VECTOR('',#7872,1.);
#7872 = DIRECTION('',(0.119118746201,0.992880015059,0.));
#7873 = ORIENTED_EDGE('',*,*,#7874,.T.);
#7874 = EDGE_CURVE('',#7867,#7875,#7877,.T.);
#7875 = VERTEX_POINT('',#7876);
#7876 = CARTESIAN_POINT('',(2.948769,101.218629,1.585));
#7877 = LINE('',#7878,#7879);
#7878 = CARTESIAN_POINT('',(2.908962,101.077413,1.585));
#7879 = VECTOR('',#7880,1.);
#7880 = DIRECTION('',(0.271313980554,0.962490895518,0.));
#7881 = ORIENTED_EDGE('',*,*,#7882,.T.);
#7882 = EDGE_CURVE('',#7875,#7883,#7885,.T.);
#7883 = VERTEX_POINT('',#7884);
#7884 = CARTESIAN_POINT('',(3.003713,101.347716,1.585));
#7885 = LINE('',#7886,#7887);
#7886 = CARTESIAN_POINT('',(2.948769,101.218629,1.585));
#7887 = VECTOR('',#7888,1.);
#7888 = DIRECTION('',(0.391635801668,0.920120317595,0.));
#7889 = ORIENTED_EDGE('',*,*,#7890,.T.);
#7890 = EDGE_CURVE('',#7883,#7891,#7893,.T.);
#7891 = VERTEX_POINT('',#7892);
#7892 = CARTESIAN_POINT('',(3.075531,101.467831,1.585));
#7893 = LINE('',#7894,#7895);
#7894 = CARTESIAN_POINT('',(3.003713,101.347716,1.585));
#7895 = VECTOR('',#7896,1.);
#7896 = DIRECTION('',(0.513176379689,0.858283171995,0.));
#7897 = ORIENTED_EDGE('',*,*,#7898,.T.);
#7898 = EDGE_CURVE('',#7891,#7899,#7901,.T.);
#7899 = VERTEX_POINT('',#7900);
#7900 = CARTESIAN_POINT('',(3.324162,101.732702,1.585));
#7901 = CIRCLE('',#7902,1.294001197312);
#7902 = AXIS2_PLACEMENT_3D('',#7903,#7904,#7905);
#7903 = CARTESIAN_POINT('',(4.13396814014,100.72341853435,1.585));
#7904 = DIRECTION('',(0.,0.,-1.));
#7905 = DIRECTION('',(-0.817956847597,0.575279580264,0.));
#7906 = ORIENTED_EDGE('',*,*,#7907,.T.);
#7907 = EDGE_CURVE('',#7899,#7908,#7910,.T.);
#7908 = VERTEX_POINT('',#7909);
#7909 = CARTESIAN_POINT('',(3.441555,101.813601,1.585));
#7910 = LINE('',#7911,#7912);
#7911 = CARTESIAN_POINT('',(3.324162,101.732702,1.585));
#7912 = VECTOR('',#7913,1.);
#7913 = DIRECTION('',(0.823414963469,0.567439686606,0.));
#7914 = ORIENTED_EDGE('',*,*,#7915,.T.);
#7915 = EDGE_CURVE('',#7908,#7916,#7918,.T.);
#7916 = VERTEX_POINT('',#7917);
#7917 = CARTESIAN_POINT('',(3.570517,101.879044,1.585));
#7918 = LINE('',#7919,#7920);
#7919 = CARTESIAN_POINT('',(3.441555,101.813601,1.585));
#7920 = VECTOR('',#7921,1.);
#7921 = DIRECTION('',(0.891750532237,0.452527334263,0.));
#7922 = ORIENTED_EDGE('',*,*,#7923,.T.);
#7923 = EDGE_CURVE('',#7916,#7573,#7924,.T.);
#7924 = LINE('',#7925,#7926);
#7925 = CARTESIAN_POINT('',(3.570517,101.879044,1.585));
#7926 = VECTOR('',#7927,1.);
#7927 = DIRECTION('',(0.934696768946,0.355446128297,0.));
#7928 = FACE_BOUND('',#7929,.F.);
#7929 = EDGE_LOOP('',(#7930,#7940,#7948,#7956,#7965,#7973,#7982,#7990,
    #7999,#8007,#8015,#8024,#8032,#8040,#8048,#8056,#8064,#8072,#8080,
    #8088,#8096,#8104,#8112,#8120,#8128,#8137,#8145,#8153,#8161,#8169,
    #8177,#8185,#8194));
#7930 = ORIENTED_EDGE('',*,*,#7931,.T.);
#7931 = EDGE_CURVE('',#7932,#7934,#7936,.T.);
#7932 = VERTEX_POINT('',#7933);
#7933 = CARTESIAN_POINT('',(3.835759,101.781817,1.585));
#7934 = VERTEX_POINT('',#7935);
#7935 = CARTESIAN_POINT('',(3.831246,101.805733,1.585));
#7936 = LINE('',#7937,#7938);
#7937 = CARTESIAN_POINT('',(3.835759,101.781817,1.585));
#7938 = VECTOR('',#7939,1.);
#7939 = DIRECTION('',(-0.185429568352,0.982657557433,0.));
#7940 = ORIENTED_EDGE('',*,*,#7941,.T.);
#7941 = EDGE_CURVE('',#7934,#7942,#7944,.T.);
#7942 = VERTEX_POINT('',#7943);
#7943 = CARTESIAN_POINT('',(3.81554,101.808258,1.585));
#7944 = LINE('',#7945,#7946);
#7945 = CARTESIAN_POINT('',(3.831246,101.805733,1.585));
#7946 = VECTOR('',#7947,1.);
#7947 = DIRECTION('',(-0.987322280103,0.158728432271,0.));
#7948 = ORIENTED_EDGE('',*,*,#7949,.T.);
#7949 = EDGE_CURVE('',#7942,#7950,#7952,.T.);
#7950 = VERTEX_POINT('',#7951);
#7951 = CARTESIAN_POINT('',(3.739364,101.791794,1.585));
#7952 = LINE('',#7953,#7954);
#7953 = CARTESIAN_POINT('',(3.81554,101.808258,1.585));
#7954 = VECTOR('',#7955,1.);
#7955 = DIRECTION('',(-0.977431354077,-0.211253279425,0.));
#7956 = ORIENTED_EDGE('',*,*,#7957,.T.);
#7957 = EDGE_CURVE('',#7950,#7958,#7960,.T.);
#7958 = VERTEX_POINT('',#7959);
#7959 = CARTESIAN_POINT('',(3.201237,101.405232,1.585));
#7960 = CIRCLE('',#7961,0.992822418121);
#7961 = AXIS2_PLACEMENT_3D('',#7962,#7963,#7964);
#7962 = CARTESIAN_POINT('',(4.016334412167,100.83838760988,1.585));
#7963 = DIRECTION('',(0.,0.,1.));
#7964 = DIRECTION('',(-0.278972762008,0.960299014921,0.));
#7965 = ORIENTED_EDGE('',*,*,#7966,.T.);
#7966 = EDGE_CURVE('',#7958,#7967,#7969,.T.);
#7967 = VERTEX_POINT('',#7968);
#7968 = CARTESIAN_POINT('',(3.134183,101.293624,1.585));
#7969 = LINE('',#7970,#7971);
#7970 = CARTESIAN_POINT('',(3.201237,101.405232,1.585));
#7971 = VECTOR('',#7972,1.);
#7972 = DIRECTION('',(-0.514999408445,-0.857190532671,0.));
#7973 = ORIENTED_EDGE('',*,*,#7974,.T.);
#7974 = EDGE_CURVE('',#7967,#7975,#7977,.T.);
#7975 = VERTEX_POINT('',#7976);
#7976 = CARTESIAN_POINT('',(3.030332,100.921473,1.585));
#7977 = CIRCLE('',#7978,0.954313422217);
#7978 = AXIS2_PLACEMENT_3D('',#7979,#7980,#7981);
#7979 = CARTESIAN_POINT('',(3.982420974964,100.85635240745,1.585));
#7980 = DIRECTION('',(0.,0.,1.));
#7981 = DIRECTION('',(-0.888846321572,0.458205430596,0.));
#7982 = ORIENTED_EDGE('',*,*,#7983,.T.);
#7983 = EDGE_CURVE('',#7975,#7984,#7986,.T.);
#7984 = VERTEX_POINT('',#7985);
#7985 = CARTESIAN_POINT('',(3.031147,100.790771,1.585));
#7986 = LINE('',#7987,#7988);
#7987 = CARTESIAN_POINT('',(3.030332,100.921473,1.585));
#7988 = VECTOR('',#7989,1.);
#7989 = DIRECTION('',(6.235437529404E-03,-0.99998055947,0.));
#7990 = ORIENTED_EDGE('',*,*,#7991,.T.);
#7991 = EDGE_CURVE('',#7984,#7992,#7994,.T.);
#7992 = VERTEX_POINT('',#7993);
#7993 = CARTESIAN_POINT('',(3.146575,100.414449,1.585));
#7994 = CIRCLE('',#7995,0.903820984846);
#7995 = AXIS2_PLACEMENT_3D('',#7996,#7997,#7998);
#7996 = CARTESIAN_POINT('',(3.93221284254,100.86128851595,1.585));
#7997 = DIRECTION('',(0.,0.,1.));
#7998 = DIRECTION('',(-0.996951672563,-7.802155198424E-02,0.));
#7999 = ORIENTED_EDGE('',*,*,#8000,.T.);
#8000 = EDGE_CURVE('',#7992,#8001,#8003,.T.);
#8001 = VERTEX_POINT('',#8002);
#8002 = CARTESIAN_POINT('',(3.222546,100.298408,1.585));
#8003 = LINE('',#8004,#8005);
#8004 = CARTESIAN_POINT('',(3.146575,100.414449,1.585));
#8005 = VECTOR('',#8006,1.);
#8006 = DIRECTION('',(0.547744427716,-0.836645708712,0.));
#8007 = ORIENTED_EDGE('',*,*,#8008,.T.);
#8008 = EDGE_CURVE('',#8001,#8009,#8011,.T.);
#8009 = VERTEX_POINT('',#8010);
#8010 = CARTESIAN_POINT('',(3.315011,100.188352,1.585));
#8011 = LINE('',#8012,#8013);
#8012 = CARTESIAN_POINT('',(3.222546,100.298408,1.585));
#8013 = VECTOR('',#8014,1.);
#8014 = DIRECTION('',(0.643265339264,-0.765643326427,0.));
#8015 = ORIENTED_EDGE('',*,*,#8016,.T.);
#8016 = EDGE_CURVE('',#8009,#8017,#8019,.T.);
#8017 = VERTEX_POINT('',#8018);
#8018 = CARTESIAN_POINT('',(3.668786,99.910459,1.585));
#8019 = CIRCLE('',#8020,1.530514985229);
#8020 = AXIS2_PLACEMENT_3D('',#8021,#8022,#8023);
#8021 = CARTESIAN_POINT('',(4.427063969,101.23992906049,1.585));
#8022 = DIRECTION('',(0.,0.,1.));
#8023 = DIRECTION('',(-0.726587442614,-0.687074004919,0.));
#8024 = ORIENTED_EDGE('',*,*,#8025,.T.);
#8025 = EDGE_CURVE('',#8017,#8026,#8028,.T.);
#8026 = VERTEX_POINT('',#8027);
#8027 = CARTESIAN_POINT('',(3.804645,99.840707,1.585));
#8028 = LINE('',#8029,#8030);
#8029 = CARTESIAN_POINT('',(3.668786,99.910459,1.585));
#8030 = VECTOR('',#8031,1.);
#8031 = DIRECTION('',(0.889602756823,-0.456735081915,0.));
#8032 = ORIENTED_EDGE('',*,*,#8033,.T.);
#8033 = EDGE_CURVE('',#8026,#8034,#8036,.T.);
#8034 = VERTEX_POINT('',#8035);
#8035 = CARTESIAN_POINT('',(3.945707,99.785121,1.585));
#8036 = LINE('',#8037,#8038);
#8037 = CARTESIAN_POINT('',(3.804645,99.840707,1.585));
#8038 = VECTOR('',#8039,1.);
#8039 = DIRECTION('',(0.930372128832,-0.366616559763,0.));
#8040 = ORIENTED_EDGE('',*,*,#8041,.T.);
#8041 = EDGE_CURVE('',#8034,#8042,#8044,.T.);
#8042 = VERTEX_POINT('',#8043);
#8043 = CARTESIAN_POINT('',(4.089714,99.745336,1.585));
#8044 = LINE('',#8045,#8046);
#8045 = CARTESIAN_POINT('',(3.945707,99.785121,1.585));
#8046 = VECTOR('',#8047,1.);
#8047 = DIRECTION('',(0.963891430629,-0.266295531242,0.));
#8048 = ORIENTED_EDGE('',*,*,#8049,.T.);
#8049 = EDGE_CURVE('',#8042,#8050,#8052,.T.);
#8050 = VERTEX_POINT('',#8051);
#8051 = CARTESIAN_POINT('',(4.27161,99.719223,1.585));
#8052 = LINE('',#8053,#8054);
#8053 = CARTESIAN_POINT('',(4.089714,99.745336,1.585));
#8054 = VECTOR('',#8055,1.);
#8055 = DIRECTION('',(0.989851849608,-0.142103187254,0.));
#8056 = ORIENTED_EDGE('',*,*,#8057,.T.);
#8057 = EDGE_CURVE('',#8050,#8058,#8060,.T.);
#8058 = VERTEX_POINT('',#8059);
#8059 = CARTESIAN_POINT('',(4.371721,99.717633,1.585));
#8060 = LINE('',#8061,#8062);
#8061 = CARTESIAN_POINT('',(4.27161,99.719223,1.585));
#8062 = VECTOR('',#8063,1.);
#8063 = DIRECTION('',(0.999873899009,-1.588036778593E-02,0.));
#8064 = ORIENTED_EDGE('',*,*,#8065,.T.);
#8065 = EDGE_CURVE('',#8058,#8066,#8068,.T.);
#8066 = VERTEX_POINT('',#8067);
#8067 = CARTESIAN_POINT('',(4.43882,99.72512,1.585));
#8068 = LINE('',#8069,#8070);
#8069 = CARTESIAN_POINT('',(4.371721,99.717633,1.585));
#8070 = VECTOR('',#8071,1.);
#8071 = DIRECTION('',(0.993832329309,0.110893197358,0.));
#8072 = ORIENTED_EDGE('',*,*,#8073,.T.);
#8073 = EDGE_CURVE('',#8066,#8074,#8076,.T.);
#8074 = VERTEX_POINT('',#8075);
#8075 = CARTESIAN_POINT('',(4.524119,99.746422,1.585));
#8076 = LINE('',#8077,#8078);
#8077 = CARTESIAN_POINT('',(4.43882,99.72512,1.585));
#8078 = VECTOR('',#8079,1.);
#8079 = DIRECTION('',(0.970203354716,0.242292076837,0.));
#8080 = ORIENTED_EDGE('',*,*,#8081,.T.);
#8081 = EDGE_CURVE('',#8074,#8082,#8084,.T.);
#8082 = VERTEX_POINT('',#8083);
#8083 = CARTESIAN_POINT('',(4.600313,99.783271,1.585));
#8084 = LINE('',#8085,#8086);
#8085 = CARTESIAN_POINT('',(4.524119,99.746422,1.585));
#8086 = VECTOR('',#8087,1.);
#8087 = DIRECTION('',(0.900247548064,0.435378401168,0.));
#8088 = ORIENTED_EDGE('',*,*,#8089,.T.);
#8089 = EDGE_CURVE('',#8082,#8090,#8092,.T.);
#8090 = VERTEX_POINT('',#8091);
#8091 = CARTESIAN_POINT('',(4.664279,99.833606,1.585));
#8092 = LINE('',#8093,#8094);
#8093 = CARTESIAN_POINT('',(4.600313,99.783271,1.585));
#8094 = VECTOR('',#8095,1.);
#8095 = DIRECTION('',(0.785864526375,0.618398695168,0.));
#8096 = ORIENTED_EDGE('',*,*,#8097,.T.);
#8097 = EDGE_CURVE('',#8090,#8098,#8100,.T.);
#8098 = VERTEX_POINT('',#8099);
#8099 = CARTESIAN_POINT('',(4.722138,99.912067,1.585));
#8100 = LINE('',#8101,#8102);
#8101 = CARTESIAN_POINT('',(4.664279,99.833606,1.585));
#8102 = VECTOR('',#8103,1.);
#8103 = DIRECTION('',(0.593502363419,0.804832246258,0.));
#8104 = ORIENTED_EDGE('',*,*,#8105,.T.);
#8105 = EDGE_CURVE('',#8098,#8106,#8108,.T.);
#8106 = VERTEX_POINT('',#8107);
#8107 = CARTESIAN_POINT('',(4.742799,99.96779,1.585));
#8108 = LINE('',#8109,#8110);
#8109 = CARTESIAN_POINT('',(4.722138,99.912067,1.585));
#8110 = VECTOR('',#8111,1.);
#8111 = DIRECTION('',(0.347652466882,0.937623465081,0.));
#8112 = ORIENTED_EDGE('',*,*,#8113,.T.);
#8113 = EDGE_CURVE('',#8106,#8114,#8116,.T.);
#8114 = VERTEX_POINT('',#8115);
#8115 = CARTESIAN_POINT('',(4.747464,100.112478,1.585));
#8116 = LINE('',#8117,#8118);
#8117 = CARTESIAN_POINT('',(4.742799,99.96779,1.585));
#8118 = VECTOR('',#8119,1.);
#8119 = DIRECTION('',(3.222504408196E-02,0.999480638399,0.));
#8120 = ORIENTED_EDGE('',*,*,#8121,.T.);
#8121 = EDGE_CURVE('',#8114,#8122,#8124,.T.);
#8122 = VERTEX_POINT('',#8123);
#8123 = CARTESIAN_POINT('',(4.738192,100.175614,1.585));
#8124 = LINE('',#8125,#8126);
#8125 = CARTESIAN_POINT('',(4.747464,100.112478,1.585));
#8126 = VECTOR('',#8127,1.);
#8127 = DIRECTION('',(-0.145299091978,0.9893877773,0.));
#8128 = ORIENTED_EDGE('',*,*,#8129,.T.);
#8129 = EDGE_CURVE('',#8122,#8130,#8132,.T.);
#8130 = VERTEX_POINT('',#8131);
#8131 = CARTESIAN_POINT('',(4.625069,100.363499,1.585));
#8132 = CIRCLE('',#8133,0.678674586036);
#8133 = AXIS2_PLACEMENT_3D('',#8134,#8135,#8136);
#8134 = CARTESIAN_POINT('',(4.107847202143,99.924089389781,1.585));
#8135 = DIRECTION('',(0.,0.,1.));
#8136 = DIRECTION('',(0.928787980023,0.370611505711,-0.));
#8137 = ORIENTED_EDGE('',*,*,#8138,.T.);
#8138 = EDGE_CURVE('',#8130,#8139,#8141,.T.);
#8139 = VERTEX_POINT('',#8140);
#8140 = CARTESIAN_POINT('',(4.566149,100.427788,1.585));
#8141 = LINE('',#8142,#8143);
#8142 = CARTESIAN_POINT('',(4.625069,100.363499,1.585));
#8143 = VECTOR('',#8144,1.);
#8144 = DIRECTION('',(-0.67565244629,0.737220300739,0.));
#8145 = ORIENTED_EDGE('',*,*,#8146,.T.);
#8146 = EDGE_CURVE('',#8139,#8147,#8149,.T.);
#8147 = VERTEX_POINT('',#8148);
#8148 = CARTESIAN_POINT('',(4.291089,100.678057,1.585));
#8149 = LINE('',#8150,#8151);
#8150 = CARTESIAN_POINT('',(4.566149,100.427788,1.585));
#8151 = VECTOR('',#8152,1.);
#8152 = DIRECTION('',(-0.739652970121,0.672988472258,0.));
#8153 = ORIENTED_EDGE('',*,*,#8154,.T.);
#8154 = EDGE_CURVE('',#8147,#8155,#8157,.T.);
#8155 = VERTEX_POINT('',#8156);
#8156 = CARTESIAN_POINT('',(4.162087,100.81505,1.585));
#8157 = LINE('',#8158,#8159);
#8158 = CARTESIAN_POINT('',(4.291089,100.678057,1.585));
#8159 = VECTOR('',#8160,1.);
#8160 = DIRECTION('',(-0.685554644655,0.728021173588,0.));
#8161 = ORIENTED_EDGE('',*,*,#8162,.T.);
#8162 = EDGE_CURVE('',#8155,#8163,#8165,.T.);
#8163 = VERTEX_POINT('',#8164);
#8164 = CARTESIAN_POINT('',(4.053917,100.953088,1.585));
#8165 = LINE('',#8166,#8167);
#8166 = CARTESIAN_POINT('',(4.162087,100.81505,1.585));
#8167 = VECTOR('',#8168,1.);
#8168 = DIRECTION('',(-0.616804141633,0.787116669157,0.));
#8169 = ORIENTED_EDGE('',*,*,#8170,.T.);
#8170 = EDGE_CURVE('',#8163,#8171,#8173,.T.);
#8171 = VERTEX_POINT('',#8172);
#8172 = CARTESIAN_POINT('',(3.966408,101.092425,1.585));
#8173 = LINE('',#8174,#8175);
#8174 = CARTESIAN_POINT('',(4.053917,100.953088,1.585));
#8175 = VECTOR('',#8176,1.);
#8176 = DIRECTION('',(-0.531848011738,0.846839826892,0.));
#8177 = ORIENTED_EDGE('',*,*,#8178,.T.);
#8178 = EDGE_CURVE('',#8171,#8179,#8181,.T.);
#8179 = VERTEX_POINT('',#8180);
#8180 = CARTESIAN_POINT('',(3.899388,101.233314,1.585));
#8181 = LINE('',#8182,#8183);
#8182 = CARTESIAN_POINT('',(3.966408,101.092425,1.585));
#8183 = VECTOR('',#8184,1.);
#8184 = DIRECTION('',(-0.429567809994,0.90303460433,0.));
#8185 = ORIENTED_EDGE('',*,*,#8186,.T.);
#8186 = EDGE_CURVE('',#8179,#8187,#8189,.T.);
#8187 = VERTEX_POINT('',#8188);
#8188 = CARTESIAN_POINT('',(3.82292,101.658945,1.585));
#8189 = CIRCLE('',#8190,1.029997074167);
#8190 = AXIS2_PLACEMENT_3D('',#8191,#8192,#8193);
#8191 = CARTESIAN_POINT('',(4.852330957853,101.62420233683,1.585));
#8192 = DIRECTION('',(0.,0.,-1.));
#8193 = DIRECTION('',(-0.92518996583,-0.379504317667,-0.));
#8194 = ORIENTED_EDGE('',*,*,#8195,.T.);
#8195 = EDGE_CURVE('',#8187,#7932,#8196,.T.);
#8196 = LINE('',#8197,#8198);
#8197 = CARTESIAN_POINT('',(3.82292,101.658945,1.585));
#8198 = VECTOR('',#8199,1.);
#8199 = DIRECTION('',(0.103925048075,0.994585131792,0.));
#8200 = PLANE('',#8201);
#8201 = AXIS2_PLACEMENT_3D('',#8202,#8203,#8204);
#8202 = CARTESIAN_POINT('',(0.,0.,1.585));
#8203 = DIRECTION('',(0.,0.,1.));
#8204 = DIRECTION('',(1.,0.,-0.));
#8205 = SHELL_BASED_SURFACE_MODEL('',(#8206));
#8206 = OPEN_SHELL('',(#8207));
#8207 = ADVANCED_FACE('',(#8208,#8577),#8898,.T.);
#8208 = FACE_BOUND('',#8209,.F.);
#8209 = EDGE_LOOP('',(#8210,#8221,#8229,#8237,#8245,#8254,#8262,#8270,
    #8278,#8286,#8295,#8303,#8312,#8320,#8328,#8336,#8344,#8352,#8360,
    #8369,#8377,#8386,#8394,#8403,#8411,#8419,#8427,#8435,#8443,#8451,
    #8459,#8467,#8475,#8483,#8491,#8499,#8507,#8515,#8523,#8531,#8539,
    #8547,#8555,#8563,#8571));
#8210 = ORIENTED_EDGE('',*,*,#8211,.T.);
#8211 = EDGE_CURVE('',#8212,#8214,#8216,.T.);
#8212 = VERTEX_POINT('',#8213);
#8213 = CARTESIAN_POINT('',(5.748657,102.467234,1.585));
#8214 = VERTEX_POINT('',#8215);
#8215 = CARTESIAN_POINT('',(5.917726,102.522334,1.585));
#8216 = CIRCLE('',#8217,0.400037386184);
#8217 = AXIS2_PLACEMENT_3D('',#8218,#8219,#8220);
#8218 = CARTESIAN_POINT('',(5.954047551387,102.12394894098,1.585));
#8219 = DIRECTION('',(0.,0.,-1.));
#8220 = DIRECTION('',(-0.513428390647,0.858132441805,0.));
#8221 = ORIENTED_EDGE('',*,*,#8222,.T.);
#8222 = EDGE_CURVE('',#8214,#8223,#8225,.T.);
#8223 = VERTEX_POINT('',#8224);
#8224 = CARTESIAN_POINT('',(6.087598,102.524297,1.585));
#8225 = LINE('',#8226,#8227);
#8226 = CARTESIAN_POINT('',(5.917726,102.522334,1.585));
#8227 = VECTOR('',#8228,1.);
#8228 = DIRECTION('',(0.999933238896,1.155498815553E-02,0.));
#8229 = ORIENTED_EDGE('',*,*,#8230,.T.);
#8230 = EDGE_CURVE('',#8223,#8231,#8233,.T.);
#8231 = VERTEX_POINT('',#8232);
#8232 = CARTESIAN_POINT('',(6.142756,102.511533,1.585));
#8233 = LINE('',#8234,#8235);
#8234 = CARTESIAN_POINT('',(6.087598,102.524297,1.585));
#8235 = VECTOR('',#8236,1.);
#8236 = DIRECTION('',(0.974254674243,-0.225450282136,0.));
#8237 = ORIENTED_EDGE('',*,*,#8238,.T.);
#8238 = EDGE_CURVE('',#8231,#8239,#8241,.T.);
#8239 = VERTEX_POINT('',#8240);
#8240 = CARTESIAN_POINT('',(6.196065,102.486779,1.585));
#8241 = LINE('',#8242,#8243);
#8242 = CARTESIAN_POINT('',(6.142756,102.511533,1.585));
#8243 = VECTOR('',#8244,1.);
#8244 = DIRECTION('',(0.906986918234,-0.421158794462,0.));
#8245 = ORIENTED_EDGE('',*,*,#8246,.T.);
#8246 = EDGE_CURVE('',#8239,#8247,#8249,.T.);
#8247 = VERTEX_POINT('',#8248);
#8248 = CARTESIAN_POINT('',(6.409953,102.282572,1.585));
#8249 = CIRCLE('',#8250,0.499808751628);
#8250 = AXIS2_PLACEMENT_3D('',#8251,#8252,#8253);
#8251 = CARTESIAN_POINT('',(5.973315141405,102.03935158834,1.585));
#8252 = DIRECTION('',(0.,0.,-1.));
#8253 = DIRECTION('',(0.445670184585,0.895197233336,0.));
#8254 = ORIENTED_EDGE('',*,*,#8255,.T.);
#8255 = EDGE_CURVE('',#8247,#8256,#8258,.T.);
#8256 = VERTEX_POINT('',#8257);
#8257 = CARTESIAN_POINT('',(6.451055,102.189944,1.585));
#8258 = LINE('',#8259,#8260);
#8259 = CARTESIAN_POINT('',(6.409953,102.282572,1.585));
#8260 = VECTOR('',#8261,1.);
#8261 = DIRECTION('',(0.405594535074,-0.914053101914,0.));
#8262 = ORIENTED_EDGE('',*,*,#8263,.T.);
#8263 = EDGE_CURVE('',#8256,#8264,#8266,.T.);
#8264 = VERTEX_POINT('',#8265);
#8265 = CARTESIAN_POINT('',(6.470245,102.113721,1.585));
#8266 = LINE('',#8267,#8268);
#8267 = CARTESIAN_POINT('',(6.451055,102.189944,1.585));
#8268 = VECTOR('',#8269,1.);
#8269 = DIRECTION('',(0.244142804402,-0.969739290252,0.));
#8270 = ORIENTED_EDGE('',*,*,#8271,.T.);
#8271 = EDGE_CURVE('',#8264,#8272,#8274,.T.);
#8272 = VERTEX_POINT('',#8273);
#8273 = CARTESIAN_POINT('',(6.479083,102.024758,1.585));
#8274 = LINE('',#8275,#8276);
#8275 = CARTESIAN_POINT('',(6.470245,102.113721,1.585));
#8276 = VECTOR('',#8277,1.);
#8277 = DIRECTION('',(9.885803616885E-02,-0.995101546921,0.));
#8278 = ORIENTED_EDGE('',*,*,#8279,.T.);
#8279 = EDGE_CURVE('',#8272,#8280,#8282,.T.);
#8280 = VERTEX_POINT('',#8281);
#8281 = CARTESIAN_POINT('',(6.477964,101.922401,1.585));
#8282 = LINE('',#8283,#8284);
#8283 = CARTESIAN_POINT('',(6.479083,102.024758,1.585));
#8284 = VECTOR('',#8285,1.);
#8285 = DIRECTION('',(-1.093167186359E-02,-0.99994024749,0.));
#8286 = ORIENTED_EDGE('',*,*,#8287,.T.);
#8287 = EDGE_CURVE('',#8280,#8288,#8290,.T.);
#8288 = VERTEX_POINT('',#8289);
#8289 = CARTESIAN_POINT('',(6.400183,101.518899,1.585));
#8290 = CIRCLE('',#8291,1.566759696042);
#8291 = AXIS2_PLACEMENT_3D('',#8292,#8293,#8294);
#8292 = CARTESIAN_POINT('',(4.913922157137,102.01464556036,1.585));
#8293 = DIRECTION('',(0.,0.,-1.));
#8294 = DIRECTION('',(0.998265303105,-5.887601053308E-02,0.));
#8295 = ORIENTED_EDGE('',*,*,#8296,.T.);
#8296 = EDGE_CURVE('',#8288,#8297,#8299,.T.);
#8297 = VERTEX_POINT('',#8298);
#8298 = CARTESIAN_POINT('',(6.340329,101.37078,1.585));
#8299 = LINE('',#8300,#8301);
#8300 = CARTESIAN_POINT('',(6.400183,101.518899,1.585));
#8301 = VECTOR('',#8302,1.);
#8302 = DIRECTION('',(-0.374660616781,-0.92716202588,0.));
#8303 = ORIENTED_EDGE('',*,*,#8304,.T.);
#8304 = EDGE_CURVE('',#8297,#8305,#8307,.T.);
#8305 = VERTEX_POINT('',#8306);
#8306 = CARTESIAN_POINT('',(5.958466,100.840977,1.585));
#8307 = CIRCLE('',#8308,1.764186215193);
#8308 = AXIS2_PLACEMENT_3D('',#8309,#8310,#8311);
#8309 = CARTESIAN_POINT('',(4.742947938938,102.1195968986,1.585));
#8310 = DIRECTION('',(0.,0.,-1.));
#8311 = DIRECTION('',(0.905449236201,-0.424454568433,0.));
#8312 = ORIENTED_EDGE('',*,*,#8313,.T.);
#8313 = EDGE_CURVE('',#8305,#8314,#8316,.T.);
#8314 = VERTEX_POINT('',#8315);
#8315 = CARTESIAN_POINT('',(5.852085,100.751311,1.585));
#8316 = LINE('',#8317,#8318);
#8317 = CARTESIAN_POINT('',(5.958466,100.840977,1.585));
#8318 = VECTOR('',#8319,1.);
#8319 = DIRECTION('',(-0.764620728638,-0.644480520526,0.));
#8320 = ORIENTED_EDGE('',*,*,#8321,.T.);
#8321 = EDGE_CURVE('',#8314,#8322,#8324,.T.);
#8322 = VERTEX_POINT('',#8323);
#8323 = CARTESIAN_POINT('',(5.781937,100.703859,1.585));
#8324 = LINE('',#8325,#8326);
#8325 = CARTESIAN_POINT('',(5.852085,100.751311,1.585));
#8326 = VECTOR('',#8327,1.);
#8327 = DIRECTION('',(-0.828289215343,-0.560300790421,0.));
#8328 = ORIENTED_EDGE('',*,*,#8329,.T.);
#8329 = EDGE_CURVE('',#8322,#8330,#8332,.T.);
#8330 = VERTEX_POINT('',#8331);
#8331 = CARTESIAN_POINT('',(5.612537,100.614075,1.585));
#8332 = LINE('',#8333,#8334);
#8333 = CARTESIAN_POINT('',(5.781937,100.703859,1.585));
#8334 = VECTOR('',#8335,1.);
#8335 = DIRECTION('',(-0.883568583574,-0.468301781036,0.));
#8336 = ORIENTED_EDGE('',*,*,#8337,.T.);
#8337 = EDGE_CURVE('',#8330,#8338,#8340,.T.);
#8338 = VERTEX_POINT('',#8339);
#8339 = CARTESIAN_POINT('',(5.526797,100.578339,1.585));
#8340 = LINE('',#8341,#8342);
#8341 = CARTESIAN_POINT('',(5.612537,100.614075,1.585));
#8342 = VECTOR('',#8343,1.);
#8343 = DIRECTION('',(-0.92303487474,-0.384716285091,0.));
#8344 = ORIENTED_EDGE('',*,*,#8345,.T.);
#8345 = EDGE_CURVE('',#8338,#8346,#8348,.T.);
#8346 = VERTEX_POINT('',#8347);
#8347 = CARTESIAN_POINT('',(5.442056,100.551209,1.585));
#8348 = LINE('',#8349,#8350);
#8349 = CARTESIAN_POINT('',(5.526797,100.578339,1.585));
#8350 = VECTOR('',#8351,1.);
#8351 = DIRECTION('',(-0.952382119286,-0.304907033151,0.));
#8352 = ORIENTED_EDGE('',*,*,#8353,.T.);
#8353 = EDGE_CURVE('',#8346,#8354,#8356,.T.);
#8354 = VERTEX_POINT('',#8355);
#8355 = CARTESIAN_POINT('',(5.363501,100.536188,1.585));
#8356 = LINE('',#8357,#8358);
#8357 = CARTESIAN_POINT('',(5.442056,100.551209,1.585));
#8358 = VECTOR('',#8359,1.);
#8359 = DIRECTION('',(-0.982204690954,-0.187813591278,0.));
#8360 = ORIENTED_EDGE('',*,*,#8361,.T.);
#8361 = EDGE_CURVE('',#8354,#8362,#8364,.T.);
#8362 = VERTEX_POINT('',#8363);
#8363 = CARTESIAN_POINT('',(5.095908,100.52637,1.585));
#8364 = CIRCLE('',#8365,1.314363555067);
#8365 = AXIS2_PLACEMENT_3D('',#8366,#8367,#8368);
#8366 = CARTESIAN_POINT('',(5.181763541581,101.83792647261,1.585));
#8367 = DIRECTION('',(0.,0.,-1.));
#8368 = DIRECTION('',(0.138270311679,-0.990394527907,0.));
#8369 = ORIENTED_EDGE('',*,*,#8370,.T.);
#8370 = EDGE_CURVE('',#8362,#8371,#8373,.T.);
#8371 = VERTEX_POINT('',#8372);
#8372 = CARTESIAN_POINT('',(5.028962,100.534606,1.585));
#8373 = LINE('',#8374,#8375);
#8374 = CARTESIAN_POINT('',(5.095908,100.52637,1.585));
#8375 = VECTOR('',#8376,1.);
#8376 = DIRECTION('',(-0.99251731455,0.122103973391,0.));
#8377 = ORIENTED_EDGE('',*,*,#8378,.T.);
#8378 = EDGE_CURVE('',#8371,#8379,#8381,.T.);
#8379 = VERTEX_POINT('',#8380);
#8380 = CARTESIAN_POINT('',(4.698176,100.649028,1.585));
#8381 = CIRCLE('',#8382,1.104152798033);
#8382 = AXIS2_PLACEMENT_3D('',#8383,#8384,#8385);
#8383 = CARTESIAN_POINT('',(5.219958473876,101.62211404519,1.585));
#8384 = DIRECTION('',(0.,0.,-1.));
#8385 = DIRECTION('',(-0.172980111282,-0.984925317525,-0.));
#8386 = ORIENTED_EDGE('',*,*,#8387,.T.);
#8387 = EDGE_CURVE('',#8379,#8388,#8390,.T.);
#8388 = VERTEX_POINT('',#8389);
#8389 = CARTESIAN_POINT('',(4.564984,100.729798,1.585));
#8390 = LINE('',#8391,#8392);
#8391 = CARTESIAN_POINT('',(4.698176,100.649028,1.585));
#8392 = VECTOR('',#8393,1.);
#8393 = DIRECTION('',(-0.855062422343,0.518525075475,0.));
#8394 = ORIENTED_EDGE('',*,*,#8395,.T.);
#8395 = EDGE_CURVE('',#8388,#8396,#8398,.T.);
#8396 = VERTEX_POINT('',#8397);
#8397 = CARTESIAN_POINT('',(4.254733,101.061593,1.585));
#8398 = CIRCLE('',#8399,1.101761745302);
#8399 = AXIS2_PLACEMENT_3D('',#8400,#8401,#8402);
#8400 = CARTESIAN_POINT('',(5.197325112203,101.63203059818,1.585));
#8401 = DIRECTION('',(0.,0.,-1.));
#8402 = DIRECTION('',(-0.573936347762,-0.818899913736,-0.));
#8403 = ORIENTED_EDGE('',*,*,#8404,.T.);
#8404 = EDGE_CURVE('',#8396,#8405,#8407,.T.);
#8405 = VERTEX_POINT('',#8406);
#8406 = CARTESIAN_POINT('',(4.182402,101.200461,1.585));
#8407 = LINE('',#8408,#8409);
#8408 = CARTESIAN_POINT('',(4.254733,101.061593,1.585));
#8409 = VECTOR('',#8410,1.);
#8410 = DIRECTION('',(-0.461954095505,0.886903835625,0.));
#8411 = ORIENTED_EDGE('',*,*,#8412,.T.);
#8412 = EDGE_CURVE('',#8405,#8413,#8415,.T.);
#8413 = VERTEX_POINT('',#8414);
#8414 = CARTESIAN_POINT('',(4.138921,101.31293,1.585));
#8415 = LINE('',#8416,#8417);
#8416 = CARTESIAN_POINT('',(4.182402,101.200461,1.585));
#8417 = VECTOR('',#8418,1.);
#8418 = DIRECTION('',(-0.360594594627,0.932722648125,0.));
#8419 = ORIENTED_EDGE('',*,*,#8420,.T.);
#8420 = EDGE_CURVE('',#8413,#8421,#8423,.T.);
#8421 = VERTEX_POINT('',#8422);
#8422 = CARTESIAN_POINT('',(4.117533,101.387056,1.585));
#8423 = LINE('',#8424,#8425);
#8424 = CARTESIAN_POINT('',(4.138921,101.31293,1.585));
#8425 = VECTOR('',#8426,1.);
#8426 = DIRECTION('',(-0.27722646408,0.960804604284,0.));
#8427 = ORIENTED_EDGE('',*,*,#8428,.T.);
#8428 = EDGE_CURVE('',#8421,#8429,#8431,.T.);
#8429 = VERTEX_POINT('',#8430);
#8430 = CARTESIAN_POINT('',(4.10932,101.453843,1.585));
#8431 = LINE('',#8432,#8433);
#8432 = CARTESIAN_POINT('',(4.117533,101.387056,1.585));
#8433 = VECTOR('',#8434,1.);
#8434 = DIRECTION('',(-0.122053626665,0.992523507136,0.));
#8435 = ORIENTED_EDGE('',*,*,#8436,.T.);
#8436 = EDGE_CURVE('',#8429,#8437,#8439,.T.);
#8437 = VERTEX_POINT('',#8438);
#8438 = CARTESIAN_POINT('',(4.11293,101.496097,1.585));
#8439 = LINE('',#8440,#8441);
#8440 = CARTESIAN_POINT('',(4.10932,101.453843,1.585));
#8441 = VECTOR('',#8442,1.);
#8442 = DIRECTION('',(8.512558643064E-02,0.996370229651,0.));
#8443 = ORIENTED_EDGE('',*,*,#8444,.T.);
#8444 = EDGE_CURVE('',#8437,#8445,#8447,.T.);
#8445 = VERTEX_POINT('',#8446);
#8446 = CARTESIAN_POINT('',(4.13049,101.537376,1.585));
#8447 = LINE('',#8448,#8449);
#8448 = CARTESIAN_POINT('',(4.11293,101.496097,1.585));
#8449 = VECTOR('',#8450,1.);
#8450 = DIRECTION('',(0.391450749738,0.920199060274,0.));
#8451 = ORIENTED_EDGE('',*,*,#8452,.T.);
#8452 = EDGE_CURVE('',#8445,#8453,#8455,.T.);
#8453 = VERTEX_POINT('',#8454);
#8454 = CARTESIAN_POINT('',(4.171758,101.582839,1.585));
#8455 = LINE('',#8456,#8457);
#8456 = CARTESIAN_POINT('',(4.13049,101.537376,1.585));
#8457 = VECTOR('',#8458,1.);
#8458 = DIRECTION('',(0.672119742606,0.740442470149,0.));
#8459 = ORIENTED_EDGE('',*,*,#8460,.T.);
#8460 = EDGE_CURVE('',#8453,#8461,#8463,.T.);
#8461 = VERTEX_POINT('',#8462);
#8462 = CARTESIAN_POINT('',(4.205055,101.610858,1.585));
#8463 = LINE('',#8464,#8465);
#8464 = CARTESIAN_POINT('',(4.171758,101.582839,1.585));
#8465 = VECTOR('',#8466,1.);
#8466 = DIRECTION('',(0.765144144754,0.643859020088,0.));
#8467 = ORIENTED_EDGE('',*,*,#8468,.T.);
#8468 = EDGE_CURVE('',#8461,#8469,#8471,.T.);
#8469 = VERTEX_POINT('',#8470);
#8470 = CARTESIAN_POINT('',(4.466523,101.602064,1.585));
#8471 = LINE('',#8472,#8473);
#8472 = CARTESIAN_POINT('',(4.205055,101.610858,1.585));
#8473 = VECTOR('',#8474,1.);
#8474 = DIRECTION('',(0.999434884036,-3.361417217484E-02,0.));
#8475 = ORIENTED_EDGE('',*,*,#8476,.T.);
#8476 = EDGE_CURVE('',#8469,#8477,#8479,.T.);
#8477 = VERTEX_POINT('',#8478);
#8478 = CARTESIAN_POINT('',(4.547705,101.605772,1.585));
#8479 = LINE('',#8480,#8481);
#8480 = CARTESIAN_POINT('',(4.466523,101.602064,1.585));
#8481 = VECTOR('',#8482,1.);
#8482 = DIRECTION('',(0.998958519636,4.562757989226E-02,0.));
#8483 = ORIENTED_EDGE('',*,*,#8484,.T.);
#8484 = EDGE_CURVE('',#8477,#8485,#8487,.T.);
#8485 = VERTEX_POINT('',#8486);
#8486 = CARTESIAN_POINT('',(4.620415,101.61642,1.585));
#8487 = LINE('',#8488,#8489);
#8488 = CARTESIAN_POINT('',(4.547705,101.605772,1.585));
#8489 = VECTOR('',#8490,1.);
#8490 = DIRECTION('',(0.989446412709,0.14489926286,0.));
#8491 = ORIENTED_EDGE('',*,*,#8492,.T.);
#8492 = EDGE_CURVE('',#8485,#8493,#8495,.T.);
#8493 = VERTEX_POINT('',#8494);
#8494 = CARTESIAN_POINT('',(4.690783,101.635294,1.585));
#8495 = LINE('',#8496,#8497);
#8496 = CARTESIAN_POINT('',(4.620415,101.61642,1.585));
#8497 = VECTOR('',#8498,1.);
#8498 = DIRECTION('',(0.965860765364,0.25906173382,0.));
#8499 = ORIENTED_EDGE('',*,*,#8500,.T.);
#8500 = EDGE_CURVE('',#8493,#8501,#8503,.T.);
#8501 = VERTEX_POINT('',#8502);
#8502 = CARTESIAN_POINT('',(4.764937,101.663679,1.585));
#8503 = LINE('',#8504,#8505);
#8504 = CARTESIAN_POINT('',(4.690783,101.635294,1.585));
#8505 = VECTOR('',#8506,1.);
#8506 = DIRECTION('',(0.933917328139,0.35748905466,0.));
#8507 = ORIENTED_EDGE('',*,*,#8508,.T.);
#8508 = EDGE_CURVE('',#8501,#8509,#8511,.T.);
#8509 = VERTEX_POINT('',#8510);
#8510 = CARTESIAN_POINT('',(4.854191,101.70543,1.585));
#8511 = LINE('',#8512,#8513);
#8512 = CARTESIAN_POINT('',(4.764937,101.663679,1.585));
#8513 = VECTOR('',#8514,1.);
#8514 = DIRECTION('',(0.905797230243,0.423711432091,0.));
#8515 = ORIENTED_EDGE('',*,*,#8516,.T.);
#8516 = EDGE_CURVE('',#8509,#8517,#8519,.T.);
#8517 = VERTEX_POINT('',#8518);
#8518 = CARTESIAN_POINT('',(4.990243,101.782473,1.585));
#8519 = LINE('',#8520,#8521);
#8520 = CARTESIAN_POINT('',(4.854191,101.70543,1.585));
#8521 = VECTOR('',#8522,1.);
#8522 = DIRECTION('',(0.870167912909,0.492755317925,0.));
#8523 = ORIENTED_EDGE('',*,*,#8524,.T.);
#8524 = EDGE_CURVE('',#8517,#8525,#8527,.T.);
#8525 = VERTEX_POINT('',#8526);
#8526 = CARTESIAN_POINT('',(5.120091,101.875747,1.585));
#8527 = LINE('',#8528,#8529);
#8528 = CARTESIAN_POINT('',(4.990243,101.782473,1.585));
#8529 = VECTOR('',#8530,1.);
#8530 = DIRECTION('',(0.812176153488,0.583412286215,0.));
#8531 = ORIENTED_EDGE('',*,*,#8532,.T.);
#8532 = EDGE_CURVE('',#8525,#8533,#8535,.T.);
#8533 = VERTEX_POINT('',#8534);
#8534 = CARTESIAN_POINT('',(5.24552,101.986734,1.585));
#8535 = LINE('',#8536,#8537);
#8536 = CARTESIAN_POINT('',(5.120091,101.875747,1.585));
#8537 = VECTOR('',#8538,1.);
#8538 = DIRECTION('',(0.748905953601,0.662676295532,0.));
#8539 = ORIENTED_EDGE('',*,*,#8540,.T.);
#8540 = EDGE_CURVE('',#8533,#8541,#8543,.T.);
#8541 = VERTEX_POINT('',#8542);
#8542 = CARTESIAN_POINT('',(5.410268,102.166394,1.585));
#8543 = LINE('',#8544,#8545);
#8544 = CARTESIAN_POINT('',(5.24552,101.986734,1.585));
#8545 = VECTOR('',#8546,1.);
#8546 = DIRECTION('',(0.675857627263,0.737032202601,0.));
#8547 = ORIENTED_EDGE('',*,*,#8548,.T.);
#8548 = EDGE_CURVE('',#8541,#8549,#8551,.T.);
#8549 = VERTEX_POINT('',#8550);
#8550 = CARTESIAN_POINT('',(5.542548,102.312895,1.585));
#8551 = LINE('',#8552,#8553);
#8552 = CARTESIAN_POINT('',(5.410268,102.166394,1.585));
#8553 = VECTOR('',#8554,1.);
#8554 = DIRECTION('',(0.670164925865,0.74221221503,0.));
#8555 = ORIENTED_EDGE('',*,*,#8556,.T.);
#8556 = EDGE_CURVE('',#8549,#8557,#8559,.T.);
#8557 = VERTEX_POINT('',#8558);
#8558 = CARTESIAN_POINT('',(5.60248,102.367075,1.585));
#8559 = LINE('',#8560,#8561);
#8560 = CARTESIAN_POINT('',(5.542548,102.312895,1.585));
#8561 = VECTOR('',#8562,1.);
#8562 = DIRECTION('',(0.741807837749,0.670612504993,0.));
#8563 = ORIENTED_EDGE('',*,*,#8564,.T.);
#8564 = EDGE_CURVE('',#8557,#8565,#8567,.T.);
#8565 = VERTEX_POINT('',#8566);
#8566 = CARTESIAN_POINT('',(5.683481,102.426927,1.585));
#8567 = LINE('',#8568,#8569);
#8568 = CARTESIAN_POINT('',(5.60248,102.367075,1.585));
#8569 = VECTOR('',#8570,1.);
#8570 = DIRECTION('',(0.804263005999,0.594273520512,0.));
#8571 = ORIENTED_EDGE('',*,*,#8572,.T.);
#8572 = EDGE_CURVE('',#8565,#8212,#8573,.T.);
#8573 = LINE('',#8574,#8575);
#8574 = CARTESIAN_POINT('',(5.683481,102.426927,1.585));
#8575 = VECTOR('',#8576,1.);
#8576 = DIRECTION('',(0.850498944098,0.525976754323,0.));
#8577 = FACE_BOUND('',#8578,.F.);
#8578 = EDGE_LOOP('',(#8579,#8589,#8597,#8605,#8614,#8622,#8630,#8638,
    #8647,#8655,#8663,#8671,#8679,#8687,#8695,#8703,#8711,#8719,#8727,
    #8735,#8744,#8752,#8760,#8768,#8776,#8784,#8792,#8801,#8809,#8817,
    #8825,#8833,#8842,#8850,#8859,#8867,#8875,#8883,#8892));
#8579 = ORIENTED_EDGE('',*,*,#8580,.T.);
#8580 = EDGE_CURVE('',#8581,#8583,#8585,.T.);
#8581 = VERTEX_POINT('',#8582);
#8582 = CARTESIAN_POINT('',(6.130561,102.365001,1.585));
#8583 = VERTEX_POINT('',#8584);
#8584 = CARTESIAN_POINT('',(6.053894,102.388355,1.585));
#8585 = LINE('',#8586,#8587);
#8586 = CARTESIAN_POINT('',(6.130561,102.365001,1.585));
#8587 = VECTOR('',#8588,1.);
#8588 = DIRECTION('',(-0.956602376576,0.291396453527,0.));
#8589 = ORIENTED_EDGE('',*,*,#8590,.T.);
#8590 = EDGE_CURVE('',#8583,#8591,#8593,.T.);
#8591 = VERTEX_POINT('',#8592);
#8592 = CARTESIAN_POINT('',(5.972832,102.391241,1.585));
#8593 = LINE('',#8594,#8595);
#8594 = CARTESIAN_POINT('',(6.053894,102.388355,1.585));
#8595 = VECTOR('',#8596,1.);
#8596 = DIRECTION('',(-0.999366837176,3.55798363238E-02,0.));
#8597 = ORIENTED_EDGE('',*,*,#8598,.T.);
#8598 = EDGE_CURVE('',#8591,#8599,#8601,.T.);
#8599 = VERTEX_POINT('',#8600);
#8600 = CARTESIAN_POINT('',(5.885759,102.372547,1.585));
#8601 = LINE('',#8602,#8603);
#8602 = CARTESIAN_POINT('',(5.972832,102.391241,1.585));
#8603 = VECTOR('',#8604,1.);
#8604 = DIRECTION('',(-0.97772067121,-0.209910192914,0.));
#8605 = ORIENTED_EDGE('',*,*,#8606,.T.);
#8606 = EDGE_CURVE('',#8599,#8607,#8609,.T.);
#8607 = VERTEX_POINT('',#8608);
#8608 = CARTESIAN_POINT('',(5.704191,102.270688,1.585));
#8609 = CIRCLE('',#8610,0.55157742875);
#8610 = AXIS2_PLACEMENT_3D('',#8611,#8612,#8613);
#8611 = CARTESIAN_POINT('',(6.059993125054,101.84921141973,1.585));
#8612 = DIRECTION('',(0.,0.,1.));
#8613 = DIRECTION('',(-0.315883348325,0.948798034489,0.));
#8614 = ORIENTED_EDGE('',*,*,#8615,.T.);
#8615 = EDGE_CURVE('',#8607,#8616,#8618,.T.);
#8616 = VERTEX_POINT('',#8617);
#8617 = CARTESIAN_POINT('',(5.64222,102.214765,1.585));
#8618 = LINE('',#8619,#8620);
#8619 = CARTESIAN_POINT('',(5.704191,102.270688,1.585));
#8620 = VECTOR('',#8621,1.);
#8621 = DIRECTION('',(-0.742405325122,-0.669950993155,0.));
#8622 = ORIENTED_EDGE('',*,*,#8623,.T.);
#8623 = EDGE_CURVE('',#8616,#8624,#8626,.T.);
#8624 = VERTEX_POINT('',#8625);
#8625 = CARTESIAN_POINT('',(5.41875,101.965958,1.585));
#8626 = LINE('',#8627,#8628);
#8627 = CARTESIAN_POINT('',(5.64222,102.214765,1.585));
#8628 = VECTOR('',#8629,1.);
#8629 = DIRECTION('',(-0.668210570465,-0.743972199426,0.));
#8630 = ORIENTED_EDGE('',*,*,#8631,.T.);
#8631 = EDGE_CURVE('',#8624,#8632,#8634,.T.);
#8632 = VERTEX_POINT('',#8633);
#8633 = CARTESIAN_POINT('',(5.324715,101.869915,1.585));
#8634 = LINE('',#8635,#8636);
#8635 = CARTESIAN_POINT('',(5.41875,101.965958,1.585));
#8636 = VECTOR('',#8637,1.);
#8637 = DIRECTION('',(-0.699597809174,-0.714536846775,0.));
#8638 = ORIENTED_EDGE('',*,*,#8639,.T.);
#8639 = EDGE_CURVE('',#8632,#8640,#8642,.T.);
#8640 = VERTEX_POINT('',#8641);
#8641 = CARTESIAN_POINT('',(4.899037,101.5685,1.585));
#8642 = CIRCLE('',#8643,1.740372202353);
#8643 = AXIS2_PLACEMENT_3D('',#8644,#8645,#8646);
#8644 = CARTESIAN_POINT('',(4.11750406778,103.12352465529,1.585));
#8645 = DIRECTION('',(0.,0.,-1.));
#8646 = DIRECTION('',(0.693651007864,-0.720311237792,0.));
#8647 = ORIENTED_EDGE('',*,*,#8648,.T.);
#8648 = EDGE_CURVE('',#8640,#8649,#8651,.T.);
#8649 = VERTEX_POINT('',#8650);
#8650 = CARTESIAN_POINT('',(4.768468,101.514871,1.585));
#8651 = LINE('',#8652,#8653);
#8652 = CARTESIAN_POINT('',(4.899037,101.5685,1.585));
#8653 = VECTOR('',#8654,1.);
#8654 = DIRECTION('',(-0.925013727345,-0.379933683981,0.));
#8655 = ORIENTED_EDGE('',*,*,#8656,.T.);
#8656 = EDGE_CURVE('',#8649,#8657,#8659,.T.);
#8657 = VERTEX_POINT('',#8658);
#8658 = CARTESIAN_POINT('',(4.637249,101.478419,1.585));
#8659 = LINE('',#8660,#8661);
#8660 = CARTESIAN_POINT('',(4.768468,101.514871,1.585));
#8661 = VECTOR('',#8662,1.);
#8662 = DIRECTION('',(-0.963513596405,-0.267659390912,0.));
#8663 = ORIENTED_EDGE('',*,*,#8664,.T.);
#8664 = EDGE_CURVE('',#8657,#8665,#8667,.T.);
#8665 = VERTEX_POINT('',#8666);
#8666 = CARTESIAN_POINT('',(4.508148,101.459877,1.585));
#8667 = LINE('',#8668,#8669);
#8668 = CARTESIAN_POINT('',(4.637249,101.478419,1.585));
#8669 = VECTOR('',#8670,1.);
#8670 = DIRECTION('',(-0.989842946814,-0.142165187875,0.));
#8671 = ORIENTED_EDGE('',*,*,#8672,.T.);
#8672 = EDGE_CURVE('',#8665,#8673,#8675,.T.);
#8673 = VERTEX_POINT('',#8674);
#8674 = CARTESIAN_POINT('',(4.358955,101.462404,1.585));
#8675 = LINE('',#8676,#8677);
#8676 = CARTESIAN_POINT('',(4.508148,101.459877,1.585));
#8677 = VECTOR('',#8678,1.);
#8678 = DIRECTION('',(-0.999856586458,1.693536287883E-02,0.));
#8679 = ORIENTED_EDGE('',*,*,#8680,.T.);
#8680 = EDGE_CURVE('',#8673,#8681,#8683,.T.);
#8681 = VERTEX_POINT('',#8682);
#8682 = CARTESIAN_POINT('',(4.255471,101.470419,1.585));
#8683 = LINE('',#8684,#8685);
#8684 = CARTESIAN_POINT('',(4.358955,101.462404,1.585));
#8685 = VECTOR('',#8686,1.);
#8686 = DIRECTION('',(-0.99701405312,7.722032039498E-02,0.));
#8687 = ORIENTED_EDGE('',*,*,#8688,.T.);
#8688 = EDGE_CURVE('',#8681,#8689,#8691,.T.);
#8689 = VERTEX_POINT('',#8690);
#8690 = CARTESIAN_POINT('',(4.247219,101.464918,1.585));
#8691 = LINE('',#8692,#8693);
#8692 = CARTESIAN_POINT('',(4.255471,101.470419,1.585));
#8693 = VECTOR('',#8694,1.);
#8694 = DIRECTION('',(-0.83206580663,-0.554676927082,0.));
#8695 = ORIENTED_EDGE('',*,*,#8696,.T.);
#8696 = EDGE_CURVE('',#8689,#8697,#8699,.T.);
#8697 = VERTEX_POINT('',#8698);
#8698 = CARTESIAN_POINT('',(4.249589,101.436302,1.585));
#8699 = LINE('',#8700,#8701);
#8700 = CARTESIAN_POINT('',(4.247219,101.464918,1.585));
#8701 = VECTOR('',#8702,1.);
#8702 = DIRECTION('',(8.253820678541E-02,-0.996587901001,0.));
#8703 = ORIENTED_EDGE('',*,*,#8704,.T.);
#8704 = EDGE_CURVE('',#8697,#8705,#8707,.T.);
#8705 = VERTEX_POINT('',#8706);
#8706 = CARTESIAN_POINT('',(4.265034,101.376217,1.585));
#8707 = LINE('',#8708,#8709);
#8708 = CARTESIAN_POINT('',(4.249589,101.436302,1.585));
#8709 = VECTOR('',#8710,1.);
#8710 = DIRECTION('',(0.248958962512,-0.96851403448,0.));
#8711 = ORIENTED_EDGE('',*,*,#8712,.T.);
#8712 = EDGE_CURVE('',#8705,#8713,#8715,.T.);
#8713 = VERTEX_POINT('',#8714);
#8714 = CARTESIAN_POINT('',(4.319903,101.236409,1.585));
#8715 = LINE('',#8716,#8717);
#8716 = CARTESIAN_POINT('',(4.265034,101.376217,1.585));
#8717 = VECTOR('',#8718,1.);
#8718 = DIRECTION('',(0.365331812763,-0.93087736388,0.));
#8719 = ORIENTED_EDGE('',*,*,#8720,.T.);
#8720 = EDGE_CURVE('',#8713,#8721,#8723,.T.);
#8721 = VERTEX_POINT('',#8722);
#8722 = CARTESIAN_POINT('',(4.374642,101.132411,1.585));
#8723 = LINE('',#8724,#8725);
#8724 = CARTESIAN_POINT('',(4.319903,101.236409,1.585));
#8725 = VECTOR('',#8726,1.);
#8726 = DIRECTION('',(0.465767824881,-0.884906963079,0.));
#8727 = ORIENTED_EDGE('',*,*,#8728,.T.);
#8728 = EDGE_CURVE('',#8721,#8729,#8731,.T.);
#8729 = VERTEX_POINT('',#8730);
#8730 = CARTESIAN_POINT('',(4.427746,101.057219,1.585));
#8731 = LINE('',#8732,#8733);
#8732 = CARTESIAN_POINT('',(4.374642,101.132411,1.585));
#8733 = VECTOR('',#8734,1.);
#8734 = DIRECTION('',(0.576881077157,-0.816828147665,0.));
#8735 = ORIENTED_EDGE('',*,*,#8736,.T.);
#8736 = EDGE_CURVE('',#8729,#8737,#8739,.T.);
#8737 = VERTEX_POINT('',#8738);
#8738 = CARTESIAN_POINT('',(4.646963,100.843079,1.585));
#8739 = CIRCLE('',#8740,1.247634580704);
#8740 = AXIS2_PLACEMENT_3D('',#8741,#8742,#8743);
#8741 = CARTESIAN_POINT('',(5.402570233394,101.83587795034,1.585));
#8742 = DIRECTION('',(0.,0.,1.));
#8743 = DIRECTION('',(-0.781337940188,-0.624108182308,0.));
#8744 = ORIENTED_EDGE('',*,*,#8745,.T.);
#8745 = EDGE_CURVE('',#8737,#8746,#8748,.T.);
#8746 = VERTEX_POINT('',#8747);
#8747 = CARTESIAN_POINT('',(4.708893,100.801279,1.585));
#8748 = LINE('',#8749,#8750);
#8749 = CARTESIAN_POINT('',(4.646963,100.843079,1.585));
#8750 = VECTOR('',#8751,1.);
#8751 = DIRECTION('',(0.828865741196,-0.559447569546,0.));
#8752 = ORIENTED_EDGE('',*,*,#8753,.T.);
#8753 = EDGE_CURVE('',#8746,#8754,#8756,.T.);
#8754 = VERTEX_POINT('',#8755);
#8755 = CARTESIAN_POINT('',(4.781509,100.763163,1.585));
#8756 = LINE('',#8757,#8758);
#8757 = CARTESIAN_POINT('',(4.708893,100.801279,1.585));
#8758 = VECTOR('',#8759,1.);
#8759 = DIRECTION('',(0.885435035778,-0.464763162715,0.));
#8760 = ORIENTED_EDGE('',*,*,#8761,.T.);
#8761 = EDGE_CURVE('',#8754,#8762,#8764,.T.);
#8762 = VERTEX_POINT('',#8763);
#8763 = CARTESIAN_POINT('',(4.865017,100.72762,1.585));
#8764 = LINE('',#8765,#8766);
#8765 = CARTESIAN_POINT('',(4.781509,100.763163,1.585));
#8766 = VECTOR('',#8767,1.);
#8767 = DIRECTION('',(0.920124141151,-0.391626818376,0.));
#8768 = ORIENTED_EDGE('',*,*,#8769,.T.);
#8769 = EDGE_CURVE('',#8762,#8770,#8772,.T.);
#8770 = VERTEX_POINT('',#8771);
#8771 = CARTESIAN_POINT('',(4.951524,100.697539,1.585));
#8772 = LINE('',#8773,#8774);
#8773 = CARTESIAN_POINT('',(4.865017,100.72762,1.585));
#8774 = VECTOR('',#8775,1.);
#8775 = DIRECTION('',(0.944525221733,-0.328438891592,0.));
#8776 = ORIENTED_EDGE('',*,*,#8777,.T.);
#8777 = EDGE_CURVE('',#8770,#8778,#8780,.T.);
#8778 = VERTEX_POINT('',#8779);
#8779 = CARTESIAN_POINT('',(5.071331,100.668713,1.585));
#8780 = LINE('',#8781,#8782);
#8781 = CARTESIAN_POINT('',(4.951524,100.697539,1.585));
#8782 = VECTOR('',#8783,1.);
#8783 = DIRECTION('',(0.972253961572,-0.233927839745,0.));
#8784 = ORIENTED_EDGE('',*,*,#8785,.T.);
#8785 = EDGE_CURVE('',#8778,#8786,#8788,.T.);
#8786 = VERTEX_POINT('',#8787);
#8787 = CARTESIAN_POINT('',(5.142104,100.662906,1.585));
#8788 = LINE('',#8789,#8790);
#8789 = CARTESIAN_POINT('',(5.071331,100.668713,1.585));
#8790 = VECTOR('',#8791,1.);
#8791 = DIRECTION('',(0.996650713432,-8.177625214266E-02,0.));
#8792 = ORIENTED_EDGE('',*,*,#8793,.T.);
#8793 = EDGE_CURVE('',#8786,#8794,#8796,.T.);
#8794 = VERTEX_POINT('',#8795);
#8795 = CARTESIAN_POINT('',(5.393985,100.685475,1.585));
#8796 = CIRCLE('',#8797,1.100934101163);
#8797 = AXIS2_PLACEMENT_3D('',#8798,#8799,#8800);
#8798 = CARTESIAN_POINT('',(5.170442580766,101.76347531628,1.585));
#8799 = DIRECTION('',(0.,0.,1.));
#8800 = DIRECTION('',(-2.574048776908E-02,-0.999668658751,0.));
#8801 = ORIENTED_EDGE('',*,*,#8802,.T.);
#8802 = EDGE_CURVE('',#8794,#8803,#8805,.T.);
#8803 = VERTEX_POINT('',#8804);
#8804 = CARTESIAN_POINT('',(5.521575,100.724814,1.585));
#8805 = LINE('',#8806,#8807);
#8806 = CARTESIAN_POINT('',(5.393985,100.685475,1.585));
#8807 = VECTOR('',#8808,1.);
#8808 = DIRECTION('',(0.955609299532,0.294636838579,0.));
#8809 = ORIENTED_EDGE('',*,*,#8810,.T.);
#8810 = EDGE_CURVE('',#8803,#8811,#8813,.T.);
#8811 = VERTEX_POINT('',#8812);
#8812 = CARTESIAN_POINT('',(5.645052,100.783455,1.585));
#8813 = LINE('',#8814,#8815);
#8814 = CARTESIAN_POINT('',(5.521575,100.724814,1.585));
#8815 = VECTOR('',#8816,1.);
#8816 = DIRECTION('',(0.903307484516,0.428993692748,0.));
#8817 = ORIENTED_EDGE('',*,*,#8818,.T.);
#8818 = EDGE_CURVE('',#8811,#8819,#8821,.T.);
#8819 = VERTEX_POINT('',#8820);
#8820 = CARTESIAN_POINT('',(5.762998,100.859684,1.585));
#8821 = LINE('',#8822,#8823);
#8822 = CARTESIAN_POINT('',(5.645052,100.783455,1.585));
#8823 = VECTOR('',#8824,1.);
#8824 = DIRECTION('',(0.839859086974,0.54280448969,0.));
#8825 = ORIENTED_EDGE('',*,*,#8826,.T.);
#8826 = EDGE_CURVE('',#8819,#8827,#8829,.T.);
#8827 = VERTEX_POINT('',#8828);
#8828 = CARTESIAN_POINT('',(5.873994,100.951791,1.585));
#8829 = LINE('',#8830,#8831);
#8830 = CARTESIAN_POINT('',(5.762998,100.859684,1.585));
#8831 = VECTOR('',#8832,1.);
#8832 = DIRECTION('',(0.769548283118,0.638588631241,0.));
#8833 = ORIENTED_EDGE('',*,*,#8834,.T.);
#8834 = EDGE_CURVE('',#8827,#8835,#8837,.T.);
#8835 = VERTEX_POINT('',#8836);
#8836 = CARTESIAN_POINT('',(6.151103,101.306262,1.585));
#8837 = CIRCLE('',#8838,1.455165878763);
#8838 = AXIS2_PLACEMENT_3D('',#8839,#8840,#8841);
#8839 = CARTESIAN_POINT('',(4.879905505219,102.01447430148,1.585));
#8840 = DIRECTION('',(0.,0.,1.));
#8841 = DIRECTION('',(0.683144450601,-0.73028327354,0.));
#8842 = ORIENTED_EDGE('',*,*,#8843,.T.);
#8843 = EDGE_CURVE('',#8835,#8844,#8846,.T.);
#8844 = VERTEX_POINT('',#8845);
#8845 = CARTESIAN_POINT('',(6.22012,101.444764,1.585));
#8846 = LINE('',#8847,#8848);
#8847 = CARTESIAN_POINT('',(6.151103,101.306262,1.585));
#8848 = VECTOR('',#8849,1.);
#8849 = DIRECTION('',(0.446003457732,0.895031237271,0.));
#8850 = ORIENTED_EDGE('',*,*,#8851,.T.);
#8851 = EDGE_CURVE('',#8844,#8852,#8854,.T.);
#8852 = VERTEX_POINT('',#8853);
#8853 = CARTESIAN_POINT('',(6.326983,101.811556,1.585));
#8854 = CIRCLE('',#8855,1.474627163508);
#8855 = AXIS2_PLACEMENT_3D('',#8856,#8857,#8858);
#8856 = CARTESIAN_POINT('',(4.869715731176,102.03716047373,1.585));
#8857 = DIRECTION('',(0.,0.,1.));
#8858 = DIRECTION('',(0.915759794911,-0.401726272511,0.));
#8859 = ORIENTED_EDGE('',*,*,#8860,.T.);
#8860 = EDGE_CURVE('',#8852,#8861,#8863,.T.);
#8861 = VERTEX_POINT('',#8862);
#8862 = CARTESIAN_POINT('',(6.339453,101.935929,1.585));
#8863 = LINE('',#8864,#8865);
#8864 = CARTESIAN_POINT('',(6.326983,101.811556,1.585));
#8865 = VECTOR('',#8866,1.);
#8866 = DIRECTION('',(9.976273264561E-02,0.995011254798,0.));
#8867 = ORIENTED_EDGE('',*,*,#8868,.T.);
#8868 = EDGE_CURVE('',#8861,#8869,#8871,.T.);
#8869 = VERTEX_POINT('',#8870);
#8870 = CARTESIAN_POINT('',(6.336804,102.045603,1.585));
#8871 = LINE('',#8872,#8873);
#8872 = CARTESIAN_POINT('',(6.339453,101.935929,1.585));
#8873 = VECTOR('',#8874,1.);
#8874 = DIRECTION('',(-2.414635777112E-02,0.999708434198,0.));
#8875 = ORIENTED_EDGE('',*,*,#8876,.T.);
#8876 = EDGE_CURVE('',#8869,#8877,#8879,.T.);
#8877 = VERTEX_POINT('',#8878);
#8878 = CARTESIAN_POINT('',(6.318991,102.140764,1.585));
#8879 = LINE('',#8880,#8881);
#8880 = CARTESIAN_POINT('',(6.336804,102.045603,1.585));
#8881 = VECTOR('',#8882,1.);
#8882 = DIRECTION('',(-0.183992295827,0.982927685578,0.));
#8883 = ORIENTED_EDGE('',*,*,#8884,.T.);
#8884 = EDGE_CURVE('',#8877,#8885,#8887,.T.);
#8885 = VERTEX_POINT('',#8886);
#8886 = CARTESIAN_POINT('',(6.201676,102.321365,1.585));
#8887 = CIRCLE('',#8888,0.348986147648);
#8888 = AXIS2_PLACEMENT_3D('',#8889,#8890,#8891);
#8889 = CARTESIAN_POINT('',(5.981951739939,102.05023296428,1.585));
#8890 = DIRECTION('',(0.,0.,1.));
#8891 = DIRECTION('',(0.965766871644,0.259411544913,-0.));
#8892 = ORIENTED_EDGE('',*,*,#8893,.T.);
#8893 = EDGE_CURVE('',#8885,#8581,#8894,.T.);
#8894 = LINE('',#8895,#8896);
#8895 = CARTESIAN_POINT('',(6.201676,102.321365,1.585));
#8896 = VECTOR('',#8897,1.);
#8897 = DIRECTION('',(-0.852337421034,0.522992275951,0.));
#8898 = PLANE('',#8899);
#8899 = AXIS2_PLACEMENT_3D('',#8900,#8901,#8902);
#8900 = CARTESIAN_POINT('',(0.,0.,1.585));
#8901 = DIRECTION('',(0.,0.,1.));
#8902 = DIRECTION('',(1.,0.,-0.));
#8903 = SHELL_BASED_SURFACE_MODEL('',(#8904));
#8904 = OPEN_SHELL('',(#8905));
#8905 = ADVANCED_FACE('',(#8906),#9254,.T.);
#8906 = FACE_BOUND('',#8907,.F.);
#8907 = EDGE_LOOP('',(#8908,#8918,#8926,#8934,#8942,#8950,#8958,#8966,
    #8974,#8982,#8990,#8998,#9007,#9015,#9024,#9032,#9040,#9048,#9056,
    #9064,#9072,#9080,#9088,#9096,#9104,#9112,#9120,#9128,#9136,#9144,
    #9152,#9160,#9168,#9176,#9184,#9192,#9200,#9208,#9216,#9224,#9232,
    #9240,#9248));
#8908 = ORIENTED_EDGE('',*,*,#8909,.T.);
#8909 = EDGE_CURVE('',#8910,#8912,#8914,.T.);
#8910 = VERTEX_POINT('',#8911);
#8911 = CARTESIAN_POINT('',(13.520855,102.57481,1.585));
#8912 = VERTEX_POINT('',#8913);
#8913 = CARTESIAN_POINT('',(13.582859,102.590629,1.585));
#8914 = LINE('',#8915,#8916);
#8915 = CARTESIAN_POINT('',(13.520855,102.57481,1.585));
#8916 = VECTOR('',#8917,1.);
#8917 = DIRECTION('',(0.968961927415,0.247209998222,0.));
#8918 = ORIENTED_EDGE('',*,*,#8919,.T.);
#8919 = EDGE_CURVE('',#8912,#8920,#8922,.T.);
#8920 = VERTEX_POINT('',#8921);
#8921 = CARTESIAN_POINT('',(13.736086,102.591828,1.585));
#8922 = LINE('',#8923,#8924);
#8923 = CARTESIAN_POINT('',(13.582859,102.590629,1.585));
#8924 = VECTOR('',#8925,1.);
#8925 = DIRECTION('',(0.999969386158,7.824752125955E-03,0.));
#8926 = ORIENTED_EDGE('',*,*,#8927,.T.);
#8927 = EDGE_CURVE('',#8920,#8928,#8930,.T.);
#8928 = VERTEX_POINT('',#8929);
#8929 = CARTESIAN_POINT('',(13.888431,102.575789,1.585));
#8930 = LINE('',#8931,#8932);
#8931 = CARTESIAN_POINT('',(13.736086,102.591828,1.585));
#8932 = VECTOR('',#8933,1.);
#8933 = DIRECTION('',(0.994503628516,-0.104702114922,0.));
#8934 = ORIENTED_EDGE('',*,*,#8935,.T.);
#8935 = EDGE_CURVE('',#8928,#8936,#8938,.T.);
#8936 = VERTEX_POINT('',#8937);
#8937 = CARTESIAN_POINT('',(13.910341,102.56964,1.585));
#8938 = LINE('',#8939,#8940);
#8939 = CARTESIAN_POINT('',(13.888431,102.575789,1.585));
#8940 = VECTOR('',#8941,1.);
#8941 = DIRECTION('',(0.962801828704,-0.270208509571,0.));
#8942 = ORIENTED_EDGE('',*,*,#8943,.T.);
#8943 = EDGE_CURVE('',#8936,#8944,#8946,.T.);
#8944 = VERTEX_POINT('',#8945);
#8945 = CARTESIAN_POINT('',(13.953001,102.541043,1.585));
#8946 = LINE('',#8947,#8948);
#8947 = CARTESIAN_POINT('',(13.910341,102.56964,1.585));
#8948 = VECTOR('',#8949,1.);
#8949 = DIRECTION('',(0.830636697674,-0.556814759573,0.));
#8950 = ORIENTED_EDGE('',*,*,#8951,.T.);
#8951 = EDGE_CURVE('',#8944,#8952,#8954,.T.);
#8952 = VERTEX_POINT('',#8953);
#8953 = CARTESIAN_POINT('',(13.990322,102.494452,1.585));
#8954 = LINE('',#8955,#8956);
#8955 = CARTESIAN_POINT('',(13.953001,102.541043,1.585));
#8956 = VECTOR('',#8957,1.);
#8957 = DIRECTION('',(0.625187257624,-0.780474786848,0.));
#8958 = ORIENTED_EDGE('',*,*,#8959,.T.);
#8959 = EDGE_CURVE('',#8952,#8960,#8962,.T.);
#8960 = VERTEX_POINT('',#8961);
#8961 = CARTESIAN_POINT('',(14.027362,102.412466,1.585));
#8962 = LINE('',#8963,#8964);
#8963 = CARTESIAN_POINT('',(13.990322,102.494452,1.585));
#8964 = VECTOR('',#8965,1.);
#8965 = DIRECTION('',(0.41171656832,-0.911311948441,0.));
#8966 = ORIENTED_EDGE('',*,*,#8967,.T.);
#8967 = EDGE_CURVE('',#8960,#8968,#8970,.T.);
#8968 = VERTEX_POINT('',#8969);
#8969 = CARTESIAN_POINT('',(14.337668,101.565348,1.585));
#8970 = LINE('',#8971,#8972);
#8971 = CARTESIAN_POINT('',(14.027362,102.412466,1.585));
#8972 = VECTOR('',#8973,1.);
#8973 = DIRECTION('',(0.343957663757,-0.938985157254,0.));
#8974 = ORIENTED_EDGE('',*,*,#8975,.T.);
#8975 = EDGE_CURVE('',#8968,#8976,#8978,.T.);
#8976 = VERTEX_POINT('',#8977);
#8977 = CARTESIAN_POINT('',(14.367175,101.505016,1.585));
#8978 = LINE('',#8979,#8980);
#8979 = CARTESIAN_POINT('',(14.337668,101.565348,1.585));
#8980 = VECTOR('',#8981,1.);
#8981 = DIRECTION('',(0.439346589951,-0.898317635304,0.));
#8982 = ORIENTED_EDGE('',*,*,#8983,.T.);
#8983 = EDGE_CURVE('',#8976,#8984,#8986,.T.);
#8984 = VERTEX_POINT('',#8985);
#8985 = CARTESIAN_POINT('',(14.376014,101.504828,1.585));
#8986 = LINE('',#8987,#8988);
#8987 = CARTESIAN_POINT('',(14.367175,101.505016,1.585));
#8988 = VECTOR('',#8989,1.);
#8989 = DIRECTION('',(0.999773883573,-2.126456500804E-02,0.));
#8990 = ORIENTED_EDGE('',*,*,#8991,.T.);
#8991 = EDGE_CURVE('',#8984,#8992,#8994,.T.);
#8992 = VERTEX_POINT('',#8993);
#8993 = CARTESIAN_POINT('',(14.745746,102.464947,1.585));
#8994 = LINE('',#8995,#8996);
#8995 = CARTESIAN_POINT('',(14.376014,101.504828,1.585));
#8996 = VECTOR('',#8997,1.);
#8997 = DIRECTION('',(0.359364691307,0.93319720244,0.));
#8998 = ORIENTED_EDGE('',*,*,#8999,.T.);
#8999 = EDGE_CURVE('',#8992,#9000,#9002,.T.);
#9000 = VERTEX_POINT('',#9001);
#9001 = CARTESIAN_POINT('',(14.810305,102.560531,1.585));
#9002 = CIRCLE('',#9003,0.184224079526);
#9003 = AXIS2_PLACEMENT_3D('',#9004,#9005,#9006);
#9004 = CARTESIAN_POINT('',(14.923016340646,102.41480981016,1.585));
#9005 = DIRECTION('',(0.,0.,-1.));
#9006 = DIRECTION('',(-0.962253908944,0.272153292689,0.));
#9007 = ORIENTED_EDGE('',*,*,#9008,.T.);
#9008 = EDGE_CURVE('',#9000,#9009,#9011,.T.);
#9009 = VERTEX_POINT('',#9010);
#9010 = CARTESIAN_POINT('',(14.837715,102.574211,1.585));
#9011 = LINE('',#9012,#9013);
#9012 = CARTESIAN_POINT('',(14.810305,102.560531,1.585));
#9013 = VECTOR('',#9014,1.);
#9014 = DIRECTION('',(0.894753385922,0.446560609975,0.));
#9015 = ORIENTED_EDGE('',*,*,#9016,.T.);
#9016 = EDGE_CURVE('',#9009,#9017,#9019,.T.);
#9017 = VERTEX_POINT('',#9018);
#9018 = CARTESIAN_POINT('',(15.196681,102.580618,1.585));
#9019 = CIRCLE('',#9020,0.972414467962);
#9020 = AXIS2_PLACEMENT_3D('',#9021,#9022,#9023);
#9021 = CARTESIAN_POINT('',(15.034253110666,101.62186512346,1.585));
#9022 = DIRECTION('',(0.,0.,-1.));
#9023 = DIRECTION('',(-0.202113519638,0.979362101155,0.));
#9024 = ORIENTED_EDGE('',*,*,#9025,.T.);
#9025 = EDGE_CURVE('',#9017,#9026,#9028,.T.);
#9026 = VERTEX_POINT('',#9027);
#9027 = CARTESIAN_POINT('',(15.22462,102.571019,1.585));
#9028 = LINE('',#9029,#9030);
#9029 = CARTESIAN_POINT('',(15.196681,102.580618,1.585));
#9030 = VECTOR('',#9031,1.);
#9031 = DIRECTION('',(0.945738943887,-0.324927453465,0.));
#9032 = ORIENTED_EDGE('',*,*,#9033,.T.);
#9033 = EDGE_CURVE('',#9026,#9034,#9036,.T.);
#9034 = VERTEX_POINT('',#9035);
#9035 = CARTESIAN_POINT('',(15.243532,102.556786,1.585));
#9036 = LINE('',#9037,#9038);
#9037 = CARTESIAN_POINT('',(15.22462,102.571019,1.585));
#9038 = VECTOR('',#9039,1.);
#9039 = DIRECTION('',(0.799005216183,-0.601324092742,0.));
#9040 = ORIENTED_EDGE('',*,*,#9041,.T.);
#9041 = EDGE_CURVE('',#9034,#9042,#9044,.T.);
#9042 = VERTEX_POINT('',#9043);
#9043 = CARTESIAN_POINT('',(15.261461,102.525283,1.585));
#9044 = LINE('',#9045,#9046);
#9045 = CARTESIAN_POINT('',(15.243532,102.556786,1.585));
#9046 = VECTOR('',#9047,1.);
#9047 = DIRECTION('',(0.494625936878,-0.869105967398,0.));
#9048 = ORIENTED_EDGE('',*,*,#9049,.T.);
#9049 = EDGE_CURVE('',#9042,#9050,#9052,.T.);
#9050 = VERTEX_POINT('',#9051);
#9051 = CARTESIAN_POINT('',(15.270321,102.156735,1.585));
#9052 = LINE('',#9053,#9054);
#9053 = CARTESIAN_POINT('',(15.261461,102.525283,1.585));
#9054 = VECTOR('',#9055,1.);
#9055 = DIRECTION('',(2.403334397477E-02,-0.999711157474,0.));
#9056 = ORIENTED_EDGE('',*,*,#9057,.T.);
#9057 = EDGE_CURVE('',#9050,#9058,#9060,.T.);
#9058 = VERTEX_POINT('',#9059);
#9059 = CARTESIAN_POINT('',(15.271581,101.049666,1.585));
#9060 = LINE('',#9061,#9062);
#9061 = CARTESIAN_POINT('',(15.270321,102.156735,1.585));
#9062 = VECTOR('',#9063,1.);
#9063 = DIRECTION('',(1.138139703959E-03,-0.999999352319,0.));
#9064 = ORIENTED_EDGE('',*,*,#9065,.T.);
#9065 = EDGE_CURVE('',#9058,#9066,#9068,.T.);
#9066 = VERTEX_POINT('',#9067);
#9067 = CARTESIAN_POINT('',(15.218528,101.027673,1.585));
#9068 = LINE('',#9069,#9070);
#9069 = CARTESIAN_POINT('',(15.271581,101.049666,1.585));
#9070 = VECTOR('',#9071,1.);
#9071 = DIRECTION('',(-0.923770359509,-0.382946893045,0.));
#9072 = ORIENTED_EDGE('',*,*,#9073,.T.);
#9073 = EDGE_CURVE('',#9066,#9074,#9076,.T.);
#9074 = VERTEX_POINT('',#9075);
#9075 = CARTESIAN_POINT('',(15.12603,101.01934,1.585));
#9076 = LINE('',#9077,#9078);
#9077 = CARTESIAN_POINT('',(15.218528,101.027673,1.585));
#9078 = VECTOR('',#9079,1.);
#9079 = DIRECTION('',(-0.995966571715,-8.972506910523E-02,0.));
#9080 = ORIENTED_EDGE('',*,*,#9081,.T.);
#9081 = EDGE_CURVE('',#9074,#9082,#9084,.T.);
#9082 = VERTEX_POINT('',#9083);
#9083 = CARTESIAN_POINT('',(15.036195,101.025925,1.585));
#9084 = LINE('',#9085,#9086);
#9085 = CARTESIAN_POINT('',(15.12603,101.01934,1.585));
#9086 = VECTOR('',#9087,1.);
#9087 = DIRECTION('',(-0.997324255747,7.310491706012E-02,0.));
#9088 = ORIENTED_EDGE('',*,*,#9089,.T.);
#9089 = EDGE_CURVE('',#9082,#9090,#9092,.T.);
#9090 = VERTEX_POINT('',#9091);
#9091 = CARTESIAN_POINT('',(14.980296,101.043713,1.585));
#9092 = LINE('',#9093,#9094);
#9093 = CARTESIAN_POINT('',(15.036195,101.025925,1.585));
#9094 = VECTOR('',#9095,1.);
#9095 = DIRECTION('',(-0.952916152556,0.303233913338,0.));
#9096 = ORIENTED_EDGE('',*,*,#9097,.T.);
#9097 = EDGE_CURVE('',#9090,#9098,#9100,.T.);
#9098 = VERTEX_POINT('',#9099);
#9099 = CARTESIAN_POINT('',(14.969704,102.335773,1.585));
#9100 = LINE('',#9101,#9102);
#9101 = CARTESIAN_POINT('',(14.980296,101.043713,1.585));
#9102 = VECTOR('',#9103,1.);
#9103 = DIRECTION('',(-8.197486269426E-03,0.999966400045,0.));
#9104 = ORIENTED_EDGE('',*,*,#9105,.T.);
#9105 = EDGE_CURVE('',#9098,#9106,#9108,.T.);
#9106 = VERTEX_POINT('',#9107);
#9107 = CARTESIAN_POINT('',(14.563045,101.20477,1.585));
#9108 = LINE('',#9109,#9110);
#9109 = CARTESIAN_POINT('',(14.969704,102.335773,1.585));
#9110 = VECTOR('',#9111,1.);
#9111 = DIRECTION('',(-0.338349627934,-0.941020472294,0.));
#9112 = ORIENTED_EDGE('',*,*,#9113,.T.);
#9113 = EDGE_CURVE('',#9106,#9114,#9116,.T.);
#9114 = VERTEX_POINT('',#9115);
#9115 = CARTESIAN_POINT('',(14.497194,101.043625,1.585));
#9116 = LINE('',#9117,#9118);
#9117 = CARTESIAN_POINT('',(14.563045,101.20477,1.585));
#9118 = VECTOR('',#9119,1.);
#9119 = DIRECTION('',(-0.378278735318,-0.925691740487,0.));
#9120 = ORIENTED_EDGE('',*,*,#9121,.T.);
#9121 = EDGE_CURVE('',#9114,#9122,#9124,.T.);
#9122 = VERTEX_POINT('',#9123);
#9123 = CARTESIAN_POINT('',(14.469783,101.02788,1.585));
#9124 = LINE('',#9125,#9126);
#9125 = CARTESIAN_POINT('',(14.497194,101.043625,1.585));
#9126 = VECTOR('',#9127,1.);
#9127 = DIRECTION('',(-0.867129380303,-0.498082962784,0.));
#9128 = ORIENTED_EDGE('',*,*,#9129,.T.);
#9129 = EDGE_CURVE('',#9122,#9130,#9132,.T.);
#9130 = VERTEX_POINT('',#9131);
#9131 = CARTESIAN_POINT('',(14.36252,101.02244,1.585));
#9132 = LINE('',#9133,#9134);
#9133 = CARTESIAN_POINT('',(14.469783,101.02788,1.585));
#9134 = VECTOR('',#9135,1.);
#9135 = DIRECTION('',(-0.998716395873,-5.065136341086E-02,0.));
#9136 = ORIENTED_EDGE('',*,*,#9137,.T.);
#9137 = EDGE_CURVE('',#9130,#9138,#9140,.T.);
#9138 = VERTEX_POINT('',#9139);
#9139 = CARTESIAN_POINT('',(14.266342,101.026195,1.585));
#9140 = LINE('',#9141,#9142);
#9141 = CARTESIAN_POINT('',(14.36252,101.02244,1.585));
#9142 = VECTOR('',#9143,1.);
#9143 = DIRECTION('',(-0.999238723794,3.901247070894E-02,0.));
#9144 = ORIENTED_EDGE('',*,*,#9145,.T.);
#9145 = EDGE_CURVE('',#9138,#9146,#9148,.T.);
#9146 = VERTEX_POINT('',#9147);
#9147 = CARTESIAN_POINT('',(14.222483,101.039644,1.585));
#9148 = LINE('',#9149,#9150);
#9149 = CARTESIAN_POINT('',(14.266342,101.026195,1.585));
#9150 = VECTOR('',#9151,1.);
#9151 = DIRECTION('',(-0.956060888479,0.293168172762,0.));
#9152 = ORIENTED_EDGE('',*,*,#9153,.T.);
#9153 = EDGE_CURVE('',#9146,#9154,#9156,.T.);
#9154 = VERTEX_POINT('',#9155);
#9155 = CARTESIAN_POINT('',(14.198907,101.076942,1.585));
#9156 = LINE('',#9157,#9158);
#9157 = CARTESIAN_POINT('',(14.222483,101.039644,1.585));
#9158 = VECTOR('',#9159,1.);
#9159 = DIRECTION('',(-0.534306738451,0.845290665538,0.));
#9160 = ORIENTED_EDGE('',*,*,#9161,.T.);
#9161 = EDGE_CURVE('',#9154,#9162,#9164,.T.);
#9162 = VERTEX_POINT('',#9163);
#9163 = CARTESIAN_POINT('',(14.10428,101.328356,1.585));
#9164 = LINE('',#9165,#9166);
#9165 = CARTESIAN_POINT('',(14.198907,101.076942,1.585));
#9166 = VECTOR('',#9167,1.);
#9167 = DIRECTION('',(-0.352254843888,0.935904121669,0.));
#9168 = ORIENTED_EDGE('',*,*,#9169,.T.);
#9169 = EDGE_CURVE('',#9162,#9170,#9172,.T.);
#9170 = VERTEX_POINT('',#9171);
#9171 = CARTESIAN_POINT('',(13.762198,102.321126,1.585));
#9172 = LINE('',#9173,#9174);
#9173 = CARTESIAN_POINT('',(14.10428,101.328356,1.585));
#9174 = VECTOR('',#9175,1.);
#9175 = DIRECTION('',(-0.32577577972,0.945447058987,0.));
#9176 = ORIENTED_EDGE('',*,*,#9177,.T.);
#9177 = EDGE_CURVE('',#9170,#9178,#9180,.T.);
#9178 = VERTEX_POINT('',#9179);
#9179 = CARTESIAN_POINT('',(13.748751,101.041474,1.585));
#9180 = LINE('',#9181,#9182);
#9181 = CARTESIAN_POINT('',(13.762198,102.321126,1.585));
#9182 = VECTOR('',#9183,1.);
#9183 = DIRECTION('',(-1.050774555864E-02,-0.999944792118,0.));
#9184 = ORIENTED_EDGE('',*,*,#9185,.T.);
#9185 = EDGE_CURVE('',#9178,#9186,#9188,.T.);
#9186 = VERTEX_POINT('',#9187);
#9187 = CARTESIAN_POINT('',(13.727084,101.031942,1.585));
#9188 = LINE('',#9189,#9190);
#9189 = CARTESIAN_POINT('',(13.748751,101.041474,1.585));
#9190 = VECTOR('',#9191,1.);
#9191 = DIRECTION('',(-0.915338079194,-0.402686231175,0.));
#9192 = ORIENTED_EDGE('',*,*,#9193,.T.);
#9193 = EDGE_CURVE('',#9186,#9194,#9196,.T.);
#9194 = VERTEX_POINT('',#9195);
#9195 = CARTESIAN_POINT('',(13.64367,101.020448,1.585));
#9196 = LINE('',#9197,#9198);
#9197 = CARTESIAN_POINT('',(13.727084,101.031942,1.585));
#9198 = VECTOR('',#9199,1.);
#9199 = DIRECTION('',(-0.990639412727,-0.136504776295,0.));
#9200 = ORIENTED_EDGE('',*,*,#9201,.T.);
#9201 = EDGE_CURVE('',#9194,#9202,#9204,.T.);
#9202 = VERTEX_POINT('',#9203);
#9203 = CARTESIAN_POINT('',(13.545389,101.020951,1.585));
#9204 = LINE('',#9205,#9206);
#9205 = CARTESIAN_POINT('',(13.64367,101.020448,1.585));
#9206 = VECTOR('',#9207,1.);
#9207 = DIRECTION('',(-0.999986903408,5.117911014427E-03,0.));
#9208 = ORIENTED_EDGE('',*,*,#9209,.T.);
#9209 = EDGE_CURVE('',#9202,#9210,#9212,.T.);
#9210 = VERTEX_POINT('',#9211);
#9211 = CARTESIAN_POINT('',(13.494881,101.02896,1.585));
#9212 = LINE('',#9213,#9214);
#9213 = CARTESIAN_POINT('',(13.545389,101.020951,1.585));
#9214 = VECTOR('',#9215,1.);
#9215 = DIRECTION('',(-0.987660169664,0.156612225763,0.));
#9216 = ORIENTED_EDGE('',*,*,#9217,.T.);
#9217 = EDGE_CURVE('',#9210,#9218,#9220,.T.);
#9218 = VERTEX_POINT('',#9219);
#9219 = CARTESIAN_POINT('',(13.465488,101.044639,1.585));
#9220 = LINE('',#9221,#9222);
#9221 = CARTESIAN_POINT('',(13.494881,101.02896,1.585));
#9222 = VECTOR('',#9223,1.);
#9223 = DIRECTION('',(-0.88231887,0.470652113181,0.));
#9224 = ORIENTED_EDGE('',*,*,#9225,.T.);
#9225 = EDGE_CURVE('',#9218,#9226,#9228,.T.);
#9226 = VERTEX_POINT('',#9227);
#9227 = CARTESIAN_POINT('',(13.454776,101.062429,1.585));
#9228 = LINE('',#9229,#9230);
#9229 = CARTESIAN_POINT('',(13.465488,101.044639,1.585));
#9230 = VECTOR('',#9231,1.);
#9231 = DIRECTION('',(-0.515840640557,0.856684558954,0.));
#9232 = ORIENTED_EDGE('',*,*,#9233,.T.);
#9233 = EDGE_CURVE('',#9226,#9234,#9236,.T.);
#9234 = VERTEX_POINT('',#9235);
#9235 = CARTESIAN_POINT('',(13.451993,101.804485,1.585));
#9236 = LINE('',#9237,#9238);
#9237 = CARTESIAN_POINT('',(13.454776,101.062429,1.585));
#9238 = VECTOR('',#9239,1.);
#9239 = DIRECTION('',(-3.750364430932E-03,0.999992967359,0.));
#9240 = ORIENTED_EDGE('',*,*,#9241,.T.);
#9241 = EDGE_CURVE('',#9234,#9242,#9244,.T.);
#9242 = VERTEX_POINT('',#9243);
#9243 = CARTESIAN_POINT('',(13.455025,102.522978,1.585));
#9244 = LINE('',#9245,#9246);
#9245 = CARTESIAN_POINT('',(13.451993,101.804485,1.585));
#9246 = VECTOR('',#9247,1.);
#9247 = DIRECTION('',(4.219906113972E-03,0.999991096157,0.));
#9248 = ORIENTED_EDGE('',*,*,#9249,.T.);
#9249 = EDGE_CURVE('',#9242,#8910,#9250,.T.);
#9250 = LINE('',#9251,#9252);
#9251 = CARTESIAN_POINT('',(13.455025,102.522978,1.585));
#9252 = VECTOR('',#9253,1.);
#9253 = DIRECTION('',(0.785689248091,0.61862137486,0.));
#9254 = PLANE('',#9255);
#9255 = AXIS2_PLACEMENT_3D('',#9256,#9257,#9258);
#9256 = CARTESIAN_POINT('',(0.,0.,1.585));
#9257 = DIRECTION('',(0.,0.,1.));
#9258 = DIRECTION('',(1.,0.,-0.));
#9259 = SHELL_BASED_SURFACE_MODEL('',(#9260));
#9260 = OPEN_SHELL('',(#9261));
#9261 = ADVANCED_FACE('',(#9262,#9496),#9554,.T.);
#9262 = FACE_BOUND('',#9263,.F.);
#9263 = EDGE_LOOP('',(#9264,#9274,#9282,#9290,#9298,#9306,#9314,#9322,
    #9330,#9338,#9346,#9354,#9362,#9370,#9378,#9386,#9394,#9402,#9410,
    #9418,#9426,#9434,#9442,#9450,#9458,#9466,#9474,#9482,#9490));
#9264 = ORIENTED_EDGE('',*,*,#9265,.T.);
#9265 = EDGE_CURVE('',#9266,#9268,#9270,.T.);
#9266 = VERTEX_POINT('',#9267);
#9267 = CARTESIAN_POINT('',(12.362869,102.583555,1.585));
#9268 = VERTEX_POINT('',#9269);
#9269 = CARTESIAN_POINT('',(12.428976,102.593667,1.585));
#9270 = LINE('',#9271,#9272);
#9271 = CARTESIAN_POINT('',(12.362869,102.583555,1.585));
#9272 = VECTOR('',#9273,1.);
#9273 = DIRECTION('',(0.988502364478,0.151205408044,0.));
#9274 = ORIENTED_EDGE('',*,*,#9275,.T.);
#9275 = EDGE_CURVE('',#9268,#9276,#9278,.T.);
#9276 = VERTEX_POINT('',#9277);
#9277 = CARTESIAN_POINT('',(12.554514,102.593787,1.585));
#9278 = LINE('',#9279,#9280);
#9279 = CARTESIAN_POINT('',(12.428976,102.593667,1.585));
#9280 = VECTOR('',#9281,1.);
#9281 = DIRECTION('',(0.999999543141,9.558854305998E-04,0.));
#9282 = ORIENTED_EDGE('',*,*,#9283,.T.);
#9283 = EDGE_CURVE('',#9276,#9284,#9286,.T.);
#9284 = VERTEX_POINT('',#9285);
#9285 = CARTESIAN_POINT('',(12.692187,102.586243,1.585));
#9286 = LINE('',#9287,#9288);
#9287 = CARTESIAN_POINT('',(12.554514,102.593787,1.585));
#9288 = VECTOR('',#9289,1.);
#9289 = DIRECTION('',(0.998502043759,-5.471442779723E-02,0.));
#9290 = ORIENTED_EDGE('',*,*,#9291,.T.);
#9291 = EDGE_CURVE('',#9284,#9292,#9294,.T.);
#9292 = VERTEX_POINT('',#9293);
#9293 = CARTESIAN_POINT('',(12.722684,102.574055,1.585));
#9294 = LINE('',#9295,#9296);
#9295 = CARTESIAN_POINT('',(12.692187,102.586243,1.585));
#9296 = VECTOR('',#9297,1.);
#9297 = DIRECTION('',(0.928590042282,-0.371107172356,0.));
#9298 = ORIENTED_EDGE('',*,*,#9299,.T.);
#9299 = EDGE_CURVE('',#9292,#9300,#9302,.T.);
#9300 = VERTEX_POINT('',#9301);
#9301 = CARTESIAN_POINT('',(12.746618,102.52579,1.585));
#9302 = LINE('',#9303,#9304);
#9303 = CARTESIAN_POINT('',(12.722684,102.574055,1.585));
#9304 = VECTOR('',#9305,1.);
#9305 = DIRECTION('',(0.444263517302,-0.895896158712,0.));
#9306 = ORIENTED_EDGE('',*,*,#9307,.T.);
#9307 = EDGE_CURVE('',#9300,#9308,#9310,.T.);
#9308 = VERTEX_POINT('',#9309);
#9309 = CARTESIAN_POINT('',(13.097027,101.548785,1.585));
#9310 = LINE('',#9311,#9312);
#9311 = CARTESIAN_POINT('',(12.746618,102.52579,1.585));
#9312 = VECTOR('',#9313,1.);
#9313 = DIRECTION('',(0.337599531546,-0.941289836501,0.));
#9314 = ORIENTED_EDGE('',*,*,#9315,.T.);
#9315 = EDGE_CURVE('',#9308,#9316,#9318,.T.);
#9316 = VERTEX_POINT('',#9317);
#9317 = CARTESIAN_POINT('',(13.253004,101.085033,1.585));
#9318 = LINE('',#9319,#9320);
#9319 = CARTESIAN_POINT('',(13.097027,101.548785,1.585));
#9320 = VECTOR('',#9321,1.);
#9321 = DIRECTION('',(0.318788949999,-0.947825725204,0.));
#9322 = ORIENTED_EDGE('',*,*,#9323,.T.);
#9323 = EDGE_CURVE('',#9316,#9324,#9326,.T.);
#9324 = VERTEX_POINT('',#9325);
#9325 = CARTESIAN_POINT('',(13.255696,101.061935,1.585));
#9326 = LINE('',#9327,#9328);
#9327 = CARTESIAN_POINT('',(13.253004,101.085033,1.585));
#9328 = VECTOR('',#9329,1.);
#9329 = DIRECTION('',(0.115763322185,-0.993276826085,0.));
#9330 = ORIENTED_EDGE('',*,*,#9331,.T.);
#9331 = EDGE_CURVE('',#9324,#9332,#9334,.T.);
#9332 = VERTEX_POINT('',#9333);
#9333 = CARTESIAN_POINT('',(13.25064,101.045233,1.585));
#9334 = LINE('',#9335,#9336);
#9335 = CARTESIAN_POINT('',(13.255696,101.061935,1.585));
#9336 = VECTOR('',#9337,1.);
#9337 = DIRECTION('',(-0.289733823391,-0.957107262319,0.));
#9338 = ORIENTED_EDGE('',*,*,#9339,.T.);
#9339 = EDGE_CURVE('',#9332,#9340,#9342,.T.);
#9340 = VERTEX_POINT('',#9341);
#9341 = CARTESIAN_POINT('',(13.235235,101.033929,1.585));
#9342 = LINE('',#9343,#9344);
#9343 = CARTESIAN_POINT('',(13.25064,101.045233,1.585));
#9344 = VECTOR('',#9345,1.);
#9345 = DIRECTION('',(-0.806230256494,-0.591601870783,0.));
#9346 = ORIENTED_EDGE('',*,*,#9347,.T.);
#9347 = EDGE_CURVE('',#9340,#9348,#9350,.T.);
#9348 = VERTEX_POINT('',#9349);
#9349 = CARTESIAN_POINT('',(13.162984,101.023536,1.585));
#9350 = LINE('',#9351,#9352);
#9351 = CARTESIAN_POINT('',(13.235235,101.033929,1.585));
#9352 = VECTOR('',#9353,1.);
#9353 = DIRECTION('',(-0.989812032868,-0.142380264046,0.));
#9354 = ORIENTED_EDGE('',*,*,#9355,.T.);
#9355 = EDGE_CURVE('',#9348,#9356,#9358,.T.);
#9356 = VERTEX_POINT('',#9357);
#9357 = CARTESIAN_POINT('',(12.980026,101.02593,1.585));
#9358 = LINE('',#9359,#9360);
#9359 = CARTESIAN_POINT('',(13.162984,101.023536,1.585));
#9360 = VECTOR('',#9361,1.);
#9361 = DIRECTION('',(-0.999914402767,1.308385028386E-02,0.));
#9362 = ORIENTED_EDGE('',*,*,#9363,.T.);
#9363 = EDGE_CURVE('',#9356,#9364,#9366,.T.);
#9364 = VERTEX_POINT('',#9365);
#9365 = CARTESIAN_POINT('',(12.938255,101.036465,1.585));
#9366 = LINE('',#9367,#9368);
#9367 = CARTESIAN_POINT('',(12.980026,101.02593,1.585));
#9368 = VECTOR('',#9369,1.);
#9369 = DIRECTION('',(-0.969636544689,0.244550549384,0.));
#9370 = ORIENTED_EDGE('',*,*,#9371,.T.);
#9371 = EDGE_CURVE('',#9364,#9372,#9374,.T.);
#9372 = VERTEX_POINT('',#9373);
#9373 = CARTESIAN_POINT('',(12.898231,101.125447,1.585));
#9374 = LINE('',#9375,#9376);
#9375 = CARTESIAN_POINT('',(12.938255,101.036465,1.585));
#9376 = VECTOR('',#9377,1.);
#9377 = DIRECTION('',(-0.410212106229,0.911990146824,0.));
#9378 = ORIENTED_EDGE('',*,*,#9379,.T.);
#9379 = EDGE_CURVE('',#9372,#9380,#9382,.T.);
#9380 = VERTEX_POINT('',#9381);
#9381 = CARTESIAN_POINT('',(12.812441,101.377278,1.585));
#9382 = LINE('',#9383,#9384);
#9383 = CARTESIAN_POINT('',(12.898231,101.125447,1.585));
#9384 = VECTOR('',#9385,1.);
#9385 = DIRECTION('',(-0.322466899427,0.946580740758,0.));
#9386 = ORIENTED_EDGE('',*,*,#9387,.T.);
#9387 = EDGE_CURVE('',#9380,#9388,#9390,.T.);
#9388 = VERTEX_POINT('',#9389);
#9389 = CARTESIAN_POINT('',(12.224587,101.377278,1.585));
#9390 = LINE('',#9391,#9392);
#9391 = CARTESIAN_POINT('',(12.812441,101.377278,1.585));
#9392 = VECTOR('',#9393,1.);
#9393 = DIRECTION('',(-1.,0.,0.));
#9394 = ORIENTED_EDGE('',*,*,#9395,.T.);
#9395 = EDGE_CURVE('',#9388,#9396,#9398,.T.);
#9396 = VERTEX_POINT('',#9397);
#9397 = CARTESIAN_POINT('',(12.134556,101.095342,1.585));
#9398 = LINE('',#9399,#9400);
#9399 = CARTESIAN_POINT('',(12.224587,101.377278,1.585));
#9400 = VECTOR('',#9401,1.);
#9401 = DIRECTION('',(-0.304197864663,-0.952608869964,0.));
#9402 = ORIENTED_EDGE('',*,*,#9403,.T.);
#9403 = EDGE_CURVE('',#9396,#9404,#9406,.T.);
#9404 = VERTEX_POINT('',#9405);
#9405 = CARTESIAN_POINT('',(12.11126,101.049455,1.585));
#9406 = LINE('',#9407,#9408);
#9407 = CARTESIAN_POINT('',(12.134556,101.095342,1.585));
#9408 = VECTOR('',#9409,1.);
#9409 = DIRECTION('',(-0.452684991446,-0.891670510065,0.));
#9410 = ORIENTED_EDGE('',*,*,#9411,.T.);
#9411 = EDGE_CURVE('',#9404,#9412,#9414,.T.);
#9412 = VERTEX_POINT('',#9413);
#9413 = CARTESIAN_POINT('',(12.086544,101.031796,1.585));
#9414 = LINE('',#9415,#9416);
#9415 = CARTESIAN_POINT('',(12.11126,101.049455,1.585));
#9416 = VECTOR('',#9417,1.);
#9417 = DIRECTION('',(-0.813660061172,-0.581340954048,0.));
#9418 = ORIENTED_EDGE('',*,*,#9419,.T.);
#9419 = EDGE_CURVE('',#9412,#9420,#9422,.T.);
#9420 = VERTEX_POINT('',#9421);
#9421 = CARTESIAN_POINT('',(12.041276,101.022507,1.585));
#9422 = LINE('',#9423,#9424);
#9423 = CARTESIAN_POINT('',(12.086544,101.031796,1.585));
#9424 = VECTOR('',#9425,1.);
#9425 = DIRECTION('',(-0.979588827014,-0.201011765798,0.));
#9426 = ORIENTED_EDGE('',*,*,#9427,.T.);
#9427 = EDGE_CURVE('',#9420,#9428,#9430,.T.);
#9428 = VERTEX_POINT('',#9429);
#9429 = CARTESIAN_POINT('',(11.895655,101.020373,1.585));
#9430 = LINE('',#9431,#9432);
#9431 = CARTESIAN_POINT('',(12.041276,101.022507,1.585));
#9432 = VECTOR('',#9433,1.);
#9433 = DIRECTION('',(-0.999892640403,-1.465290648064E-02,0.));
#9434 = ORIENTED_EDGE('',*,*,#9435,.T.);
#9435 = EDGE_CURVE('',#9428,#9436,#9438,.T.);
#9436 = VERTEX_POINT('',#9437);
#9437 = CARTESIAN_POINT('',(11.850313,101.02656,1.585));
#9438 = LINE('',#9439,#9440);
#9439 = CARTESIAN_POINT('',(11.895655,101.020373,1.585));
#9440 = VECTOR('',#9441,1.);
#9441 = DIRECTION('',(-0.990818462589,0.135199016983,0.));
#9442 = ORIENTED_EDGE('',*,*,#9443,.T.);
#9443 = EDGE_CURVE('',#9436,#9444,#9446,.T.);
#9444 = VERTEX_POINT('',#9445);
#9445 = CARTESIAN_POINT('',(11.829292,101.038952,1.585));
#9446 = LINE('',#9447,#9448);
#9447 = CARTESIAN_POINT('',(11.850313,101.02656,1.585));
#9448 = VECTOR('',#9449,1.);
#9449 = DIRECTION('',(-0.861455547769,0.507832983586,0.));
#9450 = ORIENTED_EDGE('',*,*,#9451,.T.);
#9451 = EDGE_CURVE('',#9444,#9452,#9454,.T.);
#9452 = VERTEX_POINT('',#9453);
#9453 = CARTESIAN_POINT('',(11.820653,101.066001,1.585));
#9454 = LINE('',#9455,#9456);
#9455 = CARTESIAN_POINT('',(11.829292,101.038952,1.585));
#9456 = VECTOR('',#9457,1.);
#9457 = DIRECTION('',(-0.304242818688,0.952594513566,0.));
#9458 = ORIENTED_EDGE('',*,*,#9459,.T.);
#9459 = EDGE_CURVE('',#9452,#9460,#9462,.T.);
#9460 = VERTEX_POINT('',#9461);
#9461 = CARTESIAN_POINT('',(11.920654,101.384597,1.585));
#9462 = LINE('',#9463,#9464);
#9463 = CARTESIAN_POINT('',(11.820653,101.066001,1.585));
#9464 = VECTOR('',#9465,1.);
#9465 = DIRECTION('',(0.299474519291,0.954104298437,0.));
#9466 = ORIENTED_EDGE('',*,*,#9467,.T.);
#9467 = EDGE_CURVE('',#9460,#9468,#9470,.T.);
#9468 = VERTEX_POINT('',#9469);
#9469 = CARTESIAN_POINT('',(12.259388,102.368469,1.585));
#9470 = LINE('',#9471,#9472);
#9471 = CARTESIAN_POINT('',(11.920654,101.384597,1.585));
#9472 = VECTOR('',#9473,1.);
#9473 = DIRECTION('',(0.325533531961,0.945530496372,0.));
#9474 = ORIENTED_EDGE('',*,*,#9475,.T.);
#9475 = EDGE_CURVE('',#9468,#9476,#9478,.T.);
#9476 = VERTEX_POINT('',#9477);
#9477 = CARTESIAN_POINT('',(12.332385,102.559986,1.585));
#9478 = LINE('',#9479,#9480);
#9479 = CARTESIAN_POINT('',(12.259388,102.368469,1.585));
#9480 = VECTOR('',#9481,1.);
#9481 = DIRECTION('',(0.356157838883,0.934425809683,0.));
#9482 = ORIENTED_EDGE('',*,*,#9483,.T.);
#9483 = EDGE_CURVE('',#9476,#9484,#9486,.T.);
#9484 = VERTEX_POINT('',#9485);
#9485 = CARTESIAN_POINT('',(12.344662,102.573669,1.585));
#9486 = LINE('',#9487,#9488);
#9487 = CARTESIAN_POINT('',(12.332385,102.559986,1.585));
#9488 = VECTOR('',#9489,1.);
#9489 = DIRECTION('',(0.6678309358,0.744312999475,0.));
#9490 = ORIENTED_EDGE('',*,*,#9491,.T.);
#9491 = EDGE_CURVE('',#9484,#9266,#9492,.T.);
#9492 = LINE('',#9493,#9494);
#9493 = CARTESIAN_POINT('',(12.344662,102.573669,1.585));
#9494 = VECTOR('',#9495,1.);
#9495 = DIRECTION('',(0.878808903528,0.477173879293,0.));
#9496 = FACE_BOUND('',#9497,.F.);
#9497 = EDGE_LOOP('',(#9498,#9508,#9516,#9524,#9532,#9540,#9548));
#9498 = ORIENTED_EDGE('',*,*,#9499,.T.);
#9499 = EDGE_CURVE('',#9500,#9502,#9504,.T.);
#9500 = VERTEX_POINT('',#9501);
#9501 = CARTESIAN_POINT('',(12.738248,101.631489,1.585));
#9502 = VERTEX_POINT('',#9503);
#9503 = CARTESIAN_POINT('',(12.540653,102.213199,1.585));
#9504 = LINE('',#9505,#9506);
#9505 = CARTESIAN_POINT('',(12.738248,101.631489,1.585));
#9506 = VECTOR('',#9507,1.);
#9507 = DIRECTION('',(-0.3216307512,0.946865175134,0.));
#9508 = ORIENTED_EDGE('',*,*,#9509,.T.);
#9509 = EDGE_CURVE('',#9502,#9510,#9512,.T.);
#9510 = VERTEX_POINT('',#9511);
#9511 = CARTESIAN_POINT('',(12.516508,102.269351,1.585));
#9512 = LINE('',#9513,#9514);
#9513 = CARTESIAN_POINT('',(12.540653,102.213199,1.585));
#9514 = VECTOR('',#9515,1.);
#9515 = DIRECTION('',(-0.395022779974,0.918671324959,0.));
#9516 = ORIENTED_EDGE('',*,*,#9517,.T.);
#9517 = EDGE_CURVE('',#9510,#9518,#9520,.T.);
#9518 = VERTEX_POINT('',#9519);
#9519 = CARTESIAN_POINT('',(12.311783,101.661135,1.585));
#9520 = LINE('',#9521,#9522);
#9521 = CARTESIAN_POINT('',(12.516508,102.269351,1.585));
#9522 = VECTOR('',#9523,1.);
#9523 = DIRECTION('',(-0.319012080564,-0.947750648881,0.));
#9524 = ORIENTED_EDGE('',*,*,#9525,.T.);
#9525 = EDGE_CURVE('',#9518,#9526,#9528,.T.);
#9526 = VERTEX_POINT('',#9527);
#9527 = CARTESIAN_POINT('',(12.305776,101.639431,1.585));
#9528 = LINE('',#9529,#9530);
#9529 = CARTESIAN_POINT('',(12.311783,101.661135,1.585));
#9530 = VECTOR('',#9531,1.);
#9531 = DIRECTION('',(-0.266741394208,-0.963768140486,0.));
#9532 = ORIENTED_EDGE('',*,*,#9533,.T.);
#9533 = EDGE_CURVE('',#9526,#9534,#9536,.T.);
#9534 = VERTEX_POINT('',#9535);
#9535 = CARTESIAN_POINT('',(12.315845,101.63704,1.585));
#9536 = LINE('',#9537,#9538);
#9537 = CARTESIAN_POINT('',(12.305776,101.639431,1.585));
#9538 = VECTOR('',#9539,1.);
#9539 = DIRECTION('',(0.972944968023,-0.231036986647,0.));
#9540 = ORIENTED_EDGE('',*,*,#9541,.T.);
#9541 = EDGE_CURVE('',#9534,#9542,#9544,.T.);
#9542 = VERTEX_POINT('',#9543);
#9543 = CARTESIAN_POINT('',(12.522012,101.631489,1.585));
#9544 = LINE('',#9545,#9546);
#9545 = CARTESIAN_POINT('',(12.315845,101.63704,1.585));
#9546 = VECTOR('',#9547,1.);
#9547 = DIRECTION('',(0.999637725217,-2.691502040906E-02,0.));
#9548 = ORIENTED_EDGE('',*,*,#9549,.T.);
#9549 = EDGE_CURVE('',#9542,#9500,#9550,.T.);
#9550 = LINE('',#9551,#9552);
#9551 = CARTESIAN_POINT('',(12.522012,101.631489,1.585));
#9552 = VECTOR('',#9553,1.);
#9553 = DIRECTION('',(1.,0.,0.));
#9554 = PLANE('',#9555);
#9555 = AXIS2_PLACEMENT_3D('',#9556,#9557,#9558);
#9556 = CARTESIAN_POINT('',(0.,0.,1.585));
#9557 = DIRECTION('',(0.,0.,1.));
#9558 = DIRECTION('',(1.,0.,-0.));
#9559 = SHELL_BASED_SURFACE_MODEL('',(#9560));
#9560 = OPEN_SHELL('',(#9561));
#9561 = ADVANCED_FACE('',(#9562),#9676,.T.);
#9562 = FACE_BOUND('',#9563,.F.);
#9563 = EDGE_LOOP('',(#9564,#9574,#9582,#9590,#9598,#9606,#9614,#9622,
    #9630,#9638,#9646,#9654,#9662,#9670));
#9564 = ORIENTED_EDGE('',*,*,#9565,.T.);
#9565 = EDGE_CURVE('',#9566,#9568,#9570,.T.);
#9566 = VERTEX_POINT('',#9567);
#9567 = CARTESIAN_POINT('',(8.679545,102.575485,1.585));
#9568 = VERTEX_POINT('',#9569);
#9569 = CARTESIAN_POINT('',(8.733765,102.587377,1.585));
#9570 = LINE('',#9571,#9572);
#9571 = CARTESIAN_POINT('',(8.679545,102.575485,1.585));
#9572 = VECTOR('',#9573,1.);
#9573 = DIRECTION('',(0.976781871705,0.214236260021,0.));
#9574 = ORIENTED_EDGE('',*,*,#9575,.T.);
#9575 = EDGE_CURVE('',#9568,#9576,#9578,.T.);
#9576 = VERTEX_POINT('',#9577);
#9577 = CARTESIAN_POINT('',(8.87735,102.589596,1.585));
#9578 = LINE('',#9579,#9580);
#9579 = CARTESIAN_POINT('',(8.733765,102.587377,1.585));
#9580 = VECTOR('',#9581,1.);
#9581 = DIRECTION('',(0.999880604302,1.545241537029E-02,0.));
#9582 = ORIENTED_EDGE('',*,*,#9583,.T.);
#9583 = EDGE_CURVE('',#9576,#9584,#9586,.T.);
#9584 = VERTEX_POINT('',#9585);
#9585 = CARTESIAN_POINT('',(8.95071,102.58065,1.585));
#9586 = LINE('',#9587,#9588);
#9587 = CARTESIAN_POINT('',(8.87735,102.589596,1.585));
#9588 = VECTOR('',#9589,1.);
#9589 = DIRECTION('',(0.992646432746,-0.121049822619,0.));
#9590 = ORIENTED_EDGE('',*,*,#9591,.T.);
#9591 = EDGE_CURVE('',#9584,#9592,#9594,.T.);
#9592 = VERTEX_POINT('',#9593);
#9593 = CARTESIAN_POINT('',(8.965704,102.571385,1.585));
#9594 = LINE('',#9595,#9596);
#9595 = CARTESIAN_POINT('',(8.95071,102.58065,1.585));
#9596 = VECTOR('',#9597,1.);
#9597 = DIRECTION('',(0.850696517861,-0.52565714539,0.));
#9598 = ORIENTED_EDGE('',*,*,#9599,.T.);
#9599 = EDGE_CURVE('',#9592,#9600,#9602,.T.);
#9600 = VERTEX_POINT('',#9601);
#9601 = CARTESIAN_POINT('',(8.974926,102.507266,1.585));
#9602 = LINE('',#9603,#9604);
#9603 = CARTESIAN_POINT('',(8.965704,102.571385,1.585));
#9604 = VECTOR('',#9605,1.);
#9605 = DIRECTION('',(0.142361415018,-0.989814744038,0.));
#9606 = ORIENTED_EDGE('',*,*,#9607,.T.);
#9607 = EDGE_CURVE('',#9600,#9608,#9610,.T.);
#9608 = VERTEX_POINT('',#9609);
#9609 = CARTESIAN_POINT('',(8.979838,101.805336,1.585));
#9610 = LINE('',#9611,#9612);
#9611 = CARTESIAN_POINT('',(8.974926,102.507266,1.585));
#9612 = VECTOR('',#9613,1.);
#9613 = DIRECTION('',(6.9976774527E-03,-0.999975515955,0.));
#9614 = ORIENTED_EDGE('',*,*,#9615,.T.);
#9615 = EDGE_CURVE('',#9608,#9616,#9618,.T.);
#9616 = VERTEX_POINT('',#9617);
#9617 = CARTESIAN_POINT('',(8.979838,101.049666,1.585));
#9618 = LINE('',#9619,#9620);
#9619 = CARTESIAN_POINT('',(8.979838,101.805336,1.585));
#9620 = VECTOR('',#9621,1.);
#9621 = DIRECTION('',(0.,-1.,0.));
#9622 = ORIENTED_EDGE('',*,*,#9623,.T.);
#9623 = EDGE_CURVE('',#9616,#9624,#9626,.T.);
#9624 = VERTEX_POINT('',#9625);
#9625 = CARTESIAN_POINT('',(8.930598,101.029443,1.585));
#9626 = LINE('',#9627,#9628);
#9627 = CARTESIAN_POINT('',(8.979838,101.049666,1.585));
#9628 = VECTOR('',#9629,1.);
#9629 = DIRECTION('',(-0.925023590914,-0.379909668543,0.));
#9630 = ORIENTED_EDGE('',*,*,#9631,.T.);
#9631 = EDGE_CURVE('',#9624,#9632,#9634,.T.);
#9632 = VERTEX_POINT('',#9633);
#9633 = CARTESIAN_POINT('',(8.791295,101.020603,1.585));
#9634 = LINE('',#9635,#9636);
#9635 = CARTESIAN_POINT('',(8.930598,101.029443,1.585));
#9636 = VECTOR('',#9637,1.);
#9637 = DIRECTION('',(-0.997992551897,-6.333140103787E-02,0.));
#9638 = ORIENTED_EDGE('',*,*,#9639,.T.);
#9639 = EDGE_CURVE('',#9632,#9640,#9642,.T.);
#9640 = VERTEX_POINT('',#9641);
#9641 = CARTESIAN_POINT('',(8.704442,101.030299,1.585));
#9642 = LINE('',#9643,#9644);
#9643 = CARTESIAN_POINT('',(8.791295,101.020603,1.585));
#9644 = VECTOR('',#9645,1.);
#9645 = DIRECTION('',(-0.99382624797,0.110947685173,0.));
#9646 = ORIENTED_EDGE('',*,*,#9647,.T.);
#9647 = EDGE_CURVE('',#9640,#9648,#9650,.T.);
#9648 = VERTEX_POINT('',#9649);
#9649 = CARTESIAN_POINT('',(8.667369,101.043625,1.585));
#9650 = LINE('',#9651,#9652);
#9651 = CARTESIAN_POINT('',(8.704442,101.030299,1.585));
#9652 = VECTOR('',#9653,1.);
#9653 = DIRECTION('',(-0.941051360996,0.338263707729,0.));
#9654 = ORIENTED_EDGE('',*,*,#9655,.T.);
#9655 = EDGE_CURVE('',#9648,#9656,#9658,.T.);
#9656 = VERTEX_POINT('',#9657);
#9657 = CARTESIAN_POINT('',(8.665389,102.458771,1.585));
#9658 = LINE('',#9659,#9660);
#9659 = CARTESIAN_POINT('',(8.667369,101.043625,1.585));
#9660 = VECTOR('',#9661,1.);
#9661 = DIRECTION('',(-1.39914755224E-03,0.999999021193,0.));
#9662 = ORIENTED_EDGE('',*,*,#9663,.T.);
#9663 = EDGE_CURVE('',#9656,#9664,#9666,.T.);
#9664 = VERTEX_POINT('',#9665);
#9665 = CARTESIAN_POINT('',(8.672251,102.560213,1.585));
#9666 = LINE('',#9667,#9668);
#9667 = CARTESIAN_POINT('',(8.665389,102.458771,1.585));
#9668 = VECTOR('',#9669,1.);
#9669 = DIRECTION('',(6.74903309051E-02,0.997719928254,0.));
#9670 = ORIENTED_EDGE('',*,*,#9671,.T.);
#9671 = EDGE_CURVE('',#9664,#9566,#9672,.T.);
#9672 = LINE('',#9673,#9674);
#9673 = CARTESIAN_POINT('',(8.672251,102.560213,1.585));
#9674 = VECTOR('',#9675,1.);
#9675 = DIRECTION('',(0.430974565442,0.902364075051,0.));
#9676 = PLANE('',#9677);
#9677 = AXIS2_PLACEMENT_3D('',#9678,#9679,#9680);
#9678 = CARTESIAN_POINT('',(0.,0.,1.585));
#9679 = DIRECTION('',(0.,0.,1.));
#9680 = DIRECTION('',(1.,0.,-0.));
#9681 = SHELL_BASED_SURFACE_MODEL('',(#9682));
#9682 = OPEN_SHELL('',(#9683));
#9683 = ADVANCED_FACE('',(#9684,#9889,#9981),#10049,.T.);
#9684 = FACE_BOUND('',#9685,.F.);
#9685 = EDGE_LOOP('',(#9686,#9696,#9704,#9712,#9720,#9728,#9736,#9744,
    #9753,#9761,#9769,#9777,#9785,#9793,#9801,#9809,#9818,#9826,#9834,
    #9843,#9851,#9859,#9867,#9875,#9883));
#9686 = ORIENTED_EDGE('',*,*,#9687,.T.);
#9687 = EDGE_CURVE('',#9688,#9690,#9692,.T.);
#9688 = VERTEX_POINT('',#9689);
#9689 = CARTESIAN_POINT('',(9.318787,101.079734,1.585));
#9690 = VERTEX_POINT('',#9691);
#9691 = CARTESIAN_POINT('',(9.318787,102.530642,1.585));
#9692 = LINE('',#9693,#9694);
#9693 = CARTESIAN_POINT('',(9.318787,101.079734,1.585));
#9694 = VECTOR('',#9695,1.);
#9695 = DIRECTION('',(0.,1.,0.));
#9696 = ORIENTED_EDGE('',*,*,#9697,.T.);
#9697 = EDGE_CURVE('',#9690,#9698,#9700,.T.);
#9698 = VERTEX_POINT('',#9699);
#9699 = CARTESIAN_POINT('',(9.370012,102.59008,1.585));
#9700 = LINE('',#9701,#9702);
#9701 = CARTESIAN_POINT('',(9.318787,102.530642,1.585));
#9702 = VECTOR('',#9703,1.);
#9703 = DIRECTION('',(0.652832470332,0.757502320578,0.));
#9704 = ORIENTED_EDGE('',*,*,#9705,.T.);
#9705 = EDGE_CURVE('',#9698,#9706,#9708,.T.);
#9706 = VERTEX_POINT('',#9707);
#9707 = CARTESIAN_POINT('',(9.65422,102.589228,1.585));
#9708 = LINE('',#9709,#9710);
#9709 = CARTESIAN_POINT('',(9.370012,102.59008,1.585));
#9710 = VECTOR('',#9711,1.);
#9711 = DIRECTION('',(0.999995506615,-2.997790954619E-03,0.));
#9712 = ORIENTED_EDGE('',*,*,#9713,.T.);
#9713 = EDGE_CURVE('',#9706,#9714,#9716,.T.);
#9714 = VERTEX_POINT('',#9715);
#9715 = CARTESIAN_POINT('',(9.926404,102.583175,1.585));
#9716 = LINE('',#9717,#9718);
#9717 = CARTESIAN_POINT('',(9.65422,102.589228,1.585));
#9718 = VECTOR('',#9719,1.);
#9719 = DIRECTION('',(0.99975281329,-2.223313559524E-02,0.));
#9720 = ORIENTED_EDGE('',*,*,#9721,.T.);
#9721 = EDGE_CURVE('',#9714,#9722,#9724,.T.);
#9722 = VERTEX_POINT('',#9723);
#9723 = CARTESIAN_POINT('',(10.023166,102.569447,1.585));
#9724 = LINE('',#9725,#9726);
#9725 = CARTESIAN_POINT('',(9.926404,102.583175,1.585));
#9726 = VECTOR('',#9727,1.);
#9727 = DIRECTION('',(0.990085326454,-0.140467242942,0.));
#9728 = ORIENTED_EDGE('',*,*,#9729,.T.);
#9729 = EDGE_CURVE('',#9722,#9730,#9732,.T.);
#9730 = VERTEX_POINT('',#9731);
#9731 = CARTESIAN_POINT('',(10.121879,102.53992,1.585));
#9732 = LINE('',#9733,#9734);
#9733 = CARTESIAN_POINT('',(10.023166,102.569447,1.585));
#9734 = VECTOR('',#9735,1.);
#9735 = DIRECTION('',(0.958058103088,-0.286574023785,0.));
#9736 = ORIENTED_EDGE('',*,*,#9737,.T.);
#9737 = EDGE_CURVE('',#9730,#9738,#9740,.T.);
#9738 = VERTEX_POINT('',#9739);
#9739 = CARTESIAN_POINT('',(10.202716,102.49924,1.585));
#9740 = LINE('',#9741,#9742);
#9741 = CARTESIAN_POINT('',(10.121879,102.53992,1.585));
#9742 = VECTOR('',#9743,1.);
#9743 = DIRECTION('',(0.893268348375,-0.449523812263,0.));
#9744 = ORIENTED_EDGE('',*,*,#9745,.T.);
#9745 = EDGE_CURVE('',#9738,#9746,#9748,.T.);
#9746 = VERTEX_POINT('',#9747);
#9747 = CARTESIAN_POINT('',(10.341533,102.306586,1.585));
#9748 = CIRCLE('',#9749,0.313759112961);
#9749 = AXIS2_PLACEMENT_3D('',#9750,#9751,#9752);
#9750 = CARTESIAN_POINT('',(10.036493867435,102.23312915164,1.585));
#9751 = DIRECTION('',(0.,0.,-1.));
#9752 = DIRECTION('',(0.52977627007,0.848137432065,0.));
#9753 = ORIENTED_EDGE('',*,*,#9754,.T.);
#9754 = EDGE_CURVE('',#9746,#9755,#9757,.T.);
#9755 = VERTEX_POINT('',#9756);
#9756 = CARTESIAN_POINT('',(10.353853,102.227345,1.585));
#9757 = LINE('',#9758,#9759);
#9758 = CARTESIAN_POINT('',(10.341533,102.306586,1.585));
#9759 = VECTOR('',#9760,1.);
#9760 = DIRECTION('',(0.153629354431,-0.988128545007,0.));
#9761 = ORIENTED_EDGE('',*,*,#9762,.T.);
#9762 = EDGE_CURVE('',#9755,#9763,#9765,.T.);
#9763 = VERTEX_POINT('',#9764);
#9764 = CARTESIAN_POINT('',(10.351905,102.135312,1.585));
#9765 = LINE('',#9766,#9767);
#9766 = CARTESIAN_POINT('',(10.353853,102.227345,1.585));
#9767 = VECTOR('',#9768,1.);
#9768 = DIRECTION('',(-2.116158097394E-02,-0.999776068673,0.));
#9769 = ORIENTED_EDGE('',*,*,#9770,.T.);
#9770 = EDGE_CURVE('',#9763,#9771,#9773,.T.);
#9771 = VERTEX_POINT('',#9772);
#9772 = CARTESIAN_POINT('',(10.332513,102.055178,1.585));
#9773 = LINE('',#9774,#9775);
#9774 = CARTESIAN_POINT('',(10.351905,102.135312,1.585));
#9775 = VECTOR('',#9776,1.);
#9776 = DIRECTION('',(-0.235205650534,-0.971945627058,0.));
#9777 = ORIENTED_EDGE('',*,*,#9778,.T.);
#9778 = EDGE_CURVE('',#9771,#9779,#9781,.T.);
#9779 = VERTEX_POINT('',#9780);
#9780 = CARTESIAN_POINT('',(10.295524,101.986607,1.585));
#9781 = LINE('',#9782,#9783);
#9782 = CARTESIAN_POINT('',(10.332513,102.055178,1.585));
#9783 = VECTOR('',#9784,1.);
#9784 = DIRECTION('',(-0.474757931575,-0.880116416394,0.));
#9785 = ORIENTED_EDGE('',*,*,#9786,.T.);
#9786 = EDGE_CURVE('',#9779,#9787,#9789,.T.);
#9787 = VERTEX_POINT('',#9788);
#9788 = CARTESIAN_POINT('',(10.240786,101.929261,1.585));
#9789 = LINE('',#9790,#9791);
#9790 = CARTESIAN_POINT('',(10.295524,101.986607,1.585));
#9791 = VECTOR('',#9792,1.);
#9792 = DIRECTION('',(-0.690466746348,-0.723364135264,0.));
#9793 = ORIENTED_EDGE('',*,*,#9794,.T.);
#9794 = EDGE_CURVE('',#9787,#9795,#9797,.T.);
#9795 = VERTEX_POINT('',#9796);
#9796 = CARTESIAN_POINT('',(10.154129,101.870609,1.585));
#9797 = LINE('',#9798,#9799);
#9798 = CARTESIAN_POINT('',(10.240786,101.929261,1.585));
#9799 = VECTOR('',#9800,1.);
#9800 = DIRECTION('',(-0.828145506575,-0.560513175527,0.));
#9801 = ORIENTED_EDGE('',*,*,#9802,.T.);
#9802 = EDGE_CURVE('',#9795,#9803,#9805,.T.);
#9803 = VERTEX_POINT('',#9804);
#9804 = CARTESIAN_POINT('',(10.272928,101.819239,1.585));
#9805 = LINE('',#9806,#9807);
#9806 = CARTESIAN_POINT('',(10.154129,101.870609,1.585));
#9807 = VECTOR('',#9808,1.);
#9808 = DIRECTION('',(0.917864186701,-0.396894614187,0.));
#9809 = ORIENTED_EDGE('',*,*,#9810,.T.);
#9810 = EDGE_CURVE('',#9803,#9811,#9813,.T.);
#9811 = VERTEX_POINT('',#9812);
#9812 = CARTESIAN_POINT('',(10.448715,101.538461,1.585));
#9813 = CIRCLE('',#9814,0.366561907792);
#9814 = AXIS2_PLACEMENT_3D('',#9815,#9816,#9817);
#9815 = CARTESIAN_POINT('',(10.083654000045,101.50532342984,1.585));
#9816 = DIRECTION('',(0.,0.,-1.));
#9817 = DIRECTION('',(0.516349342177,0.856378045511,0.));
#9818 = ORIENTED_EDGE('',*,*,#9819,.T.);
#9819 = EDGE_CURVE('',#9811,#9820,#9822,.T.);
#9820 = VERTEX_POINT('',#9821);
#9821 = CARTESIAN_POINT('',(10.448159,101.446691,1.585));
#9822 = LINE('',#9823,#9824);
#9823 = CARTESIAN_POINT('',(10.448715,101.538461,1.585));
#9824 = VECTOR('',#9825,1.);
#9825 = DIRECTION('',(-6.05851362921E-03,-0.999981647038,0.));
#9826 = ORIENTED_EDGE('',*,*,#9827,.T.);
#9827 = EDGE_CURVE('',#9820,#9828,#9830,.T.);
#9828 = VERTEX_POINT('',#9829);
#9829 = CARTESIAN_POINT('',(10.442083,101.40684,1.585));
#9830 = LINE('',#9831,#9832);
#9831 = CARTESIAN_POINT('',(10.448159,101.446691,1.585));
#9832 = VECTOR('',#9833,1.);
#9833 = DIRECTION('',(-0.150726082997,-0.988575565096,0.));
#9834 = ORIENTED_EDGE('',*,*,#9835,.T.);
#9835 = EDGE_CURVE('',#9828,#9836,#9838,.T.);
#9836 = VERTEX_POINT('',#9837);
#9837 = CARTESIAN_POINT('',(10.305899,101.167335,1.585));
#9838 = CIRCLE('',#9839,0.419083988146);
#9839 = AXIS2_PLACEMENT_3D('',#9840,#9841,#9842);
#9840 = CARTESIAN_POINT('',(10.029926581457,101.48272462145,1.585));
#9841 = DIRECTION('',(0.,0.,-1.));
#9842 = DIRECTION('',(0.983469734472,-0.181072585937,0.));
#9843 = ORIENTED_EDGE('',*,*,#9844,.T.);
#9844 = EDGE_CURVE('',#9836,#9845,#9847,.T.);
#9845 = VERTEX_POINT('',#9846);
#9846 = CARTESIAN_POINT('',(10.22723,101.112966,1.585));
#9847 = LINE('',#9848,#9849);
#9848 = CARTESIAN_POINT('',(10.305899,101.167335,1.585));
#9849 = VECTOR('',#9850,1.);
#9850 = DIRECTION('',(-0.822652705641,-0.568544216311,0.));
#9851 = ORIENTED_EDGE('',*,*,#9852,.T.);
#9852 = EDGE_CURVE('',#9845,#9853,#9855,.T.);
#9853 = VERTEX_POINT('',#9854);
#9854 = CARTESIAN_POINT('',(10.130609,101.068592,1.585));
#9855 = LINE('',#9856,#9857);
#9856 = CARTESIAN_POINT('',(10.22723,101.112966,1.585));
#9857 = VECTOR('',#9858,1.);
#9858 = DIRECTION('',(-0.908746168321,-0.417349256094,0.));
#9859 = ORIENTED_EDGE('',*,*,#9860,.T.);
#9860 = EDGE_CURVE('',#9853,#9861,#9863,.T.);
#9861 = VERTEX_POINT('',#9862);
#9862 = CARTESIAN_POINT('',(10.064567,101.049374,1.585));
#9863 = LINE('',#9864,#9865);
#9864 = CARTESIAN_POINT('',(10.130609,101.068592,1.585));
#9865 = VECTOR('',#9866,1.);
#9866 = DIRECTION('',(-0.960172747448,-0.279407041889,0.));
#9867 = ORIENTED_EDGE('',*,*,#9868,.T.);
#9868 = EDGE_CURVE('',#9861,#9869,#9871,.T.);
#9869 = VERTEX_POINT('',#9870);
#9870 = CARTESIAN_POINT('',(9.922465,101.035493,1.585));
#9871 = LINE('',#9872,#9873);
#9872 = CARTESIAN_POINT('',(10.064567,101.049374,1.585));
#9873 = VECTOR('',#9874,1.);
#9874 = DIRECTION('',(-0.995262855832,-9.72206140786E-02,0.));
#9875 = ORIENTED_EDGE('',*,*,#9876,.T.);
#9876 = EDGE_CURVE('',#9869,#9877,#9879,.T.);
#9877 = VERTEX_POINT('',#9878);
#9878 = CARTESIAN_POINT('',(9.372615,101.025906,1.585));
#9879 = LINE('',#9880,#9881);
#9880 = CARTESIAN_POINT('',(9.922465,101.035493,1.585));
#9881 = VECTOR('',#9882,1.);
#9882 = DIRECTION('',(-0.999848033453,-1.743301463438E-02,0.));
#9883 = ORIENTED_EDGE('',*,*,#9884,.T.);
#9884 = EDGE_CURVE('',#9877,#9688,#9885,.T.);
#9885 = LINE('',#9886,#9887);
#9886 = CARTESIAN_POINT('',(9.372615,101.025906,1.585));
#9887 = VECTOR('',#9888,1.);
#9888 = DIRECTION('',(-0.707106781187,0.707106781187,0.));
#9889 = FACE_BOUND('',#9890,.F.);
#9890 = EDGE_LOOP('',(#9891,#9901,#9909,#9917,#9925,#9933,#9942,#9950,
    #9958,#9967,#9975));
#9891 = ORIENTED_EDGE('',*,*,#9892,.T.);
#9892 = EDGE_CURVE('',#9893,#9895,#9897,.T.);
#9893 = VERTEX_POINT('',#9894);
#9894 = CARTESIAN_POINT('',(9.947677,101.695626,1.585));
#9895 = VERTEX_POINT('',#9896);
#9896 = CARTESIAN_POINT('',(9.876823,101.706912,1.585));
#9897 = LINE('',#9898,#9899);
#9898 = CARTESIAN_POINT('',(9.947677,101.695626,1.585));
#9899 = VECTOR('',#9900,1.);
#9900 = DIRECTION('',(-0.987550503075,0.157302269141,0.));
#9901 = ORIENTED_EDGE('',*,*,#9902,.T.);
#9902 = EDGE_CURVE('',#9895,#9903,#9905,.T.);
#9903 = VERTEX_POINT('',#9904);
#9904 = CARTESIAN_POINT('',(9.636552,101.71919,1.585));
#9905 = LINE('',#9906,#9907);
#9906 = CARTESIAN_POINT('',(9.876823,101.706912,1.585));
#9907 = VECTOR('',#9908,1.);
#9908 = DIRECTION('',(-0.998696914176,5.103404369335E-02,0.));
#9909 = ORIENTED_EDGE('',*,*,#9910,.T.);
#9910 = EDGE_CURVE('',#9903,#9911,#9913,.T.);
#9911 = VERTEX_POINT('',#9912);
#9912 = CARTESIAN_POINT('',(9.636552,101.271356,1.585));
#9913 = LINE('',#9914,#9915);
#9914 = CARTESIAN_POINT('',(9.636552,101.71919,1.585));
#9915 = VECTOR('',#9916,1.);
#9916 = DIRECTION('',(0.,-1.,0.));
#9917 = ORIENTED_EDGE('',*,*,#9918,.T.);
#9918 = EDGE_CURVE('',#9911,#9919,#9921,.T.);
#9919 = VERTEX_POINT('',#9920);
#9920 = CARTESIAN_POINT('',(9.862428,101.273145,1.585));
#9921 = LINE('',#9922,#9923);
#9922 = CARTESIAN_POINT('',(9.636552,101.271356,1.585));
#9923 = VECTOR('',#9924,1.);
#9924 = DIRECTION('',(0.999968636099,7.920026430356E-03,0.));
#9925 = ORIENTED_EDGE('',*,*,#9926,.T.);
#9926 = EDGE_CURVE('',#9919,#9927,#9929,.T.);
#9927 = VERTEX_POINT('',#9928);
#9928 = CARTESIAN_POINT('',(9.971219,101.286954,1.585));
#9929 = LINE('',#9930,#9931);
#9930 = CARTESIAN_POINT('',(9.862428,101.273145,1.585));
#9931 = VECTOR('',#9932,1.);
#9932 = DIRECTION('',(0.992040257769,0.125921114058,0.));
#9933 = ORIENTED_EDGE('',*,*,#9934,.T.);
#9934 = EDGE_CURVE('',#9927,#9935,#9937,.T.);
#9935 = VERTEX_POINT('',#9936);
#9936 = CARTESIAN_POINT('',(10.10189,101.396153,1.585));
#9937 = CIRCLE('',#9938,0.229680974797);
#9938 = AXIS2_PLACEMENT_3D('',#9939,#9940,#9941);
#9939 = CARTESIAN_POINT('',(9.899766767952,101.50523805511,1.585));
#9940 = DIRECTION('',(0.,0.,1.));
#9941 = DIRECTION('',(0.311093385558,-0.950379348188,0.));
#9942 = ORIENTED_EDGE('',*,*,#9943,.T.);
#9943 = EDGE_CURVE('',#9935,#9944,#9946,.T.);
#9944 = VERTEX_POINT('',#9945);
#9945 = CARTESIAN_POINT('',(10.110588,101.427094,1.585));
#9946 = LINE('',#9947,#9948);
#9947 = CARTESIAN_POINT('',(10.10189,101.396153,1.585));
#9948 = VECTOR('',#9949,1.);
#9949 = DIRECTION('',(0.270625738343,0.962684636704,0.));
#9950 = ORIENTED_EDGE('',*,*,#9951,.T.);
#9951 = EDGE_CURVE('',#9944,#9952,#9954,.T.);
#9952 = VERTEX_POINT('',#9953);
#9953 = CARTESIAN_POINT('',(10.11245,101.517132,1.585));
#9954 = LINE('',#9955,#9956);
#9955 = CARTESIAN_POINT('',(10.110588,101.427094,1.585));
#9956 = VECTOR('',#9957,1.);
#9957 = DIRECTION('',(2.067573655474E-02,0.999786234111,0.));
#9958 = ORIENTED_EDGE('',*,*,#9959,.T.);
#9959 = EDGE_CURVE('',#9952,#9960,#9962,.T.);
#9960 = VERTEX_POINT('',#9961);
#9961 = CARTESIAN_POINT('',(10.044879,101.653873,1.585));
#9962 = CIRCLE('',#9963,0.183849979969);
#9963 = AXIS2_PLACEMENT_3D('',#9964,#9965,#9966);
#9964 = CARTESIAN_POINT('',(9.928689648019,101.51139194995,1.585));
#9965 = DIRECTION('',(0.,0.,1.));
#9966 = DIRECTION('',(0.999512493892,3.122137974791E-02,-0.));
#9967 = ORIENTED_EDGE('',*,*,#9968,.T.);
#9968 = EDGE_CURVE('',#9960,#9969,#9971,.T.);
#9969 = VERTEX_POINT('',#9970);
#9970 = CARTESIAN_POINT('',(10.002859,101.678299,1.585));
#9971 = LINE('',#9972,#9973);
#9972 = CARTESIAN_POINT('',(10.044879,101.653873,1.585));
#9973 = VECTOR('',#9974,1.);
#9974 = DIRECTION('',(-0.86454502355,0.502555372328,0.));
#9975 = ORIENTED_EDGE('',*,*,#9976,.T.);
#9976 = EDGE_CURVE('',#9969,#9893,#9977,.T.);
#9977 = LINE('',#9978,#9979);
#9978 = CARTESIAN_POINT('',(10.002859,101.678299,1.585));
#9979 = VECTOR('',#9980,1.);
#9980 = DIRECTION('',(-0.954072386206,0.299576170414,0.));
#9981 = FACE_BOUND('',#9982,.F.);
#9982 = EDGE_LOOP('',(#9983,#9994,#10002,#10010,#10018,#10026,#10035,
    #10043));
#9983 = ORIENTED_EDGE('',*,*,#9984,.T.);
#9984 = EDGE_CURVE('',#9985,#9987,#9989,.T.);
#9985 = VERTEX_POINT('',#9986);
#9986 = CARTESIAN_POINT('',(10.032875,102.198456,1.585));
#9987 = VERTEX_POINT('',#9988);
#9988 = CARTESIAN_POINT('',(9.866432,102.343317,1.585));
#9989 = CIRCLE('',#9990,0.182645007768);
#9990 = AXIS2_PLACEMENT_3D('',#9991,#9992,#9993);
#9991 = CARTESIAN_POINT('',(9.8540932203,102.1610892486,1.585));
#9992 = DIRECTION('',(0.,0.,1.));
#9993 = DIRECTION('',(0.978848433282,0.204586765607,-0.));
#9994 = ORIENTED_EDGE('',*,*,#9995,.T.);
#9995 = EDGE_CURVE('',#9987,#9996,#9998,.T.);
#9996 = VERTEX_POINT('',#9997);
#9997 = CARTESIAN_POINT('',(9.636552,102.354616,1.585));
#9998 = LINE('',#9999,#10000);
#9999 = CARTESIAN_POINT('',(9.866432,102.343317,1.585));
#10000 = VECTOR('',#10001,1.);
#10001 = DIRECTION('',(-0.998794237958,4.90924660461E-02,0.));
#10002 = ORIENTED_EDGE('',*,*,#10003,.T.);
#10003 = EDGE_CURVE('',#9996,#10004,#10006,.T.);
#10004 = VERTEX_POINT('',#10005);
#10005 = CARTESIAN_POINT('',(9.636552,101.949254,1.585));
#10006 = LINE('',#10007,#10008);
#10007 = CARTESIAN_POINT('',(9.636552,102.354616,1.585));
#10008 = VECTOR('',#10009,1.);
#10009 = DIRECTION('',(0.,-1.,0.));
#10010 = ORIENTED_EDGE('',*,*,#10011,.T.);
#10011 = EDGE_CURVE('',#10004,#10012,#10014,.T.);
#10012 = VERTEX_POINT('',#10013);
#10013 = CARTESIAN_POINT('',(9.864798,101.953223,1.585));
#10014 = LINE('',#10015,#10016);
#10015 = CARTESIAN_POINT('',(9.636552,101.949254,1.585));
#10016 = VECTOR('',#10017,1.);
#10017 = DIRECTION('',(0.99984884331,1.738650429403E-02,0.));
#10018 = ORIENTED_EDGE('',*,*,#10019,.T.);
#10019 = EDGE_CURVE('',#10012,#10020,#10022,.T.);
#10020 = VERTEX_POINT('',#10021);
#10021 = CARTESIAN_POINT('',(9.927836,101.969175,1.585));
#10022 = LINE('',#10023,#10024);
#10023 = CARTESIAN_POINT('',(9.864798,101.953223,1.585));
#10024 = VECTOR('',#10025,1.);
#10025 = DIRECTION('',(0.969441934813,0.245320881756,0.));
#10026 = ORIENTED_EDGE('',*,*,#10027,.T.);
#10027 = EDGE_CURVE('',#10020,#10028,#10030,.T.);
#10028 = VERTEX_POINT('',#10029);
#10029 = CARTESIAN_POINT('',(10.023708,102.073011,1.585));
#10030 = CIRCLE('',#10031,0.161833679563);
#10031 = AXIS2_PLACEMENT_3D('',#10032,#10033,#10034);
#10032 = CARTESIAN_POINT('',(9.868803083285,102.11985762867,1.585));
#10033 = DIRECTION('',(0.,0.,1.));
#10034 = DIRECTION('',(0.36477522401,-0.93109561053,0.));
#10035 = ORIENTED_EDGE('',*,*,#10036,.T.);
#10036 = EDGE_CURVE('',#10028,#10037,#10039,.T.);
#10037 = VERTEX_POINT('',#10038);
#10038 = CARTESIAN_POINT('',(10.037261,102.137124,1.585));
#10039 = LINE('',#10040,#10041);
#10040 = CARTESIAN_POINT('',(10.023708,102.073011,1.585));
#10041 = VECTOR('',#10042,1.);
#10042 = DIRECTION('',(0.206821792607,0.978378631258,0.));
#10043 = ORIENTED_EDGE('',*,*,#10044,.T.);
#10044 = EDGE_CURVE('',#10037,#9985,#10045,.T.);
#10045 = LINE('',#10046,#10047);
#10046 = CARTESIAN_POINT('',(10.037261,102.137124,1.585));
#10047 = VECTOR('',#10048,1.);
#10048 = DIRECTION('',(-7.133026433655E-02,0.99745275246,0.));
#10049 = PLANE('',#10050);
#10050 = AXIS2_PLACEMENT_3D('',#10051,#10052,#10053);
#10051 = CARTESIAN_POINT('',(0.,0.,1.585));
#10052 = DIRECTION('',(0.,0.,1.));
#10053 = DIRECTION('',(1.,0.,-0.));
#10054 = SHELL_BASED_SURFACE_MODEL('',(#10055));
#10055 = OPEN_SHELL('',(#10056));
#10056 = ADVANCED_FACE('',(#10057,#10214),#10369,.T.);
#10057 = FACE_BOUND('',#10058,.F.);
#10058 = EDGE_LOOP('',(#10059,#10069,#10077,#10085,#10093,#10101,#10110,
    #10118,#10126,#10135,#10143,#10151,#10160,#10168,#10176,#10184,
    #10192,#10200,#10208));
#10059 = ORIENTED_EDGE('',*,*,#10060,.T.);
#10060 = EDGE_CURVE('',#10061,#10063,#10065,.T.);
#10061 = VERTEX_POINT('',#10062);
#10062 = CARTESIAN_POINT('',(7.155819,102.580952,1.585));
#10063 = VERTEX_POINT('',#10064);
#10064 = CARTESIAN_POINT('',(7.234806,102.591164,1.585));
#10065 = LINE('',#10066,#10067);
#10066 = CARTESIAN_POINT('',(7.155819,102.580952,1.585));
#10067 = VECTOR('',#10068,1.);
#10068 = DIRECTION('',(0.991745758403,0.128219930936,0.));
#10069 = ORIENTED_EDGE('',*,*,#10070,.T.);
#10070 = EDGE_CURVE('',#10063,#10071,#10073,.T.);
#10071 = VERTEX_POINT('',#10072);
#10072 = CARTESIAN_POINT('',(7.541346,102.592171,1.585));
#10073 = LINE('',#10074,#10075);
#10074 = CARTESIAN_POINT('',(7.234806,102.591164,1.585));
#10075 = VECTOR('',#10076,1.);
#10076 = DIRECTION('',(0.999994604259,3.285034796358E-03,0.));
#10077 = ORIENTED_EDGE('',*,*,#10078,.T.);
#10078 = EDGE_CURVE('',#10071,#10079,#10081,.T.);
#10079 = VERTEX_POINT('',#10080);
#10080 = CARTESIAN_POINT('',(7.735234,102.579874,1.585));
#10081 = LINE('',#10082,#10083);
#10082 = CARTESIAN_POINT('',(7.541346,102.592171,1.585));
#10083 = VECTOR('',#10084,1.);
#10084 = DIRECTION('',(0.997994795435,-6.329603688444E-02,0.));
#10085 = ORIENTED_EDGE('',*,*,#10086,.T.);
#10086 = EDGE_CURVE('',#10079,#10087,#10089,.T.);
#10087 = VERTEX_POINT('',#10088);
#10088 = CARTESIAN_POINT('',(7.882745,102.55904,1.585));
#10089 = LINE('',#10090,#10091);
#10090 = CARTESIAN_POINT('',(7.735234,102.579874,1.585));
#10091 = VECTOR('',#10092,1.);
#10092 = DIRECTION('',(0.990172846633,-0.139848967784,0.));
#10093 = ORIENTED_EDGE('',*,*,#10094,.T.);
#10094 = EDGE_CURVE('',#10087,#10095,#10097,.T.);
#10095 = VERTEX_POINT('',#10096);
#10096 = CARTESIAN_POINT('',(8.023724,102.510754,1.585));
#10097 = LINE('',#10098,#10099);
#10098 = CARTESIAN_POINT('',(7.882745,102.55904,1.585));
#10099 = VECTOR('',#10100,1.);
#10100 = DIRECTION('',(0.946048130838,-0.324026131875,0.));
#10101 = ORIENTED_EDGE('',*,*,#10102,.T.);
#10102 = EDGE_CURVE('',#10095,#10103,#10105,.T.);
#10103 = VERTEX_POINT('',#10104);
#10104 = CARTESIAN_POINT('',(8.279244,102.293215,1.585));
#10105 = CIRCLE('',#10106,0.613556929339);
#10106 = AXIS2_PLACEMENT_3D('',#10107,#10108,#10109);
#10107 = CARTESIAN_POINT('',(7.768908234597,101.95261330873,1.585));
#10108 = DIRECTION('',(0.,0.,-1.));
#10109 = DIRECTION('',(0.415309082529,0.909680364726,0.));
#10110 = ORIENTED_EDGE('',*,*,#10111,.T.);
#10111 = EDGE_CURVE('',#10103,#10112,#10114,.T.);
#10112 = VERTEX_POINT('',#10113);
#10113 = CARTESIAN_POINT('',(8.333975,102.191796,1.585));
#10114 = LINE('',#10115,#10116);
#10115 = CARTESIAN_POINT('',(8.279244,102.293215,1.585));
#10116 = VECTOR('',#10117,1.);
#10117 = DIRECTION('',(0.474912014434,-0.880033282635,0.));
#10118 = ORIENTED_EDGE('',*,*,#10119,.T.);
#10119 = EDGE_CURVE('',#10112,#10120,#10122,.T.);
#10120 = VERTEX_POINT('',#10121);
#10121 = CARTESIAN_POINT('',(8.380466,102.042382,1.585));
#10122 = LINE('',#10123,#10124);
#10123 = CARTESIAN_POINT('',(8.333975,102.191796,1.585));
#10124 = VECTOR('',#10125,1.);
#10125 = DIRECTION('',(0.297105267155,-0.954844730953,0.));
#10126 = ORIENTED_EDGE('',*,*,#10127,.T.);
#10127 = EDGE_CURVE('',#10120,#10128,#10130,.T.);
#10128 = VERTEX_POINT('',#10129);
#10129 = CARTESIAN_POINT('',(8.386246,101.631489,1.585));
#10130 = CIRCLE('',#10131,1.50827764413);
#10131 = AXIS2_PLACEMENT_3D('',#10132,#10133,#10134);
#10132 = CARTESIAN_POINT('',(6.889286683393,101.81591854266,1.585));
#10133 = DIRECTION('',(0.,0.,-1.));
#10134 = DIRECTION('',(0.988663673701,0.150147062257,0.));
#10135 = ORIENTED_EDGE('',*,*,#10136,.T.);
#10136 = EDGE_CURVE('',#10128,#10137,#10139,.T.);
#10137 = VERTEX_POINT('',#10138);
#10138 = CARTESIAN_POINT('',(8.357383,101.504851,1.585));
#10139 = LINE('',#10140,#10141);
#10140 = CARTESIAN_POINT('',(8.386246,101.631489,1.585));
#10141 = VECTOR('',#10142,1.);
#10142 = DIRECTION('',(-0.222218716743,-0.97499684201,0.));
#10143 = ORIENTED_EDGE('',*,*,#10144,.T.);
#10144 = EDGE_CURVE('',#10137,#10145,#10147,.T.);
#10145 = VERTEX_POINT('',#10146);
#10146 = CARTESIAN_POINT('',(8.31315,101.392766,1.585));
#10147 = LINE('',#10148,#10149);
#10148 = CARTESIAN_POINT('',(8.357383,101.504851,1.585));
#10149 = VECTOR('',#10150,1.);
#10150 = DIRECTION('',(-0.367086984902,-0.93018661865,0.));
#10151 = ORIENTED_EDGE('',*,*,#10152,.T.);
#10152 = EDGE_CURVE('',#10145,#10153,#10155,.T.);
#10153 = VERTEX_POINT('',#10154);
#10154 = CARTESIAN_POINT('',(7.986154,101.09358,1.585));
#10155 = CIRCLE('',#10156,0.601750704148);
#10156 = AXIS2_PLACEMENT_3D('',#10157,#10158,#10159);
#10157 = CARTESIAN_POINT('',(7.771996356294,101.65593257053,1.585));
#10158 = DIRECTION('',(0.,0.,-1.));
#10159 = DIRECTION('',(0.899298729484,-0.437334877581,0.));
#10160 = ORIENTED_EDGE('',*,*,#10161,.T.);
#10161 = EDGE_CURVE('',#10153,#10162,#10164,.T.);
#10162 = VERTEX_POINT('',#10163);
#10163 = CARTESIAN_POINT('',(7.867793,101.056973,1.585));
#10164 = LINE('',#10165,#10166);
#10165 = CARTESIAN_POINT('',(7.986154,101.09358,1.585));
#10166 = VECTOR('',#10167,1.);
#10167 = DIRECTION('',(-0.955350953161,-0.295473444313,0.));
#10168 = ORIENTED_EDGE('',*,*,#10169,.T.);
#10169 = EDGE_CURVE('',#10162,#10170,#10172,.T.);
#10170 = VERTEX_POINT('',#10171);
#10171 = CARTESIAN_POINT('',(7.73694,101.03677,1.585));
#10172 = LINE('',#10173,#10174);
#10173 = CARTESIAN_POINT('',(7.867793,101.056973,1.585));
#10174 = VECTOR('',#10175,1.);
#10175 = DIRECTION('',(-0.988290091702,-0.152586679118,0.));
#10176 = ORIENTED_EDGE('',*,*,#10177,.T.);
#10177 = EDGE_CURVE('',#10170,#10178,#10180,.T.);
#10178 = VERTEX_POINT('',#10179);
#10179 = CARTESIAN_POINT('',(7.424957,101.027799,1.585));
#10180 = LINE('',#10181,#10182);
#10181 = CARTESIAN_POINT('',(7.73694,101.03677,1.585));
#10182 = VECTOR('',#10183,1.);
#10183 = DIRECTION('',(-0.999586837742,-2.874289150816E-02,0.));
#10184 = ORIENTED_EDGE('',*,*,#10185,.T.);
#10185 = EDGE_CURVE('',#10178,#10186,#10188,.T.);
#10186 = VERTEX_POINT('',#10187);
#10187 = CARTESIAN_POINT('',(7.157023,101.027736,1.585));
#10188 = LINE('',#10189,#10190);
#10189 = CARTESIAN_POINT('',(7.424957,101.027799,1.585));
#10190 = VECTOR('',#10191,1.);
#10191 = DIRECTION('',(-0.999999972356,-2.351325261285E-04,0.));
#10192 = ORIENTED_EDGE('',*,*,#10193,.T.);
#10193 = EDGE_CURVE('',#10186,#10194,#10196,.T.);
#10194 = VERTEX_POINT('',#10195);
#10195 = CARTESIAN_POINT('',(7.105025,101.079734,1.585));
#10196 = LINE('',#10197,#10198);
#10197 = CARTESIAN_POINT('',(7.157023,101.027736,1.585));
#10198 = VECTOR('',#10199,1.);
#10199 = DIRECTION('',(-0.707106781187,0.707106781187,0.));
#10200 = ORIENTED_EDGE('',*,*,#10201,.T.);
#10201 = EDGE_CURVE('',#10194,#10202,#10204,.T.);
#10202 = VERTEX_POINT('',#10203);
#10203 = CARTESIAN_POINT('',(7.105025,102.538722,1.585));
#10204 = LINE('',#10205,#10206);
#10205 = CARTESIAN_POINT('',(7.105025,101.079734,1.585));
#10206 = VECTOR('',#10207,1.);
#10207 = DIRECTION('',(0.,1.,0.));
#10208 = ORIENTED_EDGE('',*,*,#10209,.T.);
#10209 = EDGE_CURVE('',#10202,#10061,#10210,.T.);
#10210 = LINE('',#10211,#10212);
#10211 = CARTESIAN_POINT('',(7.105025,102.538722,1.585));
#10212 = VECTOR('',#10213,1.);
#10213 = DIRECTION('',(0.76895289258,0.639305442643,0.));
#10214 = FACE_BOUND('',#10215,.F.);
#10215 = EDGE_LOOP('',(#10216,#10226,#10234,#10242,#10250,#10258,#10266,
    #10274,#10282,#10290,#10298,#10306,#10314,#10322,#10330,#10339,
    #10347,#10355,#10363));
#10216 = ORIENTED_EDGE('',*,*,#10217,.T.);
#10217 = EDGE_CURVE('',#10218,#10220,#10222,.T.);
#10218 = VERTEX_POINT('',#10219);
#10219 = CARTESIAN_POINT('',(7.65572,102.334539,1.585));
#10220 = VERTEX_POINT('',#10221);
#10221 = CARTESIAN_POINT('',(7.526064,102.341084,1.585));
#10222 = LINE('',#10223,#10224);
#10223 = CARTESIAN_POINT('',(7.65572,102.334539,1.585));
#10224 = VECTOR('',#10225,1.);
#10225 = DIRECTION('',(-0.998728328223,5.041553733117E-02,0.));
#10226 = ORIENTED_EDGE('',*,*,#10227,.T.);
#10227 = EDGE_CURVE('',#10220,#10228,#10230,.T.);
#10228 = VERTEX_POINT('',#10229);
#10229 = CARTESIAN_POINT('',(7.42279,102.341164,1.585));
#10230 = LINE('',#10231,#10232);
#10231 = CARTESIAN_POINT('',(7.526064,102.341084,1.585));
#10232 = VECTOR('',#10233,1.);
#10233 = DIRECTION('',(-0.999999699968,7.746381084166E-04,0.));
#10234 = ORIENTED_EDGE('',*,*,#10235,.T.);
#10235 = EDGE_CURVE('',#10228,#10236,#10238,.T.);
#10236 = VERTEX_POINT('',#10237);
#10237 = CARTESIAN_POINT('',(7.42279,101.279639,1.585));
#10238 = LINE('',#10239,#10240);
#10239 = CARTESIAN_POINT('',(7.42279,102.341164,1.585));
#10240 = VECTOR('',#10241,1.);
#10241 = DIRECTION('',(0.,-1.,0.));
#10242 = ORIENTED_EDGE('',*,*,#10243,.T.);
#10243 = EDGE_CURVE('',#10236,#10244,#10246,.T.);
#10244 = VERTEX_POINT('',#10245);
#10245 = CARTESIAN_POINT('',(7.695617,101.2902,1.585));
#10246 = LINE('',#10247,#10248);
#10247 = CARTESIAN_POINT('',(7.42279,101.279639,1.585));
#10248 = VECTOR('',#10249,1.);
#10249 = DIRECTION('',(0.999251627775,3.868054276494E-02,0.));
#10250 = ORIENTED_EDGE('',*,*,#10251,.T.);
#10251 = EDGE_CURVE('',#10244,#10252,#10254,.T.);
#10252 = VERTEX_POINT('',#10253);
#10253 = CARTESIAN_POINT('',(7.765033,101.30208,1.585));
#10254 = LINE('',#10255,#10256);
#10255 = CARTESIAN_POINT('',(7.695617,101.2902,1.585));
#10256 = VECTOR('',#10257,1.);
#10257 = DIRECTION('',(0.985669240367,0.168689503509,0.));
#10258 = ORIENTED_EDGE('',*,*,#10259,.T.);
#10259 = EDGE_CURVE('',#10252,#10260,#10262,.T.);
#10260 = VERTEX_POINT('',#10261);
#10261 = CARTESIAN_POINT('',(7.79505,101.312269,1.585));
#10262 = LINE('',#10263,#10264);
#10263 = CARTESIAN_POINT('',(7.765033,101.30208,1.585));
#10264 = VECTOR('',#10265,1.);
#10265 = DIRECTION('',(0.946933955782,0.321428193206,0.));
#10266 = ORIENTED_EDGE('',*,*,#10267,.T.);
#10267 = EDGE_CURVE('',#10260,#10268,#10270,.T.);
#10268 = VERTEX_POINT('',#10269);
#10269 = CARTESIAN_POINT('',(7.874079,101.351645,1.585));
#10270 = LINE('',#10271,#10272);
#10271 = CARTESIAN_POINT('',(7.79505,101.312269,1.585));
#10272 = VECTOR('',#10273,1.);
#10273 = DIRECTION('',(0.89505375098,0.445958274793,0.));
#10274 = ORIENTED_EDGE('',*,*,#10275,.T.);
#10275 = EDGE_CURVE('',#10268,#10276,#10278,.T.);
#10276 = VERTEX_POINT('',#10277);
#10277 = CARTESIAN_POINT('',(7.938534,101.403023,1.585));
#10278 = LINE('',#10279,#10280);
#10279 = CARTESIAN_POINT('',(7.874079,101.351645,1.585));
#10280 = VECTOR('',#10281,1.);
#10281 = DIRECTION('',(0.781968354672,0.623318130887,0.));
#10282 = ORIENTED_EDGE('',*,*,#10283,.T.);
#10283 = EDGE_CURVE('',#10276,#10284,#10286,.T.);
#10284 = VERTEX_POINT('',#10285);
#10285 = CARTESIAN_POINT('',(7.989103,101.467579,1.585));
#10286 = LINE('',#10287,#10288);
#10287 = CARTESIAN_POINT('',(7.938534,101.403023,1.585));
#10288 = VECTOR('',#10289,1.);
#10289 = DIRECTION('',(0.616662982899,0.787227264214,0.));
#10290 = ORIENTED_EDGE('',*,*,#10291,.T.);
#10291 = EDGE_CURVE('',#10284,#10292,#10294,.T.);
#10292 = VERTEX_POINT('',#10293);
#10293 = CARTESIAN_POINT('',(8.026476,101.546491,1.585));
#10294 = LINE('',#10295,#10296);
#10295 = CARTESIAN_POINT('',(7.989103,101.467579,1.585));
#10296 = VECTOR('',#10297,1.);
#10297 = DIRECTION('',(0.428026773524,0.903766054434,0.));
#10298 = ORIENTED_EDGE('',*,*,#10299,.T.);
#10299 = EDGE_CURVE('',#10292,#10300,#10302,.T.);
#10300 = VERTEX_POINT('',#10301);
#10301 = CARTESIAN_POINT('',(8.05134,101.640934,1.585));
#10302 = LINE('',#10303,#10304);
#10303 = CARTESIAN_POINT('',(8.026476,101.546491,1.585));
#10304 = VECTOR('',#10305,1.);
#10305 = DIRECTION('',(0.254594605139,0.967047872152,0.));
#10306 = ORIENTED_EDGE('',*,*,#10307,.T.);
#10307 = EDGE_CURVE('',#10300,#10308,#10310,.T.);
#10308 = VERTEX_POINT('',#10309);
#10309 = CARTESIAN_POINT('',(8.065554,101.774484,1.585));
#10310 = LINE('',#10311,#10312);
#10311 = CARTESIAN_POINT('',(8.05134,101.640934,1.585));
#10312 = VECTOR('',#10313,1.);
#10313 = DIRECTION('',(0.10583430205,0.994383779287,0.));
#10314 = ORIENTED_EDGE('',*,*,#10315,.T.);
#10315 = EDGE_CURVE('',#10308,#10316,#10318,.T.);
#10316 = VERTEX_POINT('',#10317);
#10317 = CARTESIAN_POINT('',(8.065447,101.885778,1.585));
#10318 = LINE('',#10319,#10320);
#10319 = CARTESIAN_POINT('',(8.065554,101.774484,1.585));
#10320 = VECTOR('',#10321,1.);
#10321 = DIRECTION('',(-9.614170624524E-04,0.999999537839,0.));
#10322 = ORIENTED_EDGE('',*,*,#10323,.T.);
#10323 = EDGE_CURVE('',#10316,#10324,#10326,.T.);
#10324 = VERTEX_POINT('',#10325);
#10325 = CARTESIAN_POINT('',(8.054218,101.981408,1.585));
#10326 = LINE('',#10327,#10328);
#10327 = CARTESIAN_POINT('',(8.065447,101.885778,1.585));
#10328 = VECTOR('',#10329,1.);
#10329 = DIRECTION('',(-0.116620098366,0.993176596914,0.));
#10330 = ORIENTED_EDGE('',*,*,#10331,.T.);
#10331 = EDGE_CURVE('',#10324,#10332,#10334,.T.);
#10332 = VERTEX_POINT('',#10333);
#10333 = CARTESIAN_POINT('',(7.945096,102.20346,1.585));
#10334 = CIRCLE('',#10335,0.446838175893);
#10335 = AXIS2_PLACEMENT_3D('',#10336,#10337,#10338);
#10336 = CARTESIAN_POINT('',(7.614302023809,101.90306076439,1.585));
#10337 = DIRECTION('',(0.,0.,1.));
#10338 = DIRECTION('',(0.98450848635,0.175336933658,-0.));
#10339 = ORIENTED_EDGE('',*,*,#10340,.T.);
#10340 = EDGE_CURVE('',#10332,#10341,#10343,.T.);
#10341 = VERTEX_POINT('',#10342);
#10342 = CARTESIAN_POINT('',(7.890167,102.253475,1.585));
#10343 = LINE('',#10344,#10345);
#10344 = CARTESIAN_POINT('',(7.945096,102.20346,1.585));
#10345 = VECTOR('',#10346,1.);
#10346 = DIRECTION('',(-0.739406877518,0.673258842853,0.));
#10347 = ORIENTED_EDGE('',*,*,#10348,.T.);
#10348 = EDGE_CURVE('',#10341,#10349,#10351,.T.);
#10349 = VERTEX_POINT('',#10350);
#10350 = CARTESIAN_POINT('',(7.825064,102.291521,1.585));
#10351 = LINE('',#10352,#10353);
#10352 = CARTESIAN_POINT('',(7.890167,102.253475,1.585));
#10353 = VECTOR('',#10354,1.);
#10354 = DIRECTION('',(-0.863378921712,0.504556079681,0.));
#10355 = ORIENTED_EDGE('',*,*,#10356,.T.);
#10356 = EDGE_CURVE('',#10349,#10357,#10359,.T.);
#10357 = VERTEX_POINT('',#10358);
#10358 = CARTESIAN_POINT('',(7.747633,102.318306,1.585));
#10359 = LINE('',#10360,#10361);
#10360 = CARTESIAN_POINT('',(7.825064,102.291521,1.585));
#10361 = VECTOR('',#10362,1.);
#10362 = DIRECTION('',(-0.945054108183,0.326913952909,0.));
#10363 = ORIENTED_EDGE('',*,*,#10364,.T.);
#10364 = EDGE_CURVE('',#10357,#10218,#10365,.T.);
#10365 = LINE('',#10366,#10367);
#10366 = CARTESIAN_POINT('',(7.747633,102.318306,1.585));
#10367 = VECTOR('',#10368,1.);
#10368 = DIRECTION('',(-0.984759604668,0.17392101947,0.));
#10369 = PLANE('',#10370);
#10370 = AXIS2_PLACEMENT_3D('',#10371,#10372,#10373);
#10371 = CARTESIAN_POINT('',(0.,0.,1.585));
#10372 = DIRECTION('',(0.,0.,1.));
#10373 = DIRECTION('',(1.,0.,-0.));
#10374 = SHELL_BASED_SURFACE_MODEL('',(#10375));
#10375 = OPEN_SHELL('',(#10376));
#10376 = ADVANCED_FACE('',(#10377),#10750,.T.);
#10377 = FACE_BOUND('',#10378,.F.);
#10378 = EDGE_LOOP('',(#10379,#10390,#10398,#10406,#10414,#10422,#10430,
    #10438,#10446,#10454,#10462,#10470,#10478,#10486,#10494,#10502,
    #10510,#10518,#10526,#10534,#10542,#10550,#10559,#10567,#10575,
    #10583,#10591,#10599,#10607,#10615,#10623,#10631,#10639,#10647,
    #10655,#10663,#10671,#10679,#10687,#10695,#10703,#10712,#10720,
    #10728,#10736,#10744));
#10379 = ORIENTED_EDGE('',*,*,#10380,.T.);
#10380 = EDGE_CURVE('',#10381,#10383,#10385,.T.);
#10381 = VERTEX_POINT('',#10382);
#10382 = CARTESIAN_POINT('',(10.822874,102.550211,1.585));
#10383 = VERTEX_POINT('',#10384);
#10384 = CARTESIAN_POINT('',(11.142341,102.616382,1.585));
#10385 = CIRCLE('',#10386,0.859996337385);
#10386 = AXIS2_PLACEMENT_3D('',#10387,#10388,#10389);
#10387 = CARTESIAN_POINT('',(11.153869020245,101.75646293109,1.585));
#10388 = DIRECTION('',(0.,0.,-1.));
#10389 = DIRECTION('',(-0.384879569663,0.9229668016,0.));
#10390 = ORIENTED_EDGE('',*,*,#10391,.T.);
#10391 = EDGE_CURVE('',#10383,#10392,#10394,.T.);
#10392 = VERTEX_POINT('',#10393);
#10393 = CARTESIAN_POINT('',(11.241476,102.609853,1.585));
#10394 = LINE('',#10395,#10396);
#10395 = CARTESIAN_POINT('',(11.142341,102.616382,1.585));
#10396 = VECTOR('',#10397,1.);
#10397 = DIRECTION('',(0.997838280665,-6.571731612915E-02,0.));
#10398 = ORIENTED_EDGE('',*,*,#10399,.T.);
#10399 = EDGE_CURVE('',#10392,#10400,#10402,.T.);
#10400 = VERTEX_POINT('',#10401);
#10401 = CARTESIAN_POINT('',(11.333441,102.58987,1.585));
#10402 = LINE('',#10403,#10404);
#10403 = CARTESIAN_POINT('',(11.241476,102.609853,1.585));
#10404 = VECTOR('',#10405,1.);
#10405 = DIRECTION('',(0.977197073735,-0.212334356814,0.));
#10406 = ORIENTED_EDGE('',*,*,#10407,.T.);
#10407 = EDGE_CURVE('',#10400,#10408,#10410,.T.);
#10408 = VERTEX_POINT('',#10409);
#10409 = CARTESIAN_POINT('',(11.416142,102.556935,1.585));
#10410 = LINE('',#10411,#10412);
#10411 = CARTESIAN_POINT('',(11.333441,102.58987,1.585));
#10412 = VECTOR('',#10413,1.);
#10413 = DIRECTION('',(0.929038858023,-0.369982162114,0.));
#10414 = ORIENTED_EDGE('',*,*,#10415,.T.);
#10415 = EDGE_CURVE('',#10408,#10416,#10418,.T.);
#10416 = VERTEX_POINT('',#10417);
#10417 = CARTESIAN_POINT('',(11.487481,102.511551,1.585));
#10418 = LINE('',#10419,#10420);
#10419 = CARTESIAN_POINT('',(11.416142,102.556935,1.585));
#10420 = VECTOR('',#10421,1.);
#10421 = DIRECTION('',(0.843734042811,-0.536761460056,0.));
#10422 = ORIENTED_EDGE('',*,*,#10423,.T.);
#10423 = EDGE_CURVE('',#10416,#10424,#10426,.T.);
#10424 = VERTEX_POINT('',#10425);
#10425 = CARTESIAN_POINT('',(11.545365,102.45422,1.585));
#10426 = LINE('',#10427,#10428);
#10427 = CARTESIAN_POINT('',(11.487481,102.511551,1.585));
#10428 = VECTOR('',#10429,1.);
#10429 = DIRECTION('',(0.710492513464,-0.703704759336,0.));
#10430 = ORIENTED_EDGE('',*,*,#10431,.T.);
#10431 = EDGE_CURVE('',#10424,#10432,#10434,.T.);
#10432 = VERTEX_POINT('',#10433);
#10433 = CARTESIAN_POINT('',(11.596329,102.364606,1.585));
#10434 = LINE('',#10435,#10436);
#10435 = CARTESIAN_POINT('',(11.545365,102.45422,1.585));
#10436 = VECTOR('',#10437,1.);
#10437 = DIRECTION('',(0.494353677321,-0.86926085942,0.));
#10438 = ORIENTED_EDGE('',*,*,#10439,.T.);
#10439 = EDGE_CURVE('',#10432,#10440,#10442,.T.);
#10440 = VERTEX_POINT('',#10441);
#10441 = CARTESIAN_POINT('',(11.621214,102.268283,1.585));
#10442 = LINE('',#10443,#10444);
#10443 = CARTESIAN_POINT('',(11.596329,102.364606,1.585));
#10444 = VECTOR('',#10445,1.);
#10445 = DIRECTION('',(0.250136716512,-0.968210526204,0.));
#10446 = ORIENTED_EDGE('',*,*,#10447,.T.);
#10447 = EDGE_CURVE('',#10440,#10448,#10450,.T.);
#10448 = VERTEX_POINT('',#10449);
#10449 = CARTESIAN_POINT('',(11.626056,102.167408,1.585));
#10450 = LINE('',#10451,#10452);
#10451 = CARTESIAN_POINT('',(11.621214,102.268283,1.585));
#10452 = VECTOR('',#10453,1.);
#10453 = DIRECTION('',(4.79447993684E-02,-0.998849986842,0.));
#10454 = ORIENTED_EDGE('',*,*,#10455,.T.);
#10455 = EDGE_CURVE('',#10448,#10456,#10458,.T.);
#10456 = VERTEX_POINT('',#10457);
#10457 = CARTESIAN_POINT('',(11.61101,102.063821,1.585));
#10458 = LINE('',#10459,#10460);
#10459 = CARTESIAN_POINT('',(11.626056,102.167408,1.585));
#10460 = VECTOR('',#10461,1.);
#10461 = DIRECTION('',(-0.143741505493,-0.989615268475,0.));
#10462 = ORIENTED_EDGE('',*,*,#10463,.T.);
#10463 = EDGE_CURVE('',#10456,#10464,#10466,.T.);
#10464 = VERTEX_POINT('',#10465);
#10465 = CARTESIAN_POINT('',(11.576228,101.959363,1.585));
#10466 = LINE('',#10467,#10468);
#10467 = CARTESIAN_POINT('',(11.61101,102.063821,1.585));
#10468 = VECTOR('',#10469,1.);
#10469 = DIRECTION('',(-0.315922563117,-0.948784977808,0.));
#10470 = ORIENTED_EDGE('',*,*,#10471,.T.);
#10471 = EDGE_CURVE('',#10464,#10472,#10474,.T.);
#10472 = VERTEX_POINT('',#10473);
#10473 = CARTESIAN_POINT('',(11.508881,101.831585,1.585));
#10474 = LINE('',#10475,#10476);
#10475 = CARTESIAN_POINT('',(11.576228,101.959363,1.585));
#10476 = VECTOR('',#10477,1.);
#10477 = DIRECTION('',(-0.466263678656,-0.884645794635,0.));
#10478 = ORIENTED_EDGE('',*,*,#10479,.T.);
#10479 = EDGE_CURVE('',#10472,#10480,#10482,.T.);
#10480 = VERTEX_POINT('',#10481);
#10481 = CARTESIAN_POINT('',(11.401453,101.688882,1.585));
#10482 = LINE('',#10483,#10484);
#10483 = CARTESIAN_POINT('',(11.508881,101.831585,1.585));
#10484 = VECTOR('',#10485,1.);
#10485 = DIRECTION('',(-0.601434935078,-0.7989217852,0.));
#10486 = ORIENTED_EDGE('',*,*,#10487,.T.);
#10487 = EDGE_CURVE('',#10480,#10488,#10490,.T.);
#10488 = VERTEX_POINT('',#10489);
#10489 = CARTESIAN_POINT('',(11.025972,101.287244,1.585));
#10490 = LINE('',#10491,#10492);
#10491 = CARTESIAN_POINT('',(11.401453,101.688882,1.585));
#10492 = VECTOR('',#10493,1.);
#10493 = DIRECTION('',(-0.682919579582,-0.730493564532,0.));
#10494 = ORIENTED_EDGE('',*,*,#10495,.T.);
#10495 = EDGE_CURVE('',#10488,#10496,#10498,.T.);
#10496 = VERTEX_POINT('',#10497);
#10497 = CARTESIAN_POINT('',(11.664872,101.276652,1.585));
#10498 = LINE('',#10499,#10500);
#10499 = CARTESIAN_POINT('',(11.025972,101.287244,1.585));
#10500 = VECTOR('',#10501,1.);
#10501 = DIRECTION('',(0.999862605085,-1.657621648624E-02,0.));
#10502 = ORIENTED_EDGE('',*,*,#10503,.T.);
#10503 = EDGE_CURVE('',#10496,#10504,#10506,.T.);
#10504 = VERTEX_POINT('',#10505);
#10505 = CARTESIAN_POINT('',(11.685946,101.200181,1.585));
#10506 = LINE('',#10507,#10508);
#10507 = CARTESIAN_POINT('',(11.664872,101.276652,1.585));
#10508 = VECTOR('',#10509,1.);
#10509 = DIRECTION('',(0.265677714859,-0.964061902487,0.));
#10510 = ORIENTED_EDGE('',*,*,#10511,.T.);
#10511 = EDGE_CURVE('',#10504,#10512,#10514,.T.);
#10512 = VERTEX_POINT('',#10513);
#10513 = CARTESIAN_POINT('',(11.686494,101.112773,1.585));
#10514 = LINE('',#10515,#10516);
#10515 = CARTESIAN_POINT('',(11.685946,101.200181,1.585));
#10516 = VECTOR('',#10517,1.);
#10517 = DIRECTION('',(6.269325810866E-03,-0.999980347584,0.));
#10518 = ORIENTED_EDGE('',*,*,#10519,.T.);
#10519 = EDGE_CURVE('',#10512,#10520,#10522,.T.);
#10520 = VERTEX_POINT('',#10521);
#10521 = CARTESIAN_POINT('',(11.671938,101.046395,1.585));
#10522 = LINE('',#10523,#10524);
#10523 = CARTESIAN_POINT('',(11.686494,101.112773,1.585));
#10524 = VECTOR('',#10525,1.);
#10525 = DIRECTION('',(-0.214199785484,-0.976789870903,0.));
#10526 = ORIENTED_EDGE('',*,*,#10527,.T.);
#10527 = EDGE_CURVE('',#10520,#10528,#10530,.T.);
#10528 = VERTEX_POINT('',#10529);
#10529 = CARTESIAN_POINT('',(11.650191,101.03592,1.585));
#10530 = LINE('',#10531,#10532);
#10531 = CARTESIAN_POINT('',(11.671938,101.046395,1.585));
#10532 = VECTOR('',#10533,1.);
#10533 = DIRECTION('',(-0.900933288638,-0.433957612474,0.));
#10534 = ORIENTED_EDGE('',*,*,#10535,.T.);
#10535 = EDGE_CURVE('',#10528,#10536,#10538,.T.);
#10536 = VERTEX_POINT('',#10537);
#10537 = CARTESIAN_POINT('',(11.422632,101.028364,1.585));
#10538 = LINE('',#10539,#10540);
#10539 = CARTESIAN_POINT('',(11.650191,101.03592,1.585));
#10540 = VECTOR('',#10541,1.);
#10541 = DIRECTION('',(-0.999449183515,-3.318628588914E-02,0.));
#10542 = ORIENTED_EDGE('',*,*,#10543,.T.);
#10543 = EDGE_CURVE('',#10536,#10544,#10546,.T.);
#10544 = VERTEX_POINT('',#10545);
#10545 = CARTESIAN_POINT('',(10.686713,101.027736,1.585));
#10546 = LINE('',#10547,#10548);
#10547 = CARTESIAN_POINT('',(11.422632,101.028364,1.585));
#10548 = VECTOR('',#10549,1.);
#10549 = DIRECTION('',(-0.999999635893,-8.53354474246E-04,0.));
#10550 = ORIENTED_EDGE('',*,*,#10551,.T.);
#10551 = EDGE_CURVE('',#10544,#10552,#10554,.T.);
#10552 = VERTEX_POINT('',#10553);
#10553 = CARTESIAN_POINT('',(10.64317,101.130017,1.585));
#10554 = CIRCLE('',#10555,0.148371300796);
#10555 = AXIS2_PLACEMENT_3D('',#10556,#10557,#10558);
#10556 = CARTESIAN_POINT('',(10.791515912167,101.13276167543,1.585));
#10557 = DIRECTION('',(0.,0.,-1.));
#10558 = DIRECTION('',(-0.706355687419,-0.707857077984,-0.));
#10559 = ORIENTED_EDGE('',*,*,#10560,.T.);
#10560 = EDGE_CURVE('',#10552,#10561,#10563,.T.);
#10561 = VERTEX_POINT('',#10562);
#10562 = CARTESIAN_POINT('',(10.641488,101.180747,1.585));
#10563 = LINE('',#10564,#10565);
#10564 = CARTESIAN_POINT('',(10.64317,101.130017,1.585));
#10565 = VECTOR('',#10566,1.);
#10566 = DIRECTION('',(-3.313771412225E-02,0.999450795138,0.));
#10567 = ORIENTED_EDGE('',*,*,#10568,.T.);
#10568 = EDGE_CURVE('',#10561,#10569,#10571,.T.);
#10569 = VERTEX_POINT('',#10570);
#10570 = CARTESIAN_POINT('',(10.64595,101.231474,1.585));
#10571 = LINE('',#10572,#10573);
#10572 = CARTESIAN_POINT('',(10.641488,101.180747,1.585));
#10573 = VECTOR('',#10574,1.);
#10574 = DIRECTION('',(8.762272464294E-02,0.996153732175,0.));
#10575 = ORIENTED_EDGE('',*,*,#10576,.T.);
#10576 = EDGE_CURVE('',#10569,#10577,#10579,.T.);
#10577 = VERTEX_POINT('',#10578);
#10578 = CARTESIAN_POINT('',(10.662985,101.290314,1.585));
#10579 = LINE('',#10580,#10581);
#10580 = CARTESIAN_POINT('',(10.64595,101.231474,1.585));
#10581 = VECTOR('',#10582,1.);
#10582 = DIRECTION('',(0.278093751093,0.960553936853,0.));
#10583 = ORIENTED_EDGE('',*,*,#10584,.T.);
#10584 = EDGE_CURVE('',#10577,#10585,#10587,.T.);
#10585 = VERTEX_POINT('',#10586);
#10586 = CARTESIAN_POINT('',(10.779236,101.43014,1.585));
#10587 = LINE('',#10588,#10589);
#10588 = CARTESIAN_POINT('',(10.662985,101.290314,1.585));
#10589 = VECTOR('',#10590,1.);
#10590 = DIRECTION('',(0.639305526762,0.768952822643,0.));
#10591 = ORIENTED_EDGE('',*,*,#10592,.T.);
#10592 = EDGE_CURVE('',#10585,#10593,#10595,.T.);
#10593 = VERTEX_POINT('',#10594);
#10594 = CARTESIAN_POINT('',(11.039599,101.718101,1.585));
#10595 = LINE('',#10596,#10597);
#10596 = CARTESIAN_POINT('',(10.779236,101.43014,1.585));
#10597 = VECTOR('',#10598,1.);
#10598 = DIRECTION('',(0.67066804398,0.741757625363,0.));
#10599 = ORIENTED_EDGE('',*,*,#10600,.T.);
#10600 = EDGE_CURVE('',#10593,#10601,#10603,.T.);
#10601 = VERTEX_POINT('',#10602);
#10602 = CARTESIAN_POINT('',(11.145165,101.854379,1.585));
#10603 = LINE('',#10604,#10605);
#10604 = CARTESIAN_POINT('',(11.039599,101.718101,1.585));
#10605 = VECTOR('',#10606,1.);
#10606 = DIRECTION('',(0.61239243135,0.79055392607,0.));
#10607 = ORIENTED_EDGE('',*,*,#10608,.T.);
#10608 = EDGE_CURVE('',#10601,#10609,#10611,.T.);
#10609 = VERTEX_POINT('',#10610);
#10610 = CARTESIAN_POINT('',(11.181251,101.912328,1.585));
#10611 = LINE('',#10612,#10613);
#10612 = CARTESIAN_POINT('',(11.145165,101.854379,1.585));
#10613 = VECTOR('',#10614,1.);
#10614 = DIRECTION('',(0.528606452293,0.84886702056,0.));
#10615 = ORIENTED_EDGE('',*,*,#10616,.T.);
#10616 = EDGE_CURVE('',#10609,#10617,#10619,.T.);
#10617 = VERTEX_POINT('',#10618);
#10618 = CARTESIAN_POINT('',(11.207923,101.966124,1.585));
#10619 = LINE('',#10620,#10621);
#10620 = CARTESIAN_POINT('',(11.181251,101.912328,1.585));
#10621 = VECTOR('',#10622,1.);
#10622 = DIRECTION('',(0.44419998761,0.895927659472,0.));
#10623 = ORIENTED_EDGE('',*,*,#10624,.T.);
#10624 = EDGE_CURVE('',#10617,#10625,#10627,.T.);
#10625 = VERTEX_POINT('',#10626);
#10626 = CARTESIAN_POINT('',(11.226468,102.017745,1.585));
#10627 = LINE('',#10628,#10629);
#10628 = CARTESIAN_POINT('',(11.207923,101.966124,1.585));
#10629 = VECTOR('',#10630,1.);
#10630 = DIRECTION('',(0.338097055358,0.941111248025,0.));
#10631 = ORIENTED_EDGE('',*,*,#10632,.T.);
#10632 = EDGE_CURVE('',#10625,#10633,#10635,.T.);
#10633 = VERTEX_POINT('',#10634);
#10634 = CARTESIAN_POINT('',(11.241973,102.096366,1.585));
#10635 = LINE('',#10636,#10637);
#10636 = CARTESIAN_POINT('',(11.226468,102.017745,1.585));
#10637 = VECTOR('',#10638,1.);
#10638 = DIRECTION('',(0.193485262618,0.981103181704,0.));
#10639 = ORIENTED_EDGE('',*,*,#10640,.T.);
#10640 = EDGE_CURVE('',#10633,#10641,#10643,.T.);
#10641 = VERTEX_POINT('',#10642);
#10642 = CARTESIAN_POINT('',(11.241757,102.167702,1.585));
#10643 = LINE('',#10644,#10645);
#10644 = CARTESIAN_POINT('',(11.241973,102.096366,1.585));
#10645 = VECTOR('',#10646,1.);
#10646 = DIRECTION('',(-3.027910309349E-03,0.999995415869,0.));
#10647 = ORIENTED_EDGE('',*,*,#10648,.T.);
#10648 = EDGE_CURVE('',#10641,#10649,#10651,.T.);
#10649 = VERTEX_POINT('',#10650);
#10650 = CARTESIAN_POINT('',(11.224434,102.22719,1.585));
#10651 = LINE('',#10652,#10653);
#10652 = CARTESIAN_POINT('',(11.241757,102.167702,1.585));
#10653 = VECTOR('',#10654,1.);
#10654 = DIRECTION('',(-0.279588450031,0.9601199397,0.));
#10655 = ORIENTED_EDGE('',*,*,#10656,.T.);
#10656 = EDGE_CURVE('',#10649,#10657,#10659,.T.);
#10657 = VERTEX_POINT('',#10658);
#10658 = CARTESIAN_POINT('',(11.191104,102.273816,1.585));
#10659 = LINE('',#10660,#10661);
#10660 = CARTESIAN_POINT('',(11.224434,102.22719,1.585));
#10661 = VECTOR('',#10662,1.);
#10662 = DIRECTION('',(-0.581535239178,0.813521213979,0.));
#10663 = ORIENTED_EDGE('',*,*,#10664,.T.);
#10664 = EDGE_CURVE('',#10657,#10665,#10667,.T.);
#10665 = VERTEX_POINT('',#10666);
#10666 = CARTESIAN_POINT('',(11.142862,102.306568,1.585));
#10667 = LINE('',#10668,#10669);
#10668 = CARTESIAN_POINT('',(11.191104,102.273816,1.585));
#10669 = VECTOR('',#10670,1.);
#10670 = DIRECTION('',(-0.827345412868,0.561693482075,0.));
#10671 = ORIENTED_EDGE('',*,*,#10672,.T.);
#10672 = EDGE_CURVE('',#10665,#10673,#10675,.T.);
#10673 = VERTEX_POINT('',#10674);
#10674 = CARTESIAN_POINT('',(11.080807,102.324431,1.585));
#10675 = LINE('',#10676,#10677);
#10676 = CARTESIAN_POINT('',(11.142862,102.306568,1.585));
#10677 = VECTOR('',#10678,1.);
#10678 = DIRECTION('',(-0.960978010055,0.276624771471,0.));
#10679 = ORIENTED_EDGE('',*,*,#10680,.T.);
#10680 = EDGE_CURVE('',#10673,#10681,#10683,.T.);
#10681 = VERTEX_POINT('',#10682);
#10682 = CARTESIAN_POINT('',(10.994,102.325277,1.585));
#10683 = LINE('',#10684,#10685);
#10684 = CARTESIAN_POINT('',(11.080807,102.324431,1.585));
#10685 = VECTOR('',#10686,1.);
#10686 = DIRECTION('',(-0.999952513485,9.745295038463E-03,0.));
#10687 = ORIENTED_EDGE('',*,*,#10688,.T.);
#10688 = EDGE_CURVE('',#10681,#10689,#10691,.T.);
#10689 = VERTEX_POINT('',#10690);
#10690 = CARTESIAN_POINT('',(10.909828,102.305079,1.585));
#10691 = LINE('',#10692,#10693);
#10692 = CARTESIAN_POINT('',(10.994,102.325277,1.585));
#10693 = VECTOR('',#10694,1.);
#10694 = DIRECTION('',(-0.972395900146,-0.233337123879,0.));
#10695 = ORIENTED_EDGE('',*,*,#10696,.T.);
#10696 = EDGE_CURVE('',#10689,#10697,#10699,.T.);
#10697 = VERTEX_POINT('',#10698);
#10698 = CARTESIAN_POINT('',(10.730006,102.223416,1.585));
#10699 = LINE('',#10700,#10701);
#10700 = CARTESIAN_POINT('',(10.909828,102.305079,1.585));
#10701 = VECTOR('',#10702,1.);
#10702 = DIRECTION('',(-0.910508094859,-0.4134912444,0.));
#10703 = ORIENTED_EDGE('',*,*,#10704,.T.);
#10704 = EDGE_CURVE('',#10697,#10705,#10707,.T.);
#10705 = VERTEX_POINT('',#10706);
#10706 = CARTESIAN_POINT('',(10.678812,102.252315,1.585));
#10707 = CIRCLE('',#10708,3.481264426399E-02);
#10708 = AXIS2_PLACEMENT_3D('',#10709,#10710,#10711);
#10709 = CARTESIAN_POINT('',(10.713578393725,102.25410889743,1.585));
#10710 = DIRECTION('',(-0.,0.,-1.));
#10711 = DIRECTION('',(0.47188619601,-0.881659468284,-0.));
#10712 = ORIENTED_EDGE('',*,*,#10713,.T.);
#10713 = EDGE_CURVE('',#10705,#10714,#10716,.T.);
#10714 = VERTEX_POINT('',#10715);
#10715 = CARTESIAN_POINT('',(10.665853,102.364706,1.585));
#10716 = LINE('',#10717,#10718);
#10717 = CARTESIAN_POINT('',(10.678812,102.252315,1.585));
#10718 = VECTOR('',#10719,1.);
#10719 = DIRECTION('',(-0.114543924806,0.993418184497,0.));
#10720 = ORIENTED_EDGE('',*,*,#10721,.T.);
#10721 = EDGE_CURVE('',#10714,#10722,#10724,.T.);
#10722 = VERTEX_POINT('',#10723);
#10723 = CARTESIAN_POINT('',(10.673492,102.420925,1.585));
#10724 = LINE('',#10725,#10726);
#10725 = CARTESIAN_POINT('',(10.665853,102.364706,1.585));
#10726 = VECTOR('',#10727,1.);
#10727 = DIRECTION('',(0.134642052908,0.990894301926,0.));
#10728 = ORIENTED_EDGE('',*,*,#10729,.T.);
#10729 = EDGE_CURVE('',#10722,#10730,#10732,.T.);
#10730 = VERTEX_POINT('',#10731);
#10731 = CARTESIAN_POINT('',(10.695891,102.466246,1.585));
#10732 = LINE('',#10733,#10734);
#10733 = CARTESIAN_POINT('',(10.673492,102.420925,1.585));
#10734 = VECTOR('',#10735,1.);
#10735 = DIRECTION('',(0.443070660863,0.896486692306,0.));
#10736 = ORIENTED_EDGE('',*,*,#10737,.T.);
#10737 = EDGE_CURVE('',#10730,#10738,#10740,.T.);
#10738 = VERTEX_POINT('',#10739);
#10739 = CARTESIAN_POINT('',(10.734927,102.503832,1.585));
#10740 = LINE('',#10741,#10742);
#10741 = CARTESIAN_POINT('',(10.695891,102.466246,1.585));
#10742 = VECTOR('',#10743,1.);
#10743 = DIRECTION('',(0.720359142468,0.693601258551,0.));
#10744 = ORIENTED_EDGE('',*,*,#10745,.T.);
#10745 = EDGE_CURVE('',#10738,#10381,#10746,.T.);
#10746 = LINE('',#10747,#10748);
#10747 = CARTESIAN_POINT('',(10.734927,102.503832,1.585));
#10748 = VECTOR('',#10749,1.);
#10749 = DIRECTION('',(0.884540278656,0.466463820071,0.));
#10750 = PLANE('',#10751);
#10751 = AXIS2_PLACEMENT_3D('',#10752,#10753,#10754);
#10752 = CARTESIAN_POINT('',(0.,0.,1.585));
#10753 = DIRECTION('',(0.,0.,1.));
#10754 = DIRECTION('',(1.,0.,-0.));
#10755 = SHELL_BASED_SURFACE_MODEL('',(#10756));
#10756 = OPEN_SHELL('',(#10757));
#10757 = ADVANCED_FACE('',(#10758,#11085),#11341,.T.);
#10758 = FACE_BOUND('',#10759,.F.);
#10759 = EDGE_LOOP('',(#10760,#10770,#10778,#10786,#10795,#10803,#10812,
    #10820,#10828,#10836,#10844,#10852,#10860,#10868,#10876,#10884,
    #10892,#10900,#10908,#10916,#10924,#10932,#10940,#10948,#10956,
    #10964,#10973,#10981,#10989,#10997,#11006,#11014,#11022,#11030,
    #11038,#11046,#11055,#11063,#11071,#11079));
#10760 = ORIENTED_EDGE('',*,*,#10761,.T.);
#10761 = EDGE_CURVE('',#10762,#10764,#10766,.T.);
#10762 = VERTEX_POINT('',#10763);
#10763 = CARTESIAN_POINT('',(2.890627,103.077761,1.585));
#10764 = VERTEX_POINT('',#10765);
#10765 = CARTESIAN_POINT('',(3.027839,103.117019,1.585));
#10766 = LINE('',#10767,#10768);
#10767 = CARTESIAN_POINT('',(2.890627,103.077761,1.585));
#10768 = VECTOR('',#10769,1.);
#10769 = DIRECTION('',(0.961422878358,0.275074624366,0.));
#10770 = ORIENTED_EDGE('',*,*,#10771,.T.);
#10771 = EDGE_CURVE('',#10764,#10772,#10774,.T.);
#10772 = VERTEX_POINT('',#10773);
#10773 = CARTESIAN_POINT('',(3.14641,103.132598,1.585));
#10774 = LINE('',#10775,#10776);
#10775 = CARTESIAN_POINT('',(3.027839,103.117019,1.585));
#10776 = VECTOR('',#10777,1.);
#10777 = DIRECTION('',(0.991478555769,0.130270002111,0.));
#10778 = ORIENTED_EDGE('',*,*,#10779,.T.);
#10779 = EDGE_CURVE('',#10772,#10780,#10782,.T.);
#10780 = VERTEX_POINT('',#10781);
#10781 = CARTESIAN_POINT('',(3.321862,103.129043,1.585));
#10782 = LINE('',#10783,#10784);
#10783 = CARTESIAN_POINT('',(3.14641,103.132598,1.585));
#10784 = VECTOR('',#10785,1.);
#10785 = DIRECTION('',(0.999794789835,-2.025779402839E-02,0.));
#10786 = ORIENTED_EDGE('',*,*,#10787,.T.);
#10787 = EDGE_CURVE('',#10780,#10788,#10790,.T.);
#10788 = VERTEX_POINT('',#10789);
#10789 = CARTESIAN_POINT('',(3.619059,103.056355,1.585));
#10790 = CIRCLE('',#10791,0.908687305289);
#10791 = AXIS2_PLACEMENT_3D('',#10792,#10793,#10794);
#10792 = CARTESIAN_POINT('',(3.257659491682,102.22262661846,1.585));
#10793 = DIRECTION('',(0.,0.,-1.));
#10794 = DIRECTION('',(7.06541270518E-02,0.997500874351,0.));
#10795 = ORIENTED_EDGE('',*,*,#10796,.T.);
#10796 = EDGE_CURVE('',#10788,#10797,#10799,.T.);
#10797 = VERTEX_POINT('',#10798);
#10798 = CARTESIAN_POINT('',(3.75431,102.989344,1.585));
#10799 = LINE('',#10800,#10801);
#10800 = CARTESIAN_POINT('',(3.619059,103.056355,1.585));
#10801 = VECTOR('',#10802,1.);
#10802 = DIRECTION('',(0.896049707795,-0.443953737636,0.));
#10803 = ORIENTED_EDGE('',*,*,#10804,.T.);
#10804 = EDGE_CURVE('',#10797,#10805,#10807,.T.);
#10805 = VERTEX_POINT('',#10806);
#10806 = CARTESIAN_POINT('',(4.233313,102.428671,1.585));
#10807 = CIRCLE('',#10808,1.118911663743);
#10808 = AXIS2_PLACEMENT_3D('',#10809,#10810,#10811);
#10809 = CARTESIAN_POINT('',(3.190608013017,102.02280202929,1.585));
#10810 = DIRECTION('',(0.,0.,-1.));
#10811 = DIRECTION('',(0.503794897533,0.863823304397,0.));
#10812 = ORIENTED_EDGE('',*,*,#10813,.T.);
#10813 = EDGE_CURVE('',#10805,#10814,#10816,.T.);
#10814 = VERTEX_POINT('',#10815);
#10815 = CARTESIAN_POINT('',(4.261333,102.348804,1.585));
#10816 = LINE('',#10817,#10818);
#10817 = CARTESIAN_POINT('',(4.233313,102.428671,1.585));
#10818 = VECTOR('',#10819,1.);
#10819 = DIRECTION('',(0.331050801632,-0.943612932689,0.));
#10820 = ORIENTED_EDGE('',*,*,#10821,.T.);
#10821 = EDGE_CURVE('',#10814,#10822,#10824,.T.);
#10822 = VERTEX_POINT('',#10823);
#10823 = CARTESIAN_POINT('',(4.280092,102.273191,1.585));
#10824 = LINE('',#10825,#10826);
#10825 = CARTESIAN_POINT('',(4.261333,102.348804,1.585));
#10826 = VECTOR('',#10827,1.);
#10827 = DIRECTION('',(0.240792543352,-0.970576607521,0.));
#10828 = ORIENTED_EDGE('',*,*,#10829,.T.);
#10829 = EDGE_CURVE('',#10822,#10830,#10832,.T.);
#10830 = VERTEX_POINT('',#10831);
#10831 = CARTESIAN_POINT('',(4.284443,102.211503,1.585));
#10832 = LINE('',#10833,#10834);
#10833 = CARTESIAN_POINT('',(4.280092,102.273191,1.585));
#10834 = VECTOR('',#10835,1.);
#10835 = DIRECTION('',(7.035756561572E-02,-0.997521835831,0.));
#10836 = ORIENTED_EDGE('',*,*,#10837,.T.);
#10837 = EDGE_CURVE('',#10830,#10838,#10840,.T.);
#10838 = VERTEX_POINT('',#10839);
#10839 = CARTESIAN_POINT('',(4.273995,102.161788,1.585));
#10840 = LINE('',#10841,#10842);
#10841 = CARTESIAN_POINT('',(4.284443,102.211503,1.585));
#10842 = VECTOR('',#10843,1.);
#10843 = DIRECTION('',(-0.205665229741,-0.978622405873,0.));
#10844 = ORIENTED_EDGE('',*,*,#10845,.T.);
#10845 = EDGE_CURVE('',#10838,#10846,#10848,.T.);
#10846 = VERTEX_POINT('',#10847);
#10847 = CARTESIAN_POINT('',(4.248362,102.12209,1.585));
#10848 = LINE('',#10849,#10850);
#10849 = CARTESIAN_POINT('',(4.273995,102.161788,1.585));
#10850 = VECTOR('',#10851,1.);
#10851 = DIRECTION('',(-0.542446406866,-0.840090409229,0.));
#10852 = ORIENTED_EDGE('',*,*,#10853,.T.);
#10853 = EDGE_CURVE('',#10846,#10854,#10856,.T.);
#10854 = VERTEX_POINT('',#10855);
#10855 = CARTESIAN_POINT('',(4.191989,102.083184,1.585));
#10856 = LINE('',#10857,#10858);
#10857 = CARTESIAN_POINT('',(4.248362,102.12209,1.585));
#10858 = VECTOR('',#10859,1.);
#10859 = DIRECTION('',(-0.823021215382,-0.56801063285,0.));
#10860 = ORIENTED_EDGE('',*,*,#10861,.T.);
#10861 = EDGE_CURVE('',#10854,#10862,#10864,.T.);
#10862 = VERTEX_POINT('',#10863);
#10863 = CARTESIAN_POINT('',(4.142946,102.075025,1.585));
#10864 = LINE('',#10865,#10866);
#10865 = CARTESIAN_POINT('',(4.191989,102.083184,1.585));
#10866 = VECTOR('',#10867,1.);
#10867 = DIRECTION('',(-0.986442263017,-0.164108688783,0.));
#10868 = ORIENTED_EDGE('',*,*,#10869,.T.);
#10869 = EDGE_CURVE('',#10862,#10870,#10872,.T.);
#10870 = VERTEX_POINT('',#10871);
#10871 = CARTESIAN_POINT('',(4.01527,102.081874,1.585));
#10872 = LINE('',#10873,#10874);
#10873 = CARTESIAN_POINT('',(4.142946,102.075025,1.585));
#10874 = VECTOR('',#10875,1.);
#10875 = DIRECTION('',(-0.998564280072,5.356658067462E-02,0.));
#10876 = ORIENTED_EDGE('',*,*,#10877,.T.);
#10877 = EDGE_CURVE('',#10870,#10878,#10880,.T.);
#10878 = VERTEX_POINT('',#10879);
#10879 = CARTESIAN_POINT('',(3.889095,102.081854,1.585));
#10880 = LINE('',#10881,#10882);
#10881 = CARTESIAN_POINT('',(4.01527,102.081874,1.585));
#10882 = VECTOR('',#10883,1.);
#10883 = DIRECTION('',(-0.999999987437,-1.585100038905E-04,0.));
#10884 = ORIENTED_EDGE('',*,*,#10885,.T.);
#10885 = EDGE_CURVE('',#10878,#10886,#10888,.T.);
#10886 = VERTEX_POINT('',#10887);
#10887 = CARTESIAN_POINT('',(3.761721,102.061041,1.585));
#10888 = LINE('',#10889,#10890);
#10889 = CARTESIAN_POINT('',(3.889095,102.081854,1.585));
#10890 = VECTOR('',#10891,1.);
#10891 = DIRECTION('',(-0.986911623745,-0.161262044256,0.));
#10892 = ORIENTED_EDGE('',*,*,#10893,.T.);
#10893 = EDGE_CURVE('',#10886,#10894,#10896,.T.);
#10894 = VERTEX_POINT('',#10895);
#10895 = CARTESIAN_POINT('',(3.633739,102.019753,1.585));
#10896 = LINE('',#10897,#10898);
#10897 = CARTESIAN_POINT('',(3.761721,102.061041,1.585));
#10898 = VECTOR('',#10899,1.);
#10899 = DIRECTION('',(-0.951701048096,-0.307026244892,0.));
#10900 = ORIENTED_EDGE('',*,*,#10901,.T.);
#10901 = EDGE_CURVE('',#10894,#10902,#10904,.T.);
#10902 = VERTEX_POINT('',#10903);
#10903 = CARTESIAN_POINT('',(3.505738,101.958305,1.585));
#10904 = LINE('',#10905,#10906);
#10905 = CARTESIAN_POINT('',(3.633739,102.019753,1.585));
#10906 = VECTOR('',#10907,1.);
#10907 = DIRECTION('',(-0.90150239473,-0.432774112322,0.));
#10908 = ORIENTED_EDGE('',*,*,#10909,.T.);
#10909 = EDGE_CURVE('',#10902,#10910,#10912,.T.);
#10910 = VERTEX_POINT('',#10911);
#10911 = CARTESIAN_POINT('',(3.378308,101.877014,1.585));
#10912 = LINE('',#10913,#10914);
#10913 = CARTESIAN_POINT('',(3.505738,101.958305,1.585));
#10914 = VECTOR('',#10915,1.);
#10915 = DIRECTION('',(-0.843064095453,-0.537813100396,0.));
#10916 = ORIENTED_EDGE('',*,*,#10917,.T.);
#10917 = EDGE_CURVE('',#10910,#10918,#10920,.T.);
#10918 = VERTEX_POINT('',#10919);
#10919 = CARTESIAN_POINT('',(3.25204,101.776196,1.585));
#10920 = LINE('',#10921,#10922);
#10921 = CARTESIAN_POINT('',(3.378308,101.877014,1.585));
#10922 = VECTOR('',#10923,1.);
#10923 = DIRECTION('',(-0.78146138555,-0.623953606364,0.));
#10924 = ORIENTED_EDGE('',*,*,#10925,.T.);
#10925 = EDGE_CURVE('',#10918,#10926,#10928,.T.);
#10926 = VERTEX_POINT('',#10927);
#10927 = CARTESIAN_POINT('',(3.127522,101.656168,1.585));
#10928 = LINE('',#10929,#10930);
#10929 = CARTESIAN_POINT('',(3.25204,101.776196,1.585));
#10930 = VECTOR('',#10931,1.);
#10931 = DIRECTION('',(-0.719968309305,-0.694006940597,0.));
#10932 = ORIENTED_EDGE('',*,*,#10933,.T.);
#10933 = EDGE_CURVE('',#10926,#10934,#10936,.T.);
#10934 = VERTEX_POINT('',#10935);
#10935 = CARTESIAN_POINT('',(2.951069,101.458606,1.585));
#10936 = LINE('',#10937,#10938);
#10937 = CARTESIAN_POINT('',(3.127522,101.656168,1.585));
#10938 = VECTOR('',#10939,1.);
#10939 = DIRECTION('',(-0.66613834451,-0.74582820138,0.));
#10940 = ORIENTED_EDGE('',*,*,#10941,.T.);
#10941 = EDGE_CURVE('',#10934,#10942,#10944,.T.);
#10942 = VERTEX_POINT('',#10943);
#10943 = CARTESIAN_POINT('',(2.869394,101.376083,1.585));
#10944 = LINE('',#10945,#10946);
#10945 = CARTESIAN_POINT('',(2.951069,101.458606,1.585));
#10946 = VECTOR('',#10947,1.);
#10947 = DIRECTION('',(-0.703445549578,-0.710749153203,0.));
#10948 = ORIENTED_EDGE('',*,*,#10949,.T.);
#10949 = EDGE_CURVE('',#10942,#10950,#10952,.T.);
#10950 = VERTEX_POINT('',#10951);
#10951 = CARTESIAN_POINT('',(2.792938,101.309963,1.585));
#10952 = LINE('',#10953,#10954);
#10953 = CARTESIAN_POINT('',(2.869394,101.376083,1.585));
#10954 = VECTOR('',#10955,1.);
#10955 = DIRECTION('',(-0.756383280666,-0.654128682087,0.));
#10956 = ORIENTED_EDGE('',*,*,#10957,.T.);
#10957 = EDGE_CURVE('',#10950,#10958,#10960,.T.);
#10958 = VERTEX_POINT('',#10959);
#10959 = CARTESIAN_POINT('',(2.719677,101.258925,1.585));
#10960 = LINE('',#10961,#10962);
#10961 = CARTESIAN_POINT('',(2.792938,101.309963,1.585));
#10962 = VECTOR('',#10963,1.);
#10963 = DIRECTION('',(-0.820517395552,-0.571621556274,0.));
#10964 = ORIENTED_EDGE('',*,*,#10965,.T.);
#10965 = EDGE_CURVE('',#10958,#10966,#10968,.T.);
#10966 = VERTEX_POINT('',#10967);
#10967 = CARTESIAN_POINT('',(2.460363,101.180011,1.585));
#10968 = CIRCLE('',#10969,0.53028328261);
#10969 = AXIS2_PLACEMENT_3D('',#10970,#10971,#10972);
#10970 = CARTESIAN_POINT('',(2.440762841926,101.70993193147,1.585));
#10971 = DIRECTION('',(0.,0.,-1.));
#10972 = DIRECTION('',(0.525971998779,-0.850501885066,0.));
#10973 = ORIENTED_EDGE('',*,*,#10974,.T.);
#10974 = EDGE_CURVE('',#10966,#10975,#10977,.T.);
#10975 = VERTEX_POINT('',#10976);
#10976 = CARTESIAN_POINT('',(2.401831,101.179469,1.585));
#10977 = LINE('',#10978,#10979);
#10978 = CARTESIAN_POINT('',(2.460363,101.180011,1.585));
#10979 = VECTOR('',#10980,1.);
#10980 = DIRECTION('',(-0.999957129957,-9.259495052832E-03,0.));
#10981 = ORIENTED_EDGE('',*,*,#10982,.T.);
#10982 = EDGE_CURVE('',#10975,#10983,#10985,.T.);
#10983 = VERTEX_POINT('',#10984);
#10984 = CARTESIAN_POINT('',(2.354091,101.185255,1.585));
#10985 = LINE('',#10986,#10987);
#10986 = CARTESIAN_POINT('',(2.401831,101.179469,1.585));
#10987 = VECTOR('',#10988,1.);
#10988 = DIRECTION('',(-0.992735437982,0.120317705156,0.));
#10989 = ORIENTED_EDGE('',*,*,#10990,.T.);
#10990 = EDGE_CURVE('',#10983,#10991,#10993,.T.);
#10991 = VERTEX_POINT('',#10992);
#10992 = CARTESIAN_POINT('',(2.314848,101.195903,1.585));
#10993 = LINE('',#10994,#10995);
#10994 = CARTESIAN_POINT('',(2.354091,101.185255,1.585));
#10995 = VECTOR('',#10996,1.);
#10996 = DIRECTION('',(-0.965104096956,0.261866534781,0.));
#10997 = ORIENTED_EDGE('',*,*,#10998,.T.);
#10998 = EDGE_CURVE('',#10991,#10999,#11001,.T.);
#10999 = VERTEX_POINT('',#11000);
#11000 = CARTESIAN_POINT('',(2.079115,101.366114,1.585));
#11001 = CIRCLE('',#11002,0.48740414508);
#11002 = AXIS2_PLACEMENT_3D('',#11003,#11004,#11005);
#11003 = CARTESIAN_POINT('',(2.46931925934,101.65818152067,1.585));
#11004 = DIRECTION('',(0.,0.,-1.));
#11005 = DIRECTION('',(-0.316926437534,-0.948450121615,-0.));
#11006 = ORIENTED_EDGE('',*,*,#11007,.T.);
#11007 = EDGE_CURVE('',#10999,#11008,#11010,.T.);
#11008 = VERTEX_POINT('',#11009);
#11009 = CARTESIAN_POINT('',(2.027668,101.450209,1.585));
#11010 = LINE('',#11011,#11012);
#11011 = CARTESIAN_POINT('',(2.079115,101.366114,1.585));
#11012 = VECTOR('',#11013,1.);
#11013 = DIRECTION('',(-0.521860664535,0.853030742008,0.));
#11014 = ORIENTED_EDGE('',*,*,#11015,.T.);
#11015 = EDGE_CURVE('',#11008,#11016,#11018,.T.);
#11016 = VERTEX_POINT('',#11017);
#11017 = CARTESIAN_POINT('',(1.98836,101.565612,1.585));
#11018 = LINE('',#11019,#11020);
#11019 = CARTESIAN_POINT('',(2.027668,101.450209,1.585));
#11020 = VECTOR('',#11021,1.);
#11021 = DIRECTION('',(-0.32242456916,0.946595160141,0.));
#11022 = ORIENTED_EDGE('',*,*,#11023,.T.);
#11023 = EDGE_CURVE('',#11016,#11024,#11026,.T.);
#11024 = VERTEX_POINT('',#11025);
#11025 = CARTESIAN_POINT('',(1.978946,101.688699,1.585));
#11026 = LINE('',#11027,#11028);
#11027 = CARTESIAN_POINT('',(1.98836,101.565612,1.585));
#11028 = VECTOR('',#11029,1.);
#11029 = DIRECTION('',(-7.625976975525E-02,0.997087983839,0.));
#11030 = ORIENTED_EDGE('',*,*,#11031,.T.);
#11031 = EDGE_CURVE('',#11024,#11032,#11034,.T.);
#11032 = VERTEX_POINT('',#11033);
#11033 = CARTESIAN_POINT('',(1.986241,101.849138,1.585));
#11034 = LINE('',#11035,#11036);
#11035 = CARTESIAN_POINT('',(1.978946,101.688699,1.585));
#11036 = VECTOR('',#11037,1.);
#11037 = DIRECTION('',(4.542206523187E-02,0.998967885365,0.));
#11038 = ORIENTED_EDGE('',*,*,#11039,.T.);
#11039 = EDGE_CURVE('',#11032,#11040,#11042,.T.);
#11040 = VERTEX_POINT('',#11041);
#11041 = CARTESIAN_POINT('',(2.00774,102.001747,1.585));
#11042 = LINE('',#11043,#11044);
#11043 = CARTESIAN_POINT('',(1.986241,101.849138,1.585));
#11044 = VECTOR('',#11045,1.);
#11045 = DIRECTION('',(0.139498900045,0.990222226011,0.));
#11046 = ORIENTED_EDGE('',*,*,#11047,.T.);
#11047 = EDGE_CURVE('',#11040,#11048,#11050,.T.);
#11048 = VERTEX_POINT('',#11049);
#11049 = CARTESIAN_POINT('',(2.398852,102.742955,1.585));
#11050 = CIRCLE('',#11051,1.629543296307);
#11051 = AXIS2_PLACEMENT_3D('',#11052,#11053,#11054);
#11052 = CARTESIAN_POINT('',(3.596039394591,101.63744439545,1.585));
#11053 = DIRECTION('',(0.,0.,-1.));
#11054 = DIRECTION('',(-0.974689901269,0.223561169179,0.));
#11055 = ORIENTED_EDGE('',*,*,#11056,.T.);
#11056 = EDGE_CURVE('',#11048,#11057,#11059,.T.);
#11057 = VERTEX_POINT('',#11058);
#11058 = CARTESIAN_POINT('',(2.510528,102.850519,1.585));
#11059 = LINE('',#11060,#11061);
#11060 = CARTESIAN_POINT('',(2.398852,102.742955,1.585));
#11061 = VECTOR('',#11062,1.);
#11062 = DIRECTION('',(0.720242393936,0.69372249061,0.));
#11063 = ORIENTED_EDGE('',*,*,#11064,.T.);
#11064 = EDGE_CURVE('',#11057,#11065,#11067,.T.);
#11065 = VERTEX_POINT('',#11066);
#11066 = CARTESIAN_POINT('',(2.630618,102.943109,1.585));
#11067 = LINE('',#11068,#11069);
#11068 = CARTESIAN_POINT('',(2.510528,102.850519,1.585));
#11069 = VECTOR('',#11070,1.);
#11070 = DIRECTION('',(0.791944426234,0.610593175327,0.));
#11071 = ORIENTED_EDGE('',*,*,#11072,.T.);
#11072 = EDGE_CURVE('',#11065,#11073,#11075,.T.);
#11073 = VERTEX_POINT('',#11074);
#11074 = CARTESIAN_POINT('',(2.757769,103.019324,1.585));
#11075 = LINE('',#11076,#11077);
#11076 = CARTESIAN_POINT('',(2.630618,102.943109,1.585));
#11077 = VECTOR('',#11078,1.);
#11078 = DIRECTION('',(0.857717831434,0.514120726717,0.));
#11079 = ORIENTED_EDGE('',*,*,#11080,.T.);
#11080 = EDGE_CURVE('',#11073,#10762,#11081,.T.);
#11081 = LINE('',#11082,#11083);
#11082 = CARTESIAN_POINT('',(2.757769,103.019324,1.585));
#11083 = VECTOR('',#11084,1.);
#11084 = DIRECTION('',(0.91536714169,0.402620163324,0.));
#11085 = FACE_BOUND('',#11086,.F.);
#11086 = EDGE_LOOP('',(#11087,#11098,#11106,#11114,#11122,#11130,#11139,
    #11147,#11155,#11163,#11171,#11179,#11187,#11195,#11203,#11211,
    #11219,#11228,#11236,#11245,#11253,#11261,#11269,#11278,#11286,
    #11294,#11302,#11310,#11318,#11326,#11334));
#11087 = ORIENTED_EDGE('',*,*,#11088,.T.);
#11088 = EDGE_CURVE('',#11089,#11091,#11093,.T.);
#11089 = VERTEX_POINT('',#11090);
#11090 = CARTESIAN_POINT('',(3.511538,102.947542,1.585));
#11091 = VERTEX_POINT('',#11092);
#11092 = CARTESIAN_POINT('',(3.12966,102.991981,1.585));
#11093 = CIRCLE('',#11094,0.877799749912);
#11094 = AXIS2_PLACEMENT_3D('',#11095,#11096,#11097);
#11095 = CARTESIAN_POINT('',(3.221597261294,102.11900909842,1.585));
#11096 = DIRECTION('',(0.,0.,1.));
#11097 = DIRECTION('',(0.33030396595,0.943874615655,-0.));
#11098 = ORIENTED_EDGE('',*,*,#11099,.T.);
#11099 = EDGE_CURVE('',#11091,#11100,#11102,.T.);
#11100 = VERTEX_POINT('',#11101);
#11101 = CARTESIAN_POINT('',(3.015,102.971136,1.585));
#11102 = LINE('',#11103,#11104);
#11103 = CARTESIAN_POINT('',(3.12966,102.991981,1.585));
#11104 = VECTOR('',#11105,1.);
#11105 = DIRECTION('',(-0.983873342235,-0.17886656043,0.));
#11106 = ORIENTED_EDGE('',*,*,#11107,.T.);
#11107 = EDGE_CURVE('',#11100,#11108,#11110,.T.);
#11108 = VERTEX_POINT('',#11109);
#11109 = CARTESIAN_POINT('',(2.892757,102.929204,1.585));
#11110 = LINE('',#11111,#11112);
#11111 = CARTESIAN_POINT('',(3.015,102.971136,1.585));
#11112 = VECTOR('',#11113,1.);
#11113 = DIRECTION('',(-0.945898185971,-0.324463590833,0.));
#11114 = ORIENTED_EDGE('',*,*,#11115,.T.);
#11115 = EDGE_CURVE('',#11108,#11116,#11118,.T.);
#11116 = VERTEX_POINT('',#11117);
#11117 = CARTESIAN_POINT('',(2.773156,102.86792,1.585));
#11118 = LINE('',#11119,#11120);
#11119 = CARTESIAN_POINT('',(2.892757,102.929204,1.585));
#11120 = VECTOR('',#11121,1.);
#11121 = DIRECTION('',(-0.889968019034,-0.456022943608,0.));
#11122 = ORIENTED_EDGE('',*,*,#11123,.T.);
#11123 = EDGE_CURVE('',#11116,#11124,#11126,.T.);
#11124 = VERTEX_POINT('',#11125);
#11125 = CARTESIAN_POINT('',(2.658056,102.789099,1.585));
#11126 = LINE('',#11127,#11128);
#11127 = CARTESIAN_POINT('',(2.773156,102.86792,1.585));
#11128 = VECTOR('',#11129,1.);
#11129 = DIRECTION('',(-0.825078793406,-0.565017685274,0.));
#11130 = ORIENTED_EDGE('',*,*,#11131,.T.);
#11131 = EDGE_CURVE('',#11124,#11132,#11134,.T.);
#11132 = VERTEX_POINT('',#11133);
#11133 = CARTESIAN_POINT('',(2.358358,102.465596,1.585));
#11134 = CIRCLE('',#11135,1.383926241081);
#11135 = AXIS2_PLACEMENT_3D('',#11136,#11137,#11138);
#11136 = CARTESIAN_POINT('',(3.510461695978,101.69884381417,1.585));
#11137 = DIRECTION('',(0.,0.,1.));
#11138 = DIRECTION('',(-0.615932894886,0.787798622109,0.));
#11139 = ORIENTED_EDGE('',*,*,#11140,.T.);
#11140 = EDGE_CURVE('',#11132,#11141,#11143,.T.);
#11141 = VERTEX_POINT('',#11142);
#11142 = CARTESIAN_POINT('',(2.279858,102.334803,1.585));
#11143 = LINE('',#11144,#11145);
#11144 = CARTESIAN_POINT('',(2.358358,102.465596,1.585));
#11145 = VECTOR('',#11146,1.);
#11146 = DIRECTION('',(-0.514612401286,-0.857422927407,0.));
#11147 = ORIENTED_EDGE('',*,*,#11148,.T.);
#11148 = EDGE_CURVE('',#11141,#11149,#11151,.T.);
#11149 = VERTEX_POINT('',#11150);
#11150 = CARTESIAN_POINT('',(2.21124,102.185669,1.585));
#11151 = LINE('',#11152,#11153);
#11152 = CARTESIAN_POINT('',(2.279858,102.334803,1.585));
#11153 = VECTOR('',#11154,1.);
#11154 = DIRECTION('',(-0.417987859122,-0.908452612758,0.));
#11155 = ORIENTED_EDGE('',*,*,#11156,.T.);
#11156 = EDGE_CURVE('',#11149,#11157,#11159,.T.);
#11157 = VERTEX_POINT('',#11158);
#11158 = CARTESIAN_POINT('',(2.152286,102.010837,1.585));
#11159 = LINE('',#11160,#11161);
#11160 = CARTESIAN_POINT('',(2.21124,102.185669,1.585));
#11161 = VECTOR('',#11162,1.);
#11162 = DIRECTION('',(-0.319526589725,-0.947577310017,0.));
#11163 = ORIENTED_EDGE('',*,*,#11164,.T.);
#11164 = EDGE_CURVE('',#11157,#11165,#11167,.T.);
#11165 = VERTEX_POINT('',#11166);
#11166 = CARTESIAN_POINT('',(2.135873,101.933618,1.585));
#11167 = LINE('',#11168,#11169);
#11168 = CARTESIAN_POINT('',(2.152286,102.010837,1.585));
#11169 = VECTOR('',#11170,1.);
#11170 = DIRECTION('',(-0.20790678072,-0.978148644394,0.));
#11171 = ORIENTED_EDGE('',*,*,#11172,.T.);
#11172 = EDGE_CURVE('',#11165,#11173,#11175,.T.);
#11173 = VERTEX_POINT('',#11174);
#11174 = CARTESIAN_POINT('',(2.126369,101.854135,1.585));
#11175 = LINE('',#11176,#11177);
#11176 = CARTESIAN_POINT('',(2.135873,101.933618,1.585));
#11177 = VECTOR('',#11178,1.);
#11178 = DIRECTION('',(-0.118726993241,-0.992926936424,0.));
#11179 = ORIENTED_EDGE('',*,*,#11180,.T.);
#11180 = EDGE_CURVE('',#11173,#11181,#11183,.T.);
#11181 = VERTEX_POINT('',#11182);
#11182 = CARTESIAN_POINT('',(2.122905,101.632271,1.585));
#11183 = LINE('',#11184,#11185);
#11184 = CARTESIAN_POINT('',(2.126369,101.854135,1.585));
#11185 = VECTOR('',#11186,1.);
#11186 = DIRECTION('',(-1.56112657563E-02,-0.999878136765,0.));
#11187 = ORIENTED_EDGE('',*,*,#11188,.T.);
#11188 = EDGE_CURVE('',#11181,#11189,#11191,.T.);
#11189 = VERTEX_POINT('',#11190);
#11190 = CARTESIAN_POINT('',(2.129874,101.574545,1.585));
#11191 = LINE('',#11192,#11193);
#11192 = CARTESIAN_POINT('',(2.122905,101.632271,1.585));
#11193 = VECTOR('',#11194,1.);
#11194 = DIRECTION('',(0.119855232031,-0.992791379573,0.));
#11195 = ORIENTED_EDGE('',*,*,#11196,.T.);
#11196 = EDGE_CURVE('',#11189,#11197,#11199,.T.);
#11197 = VERTEX_POINT('',#11198);
#11198 = CARTESIAN_POINT('',(2.151096,101.520272,1.585));
#11199 = LINE('',#11200,#11201);
#11200 = CARTESIAN_POINT('',(2.129874,101.574545,1.585));
#11201 = VECTOR('',#11202,1.);
#11202 = DIRECTION('',(0.364172233298,-0.931331618971,0.));
#11203 = ORIENTED_EDGE('',*,*,#11204,.T.);
#11204 = EDGE_CURVE('',#11197,#11205,#11207,.T.);
#11205 = VERTEX_POINT('',#11206);
#11206 = CARTESIAN_POINT('',(2.196851,101.443554,1.585));
#11207 = LINE('',#11208,#11209);
#11208 = CARTESIAN_POINT('',(2.151096,101.520272,1.585));
#11209 = VECTOR('',#11210,1.);
#11210 = DIRECTION('',(0.512223687756,-0.858852079058,0.));
#11211 = ORIENTED_EDGE('',*,*,#11212,.T.);
#11212 = EDGE_CURVE('',#11205,#11213,#11215,.T.);
#11213 = VERTEX_POINT('',#11214);
#11214 = CARTESIAN_POINT('',(2.253256,101.384702,1.585));
#11215 = LINE('',#11216,#11217);
#11216 = CARTESIAN_POINT('',(2.196851,101.443554,1.585));
#11217 = VECTOR('',#11218,1.);
#11218 = DIRECTION('',(0.691938401023,-0.721956542452,0.));
#11219 = ORIENTED_EDGE('',*,*,#11220,.T.);
#11220 = EDGE_CURVE('',#11213,#11221,#11223,.T.);
#11221 = VERTEX_POINT('',#11222);
#11222 = CARTESIAN_POINT('',(2.471025,101.32071,1.585));
#11223 = CIRCLE('',#11224,0.291669890781);
#11224 = AXIS2_PLACEMENT_3D('',#11225,#11226,#11227);
#11225 = CARTESIAN_POINT('',(2.437891547135,101.61049181359,1.585));
#11226 = DIRECTION('',(0.,0.,1.));
#11227 = DIRECTION('',(-0.633029164033,-0.774127946456,0.));
#11228 = ORIENTED_EDGE('',*,*,#11229,.T.);
#11229 = EDGE_CURVE('',#11221,#11230,#11232,.T.);
#11230 = VERTEX_POINT('',#11231);
#11231 = CARTESIAN_POINT('',(2.554688,101.338686,1.585));
#11232 = LINE('',#11233,#11234);
#11233 = CARTESIAN_POINT('',(2.471025,101.32071,1.585));
#11234 = VECTOR('',#11235,1.);
#11235 = DIRECTION('',(0.977686830689,0.210067753588,0.));
#11236 = ORIENTED_EDGE('',*,*,#11237,.T.);
#11237 = EDGE_CURVE('',#11230,#11238,#11240,.T.);
#11238 = VERTEX_POINT('',#11239);
#11239 = CARTESIAN_POINT('',(2.730418,101.436554,1.585));
#11240 = CIRCLE('',#11241,0.569980260307);
#11241 = AXIS2_PLACEMENT_3D('',#11242,#11243,#11244);
#11242 = CARTESIAN_POINT('',(2.369577407827,101.87777000625,1.585));
#11243 = DIRECTION('',(0.,0.,1.));
#11244 = DIRECTION('',(0.324766671873,-0.945794168327,0.));
#11245 = ORIENTED_EDGE('',*,*,#11246,.T.);
#11246 = EDGE_CURVE('',#11238,#11247,#11249,.T.);
#11247 = VERTEX_POINT('',#11248);
#11248 = CARTESIAN_POINT('',(2.790789,101.490305,1.585));
#11249 = LINE('',#11250,#11251);
#11250 = CARTESIAN_POINT('',(2.730418,101.436554,1.585));
#11251 = VECTOR('',#11252,1.);
#11252 = DIRECTION('',(0.746869170262,0.664971008775,0.));
#11253 = ORIENTED_EDGE('',*,*,#11254,.T.);
#11254 = EDGE_CURVE('',#11247,#11255,#11257,.T.);
#11255 = VERTEX_POINT('',#11256);
#11256 = CARTESIAN_POINT('',(3.034672,101.760114,1.585));
#11257 = LINE('',#11258,#11259);
#11258 = CARTESIAN_POINT('',(2.790789,101.490305,1.585));
#11259 = VECTOR('',#11260,1.);
#11260 = DIRECTION('',(0.670565656505,0.741850187245,0.));
#11261 = ORIENTED_EDGE('',*,*,#11262,.T.);
#11262 = EDGE_CURVE('',#11255,#11263,#11265,.T.);
#11263 = VERTEX_POINT('',#11264);
#11264 = CARTESIAN_POINT('',(3.171738,101.889142,1.585));
#11265 = LINE('',#11266,#11267);
#11266 = CARTESIAN_POINT('',(3.034672,101.760114,1.585));
#11267 = VECTOR('',#11268,1.);
#11268 = DIRECTION('',(0.728134487356,0.685434291762,0.));
#11269 = ORIENTED_EDGE('',*,*,#11270,.T.);
#11270 = EDGE_CURVE('',#11263,#11271,#11273,.T.);
#11271 = VERTEX_POINT('',#11272);
#11272 = CARTESIAN_POINT('',(3.588412,102.151219,1.585));
#11273 = CIRCLE('',#11274,1.588950222704);
#11274 = AXIS2_PLACEMENT_3D('',#11275,#11276,#11277);
#11275 = CARTESIAN_POINT('',(4.215846691072,100.69139417534,1.585));
#11276 = DIRECTION('',(0.,0.,-1.));
#11277 = DIRECTION('',(-0.657105978622,0.753798204335,0.));
#11278 = ORIENTED_EDGE('',*,*,#11279,.T.);
#11279 = EDGE_CURVE('',#11271,#11280,#11282,.T.);
#11280 = VERTEX_POINT('',#11281);
#11281 = CARTESIAN_POINT('',(3.718953,102.197572,1.585));
#11282 = LINE('',#11283,#11284);
#11283 = CARTESIAN_POINT('',(3.588412,102.151219,1.585));
#11284 = VECTOR('',#11285,1.);
#11285 = DIRECTION('',(0.942354920921,0.334615007158,0.));
#11286 = ORIENTED_EDGE('',*,*,#11287,.T.);
#11287 = EDGE_CURVE('',#11280,#11288,#11290,.T.);
#11288 = VERTEX_POINT('',#11289);
#11289 = CARTESIAN_POINT('',(3.782095,102.209795,1.585));
#11290 = LINE('',#11291,#11292);
#11291 = CARTESIAN_POINT('',(3.718953,102.197572,1.585));
#11292 = VECTOR('',#11293,1.);
#11293 = DIRECTION('',(0.98177414221,0.190051397489,0.));
#11294 = ORIENTED_EDGE('',*,*,#11295,.T.);
#11295 = EDGE_CURVE('',#11288,#11296,#11298,.T.);
#11296 = VERTEX_POINT('',#11297);
#11297 = CARTESIAN_POINT('',(3.934185,102.219141,1.585));
#11298 = LINE('',#11299,#11300);
#11299 = CARTESIAN_POINT('',(3.782095,102.209795,1.585));
#11300 = VECTOR('',#11301,1.);
#11301 = DIRECTION('',(0.998117251163,6.133476118986E-02,0.));
#11302 = ORIENTED_EDGE('',*,*,#11303,.T.);
#11303 = EDGE_CURVE('',#11296,#11304,#11306,.T.);
#11304 = VERTEX_POINT('',#11305);
#11305 = CARTESIAN_POINT('',(4.150341,102.219316,1.585));
#11306 = LINE('',#11307,#11308);
#11307 = CARTESIAN_POINT('',(3.934185,102.219141,1.585));
#11308 = VECTOR('',#11309,1.);
#11309 = DIRECTION('',(0.999999672274,8.096002084643E-04,0.));
#11310 = ORIENTED_EDGE('',*,*,#11311,.T.);
#11311 = EDGE_CURVE('',#11304,#11312,#11314,.T.);
#11312 = VERTEX_POINT('',#11313);
#11313 = CARTESIAN_POINT('',(4.127243,102.30885,1.585));
#11314 = LINE('',#11315,#11316);
#11315 = CARTESIAN_POINT('',(4.150341,102.219316,1.585));
#11316 = VECTOR('',#11317,1.);
#11317 = DIRECTION('',(-0.249801480733,0.968297072299,0.));
#11318 = ORIENTED_EDGE('',*,*,#11319,.T.);
#11319 = EDGE_CURVE('',#11312,#11320,#11322,.T.);
#11320 = VERTEX_POINT('',#11321);
#11321 = CARTESIAN_POINT('',(4.07195,102.446271,1.585));
#11322 = LINE('',#11323,#11324);
#11323 = CARTESIAN_POINT('',(4.127243,102.30885,1.585));
#11324 = VECTOR('',#11325,1.);
#11325 = DIRECTION('',(-0.373279003226,0.927719130853,0.));
#11326 = ORIENTED_EDGE('',*,*,#11327,.T.);
#11327 = EDGE_CURVE('',#11320,#11328,#11330,.T.);
#11328 = VERTEX_POINT('',#11329);
#11329 = CARTESIAN_POINT('',(4.023159,102.538366,1.585));
#11330 = LINE('',#11331,#11332);
#11331 = CARTESIAN_POINT('',(4.07195,102.446271,1.585));
#11332 = VECTOR('',#11333,1.);
#11333 = DIRECTION('',(-0.468148683482,0.883649710096,0.));
#11334 = ORIENTED_EDGE('',*,*,#11335,.T.);
#11335 = EDGE_CURVE('',#11328,#11089,#11336,.T.);
#11336 = CIRCLE('',#11337,0.976106648914);
#11337 = AXIS2_PLACEMENT_3D('',#11338,#11339,#11340);
#11338 = CARTESIAN_POINT('',(3.193041846567,102.02485874432,1.585));
#11339 = DIRECTION('',(0.,0.,1.));
#11340 = DIRECTION('',(0.850436941861,0.526076998088,-0.));
#11341 = PLANE('',#11342);
#11342 = AXIS2_PLACEMENT_3D('',#11343,#11344,#11345);
#11343 = CARTESIAN_POINT('',(0.,0.,1.585));
#11344 = DIRECTION('',(0.,0.,1.));
#11345 = DIRECTION('',(1.,0.,-0.));
#11346 = SHELL_BASED_SURFACE_MODEL('',(#11347));
#11347 = OPEN_SHELL('',(#11348));
#11348 = ADVANCED_FACE('',(#11349,#11678),#11911,.T.);
#11349 = FACE_BOUND('',#11350,.F.);
#11350 = EDGE_LOOP('',(#11351,#11361,#11369,#11377,#11385,#11394,#11402,
    #11410,#11418,#11426,#11435,#11443,#11451,#11459,#11468,#11476,
    #11485,#11493,#11501,#11509,#11517,#11525,#11533,#11541,#11549,
    #11558,#11566,#11574,#11582,#11590,#11598,#11606,#11615,#11623,
    #11632,#11640,#11648,#11656,#11664,#11672));
#11351 = ORIENTED_EDGE('',*,*,#11352,.T.);
#11352 = EDGE_CURVE('',#11353,#11355,#11357,.T.);
#11353 = VERTEX_POINT('',#11354);
#11354 = CARTESIAN_POINT('',(3.938572,104.040129,1.585));
#11355 = VERTEX_POINT('',#11356);
#11356 = CARTESIAN_POINT('',(4.03582,104.054317,1.585));
#11357 = LINE('',#11358,#11359);
#11358 = CARTESIAN_POINT('',(3.938572,104.040129,1.585));
#11359 = VECTOR('',#11360,1.);
#11360 = DIRECTION('',(0.989524261308,0.144366673036,0.));
#11361 = ORIENTED_EDGE('',*,*,#11362,.T.);
#11362 = EDGE_CURVE('',#11355,#11363,#11365,.T.);
#11363 = VERTEX_POINT('',#11364);
#11364 = CARTESIAN_POINT('',(4.107444,104.056895,1.585));
#11365 = LINE('',#11366,#11367);
#11366 = CARTESIAN_POINT('',(4.03582,104.054317,1.585));
#11367 = VECTOR('',#11368,1.);
#11368 = DIRECTION('',(0.999352861921,3.597022894605E-02,0.));
#11369 = ORIENTED_EDGE('',*,*,#11370,.T.);
#11370 = EDGE_CURVE('',#11363,#11371,#11373,.T.);
#11371 = VERTEX_POINT('',#11372);
#11372 = CARTESIAN_POINT('',(4.2617,104.0469,1.585));
#11373 = LINE('',#11374,#11375);
#11374 = CARTESIAN_POINT('',(4.107444,104.056895,1.585));
#11375 = VECTOR('',#11376,1.);
#11376 = DIRECTION('',(0.997907398195,-6.465929652632E-02,0.));
#11377 = ORIENTED_EDGE('',*,*,#11378,.T.);
#11378 = EDGE_CURVE('',#11371,#11379,#11381,.T.);
#11379 = VERTEX_POINT('',#11380);
#11380 = CARTESIAN_POINT('',(4.417703,104.017343,1.585));
#11381 = LINE('',#11382,#11383);
#11382 = CARTESIAN_POINT('',(4.2617,104.0469,1.585));
#11383 = VECTOR('',#11384,1.);
#11384 = DIRECTION('',(0.982520838995,-0.186152628079,0.));
#11385 = ORIENTED_EDGE('',*,*,#11386,.T.);
#11386 = EDGE_CURVE('',#11379,#11387,#11389,.T.);
#11387 = VERTEX_POINT('',#11388);
#11388 = CARTESIAN_POINT('',(4.869599,103.822874,1.585));
#11389 = CIRCLE('',#11390,1.557443595736);
#11390 = AXIS2_PLACEMENT_3D('',#11391,#11392,#11393);
#11391 = CARTESIAN_POINT('',(4.035733956081,102.50746545417,1.585));
#11392 = DIRECTION('',(0.,0.,-1.));
#11393 = DIRECTION('',(0.245253853792,0.969458894023,0.));
#11394 = ORIENTED_EDGE('',*,*,#11395,.T.);
#11395 = EDGE_CURVE('',#11387,#11396,#11398,.T.);
#11396 = VERTEX_POINT('',#11397);
#11397 = CARTESIAN_POINT('',(5.005992,103.726645,1.585));
#11398 = LINE('',#11399,#11400);
#11399 = CARTESIAN_POINT('',(4.869599,103.822874,1.585));
#11400 = VECTOR('',#11401,1.);
#11401 = DIRECTION('',(0.817104480597,-0.576489607702,0.));
#11402 = ORIENTED_EDGE('',*,*,#11403,.T.);
#11403 = EDGE_CURVE('',#11396,#11404,#11406,.T.);
#11404 = VERTEX_POINT('',#11405);
#11405 = CARTESIAN_POINT('',(5.14018,103.607345,1.585));
#11406 = LINE('',#11407,#11408);
#11407 = CARTESIAN_POINT('',(5.005992,103.726645,1.585));
#11408 = VECTOR('',#11409,1.);
#11409 = DIRECTION('',(0.747349089076,-0.664431590953,0.));
#11410 = ORIENTED_EDGE('',*,*,#11411,.T.);
#11411 = EDGE_CURVE('',#11404,#11412,#11414,.T.);
#11412 = VERTEX_POINT('',#11413);
#11413 = CARTESIAN_POINT('',(5.248413,103.486346,1.585));
#11414 = LINE('',#11415,#11416);
#11415 = CARTESIAN_POINT('',(5.14018,103.607345,1.585));
#11416 = VECTOR('',#11417,1.);
#11417 = DIRECTION('',(0.666694742322,-0.745330879919,0.));
#11418 = ORIENTED_EDGE('',*,*,#11419,.T.);
#11419 = EDGE_CURVE('',#11412,#11420,#11422,.T.);
#11420 = VERTEX_POINT('',#11421);
#11421 = CARTESIAN_POINT('',(5.336314,103.360783,1.585));
#11422 = LINE('',#11423,#11424);
#11423 = CARTESIAN_POINT('',(5.248413,103.486346,1.585));
#11424 = VECTOR('',#11425,1.);
#11425 = DIRECTION('',(0.573492557178,-0.819210770719,0.));
#11426 = ORIENTED_EDGE('',*,*,#11427,.T.);
#11427 = EDGE_CURVE('',#11420,#11428,#11430,.T.);
#11428 = VERTEX_POINT('',#11429);
#11429 = CARTESIAN_POINT('',(5.474661,103.00051,1.585));
#11430 = CIRCLE('',#11431,1.067637034362);
#11431 = AXIS2_PLACEMENT_3D('',#11432,#11433,#11434);
#11432 = CARTESIAN_POINT('',(4.425223632277,102.8042192759,1.585));
#11433 = DIRECTION('',(0.,0.,-1.));
#11434 = DIRECTION('',(0.853370891417,0.521304250589,0.));
#11435 = ORIENTED_EDGE('',*,*,#11436,.T.);
#11436 = EDGE_CURVE('',#11428,#11437,#11439,.T.);
#11437 = VERTEX_POINT('',#11438);
#11438 = CARTESIAN_POINT('',(5.483682,102.872074,1.585));
#11439 = LINE('',#11440,#11441);
#11440 = CARTESIAN_POINT('',(5.474661,103.00051,1.585));
#11441 = VECTOR('',#11442,1.);
#11442 = DIRECTION('',(7.006470483762E-02,-0.997542448789,0.));
#11443 = ORIENTED_EDGE('',*,*,#11444,.T.);
#11444 = EDGE_CURVE('',#11437,#11445,#11447,.T.);
#11445 = VERTEX_POINT('',#11446);
#11446 = CARTESIAN_POINT('',(5.47621,102.714612,1.585));
#11447 = LINE('',#11448,#11449);
#11448 = CARTESIAN_POINT('',(5.483682,102.872074,1.585));
#11449 = VECTOR('',#11450,1.);
#11450 = DIRECTION('',(-4.739938273002E-02,-0.99887601759,0.));
#11451 = ORIENTED_EDGE('',*,*,#11452,.T.);
#11452 = EDGE_CURVE('',#11445,#11453,#11455,.T.);
#11453 = VERTEX_POINT('',#11454);
#11454 = CARTESIAN_POINT('',(5.452918,102.574192,1.585));
#11455 = LINE('',#11456,#11457);
#11456 = CARTESIAN_POINT('',(5.47621,102.714612,1.585));
#11457 = VECTOR('',#11458,1.);
#11458 = DIRECTION('',(-0.163637906021,-0.986520468978,0.));
#11459 = ORIENTED_EDGE('',*,*,#11460,.T.);
#11460 = EDGE_CURVE('',#11453,#11461,#11463,.T.);
#11461 = VERTEX_POINT('',#11462);
#11462 = CARTESIAN_POINT('',(5.247107,102.182628,1.585));
#11463 = CIRCLE('',#11464,1.108860911704);
#11464 = AXIS2_PLACEMENT_3D('',#11465,#11466,#11467);
#11465 = CARTESIAN_POINT('',(4.388200991966,102.88395031596,1.585));
#11466 = DIRECTION('',(0.,0.,-1.));
#11467 = DIRECTION('',(0.960189864027,-0.279348214635,0.));
#11468 = ORIENTED_EDGE('',*,*,#11469,.T.);
#11469 = EDGE_CURVE('',#11461,#11470,#11472,.T.);
#11470 = VERTEX_POINT('',#11471);
#11471 = CARTESIAN_POINT('',(5.146731,102.074545,1.585));
#11472 = LINE('',#11473,#11474);
#11473 = CARTESIAN_POINT('',(5.247107,102.182628,1.585));
#11474 = VECTOR('',#11475,1.);
#11475 = DIRECTION('',(-0.680499204498,-0.732748819636,0.));
#11476 = ORIENTED_EDGE('',*,*,#11477,.T.);
#11477 = EDGE_CURVE('',#11470,#11478,#11480,.T.);
#11478 = VERTEX_POINT('',#11479);
#11479 = CARTESIAN_POINT('',(4.79509,101.85199,1.585));
#11480 = CIRCLE('',#11481,1.087372062412);
#11481 = AXIS2_PLACEMENT_3D('',#11482,#11483,#11484);
#11482 = CARTESIAN_POINT('',(4.400137510112,102.86509933903,1.585));
#11483 = DIRECTION('',(0.,0.,-1.));
#11484 = DIRECTION('',(0.686603523941,-0.727032049439,0.));
#11485 = ORIENTED_EDGE('',*,*,#11486,.T.);
#11486 = EDGE_CURVE('',#11478,#11487,#11489,.T.);
#11487 = VERTEX_POINT('',#11488);
#11488 = CARTESIAN_POINT('',(4.710656,101.82259,1.585));
#11489 = LINE('',#11490,#11491);
#11490 = CARTESIAN_POINT('',(4.79509,101.85199,1.585));
#11491 = VECTOR('',#11492,1.);
#11492 = DIRECTION('',(-0.944386894108,-0.328836424743,0.));
#11493 = ORIENTED_EDGE('',*,*,#11494,.T.);
#11494 = EDGE_CURVE('',#11487,#11495,#11497,.T.);
#11495 = VERTEX_POINT('',#11496);
#11496 = CARTESIAN_POINT('',(4.637695,101.806752,1.585));
#11497 = LINE('',#11498,#11499);
#11498 = CARTESIAN_POINT('',(4.710656,101.82259,1.585));
#11499 = VECTOR('',#11500,1.);
#11500 = DIRECTION('',(-0.977240509026,-0.212134361946,0.));
#11501 = ORIENTED_EDGE('',*,*,#11502,.T.);
#11502 = EDGE_CURVE('',#11495,#11503,#11505,.T.);
#11503 = VERTEX_POINT('',#11504);
#11504 = CARTESIAN_POINT('',(4.577476,101.80473,1.585));
#11505 = LINE('',#11506,#11507);
#11506 = CARTESIAN_POINT('',(4.637695,101.806752,1.585));
#11507 = VECTOR('',#11508,1.);
#11508 = DIRECTION('',(-0.99943675391,-3.355852997231E-02,0.));
#11509 = ORIENTED_EDGE('',*,*,#11510,.T.);
#11510 = EDGE_CURVE('',#11503,#11511,#11513,.T.);
#11511 = VERTEX_POINT('',#11512);
#11512 = CARTESIAN_POINT('',(4.52309,101.821352,1.585));
#11513 = LINE('',#11514,#11515);
#11514 = CARTESIAN_POINT('',(4.577476,101.80473,1.585));
#11515 = VECTOR('',#11516,1.);
#11516 = DIRECTION('',(-0.956331639295,0.292283758842,0.));
#11517 = ORIENTED_EDGE('',*,*,#11518,.T.);
#11518 = EDGE_CURVE('',#11511,#11519,#11521,.T.);
#11519 = VERTEX_POINT('',#11520);
#11520 = CARTESIAN_POINT('',(4.493087,101.846164,1.585));
#11521 = LINE('',#11522,#11523);
#11522 = CARTESIAN_POINT('',(4.52309,101.821352,1.585));
#11523 = VECTOR('',#11524,1.);
#11524 = DIRECTION('',(-0.770622227096,0.637292227401,0.));
#11525 = ORIENTED_EDGE('',*,*,#11526,.T.);
#11526 = EDGE_CURVE('',#11519,#11527,#11529,.T.);
#11527 = VERTEX_POINT('',#11528);
#11528 = CARTESIAN_POINT('',(4.456723,101.896451,1.585));
#11529 = LINE('',#11530,#11531);
#11530 = CARTESIAN_POINT('',(4.493087,101.846164,1.585));
#11531 = VECTOR('',#11532,1.);
#11532 = DIRECTION('',(-0.585973480972,0.810330228733,0.));
#11533 = ORIENTED_EDGE('',*,*,#11534,.T.);
#11534 = EDGE_CURVE('',#11527,#11535,#11537,.T.);
#11535 = VERTEX_POINT('',#11536);
#11536 = CARTESIAN_POINT('',(4.449452,101.941366,1.585));
#11537 = LINE('',#11538,#11539);
#11538 = CARTESIAN_POINT('',(4.456723,101.896451,1.585));
#11539 = VECTOR('',#11540,1.);
#11540 = DIRECTION('',(-0.159803175574,0.987148897115,0.));
#11541 = ORIENTED_EDGE('',*,*,#11542,.T.);
#11542 = EDGE_CURVE('',#11535,#11543,#11545,.T.);
#11543 = VERTEX_POINT('',#11544);
#11544 = CARTESIAN_POINT('',(4.458981,102.10693,1.585));
#11545 = LINE('',#11546,#11547);
#11546 = CARTESIAN_POINT('',(4.449452,101.941366,1.585));
#11547 = VECTOR('',#11548,1.);
#11548 = DIRECTION('',(5.745969198655E-02,0.998347827061,0.));
#11549 = ORIENTED_EDGE('',*,*,#11550,.T.);
#11550 = EDGE_CURVE('',#11543,#11551,#11553,.T.);
#11551 = VERTEX_POINT('',#11552);
#11552 = CARTESIAN_POINT('',(4.429062,102.339906,1.585));
#11553 = CIRCLE('',#11554,0.756992888982);
#11554 = AXIS2_PLACEMENT_3D('',#11555,#11556,#11557);
#11555 = CARTESIAN_POINT('',(3.702285970606,102.12816361627,1.585));
#11556 = DIRECTION('',(0.,0.,1.));
#11557 = DIRECTION('',(0.999606522607,-2.804995473375E-02,0.));
#11558 = ORIENTED_EDGE('',*,*,#11559,.T.);
#11559 = EDGE_CURVE('',#11551,#11560,#11562,.T.);
#11560 = VERTEX_POINT('',#11561);
#11561 = CARTESIAN_POINT('',(4.382133,102.468617,1.585));
#11562 = LINE('',#11563,#11564);
#11563 = CARTESIAN_POINT('',(4.429062,102.339906,1.585));
#11564 = VECTOR('',#11565,1.);
#11565 = DIRECTION('',(-0.342548790687,0.939500040446,0.));
#11566 = ORIENTED_EDGE('',*,*,#11567,.T.);
#11567 = EDGE_CURVE('',#11560,#11568,#11570,.T.);
#11568 = VERTEX_POINT('',#11569);
#11569 = CARTESIAN_POINT('',(4.316289,102.5952,1.585));
#11570 = LINE('',#11571,#11572);
#11571 = CARTESIAN_POINT('',(4.382133,102.468617,1.585));
#11572 = VECTOR('',#11573,1.);
#11573 = DIRECTION('',(-0.461467702187,0.887157009688,0.));
#11574 = ORIENTED_EDGE('',*,*,#11575,.T.);
#11575 = EDGE_CURVE('',#11568,#11576,#11578,.T.);
#11576 = VERTEX_POINT('',#11577);
#11577 = CARTESIAN_POINT('',(4.231038,102.720335,1.585));
#11578 = LINE('',#11579,#11580);
#11579 = CARTESIAN_POINT('',(4.316289,102.5952,1.585));
#11580 = VECTOR('',#11581,1.);
#11581 = DIRECTION('',(-0.563028774278,0.826437293044,0.));
#11582 = ORIENTED_EDGE('',*,*,#11583,.T.);
#11583 = EDGE_CURVE('',#11576,#11584,#11586,.T.);
#11584 = VERTEX_POINT('',#11585);
#11585 = CARTESIAN_POINT('',(4.125885,102.844702,1.585));
#11586 = LINE('',#11587,#11588);
#11587 = CARTESIAN_POINT('',(4.231038,102.720335,1.585));
#11588 = VECTOR('',#11589,1.);
#11589 = DIRECTION('',(-0.645653735989,0.763630311867,0.));
#11590 = ORIENTED_EDGE('',*,*,#11591,.T.);
#11591 = EDGE_CURVE('',#11584,#11592,#11594,.T.);
#11592 = VERTEX_POINT('',#11593);
#11593 = CARTESIAN_POINT('',(4.000337,102.968981,1.585));
#11594 = LINE('',#11595,#11596);
#11595 = CARTESIAN_POINT('',(4.125885,102.844702,1.585));
#11596 = VECTOR('',#11597,1.);
#11597 = DIRECTION('',(-0.710689372348,0.703505945981,0.));
#11598 = ORIENTED_EDGE('',*,*,#11599,.T.);
#11599 = EDGE_CURVE('',#11592,#11600,#11602,.T.);
#11600 = VERTEX_POINT('',#11601);
#11601 = CARTESIAN_POINT('',(3.800958,103.146444,1.585));
#11602 = LINE('',#11603,#11604);
#11603 = CARTESIAN_POINT('',(4.000337,102.968981,1.585));
#11604 = VECTOR('',#11605,1.);
#11605 = DIRECTION('',(-0.746967845225,0.664860164396,0.));
#11606 = ORIENTED_EDGE('',*,*,#11607,.T.);
#11607 = EDGE_CURVE('',#11600,#11608,#11610,.T.);
#11608 = VERTEX_POINT('',#11609);
#11609 = CARTESIAN_POINT('',(3.624711,103.387091,1.585));
#11610 = CIRCLE('',#11611,0.911063675262);
#11611 = AXIS2_PLACEMENT_3D('',#11612,#11613,#11614);
#11612 = CARTESIAN_POINT('',(4.437936524796,103.79782359695,1.585));
#11613 = DIRECTION('',(0.,0.,-1.));
#11614 = DIRECTION('',(-0.699159171957,-0.714966049732,-0.));
#11615 = ORIENTED_EDGE('',*,*,#11616,.T.);
#11616 = EDGE_CURVE('',#11608,#11617,#11619,.T.);
#11617 = VERTEX_POINT('',#11618);
#11618 = CARTESIAN_POINT('',(3.593846,103.471304,1.585));
#11619 = LINE('',#11620,#11621);
#11620 = CARTESIAN_POINT('',(3.624711,103.387091,1.585));
#11621 = VECTOR('',#11622,1.);
#11622 = DIRECTION('',(-0.344125898322,0.938923514512,0.));
#11623 = ORIENTED_EDGE('',*,*,#11624,.T.);
#11624 = EDGE_CURVE('',#11617,#11625,#11627,.T.);
#11625 = VERTEX_POINT('',#11626);
#11626 = CARTESIAN_POINT('',(3.591927,103.713558,1.585));
#11627 = CIRCLE('',#11628,0.540330626615);
#11628 = AXIS2_PLACEMENT_3D('',#11629,#11630,#11631);
#11629 = CARTESIAN_POINT('',(4.119448098491,103.59660212496,1.585));
#11630 = DIRECTION('',(0.,0.,-1.));
#11631 = DIRECTION('',(-0.972741637437,-0.231891584142,-0.));
#11632 = ORIENTED_EDGE('',*,*,#11633,.T.);
#11633 = EDGE_CURVE('',#11625,#11634,#11636,.T.);
#11634 = VERTEX_POINT('',#11635);
#11635 = CARTESIAN_POINT('',(3.621918,103.796778,1.585));
#11636 = LINE('',#11637,#11638);
#11637 = CARTESIAN_POINT('',(3.591927,103.713558,1.585));
#11638 = VECTOR('',#11639,1.);
#11639 = DIRECTION('',(0.339037692346,0.940772790406,0.));
#11640 = ORIENTED_EDGE('',*,*,#11641,.T.);
#11641 = EDGE_CURVE('',#11634,#11642,#11644,.T.);
#11642 = VERTEX_POINT('',#11643);
#11643 = CARTESIAN_POINT('',(3.670476,103.871455,1.585));
#11644 = LINE('',#11645,#11646);
#11645 = CARTESIAN_POINT('',(3.621918,103.796778,1.585));
#11646 = VECTOR('',#11647,1.);
#11647 = DIRECTION('',(0.545130004198,0.838351524435,0.));
#11648 = ORIENTED_EDGE('',*,*,#11649,.T.);
#11649 = EDGE_CURVE('',#11642,#11650,#11652,.T.);
#11650 = VERTEX_POINT('',#11651);
#11651 = CARTESIAN_POINT('',(3.707914,103.912141,1.585));
#11652 = LINE('',#11653,#11654);
#11653 = CARTESIAN_POINT('',(3.670476,103.871455,1.585));
#11654 = VECTOR('',#11655,1.);
#11655 = DIRECTION('',(0.677123921505,0.735869006634,0.));
#11656 = ORIENTED_EDGE('',*,*,#11657,.T.);
#11657 = EDGE_CURVE('',#11650,#11658,#11660,.T.);
#11658 = VERTEX_POINT('',#11659);
#11659 = CARTESIAN_POINT('',(3.777908,103.970233,1.585));
#11660 = LINE('',#11661,#11662);
#11661 = CARTESIAN_POINT('',(3.707914,103.912141,1.585));
#11662 = VECTOR('',#11663,1.);
#11663 = DIRECTION('',(0.769497549148,0.638649764624,0.));
#11664 = ORIENTED_EDGE('',*,*,#11665,.T.);
#11665 = EDGE_CURVE('',#11658,#11666,#11668,.T.);
#11666 = VERTEX_POINT('',#11667);
#11667 = CARTESIAN_POINT('',(3.853698,104.012498,1.585));
#11668 = LINE('',#11669,#11670);
#11669 = CARTESIAN_POINT('',(3.777908,103.970233,1.585));
#11670 = VECTOR('',#11671,1.);
#11671 = DIRECTION('',(0.873376129086,0.487046339831,0.));
#11672 = ORIENTED_EDGE('',*,*,#11673,.T.);
#11673 = EDGE_CURVE('',#11666,#11353,#11674,.T.);
#11674 = LINE('',#11675,#11676);
#11675 = CARTESIAN_POINT('',(3.853698,104.012498,1.585));
#11676 = VECTOR('',#11677,1.);
#11677 = DIRECTION('',(0.950879331097,0.30956178332,0.));
#11678 = FACE_BOUND('',#11679,.F.);
#11679 = EDGE_LOOP('',(#11680,#11691,#11699,#11707,#11715,#11724,#11732,
    #11740,#11748,#11756,#11764,#11772,#11780,#11788,#11796,#11804,
    #11812,#11820,#11829,#11837,#11846,#11854,#11863,#11871,#11880,
    #11888,#11896,#11905));
#11680 = ORIENTED_EDGE('',*,*,#11681,.T.);
#11681 = EDGE_CURVE('',#11682,#11684,#11686,.T.);
#11682 = VERTEX_POINT('',#11683);
#11683 = CARTESIAN_POINT('',(4.524805,103.837067,1.585));
#11684 = VERTEX_POINT('',#11685);
#11685 = CARTESIAN_POINT('',(4.01695,103.912435,1.585));
#11686 = CIRCLE('',#11687,1.109635450293);
#11687 = AXIS2_PLACEMENT_3D('',#11688,#11689,#11690);
#11688 = CARTESIAN_POINT('',(4.112405453688,102.80691291116,1.585));
#11689 = DIRECTION('',(0.,0.,1.));
#11690 = DIRECTION('',(0.371653182315,0.92837164545,-0.));
#11691 = ORIENTED_EDGE('',*,*,#11692,.T.);
#11692 = EDGE_CURVE('',#11684,#11693,#11695,.T.);
#11693 = VERTEX_POINT('',#11694);
#11694 = CARTESIAN_POINT('',(3.960189,103.904128,1.585));
#11695 = LINE('',#11696,#11697);
#11696 = CARTESIAN_POINT('',(4.01695,103.912435,1.585));
#11697 = VECTOR('',#11698,1.);
#11698 = DIRECTION('',(-0.989459784866,-0.144807921511,0.));
#11699 = ORIENTED_EDGE('',*,*,#11700,.T.);
#11700 = EDGE_CURVE('',#11693,#11701,#11703,.T.);
#11701 = VERTEX_POINT('',#11702);
#11702 = CARTESIAN_POINT('',(3.908306,103.883276,1.585));
#11703 = LINE('',#11704,#11705);
#11704 = CARTESIAN_POINT('',(3.960189,103.904128,1.585));
#11705 = VECTOR('',#11706,1.);
#11706 = DIRECTION('',(-0.927866158241,-0.37291338457,0.));
#11707 = ORIENTED_EDGE('',*,*,#11708,.T.);
#11708 = EDGE_CURVE('',#11701,#11709,#11711,.T.);
#11709 = VERTEX_POINT('',#11710);
#11710 = CARTESIAN_POINT('',(3.835576,103.839354,1.585));
#11711 = LINE('',#11712,#11713);
#11712 = CARTESIAN_POINT('',(3.908306,103.883276,1.585));
#11713 = VECTOR('',#11714,1.);
#11714 = DIRECTION('',(-0.85601472152,-0.516951445052,0.));
#11715 = ORIENTED_EDGE('',*,*,#11716,.T.);
#11716 = EDGE_CURVE('',#11709,#11717,#11719,.T.);
#11717 = VERTEX_POINT('',#11718);
#11718 = CARTESIAN_POINT('',(3.72054,103.645155,1.585));
#11719 = CIRCLE('',#11720,0.300373252058);
#11720 = AXIS2_PLACEMENT_3D('',#11721,#11722,#11723);
#11721 = CARTESIAN_POINT('',(4.017557922573,103.6003839801,1.585));
#11722 = DIRECTION('',(0.,0.,1.));
#11723 = DIRECTION('',(-0.605852622782,0.795576897269,0.));
#11724 = ORIENTED_EDGE('',*,*,#11725,.T.);
#11725 = EDGE_CURVE('',#11717,#11726,#11728,.T.);
#11726 = VERTEX_POINT('',#11727);
#11727 = CARTESIAN_POINT('',(3.719009,103.566619,1.585));
#11728 = LINE('',#11729,#11730);
#11729 = CARTESIAN_POINT('',(3.72054,103.645155,1.585));
#11730 = VECTOR('',#11731,1.);
#11731 = DIRECTION('',(-1.949054157725E-02,-0.999810041352,0.));
#11732 = ORIENTED_EDGE('',*,*,#11733,.T.);
#11733 = EDGE_CURVE('',#11726,#11734,#11736,.T.);
#11734 = VERTEX_POINT('',#11735);
#11735 = CARTESIAN_POINT('',(3.737101,103.484685,1.585));
#11736 = LINE('',#11737,#11738);
#11737 = CARTESIAN_POINT('',(3.719009,103.566619,1.585));
#11738 = VECTOR('',#11739,1.);
#11739 = DIRECTION('',(0.215617895252,-0.976477815031,0.));
#11740 = ORIENTED_EDGE('',*,*,#11741,.T.);
#11741 = EDGE_CURVE('',#11734,#11742,#11744,.T.);
#11742 = VERTEX_POINT('',#11743);
#11743 = CARTESIAN_POINT('',(3.754862,103.440672,1.585));
#11744 = LINE('',#11745,#11746);
#11745 = CARTESIAN_POINT('',(3.737101,103.484685,1.585));
#11746 = VECTOR('',#11747,1.);
#11747 = DIRECTION('',(0.374218829151,-0.927340427194,0.));
#11748 = ORIENTED_EDGE('',*,*,#11749,.T.);
#11749 = EDGE_CURVE('',#11742,#11750,#11752,.T.);
#11750 = VERTEX_POINT('',#11751);
#11751 = CARTESIAN_POINT('',(3.789018,103.3792,1.585));
#11752 = LINE('',#11753,#11754);
#11753 = CARTESIAN_POINT('',(3.754862,103.440672,1.585));
#11754 = VECTOR('',#11755,1.);
#11755 = DIRECTION('',(0.485696053808,-0.874127761438,0.));
#11756 = ORIENTED_EDGE('',*,*,#11757,.T.);
#11757 = EDGE_CURVE('',#11750,#11758,#11760,.T.);
#11758 = VERTEX_POINT('',#11759);
#11759 = CARTESIAN_POINT('',(3.834875,103.317073,1.585));
#11760 = LINE('',#11761,#11762);
#11761 = CARTESIAN_POINT('',(3.789018,103.3792,1.585));
#11762 = VECTOR('',#11763,1.);
#11763 = DIRECTION('',(0.593863674066,-0.804565681983,0.));
#11764 = ORIENTED_EDGE('',*,*,#11765,.T.);
#11765 = EDGE_CURVE('',#11758,#11766,#11768,.T.);
#11766 = VERTEX_POINT('',#11767);
#11767 = CARTESIAN_POINT('',(3.894542,103.251876,1.585));
#11768 = LINE('',#11769,#11770);
#11769 = CARTESIAN_POINT('',(3.834875,103.317073,1.585));
#11770 = VECTOR('',#11771,1.);
#11771 = DIRECTION('',(0.675128516038,-0.737700133409,0.));
#11772 = ORIENTED_EDGE('',*,*,#11773,.T.);
#11773 = EDGE_CURVE('',#11766,#11774,#11776,.T.);
#11774 = VERTEX_POINT('',#11775);
#11775 = CARTESIAN_POINT('',(4.157321,103.013936,1.585));
#11776 = LINE('',#11777,#11778);
#11777 = CARTESIAN_POINT('',(3.894542,103.251876,1.585));
#11778 = VECTOR('',#11779,1.);
#11779 = DIRECTION('',(0.741272481709,-0.671204222171,0.));
#11780 = ORIENTED_EDGE('',*,*,#11781,.T.);
#11781 = EDGE_CURVE('',#11774,#11782,#11784,.T.);
#11782 = VERTEX_POINT('',#11783);
#11783 = CARTESIAN_POINT('',(4.279779,102.88317,1.585));
#11784 = LINE('',#11785,#11786);
#11785 = CARTESIAN_POINT('',(4.157321,103.013936,1.585));
#11786 = VECTOR('',#11787,1.);
#11787 = DIRECTION('',(0.683539597849,-0.729913431971,0.));
#11788 = ORIENTED_EDGE('',*,*,#11789,.T.);
#11789 = EDGE_CURVE('',#11782,#11790,#11792,.T.);
#11790 = VERTEX_POINT('',#11791);
#11791 = CARTESIAN_POINT('',(4.382911,102.750242,1.585));
#11792 = LINE('',#11793,#11794);
#11793 = CARTESIAN_POINT('',(4.279779,102.88317,1.585));
#11794 = VECTOR('',#11795,1.);
#11795 = DIRECTION('',(0.612990449918,-0.790090316552,0.));
#11796 = ORIENTED_EDGE('',*,*,#11797,.T.);
#11797 = EDGE_CURVE('',#11790,#11798,#11800,.T.);
#11798 = VERTEX_POINT('',#11799);
#11799 = CARTESIAN_POINT('',(4.46645,102.6157,1.585));
#11800 = LINE('',#11801,#11802);
#11801 = CARTESIAN_POINT('',(4.382911,102.750242,1.585));
#11802 = VECTOR('',#11803,1.);
#11803 = DIRECTION('',(0.527500389998,-0.849554788435,0.));
#11804 = ORIENTED_EDGE('',*,*,#11805,.T.);
#11805 = EDGE_CURVE('',#11798,#11806,#11808,.T.);
#11806 = VERTEX_POINT('',#11807);
#11807 = CARTESIAN_POINT('',(4.530127,102.480089,1.585));
#11808 = LINE('',#11809,#11810);
#11809 = CARTESIAN_POINT('',(4.46645,102.6157,1.585));
#11810 = VECTOR('',#11811,1.);
#11811 = DIRECTION('',(0.425032154741,-0.905178251747,0.));
#11812 = ORIENTED_EDGE('',*,*,#11813,.T.);
#11813 = EDGE_CURVE('',#11806,#11814,#11816,.T.);
#11814 = VERTEX_POINT('',#11815);
#11815 = CARTESIAN_POINT('',(4.573676,102.343957,1.585));
#11816 = LINE('',#11817,#11818);
#11817 = CARTESIAN_POINT('',(4.530127,102.480089,1.585));
#11818 = VECTOR('',#11819,1.);
#11819 = DIRECTION('',(0.304691696527,-0.952451032897,0.));
#11820 = ORIENTED_EDGE('',*,*,#11821,.T.);
#11821 = EDGE_CURVE('',#11814,#11822,#11824,.T.);
#11822 = VERTEX_POINT('',#11823);
#11823 = CARTESIAN_POINT('',(4.581303,101.936366,1.585));
#11824 = CIRCLE('',#11825,0.911125255691);
#11825 = AXIS2_PLACEMENT_3D('',#11826,#11827,#11828);
#11826 = CARTESIAN_POINT('',(3.689612229243,102.12354719805,1.585));
#11827 = DIRECTION('',(0.,0.,-1.));
#11828 = DIRECTION('',(0.970298831291,0.241909441724,0.));
#11829 = ORIENTED_EDGE('',*,*,#11830,.T.);
#11830 = EDGE_CURVE('',#11822,#11831,#11833,.T.);
#11831 = VERTEX_POINT('',#11832);
#11832 = CARTESIAN_POINT('',(4.723729,101.97543,1.585));
#11833 = LINE('',#11834,#11835);
#11834 = CARTESIAN_POINT('',(4.581303,101.936366,1.585));
#11835 = VECTOR('',#11836,1.);
#11836 = DIRECTION('',(0.96438374134,0.264507087693,0.));
#11837 = ORIENTED_EDGE('',*,*,#11838,.T.);
#11838 = EDGE_CURVE('',#11831,#11839,#11841,.T.);
#11839 = VERTEX_POINT('',#11840);
#11840 = CARTESIAN_POINT('',(5.055655,102.177534,1.585));
#11841 = CIRCLE('',#11842,0.901210211889);
#11842 = AXIS2_PLACEMENT_3D('',#11843,#11844,#11845);
#11843 = CARTESIAN_POINT('',(4.432028830894,102.82812622806,1.585));
#11844 = DIRECTION('',(0.,0.,1.));
#11845 = DIRECTION('',(0.323676058325,-0.946167960389,0.));
#11846 = ORIENTED_EDGE('',*,*,#11847,.T.);
#11847 = EDGE_CURVE('',#11839,#11848,#11850,.T.);
#11848 = VERTEX_POINT('',#11849);
#11849 = CARTESIAN_POINT('',(5.141626,102.27158,1.585));
#11850 = LINE('',#11851,#11852);
#11851 = CARTESIAN_POINT('',(5.055655,102.177534,1.585));
#11852 = VECTOR('',#11853,1.);
#11853 = DIRECTION('',(0.674709717138,0.738083191517,0.));
#11854 = ORIENTED_EDGE('',*,*,#11855,.T.);
#11855 = EDGE_CURVE('',#11848,#11856,#11858,.T.);
#11856 = VERTEX_POINT('',#11857);
#11857 = CARTESIAN_POINT('',(5.337744,102.729291,1.585));
#11858 = CIRCLE('',#11859,0.935565722516);
#11859 = AXIS2_PLACEMENT_3D('',#11860,#11861,#11862);
#11860 = CARTESIAN_POINT('',(4.410745993115,102.85561564675,1.585));
#11861 = DIRECTION('',(0.,0.,1.));
#11862 = DIRECTION('',(0.781217170847,-0.624259346726,0.));
#11863 = ORIENTED_EDGE('',*,*,#11864,.T.);
#11864 = EDGE_CURVE('',#11856,#11865,#11867,.T.);
#11865 = VERTEX_POINT('',#11866);
#11866 = CARTESIAN_POINT('',(5.345252,102.854373,1.585));
#11867 = LINE('',#11868,#11869);
#11868 = CARTESIAN_POINT('',(5.337744,102.729291,1.585));
#11869 = VECTOR('',#11870,1.);
#11870 = DIRECTION('',(5.991678214771E-02,0.998203375679,0.));
#11871 = ORIENTED_EDGE('',*,*,#11872,.T.);
#11872 = EDGE_CURVE('',#11865,#11873,#11875,.T.);
#11873 = VERTEX_POINT('',#11874);
#11874 = CARTESIAN_POINT('',(5.220462,103.284311,1.585));
#11875 = CIRCLE('',#11876,0.84055009264);
#11876 = AXIS2_PLACEMENT_3D('',#11877,#11878,#11879);
#11877 = CARTESIAN_POINT('',(4.504772208788,102.84350199261,1.585));
#11878 = DIRECTION('',(0.,0.,1.));
#11879 = DIRECTION('',(0.999916362595,1.293320586205E-02,-0.));
#11880 = ORIENTED_EDGE('',*,*,#11881,.T.);
#11881 = EDGE_CURVE('',#11873,#11882,#11884,.T.);
#11882 = VERTEX_POINT('',#11883);
#11883 = CARTESIAN_POINT('',(5.139837,103.400586,1.585));
#11884 = LINE('',#11885,#11886);
#11885 = CARTESIAN_POINT('',(5.220462,103.284311,1.585));
#11886 = VECTOR('',#11887,1.);
#11887 = DIRECTION('',(-0.569816214484,0.821772159245,0.));
#11888 = ORIENTED_EDGE('',*,*,#11889,.T.);
#11889 = EDGE_CURVE('',#11882,#11890,#11892,.T.);
#11890 = VERTEX_POINT('',#11891);
#11891 = CARTESIAN_POINT('',(5.042447,103.509304,1.585));
#11892 = LINE('',#11893,#11894);
#11893 = CARTESIAN_POINT('',(5.139837,103.400586,1.585));
#11894 = VECTOR('',#11895,1.);
#11895 = DIRECTION('',(-0.667236126962,0.744846259893,0.));
#11896 = ORIENTED_EDGE('',*,*,#11897,.T.);
#11897 = EDGE_CURVE('',#11890,#11898,#11900,.T.);
#11898 = VERTEX_POINT('',#11899);
#11899 = CARTESIAN_POINT('',(4.669471,103.774346,1.585));
#11900 = CIRCLE('',#11901,1.430166676441);
#11901 = AXIS2_PLACEMENT_3D('',#11902,#11903,#11904);
#11902 = CARTESIAN_POINT('',(4.038196402487,102.49104202005,1.585));
#11903 = DIRECTION('',(0.,0.,1.));
#11904 = DIRECTION('',(0.702191299837,0.711988327456,-0.));
#11905 = ORIENTED_EDGE('',*,*,#11906,.T.);
#11906 = EDGE_CURVE('',#11898,#11682,#11907,.T.);
#11907 = LINE('',#11908,#11909);
#11908 = CARTESIAN_POINT('',(4.669471,103.774346,1.585));
#11909 = VECTOR('',#11910,1.);
#11910 = DIRECTION('',(-0.917480643345,0.397780428236,0.));
#11911 = PLANE('',#11912);
#11912 = AXIS2_PLACEMENT_3D('',#11913,#11914,#11915);
#11913 = CARTESIAN_POINT('',(0.,0.,1.585));
#11914 = DIRECTION('',(0.,0.,1.));
#11915 = DIRECTION('',(1.,0.,-0.));
#11916 = ( GEOMETRIC_REPRESENTATION_CONTEXT(3) 
GLOBAL_UNCERTAINTY_ASSIGNED_CONTEXT((#11920)) 
GLOBAL_UNIT_ASSIGNED_CONTEXT((#11917,#11918,#11919)) 
REPRESENTATION_CONTEXT('Context #1',
  '3D Context with UNIT and UNCERTAINTY') );
#11917 = ( LENGTH_UNIT() NAMED_UNIT(*) SI_UNIT(.MILLI.,.METRE.) );
#11918 = ( NAMED_UNIT(*) PLANE_ANGLE_UNIT() SI_UNIT($,.RADIAN.) );
#11919 = ( NAMED_UNIT(*) SI_UNIT($,.STERADIAN.) SOLID_ANGLE_UNIT() );
#11920 = UNCERTAINTY_MEASURE_WITH_UNIT(LENGTH_MEASURE(1.E-07),#11917,
  'distance_accuracy_value','confusion accuracy');
#11921 = CONTEXT_DEPENDENT_SHAPE_REPRESENTATION(#11922,#11924);
#11922 = ( REPRESENTATION_RELATIONSHIP('','',#36,#10) 
REPRESENTATION_RELATIONSHIP_WITH_TRANSFORMATION(#11923) 
SHAPE_REPRESENTATION_RELATIONSHIP() );
#11923 = ITEM_DEFINED_TRANSFORMATION('','',#11,#15);
#11924 = PRODUCT_DEFINITION_SHAPE('Placement','Placement of an item',
  #11925);
#11925 = NEXT_ASSEMBLY_USAGE_OCCURRENCE('1','=>[0:1:1:2]','',#5,#31,$);
#11926 = PRODUCT_RELATED_PRODUCT_CATEGORY('part',$,(#33));
#11927 = SHAPE_DEFINITION_REPRESENTATION(#11928,#11934);
#11928 = PRODUCT_DEFINITION_SHAPE('','',#11929);
#11929 = PRODUCT_DEFINITION('design','',#11930,#11933);
#11930 = PRODUCT_DEFINITION_FORMATION('','',#11931);
#11931 = PRODUCT('DIB2 USB adapter front mask_PCB',
  'DIB2 USB adapter front mask_PCB','',(#11932));
#11932 = PRODUCT_CONTEXT('',#2,'mechanical');
#11933 = PRODUCT_DEFINITION_CONTEXT('part definition',#2,'design');
#11934 = ADVANCED_BREP_SHAPE_REPRESENTATION('',(#11,#11935),#13137);
#11935 = MANIFOLD_SOLID_BREP('',#11936);
#11936 = CLOSED_SHELL('',(#11937,#11977,#12008,#12039,#12344,#12649,
    #12661,#12678,#12695,#12712,#12729,#12746,#12763,#12780,#12802,
    #12819,#12836,#12848,#12865,#12882,#12899,#12916,#12933,#12950,
    #12967,#12984,#13001,#13018,#13040,#13057,#13074,#13086,#13103,
    #13120));
#11937 = ADVANCED_FACE('',(#11938),#11972,.T.);
#11938 = FACE_BOUND('',#11939,.T.);
#11939 = EDGE_LOOP('',(#11940,#11950,#11958,#11966));
#11940 = ORIENTED_EDGE('',*,*,#11941,.T.);
#11941 = EDGE_CURVE('',#11942,#11944,#11946,.T.);
#11942 = VERTEX_POINT('',#11943);
#11943 = CARTESIAN_POINT('',(17.25,-0.,0.));
#11944 = VERTEX_POINT('',#11945);
#11945 = CARTESIAN_POINT('',(17.25,0.,1.51));
#11946 = LINE('',#11947,#11948);
#11947 = CARTESIAN_POINT('',(17.25,-0.,0.));
#11948 = VECTOR('',#11949,1.);
#11949 = DIRECTION('',(0.,0.,1.));
#11950 = ORIENTED_EDGE('',*,*,#11951,.T.);
#11951 = EDGE_CURVE('',#11944,#11952,#11954,.T.);
#11952 = VERTEX_POINT('',#11953);
#11953 = CARTESIAN_POINT('',(0.,0.,1.51));
#11954 = LINE('',#11955,#11956);
#11955 = CARTESIAN_POINT('',(17.25,0.,1.51));
#11956 = VECTOR('',#11957,1.);
#11957 = DIRECTION('',(-1.,0.,0.));
#11958 = ORIENTED_EDGE('',*,*,#11959,.F.);
#11959 = EDGE_CURVE('',#11960,#11952,#11962,.T.);
#11960 = VERTEX_POINT('',#11961);
#11961 = CARTESIAN_POINT('',(0.,-0.,0.));
#11962 = LINE('',#11963,#11964);
#11963 = CARTESIAN_POINT('',(0.,-0.,0.));
#11964 = VECTOR('',#11965,1.);
#11965 = DIRECTION('',(0.,0.,1.));
#11966 = ORIENTED_EDGE('',*,*,#11967,.F.);
#11967 = EDGE_CURVE('',#11942,#11960,#11968,.T.);
#11968 = LINE('',#11969,#11970);
#11969 = CARTESIAN_POINT('',(17.25,-0.,0.));
#11970 = VECTOR('',#11971,1.);
#11971 = DIRECTION('',(-1.,0.,0.));
#11972 = PLANE('',#11973);
#11973 = AXIS2_PLACEMENT_3D('',#11974,#11975,#11976);
#11974 = CARTESIAN_POINT('',(17.25,0.,0.));
#11975 = DIRECTION('',(0.,-1.,0.));
#11976 = DIRECTION('',(-1.,0.,0.));
#11977 = ADVANCED_FACE('',(#11978),#12003,.T.);
#11978 = FACE_BOUND('',#11979,.T.);
#11979 = EDGE_LOOP('',(#11980,#11990,#11996,#11997));
#11980 = ORIENTED_EDGE('',*,*,#11981,.T.);
#11981 = EDGE_CURVE('',#11982,#11984,#11986,.T.);
#11982 = VERTEX_POINT('',#11983);
#11983 = CARTESIAN_POINT('',(17.25,111.5,0.));
#11984 = VERTEX_POINT('',#11985);
#11985 = CARTESIAN_POINT('',(17.25,111.5,1.51));
#11986 = LINE('',#11987,#11988);
#11987 = CARTESIAN_POINT('',(17.25,111.5,0.));
#11988 = VECTOR('',#11989,1.);
#11989 = DIRECTION('',(0.,0.,1.));
#11990 = ORIENTED_EDGE('',*,*,#11991,.T.);
#11991 = EDGE_CURVE('',#11984,#11944,#11992,.T.);
#11992 = LINE('',#11993,#11994);
#11993 = CARTESIAN_POINT('',(17.25,111.5,1.51));
#11994 = VECTOR('',#11995,1.);
#11995 = DIRECTION('',(0.,-1.,0.));
#11996 = ORIENTED_EDGE('',*,*,#11941,.F.);
#11997 = ORIENTED_EDGE('',*,*,#11998,.F.);
#11998 = EDGE_CURVE('',#11982,#11942,#11999,.T.);
#11999 = LINE('',#12000,#12001);
#12000 = CARTESIAN_POINT('',(17.25,111.5,0.));
#12001 = VECTOR('',#12002,1.);
#12002 = DIRECTION('',(0.,-1.,0.));
#12003 = PLANE('',#12004);
#12004 = AXIS2_PLACEMENT_3D('',#12005,#12006,#12007);
#12005 = CARTESIAN_POINT('',(17.25,111.5,0.));
#12006 = DIRECTION('',(1.,0.,-0.));
#12007 = DIRECTION('',(0.,-1.,0.));
#12008 = ADVANCED_FACE('',(#12009),#12034,.T.);
#12009 = FACE_BOUND('',#12010,.T.);
#12010 = EDGE_LOOP('',(#12011,#12012,#12020,#12028));
#12011 = ORIENTED_EDGE('',*,*,#11959,.T.);
#12012 = ORIENTED_EDGE('',*,*,#12013,.T.);
#12013 = EDGE_CURVE('',#11952,#12014,#12016,.T.);
#12014 = VERTEX_POINT('',#12015);
#12015 = CARTESIAN_POINT('',(0.,111.5,1.51));
#12016 = LINE('',#12017,#12018);
#12017 = CARTESIAN_POINT('',(0.,0.,1.51));
#12018 = VECTOR('',#12019,1.);
#12019 = DIRECTION('',(0.,1.,0.));
#12020 = ORIENTED_EDGE('',*,*,#12021,.F.);
#12021 = EDGE_CURVE('',#12022,#12014,#12024,.T.);
#12022 = VERTEX_POINT('',#12023);
#12023 = CARTESIAN_POINT('',(0.,111.5,0.));
#12024 = LINE('',#12025,#12026);
#12025 = CARTESIAN_POINT('',(0.,111.5,0.));
#12026 = VECTOR('',#12027,1.);
#12027 = DIRECTION('',(0.,0.,1.));
#12028 = ORIENTED_EDGE('',*,*,#12029,.F.);
#12029 = EDGE_CURVE('',#11960,#12022,#12030,.T.);
#12030 = LINE('',#12031,#12032);
#12031 = CARTESIAN_POINT('',(0.,-0.,0.));
#12032 = VECTOR('',#12033,1.);
#12033 = DIRECTION('',(0.,1.,0.));
#12034 = PLANE('',#12035);
#12035 = AXIS2_PLACEMENT_3D('',#12036,#12037,#12038);
#12036 = CARTESIAN_POINT('',(0.,0.,0.));
#12037 = DIRECTION('',(-1.,0.,0.));
#12038 = DIRECTION('',(0.,1.,0.));
#12039 = ADVANCED_FACE('',(#12040,#12051,#12062,#12073,#12084,#12095,
    #12106,#12117,#12128,#12162,#12173,#12184,#12195,#12206,#12217,
    #12228,#12239,#12250,#12261,#12272,#12306,#12317,#12328),#12339,.F.
  );
#12040 = FACE_BOUND('',#12041,.F.);
#12041 = EDGE_LOOP('',(#12042,#12043,#12044,#12050));
#12042 = ORIENTED_EDGE('',*,*,#11967,.F.);
#12043 = ORIENTED_EDGE('',*,*,#11998,.F.);
#12044 = ORIENTED_EDGE('',*,*,#12045,.F.);
#12045 = EDGE_CURVE('',#12022,#11982,#12046,.T.);
#12046 = LINE('',#12047,#12048);
#12047 = CARTESIAN_POINT('',(0.,111.5,0.));
#12048 = VECTOR('',#12049,1.);
#12049 = DIRECTION('',(1.,0.,0.));
#12050 = ORIENTED_EDGE('',*,*,#12029,.F.);
#12051 = FACE_BOUND('',#12052,.F.);
#12052 = EDGE_LOOP('',(#12053));
#12053 = ORIENTED_EDGE('',*,*,#12054,.T.);
#12054 = EDGE_CURVE('',#12055,#12055,#12057,.T.);
#12055 = VERTEX_POINT('',#12056);
#12056 = CARTESIAN_POINT('',(6.825,3.,0.));
#12057 = CIRCLE('',#12058,0.25);
#12058 = AXIS2_PLACEMENT_3D('',#12059,#12060,#12061);
#12059 = CARTESIAN_POINT('',(6.825,3.25,0.));
#12060 = DIRECTION('',(-0.,0.,-1.));
#12061 = DIRECTION('',(-0.,-1.,0.));
#12062 = FACE_BOUND('',#12063,.F.);
#12063 = EDGE_LOOP('',(#12064));
#12064 = ORIENTED_EDGE('',*,*,#12065,.T.);
#12065 = EDGE_CURVE('',#12066,#12066,#12068,.T.);
#12066 = VERTEX_POINT('',#12067);
#12067 = CARTESIAN_POINT('',(7.355,1.73,0.));
#12068 = CIRCLE('',#12069,0.25);
#12069 = AXIS2_PLACEMENT_3D('',#12070,#12071,#12072);
#12070 = CARTESIAN_POINT('',(7.355,1.98,0.));
#12071 = DIRECTION('',(-0.,0.,-1.));
#12072 = DIRECTION('',(-0.,-1.,0.));
#12073 = FACE_BOUND('',#12074,.F.);
#12074 = EDGE_LOOP('',(#12075));
#12075 = ORIENTED_EDGE('',*,*,#12076,.T.);
#12076 = EDGE_CURVE('',#12077,#12077,#12079,.T.);
#12077 = VERTEX_POINT('',#12078);
#12078 = CARTESIAN_POINT('',(7.355,4.27,0.));
#12079 = CIRCLE('',#12080,0.25);
#12080 = AXIS2_PLACEMENT_3D('',#12081,#12082,#12083);
#12081 = CARTESIAN_POINT('',(7.355,4.52,0.));
#12082 = DIRECTION('',(-0.,0.,-1.));
#12083 = DIRECTION('',(-0.,-1.,0.));
#12084 = FACE_BOUND('',#12085,.F.);
#12085 = EDGE_LOOP('',(#12086));
#12086 = ORIENTED_EDGE('',*,*,#12087,.F.);
#12087 = EDGE_CURVE('',#12088,#12088,#12090,.T.);
#12088 = VERTEX_POINT('',#12089);
#12089 = CARTESIAN_POINT('',(9.1,12.,0.));
#12090 = CIRCLE('',#12091,1.6);
#12091 = AXIS2_PLACEMENT_3D('',#12092,#12093,#12094);
#12092 = CARTESIAN_POINT('',(7.5,12.,0.));
#12093 = DIRECTION('',(0.,0.,1.));
#12094 = DIRECTION('',(1.,0.,-0.));
#12095 = FACE_BOUND('',#12096,.F.);
#12096 = EDGE_LOOP('',(#12097));
#12097 = ORIENTED_EDGE('',*,*,#12098,.T.);
#12098 = EDGE_CURVE('',#12099,#12099,#12101,.T.);
#12099 = VERTEX_POINT('',#12100);
#12100 = CARTESIAN_POINT('',(8.625,1.2,0.));
#12101 = CIRCLE('',#12102,0.25);
#12102 = AXIS2_PLACEMENT_3D('',#12103,#12104,#12105);
#12103 = CARTESIAN_POINT('',(8.625,1.45,0.));
#12104 = DIRECTION('',(-0.,0.,-1.));
#12105 = DIRECTION('',(-0.,-1.,0.));
#12106 = FACE_BOUND('',#12107,.F.);
#12107 = EDGE_LOOP('',(#12108));
#12108 = ORIENTED_EDGE('',*,*,#12109,.T.);
#12109 = EDGE_CURVE('',#12110,#12110,#12112,.T.);
#12110 = VERTEX_POINT('',#12111);
#12111 = CARTESIAN_POINT('',(8.625,2.35,0.));
#12112 = CIRCLE('',#12113,0.9);
#12113 = AXIS2_PLACEMENT_3D('',#12114,#12115,#12116);
#12114 = CARTESIAN_POINT('',(8.625,3.25,0.));
#12115 = DIRECTION('',(-0.,0.,-1.));
#12116 = DIRECTION('',(-0.,-1.,0.));
#12117 = FACE_BOUND('',#12118,.F.);
#12118 = EDGE_LOOP('',(#12119));
#12119 = ORIENTED_EDGE('',*,*,#12120,.T.);
#12120 = EDGE_CURVE('',#12121,#12121,#12123,.T.);
#12121 = VERTEX_POINT('',#12122);
#12122 = CARTESIAN_POINT('',(8.625,4.8,0.));
#12123 = CIRCLE('',#12124,0.25);
#12124 = AXIS2_PLACEMENT_3D('',#12125,#12126,#12127);
#12125 = CARTESIAN_POINT('',(8.625,5.05,0.));
#12126 = DIRECTION('',(-0.,0.,-1.));
#12127 = DIRECTION('',(-0.,-1.,0.));
#12128 = FACE_BOUND('',#12129,.F.);
#12129 = EDGE_LOOP('',(#12130,#12140,#12148,#12156));
#12130 = ORIENTED_EDGE('',*,*,#12131,.F.);
#12131 = EDGE_CURVE('',#12132,#12134,#12136,.T.);
#12132 = VERTEX_POINT('',#12133);
#12133 = CARTESIAN_POINT('',(5.7,23.6,0.));
#12134 = VERTEX_POINT('',#12135);
#12135 = CARTESIAN_POINT('',(12.8,23.6,0.));
#12136 = LINE('',#12137,#12138);
#12137 = CARTESIAN_POINT('',(5.7,23.6,0.));
#12138 = VECTOR('',#12139,1.);
#12139 = DIRECTION('',(1.,0.,0.));
#12140 = ORIENTED_EDGE('',*,*,#12141,.F.);
#12141 = EDGE_CURVE('',#12142,#12132,#12144,.T.);
#12142 = VERTEX_POINT('',#12143);
#12143 = CARTESIAN_POINT('',(5.7,38.4,0.));
#12144 = LINE('',#12145,#12146);
#12145 = CARTESIAN_POINT('',(5.7,38.4,0.));
#12146 = VECTOR('',#12147,1.);
#12147 = DIRECTION('',(0.,-1.,0.));
#12148 = ORIENTED_EDGE('',*,*,#12149,.F.);
#12149 = EDGE_CURVE('',#12150,#12142,#12152,.T.);
#12150 = VERTEX_POINT('',#12151);
#12151 = CARTESIAN_POINT('',(12.8,38.4,0.));
#12152 = LINE('',#12153,#12154);
#12153 = CARTESIAN_POINT('',(12.8,38.4,0.));
#12154 = VECTOR('',#12155,1.);
#12155 = DIRECTION('',(-1.,0.,0.));
#12156 = ORIENTED_EDGE('',*,*,#12157,.F.);
#12157 = EDGE_CURVE('',#12134,#12150,#12158,.T.);
#12158 = LINE('',#12159,#12160);
#12159 = CARTESIAN_POINT('',(12.8,23.6,0.));
#12160 = VECTOR('',#12161,1.);
#12161 = DIRECTION('',(0.,1.,0.));
#12162 = FACE_BOUND('',#12163,.F.);
#12163 = EDGE_LOOP('',(#12164));
#12164 = ORIENTED_EDGE('',*,*,#12165,.T.);
#12165 = EDGE_CURVE('',#12166,#12166,#12168,.T.);
#12166 = VERTEX_POINT('',#12167);
#12167 = CARTESIAN_POINT('',(9.895,1.73,0.));
#12168 = CIRCLE('',#12169,0.25);
#12169 = AXIS2_PLACEMENT_3D('',#12170,#12171,#12172);
#12170 = CARTESIAN_POINT('',(9.895,1.98,0.));
#12171 = DIRECTION('',(-0.,0.,-1.));
#12172 = DIRECTION('',(-0.,-1.,0.));
#12173 = FACE_BOUND('',#12174,.F.);
#12174 = EDGE_LOOP('',(#12175));
#12175 = ORIENTED_EDGE('',*,*,#12176,.T.);
#12176 = EDGE_CURVE('',#12177,#12177,#12179,.T.);
#12177 = VERTEX_POINT('',#12178);
#12178 = CARTESIAN_POINT('',(9.895,4.27,0.));
#12179 = CIRCLE('',#12180,0.25);
#12180 = AXIS2_PLACEMENT_3D('',#12181,#12182,#12183);
#12181 = CARTESIAN_POINT('',(9.895,4.52,0.));
#12182 = DIRECTION('',(-0.,0.,-1.));
#12183 = DIRECTION('',(-0.,-1.,0.));
#12184 = FACE_BOUND('',#12185,.F.);
#12185 = EDGE_LOOP('',(#12186));
#12186 = ORIENTED_EDGE('',*,*,#12187,.T.);
#12187 = EDGE_CURVE('',#12188,#12188,#12190,.T.);
#12188 = VERTEX_POINT('',#12189);
#12189 = CARTESIAN_POINT('',(10.425,3.,0.));
#12190 = CIRCLE('',#12191,0.25);
#12191 = AXIS2_PLACEMENT_3D('',#12192,#12193,#12194);
#12192 = CARTESIAN_POINT('',(10.425,3.25,0.));
#12193 = DIRECTION('',(-0.,0.,-1.));
#12194 = DIRECTION('',(-0.,-1.,0.));
#12195 = FACE_BOUND('',#12196,.F.);
#12196 = EDGE_LOOP('',(#12197));
#12197 = ORIENTED_EDGE('',*,*,#12198,.T.);
#12198 = EDGE_CURVE('',#12199,#12199,#12201,.T.);
#12199 = VERTEX_POINT('',#12200);
#12200 = CARTESIAN_POINT('',(6.825,108.,0.));
#12201 = CIRCLE('',#12202,0.25);
#12202 = AXIS2_PLACEMENT_3D('',#12203,#12204,#12205);
#12203 = CARTESIAN_POINT('',(6.825,108.25,0.));
#12204 = DIRECTION('',(-0.,0.,-1.));
#12205 = DIRECTION('',(-0.,-1.,0.));
#12206 = FACE_BOUND('',#12207,.F.);
#12207 = EDGE_LOOP('',(#12208));
#12208 = ORIENTED_EDGE('',*,*,#12209,.T.);
#12209 = EDGE_CURVE('',#12210,#12210,#12212,.T.);
#12210 = VERTEX_POINT('',#12211);
#12211 = CARTESIAN_POINT('',(7.355,106.73,0.));
#12212 = CIRCLE('',#12213,0.25);
#12213 = AXIS2_PLACEMENT_3D('',#12214,#12215,#12216);
#12214 = CARTESIAN_POINT('',(7.355,106.98,0.));
#12215 = DIRECTION('',(-0.,0.,-1.));
#12216 = DIRECTION('',(-0.,-1.,0.));
#12217 = FACE_BOUND('',#12218,.F.);
#12218 = EDGE_LOOP('',(#12219));
#12219 = ORIENTED_EDGE('',*,*,#12220,.T.);
#12220 = EDGE_CURVE('',#12221,#12221,#12223,.T.);
#12221 = VERTEX_POINT('',#12222);
#12222 = CARTESIAN_POINT('',(7.355,109.27,0.));
#12223 = CIRCLE('',#12224,0.25);
#12224 = AXIS2_PLACEMENT_3D('',#12225,#12226,#12227);
#12225 = CARTESIAN_POINT('',(7.355,109.52,0.));
#12226 = DIRECTION('',(-0.,0.,-1.));
#12227 = DIRECTION('',(-0.,-1.,0.));
#12228 = FACE_BOUND('',#12229,.F.);
#12229 = EDGE_LOOP('',(#12230));
#12230 = ORIENTED_EDGE('',*,*,#12231,.F.);
#12231 = EDGE_CURVE('',#12232,#12232,#12234,.T.);
#12232 = VERTEX_POINT('',#12233);
#12233 = CARTESIAN_POINT('',(9.1,96.,0.));
#12234 = CIRCLE('',#12235,1.6);
#12235 = AXIS2_PLACEMENT_3D('',#12236,#12237,#12238);
#12236 = CARTESIAN_POINT('',(7.5,96.,0.));
#12237 = DIRECTION('',(0.,0.,1.));
#12238 = DIRECTION('',(1.,0.,-0.));
#12239 = FACE_BOUND('',#12240,.F.);
#12240 = EDGE_LOOP('',(#12241));
#12241 = ORIENTED_EDGE('',*,*,#12242,.T.);
#12242 = EDGE_CURVE('',#12243,#12243,#12245,.T.);
#12243 = VERTEX_POINT('',#12244);
#12244 = CARTESIAN_POINT('',(8.625,106.2,0.));
#12245 = CIRCLE('',#12246,0.25);
#12246 = AXIS2_PLACEMENT_3D('',#12247,#12248,#12249);
#12247 = CARTESIAN_POINT('',(8.625,106.45,0.));
#12248 = DIRECTION('',(-0.,0.,-1.));
#12249 = DIRECTION('',(-0.,-1.,0.));
#12250 = FACE_BOUND('',#12251,.F.);
#12251 = EDGE_LOOP('',(#12252));
#12252 = ORIENTED_EDGE('',*,*,#12253,.T.);
#12253 = EDGE_CURVE('',#12254,#12254,#12256,.T.);
#12254 = VERTEX_POINT('',#12255);
#12255 = CARTESIAN_POINT('',(8.625,107.35,0.));
#12256 = CIRCLE('',#12257,0.9);
#12257 = AXIS2_PLACEMENT_3D('',#12258,#12259,#12260);
#12258 = CARTESIAN_POINT('',(8.625,108.25,0.));
#12259 = DIRECTION('',(-0.,0.,-1.));
#12260 = DIRECTION('',(-0.,-1.,0.));
#12261 = FACE_BOUND('',#12262,.F.);
#12262 = EDGE_LOOP('',(#12263));
#12263 = ORIENTED_EDGE('',*,*,#12264,.T.);
#12264 = EDGE_CURVE('',#12265,#12265,#12267,.T.);
#12265 = VERTEX_POINT('',#12266);
#12266 = CARTESIAN_POINT('',(8.625,109.8,0.));
#12267 = CIRCLE('',#12268,0.25);
#12268 = AXIS2_PLACEMENT_3D('',#12269,#12270,#12271);
#12269 = CARTESIAN_POINT('',(8.625,110.05,0.));
#12270 = DIRECTION('',(-0.,0.,-1.));
#12271 = DIRECTION('',(-0.,-1.,0.));
#12272 = FACE_BOUND('',#12273,.F.);
#12273 = EDGE_LOOP('',(#12274,#12284,#12292,#12300));
#12274 = ORIENTED_EDGE('',*,*,#12275,.F.);
#12275 = EDGE_CURVE('',#12276,#12278,#12280,.T.);
#12276 = VERTEX_POINT('',#12277);
#12277 = CARTESIAN_POINT('',(5.2,45.4,0.));
#12278 = VERTEX_POINT('',#12279);
#12279 = CARTESIAN_POINT('',(14.3,45.4,0.));
#12280 = LINE('',#12281,#12282);
#12281 = CARTESIAN_POINT('',(5.2,45.4,0.));
#12282 = VECTOR('',#12283,1.);
#12283 = DIRECTION('',(1.,0.,0.));
#12284 = ORIENTED_EDGE('',*,*,#12285,.F.);
#12285 = EDGE_CURVE('',#12286,#12276,#12288,.T.);
#12286 = VERTEX_POINT('',#12287);
#12287 = CARTESIAN_POINT('',(5.2,78.6,0.));
#12288 = LINE('',#12289,#12290);
#12289 = CARTESIAN_POINT('',(5.2,78.6,0.));
#12290 = VECTOR('',#12291,1.);
#12291 = DIRECTION('',(0.,-1.,0.));
#12292 = ORIENTED_EDGE('',*,*,#12293,.F.);
#12293 = EDGE_CURVE('',#12294,#12286,#12296,.T.);
#12294 = VERTEX_POINT('',#12295);
#12295 = CARTESIAN_POINT('',(14.3,78.6,0.));
#12296 = LINE('',#12297,#12298);
#12297 = CARTESIAN_POINT('',(14.3,78.6,0.));
#12298 = VECTOR('',#12299,1.);
#12299 = DIRECTION('',(-1.,0.,0.));
#12300 = ORIENTED_EDGE('',*,*,#12301,.F.);
#12301 = EDGE_CURVE('',#12278,#12294,#12302,.T.);
#12302 = LINE('',#12303,#12304);
#12303 = CARTESIAN_POINT('',(14.3,45.4,0.));
#12304 = VECTOR('',#12305,1.);
#12305 = DIRECTION('',(0.,1.,0.));
#12306 = FACE_BOUND('',#12307,.F.);
#12307 = EDGE_LOOP('',(#12308));
#12308 = ORIENTED_EDGE('',*,*,#12309,.T.);
#12309 = EDGE_CURVE('',#12310,#12310,#12312,.T.);
#12310 = VERTEX_POINT('',#12311);
#12311 = CARTESIAN_POINT('',(9.895,106.73,0.));
#12312 = CIRCLE('',#12313,0.25);
#12313 = AXIS2_PLACEMENT_3D('',#12314,#12315,#12316);
#12314 = CARTESIAN_POINT('',(9.895,106.98,0.));
#12315 = DIRECTION('',(-0.,0.,-1.));
#12316 = DIRECTION('',(-0.,-1.,0.));
#12317 = FACE_BOUND('',#12318,.F.);
#12318 = EDGE_LOOP('',(#12319));
#12319 = ORIENTED_EDGE('',*,*,#12320,.T.);
#12320 = EDGE_CURVE('',#12321,#12321,#12323,.T.);
#12321 = VERTEX_POINT('',#12322);
#12322 = CARTESIAN_POINT('',(9.895,109.27,0.));
#12323 = CIRCLE('',#12324,0.25);
#12324 = AXIS2_PLACEMENT_3D('',#12325,#12326,#12327);
#12325 = CARTESIAN_POINT('',(9.895,109.52,0.));
#12326 = DIRECTION('',(-0.,0.,-1.));
#12327 = DIRECTION('',(-0.,-1.,0.));
#12328 = FACE_BOUND('',#12329,.F.);
#12329 = EDGE_LOOP('',(#12330));
#12330 = ORIENTED_EDGE('',*,*,#12331,.T.);
#12331 = EDGE_CURVE('',#12332,#12332,#12334,.T.);
#12332 = VERTEX_POINT('',#12333);
#12333 = CARTESIAN_POINT('',(10.425,108.,0.));
#12334 = CIRCLE('',#12335,0.25);
#12335 = AXIS2_PLACEMENT_3D('',#12336,#12337,#12338);
#12336 = CARTESIAN_POINT('',(10.425,108.25,0.));
#12337 = DIRECTION('',(-0.,0.,-1.));
#12338 = DIRECTION('',(-0.,-1.,0.));
#12339 = PLANE('',#12340);
#12340 = AXIS2_PLACEMENT_3D('',#12341,#12342,#12343);
#12341 = CARTESIAN_POINT('',(0.,0.,0.));
#12342 = DIRECTION('',(0.,0.,1.));
#12343 = DIRECTION('',(1.,0.,-0.));
#12344 = ADVANCED_FACE('',(#12345,#12356,#12367,#12378,#12389,#12400,
    #12411,#12422,#12433,#12467,#12478,#12489,#12500,#12511,#12522,
    #12533,#12544,#12555,#12566,#12577,#12611,#12622,#12633),#12644,.T.
  );
#12345 = FACE_BOUND('',#12346,.T.);
#12346 = EDGE_LOOP('',(#12347,#12348,#12349,#12355));
#12347 = ORIENTED_EDGE('',*,*,#11951,.F.);
#12348 = ORIENTED_EDGE('',*,*,#11991,.F.);
#12349 = ORIENTED_EDGE('',*,*,#12350,.F.);
#12350 = EDGE_CURVE('',#12014,#11984,#12351,.T.);
#12351 = LINE('',#12352,#12353);
#12352 = CARTESIAN_POINT('',(0.,111.5,1.51));
#12353 = VECTOR('',#12354,1.);
#12354 = DIRECTION('',(1.,0.,0.));
#12355 = ORIENTED_EDGE('',*,*,#12013,.F.);
#12356 = FACE_BOUND('',#12357,.T.);
#12357 = EDGE_LOOP('',(#12358));
#12358 = ORIENTED_EDGE('',*,*,#12359,.T.);
#12359 = EDGE_CURVE('',#12360,#12360,#12362,.T.);
#12360 = VERTEX_POINT('',#12361);
#12361 = CARTESIAN_POINT('',(6.825,3.,1.51));
#12362 = CIRCLE('',#12363,0.25);
#12363 = AXIS2_PLACEMENT_3D('',#12364,#12365,#12366);
#12364 = CARTESIAN_POINT('',(6.825,3.25,1.51));
#12365 = DIRECTION('',(-0.,0.,-1.));
#12366 = DIRECTION('',(-0.,-1.,0.));
#12367 = FACE_BOUND('',#12368,.T.);
#12368 = EDGE_LOOP('',(#12369));
#12369 = ORIENTED_EDGE('',*,*,#12370,.T.);
#12370 = EDGE_CURVE('',#12371,#12371,#12373,.T.);
#12371 = VERTEX_POINT('',#12372);
#12372 = CARTESIAN_POINT('',(7.355,1.73,1.51));
#12373 = CIRCLE('',#12374,0.25);
#12374 = AXIS2_PLACEMENT_3D('',#12375,#12376,#12377);
#12375 = CARTESIAN_POINT('',(7.355,1.98,1.51));
#12376 = DIRECTION('',(-0.,0.,-1.));
#12377 = DIRECTION('',(-0.,-1.,0.));
#12378 = FACE_BOUND('',#12379,.T.);
#12379 = EDGE_LOOP('',(#12380));
#12380 = ORIENTED_EDGE('',*,*,#12381,.T.);
#12381 = EDGE_CURVE('',#12382,#12382,#12384,.T.);
#12382 = VERTEX_POINT('',#12383);
#12383 = CARTESIAN_POINT('',(7.355,4.27,1.51));
#12384 = CIRCLE('',#12385,0.25);
#12385 = AXIS2_PLACEMENT_3D('',#12386,#12387,#12388);
#12386 = CARTESIAN_POINT('',(7.355,4.52,1.51));
#12387 = DIRECTION('',(-0.,0.,-1.));
#12388 = DIRECTION('',(-0.,-1.,0.));
#12389 = FACE_BOUND('',#12390,.T.);
#12390 = EDGE_LOOP('',(#12391));
#12391 = ORIENTED_EDGE('',*,*,#12392,.F.);
#12392 = EDGE_CURVE('',#12393,#12393,#12395,.T.);
#12393 = VERTEX_POINT('',#12394);
#12394 = CARTESIAN_POINT('',(9.1,12.,1.51));
#12395 = CIRCLE('',#12396,1.6);
#12396 = AXIS2_PLACEMENT_3D('',#12397,#12398,#12399);
#12397 = CARTESIAN_POINT('',(7.5,12.,1.51));
#12398 = DIRECTION('',(0.,0.,1.));
#12399 = DIRECTION('',(1.,0.,-0.));
#12400 = FACE_BOUND('',#12401,.T.);
#12401 = EDGE_LOOP('',(#12402));
#12402 = ORIENTED_EDGE('',*,*,#12403,.T.);
#12403 = EDGE_CURVE('',#12404,#12404,#12406,.T.);
#12404 = VERTEX_POINT('',#12405);
#12405 = CARTESIAN_POINT('',(8.625,1.2,1.51));
#12406 = CIRCLE('',#12407,0.25);
#12407 = AXIS2_PLACEMENT_3D('',#12408,#12409,#12410);
#12408 = CARTESIAN_POINT('',(8.625,1.45,1.51));
#12409 = DIRECTION('',(-0.,0.,-1.));
#12410 = DIRECTION('',(-0.,-1.,0.));
#12411 = FACE_BOUND('',#12412,.T.);
#12412 = EDGE_LOOP('',(#12413));
#12413 = ORIENTED_EDGE('',*,*,#12414,.T.);
#12414 = EDGE_CURVE('',#12415,#12415,#12417,.T.);
#12415 = VERTEX_POINT('',#12416);
#12416 = CARTESIAN_POINT('',(8.625,2.35,1.51));
#12417 = CIRCLE('',#12418,0.9);
#12418 = AXIS2_PLACEMENT_3D('',#12419,#12420,#12421);
#12419 = CARTESIAN_POINT('',(8.625,3.25,1.51));
#12420 = DIRECTION('',(-0.,0.,-1.));
#12421 = DIRECTION('',(-0.,-1.,0.));
#12422 = FACE_BOUND('',#12423,.T.);
#12423 = EDGE_LOOP('',(#12424));
#12424 = ORIENTED_EDGE('',*,*,#12425,.T.);
#12425 = EDGE_CURVE('',#12426,#12426,#12428,.T.);
#12426 = VERTEX_POINT('',#12427);
#12427 = CARTESIAN_POINT('',(8.625,4.8,1.51));
#12428 = CIRCLE('',#12429,0.25);
#12429 = AXIS2_PLACEMENT_3D('',#12430,#12431,#12432);
#12430 = CARTESIAN_POINT('',(8.625,5.05,1.51));
#12431 = DIRECTION('',(-0.,0.,-1.));
#12432 = DIRECTION('',(-0.,-1.,0.));
#12433 = FACE_BOUND('',#12434,.T.);
#12434 = EDGE_LOOP('',(#12435,#12445,#12453,#12461));
#12435 = ORIENTED_EDGE('',*,*,#12436,.F.);
#12436 = EDGE_CURVE('',#12437,#12439,#12441,.T.);
#12437 = VERTEX_POINT('',#12438);
#12438 = CARTESIAN_POINT('',(5.7,23.6,1.51));
#12439 = VERTEX_POINT('',#12440);
#12440 = CARTESIAN_POINT('',(12.8,23.6,1.51));
#12441 = LINE('',#12442,#12443);
#12442 = CARTESIAN_POINT('',(5.7,23.6,1.51));
#12443 = VECTOR('',#12444,1.);
#12444 = DIRECTION('',(1.,0.,0.));
#12445 = ORIENTED_EDGE('',*,*,#12446,.F.);
#12446 = EDGE_CURVE('',#12447,#12437,#12449,.T.);
#12447 = VERTEX_POINT('',#12448);
#12448 = CARTESIAN_POINT('',(5.7,38.4,1.51));
#12449 = LINE('',#12450,#12451);
#12450 = CARTESIAN_POINT('',(5.7,38.4,1.51));
#12451 = VECTOR('',#12452,1.);
#12452 = DIRECTION('',(0.,-1.,0.));
#12453 = ORIENTED_EDGE('',*,*,#12454,.F.);
#12454 = EDGE_CURVE('',#12455,#12447,#12457,.T.);
#12455 = VERTEX_POINT('',#12456);
#12456 = CARTESIAN_POINT('',(12.8,38.4,1.51));
#12457 = LINE('',#12458,#12459);
#12458 = CARTESIAN_POINT('',(12.8,38.4,1.51));
#12459 = VECTOR('',#12460,1.);
#12460 = DIRECTION('',(-1.,0.,0.));
#12461 = ORIENTED_EDGE('',*,*,#12462,.F.);
#12462 = EDGE_CURVE('',#12439,#12455,#12463,.T.);
#12463 = LINE('',#12464,#12465);
#12464 = CARTESIAN_POINT('',(12.8,23.6,1.51));
#12465 = VECTOR('',#12466,1.);
#12466 = DIRECTION('',(0.,1.,0.));
#12467 = FACE_BOUND('',#12468,.T.);
#12468 = EDGE_LOOP('',(#12469));
#12469 = ORIENTED_EDGE('',*,*,#12470,.T.);
#12470 = EDGE_CURVE('',#12471,#12471,#12473,.T.);
#12471 = VERTEX_POINT('',#12472);
#12472 = CARTESIAN_POINT('',(9.895,1.73,1.51));
#12473 = CIRCLE('',#12474,0.25);
#12474 = AXIS2_PLACEMENT_3D('',#12475,#12476,#12477);
#12475 = CARTESIAN_POINT('',(9.895,1.98,1.51));
#12476 = DIRECTION('',(-0.,0.,-1.));
#12477 = DIRECTION('',(-0.,-1.,0.));
#12478 = FACE_BOUND('',#12479,.T.);
#12479 = EDGE_LOOP('',(#12480));
#12480 = ORIENTED_EDGE('',*,*,#12481,.T.);
#12481 = EDGE_CURVE('',#12482,#12482,#12484,.T.);
#12482 = VERTEX_POINT('',#12483);
#12483 = CARTESIAN_POINT('',(9.895,4.27,1.51));
#12484 = CIRCLE('',#12485,0.25);
#12485 = AXIS2_PLACEMENT_3D('',#12486,#12487,#12488);
#12486 = CARTESIAN_POINT('',(9.895,4.52,1.51));
#12487 = DIRECTION('',(-0.,0.,-1.));
#12488 = DIRECTION('',(-0.,-1.,0.));
#12489 = FACE_BOUND('',#12490,.T.);
#12490 = EDGE_LOOP('',(#12491));
#12491 = ORIENTED_EDGE('',*,*,#12492,.T.);
#12492 = EDGE_CURVE('',#12493,#12493,#12495,.T.);
#12493 = VERTEX_POINT('',#12494);
#12494 = CARTESIAN_POINT('',(10.425,3.,1.51));
#12495 = CIRCLE('',#12496,0.25);
#12496 = AXIS2_PLACEMENT_3D('',#12497,#12498,#12499);
#12497 = CARTESIAN_POINT('',(10.425,3.25,1.51));
#12498 = DIRECTION('',(-0.,0.,-1.));
#12499 = DIRECTION('',(-0.,-1.,0.));
#12500 = FACE_BOUND('',#12501,.T.);
#12501 = EDGE_LOOP('',(#12502));
#12502 = ORIENTED_EDGE('',*,*,#12503,.T.);
#12503 = EDGE_CURVE('',#12504,#12504,#12506,.T.);
#12504 = VERTEX_POINT('',#12505);
#12505 = CARTESIAN_POINT('',(6.825,108.,1.51));
#12506 = CIRCLE('',#12507,0.25);
#12507 = AXIS2_PLACEMENT_3D('',#12508,#12509,#12510);
#12508 = CARTESIAN_POINT('',(6.825,108.25,1.51));
#12509 = DIRECTION('',(-0.,0.,-1.));
#12510 = DIRECTION('',(-0.,-1.,0.));
#12511 = FACE_BOUND('',#12512,.T.);
#12512 = EDGE_LOOP('',(#12513));
#12513 = ORIENTED_EDGE('',*,*,#12514,.T.);
#12514 = EDGE_CURVE('',#12515,#12515,#12517,.T.);
#12515 = VERTEX_POINT('',#12516);
#12516 = CARTESIAN_POINT('',(7.355,106.73,1.51));
#12517 = CIRCLE('',#12518,0.25);
#12518 = AXIS2_PLACEMENT_3D('',#12519,#12520,#12521);
#12519 = CARTESIAN_POINT('',(7.355,106.98,1.51));
#12520 = DIRECTION('',(-0.,0.,-1.));
#12521 = DIRECTION('',(-0.,-1.,0.));
#12522 = FACE_BOUND('',#12523,.T.);
#12523 = EDGE_LOOP('',(#12524));
#12524 = ORIENTED_EDGE('',*,*,#12525,.T.);
#12525 = EDGE_CURVE('',#12526,#12526,#12528,.T.);
#12526 = VERTEX_POINT('',#12527);
#12527 = CARTESIAN_POINT('',(7.355,109.27,1.51));
#12528 = CIRCLE('',#12529,0.25);
#12529 = AXIS2_PLACEMENT_3D('',#12530,#12531,#12532);
#12530 = CARTESIAN_POINT('',(7.355,109.52,1.51));
#12531 = DIRECTION('',(-0.,0.,-1.));
#12532 = DIRECTION('',(-0.,-1.,0.));
#12533 = FACE_BOUND('',#12534,.T.);
#12534 = EDGE_LOOP('',(#12535));
#12535 = ORIENTED_EDGE('',*,*,#12536,.F.);
#12536 = EDGE_CURVE('',#12537,#12537,#12539,.T.);
#12537 = VERTEX_POINT('',#12538);
#12538 = CARTESIAN_POINT('',(9.1,96.,1.51));
#12539 = CIRCLE('',#12540,1.6);
#12540 = AXIS2_PLACEMENT_3D('',#12541,#12542,#12543);
#12541 = CARTESIAN_POINT('',(7.5,96.,1.51));
#12542 = DIRECTION('',(0.,0.,1.));
#12543 = DIRECTION('',(1.,0.,-0.));
#12544 = FACE_BOUND('',#12545,.T.);
#12545 = EDGE_LOOP('',(#12546));
#12546 = ORIENTED_EDGE('',*,*,#12547,.T.);
#12547 = EDGE_CURVE('',#12548,#12548,#12550,.T.);
#12548 = VERTEX_POINT('',#12549);
#12549 = CARTESIAN_POINT('',(8.625,106.2,1.51));
#12550 = CIRCLE('',#12551,0.25);
#12551 = AXIS2_PLACEMENT_3D('',#12552,#12553,#12554);
#12552 = CARTESIAN_POINT('',(8.625,106.45,1.51));
#12553 = DIRECTION('',(-0.,0.,-1.));
#12554 = DIRECTION('',(-0.,-1.,0.));
#12555 = FACE_BOUND('',#12556,.T.);
#12556 = EDGE_LOOP('',(#12557));
#12557 = ORIENTED_EDGE('',*,*,#12558,.T.);
#12558 = EDGE_CURVE('',#12559,#12559,#12561,.T.);
#12559 = VERTEX_POINT('',#12560);
#12560 = CARTESIAN_POINT('',(8.625,107.35,1.51));
#12561 = CIRCLE('',#12562,0.9);
#12562 = AXIS2_PLACEMENT_3D('',#12563,#12564,#12565);
#12563 = CARTESIAN_POINT('',(8.625,108.25,1.51));
#12564 = DIRECTION('',(-0.,0.,-1.));
#12565 = DIRECTION('',(-0.,-1.,0.));
#12566 = FACE_BOUND('',#12567,.T.);
#12567 = EDGE_LOOP('',(#12568));
#12568 = ORIENTED_EDGE('',*,*,#12569,.T.);
#12569 = EDGE_CURVE('',#12570,#12570,#12572,.T.);
#12570 = VERTEX_POINT('',#12571);
#12571 = CARTESIAN_POINT('',(8.625,109.8,1.51));
#12572 = CIRCLE('',#12573,0.25);
#12573 = AXIS2_PLACEMENT_3D('',#12574,#12575,#12576);
#12574 = CARTESIAN_POINT('',(8.625,110.05,1.51));
#12575 = DIRECTION('',(-0.,0.,-1.));
#12576 = DIRECTION('',(-0.,-1.,0.));
#12577 = FACE_BOUND('',#12578,.T.);
#12578 = EDGE_LOOP('',(#12579,#12589,#12597,#12605));
#12579 = ORIENTED_EDGE('',*,*,#12580,.F.);
#12580 = EDGE_CURVE('',#12581,#12583,#12585,.T.);
#12581 = VERTEX_POINT('',#12582);
#12582 = CARTESIAN_POINT('',(5.2,45.4,1.51));
#12583 = VERTEX_POINT('',#12584);
#12584 = CARTESIAN_POINT('',(14.3,45.4,1.51));
#12585 = LINE('',#12586,#12587);
#12586 = CARTESIAN_POINT('',(5.2,45.4,1.51));
#12587 = VECTOR('',#12588,1.);
#12588 = DIRECTION('',(1.,0.,0.));
#12589 = ORIENTED_EDGE('',*,*,#12590,.F.);
#12590 = EDGE_CURVE('',#12591,#12581,#12593,.T.);
#12591 = VERTEX_POINT('',#12592);
#12592 = CARTESIAN_POINT('',(5.2,78.6,1.51));
#12593 = LINE('',#12594,#12595);
#12594 = CARTESIAN_POINT('',(5.2,78.6,1.51));
#12595 = VECTOR('',#12596,1.);
#12596 = DIRECTION('',(0.,-1.,0.));
#12597 = ORIENTED_EDGE('',*,*,#12598,.F.);
#12598 = EDGE_CURVE('',#12599,#12591,#12601,.T.);
#12599 = VERTEX_POINT('',#12600);
#12600 = CARTESIAN_POINT('',(14.3,78.6,1.51));
#12601 = LINE('',#12602,#12603);
#12602 = CARTESIAN_POINT('',(14.3,78.6,1.51));
#12603 = VECTOR('',#12604,1.);
#12604 = DIRECTION('',(-1.,0.,0.));
#12605 = ORIENTED_EDGE('',*,*,#12606,.F.);
#12606 = EDGE_CURVE('',#12583,#12599,#12607,.T.);
#12607 = LINE('',#12608,#12609);
#12608 = CARTESIAN_POINT('',(14.3,45.4,1.51));
#12609 = VECTOR('',#12610,1.);
#12610 = DIRECTION('',(0.,1.,0.));
#12611 = FACE_BOUND('',#12612,.T.);
#12612 = EDGE_LOOP('',(#12613));
#12613 = ORIENTED_EDGE('',*,*,#12614,.T.);
#12614 = EDGE_CURVE('',#12615,#12615,#12617,.T.);
#12615 = VERTEX_POINT('',#12616);
#12616 = CARTESIAN_POINT('',(9.895,106.73,1.51));
#12617 = CIRCLE('',#12618,0.25);
#12618 = AXIS2_PLACEMENT_3D('',#12619,#12620,#12621);
#12619 = CARTESIAN_POINT('',(9.895,106.98,1.51));
#12620 = DIRECTION('',(-0.,0.,-1.));
#12621 = DIRECTION('',(-0.,-1.,0.));
#12622 = FACE_BOUND('',#12623,.T.);
#12623 = EDGE_LOOP('',(#12624));
#12624 = ORIENTED_EDGE('',*,*,#12625,.T.);
#12625 = EDGE_CURVE('',#12626,#12626,#12628,.T.);
#12626 = VERTEX_POINT('',#12627);
#12627 = CARTESIAN_POINT('',(9.895,109.27,1.51));
#12628 = CIRCLE('',#12629,0.25);
#12629 = AXIS2_PLACEMENT_3D('',#12630,#12631,#12632);
#12630 = CARTESIAN_POINT('',(9.895,109.52,1.51));
#12631 = DIRECTION('',(-0.,0.,-1.));
#12632 = DIRECTION('',(-0.,-1.,0.));
#12633 = FACE_BOUND('',#12634,.T.);
#12634 = EDGE_LOOP('',(#12635));
#12635 = ORIENTED_EDGE('',*,*,#12636,.T.);
#12636 = EDGE_CURVE('',#12637,#12637,#12639,.T.);
#12637 = VERTEX_POINT('',#12638);
#12638 = CARTESIAN_POINT('',(10.425,108.,1.51));
#12639 = CIRCLE('',#12640,0.25);
#12640 = AXIS2_PLACEMENT_3D('',#12641,#12642,#12643);
#12641 = CARTESIAN_POINT('',(10.425,108.25,1.51));
#12642 = DIRECTION('',(-0.,0.,-1.));
#12643 = DIRECTION('',(-0.,-1.,0.));
#12644 = PLANE('',#12645);
#12645 = AXIS2_PLACEMENT_3D('',#12646,#12647,#12648);
#12646 = CARTESIAN_POINT('',(0.,0.,1.51));
#12647 = DIRECTION('',(0.,0.,1.));
#12648 = DIRECTION('',(1.,0.,-0.));
#12649 = ADVANCED_FACE('',(#12650),#12656,.T.);
#12650 = FACE_BOUND('',#12651,.T.);
#12651 = EDGE_LOOP('',(#12652,#12653,#12654,#12655));
#12652 = ORIENTED_EDGE('',*,*,#12021,.T.);
#12653 = ORIENTED_EDGE('',*,*,#12350,.T.);
#12654 = ORIENTED_EDGE('',*,*,#11981,.F.);
#12655 = ORIENTED_EDGE('',*,*,#12045,.F.);
#12656 = PLANE('',#12657);
#12657 = AXIS2_PLACEMENT_3D('',#12658,#12659,#12660);
#12658 = CARTESIAN_POINT('',(0.,111.5,0.));
#12659 = DIRECTION('',(0.,1.,0.));
#12660 = DIRECTION('',(1.,0.,0.));
#12661 = ADVANCED_FACE('',(#12662),#12673,.F.);
#12662 = FACE_BOUND('',#12663,.T.);
#12663 = EDGE_LOOP('',(#12664,#12665,#12671,#12672));
#12664 = ORIENTED_EDGE('',*,*,#12054,.T.);
#12665 = ORIENTED_EDGE('',*,*,#12666,.T.);
#12666 = EDGE_CURVE('',#12055,#12360,#12667,.T.);
#12667 = LINE('',#12668,#12669);
#12668 = CARTESIAN_POINT('',(6.825,3.,-4.6E-02));
#12669 = VECTOR('',#12670,1.);
#12670 = DIRECTION('',(0.,0.,1.));
#12671 = ORIENTED_EDGE('',*,*,#12359,.F.);
#12672 = ORIENTED_EDGE('',*,*,#12666,.F.);
#12673 = CYLINDRICAL_SURFACE('',#12674,0.25);
#12674 = AXIS2_PLACEMENT_3D('',#12675,#12676,#12677);
#12675 = CARTESIAN_POINT('',(6.825,3.25,-4.6E-02));
#12676 = DIRECTION('',(-0.,-0.,-1.));
#12677 = DIRECTION('',(-0.,-1.,0.));
#12678 = ADVANCED_FACE('',(#12679),#12690,.F.);
#12679 = FACE_BOUND('',#12680,.T.);
#12680 = EDGE_LOOP('',(#12681,#12682,#12688,#12689));
#12681 = ORIENTED_EDGE('',*,*,#12065,.T.);
#12682 = ORIENTED_EDGE('',*,*,#12683,.T.);
#12683 = EDGE_CURVE('',#12066,#12371,#12684,.T.);
#12684 = LINE('',#12685,#12686);
#12685 = CARTESIAN_POINT('',(7.355,1.73,-4.6E-02));
#12686 = VECTOR('',#12687,1.);
#12687 = DIRECTION('',(0.,0.,1.));
#12688 = ORIENTED_EDGE('',*,*,#12370,.F.);
#12689 = ORIENTED_EDGE('',*,*,#12683,.F.);
#12690 = CYLINDRICAL_SURFACE('',#12691,0.25);
#12691 = AXIS2_PLACEMENT_3D('',#12692,#12693,#12694);
#12692 = CARTESIAN_POINT('',(7.355,1.98,-4.6E-02));
#12693 = DIRECTION('',(-0.,-0.,-1.));
#12694 = DIRECTION('',(-0.,-1.,0.));
#12695 = ADVANCED_FACE('',(#12696),#12707,.F.);
#12696 = FACE_BOUND('',#12697,.T.);
#12697 = EDGE_LOOP('',(#12698,#12699,#12705,#12706));
#12698 = ORIENTED_EDGE('',*,*,#12076,.T.);
#12699 = ORIENTED_EDGE('',*,*,#12700,.T.);
#12700 = EDGE_CURVE('',#12077,#12382,#12701,.T.);
#12701 = LINE('',#12702,#12703);
#12702 = CARTESIAN_POINT('',(7.355,4.27,-4.6E-02));
#12703 = VECTOR('',#12704,1.);
#12704 = DIRECTION('',(0.,0.,1.));
#12705 = ORIENTED_EDGE('',*,*,#12381,.F.);
#12706 = ORIENTED_EDGE('',*,*,#12700,.F.);
#12707 = CYLINDRICAL_SURFACE('',#12708,0.25);
#12708 = AXIS2_PLACEMENT_3D('',#12709,#12710,#12711);
#12709 = CARTESIAN_POINT('',(7.355,4.52,-4.6E-02));
#12710 = DIRECTION('',(-0.,-0.,-1.));
#12711 = DIRECTION('',(-0.,-1.,0.));
#12712 = ADVANCED_FACE('',(#12713),#12724,.F.);
#12713 = FACE_BOUND('',#12714,.T.);
#12714 = EDGE_LOOP('',(#12715,#12721,#12722,#12723));
#12715 = ORIENTED_EDGE('',*,*,#12716,.T.);
#12716 = EDGE_CURVE('',#12088,#12393,#12717,.T.);
#12717 = LINE('',#12718,#12719);
#12718 = CARTESIAN_POINT('',(9.1,12.,0.));
#12719 = VECTOR('',#12720,1.);
#12720 = DIRECTION('',(0.,0.,1.));
#12721 = ORIENTED_EDGE('',*,*,#12392,.T.);
#12722 = ORIENTED_EDGE('',*,*,#12716,.F.);
#12723 = ORIENTED_EDGE('',*,*,#12087,.F.);
#12724 = CYLINDRICAL_SURFACE('',#12725,1.6);
#12725 = AXIS2_PLACEMENT_3D('',#12726,#12727,#12728);
#12726 = CARTESIAN_POINT('',(7.5,12.,0.));
#12727 = DIRECTION('',(-0.,-0.,-1.));
#12728 = DIRECTION('',(1.,0.,-0.));
#12729 = ADVANCED_FACE('',(#12730),#12741,.F.);
#12730 = FACE_BOUND('',#12731,.T.);
#12731 = EDGE_LOOP('',(#12732,#12733,#12739,#12740));
#12732 = ORIENTED_EDGE('',*,*,#12098,.T.);
#12733 = ORIENTED_EDGE('',*,*,#12734,.T.);
#12734 = EDGE_CURVE('',#12099,#12404,#12735,.T.);
#12735 = LINE('',#12736,#12737);
#12736 = CARTESIAN_POINT('',(8.625,1.2,-4.6E-02));
#12737 = VECTOR('',#12738,1.);
#12738 = DIRECTION('',(0.,0.,1.));
#12739 = ORIENTED_EDGE('',*,*,#12403,.F.);
#12740 = ORIENTED_EDGE('',*,*,#12734,.F.);
#12741 = CYLINDRICAL_SURFACE('',#12742,0.25);
#12742 = AXIS2_PLACEMENT_3D('',#12743,#12744,#12745);
#12743 = CARTESIAN_POINT('',(8.625,1.45,-4.6E-02));
#12744 = DIRECTION('',(-0.,-0.,-1.));
#12745 = DIRECTION('',(-0.,-1.,0.));
#12746 = ADVANCED_FACE('',(#12747),#12758,.F.);
#12747 = FACE_BOUND('',#12748,.T.);
#12748 = EDGE_LOOP('',(#12749,#12750,#12756,#12757));
#12749 = ORIENTED_EDGE('',*,*,#12109,.T.);
#12750 = ORIENTED_EDGE('',*,*,#12751,.T.);
#12751 = EDGE_CURVE('',#12110,#12415,#12752,.T.);
#12752 = LINE('',#12753,#12754);
#12753 = CARTESIAN_POINT('',(8.625,2.35,-4.6E-02));
#12754 = VECTOR('',#12755,1.);
#12755 = DIRECTION('',(0.,0.,1.));
#12756 = ORIENTED_EDGE('',*,*,#12414,.F.);
#12757 = ORIENTED_EDGE('',*,*,#12751,.F.);
#12758 = CYLINDRICAL_SURFACE('',#12759,0.9);
#12759 = AXIS2_PLACEMENT_3D('',#12760,#12761,#12762);
#12760 = CARTESIAN_POINT('',(8.625,3.25,-4.6E-02));
#12761 = DIRECTION('',(-0.,-0.,-1.));
#12762 = DIRECTION('',(-0.,-1.,0.));
#12763 = ADVANCED_FACE('',(#12764),#12775,.F.);
#12764 = FACE_BOUND('',#12765,.T.);
#12765 = EDGE_LOOP('',(#12766,#12767,#12773,#12774));
#12766 = ORIENTED_EDGE('',*,*,#12120,.T.);
#12767 = ORIENTED_EDGE('',*,*,#12768,.T.);
#12768 = EDGE_CURVE('',#12121,#12426,#12769,.T.);
#12769 = LINE('',#12770,#12771);
#12770 = CARTESIAN_POINT('',(8.625,4.8,-4.6E-02));
#12771 = VECTOR('',#12772,1.);
#12772 = DIRECTION('',(0.,0.,1.));
#12773 = ORIENTED_EDGE('',*,*,#12425,.F.);
#12774 = ORIENTED_EDGE('',*,*,#12768,.F.);
#12775 = CYLINDRICAL_SURFACE('',#12776,0.25);
#12776 = AXIS2_PLACEMENT_3D('',#12777,#12778,#12779);
#12777 = CARTESIAN_POINT('',(8.625,5.05,-4.6E-02));
#12778 = DIRECTION('',(-0.,-0.,-1.));
#12779 = DIRECTION('',(-0.,-1.,0.));
#12780 = ADVANCED_FACE('',(#12781),#12797,.T.);
#12781 = FACE_BOUND('',#12782,.T.);
#12782 = EDGE_LOOP('',(#12783,#12789,#12790,#12796));
#12783 = ORIENTED_EDGE('',*,*,#12784,.T.);
#12784 = EDGE_CURVE('',#12132,#12437,#12785,.T.);
#12785 = LINE('',#12786,#12787);
#12786 = CARTESIAN_POINT('',(5.7,23.6,0.));
#12787 = VECTOR('',#12788,1.);
#12788 = DIRECTION('',(0.,0.,1.));
#12789 = ORIENTED_EDGE('',*,*,#12436,.T.);
#12790 = ORIENTED_EDGE('',*,*,#12791,.F.);
#12791 = EDGE_CURVE('',#12134,#12439,#12792,.T.);
#12792 = LINE('',#12793,#12794);
#12793 = CARTESIAN_POINT('',(12.8,23.6,0.));
#12794 = VECTOR('',#12795,1.);
#12795 = DIRECTION('',(0.,0.,1.));
#12796 = ORIENTED_EDGE('',*,*,#12131,.F.);
#12797 = PLANE('',#12798);
#12798 = AXIS2_PLACEMENT_3D('',#12799,#12800,#12801);
#12799 = CARTESIAN_POINT('',(5.7,23.6,0.));
#12800 = DIRECTION('',(0.,1.,0.));
#12801 = DIRECTION('',(1.,0.,0.));
#12802 = ADVANCED_FACE('',(#12803),#12814,.T.);
#12803 = FACE_BOUND('',#12804,.T.);
#12804 = EDGE_LOOP('',(#12805,#12811,#12812,#12813));
#12805 = ORIENTED_EDGE('',*,*,#12806,.T.);
#12806 = EDGE_CURVE('',#12142,#12447,#12807,.T.);
#12807 = LINE('',#12808,#12809);
#12808 = CARTESIAN_POINT('',(5.7,38.4,0.));
#12809 = VECTOR('',#12810,1.);
#12810 = DIRECTION('',(0.,0.,1.));
#12811 = ORIENTED_EDGE('',*,*,#12446,.T.);
#12812 = ORIENTED_EDGE('',*,*,#12784,.F.);
#12813 = ORIENTED_EDGE('',*,*,#12141,.F.);
#12814 = PLANE('',#12815);
#12815 = AXIS2_PLACEMENT_3D('',#12816,#12817,#12818);
#12816 = CARTESIAN_POINT('',(5.7,38.4,0.));
#12817 = DIRECTION('',(1.,0.,-0.));
#12818 = DIRECTION('',(0.,-1.,0.));
#12819 = ADVANCED_FACE('',(#12820),#12831,.T.);
#12820 = FACE_BOUND('',#12821,.T.);
#12821 = EDGE_LOOP('',(#12822,#12823,#12824,#12830));
#12822 = ORIENTED_EDGE('',*,*,#12791,.T.);
#12823 = ORIENTED_EDGE('',*,*,#12462,.T.);
#12824 = ORIENTED_EDGE('',*,*,#12825,.F.);
#12825 = EDGE_CURVE('',#12150,#12455,#12826,.T.);
#12826 = LINE('',#12827,#12828);
#12827 = CARTESIAN_POINT('',(12.8,38.4,0.));
#12828 = VECTOR('',#12829,1.);
#12829 = DIRECTION('',(0.,0.,1.));
#12830 = ORIENTED_EDGE('',*,*,#12157,.F.);
#12831 = PLANE('',#12832);
#12832 = AXIS2_PLACEMENT_3D('',#12833,#12834,#12835);
#12833 = CARTESIAN_POINT('',(12.8,23.6,0.));
#12834 = DIRECTION('',(-1.,0.,0.));
#12835 = DIRECTION('',(0.,1.,0.));
#12836 = ADVANCED_FACE('',(#12837),#12843,.T.);
#12837 = FACE_BOUND('',#12838,.T.);
#12838 = EDGE_LOOP('',(#12839,#12840,#12841,#12842));
#12839 = ORIENTED_EDGE('',*,*,#12825,.T.);
#12840 = ORIENTED_EDGE('',*,*,#12454,.T.);
#12841 = ORIENTED_EDGE('',*,*,#12806,.F.);
#12842 = ORIENTED_EDGE('',*,*,#12149,.F.);
#12843 = PLANE('',#12844);
#12844 = AXIS2_PLACEMENT_3D('',#12845,#12846,#12847);
#12845 = CARTESIAN_POINT('',(12.8,38.4,0.));
#12846 = DIRECTION('',(0.,-1.,0.));
#12847 = DIRECTION('',(-1.,0.,0.));
#12848 = ADVANCED_FACE('',(#12849),#12860,.F.);
#12849 = FACE_BOUND('',#12850,.T.);
#12850 = EDGE_LOOP('',(#12851,#12852,#12858,#12859));
#12851 = ORIENTED_EDGE('',*,*,#12165,.T.);
#12852 = ORIENTED_EDGE('',*,*,#12853,.T.);
#12853 = EDGE_CURVE('',#12166,#12471,#12854,.T.);
#12854 = LINE('',#12855,#12856);
#12855 = CARTESIAN_POINT('',(9.895,1.73,-4.6E-02));
#12856 = VECTOR('',#12857,1.);
#12857 = DIRECTION('',(0.,0.,1.));
#12858 = ORIENTED_EDGE('',*,*,#12470,.F.);
#12859 = ORIENTED_EDGE('',*,*,#12853,.F.);
#12860 = CYLINDRICAL_SURFACE('',#12861,0.25);
#12861 = AXIS2_PLACEMENT_3D('',#12862,#12863,#12864);
#12862 = CARTESIAN_POINT('',(9.895,1.98,-4.6E-02));
#12863 = DIRECTION('',(-0.,-0.,-1.));
#12864 = DIRECTION('',(-0.,-1.,0.));
#12865 = ADVANCED_FACE('',(#12866),#12877,.F.);
#12866 = FACE_BOUND('',#12867,.T.);
#12867 = EDGE_LOOP('',(#12868,#12869,#12875,#12876));
#12868 = ORIENTED_EDGE('',*,*,#12176,.T.);
#12869 = ORIENTED_EDGE('',*,*,#12870,.T.);
#12870 = EDGE_CURVE('',#12177,#12482,#12871,.T.);
#12871 = LINE('',#12872,#12873);
#12872 = CARTESIAN_POINT('',(9.895,4.27,-4.6E-02));
#12873 = VECTOR('',#12874,1.);
#12874 = DIRECTION('',(0.,0.,1.));
#12875 = ORIENTED_EDGE('',*,*,#12481,.F.);
#12876 = ORIENTED_EDGE('',*,*,#12870,.F.);
#12877 = CYLINDRICAL_SURFACE('',#12878,0.25);
#12878 = AXIS2_PLACEMENT_3D('',#12879,#12880,#12881);
#12879 = CARTESIAN_POINT('',(9.895,4.52,-4.6E-02));
#12880 = DIRECTION('',(-0.,-0.,-1.));
#12881 = DIRECTION('',(-0.,-1.,0.));
#12882 = ADVANCED_FACE('',(#12883),#12894,.F.);
#12883 = FACE_BOUND('',#12884,.T.);
#12884 = EDGE_LOOP('',(#12885,#12886,#12892,#12893));
#12885 = ORIENTED_EDGE('',*,*,#12187,.T.);
#12886 = ORIENTED_EDGE('',*,*,#12887,.T.);
#12887 = EDGE_CURVE('',#12188,#12493,#12888,.T.);
#12888 = LINE('',#12889,#12890);
#12889 = CARTESIAN_POINT('',(10.425,3.,-4.6E-02));
#12890 = VECTOR('',#12891,1.);
#12891 = DIRECTION('',(0.,0.,1.));
#12892 = ORIENTED_EDGE('',*,*,#12492,.F.);
#12893 = ORIENTED_EDGE('',*,*,#12887,.F.);
#12894 = CYLINDRICAL_SURFACE('',#12895,0.25);
#12895 = AXIS2_PLACEMENT_3D('',#12896,#12897,#12898);
#12896 = CARTESIAN_POINT('',(10.425,3.25,-4.6E-02));
#12897 = DIRECTION('',(-0.,-0.,-1.));
#12898 = DIRECTION('',(-0.,-1.,0.));
#12899 = ADVANCED_FACE('',(#12900),#12911,.F.);
#12900 = FACE_BOUND('',#12901,.T.);
#12901 = EDGE_LOOP('',(#12902,#12903,#12909,#12910));
#12902 = ORIENTED_EDGE('',*,*,#12198,.T.);
#12903 = ORIENTED_EDGE('',*,*,#12904,.T.);
#12904 = EDGE_CURVE('',#12199,#12504,#12905,.T.);
#12905 = LINE('',#12906,#12907);
#12906 = CARTESIAN_POINT('',(6.825,108.,-4.6E-02));
#12907 = VECTOR('',#12908,1.);
#12908 = DIRECTION('',(0.,0.,1.));
#12909 = ORIENTED_EDGE('',*,*,#12503,.F.);
#12910 = ORIENTED_EDGE('',*,*,#12904,.F.);
#12911 = CYLINDRICAL_SURFACE('',#12912,0.25);
#12912 = AXIS2_PLACEMENT_3D('',#12913,#12914,#12915);
#12913 = CARTESIAN_POINT('',(6.825,108.25,-4.6E-02));
#12914 = DIRECTION('',(-0.,-0.,-1.));
#12915 = DIRECTION('',(-0.,-1.,0.));
#12916 = ADVANCED_FACE('',(#12917),#12928,.F.);
#12917 = FACE_BOUND('',#12918,.T.);
#12918 = EDGE_LOOP('',(#12919,#12920,#12926,#12927));
#12919 = ORIENTED_EDGE('',*,*,#12209,.T.);
#12920 = ORIENTED_EDGE('',*,*,#12921,.T.);
#12921 = EDGE_CURVE('',#12210,#12515,#12922,.T.);
#12922 = LINE('',#12923,#12924);
#12923 = CARTESIAN_POINT('',(7.355,106.73,-4.6E-02));
#12924 = VECTOR('',#12925,1.);
#12925 = DIRECTION('',(0.,0.,1.));
#12926 = ORIENTED_EDGE('',*,*,#12514,.F.);
#12927 = ORIENTED_EDGE('',*,*,#12921,.F.);
#12928 = CYLINDRICAL_SURFACE('',#12929,0.25);
#12929 = AXIS2_PLACEMENT_3D('',#12930,#12931,#12932);
#12930 = CARTESIAN_POINT('',(7.355,106.98,-4.6E-02));
#12931 = DIRECTION('',(-0.,-0.,-1.));
#12932 = DIRECTION('',(-0.,-1.,0.));
#12933 = ADVANCED_FACE('',(#12934),#12945,.F.);
#12934 = FACE_BOUND('',#12935,.T.);
#12935 = EDGE_LOOP('',(#12936,#12937,#12943,#12944));
#12936 = ORIENTED_EDGE('',*,*,#12220,.T.);
#12937 = ORIENTED_EDGE('',*,*,#12938,.T.);
#12938 = EDGE_CURVE('',#12221,#12526,#12939,.T.);
#12939 = LINE('',#12940,#12941);
#12940 = CARTESIAN_POINT('',(7.355,109.27,-4.6E-02));
#12941 = VECTOR('',#12942,1.);
#12942 = DIRECTION('',(0.,0.,1.));
#12943 = ORIENTED_EDGE('',*,*,#12525,.F.);
#12944 = ORIENTED_EDGE('',*,*,#12938,.F.);
#12945 = CYLINDRICAL_SURFACE('',#12946,0.25);
#12946 = AXIS2_PLACEMENT_3D('',#12947,#12948,#12949);
#12947 = CARTESIAN_POINT('',(7.355,109.52,-4.6E-02));
#12948 = DIRECTION('',(-0.,-0.,-1.));
#12949 = DIRECTION('',(-0.,-1.,0.));
#12950 = ADVANCED_FACE('',(#12951),#12962,.F.);
#12951 = FACE_BOUND('',#12952,.T.);
#12952 = EDGE_LOOP('',(#12953,#12959,#12960,#12961));
#12953 = ORIENTED_EDGE('',*,*,#12954,.T.);
#12954 = EDGE_CURVE('',#12232,#12537,#12955,.T.);
#12955 = LINE('',#12956,#12957);
#12956 = CARTESIAN_POINT('',(9.1,96.,0.));
#12957 = VECTOR('',#12958,1.);
#12958 = DIRECTION('',(0.,0.,1.));
#12959 = ORIENTED_EDGE('',*,*,#12536,.T.);
#12960 = ORIENTED_EDGE('',*,*,#12954,.F.);
#12961 = ORIENTED_EDGE('',*,*,#12231,.F.);
#12962 = CYLINDRICAL_SURFACE('',#12963,1.6);
#12963 = AXIS2_PLACEMENT_3D('',#12964,#12965,#12966);
#12964 = CARTESIAN_POINT('',(7.5,96.,0.));
#12965 = DIRECTION('',(-0.,-0.,-1.));
#12966 = DIRECTION('',(1.,0.,-0.));
#12967 = ADVANCED_FACE('',(#12968),#12979,.F.);
#12968 = FACE_BOUND('',#12969,.T.);
#12969 = EDGE_LOOP('',(#12970,#12971,#12977,#12978));
#12970 = ORIENTED_EDGE('',*,*,#12242,.T.);
#12971 = ORIENTED_EDGE('',*,*,#12972,.T.);
#12972 = EDGE_CURVE('',#12243,#12548,#12973,.T.);
#12973 = LINE('',#12974,#12975);
#12974 = CARTESIAN_POINT('',(8.625,106.2,-4.6E-02));
#12975 = VECTOR('',#12976,1.);
#12976 = DIRECTION('',(0.,0.,1.));
#12977 = ORIENTED_EDGE('',*,*,#12547,.F.);
#12978 = ORIENTED_EDGE('',*,*,#12972,.F.);
#12979 = CYLINDRICAL_SURFACE('',#12980,0.25);
#12980 = AXIS2_PLACEMENT_3D('',#12981,#12982,#12983);
#12981 = CARTESIAN_POINT('',(8.625,106.45,-4.6E-02));
#12982 = DIRECTION('',(-0.,-0.,-1.));
#12983 = DIRECTION('',(-0.,-1.,0.));
#12984 = ADVANCED_FACE('',(#12985),#12996,.F.);
#12985 = FACE_BOUND('',#12986,.T.);
#12986 = EDGE_LOOP('',(#12987,#12988,#12994,#12995));
#12987 = ORIENTED_EDGE('',*,*,#12253,.T.);
#12988 = ORIENTED_EDGE('',*,*,#12989,.T.);
#12989 = EDGE_CURVE('',#12254,#12559,#12990,.T.);
#12990 = LINE('',#12991,#12992);
#12991 = CARTESIAN_POINT('',(8.625,107.35,-4.6E-02));
#12992 = VECTOR('',#12993,1.);
#12993 = DIRECTION('',(0.,0.,1.));
#12994 = ORIENTED_EDGE('',*,*,#12558,.F.);
#12995 = ORIENTED_EDGE('',*,*,#12989,.F.);
#12996 = CYLINDRICAL_SURFACE('',#12997,0.9);
#12997 = AXIS2_PLACEMENT_3D('',#12998,#12999,#13000);
#12998 = CARTESIAN_POINT('',(8.625,108.25,-4.6E-02));
#12999 = DIRECTION('',(-0.,-0.,-1.));
#13000 = DIRECTION('',(-0.,-1.,0.));
#13001 = ADVANCED_FACE('',(#13002),#13013,.F.);
#13002 = FACE_BOUND('',#13003,.T.);
#13003 = EDGE_LOOP('',(#13004,#13005,#13011,#13012));
#13004 = ORIENTED_EDGE('',*,*,#12264,.T.);
#13005 = ORIENTED_EDGE('',*,*,#13006,.T.);
#13006 = EDGE_CURVE('',#12265,#12570,#13007,.T.);
#13007 = LINE('',#13008,#13009);
#13008 = CARTESIAN_POINT('',(8.625,109.8,-4.6E-02));
#13009 = VECTOR('',#13010,1.);
#13010 = DIRECTION('',(0.,0.,1.));
#13011 = ORIENTED_EDGE('',*,*,#12569,.F.);
#13012 = ORIENTED_EDGE('',*,*,#13006,.F.);
#13013 = CYLINDRICAL_SURFACE('',#13014,0.25);
#13014 = AXIS2_PLACEMENT_3D('',#13015,#13016,#13017);
#13015 = CARTESIAN_POINT('',(8.625,110.05,-4.6E-02));
#13016 = DIRECTION('',(-0.,-0.,-1.));
#13017 = DIRECTION('',(-0.,-1.,0.));
#13018 = ADVANCED_FACE('',(#13019),#13035,.T.);
#13019 = FACE_BOUND('',#13020,.T.);
#13020 = EDGE_LOOP('',(#13021,#13027,#13028,#13034));
#13021 = ORIENTED_EDGE('',*,*,#13022,.T.);
#13022 = EDGE_CURVE('',#12276,#12581,#13023,.T.);
#13023 = LINE('',#13024,#13025);
#13024 = CARTESIAN_POINT('',(5.2,45.4,0.));
#13025 = VECTOR('',#13026,1.);
#13026 = DIRECTION('',(0.,0.,1.));
#13027 = ORIENTED_EDGE('',*,*,#12580,.T.);
#13028 = ORIENTED_EDGE('',*,*,#13029,.F.);
#13029 = EDGE_CURVE('',#12278,#12583,#13030,.T.);
#13030 = LINE('',#13031,#13032);
#13031 = CARTESIAN_POINT('',(14.3,45.4,0.));
#13032 = VECTOR('',#13033,1.);
#13033 = DIRECTION('',(0.,0.,1.));
#13034 = ORIENTED_EDGE('',*,*,#12275,.F.);
#13035 = PLANE('',#13036);
#13036 = AXIS2_PLACEMENT_3D('',#13037,#13038,#13039);
#13037 = CARTESIAN_POINT('',(5.2,45.4,0.));
#13038 = DIRECTION('',(0.,1.,0.));
#13039 = DIRECTION('',(1.,0.,0.));
#13040 = ADVANCED_FACE('',(#13041),#13052,.T.);
#13041 = FACE_BOUND('',#13042,.T.);
#13042 = EDGE_LOOP('',(#13043,#13049,#13050,#13051));
#13043 = ORIENTED_EDGE('',*,*,#13044,.T.);
#13044 = EDGE_CURVE('',#12286,#12591,#13045,.T.);
#13045 = LINE('',#13046,#13047);
#13046 = CARTESIAN_POINT('',(5.2,78.6,0.));
#13047 = VECTOR('',#13048,1.);
#13048 = DIRECTION('',(0.,0.,1.));
#13049 = ORIENTED_EDGE('',*,*,#12590,.T.);
#13050 = ORIENTED_EDGE('',*,*,#13022,.F.);
#13051 = ORIENTED_EDGE('',*,*,#12285,.F.);
#13052 = PLANE('',#13053);
#13053 = AXIS2_PLACEMENT_3D('',#13054,#13055,#13056);
#13054 = CARTESIAN_POINT('',(5.2,78.6,0.));
#13055 = DIRECTION('',(1.,0.,-0.));
#13056 = DIRECTION('',(0.,-1.,0.));
#13057 = ADVANCED_FACE('',(#13058),#13069,.T.);
#13058 = FACE_BOUND('',#13059,.T.);
#13059 = EDGE_LOOP('',(#13060,#13061,#13062,#13068));
#13060 = ORIENTED_EDGE('',*,*,#13029,.T.);
#13061 = ORIENTED_EDGE('',*,*,#12606,.T.);
#13062 = ORIENTED_EDGE('',*,*,#13063,.F.);
#13063 = EDGE_CURVE('',#12294,#12599,#13064,.T.);
#13064 = LINE('',#13065,#13066);
#13065 = CARTESIAN_POINT('',(14.3,78.6,0.));
#13066 = VECTOR('',#13067,1.);
#13067 = DIRECTION('',(0.,0.,1.));
#13068 = ORIENTED_EDGE('',*,*,#12301,.F.);
#13069 = PLANE('',#13070);
#13070 = AXIS2_PLACEMENT_3D('',#13071,#13072,#13073);
#13071 = CARTESIAN_POINT('',(14.3,45.4,0.));
#13072 = DIRECTION('',(-1.,0.,0.));
#13073 = DIRECTION('',(0.,1.,0.));
#13074 = ADVANCED_FACE('',(#13075),#13081,.T.);
#13075 = FACE_BOUND('',#13076,.T.);
#13076 = EDGE_LOOP('',(#13077,#13078,#13079,#13080));
#13077 = ORIENTED_EDGE('',*,*,#13063,.T.);
#13078 = ORIENTED_EDGE('',*,*,#12598,.T.);
#13079 = ORIENTED_EDGE('',*,*,#13044,.F.);
#13080 = ORIENTED_EDGE('',*,*,#12293,.F.);
#13081 = PLANE('',#13082);
#13082 = AXIS2_PLACEMENT_3D('',#13083,#13084,#13085);
#13083 = CARTESIAN_POINT('',(14.3,78.6,0.));
#13084 = DIRECTION('',(0.,-1.,0.));
#13085 = DIRECTION('',(-1.,0.,0.));
#13086 = ADVANCED_FACE('',(#13087),#13098,.F.);
#13087 = FACE_BOUND('',#13088,.T.);
#13088 = EDGE_LOOP('',(#13089,#13090,#13096,#13097));
#13089 = ORIENTED_EDGE('',*,*,#12309,.T.);
#13090 = ORIENTED_EDGE('',*,*,#13091,.T.);
#13091 = EDGE_CURVE('',#12310,#12615,#13092,.T.);
#13092 = LINE('',#13093,#13094);
#13093 = CARTESIAN_POINT('',(9.895,106.73,-4.6E-02));
#13094 = VECTOR('',#13095,1.);
#13095 = DIRECTION('',(0.,0.,1.));
#13096 = ORIENTED_EDGE('',*,*,#12614,.F.);
#13097 = ORIENTED_EDGE('',*,*,#13091,.F.);
#13098 = CYLINDRICAL_SURFACE('',#13099,0.25);
#13099 = AXIS2_PLACEMENT_3D('',#13100,#13101,#13102);
#13100 = CARTESIAN_POINT('',(9.895,106.98,-4.6E-02));
#13101 = DIRECTION('',(-0.,-0.,-1.));
#13102 = DIRECTION('',(-0.,-1.,0.));
#13103 = ADVANCED_FACE('',(#13104),#13115,.F.);
#13104 = FACE_BOUND('',#13105,.T.);
#13105 = EDGE_LOOP('',(#13106,#13107,#13113,#13114));
#13106 = ORIENTED_EDGE('',*,*,#12320,.T.);
#13107 = ORIENTED_EDGE('',*,*,#13108,.T.);
#13108 = EDGE_CURVE('',#12321,#12626,#13109,.T.);
#13109 = LINE('',#13110,#13111);
#13110 = CARTESIAN_POINT('',(9.895,109.27,-4.6E-02));
#13111 = VECTOR('',#13112,1.);
#13112 = DIRECTION('',(0.,0.,1.));
#13113 = ORIENTED_EDGE('',*,*,#12625,.F.);
#13114 = ORIENTED_EDGE('',*,*,#13108,.F.);
#13115 = CYLINDRICAL_SURFACE('',#13116,0.25);
#13116 = AXIS2_PLACEMENT_3D('',#13117,#13118,#13119);
#13117 = CARTESIAN_POINT('',(9.895,109.52,-4.6E-02));
#13118 = DIRECTION('',(-0.,-0.,-1.));
#13119 = DIRECTION('',(-0.,-1.,0.));
#13120 = ADVANCED_FACE('',(#13121),#13132,.F.);
#13121 = FACE_BOUND('',#13122,.T.);
#13122 = EDGE_LOOP('',(#13123,#13124,#13130,#13131));
#13123 = ORIENTED_EDGE('',*,*,#12331,.T.);
#13124 = ORIENTED_EDGE('',*,*,#13125,.T.);
#13125 = EDGE_CURVE('',#12332,#12637,#13126,.T.);
#13126 = LINE('',#13127,#13128);
#13127 = CARTESIAN_POINT('',(10.425,108.,-4.6E-02));
#13128 = VECTOR('',#13129,1.);
#13129 = DIRECTION('',(0.,0.,1.));
#13130 = ORIENTED_EDGE('',*,*,#12636,.F.);
#13131 = ORIENTED_EDGE('',*,*,#13125,.F.);
#13132 = CYLINDRICAL_SURFACE('',#13133,0.25);
#13133 = AXIS2_PLACEMENT_3D('',#13134,#13135,#13136);
#13134 = CARTESIAN_POINT('',(10.425,108.25,-4.6E-02));
#13135 = DIRECTION('',(-0.,-0.,-1.));
#13136 = DIRECTION('',(-0.,-1.,0.));
#13137 = ( GEOMETRIC_REPRESENTATION_CONTEXT(3) 
GLOBAL_UNCERTAINTY_ASSIGNED_CONTEXT((#13141)) 
GLOBAL_UNIT_ASSIGNED_CONTEXT((#13138,#13139,#13140)) 
REPRESENTATION_CONTEXT('Context #1',
  '3D Context with UNIT and UNCERTAINTY') );
#13138 = ( LENGTH_UNIT() NAMED_UNIT(*) SI_UNIT(.MILLI.,.METRE.) );
#13139 = ( NAMED_UNIT(*) PLANE_ANGLE_UNIT() SI_UNIT($,.RADIAN.) );
#13140 = ( NAMED_UNIT(*) SI_UNIT($,.STERADIAN.) SOLID_ANGLE_UNIT() );
#13141 = UNCERTAINTY_MEASURE_WITH_UNIT(LENGTH_MEASURE(1.E-07),#13138,
  'distance_accuracy_value','confusion accuracy');
#13142 = CONTEXT_DEPENDENT_SHAPE_REPRESENTATION(#13143,#13145);
#13143 = ( REPRESENTATION_RELATIONSHIP('','',#11934,#10) 
REPRESENTATION_RELATIONSHIP_WITH_TRANSFORMATION(#13144) 
SHAPE_REPRESENTATION_RELATIONSHIP() );
#13144 = ITEM_DEFINED_TRANSFORMATION('','',#11,#19);
#13145 = PRODUCT_DEFINITION_SHAPE('Placement','Placement of an item',
  #13146);
#13146 = NEXT_ASSEMBLY_USAGE_OCCURRENCE('2','=>[0:1:1:3]','',#5,#11929,$
  );
#13147 = PRODUCT_RELATED_PRODUCT_CATEGORY('part',$,(#11931));
#13148 = MECHANICAL_DESIGN_GEOMETRIC_PRESENTATION_REPRESENTATION('',(
    #13149,#13159,#13168,#13177,#13186,#13195,#13204,#13213,#13222,
    #13231,#13240,#13249,#13258,#13267,#13276,#13285,#13294,#13303,
    #13312,#13321,#13330,#13339,#13348,#13357,#13366,#13375,#13384,
    #13393,#13402),#11916);
#13149 = STYLED_ITEM('color',(#13150),#39);
#13150 = PRESENTATION_STYLE_ASSIGNMENT((#13151));
#13151 = SURFACE_STYLE_USAGE(.BOTH.,#13152);
#13152 = SURFACE_SIDE_STYLE('',(#13153,#13157));
#13153 = SURFACE_STYLE_FILL_AREA(#13154);
#13154 = FILL_AREA_STYLE('',(#13155));
#13155 = FILL_AREA_STYLE_COLOUR('',#13156);
#13156 = DRAUGHTING_PRE_DEFINED_COLOUR('white');
#13157 = SURFACE_STYLE_RENDERING_WITH_PROPERTIES(.NORMAL_SHADING.,#13156
  ,(#13158));
#13158 = SURFACE_STYLE_TRANSPARENT(0.100000023842);
#13159 = STYLED_ITEM('color',(#13160),#478);
#13160 = PRESENTATION_STYLE_ASSIGNMENT((#13161));
#13161 = SURFACE_STYLE_USAGE(.BOTH.,#13162);
#13162 = SURFACE_SIDE_STYLE('',(#13163,#13166));
#13163 = SURFACE_STYLE_FILL_AREA(#13164);
#13164 = FILL_AREA_STYLE('',(#13165));
#13165 = FILL_AREA_STYLE_COLOUR('',#13156);
#13166 = SURFACE_STYLE_RENDERING_WITH_PROPERTIES(.NORMAL_SHADING.,#13156
  ,(#13167));
#13167 = SURFACE_STYLE_TRANSPARENT(0.100000023842);
#13168 = STYLED_ITEM('color',(#13169),#903);
#13169 = PRESENTATION_STYLE_ASSIGNMENT((#13170));
#13170 = SURFACE_STYLE_USAGE(.BOTH.,#13171);
#13171 = SURFACE_SIDE_STYLE('',(#13172,#13175));
#13172 = SURFACE_STYLE_FILL_AREA(#13173);
#13173 = FILL_AREA_STYLE('',(#13174));
#13174 = FILL_AREA_STYLE_COLOUR('',#13156);
#13175 = SURFACE_STYLE_RENDERING_WITH_PROPERTIES(.NORMAL_SHADING.,#13156
  ,(#13176));
#13176 = SURFACE_STYLE_TRANSPARENT(0.100000023842);
#13177 = STYLED_ITEM('color',(#13178),#1331);
#13178 = PRESENTATION_STYLE_ASSIGNMENT((#13179));
#13179 = SURFACE_STYLE_USAGE(.BOTH.,#13180);
#13180 = SURFACE_SIDE_STYLE('',(#13181,#13184));
#13181 = SURFACE_STYLE_FILL_AREA(#13182);
#13182 = FILL_AREA_STYLE('',(#13183));
#13183 = FILL_AREA_STYLE_COLOUR('',#13156);
#13184 = SURFACE_STYLE_RENDERING_WITH_PROPERTIES(.NORMAL_SHADING.,#13156
  ,(#13185));
#13185 = SURFACE_STYLE_TRANSPARENT(0.100000023842);
#13186 = STYLED_ITEM('color',(#13187),#1740);
#13187 = PRESENTATION_STYLE_ASSIGNMENT((#13188));
#13188 = SURFACE_STYLE_USAGE(.BOTH.,#13189);
#13189 = SURFACE_SIDE_STYLE('',(#13190,#13193));
#13190 = SURFACE_STYLE_FILL_AREA(#13191);
#13191 = FILL_AREA_STYLE('',(#13192));
#13192 = FILL_AREA_STYLE_COLOUR('',#13156);
#13193 = SURFACE_STYLE_RENDERING_WITH_PROPERTIES(.NORMAL_SHADING.,#13156
  ,(#13194));
#13194 = SURFACE_STYLE_TRANSPARENT(0.100000023842);
#13195 = STYLED_ITEM('color',(#13196),#2128);
#13196 = PRESENTATION_STYLE_ASSIGNMENT((#13197));
#13197 = SURFACE_STYLE_USAGE(.BOTH.,#13198);
#13198 = SURFACE_SIDE_STYLE('',(#13199,#13202));
#13199 = SURFACE_STYLE_FILL_AREA(#13200);
#13200 = FILL_AREA_STYLE('',(#13201));
#13201 = FILL_AREA_STYLE_COLOUR('',#13156);
#13202 = SURFACE_STYLE_RENDERING_WITH_PROPERTIES(.NORMAL_SHADING.,#13156
  ,(#13203));
#13203 = SURFACE_STYLE_TRANSPARENT(0.100000023842);
#13204 = STYLED_ITEM('color',(#13205),#2349);
#13205 = PRESENTATION_STYLE_ASSIGNMENT((#13206));
#13206 = SURFACE_STYLE_USAGE(.BOTH.,#13207);
#13207 = SURFACE_SIDE_STYLE('',(#13208,#13211));
#13208 = SURFACE_STYLE_FILL_AREA(#13209);
#13209 = FILL_AREA_STYLE('',(#13210));
#13210 = FILL_AREA_STYLE_COLOUR('',#13156);
#13211 = SURFACE_STYLE_RENDERING_WITH_PROPERTIES(.NORMAL_SHADING.,#13156
  ,(#13212));
#13212 = SURFACE_STYLE_TRANSPARENT(0.100000023842);
#13213 = STYLED_ITEM('color',(#13214),#2463);
#13214 = PRESENTATION_STYLE_ASSIGNMENT((#13215));
#13215 = SURFACE_STYLE_USAGE(.BOTH.,#13216);
#13216 = SURFACE_SIDE_STYLE('',(#13217,#13220));
#13217 = SURFACE_STYLE_FILL_AREA(#13218);
#13218 = FILL_AREA_STYLE('',(#13219));
#13219 = FILL_AREA_STYLE_COLOUR('',#13156);
#13220 = SURFACE_STYLE_RENDERING_WITH_PROPERTIES(.NORMAL_SHADING.,#13156
  ,(#13221));
#13221 = SURFACE_STYLE_TRANSPARENT(0.100000023842);
#13222 = STYLED_ITEM('color',(#13223),#2682);
#13223 = PRESENTATION_STYLE_ASSIGNMENT((#13224));
#13224 = SURFACE_STYLE_USAGE(.BOTH.,#13225);
#13225 = SURFACE_SIDE_STYLE('',(#13226,#13229));
#13226 = SURFACE_STYLE_FILL_AREA(#13227);
#13227 = FILL_AREA_STYLE('',(#13228));
#13228 = FILL_AREA_STYLE_COLOUR('',#13156);
#13229 = SURFACE_STYLE_RENDERING_WITH_PROPERTIES(.NORMAL_SHADING.,#13156
  ,(#13230));
#13230 = SURFACE_STYLE_TRANSPARENT(0.100000023842);
#13231 = STYLED_ITEM('color',(#13232),#3009);
#13232 = PRESENTATION_STYLE_ASSIGNMENT((#13233));
#13233 = SURFACE_STYLE_USAGE(.BOTH.,#13234);
#13234 = SURFACE_SIDE_STYLE('',(#13235,#13238));
#13235 = SURFACE_STYLE_FILL_AREA(#13236);
#13236 = FILL_AREA_STYLE('',(#13237));
#13237 = FILL_AREA_STYLE_COLOUR('',#13156);
#13238 = SURFACE_STYLE_RENDERING_WITH_PROPERTIES(.NORMAL_SHADING.,#13156
  ,(#13239));
#13239 = SURFACE_STYLE_TRANSPARENT(0.100000023842);
#13240 = STYLED_ITEM('color',(#13241),#3453);
#13241 = PRESENTATION_STYLE_ASSIGNMENT((#13242));
#13242 = SURFACE_STYLE_USAGE(.BOTH.,#13243);
#13243 = SURFACE_SIDE_STYLE('',(#13244,#13247));
#13244 = SURFACE_STYLE_FILL_AREA(#13245);
#13245 = FILL_AREA_STYLE('',(#13246));
#13246 = FILL_AREA_STYLE_COLOUR('',#13156);
#13247 = SURFACE_STYLE_RENDERING_WITH_PROPERTIES(.NORMAL_SHADING.,#13156
  ,(#13248));
#13248 = SURFACE_STYLE_TRANSPARENT(0.100000023842);
#13249 = STYLED_ITEM('color',(#13250),#3842);
#13250 = PRESENTATION_STYLE_ASSIGNMENT((#13251));
#13251 = SURFACE_STYLE_USAGE(.BOTH.,#13252);
#13252 = SURFACE_SIDE_STYLE('',(#13253,#13256));
#13253 = SURFACE_STYLE_FILL_AREA(#13254);
#13254 = FILL_AREA_STYLE('',(#13255));
#13255 = FILL_AREA_STYLE_COLOUR('',#13156);
#13256 = SURFACE_STYLE_RENDERING_WITH_PROPERTIES(.NORMAL_SHADING.,#13156
  ,(#13257));
#13257 = SURFACE_STYLE_TRANSPARENT(0.100000023842);
#13258 = STYLED_ITEM('color',(#13259),#3958);
#13259 = PRESENTATION_STYLE_ASSIGNMENT((#13260));
#13260 = SURFACE_STYLE_USAGE(.BOTH.,#13261);
#13261 = SURFACE_SIDE_STYLE('',(#13262,#13265));
#13262 = SURFACE_STYLE_FILL_AREA(#13263);
#13263 = FILL_AREA_STYLE('',(#13264));
#13264 = FILL_AREA_STYLE_COLOUR('',#13156);
#13265 = SURFACE_STYLE_RENDERING_WITH_PROPERTIES(.NORMAL_SHADING.,#13156
  ,(#13266));
#13266 = SURFACE_STYLE_TRANSPARENT(0.100000023842);
#13267 = STYLED_ITEM('color',(#13268),#4104);
#13268 = PRESENTATION_STYLE_ASSIGNMENT((#13269));
#13269 = SURFACE_STYLE_USAGE(.BOTH.,#13270);
#13270 = SURFACE_SIDE_STYLE('',(#13271,#13274));
#13271 = SURFACE_STYLE_FILL_AREA(#13272);
#13272 = FILL_AREA_STYLE('',(#13273));
#13273 = FILL_AREA_STYLE_COLOUR('',#13156);
#13274 = SURFACE_STYLE_RENDERING_WITH_PROPERTIES(.NORMAL_SHADING.,#13156
  ,(#13275));
#13275 = SURFACE_STYLE_TRANSPARENT(0.100000023842);
#13276 = STYLED_ITEM('color',(#13277),#5255);
#13277 = PRESENTATION_STYLE_ASSIGNMENT((#13278));
#13278 = SURFACE_STYLE_USAGE(.BOTH.,#13279);
#13279 = SURFACE_SIDE_STYLE('',(#13280,#13283));
#13280 = SURFACE_STYLE_FILL_AREA(#13281);
#13281 = FILL_AREA_STYLE('',(#13282));
#13282 = FILL_AREA_STYLE_COLOUR('',#13156);
#13283 = SURFACE_STYLE_RENDERING_WITH_PROPERTIES(.NORMAL_SHADING.,#13156
  ,(#13284));
#13284 = SURFACE_STYLE_TRANSPARENT(0.100000023842);
#13285 = STYLED_ITEM('color',(#13286),#5494);
#13286 = PRESENTATION_STYLE_ASSIGNMENT((#13287));
#13287 = SURFACE_STYLE_USAGE(.BOTH.,#13288);
#13288 = SURFACE_SIDE_STYLE('',(#13289,#13292));
#13289 = SURFACE_STYLE_FILL_AREA(#13290);
#13290 = FILL_AREA_STYLE('',(#13291));
#13291 = FILL_AREA_STYLE_COLOUR('',#13156);
#13292 = SURFACE_STYLE_RENDERING_WITH_PROPERTIES(.NORMAL_SHADING.,#13156
  ,(#13293));
#13293 = SURFACE_STYLE_TRANSPARENT(0.100000023842);
#13294 = STYLED_ITEM('color',(#13295),#5665);
#13295 = PRESENTATION_STYLE_ASSIGNMENT((#13296));
#13296 = SURFACE_STYLE_USAGE(.BOTH.,#13297);
#13297 = SURFACE_SIDE_STYLE('',(#13298,#13301));
#13298 = SURFACE_STYLE_FILL_AREA(#13299);
#13299 = FILL_AREA_STYLE('',(#13300));
#13300 = FILL_AREA_STYLE_COLOUR('',#13156);
#13301 = SURFACE_STYLE_RENDERING_WITH_PROPERTIES(.NORMAL_SHADING.,#13156
  ,(#13302));
#13302 = SURFACE_STYLE_TRANSPARENT(0.100000023842);
#13303 = STYLED_ITEM('color',(#13304),#5804);
#13304 = PRESENTATION_STYLE_ASSIGNMENT((#13305));
#13305 = SURFACE_STYLE_USAGE(.BOTH.,#13306);
#13306 = SURFACE_SIDE_STYLE('',(#13307,#13310));
#13307 = SURFACE_STYLE_FILL_AREA(#13308);
#13308 = FILL_AREA_STYLE('',(#13309));
#13309 = FILL_AREA_STYLE_COLOUR('',#13156);
#13310 = SURFACE_STYLE_RENDERING_WITH_PROPERTIES(.NORMAL_SHADING.,#13156
  ,(#13311));
#13311 = SURFACE_STYLE_TRANSPARENT(0.100000023842);
#13312 = STYLED_ITEM('color',(#13313),#5927);
#13313 = PRESENTATION_STYLE_ASSIGNMENT((#13314));
#13314 = SURFACE_STYLE_USAGE(.BOTH.,#13315);
#13315 = SURFACE_SIDE_STYLE('',(#13316,#13319));
#13316 = SURFACE_STYLE_FILL_AREA(#13317);
#13317 = FILL_AREA_STYLE('',(#13318));
#13318 = FILL_AREA_STYLE_COLOUR('',#13156);
#13319 = SURFACE_STYLE_RENDERING_WITH_PROPERTIES(.NORMAL_SHADING.,#13156
  ,(#13320));
#13320 = SURFACE_STYLE_TRANSPARENT(0.100000023842);
#13321 = STYLED_ITEM('color',(#13322),#7568);
#13322 = PRESENTATION_STYLE_ASSIGNMENT((#13323));
#13323 = SURFACE_STYLE_USAGE(.BOTH.,#13324);
#13324 = SURFACE_SIDE_STYLE('',(#13325,#13328));
#13325 = SURFACE_STYLE_FILL_AREA(#13326);
#13326 = FILL_AREA_STYLE('',(#13327));
#13327 = FILL_AREA_STYLE_COLOUR('',#13156);
#13328 = SURFACE_STYLE_RENDERING_WITH_PROPERTIES(.NORMAL_SHADING.,#13156
  ,(#13329));
#13329 = SURFACE_STYLE_TRANSPARENT(0.100000023842);
#13330 = STYLED_ITEM('color',(#13331),#8207);
#13331 = PRESENTATION_STYLE_ASSIGNMENT((#13332));
#13332 = SURFACE_STYLE_USAGE(.BOTH.,#13333);
#13333 = SURFACE_SIDE_STYLE('',(#13334,#13337));
#13334 = SURFACE_STYLE_FILL_AREA(#13335);
#13335 = FILL_AREA_STYLE('',(#13336));
#13336 = FILL_AREA_STYLE_COLOUR('',#13156);
#13337 = SURFACE_STYLE_RENDERING_WITH_PROPERTIES(.NORMAL_SHADING.,#13156
  ,(#13338));
#13338 = SURFACE_STYLE_TRANSPARENT(0.100000023842);
#13339 = STYLED_ITEM('color',(#13340),#8905);
#13340 = PRESENTATION_STYLE_ASSIGNMENT((#13341));
#13341 = SURFACE_STYLE_USAGE(.BOTH.,#13342);
#13342 = SURFACE_SIDE_STYLE('',(#13343,#13346));
#13343 = SURFACE_STYLE_FILL_AREA(#13344);
#13344 = FILL_AREA_STYLE('',(#13345));
#13345 = FILL_AREA_STYLE_COLOUR('',#13156);
#13346 = SURFACE_STYLE_RENDERING_WITH_PROPERTIES(.NORMAL_SHADING.,#13156
  ,(#13347));
#13347 = SURFACE_STYLE_TRANSPARENT(0.100000023842);
#13348 = STYLED_ITEM('color',(#13349),#9261);
#13349 = PRESENTATION_STYLE_ASSIGNMENT((#13350));
#13350 = SURFACE_STYLE_USAGE(.BOTH.,#13351);
#13351 = SURFACE_SIDE_STYLE('',(#13352,#13355));
#13352 = SURFACE_STYLE_FILL_AREA(#13353);
#13353 = FILL_AREA_STYLE('',(#13354));
#13354 = FILL_AREA_STYLE_COLOUR('',#13156);
#13355 = SURFACE_STYLE_RENDERING_WITH_PROPERTIES(.NORMAL_SHADING.,#13156
  ,(#13356));
#13356 = SURFACE_STYLE_TRANSPARENT(0.100000023842);
#13357 = STYLED_ITEM('color',(#13358),#9561);
#13358 = PRESENTATION_STYLE_ASSIGNMENT((#13359));
#13359 = SURFACE_STYLE_USAGE(.BOTH.,#13360);
#13360 = SURFACE_SIDE_STYLE('',(#13361,#13364));
#13361 = SURFACE_STYLE_FILL_AREA(#13362);
#13362 = FILL_AREA_STYLE('',(#13363));
#13363 = FILL_AREA_STYLE_COLOUR('',#13156);
#13364 = SURFACE_STYLE_RENDERING_WITH_PROPERTIES(.NORMAL_SHADING.,#13156
  ,(#13365));
#13365 = SURFACE_STYLE_TRANSPARENT(0.100000023842);
#13366 = STYLED_ITEM('color',(#13367),#9683);
#13367 = PRESENTATION_STYLE_ASSIGNMENT((#13368));
#13368 = SURFACE_STYLE_USAGE(.BOTH.,#13369);
#13369 = SURFACE_SIDE_STYLE('',(#13370,#13373));
#13370 = SURFACE_STYLE_FILL_AREA(#13371);
#13371 = FILL_AREA_STYLE('',(#13372));
#13372 = FILL_AREA_STYLE_COLOUR('',#13156);
#13373 = SURFACE_STYLE_RENDERING_WITH_PROPERTIES(.NORMAL_SHADING.,#13156
  ,(#13374));
#13374 = SURFACE_STYLE_TRANSPARENT(0.100000023842);
#13375 = STYLED_ITEM('color',(#13376),#10056);
#13376 = PRESENTATION_STYLE_ASSIGNMENT((#13377));
#13377 = SURFACE_STYLE_USAGE(.BOTH.,#13378);
#13378 = SURFACE_SIDE_STYLE('',(#13379,#13382));
#13379 = SURFACE_STYLE_FILL_AREA(#13380);
#13380 = FILL_AREA_STYLE('',(#13381));
#13381 = FILL_AREA_STYLE_COLOUR('',#13156);
#13382 = SURFACE_STYLE_RENDERING_WITH_PROPERTIES(.NORMAL_SHADING.,#13156
  ,(#13383));
#13383 = SURFACE_STYLE_TRANSPARENT(0.100000023842);
#13384 = STYLED_ITEM('color',(#13385),#10376);
#13385 = PRESENTATION_STYLE_ASSIGNMENT((#13386));
#13386 = SURFACE_STYLE_USAGE(.BOTH.,#13387);
#13387 = SURFACE_SIDE_STYLE('',(#13388,#13391));
#13388 = SURFACE_STYLE_FILL_AREA(#13389);
#13389 = FILL_AREA_STYLE('',(#13390));
#13390 = FILL_AREA_STYLE_COLOUR('',#13156);
#13391 = SURFACE_STYLE_RENDERING_WITH_PROPERTIES(.NORMAL_SHADING.,#13156
  ,(#13392));
#13392 = SURFACE_STYLE_TRANSPARENT(0.100000023842);
#13393 = STYLED_ITEM('color',(#13394),#10757);
#13394 = PRESENTATION_STYLE_ASSIGNMENT((#13395));
#13395 = SURFACE_STYLE_USAGE(.BOTH.,#13396);
#13396 = SURFACE_SIDE_STYLE('',(#13397,#13400));
#13397 = SURFACE_STYLE_FILL_AREA(#13398);
#13398 = FILL_AREA_STYLE('',(#13399));
#13399 = FILL_AREA_STYLE_COLOUR('',#13156);
#13400 = SURFACE_STYLE_RENDERING_WITH_PROPERTIES(.NORMAL_SHADING.,#13156
  ,(#13401));
#13401 = SURFACE_STYLE_TRANSPARENT(0.100000023842);
#13402 = STYLED_ITEM('color',(#13403),#11348);
#13403 = PRESENTATION_STYLE_ASSIGNMENT((#13404));
#13404 = SURFACE_STYLE_USAGE(.BOTH.,#13405);
#13405 = SURFACE_SIDE_STYLE('',(#13406,#13409));
#13406 = SURFACE_STYLE_FILL_AREA(#13407);
#13407 = FILL_AREA_STYLE('',(#13408));
#13408 = FILL_AREA_STYLE_COLOUR('',#13156);
#13409 = SURFACE_STYLE_RENDERING_WITH_PROPERTIES(.NORMAL_SHADING.,#13156
  ,(#13410));
#13410 = SURFACE_STYLE_TRANSPARENT(0.100000023842);
#13411 = MECHANICAL_DESIGN_GEOMETRIC_PRESENTATION_REPRESENTATION('',(
    #13412),#13137);
#13412 = STYLED_ITEM('color',(#13413),#11935);
#13413 = PRESENTATION_STYLE_ASSIGNMENT((#13414));
#13414 = SURFACE_STYLE_USAGE(.BOTH.,#13415);
#13415 = SURFACE_SIDE_STYLE('',(#13416));
#13416 = SURFACE_STYLE_FILL_AREA(#13417);
#13417 = FILL_AREA_STYLE('',(#13418));
#13418 = FILL_AREA_STYLE_COLOUR('',#13419);
#13419 = COLOUR_RGB('',0.313304153717,0.484529207832,0.410020903123);
ENDSEC;
END-ISO-10303-21;
