ISO-10303-21;
HEADER;
FILE_DESCRIPTION(('OpenCascade Model'),'2;1');
FILE_NAME('Open CASCADE Shape Model','2025-12-12T12:21:45',(''),(''),
  'Open CASCADE STEP processor 7.8','Open CASCADE 7.7','Unknown');
FILE_SCHEMA(('AUTOMOTIVE_DESIGN { 1 0 10303 214 1 1 1 1 }'));
ENDSEC;
DATA;
#1 = APPLICATION_PROTOCOL_DEFINITION('international standard',
  'automotive_design',2000,#2);
#2 = APPLICATION_CONTEXT(
  'core data for automotive mechanical design processes');
#3 = SHAPE_DEFINITION_REPRESENTATION(#4,#10);
#4 = PRODUCT_DEFINITION_SHAPE('','',#5);
#5 = PRODUCT_DEFINITION('design','',#6,#9);
#6 = PRODUCT_DEFINITION_FORMATION('','',#7);
#7 = PRODUCT('NAUO1','NAUO1','',(#8));
#8 = PRODUCT_CONTEXT('',#2,'mechanical');
#9 = PRODUCT_DEFINITION_CONTEXT('part definition',#2,'design');
#10 = SHAPE_REPRESENTATION('',(#11,#15),#19);
#11 = AXIS2_PLACEMENT_3D('',#12,#13,#14);
#12 = CARTESIAN_POINT('',(0.,0.,0.));
#13 = DIRECTION('',(0.,0.,1.));
#14 = DIRECTION('',(1.,0.,-0.));
#15 = AXIS2_PLACEMENT_3D('',#16,#17,#18);
#16 = CARTESIAN_POINT('',(0.,0.,0.));
#17 = DIRECTION('',(0.,0.,1.));
#18 = DIRECTION('',(1.,0.,0.));
#19 = ( GEOMETRIC_REPRESENTATION_CONTEXT(3) 
GLOBAL_UNCERTAINTY_ASSIGNED_CONTEXT((#23)) GLOBAL_UNIT_ASSIGNED_CONTEXT(
(#20,#21,#22)) REPRESENTATION_CONTEXT('Context #1',
  '3D Context with UNIT and UNCERTAINTY') );
#20 = ( LENGTH_UNIT() NAMED_UNIT(*) SI_UNIT(.MILLI.,.METRE.) );
#21 = ( NAMED_UNIT(*) PLANE_ANGLE_UNIT() SI_UNIT($,.RADIAN.) );
#22 = ( NAMED_UNIT(*) SI_UNIT($,.STERADIAN.) SOLID_ANGLE_UNIT() );
#23 = UNCERTAINTY_MEASURE_WITH_UNIT(LENGTH_MEASURE(1.E-05),#20,
  'distance_accuracy_value','confusion accuracy');
#24 = PRODUCT_RELATED_PRODUCT_CATEGORY('part',$,(#7));
#25 = SHAPE_DEFINITION_REPRESENTATION(#26,#32);
#26 = PRODUCT_DEFINITION_SHAPE('','',#27);
#27 = PRODUCT_DEFINITION('design','',#28,#31);
#28 = PRODUCT_DEFINITION_FORMATION('','',#29);
#29 = PRODUCT('A-951-P-1','A-951-P-1','',(#30));
#30 = PRODUCT_CONTEXT('',#2,'mechanical');
#31 = PRODUCT_DEFINITION_CONTEXT('part definition',#2,'design');
#32 = ADVANCED_BREP_SHAPE_REPRESENTATION('',(#11,#33),#5404);
#33 = MANIFOLD_SOLID_BREP('',#34);
#34 = CLOSED_SHELL('',(#35,#156,#292,#1263,#1363,#1412,#1512,#1561,#1637
    ,#1863,#2084,#2111,#2139,#2166,#2397,#2628,#3211,#3288,#3405,#3455,
    #3568,#3660,#3752,#3895,#3902,#3909,#3937,#3969,#4180,#4227,#4254,
    #4281,#4308,#4335,#4362,#4389,#4396,#4441,#4564,#4687,#4694,#4701,
    #4774,#4847,#4855,#4863,#4940,#5057,#5107,#5134,#5161,#5168,#5175,
    #5222,#5251,#5280,#5287,#5334,#5363,#5392,#5399));
#35 = ADVANCED_FACE('',(#36),#50,.F.);
#36 = FACE_BOUND('',#37,.F.);
#37 = EDGE_LOOP('',(#38,#73,#102,#125));
#38 = ORIENTED_EDGE('',*,*,#39,.T.);
#39 = EDGE_CURVE('',#40,#42,#44,.T.);
#40 = VERTEX_POINT('',#41);
#41 = CARTESIAN_POINT('',(-9.249804155928,-2.000063754614,2.074970730403
    ));
#42 = VERTEX_POINT('',#43);
#43 = CARTESIAN_POINT('',(-9.249804155928,-1.137546141359E-04,
    2.249943683021));
#44 = SURFACE_CURVE('',#45,(#49,#61),.PCURVE_S1.);
#45 = LINE('',#46,#47);
#46 = CARTESIAN_POINT('',(-9.249804155928,-1.137546141359E-04,
    2.249943683021));
#47 = VECTOR('',#48,1.);
#48 = DIRECTION('',(0.,0.996194698092,8.715574274766E-02));
#49 = PCURVE('',#50,#55);
#50 = CONICAL_SURFACE('',#51,2.24994375,8.726646259972E-02);
#51 = AXIS2_PLACEMENT_3D('',#52,#53,#54);
#52 = CARTESIAN_POINT('',(-9.249804155928,-1.137546141359E-04,
    -6.697881542929E-08));
#53 = DIRECTION('',(0.,1.,0.));
#54 = DIRECTION('',(0.,-0.,1.));
#55 = DEFINITIONAL_REPRESENTATION('',(#56),#60);
#56 = LINE('',#57,#58);
#57 = CARTESIAN_POINT('',(6.28318530718,-4.423993163324E-16));
#58 = VECTOR('',#59,1.);
#59 = DIRECTION('',(0.,1.));
#60 = ( GEOMETRIC_REPRESENTATION_CONTEXT(2) 
PARAMETRIC_REPRESENTATION_CONTEXT() REPRESENTATION_CONTEXT('2D SPACE',''
  ) );
#61 = PCURVE('',#62,#67);
#62 = CONICAL_SURFACE('',#63,2.24994375,8.726646259972E-02);
#63 = AXIS2_PLACEMENT_3D('',#64,#65,#66);
#64 = CARTESIAN_POINT('',(-9.249804155928,-1.137546141359E-04,
    -6.697881542929E-08));
#65 = DIRECTION('',(0.,1.,0.));
#66 = DIRECTION('',(0.,-0.,1.));
#67 = DEFINITIONAL_REPRESENTATION('',(#68),#72);
#68 = LINE('',#69,#70);
#69 = CARTESIAN_POINT('',(0.,-4.423993163324E-16));
#70 = VECTOR('',#71,1.);
#71 = DIRECTION('',(0.,1.));
#72 = ( GEOMETRIC_REPRESENTATION_CONTEXT(2) 
PARAMETRIC_REPRESENTATION_CONTEXT() REPRESENTATION_CONTEXT('2D SPACE',''
  ) );
#73 = ORIENTED_EDGE('',*,*,#74,.F.);
#74 = EDGE_CURVE('',#75,#42,#77,.T.);
#75 = VERTEX_POINT('',#76);
#76 = CARTESIAN_POINT('',(-9.249804155928,-1.137546141359E-04,
    -2.249943816979));
#77 = SURFACE_CURVE('',#78,(#83,#90),.PCURVE_S1.);
#78 = CIRCLE('',#79,2.24994375);
#79 = AXIS2_PLACEMENT_3D('',#80,#81,#82);
#80 = CARTESIAN_POINT('',(-9.249804155928,-1.137546141359E-04,
    -6.697881542929E-08));
#81 = DIRECTION('',(0.,1.,0.));
#82 = DIRECTION('',(0.,-0.,1.));
#83 = PCURVE('',#50,#84);
#84 = DEFINITIONAL_REPRESENTATION('',(#85),#89);
#85 = LINE('',#86,#87);
#86 = CARTESIAN_POINT('',(0.,0.));
#87 = VECTOR('',#88,1.);
#88 = DIRECTION('',(1.,0.));
#89 = ( GEOMETRIC_REPRESENTATION_CONTEXT(2) 
PARAMETRIC_REPRESENTATION_CONTEXT() REPRESENTATION_CONTEXT('2D SPACE',''
  ) );
#90 = PCURVE('',#91,#96);
#91 = PLANE('',#92);
#92 = AXIS2_PLACEMENT_3D('',#93,#94,#95);
#93 = CARTESIAN_POINT('',(-3.540592832773E-05,-1.137546141359E-04,
    -6.697881763362E-08));
#94 = DIRECTION('',(0.,1.,0.));
#95 = DIRECTION('',(0.,-0.,1.));
#96 = DEFINITIONAL_REPRESENTATION('',(#97),#101);
#97 = CIRCLE('',#98,2.24994375);
#98 = AXIS2_PLACEMENT_2D('',#99,#100);
#99 = CARTESIAN_POINT('',(2.204324418226E-15,-9.24976875));
#100 = DIRECTION('',(1.,0.));
#101 = ( GEOMETRIC_REPRESENTATION_CONTEXT(2) 
PARAMETRIC_REPRESENTATION_CONTEXT() REPRESENTATION_CONTEXT('2D SPACE',''
  ) );
#102 = ORIENTED_EDGE('',*,*,#103,.F.);
#103 = EDGE_CURVE('',#104,#75,#106,.T.);
#104 = VERTEX_POINT('',#105);
#105 = CARTESIAN_POINT('',(-9.249804155928,-2.000063754614,
    -2.07497086436));
#106 = SURFACE_CURVE('',#107,(#111,#118),.PCURVE_S1.);
#107 = LINE('',#108,#109);
#108 = CARTESIAN_POINT('',(-9.249804155928,-1.137546141359E-04,
    -2.249943816979));
#109 = VECTOR('',#110,1.);
#110 = DIRECTION('',(1.067350013832E-17,0.996194698092,
    -8.715574274766E-02));
#111 = PCURVE('',#50,#112);
#112 = DEFINITIONAL_REPRESENTATION('',(#113),#117);
#113 = LINE('',#114,#115);
#114 = CARTESIAN_POINT('',(3.14159265359,-4.423993163324E-16));
#115 = VECTOR('',#116,1.);
#116 = DIRECTION('',(0.,1.));
#117 = ( GEOMETRIC_REPRESENTATION_CONTEXT(2) 
PARAMETRIC_REPRESENTATION_CONTEXT() REPRESENTATION_CONTEXT('2D SPACE',''
  ) );
#118 = PCURVE('',#62,#119);
#119 = DEFINITIONAL_REPRESENTATION('',(#120),#124);
#120 = LINE('',#121,#122);
#121 = CARTESIAN_POINT('',(3.14159265359,-4.423993163324E-16));
#122 = VECTOR('',#123,1.);
#123 = DIRECTION('',(0.,1.));
#124 = ( GEOMETRIC_REPRESENTATION_CONTEXT(2) 
PARAMETRIC_REPRESENTATION_CONTEXT() REPRESENTATION_CONTEXT('2D SPACE',''
  ) );
#125 = ORIENTED_EDGE('',*,*,#126,.F.);
#126 = EDGE_CURVE('',#40,#104,#127,.T.);
#127 = SURFACE_CURVE('',#128,(#133,#140),.PCURVE_S1.);
#128 = CIRCLE('',#129,2.074970797381);
#129 = AXIS2_PLACEMENT_3D('',#130,#131,#132);
#130 = CARTESIAN_POINT('',(-9.249804155928,-2.000063754614,
    -6.697881542929E-08));
#131 = DIRECTION('',(0.,-1.,0.));
#132 = DIRECTION('',(0.,0.,1.));
#133 = PCURVE('',#50,#134);
#134 = DEFINITIONAL_REPRESENTATION('',(#135),#139);
#135 = LINE('',#136,#137);
#136 = CARTESIAN_POINT('',(6.28318530718,-1.99995));
#137 = VECTOR('',#138,1.);
#138 = DIRECTION('',(-1.,0.));
#139 = ( GEOMETRIC_REPRESENTATION_CONTEXT(2) 
PARAMETRIC_REPRESENTATION_CONTEXT() REPRESENTATION_CONTEXT('2D SPACE',''
  ) );
#140 = PCURVE('',#141,#146);
#141 = PLANE('',#142);
#142 = AXIS2_PLACEMENT_3D('',#143,#144,#145);
#143 = CARTESIAN_POINT('',(-3.540592832773E-05,-2.000063754614,
    -6.697881763362E-08));
#144 = DIRECTION('',(0.,1.,0.));
#145 = DIRECTION('',(0.,-0.,1.));
#146 = DEFINITIONAL_REPRESENTATION('',(#147),#155);
#147 = ( BOUNDED_CURVE() B_SPLINE_CURVE(2,(#148,#149,#150,#151,#152,#153
,#154),.UNSPECIFIED.,.T.,.F.) B_SPLINE_CURVE_WITH_KNOTS((1,2,2,2,2,1),(
    -2.094395102393,0.,2.094395102393,4.188790204786,6.28318530718,
8.377580409573),.UNSPECIFIED.) CURVE() GEOMETRIC_REPRESENTATION_ITEM() 
RATIONAL_B_SPLINE_CURVE((1.,0.5,1.,0.5,1.,0.5,1.)) REPRESENTATION_ITEM(
  '') );
#148 = CARTESIAN_POINT('',(2.074970797381,-9.24976875));
#149 = CARTESIAN_POINT('',(2.074970797381,-12.84372359528));
#150 = CARTESIAN_POINT('',(-1.037485398691,-11.04674617264));
#151 = CARTESIAN_POINT('',(-4.149941594763,-9.24976875));
#152 = CARTESIAN_POINT('',(-1.037485398691,-7.452791327357));
#153 = CARTESIAN_POINT('',(2.074970797381,-5.655813904714));
#154 = CARTESIAN_POINT('',(2.074970797381,-9.24976875));
#155 = ( GEOMETRIC_REPRESENTATION_CONTEXT(2) 
PARAMETRIC_REPRESENTATION_CONTEXT() REPRESENTATION_CONTEXT('2D SPACE',''
  ) );
#156 = ADVANCED_FACE('',(#157),#172,.T.);
#157 = FACE_BOUND('',#158,.T.);
#158 = EDGE_LOOP('',(#159,#195,#223,#247,#271));
#159 = ORIENTED_EDGE('',*,*,#160,.F.);
#160 = EDGE_CURVE('',#161,#163,#165,.T.);
#161 = VERTEX_POINT('',#162);
#162 = CARTESIAN_POINT('',(9.249733344072,2.999836245386,-1.237500950834
    ));
#163 = VERTEX_POINT('',#164);
#164 = CARTESIAN_POINT('',(9.249733344072,2.999836245386,1.237500816877)
  );
#165 = SURFACE_CURVE('',#166,(#171,#183),.PCURVE_S1.);
#166 = CIRCLE('',#167,1.237500883855);
#167 = AXIS2_PLACEMENT_3D('',#168,#169,#170);
#168 = CARTESIAN_POINT('',(9.249733344072,2.999836245386,
    -6.697881763362E-08));
#169 = DIRECTION('',(0.,1.,0.));
#170 = DIRECTION('',(0.,-0.,1.));
#171 = PCURVE('',#172,#177);
#172 = CONICAL_SURFACE('',#173,1.4999625,8.726646259972E-02);
#173 = AXIS2_PLACEMENT_3D('',#174,#175,#176);
#174 = CARTESIAN_POINT('',(9.249733344072,-1.137546141359E-04,
    -6.697881763362E-08));
#175 = DIRECTION('',(0.,-1.,0.));
#176 = DIRECTION('',(0.,0.,1.));
#177 = DEFINITIONAL_REPRESENTATION('',(#178),#182);
#178 = LINE('',#179,#180);
#179 = CARTESIAN_POINT('',(6.28318530718,-2.99995));
#180 = VECTOR('',#181,1.);
#181 = DIRECTION('',(-1.,0.));
#182 = ( GEOMETRIC_REPRESENTATION_CONTEXT(2) 
PARAMETRIC_REPRESENTATION_CONTEXT() REPRESENTATION_CONTEXT('2D SPACE',''
  ) );
#183 = PCURVE('',#184,#189);
#184 = PLANE('',#185);
#185 = AXIS2_PLACEMENT_3D('',#186,#187,#188);
#186 = CARTESIAN_POINT('',(9.249733344072,2.999836245386,
    -6.697881763362E-08));
#187 = DIRECTION('',(0.,1.,0.));
#188 = DIRECTION('',(0.,-0.,1.));
#189 = DEFINITIONAL_REPRESENTATION('',(#190),#194);
#190 = CIRCLE('',#191,1.237500883855);
#191 = AXIS2_PLACEMENT_2D('',#192,#193);
#192 = CARTESIAN_POINT('',(0.,0.));
#193 = DIRECTION('',(1.,0.));
#194 = ( GEOMETRIC_REPRESENTATION_CONTEXT(2) 
PARAMETRIC_REPRESENTATION_CONTEXT() REPRESENTATION_CONTEXT('2D SPACE',''
  ) );
#195 = ORIENTED_EDGE('',*,*,#196,.T.);
#196 = EDGE_CURVE('',#161,#197,#199,.T.);
#197 = VERTEX_POINT('',#198);
#198 = CARTESIAN_POINT('',(9.249733344072,-1.137546141359E-04,
    -1.499962566979));
#199 = SURFACE_CURVE('',#200,(#204,#211),.PCURVE_S1.);
#200 = LINE('',#201,#202);
#201 = CARTESIAN_POINT('',(9.249733344072,-1.137546141359E-04,
    -1.499962566979));
#202 = VECTOR('',#203,1.);
#203 = DIRECTION('',(-1.067350013832E-17,-0.996194698092,
    -8.715574274766E-02));
#204 = PCURVE('',#172,#205);
#205 = DEFINITIONAL_REPRESENTATION('',(#206),#210);
#206 = LINE('',#207,#208);
#207 = CARTESIAN_POINT('',(3.14159265359,-4.423993163324E-16));
#208 = VECTOR('',#209,1.);
#209 = DIRECTION('',(0.,1.));
#210 = ( GEOMETRIC_REPRESENTATION_CONTEXT(2) 
PARAMETRIC_REPRESENTATION_CONTEXT() REPRESENTATION_CONTEXT('2D SPACE',''
  ) );
#211 = PCURVE('',#212,#217);
#212 = CONICAL_SURFACE('',#213,1.4999625,8.726646259972E-02);
#213 = AXIS2_PLACEMENT_3D('',#214,#215,#216);
#214 = CARTESIAN_POINT('',(9.249733344072,-1.137546141359E-04,
    -6.697881763362E-08));
#215 = DIRECTION('',(0.,-1.,0.));
#216 = DIRECTION('',(0.,0.,1.));
#217 = DEFINITIONAL_REPRESENTATION('',(#218),#222);
#218 = LINE('',#219,#220);
#219 = CARTESIAN_POINT('',(3.14159265359,-4.423993163324E-16));
#220 = VECTOR('',#221,1.);
#221 = DIRECTION('',(0.,1.));
#222 = ( GEOMETRIC_REPRESENTATION_CONTEXT(2) 
PARAMETRIC_REPRESENTATION_CONTEXT() REPRESENTATION_CONTEXT('2D SPACE',''
  ) );
#223 = ORIENTED_EDGE('',*,*,#224,.T.);
#224 = EDGE_CURVE('',#197,#225,#227,.T.);
#225 = VERTEX_POINT('',#226);
#226 = CARTESIAN_POINT('',(7.749770844072,-1.137546140579E-04,
    -6.69978785451E-08));
#227 = SURFACE_CURVE('',#228,(#233,#240),.PCURVE_S1.);
#228 = CIRCLE('',#229,1.4999625);
#229 = AXIS2_PLACEMENT_3D('',#230,#231,#232);
#230 = CARTESIAN_POINT('',(9.249733344072,-1.137546141359E-04,
    -6.697881763362E-08));
#231 = DIRECTION('',(0.,1.,0.));
#232 = DIRECTION('',(0.,-0.,1.));
#233 = PCURVE('',#172,#234);
#234 = DEFINITIONAL_REPRESENTATION('',(#235),#239);
#235 = LINE('',#236,#237);
#236 = CARTESIAN_POINT('',(6.28318530718,-7.711528201263E-17));
#237 = VECTOR('',#238,1.);
#238 = DIRECTION('',(-1.,2.454655664047E-17));
#239 = ( GEOMETRIC_REPRESENTATION_CONTEXT(2) 
PARAMETRIC_REPRESENTATION_CONTEXT() REPRESENTATION_CONTEXT('2D SPACE',''
  ) );
#240 = PCURVE('',#91,#241);
#241 = DEFINITIONAL_REPRESENTATION('',(#242),#246);
#242 = CIRCLE('',#243,1.4999625);
#243 = AXIS2_PLACEMENT_2D('',#244,#245);
#244 = CARTESIAN_POINT('',(0.,9.24976875));
#245 = DIRECTION('',(1.,0.));
#246 = ( GEOMETRIC_REPRESENTATION_CONTEXT(2) 
PARAMETRIC_REPRESENTATION_CONTEXT() REPRESENTATION_CONTEXT('2D SPACE',''
  ) );
#247 = ORIENTED_EDGE('',*,*,#248,.T.);
#248 = EDGE_CURVE('',#225,#249,#251,.T.);
#249 = VERTEX_POINT('',#250);
#250 = CARTESIAN_POINT('',(9.249733344072,-1.137546141359E-04,
    1.499962433021));
#251 = SURFACE_CURVE('',#252,(#257,#264),.PCURVE_S1.);
#252 = CIRCLE('',#253,1.4999625);
#253 = AXIS2_PLACEMENT_3D('',#254,#255,#256);
#254 = CARTESIAN_POINT('',(9.249733344072,-1.137546141359E-04,
    -6.697881763362E-08));
#255 = DIRECTION('',(0.,1.,0.));
#256 = DIRECTION('',(0.,-0.,1.));
#257 = PCURVE('',#172,#258);
#258 = DEFINITIONAL_REPRESENTATION('',(#259),#263);
#259 = LINE('',#260,#261);
#260 = CARTESIAN_POINT('',(6.28318530718,1.542305640228E-16));
#261 = VECTOR('',#262,1.);
#262 = DIRECTION('',(-1.,-2.454655664008E-17));
#263 = ( GEOMETRIC_REPRESENTATION_CONTEXT(2) 
PARAMETRIC_REPRESENTATION_CONTEXT() REPRESENTATION_CONTEXT('2D SPACE',''
  ) );
#264 = PCURVE('',#91,#265);
#265 = DEFINITIONAL_REPRESENTATION('',(#266),#270);
#266 = CIRCLE('',#267,1.4999625);
#267 = AXIS2_PLACEMENT_2D('',#268,#269);
#268 = CARTESIAN_POINT('',(0.,9.24976875));
#269 = DIRECTION('',(1.,0.));
#270 = ( GEOMETRIC_REPRESENTATION_CONTEXT(2) 
PARAMETRIC_REPRESENTATION_CONTEXT() REPRESENTATION_CONTEXT('2D SPACE',''
  ) );
#271 = ORIENTED_EDGE('',*,*,#272,.F.);
#272 = EDGE_CURVE('',#163,#249,#273,.T.);
#273 = SURFACE_CURVE('',#274,(#278,#285),.PCURVE_S1.);
#274 = LINE('',#275,#276);
#275 = CARTESIAN_POINT('',(9.249733344072,-1.137546141359E-04,
    1.499962433021));
#276 = VECTOR('',#277,1.);
#277 = DIRECTION('',(0.,-0.996194698092,8.715574274766E-02));
#278 = PCURVE('',#172,#279);
#279 = DEFINITIONAL_REPRESENTATION('',(#280),#284);
#280 = LINE('',#281,#282);
#281 = CARTESIAN_POINT('',(0.,-4.423993163324E-16));
#282 = VECTOR('',#283,1.);
#283 = DIRECTION('',(0.,1.));
#284 = ( GEOMETRIC_REPRESENTATION_CONTEXT(2) 
PARAMETRIC_REPRESENTATION_CONTEXT() REPRESENTATION_CONTEXT('2D SPACE',''
  ) );
#285 = PCURVE('',#212,#286);
#286 = DEFINITIONAL_REPRESENTATION('',(#287),#291);
#287 = LINE('',#288,#289);
#288 = CARTESIAN_POINT('',(6.28318530718,-4.423993163324E-16));
#289 = VECTOR('',#290,1.);
#290 = DIRECTION('',(0.,1.));
#291 = ( GEOMETRIC_REPRESENTATION_CONTEXT(2) 
PARAMETRIC_REPRESENTATION_CONTEXT() REPRESENTATION_CONTEXT('2D SPACE',''
  ) );
#292 = ADVANCED_FACE('',(#293,#318,#660,#774,#888,#1237),#91,.T.);
#293 = FACE_BOUND('',#294,.T.);
#294 = EDGE_LOOP('',(#295,#317));
#295 = ORIENTED_EDGE('',*,*,#296,.F.);
#296 = EDGE_CURVE('',#42,#75,#297,.T.);
#297 = SURFACE_CURVE('',#298,(#303,#310),.PCURVE_S1.);
#298 = CIRCLE('',#299,2.24994375);
#299 = AXIS2_PLACEMENT_3D('',#300,#301,#302);
#300 = CARTESIAN_POINT('',(-9.249804155928,-1.137546141359E-04,
    -6.697881542929E-08));
#301 = DIRECTION('',(0.,1.,0.));
#302 = DIRECTION('',(0.,-0.,1.));
#303 = PCURVE('',#91,#304);
#304 = DEFINITIONAL_REPRESENTATION('',(#305),#309);
#305 = CIRCLE('',#306,2.24994375);
#306 = AXIS2_PLACEMENT_2D('',#307,#308);
#307 = CARTESIAN_POINT('',(2.204324418226E-15,-9.24976875));
#308 = DIRECTION('',(1.,0.));
#309 = ( GEOMETRIC_REPRESENTATION_CONTEXT(2) 
PARAMETRIC_REPRESENTATION_CONTEXT() REPRESENTATION_CONTEXT('2D SPACE',''
  ) );
#310 = PCURVE('',#62,#311);
#311 = DEFINITIONAL_REPRESENTATION('',(#312),#316);
#312 = LINE('',#313,#314);
#313 = CARTESIAN_POINT('',(0.,0.));
#314 = VECTOR('',#315,1.);
#315 = DIRECTION('',(1.,0.));
#316 = ( GEOMETRIC_REPRESENTATION_CONTEXT(2) 
PARAMETRIC_REPRESENTATION_CONTEXT() REPRESENTATION_CONTEXT('2D SPACE',''
  ) );
#317 = ORIENTED_EDGE('',*,*,#74,.F.);
#318 = FACE_BOUND('',#319,.T.);
#319 = EDGE_LOOP('',(#320,#350,#407,#435,#492,#520,#577,#605));
#320 = ORIENTED_EDGE('',*,*,#321,.T.);
#321 = EDGE_CURVE('',#322,#324,#326,.T.);
#322 = VERTEX_POINT('',#323);
#323 = CARTESIAN_POINT('',(15.253009421531,-1.137546141359E-04,
    -9.499762566979));
#324 = VERTEX_POINT('',#325);
#325 = CARTESIAN_POINT('',(-13.75105926585,-1.137546141359E-04,
    -9.499762566979));
#326 = SURFACE_CURVE('',#327,(#331,#338),.PCURVE_S1.);
#327 = LINE('',#328,#329);
#328 = CARTESIAN_POINT('',(17.749520844072,-1.137546141359E-04,
    -9.499762566979));
#329 = VECTOR('',#330,1.);
#330 = DIRECTION('',(-1.,0.,9.773090005503E-17));
#331 = PCURVE('',#91,#332);
#332 = DEFINITIONAL_REPRESENTATION('',(#333),#337);
#333 = LINE('',#334,#335);
#334 = CARTESIAN_POINT('',(-9.4997625,17.74955625));
#335 = VECTOR('',#336,1.);
#336 = DIRECTION('',(9.773090005503E-17,-1.));
#337 = ( GEOMETRIC_REPRESENTATION_CONTEXT(2) 
PARAMETRIC_REPRESENTATION_CONTEXT() REPRESENTATION_CONTEXT('2D SPACE',''
  ) );
#338 = PCURVE('',#339,#344);
#339 = PLANE('',#340);
#340 = AXIS2_PLACEMENT_3D('',#341,#342,#343);
#341 = CARTESIAN_POINT('',(17.749520844072,-1.137546141359E-04,
    -9.499762566979));
#342 = DIRECTION('',(-9.75969632531E-17,-5.233595624294E-02,
    -0.998629534755));
#343 = DIRECTION('',(-1.54074395551E-33,0.998629534755,
    -5.233595624294E-02));
#344 = DEFINITIONAL_REPRESENTATION('',(#345),#349);
#345 = LINE('',#346,#347);
#346 = CARTESIAN_POINT('',(0.,0.));
#347 = VECTOR('',#348,1.);
#348 = DIRECTION('',(-5.114840108864E-18,-1.));
#349 = ( GEOMETRIC_REPRESENTATION_CONTEXT(2) 
PARAMETRIC_REPRESENTATION_CONTEXT() REPRESENTATION_CONTEXT('2D SPACE',''
  ) );
#350 = ORIENTED_EDGE('',*,*,#351,.T.);
#351 = EDGE_CURVE('',#324,#352,#354,.T.);
#352 = VERTEX_POINT('',#353);
#353 = CARTESIAN_POINT('',(-16.24757068839,-1.137546141359E-04,
    -7.003251144438));
#354 = SURFACE_CURVE('',#355,(#366,#380),.PCURVE_S1.);
#355 = B_SPLINE_CURVE_WITH_KNOTS('',3,(#356,#357,#358,#359,#360,#361,
    #362,#363,#364,#365),.UNSPECIFIED.,.F.,.F.,(4,2,2,2,4),(0.,
    9.753194120879E-04,1.950638824176E-03,2.925958236264E-03,
    3.901277648352E-03),.UNSPECIFIED.);
#356 = CARTESIAN_POINT('',(-13.75105926585,-1.137546141359E-04,
    -9.499762566979));
#357 = CARTESIAN_POINT('',(-14.07823616554,-1.137545572332E-04,
    -9.499762566976));
#358 = CARTESIAN_POINT('',(-14.40498864096,-1.137545572332E-04,
    -9.434836402998));
#359 = CARTESIAN_POINT('',(-15.00890963517,-1.137545572332E-04,
    -9.184884523326));
#360 = CARTESIAN_POINT('',(-15.28578283143,-1.137545572332E-04,
    -8.99995645189));
#361 = CARTESIAN_POINT('',(-15.7477645733,-1.137545572332E-04,
    -8.53797471002));
#362 = CARTESIAN_POINT('',(-15.93269264474,-1.137545572332E-04,
    -8.261101513763));
#363 = CARTESIAN_POINT('',(-16.18264452441,-1.137545572332E-04,
    -7.657180519545));
#364 = CARTESIAN_POINT('',(-16.24757068839,-1.137545572332E-04,
    -7.330428044133));
#365 = CARTESIAN_POINT('',(-16.24757068839,-1.137546141359E-04,
    -7.003251144438));
#366 = PCURVE('',#91,#367);
#367 = DEFINITIONAL_REPRESENTATION('',(#368),#379);
#368 = B_SPLINE_CURVE_WITH_KNOTS('',3,(#369,#370,#371,#372,#373,#374,
    #375,#376,#377,#378),.UNSPECIFIED.,.F.,.F.,(4,2,2,2,4),(0.,
    9.753194120879E-04,1.950638824176E-03,2.925958236264E-03,
    3.901277648352E-03),.UNSPECIFIED.);
#369 = CARTESIAN_POINT('',(-9.4997625,-13.75102385992));
#370 = CARTESIAN_POINT('',(-9.499762499998,-14.07820075962));
#371 = CARTESIAN_POINT('',(-9.43483633602,-14.40495323503));
#372 = CARTESIAN_POINT('',(-9.184884456347,-15.00887422925));
#373 = CARTESIAN_POINT('',(-8.999956384911,-15.2857474255));
#374 = CARTESIAN_POINT('',(-8.537974643041,-15.74772916737));
#375 = CARTESIAN_POINT('',(-8.261101446784,-15.93265723881));
#376 = CARTESIAN_POINT('',(-7.657180452566,-16.18260911848));
#377 = CARTESIAN_POINT('',(-7.330427977155,-16.24753528246));
#378 = CARTESIAN_POINT('',(-7.003251077459,-16.24753528246));
#379 = ( GEOMETRIC_REPRESENTATION_CONTEXT(2) 
PARAMETRIC_REPRESENTATION_CONTEXT() REPRESENTATION_CONTEXT('2D SPACE',''
  ) );
#380 = PCURVE('',#381,#402);
#381 = B_SPLINE_SURFACE_WITH_KNOTS('',1,3,(
    (#382,#383,#384,#385,#386,#387,#388,#389,#390,#391)
    ,(#392,#393,#394,#395,#396,#397,#398,#399,#400,#401
  )),.UNSPECIFIED.,.F.,.F.,.F.,(2,2),(4,2,2,2,4),(0.,1.),(5.499156671653
    ,5.891170989416,6.28318530718,6.675199624943,7.067213942707),
  .UNSPECIFIED.);
#382 = CARTESIAN_POINT('',(-13.75105926585,-1.137546141359E-04,
    -9.499762566979));
#383 = CARTESIAN_POINT('',(-14.07823616554,-1.137546141359E-04,
    -9.499762566973));
#384 = CARTESIAN_POINT('',(-14.40498864096,-1.137546141359E-04,
    -9.434836402995));
#385 = CARTESIAN_POINT('',(-15.00890963517,-1.137546141359E-04,
    -9.184884523323));
#386 = CARTESIAN_POINT('',(-15.28578283143,-1.137546141359E-04,
    -8.999956451888));
#387 = CARTESIAN_POINT('',(-15.7477645733,-1.137546141359E-04,
    -8.537974710018));
#388 = CARTESIAN_POINT('',(-15.93269264473,-1.137546141359E-04,
    -8.261101513761));
#389 = CARTESIAN_POINT('',(-16.18264452441,-1.137546141359E-04,
    -7.657180519544));
#390 = CARTESIAN_POINT('',(-16.24757068839,-1.137546141359E-04,
    -7.330428044133));
#391 = CARTESIAN_POINT('',(-16.24757068839,-1.137546141359E-04,
    -7.003251144438));
#392 = CARTESIAN_POINT('',(-13.75105926585,-13.19978375461,
    -8.80799717501));
#393 = CARTESIAN_POINT('',(-13.98782949723,-13.19978375461,
    -8.807997174928));
#394 = CARTESIAN_POINT('',(-14.2241274543,-13.19978375461,
    -8.761017892178));
#395 = CARTESIAN_POINT('',(-14.66067858896,-13.19978375461,
    -8.580337343414));
#396 = CARTESIAN_POINT('',(-14.86072434156,-13.19978375461,
    -8.446710942455));
#397 = CARTESIAN_POINT('',(-15.19451906387,-13.19978375461,
    -8.112916220149));
#398 = CARTESIAN_POINT('',(-15.32814546483,-13.19978375461,
    -7.912870467551));
#399 = CARTESIAN_POINT('',(-15.50882601359,-13.19978375461,
    -7.476319332888));
#400 = CARTESIAN_POINT('',(-15.55580529634,-13.19978375461,
    -7.240021375816));
#401 = CARTESIAN_POINT('',(-15.55580529642,-13.19978375461,
    -7.003251144438));
#402 = DEFINITIONAL_REPRESENTATION('',(#403),#406);
#403 = B_SPLINE_CURVE_WITH_KNOTS('',1,(#404,#405),.UNSPECIFIED.,.F.,.F.,
  (2,2),(0.,3.901277648352E-03),.PIECEWISE_BEZIER_KNOTS.);
#404 = CARTESIAN_POINT('',(-1.418789863784E-19,5.499156671653));
#405 = CARTESIAN_POINT('',(-1.925277373774E-19,7.067213942707));
#406 = ( GEOMETRIC_REPRESENTATION_CONTEXT(2) 
PARAMETRIC_REPRESENTATION_CONTEXT() REPRESENTATION_CONTEXT('2D SPACE',''
  ) );
#407 = ORIENTED_EDGE('',*,*,#408,.F.);
#408 = EDGE_CURVE('',#409,#352,#411,.T.);
#409 = VERTEX_POINT('',#410);
#410 = CARTESIAN_POINT('',(-16.24757068839,-1.137546141359E-04,
    7.003251010481));
#411 = SURFACE_CURVE('',#412,(#416,#423),.PCURVE_S1.);
#412 = LINE('',#413,#414);
#413 = CARTESIAN_POINT('',(-16.24757068839,-1.137546141359E-04,
    -6.697881763362E-08));
#414 = VECTOR('',#415,1.);
#415 = DIRECTION('',(0.,0.,-1.));
#416 = PCURVE('',#91,#417);
#417 = DEFINITIONAL_REPRESENTATION('',(#418),#422);
#418 = LINE('',#419,#420);
#419 = CARTESIAN_POINT('',(0.,-16.24753528246));
#420 = VECTOR('',#421,1.);
#421 = DIRECTION('',(-1.,0.));
#422 = ( GEOMETRIC_REPRESENTATION_CONTEXT(2) 
PARAMETRIC_REPRESENTATION_CONTEXT() REPRESENTATION_CONTEXT('2D SPACE',''
  ) );
#423 = PCURVE('',#424,#429);
#424 = PLANE('',#425);
#425 = AXIS2_PLACEMENT_3D('',#426,#427,#428);
#426 = CARTESIAN_POINT('',(-16.24757068839,-1.137546141359E-04,
    -6.697881763362E-08));
#427 = DIRECTION('',(-0.998629534755,-5.233595624294E-02,0.));
#428 = DIRECTION('',(5.233595624294E-02,-0.998629534755,0.));
#429 = DEFINITIONAL_REPRESENTATION('',(#430),#434);
#430 = LINE('',#431,#432);
#431 = CARTESIAN_POINT('',(0.,0.));
#432 = VECTOR('',#433,1.);
#433 = DIRECTION('',(0.,-1.));
#434 = ( GEOMETRIC_REPRESENTATION_CONTEXT(2) 
PARAMETRIC_REPRESENTATION_CONTEXT() REPRESENTATION_CONTEXT('2D SPACE',''
  ) );
#435 = ORIENTED_EDGE('',*,*,#436,.T.);
#436 = EDGE_CURVE('',#409,#437,#439,.T.);
#437 = VERTEX_POINT('',#438);
#438 = CARTESIAN_POINT('',(-13.75105926585,-1.137546141359E-04,
    9.499762433021));
#439 = SURFACE_CURVE('',#440,(#451,#465),.PCURVE_S1.);
#440 = B_SPLINE_CURVE_WITH_KNOTS('',3,(#441,#442,#443,#444,#445,#446,
    #447,#448,#449,#450),.UNSPECIFIED.,.F.,.F.,(4,2,2,2,4),(0.,
    9.753194120878E-04,1.950638824176E-03,2.925958236263E-03,
    3.901277648351E-03),.UNSPECIFIED.);
#441 = CARTESIAN_POINT('',(-16.24757068839,-1.137546141359E-04,
    7.003251010481));
#442 = CARTESIAN_POINT('',(-16.24757068839,-1.137545572347E-04,
    7.330427910176));
#443 = CARTESIAN_POINT('',(-16.18264452441,-1.137545572347E-04,
    7.657180385587));
#444 = CARTESIAN_POINT('',(-15.93269264474,-1.137545572347E-04,
    8.261101379805));
#445 = CARTESIAN_POINT('',(-15.7477645733,-1.137545572347E-04,
    8.537974576063));
#446 = CARTESIAN_POINT('',(-15.28578283143,-1.137545572347E-04,
    8.999956317933));
#447 = CARTESIAN_POINT('',(-15.00890963517,-1.137545572347E-04,
    9.184884389368));
#448 = CARTESIAN_POINT('',(-14.40498864096,-1.137545572347E-04,
    9.434836269041));
#449 = CARTESIAN_POINT('',(-14.07823616554,-1.137545572347E-04,
    9.499762433019));
#450 = CARTESIAN_POINT('',(-13.75105926585,-1.137546141359E-04,
    9.499762433021));
#451 = PCURVE('',#91,#452);
#452 = DEFINITIONAL_REPRESENTATION('',(#453),#464);
#453 = B_SPLINE_CURVE_WITH_KNOTS('',3,(#454,#455,#456,#457,#458,#459,
    #460,#461,#462,#463),.UNSPECIFIED.,.F.,.F.,(4,2,2,2,4),(0.,
    9.753194120878E-04,1.950638824176E-03,2.925958236263E-03,
    3.901277648351E-03),.UNSPECIFIED.);
#454 = CARTESIAN_POINT('',(7.003251077459,-16.24753528246));
#455 = CARTESIAN_POINT('',(7.330427977155,-16.24753528246));
#456 = CARTESIAN_POINT('',(7.657180452566,-16.18260911848));
#457 = CARTESIAN_POINT('',(8.261101446784,-15.93265723881));
#458 = CARTESIAN_POINT('',(8.537974643041,-15.74772916737));
#459 = CARTESIAN_POINT('',(8.999956384911,-15.2857474255));
#460 = CARTESIAN_POINT('',(9.184884456347,-15.00887422925));
#461 = CARTESIAN_POINT('',(9.43483633602,-14.40495323503));
#462 = CARTESIAN_POINT('',(9.499762499998,-14.07820075962));
#463 = CARTESIAN_POINT('',(9.4997625,-13.75102385992));
#464 = ( GEOMETRIC_REPRESENTATION_CONTEXT(2) 
PARAMETRIC_REPRESENTATION_CONTEXT() REPRESENTATION_CONTEXT('2D SPACE',''
  ) );
#465 = PCURVE('',#466,#487);
#466 = B_SPLINE_SURFACE_WITH_KNOTS('',1,3,(
    (#467,#468,#469,#470,#471,#472,#473,#474,#475,#476)
    ,(#477,#478,#479,#480,#481,#482,#483,#484,#485,#486
  )),.UNSPECIFIED.,.F.,.F.,.F.,(2,2),(4,2,2,2,4),(0.,1.),(2.357564018063
    ,2.749578335826,3.14159265359,3.533606971353,3.925621289117),
  .UNSPECIFIED.);
#467 = CARTESIAN_POINT('',(-16.24757068839,-1.137546141359E-04,
    7.003251010481));
#468 = CARTESIAN_POINT('',(-16.24757068839,-1.137546141359E-04,
    7.330427910175));
#469 = CARTESIAN_POINT('',(-16.18264452441,-1.137546141359E-04,
    7.657180385586));
#470 = CARTESIAN_POINT('',(-15.93269264473,-1.137546141359E-04,
    8.261101379803));
#471 = CARTESIAN_POINT('',(-15.7477645733,-1.137546141359E-04,
    8.537974576061));
#472 = CARTESIAN_POINT('',(-15.28578283143,-1.137546141359E-04,
    8.99995631793));
#473 = CARTESIAN_POINT('',(-15.00890963517,-1.137546141359E-04,
    9.184884389365));
#474 = CARTESIAN_POINT('',(-14.40498864096,-1.137546141359E-04,
    9.434836269038));
#475 = CARTESIAN_POINT('',(-14.07823616554,-1.137546141359E-04,
    9.499762433016));
#476 = CARTESIAN_POINT('',(-13.75105926585,-1.137546141359E-04,
    9.499762433021));
#477 = CARTESIAN_POINT('',(-15.55580529642,-13.19978375461,
    7.003251010481));
#478 = CARTESIAN_POINT('',(-15.55580529634,-13.19978375461,
    7.240021241858));
#479 = CARTESIAN_POINT('',(-15.50882601359,-13.19978375461,7.47631919893
    ));
#480 = CARTESIAN_POINT('',(-15.32814546483,-13.19978375461,
    7.912870333593));
#481 = CARTESIAN_POINT('',(-15.19451906387,-13.19978375461,
    8.112916086191));
#482 = CARTESIAN_POINT('',(-14.86072434156,-13.19978375461,
    8.446710808497));
#483 = CARTESIAN_POINT('',(-14.66067858896,-13.19978375461,
    8.580337209457));
#484 = CARTESIAN_POINT('',(-14.2241274543,-13.19978375461,8.761017758221
    ));
#485 = CARTESIAN_POINT('',(-13.98782949723,-13.19978375461,8.80799704097
    ));
#486 = CARTESIAN_POINT('',(-13.75105926585,-13.19978375461,
    8.807997041052));
#487 = DEFINITIONAL_REPRESENTATION('',(#488),#491);
#488 = B_SPLINE_CURVE_WITH_KNOTS('',1,(#489,#490),.UNSPECIFIED.,.F.,.F.,
  (2,2),(0.,3.901277648351E-03),.PIECEWISE_BEZIER_KNOTS.);
#489 = CARTESIAN_POINT('',(-2.008263821883E-19,2.357564018063));
#490 = CARTESIAN_POINT('',(-2.487740019555E-17,3.925621289117));
#491 = ( GEOMETRIC_REPRESENTATION_CONTEXT(2) 
PARAMETRIC_REPRESENTATION_CONTEXT() REPRESENTATION_CONTEXT('2D SPACE',''
  ) );
#492 = ORIENTED_EDGE('',*,*,#493,.T.);
#493 = EDGE_CURVE('',#437,#494,#496,.T.);
#494 = VERTEX_POINT('',#495);
#495 = CARTESIAN_POINT('',(15.253009421531,-1.137546141359E-04,
    9.499762433021));
#496 = SURFACE_CURVE('',#497,(#501,#508),.PCURVE_S1.);
#497 = LINE('',#498,#499);
#498 = CARTESIAN_POINT('',(17.749520844072,-1.137546141359E-04,
    9.499762433021));
#499 = VECTOR('',#500,1.);
#500 = DIRECTION('',(1.,0.,-9.773090005503E-17));
#501 = PCURVE('',#91,#502);
#502 = DEFINITIONAL_REPRESENTATION('',(#503),#507);
#503 = LINE('',#504,#505);
#504 = CARTESIAN_POINT('',(9.4997625,17.74955625));
#505 = VECTOR('',#506,1.);
#506 = DIRECTION('',(-9.773090005503E-17,1.));
#507 = ( GEOMETRIC_REPRESENTATION_CONTEXT(2) 
PARAMETRIC_REPRESENTATION_CONTEXT() REPRESENTATION_CONTEXT('2D SPACE',''
  ) );
#508 = PCURVE('',#509,#514);
#509 = PLANE('',#510);
#510 = AXIS2_PLACEMENT_3D('',#511,#512,#513);
#511 = CARTESIAN_POINT('',(17.749520844072,-1.137546141359E-04,
    9.499762433021));
#512 = DIRECTION('',(9.75969632531E-17,-5.233595624294E-02,
    0.998629534755));
#513 = DIRECTION('',(-1.54074395551E-33,-0.998629534755,
    -5.233595624294E-02));
#514 = DEFINITIONAL_REPRESENTATION('',(#515),#519);
#515 = LINE('',#516,#517);
#516 = CARTESIAN_POINT('',(-0.,0.));
#517 = VECTOR('',#518,1.);
#518 = DIRECTION('',(5.114840108864E-18,1.));
#519 = ( GEOMETRIC_REPRESENTATION_CONTEXT(2) 
PARAMETRIC_REPRESENTATION_CONTEXT() REPRESENTATION_CONTEXT('2D SPACE',''
  ) );
#520 = ORIENTED_EDGE('',*,*,#521,.T.);
#521 = EDGE_CURVE('',#494,#522,#524,.T.);
#522 = VERTEX_POINT('',#523);
#523 = CARTESIAN_POINT('',(17.749520844072,-1.137546141359E-04,
    7.003251010481));
#524 = SURFACE_CURVE('',#525,(#536,#550),.PCURVE_S1.);
#525 = B_SPLINE_CURVE_WITH_KNOTS('',3,(#526,#527,#528,#529,#530,#531,
    #532,#533,#534,#535),.UNSPECIFIED.,.F.,.F.,(4,2,2,2,4),(0.,
    9.753194615527E-04,1.950638923105E-03,2.925958384658E-03,
    3.901277846211E-03),.UNSPECIFIED.);
#526 = CARTESIAN_POINT('',(15.253009421531,-1.137546141359E-04,
    9.499762433021));
#527 = CARTESIAN_POINT('',(15.580186321226,-1.137545572359E-04,
    9.499762433019));
#528 = CARTESIAN_POINT('',(15.906938796638,-1.137545572359E-04,
    9.434836269041));
#529 = CARTESIAN_POINT('',(16.510859790855,-1.137545572359E-04,
    9.184884389368));
#530 = CARTESIAN_POINT('',(16.787732987113,-1.137545572359E-04,
    8.999956317932));
#531 = CARTESIAN_POINT('',(17.249714728983,-1.137545572359E-04,
    8.537974576063));
#532 = CARTESIAN_POINT('',(17.434642800419,-1.137545572359E-04,
    8.261101379805));
#533 = CARTESIAN_POINT('',(17.684594680091,-1.137545572359E-04,
    7.657180385587));
#534 = CARTESIAN_POINT('',(17.749520844068,-1.137545572359E-04,
    7.330427910175));
#535 = CARTESIAN_POINT('',(17.749520844072,-1.137546141359E-04,
    7.003251010481));
#536 = PCURVE('',#91,#537);
#537 = DEFINITIONAL_REPRESENTATION('',(#538),#549);
#538 = B_SPLINE_CURVE_WITH_KNOTS('',3,(#539,#540,#541,#542,#543,#544,
    #545,#546,#547,#548),.UNSPECIFIED.,.F.,.F.,(4,2,2,2,4),(0.,
    9.753194615527E-04,1.950638923105E-03,2.925958384658E-03,
    3.901277846211E-03),.UNSPECIFIED.);
#539 = CARTESIAN_POINT('',(9.4997625,15.25304482746));
#540 = CARTESIAN_POINT('',(9.499762499998,15.580221727154));
#541 = CARTESIAN_POINT('',(9.43483633602,15.906974202566));
#542 = CARTESIAN_POINT('',(9.184884456347,16.510895196783));
#543 = CARTESIAN_POINT('',(8.999956384911,16.787768393041));
#544 = CARTESIAN_POINT('',(8.537974643042,17.249750134911));
#545 = CARTESIAN_POINT('',(8.261101446783,17.434678206347));
#546 = CARTESIAN_POINT('',(7.657180452566,17.684630086019));
#547 = CARTESIAN_POINT('',(7.330427977154,17.749556249997));
#548 = CARTESIAN_POINT('',(7.003251077459,17.74955625));
#549 = ( GEOMETRIC_REPRESENTATION_CONTEXT(2) 
PARAMETRIC_REPRESENTATION_CONTEXT() REPRESENTATION_CONTEXT('2D SPACE',''
  ) );
#550 = PCURVE('',#551,#572);
#551 = B_SPLINE_SURFACE_WITH_KNOTS('',1,3,(
    (#552,#553,#554,#555,#556,#557,#558,#559,#560,#561)
    ,(#562,#563,#564,#565,#566,#567,#568,#569,#570,#571
  )),.UNSPECIFIED.,.F.,.F.,.F.,(2,2),(4,2,2,2,4),(0.,1.),(5.499156671653
    ,5.891170989416,6.28318530718,6.675199624943,7.067213942707),
  .UNSPECIFIED.);
#552 = CARTESIAN_POINT('',(15.253009421531,-1.137546141359E-04,
    9.499762433021));
#553 = CARTESIAN_POINT('',(15.580186321226,-1.137546141359E-04,
    9.499762433016));
#554 = CARTESIAN_POINT('',(15.906938796637,-1.137546141359E-04,
    9.434836269038));
#555 = CARTESIAN_POINT('',(16.510859790854,-1.137546141359E-04,
    9.184884389365));
#556 = CARTESIAN_POINT('',(16.787732987111,-1.137546141359E-04,
    8.99995631793));
#557 = CARTESIAN_POINT('',(17.249714728981,-1.137546141359E-04,
    8.537974576061));
#558 = CARTESIAN_POINT('',(17.434642800416,-1.137546141359E-04,
    8.261101379803));
#559 = CARTESIAN_POINT('',(17.684594680088,-1.137546141359E-04,
    7.657180385587));
#560 = CARTESIAN_POINT('',(17.749520844065,-1.137546141359E-04,
    7.330427910175));
#561 = CARTESIAN_POINT('',(17.749520844072,-1.137546141359E-04,
    7.003251010481));
#562 = CARTESIAN_POINT('',(15.253009421531,-13.18500338377,
    8.808771647465));
#563 = CARTESIAN_POINT('',(15.489880886052,-13.18500338377,
    8.808771647382));
#564 = CARTESIAN_POINT('',(15.726280129848,-13.18500338377,
    8.761772268559));
#565 = CARTESIAN_POINT('',(16.163018677422,-13.18500338377,8.58101415301
    ));
#566 = CARTESIAN_POINT('',(16.363150457785,-13.18500338377,
    8.447330306847));
#567 = CARTESIAN_POINT('',(16.697088717898,-13.18500338377,
    8.113392046735));
#568 = CARTESIAN_POINT('',(16.830772564061,-13.18500338377,
    7.913260266371));
#569 = CARTESIAN_POINT('',(17.011530679609,-13.18500338377,
    7.476521718797));
#570 = CARTESIAN_POINT('',(17.058530058433,-13.18500338377,
    7.240122475002));
#571 = CARTESIAN_POINT('',(17.058530058516,-13.18500338377,
    7.003251010481));
#572 = DEFINITIONAL_REPRESENTATION('',(#573),#576);
#573 = B_SPLINE_CURVE_WITH_KNOTS('',1,(#574,#575),.UNSPECIFIED.,.F.,.F.,
  (2,2),(0.,3.901277846211E-03),.PIECEWISE_BEZIER_KNOTS.);
#574 = CARTESIAN_POINT('',(-6.488208125483E-20,5.499156671653));
#575 = CARTESIAN_POINT('',(8.446643078713E-18,7.067213942707));
#576 = ( GEOMETRIC_REPRESENTATION_CONTEXT(2) 
PARAMETRIC_REPRESENTATION_CONTEXT() REPRESENTATION_CONTEXT('2D SPACE',''
  ) );
#577 = ORIENTED_EDGE('',*,*,#578,.T.);
#578 = EDGE_CURVE('',#522,#579,#581,.T.);
#579 = VERTEX_POINT('',#580);
#580 = CARTESIAN_POINT('',(17.749520844072,-1.137546141359E-04,
    -7.003251144438));
#581 = SURFACE_CURVE('',#582,(#586,#593),.PCURVE_S1.);
#582 = LINE('',#583,#584);
#583 = CARTESIAN_POINT('',(17.749520844072,-1.137546141359E-04,
    9.499762433021));
#584 = VECTOR('',#585,1.);
#585 = DIRECTION('',(0.,0.,-1.));
#586 = PCURVE('',#91,#587);
#587 = DEFINITIONAL_REPRESENTATION('',(#588),#592);
#588 = LINE('',#589,#590);
#589 = CARTESIAN_POINT('',(9.4997625,17.74955625));
#590 = VECTOR('',#591,1.);
#591 = DIRECTION('',(-1.,0.));
#592 = ( GEOMETRIC_REPRESENTATION_CONTEXT(2) 
PARAMETRIC_REPRESENTATION_CONTEXT() REPRESENTATION_CONTEXT('2D SPACE',''
  ) );
#593 = PCURVE('',#594,#599);
#594 = PLANE('',#595);
#595 = AXIS2_PLACEMENT_3D('',#596,#597,#598);
#596 = CARTESIAN_POINT('',(17.749520844072,-1.137546141359E-04,
    9.499762433021));
#597 = DIRECTION('',(0.998629534755,-5.233595624294E-02,0.));
#598 = DIRECTION('',(5.233595624294E-02,0.998629534755,0.));
#599 = DEFINITIONAL_REPRESENTATION('',(#600),#604);
#600 = LINE('',#601,#602);
#601 = CARTESIAN_POINT('',(0.,0.));
#602 = VECTOR('',#603,1.);
#603 = DIRECTION('',(0.,-1.));
#604 = ( GEOMETRIC_REPRESENTATION_CONTEXT(2) 
PARAMETRIC_REPRESENTATION_CONTEXT() REPRESENTATION_CONTEXT('2D SPACE',''
  ) );
#605 = ORIENTED_EDGE('',*,*,#606,.T.);
#606 = EDGE_CURVE('',#579,#322,#607,.T.);
#607 = SURFACE_CURVE('',#608,(#619,#633),.PCURVE_S1.);
#608 = B_SPLINE_CURVE_WITH_KNOTS('',3,(#609,#610,#611,#612,#613,#614,
    #615,#616,#617,#618),.UNSPECIFIED.,.F.,.F.,(4,2,2,2,4),(0.,
    9.753194615527E-04,1.950638923105E-03,2.925958384658E-03,
    3.901277846211E-03),.UNSPECIFIED.);
#609 = CARTESIAN_POINT('',(17.749520844072,-1.137546141359E-04,
    -7.003251144438));
#610 = CARTESIAN_POINT('',(17.749520844068,-1.137545572374E-04,
    -7.330428044133));
#611 = CARTESIAN_POINT('',(17.684594680091,-1.137545572374E-04,
    -7.657180519545));
#612 = CARTESIAN_POINT('',(17.434642800419,-1.137545572374E-04,
    -8.261101513763));
#613 = CARTESIAN_POINT('',(17.249714728983,-1.137545572374E-04,
    -8.53797471002));
#614 = CARTESIAN_POINT('',(16.787732987114,-1.137545572374E-04,
    -8.99995645189));
#615 = CARTESIAN_POINT('',(16.510859790855,-1.137545572374E-04,
    -9.184884523326));
#616 = CARTESIAN_POINT('',(15.906938796638,-1.137545572374E-04,
    -9.434836402998));
#617 = CARTESIAN_POINT('',(15.580186321226,-1.137545572374E-04,
    -9.499762566976));
#618 = CARTESIAN_POINT('',(15.253009421531,-1.137546141359E-04,
    -9.499762566979));
#619 = PCURVE('',#91,#620);
#620 = DEFINITIONAL_REPRESENTATION('',(#621),#632);
#621 = B_SPLINE_CURVE_WITH_KNOTS('',3,(#622,#623,#624,#625,#626,#627,
    #628,#629,#630,#631),.UNSPECIFIED.,.F.,.F.,(4,2,2,2,4),(0.,
    9.753194615527E-04,1.950638923105E-03,2.925958384658E-03,
    3.901277846211E-03),.UNSPECIFIED.);
#622 = CARTESIAN_POINT('',(-7.003251077459,17.74955625));
#623 = CARTESIAN_POINT('',(-7.330427977155,17.749556249997));
#624 = CARTESIAN_POINT('',(-7.657180452566,17.684630086019));
#625 = CARTESIAN_POINT('',(-8.261101446784,17.434678206347));
#626 = CARTESIAN_POINT('',(-8.537974643042,17.249750134911));
#627 = CARTESIAN_POINT('',(-8.999956384911,16.787768393042));
#628 = CARTESIAN_POINT('',(-9.184884456347,16.510895196783));
#629 = CARTESIAN_POINT('',(-9.43483633602,15.906974202566));
#630 = CARTESIAN_POINT('',(-9.499762499998,15.580221727154));
#631 = CARTESIAN_POINT('',(-9.4997625,15.25304482746));
#632 = ( GEOMETRIC_REPRESENTATION_CONTEXT(2) 
PARAMETRIC_REPRESENTATION_CONTEXT() REPRESENTATION_CONTEXT('2D SPACE',''
  ) );
#633 = PCURVE('',#634,#655);
#634 = B_SPLINE_SURFACE_WITH_KNOTS('',1,3,(
    (#635,#636,#637,#638,#639,#640,#641,#642,#643,#644)
    ,(#645,#646,#647,#648,#649,#650,#651,#652,#653,#654
  )),.UNSPECIFIED.,.F.,.F.,.F.,(2,2),(4,2,2,2,4),(0.,1.),(5.499156671653
    ,5.891170989416,6.28318530718,6.675199624943,7.067213942707),
  .UNSPECIFIED.);
#635 = CARTESIAN_POINT('',(17.749520844072,-1.137546141359E-04,
    -7.003251144438));
#636 = CARTESIAN_POINT('',(17.749520844065,-1.137546141359E-04,
    -7.330428044133));
#637 = CARTESIAN_POINT('',(17.684594680088,-1.137546141359E-04,
    -7.657180519544));
#638 = CARTESIAN_POINT('',(17.434642800416,-1.137546141359E-04,
    -8.261101513761));
#639 = CARTESIAN_POINT('',(17.24971472898,-1.137546141359E-04,
    -8.537974710019));
#640 = CARTESIAN_POINT('',(16.787732987112,-1.137546141359E-04,
    -8.999956451888));
#641 = CARTESIAN_POINT('',(16.510859790854,-1.137546141359E-04,
    -9.184884523323));
#642 = CARTESIAN_POINT('',(15.906938796637,-1.137546141359E-04,
    -9.434836402995));
#643 = CARTESIAN_POINT('',(15.580186321226,-1.137546141359E-04,
    -9.499762566973));
#644 = CARTESIAN_POINT('',(15.253009421531,-1.137546141359E-04,
    -9.499762566979));
#645 = CARTESIAN_POINT('',(17.058530058516,-13.18500338377,
    -7.003251144438));
#646 = CARTESIAN_POINT('',(17.058530058433,-13.18500338377,
    -7.240122608959));
#647 = CARTESIAN_POINT('',(17.011530679609,-13.18500338377,
    -7.476521852754));
#648 = CARTESIAN_POINT('',(16.830772564061,-13.18500338377,
    -7.913260400329));
#649 = CARTESIAN_POINT('',(16.697088717898,-13.18500338377,
    -8.113392180693));
#650 = CARTESIAN_POINT('',(16.363150457786,-13.18500338377,
    -8.447330440805));
#651 = CARTESIAN_POINT('',(16.163018677422,-13.18500338377,
    -8.581014286968));
#652 = CARTESIAN_POINT('',(15.726280129848,-13.18500338377,
    -8.761772402516));
#653 = CARTESIAN_POINT('',(15.489880886052,-13.18500338377,
    -8.80877178134));
#654 = CARTESIAN_POINT('',(15.253009421531,-13.18500338377,
    -8.808771781423));
#655 = DEFINITIONAL_REPRESENTATION('',(#656),#659);
#656 = B_SPLINE_CURVE_WITH_KNOTS('',1,(#657,#658),.UNSPECIFIED.,.F.,.F.,
  (2,2),(0.,3.901277846211E-03),.PIECEWISE_BEZIER_KNOTS.);
#657 = CARTESIAN_POINT('',(-9.635469740676E-21,5.499156671653));
#658 = CARTESIAN_POINT('',(1.894600756105E-17,7.067213942707));
#659 = ( GEOMETRIC_REPRESENTATION_CONTEXT(2) 
PARAMETRIC_REPRESENTATION_CONTEXT() REPRESENTATION_CONTEXT('2D SPACE',''
  ) );
#660 = FACE_BOUND('',#661,.T.);
#661 = EDGE_LOOP('',(#662,#692,#720,#748));
#662 = ORIENTED_EDGE('',*,*,#663,.F.);
#663 = EDGE_CURVE('',#664,#666,#668,.T.);
#664 = VERTEX_POINT('',#665);
#665 = CARTESIAN_POINT('',(9.249733344072,-1.137546141359E-04,
    4.641782970124));
#666 = VERTEX_POINT('',#667);
#667 = CARTESIAN_POINT('',(9.249733344072,-1.137546141359E-04,
    6.841727970124));
#668 = SURFACE_CURVE('',#669,(#673,#680),.PCURVE_S1.);
#669 = LINE('',#670,#671);
#670 = CARTESIAN_POINT('',(9.249733344072,-1.137546141359E-04,
    4.641782970124));
#671 = VECTOR('',#672,1.);
#672 = DIRECTION('',(7.885106708985E-16,0.,1.));
#673 = PCURVE('',#91,#674);
#674 = DEFINITIONAL_REPRESENTATION('',(#675),#679);
#675 = LINE('',#676,#677);
#676 = CARTESIAN_POINT('',(4.641783037103,9.24976875));
#677 = VECTOR('',#678,1.);
#678 = DIRECTION('',(1.,7.885106708985E-16));
#679 = ( GEOMETRIC_REPRESENTATION_CONTEXT(2) 
PARAMETRIC_REPRESENTATION_CONTEXT() REPRESENTATION_CONTEXT('2D SPACE',''
  ) );
#680 = PCURVE('',#681,#686);
#681 = PLANE('',#682);
#682 = AXIS2_PLACEMENT_3D('',#683,#684,#685);
#683 = CARTESIAN_POINT('',(9.249733344072,-1.137546141359E-04,
    4.641782970124));
#684 = DIRECTION('',(-0.999847695156,-1.745240643728E-02,
    7.883905769041E-16));
#685 = DIRECTION('',(1.745240643728E-02,-0.999847695156,
    -3.08148791102E-33));
#686 = DEFINITIONAL_REPRESENTATION('',(#687),#691);
#687 = LINE('',#688,#689);
#688 = CARTESIAN_POINT('',(0.,0.));
#689 = VECTOR('',#690,1.);
#690 = DIRECTION('',(1.376140870866E-17,1.));
#691 = ( GEOMETRIC_REPRESENTATION_CONTEXT(2) 
PARAMETRIC_REPRESENTATION_CONTEXT() REPRESENTATION_CONTEXT('2D SPACE',''
  ) );
#692 = ORIENTED_EDGE('',*,*,#693,.F.);
#693 = EDGE_CURVE('',#694,#664,#696,.T.);
#694 = VERTEX_POINT('',#695);
#695 = CARTESIAN_POINT('',(12.749645844072,-1.137546141359E-04,
    4.641782970124));
#696 = SURFACE_CURVE('',#697,(#701,#708),.PCURVE_S1.);
#697 = LINE('',#698,#699);
#698 = CARTESIAN_POINT('',(9.249733344072,-1.137546141359E-04,
    4.641782970124));
#699 = VECTOR('',#700,1.);
#700 = DIRECTION('',(-1.,0.,2.478176394253E-16));
#701 = PCURVE('',#91,#702);
#702 = DEFINITIONAL_REPRESENTATION('',(#703),#707);
#703 = LINE('',#704,#705);
#704 = CARTESIAN_POINT('',(4.641783037103,9.24976875));
#705 = VECTOR('',#706,1.);
#706 = DIRECTION('',(2.478176394253E-16,-1.));
#707 = ( GEOMETRIC_REPRESENTATION_CONTEXT(2) 
PARAMETRIC_REPRESENTATION_CONTEXT() REPRESENTATION_CONTEXT('2D SPACE',''
  ) );
#708 = PCURVE('',#709,#714);
#709 = PLANE('',#710);
#710 = AXIS2_PLACEMENT_3D('',#711,#712,#713);
#711 = CARTESIAN_POINT('',(9.249733344072,-1.137546141359E-04,
    4.641782970124));
#712 = DIRECTION('',(-2.477798955984E-16,-1.745240643728E-02,
    -0.999847695156));
#713 = DIRECTION('',(-1.54074395551E-33,0.999847695156,
    -1.745240643728E-02));
#714 = DEFINITIONAL_REPRESENTATION('',(#715),#719);
#715 = LINE('',#716,#717);
#716 = CARTESIAN_POINT('',(0.,0.));
#717 = VECTOR('',#718,1.);
#718 = DIRECTION('',(-4.325014165578E-18,-1.));
#719 = ( GEOMETRIC_REPRESENTATION_CONTEXT(2) 
PARAMETRIC_REPRESENTATION_CONTEXT() REPRESENTATION_CONTEXT('2D SPACE',''
  ) );
#720 = ORIENTED_EDGE('',*,*,#721,.F.);
#721 = EDGE_CURVE('',#722,#694,#724,.T.);
#722 = VERTEX_POINT('',#723);
#723 = CARTESIAN_POINT('',(12.749645844072,-1.137546141359E-04,
    6.841727970124));
#724 = SURFACE_CURVE('',#725,(#729,#736),.PCURVE_S1.);
#725 = LINE('',#726,#727);
#726 = CARTESIAN_POINT('',(12.749645844072,-1.137546141359E-04,
    4.641782970124));
#727 = VECTOR('',#728,1.);
#728 = DIRECTION('',(-7.885106708985E-16,0.,-1.));
#729 = PCURVE('',#91,#730);
#730 = DEFINITIONAL_REPRESENTATION('',(#731),#735);
#731 = LINE('',#732,#733);
#732 = CARTESIAN_POINT('',(4.641783037103,12.74968125));
#733 = VECTOR('',#734,1.);
#734 = DIRECTION('',(-1.,-7.885106708985E-16));
#735 = ( GEOMETRIC_REPRESENTATION_CONTEXT(2) 
PARAMETRIC_REPRESENTATION_CONTEXT() REPRESENTATION_CONTEXT('2D SPACE',''
  ) );
#736 = PCURVE('',#737,#742);
#737 = PLANE('',#738);
#738 = AXIS2_PLACEMENT_3D('',#739,#740,#741);
#739 = CARTESIAN_POINT('',(12.749645844072,-1.137546141359E-04,
    4.641782970124));
#740 = DIRECTION('',(0.999847695156,-1.745240643728E-02,
    -7.883905769041E-16));
#741 = DIRECTION('',(1.745240643728E-02,0.999847695156,
    -3.08148791102E-33));
#742 = DEFINITIONAL_REPRESENTATION('',(#743),#747);
#743 = LINE('',#744,#745);
#744 = CARTESIAN_POINT('',(0.,0.));
#745 = VECTOR('',#746,1.);
#746 = DIRECTION('',(-1.376140870866E-17,-1.));
#747 = ( GEOMETRIC_REPRESENTATION_CONTEXT(2) 
PARAMETRIC_REPRESENTATION_CONTEXT() REPRESENTATION_CONTEXT('2D SPACE',''
  ) );
#748 = ORIENTED_EDGE('',*,*,#749,.F.);
#749 = EDGE_CURVE('',#666,#722,#750,.T.);
#750 = SURFACE_CURVE('',#751,(#755,#762),.PCURVE_S1.);
#751 = LINE('',#752,#753);
#752 = CARTESIAN_POINT('',(9.249733344072,-1.137546141359E-04,
    6.841727970124));
#753 = VECTOR('',#754,1.);
#754 = DIRECTION('',(1.,0.,0.));
#755 = PCURVE('',#91,#756);
#756 = DEFINITIONAL_REPRESENTATION('',(#757),#761);
#757 = LINE('',#758,#759);
#758 = CARTESIAN_POINT('',(6.841728037103,9.24976875));
#759 = VECTOR('',#760,1.);
#760 = DIRECTION('',(0.,1.));
#761 = ( GEOMETRIC_REPRESENTATION_CONTEXT(2) 
PARAMETRIC_REPRESENTATION_CONTEXT() REPRESENTATION_CONTEXT('2D SPACE',''
  ) );
#762 = PCURVE('',#763,#768);
#763 = PLANE('',#764);
#764 = AXIS2_PLACEMENT_3D('',#765,#766,#767);
#765 = CARTESIAN_POINT('',(9.249733344072,-1.137546141359E-04,
    6.841727970124));
#766 = DIRECTION('',(0.,-1.745240643728E-02,0.999847695156));
#767 = DIRECTION('',(0.,-0.999847695156,-1.745240643728E-02));
#768 = DEFINITIONAL_REPRESENTATION('',(#769),#773);
#769 = LINE('',#770,#771);
#770 = CARTESIAN_POINT('',(0.,0.));
#771 = VECTOR('',#772,1.);
#772 = DIRECTION('',(0.,1.));
#773 = ( GEOMETRIC_REPRESENTATION_CONTEXT(2) 
PARAMETRIC_REPRESENTATION_CONTEXT() REPRESENTATION_CONTEXT('2D SPACE',''
  ) );
#774 = FACE_BOUND('',#775,.T.);
#775 = EDGE_LOOP('',(#776,#806,#834,#862));
#776 = ORIENTED_EDGE('',*,*,#777,.F.);
#777 = EDGE_CURVE('',#778,#780,#782,.T.);
#778 = VERTEX_POINT('',#779);
#779 = CARTESIAN_POINT('',(9.249733344072,-1.137546141359E-04,
    -4.641783104081));
#780 = VERTEX_POINT('',#781);
#781 = CARTESIAN_POINT('',(12.749645844072,-1.137546141359E-04,
    -4.641783104081));
#782 = SURFACE_CURVE('',#783,(#787,#794),.PCURVE_S1.);
#783 = LINE('',#784,#785);
#784 = CARTESIAN_POINT('',(9.249733344072,-1.137546141359E-04,
    -4.641783104081));
#785 = VECTOR('',#786,1.);
#786 = DIRECTION('',(1.,0.,0.));
#787 = PCURVE('',#91,#788);
#788 = DEFINITIONAL_REPRESENTATION('',(#789),#793);
#789 = LINE('',#790,#791);
#790 = CARTESIAN_POINT('',(-4.641783037103,9.24976875));
#791 = VECTOR('',#792,1.);
#792 = DIRECTION('',(0.,1.));
#793 = ( GEOMETRIC_REPRESENTATION_CONTEXT(2) 
PARAMETRIC_REPRESENTATION_CONTEXT() REPRESENTATION_CONTEXT('2D SPACE',''
  ) );
#794 = PCURVE('',#795,#800);
#795 = PLANE('',#796);
#796 = AXIS2_PLACEMENT_3D('',#797,#798,#799);
#797 = CARTESIAN_POINT('',(9.249733344072,-1.137546141359E-04,
    -4.641783104081));
#798 = DIRECTION('',(0.,-3.48994967025E-02,0.999390827019));
#799 = DIRECTION('',(0.,-0.999390827019,-3.48994967025E-02));
#800 = DEFINITIONAL_REPRESENTATION('',(#801),#805);
#801 = LINE('',#802,#803);
#802 = CARTESIAN_POINT('',(0.,0.));
#803 = VECTOR('',#804,1.);
#804 = DIRECTION('',(0.,1.));
#805 = ( GEOMETRIC_REPRESENTATION_CONTEXT(2) 
PARAMETRIC_REPRESENTATION_CONTEXT() REPRESENTATION_CONTEXT('2D SPACE',''
  ) );
#806 = ORIENTED_EDGE('',*,*,#807,.F.);
#807 = EDGE_CURVE('',#808,#778,#810,.T.);
#808 = VERTEX_POINT('',#809);
#809 = CARTESIAN_POINT('',(9.249733344072,-1.137546141359E-04,
    -6.841728104081));
#810 = SURFACE_CURVE('',#811,(#815,#822),.PCURVE_S1.);
#811 = LINE('',#812,#813);
#812 = CARTESIAN_POINT('',(9.249733344072,-1.137546141359E-04,
    -4.641783104081));
#813 = VECTOR('',#814,1.);
#814 = DIRECTION('',(-2.365532012696E-15,0.,1.));
#815 = PCURVE('',#91,#816);
#816 = DEFINITIONAL_REPRESENTATION('',(#817),#821);
#817 = LINE('',#818,#819);
#818 = CARTESIAN_POINT('',(-4.641783037103,9.24976875));
#819 = VECTOR('',#820,1.);
#820 = DIRECTION('',(1.,-2.365532012696E-15));
#821 = ( GEOMETRIC_REPRESENTATION_CONTEXT(2) 
PARAMETRIC_REPRESENTATION_CONTEXT() REPRESENTATION_CONTEXT('2D SPACE',''
  ) );
#822 = PCURVE('',#823,#828);
#823 = PLANE('',#824);
#824 = AXIS2_PLACEMENT_3D('',#825,#826,#827);
#825 = CARTESIAN_POINT('',(9.249733344072,-1.137546141359E-04,
    -4.641783104081));
#826 = DIRECTION('',(-0.999390827019,-3.48994967025E-02,
    -2.364090994508E-15));
#827 = DIRECTION('',(3.48994967025E-02,-0.999390827019,0.));
#828 = DEFINITIONAL_REPRESENTATION('',(#829),#833);
#829 = LINE('',#830,#831);
#830 = CARTESIAN_POINT('',(0.,0.));
#831 = VECTOR('',#832,1.);
#832 = DIRECTION('',(-8.255587667673E-17,1.));
#833 = ( GEOMETRIC_REPRESENTATION_CONTEXT(2) 
PARAMETRIC_REPRESENTATION_CONTEXT() REPRESENTATION_CONTEXT('2D SPACE',''
  ) );
#834 = ORIENTED_EDGE('',*,*,#835,.F.);
#835 = EDGE_CURVE('',#836,#808,#838,.T.);
#836 = VERTEX_POINT('',#837);
#837 = CARTESIAN_POINT('',(12.749645844072,-1.137546141359E-04,
    -6.841728104081));
#838 = SURFACE_CURVE('',#839,(#843,#850),.PCURVE_S1.);
#839 = LINE('',#840,#841);
#840 = CARTESIAN_POINT('',(9.249733344072,-1.137546141359E-04,
    -6.841728104081));
#841 = VECTOR('',#842,1.);
#842 = DIRECTION('',(-1.,0.,0.));
#843 = PCURVE('',#91,#844);
#844 = DEFINITIONAL_REPRESENTATION('',(#845),#849);
#845 = LINE('',#846,#847);
#846 = CARTESIAN_POINT('',(-6.841728037103,9.24976875));
#847 = VECTOR('',#848,1.);
#848 = DIRECTION('',(0.,-1.));
#849 = ( GEOMETRIC_REPRESENTATION_CONTEXT(2) 
PARAMETRIC_REPRESENTATION_CONTEXT() REPRESENTATION_CONTEXT('2D SPACE',''
  ) );
#850 = PCURVE('',#851,#856);
#851 = PLANE('',#852);
#852 = AXIS2_PLACEMENT_3D('',#853,#854,#855);
#853 = CARTESIAN_POINT('',(9.249733344072,-1.137546141359E-04,
    -6.841728104081));
#854 = DIRECTION('',(0.,-3.48994967025E-02,-0.999390827019));
#855 = DIRECTION('',(0.,0.999390827019,-3.48994967025E-02));
#856 = DEFINITIONAL_REPRESENTATION('',(#857),#861);
#857 = LINE('',#858,#859);
#858 = CARTESIAN_POINT('',(0.,0.));
#859 = VECTOR('',#860,1.);
#860 = DIRECTION('',(0.,-1.));
#861 = ( GEOMETRIC_REPRESENTATION_CONTEXT(2) 
PARAMETRIC_REPRESENTATION_CONTEXT() REPRESENTATION_CONTEXT('2D SPACE',''
  ) );
#862 = ORIENTED_EDGE('',*,*,#863,.F.);
#863 = EDGE_CURVE('',#780,#836,#864,.T.);
#864 = SURFACE_CURVE('',#865,(#869,#876),.PCURVE_S1.);
#865 = LINE('',#866,#867);
#866 = CARTESIAN_POINT('',(12.749645844072,-1.137546141359E-04,
    -4.641783104081));
#867 = VECTOR('',#868,1.);
#868 = DIRECTION('',(-7.885106708985E-16,0.,-1.));
#869 = PCURVE('',#91,#870);
#870 = DEFINITIONAL_REPRESENTATION('',(#871),#875);
#871 = LINE('',#872,#873);
#872 = CARTESIAN_POINT('',(-4.641783037103,12.74968125));
#873 = VECTOR('',#874,1.);
#874 = DIRECTION('',(-1.,-7.885106708985E-16));
#875 = ( GEOMETRIC_REPRESENTATION_CONTEXT(2) 
PARAMETRIC_REPRESENTATION_CONTEXT() REPRESENTATION_CONTEXT('2D SPACE',''
  ) );
#876 = PCURVE('',#877,#882);
#877 = PLANE('',#878);
#878 = AXIS2_PLACEMENT_3D('',#879,#880,#881);
#879 = CARTESIAN_POINT('',(12.749645844072,-1.137546141359E-04,
    -4.641783104081));
#880 = DIRECTION('',(0.999390827019,-3.48994967025E-02,
    -7.880303315027E-16));
#881 = DIRECTION('',(3.48994967025E-02,0.999390827019,6.162975822039E-33
    ));
#882 = DEFINITIONAL_REPRESENTATION('',(#883),#887);
#883 = LINE('',#884,#885);
#884 = CARTESIAN_POINT('',(0.,0.));
#885 = VECTOR('',#886,1.);
#886 = DIRECTION('',(-2.751862555891E-17,-1.));
#887 = ( GEOMETRIC_REPRESENTATION_CONTEXT(2) 
PARAMETRIC_REPRESENTATION_CONTEXT() REPRESENTATION_CONTEXT('2D SPACE',''
  ) );
#888 = FACE_BOUND('',#889,.T.);
#889 = EDGE_LOOP('',(#890,#918,#941,#969,#997,#1025,#1053,#1076,#1104,
    #1132,#1160,#1188,#1216));
#890 = ORIENTED_EDGE('',*,*,#891,.T.);
#891 = EDGE_CURVE('',#892,#225,#894,.T.);
#892 = VERTEX_POINT('',#893);
#893 = CARTESIAN_POINT('',(7.749770844072,-1.137546141359E-04,
    -6.499837566979));
#894 = SURFACE_CURVE('',#895,(#899,#906),.PCURVE_S1.);
#895 = LINE('',#896,#897);
#896 = CARTESIAN_POINT('',(7.749770844072,-1.137546141359E-04,
    -6.697881763362E-08));
#897 = VECTOR('',#898,1.);
#898 = DIRECTION('',(0.,0.,1.));
#899 = PCURVE('',#91,#900);
#900 = DEFINITIONAL_REPRESENTATION('',(#901),#905);
#901 = LINE('',#902,#903);
#902 = CARTESIAN_POINT('',(0.,7.74980625));
#903 = VECTOR('',#904,1.);
#904 = DIRECTION('',(1.,0.));
#905 = ( GEOMETRIC_REPRESENTATION_CONTEXT(2) 
PARAMETRIC_REPRESENTATION_CONTEXT() REPRESENTATION_CONTEXT('2D SPACE',''
  ) );
#906 = PCURVE('',#907,#912);
#907 = PLANE('',#908);
#908 = AXIS2_PLACEMENT_3D('',#909,#910,#911);
#909 = CARTESIAN_POINT('',(7.749770844072,-1.137546141359E-04,
    6.499837433021));
#910 = DIRECTION('',(-0.999847695156,-1.745240643728E-02,0.));
#911 = DIRECTION('',(1.745240643728E-02,-0.999847695156,0.));
#912 = DEFINITIONAL_REPRESENTATION('',(#913),#917);
#913 = LINE('',#914,#915);
#914 = CARTESIAN_POINT('',(0.,-6.4998375));
#915 = VECTOR('',#916,1.);
#916 = DIRECTION('',(0.,1.));
#917 = ( GEOMETRIC_REPRESENTATION_CONTEXT(2) 
PARAMETRIC_REPRESENTATION_CONTEXT() REPRESENTATION_CONTEXT('2D SPACE',''
  ) );
#918 = ORIENTED_EDGE('',*,*,#919,.T.);
#919 = EDGE_CURVE('',#225,#920,#922,.T.);
#920 = VERTEX_POINT('',#921);
#921 = CARTESIAN_POINT('',(7.749770844072,-1.137546141359E-04,
    6.499837433021));
#922 = SURFACE_CURVE('',#923,(#927,#934),.PCURVE_S1.);
#923 = LINE('',#924,#925);
#924 = CARTESIAN_POINT('',(7.749770844072,-1.137546141359E-04,
    -6.697881763362E-08));
#925 = VECTOR('',#926,1.);
#926 = DIRECTION('',(0.,0.,1.));
#927 = PCURVE('',#91,#928);
#928 = DEFINITIONAL_REPRESENTATION('',(#929),#933);
#929 = LINE('',#930,#931);
#930 = CARTESIAN_POINT('',(0.,7.74980625));
#931 = VECTOR('',#932,1.);
#932 = DIRECTION('',(1.,0.));
#933 = ( GEOMETRIC_REPRESENTATION_CONTEXT(2) 
PARAMETRIC_REPRESENTATION_CONTEXT() REPRESENTATION_CONTEXT('2D SPACE',''
  ) );
#934 = PCURVE('',#907,#935);
#935 = DEFINITIONAL_REPRESENTATION('',(#936),#940);
#936 = LINE('',#937,#938);
#937 = CARTESIAN_POINT('',(0.,-6.4998375));
#938 = VECTOR('',#939,1.);
#939 = DIRECTION('',(0.,1.));
#940 = ( GEOMETRIC_REPRESENTATION_CONTEXT(2) 
PARAMETRIC_REPRESENTATION_CONTEXT() REPRESENTATION_CONTEXT('2D SPACE',''
  ) );
#941 = ORIENTED_EDGE('',*,*,#942,.F.);
#942 = EDGE_CURVE('',#943,#920,#945,.T.);
#943 = VERTEX_POINT('',#944);
#944 = CARTESIAN_POINT('',(5.962190833474,-1.137546141359E-04,
    6.499837433021));
#945 = SURFACE_CURVE('',#946,(#950,#957),.PCURVE_S1.);
#946 = LINE('',#947,#948);
#947 = CARTESIAN_POINT('',(-3.540592832773E-05,-1.137546141359E-04,
    6.499837433021));
#948 = VECTOR('',#949,1.);
#949 = DIRECTION('',(1.,-0.,-0.));
#950 = PCURVE('',#91,#951);
#951 = DEFINITIONAL_REPRESENTATION('',(#952),#956);
#952 = LINE('',#953,#954);
#953 = CARTESIAN_POINT('',(6.4998375,0.));
#954 = VECTOR('',#955,1.);
#955 = DIRECTION('',(0.,1.));
#956 = ( GEOMETRIC_REPRESENTATION_CONTEXT(2) 
PARAMETRIC_REPRESENTATION_CONTEXT() REPRESENTATION_CONTEXT('2D SPACE',''
  ) );
#957 = PCURVE('',#958,#963);
#958 = PLANE('',#959);
#959 = AXIS2_PLACEMENT_3D('',#960,#961,#962);
#960 = CARTESIAN_POINT('',(-3.540592832773E-05,-1.137546141359E-04,
    6.499837433021));
#961 = DIRECTION('',(0.,-1.745240643728E-02,-0.999847695156));
#962 = DIRECTION('',(0.,0.999847695156,-1.745240643728E-02));
#963 = DEFINITIONAL_REPRESENTATION('',(#964),#968);
#964 = LINE('',#965,#966);
#965 = CARTESIAN_POINT('',(0.,0.));
#966 = VECTOR('',#967,1.);
#967 = DIRECTION('',(0.,1.));
#968 = ( GEOMETRIC_REPRESENTATION_CONTEXT(2) 
PARAMETRIC_REPRESENTATION_CONTEXT() REPRESENTATION_CONTEXT('2D SPACE',''
  ) );
#969 = ORIENTED_EDGE('',*,*,#970,.F.);
#970 = EDGE_CURVE('',#971,#943,#973,.T.);
#971 = VERTEX_POINT('',#972);
#972 = CARTESIAN_POINT('',(5.962190833474,-1.137546141359E-04,
    8.249793683021));
#973 = SURFACE_CURVE('',#974,(#978,#985),.PCURVE_S1.);
#974 = LINE('',#975,#976);
#975 = CARTESIAN_POINT('',(5.962190833474,-1.137546141359E-04,
    -6.697881763362E-08));
#976 = VECTOR('',#977,1.);
#977 = DIRECTION('',(-0.,-0.,-1.));
#978 = PCURVE('',#91,#979);
#979 = DEFINITIONAL_REPRESENTATION('',(#980),#984);
#980 = LINE('',#981,#982);
#981 = CARTESIAN_POINT('',(0.,5.962226239403));
#982 = VECTOR('',#983,1.);
#983 = DIRECTION('',(-1.,0.));
#984 = ( GEOMETRIC_REPRESENTATION_CONTEXT(2) 
PARAMETRIC_REPRESENTATION_CONTEXT() REPRESENTATION_CONTEXT('2D SPACE',''
  ) );
#985 = PCURVE('',#986,#991);
#986 = PLANE('',#987);
#987 = AXIS2_PLACEMENT_3D('',#988,#989,#990);
#988 = CARTESIAN_POINT('',(4.999839594072,-10.99983875461,
    -6.697881763362E-08));
#989 = DIRECTION('',(-0.996194698092,8.715574274766E-02,0.));
#990 = DIRECTION('',(-8.715574274766E-02,-0.996194698092,0.));
#991 = DEFINITIONAL_REPRESENTATION('',(#992),#996);
#992 = LINE('',#993,#994);
#993 = CARTESIAN_POINT('',(-11.04174216252,0.));
#994 = VECTOR('',#995,1.);
#995 = DIRECTION('',(0.,-1.));
#996 = ( GEOMETRIC_REPRESENTATION_CONTEXT(2) 
PARAMETRIC_REPRESENTATION_CONTEXT() REPRESENTATION_CONTEXT('2D SPACE',''
  ) );
#997 = ORIENTED_EDGE('',*,*,#998,.T.);
#998 = EDGE_CURVE('',#971,#999,#1001,.T.);
#999 = VERTEX_POINT('',#1000);
#1000 = CARTESIAN_POINT('',(-0.962386645331,-1.137546141353E-04,
    8.249793683021));
#1001 = SURFACE_CURVE('',#1002,(#1006,#1013),.PCURVE_S1.);
#1002 = LINE('',#1003,#1004);
#1003 = CARTESIAN_POINT('',(-3.540592832156E-05,-1.137546141359E-04,
    8.249793683021));
#1004 = VECTOR('',#1005,1.);
#1005 = DIRECTION('',(-1.,-0.,-0.));
#1006 = PCURVE('',#91,#1007);
#1007 = DEFINITIONAL_REPRESENTATION('',(#1008),#1012);
#1008 = LINE('',#1009,#1010);
#1009 = CARTESIAN_POINT('',(8.24979375,6.168439511348E-15));
#1010 = VECTOR('',#1011,1.);
#1011 = DIRECTION('',(0.,-1.));
#1012 = ( GEOMETRIC_REPRESENTATION_CONTEXT(2) 
PARAMETRIC_REPRESENTATION_CONTEXT() REPRESENTATION_CONTEXT('2D SPACE',''
  ) );
#1013 = PCURVE('',#1014,#1019);
#1014 = PLANE('',#1015);
#1015 = AXIS2_PLACEMENT_3D('',#1016,#1017,#1018);
#1016 = CARTESIAN_POINT('',(-3.540592832156E-05,-1.137546141359E-04,
    8.249793683021));
#1017 = DIRECTION('',(0.,3.48994967025E-02,-0.999390827019));
#1018 = DIRECTION('',(0.,0.999390827019,3.48994967025E-02));
#1019 = DEFINITIONAL_REPRESENTATION('',(#1020),#1024);
#1020 = LINE('',#1021,#1022);
#1021 = CARTESIAN_POINT('',(0.,0.));
#1022 = VECTOR('',#1023,1.);
#1023 = DIRECTION('',(0.,-1.));
#1024 = ( GEOMETRIC_REPRESENTATION_CONTEXT(2) 
PARAMETRIC_REPRESENTATION_CONTEXT() REPRESENTATION_CONTEXT('2D SPACE',''
  ) );
#1025 = ORIENTED_EDGE('',*,*,#1026,.T.);
#1026 = EDGE_CURVE('',#999,#1027,#1029,.T.);
#1027 = VERTEX_POINT('',#1028);
#1028 = CARTESIAN_POINT('',(-0.962386645331,-1.137546141359E-04,
    6.499837433021));
#1029 = SURFACE_CURVE('',#1030,(#1034,#1041),.PCURVE_S1.);
#1030 = LINE('',#1031,#1032);
#1031 = CARTESIAN_POINT('',(-0.962386645331,-1.137546141353E-04,
    -6.697881710752E-08));
#1032 = VECTOR('',#1033,1.);
#1033 = DIRECTION('',(-5.466541455415E-16,-0.,-1.));
#1034 = PCURVE('',#91,#1035);
#1035 = DEFINITIONAL_REPRESENTATION('',(#1036),#1040);
#1036 = LINE('',#1037,#1038);
#1037 = CARTESIAN_POINT('',(5.260967692813E-16,-0.962351239403));
#1038 = VECTOR('',#1039,1.);
#1039 = DIRECTION('',(-1.,-5.466541455415E-16));
#1040 = ( GEOMETRIC_REPRESENTATION_CONTEXT(2) 
PARAMETRIC_REPRESENTATION_CONTEXT() REPRESENTATION_CONTEXT('2D SPACE',''
  ) );
#1041 = PCURVE('',#1042,#1047);
#1042 = PLANE('',#1043);
#1043 = AXIS2_PLACEMENT_3D('',#1044,#1045,#1046);
#1044 = CARTESIAN_POINT('',(-3.540592832608E-05,-10.99983875461,
    -6.697881763362E-08));
#1045 = DIRECTION('',(0.996194698092,8.715574274766E-02,
    -5.445739614783E-16));
#1046 = DIRECTION('',(-8.715574274766E-02,0.996194698092,0.));
#1047 = DEFINITIONAL_REPRESENTATION('',(#1048),#1052);
#1048 = LINE('',#1049,#1050);
#1049 = CARTESIAN_POINT('',(11.041742162521,5.260967692813E-16));
#1050 = VECTOR('',#1051,1.);
#1051 = DIRECTION('',(4.764404808076E-17,-1.));
#1052 = ( GEOMETRIC_REPRESENTATION_CONTEXT(2) 
PARAMETRIC_REPRESENTATION_CONTEXT() REPRESENTATION_CONTEXT('2D SPACE',''
  ) );
#1053 = ORIENTED_EDGE('',*,*,#1054,.F.);
#1054 = EDGE_CURVE('',#1055,#1027,#1057,.T.);
#1055 = VERTEX_POINT('',#1056);
#1056 = CARTESIAN_POINT('',(-2.715057398825,-1.13754614136E-04,
    6.499837433021));
#1057 = SURFACE_CURVE('',#1058,(#1062,#1069),.PCURVE_S1.);
#1058 = LINE('',#1059,#1060);
#1059 = CARTESIAN_POINT('',(-3.540592832773E-05,-1.137546141359E-04,
    6.499837433021));
#1060 = VECTOR('',#1061,1.);
#1061 = DIRECTION('',(1.,-0.,-0.));
#1062 = PCURVE('',#91,#1063);
#1063 = DEFINITIONAL_REPRESENTATION('',(#1064),#1068);
#1064 = LINE('',#1065,#1066);
#1065 = CARTESIAN_POINT('',(6.4998375,0.));
#1066 = VECTOR('',#1067,1.);
#1067 = DIRECTION('',(0.,1.));
#1068 = ( GEOMETRIC_REPRESENTATION_CONTEXT(2) 
PARAMETRIC_REPRESENTATION_CONTEXT() REPRESENTATION_CONTEXT('2D SPACE',''
  ) );
#1069 = PCURVE('',#958,#1070);
#1070 = DEFINITIONAL_REPRESENTATION('',(#1071),#1075);
#1071 = LINE('',#1072,#1073);
#1072 = CARTESIAN_POINT('',(0.,0.));
#1073 = VECTOR('',#1074,1.);
#1074 = DIRECTION('',(0.,1.));
#1075 = ( GEOMETRIC_REPRESENTATION_CONTEXT(2) 
PARAMETRIC_REPRESENTATION_CONTEXT() REPRESENTATION_CONTEXT('2D SPACE',''
  ) );
#1076 = ORIENTED_EDGE('',*,*,#1077,.T.);
#1077 = EDGE_CURVE('',#1055,#1078,#1080,.T.);
#1078 = VERTEX_POINT('',#1079);
#1079 = CARTESIAN_POINT('',(-2.715057398825,-1.13754614136E-04,
    -6.499837566979));
#1080 = SURFACE_CURVE('',#1081,(#1085,#1092),.PCURVE_S1.);
#1081 = LINE('',#1082,#1083);
#1082 = CARTESIAN_POINT('',(-2.715057398825,-1.137546141359E-04,
    -6.697881763362E-08));
#1083 = VECTOR('',#1084,1.);
#1084 = DIRECTION('',(0.,0.,-1.));
#1085 = PCURVE('',#91,#1086);
#1086 = DEFINITIONAL_REPRESENTATION('',(#1087),#1091);
#1087 = LINE('',#1088,#1089);
#1088 = CARTESIAN_POINT('',(0.,-2.715021992897));
#1089 = VECTOR('',#1090,1.);
#1090 = DIRECTION('',(-1.,0.));
#1091 = ( GEOMETRIC_REPRESENTATION_CONTEXT(2) 
PARAMETRIC_REPRESENTATION_CONTEXT() REPRESENTATION_CONTEXT('2D SPACE',''
  ) );
#1092 = PCURVE('',#1093,#1098);
#1093 = PLANE('',#1094);
#1094 = AXIS2_PLACEMENT_3D('',#1095,#1096,#1097);
#1095 = CARTESIAN_POINT('',(-2.749966655928,-2.000063754614,
    -6.499837566979));
#1096 = DIRECTION('',(-0.999847695156,1.745240643728E-02,0.));
#1097 = DIRECTION('',(-1.745240643728E-02,-0.999847695156,0.));
#1098 = DEFINITIONAL_REPRESENTATION('',(#1099),#1103);
#1099 = LINE('',#1100,#1101);
#1100 = CARTESIAN_POINT('',(-2.000254648471,6.4998375));
#1101 = VECTOR('',#1102,1.);
#1102 = DIRECTION('',(-0.,-1.));
#1103 = ( GEOMETRIC_REPRESENTATION_CONTEXT(2) 
PARAMETRIC_REPRESENTATION_CONTEXT() REPRESENTATION_CONTEXT('2D SPACE',''
  ) );
#1104 = ORIENTED_EDGE('',*,*,#1105,.T.);
#1105 = EDGE_CURVE('',#1078,#1106,#1108,.T.);
#1106 = VERTEX_POINT('',#1107);
#1107 = CARTESIAN_POINT('',(-0.962386645331,-1.137546141359E-04,
    -6.499837566979));
#1108 = SURFACE_CURVE('',#1109,(#1113,#1120),.PCURVE_S1.);
#1109 = LINE('',#1110,#1111);
#1110 = CARTESIAN_POINT('',(-3.540592832773E-05,-1.137546141359E-04,
    -6.499837566979));
#1111 = VECTOR('',#1112,1.);
#1112 = DIRECTION('',(1.,0.,0.));
#1113 = PCURVE('',#91,#1114);
#1114 = DEFINITIONAL_REPRESENTATION('',(#1115),#1119);
#1115 = LINE('',#1116,#1117);
#1116 = CARTESIAN_POINT('',(-6.4998375,0.));
#1117 = VECTOR('',#1118,1.);
#1118 = DIRECTION('',(0.,1.));
#1119 = ( GEOMETRIC_REPRESENTATION_CONTEXT(2) 
PARAMETRIC_REPRESENTATION_CONTEXT() REPRESENTATION_CONTEXT('2D SPACE',''
  ) );
#1120 = PCURVE('',#1121,#1126);
#1121 = PLANE('',#1122);
#1122 = AXIS2_PLACEMENT_3D('',#1123,#1124,#1125);
#1123 = CARTESIAN_POINT('',(4.999839594072,-1.137546141359E-04,
    -6.499837566979));
#1124 = DIRECTION('',(0.,-1.745240643728E-02,0.999847695156));
#1125 = DIRECTION('',(0.,-0.999847695156,-1.745240643728E-02));
#1126 = DEFINITIONAL_REPRESENTATION('',(#1127),#1131);
#1127 = LINE('',#1128,#1129);
#1128 = CARTESIAN_POINT('',(-0.,-4.999875));
#1129 = VECTOR('',#1130,1.);
#1130 = DIRECTION('',(0.,1.));
#1131 = ( GEOMETRIC_REPRESENTATION_CONTEXT(2) 
PARAMETRIC_REPRESENTATION_CONTEXT() REPRESENTATION_CONTEXT('2D SPACE',''
  ) );
#1132 = ORIENTED_EDGE('',*,*,#1133,.F.);
#1133 = EDGE_CURVE('',#1134,#1106,#1136,.T.);
#1134 = VERTEX_POINT('',#1135);
#1135 = CARTESIAN_POINT('',(-0.962386645331,-1.137546141359E-04,
    -8.249793816979));
#1136 = SURFACE_CURVE('',#1137,(#1141,#1148),.PCURVE_S1.);
#1137 = LINE('',#1138,#1139);
#1138 = CARTESIAN_POINT('',(-0.962386645331,-1.137546141359E-04,
    -6.697881855966E-08));
#1139 = VECTOR('',#1140,1.);
#1140 = DIRECTION('',(-9.622799256256E-16,-0.,1.));
#1141 = PCURVE('',#91,#1142);
#1142 = DEFINITIONAL_REPRESENTATION('',(#1143),#1147);
#1143 = LINE('',#1144,#1145);
#1144 = CARTESIAN_POINT('',(-9.260454643585E-16,-0.962351239403));
#1145 = VECTOR('',#1146,1.);
#1146 = DIRECTION('',(1.,-9.622799256256E-16));
#1147 = ( GEOMETRIC_REPRESENTATION_CONTEXT(2) 
PARAMETRIC_REPRESENTATION_CONTEXT() REPRESENTATION_CONTEXT('2D SPACE',''
  ) );
#1148 = PCURVE('',#1149,#1154);
#1149 = PLANE('',#1150);
#1150 = AXIS2_PLACEMENT_3D('',#1151,#1152,#1153);
#1151 = CARTESIAN_POINT('',(-3.540592833225E-05,-10.99983875461,
    -6.697881763362E-08));
#1152 = DIRECTION('',(0.996194698092,8.715574274766E-02,
    9.586181599883E-16));
#1153 = DIRECTION('',(-8.715574274766E-02,0.996194698092,0.));
#1154 = DEFINITIONAL_REPRESENTATION('',(#1155),#1159);
#1155 = LINE('',#1156,#1157);
#1156 = CARTESIAN_POINT('',(11.041742162521,-9.260454643585E-16));
#1157 = VECTOR('',#1158,1.);
#1158 = DIRECTION('',(8.386822164906E-17,1.));
#1159 = ( GEOMETRIC_REPRESENTATION_CONTEXT(2) 
PARAMETRIC_REPRESENTATION_CONTEXT() REPRESENTATION_CONTEXT('2D SPACE',''
  ) );
#1160 = ORIENTED_EDGE('',*,*,#1161,.F.);
#1161 = EDGE_CURVE('',#1162,#1134,#1164,.T.);
#1162 = VERTEX_POINT('',#1163);
#1163 = CARTESIAN_POINT('',(5.962190833474,-1.137546141362E-04,
    -8.249793816979));
#1164 = SURFACE_CURVE('',#1165,(#1169,#1176),.PCURVE_S1.);
#1165 = LINE('',#1166,#1167);
#1166 = CARTESIAN_POINT('',(-3.540592832773E-05,-1.137546141359E-04,
    -8.249793816979));
#1167 = VECTOR('',#1168,1.);
#1168 = DIRECTION('',(-1.,-0.,-0.));
#1169 = PCURVE('',#91,#1170);
#1170 = DEFINITIONAL_REPRESENTATION('',(#1171),#1175);
#1171 = LINE('',#1172,#1173);
#1172 = CARTESIAN_POINT('',(-8.24979375,0.));
#1173 = VECTOR('',#1174,1.);
#1174 = DIRECTION('',(0.,-1.));
#1175 = ( GEOMETRIC_REPRESENTATION_CONTEXT(2) 
PARAMETRIC_REPRESENTATION_CONTEXT() REPRESENTATION_CONTEXT('2D SPACE',''
  ) );
#1176 = PCURVE('',#1177,#1182);
#1177 = PLANE('',#1178);
#1178 = AXIS2_PLACEMENT_3D('',#1179,#1180,#1181);
#1179 = CARTESIAN_POINT('',(-3.540592832431E-05,-1.137546141359E-04,
    -8.249793816979));
#1180 = DIRECTION('',(0.,3.48994967025E-02,0.999390827019));
#1181 = DIRECTION('',(0.,-0.999390827019,3.48994967025E-02));
#1182 = DEFINITIONAL_REPRESENTATION('',(#1183),#1187);
#1183 = LINE('',#1184,#1185);
#1184 = CARTESIAN_POINT('',(0.,-3.422602641839E-15));
#1185 = VECTOR('',#1186,1.);
#1186 = DIRECTION('',(0.,-1.));
#1187 = ( GEOMETRIC_REPRESENTATION_CONTEXT(2) 
PARAMETRIC_REPRESENTATION_CONTEXT() REPRESENTATION_CONTEXT('2D SPACE',''
  ) );
#1188 = ORIENTED_EDGE('',*,*,#1189,.T.);
#1189 = EDGE_CURVE('',#1162,#1190,#1192,.T.);
#1190 = VERTEX_POINT('',#1191);
#1191 = CARTESIAN_POINT('',(5.962190833474,-1.137546141359E-04,
    -6.499837566979));
#1192 = SURFACE_CURVE('',#1193,(#1197,#1204),.PCURVE_S1.);
#1193 = LINE('',#1194,#1195);
#1194 = CARTESIAN_POINT('',(5.962190833474,-1.137546141353E-04,
    -6.697882649887E-08));
#1195 = VECTOR('',#1196,1.);
#1196 = DIRECTION('',(1.486905836552E-15,-0.,1.));
#1197 = PCURVE('',#91,#1198);
#1198 = DEFINITIONAL_REPRESENTATION('',(#1199),#1203);
#1199 = LINE('',#1200,#1201);
#1200 = CARTESIAN_POINT('',(-8.865249955052E-15,5.962226239403));
#1201 = VECTOR('',#1202,1.);
#1202 = DIRECTION('',(1.,1.486905836552E-15));
#1203 = ( GEOMETRIC_REPRESENTATION_CONTEXT(2) 
PARAMETRIC_REPRESENTATION_CONTEXT() REPRESENTATION_CONTEXT('2D SPACE',''
  ) );
#1204 = PCURVE('',#1205,#1210);
#1205 = PLANE('',#1206);
#1206 = AXIS2_PLACEMENT_3D('',#1207,#1208,#1209);
#1207 = CARTESIAN_POINT('',(4.999839594072,-10.99983875461,
    -6.697882506796E-08));
#1208 = DIRECTION('',(-0.996194698092,8.715574274766E-02,
    1.481247710934E-15));
#1209 = DIRECTION('',(-8.715574274766E-02,-0.996194698092,
    4.930380657631E-32));
#1210 = DEFINITIONAL_REPRESENTATION('',(#1211),#1215);
#1211 = LINE('',#1212,#1213);
#1212 = CARTESIAN_POINT('',(-11.04174216252,-1.430909314644E-15));
#1213 = VECTOR('',#1214,1.);
#1214 = DIRECTION('',(-1.295923825805E-16,1.));
#1215 = ( GEOMETRIC_REPRESENTATION_CONTEXT(2) 
PARAMETRIC_REPRESENTATION_CONTEXT() REPRESENTATION_CONTEXT('2D SPACE',''
  ) );
#1216 = ORIENTED_EDGE('',*,*,#1217,.T.);
#1217 = EDGE_CURVE('',#1190,#892,#1218,.T.);
#1218 = SURFACE_CURVE('',#1219,(#1223,#1230),.PCURVE_S1.);
#1219 = LINE('',#1220,#1221);
#1220 = CARTESIAN_POINT('',(-3.540592832773E-05,-1.137546141359E-04,
    -6.499837566979));
#1221 = VECTOR('',#1222,1.);
#1222 = DIRECTION('',(1.,0.,0.));
#1223 = PCURVE('',#91,#1224);
#1224 = DEFINITIONAL_REPRESENTATION('',(#1225),#1229);
#1225 = LINE('',#1226,#1227);
#1226 = CARTESIAN_POINT('',(-6.4998375,0.));
#1227 = VECTOR('',#1228,1.);
#1228 = DIRECTION('',(0.,1.));
#1229 = ( GEOMETRIC_REPRESENTATION_CONTEXT(2) 
PARAMETRIC_REPRESENTATION_CONTEXT() REPRESENTATION_CONTEXT('2D SPACE',''
  ) );
#1230 = PCURVE('',#1121,#1231);
#1231 = DEFINITIONAL_REPRESENTATION('',(#1232),#1236);
#1232 = LINE('',#1233,#1234);
#1233 = CARTESIAN_POINT('',(-0.,-4.999875));
#1234 = VECTOR('',#1235,1.);
#1235 = DIRECTION('',(0.,1.));
#1236 = ( GEOMETRIC_REPRESENTATION_CONTEXT(2) 
PARAMETRIC_REPRESENTATION_CONTEXT() REPRESENTATION_CONTEXT('2D SPACE',''
  ) );
#1237 = FACE_BOUND('',#1238,.T.);
#1238 = EDGE_LOOP('',(#1239,#1240,#1262));
#1239 = ORIENTED_EDGE('',*,*,#224,.F.);
#1240 = ORIENTED_EDGE('',*,*,#1241,.F.);
#1241 = EDGE_CURVE('',#249,#197,#1242,.T.);
#1242 = SURFACE_CURVE('',#1243,(#1248,#1255),.PCURVE_S1.);
#1243 = CIRCLE('',#1244,1.4999625);
#1244 = AXIS2_PLACEMENT_3D('',#1245,#1246,#1247);
#1245 = CARTESIAN_POINT('',(9.249733344072,-1.137546141359E-04,
    -6.697881763362E-08));
#1246 = DIRECTION('',(0.,1.,0.));
#1247 = DIRECTION('',(0.,-0.,1.));
#1248 = PCURVE('',#91,#1249);
#1249 = DEFINITIONAL_REPRESENTATION('',(#1250),#1254);
#1250 = CIRCLE('',#1251,1.4999625);
#1251 = AXIS2_PLACEMENT_2D('',#1252,#1253);
#1252 = CARTESIAN_POINT('',(0.,9.24976875));
#1253 = DIRECTION('',(1.,0.));
#1254 = ( GEOMETRIC_REPRESENTATION_CONTEXT(2) 
PARAMETRIC_REPRESENTATION_CONTEXT() REPRESENTATION_CONTEXT('2D SPACE',''
  ) );
#1255 = PCURVE('',#212,#1256);
#1256 = DEFINITIONAL_REPRESENTATION('',(#1257),#1261);
#1257 = LINE('',#1258,#1259);
#1258 = CARTESIAN_POINT('',(6.28318530718,0.));
#1259 = VECTOR('',#1260,1.);
#1260 = DIRECTION('',(-1.,0.));
#1261 = ( GEOMETRIC_REPRESENTATION_CONTEXT(2) 
PARAMETRIC_REPRESENTATION_CONTEXT() REPRESENTATION_CONTEXT('2D SPACE',''
  ) );
#1262 = ORIENTED_EDGE('',*,*,#248,.F.);
#1263 = ADVANCED_FACE('',(#1264),#1014,.T.);
#1264 = FACE_BOUND('',#1265,.T.);
#1265 = EDGE_LOOP('',(#1266,#1267,#1290,#1342));
#1266 = ORIENTED_EDGE('',*,*,#998,.F.);
#1267 = ORIENTED_EDGE('',*,*,#1268,.F.);
#1268 = EDGE_CURVE('',#1269,#971,#1271,.T.);
#1269 = VERTEX_POINT('',#1270);
#1270 = CARTESIAN_POINT('',(5.501781269482,-5.262619151737,
    8.066022945099));
#1271 = SURFACE_CURVE('',#1272,(#1276,#1283),.PCURVE_S1.);
#1272 = LINE('',#1273,#1274);
#1273 = CARTESIAN_POINT('',(5.916955769998,-0.517152896066,
    8.231738278344));
#1274 = VECTOR('',#1275,1.);
#1275 = DIRECTION('',(8.71030527588E-02,0.995592448763,
    3.476685441099E-02));
#1276 = PCURVE('',#1014,#1277);
#1277 = DEFINITIONAL_REPRESENTATION('',(#1278),#1282);
#1278 = LINE('',#1279,#1280);
#1279 = CARTESIAN_POINT('',(-0.517354299713,5.916991175926));
#1280 = VECTOR('',#1281,1.);
#1281 = DIRECTION('',(0.996199306464,8.71030527588E-02));
#1282 = ( GEOMETRIC_REPRESENTATION_CONTEXT(2) 
PARAMETRIC_REPRESENTATION_CONTEXT() REPRESENTATION_CONTEXT('2D SPACE',''
  ) );
#1283 = PCURVE('',#986,#1284);
#1284 = DEFINITIONAL_REPRESENTATION('',(#1285),#1289);
#1285 = LINE('',#1286,#1287);
#1286 = CARTESIAN_POINT('',(-10.52272801554,8.231738345323));
#1287 = VECTOR('',#1288,1.);
#1288 = DIRECTION('',(-0.999395450177,3.476685441099E-02));
#1289 = ( GEOMETRIC_REPRESENTATION_CONTEXT(2) 
PARAMETRIC_REPRESENTATION_CONTEXT() REPRESENTATION_CONTEXT('2D SPACE',''
  ) );
#1290 = ORIENTED_EDGE('',*,*,#1291,.F.);
#1291 = EDGE_CURVE('',#1292,#1269,#1294,.T.);
#1292 = VERTEX_POINT('',#1293);
#1293 = CARTESIAN_POINT('',(-0.501977081339,-5.262619151737,
    8.066022945099));
#1294 = SURFACE_CURVE('',#1295,(#1300,#1308),.PCURVE_S1.);
#1295 = ( BOUNDED_CURVE() B_SPLINE_CURVE(3,(#1296,#1297,#1298,#1299),
.UNSPECIFIED.,.F.,.F.) B_SPLINE_CURVE_WITH_KNOTS((4,4),(1.658062789395,
4.625122517785),.PIECEWISE_BEZIER_KNOTS.) CURVE() 
GEOMETRIC_REPRESENTATION_ITEM() RATIONAL_B_SPLINE_CURVE((1.,
0.391437161832,0.391437161832,1.)) REPRESENTATION_ITEM('') );
#1296 = CARTESIAN_POINT('',(-0.501977081339,-5.262619151737,
    8.066022945099));
#1297 = CARTESIAN_POINT('',(-5.638660146489E-02,-10.3557416423,
    7.888167188613));
#1298 = CARTESIAN_POINT('',(5.056190789608,-10.3557416423,7.888167188613
    ));
#1299 = CARTESIAN_POINT('',(5.501781269482,-5.262619151737,
    8.066022945099));
#1300 = PCURVE('',#1014,#1301);
#1301 = DEFINITIONAL_REPRESENTATION('',(#1302),#1307);
#1302 = ( BOUNDED_CURVE() B_SPLINE_CURVE(3,(#1303,#1304,#1305,#1306),
.UNSPECIFIED.,.F.,.F.) B_SPLINE_CURVE_WITH_KNOTS((4,4),(1.658062789395,
4.625122517785),.PIECEWISE_BEZIER_KNOTS.) CURVE() 
GEOMETRIC_REPRESENTATION_ITEM() RATIONAL_B_SPLINE_CURVE((1.,
0.391437161832,0.391437161832,1.)) REPRESENTATION_ITEM('') );
#1303 = CARTESIAN_POINT('',(-5.265713127285,-0.50194167541));
#1304 = CARTESIAN_POINT('',(-10.36194010163,-5.635119553657E-02));
#1305 = CARTESIAN_POINT('',(-10.36194010163,5.056226195537));
#1306 = CARTESIAN_POINT('',(-5.265713127285,5.50181667541));
#1307 = ( GEOMETRIC_REPRESENTATION_CONTEXT(2) 
PARAMETRIC_REPRESENTATION_CONTEXT() REPRESENTATION_CONTEXT('2D SPACE',''
  ) );
#1308 = PCURVE('',#1309,#1314);
#1309 = CYLINDRICAL_SURFACE('',#1310,3.013345866185);
#1310 = AXIS2_PLACEMENT_3D('',#1311,#1312,#1313);
#1311 = CARTESIAN_POINT('',(2.499902094072,-4.999988754614,
    -1.804426719009));
#1312 = DIRECTION('',(2.891205793295E-16,0.,1.));
#1313 = DIRECTION('',(1.,0.,-2.891205793295E-16));
#1314 = DEFINITIONAL_REPRESENTATION('',(#1315),#1341);
#1315 = B_SPLINE_CURVE_WITH_KNOTS('',3,(#1316,#1317,#1318,#1319,#1320,
    #1321,#1322,#1323,#1324,#1325,#1326,#1327,#1328,#1329,#1330,#1331,
    #1332,#1333,#1334,#1335,#1336,#1337,#1338,#1339,#1340),
  .UNSPECIFIED.,.F.,.F.,(4,1,1,1,1,1,1,1,1,1,1,1,1,1,1,1,1,1,1,1,1,1,4),
  (1.658062789395,1.792929140685,1.927795491976,2.062661843266,
    2.197528194557,2.332394545847,2.467260897137,2.602127248428,
    2.736993599718,2.871859951009,3.006726302299,3.14159265359,
    3.27645900488,3.411325356171,3.546191707461,3.681058058752,
    3.815924410042,3.950790761333,4.085657112623,4.220523463914,
    4.355389815204,4.490256166495,4.625122517785),
  .QUASI_UNIFORM_KNOTS.);
#1316 = CARTESIAN_POINT('',(3.22885911619,9.870449664108));
#1317 = CARTESIAN_POINT('',(3.259039899713,9.867290583655));
#1318 = CARTESIAN_POINT('',(3.32193167947,9.860714716238));
#1319 = CARTESIAN_POINT('',(3.424314116917,9.850210915798));
#1320 = CARTESIAN_POINT('',(3.535240821235,9.839170522677));
#1321 = CARTESIAN_POINT('',(3.655052498665,9.827800941085));
#1322 = CARTESIAN_POINT('',(3.783901365073,9.816398093841));
#1323 = CARTESIAN_POINT('',(3.92166150544,9.805362235059));
#1324 = CARTESIAN_POINT('',(4.067852399269,9.795187748171));
#1325 = CARTESIAN_POINT('',(4.221573746382,9.786433001208));
#1326 = CARTESIAN_POINT('',(4.381475951356,9.779663300987));
#1327 = CARTESIAN_POINT('',(4.54578440918,9.775372987986));
#1328 = CARTESIAN_POINT('',(4.712388980385,9.77390235092));
#1329 = CARTESIAN_POINT('',(4.878993551589,9.775372987986));
#1330 = CARTESIAN_POINT('',(5.043302009413,9.779663300987));
#1331 = CARTESIAN_POINT('',(5.203204214387,9.786433001208));
#1332 = CARTESIAN_POINT('',(5.3569255615,9.795187748171));
#1333 = CARTESIAN_POINT('',(5.503116455329,9.805362235059));
#1334 = CARTESIAN_POINT('',(5.640876595697,9.816398093841));
#1335 = CARTESIAN_POINT('',(5.769725462104,9.827800941085));
#1336 = CARTESIAN_POINT('',(5.889537139534,9.839170522677));
#1337 = CARTESIAN_POINT('',(6.000463843853,9.850210915798));
#1338 = CARTESIAN_POINT('',(6.102846281299,9.860714716238));
#1339 = CARTESIAN_POINT('',(6.165738061056,9.867290583655));
#1340 = CARTESIAN_POINT('',(6.19591884458,9.870449664108));
#1341 = ( GEOMETRIC_REPRESENTATION_CONTEXT(2) 
PARAMETRIC_REPRESENTATION_CONTEXT() REPRESENTATION_CONTEXT('2D SPACE',''
  ) );
#1342 = ORIENTED_EDGE('',*,*,#1343,.T.);
#1343 = EDGE_CURVE('',#1292,#999,#1344,.T.);
#1344 = SURFACE_CURVE('',#1345,(#1349,#1356),.PCURVE_S1.);
#1345 = LINE('',#1346,#1347);
#1346 = CARTESIAN_POINT('',(2.378421068322E-02,-11.27209821831,
    7.85616731185));
#1347 = VECTOR('',#1348,1.);
#1348 = DIRECTION('',(-8.71030527588E-02,0.995592448763,
    3.476685441099E-02));
#1349 = PCURVE('',#1014,#1350);
#1350 = DEFINITIONAL_REPRESENTATION('',(#1351),#1355);
#1351 = LINE('',#1352,#1353);
#1352 = CARTESIAN_POINT('',(-11.27885523756,2.381961661154E-02));
#1353 = VECTOR('',#1354,1.);
#1354 = DIRECTION('',(0.996199306464,-8.71030527588E-02));
#1355 = ( GEOMETRIC_REPRESENTATION_CONTEXT(2) 
PARAMETRIC_REPRESENTATION_CONTEXT() REPRESENTATION_CONTEXT('2D SPACE',''
  ) );
#1356 = PCURVE('',#1042,#1357);
#1357 = DEFINITIONAL_REPRESENTATION('',(#1358),#1362);
#1358 = LINE('',#1359,#1360);
#1359 = CARTESIAN_POINT('',(-0.273299450623,7.856167378829));
#1360 = VECTOR('',#1361,1.);
#1361 = DIRECTION('',(0.999395450177,3.476685441099E-02));
#1362 = ( GEOMETRIC_REPRESENTATION_CONTEXT(2) 
PARAMETRIC_REPRESENTATION_CONTEXT() REPRESENTATION_CONTEXT('2D SPACE',''
  ) );
#1363 = ADVANCED_FACE('',(#1364),#986,.T.);
#1364 = FACE_BOUND('',#1365,.T.);
#1365 = EDGE_LOOP('',(#1366,#1367,#1368,#1391));
#1366 = ORIENTED_EDGE('',*,*,#1268,.T.);
#1367 = ORIENTED_EDGE('',*,*,#970,.T.);
#1368 = ORIENTED_EDGE('',*,*,#1369,.F.);
#1369 = EDGE_CURVE('',#1370,#943,#1372,.T.);
#1370 = VERTEX_POINT('',#1371);
#1371 = CARTESIAN_POINT('',(5.501781269482,-5.262619151737,
    6.591694806413));
#1372 = SURFACE_CURVE('',#1373,(#1377,#1384),.PCURVE_S1.);
#1373 = LINE('',#1374,#1375);
#1374 = CARTESIAN_POINT('',(5.91691471657,-0.517622138893,6.50887057547)
  );
#1375 = VECTOR('',#1376,1.);
#1376 = DIRECTION('',(8.714256931581E-02,0.996044125077,
    -1.738601487458E-02));
#1377 = PCURVE('',#986,#1378);
#1378 = DEFINITIONAL_REPRESENTATION('',(#1379),#1383);
#1379 = LINE('',#1380,#1381);
#1380 = CARTESIAN_POINT('',(-10.52225698028,6.508870642448));
#1381 = VECTOR('',#1382,1.);
#1382 = DIRECTION('',(-0.999848851821,-1.738601487458E-02));
#1383 = ( GEOMETRIC_REPRESENTATION_CONTEXT(2) 
PARAMETRIC_REPRESENTATION_CONTEXT() REPRESENTATION_CONTEXT('2D SPACE',''
  ) );
#1384 = PCURVE('',#958,#1385);
#1385 = DEFINITIONAL_REPRESENTATION('',(#1386),#1390);
#1386 = LINE('',#1387,#1388);
#1387 = CARTESIAN_POINT('',(-0.517587215319,5.916950122499));
#1388 = VECTOR('',#1389,1.);
#1389 = DIRECTION('',(0.99619585053,8.714256931581E-02));
#1390 = ( GEOMETRIC_REPRESENTATION_CONTEXT(2) 
PARAMETRIC_REPRESENTATION_CONTEXT() REPRESENTATION_CONTEXT('2D SPACE',''
  ) );
#1391 = ORIENTED_EDGE('',*,*,#1392,.T.);
#1392 = EDGE_CURVE('',#1370,#1269,#1393,.T.);
#1393 = SURFACE_CURVE('',#1394,(#1398,#1405),.PCURVE_S1.);
#1394 = LINE('',#1395,#1396);
#1395 = CARTESIAN_POINT('',(5.501781269482,-5.262619151737,
    -1.804426719009));
#1396 = VECTOR('',#1397,1.);
#1397 = DIRECTION('',(2.891205793295E-16,0.,1.));
#1398 = PCURVE('',#986,#1399);
#1399 = DEFINITIONAL_REPRESENTATION('',(#1400),#1404);
#1400 = LINE('',#1401,#1402);
#1401 = CARTESIAN_POINT('',(-5.759134849711,-1.80442665203));
#1402 = VECTOR('',#1403,1.);
#1403 = DIRECTION('',(-2.519851883509E-17,1.));
#1404 = ( GEOMETRIC_REPRESENTATION_CONTEXT(2) 
PARAMETRIC_REPRESENTATION_CONTEXT() REPRESENTATION_CONTEXT('2D SPACE',''
  ) );
#1405 = PCURVE('',#1309,#1406);
#1406 = DEFINITIONAL_REPRESENTATION('',(#1407),#1411);
#1407 = LINE('',#1408,#1409);
#1408 = CARTESIAN_POINT('',(6.19591884458,0.));
#1409 = VECTOR('',#1410,1.);
#1410 = DIRECTION('',(-6.024292668603E-16,1.));
#1411 = ( GEOMETRIC_REPRESENTATION_CONTEXT(2) 
PARAMETRIC_REPRESENTATION_CONTEXT() REPRESENTATION_CONTEXT('2D SPACE',''
  ) );
#1412 = ADVANCED_FACE('',(#1413),#1177,.T.);
#1413 = FACE_BOUND('',#1414,.T.);
#1414 = EDGE_LOOP('',(#1415,#1438,#1439,#1462));
#1415 = ORIENTED_EDGE('',*,*,#1416,.T.);
#1416 = EDGE_CURVE('',#1417,#1162,#1419,.T.);
#1417 = VERTEX_POINT('',#1418);
#1418 = CARTESIAN_POINT('',(5.501781269482,-5.262619151737,
    -8.066023079057));
#1419 = SURFACE_CURVE('',#1420,(#1424,#1431),.PCURVE_S1.);
#1420 = LINE('',#1421,#1422);
#1421 = CARTESIAN_POINT('',(4.97601997746,-11.27209821831,
    -7.856167445807));
#1422 = VECTOR('',#1423,1.);
#1423 = DIRECTION('',(8.71030527588E-02,0.995592448763,
    -3.476685441099E-02));
#1424 = PCURVE('',#1177,#1425);
#1425 = DEFINITIONAL_REPRESENTATION('',(#1426),#1430);
#1426 = LINE('',#1427,#1428);
#1427 = CARTESIAN_POINT('',(11.278855237568,4.976055383388));
#1428 = VECTOR('',#1429,1.);
#1429 = DIRECTION('',(-0.996199306464,8.71030527588E-02));
#1430 = ( GEOMETRIC_REPRESENTATION_CONTEXT(2) 
PARAMETRIC_REPRESENTATION_CONTEXT() REPRESENTATION_CONTEXT('2D SPACE',''
  ) );
#1431 = PCURVE('',#1205,#1432);
#1432 = DEFINITIONAL_REPRESENTATION('',(#1433),#1437);
#1433 = LINE('',#1434,#1435);
#1434 = CARTESIAN_POINT('',(0.273299450623,-7.856167378829));
#1435 = VECTOR('',#1436,1.);
#1436 = DIRECTION('',(-0.999395450177,-3.476685441099E-02));
#1437 = ( GEOMETRIC_REPRESENTATION_CONTEXT(2) 
PARAMETRIC_REPRESENTATION_CONTEXT() REPRESENTATION_CONTEXT('2D SPACE',''
  ) );
#1438 = ORIENTED_EDGE('',*,*,#1161,.T.);
#1439 = ORIENTED_EDGE('',*,*,#1440,.F.);
#1440 = EDGE_CURVE('',#1441,#1134,#1443,.T.);
#1441 = VERTEX_POINT('',#1442);
#1442 = CARTESIAN_POINT('',(-0.501977081339,-5.262619151737,
    -8.066023079057));
#1443 = SURFACE_CURVE('',#1444,(#1448,#1455),.PCURVE_S1.);
#1444 = LINE('',#1445,#1446);
#1445 = CARTESIAN_POINT('',(-0.955085342487,-8.356802800407E-02,
    -8.246879529535));
#1446 = VECTOR('',#1447,1.);
#1447 = DIRECTION('',(-8.71030527588E-02,0.995592448763,
    -3.476685441099E-02));
#1448 = PCURVE('',#1177,#1449);
#1449 = DEFINITIONAL_REPRESENTATION('',(#1450),#1454);
#1450 = LINE('',#1451,#1452);
#1451 = CARTESIAN_POINT('',(8.350514246649E-02,-0.955049936558));
#1452 = VECTOR('',#1453,1.);
#1453 = DIRECTION('',(-0.996199306464,-8.71030527588E-02));
#1454 = ( GEOMETRIC_REPRESENTATION_CONTEXT(2) 
PARAMETRIC_REPRESENTATION_CONTEXT() REPRESENTATION_CONTEXT('2D SPACE',''
  ) );
#1455 = PCURVE('',#1149,#1456);
#1456 = DEFINITIONAL_REPRESENTATION('',(#1457),#1461);
#1457 = LINE('',#1458,#1459);
#1458 = CARTESIAN_POINT('',(10.957969107365,-8.246879462556));
#1459 = VECTOR('',#1460,1.);
#1460 = DIRECTION('',(0.999395450177,-3.476685441099E-02));
#1461 = ( GEOMETRIC_REPRESENTATION_CONTEXT(2) 
PARAMETRIC_REPRESENTATION_CONTEXT() REPRESENTATION_CONTEXT('2D SPACE',''
  ) );
#1462 = ORIENTED_EDGE('',*,*,#1463,.F.);
#1463 = EDGE_CURVE('',#1417,#1441,#1464,.T.);
#1464 = SURFACE_CURVE('',#1465,(#1470,#1478),.PCURVE_S1.);
#1465 = ( BOUNDED_CURVE() B_SPLINE_CURVE(3,(#1466,#1467,#1468,#1469),
.UNSPECIFIED.,.F.,.F.) B_SPLINE_CURVE_WITH_KNOTS((4,4),(1.658062789395,
4.625122517785),.PIECEWISE_BEZIER_KNOTS.) CURVE() 
GEOMETRIC_REPRESENTATION_ITEM() RATIONAL_B_SPLINE_CURVE((1.,
0.391437161832,0.391437161832,1.)) REPRESENTATION_ITEM('') );
#1466 = CARTESIAN_POINT('',(5.501781269482,-5.262619151737,
    -8.066023079057));
#1467 = CARTESIAN_POINT('',(5.056190789608,-10.3557416423,-7.88816732257
    ));
#1468 = CARTESIAN_POINT('',(-5.63866014649E-02,-10.3557416423,
    -7.88816732257));
#1469 = CARTESIAN_POINT('',(-0.501977081339,-5.262619151737,
    -8.066023079057));
#1470 = PCURVE('',#1177,#1471);
#1471 = DEFINITIONAL_REPRESENTATION('',(#1472),#1477);
#1472 = ( BOUNDED_CURVE() B_SPLINE_CURVE(3,(#1473,#1474,#1475,#1476),
.UNSPECIFIED.,.F.,.F.) B_SPLINE_CURVE_WITH_KNOTS((4,4),(1.658062789395,
4.625122517785),.PIECEWISE_BEZIER_KNOTS.) CURVE() 
GEOMETRIC_REPRESENTATION_ITEM() RATIONAL_B_SPLINE_CURVE((1.,
0.391437161832,0.391437161832,1.)) REPRESENTATION_ITEM('') );
#1473 = CARTESIAN_POINT('',(5.265713127285,5.50181667541));
#1474 = CARTESIAN_POINT('',(10.361940101633,5.056226195537));
#1475 = CARTESIAN_POINT('',(10.361940101633,-5.635119553657E-02));
#1476 = CARTESIAN_POINT('',(5.265713127285,-0.50194167541));
#1477 = ( GEOMETRIC_REPRESENTATION_CONTEXT(2) 
PARAMETRIC_REPRESENTATION_CONTEXT() REPRESENTATION_CONTEXT('2D SPACE',''
  ) );
#1478 = PCURVE('',#1479,#1484);
#1479 = CYLINDRICAL_SURFACE('',#1480,3.013345866185);
#1480 = AXIS2_PLACEMENT_3D('',#1481,#1482,#1483);
#1481 = CARTESIAN_POINT('',(2.499902094072,-4.999988754614,
    1.804426585051));
#1482 = DIRECTION('',(0.,0.,-1.));
#1483 = DIRECTION('',(-1.,0.,0.));
#1484 = DEFINITIONAL_REPRESENTATION('',(#1485),#1511);
#1485 = B_SPLINE_CURVE_WITH_KNOTS('',3,(#1486,#1487,#1488,#1489,#1490,
    #1491,#1492,#1493,#1494,#1495,#1496,#1497,#1498,#1499,#1500,#1501,
    #1502,#1503,#1504,#1505,#1506,#1507,#1508,#1509,#1510),
  .UNSPECIFIED.,.F.,.F.,(4,1,1,1,1,1,1,1,1,1,1,1,1,1,1,1,1,1,1,1,1,1,4),
  (1.658062789395,1.792929140685,1.927795491976,2.062661843266,
    2.197528194556,2.332394545847,2.467260897137,2.602127248428,
    2.736993599718,2.871859951009,3.006726302299,3.14159265359,
    3.27645900488,3.411325356171,3.546191707461,3.681058058752,
    3.815924410042,3.950790761333,4.085657112623,4.220523463914,
    4.355389815204,4.490256166495,4.625122517785),
  .QUASI_UNIFORM_KNOTS.);
#1486 = CARTESIAN_POINT('',(3.22885911619,9.870449664108));
#1487 = CARTESIAN_POINT('',(3.259039899713,9.867290583655));
#1488 = CARTESIAN_POINT('',(3.32193167947,9.860714716238));
#1489 = CARTESIAN_POINT('',(3.424314116917,9.850210915798));
#1490 = CARTESIAN_POINT('',(3.535240821235,9.839170522677));
#1491 = CARTESIAN_POINT('',(3.655052498665,9.827800941085));
#1492 = CARTESIAN_POINT('',(3.783901365073,9.816398093841));
#1493 = CARTESIAN_POINT('',(3.92166150544,9.805362235059));
#1494 = CARTESIAN_POINT('',(4.067852399269,9.795187748171));
#1495 = CARTESIAN_POINT('',(4.221573746382,9.786433001208));
#1496 = CARTESIAN_POINT('',(4.381475951356,9.779663300987));
#1497 = CARTESIAN_POINT('',(4.54578440918,9.775372987986));
#1498 = CARTESIAN_POINT('',(4.712388980385,9.77390235092));
#1499 = CARTESIAN_POINT('',(4.878993551589,9.775372987986));
#1500 = CARTESIAN_POINT('',(5.043302009413,9.779663300987));
#1501 = CARTESIAN_POINT('',(5.203204214387,9.786433001208));
#1502 = CARTESIAN_POINT('',(5.3569255615,9.795187748171));
#1503 = CARTESIAN_POINT('',(5.503116455329,9.805362235059));
#1504 = CARTESIAN_POINT('',(5.640876595697,9.816398093841));
#1505 = CARTESIAN_POINT('',(5.769725462104,9.827800941085));
#1506 = CARTESIAN_POINT('',(5.889537139534,9.839170522677));
#1507 = CARTESIAN_POINT('',(6.000463843853,9.850210915798));
#1508 = CARTESIAN_POINT('',(6.102846281299,9.860714716238));
#1509 = CARTESIAN_POINT('',(6.165738061056,9.867290583655));
#1510 = CARTESIAN_POINT('',(6.19591884458,9.870449664108));
#1511 = ( GEOMETRIC_REPRESENTATION_CONTEXT(2) 
PARAMETRIC_REPRESENTATION_CONTEXT() REPRESENTATION_CONTEXT('2D SPACE',''
  ) );
#1512 = ADVANCED_FACE('',(#1513),#1149,.T.);
#1513 = FACE_BOUND('',#1514,.T.);
#1514 = EDGE_LOOP('',(#1515,#1516,#1517,#1540));
#1515 = ORIENTED_EDGE('',*,*,#1440,.T.);
#1516 = ORIENTED_EDGE('',*,*,#1133,.T.);
#1517 = ORIENTED_EDGE('',*,*,#1518,.T.);
#1518 = EDGE_CURVE('',#1106,#1519,#1521,.T.);
#1519 = VERTEX_POINT('',#1520);
#1520 = CARTESIAN_POINT('',(-0.501977081339,-5.262619151737,
    -6.591694940371));
#1521 = SURFACE_CURVE('',#1522,(#1526,#1533),.PCURVE_S1.);
#1522 = LINE('',#1523,#1524);
#1523 = CARTESIAN_POINT('',(-0.917110528427,-0.517622138893,
    -6.508870709427));
#1524 = VECTOR('',#1525,1.);
#1525 = DIRECTION('',(8.714256931581E-02,-0.996044125077,
    -1.738601487458E-02));
#1526 = PCURVE('',#1149,#1527);
#1527 = DEFINITIONAL_REPRESENTATION('',(#1528),#1532);
#1528 = LINE('',#1529,#1530);
#1529 = CARTESIAN_POINT('',(10.522256980287,-6.508870642448));
#1530 = VECTOR('',#1531,1.);
#1531 = DIRECTION('',(-0.999848851821,-1.738601487458E-02));
#1532 = ( GEOMETRIC_REPRESENTATION_CONTEXT(2) 
PARAMETRIC_REPRESENTATION_CONTEXT() REPRESENTATION_CONTEXT('2D SPACE',''
  ) );
#1533 = PCURVE('',#1121,#1534);
#1534 = DEFINITIONAL_REPRESENTATION('',(#1535),#1539);
#1535 = LINE('',#1536,#1537);
#1536 = CARTESIAN_POINT('',(0.517587215319,-5.916950122499));
#1537 = VECTOR('',#1538,1.);
#1538 = DIRECTION('',(0.99619585053,8.714256931581E-02));
#1539 = ( GEOMETRIC_REPRESENTATION_CONTEXT(2) 
PARAMETRIC_REPRESENTATION_CONTEXT() REPRESENTATION_CONTEXT('2D SPACE',''
  ) );
#1540 = ORIENTED_EDGE('',*,*,#1541,.T.);
#1541 = EDGE_CURVE('',#1519,#1441,#1542,.T.);
#1542 = SURFACE_CURVE('',#1543,(#1547,#1554),.PCURVE_S1.);
#1543 = LINE('',#1544,#1545);
#1544 = CARTESIAN_POINT('',(-0.501977081339,-5.262619151737,
    1.804426585051));
#1545 = VECTOR('',#1546,1.);
#1546 = DIRECTION('',(0.,0.,-1.));
#1547 = PCURVE('',#1149,#1548);
#1548 = DEFINITIONAL_REPRESENTATION('',(#1549),#1553);
#1549 = LINE('',#1550,#1551);
#1550 = CARTESIAN_POINT('',(5.759134849711,1.80442665203));
#1551 = VECTOR('',#1552,1.);
#1552 = DIRECTION('',(0.,-1.));
#1553 = ( GEOMETRIC_REPRESENTATION_CONTEXT(2) 
PARAMETRIC_REPRESENTATION_CONTEXT() REPRESENTATION_CONTEXT('2D SPACE',''
  ) );
#1554 = PCURVE('',#1479,#1555);
#1555 = DEFINITIONAL_REPRESENTATION('',(#1556),#1560);
#1556 = LINE('',#1557,#1558);
#1557 = CARTESIAN_POINT('',(6.19591884458,0.));
#1558 = VECTOR('',#1559,1.);
#1559 = DIRECTION('',(0.,1.));
#1560 = ( GEOMETRIC_REPRESENTATION_CONTEXT(2) 
PARAMETRIC_REPRESENTATION_CONTEXT() REPRESENTATION_CONTEXT('2D SPACE',''
  ) );
#1561 = ADVANCED_FACE('',(#1562),#1093,.F.);
#1562 = FACE_BOUND('',#1563,.T.);
#1563 = EDGE_LOOP('',(#1564,#1587,#1615,#1636));
#1564 = ORIENTED_EDGE('',*,*,#1565,.T.);
#1565 = EDGE_CURVE('',#1055,#1566,#1568,.T.);
#1566 = VERTEX_POINT('',#1567);
#1567 = CARTESIAN_POINT('',(-2.907058312893,-10.99983875461,
    6.691838347089));
#1568 = SURFACE_CURVE('',#1569,(#1573,#1580),.PCURVE_S1.);
#1569 = LINE('',#1570,#1571);
#1570 = CARTESIAN_POINT('',(-2.714230691609,4.724827009713E-02,
    6.499010725805));
#1571 = VECTOR('',#1572,1.);
#1572 = DIRECTION('',(-1.744974916068E-02,-0.999695459882,
    1.744974916068E-02));
#1573 = PCURVE('',#1093,#1574);
#1574 = DEFINITIONAL_REPRESENTATION('',(#1575),#1579);
#1575 = LINE('',#1576,#1577);
#1576 = CARTESIAN_POINT('',(-2.047623887747,12.998848292784));
#1577 = VECTOR('',#1578,1.);
#1578 = DIRECTION('',(0.999847741536,1.744974916068E-02));
#1579 = ( GEOMETRIC_REPRESENTATION_CONTEXT(2) 
PARAMETRIC_REPRESENTATION_CONTEXT() REPRESENTATION_CONTEXT('2D SPACE',''
  ) );
#1580 = PCURVE('',#958,#1581);
#1581 = DEFINITIONAL_REPRESENTATION('',(#1582),#1586);
#1582 = LINE('',#1583,#1584);
#1583 = CARTESIAN_POINT('',(4.736923927584E-02,-2.71419528568));
#1584 = VECTOR('',#1585,1.);
#1585 = DIRECTION('',(-0.999847741536,-1.744974916068E-02));
#1586 = ( GEOMETRIC_REPRESENTATION_CONTEXT(2) 
PARAMETRIC_REPRESENTATION_CONTEXT() REPRESENTATION_CONTEXT('2D SPACE',''
  ) );
#1587 = ORIENTED_EDGE('',*,*,#1588,.F.);
#1588 = EDGE_CURVE('',#1589,#1566,#1591,.T.);
#1589 = VERTEX_POINT('',#1590);
#1590 = CARTESIAN_POINT('',(-2.907058312893,-10.99983875461,
    -6.691838481046));
#1591 = SURFACE_CURVE('',#1592,(#1596,#1603),.PCURVE_S1.);
#1592 = LINE('',#1593,#1594);
#1593 = CARTESIAN_POINT('',(-2.907058312893,-10.99983875461,
    -6.697881763362E-08));
#1594 = VECTOR('',#1595,1.);
#1595 = DIRECTION('',(0.,0.,1.));
#1596 = PCURVE('',#1093,#1597);
#1597 = DEFINITIONAL_REPRESENTATION('',(#1598),#1602);
#1598 = LINE('',#1599,#1600);
#1599 = CARTESIAN_POINT('',(9.001145918121,6.4998375));
#1600 = VECTOR('',#1601,1.);
#1601 = DIRECTION('',(0.,1.));
#1602 = ( GEOMETRIC_REPRESENTATION_CONTEXT(2) 
PARAMETRIC_REPRESENTATION_CONTEXT() REPRESENTATION_CONTEXT('2D SPACE',''
  ) );
#1603 = PCURVE('',#1604,#1609);
#1604 = PLANE('',#1605);
#1605 = AXIS2_PLACEMENT_3D('',#1606,#1607,#1608);
#1606 = CARTESIAN_POINT('',(-3.540592832773E-05,-10.99983875461,
    -6.697881763362E-08));
#1607 = DIRECTION('',(0.,1.,0.));
#1608 = DIRECTION('',(0.,-0.,1.));
#1609 = DEFINITIONAL_REPRESENTATION('',(#1610),#1614);
#1610 = LINE('',#1611,#1612);
#1611 = CARTESIAN_POINT('',(0.,-2.907022906964));
#1612 = VECTOR('',#1613,1.);
#1613 = DIRECTION('',(1.,0.));
#1614 = ( GEOMETRIC_REPRESENTATION_CONTEXT(2) 
PARAMETRIC_REPRESENTATION_CONTEXT() REPRESENTATION_CONTEXT('2D SPACE',''
  ) );
#1615 = ORIENTED_EDGE('',*,*,#1616,.F.);
#1616 = EDGE_CURVE('',#1078,#1589,#1617,.T.);
#1617 = SURFACE_CURVE('',#1618,(#1622,#1629),.PCURVE_S1.);
#1618 = LINE('',#1619,#1620);
#1619 = CARTESIAN_POINT('',(-2.712708260942,0.134468264603,
    -6.497488429095));
#1620 = VECTOR('',#1621,1.);
#1621 = DIRECTION('',(-1.744974916068E-02,-0.999695459882,
    -1.744974916068E-02));
#1622 = PCURVE('',#1093,#1623);
#1623 = DEFINITIONAL_REPRESENTATION('',(#1624),#1628);
#1624 = LINE('',#1625,#1626);
#1625 = CARTESIAN_POINT('',(-2.134857168304,2.349137883597E-03));
#1626 = VECTOR('',#1627,1.);
#1627 = DIRECTION('',(0.999847741536,-1.744974916068E-02));
#1628 = ( GEOMETRIC_REPRESENTATION_CONTEXT(2) 
PARAMETRIC_REPRESENTATION_CONTEXT() REPRESENTATION_CONTEXT('2D SPACE',''
  ) );
#1629 = PCURVE('',#1121,#1630);
#1630 = DEFINITIONAL_REPRESENTATION('',(#1631),#1635);
#1631 = LINE('',#1632,#1633);
#1632 = CARTESIAN_POINT('',(-0.134602519833,-7.712547855013));
#1633 = VECTOR('',#1634,1.);
#1634 = DIRECTION('',(0.999847741536,-1.744974916068E-02));
#1635 = ( GEOMETRIC_REPRESENTATION_CONTEXT(2) 
PARAMETRIC_REPRESENTATION_CONTEXT() REPRESENTATION_CONTEXT('2D SPACE',''
  ) );
#1636 = ORIENTED_EDGE('',*,*,#1077,.F.);
#1637 = ADVANCED_FACE('',(#1638),#1121,.T.);
#1638 = FACE_BOUND('',#1639,.T.);
#1639 = EDGE_LOOP('',(#1640,#1641,#1664,#1709,#1710,#1711,#1712,#1735,
    #1763,#1791,#1814,#1842));
#1640 = ORIENTED_EDGE('',*,*,#1217,.F.);
#1641 = ORIENTED_EDGE('',*,*,#1642,.F.);
#1642 = EDGE_CURVE('',#1643,#1190,#1645,.T.);
#1643 = VERTEX_POINT('',#1644);
#1644 = CARTESIAN_POINT('',(5.501781269482,-5.262619151737,
    -6.591694940371));
#1645 = SURFACE_CURVE('',#1646,(#1650,#1657),.PCURVE_S1.);
#1646 = LINE('',#1647,#1648);
#1647 = CARTESIAN_POINT('',(5.954882904277,-8.364376756817E-02,
    -6.501295588778));
#1648 = VECTOR('',#1649,1.);
#1649 = DIRECTION('',(8.714256931581E-02,0.996044125077,
    1.738601487458E-02));
#1650 = PCURVE('',#1121,#1651);
#1651 = DEFINITIONAL_REPRESENTATION('',(#1652),#1656);
#1652 = LINE('',#1653,#1654);
#1653 = CARTESIAN_POINT('',(8.354273691752E-02,0.955043310205));
#1654 = VECTOR('',#1655,1.);
#1655 = DIRECTION('',(-0.99619585053,8.714256931581E-02));
#1656 = ( GEOMETRIC_REPRESENTATION_CONTEXT(2) 
PARAMETRIC_REPRESENTATION_CONTEXT() REPRESENTATION_CONTEXT('2D SPACE',''
  ) );
#1657 = PCURVE('',#1205,#1658);
#1658 = DEFINITIONAL_REPRESENTATION('',(#1659),#1663);
#1659 = LINE('',#1660,#1661);
#1660 = CARTESIAN_POINT('',(-10.95789307848,-6.5012955218));
#1661 = VECTOR('',#1662,1.);
#1662 = DIRECTION('',(-0.999848851821,1.738601487458E-02));
#1663 = ( GEOMETRIC_REPRESENTATION_CONTEXT(2) 
PARAMETRIC_REPRESENTATION_CONTEXT() REPRESENTATION_CONTEXT('2D SPACE',''
  ) );
#1664 = ORIENTED_EDGE('',*,*,#1665,.T.);
#1665 = EDGE_CURVE('',#1643,#1519,#1666,.T.);
#1666 = SURFACE_CURVE('',#1667,(#1672,#1680),.PCURVE_S1.);
#1667 = ( BOUNDED_CURVE() B_SPLINE_CURVE(3,(#1668,#1669,#1670,#1671),
.UNSPECIFIED.,.F.,.F.) B_SPLINE_CURVE_WITH_KNOTS((4,4),(4.799655442984,
7.766715171375),.PIECEWISE_BEZIER_KNOTS.) CURVE() 
GEOMETRIC_REPRESENTATION_ITEM() RATIONAL_B_SPLINE_CURVE((1.,
0.391437161832,0.391437161832,1.)) REPRESENTATION_ITEM('') );
#1668 = CARTESIAN_POINT('',(5.501781269482,-5.262619151737,
    -6.591694940371));
#1669 = CARTESIAN_POINT('',(5.056190789608,-10.3557416423,
    -6.680595724131));
#1670 = CARTESIAN_POINT('',(-5.63866014649E-02,-10.3557416423,
    -6.680595724131));
#1671 = CARTESIAN_POINT('',(-0.501977081339,-5.262619151737,
    -6.591694940371));
#1672 = PCURVE('',#1121,#1673);
#1673 = DEFINITIONAL_REPRESENTATION('',(#1674),#1679);
#1674 = ( BOUNDED_CURVE() B_SPLINE_CURVE(3,(#1675,#1676,#1677,#1678),
.UNSPECIFIED.,.F.,.F.) B_SPLINE_CURVE_WITH_KNOTS((4,4),(4.799655442984,
7.766715171375),.PIECEWISE_BEZIER_KNOTS.) CURVE() 
GEOMETRIC_REPRESENTATION_ITEM() RATIONAL_B_SPLINE_CURVE((1.,
0.391437161832,0.391437161832,1.)) REPRESENTATION_ITEM('') );
#1675 = CARTESIAN_POINT('',(5.263307024276,0.50194167541));
#1676 = CARTESIAN_POINT('',(10.357205340233,5.635119553657E-02));
#1677 = CARTESIAN_POINT('',(10.357205340233,-5.056226195537));
#1678 = CARTESIAN_POINT('',(5.263307024276,-5.50181667541));
#1679 = ( GEOMETRIC_REPRESENTATION_CONTEXT(2) 
PARAMETRIC_REPRESENTATION_CONTEXT() REPRESENTATION_CONTEXT('2D SPACE',''
  ) );
#1680 = PCURVE('',#1479,#1681);
#1681 = DEFINITIONAL_REPRESENTATION('',(#1682),#1708);
#1682 = B_SPLINE_CURVE_WITH_KNOTS('',3,(#1683,#1684,#1685,#1686,#1687,
    #1688,#1689,#1690,#1691,#1692,#1693,#1694,#1695,#1696,#1697,#1698,
    #1699,#1700,#1701,#1702,#1703,#1704,#1705,#1706,#1707),
  .UNSPECIFIED.,.F.,.F.,(4,1,1,1,1,1,1,1,1,1,1,1,1,1,1,1,1,1,1,1,1,1,4),
  (4.799655442984,4.934521794275,5.069388145565,5.204254496856,
    5.339120848146,5.473987199437,5.608853550727,5.743719902018,
    5.878586253308,6.013452604599,6.148318955889,6.28318530718,
    6.41805165847,6.552918009761,6.687784361051,6.822650712341,
    6.957517063632,7.092383414922,7.227249766213,7.362116117503,
    7.496982468794,7.631848820084,7.766715171375),
  .QUASI_UNIFORM_KNOTS.);
#1683 = CARTESIAN_POINT('',(3.22885911619,8.396121525422));
#1684 = CARTESIAN_POINT('',(3.259039899713,8.397700584395));
#1685 = CARTESIAN_POINT('',(3.32193167947,8.400987516338));
#1686 = CARTESIAN_POINT('',(3.424314116917,8.406237816413));
#1687 = CARTESIAN_POINT('',(3.535240821235,8.411756331084));
#1688 = CARTESIAN_POINT('',(3.655052498665,8.417439389842));
#1689 = CARTESIAN_POINT('',(3.783901365073,8.423139076358));
#1690 = CARTESIAN_POINT('',(3.92166150544,8.428655324551));
#1691 = CARTESIAN_POINT('',(4.067852399269,8.433741018016));
#1692 = CARTESIAN_POINT('',(4.221573746382,8.438117057803));
#1693 = CARTESIAN_POINT('',(4.381475951356,8.44150087662));
#1694 = CARTESIAN_POINT('',(4.54578440918,8.443645379535));
#1695 = CARTESIAN_POINT('',(4.712388980385,8.444380474032));
#1696 = CARTESIAN_POINT('',(4.878993551589,8.443645379535));
#1697 = CARTESIAN_POINT('',(5.043302009413,8.44150087662));
#1698 = CARTESIAN_POINT('',(5.203204214387,8.438117057803));
#1699 = CARTESIAN_POINT('',(5.3569255615,8.433741018016));
#1700 = CARTESIAN_POINT('',(5.503116455329,8.428655324551));
#1701 = CARTESIAN_POINT('',(5.640876595697,8.423139076358));
#1702 = CARTESIAN_POINT('',(5.769725462104,8.417439389842));
#1703 = CARTESIAN_POINT('',(5.889537139534,8.411756331084));
#1704 = CARTESIAN_POINT('',(6.000463843853,8.406237816413));
#1705 = CARTESIAN_POINT('',(6.102846281299,8.400987516338));
#1706 = CARTESIAN_POINT('',(6.165738061056,8.397700584395));
#1707 = CARTESIAN_POINT('',(6.19591884458,8.396121525422));
#1708 = ( GEOMETRIC_REPRESENTATION_CONTEXT(2) 
PARAMETRIC_REPRESENTATION_CONTEXT() REPRESENTATION_CONTEXT('2D SPACE',''
  ) );
#1709 = ORIENTED_EDGE('',*,*,#1518,.F.);
#1710 = ORIENTED_EDGE('',*,*,#1105,.F.);
#1711 = ORIENTED_EDGE('',*,*,#1616,.T.);
#1712 = ORIENTED_EDGE('',*,*,#1713,.T.);
#1713 = EDGE_CURVE('',#1589,#1714,#1716,.T.);
#1714 = VERTEX_POINT('',#1715);
#1715 = CARTESIAN_POINT('',(9.595838856506,-10.99983875461,
    -6.691838481046));
#1716 = SURFACE_CURVE('',#1717,(#1721,#1728),.PCURVE_S1.);
#1717 = LINE('',#1718,#1719);
#1718 = CARTESIAN_POINT('',(-3.540592832773E-05,-10.99983875461,
    -6.691838481046));
#1719 = VECTOR('',#1720,1.);
#1720 = DIRECTION('',(1.,0.,0.));
#1721 = PCURVE('',#1121,#1722);
#1722 = DEFINITIONAL_REPRESENTATION('',(#1723),#1727);
#1723 = LINE('',#1724,#1725);
#1724 = CARTESIAN_POINT('',(11.001400566593,-4.999875));
#1725 = VECTOR('',#1726,1.);
#1726 = DIRECTION('',(0.,1.));
#1727 = ( GEOMETRIC_REPRESENTATION_CONTEXT(2) 
PARAMETRIC_REPRESENTATION_CONTEXT() REPRESENTATION_CONTEXT('2D SPACE',''
  ) );
#1728 = PCURVE('',#1604,#1729);
#1729 = DEFINITIONAL_REPRESENTATION('',(#1730),#1734);
#1730 = LINE('',#1731,#1732);
#1731 = CARTESIAN_POINT('',(-6.691838414068,0.));
#1732 = VECTOR('',#1733,1.);
#1733 = DIRECTION('',(0.,1.));
#1734 = ( GEOMETRIC_REPRESENTATION_CONTEXT(2) 
PARAMETRIC_REPRESENTATION_CONTEXT() REPRESENTATION_CONTEXT('2D SPACE',''
  ) );
#1735 = ORIENTED_EDGE('',*,*,#1736,.T.);
#1736 = EDGE_CURVE('',#1714,#1737,#1739,.T.);
#1737 = VERTEX_POINT('',#1738);
#1738 = CARTESIAN_POINT('',(9.499727094072,-5.300228696192,
    -6.592351417411));
#1739 = SURFACE_CURVE('',#1740,(#1744,#1751),.PCURVE_S1.);
#1740 = LINE('',#1741,#1742);
#1741 = CARTESIAN_POINT('',(9.502888508584,-5.487706581253,
    -6.595623856067));
#1742 = VECTOR('',#1743,1.);
#1743 = DIRECTION('',(-1.685790208902E-02,0.999705612271,
    1.74499263713E-02));
#1744 = PCURVE('',#1121,#1745);
#1745 = DEFINITIONAL_REPRESENTATION('',(#1746),#1750);
#1746 = LINE('',#1747,#1748);
#1747 = CARTESIAN_POINT('',(5.488428740919,4.503048914512));
#1748 = VECTOR('',#1749,1.);
#1749 = DIRECTION('',(-0.999857895472,-1.685790208902E-02));
#1750 = ( GEOMETRIC_REPRESENTATION_CONTEXT(2) 
PARAMETRIC_REPRESENTATION_CONTEXT() REPRESENTATION_CONTEXT('2D SPACE',''
  ) );
#1751 = PCURVE('',#1752,#1757);
#1752 = PLANE('',#1753);
#1753 = AXIS2_PLACEMENT_3D('',#1754,#1755,#1756);
#1754 = CARTESIAN_POINT('',(9.499727094072,-5.499976254614,
    -5.895748897048));
#1755 = DIRECTION('',(-0.999847695156,-1.677632981011E-02,
    -4.810535163016E-03));
#1756 = DIRECTION('',(1.677652392609E-02,-0.999859264219,0.));
#1757 = DEFINITIONAL_REPRESENTATION('',(#1758),#1762);
#1758 = LINE('',#1759,#1760);
#1759 = CARTESIAN_POINT('',(-1.221490903332E-02,-0.699883057151));
#1760 = VECTOR('',#1761,1.);
#1761 = DIRECTION('',(-0.999847734919,1.745012828135E-02));
#1762 = ( GEOMETRIC_REPRESENTATION_CONTEXT(2) 
PARAMETRIC_REPRESENTATION_CONTEXT() REPRESENTATION_CONTEXT('2D SPACE',''
  ) );
#1763 = ORIENTED_EDGE('',*,*,#1764,.T.);
#1764 = EDGE_CURVE('',#1737,#1765,#1767,.T.);
#1765 = VERTEX_POINT('',#1766);
#1766 = CARTESIAN_POINT('',(9.434817436226,-5.300228696192,
    -6.592351417411));
#1767 = SURFACE_CURVE('',#1768,(#1772,#1779),.PCURVE_S1.);
#1768 = LINE('',#1769,#1770);
#1769 = CARTESIAN_POINT('',(4.999839594072,-5.300228696192,
    -6.592351417411));
#1770 = VECTOR('',#1771,1.);
#1771 = DIRECTION('',(-1.,0.,0.));
#1772 = PCURVE('',#1121,#1773);
#1773 = DEFINITIONAL_REPRESENTATION('',(#1774),#1778);
#1774 = LINE('',#1775,#1776);
#1775 = CARTESIAN_POINT('',(5.300922297719,0.));
#1776 = VECTOR('',#1777,1.);
#1777 = DIRECTION('',(-0.,-1.));
#1778 = ( GEOMETRIC_REPRESENTATION_CONTEXT(2) 
PARAMETRIC_REPRESENTATION_CONTEXT() REPRESENTATION_CONTEXT('2D SPACE',''
  ) );
#1779 = PCURVE('',#1780,#1785);
#1780 = PLANE('',#1781);
#1781 = AXIS2_PLACEMENT_3D('',#1782,#1783,#1784);
#1782 = CARTESIAN_POINT('',(12.499652094072,-5.499976254614,
    -5.895748897048));
#1783 = DIRECTION('',(0.,0.961261695938,0.275637355817));
#1784 = DIRECTION('',(0.,-0.275637355817,0.961261695938));
#1785 = DEFINITIONAL_REPRESENTATION('',(#1786),#1790);
#1786 = LINE('',#1787,#1788);
#1787 = CARTESIAN_POINT('',(-0.724675208954,-7.4998125));
#1788 = VECTOR('',#1789,1.);
#1789 = DIRECTION('',(0.,-1.));
#1790 = ( GEOMETRIC_REPRESENTATION_CONTEXT(2) 
PARAMETRIC_REPRESENTATION_CONTEXT() REPRESENTATION_CONTEXT('2D SPACE',''
  ) );
#1791 = ORIENTED_EDGE('',*,*,#1792,.F.);
#1792 = EDGE_CURVE('',#1793,#1765,#1795,.T.);
#1793 = VERTEX_POINT('',#1794);
#1794 = CARTESIAN_POINT('',(9.312589157722,-1.800068754614,
    -6.531255898372));
#1795 = SURFACE_CURVE('',#1796,(#1800,#1807),.PCURVE_S1.);
#1796 = LINE('',#1797,#1798);
#1797 = CARTESIAN_POINT('',(9.244558654984,0.148069952762,
    -6.497251010745));
#1798 = VECTOR('',#1799,1.);
#1799 = DIRECTION('',(3.489418781261E-02,-0.999238800304,
    -1.744177813809E-02));
#1800 = PCURVE('',#1121,#1801);
#1801 = DEFINITIONAL_REPRESENTATION('',(#1802),#1806);
#1802 = LINE('',#1803,#1804);
#1803 = CARTESIAN_POINT('',(-0.148206279911,4.244719060912));
#1804 = VECTOR('',#1805,1.);
#1805 = DIRECTION('',(0.999391012395,3.489418781261E-02));
#1806 = ( GEOMETRIC_REPRESENTATION_CONTEXT(2) 
PARAMETRIC_REPRESENTATION_CONTEXT() REPRESENTATION_CONTEXT('2D SPACE',''
  ) );
#1807 = PCURVE('',#823,#1808);
#1808 = DEFINITIONAL_REPRESENTATION('',(#1809),#1813);
#1809 = LINE('',#1810,#1811);
#1810 = CARTESIAN_POINT('',(-0.14827403191,-1.855467906664));
#1811 = VECTOR('',#1812,1.);
#1812 = DIRECTION('',(0.999847880618,-1.744177813809E-02));
#1813 = ( GEOMETRIC_REPRESENTATION_CONTEXT(2) 
PARAMETRIC_REPRESENTATION_CONTEXT() REPRESENTATION_CONTEXT('2D SPACE',''
  ) );
#1814 = ORIENTED_EDGE('',*,*,#1815,.T.);
#1815 = EDGE_CURVE('',#1793,#1816,#1818,.T.);
#1816 = VERTEX_POINT('',#1817);
#1817 = CARTESIAN_POINT('',(7.781189175465,-1.800068754614,
    -6.531255898372));
#1818 = SURFACE_CURVE('',#1819,(#1823,#1830),.PCURVE_S1.);
#1819 = LINE('',#1820,#1821);
#1820 = CARTESIAN_POINT('',(4.999839594072,-1.800068754614,
    -6.531255898372));
#1821 = VECTOR('',#1822,1.);
#1822 = DIRECTION('',(-1.,-1.156482317318E-16,-2.018647393712E-18));
#1823 = PCURVE('',#1121,#1824);
#1824 = DEFINITIONAL_REPRESENTATION('',(#1825),#1829);
#1825 = LINE('',#1826,#1827);
#1826 = CARTESIAN_POINT('',(1.800229183624,0.));
#1827 = VECTOR('',#1828,1.);
#1828 = DIRECTION('',(1.156658482007E-16,-1.));
#1829 = ( GEOMETRIC_REPRESENTATION_CONTEXT(2) 
PARAMETRIC_REPRESENTATION_CONTEXT() REPRESENTATION_CONTEXT('2D SPACE',''
  ) );
#1830 = PCURVE('',#1831,#1836);
#1831 = PLANE('',#1832);
#1832 = AXIS2_PLACEMENT_3D('',#1833,#1834,#1835);
#1833 = CARTESIAN_POINT('',(19.749470844072,-1.800068754614,
    -6.499837566979));
#1834 = DIRECTION('',(-1.156482317318E-16,1.,0.));
#1835 = DIRECTION('',(-1.,-1.156482317318E-16,0.));
#1836 = DEFINITIONAL_REPRESENTATION('',(#1837),#1841);
#1837 = LINE('',#1838,#1839);
#1838 = CARTESIAN_POINT('',(14.74963125,-3.141833139287E-02));
#1839 = VECTOR('',#1840,1.);
#1840 = DIRECTION('',(1.,-2.018647393712E-18));
#1841 = ( GEOMETRIC_REPRESENTATION_CONTEXT(2) 
PARAMETRIC_REPRESENTATION_CONTEXT() REPRESENTATION_CONTEXT('2D SPACE',''
  ) );
#1842 = ORIENTED_EDGE('',*,*,#1843,.T.);
#1843 = EDGE_CURVE('',#1816,#892,#1844,.T.);
#1844 = SURFACE_CURVE('',#1845,(#1849,#1856),.PCURVE_S1.);
#1845 = LINE('',#1846,#1847);
#1846 = CARTESIAN_POINT('',(7.748933507205,4.785724236399E-02,
    -6.499000230112));
#1847 = VECTOR('',#1848,1.);
#1848 = DIRECTION('',(-1.744974916068E-02,0.999695459882,
    1.744974916068E-02));
#1849 = PCURVE('',#1121,#1850);
#1850 = DEFINITIONAL_REPRESENTATION('',(#1851),#1855);
#1851 = LINE('',#1852,#1853);
#1852 = CARTESIAN_POINT('',(-4.797830430626E-02,2.749093913133));
#1853 = VECTOR('',#1854,1.);
#1854 = DIRECTION('',(-0.999847741536,-1.744974916068E-02));
#1855 = ( GEOMETRIC_REPRESENTATION_CONTEXT(2) 
PARAMETRIC_REPRESENTATION_CONTEXT() REPRESENTATION_CONTEXT('2D SPACE',''
  ) );
#1856 = PCURVE('',#907,#1857);
#1857 = DEFINITIONAL_REPRESENTATION('',(#1858),#1862);
#1858 = LINE('',#1859,#1860);
#1859 = CARTESIAN_POINT('',(-4.797830430626E-02,-12.99883766313));
#1860 = VECTOR('',#1861,1.);
#1861 = DIRECTION('',(-0.999847741536,1.744974916068E-02));
#1862 = ( GEOMETRIC_REPRESENTATION_CONTEXT(2) 
PARAMETRIC_REPRESENTATION_CONTEXT() REPRESENTATION_CONTEXT('2D SPACE',''
  ) );
#1863 = ADVANCED_FACE('',(#1864),#958,.T.);
#1864 = FACE_BOUND('',#1865,.T.);
#1865 = EDGE_LOOP('',(#1866,#1889,#1890,#1891,#1914,#1959,#1960,#1961,
    #1984,#2007,#2030,#2058));
#1866 = ORIENTED_EDGE('',*,*,#1867,.F.);
#1867 = EDGE_CURVE('',#1566,#1868,#1870,.T.);
#1868 = VERTEX_POINT('',#1869);
#1869 = CARTESIAN_POINT('',(9.595838856506,-10.99983875461,
    6.691838347089));
#1870 = SURFACE_CURVE('',#1871,(#1875,#1882),.PCURVE_S1.);
#1871 = LINE('',#1872,#1873);
#1872 = CARTESIAN_POINT('',(-3.540592832773E-05,-10.99983875461,
    6.691838347089));
#1873 = VECTOR('',#1874,1.);
#1874 = DIRECTION('',(1.,-0.,-0.));
#1875 = PCURVE('',#958,#1876);
#1876 = DEFINITIONAL_REPRESENTATION('',(#1877),#1881);
#1877 = LINE('',#1878,#1879);
#1878 = CARTESIAN_POINT('',(-11.00140056659,0.));
#1879 = VECTOR('',#1880,1.);
#1880 = DIRECTION('',(0.,1.));
#1881 = ( GEOMETRIC_REPRESENTATION_CONTEXT(2) 
PARAMETRIC_REPRESENTATION_CONTEXT() REPRESENTATION_CONTEXT('2D SPACE',''
  ) );
#1882 = PCURVE('',#1604,#1883);
#1883 = DEFINITIONAL_REPRESENTATION('',(#1884),#1888);
#1884 = LINE('',#1885,#1886);
#1885 = CARTESIAN_POINT('',(6.691838414068,0.));
#1886 = VECTOR('',#1887,1.);
#1887 = DIRECTION('',(0.,1.));
#1888 = ( GEOMETRIC_REPRESENTATION_CONTEXT(2) 
PARAMETRIC_REPRESENTATION_CONTEXT() REPRESENTATION_CONTEXT('2D SPACE',''
  ) );
#1889 = ORIENTED_EDGE('',*,*,#1565,.F.);
#1890 = ORIENTED_EDGE('',*,*,#1054,.T.);
#1891 = ORIENTED_EDGE('',*,*,#1892,.T.);
#1892 = EDGE_CURVE('',#1027,#1893,#1895,.T.);
#1893 = VERTEX_POINT('',#1894);
#1894 = CARTESIAN_POINT('',(-0.501977081339,-5.262619151737,
    6.591694806413));
#1895 = SURFACE_CURVE('',#1896,(#1900,#1907),.PCURVE_S1.);
#1896 = LINE('',#1897,#1898);
#1897 = CARTESIAN_POINT('',(-0.955078716133,-8.364376756817E-02,
    6.501295454821));
#1898 = VECTOR('',#1899,1.);
#1899 = DIRECTION('',(8.714256931581E-02,-0.996044125077,
    1.738601487458E-02));
#1900 = PCURVE('',#958,#1901);
#1901 = DEFINITIONAL_REPRESENTATION('',(#1902),#1906);
#1902 = LINE('',#1903,#1904);
#1903 = CARTESIAN_POINT('',(-8.354273691752E-02,-0.955043310205));
#1904 = VECTOR('',#1905,1.);
#1905 = DIRECTION('',(-0.99619585053,8.714256931581E-02));
#1906 = ( GEOMETRIC_REPRESENTATION_CONTEXT(2) 
PARAMETRIC_REPRESENTATION_CONTEXT() REPRESENTATION_CONTEXT('2D SPACE',''
  ) );
#1907 = PCURVE('',#1042,#1908);
#1908 = DEFINITIONAL_REPRESENTATION('',(#1909),#1913);
#1909 = LINE('',#1910,#1911);
#1910 = CARTESIAN_POINT('',(10.957893078488,6.5012955218));
#1911 = VECTOR('',#1912,1.);
#1912 = DIRECTION('',(-0.999848851821,1.738601487458E-02));
#1913 = ( GEOMETRIC_REPRESENTATION_CONTEXT(2) 
PARAMETRIC_REPRESENTATION_CONTEXT() REPRESENTATION_CONTEXT('2D SPACE',''
  ) );
#1914 = ORIENTED_EDGE('',*,*,#1915,.F.);
#1915 = EDGE_CURVE('',#1370,#1893,#1916,.T.);
#1916 = SURFACE_CURVE('',#1917,(#1922,#1930),.PCURVE_S1.);
#1917 = ( BOUNDED_CURVE() B_SPLINE_CURVE(3,(#1918,#1919,#1920,#1921),
.UNSPECIFIED.,.F.,.F.) B_SPLINE_CURVE_WITH_KNOTS((4,4),(4.799655442984,
7.766715171375),.PIECEWISE_BEZIER_KNOTS.) CURVE() 
GEOMETRIC_REPRESENTATION_ITEM() RATIONAL_B_SPLINE_CURVE((1.,
0.391437161832,0.391437161832,1.)) REPRESENTATION_ITEM('') );
#1918 = CARTESIAN_POINT('',(5.501781269482,-5.262619151737,
    6.591694806413));
#1919 = CARTESIAN_POINT('',(5.056190789608,-10.3557416423,6.680595590173
    ));
#1920 = CARTESIAN_POINT('',(-5.638660146489E-02,-10.3557416423,
    6.680595590173));
#1921 = CARTESIAN_POINT('',(-0.501977081339,-5.262619151737,
    6.591694806413));
#1922 = PCURVE('',#958,#1923);
#1923 = DEFINITIONAL_REPRESENTATION('',(#1924),#1929);
#1924 = ( BOUNDED_CURVE() B_SPLINE_CURVE(3,(#1925,#1926,#1927,#1928),
.UNSPECIFIED.,.F.,.F.) B_SPLINE_CURVE_WITH_KNOTS((4,4),(4.799655442984,
7.766715171375),.PIECEWISE_BEZIER_KNOTS.) CURVE() 
GEOMETRIC_REPRESENTATION_ITEM() RATIONAL_B_SPLINE_CURVE((1.,
0.391437161832,0.391437161832,1.)) REPRESENTATION_ITEM('') );
#1925 = CARTESIAN_POINT('',(-5.263307024276,5.50181667541));
#1926 = CARTESIAN_POINT('',(-10.35720534023,5.056226195537));
#1927 = CARTESIAN_POINT('',(-10.35720534023,-5.635119553656E-02));
#1928 = CARTESIAN_POINT('',(-5.263307024276,-0.50194167541));
#1929 = ( GEOMETRIC_REPRESENTATION_CONTEXT(2) 
PARAMETRIC_REPRESENTATION_CONTEXT() REPRESENTATION_CONTEXT('2D SPACE',''
  ) );
#1930 = PCURVE('',#1309,#1931);
#1931 = DEFINITIONAL_REPRESENTATION('',(#1932),#1958);
#1932 = B_SPLINE_CURVE_WITH_KNOTS('',3,(#1933,#1934,#1935,#1936,#1937,
    #1938,#1939,#1940,#1941,#1942,#1943,#1944,#1945,#1946,#1947,#1948,
    #1949,#1950,#1951,#1952,#1953,#1954,#1955,#1956,#1957),
  .UNSPECIFIED.,.F.,.F.,(4,1,1,1,1,1,1,1,1,1,1,1,1,1,1,1,1,1,1,1,1,1,4),
  (4.799655442984,4.934521794275,5.069388145565,5.204254496856,
    5.339120848146,5.473987199437,5.608853550727,5.743719902018,
    5.878586253308,6.013452604599,6.148318955889,6.28318530718,
    6.41805165847,6.552918009761,6.687784361051,6.822650712341,
    6.957517063632,7.092383414922,7.227249766213,7.362116117503,
    7.496982468794,7.631848820084,7.766715171375),
  .QUASI_UNIFORM_KNOTS.);
#1933 = CARTESIAN_POINT('',(6.19591884458,8.396121525422));
#1934 = CARTESIAN_POINT('',(6.165738061056,8.397700584395));
#1935 = CARTESIAN_POINT('',(6.102846281299,8.400987516338));
#1936 = CARTESIAN_POINT('',(6.000463843853,8.406237816413));
#1937 = CARTESIAN_POINT('',(5.889537139534,8.411756331084));
#1938 = CARTESIAN_POINT('',(5.769725462104,8.417439389842));
#1939 = CARTESIAN_POINT('',(5.640876595697,8.423139076358));
#1940 = CARTESIAN_POINT('',(5.503116455329,8.428655324551));
#1941 = CARTESIAN_POINT('',(5.3569255615,8.433741018016));
#1942 = CARTESIAN_POINT('',(5.203204214387,8.438117057803));
#1943 = CARTESIAN_POINT('',(5.043302009413,8.44150087662));
#1944 = CARTESIAN_POINT('',(4.878993551589,8.443645379535));
#1945 = CARTESIAN_POINT('',(4.712388980385,8.444380474032));
#1946 = CARTESIAN_POINT('',(4.54578440918,8.443645379535));
#1947 = CARTESIAN_POINT('',(4.381475951356,8.44150087662));
#1948 = CARTESIAN_POINT('',(4.221573746382,8.438117057803));
#1949 = CARTESIAN_POINT('',(4.067852399269,8.433741018016));
#1950 = CARTESIAN_POINT('',(3.92166150544,8.428655324551));
#1951 = CARTESIAN_POINT('',(3.783901365073,8.423139076358));
#1952 = CARTESIAN_POINT('',(3.655052498665,8.417439389842));
#1953 = CARTESIAN_POINT('',(3.535240821235,8.411756331084));
#1954 = CARTESIAN_POINT('',(3.424314116917,8.406237816413));
#1955 = CARTESIAN_POINT('',(3.32193167947,8.400987516338));
#1956 = CARTESIAN_POINT('',(3.259039899713,8.397700584395));
#1957 = CARTESIAN_POINT('',(3.22885911619,8.396121525422));
#1958 = ( GEOMETRIC_REPRESENTATION_CONTEXT(2) 
PARAMETRIC_REPRESENTATION_CONTEXT() REPRESENTATION_CONTEXT('2D SPACE',''
  ) );
#1959 = ORIENTED_EDGE('',*,*,#1369,.T.);
#1960 = ORIENTED_EDGE('',*,*,#942,.T.);
#1961 = ORIENTED_EDGE('',*,*,#1962,.F.);
#1962 = EDGE_CURVE('',#1963,#920,#1965,.T.);
#1963 = VERTEX_POINT('',#1964);
#1964 = CARTESIAN_POINT('',(7.781189175465,-1.800068754614,
    6.531255764414));
#1965 = SURFACE_CURVE('',#1966,(#1970,#1977),.PCURVE_S1.);
#1966 = LINE('',#1967,#1968);
#1967 = CARTESIAN_POINT('',(7.747411076538,0.13507723687,6.497477665487)
  );
#1968 = VECTOR('',#1969,1.);
#1969 = DIRECTION('',(-1.744974916068E-02,0.999695459882,
    -1.744974916068E-02));
#1970 = PCURVE('',#958,#1971);
#1971 = DEFINITIONAL_REPRESENTATION('',(#1972),#1976);
#1972 = LINE('',#1973,#1974);
#1973 = CARTESIAN_POINT('',(0.135211584863,7.747446482466));
#1974 = VECTOR('',#1975,1.);
#1975 = DIRECTION('',(0.999847741536,-1.744974916068E-02));
#1976 = ( GEOMETRIC_REPRESENTATION_CONTEXT(2) 
PARAMETRIC_REPRESENTATION_CONTEXT() REPRESENTATION_CONTEXT('2D SPACE',''
  ) );
#1977 = PCURVE('',#907,#1978);
#1978 = DEFINITIONAL_REPRESENTATION('',(#1979),#1983);
#1979 = LINE('',#1980,#1981);
#1980 = CARTESIAN_POINT('',(-0.135211584863,-2.359767534059E-03));
#1981 = VECTOR('',#1982,1.);
#1982 = DIRECTION('',(-0.999847741536,-1.744974916068E-02));
#1983 = ( GEOMETRIC_REPRESENTATION_CONTEXT(2) 
PARAMETRIC_REPRESENTATION_CONTEXT() REPRESENTATION_CONTEXT('2D SPACE',''
  ) );
#1984 = ORIENTED_EDGE('',*,*,#1985,.F.);
#1985 = EDGE_CURVE('',#1986,#1963,#1988,.T.);
#1986 = VERTEX_POINT('',#1987);
#1987 = CARTESIAN_POINT('',(9.281151675465,-1.800068754614,
    6.531255764414));
#1988 = SURFACE_CURVE('',#1989,(#1993,#2000),.PCURVE_S1.);
#1989 = LINE('',#1990,#1991);
#1990 = CARTESIAN_POINT('',(-3.540592832752E-05,-1.800068754614,
    6.531255764414));
#1991 = VECTOR('',#1992,1.);
#1992 = DIRECTION('',(-1.,-1.156482317318E-16,2.018647393712E-18));
#1993 = PCURVE('',#958,#1994);
#1994 = DEFINITIONAL_REPRESENTATION('',(#1995),#1999);
#1995 = LINE('',#1996,#1997);
#1996 = CARTESIAN_POINT('',(-1.800229183624,2.090138500645E-16));
#1997 = VECTOR('',#1998,1.);
#1998 = DIRECTION('',(-1.156658482007E-16,-1.));
#1999 = ( GEOMETRIC_REPRESENTATION_CONTEXT(2) 
PARAMETRIC_REPRESENTATION_CONTEXT() REPRESENTATION_CONTEXT('2D SPACE',''
  ) );
#2000 = PCURVE('',#1831,#2001);
#2001 = DEFINITIONAL_REPRESENTATION('',(#2002),#2006);
#2002 = LINE('',#2003,#2004);
#2003 = CARTESIAN_POINT('',(19.74950625,13.031093331393));
#2004 = VECTOR('',#2005,1.);
#2005 = DIRECTION('',(1.,2.018647393712E-18));
#2006 = ( GEOMETRIC_REPRESENTATION_CONTEXT(2) 
PARAMETRIC_REPRESENTATION_CONTEXT() REPRESENTATION_CONTEXT('2D SPACE',''
  ) );
#2007 = ORIENTED_EDGE('',*,*,#2008,.T.);
#2008 = EDGE_CURVE('',#1986,#2009,#2011,.T.);
#2009 = VERTEX_POINT('',#2010);
#2010 = CARTESIAN_POINT('',(9.342247194504,-5.300228696192,
    6.592351283453));
#2011 = SURFACE_CURVE('',#2012,(#2016,#2023),.PCURVE_S1.);
#2012 = LINE('',#2013,#2014);
#2013 = CARTESIAN_POINT('',(9.246916847337,0.161243235221,6.497020936287
    ));
#2014 = VECTOR('',#2015,1.);
#2015 = DIRECTION('',(1.744974916068E-02,-0.999695459882,
    1.744974916068E-02));
#2016 = PCURVE('',#958,#2017);
#2017 = DEFINITIONAL_REPRESENTATION('',(#2018),#2022);
#2018 = LINE('',#2019,#2020);
#2019 = CARTESIAN_POINT('',(0.16138156903,9.246952253266));
#2020 = VECTOR('',#2021,1.);
#2021 = DIRECTION('',(-0.999847741536,1.744974916068E-02));
#2022 = ( GEOMETRIC_REPRESENTATION_CONTEXT(2) 
PARAMETRIC_REPRESENTATION_CONTEXT() REPRESENTATION_CONTEXT('2D SPACE',''
  ) );
#2023 = PCURVE('',#681,#2024);
#2024 = DEFINITIONAL_REPRESENTATION('',(#2025),#2029);
#2025 = LINE('',#2026,#2027);
#2026 = CARTESIAN_POINT('',(-0.16138156903,1.855237966163));
#2027 = VECTOR('',#2028,1.);
#2028 = DIRECTION('',(0.999847741536,1.744974916068E-02));
#2029 = ( GEOMETRIC_REPRESENTATION_CONTEXT(2) 
PARAMETRIC_REPRESENTATION_CONTEXT() REPRESENTATION_CONTEXT('2D SPACE',''
  ) );
#2030 = ORIENTED_EDGE('',*,*,#2031,.F.);
#2031 = EDGE_CURVE('',#2032,#2009,#2034,.T.);
#2032 = VERTEX_POINT('',#2033);
#2033 = CARTESIAN_POINT('',(9.499727094072,-5.300228696192,
    6.592351283453));
#2034 = SURFACE_CURVE('',#2035,(#2039,#2046),.PCURVE_S1.);
#2035 = LINE('',#2036,#2037);
#2036 = CARTESIAN_POINT('',(-3.540592832773E-05,-5.300228696192,
    6.592351283453));
#2037 = VECTOR('',#2038,1.);
#2038 = DIRECTION('',(-1.,-0.,-0.));
#2039 = PCURVE('',#958,#2040);
#2040 = DEFINITIONAL_REPRESENTATION('',(#2041),#2045);
#2041 = LINE('',#2042,#2043);
#2042 = CARTESIAN_POINT('',(-5.300922297719,0.));
#2043 = VECTOR('',#2044,1.);
#2044 = DIRECTION('',(0.,-1.));
#2045 = ( GEOMETRIC_REPRESENTATION_CONTEXT(2) 
PARAMETRIC_REPRESENTATION_CONTEXT() REPRESENTATION_CONTEXT('2D SPACE',''
  ) );
#2046 = PCURVE('',#2047,#2052);
#2047 = PLANE('',#2048);
#2048 = AXIS2_PLACEMENT_3D('',#2049,#2050,#2051);
#2049 = CARTESIAN_POINT('',(12.499652094072,-5.499976254614,
    5.89574876309));
#2050 = DIRECTION('',(0.,0.961261695938,-0.275637355817));
#2051 = DIRECTION('',(0.,0.275637355817,0.961261695938));
#2052 = DEFINITIONAL_REPRESENTATION('',(#2053),#2057);
#2053 = LINE('',#2054,#2055);
#2054 = CARTESIAN_POINT('',(0.724675208954,-12.4996875));
#2055 = VECTOR('',#2056,1.);
#2056 = DIRECTION('',(0.,-1.));
#2057 = ( GEOMETRIC_REPRESENTATION_CONTEXT(2) 
PARAMETRIC_REPRESENTATION_CONTEXT() REPRESENTATION_CONTEXT('2D SPACE',''
  ) );
#2058 = ORIENTED_EDGE('',*,*,#2059,.T.);
#2059 = EDGE_CURVE('',#2032,#1868,#2060,.T.);
#2060 = SURFACE_CURVE('',#2061,(#2065,#2072),.PCURVE_S1.);
#2061 = LINE('',#2062,#2063);
#2062 = CARTESIAN_POINT('',(9.407677637099,0.158478932805,6.497069187365
    ));
#2063 = VECTOR('',#2064,1.);
#2064 = DIRECTION('',(1.685790208902E-02,-0.999705612271,
    1.74499263713E-02));
#2065 = PCURVE('',#958,#2066);
#2066 = DEFINITIONAL_REPRESENTATION('',(#2067),#2071);
#2067 = LINE('',#2068,#2069);
#2068 = CARTESIAN_POINT('',(0.158616845533,9.407713043027));
#2069 = VECTOR('',#2070,1.);
#2070 = DIRECTION('',(-0.999857895472,1.685790208902E-02));
#2071 = ( GEOMETRIC_REPRESENTATION_CONTEXT(2) 
PARAMETRIC_REPRESENTATION_CONTEXT() REPRESENTATION_CONTEXT('2D SPACE',''
  ) );
#2072 = PCURVE('',#2073,#2078);
#2073 = PLANE('',#2074);
#2074 = AXIS2_PLACEMENT_3D('',#2075,#2076,#2077);
#2075 = CARTESIAN_POINT('',(9.499727094072,-5.499976254614,5.89574876309
    ));
#2076 = DIRECTION('',(-0.999847695156,-1.677632981011E-02,
    4.810535163016E-03));
#2077 = DIRECTION('',(1.677652392609E-02,-0.999859264219,0.));
#2078 = DEFINITIONAL_REPRESENTATION('',(#2079),#2083);
#2079 = LINE('',#2080,#2081);
#2080 = CARTESIAN_POINT('',(-5.659203110227,0.601327382049));
#2081 = VECTOR('',#2082,1.);
#2082 = DIRECTION('',(0.999847734919,1.745012828135E-02));
#2083 = ( GEOMETRIC_REPRESENTATION_CONTEXT(2) 
PARAMETRIC_REPRESENTATION_CONTEXT() REPRESENTATION_CONTEXT('2D SPACE',''
  ) );
#2084 = ADVANCED_FACE('',(#2085),#1205,.T.);
#2085 = FACE_BOUND('',#2086,.T.);
#2086 = EDGE_LOOP('',(#2087,#2088,#2089,#2110));
#2087 = ORIENTED_EDGE('',*,*,#1189,.F.);
#2088 = ORIENTED_EDGE('',*,*,#1416,.F.);
#2089 = ORIENTED_EDGE('',*,*,#2090,.F.);
#2090 = EDGE_CURVE('',#1643,#1417,#2091,.T.);
#2091 = SURFACE_CURVE('',#2092,(#2096,#2103),.PCURVE_S1.);
#2092 = LINE('',#2093,#2094);
#2093 = CARTESIAN_POINT('',(5.501781269482,-5.262619151737,
    1.804426585051));
#2094 = VECTOR('',#2095,1.);
#2095 = DIRECTION('',(0.,0.,-1.));
#2096 = PCURVE('',#1205,#2097);
#2097 = DEFINITIONAL_REPRESENTATION('',(#2098),#2102);
#2098 = LINE('',#2099,#2100);
#2099 = CARTESIAN_POINT('',(-5.759134849711,1.80442665203));
#2100 = VECTOR('',#2101,1.);
#2101 = DIRECTION('',(-2.465190328816E-32,-1.));
#2102 = ( GEOMETRIC_REPRESENTATION_CONTEXT(2) 
PARAMETRIC_REPRESENTATION_CONTEXT() REPRESENTATION_CONTEXT('2D SPACE',''
  ) );
#2103 = PCURVE('',#1479,#2104);
#2104 = DEFINITIONAL_REPRESENTATION('',(#2105),#2109);
#2105 = LINE('',#2106,#2107);
#2106 = CARTESIAN_POINT('',(3.22885911619,0.));
#2107 = VECTOR('',#2108,1.);
#2108 = DIRECTION('',(0.,1.));
#2109 = ( GEOMETRIC_REPRESENTATION_CONTEXT(2) 
PARAMETRIC_REPRESENTATION_CONTEXT() REPRESENTATION_CONTEXT('2D SPACE',''
  ) );
#2110 = ORIENTED_EDGE('',*,*,#1642,.T.);
#2111 = ADVANCED_FACE('',(#2112),#907,.T.);
#2112 = FACE_BOUND('',#2113,.T.);
#2113 = EDGE_LOOP('',(#2114,#2115,#2116,#2117,#2118));
#2114 = ORIENTED_EDGE('',*,*,#1962,.T.);
#2115 = ORIENTED_EDGE('',*,*,#919,.F.);
#2116 = ORIENTED_EDGE('',*,*,#891,.F.);
#2117 = ORIENTED_EDGE('',*,*,#1843,.F.);
#2118 = ORIENTED_EDGE('',*,*,#2119,.F.);
#2119 = EDGE_CURVE('',#1963,#1816,#2120,.T.);
#2120 = SURFACE_CURVE('',#2121,(#2125,#2132),.PCURVE_S1.);
#2121 = LINE('',#2122,#2123);
#2122 = CARTESIAN_POINT('',(7.781189175465,-1.800068754614,
    -6.499837566979));
#2123 = VECTOR('',#2124,1.);
#2124 = DIRECTION('',(-0.,-0.,-1.));
#2125 = PCURVE('',#907,#2126);
#2126 = DEFINITIONAL_REPRESENTATION('',(#2127),#2131);
#2127 = LINE('',#2128,#2129);
#2128 = CARTESIAN_POINT('',(1.800229183624,-12.999675));
#2129 = VECTOR('',#2130,1.);
#2130 = DIRECTION('',(0.,-1.));
#2131 = ( GEOMETRIC_REPRESENTATION_CONTEXT(2) 
PARAMETRIC_REPRESENTATION_CONTEXT() REPRESENTATION_CONTEXT('2D SPACE',''
  ) );
#2132 = PCURVE('',#1831,#2133);
#2133 = DEFINITIONAL_REPRESENTATION('',(#2134),#2138);
#2134 = LINE('',#2135,#2136);
#2135 = CARTESIAN_POINT('',(11.968281668607,0.));
#2136 = VECTOR('',#2137,1.);
#2137 = DIRECTION('',(0.,-1.));
#2138 = ( GEOMETRIC_REPRESENTATION_CONTEXT(2) 
PARAMETRIC_REPRESENTATION_CONTEXT() REPRESENTATION_CONTEXT('2D SPACE',''
  ) );
#2139 = ADVANCED_FACE('',(#2140),#1042,.T.);
#2140 = FACE_BOUND('',#2141,.T.);
#2141 = EDGE_LOOP('',(#2142,#2143,#2144,#2165));
#2142 = ORIENTED_EDGE('',*,*,#1026,.F.);
#2143 = ORIENTED_EDGE('',*,*,#1343,.F.);
#2144 = ORIENTED_EDGE('',*,*,#2145,.F.);
#2145 = EDGE_CURVE('',#1893,#1292,#2146,.T.);
#2146 = SURFACE_CURVE('',#2147,(#2151,#2158),.PCURVE_S1.);
#2147 = LINE('',#2148,#2149);
#2148 = CARTESIAN_POINT('',(-0.501977081339,-5.262619151737,
    -1.804426719009));
#2149 = VECTOR('',#2150,1.);
#2150 = DIRECTION('',(2.891205793295E-16,0.,1.));
#2151 = PCURVE('',#1042,#2152);
#2152 = DEFINITIONAL_REPRESENTATION('',(#2153),#2157);
#2153 = LINE('',#2154,#2155);
#2154 = CARTESIAN_POINT('',(5.759134849711,-1.80442665203));
#2155 = VECTOR('',#2156,1.);
#2156 = DIRECTION('',(-2.519851883509E-17,1.));
#2157 = ( GEOMETRIC_REPRESENTATION_CONTEXT(2) 
PARAMETRIC_REPRESENTATION_CONTEXT() REPRESENTATION_CONTEXT('2D SPACE',''
  ) );
#2158 = PCURVE('',#1309,#2159);
#2159 = DEFINITIONAL_REPRESENTATION('',(#2160),#2164);
#2160 = LINE('',#2161,#2162);
#2161 = CARTESIAN_POINT('',(3.22885911619,3.552713678801E-15));
#2162 = VECTOR('',#2163,1.);
#2163 = DIRECTION('',(0.,1.));
#2164 = ( GEOMETRIC_REPRESENTATION_CONTEXT(2) 
PARAMETRIC_REPRESENTATION_CONTEXT() REPRESENTATION_CONTEXT('2D SPACE',''
  ) );
#2165 = ORIENTED_EDGE('',*,*,#1892,.F.);
#2166 = ADVANCED_FACE('',(#2167),#2181,.T.);
#2167 = FACE_BOUND('',#2168,.T.);
#2168 = EDGE_LOOP('',(#2169,#2199,#2222,#2250,#2273,#2325,#2353,#2376));
#2169 = ORIENTED_EDGE('',*,*,#2170,.F.);
#2170 = EDGE_CURVE('',#2171,#2173,#2175,.T.);
#2171 = VERTEX_POINT('',#2172);
#2172 = CARTESIAN_POINT('',(12.564561751917,-5.300228696192,
    -6.592351417411));
#2173 = VERTEX_POINT('',#2174);
#2174 = CARTESIAN_POINT('',(12.686790030421,-1.800068754614,
    -6.531255898372));
#2175 = SURFACE_CURVE('',#2176,(#2180,#2192),.PCURVE_S1.);
#2176 = LINE('',#2177,#2178);
#2177 = CARTESIAN_POINT('',(12.740209646323,-0.270331103359,
    -6.504554228346));
#2178 = VECTOR('',#2179,1.);
#2179 = DIRECTION('',(3.489418781261E-02,0.999238800304,
    1.744177813809E-02));
#2180 = PCURVE('',#2181,#2186);
#2181 = PLANE('',#2182);
#2182 = AXIS2_PLACEMENT_3D('',#2183,#2184,#2185);
#2183 = CARTESIAN_POINT('',(4.999839594072,-1.137546141359E-04,
    -6.499837566979));
#2184 = DIRECTION('',(0.,-1.745240643728E-02,0.999847695156));
#2185 = DIRECTION('',(0.,-0.999847695156,-1.745240643728E-02));
#2186 = DEFINITIONAL_REPRESENTATION('',(#2187),#2191);
#2187 = LINE('',#2188,#2189);
#2188 = CARTESIAN_POINT('',(0.270258510425,7.740370052252));
#2189 = VECTOR('',#2190,1.);
#2190 = DIRECTION('',(-0.999391012395,3.489418781261E-02));
#2191 = ( GEOMETRIC_REPRESENTATION_CONTEXT(2) 
PARAMETRIC_REPRESENTATION_CONTEXT() REPRESENTATION_CONTEXT('2D SPACE',''
  ) );
#2192 = PCURVE('',#877,#2193);
#2193 = DEFINITIONAL_REPRESENTATION('',(#2194),#2198);
#2194 = LINE('',#2195,#2196);
#2195 = CARTESIAN_POINT('',(-0.270382058189,-1.862771124265));
#2196 = VECTOR('',#2197,1.);
#2197 = DIRECTION('',(0.999847880618,1.744177813809E-02));
#2198 = ( GEOMETRIC_REPRESENTATION_CONTEXT(2) 
PARAMETRIC_REPRESENTATION_CONTEXT() REPRESENTATION_CONTEXT('2D SPACE',''
  ) );
#2199 = ORIENTED_EDGE('',*,*,#2200,.T.);
#2200 = EDGE_CURVE('',#2171,#2201,#2203,.T.);
#2201 = VERTEX_POINT('',#2202);
#2202 = CARTESIAN_POINT('',(12.499652094072,-5.300228696192,
    -6.592351417411));
#2203 = SURFACE_CURVE('',#2204,(#2208,#2215),.PCURVE_S1.);
#2204 = LINE('',#2205,#2206);
#2205 = CARTESIAN_POINT('',(4.999839594072,-5.300228696192,
    -6.592351417411));
#2206 = VECTOR('',#2207,1.);
#2207 = DIRECTION('',(-1.,0.,0.));
#2208 = PCURVE('',#2181,#2209);
#2209 = DEFINITIONAL_REPRESENTATION('',(#2210),#2214);
#2210 = LINE('',#2211,#2212);
#2211 = CARTESIAN_POINT('',(5.300922297719,0.));
#2212 = VECTOR('',#2213,1.);
#2213 = DIRECTION('',(-0.,-1.));
#2214 = ( GEOMETRIC_REPRESENTATION_CONTEXT(2) 
PARAMETRIC_REPRESENTATION_CONTEXT() REPRESENTATION_CONTEXT('2D SPACE',''
  ) );
#2215 = PCURVE('',#1780,#2216);
#2216 = DEFINITIONAL_REPRESENTATION('',(#2217),#2221);
#2217 = LINE('',#2218,#2219);
#2218 = CARTESIAN_POINT('',(-0.724675208954,-7.4998125));
#2219 = VECTOR('',#2220,1.);
#2220 = DIRECTION('',(0.,-1.));
#2221 = ( GEOMETRIC_REPRESENTATION_CONTEXT(2) 
PARAMETRIC_REPRESENTATION_CONTEXT() REPRESENTATION_CONTEXT('2D SPACE',''
  ) );
#2222 = ORIENTED_EDGE('',*,*,#2223,.T.);
#2223 = EDGE_CURVE('',#2201,#2224,#2226,.T.);
#2224 = VERTEX_POINT('',#2225);
#2225 = CARTESIAN_POINT('',(12.403540331638,-10.99983875461,
    -6.691838481046));
#2226 = SURFACE_CURVE('',#2227,(#2231,#2238),.PCURVE_S1.);
#2227 = LINE('',#2228,#2229);
#2228 = CARTESIAN_POINT('',(12.525901543653,-3.743586480136,
    -6.56518012646));
#2229 = VECTOR('',#2230,1.);
#2230 = DIRECTION('',(-1.685790208902E-02,-0.999705612271,
    -1.74499263713E-02));
#2231 = PCURVE('',#2181,#2232);
#2232 = DEFINITIONAL_REPRESENTATION('',(#2233),#2237);
#2233 = LINE('',#2234,#2235);
#2234 = CARTESIAN_POINT('',(3.7440429614,7.526061949582));
#2235 = VECTOR('',#2236,1.);
#2236 = DIRECTION('',(0.999857895472,-1.685790208902E-02));
#2237 = ( GEOMETRIC_REPRESENTATION_CONTEXT(2) 
PARAMETRIC_REPRESENTATION_CONTEXT() REPRESENTATION_CONTEXT('2D SPACE',''
  ) );
#2238 = PCURVE('',#2239,#2244);
#2239 = PLANE('',#2240);
#2240 = AXIS2_PLACEMENT_3D('',#2241,#2242,#2243);
#2241 = CARTESIAN_POINT('',(12.499652094072,-3.641710509402,
    -12.37629169739));
#2242 = DIRECTION('',(0.999847695156,-1.677632981011E-02,
    -4.810535163017E-03));
#2243 = DIRECTION('',(1.677652392609E-02,0.999859264219,
    1.355252715607E-20));
#2244 = DEFINITIONAL_REPRESENTATION('',(#2245),#2249);
#2245 = LINE('',#2246,#2247);
#2246 = CARTESIAN_POINT('',(-0.101421258622,5.811178810292));
#2247 = VECTOR('',#2248,1.);
#2248 = DIRECTION('',(-0.999847734919,-1.745012828135E-02));
#2249 = ( GEOMETRIC_REPRESENTATION_CONTEXT(2) 
PARAMETRIC_REPRESENTATION_CONTEXT() REPRESENTATION_CONTEXT('2D SPACE',''
  ) );
#2250 = ORIENTED_EDGE('',*,*,#2251,.T.);
#2251 = EDGE_CURVE('',#2224,#2252,#2254,.T.);
#2252 = VERTEX_POINT('',#2253);
#2253 = CARTESIAN_POINT('',(12.505203803038,-10.99983875461,
    -6.691838481046));
#2254 = SURFACE_CURVE('',#2255,(#2259,#2266),.PCURVE_S1.);
#2255 = LINE('',#2256,#2257);
#2256 = CARTESIAN_POINT('',(-3.540592832773E-05,-10.99983875461,
    -6.691838481046));
#2257 = VECTOR('',#2258,1.);
#2258 = DIRECTION('',(1.,0.,0.));
#2259 = PCURVE('',#2181,#2260);
#2260 = DEFINITIONAL_REPRESENTATION('',(#2261),#2265);
#2261 = LINE('',#2262,#2263);
#2262 = CARTESIAN_POINT('',(11.001400566593,-4.999875));
#2263 = VECTOR('',#2264,1.);
#2264 = DIRECTION('',(0.,1.));
#2265 = ( GEOMETRIC_REPRESENTATION_CONTEXT(2) 
PARAMETRIC_REPRESENTATION_CONTEXT() REPRESENTATION_CONTEXT('2D SPACE',''
  ) );
#2266 = PCURVE('',#1604,#2267);
#2267 = DEFINITIONAL_REPRESENTATION('',(#2268),#2272);
#2268 = LINE('',#2269,#2270);
#2269 = CARTESIAN_POINT('',(-6.691838414068,0.));
#2270 = VECTOR('',#2271,1.);
#2271 = DIRECTION('',(0.,1.));
#2272 = ( GEOMETRIC_REPRESENTATION_CONTEXT(2) 
PARAMETRIC_REPRESENTATION_CONTEXT() REPRESENTATION_CONTEXT('2D SPACE',''
  ) );
#2273 = ORIENTED_EDGE('',*,*,#2274,.T.);
#2274 = EDGE_CURVE('',#2252,#2275,#2277,.T.);
#2275 = VERTEX_POINT('',#2276);
#2276 = CARTESIAN_POINT('',(15.353537743025,-8.941478288751,
    -6.655909665469));
#2277 = SURFACE_CURVE('',#2278,(#2283,#2291),.PCURVE_S1.);
#2278 = ( BOUNDED_CURVE() B_SPLINE_CURVE(3,(#2279,#2280,#2281,#2282),
.UNSPECIFIED.,.F.,.F.) B_SPLINE_CURVE_WITH_KNOTS((4,4),(0.,
1.251537747656),.PIECEWISE_BEZIER_KNOTS.) CURVE() 
GEOMETRIC_REPRESENTATION_ITEM() RATIONAL_B_SPLINE_CURVE((1.,
0.873675342575,0.873675342575,1.)) REPRESENTATION_ITEM('') );
#2279 = CARTESIAN_POINT('',(12.505203803038,-10.99983875461,
    -6.691838481046));
#2280 = CARTESIAN_POINT('',(13.845990149395,-10.99983875461,
    -6.691838481046));
#2281 = CARTESIAN_POINT('',(14.932714931926,-10.21451253347,
    -6.678130560867));
#2282 = CARTESIAN_POINT('',(15.353537743025,-8.941478288751,
    -6.655909665469));
#2283 = PCURVE('',#2181,#2284);
#2284 = DEFINITIONAL_REPRESENTATION('',(#2285),#2290);
#2285 = ( BOUNDED_CURVE() B_SPLINE_CURVE(3,(#2286,#2287,#2288,#2289),
.UNSPECIFIED.,.F.,.F.) B_SPLINE_CURVE_WITH_KNOTS((4,4),(0.,
1.251537747656),.PIECEWISE_BEZIER_KNOTS.) CURVE() 
GEOMETRIC_REPRESENTATION_ITEM() RATIONAL_B_SPLINE_CURVE((1.,
0.873675342575,0.873675342575,1.)) REPRESENTATION_ITEM('') );
#2286 = CARTESIAN_POINT('',(11.001400566593,7.505364208966));
#2287 = CARTESIAN_POINT('',(11.001400566593,8.846150555323));
#2288 = CARTESIAN_POINT('',(10.215954718246,9.932875337854));
#2289 = CARTESIAN_POINT('',(8.942726554707,10.353698148953));
#2290 = ( GEOMETRIC_REPRESENTATION_CONTEXT(2) 
PARAMETRIC_REPRESENTATION_CONTEXT() REPRESENTATION_CONTEXT('2D SPACE',''
  ) );
#2291 = PCURVE('',#2292,#2297);
#2292 = CYLINDRICAL_SURFACE('',#2293,2.999925);
#2293 = AXIS2_PLACEMENT_3D('',#2294,#2295,#2296);
#2294 = CARTESIAN_POINT('',(12.505203803038,-7.999913754614,
    -6.697881763362E-08));
#2295 = DIRECTION('',(0.,0.,-1.));
#2296 = DIRECTION('',(-1.,0.,0.));
#2297 = DEFINITIONAL_REPRESENTATION('',(#2298),#2324);
#2298 = B_SPLINE_CURVE_WITH_KNOTS('',3,(#2299,#2300,#2301,#2302,#2303,
    #2304,#2305,#2306,#2307,#2308,#2309,#2310,#2311,#2312,#2313,#2314,
    #2315,#2316,#2317,#2318,#2319,#2320,#2321,#2322,#2323),
  .UNSPECIFIED.,.F.,.F.,(4,1,1,1,1,1,1,1,1,1,1,1,1,1,1,1,1,1,1,1,1,1,4),
  (0.,5.688807943893E-02,0.113776158878,0.170664238317,0.227552317756,
    0.284440397195,0.341328476634,0.398216556073,0.455104635511,
    0.51199271495,0.568880794389,0.625768873828,0.682656953267,
    0.739545032706,0.796433112145,0.853321191584,0.910209271023,
    0.967097350462,1.023985429901,1.08087350934,1.137761588779,
    1.194649668218,1.251537747656),.QUASI_UNIFORM_KNOTS.);
#2299 = CARTESIAN_POINT('',(4.712388980385,6.691838414068));
#2300 = CARTESIAN_POINT('',(4.694640444036,6.691838505482));
#2301 = CARTESIAN_POINT('',(4.658835442462,6.691788857596));
#2302 = CARTESIAN_POINT('',(4.604266988635,6.691558879892));
#2303 = CARTESIAN_POINT('',(4.548897758572,6.691166909094));
#2304 = CARTESIAN_POINT('',(4.492797237288,6.690608115186));
#2305 = CARTESIAN_POINT('',(4.436040655759,6.689878976364));
#2306 = CARTESIAN_POINT('',(4.378709425892,6.688977568502));
#2307 = CARTESIAN_POINT('',(4.320890341034,6.687903648147));
#2308 = CARTESIAN_POINT('',(4.262674950553,6.686658746786));
#2309 = CARTESIAN_POINT('',(4.204158743509,6.685246210781));
#2310 = CARTESIAN_POINT('',(4.145440257648,6.683671199245));
#2311 = CARTESIAN_POINT('',(4.086620106556,6.681940633703));
#2312 = CARTESIAN_POINT('',(4.027799955464,6.680063101097));
#2313 = CARTESIAN_POINT('',(3.969081469604,6.678048712477));
#2314 = CARTESIAN_POINT('',(3.91056526256,6.675908922323));
#2315 = CARTESIAN_POINT('',(3.852349872079,6.673656315241));
#2316 = CARTESIAN_POINT('',(3.794530787221,6.671304368073));
#2317 = CARTESIAN_POINT('',(3.737199557354,6.668867197237));
#2318 = CARTESIAN_POINT('',(3.680442975824,6.666359298162));
#2319 = CARTESIAN_POINT('',(3.624342454541,6.663795295919));
#2320 = CARTESIAN_POINT('',(3.568973224478,6.661189678705));
#2321 = CARTESIAN_POINT('',(3.514404770651,6.658556659006));
#2322 = CARTESIAN_POINT('',(3.478599769077,6.65679198968));
#2323 = CARTESIAN_POINT('',(3.460851232728,6.65590959849));
#2324 = ( GEOMETRIC_REPRESENTATION_CONTEXT(2) 
PARAMETRIC_REPRESENTATION_CONTEXT() REPRESENTATION_CONTEXT('2D SPACE',''
  ) );
#2325 = ORIENTED_EDGE('',*,*,#2326,.T.);
#2326 = EDGE_CURVE('',#2275,#2327,#2329,.T.);
#2327 = VERTEX_POINT('',#2328);
#2328 = CARTESIAN_POINT('',(17.644061514694,-2.012397633468,
    -6.534962112738));
#2329 = SURFACE_CURVE('',#2330,(#2334,#2341),.PCURVE_S1.);
#2330 = LINE('',#2331,#2332);
#2331 = CARTESIAN_POINT('',(16.998507931836,-3.96526662276,
    -6.569049567743));
#2332 = VECTOR('',#2333,1.);
#2333 = DIRECTION('',(0.313819596546,0.94933801717,1.657075672853E-02));
#2334 = PCURVE('',#2181,#2335);
#2335 = DEFINITIONAL_REPRESENTATION('',(#2336),#2340);
#2336 = LINE('',#2337,#2338);
#2337 = CARTESIAN_POINT('',(3.965756872126,11.998668337764));
#2338 = VECTOR('',#2339,1.);
#2339 = DIRECTION('',(-0.949482627974,0.313819596546));
#2340 = ( GEOMETRIC_REPRESENTATION_CONTEXT(2) 
PARAMETRIC_REPRESENTATION_CONTEXT() REPRESENTATION_CONTEXT('2D SPACE',''
  ) );
#2341 = PCURVE('',#2342,#2347);
#2342 = PLANE('',#2343);
#2343 = AXIS2_PLACEMENT_3D('',#2344,#2345,#2346);
#2344 = CARTESIAN_POINT('',(17.644061514694,-2.012397633468,
    9.499762433021));
#2345 = DIRECTION('',(0.949468383372,-0.31386269128,0.));
#2346 = DIRECTION('',(0.,0.,1.));
#2347 = DEFINITIONAL_REPRESENTATION('',(#2348),#2352);
#2348 = LINE('',#2349,#2350);
#2349 = CARTESIAN_POINT('',(-16.06881200076,2.056802547081));
#2350 = VECTOR('',#2351,1.);
#2351 = DIRECTION('',(1.657075672853E-02,-0.999862695584));
#2352 = ( GEOMETRIC_REPRESENTATION_CONTEXT(2) 
PARAMETRIC_REPRESENTATION_CONTEXT() REPRESENTATION_CONTEXT('2D SPACE',''
  ) );
#2353 = ORIENTED_EDGE('',*,*,#2354,.F.);
#2354 = EDGE_CURVE('',#2355,#2327,#2357,.T.);
#2355 = VERTEX_POINT('',#2356);
#2356 = CARTESIAN_POINT('',(17.655189199712,-1.800068754614,
    -6.531255898372));
#2357 = SURFACE_CURVE('',#2358,(#2362,#2369),.PCURVE_S1.);
#2358 = LINE('',#2359,#2360);
#2359 = CARTESIAN_POINT('',(17.764112454483,0.27831075813,
    -6.494977649031));
#2360 = VECTOR('',#2361,1.);
#2361 = DIRECTION('',(-5.232800705138E-02,-0.998477855144,
    -1.742849579092E-02));
#2362 = PCURVE('',#2181,#2363);
#2363 = DEFINITIONAL_REPRESENTATION('',(#2364),#2368);
#2364 = LINE('',#2365,#2366);
#2365 = CARTESIAN_POINT('',(-0.278466924606,12.764272860411));
#2366 = VECTOR('',#2367,1.);
#2367 = DIRECTION('',(0.998629951322,-5.232800705138E-02));
#2368 = ( GEOMETRIC_REPRESENTATION_CONTEXT(2) 
PARAMETRIC_REPRESENTATION_CONTEXT() REPRESENTATION_CONTEXT('2D SPACE',''
  ) );
#2369 = PCURVE('',#594,#2370);
#2370 = DEFINITIONAL_REPRESENTATION('',(#2371),#2375);
#2371 = LINE('',#2372,#2373);
#2372 = CARTESIAN_POINT('',(0.27880660751,-15.99474008205));
#2373 = VECTOR('',#2374,1.);
#2374 = DIRECTION('',(-0.999848112232,-1.742849579092E-02));
#2375 = ( GEOMETRIC_REPRESENTATION_CONTEXT(2) 
PARAMETRIC_REPRESENTATION_CONTEXT() REPRESENTATION_CONTEXT('2D SPACE',''
  ) );
#2376 = ORIENTED_EDGE('',*,*,#2377,.T.);
#2377 = EDGE_CURVE('',#2355,#2173,#2378,.T.);
#2378 = SURFACE_CURVE('',#2379,(#2383,#2390),.PCURVE_S1.);
#2379 = LINE('',#2380,#2381);
#2380 = CARTESIAN_POINT('',(4.999839594072,-1.800068754614,
    -6.531255898372));
#2381 = VECTOR('',#2382,1.);
#2382 = DIRECTION('',(-1.,-1.156482317318E-16,-2.018647393712E-18));
#2383 = PCURVE('',#2181,#2384);
#2384 = DEFINITIONAL_REPRESENTATION('',(#2385),#2389);
#2385 = LINE('',#2386,#2387);
#2386 = CARTESIAN_POINT('',(1.800229183624,0.));
#2387 = VECTOR('',#2388,1.);
#2388 = DIRECTION('',(1.156658482007E-16,-1.));
#2389 = ( GEOMETRIC_REPRESENTATION_CONTEXT(2) 
PARAMETRIC_REPRESENTATION_CONTEXT() REPRESENTATION_CONTEXT('2D SPACE',''
  ) );
#2390 = PCURVE('',#1831,#2391);
#2391 = DEFINITIONAL_REPRESENTATION('',(#2392),#2396);
#2392 = LINE('',#2393,#2394);
#2393 = CARTESIAN_POINT('',(14.74963125,-3.141833139287E-02));
#2394 = VECTOR('',#2395,1.);
#2395 = DIRECTION('',(1.,-2.018647393712E-18));
#2396 = ( GEOMETRIC_REPRESENTATION_CONTEXT(2) 
PARAMETRIC_REPRESENTATION_CONTEXT() REPRESENTATION_CONTEXT('2D SPACE',''
  ) );
#2397 = ADVANCED_FACE('',(#2398),#2412,.T.);
#2398 = FACE_BOUND('',#2399,.T.);
#2399 = EDGE_LOOP('',(#2400,#2430,#2453,#2476,#2499,#2527,#2579,#2602));
#2400 = ORIENTED_EDGE('',*,*,#2401,.F.);
#2401 = EDGE_CURVE('',#2402,#2404,#2406,.T.);
#2402 = VERTEX_POINT('',#2403);
#2403 = CARTESIAN_POINT('',(12.657131993639,-5.300228696192,
    6.592351283453));
#2404 = VERTEX_POINT('',#2405);
#2405 = CARTESIAN_POINT('',(12.499652094072,-5.300228696192,
    6.592351283453));
#2406 = SURFACE_CURVE('',#2407,(#2411,#2423),.PCURVE_S1.);
#2407 = LINE('',#2408,#2409);
#2408 = CARTESIAN_POINT('',(-3.540592832773E-05,-5.300228696192,
    6.592351283453));
#2409 = VECTOR('',#2410,1.);
#2410 = DIRECTION('',(-1.,-0.,-0.));
#2411 = PCURVE('',#2412,#2417);
#2412 = PLANE('',#2413);
#2413 = AXIS2_PLACEMENT_3D('',#2414,#2415,#2416);
#2414 = CARTESIAN_POINT('',(-3.540592832773E-05,-1.137546141359E-04,
    6.499837433021));
#2415 = DIRECTION('',(0.,-1.745240643728E-02,-0.999847695156));
#2416 = DIRECTION('',(0.,0.999847695156,-1.745240643728E-02));
#2417 = DEFINITIONAL_REPRESENTATION('',(#2418),#2422);
#2418 = LINE('',#2419,#2420);
#2419 = CARTESIAN_POINT('',(-5.300922297719,0.));
#2420 = VECTOR('',#2421,1.);
#2421 = DIRECTION('',(0.,-1.));
#2422 = ( GEOMETRIC_REPRESENTATION_CONTEXT(2) 
PARAMETRIC_REPRESENTATION_CONTEXT() REPRESENTATION_CONTEXT('2D SPACE',''
  ) );
#2423 = PCURVE('',#2047,#2424);
#2424 = DEFINITIONAL_REPRESENTATION('',(#2425),#2429);
#2425 = LINE('',#2426,#2427);
#2426 = CARTESIAN_POINT('',(0.724675208954,-12.4996875));
#2427 = VECTOR('',#2428,1.);
#2428 = DIRECTION('',(0.,-1.));
#2429 = ( GEOMETRIC_REPRESENTATION_CONTEXT(2) 
PARAMETRIC_REPRESENTATION_CONTEXT() REPRESENTATION_CONTEXT('2D SPACE',''
  ) );
#2430 = ORIENTED_EDGE('',*,*,#2431,.T.);
#2431 = EDGE_CURVE('',#2402,#2432,#2434,.T.);
#2432 = VERTEX_POINT('',#2433);
#2433 = CARTESIAN_POINT('',(12.718227512679,-1.800068754614,
    6.531255764414));
#2434 = SURFACE_CURVE('',#2435,(#2439,#2446),.PCURVE_S1.);
#2435 = LINE('',#2436,#2437);
#2436 = CARTESIAN_POINT('',(12.74576364587,-0.222524740604,
    6.503719631222));
#2437 = VECTOR('',#2438,1.);
#2438 = DIRECTION('',(1.744974916068E-02,0.999695459882,
    -1.744974916068E-02));
#2439 = PCURVE('',#2412,#2440);
#2440 = DEFINITIONAL_REPRESENTATION('',(#2441),#2445);
#2441 = LINE('',#2442,#2443);
#2442 = CARTESIAN_POINT('',(-0.22244486542,12.745799051799));
#2443 = VECTOR('',#2444,1.);
#2444 = DIRECTION('',(0.999847741536,1.744974916068E-02));
#2445 = ( GEOMETRIC_REPRESENTATION_CONTEXT(2) 
PARAMETRIC_REPRESENTATION_CONTEXT() REPRESENTATION_CONTEXT('2D SPACE',''
  ) );
#2446 = PCURVE('',#737,#2447);
#2447 = DEFINITIONAL_REPRESENTATION('',(#2448),#2452);
#2448 = LINE('',#2449,#2450);
#2449 = CARTESIAN_POINT('',(-0.22244486542,1.861936661099));
#2450 = VECTOR('',#2451,1.);
#2451 = DIRECTION('',(0.999847741536,-1.744974916068E-02));
#2452 = ( GEOMETRIC_REPRESENTATION_CONTEXT(2) 
PARAMETRIC_REPRESENTATION_CONTEXT() REPRESENTATION_CONTEXT('2D SPACE',''
  ) );
#2453 = ORIENTED_EDGE('',*,*,#2454,.F.);
#2454 = EDGE_CURVE('',#2455,#2432,#2457,.T.);
#2455 = VERTEX_POINT('',#2456);
#2456 = CARTESIAN_POINT('',(17.655189199712,-1.800068754614,
    6.531255764414));
#2457 = SURFACE_CURVE('',#2458,(#2462,#2469),.PCURVE_S1.);
#2458 = LINE('',#2459,#2460);
#2459 = CARTESIAN_POINT('',(-3.540592832752E-05,-1.800068754614,
    6.531255764414));
#2460 = VECTOR('',#2461,1.);
#2461 = DIRECTION('',(-1.,-1.156482317318E-16,2.018647393712E-18));
#2462 = PCURVE('',#2412,#2463);
#2463 = DEFINITIONAL_REPRESENTATION('',(#2464),#2468);
#2464 = LINE('',#2465,#2466);
#2465 = CARTESIAN_POINT('',(-1.800229183624,2.090138500645E-16));
#2466 = VECTOR('',#2467,1.);
#2467 = DIRECTION('',(-1.156658482007E-16,-1.));
#2468 = ( GEOMETRIC_REPRESENTATION_CONTEXT(2) 
PARAMETRIC_REPRESENTATION_CONTEXT() REPRESENTATION_CONTEXT('2D SPACE',''
  ) );
#2469 = PCURVE('',#1831,#2470);
#2470 = DEFINITIONAL_REPRESENTATION('',(#2471),#2475);
#2471 = LINE('',#2472,#2473);
#2472 = CARTESIAN_POINT('',(19.74950625,13.031093331393));
#2473 = VECTOR('',#2474,1.);
#2474 = DIRECTION('',(1.,2.018647393712E-18));
#2475 = ( GEOMETRIC_REPRESENTATION_CONTEXT(2) 
PARAMETRIC_REPRESENTATION_CONTEXT() REPRESENTATION_CONTEXT('2D SPACE',''
  ) );
#2476 = ORIENTED_EDGE('',*,*,#2477,.T.);
#2477 = EDGE_CURVE('',#2455,#2478,#2480,.T.);
#2478 = VERTEX_POINT('',#2479);
#2479 = CARTESIAN_POINT('',(17.644061514694,-2.012397633468,
    6.534961978781));
#2480 = SURFACE_CURVE('',#2481,(#2485,#2492),.PCURVE_S1.);
#2481 = LINE('',#2482,#2483);
#2482 = CARTESIAN_POINT('',(17.74678491712,-5.231835075371E-02,
    6.500748667636));
#2483 = VECTOR('',#2484,1.);
#2484 = DIRECTION('',(-5.232800705138E-02,-0.998477855144,
    1.742849579092E-02));
#2485 = PCURVE('',#2412,#2486);
#2486 = DEFINITIONAL_REPRESENTATION('',(#2487),#2491);
#2487 = LINE('',#2488,#2489);
#2488 = CARTESIAN_POINT('',(-5.221254836359E-02,17.746820323048));
#2489 = VECTOR('',#2490,1.);
#2490 = DIRECTION('',(-0.998629951322,-5.232800705138E-02));
#2491 = ( GEOMETRIC_REPRESENTATION_CONTEXT(2) 
PARAMETRIC_REPRESENTATION_CONTEXT() REPRESENTATION_CONTEXT('2D SPACE',''
  ) );
#2492 = PCURVE('',#594,#2493);
#2493 = DEFINITIONAL_REPRESENTATION('',(#2494),#2498);
#2494 = LINE('',#2495,#2496);
#2495 = CARTESIAN_POINT('',(-5.227623890816E-02,-2.999013765385));
#2496 = VECTOR('',#2497,1.);
#2497 = DIRECTION('',(-0.999848112232,1.742849579092E-02));
#2498 = ( GEOMETRIC_REPRESENTATION_CONTEXT(2) 
PARAMETRIC_REPRESENTATION_CONTEXT() REPRESENTATION_CONTEXT('2D SPACE',''
  ) );
#2499 = ORIENTED_EDGE('',*,*,#2500,.T.);
#2500 = EDGE_CURVE('',#2478,#2501,#2503,.T.);
#2501 = VERTEX_POINT('',#2502);
#2502 = CARTESIAN_POINT('',(15.353537743025,-8.941478288751,
    6.655909531511));
#2503 = SURFACE_CURVE('',#2504,(#2508,#2515),.PCURVE_S1.);
#2504 = LINE('',#2505,#2506);
#2505 = CARTESIAN_POINT('',(17.628643875791,-2.059037648644,
    6.535776083274));
#2506 = VECTOR('',#2507,1.);
#2507 = DIRECTION('',(-0.313819596546,-0.94933801717,1.657075672853E-02)
  );
#2508 = PCURVE('',#2412,#2509);
#2509 = DEFINITIONAL_REPRESENTATION('',(#2510),#2514);
#2510 = LINE('',#2511,#2512);
#2511 = CARTESIAN_POINT('',(-2.05923752588,17.628679281719));
#2512 = VECTOR('',#2513,1.);
#2513 = DIRECTION('',(-0.949482627974,-0.313819596546));
#2514 = ( GEOMETRIC_REPRESENTATION_CONTEXT(2) 
PARAMETRIC_REPRESENTATION_CONTEXT() REPRESENTATION_CONTEXT('2D SPACE',''
  ) );
#2515 = PCURVE('',#2516,#2521);
#2516 = PLANE('',#2517);
#2517 = AXIS2_PLACEMENT_3D('',#2518,#2519,#2520);
#2518 = CARTESIAN_POINT('',(17.644061514694,-2.012397633468,
    9.499762433021));
#2519 = DIRECTION('',(0.949468383372,-0.31386269128,0.));
#2520 = DIRECTION('',(0.,0.,1.));
#2521 = DEFINITIONAL_REPRESENTATION('',(#2522),#2526);
#2522 = LINE('',#2523,#2524);
#2523 = CARTESIAN_POINT('',(-2.963986349747,4.912224144901E-02));
#2524 = VECTOR('',#2525,1.);
#2525 = DIRECTION('',(1.657075672853E-02,0.999862695584));
#2526 = ( GEOMETRIC_REPRESENTATION_CONTEXT(2) 
PARAMETRIC_REPRESENTATION_CONTEXT() REPRESENTATION_CONTEXT('2D SPACE',''
  ) );
#2527 = ORIENTED_EDGE('',*,*,#2528,.T.);
#2528 = EDGE_CURVE('',#2501,#2529,#2531,.T.);
#2529 = VERTEX_POINT('',#2530);
#2530 = CARTESIAN_POINT('',(12.505203803038,-10.99983875461,
    6.691838347089));
#2531 = SURFACE_CURVE('',#2532,(#2537,#2545),.PCURVE_S1.);
#2532 = ( BOUNDED_CURVE() B_SPLINE_CURVE(3,(#2533,#2534,#2535,#2536),
.UNSPECIFIED.,.F.,.F.) B_SPLINE_CURVE_WITH_KNOTS((4,4),(1.890054905933,
3.14159265359),.PIECEWISE_BEZIER_KNOTS.) CURVE() 
GEOMETRIC_REPRESENTATION_ITEM() RATIONAL_B_SPLINE_CURVE((1.,
0.873675342575,0.873675342575,1.)) REPRESENTATION_ITEM('') );
#2533 = CARTESIAN_POINT('',(15.353537743025,-8.941478288751,
    6.655909531511));
#2534 = CARTESIAN_POINT('',(14.932714931926,-10.21451253347,
    6.678130426909));
#2535 = CARTESIAN_POINT('',(13.845990149395,-10.99983875461,
    6.691838347089));
#2536 = CARTESIAN_POINT('',(12.505203803038,-10.99983875461,
    6.691838347089));
#2537 = PCURVE('',#2412,#2538);
#2538 = DEFINITIONAL_REPRESENTATION('',(#2539),#2544);
#2539 = ( BOUNDED_CURVE() B_SPLINE_CURVE(3,(#2540,#2541,#2542,#2543),
.UNSPECIFIED.,.F.,.F.) B_SPLINE_CURVE_WITH_KNOTS((4,4),(1.890054905933,
3.14159265359),.PIECEWISE_BEZIER_KNOTS.) CURVE() 
GEOMETRIC_REPRESENTATION_ITEM() RATIONAL_B_SPLINE_CURVE((1.,
0.873675342575,0.873675342575,1.)) REPRESENTATION_ITEM('') );
#2540 = CARTESIAN_POINT('',(-8.942726554707,15.353573148953));
#2541 = CARTESIAN_POINT('',(-10.21595471824,14.932750337854));
#2542 = CARTESIAN_POINT('',(-11.00140056659,13.846025555323));
#2543 = CARTESIAN_POINT('',(-11.00140056659,12.505239208966));
#2544 = ( GEOMETRIC_REPRESENTATION_CONTEXT(2) 
PARAMETRIC_REPRESENTATION_CONTEXT() REPRESENTATION_CONTEXT('2D SPACE',''
  ) );
#2545 = PCURVE('',#2546,#2551);
#2546 = CYLINDRICAL_SURFACE('',#2547,2.999925);
#2547 = AXIS2_PLACEMENT_3D('',#2548,#2549,#2550);
#2548 = CARTESIAN_POINT('',(12.505203803038,-7.999913754614,
    -6.697881763362E-08));
#2549 = DIRECTION('',(0.,0.,-1.));
#2550 = DIRECTION('',(-1.,0.,0.));
#2551 = DEFINITIONAL_REPRESENTATION('',(#2552),#2578);
#2552 = B_SPLINE_CURVE_WITH_KNOTS('',3,(#2553,#2554,#2555,#2556,#2557,
    #2558,#2559,#2560,#2561,#2562,#2563,#2564,#2565,#2566,#2567,#2568,
    #2569,#2570,#2571,#2572,#2573,#2574,#2575,#2576,#2577),
  .UNSPECIFIED.,.F.,.F.,(4,1,1,1,1,1,1,1,1,1,1,1,1,1,1,1,1,1,1,1,1,1,4),
  (1.890054905933,1.946942985372,2.003831064811,2.06071914425,
    2.117607223689,2.174495303128,2.231383382567,2.288271462006,
    2.345159541445,2.402047620884,2.458935700323,2.515823779762,
    2.5727118592,2.629599938639,2.686488018078,2.743376097517,
    2.800264176956,2.857152256395,2.914040335834,2.970928415273,
    3.027816494712,3.084704574151,3.14159265359),.QUASI_UNIFORM_KNOTS.);
#2553 = CARTESIAN_POINT('',(3.460851232728,-6.65590959849));
#2554 = CARTESIAN_POINT('',(3.478599769077,-6.65679198968));
#2555 = CARTESIAN_POINT('',(3.514404770651,-6.658556659006));
#2556 = CARTESIAN_POINT('',(3.568973224478,-6.661189678705));
#2557 = CARTESIAN_POINT('',(3.624342454541,-6.663795295919));
#2558 = CARTESIAN_POINT('',(3.680442975824,-6.666359298162));
#2559 = CARTESIAN_POINT('',(3.737199557354,-6.668867197237));
#2560 = CARTESIAN_POINT('',(3.794530787221,-6.671304368073));
#2561 = CARTESIAN_POINT('',(3.852349872079,-6.673656315241));
#2562 = CARTESIAN_POINT('',(3.91056526256,-6.675908922323));
#2563 = CARTESIAN_POINT('',(3.969081469604,-6.678048712477));
#2564 = CARTESIAN_POINT('',(4.027799955464,-6.680063101097));
#2565 = CARTESIAN_POINT('',(4.086620106556,-6.681940633703));
#2566 = CARTESIAN_POINT('',(4.145440257648,-6.683671199245));
#2567 = CARTESIAN_POINT('',(4.204158743509,-6.685246210781));
#2568 = CARTESIAN_POINT('',(4.262674950553,-6.686658746786));
#2569 = CARTESIAN_POINT('',(4.320890341034,-6.687903648147));
#2570 = CARTESIAN_POINT('',(4.378709425892,-6.688977568502));
#2571 = CARTESIAN_POINT('',(4.436040655759,-6.689878976364));
#2572 = CARTESIAN_POINT('',(4.492797237288,-6.690608115186));
#2573 = CARTESIAN_POINT('',(4.548897758572,-6.691166909094));
#2574 = CARTESIAN_POINT('',(4.604266988635,-6.691558879892));
#2575 = CARTESIAN_POINT('',(4.658835442462,-6.691788857596));
#2576 = CARTESIAN_POINT('',(4.694640444036,-6.691838505482));
#2577 = CARTESIAN_POINT('',(4.712388980385,-6.691838414068));
#2578 = ( GEOMETRIC_REPRESENTATION_CONTEXT(2) 
PARAMETRIC_REPRESENTATION_CONTEXT() REPRESENTATION_CONTEXT('2D SPACE',''
  ) );
#2579 = ORIENTED_EDGE('',*,*,#2580,.F.);
#2580 = EDGE_CURVE('',#2581,#2529,#2583,.T.);
#2581 = VERTEX_POINT('',#2582);
#2582 = CARTESIAN_POINT('',(12.403540331638,-10.99983875461,
    6.691838347089));
#2583 = SURFACE_CURVE('',#2584,(#2588,#2595),.PCURVE_S1.);
#2584 = LINE('',#2585,#2586);
#2585 = CARTESIAN_POINT('',(-3.540592832773E-05,-10.99983875461,
    6.691838347089));
#2586 = VECTOR('',#2587,1.);
#2587 = DIRECTION('',(1.,-0.,-0.));
#2588 = PCURVE('',#2412,#2589);
#2589 = DEFINITIONAL_REPRESENTATION('',(#2590),#2594);
#2590 = LINE('',#2591,#2592);
#2591 = CARTESIAN_POINT('',(-11.00140056659,0.));
#2592 = VECTOR('',#2593,1.);
#2593 = DIRECTION('',(0.,1.));
#2594 = ( GEOMETRIC_REPRESENTATION_CONTEXT(2) 
PARAMETRIC_REPRESENTATION_CONTEXT() REPRESENTATION_CONTEXT('2D SPACE',''
  ) );
#2595 = PCURVE('',#1604,#2596);
#2596 = DEFINITIONAL_REPRESENTATION('',(#2597),#2601);
#2597 = LINE('',#2598,#2599);
#2598 = CARTESIAN_POINT('',(6.691838414068,0.));
#2599 = VECTOR('',#2600,1.);
#2600 = DIRECTION('',(0.,1.));
#2601 = ( GEOMETRIC_REPRESENTATION_CONTEXT(2) 
PARAMETRIC_REPRESENTATION_CONTEXT() REPRESENTATION_CONTEXT('2D SPACE',''
  ) );
#2602 = ORIENTED_EDGE('',*,*,#2603,.T.);
#2603 = EDGE_CURVE('',#2581,#2404,#2604,.T.);
#2604 = SURFACE_CURVE('',#2605,(#2609,#2616),.PCURVE_S1.);
#2605 = LINE('',#2606,#2607);
#2606 = CARTESIAN_POINT('',(12.585449552366,-0.212276463328,
    6.503540746877));
#2607 = VECTOR('',#2608,1.);
#2608 = DIRECTION('',(1.685790208902E-02,0.999705612271,
    -1.74499263713E-02));
#2609 = PCURVE('',#2412,#2610);
#2610 = DEFINITIONAL_REPRESENTATION('',(#2611),#2615);
#2611 = LINE('',#2612,#2613);
#2612 = CARTESIAN_POINT('',(-0.212195027044,12.585484958294));
#2613 = VECTOR('',#2614,1.);
#2614 = DIRECTION('',(0.999857895472,1.685790208902E-02));
#2615 = ( GEOMETRIC_REPRESENTATION_CONTEXT(2) 
PARAMETRIC_REPRESENTATION_CONTEXT() REPRESENTATION_CONTEXT('2D SPACE',''
  ) );
#2616 = PCURVE('',#2617,#2622);
#2617 = PLANE('',#2618);
#2618 = AXIS2_PLACEMENT_3D('',#2619,#2620,#2621);
#2619 = CARTESIAN_POINT('',(12.499652094072,-10.48251288196,
    -11.48042143808));
#2620 = DIRECTION('',(0.999847695156,-1.677632981011E-02,
    4.810535163017E-03));
#2621 = DIRECTION('',(1.677652392609E-02,0.999859264219,
    -1.355252715607E-20));
#2622 = DEFINITIONAL_REPRESENTATION('',(#2623),#2627);
#2623 = LINE('',#2624,#2625);
#2624 = CARTESIAN_POINT('',(10.270230412003,17.984170274242));
#2625 = VECTOR('',#2626,1.);
#2626 = DIRECTION('',(0.999847734919,-1.745012828135E-02));
#2627 = ( GEOMETRIC_REPRESENTATION_CONTEXT(2) 
PARAMETRIC_REPRESENTATION_CONTEXT() REPRESENTATION_CONTEXT('2D SPACE',''
  ) );
#2628 = ADVANCED_FACE('',(#2629,#2875),#1604,.F.);
#2629 = FACE_BOUND('',#2630,.T.);
#2630 = EDGE_LOOP('',(#2631,#2666,#2694,#2727,#2755,#2788,#2816,#2849));
#2631 = ORIENTED_EDGE('',*,*,#2632,.F.);
#2632 = EDGE_CURVE('',#2633,#2635,#2637,.T.);
#2633 = VERTEX_POINT('',#2634);
#2634 = CARTESIAN_POINT('',(-5.749891655928,-10.99983875461,
    -7.156916723943));
#2635 = VERTEX_POINT('',#2636);
#2636 = CARTESIAN_POINT('',(-4.592824998964,-10.99983875461,
    -5.999850066979));
#2637 = SURFACE_CURVE('',#2638,(#2643,#2654),.PCURVE_S1.);
#2638 = CIRCLE('',#2639,1.157066656964);
#2639 = AXIS2_PLACEMENT_3D('',#2640,#2641,#2642);
#2640 = CARTESIAN_POINT('',(-5.749891655928,-10.99983875461,
    -5.999850066979));
#2641 = DIRECTION('',(0.,-1.,0.));
#2642 = DIRECTION('',(0.,0.,1.));
#2643 = PCURVE('',#1604,#2644);
#2644 = DEFINITIONAL_REPRESENTATION('',(#2645),#2653);
#2645 = ( BOUNDED_CURVE() B_SPLINE_CURVE(2,(#2646,#2647,#2648,#2649,
#2650,#2651,#2652),.UNSPECIFIED.,.T.,.F.) B_SPLINE_CURVE_WITH_KNOTS((1,2
    ,2,2,2,1),(-2.094395102393,0.,2.094395102393,4.188790204786,
6.28318530718,8.377580409573),.UNSPECIFIED.) CURVE() 
GEOMETRIC_REPRESENTATION_ITEM() RATIONAL_B_SPLINE_CURVE((1.,0.5,1.,0.5,
1.,0.5,1.)) REPRESENTATION_ITEM('') );
#2646 = CARTESIAN_POINT('',(-4.842783343036,-5.74985625));
#2647 = CARTESIAN_POINT('',(-4.842783343036,-7.753954487606));
#2648 = CARTESIAN_POINT('',(-6.578383328482,-6.751905368803));
#2649 = CARTESIAN_POINT('',(-8.313983313929,-5.74985625));
#2650 = CARTESIAN_POINT('',(-6.578383328482,-4.747807131197));
#2651 = CARTESIAN_POINT('',(-4.842783343036,-3.745758012394));
#2652 = CARTESIAN_POINT('',(-4.842783343036,-5.74985625));
#2653 = ( GEOMETRIC_REPRESENTATION_CONTEXT(2) 
PARAMETRIC_REPRESENTATION_CONTEXT() REPRESENTATION_CONTEXT('2D SPACE',''
  ) );
#2654 = PCURVE('',#2655,#2660);
#2655 = CONICAL_SURFACE('',#2656,0.999975,1.745329251994E-02);
#2656 = AXIS2_PLACEMENT_3D('',#2657,#2658,#2659);
#2657 = CARTESIAN_POINT('',(-5.749891655928,-2.000063754614,
    -5.999850066979));
#2658 = DIRECTION('',(0.,-1.,0.));
#2659 = DIRECTION('',(0.,0.,1.));
#2660 = DEFINITIONAL_REPRESENTATION('',(#2661),#2665);
#2661 = LINE('',#2662,#2663);
#2662 = CARTESIAN_POINT('',(0.,8.999775));
#2663 = VECTOR('',#2664,1.);
#2664 = DIRECTION('',(1.,0.));
#2665 = ( GEOMETRIC_REPRESENTATION_CONTEXT(2) 
PARAMETRIC_REPRESENTATION_CONTEXT() REPRESENTATION_CONTEXT('2D SPACE',''
  ) );
#2666 = ORIENTED_EDGE('',*,*,#2667,.F.);
#2667 = EDGE_CURVE('',#2668,#2633,#2670,.T.);
#2668 = VERTEX_POINT('',#2669);
#2669 = CARTESIAN_POINT('',(-12.74971665592,-10.99983875461,
    -7.156916723943));
#2670 = SURFACE_CURVE('',#2671,(#2675,#2682),.PCURVE_S1.);
#2671 = LINE('',#2672,#2673);
#2672 = CARTESIAN_POINT('',(-5.749891655928,-10.99983875461,
    -7.156916723943));
#2673 = VECTOR('',#2674,1.);
#2674 = DIRECTION('',(1.,-0.,-0.));
#2675 = PCURVE('',#1604,#2676);
#2676 = DEFINITIONAL_REPRESENTATION('',(#2677),#2681);
#2677 = LINE('',#2678,#2679);
#2678 = CARTESIAN_POINT('',(-7.156916656964,-5.74985625));
#2679 = VECTOR('',#2680,1.);
#2680 = DIRECTION('',(0.,1.));
#2681 = ( GEOMETRIC_REPRESENTATION_CONTEXT(2) 
PARAMETRIC_REPRESENTATION_CONTEXT() REPRESENTATION_CONTEXT('2D SPACE',''
  ) );
#2682 = PCURVE('',#2683,#2688);
#2683 = PLANE('',#2684);
#2684 = AXIS2_PLACEMENT_3D('',#2685,#2686,#2687);
#2685 = CARTESIAN_POINT('',(-5.749891655928,-2.000063754614,
    -6.999825066979));
#2686 = DIRECTION('',(0.,-1.745240643728E-02,0.999847695156));
#2687 = DIRECTION('',(0.,-0.999847695156,-1.745240643728E-02));
#2688 = DEFINITIONAL_REPRESENTATION('',(#2689),#2693);
#2689 = LINE('',#2690,#2691);
#2690 = CARTESIAN_POINT('',(9.001145918121,0.));
#2691 = VECTOR('',#2692,1.);
#2692 = DIRECTION('',(0.,1.));
#2693 = ( GEOMETRIC_REPRESENTATION_CONTEXT(2) 
PARAMETRIC_REPRESENTATION_CONTEXT() REPRESENTATION_CONTEXT('2D SPACE',''
  ) );
#2694 = ORIENTED_EDGE('',*,*,#2695,.F.);
#2695 = EDGE_CURVE('',#2696,#2668,#2698,.T.);
#2696 = VERTEX_POINT('',#2697);
#2697 = CARTESIAN_POINT('',(-13.90678331289,-10.99983875461,
    -5.999850066979));
#2698 = SURFACE_CURVE('',#2699,(#2704,#2715),.PCURVE_S1.);
#2699 = CIRCLE('',#2700,1.157066656964);
#2700 = AXIS2_PLACEMENT_3D('',#2701,#2702,#2703);
#2701 = CARTESIAN_POINT('',(-12.74971665592,-10.99983875461,
    -5.999850066979));
#2702 = DIRECTION('',(0.,-1.,0.));
#2703 = DIRECTION('',(0.,0.,1.));
#2704 = PCURVE('',#1604,#2705);
#2705 = DEFINITIONAL_REPRESENTATION('',(#2706),#2714);
#2706 = ( BOUNDED_CURVE() B_SPLINE_CURVE(2,(#2707,#2708,#2709,#2710,
#2711,#2712,#2713),.UNSPECIFIED.,.T.,.F.) B_SPLINE_CURVE_WITH_KNOTS((1,2
    ,2,2,2,1),(-2.094395102393,0.,2.094395102393,4.188790204786,
6.28318530718,8.377580409573),.UNSPECIFIED.) CURVE() 
GEOMETRIC_REPRESENTATION_ITEM() RATIONAL_B_SPLINE_CURVE((1.,0.5,1.,0.5,
1.,0.5,1.)) REPRESENTATION_ITEM('') );
#2707 = CARTESIAN_POINT('',(-4.842783343036,-12.74968125));
#2708 = CARTESIAN_POINT('',(-4.842783343036,-14.7537794876));
#2709 = CARTESIAN_POINT('',(-6.578383328482,-13.7517303688));
#2710 = CARTESIAN_POINT('',(-8.313983313929,-12.74968125));
#2711 = CARTESIAN_POINT('',(-6.578383328482,-11.74763213119));
#2712 = CARTESIAN_POINT('',(-4.842783343036,-10.74558301239));
#2713 = CARTESIAN_POINT('',(-4.842783343036,-12.74968125));
#2714 = ( GEOMETRIC_REPRESENTATION_CONTEXT(2) 
PARAMETRIC_REPRESENTATION_CONTEXT() REPRESENTATION_CONTEXT('2D SPACE',''
  ) );
#2715 = PCURVE('',#2716,#2721);
#2716 = CONICAL_SURFACE('',#2717,0.999975,1.745329251994E-02);
#2717 = AXIS2_PLACEMENT_3D('',#2718,#2719,#2720);
#2718 = CARTESIAN_POINT('',(-12.74971665592,-2.000063754614,
    -5.999850066979));
#2719 = DIRECTION('',(0.,-1.,0.));
#2720 = DIRECTION('',(0.,0.,1.));
#2721 = DEFINITIONAL_REPRESENTATION('',(#2722),#2726);
#2722 = LINE('',#2723,#2724);
#2723 = CARTESIAN_POINT('',(0.,8.999775));
#2724 = VECTOR('',#2725,1.);
#2725 = DIRECTION('',(1.,0.));
#2726 = ( GEOMETRIC_REPRESENTATION_CONTEXT(2) 
PARAMETRIC_REPRESENTATION_CONTEXT() REPRESENTATION_CONTEXT('2D SPACE',''
  ) );
#2727 = ORIENTED_EDGE('',*,*,#2728,.F.);
#2728 = EDGE_CURVE('',#2729,#2696,#2731,.T.);
#2729 = VERTEX_POINT('',#2730);
#2730 = CARTESIAN_POINT('',(-13.90678331289,-10.99983875461,
    5.999849933021));
#2731 = SURFACE_CURVE('',#2732,(#2736,#2743),.PCURVE_S1.);
#2732 = LINE('',#2733,#2734);
#2733 = CARTESIAN_POINT('',(-13.90678331289,-10.99983875461,
    -5.999850066979));
#2734 = VECTOR('',#2735,1.);
#2735 = DIRECTION('',(1.445602896647E-16,-0.,-1.));
#2736 = PCURVE('',#1604,#2737);
#2737 = DEFINITIONAL_REPRESENTATION('',(#2738),#2742);
#2738 = LINE('',#2739,#2740);
#2739 = CARTESIAN_POINT('',(-5.99985,-13.90674790696));
#2740 = VECTOR('',#2741,1.);
#2741 = DIRECTION('',(-1.,1.445602896647E-16));
#2742 = ( GEOMETRIC_REPRESENTATION_CONTEXT(2) 
PARAMETRIC_REPRESENTATION_CONTEXT() REPRESENTATION_CONTEXT('2D SPACE',''
  ) );
#2743 = PCURVE('',#2744,#2749);
#2744 = PLANE('',#2745);
#2745 = AXIS2_PLACEMENT_3D('',#2746,#2747,#2748);
#2746 = CARTESIAN_POINT('',(-13.74969165592,-2.000063754614,
    -5.999850066979));
#2747 = DIRECTION('',(0.999847695156,-1.745240643728E-02,
    1.445382724324E-16));
#2748 = DIRECTION('',(1.745240643728E-02,0.999847695156,0.));
#2749 = DEFINITIONAL_REPRESENTATION('',(#2750),#2754);
#2750 = LINE('',#2751,#2752);
#2751 = CARTESIAN_POINT('',(-9.001145918121,-7.703719777549E-32));
#2752 = VECTOR('',#2753,1.);
#2753 = DIRECTION('',(2.52292492992E-18,-1.));
#2754 = ( GEOMETRIC_REPRESENTATION_CONTEXT(2) 
PARAMETRIC_REPRESENTATION_CONTEXT() REPRESENTATION_CONTEXT('2D SPACE',''
  ) );
#2755 = ORIENTED_EDGE('',*,*,#2756,.F.);
#2756 = EDGE_CURVE('',#2757,#2729,#2759,.T.);
#2757 = VERTEX_POINT('',#2758);
#2758 = CARTESIAN_POINT('',(-12.74971665592,-10.99983875461,
    7.156916589986));
#2759 = SURFACE_CURVE('',#2760,(#2765,#2776),.PCURVE_S1.);
#2760 = CIRCLE('',#2761,1.157066656964);
#2761 = AXIS2_PLACEMENT_3D('',#2762,#2763,#2764);
#2762 = CARTESIAN_POINT('',(-12.74971665592,-10.99983875461,
    5.999849933021));
#2763 = DIRECTION('',(0.,-1.,0.));
#2764 = DIRECTION('',(0.,0.,1.));
#2765 = PCURVE('',#1604,#2766);
#2766 = DEFINITIONAL_REPRESENTATION('',(#2767),#2775);
#2767 = ( BOUNDED_CURVE() B_SPLINE_CURVE(2,(#2768,#2769,#2770,#2771,
#2772,#2773,#2774),.UNSPECIFIED.,.T.,.F.) B_SPLINE_CURVE_WITH_KNOTS((1,2
    ,2,2,2,1),(-2.094395102393,0.,2.094395102393,4.188790204786,
6.28318530718,8.377580409573),.UNSPECIFIED.) CURVE() 
GEOMETRIC_REPRESENTATION_ITEM() RATIONAL_B_SPLINE_CURVE((1.,0.5,1.,0.5,
1.,0.5,1.)) REPRESENTATION_ITEM('') );
#2768 = CARTESIAN_POINT('',(7.156916656964,-12.74968125));
#2769 = CARTESIAN_POINT('',(7.156916656964,-14.7537794876));
#2770 = CARTESIAN_POINT('',(5.421316671518,-13.7517303688));
#2771 = CARTESIAN_POINT('',(3.685716686071,-12.74968125));
#2772 = CARTESIAN_POINT('',(5.421316671518,-11.74763213119));
#2773 = CARTESIAN_POINT('',(7.156916656964,-10.74558301239));
#2774 = CARTESIAN_POINT('',(7.156916656964,-12.74968125));
#2775 = ( GEOMETRIC_REPRESENTATION_CONTEXT(2) 
PARAMETRIC_REPRESENTATION_CONTEXT() REPRESENTATION_CONTEXT('2D SPACE',''
  ) );
#2776 = PCURVE('',#2777,#2782);
#2777 = CONICAL_SURFACE('',#2778,0.999975,1.745329251994E-02);
#2778 = AXIS2_PLACEMENT_3D('',#2779,#2780,#2781);
#2779 = CARTESIAN_POINT('',(-12.74971665592,-2.000063754614,
    5.999849933021));
#2780 = DIRECTION('',(0.,-1.,0.));
#2781 = DIRECTION('',(0.,0.,1.));
#2782 = DEFINITIONAL_REPRESENTATION('',(#2783),#2787);
#2783 = LINE('',#2784,#2785);
#2784 = CARTESIAN_POINT('',(0.,8.999775));
#2785 = VECTOR('',#2786,1.);
#2786 = DIRECTION('',(1.,0.));
#2787 = ( GEOMETRIC_REPRESENTATION_CONTEXT(2) 
PARAMETRIC_REPRESENTATION_CONTEXT() REPRESENTATION_CONTEXT('2D SPACE',''
  ) );
#2788 = ORIENTED_EDGE('',*,*,#2789,.F.);
#2789 = EDGE_CURVE('',#2790,#2757,#2792,.T.);
#2790 = VERTEX_POINT('',#2791);
#2791 = CARTESIAN_POINT('',(-5.749891655928,-10.99983875461,
    7.156916589986));
#2792 = SURFACE_CURVE('',#2793,(#2797,#2804),.PCURVE_S1.);
#2793 = LINE('',#2794,#2795);
#2794 = CARTESIAN_POINT('',(-5.749891655928,-10.99983875461,
    7.156916589986));
#2795 = VECTOR('',#2796,1.);
#2796 = DIRECTION('',(-1.,-0.,-0.));
#2797 = PCURVE('',#1604,#2798);
#2798 = DEFINITIONAL_REPRESENTATION('',(#2799),#2803);
#2799 = LINE('',#2800,#2801);
#2800 = CARTESIAN_POINT('',(7.156916656964,-5.74985625));
#2801 = VECTOR('',#2802,1.);
#2802 = DIRECTION('',(0.,-1.));
#2803 = ( GEOMETRIC_REPRESENTATION_CONTEXT(2) 
PARAMETRIC_REPRESENTATION_CONTEXT() REPRESENTATION_CONTEXT('2D SPACE',''
  ) );
#2804 = PCURVE('',#2805,#2810);
#2805 = PLANE('',#2806);
#2806 = AXIS2_PLACEMENT_3D('',#2807,#2808,#2809);
#2807 = CARTESIAN_POINT('',(-5.749891655928,-2.000063754614,
    6.999824933021));
#2808 = DIRECTION('',(0.,-1.745240643728E-02,-0.999847695156));
#2809 = DIRECTION('',(0.,0.999847695156,-1.745240643728E-02));
#2810 = DEFINITIONAL_REPRESENTATION('',(#2811),#2815);
#2811 = LINE('',#2812,#2813);
#2812 = CARTESIAN_POINT('',(-9.001145918121,0.));
#2813 = VECTOR('',#2814,1.);
#2814 = DIRECTION('',(0.,-1.));
#2815 = ( GEOMETRIC_REPRESENTATION_CONTEXT(2) 
PARAMETRIC_REPRESENTATION_CONTEXT() REPRESENTATION_CONTEXT('2D SPACE',''
  ) );
#2816 = ORIENTED_EDGE('',*,*,#2817,.F.);
#2817 = EDGE_CURVE('',#2818,#2790,#2820,.T.);
#2818 = VERTEX_POINT('',#2819);
#2819 = CARTESIAN_POINT('',(-4.592824998964,-10.99983875461,
    5.999849933021));
#2820 = SURFACE_CURVE('',#2821,(#2826,#2837),.PCURVE_S1.);
#2821 = CIRCLE('',#2822,1.157066656964);
#2822 = AXIS2_PLACEMENT_3D('',#2823,#2824,#2825);
#2823 = CARTESIAN_POINT('',(-5.749891655928,-10.99983875461,
    5.999849933021));
#2824 = DIRECTION('',(0.,-1.,0.));
#2825 = DIRECTION('',(0.,0.,1.));
#2826 = PCURVE('',#1604,#2827);
#2827 = DEFINITIONAL_REPRESENTATION('',(#2828),#2836);
#2828 = ( BOUNDED_CURVE() B_SPLINE_CURVE(2,(#2829,#2830,#2831,#2832,
#2833,#2834,#2835),.UNSPECIFIED.,.T.,.F.) B_SPLINE_CURVE_WITH_KNOTS((1,2
    ,2,2,2,1),(-2.094395102393,0.,2.094395102393,4.188790204786,
6.28318530718,8.377580409573),.UNSPECIFIED.) CURVE() 
GEOMETRIC_REPRESENTATION_ITEM() RATIONAL_B_SPLINE_CURVE((1.,0.5,1.,0.5,
1.,0.5,1.)) REPRESENTATION_ITEM('') );
#2829 = CARTESIAN_POINT('',(7.156916656964,-5.74985625));
#2830 = CARTESIAN_POINT('',(7.156916656964,-7.753954487606));
#2831 = CARTESIAN_POINT('',(5.421316671518,-6.751905368803));
#2832 = CARTESIAN_POINT('',(3.685716686071,-5.74985625));
#2833 = CARTESIAN_POINT('',(5.421316671518,-4.747807131197));
#2834 = CARTESIAN_POINT('',(7.156916656964,-3.745758012394));
#2835 = CARTESIAN_POINT('',(7.156916656964,-5.74985625));
#2836 = ( GEOMETRIC_REPRESENTATION_CONTEXT(2) 
PARAMETRIC_REPRESENTATION_CONTEXT() REPRESENTATION_CONTEXT('2D SPACE',''
  ) );
#2837 = PCURVE('',#2838,#2843);
#2838 = CONICAL_SURFACE('',#2839,0.999975,1.745329251994E-02);
#2839 = AXIS2_PLACEMENT_3D('',#2840,#2841,#2842);
#2840 = CARTESIAN_POINT('',(-5.749891655928,-2.000063754614,
    5.999849933021));
#2841 = DIRECTION('',(0.,-1.,0.));
#2842 = DIRECTION('',(0.,0.,1.));
#2843 = DEFINITIONAL_REPRESENTATION('',(#2844),#2848);
#2844 = LINE('',#2845,#2846);
#2845 = CARTESIAN_POINT('',(0.,8.999775));
#2846 = VECTOR('',#2847,1.);
#2847 = DIRECTION('',(1.,0.));
#2848 = ( GEOMETRIC_REPRESENTATION_CONTEXT(2) 
PARAMETRIC_REPRESENTATION_CONTEXT() REPRESENTATION_CONTEXT('2D SPACE',''
  ) );
#2849 = ORIENTED_EDGE('',*,*,#2850,.F.);
#2850 = EDGE_CURVE('',#2635,#2818,#2851,.T.);
#2851 = SURFACE_CURVE('',#2852,(#2856,#2863),.PCURVE_S1.);
#2852 = LINE('',#2853,#2854);
#2853 = CARTESIAN_POINT('',(-4.592824998964,-10.99983875461,
    -5.999850066979));
#2854 = VECTOR('',#2855,1.);
#2855 = DIRECTION('',(1.445602896647E-16,-0.,1.));
#2856 = PCURVE('',#1604,#2857);
#2857 = DEFINITIONAL_REPRESENTATION('',(#2858),#2862);
#2858 = LINE('',#2859,#2860);
#2859 = CARTESIAN_POINT('',(-5.99985,-4.592789593036));
#2860 = VECTOR('',#2861,1.);
#2861 = DIRECTION('',(1.,1.445602896647E-16));
#2862 = ( GEOMETRIC_REPRESENTATION_CONTEXT(2) 
PARAMETRIC_REPRESENTATION_CONTEXT() REPRESENTATION_CONTEXT('2D SPACE',''
  ) );
#2863 = PCURVE('',#2864,#2869);
#2864 = PLANE('',#2865);
#2865 = AXIS2_PLACEMENT_3D('',#2866,#2867,#2868);
#2866 = CARTESIAN_POINT('',(-4.749916655928,-2.000063754614,
    -5.999850066979));
#2867 = DIRECTION('',(-0.999847695156,-1.745240643728E-02,
    1.445382724324E-16));
#2868 = DIRECTION('',(1.745240643728E-02,-0.999847695156,0.));
#2869 = DEFINITIONAL_REPRESENTATION('',(#2870),#2874);
#2870 = LINE('',#2871,#2872);
#2871 = CARTESIAN_POINT('',(9.001145918121,4.930380657631E-32));
#2872 = VECTOR('',#2873,1.);
#2873 = DIRECTION('',(2.52292492992E-18,1.));
#2874 = ( GEOMETRIC_REPRESENTATION_CONTEXT(2) 
PARAMETRIC_REPRESENTATION_CONTEXT() REPRESENTATION_CONTEXT('2D SPACE',''
  ) );
#2875 = FACE_BOUND('',#2876,.T.);
#2876 = EDGE_LOOP('',(#2877,#2900,#2928,#2949,#2950,#2973,#2996,#3032,
    #3055,#3091,#3114,#3135,#3136,#3159,#3187,#3208,#3209,#3210));
#2877 = ORIENTED_EDGE('',*,*,#2878,.F.);
#2878 = EDGE_CURVE('',#2879,#1868,#2881,.T.);
#2879 = VERTEX_POINT('',#2880);
#2880 = CARTESIAN_POINT('',(9.595838343495,-10.99983875461,
    6.691731720124));
#2881 = SURFACE_CURVE('',#2882,(#2886,#2893),.PCURVE_S1.);
#2882 = LINE('',#2883,#2884);
#2883 = CARTESIAN_POINT('',(9.563421251112,-10.99983875461,
    -4.601241941163E-02));
#2884 = VECTOR('',#2885,1.);
#2885 = DIRECTION('',(4.81121225706E-03,0.,0.999988426051));
#2886 = PCURVE('',#1604,#2887);
#2887 = DEFINITIONAL_REPRESENTATION('',(#2888),#2892);
#2888 = LINE('',#2889,#2890);
#2889 = CARTESIAN_POINT('',(-4.601235243282E-02,9.56345665704));
#2890 = VECTOR('',#2891,1.);
#2891 = DIRECTION('',(0.999988426051,4.81121225706E-03));
#2892 = ( GEOMETRIC_REPRESENTATION_CONTEXT(2) 
PARAMETRIC_REPRESENTATION_CONTEXT() REPRESENTATION_CONTEXT('2D SPACE',''
  ) );
#2893 = PCURVE('',#2073,#2894);
#2894 = DEFINITIONAL_REPRESENTATION('',(#2895),#2899);
#2895 = LINE('',#2896,#2897);
#2896 = CARTESIAN_POINT('',(5.500157039106,-5.941829933581));
#2897 = VECTOR('',#2898,1.);
#2898 = DIRECTION('',(8.071541754404E-05,0.999999996743));
#2899 = ( GEOMETRIC_REPRESENTATION_CONTEXT(2) 
PARAMETRIC_REPRESENTATION_CONTEXT() REPRESENTATION_CONTEXT('2D SPACE',''
  ) );
#2900 = ORIENTED_EDGE('',*,*,#2901,.T.);
#2901 = EDGE_CURVE('',#2879,#2902,#2904,.T.);
#2902 = VERTEX_POINT('',#2903);
#2903 = CARTESIAN_POINT('',(12.403540844649,-10.99983875461,
    6.691731720124));
#2904 = SURFACE_CURVE('',#2905,(#2909,#2916),.PCURVE_S1.);
#2905 = LINE('',#2906,#2907);
#2906 = CARTESIAN_POINT('',(-3.540592832773E-05,-10.99983875461,
    6.691731720124));
#2907 = VECTOR('',#2908,1.);
#2908 = DIRECTION('',(1.,0.,0.));
#2909 = PCURVE('',#1604,#2910);
#2910 = DEFINITIONAL_REPRESENTATION('',(#2911),#2915);
#2911 = LINE('',#2912,#2913);
#2912 = CARTESIAN_POINT('',(6.691731787103,0.));
#2913 = VECTOR('',#2914,1.);
#2914 = DIRECTION('',(0.,1.));
#2915 = ( GEOMETRIC_REPRESENTATION_CONTEXT(2) 
PARAMETRIC_REPRESENTATION_CONTEXT() REPRESENTATION_CONTEXT('2D SPACE',''
  ) );
#2916 = PCURVE('',#2917,#2922);
#2917 = PLANE('',#2918);
#2918 = AXIS2_PLACEMENT_3D('',#2919,#2920,#2921);
#2919 = CARTESIAN_POINT('',(-3.540592832773E-05,-10.99983875461,
    6.691731720124));
#2920 = DIRECTION('',(-0.,-0.155559359314,-0.987826546378));
#2921 = DIRECTION('',(-1.,0.,0.));
#2922 = DEFINITIONAL_REPRESENTATION('',(#2923),#2927);
#2923 = LINE('',#2924,#2925);
#2924 = CARTESIAN_POINT('',(0.,0.));
#2925 = VECTOR('',#2926,1.);
#2926 = DIRECTION('',(-1.,0.));
#2927 = ( GEOMETRIC_REPRESENTATION_CONTEXT(2) 
PARAMETRIC_REPRESENTATION_CONTEXT() REPRESENTATION_CONTEXT('2D SPACE',''
  ) );
#2928 = ORIENTED_EDGE('',*,*,#2929,.T.);
#2929 = EDGE_CURVE('',#2902,#2581,#2930,.T.);
#2930 = SURFACE_CURVE('',#2931,(#2935,#2942),.PCURVE_S1.);
#2931 = LINE('',#2932,#2933);
#2932 = CARTESIAN_POINT('',(12.49097214351,-10.99983875461,
    -11.48046319965));
#2933 = VECTOR('',#2934,1.);
#2934 = DIRECTION('',(-4.81121225706E-03,0.,0.999988426051));
#2935 = PCURVE('',#1604,#2936);
#2936 = DEFINITIONAL_REPRESENTATION('',(#2937),#2941);
#2937 = LINE('',#2938,#2939);
#2938 = CARTESIAN_POINT('',(-11.48046313267,12.491007549438));
#2939 = VECTOR('',#2940,1.);
#2940 = DIRECTION('',(0.999988426051,-4.81121225706E-03));
#2941 = ( GEOMETRIC_REPRESENTATION_CONTEXT(2) 
PARAMETRIC_REPRESENTATION_CONTEXT() REPRESENTATION_CONTEXT('2D SPACE',''
  ) );
#2942 = PCURVE('',#2617,#2943);
#2943 = DEFINITIONAL_REPRESENTATION('',(#2944),#2948);
#2944 = LINE('',#2945,#2946);
#2945 = CARTESIAN_POINT('',(-0.517398685791,-4.176205109252E-05));
#2946 = VECTOR('',#2947,1.);
#2947 = DIRECTION('',(-8.071541754404E-05,0.999999996743));
#2948 = ( GEOMETRIC_REPRESENTATION_CONTEXT(2) 
PARAMETRIC_REPRESENTATION_CONTEXT() REPRESENTATION_CONTEXT('2D SPACE',''
  ) );
#2949 = ORIENTED_EDGE('',*,*,#2580,.T.);
#2950 = ORIENTED_EDGE('',*,*,#2951,.T.);
#2951 = EDGE_CURVE('',#2529,#2952,#2954,.T.);
#2952 = VERTEX_POINT('',#2953);
#2953 = CARTESIAN_POINT('',(12.505203803038,-10.99983875461,
    8.923291273047));
#2954 = SURFACE_CURVE('',#2955,(#2959,#2966),.PCURVE_S1.);
#2955 = LINE('',#2956,#2957);
#2956 = CARTESIAN_POINT('',(12.505203803038,-10.99983875461,
    8.923291273047));
#2957 = VECTOR('',#2958,1.);
#2958 = DIRECTION('',(0.,0.,1.));
#2959 = PCURVE('',#1604,#2960);
#2960 = DEFINITIONAL_REPRESENTATION('',(#2961),#2965);
#2961 = LINE('',#2962,#2963);
#2962 = CARTESIAN_POINT('',(8.923291340026,12.505239208966));
#2963 = VECTOR('',#2964,1.);
#2964 = DIRECTION('',(1.,0.));
#2965 = ( GEOMETRIC_REPRESENTATION_CONTEXT(2) 
PARAMETRIC_REPRESENTATION_CONTEXT() REPRESENTATION_CONTEXT('2D SPACE',''
  ) );
#2966 = PCURVE('',#2546,#2967);
#2967 = DEFINITIONAL_REPRESENTATION('',(#2968),#2972);
#2968 = LINE('',#2969,#2970);
#2969 = CARTESIAN_POINT('',(4.712388980385,-8.923291340026));
#2970 = VECTOR('',#2971,1.);
#2971 = DIRECTION('',(0.,-1.));
#2972 = ( GEOMETRIC_REPRESENTATION_CONTEXT(2) 
PARAMETRIC_REPRESENTATION_CONTEXT() REPRESENTATION_CONTEXT('2D SPACE',''
  ) );
#2973 = ORIENTED_EDGE('',*,*,#2974,.F.);
#2974 = EDGE_CURVE('',#2975,#2952,#2977,.T.);
#2975 = VERTEX_POINT('',#2976);
#2976 = CARTESIAN_POINT('',(-13.75105926585,-10.99983875461,
    8.923291273047));
#2977 = SURFACE_CURVE('',#2978,(#2982,#2989),.PCURVE_S1.);
#2978 = LINE('',#2979,#2980);
#2979 = CARTESIAN_POINT('',(-3.540592832686E-05,-10.99983875461,
    8.923291273047));
#2980 = VECTOR('',#2981,1.);
#2981 = DIRECTION('',(1.,0.,-9.773090005503E-17));
#2982 = PCURVE('',#1604,#2983);
#2983 = DEFINITIONAL_REPRESENTATION('',(#2984),#2988);
#2984 = LINE('',#2985,#2986);
#2985 = CARTESIAN_POINT('',(8.923291340026,8.756694371351E-16));
#2986 = VECTOR('',#2987,1.);
#2987 = DIRECTION('',(-9.773090005503E-17,1.));
#2988 = ( GEOMETRIC_REPRESENTATION_CONTEXT(2) 
PARAMETRIC_REPRESENTATION_CONTEXT() REPRESENTATION_CONTEXT('2D SPACE',''
  ) );
#2989 = PCURVE('',#509,#2990);
#2990 = DEFINITIONAL_REPRESENTATION('',(#2991),#2995);
#2991 = LINE('',#2992,#2993);
#2992 = CARTESIAN_POINT('',(11.014820428582,-17.74955625));
#2993 = VECTOR('',#2994,1.);
#2994 = DIRECTION('',(5.114840108864E-18,1.));
#2995 = ( GEOMETRIC_REPRESENTATION_CONTEXT(2) 
PARAMETRIC_REPRESENTATION_CONTEXT() REPRESENTATION_CONTEXT('2D SPACE',''
  ) );
#2996 = ORIENTED_EDGE('',*,*,#2997,.T.);
#2997 = EDGE_CURVE('',#2975,#2998,#3000,.T.);
#2998 = VERTEX_POINT('',#2999);
#2999 = CARTESIAN_POINT('',(-15.67109952842,-10.99983875461,
    7.003251010481));
#3000 = SURFACE_CURVE('',#3001,(#3012,#3026),.PCURVE_S1.);
#3001 = B_SPLINE_CURVE_WITH_KNOTS('',3,(#3002,#3003,#3004,#3005,#3006,
    #3007,#3008,#3009,#3010,#3011),.UNSPECIFIED.,.F.,.F.,(4,2,2,2,4),(0.
    ,7.501428495817E-04,1.500285699163E-03,2.250428548745E-03,
    3.000571398327E-03),.UNSPECIFIED.);
#3002 = CARTESIAN_POINT('',(-13.75105926585,-10.99983875461,
    8.923291273047));
#3003 = CARTESIAN_POINT('',(-14.00289727528,-10.99983875461,
    8.923291272978));
#3004 = CARTESIAN_POINT('',(-14.25427098541,-10.99983875461,
    8.873320843357));
#3005 = CARTESIAN_POINT('',(-14.71871709666,-10.99983875461,
    8.681095072775));
#3006 = CARTESIAN_POINT('',(-14.9315674232,-10.99983875461,
    8.538918393402));
#3007 = CARTESIAN_POINT('',(-15.28672664877,-10.99983875461,
    8.183759167836));
#3008 = CARTESIAN_POINT('',(-15.42890332814,-10.99983875461,
    7.970908841295));
#3009 = CARTESIAN_POINT('',(-15.62112909873,-10.99983875461,
    7.506462730039));
#3010 = CARTESIAN_POINT('',(-15.67109952835,-10.99983875461,
    7.255089019911));
#3011 = CARTESIAN_POINT('',(-15.67109952842,-10.99983875461,
    7.003251010481));
#3012 = PCURVE('',#1604,#3013);
#3013 = DEFINITIONAL_REPRESENTATION('',(#3014),#3025);
#3014 = B_SPLINE_CURVE_WITH_KNOTS('',3,(#3015,#3016,#3017,#3018,#3019,
    #3020,#3021,#3022,#3023,#3024),.UNSPECIFIED.,.F.,.F.,(4,2,2,2,4),(0.
    ,7.501428495817E-04,1.500285699163E-03,2.250428548745E-03,
    3.000571398327E-03),.UNSPECIFIED.);
#3015 = CARTESIAN_POINT('',(8.923291340026,-13.75102385992));
#3016 = CARTESIAN_POINT('',(8.923291339956,-14.00286186935));
#3017 = CARTESIAN_POINT('',(8.873320910336,-14.25423557948));
#3018 = CARTESIAN_POINT('',(8.681095139754,-14.71868169073));
#3019 = CARTESIAN_POINT('',(8.538918460381,-14.93153201728));
#3020 = CARTESIAN_POINT('',(8.183759234815,-15.28669124284));
#3021 = CARTESIAN_POINT('',(7.970908908273,-15.42886792222));
#3022 = CARTESIAN_POINT('',(7.506462797018,-15.6210936928));
#3023 = CARTESIAN_POINT('',(7.25508908689,-15.67106412242));
#3024 = CARTESIAN_POINT('',(7.003251077459,-15.67106412249));
#3025 = ( GEOMETRIC_REPRESENTATION_CONTEXT(2) 
PARAMETRIC_REPRESENTATION_CONTEXT() REPRESENTATION_CONTEXT('2D SPACE',''
  ) );
#3026 = PCURVE('',#466,#3027);
#3027 = DEFINITIONAL_REPRESENTATION('',(#3028),#3031);
#3028 = B_SPLINE_CURVE_WITH_KNOTS('',1,(#3029,#3030),.UNSPECIFIED.,.F.,
  .F.,(2,2),(0.,3.000571398327E-03),.PIECEWISE_BEZIER_KNOTS.);
#3029 = CARTESIAN_POINT('',(0.833333333333,3.925621289117));
#3030 = CARTESIAN_POINT('',(0.833333333333,2.357564018063));
#3031 = ( GEOMETRIC_REPRESENTATION_CONTEXT(2) 
PARAMETRIC_REPRESENTATION_CONTEXT() REPRESENTATION_CONTEXT('2D SPACE',''
  ) );
#3032 = ORIENTED_EDGE('',*,*,#3033,.T.);
#3033 = EDGE_CURVE('',#2998,#3034,#3036,.T.);
#3034 = VERTEX_POINT('',#3035);
#3035 = CARTESIAN_POINT('',(-15.67109952842,-10.99983875461,
    -7.003251144438));
#3036 = SURFACE_CURVE('',#3037,(#3041,#3048),.PCURVE_S1.);
#3037 = LINE('',#3038,#3039);
#3038 = CARTESIAN_POINT('',(-15.67109952842,-10.99983875461,
    -6.697881763362E-08));
#3039 = VECTOR('',#3040,1.);
#3040 = DIRECTION('',(-0.,-0.,-1.));
#3041 = PCURVE('',#1604,#3042);
#3042 = DEFINITIONAL_REPRESENTATION('',(#3043),#3047);
#3043 = LINE('',#3044,#3045);
#3044 = CARTESIAN_POINT('',(0.,-15.67106412249));
#3045 = VECTOR('',#3046,1.);
#3046 = DIRECTION('',(-1.,0.));
#3047 = ( GEOMETRIC_REPRESENTATION_CONTEXT(2) 
PARAMETRIC_REPRESENTATION_CONTEXT() REPRESENTATION_CONTEXT('2D SPACE',''
  ) );
#3048 = PCURVE('',#424,#3049);
#3049 = DEFINITIONAL_REPRESENTATION('',(#3050),#3054);
#3050 = LINE('',#3051,#3052);
#3051 = CARTESIAN_POINT('',(11.014820428582,0.));
#3052 = VECTOR('',#3053,1.);
#3053 = DIRECTION('',(0.,-1.));
#3054 = ( GEOMETRIC_REPRESENTATION_CONTEXT(2) 
PARAMETRIC_REPRESENTATION_CONTEXT() REPRESENTATION_CONTEXT('2D SPACE',''
  ) );
#3055 = ORIENTED_EDGE('',*,*,#3056,.T.);
#3056 = EDGE_CURVE('',#3034,#3057,#3059,.T.);
#3057 = VERTEX_POINT('',#3058);
#3058 = CARTESIAN_POINT('',(-13.75105926585,-10.99983875461,
    -8.923291407005));
#3059 = SURFACE_CURVE('',#3060,(#3071,#3085),.PCURVE_S1.);
#3060 = B_SPLINE_CURVE_WITH_KNOTS('',3,(#3061,#3062,#3063,#3064,#3065,
    #3066,#3067,#3068,#3069,#3070),.UNSPECIFIED.,.F.,.F.,(4,2,2,2,4),(0.
    ,7.501428495817E-04,1.500285699163E-03,2.250428548745E-03,
    3.000571398327E-03),.UNSPECIFIED.);
#3061 = CARTESIAN_POINT('',(-15.67109952842,-10.99983875461,
    -7.003251144438));
#3062 = CARTESIAN_POINT('',(-15.67109952835,-10.99983875461,
    -7.255089153869));
#3063 = CARTESIAN_POINT('',(-15.62112909873,-10.99983875461,
    -7.506462863997));
#3064 = CARTESIAN_POINT('',(-15.42890332814,-10.99983875461,
    -7.970908975252));
#3065 = CARTESIAN_POINT('',(-15.28672664877,-10.99983875461,
    -8.183759301794));
#3066 = CARTESIAN_POINT('',(-14.93156742321,-10.99983875461,
    -8.53891852736));
#3067 = CARTESIAN_POINT('',(-14.71871709666,-10.99983875461,
    -8.681095206733));
#3068 = CARTESIAN_POINT('',(-14.25427098541,-10.99983875461,
    -8.873320977315));
#3069 = CARTESIAN_POINT('',(-14.00289727528,-10.99983875461,
    -8.923291406935));
#3070 = CARTESIAN_POINT('',(-13.75105926585,-10.99983875461,
    -8.923291407005));
#3071 = PCURVE('',#1604,#3072);
#3072 = DEFINITIONAL_REPRESENTATION('',(#3073),#3084);
#3073 = B_SPLINE_CURVE_WITH_KNOTS('',3,(#3074,#3075,#3076,#3077,#3078,
    #3079,#3080,#3081,#3082,#3083),.UNSPECIFIED.,.F.,.F.,(4,2,2,2,4),(0.
    ,7.501428495817E-04,1.500285699163E-03,2.250428548745E-03,
    3.000571398327E-03),.UNSPECIFIED.);
#3074 = CARTESIAN_POINT('',(-7.003251077459,-15.67106412249));
#3075 = CARTESIAN_POINT('',(-7.25508908689,-15.67106412242));
#3076 = CARTESIAN_POINT('',(-7.506462797018,-15.6210936928));
#3077 = CARTESIAN_POINT('',(-7.970908908274,-15.42886792222));
#3078 = CARTESIAN_POINT('',(-8.183759234815,-15.28669124284));
#3079 = CARTESIAN_POINT('',(-8.538918460381,-14.93153201728));
#3080 = CARTESIAN_POINT('',(-8.681095139754,-14.71868169073));
#3081 = CARTESIAN_POINT('',(-8.873320910336,-14.25423557948));
#3082 = CARTESIAN_POINT('',(-8.923291339956,-14.00286186935));
#3083 = CARTESIAN_POINT('',(-8.923291340026,-13.75102385992));
#3084 = ( GEOMETRIC_REPRESENTATION_CONTEXT(2) 
PARAMETRIC_REPRESENTATION_CONTEXT() REPRESENTATION_CONTEXT('2D SPACE',''
  ) );
#3085 = PCURVE('',#381,#3086);
#3086 = DEFINITIONAL_REPRESENTATION('',(#3087),#3090);
#3087 = B_SPLINE_CURVE_WITH_KNOTS('',1,(#3088,#3089),.UNSPECIFIED.,.F.,
  .F.,(2,2),(0.,3.000571398327E-03),.PIECEWISE_BEZIER_KNOTS.);
#3088 = CARTESIAN_POINT('',(0.833333333333,7.067213942707));
#3089 = CARTESIAN_POINT('',(0.833333333333,5.499156671653));
#3090 = ( GEOMETRIC_REPRESENTATION_CONTEXT(2) 
PARAMETRIC_REPRESENTATION_CONTEXT() REPRESENTATION_CONTEXT('2D SPACE',''
  ) );
#3091 = ORIENTED_EDGE('',*,*,#3092,.F.);
#3092 = EDGE_CURVE('',#3093,#3057,#3095,.T.);
#3093 = VERTEX_POINT('',#3094);
#3094 = CARTESIAN_POINT('',(12.505203803038,-10.99983875461,
    -8.923291407005));
#3095 = SURFACE_CURVE('',#3096,(#3100,#3107),.PCURVE_S1.);
#3096 = LINE('',#3097,#3098);
#3097 = CARTESIAN_POINT('',(-3.54059283286E-05,-10.99983875461,
    -8.923291407005));
#3098 = VECTOR('',#3099,1.);
#3099 = DIRECTION('',(-1.,0.,9.773090005503E-17));
#3100 = PCURVE('',#1604,#3101);
#3101 = DEFINITIONAL_REPRESENTATION('',(#3102),#3106);
#3102 = LINE('',#3103,#3104);
#3103 = CARTESIAN_POINT('',(-8.923291340026,-8.655524756131E-16));
#3104 = VECTOR('',#3105,1.);
#3105 = DIRECTION('',(9.773090005503E-17,-1.));
#3106 = ( GEOMETRIC_REPRESENTATION_CONTEXT(2) 
PARAMETRIC_REPRESENTATION_CONTEXT() REPRESENTATION_CONTEXT('2D SPACE',''
  ) );
#3107 = PCURVE('',#339,#3108);
#3108 = DEFINITIONAL_REPRESENTATION('',(#3109),#3113);
#3109 = LINE('',#3110,#3111);
#3110 = CARTESIAN_POINT('',(-11.01482042858,-17.74955625));
#3111 = VECTOR('',#3112,1.);
#3112 = DIRECTION('',(-5.114840108864E-18,-1.));
#3113 = ( GEOMETRIC_REPRESENTATION_CONTEXT(2) 
PARAMETRIC_REPRESENTATION_CONTEXT() REPRESENTATION_CONTEXT('2D SPACE',''
  ) );
#3114 = ORIENTED_EDGE('',*,*,#3115,.T.);
#3115 = EDGE_CURVE('',#3093,#2252,#3116,.T.);
#3116 = SURFACE_CURVE('',#3117,(#3121,#3128),.PCURVE_S1.);
#3117 = LINE('',#3118,#3119);
#3118 = CARTESIAN_POINT('',(12.505203803038,-10.99983875461,
    -6.499837566979));
#3119 = VECTOR('',#3120,1.);
#3120 = DIRECTION('',(0.,0.,1.));
#3121 = PCURVE('',#1604,#3122);
#3122 = DEFINITIONAL_REPRESENTATION('',(#3123),#3127);
#3123 = LINE('',#3124,#3125);
#3124 = CARTESIAN_POINT('',(-6.4998375,12.505239208966));
#3125 = VECTOR('',#3126,1.);
#3126 = DIRECTION('',(1.,0.));
#3127 = ( GEOMETRIC_REPRESENTATION_CONTEXT(2) 
PARAMETRIC_REPRESENTATION_CONTEXT() REPRESENTATION_CONTEXT('2D SPACE',''
  ) );
#3128 = PCURVE('',#2292,#3129);
#3129 = DEFINITIONAL_REPRESENTATION('',(#3130),#3134);
#3130 = LINE('',#3131,#3132);
#3131 = CARTESIAN_POINT('',(4.712388980385,6.4998375));
#3132 = VECTOR('',#3133,1.);
#3133 = DIRECTION('',(0.,-1.));
#3134 = ( GEOMETRIC_REPRESENTATION_CONTEXT(2) 
PARAMETRIC_REPRESENTATION_CONTEXT() REPRESENTATION_CONTEXT('2D SPACE',''
  ) );
#3135 = ORIENTED_EDGE('',*,*,#2251,.F.);
#3136 = ORIENTED_EDGE('',*,*,#3137,.T.);
#3137 = EDGE_CURVE('',#2224,#3138,#3140,.T.);
#3138 = VERTEX_POINT('',#3139);
#3139 = CARTESIAN_POINT('',(12.403540844649,-10.99983875461,
    -6.691731854081));
#3140 = SURFACE_CURVE('',#3141,(#3145,#3152),.PCURVE_S1.);
#3141 = LINE('',#3142,#3143);
#3142 = CARTESIAN_POINT('',(12.376193761958,-10.99983875461,
    -12.37569770628));
#3143 = VECTOR('',#3144,1.);
#3144 = DIRECTION('',(4.81121225706E-03,0.,0.999988426051));
#3145 = PCURVE('',#1604,#3146);
#3146 = DEFINITIONAL_REPRESENTATION('',(#3147),#3151);
#3147 = LINE('',#3148,#3149);
#3148 = CARTESIAN_POINT('',(-12.3756976393,12.376229167886));
#3149 = VECTOR('',#3150,1.);
#3150 = DIRECTION('',(0.999988426051,4.81121225706E-03));
#3151 = ( GEOMETRIC_REPRESENTATION_CONTEXT(2) 
PARAMETRIC_REPRESENTATION_CONTEXT() REPRESENTATION_CONTEXT('2D SPACE',''
  ) );
#3152 = PCURVE('',#2239,#3153);
#3153 = DEFINITIONAL_REPRESENTATION('',(#3154),#3158);
#3154 = LINE('',#3155,#3156);
#3155 = CARTESIAN_POINT('',(-7.359163894951,5.939979884879E-04));
#3156 = VECTOR('',#3157,1.);
#3157 = DIRECTION('',(8.071541754404E-05,0.999999996743));
#3158 = ( GEOMETRIC_REPRESENTATION_CONTEXT(2) 
PARAMETRIC_REPRESENTATION_CONTEXT() REPRESENTATION_CONTEXT('2D SPACE',''
  ) );
#3159 = ORIENTED_EDGE('',*,*,#3160,.T.);
#3160 = EDGE_CURVE('',#3138,#3161,#3163,.T.);
#3161 = VERTEX_POINT('',#3162);
#3162 = CARTESIAN_POINT('',(9.595838343495,-10.99983875461,
    -6.691731854081));
#3163 = SURFACE_CURVE('',#3164,(#3168,#3175),.PCURVE_S1.);
#3164 = LINE('',#3165,#3166);
#3165 = CARTESIAN_POINT('',(9.499727094072,-10.99983875461,
    -6.691731854081));
#3166 = VECTOR('',#3167,1.);
#3167 = DIRECTION('',(-1.,0.,0.));
#3168 = PCURVE('',#1604,#3169);
#3169 = DEFINITIONAL_REPRESENTATION('',(#3170),#3174);
#3170 = LINE('',#3171,#3172);
#3171 = CARTESIAN_POINT('',(-6.691731787103,9.4997625));
#3172 = VECTOR('',#3173,1.);
#3173 = DIRECTION('',(0.,-1.));
#3174 = ( GEOMETRIC_REPRESENTATION_CONTEXT(2) 
PARAMETRIC_REPRESENTATION_CONTEXT() REPRESENTATION_CONTEXT('2D SPACE',''
  ) );
#3175 = PCURVE('',#3176,#3181);
#3176 = PLANE('',#3177);
#3177 = AXIS2_PLACEMENT_3D('',#3178,#3179,#3180);
#3178 = CARTESIAN_POINT('',(-3.540592832773E-05,-10.99983875461,
    -6.691731854081));
#3179 = DIRECTION('',(0.,-0.155559359314,0.987826546378));
#3180 = DIRECTION('',(1.,0.,0.));
#3181 = DEFINITIONAL_REPRESENTATION('',(#3182),#3186);
#3182 = LINE('',#3183,#3184);
#3183 = CARTESIAN_POINT('',(9.4997625,0.));
#3184 = VECTOR('',#3185,1.);
#3185 = DIRECTION('',(-1.,0.));
#3186 = ( GEOMETRIC_REPRESENTATION_CONTEXT(2) 
PARAMETRIC_REPRESENTATION_CONTEXT() REPRESENTATION_CONTEXT('2D SPACE',''
  ) );
#3187 = ORIENTED_EDGE('',*,*,#3188,.F.);
#3188 = EDGE_CURVE('',#1714,#3161,#3189,.T.);
#3189 = SURFACE_CURVE('',#3190,(#3194,#3201),.PCURVE_S1.);
#3190 = LINE('',#3191,#3192);
#3191 = CARTESIAN_POINT('',(9.563421251112,-10.99983875461,
    4.6012285454E-02));
#3192 = VECTOR('',#3193,1.);
#3193 = DIRECTION('',(-4.81121225706E-03,0.,0.999988426051));
#3194 = PCURVE('',#1604,#3195);
#3195 = DEFINITIONAL_REPRESENTATION('',(#3196),#3200);
#3196 = LINE('',#3197,#3198);
#3197 = CARTESIAN_POINT('',(4.601235243282E-02,9.56345665704));
#3198 = VECTOR('',#3199,1.);
#3199 = DIRECTION('',(0.999988426051,-4.81121225706E-03));
#3200 = ( GEOMETRIC_REPRESENTATION_CONTEXT(2) 
PARAMETRIC_REPRESENTATION_CONTEXT() REPRESENTATION_CONTEXT('2D SPACE',''
  ) );
#3201 = PCURVE('',#1752,#3202);
#3202 = DEFINITIONAL_REPRESENTATION('',(#3203),#3207);
#3203 = LINE('',#3204,#3205);
#3204 = CARTESIAN_POINT('',(5.500157039106,5.941829933581));
#3205 = VECTOR('',#3206,1.);
#3206 = DIRECTION('',(-8.071541754404E-05,0.999999996743));
#3207 = ( GEOMETRIC_REPRESENTATION_CONTEXT(2) 
PARAMETRIC_REPRESENTATION_CONTEXT() REPRESENTATION_CONTEXT('2D SPACE',''
  ) );
#3208 = ORIENTED_EDGE('',*,*,#1713,.F.);
#3209 = ORIENTED_EDGE('',*,*,#1588,.T.);
#3210 = ORIENTED_EDGE('',*,*,#1867,.T.);
#3211 = ADVANCED_FACE('',(#3212),#1752,.T.);
#3212 = FACE_BOUND('',#3213,.T.);
#3213 = EDGE_LOOP('',(#3214,#3215,#3238,#3266,#3287));
#3214 = ORIENTED_EDGE('',*,*,#3188,.T.);
#3215 = ORIENTED_EDGE('',*,*,#3216,.T.);
#3216 = EDGE_CURVE('',#3161,#3217,#3219,.T.);
#3217 = VERTEX_POINT('',#3218);
#3218 = CARTESIAN_POINT('',(9.508171157601,-6.000725259794,
    -5.904489503446));
#3219 = SURFACE_CURVE('',#3220,(#3224,#3231),.PCURVE_S1.);
#3220 = LINE('',#3221,#3222);
#3221 = CARTESIAN_POINT('',(9.49957873885,-5.510753144302,
    -5.827330463079));
#3222 = VECTOR('',#3223,1.);
#3223 = DIRECTION('',(-1.732046744938E-02,0.987678361977,0.155536023769)
  );
#3224 = PCURVE('',#1752,#3225);
#3225 = DEFINITIONAL_REPRESENTATION('',(#3226),#3230);
#3226 = LINE('',#3227,#3228);
#3227 = CARTESIAN_POINT('',(1.077288410865E-02,6.841922562658E-02));
#3228 = VECTOR('',#3229,1.);
#3229 = DIRECTION('',(-0.987829937528,0.155537823449));
#3230 = ( GEOMETRIC_REPRESENTATION_CONTEXT(2) 
PARAMETRIC_REPRESENTATION_CONTEXT() REPRESENTATION_CONTEXT('2D SPACE',''
  ) );
#3231 = PCURVE('',#3176,#3232);
#3232 = DEFINITIONAL_REPRESENTATION('',(#3233),#3237);
#3233 = LINE('',#3234,#3235);
#3234 = CARTESIAN_POINT('',(9.499614144778,5.556730207785));
#3235 = VECTOR('',#3236,1.);
#3236 = DIRECTION('',(-1.732046744938E-02,0.999849989452));
#3237 = ( GEOMETRIC_REPRESENTATION_CONTEXT(2) 
PARAMETRIC_REPRESENTATION_CONTEXT() REPRESENTATION_CONTEXT('2D SPACE',''
  ) );
#3238 = ORIENTED_EDGE('',*,*,#3239,.T.);
#3239 = EDGE_CURVE('',#3217,#3240,#3242,.T.);
#3240 = VERTEX_POINT('',#3241);
#3241 = CARTESIAN_POINT('',(9.499727094072,-5.499976254614,
    -5.895748897048));
#3242 = SURFACE_CURVE('',#3243,(#3247,#3254),.PCURVE_S1.);
#3243 = LINE('',#3244,#3245);
#3244 = CARTESIAN_POINT('',(9.499727094072,-5.499976254614,
    -5.895748897048));
#3245 = VECTOR('',#3246,1.);
#3246 = DIRECTION('',(-1.685790208902E-02,0.999705612271,
    1.74499263713E-02));
#3247 = PCURVE('',#1752,#3248);
#3248 = DEFINITIONAL_REPRESENTATION('',(#3249),#3253);
#3249 = LINE('',#3250,#3251);
#3250 = CARTESIAN_POINT('',(0.,0.));
#3251 = VECTOR('',#3252,1.);
#3252 = DIRECTION('',(-0.999847734919,1.745012828135E-02));
#3253 = ( GEOMETRIC_REPRESENTATION_CONTEXT(2) 
PARAMETRIC_REPRESENTATION_CONTEXT() REPRESENTATION_CONTEXT('2D SPACE',''
  ) );
#3254 = PCURVE('',#3255,#3260);
#3255 = PLANE('',#3256);
#3256 = AXIS2_PLACEMENT_3D('',#3257,#3258,#3259);
#3257 = CARTESIAN_POINT('',(4.999839594072,-1.233013370312E-02,
    -5.799961677704));
#3258 = DIRECTION('',(0.,-1.745240643728E-02,0.999847695156));
#3259 = DIRECTION('',(0.,-0.999847695156,-1.745240643728E-02));
#3260 = DEFINITIONAL_REPRESENTATION('',(#3261),#3265);
#3261 = LINE('',#3262,#3263);
#3262 = CARTESIAN_POINT('',(5.48848204331,4.4998875));
#3263 = VECTOR('',#3264,1.);
#3264 = DIRECTION('',(-0.999857895472,-1.685790208902E-02));
#3265 = ( GEOMETRIC_REPRESENTATION_CONTEXT(2) 
PARAMETRIC_REPRESENTATION_CONTEXT() REPRESENTATION_CONTEXT('2D SPACE',''
  ) );
#3266 = ORIENTED_EDGE('',*,*,#3267,.F.);
#3267 = EDGE_CURVE('',#1737,#3240,#3268,.T.);
#3268 = SURFACE_CURVE('',#3269,(#3273,#3280),.PCURVE_S1.);
#3269 = LINE('',#3270,#3271);
#3270 = CARTESIAN_POINT('',(9.499727094072,-5.499976254614,
    -5.895748897048));
#3271 = VECTOR('',#3272,1.);
#3272 = DIRECTION('',(0.,-0.275637355817,0.961261695938));
#3273 = PCURVE('',#1752,#3274);
#3274 = DEFINITIONAL_REPRESENTATION('',(#3275),#3279);
#3275 = LINE('',#3276,#3277);
#3276 = CARTESIAN_POINT('',(0.,0.));
#3277 = VECTOR('',#3278,1.);
#3278 = DIRECTION('',(0.275598563779,0.961272818529));
#3279 = ( GEOMETRIC_REPRESENTATION_CONTEXT(2) 
PARAMETRIC_REPRESENTATION_CONTEXT() REPRESENTATION_CONTEXT('2D SPACE',''
  ) );
#3280 = PCURVE('',#1780,#3281);
#3281 = DEFINITIONAL_REPRESENTATION('',(#3282),#3286);
#3282 = LINE('',#3283,#3284);
#3283 = CARTESIAN_POINT('',(0.,-2.999925));
#3284 = VECTOR('',#3285,1.);
#3285 = DIRECTION('',(1.,0.));
#3286 = ( GEOMETRIC_REPRESENTATION_CONTEXT(2) 
PARAMETRIC_REPRESENTATION_CONTEXT() REPRESENTATION_CONTEXT('2D SPACE',''
  ) );
#3287 = ORIENTED_EDGE('',*,*,#1736,.F.);
#3288 = ADVANCED_FACE('',(#3289),#1780,.T.);
#3289 = FACE_BOUND('',#3290,.T.);
#3290 = EDGE_LOOP('',(#3291,#3292,#3315,#3336,#3337,#3360,#3383,#3404));
#3291 = ORIENTED_EDGE('',*,*,#3267,.T.);
#3292 = ORIENTED_EDGE('',*,*,#3293,.T.);
#3293 = EDGE_CURVE('',#3240,#3294,#3296,.T.);
#3294 = VERTEX_POINT('',#3295);
#3295 = CARTESIAN_POINT('',(12.499652094072,-5.499976254614,
    -5.895748897048));
#3296 = SURFACE_CURVE('',#3297,(#3301,#3308),.PCURVE_S1.);
#3297 = LINE('',#3298,#3299);
#3298 = CARTESIAN_POINT('',(12.499652094072,-5.499976254614,
    -5.895748897048));
#3299 = VECTOR('',#3300,1.);
#3300 = DIRECTION('',(1.,0.,0.));
#3301 = PCURVE('',#1780,#3302);
#3302 = DEFINITIONAL_REPRESENTATION('',(#3303),#3307);
#3303 = LINE('',#3304,#3305);
#3304 = CARTESIAN_POINT('',(0.,0.));
#3305 = VECTOR('',#3306,1.);
#3306 = DIRECTION('',(0.,1.));
#3307 = ( GEOMETRIC_REPRESENTATION_CONTEXT(2) 
PARAMETRIC_REPRESENTATION_CONTEXT() REPRESENTATION_CONTEXT('2D SPACE',''
  ) );
#3308 = PCURVE('',#3255,#3309);
#3309 = DEFINITIONAL_REPRESENTATION('',(#3310),#3314);
#3310 = LINE('',#3311,#3312);
#3311 = CARTESIAN_POINT('',(5.48848204331,7.4998125));
#3312 = VECTOR('',#3313,1.);
#3313 = DIRECTION('',(0.,1.));
#3314 = ( GEOMETRIC_REPRESENTATION_CONTEXT(2) 
PARAMETRIC_REPRESENTATION_CONTEXT() REPRESENTATION_CONTEXT('2D SPACE',''
  ) );
#3315 = ORIENTED_EDGE('',*,*,#3316,.F.);
#3316 = EDGE_CURVE('',#2201,#3294,#3317,.T.);
#3317 = SURFACE_CURVE('',#3318,(#3322,#3329),.PCURVE_S1.);
#3318 = LINE('',#3319,#3320);
#3319 = CARTESIAN_POINT('',(12.499652094072,-3.641710509402,
    -12.37629169739));
#3320 = VECTOR('',#3321,1.);
#3321 = DIRECTION('',(1.73874397088E-16,-0.275637355817,0.961261695938)
  );
#3322 = PCURVE('',#1780,#3323);
#3323 = DEFINITIONAL_REPRESENTATION('',(#3324),#3328);
#3324 = LINE('',#3325,#3326);
#3325 = CARTESIAN_POINT('',(-6.74170501928,0.));
#3326 = VECTOR('',#3327,1.);
#3327 = DIRECTION('',(1.,1.73874397088E-16));
#3328 = ( GEOMETRIC_REPRESENTATION_CONTEXT(2) 
PARAMETRIC_REPRESENTATION_CONTEXT() REPRESENTATION_CONTEXT('2D SPACE',''
  ) );
#3329 = PCURVE('',#2239,#3330);
#3330 = DEFINITIONAL_REPRESENTATION('',(#3331),#3335);
#3331 = LINE('',#3332,#3333);
#3332 = CARTESIAN_POINT('',(0.,0.));
#3333 = VECTOR('',#3334,1.);
#3334 = DIRECTION('',(-0.275598563779,0.961272818529));
#3335 = ( GEOMETRIC_REPRESENTATION_CONTEXT(2) 
PARAMETRIC_REPRESENTATION_CONTEXT() REPRESENTATION_CONTEXT('2D SPACE',''
  ) );
#3336 = ORIENTED_EDGE('',*,*,#2200,.F.);
#3337 = ORIENTED_EDGE('',*,*,#3338,.F.);
#3338 = EDGE_CURVE('',#3339,#2171,#3341,.T.);
#3339 = VERTEX_POINT('',#3340);
#3340 = CARTESIAN_POINT('',(12.565212049089,-5.281606621663,
    -6.657294309099));
#3341 = SURFACE_CURVE('',#3342,(#3346,#3353),.PCURVE_S1.);
#3342 = LINE('',#3343,#3344);
#3343 = CARTESIAN_POINT('',(12.560593390511,-5.413867698547,
    -6.196045119214));
#3344 = VECTOR('',#3345,1.);
#3345 = DIRECTION('',(-9.625022698658E-03,-0.275624587853,0.961217168755
    ));
#3346 = PCURVE('',#1780,#3347);
#3347 = DEFINITIONAL_REPRESENTATION('',(#3348),#3352);
#3348 = LINE('',#3349,#3350);
#3349 = CARTESIAN_POINT('',(-0.312397990511,6.094129643885E-02));
#3350 = VECTOR('',#3351,1.);
#3351 = DIRECTION('',(0.999953678396,-9.625022698658E-03));
#3352 = ( GEOMETRIC_REPRESENTATION_CONTEXT(2) 
PARAMETRIC_REPRESENTATION_CONTEXT() REPRESENTATION_CONTEXT('2D SPACE',''
  ) );
#3353 = PCURVE('',#877,#3354);
#3354 = DEFINITIONAL_REPRESENTATION('',(#3355),#3359);
#3355 = LINE('',#3356,#3357);
#3356 = CARTESIAN_POINT('',(-5.417053866785,-1.554262015132));
#3357 = VECTOR('',#3358,1.);
#3358 = DIRECTION('',(-0.275792593249,0.961217168755));
#3359 = ( GEOMETRIC_REPRESENTATION_CONTEXT(2) 
PARAMETRIC_REPRESENTATION_CONTEXT() REPRESENTATION_CONTEXT('2D SPACE',''
  ) );
#3360 = ORIENTED_EDGE('',*,*,#3361,.F.);
#3361 = EDGE_CURVE('',#3362,#3339,#3364,.T.);
#3362 = VERTEX_POINT('',#3363);
#3363 = CARTESIAN_POINT('',(9.434167139054,-5.281606621663,
    -6.657294309099));
#3364 = SURFACE_CURVE('',#3365,(#3369,#3376),.PCURVE_S1.);
#3365 = LINE('',#3366,#3367);
#3366 = CARTESIAN_POINT('',(9.249733344072,-5.281606621663,
    -6.657294309099));
#3367 = VECTOR('',#3368,1.);
#3368 = DIRECTION('',(1.,0.,0.));
#3369 = PCURVE('',#1780,#3370);
#3370 = DEFINITIONAL_REPRESENTATION('',(#3371),#3375);
#3371 = LINE('',#3372,#3373);
#3372 = CARTESIAN_POINT('',(-0.79223526254,-3.24991875));
#3373 = VECTOR('',#3374,1.);
#3374 = DIRECTION('',(0.,1.));
#3375 = ( GEOMETRIC_REPRESENTATION_CONTEXT(2) 
PARAMETRIC_REPRESENTATION_CONTEXT() REPRESENTATION_CONTEXT('2D SPACE',''
  ) );
#3376 = PCURVE('',#851,#3377);
#3377 = DEFINITIONAL_REPRESENTATION('',(#3378),#3382);
#3378 = LINE('',#3379,#3380);
#3379 = CARTESIAN_POINT('',(-5.284712170915,0.));
#3380 = VECTOR('',#3381,1.);
#3381 = DIRECTION('',(0.,1.));
#3382 = ( GEOMETRIC_REPRESENTATION_CONTEXT(2) 
PARAMETRIC_REPRESENTATION_CONTEXT() REPRESENTATION_CONTEXT('2D SPACE',''
  ) );
#3383 = ORIENTED_EDGE('',*,*,#3384,.F.);
#3384 = EDGE_CURVE('',#1765,#3362,#3385,.T.);
#3385 = SURFACE_CURVE('',#3386,(#3390,#3397),.PCURVE_S1.);
#3386 = LINE('',#3387,#3388);
#3387 = CARTESIAN_POINT('',(9.438785797633,-5.413867698547,
    -6.196045119214));
#3388 = VECTOR('',#3389,1.);
#3389 = DIRECTION('',(-9.625022698657E-03,0.275624587853,-0.961217168755
    ));
#3390 = PCURVE('',#1780,#3391);
#3391 = DEFINITIONAL_REPRESENTATION('',(#3392),#3396);
#3392 = LINE('',#3393,#3394);
#3393 = CARTESIAN_POINT('',(-0.312397990511,-3.060866296439));
#3394 = VECTOR('',#3395,1.);
#3395 = DIRECTION('',(-0.999953678396,-9.625022698657E-03));
#3396 = ( GEOMETRIC_REPRESENTATION_CONTEXT(2) 
PARAMETRIC_REPRESENTATION_CONTEXT() REPRESENTATION_CONTEXT('2D SPACE',''
  ) );
#3397 = PCURVE('',#823,#3398);
#3398 = DEFINITIONAL_REPRESENTATION('',(#3399),#3403);
#3399 = LINE('',#3400,#3401);
#3400 = CARTESIAN_POINT('',(5.417053866785,-1.554262015132));
#3401 = VECTOR('',#3402,1.);
#3402 = DIRECTION('',(-0.275792593249,-0.961217168755));
#3403 = ( GEOMETRIC_REPRESENTATION_CONTEXT(2) 
PARAMETRIC_REPRESENTATION_CONTEXT() REPRESENTATION_CONTEXT('2D SPACE',''
  ) );
#3404 = ORIENTED_EDGE('',*,*,#1764,.F.);
#3405 = ADVANCED_FACE('',(#3406),#2239,.T.);
#3406 = FACE_BOUND('',#3407,.T.);
#3407 = EDGE_LOOP('',(#3408,#3431,#3452,#3453,#3454));
#3408 = ORIENTED_EDGE('',*,*,#3409,.T.);
#3409 = EDGE_CURVE('',#3294,#3410,#3412,.T.);
#3410 = VERTEX_POINT('',#3411);
#3411 = CARTESIAN_POINT('',(12.491208030542,-6.000725259794,
    -5.904489503446));
#3412 = SURFACE_CURVE('',#3413,(#3417,#3424),.PCURVE_S1.);
#3413 = LINE('',#3414,#3415);
#3414 = CARTESIAN_POINT('',(12.529062958165,-3.755856153498,
    -5.86530516744));
#3415 = VECTOR('',#3416,1.);
#3416 = DIRECTION('',(-1.685790208902E-02,-0.999705612271,
    -1.74499263713E-02));
#3417 = PCURVE('',#2239,#3418);
#3418 = DEFINITIONAL_REPRESENTATION('',(#3419),#3423);
#3419 = LINE('',#3420,#3421);
#3420 = CARTESIAN_POINT('',(-0.113636167655,6.511061867443));
#3421 = VECTOR('',#3422,1.);
#3422 = DIRECTION('',(-0.999847734919,-1.745012828135E-02));
#3423 = ( GEOMETRIC_REPRESENTATION_CONTEXT(2) 
PARAMETRIC_REPRESENTATION_CONTEXT() REPRESENTATION_CONTEXT('2D SPACE',''
  ) );
#3424 = PCURVE('',#3255,#3425);
#3425 = DEFINITIONAL_REPRESENTATION('',(#3426),#3430);
#3426 = LINE('',#3427,#3428);
#3427 = CARTESIAN_POINT('',(3.744096263791,7.529223364094));
#3428 = VECTOR('',#3429,1.);
#3429 = DIRECTION('',(0.999857895472,-1.685790208902E-02));
#3430 = ( GEOMETRIC_REPRESENTATION_CONTEXT(2) 
PARAMETRIC_REPRESENTATION_CONTEXT() REPRESENTATION_CONTEXT('2D SPACE',''
  ) );
#3431 = ORIENTED_EDGE('',*,*,#3432,.T.);
#3432 = EDGE_CURVE('',#3410,#3138,#3433,.T.);
#3433 = SURFACE_CURVE('',#3434,(#3438,#3445),.PCURVE_S1.);
#3434 = LINE('',#3435,#3436);
#3435 = CARTESIAN_POINT('',(12.51413159473,-4.693537194925,
    -5.698638244822));
#3436 = VECTOR('',#3437,1.);
#3437 = DIRECTION('',(-1.732046744938E-02,-0.987678361977,
    -0.155536023769));
#3438 = PCURVE('',#2239,#3439);
#3439 = DEFINITIONAL_REPRESENTATION('',(#3440),#3444);
#3440 = LINE('',#3441,#3442);
#3441 = CARTESIAN_POINT('',(-1.051435740184,6.677730718535));
#3442 = VECTOR('',#3443,1.);
#3443 = DIRECTION('',(-0.987829937528,-0.155537823449));
#3444 = ( GEOMETRIC_REPRESENTATION_CONTEXT(2) 
PARAMETRIC_REPRESENTATION_CONTEXT() REPRESENTATION_CONTEXT('2D SPACE',''
  ) );
#3445 = PCURVE('',#3176,#3446);
#3446 = DEFINITIONAL_REPRESENTATION('',(#3447),#3451);
#3447 = LINE('',#3448,#3449);
#3448 = CARTESIAN_POINT('',(12.514167000659,6.384017095724));
#3449 = VECTOR('',#3450,1.);
#3450 = DIRECTION('',(-1.732046744938E-02,-0.999849989452));
#3451 = ( GEOMETRIC_REPRESENTATION_CONTEXT(2) 
PARAMETRIC_REPRESENTATION_CONTEXT() REPRESENTATION_CONTEXT('2D SPACE',''
  ) );
#3452 = ORIENTED_EDGE('',*,*,#3137,.F.);
#3453 = ORIENTED_EDGE('',*,*,#2223,.F.);
#3454 = ORIENTED_EDGE('',*,*,#3316,.T.);
#3455 = ADVANCED_FACE('',(#3456),#594,.T.);
#3456 = FACE_BOUND('',#3457,.T.);
#3457 = EDGE_LOOP('',(#3458,#3481,#3501,#3502,#3524,#3545,#3546,#3567));
#3458 = ORIENTED_EDGE('',*,*,#3459,.T.);
#3459 = EDGE_CURVE('',#2327,#3460,#3462,.T.);
#3460 = VERTEX_POINT('',#3461);
#3461 = CARTESIAN_POINT('',(17.644061514694,-2.012397633468,
    -7.003251144438));
#3462 = SURFACE_CURVE('',#3463,(#3467,#3474),.PCURVE_S1.);
#3463 = LINE('',#3464,#3465);
#3464 = CARTESIAN_POINT('',(17.644061514694,-2.012397633468,
    9.499762433021));
#3465 = VECTOR('',#3466,1.);
#3466 = DIRECTION('',(0.,0.,-1.));
#3467 = PCURVE('',#594,#3468);
#3468 = DEFINITIONAL_REPRESENTATION('',(#3469),#3473);
#3469 = LINE('',#3470,#3471);
#3470 = CARTESIAN_POINT('',(-2.015045428582,0.));
#3471 = VECTOR('',#3472,1.);
#3472 = DIRECTION('',(0.,-1.));
#3473 = ( GEOMETRIC_REPRESENTATION_CONTEXT(2) 
PARAMETRIC_REPRESENTATION_CONTEXT() REPRESENTATION_CONTEXT('2D SPACE',''
  ) );
#3474 = PCURVE('',#2342,#3475);
#3475 = DEFINITIONAL_REPRESENTATION('',(#3476),#3480);
#3476 = LINE('',#3477,#3478);
#3477 = CARTESIAN_POINT('',(0.,4.638135305641E-15));
#3478 = VECTOR('',#3479,1.);
#3479 = DIRECTION('',(-1.,-0.));
#3480 = ( GEOMETRIC_REPRESENTATION_CONTEXT(2) 
PARAMETRIC_REPRESENTATION_CONTEXT() REPRESENTATION_CONTEXT('2D SPACE',''
  ) );
#3481 = ORIENTED_EDGE('',*,*,#3482,.T.);
#3482 = EDGE_CURVE('',#3460,#579,#3483,.T.);
#3483 = SURFACE_CURVE('',#3484,(#3488,#3495),.PCURVE_S1.);
#3484 = LINE('',#3485,#3486);
#3485 = CARTESIAN_POINT('',(17.749520844072,-1.137546141359E-04,
    -7.003251144438));
#3486 = VECTOR('',#3487,1.);
#3487 = DIRECTION('',(5.233595624294E-02,0.998629534755,0.));
#3488 = PCURVE('',#594,#3489);
#3489 = DEFINITIONAL_REPRESENTATION('',(#3490),#3494);
#3490 = LINE('',#3491,#3492);
#3491 = CARTESIAN_POINT('',(0.,-16.50301357745));
#3492 = VECTOR('',#3493,1.);
#3493 = DIRECTION('',(1.,0.));
#3494 = ( GEOMETRIC_REPRESENTATION_CONTEXT(2) 
PARAMETRIC_REPRESENTATION_CONTEXT() REPRESENTATION_CONTEXT('2D SPACE',''
  ) );
#3495 = PCURVE('',#634,#3496);
#3496 = DEFINITIONAL_REPRESENTATION('',(#3497),#3500);
#3497 = B_SPLINE_CURVE_WITH_KNOTS('',1,(#3498,#3499),.UNSPECIFIED.,.F.,
  .F.,(2,2),(-2.015045428582,0.),.PIECEWISE_BEZIER_KNOTS.);
#3498 = CARTESIAN_POINT('',(0.15262045686,5.499156671653));
#3499 = CARTESIAN_POINT('',(-2.929274789684E-17,5.499156671653));
#3500 = ( GEOMETRIC_REPRESENTATION_CONTEXT(2) 
PARAMETRIC_REPRESENTATION_CONTEXT() REPRESENTATION_CONTEXT('2D SPACE',''
  ) );
#3501 = ORIENTED_EDGE('',*,*,#578,.F.);
#3502 = ORIENTED_EDGE('',*,*,#3503,.T.);
#3503 = EDGE_CURVE('',#522,#3504,#3506,.T.);
#3504 = VERTEX_POINT('',#3505);
#3505 = CARTESIAN_POINT('',(17.644061514694,-2.012397633468,
    7.003251010481));
#3506 = SURFACE_CURVE('',#3507,(#3511,#3518),.PCURVE_S1.);
#3507 = LINE('',#3508,#3509);
#3508 = CARTESIAN_POINT('',(17.749520844072,-1.137546141359E-04,
    7.003251010481));
#3509 = VECTOR('',#3510,1.);
#3510 = DIRECTION('',(-5.233595624294E-02,-0.998629534755,-0.));
#3511 = PCURVE('',#594,#3512);
#3512 = DEFINITIONAL_REPRESENTATION('',(#3513),#3517);
#3513 = LINE('',#3514,#3515);
#3514 = CARTESIAN_POINT('',(0.,-2.496511422541));
#3515 = VECTOR('',#3516,1.);
#3516 = DIRECTION('',(-1.,0.));
#3517 = ( GEOMETRIC_REPRESENTATION_CONTEXT(2) 
PARAMETRIC_REPRESENTATION_CONTEXT() REPRESENTATION_CONTEXT('2D SPACE',''
  ) );
#3518 = PCURVE('',#551,#3519);
#3519 = DEFINITIONAL_REPRESENTATION('',(#3520),#3523);
#3520 = B_SPLINE_CURVE_WITH_KNOTS('',1,(#3521,#3522),.UNSPECIFIED.,.F.,
  .F.,(2,2),(-0.,2.015045428582),.PIECEWISE_BEZIER_KNOTS.);
#3521 = CARTESIAN_POINT('',(9.564202989264E-18,7.067213942707));
#3522 = CARTESIAN_POINT('',(0.15262045686,7.067213942707));
#3523 = ( GEOMETRIC_REPRESENTATION_CONTEXT(2) 
PARAMETRIC_REPRESENTATION_CONTEXT() REPRESENTATION_CONTEXT('2D SPACE',''
  ) );
#3524 = ORIENTED_EDGE('',*,*,#3525,.T.);
#3525 = EDGE_CURVE('',#3504,#2478,#3526,.T.);
#3526 = SURFACE_CURVE('',#3527,(#3531,#3538),.PCURVE_S1.);
#3527 = LINE('',#3528,#3529);
#3528 = CARTESIAN_POINT('',(17.644061514694,-2.012397633468,
    9.499762433021));
#3529 = VECTOR('',#3530,1.);
#3530 = DIRECTION('',(0.,0.,-1.));
#3531 = PCURVE('',#594,#3532);
#3532 = DEFINITIONAL_REPRESENTATION('',(#3533),#3537);
#3533 = LINE('',#3534,#3535);
#3534 = CARTESIAN_POINT('',(-2.015045428582,0.));
#3535 = VECTOR('',#3536,1.);
#3536 = DIRECTION('',(0.,-1.));
#3537 = ( GEOMETRIC_REPRESENTATION_CONTEXT(2) 
PARAMETRIC_REPRESENTATION_CONTEXT() REPRESENTATION_CONTEXT('2D SPACE',''
  ) );
#3538 = PCURVE('',#2516,#3539);
#3539 = DEFINITIONAL_REPRESENTATION('',(#3540),#3544);
#3540 = LINE('',#3541,#3542);
#3541 = CARTESIAN_POINT('',(0.,4.638135305641E-15));
#3542 = VECTOR('',#3543,1.);
#3543 = DIRECTION('',(-1.,-0.));
#3544 = ( GEOMETRIC_REPRESENTATION_CONTEXT(2) 
PARAMETRIC_REPRESENTATION_CONTEXT() REPRESENTATION_CONTEXT('2D SPACE',''
  ) );
#3545 = ORIENTED_EDGE('',*,*,#2477,.F.);
#3546 = ORIENTED_EDGE('',*,*,#3547,.F.);
#3547 = EDGE_CURVE('',#2355,#2455,#3548,.T.);
#3548 = SURFACE_CURVE('',#3549,(#3553,#3560),.PCURVE_S1.);
#3549 = LINE('',#3550,#3551);
#3550 = CARTESIAN_POINT('',(17.655189199712,-1.800068754614,
    9.499762433021));
#3551 = VECTOR('',#3552,1.);
#3552 = DIRECTION('',(0.,0.,1.));
#3553 = PCURVE('',#594,#3554);
#3554 = DEFINITIONAL_REPRESENTATION('',(#3555),#3559);
#3555 = LINE('',#3556,#3557);
#3556 = CARTESIAN_POINT('',(-1.802425161041,0.));
#3557 = VECTOR('',#3558,1.);
#3558 = DIRECTION('',(0.,1.));
#3559 = ( GEOMETRIC_REPRESENTATION_CONTEXT(2) 
PARAMETRIC_REPRESENTATION_CONTEXT() REPRESENTATION_CONTEXT('2D SPACE',''
  ) );
#3560 = PCURVE('',#1831,#3561);
#3561 = DEFINITIONAL_REPRESENTATION('',(#3562),#3566);
#3562 = LINE('',#3563,#3564);
#3563 = CARTESIAN_POINT('',(2.094281644359,15.9996));
#3564 = VECTOR('',#3565,1.);
#3565 = DIRECTION('',(0.,1.));
#3566 = ( GEOMETRIC_REPRESENTATION_CONTEXT(2) 
PARAMETRIC_REPRESENTATION_CONTEXT() REPRESENTATION_CONTEXT('2D SPACE',''
  ) );
#3567 = ORIENTED_EDGE('',*,*,#2354,.T.);
#3568 = ADVANCED_FACE('',(#3569),#339,.T.);
#3569 = FACE_BOUND('',#3570,.T.);
#3570 = EDGE_LOOP('',(#3571,#3593,#3638,#3639,#3659));
#3571 = ORIENTED_EDGE('',*,*,#3572,.T.);
#3572 = EDGE_CURVE('',#322,#3573,#3575,.T.);
#3573 = VERTEX_POINT('',#3574);
#3574 = CARTESIAN_POINT('',(15.253009421531,-9.203705384674,
    -9.017422768219));
#3575 = SURFACE_CURVE('',#3576,(#3580,#3587),.PCURVE_S1.);
#3576 = LINE('',#3577,#3578);
#3577 = CARTESIAN_POINT('',(15.253009421531,-1.137546141359E-04,
    -9.499762566979));
#3578 = VECTOR('',#3579,1.);
#3579 = DIRECTION('',(5.114840108864E-18,-0.998629534755,
    5.233595624294E-02));
#3580 = PCURVE('',#339,#3581);
#3581 = DEFINITIONAL_REPRESENTATION('',(#3582),#3586);
#3582 = LINE('',#3583,#3584);
#3583 = CARTESIAN_POINT('',(6.309529302872E-17,-2.49651142254));
#3584 = VECTOR('',#3585,1.);
#3585 = DIRECTION('',(-1.,5.114840108864E-18));
#3586 = ( GEOMETRIC_REPRESENTATION_CONTEXT(2) 
PARAMETRIC_REPRESENTATION_CONTEXT() REPRESENTATION_CONTEXT('2D SPACE',''
  ) );
#3587 = PCURVE('',#634,#3588);
#3588 = DEFINITIONAL_REPRESENTATION('',(#3589),#3592);
#3589 = B_SPLINE_CURVE_WITH_KNOTS('',1,(#3590,#3591),.UNSPECIFIED.,.F.,
  .F.,(2,2),(5.049518195842E-17,9.2162221422),.PIECEWISE_BEZIER_KNOTS.);
#3590 = CARTESIAN_POINT('',(2.00635674716E-17,7.067213942707));
#3591 = CARTESIAN_POINT('',(0.698040855018,7.067213942707));
#3592 = ( GEOMETRIC_REPRESENTATION_CONTEXT(2) 
PARAMETRIC_REPRESENTATION_CONTEXT() REPRESENTATION_CONTEXT('2D SPACE',''
  ) );
#3593 = ORIENTED_EDGE('',*,*,#3594,.T.);
#3594 = EDGE_CURVE('',#3573,#3093,#3595,.T.);
#3595 = SURFACE_CURVE('',#3596,(#3601,#3609),.PCURVE_S1.);
#3596 = ( BOUNDED_CURVE() B_SPLINE_CURVE(3,(#3597,#3598,#3599,#3600),
.UNSPECIFIED.,.F.,.F.) B_SPLINE_CURVE_WITH_KNOTS((4,4),(1.983703543317,
3.14159265359),.PIECEWISE_BEZIER_KNOTS.) CURVE() 
GEOMETRIC_REPRESENTATION_ITEM() RATIONAL_B_SPLINE_CURVE((1.,
0.891360395308,0.891360395308,1.)) REPRESENTATION_ITEM('') );
#3597 = CARTESIAN_POINT('',(15.253009421531,-9.203705384674,
    -9.017422768219));
#3598 = CARTESIAN_POINT('',(14.760396475635,-10.32815631677,
    -8.958492791955));
#3599 = CARTESIAN_POINT('',(13.732826470297,-10.99983875461,
    -8.923291407005));
#3600 = CARTESIAN_POINT('',(12.505203803038,-10.99983875461,
    -8.923291407005));
#3601 = PCURVE('',#339,#3602);
#3602 = DEFINITIONAL_REPRESENTATION('',(#3603),#3608);
#3603 = ( BOUNDED_CURVE() B_SPLINE_CURVE(3,(#3604,#3605,#3606,#3607),
.UNSPECIFIED.,.F.,.F.) B_SPLINE_CURVE_WITH_KNOTS((4,4),(1.983703543317,
3.14159265359),.PIECEWISE_BEZIER_KNOTS.) CURVE() 
GEOMETRIC_REPRESENTATION_ITEM() RATIONAL_B_SPLINE_CURVE((1.,
0.891360395308,0.891360395308,1.)) REPRESENTATION_ITEM('') );
#3604 = CARTESIAN_POINT('',(-9.2162221422,-2.49651142254));
#3605 = CARTESIAN_POINT('',(-10.34221621003,-2.989124368437));
#3606 = CARTESIAN_POINT('',(-11.01482042858,-4.016694373774));
#3607 = CARTESIAN_POINT('',(-11.01482042858,-5.244317041034));
#3608 = ( GEOMETRIC_REPRESENTATION_CONTEXT(2) 
PARAMETRIC_REPRESENTATION_CONTEXT() REPRESENTATION_CONTEXT('2D SPACE',''
  ) );
#3609 = PCURVE('',#2292,#3610);
#3610 = DEFINITIONAL_REPRESENTATION('',(#3611),#3637);
#3611 = B_SPLINE_CURVE_WITH_KNOTS('',3,(#3612,#3613,#3614,#3615,#3616,
    #3617,#3618,#3619,#3620,#3621,#3622,#3623,#3624,#3625,#3626,#3627,
    #3628,#3629,#3630,#3631,#3632,#3633,#3634,#3635,#3636),
  .UNSPECIFIED.,.F.,.F.,(4,1,1,1,1,1,1,1,1,1,1,1,1,1,1,1,1,1,1,1,1,1,4),
  (1.983703543317,2.036334866512,2.088966189706,2.1415975129,
    2.194228836094,2.246860159288,2.299491482483,2.352122805677,
    2.404754128871,2.457385452065,2.510016775259,2.562648098454,
    2.615279421648,2.667910744842,2.720542068036,2.77317339123,
    2.825804714425,2.878436037619,2.931067360813,2.983698684007,
    3.036330007201,3.088961330396,3.14159265359),.QUASI_UNIFORM_KNOTS.);
#3612 = CARTESIAN_POINT('',(3.554499870112,9.017422701241));
#3613 = CARTESIAN_POINT('',(3.571079490885,9.015035156972));
#3614 = CARTESIAN_POINT('',(3.604485891896,9.010276392054));
#3615 = CARTESIAN_POINT('',(3.655284018425,9.003220186219));
#3616 = CARTESIAN_POINT('',(3.70671957356,8.996278581923));
#3617 = CARTESIAN_POINT('',(3.758734961494,8.989485326586));
#3618 = CARTESIAN_POINT('',(3.811268636462,8.98287433618));
#3619 = CARTESIAN_POINT('',(3.864254829785,8.976479348625));
#3620 = CARTESIAN_POINT('',(3.917624130776,8.970333389529));
#3621 = CARTESIAN_POINT('',(3.971303931109,8.964468270749));
#3622 = CARTESIAN_POINT('',(4.025218989489,8.958914081471));
#3623 = CARTESIAN_POINT('',(4.079292036267,8.953698702513));
#3624 = CARTESIAN_POINT('',(4.133444425249,8.9488473556));
#3625 = CARTESIAN_POINT('',(4.18759681423,8.944382203541));
#3626 = CARTESIAN_POINT('',(4.241669861008,8.940322014118));
#3627 = CARTESIAN_POINT('',(4.295584919388,8.936681898359));
#3628 = CARTESIAN_POINT('',(4.349264719721,8.933473131));
#3629 = CARTESIAN_POINT('',(4.402634020712,8.930703056596));
#3630 = CARTESIAN_POINT('',(4.455620214035,8.928375084656));
#3631 = CARTESIAN_POINT('',(4.508153889003,8.926488760834));
#3632 = CARTESIAN_POINT('',(4.560169276937,8.925039945955));
#3633 = CARTESIAN_POINT('',(4.611604832072,8.924020953126));
#3634 = CARTESIAN_POINT('',(4.662402958601,8.923421158484));
#3635 = CARTESIAN_POINT('',(4.695809359612,8.923291125493));
#3636 = CARTESIAN_POINT('',(4.712388980385,8.923291340026));
#3637 = ( GEOMETRIC_REPRESENTATION_CONTEXT(2) 
PARAMETRIC_REPRESENTATION_CONTEXT() REPRESENTATION_CONTEXT('2D SPACE',''
  ) );
#3638 = ORIENTED_EDGE('',*,*,#3092,.T.);
#3639 = ORIENTED_EDGE('',*,*,#3640,.T.);
#3640 = EDGE_CURVE('',#3057,#324,#3641,.T.);
#3641 = SURFACE_CURVE('',#3642,(#3646,#3653),.PCURVE_S1.);
#3642 = LINE('',#3643,#3644);
#3643 = CARTESIAN_POINT('',(-13.75105926585,-1.13754614136E-04,
    -9.499762566979));
#3644 = VECTOR('',#3645,1.);
#3645 = DIRECTION('',(-5.114840108864E-18,0.998629534755,
    -5.233595624294E-02));
#3646 = PCURVE('',#339,#3647);
#3647 = DEFINITIONAL_REPRESENTATION('',(#3648),#3652);
#3648 = LINE('',#3649,#3650);
#3649 = CARTESIAN_POINT('',(-7.560587553743E-17,-31.50058010992));
#3650 = VECTOR('',#3651,1.);
#3651 = DIRECTION('',(1.,-5.114840108864E-18));
#3652 = ( GEOMETRIC_REPRESENTATION_CONTEXT(2) 
PARAMETRIC_REPRESENTATION_CONTEXT() REPRESENTATION_CONTEXT('2D SPACE',''
  ) );
#3653 = PCURVE('',#381,#3654);
#3654 = DEFINITIONAL_REPRESENTATION('',(#3655),#3658);
#3655 = B_SPLINE_CURVE_WITH_KNOTS('',1,(#3656,#3657),.UNSPECIFIED.,.F.,
  .F.,(2,2),(-11.01482042858,5.049518195842E-17),
  .PIECEWISE_BEZIER_KNOTS.);
#3656 = CARTESIAN_POINT('',(0.833333333333,5.499156671653));
#3657 = CARTESIAN_POINT('',(-2.234845884558E-17,5.499156671653));
#3658 = ( GEOMETRIC_REPRESENTATION_CONTEXT(2) 
PARAMETRIC_REPRESENTATION_CONTEXT() REPRESENTATION_CONTEXT('2D SPACE',''
  ) );
#3659 = ORIENTED_EDGE('',*,*,#321,.F.);
#3660 = ADVANCED_FACE('',(#3661),#509,.T.);
#3661 = FACE_BOUND('',#3662,.T.);
#3662 = EDGE_LOOP('',(#3663,#3664,#3711,#3731,#3732));
#3663 = ORIENTED_EDGE('',*,*,#2974,.T.);
#3664 = ORIENTED_EDGE('',*,*,#3665,.T.);
#3665 = EDGE_CURVE('',#2952,#3666,#3668,.T.);
#3666 = VERTEX_POINT('',#3667);
#3667 = CARTESIAN_POINT('',(15.253009421531,-9.203705384674,
    9.017422634262));
#3668 = SURFACE_CURVE('',#3669,(#3674,#3682),.PCURVE_S1.);
#3669 = ( BOUNDED_CURVE() B_SPLINE_CURVE(3,(#3670,#3671,#3672,#3673),
.UNSPECIFIED.,.F.,.F.) B_SPLINE_CURVE_WITH_KNOTS((4,4),(
-1.7763568394E-15,1.157889110272),.PIECEWISE_BEZIER_KNOTS.) CURVE() 
GEOMETRIC_REPRESENTATION_ITEM() RATIONAL_B_SPLINE_CURVE((1.,
0.891360395308,0.891360395308,1.)) REPRESENTATION_ITEM('') );
#3670 = CARTESIAN_POINT('',(12.505203803038,-10.99983875461,
    8.923291273047));
#3671 = CARTESIAN_POINT('',(13.732826470297,-10.99983875461,
    8.923291273047));
#3672 = CARTESIAN_POINT('',(14.760396475635,-10.32815631677,
    8.958492657998));
#3673 = CARTESIAN_POINT('',(15.253009421531,-9.203705384674,
    9.017422634262));
#3674 = PCURVE('',#509,#3675);
#3675 = DEFINITIONAL_REPRESENTATION('',(#3676),#3681);
#3676 = ( BOUNDED_CURVE() B_SPLINE_CURVE(3,(#3677,#3678,#3679,#3680),
.UNSPECIFIED.,.F.,.F.) B_SPLINE_CURVE_WITH_KNOTS((4,4),(
-1.7763568394E-15,1.157889110272),.PIECEWISE_BEZIER_KNOTS.) CURVE() 
GEOMETRIC_REPRESENTATION_ITEM() RATIONAL_B_SPLINE_CURVE((1.,
0.891360395308,0.891360395308,1.)) REPRESENTATION_ITEM('') );
#3677 = CARTESIAN_POINT('',(11.014820428582,-5.244317041034));
#3678 = CARTESIAN_POINT('',(11.014820428582,-4.016694373774));
#3679 = CARTESIAN_POINT('',(10.342216210038,-2.989124368437));
#3680 = CARTESIAN_POINT('',(9.2162221422,-2.49651142254));
#3681 = ( GEOMETRIC_REPRESENTATION_CONTEXT(2) 
PARAMETRIC_REPRESENTATION_CONTEXT() REPRESENTATION_CONTEXT('2D SPACE',''
  ) );
#3682 = PCURVE('',#2546,#3683);
#3683 = DEFINITIONAL_REPRESENTATION('',(#3684),#3710);
#3684 = B_SPLINE_CURVE_WITH_KNOTS('',3,(#3685,#3686,#3687,#3688,#3689,
    #3690,#3691,#3692,#3693,#3694,#3695,#3696,#3697,#3698,#3699,#3700,
    #3701,#3702,#3703,#3704,#3705,#3706,#3707,#3708,#3709),
  .UNSPECIFIED.,.F.,.F.,(4,1,1,1,1,1,1,1,1,1,1,1,1,1,1,1,1,1,1,1,1,1,4),
  (-1.7763568394E-15,5.263132319419E-02,0.105262646388,0.157893969583,
    0.210525292777,0.263156615971,0.315787939165,0.368419262359,
    0.421050585554,0.473681908748,0.526313231942,0.578944555136,
    0.63157587833,0.684207201525,0.736838524719,0.789469847913,
    0.842101171107,0.894732494301,0.947363817496,0.99999514069,
    1.052626463884,1.105257787078,1.157889110272),.UNSPECIFIED.);
#3685 = CARTESIAN_POINT('',(4.712388980385,-8.923291340026));
#3686 = CARTESIAN_POINT('',(4.695809359612,-8.923291125493));
#3687 = CARTESIAN_POINT('',(4.662402958601,-8.923421158484));
#3688 = CARTESIAN_POINT('',(4.611604832072,-8.924020953126));
#3689 = CARTESIAN_POINT('',(4.560169276937,-8.925039945955));
#3690 = CARTESIAN_POINT('',(4.508153889003,-8.926488760834));
#3691 = CARTESIAN_POINT('',(4.455620214035,-8.928375084656));
#3692 = CARTESIAN_POINT('',(4.402634020712,-8.930703056596));
#3693 = CARTESIAN_POINT('',(4.349264719721,-8.933473131));
#3694 = CARTESIAN_POINT('',(4.295584919388,-8.936681898359));
#3695 = CARTESIAN_POINT('',(4.241669861008,-8.940322014118));
#3696 = CARTESIAN_POINT('',(4.18759681423,-8.944382203541));
#3697 = CARTESIAN_POINT('',(4.133444425249,-8.9488473556));
#3698 = CARTESIAN_POINT('',(4.079292036267,-8.953698702513));
#3699 = CARTESIAN_POINT('',(4.025218989489,-8.958914081471));
#3700 = CARTESIAN_POINT('',(3.971303931109,-8.964468270749));
#3701 = CARTESIAN_POINT('',(3.917624130776,-8.970333389529));
#3702 = CARTESIAN_POINT('',(3.864254829785,-8.976479348625));
#3703 = CARTESIAN_POINT('',(3.811268636462,-8.98287433618));
#3704 = CARTESIAN_POINT('',(3.758734961494,-8.989485326586));
#3705 = CARTESIAN_POINT('',(3.70671957356,-8.996278581923));
#3706 = CARTESIAN_POINT('',(3.655284018425,-9.003220186219));
#3707 = CARTESIAN_POINT('',(3.604485891896,-9.010276392054));
#3708 = CARTESIAN_POINT('',(3.571079490885,-9.015035156972));
#3709 = CARTESIAN_POINT('',(3.554499870112,-9.017422701241));
#3710 = ( GEOMETRIC_REPRESENTATION_CONTEXT(2) 
PARAMETRIC_REPRESENTATION_CONTEXT() REPRESENTATION_CONTEXT('2D SPACE',''
  ) );
#3711 = ORIENTED_EDGE('',*,*,#3712,.T.);
#3712 = EDGE_CURVE('',#3666,#494,#3713,.T.);
#3713 = SURFACE_CURVE('',#3714,(#3718,#3725),.PCURVE_S1.);
#3714 = LINE('',#3715,#3716);
#3715 = CARTESIAN_POINT('',(15.253009421531,-1.13754614136E-04,
    9.499762433021));
#3716 = VECTOR('',#3717,1.);
#3717 = DIRECTION('',(5.114840108864E-18,0.998629534755,
    5.233595624294E-02));
#3718 = PCURVE('',#509,#3719);
#3719 = DEFINITIONAL_REPRESENTATION('',(#3720),#3724);
#3720 = LINE('',#3721,#3722);
#3721 = CARTESIAN_POINT('',(6.309529302872E-17,-2.49651142254));
#3722 = VECTOR('',#3723,1.);
#3723 = DIRECTION('',(-1.,5.114840108864E-18));
#3724 = ( GEOMETRIC_REPRESENTATION_CONTEXT(2) 
PARAMETRIC_REPRESENTATION_CONTEXT() REPRESENTATION_CONTEXT('2D SPACE',''
  ) );
#3725 = PCURVE('',#551,#3726);
#3726 = DEFINITIONAL_REPRESENTATION('',(#3727),#3730);
#3727 = B_SPLINE_CURVE_WITH_KNOTS('',1,(#3728,#3729),.UNSPECIFIED.,.F.,
  .F.,(2,2),(-9.2162221422,5.049518195842E-17),
  .PIECEWISE_BEZIER_KNOTS.);
#3728 = CARTESIAN_POINT('',(0.698040855018,5.499156671653));
#3729 = CARTESIAN_POINT('',(-5.463142645953E-20,5.499156671653));
#3730 = ( GEOMETRIC_REPRESENTATION_CONTEXT(2) 
PARAMETRIC_REPRESENTATION_CONTEXT() REPRESENTATION_CONTEXT('2D SPACE',''
  ) );
#3731 = ORIENTED_EDGE('',*,*,#493,.F.);
#3732 = ORIENTED_EDGE('',*,*,#3733,.T.);
#3733 = EDGE_CURVE('',#437,#2975,#3734,.T.);
#3734 = SURFACE_CURVE('',#3735,(#3739,#3746),.PCURVE_S1.);
#3735 = LINE('',#3736,#3737);
#3736 = CARTESIAN_POINT('',(-13.75105926585,-1.137546141359E-04,
    9.499762433021));
#3737 = VECTOR('',#3738,1.);
#3738 = DIRECTION('',(-5.114840108864E-18,-0.998629534755,
    -5.233595624294E-02));
#3739 = PCURVE('',#509,#3740);
#3740 = DEFINITIONAL_REPRESENTATION('',(#3741),#3745);
#3741 = LINE('',#3742,#3743);
#3742 = CARTESIAN_POINT('',(-6.318919822211E-16,-31.50058010992));
#3743 = VECTOR('',#3744,1.);
#3744 = DIRECTION('',(1.,-5.114840108864E-18));
#3745 = ( GEOMETRIC_REPRESENTATION_CONTEXT(2) 
PARAMETRIC_REPRESENTATION_CONTEXT() REPRESENTATION_CONTEXT('2D SPACE',''
  ) );
#3746 = PCURVE('',#466,#3747);
#3747 = DEFINITIONAL_REPRESENTATION('',(#3748),#3751);
#3748 = B_SPLINE_CURVE_WITH_KNOTS('',1,(#3749,#3750),.UNSPECIFIED.,.F.,
  .F.,(2,2),(5.049518195842E-17,11.014820428582),
  .PIECEWISE_BEZIER_KNOTS.);
#3749 = CARTESIAN_POINT('',(-8.763329847357E-17,3.925621289117));
#3750 = CARTESIAN_POINT('',(0.833333333333,3.925621289117));
#3751 = ( GEOMETRIC_REPRESENTATION_CONTEXT(2) 
PARAMETRIC_REPRESENTATION_CONTEXT() REPRESENTATION_CONTEXT('2D SPACE',''
  ) );
#3752 = ADVANCED_FACE('',(#3753),#1831,.F.);
#3753 = FACE_BOUND('',#3754,.T.);
#3754 = EDGE_LOOP('',(#3755,#3756,#3779,#3802,#3823,#3824,#3825,#3826,
    #3849,#3872,#3893,#3894));
#3755 = ORIENTED_EDGE('',*,*,#1815,.F.);
#3756 = ORIENTED_EDGE('',*,*,#3757,.T.);
#3757 = EDGE_CURVE('',#1793,#3758,#3760,.T.);
#3758 = VERTEX_POINT('',#3759);
#3759 = CARTESIAN_POINT('',(9.312589157722,-1.800068754614,
    -4.704638917732));
#3760 = SURFACE_CURVE('',#3761,(#3765,#3772),.PCURVE_S1.);
#3761 = LINE('',#3762,#3763);
#3762 = CARTESIAN_POINT('',(9.312589157722,-1.800068754614,
    -6.499837566979));
#3763 = VECTOR('',#3764,1.);
#3764 = DIRECTION('',(-2.365532012696E-15,-2.735695943732E-31,1.));
#3765 = PCURVE('',#1831,#3766);
#3766 = DEFINITIONAL_REPRESENTATION('',(#3767),#3771);
#3767 = LINE('',#3768,#3769);
#3768 = CARTESIAN_POINT('',(10.436881686349,-3.01980662698E-14));
#3769 = VECTOR('',#3770,1.);
#3770 = DIRECTION('',(2.365532012696E-15,1.));
#3771 = ( GEOMETRIC_REPRESENTATION_CONTEXT(2) 
PARAMETRIC_REPRESENTATION_CONTEXT() REPRESENTATION_CONTEXT('2D SPACE',''
  ) );
#3772 = PCURVE('',#823,#3773);
#3773 = DEFINITIONAL_REPRESENTATION('',(#3774),#3778);
#3774 = LINE('',#3775,#3776);
#3775 = CARTESIAN_POINT('',(1.801052152308,-1.858054462897));
#3776 = VECTOR('',#3777,1.);
#3777 = DIRECTION('',(-8.255587667673E-17,1.));
#3778 = ( GEOMETRIC_REPRESENTATION_CONTEXT(2) 
PARAMETRIC_REPRESENTATION_CONTEXT() REPRESENTATION_CONTEXT('2D SPACE',''
  ) );
#3779 = ORIENTED_EDGE('',*,*,#3780,.T.);
#3780 = EDGE_CURVE('',#3758,#3781,#3783,.T.);
#3781 = VERTEX_POINT('',#3782);
#3782 = CARTESIAN_POINT('',(12.686790030421,-1.800068754614,
    -4.704638917732));
#3783 = SURFACE_CURVE('',#3784,(#3788,#3795),.PCURVE_S1.);
#3784 = LINE('',#3785,#3786);
#3785 = CARTESIAN_POINT('',(19.749470844072,-1.800068754614,
    -4.704638917732));
#3786 = VECTOR('',#3787,1.);
#3787 = DIRECTION('',(1.,1.156482317318E-16,4.038525242434E-18));
#3788 = PCURVE('',#1831,#3789);
#3789 = DEFINITIONAL_REPRESENTATION('',(#3790),#3794);
#3790 = LINE('',#3791,#3792);
#3791 = CARTESIAN_POINT('',(0.,1.795198649247));
#3792 = VECTOR('',#3793,1.);
#3793 = DIRECTION('',(-1.,4.038525242434E-18));
#3794 = ( GEOMETRIC_REPRESENTATION_CONTEXT(2) 
PARAMETRIC_REPRESENTATION_CONTEXT() REPRESENTATION_CONTEXT('2D SPACE',''
  ) );
#3795 = PCURVE('',#795,#3796);
#3796 = DEFINITIONAL_REPRESENTATION('',(#3797),#3801);
#3797 = LINE('',#3798,#3799);
#3798 = CARTESIAN_POINT('',(1.801052152308,10.4997375));
#3799 = VECTOR('',#3800,1.);
#3800 = DIRECTION('',(-1.157187244521E-16,1.));
#3801 = ( GEOMETRIC_REPRESENTATION_CONTEXT(2) 
PARAMETRIC_REPRESENTATION_CONTEXT() REPRESENTATION_CONTEXT('2D SPACE',''
  ) );
#3802 = ORIENTED_EDGE('',*,*,#3803,.T.);
#3803 = EDGE_CURVE('',#3781,#2173,#3804,.T.);
#3804 = SURFACE_CURVE('',#3805,(#3809,#3816),.PCURVE_S1.);
#3805 = LINE('',#3806,#3807);
#3806 = CARTESIAN_POINT('',(12.686790030421,-1.800068754614,
    -6.499837566979));
#3807 = VECTOR('',#3808,1.);
#3808 = DIRECTION('',(-7.885106708985E-16,-9.118986479106E-32,-1.));
#3809 = PCURVE('',#1831,#3810);
#3810 = DEFINITIONAL_REPRESENTATION('',(#3811),#3815);
#3811 = LINE('',#3812,#3813);
#3812 = CARTESIAN_POINT('',(7.062680813651,0.));
#3813 = VECTOR('',#3814,1.);
#3814 = DIRECTION('',(7.885106708985E-16,-1.));
#3815 = ( GEOMETRIC_REPRESENTATION_CONTEXT(2) 
PARAMETRIC_REPRESENTATION_CONTEXT() REPRESENTATION_CONTEXT('2D SPACE',''
  ) );
#3816 = PCURVE('',#877,#3817);
#3817 = DEFINITIONAL_REPRESENTATION('',(#3818),#3822);
#3818 = LINE('',#3819,#3820);
#3819 = CARTESIAN_POINT('',(-1.801052152308,-1.858054462897));
#3820 = VECTOR('',#3821,1.);
#3821 = DIRECTION('',(-2.751862555891E-17,-1.));
#3822 = ( GEOMETRIC_REPRESENTATION_CONTEXT(2) 
PARAMETRIC_REPRESENTATION_CONTEXT() REPRESENTATION_CONTEXT('2D SPACE',''
  ) );
#3823 = ORIENTED_EDGE('',*,*,#2377,.F.);
#3824 = ORIENTED_EDGE('',*,*,#3547,.T.);
#3825 = ORIENTED_EDGE('',*,*,#2454,.T.);
#3826 = ORIENTED_EDGE('',*,*,#3827,.T.);
#3827 = EDGE_CURVE('',#2432,#3828,#3830,.T.);
#3828 = VERTEX_POINT('',#3829);
#3829 = CARTESIAN_POINT('',(12.718227512679,-1.800068754614,
    4.673201301517));
#3830 = SURFACE_CURVE('',#3831,(#3835,#3842),.PCURVE_S1.);
#3831 = LINE('',#3832,#3833);
#3832 = CARTESIAN_POINT('',(12.718227512679,-1.800068754614,
    -6.499837566979));
#3833 = VECTOR('',#3834,1.);
#3834 = DIRECTION('',(-7.885106708985E-16,-9.118986479106E-32,-1.));
#3835 = PCURVE('',#1831,#3836);
#3836 = DEFINITIONAL_REPRESENTATION('',(#3837),#3841);
#3837 = LINE('',#3838,#3839);
#3838 = CARTESIAN_POINT('',(7.031243331393,0.));
#3839 = VECTOR('',#3840,1.);
#3840 = DIRECTION('',(7.885106708985E-16,-1.));
#3841 = ( GEOMETRIC_REPRESENTATION_CONTEXT(2) 
PARAMETRIC_REPRESENTATION_CONTEXT() REPRESENTATION_CONTEXT('2D SPACE',''
  ) );
#3842 = PCURVE('',#737,#3843);
#3843 = DEFINITIONAL_REPRESENTATION('',(#3844),#3848);
#3844 = LINE('',#3845,#3846);
#3845 = CARTESIAN_POINT('',(-1.800229183624,-11.1416205371));
#3846 = VECTOR('',#3847,1.);
#3847 = DIRECTION('',(-1.376140870866E-17,-1.));
#3848 = ( GEOMETRIC_REPRESENTATION_CONTEXT(2) 
PARAMETRIC_REPRESENTATION_CONTEXT() REPRESENTATION_CONTEXT('2D SPACE',''
  ) );
#3849 = ORIENTED_EDGE('',*,*,#3850,.T.);
#3850 = EDGE_CURVE('',#3828,#3851,#3853,.T.);
#3851 = VERTEX_POINT('',#3852);
#3852 = CARTESIAN_POINT('',(9.281151675465,-1.800068754614,
    4.673201301517));
#3853 = SURFACE_CURVE('',#3854,(#3858,#3865),.PCURVE_S1.);
#3854 = LINE('',#3855,#3856);
#3855 = CARTESIAN_POINT('',(19.749470844072,-1.800068754614,
    4.673201301517));
#3856 = VECTOR('',#3857,1.);
#3857 = DIRECTION('',(-1.,-1.156482317318E-16,2.49836286819E-16));
#3858 = PCURVE('',#1831,#3859);
#3859 = DEFINITIONAL_REPRESENTATION('',(#3860),#3864);
#3860 = LINE('',#3861,#3862);
#3861 = CARTESIAN_POINT('',(0.,11.173038868495));
#3862 = VECTOR('',#3863,1.);
#3863 = DIRECTION('',(1.,2.49836286819E-16));
#3864 = ( GEOMETRIC_REPRESENTATION_CONTEXT(2) 
PARAMETRIC_REPRESENTATION_CONTEXT() REPRESENTATION_CONTEXT('2D SPACE',''
  ) );
#3865 = PCURVE('',#709,#3866);
#3866 = DEFINITIONAL_REPRESENTATION('',(#3867),#3871);
#3867 = LINE('',#3868,#3869);
#3868 = CARTESIAN_POINT('',(-1.800229183624,10.4997375));
#3869 = VECTOR('',#3870,1.);
#3870 = DIRECTION('',(-1.199908623663E-16,-1.));
#3871 = ( GEOMETRIC_REPRESENTATION_CONTEXT(2) 
PARAMETRIC_REPRESENTATION_CONTEXT() REPRESENTATION_CONTEXT('2D SPACE',''
  ) );
#3872 = ORIENTED_EDGE('',*,*,#3873,.T.);
#3873 = EDGE_CURVE('',#3851,#1986,#3874,.T.);
#3874 = SURFACE_CURVE('',#3875,(#3879,#3886),.PCURVE_S1.);
#3875 = LINE('',#3876,#3877);
#3876 = CARTESIAN_POINT('',(9.281151675465,-1.800068754614,
    -6.499837566979));
#3877 = VECTOR('',#3878,1.);
#3878 = DIRECTION('',(7.885106708986E-16,9.118986479106E-32,1.));
#3879 = PCURVE('',#1831,#3880);
#3880 = DEFINITIONAL_REPRESENTATION('',(#3881),#3885);
#3881 = LINE('',#3882,#3883);
#3882 = CARTESIAN_POINT('',(10.468319168607,0.));
#3883 = VECTOR('',#3884,1.);
#3884 = DIRECTION('',(-7.885106708986E-16,1.));
#3885 = ( GEOMETRIC_REPRESENTATION_CONTEXT(2) 
PARAMETRIC_REPRESENTATION_CONTEXT() REPRESENTATION_CONTEXT('2D SPACE',''
  ) );
#3886 = PCURVE('',#681,#3887);
#3887 = DEFINITIONAL_REPRESENTATION('',(#3888),#3892);
#3888 = LINE('',#3889,#3890);
#3889 = CARTESIAN_POINT('',(1.800229183624,-11.1416205371));
#3890 = VECTOR('',#3891,1.);
#3891 = DIRECTION('',(1.376140870866E-17,1.));
#3892 = ( GEOMETRIC_REPRESENTATION_CONTEXT(2) 
PARAMETRIC_REPRESENTATION_CONTEXT() REPRESENTATION_CONTEXT('2D SPACE',''
  ) );
#3893 = ORIENTED_EDGE('',*,*,#1985,.T.);
#3894 = ORIENTED_EDGE('',*,*,#2119,.T.);
#3895 = ADVANCED_FACE('',(#3896),#1479,.F.);
#3896 = FACE_BOUND('',#3897,.F.);
#3897 = EDGE_LOOP('',(#3898,#3899,#3900,#3901));
#3898 = ORIENTED_EDGE('',*,*,#1541,.T.);
#3899 = ORIENTED_EDGE('',*,*,#1463,.F.);
#3900 = ORIENTED_EDGE('',*,*,#2090,.F.);
#3901 = ORIENTED_EDGE('',*,*,#1665,.T.);
#3902 = ADVANCED_FACE('',(#3903),#1309,.F.);
#3903 = FACE_BOUND('',#3904,.F.);
#3904 = EDGE_LOOP('',(#3905,#3906,#3907,#3908));
#3905 = ORIENTED_EDGE('',*,*,#1291,.F.);
#3906 = ORIENTED_EDGE('',*,*,#2145,.F.);
#3907 = ORIENTED_EDGE('',*,*,#1915,.F.);
#3908 = ORIENTED_EDGE('',*,*,#1392,.T.);
#3909 = ADVANCED_FACE('',(#3910),#212,.T.);
#3910 = FACE_BOUND('',#3911,.T.);
#3911 = EDGE_LOOP('',(#3912,#3913,#3935,#3936));
#3912 = ORIENTED_EDGE('',*,*,#196,.F.);
#3913 = ORIENTED_EDGE('',*,*,#3914,.F.);
#3914 = EDGE_CURVE('',#163,#161,#3915,.T.);
#3915 = SURFACE_CURVE('',#3916,(#3921,#3928),.PCURVE_S1.);
#3916 = CIRCLE('',#3917,1.237500883855);
#3917 = AXIS2_PLACEMENT_3D('',#3918,#3919,#3920);
#3918 = CARTESIAN_POINT('',(9.249733344072,2.999836245386,
    -6.697881763362E-08));
#3919 = DIRECTION('',(0.,1.,0.));
#3920 = DIRECTION('',(0.,-0.,1.));
#3921 = PCURVE('',#212,#3922);
#3922 = DEFINITIONAL_REPRESENTATION('',(#3923),#3927);
#3923 = LINE('',#3924,#3925);
#3924 = CARTESIAN_POINT('',(6.28318530718,-2.99995));
#3925 = VECTOR('',#3926,1.);
#3926 = DIRECTION('',(-1.,0.));
#3927 = ( GEOMETRIC_REPRESENTATION_CONTEXT(2) 
PARAMETRIC_REPRESENTATION_CONTEXT() REPRESENTATION_CONTEXT('2D SPACE',''
  ) );
#3928 = PCURVE('',#184,#3929);
#3929 = DEFINITIONAL_REPRESENTATION('',(#3930),#3934);
#3930 = CIRCLE('',#3931,1.237500883855);
#3931 = AXIS2_PLACEMENT_2D('',#3932,#3933);
#3932 = CARTESIAN_POINT('',(0.,0.));
#3933 = DIRECTION('',(1.,0.));
#3934 = ( GEOMETRIC_REPRESENTATION_CONTEXT(2) 
PARAMETRIC_REPRESENTATION_CONTEXT() REPRESENTATION_CONTEXT('2D SPACE',''
  ) );
#3935 = ORIENTED_EDGE('',*,*,#272,.T.);
#3936 = ORIENTED_EDGE('',*,*,#1241,.T.);
#3937 = ADVANCED_FACE('',(#3938),#62,.F.);
#3938 = FACE_BOUND('',#3939,.F.);
#3939 = EDGE_LOOP('',(#3940,#3941,#3942,#3968));
#3940 = ORIENTED_EDGE('',*,*,#296,.F.);
#3941 = ORIENTED_EDGE('',*,*,#39,.F.);
#3942 = ORIENTED_EDGE('',*,*,#3943,.F.);
#3943 = EDGE_CURVE('',#104,#40,#3944,.T.);
#3944 = SURFACE_CURVE('',#3945,(#3950,#3957),.PCURVE_S1.);
#3945 = CIRCLE('',#3946,2.074970797381);
#3946 = AXIS2_PLACEMENT_3D('',#3947,#3948,#3949);
#3947 = CARTESIAN_POINT('',(-9.249804155928,-2.000063754614,
    -6.697881542929E-08));
#3948 = DIRECTION('',(0.,-1.,0.));
#3949 = DIRECTION('',(0.,0.,1.));
#3950 = PCURVE('',#62,#3951);
#3951 = DEFINITIONAL_REPRESENTATION('',(#3952),#3956);
#3952 = LINE('',#3953,#3954);
#3953 = CARTESIAN_POINT('',(6.28318530718,-1.99995));
#3954 = VECTOR('',#3955,1.);
#3955 = DIRECTION('',(-1.,0.));
#3956 = ( GEOMETRIC_REPRESENTATION_CONTEXT(2) 
PARAMETRIC_REPRESENTATION_CONTEXT() REPRESENTATION_CONTEXT('2D SPACE',''
  ) );
#3957 = PCURVE('',#141,#3958);
#3958 = DEFINITIONAL_REPRESENTATION('',(#3959),#3967);
#3959 = ( BOUNDED_CURVE() B_SPLINE_CURVE(2,(#3960,#3961,#3962,#3963,
#3964,#3965,#3966),.UNSPECIFIED.,.T.,.F.) B_SPLINE_CURVE_WITH_KNOTS((1,2
    ,2,2,2,1),(-2.094395102393,0.,2.094395102393,4.188790204786,
6.28318530718,8.377580409573),.UNSPECIFIED.) CURVE() 
GEOMETRIC_REPRESENTATION_ITEM() RATIONAL_B_SPLINE_CURVE((1.,0.5,1.,0.5,
1.,0.5,1.)) REPRESENTATION_ITEM('') );
#3960 = CARTESIAN_POINT('',(2.074970797381,-9.24976875));
#3961 = CARTESIAN_POINT('',(2.074970797381,-12.84372359528));
#3962 = CARTESIAN_POINT('',(-1.037485398691,-11.04674617264));
#3963 = CARTESIAN_POINT('',(-4.149941594763,-9.24976875));
#3964 = CARTESIAN_POINT('',(-1.037485398691,-7.452791327357));
#3965 = CARTESIAN_POINT('',(2.074970797381,-5.655813904714));
#3966 = CARTESIAN_POINT('',(2.074970797381,-9.24976875));
#3967 = ( GEOMETRIC_REPRESENTATION_CONTEXT(2) 
PARAMETRIC_REPRESENTATION_CONTEXT() REPRESENTATION_CONTEXT('2D SPACE',''
  ) );
#3968 = ORIENTED_EDGE('',*,*,#103,.T.);
#3969 = ADVANCED_FACE('',(#3970,#4176),#141,.F.);
#3970 = FACE_BOUND('',#3971,.T.);
#3971 = EDGE_LOOP('',(#3972,#4002,#4025,#4053,#4076,#4104,#4127,#4155));
#3972 = ORIENTED_EDGE('',*,*,#3973,.T.);
#3973 = EDGE_CURVE('',#3974,#3976,#3978,.T.);
#3974 = VERTEX_POINT('',#3975);
#3975 = CARTESIAN_POINT('',(-13.74969165592,-2.000063754614,
    -5.999850066979));
#3976 = VERTEX_POINT('',#3977);
#3977 = CARTESIAN_POINT('',(-12.74971665592,-2.000063754614,
    -6.999825066979));
#3978 = SURFACE_CURVE('',#3979,(#3984,#3995),.PCURVE_S1.);
#3979 = CIRCLE('',#3980,0.999975);
#3980 = AXIS2_PLACEMENT_3D('',#3981,#3982,#3983);
#3981 = CARTESIAN_POINT('',(-12.74971665592,-2.000063754614,
    -5.999850066979));
#3982 = DIRECTION('',(0.,-1.,0.));
#3983 = DIRECTION('',(0.,0.,1.));
#3984 = PCURVE('',#141,#3985);
#3985 = DEFINITIONAL_REPRESENTATION('',(#3986),#3994);
#3986 = ( BOUNDED_CURVE() B_SPLINE_CURVE(2,(#3987,#3988,#3989,#3990,
#3991,#3992,#3993),.UNSPECIFIED.,.T.,.F.) B_SPLINE_CURVE_WITH_KNOTS((1,2
    ,2,2,2,1),(-2.094395102393,0.,2.094395102393,4.188790204786,
6.28318530718,8.377580409573),.UNSPECIFIED.) CURVE() 
GEOMETRIC_REPRESENTATION_ITEM() RATIONAL_B_SPLINE_CURVE((1.,0.5,1.,0.5,
1.,0.5,1.)) REPRESENTATION_ITEM('') );
#3987 = CARTESIAN_POINT('',(-4.999875,-12.74968125));
#3988 = CARTESIAN_POINT('',(-4.999875,-14.48168875629));
#3989 = CARTESIAN_POINT('',(-6.4998375,-13.61568500314));
#3990 = CARTESIAN_POINT('',(-7.9998,-12.74968125));
#3991 = CARTESIAN_POINT('',(-6.4998375,-11.88367749685));
#3992 = CARTESIAN_POINT('',(-4.999875,-11.0176737437));
#3993 = CARTESIAN_POINT('',(-4.999875,-12.74968125));
#3994 = ( GEOMETRIC_REPRESENTATION_CONTEXT(2) 
PARAMETRIC_REPRESENTATION_CONTEXT() REPRESENTATION_CONTEXT('2D SPACE',''
  ) );
#3995 = PCURVE('',#2716,#3996);
#3996 = DEFINITIONAL_REPRESENTATION('',(#3997),#4001);
#3997 = LINE('',#3998,#3999);
#3998 = CARTESIAN_POINT('',(0.,2.905966859021E-17));
#3999 = VECTOR('',#4000,1.);
#4000 = DIRECTION('',(1.,-9.866645121588E-18));
#4001 = ( GEOMETRIC_REPRESENTATION_CONTEXT(2) 
PARAMETRIC_REPRESENTATION_CONTEXT() REPRESENTATION_CONTEXT('2D SPACE',''
  ) );
#4002 = ORIENTED_EDGE('',*,*,#4003,.T.);
#4003 = EDGE_CURVE('',#3976,#4004,#4006,.T.);
#4004 = VERTEX_POINT('',#4005);
#4005 = CARTESIAN_POINT('',(-5.749891655928,-2.000063754614,
    -6.999825066979));
#4006 = SURFACE_CURVE('',#4007,(#4011,#4018),.PCURVE_S1.);
#4007 = LINE('',#4008,#4009);
#4008 = CARTESIAN_POINT('',(-5.749891655928,-2.000063754614,
    -6.999825066979));
#4009 = VECTOR('',#4010,1.);
#4010 = DIRECTION('',(1.,0.,0.));
#4011 = PCURVE('',#141,#4012);
#4012 = DEFINITIONAL_REPRESENTATION('',(#4013),#4017);
#4013 = LINE('',#4014,#4015);
#4014 = CARTESIAN_POINT('',(-6.999825,-5.74985625));
#4015 = VECTOR('',#4016,1.);
#4016 = DIRECTION('',(0.,1.));
#4017 = ( GEOMETRIC_REPRESENTATION_CONTEXT(2) 
PARAMETRIC_REPRESENTATION_CONTEXT() REPRESENTATION_CONTEXT('2D SPACE',''
  ) );
#4018 = PCURVE('',#2683,#4019);
#4019 = DEFINITIONAL_REPRESENTATION('',(#4020),#4024);
#4020 = LINE('',#4021,#4022);
#4021 = CARTESIAN_POINT('',(0.,0.));
#4022 = VECTOR('',#4023,1.);
#4023 = DIRECTION('',(0.,1.));
#4024 = ( GEOMETRIC_REPRESENTATION_CONTEXT(2) 
PARAMETRIC_REPRESENTATION_CONTEXT() REPRESENTATION_CONTEXT('2D SPACE',''
  ) );
#4025 = ORIENTED_EDGE('',*,*,#4026,.T.);
#4026 = EDGE_CURVE('',#4004,#4027,#4029,.T.);
#4027 = VERTEX_POINT('',#4028);
#4028 = CARTESIAN_POINT('',(-4.749916655928,-2.000063754614,
    -5.999850066979));
#4029 = SURFACE_CURVE('',#4030,(#4035,#4046),.PCURVE_S1.);
#4030 = CIRCLE('',#4031,0.999975);
#4031 = AXIS2_PLACEMENT_3D('',#4032,#4033,#4034);
#4032 = CARTESIAN_POINT('',(-5.749891655928,-2.000063754614,
    -5.999850066979));
#4033 = DIRECTION('',(0.,-1.,0.));
#4034 = DIRECTION('',(0.,0.,1.));
#4035 = PCURVE('',#141,#4036);
#4036 = DEFINITIONAL_REPRESENTATION('',(#4037),#4045);
#4037 = ( BOUNDED_CURVE() B_SPLINE_CURVE(2,(#4038,#4039,#4040,#4041,
#4042,#4043,#4044),.UNSPECIFIED.,.T.,.F.) B_SPLINE_CURVE_WITH_KNOTS((1,2
    ,2,2,2,1),(-2.094395102393,0.,2.094395102393,4.188790204786,
6.28318530718,8.377580409573),.UNSPECIFIED.) CURVE() 
GEOMETRIC_REPRESENTATION_ITEM() RATIONAL_B_SPLINE_CURVE((1.,0.5,1.,0.5,
1.,0.5,1.)) REPRESENTATION_ITEM('') );
#4038 = CARTESIAN_POINT('',(-4.999875,-5.74985625));
#4039 = CARTESIAN_POINT('',(-4.999875,-7.481863756299));
#4040 = CARTESIAN_POINT('',(-6.4998375,-6.615860003149));
#4041 = CARTESIAN_POINT('',(-7.9998,-5.74985625));
#4042 = CARTESIAN_POINT('',(-6.4998375,-4.883852496851));
#4043 = CARTESIAN_POINT('',(-4.999875,-4.017848743701));
#4044 = CARTESIAN_POINT('',(-4.999875,-5.74985625));
#4045 = ( GEOMETRIC_REPRESENTATION_CONTEXT(2) 
PARAMETRIC_REPRESENTATION_CONTEXT() REPRESENTATION_CONTEXT('2D SPACE',''
  ) );
#4046 = PCURVE('',#2655,#4047);
#4047 = DEFINITIONAL_REPRESENTATION('',(#4048),#4052);
#4048 = LINE('',#4049,#4050);
#4049 = CARTESIAN_POINT('',(0.,-1.937311239347E-18));
#4050 = VECTOR('',#4051,1.);
#4051 = DIRECTION('',(1.,0.));
#4052 = ( GEOMETRIC_REPRESENTATION_CONTEXT(2) 
PARAMETRIC_REPRESENTATION_CONTEXT() REPRESENTATION_CONTEXT('2D SPACE',''
  ) );
#4053 = ORIENTED_EDGE('',*,*,#4054,.T.);
#4054 = EDGE_CURVE('',#4027,#4055,#4057,.T.);
#4055 = VERTEX_POINT('',#4056);
#4056 = CARTESIAN_POINT('',(-4.749916655928,-2.000063754614,
    5.999849933021));
#4057 = SURFACE_CURVE('',#4058,(#4062,#4069),.PCURVE_S1.);
#4058 = LINE('',#4059,#4060);
#4059 = CARTESIAN_POINT('',(-4.749916655928,-2.000063754614,
    -5.999850066979));
#4060 = VECTOR('',#4061,1.);
#4061 = DIRECTION('',(1.445602896647E-16,0.,1.));
#4062 = PCURVE('',#141,#4063);
#4063 = DEFINITIONAL_REPRESENTATION('',(#4064),#4068);
#4064 = LINE('',#4065,#4066);
#4065 = CARTESIAN_POINT('',(-5.99985,-4.74988125));
#4066 = VECTOR('',#4067,1.);
#4067 = DIRECTION('',(1.,1.445602896647E-16));
#4068 = ( GEOMETRIC_REPRESENTATION_CONTEXT(2) 
PARAMETRIC_REPRESENTATION_CONTEXT() REPRESENTATION_CONTEXT('2D SPACE',''
  ) );
#4069 = PCURVE('',#2864,#4070);
#4070 = DEFINITIONAL_REPRESENTATION('',(#4071),#4075);
#4071 = LINE('',#4072,#4073);
#4072 = CARTESIAN_POINT('',(0.,0.));
#4073 = VECTOR('',#4074,1.);
#4074 = DIRECTION('',(2.52292492992E-18,1.));
#4075 = ( GEOMETRIC_REPRESENTATION_CONTEXT(2) 
PARAMETRIC_REPRESENTATION_CONTEXT() REPRESENTATION_CONTEXT('2D SPACE',''
  ) );
#4076 = ORIENTED_EDGE('',*,*,#4077,.T.);
#4077 = EDGE_CURVE('',#4055,#4078,#4080,.T.);
#4078 = VERTEX_POINT('',#4079);
#4079 = CARTESIAN_POINT('',(-5.749891655928,-2.000063754614,
    6.999824933021));
#4080 = SURFACE_CURVE('',#4081,(#4086,#4097),.PCURVE_S1.);
#4081 = CIRCLE('',#4082,0.999975);
#4082 = AXIS2_PLACEMENT_3D('',#4083,#4084,#4085);
#4083 = CARTESIAN_POINT('',(-5.749891655928,-2.000063754614,
    5.999849933021));
#4084 = DIRECTION('',(0.,-1.,0.));
#4085 = DIRECTION('',(0.,0.,1.));
#4086 = PCURVE('',#141,#4087);
#4087 = DEFINITIONAL_REPRESENTATION('',(#4088),#4096);
#4088 = ( BOUNDED_CURVE() B_SPLINE_CURVE(2,(#4089,#4090,#4091,#4092,
#4093,#4094,#4095),.UNSPECIFIED.,.T.,.F.) B_SPLINE_CURVE_WITH_KNOTS((1,2
    ,2,2,2,1),(-2.094395102393,0.,2.094395102393,4.188790204786,
6.28318530718,8.377580409573),.UNSPECIFIED.) CURVE() 
GEOMETRIC_REPRESENTATION_ITEM() RATIONAL_B_SPLINE_CURVE((1.,0.5,1.,0.5,
1.,0.5,1.)) REPRESENTATION_ITEM('') );
#4089 = CARTESIAN_POINT('',(6.999825,-5.74985625));
#4090 = CARTESIAN_POINT('',(6.999825,-7.481863756299));
#4091 = CARTESIAN_POINT('',(5.4998625,-6.615860003149));
#4092 = CARTESIAN_POINT('',(3.9999,-5.74985625));
#4093 = CARTESIAN_POINT('',(5.4998625,-4.883852496851));
#4094 = CARTESIAN_POINT('',(6.999825,-4.017848743701));
#4095 = CARTESIAN_POINT('',(6.999825,-5.74985625));
#4096 = ( GEOMETRIC_REPRESENTATION_CONTEXT(2) 
PARAMETRIC_REPRESENTATION_CONTEXT() REPRESENTATION_CONTEXT('2D SPACE',''
  ) );
#4097 = PCURVE('',#2838,#4098);
#4098 = DEFINITIONAL_REPRESENTATION('',(#4099),#4103);
#4099 = LINE('',#4100,#4101);
#4100 = CARTESIAN_POINT('',(0.,-1.937311239347E-18));
#4101 = VECTOR('',#4102,1.);
#4102 = DIRECTION('',(1.,0.));
#4103 = ( GEOMETRIC_REPRESENTATION_CONTEXT(2) 
PARAMETRIC_REPRESENTATION_CONTEXT() REPRESENTATION_CONTEXT('2D SPACE',''
  ) );
#4104 = ORIENTED_EDGE('',*,*,#4105,.T.);
#4105 = EDGE_CURVE('',#4078,#4106,#4108,.T.);
#4106 = VERTEX_POINT('',#4107);
#4107 = CARTESIAN_POINT('',(-12.74971665592,-2.000063754614,
    6.999824933021));
#4108 = SURFACE_CURVE('',#4109,(#4113,#4120),.PCURVE_S1.);
#4109 = LINE('',#4110,#4111);
#4110 = CARTESIAN_POINT('',(-5.749891655928,-2.000063754614,
    6.999824933021));
#4111 = VECTOR('',#4112,1.);
#4112 = DIRECTION('',(-1.,0.,0.));
#4113 = PCURVE('',#141,#4114);
#4114 = DEFINITIONAL_REPRESENTATION('',(#4115),#4119);
#4115 = LINE('',#4116,#4117);
#4116 = CARTESIAN_POINT('',(6.999825,-5.74985625));
#4117 = VECTOR('',#4118,1.);
#4118 = DIRECTION('',(0.,-1.));
#4119 = ( GEOMETRIC_REPRESENTATION_CONTEXT(2) 
PARAMETRIC_REPRESENTATION_CONTEXT() REPRESENTATION_CONTEXT('2D SPACE',''
  ) );
#4120 = PCURVE('',#2805,#4121);
#4121 = DEFINITIONAL_REPRESENTATION('',(#4122),#4126);
#4122 = LINE('',#4123,#4124);
#4123 = CARTESIAN_POINT('',(0.,0.));
#4124 = VECTOR('',#4125,1.);
#4125 = DIRECTION('',(0.,-1.));
#4126 = ( GEOMETRIC_REPRESENTATION_CONTEXT(2) 
PARAMETRIC_REPRESENTATION_CONTEXT() REPRESENTATION_CONTEXT('2D SPACE',''
  ) );
#4127 = ORIENTED_EDGE('',*,*,#4128,.T.);
#4128 = EDGE_CURVE('',#4106,#4129,#4131,.T.);
#4129 = VERTEX_POINT('',#4130);
#4130 = CARTESIAN_POINT('',(-13.74969165592,-2.000063754614,
    5.999849933021));
#4131 = SURFACE_CURVE('',#4132,(#4137,#4148),.PCURVE_S1.);
#4132 = CIRCLE('',#4133,0.999975);
#4133 = AXIS2_PLACEMENT_3D('',#4134,#4135,#4136);
#4134 = CARTESIAN_POINT('',(-12.74971665592,-2.000063754614,
    5.999849933021));
#4135 = DIRECTION('',(0.,-1.,0.));
#4136 = DIRECTION('',(0.,0.,1.));
#4137 = PCURVE('',#141,#4138);
#4138 = DEFINITIONAL_REPRESENTATION('',(#4139),#4147);
#4139 = ( BOUNDED_CURVE() B_SPLINE_CURVE(2,(#4140,#4141,#4142,#4143,
#4144,#4145,#4146),.UNSPECIFIED.,.T.,.F.) B_SPLINE_CURVE_WITH_KNOTS((1,2
    ,2,2,2,1),(-2.094395102393,0.,2.094395102393,4.188790204786,
6.28318530718,8.377580409573),.UNSPECIFIED.) CURVE() 
GEOMETRIC_REPRESENTATION_ITEM() RATIONAL_B_SPLINE_CURVE((1.,0.5,1.,0.5,
1.,0.5,1.)) REPRESENTATION_ITEM('') );
#4140 = CARTESIAN_POINT('',(6.999825,-12.74968125));
#4141 = CARTESIAN_POINT('',(6.999825,-14.48168875629));
#4142 = CARTESIAN_POINT('',(5.4998625,-13.61568500314));
#4143 = CARTESIAN_POINT('',(3.9999,-12.74968125));
#4144 = CARTESIAN_POINT('',(5.4998625,-11.88367749685));
#4145 = CARTESIAN_POINT('',(6.999825,-11.0176737437));
#4146 = CARTESIAN_POINT('',(6.999825,-12.74968125));
#4147 = ( GEOMETRIC_REPRESENTATION_CONTEXT(2) 
PARAMETRIC_REPRESENTATION_CONTEXT() REPRESENTATION_CONTEXT('2D SPACE',''
  ) );
#4148 = PCURVE('',#2777,#4149);
#4149 = DEFINITIONAL_REPRESENTATION('',(#4150),#4154);
#4150 = LINE('',#4151,#4152);
#4151 = CARTESIAN_POINT('',(0.,-1.937311239347E-18));
#4152 = VECTOR('',#4153,1.);
#4153 = DIRECTION('',(1.,9.866645121588E-18));
#4154 = ( GEOMETRIC_REPRESENTATION_CONTEXT(2) 
PARAMETRIC_REPRESENTATION_CONTEXT() REPRESENTATION_CONTEXT('2D SPACE',''
  ) );
#4155 = ORIENTED_EDGE('',*,*,#4156,.T.);
#4156 = EDGE_CURVE('',#4129,#3974,#4157,.T.);
#4157 = SURFACE_CURVE('',#4158,(#4162,#4169),.PCURVE_S1.);
#4158 = LINE('',#4159,#4160);
#4159 = CARTESIAN_POINT('',(-13.74969165592,-2.000063754614,
    -5.999850066979));
#4160 = VECTOR('',#4161,1.);
#4161 = DIRECTION('',(1.445602896647E-16,0.,-1.));
#4162 = PCURVE('',#141,#4163);
#4163 = DEFINITIONAL_REPRESENTATION('',(#4164),#4168);
#4164 = LINE('',#4165,#4166);
#4165 = CARTESIAN_POINT('',(-5.99985,-13.74965625));
#4166 = VECTOR('',#4167,1.);
#4167 = DIRECTION('',(-1.,1.445602896647E-16));
#4168 = ( GEOMETRIC_REPRESENTATION_CONTEXT(2) 
PARAMETRIC_REPRESENTATION_CONTEXT() REPRESENTATION_CONTEXT('2D SPACE',''
  ) );
#4169 = PCURVE('',#2744,#4170);
#4170 = DEFINITIONAL_REPRESENTATION('',(#4171),#4175);
#4171 = LINE('',#4172,#4173);
#4172 = CARTESIAN_POINT('',(0.,0.));
#4173 = VECTOR('',#4174,1.);
#4174 = DIRECTION('',(2.52292492992E-18,-1.));
#4175 = ( GEOMETRIC_REPRESENTATION_CONTEXT(2) 
PARAMETRIC_REPRESENTATION_CONTEXT() REPRESENTATION_CONTEXT('2D SPACE',''
  ) );
#4176 = FACE_BOUND('',#4177,.T.);
#4177 = EDGE_LOOP('',(#4178,#4179));
#4178 = ORIENTED_EDGE('',*,*,#126,.F.);
#4179 = ORIENTED_EDGE('',*,*,#3943,.F.);
#4180 = ADVANCED_FACE('',(#4181),#2683,.T.);
#4181 = FACE_BOUND('',#4182,.T.);
#4182 = EDGE_LOOP('',(#4183,#4204,#4205,#4226));
#4183 = ORIENTED_EDGE('',*,*,#4184,.T.);
#4184 = EDGE_CURVE('',#3976,#2668,#4185,.T.);
#4185 = SURFACE_CURVE('',#4186,(#4190,#4197),.PCURVE_S1.);
#4186 = LINE('',#4187,#4188);
#4187 = CARTESIAN_POINT('',(-12.74971665592,-2.000063754614,
    -6.999825066979));
#4188 = VECTOR('',#4189,1.);
#4189 = DIRECTION('',(-0.,-0.999847695156,-1.745240643728E-02));
#4190 = PCURVE('',#2683,#4191);
#4191 = DEFINITIONAL_REPRESENTATION('',(#4192),#4196);
#4192 = LINE('',#4193,#4194);
#4193 = CARTESIAN_POINT('',(-0.,-6.999825));
#4194 = VECTOR('',#4195,1.);
#4195 = DIRECTION('',(1.,-0.));
#4196 = ( GEOMETRIC_REPRESENTATION_CONTEXT(2) 
PARAMETRIC_REPRESENTATION_CONTEXT() REPRESENTATION_CONTEXT('2D SPACE',''
  ) );
#4197 = PCURVE('',#2716,#4198);
#4198 = DEFINITIONAL_REPRESENTATION('',(#4199),#4203);
#4199 = LINE('',#4200,#4201);
#4200 = CARTESIAN_POINT('',(3.14159265359,-1.743580115413E-17));
#4201 = VECTOR('',#4202,1.);
#4202 = DIRECTION('',(0.,1.));
#4203 = ( GEOMETRIC_REPRESENTATION_CONTEXT(2) 
PARAMETRIC_REPRESENTATION_CONTEXT() REPRESENTATION_CONTEXT('2D SPACE',''
  ) );
#4204 = ORIENTED_EDGE('',*,*,#2667,.T.);
#4205 = ORIENTED_EDGE('',*,*,#4206,.F.);
#4206 = EDGE_CURVE('',#4004,#2633,#4207,.T.);
#4207 = SURFACE_CURVE('',#4208,(#4212,#4219),.PCURVE_S1.);
#4208 = LINE('',#4209,#4210);
#4209 = CARTESIAN_POINT('',(-5.749891655928,-2.000063754614,
    -6.999825066979));
#4210 = VECTOR('',#4211,1.);
#4211 = DIRECTION('',(1.513754957952E-17,-0.999847695156,
    -1.745240643728E-02));
#4212 = PCURVE('',#2683,#4213);
#4213 = DEFINITIONAL_REPRESENTATION('',(#4214),#4218);
#4214 = LINE('',#4215,#4216);
#4215 = CARTESIAN_POINT('',(-9.768474604073E-15,0.));
#4216 = VECTOR('',#4217,1.);
#4217 = DIRECTION('',(1.,1.513754957952E-17));
#4218 = ( GEOMETRIC_REPRESENTATION_CONTEXT(2) 
PARAMETRIC_REPRESENTATION_CONTEXT() REPRESENTATION_CONTEXT('2D SPACE',''
  ) );
#4219 = PCURVE('',#2655,#4220);
#4220 = DEFINITIONAL_REPRESENTATION('',(#4221),#4225);
#4221 = LINE('',#4222,#4223);
#4222 = CARTESIAN_POINT('',(3.14159265359,-9.78442261923E-15));
#4223 = VECTOR('',#4224,1.);
#4224 = DIRECTION('',(-1.480334374526E-16,1.));
#4225 = ( GEOMETRIC_REPRESENTATION_CONTEXT(2) 
PARAMETRIC_REPRESENTATION_CONTEXT() REPRESENTATION_CONTEXT('2D SPACE',''
  ) );
#4226 = ORIENTED_EDGE('',*,*,#4003,.F.);
#4227 = ADVANCED_FACE('',(#4228),#2655,.F.);
#4228 = FACE_BOUND('',#4229,.F.);
#4229 = EDGE_LOOP('',(#4230,#4231,#4252,#4253));
#4230 = ORIENTED_EDGE('',*,*,#4026,.T.);
#4231 = ORIENTED_EDGE('',*,*,#4232,.T.);
#4232 = EDGE_CURVE('',#4027,#2635,#4233,.T.);
#4233 = SURFACE_CURVE('',#4234,(#4238,#4245),.PCURVE_S1.);
#4234 = LINE('',#4235,#4236);
#4235 = CARTESIAN_POINT('',(-4.749916655928,-2.000063754614,
    -5.999850066979));
#4236 = VECTOR('',#4237,1.);
#4237 = DIRECTION('',(1.745240643728E-02,-0.999847695156,
    -2.52292492992E-18));
#4238 = PCURVE('',#2655,#4239);
#4239 = DEFINITIONAL_REPRESENTATION('',(#4240),#4244);
#4240 = LINE('',#4241,#4242);
#4241 = CARTESIAN_POINT('',(4.712388980385,1.356117867543E-17));
#4242 = VECTOR('',#4243,1.);
#4243 = DIRECTION('',(0.,1.));
#4244 = ( GEOMETRIC_REPRESENTATION_CONTEXT(2) 
PARAMETRIC_REPRESENTATION_CONTEXT() REPRESENTATION_CONTEXT('2D SPACE',''
  ) );
#4245 = PCURVE('',#2864,#4246);
#4246 = DEFINITIONAL_REPRESENTATION('',(#4247),#4251);
#4247 = LINE('',#4248,#4249);
#4248 = CARTESIAN_POINT('',(0.,0.));
#4249 = VECTOR('',#4250,1.);
#4250 = DIRECTION('',(1.,-2.52292492992E-18));
#4251 = ( GEOMETRIC_REPRESENTATION_CONTEXT(2) 
PARAMETRIC_REPRESENTATION_CONTEXT() REPRESENTATION_CONTEXT('2D SPACE',''
  ) );
#4252 = ORIENTED_EDGE('',*,*,#2632,.F.);
#4253 = ORIENTED_EDGE('',*,*,#4206,.F.);
#4254 = ADVANCED_FACE('',(#4255),#2864,.T.);
#4255 = FACE_BOUND('',#4256,.T.);
#4256 = EDGE_LOOP('',(#4257,#4258,#4259,#4280));
#4257 = ORIENTED_EDGE('',*,*,#4232,.T.);
#4258 = ORIENTED_EDGE('',*,*,#2850,.T.);
#4259 = ORIENTED_EDGE('',*,*,#4260,.F.);
#4260 = EDGE_CURVE('',#4055,#2818,#4261,.T.);
#4261 = SURFACE_CURVE('',#4262,(#4266,#4273),.PCURVE_S1.);
#4262 = LINE('',#4263,#4264);
#4263 = CARTESIAN_POINT('',(-4.749916655928,-2.000063754614,
    5.999849933021));
#4264 = VECTOR('',#4265,1.);
#4265 = DIRECTION('',(1.745240643728E-02,-0.999847695156,
    -3.027509915904E-17));
#4266 = PCURVE('',#2864,#4267);
#4267 = DEFINITIONAL_REPRESENTATION('',(#4268),#4272);
#4268 = LINE('',#4269,#4270);
#4269 = CARTESIAN_POINT('',(3.100170153886E-17,11.9997));
#4270 = VECTOR('',#4271,1.);
#4271 = DIRECTION('',(1.,-3.027509915904E-17));
#4272 = ( GEOMETRIC_REPRESENTATION_CONTEXT(2) 
PARAMETRIC_REPRESENTATION_CONTEXT() REPRESENTATION_CONTEXT('2D SPACE',''
  ) );
#4273 = PCURVE('',#2838,#4274);
#4274 = DEFINITIONAL_REPRESENTATION('',(#4275),#4279);
#4275 = LINE('',#4276,#4277);
#4276 = CARTESIAN_POINT('',(4.712388980385,1.356117867543E-17));
#4277 = VECTOR('',#4278,1.);
#4278 = DIRECTION('',(0.,1.));
#4279 = ( GEOMETRIC_REPRESENTATION_CONTEXT(2) 
PARAMETRIC_REPRESENTATION_CONTEXT() REPRESENTATION_CONTEXT('2D SPACE',''
  ) );
#4280 = ORIENTED_EDGE('',*,*,#4054,.F.);
#4281 = ADVANCED_FACE('',(#4282),#2838,.F.);
#4282 = FACE_BOUND('',#4283,.F.);
#4283 = EDGE_LOOP('',(#4284,#4285,#4306,#4307));
#4284 = ORIENTED_EDGE('',*,*,#4077,.T.);
#4285 = ORIENTED_EDGE('',*,*,#4286,.T.);
#4286 = EDGE_CURVE('',#4078,#2790,#4287,.T.);
#4287 = SURFACE_CURVE('',#4288,(#4292,#4299),.PCURVE_S1.);
#4288 = LINE('',#4289,#4290);
#4289 = CARTESIAN_POINT('',(-5.749891655928,-2.000063754614,
    6.999824933021));
#4290 = VECTOR('',#4291,1.);
#4291 = DIRECTION('',(-0.,-0.999847695156,1.745240643728E-02));
#4292 = PCURVE('',#2838,#4293);
#4293 = DEFINITIONAL_REPRESENTATION('',(#4294),#4298);
#4294 = LINE('',#4295,#4296);
#4295 = CARTESIAN_POINT('',(6.28318530718,-1.937311239347E-18));
#4296 = VECTOR('',#4297,1.);
#4297 = DIRECTION('',(0.,1.));
#4298 = ( GEOMETRIC_REPRESENTATION_CONTEXT(2) 
PARAMETRIC_REPRESENTATION_CONTEXT() REPRESENTATION_CONTEXT('2D SPACE',''
  ) );
#4299 = PCURVE('',#2805,#4300);
#4300 = DEFINITIONAL_REPRESENTATION('',(#4301),#4305);
#4301 = LINE('',#4302,#4303);
#4302 = CARTESIAN_POINT('',(0.,0.));
#4303 = VECTOR('',#4304,1.);
#4304 = DIRECTION('',(-1.,0.));
#4305 = ( GEOMETRIC_REPRESENTATION_CONTEXT(2) 
PARAMETRIC_REPRESENTATION_CONTEXT() REPRESENTATION_CONTEXT('2D SPACE',''
  ) );
#4306 = ORIENTED_EDGE('',*,*,#2817,.F.);
#4307 = ORIENTED_EDGE('',*,*,#4260,.F.);
#4308 = ADVANCED_FACE('',(#4309),#2805,.T.);
#4309 = FACE_BOUND('',#4310,.T.);
#4310 = EDGE_LOOP('',(#4311,#4312,#4313,#4334));
#4311 = ORIENTED_EDGE('',*,*,#4286,.T.);
#4312 = ORIENTED_EDGE('',*,*,#2789,.T.);
#4313 = ORIENTED_EDGE('',*,*,#4314,.F.);
#4314 = EDGE_CURVE('',#4106,#2757,#4315,.T.);
#4315 = SURFACE_CURVE('',#4316,(#4320,#4327),.PCURVE_S1.);
#4316 = LINE('',#4317,#4318);
#4317 = CARTESIAN_POINT('',(-12.74971665592,-2.000063754614,
    6.999824933021));
#4318 = VECTOR('',#4319,1.);
#4319 = DIRECTION('',(-3.027509915904E-17,-0.999847695156,
    1.745240643728E-02));
#4320 = PCURVE('',#2805,#4321);
#4321 = DEFINITIONAL_REPRESENTATION('',(#4322),#4326);
#4322 = LINE('',#4323,#4324);
#4323 = CARTESIAN_POINT('',(0.,-6.999825));
#4324 = VECTOR('',#4325,1.);
#4325 = DIRECTION('',(-1.,-3.027509915904E-17));
#4326 = ( GEOMETRIC_REPRESENTATION_CONTEXT(2) 
PARAMETRIC_REPRESENTATION_CONTEXT() REPRESENTATION_CONTEXT('2D SPACE',''
  ) );
#4327 = PCURVE('',#2777,#4328);
#4328 = DEFINITIONAL_REPRESENTATION('',(#4329),#4333);
#4329 = LINE('',#4330,#4331);
#4330 = CARTESIAN_POINT('',(0.,-1.937311239347E-18));
#4331 = VECTOR('',#4332,1.);
#4332 = DIRECTION('',(0.,1.));
#4333 = ( GEOMETRIC_REPRESENTATION_CONTEXT(2) 
PARAMETRIC_REPRESENTATION_CONTEXT() REPRESENTATION_CONTEXT('2D SPACE',''
  ) );
#4334 = ORIENTED_EDGE('',*,*,#4105,.F.);
#4335 = ADVANCED_FACE('',(#4336),#2777,.F.);
#4336 = FACE_BOUND('',#4337,.F.);
#4337 = EDGE_LOOP('',(#4338,#4339,#4360,#4361));
#4338 = ORIENTED_EDGE('',*,*,#4128,.T.);
#4339 = ORIENTED_EDGE('',*,*,#4340,.T.);
#4340 = EDGE_CURVE('',#4129,#2729,#4341,.T.);
#4341 = SURFACE_CURVE('',#4342,(#4346,#4353),.PCURVE_S1.);
#4342 = LINE('',#4343,#4344);
#4343 = CARTESIAN_POINT('',(-13.74969165592,-2.000063754614,
    5.999849933021));
#4344 = VECTOR('',#4345,1.);
#4345 = DIRECTION('',(-1.745240643728E-02,-0.999847695156,
    -2.52292492992E-18));
#4346 = PCURVE('',#2777,#4347);
#4347 = DEFINITIONAL_REPRESENTATION('',(#4348),#4352);
#4348 = LINE('',#4349,#4350);
#4349 = CARTESIAN_POINT('',(1.570796326795,4.455815850499E-17));
#4350 = VECTOR('',#4351,1.);
#4351 = DIRECTION('',(0.,1.));
#4352 = ( GEOMETRIC_REPRESENTATION_CONTEXT(2) 
PARAMETRIC_REPRESENTATION_CONTEXT() REPRESENTATION_CONTEXT('2D SPACE',''
  ) );
#4353 = PCURVE('',#2744,#4354);
#4354 = DEFINITIONAL_REPRESENTATION('',(#4355),#4359);
#4355 = LINE('',#4356,#4357);
#4356 = CARTESIAN_POINT('',(-3.100170153886E-17,11.9997));
#4357 = VECTOR('',#4358,1.);
#4358 = DIRECTION('',(-1.,-2.52292492992E-18));
#4359 = ( GEOMETRIC_REPRESENTATION_CONTEXT(2) 
PARAMETRIC_REPRESENTATION_CONTEXT() REPRESENTATION_CONTEXT('2D SPACE',''
  ) );
#4360 = ORIENTED_EDGE('',*,*,#2756,.F.);
#4361 = ORIENTED_EDGE('',*,*,#4314,.F.);
#4362 = ADVANCED_FACE('',(#4363),#2744,.T.);
#4363 = FACE_BOUND('',#4364,.T.);
#4364 = EDGE_LOOP('',(#4365,#4366,#4367,#4388));
#4365 = ORIENTED_EDGE('',*,*,#4340,.T.);
#4366 = ORIENTED_EDGE('',*,*,#2728,.T.);
#4367 = ORIENTED_EDGE('',*,*,#4368,.F.);
#4368 = EDGE_CURVE('',#3974,#2696,#4369,.T.);
#4369 = SURFACE_CURVE('',#4370,(#4374,#4381),.PCURVE_S1.);
#4370 = LINE('',#4371,#4372);
#4371 = CARTESIAN_POINT('',(-13.74969165592,-2.000063754614,
    -5.999850066979));
#4372 = VECTOR('',#4373,1.);
#4373 = DIRECTION('',(-1.745240643728E-02,-0.999847695156,-0.));
#4374 = PCURVE('',#2744,#4375);
#4375 = DEFINITIONAL_REPRESENTATION('',(#4376),#4380);
#4376 = LINE('',#4377,#4378);
#4377 = CARTESIAN_POINT('',(0.,0.));
#4378 = VECTOR('',#4379,1.);
#4379 = DIRECTION('',(-1.,7.703719777549E-34));
#4380 = ( GEOMETRIC_REPRESENTATION_CONTEXT(2) 
PARAMETRIC_REPRESENTATION_CONTEXT() REPRESENTATION_CONTEXT('2D SPACE',''
  ) );
#4381 = PCURVE('',#2716,#4382);
#4382 = DEFINITIONAL_REPRESENTATION('',(#4383),#4387);
#4383 = LINE('',#4384,#4385);
#4384 = CARTESIAN_POINT('',(1.570796326795,4.455815850499E-17));
#4385 = VECTOR('',#4386,1.);
#4386 = DIRECTION('',(0.,1.));
#4387 = ( GEOMETRIC_REPRESENTATION_CONTEXT(2) 
PARAMETRIC_REPRESENTATION_CONTEXT() REPRESENTATION_CONTEXT('2D SPACE',''
  ) );
#4388 = ORIENTED_EDGE('',*,*,#4156,.F.);
#4389 = ADVANCED_FACE('',(#4390),#2716,.F.);
#4390 = FACE_BOUND('',#4391,.F.);
#4391 = EDGE_LOOP('',(#4392,#4393,#4394,#4395));
#4392 = ORIENTED_EDGE('',*,*,#3973,.T.);
#4393 = ORIENTED_EDGE('',*,*,#4184,.T.);
#4394 = ORIENTED_EDGE('',*,*,#2695,.F.);
#4395 = ORIENTED_EDGE('',*,*,#4368,.F.);
#4396 = ADVANCED_FACE('',(#4397),#424,.T.);
#4397 = FACE_BOUND('',#4398,.T.);
#4398 = EDGE_LOOP('',(#4399,#4400,#4420,#4421));
#4399 = ORIENTED_EDGE('',*,*,#408,.T.);
#4400 = ORIENTED_EDGE('',*,*,#4401,.T.);
#4401 = EDGE_CURVE('',#352,#3034,#4402,.T.);
#4402 = SURFACE_CURVE('',#4403,(#4407,#4414),.PCURVE_S1.);
#4403 = LINE('',#4404,#4405);
#4404 = CARTESIAN_POINT('',(-16.24757068839,-1.137546141359E-04,
    -7.003251144438));
#4405 = VECTOR('',#4406,1.);
#4406 = DIRECTION('',(5.233595624294E-02,-0.998629534755,-0.));
#4407 = PCURVE('',#424,#4408);
#4408 = DEFINITIONAL_REPRESENTATION('',(#4409),#4413);
#4409 = LINE('',#4410,#4411);
#4410 = CARTESIAN_POINT('',(0.,-7.003251077459));
#4411 = VECTOR('',#4412,1.);
#4412 = DIRECTION('',(1.,0.));
#4413 = ( GEOMETRIC_REPRESENTATION_CONTEXT(2) 
PARAMETRIC_REPRESENTATION_CONTEXT() REPRESENTATION_CONTEXT('2D SPACE',''
  ) );
#4414 = PCURVE('',#381,#4415);
#4415 = DEFINITIONAL_REPRESENTATION('',(#4416),#4419);
#4416 = B_SPLINE_CURVE_WITH_KNOTS('',1,(#4417,#4418),.UNSPECIFIED.,.F.,
  .F.,(2,2),(0.,11.014820428582),.PIECEWISE_BEZIER_KNOTS.);
#4417 = CARTESIAN_POINT('',(-1.925277373774E-19,7.067213942707));
#4418 = CARTESIAN_POINT('',(0.833333333333,7.067213942707));
#4419 = ( GEOMETRIC_REPRESENTATION_CONTEXT(2) 
PARAMETRIC_REPRESENTATION_CONTEXT() REPRESENTATION_CONTEXT('2D SPACE',''
  ) );
#4420 = ORIENTED_EDGE('',*,*,#3033,.F.);
#4421 = ORIENTED_EDGE('',*,*,#4422,.T.);
#4422 = EDGE_CURVE('',#2998,#409,#4423,.T.);
#4423 = SURFACE_CURVE('',#4424,(#4428,#4435),.PCURVE_S1.);
#4424 = LINE('',#4425,#4426);
#4425 = CARTESIAN_POINT('',(-16.24757068839,-1.137546141359E-04,
    7.003251010481));
#4426 = VECTOR('',#4427,1.);
#4427 = DIRECTION('',(-5.233595624294E-02,0.998629534755,0.));
#4428 = PCURVE('',#424,#4429);
#4429 = DEFINITIONAL_REPRESENTATION('',(#4430),#4434);
#4430 = LINE('',#4431,#4432);
#4431 = CARTESIAN_POINT('',(0.,7.003251077459));
#4432 = VECTOR('',#4433,1.);
#4433 = DIRECTION('',(-1.,0.));
#4434 = ( GEOMETRIC_REPRESENTATION_CONTEXT(2) 
PARAMETRIC_REPRESENTATION_CONTEXT() REPRESENTATION_CONTEXT('2D SPACE',''
  ) );
#4435 = PCURVE('',#466,#4436);
#4436 = DEFINITIONAL_REPRESENTATION('',(#4437),#4440);
#4437 = B_SPLINE_CURVE_WITH_KNOTS('',1,(#4438,#4439),.UNSPECIFIED.,.F.,
  .F.,(2,2),(-11.01482042858,0.),.PIECEWISE_BEZIER_KNOTS.);
#4438 = CARTESIAN_POINT('',(0.833333333333,2.357564018063));
#4439 = CARTESIAN_POINT('',(-2.945114895461E-17,2.357564018063));
#4440 = ( GEOMETRIC_REPRESENTATION_CONTEXT(2) 
PARAMETRIC_REPRESENTATION_CONTEXT() REPRESENTATION_CONTEXT('2D SPACE',''
  ) );
#4441 = ADVANCED_FACE('',(#4442),#2342,.T.);
#4442 = FACE_BOUND('',#4443,.T.);
#4443 = EDGE_LOOP('',(#4444,#4445,#4468,#4563));
#4444 = ORIENTED_EDGE('',*,*,#2326,.F.);
#4445 = ORIENTED_EDGE('',*,*,#4446,.T.);
#4446 = EDGE_CURVE('',#2275,#4447,#4449,.T.);
#4447 = VERTEX_POINT('',#4448);
#4448 = CARTESIAN_POINT('',(15.353537743025,-8.941478288751,
    -9.028656993734));
#4449 = SURFACE_CURVE('',#4450,(#4454,#4461),.PCURVE_S1.);
#4450 = LINE('',#4451,#4452);
#4451 = CARTESIAN_POINT('',(15.353537743025,-8.941478288751,
    -8.923291407005));
#4452 = VECTOR('',#4453,1.);
#4453 = DIRECTION('',(-0.,-0.,-1.));
#4454 = PCURVE('',#2342,#4455);
#4455 = DEFINITIONAL_REPRESENTATION('',(#4456),#4460);
#4456 = LINE('',#4457,#4458);
#4457 = CARTESIAN_POINT('',(-18.42305384002,7.297852963441));
#4458 = VECTOR('',#4459,1.);
#4459 = DIRECTION('',(-1.,0.));
#4460 = ( GEOMETRIC_REPRESENTATION_CONTEXT(2) 
PARAMETRIC_REPRESENTATION_CONTEXT() REPRESENTATION_CONTEXT('2D SPACE',''
  ) );
#4461 = PCURVE('',#2292,#4462);
#4462 = DEFINITIONAL_REPRESENTATION('',(#4463),#4467);
#4463 = LINE('',#4464,#4465);
#4464 = CARTESIAN_POINT('',(3.460851232728,8.923291340026));
#4465 = VECTOR('',#4466,1.);
#4466 = DIRECTION('',(0.,1.));
#4467 = ( GEOMETRIC_REPRESENTATION_CONTEXT(2) 
PARAMETRIC_REPRESENTATION_CONTEXT() REPRESENTATION_CONTEXT('2D SPACE',''
  ) );
#4468 = ORIENTED_EDGE('',*,*,#4469,.T.);
#4469 = EDGE_CURVE('',#4447,#3460,#4470,.T.);
#4470 = SURFACE_CURVE('',#4471,(#4490,#4512),.PCURVE_S1.);
#4471 = B_SPLINE_CURVE_WITH_KNOTS('',3,(#4472,#4473,#4474,#4475,#4476,
    #4477,#4478,#4479,#4480,#4481,#4482,#4483,#4484,#4485,#4486,#4487,
    #4488,#4489),.UNSPECIFIED.,.F.,.F.,(4,2,2,2,2,2,2,2,4),(
    3.192782329502E-04,2.303262390433E-03,4.287246547916E-03,
    5.279238626658E-03,6.271230705399E-03,7.263222784141E-03,
    7.759218823512E-03,8.007216843197E-03,8.255214862882E-03),
  .UNSPECIFIED.);
#4472 = CARTESIAN_POINT('',(15.353537743025,-8.941478288751,
    -9.028656993734));
#4473 = CARTESIAN_POINT('',(15.561686376549,-8.311806295029,
    -9.051315611309));
#4474 = CARTESIAN_POINT('',(15.769369483013,-7.683542570711,
    -9.043152469229));
#4475 = CARTESIAN_POINT('',(16.18377934343,-6.429908191232,
    -8.963507702147));
#4476 = CARTESIAN_POINT('',(16.391049437139,-5.8028938749,
    -8.891912730851));
#4477 = CARTESIAN_POINT('',(16.69913681519,-4.870896434928,
    -8.720139207797));
#4478 = CARTESIAN_POINT('',(16.801045987679,-4.56261023226,
    -8.652196259131));
#4479 = CARTESIAN_POINT('',(17.002649043081,-3.952739316048,
    -8.486218828763));
#4480 = CARTESIAN_POINT('',(17.102748651457,-3.649927239361,
    -8.388307868306));
#4481 = CARTESIAN_POINT('',(17.297127545892,-3.06191018672,
    -8.145261171347));
#4482 = CARTESIAN_POINT('',(17.392302061801,-2.773997044225,
    -8.00224973587));
#4483 = CARTESIAN_POINT('',(17.518822225344,-2.391259947777,
    -7.710759697154));
#4484 = CARTESIAN_POINT('',(17.558786680803,-2.27036317358,
    -7.599129786455));
#4485 = CARTESIAN_POINT('',(17.606084122744,-2.127283326929,
    -7.39801856738));
#4486 = CARTESIAN_POINT('',(17.619455320474,-2.086834016308,
    -7.325939950581));
#4487 = CARTESIAN_POINT('',(17.638450087572,-2.029372803777,
    -7.171777681962));
#4488 = CARTESIAN_POINT('',(17.644061514688,-2.012397633486,
    -7.087859233057));
#4489 = CARTESIAN_POINT('',(17.644061514694,-2.012397633468,
    -7.003251144438));
#4490 = PCURVE('',#2342,#4491);
#4491 = DEFINITIONAL_REPRESENTATION('',(#4492),#4511);
#4492 = B_SPLINE_CURVE_WITH_KNOTS('',3,(#4493,#4494,#4495,#4496,#4497,
    #4498,#4499,#4500,#4501,#4502,#4503,#4504,#4505,#4506,#4507,#4508,
    #4509,#4510),.UNSPECIFIED.,.F.,.F.,(4,2,2,2,2,2,2,2,4),(
    3.192782329502E-04,2.303262390433E-03,4.287246547916E-03,
    5.279238626658E-03,6.271230705399E-03,7.263222784141E-03,
    7.759218823512E-03,8.007216843197E-03,8.255214862882E-03),
  .UNSPECIFIED.);
#4493 = CARTESIAN_POINT('',(-18.52841942675,7.297852963441));
#4494 = CARTESIAN_POINT('',(-18.55107804433,6.634669223203));
#4495 = CARTESIAN_POINT('',(-18.54291490225,5.972968701815));
#4496 = CARTESIAN_POINT('',(-18.46327013516,4.652614700109));
#4497 = CARTESIAN_POINT('',(-18.39167516387,3.992230081397));
#4498 = CARTESIAN_POINT('',(-18.21990164081,3.010630845135));
#4499 = CARTESIAN_POINT('',(-18.15195869215,2.685937355529));
#4500 = CARTESIAN_POINT('',(-17.98598126178,2.043608525109));
#4501 = CARTESIAN_POINT('',(-17.88807030132,1.72468049971));
#4502 = CARTESIAN_POINT('',(-17.64502360436,1.105368616409));
#4503 = CARTESIAN_POINT('',(-17.50201216889,0.802132460748));
#4504 = CARTESIAN_POINT('',(-17.21052213017,0.399025729496));
#4505 = CARTESIAN_POINT('',(-17.09889221947,0.271694713199));
#4506 = CARTESIAN_POINT('',(-16.8977810004,0.121000020088));
#4507 = CARTESIAN_POINT('',(-16.8257023836,7.839795841935E-02));
#4508 = CARTESIAN_POINT('',(-16.67154011498,1.787860512883E-02));
#4509 = CARTESIAN_POINT('',(-16.58762166607,1.827693552059E-11));
#4510 = CARTESIAN_POINT('',(-16.50301357745,4.440892098501E-15));
#4511 = ( GEOMETRIC_REPRESENTATION_CONTEXT(2) 
PARAMETRIC_REPRESENTATION_CONTEXT() REPRESENTATION_CONTEXT('2D SPACE',''
  ) );
#4512 = PCURVE('',#634,#4513);
#4513 = DEFINITIONAL_REPRESENTATION('',(#4514),#4562);
#4514 = B_SPLINE_CURVE_WITH_KNOTS('',3,(#4515,#4516,#4517,#4518,#4519,
    #4520,#4521,#4522,#4523,#4524,#4525,#4526,#4527,#4528,#4529,#4530,
    #4531,#4532,#4533,#4534,#4535,#4536,#4537,#4538,#4539,#4540,#4541,
    #4542,#4543,#4544,#4545,#4546,#4547,#4548,#4549,#4550,#4551,#4552,
    #4553,#4554,#4555,#4556,#4557,#4558,#4559,#4560,#4561),
  .UNSPECIFIED.,.F.,.F.,(4,1,1,1,1,1,1,1,1,1,1,1,1,1,1,1,1,1,1,1,1,1,1,1
    ,1,1,1,1,1,1,1,1,1,1,1,1,1,1,1,1,1,1,1,1,4),(3.192782329502E-04,
    4.99640429085E-04,6.800026252198E-04,8.603648213546E-04,
    1.040727017489E-03,1.221089213624E-03,1.401451409759E-03,
    1.581813605894E-03,1.762175802029E-03,1.942537998164E-03,
    2.122900194298E-03,2.303262390433E-03,2.483624586568E-03,
    2.663986782703E-03,2.844348978838E-03,3.024711174973E-03,
    3.205073371107E-03,3.385435567242E-03,3.565797763377E-03,
    3.746159959512E-03,3.926522155647E-03,4.106884351781E-03,
    4.287246547916E-03,4.467608744051E-03,4.647970940186E-03,
    4.828333136321E-03,5.008695332456E-03,5.18905752859E-03,
    5.369419724725E-03,5.54978192086E-03,5.730144116995E-03,
    5.91050631313E-03,6.090868509265E-03,6.271230705399E-03,
    6.451592901534E-03,6.631955097669E-03,6.812317293804E-03,
    6.992679489939E-03,7.173041686074E-03,7.353403882208E-03,
    7.533766078343E-03,7.714128274478E-03,7.894490470613E-03,
    8.074852666748E-03,8.255214862882E-03),.UNSPECIFIED.);
#4515 = CARTESIAN_POINT('',(0.678152399119,7.017787775156));
#4516 = CARTESIAN_POINT('',(0.673810843654,7.00854780003));
#4517 = CARTESIAN_POINT('',(0.665129442949,6.99013934214));
#4518 = CARTESIAN_POINT('',(0.652112556872,6.962718879647));
#4519 = CARTESIAN_POINT('',(0.63910097756,6.935468437153));
#4520 = CARTESIAN_POINT('',(0.626094770589,6.9083656409));
#4521 = CARTESIAN_POINT('',(0.61309398538,6.881388227271));
#4522 = CARTESIAN_POINT('',(0.600098650752,6.85451415927));
#4523 = CARTESIAN_POINT('',(0.587108784536,6.82772179022));
#4524 = CARTESIAN_POINT('',(0.574124361166,6.800989922682));
#4525 = CARTESIAN_POINT('',(0.561145433046,6.774298186967));
#4526 = CARTESIAN_POINT('',(0.548171678572,6.747626218194));
#4527 = CARTESIAN_POINT('',(0.535204089552,6.720957313945));
#4528 = CARTESIAN_POINT('',(0.522238674174,6.694265385405));
#4529 = CARTESIAN_POINT('',(0.509273585584,6.667522103369));
#4530 = CARTESIAN_POINT('',(0.49631193936,6.640703854048));
#4531 = CARTESIAN_POINT('',(0.48335555138,6.613786233811));
#4532 = CARTESIAN_POINT('',(0.470406563,6.586744757078));
#4533 = CARTESIAN_POINT('',(0.457467002363,6.559553516209));
#4534 = CARTESIAN_POINT('',(0.444538881136,6.532185758634));
#4535 = CARTESIAN_POINT('',(0.431624237405,6.50461411053));
#4536 = CARTESIAN_POINT('',(0.418724858046,6.476810323152));
#4537 = CARTESIAN_POINT('',(0.405843336461,6.448747342257));
#4538 = CARTESIAN_POINT('',(0.392979108717,6.420392662028));
#4539 = CARTESIAN_POINT('',(0.380143240091,6.391734361801));
#4540 = CARTESIAN_POINT('',(0.36734775672,6.362729639285));
#4541 = CARTESIAN_POINT('',(0.354592936189,6.333312328152));
#4542 = CARTESIAN_POINT('',(0.341882155589,6.303419444938));
#4543 = CARTESIAN_POINT('',(0.329217679436,6.272984210391));
#4544 = CARTESIAN_POINT('',(0.316602620237,6.241940232399));
#4545 = CARTESIAN_POINT('',(0.304025470676,6.210185824877));
#4546 = CARTESIAN_POINT('',(0.291508447812,6.177617855816));
#4547 = CARTESIAN_POINT('',(0.279069456583,6.144124398502));
#4548 = CARTESIAN_POINT('',(0.266725100106,6.109593273868));
#4549 = CARTESIAN_POINT('',(0.254500507262,6.073882699677));
#4550 = CARTESIAN_POINT('',(0.24238688673,6.03693838298));
#4551 = CARTESIAN_POINT('',(0.230431931288,5.998484947456));
#4552 = CARTESIAN_POINT('',(0.218717176054,5.958120727978));
#4553 = CARTESIAN_POINT('',(0.207312177838,5.915447429721));
#4554 = CARTESIAN_POINT('',(0.196296262728,5.870007772685));
#4555 = CARTESIAN_POINT('',(0.185716548664,5.821436606268));
#4556 = CARTESIAN_POINT('',(0.175709586541,5.768471411843));
#4557 = CARTESIAN_POINT('',(0.166732344494,5.710253964387));
#4558 = CARTESIAN_POINT('',(0.159187450807,5.64594691208));
#4559 = CARTESIAN_POINT('',(0.153982531178,5.575733034776));
#4560 = CARTESIAN_POINT('',(0.152627203549,5.525255584609));
#4561 = CARTESIAN_POINT('',(0.15262045686,5.499156671653));
#4562 = ( GEOMETRIC_REPRESENTATION_CONTEXT(2) 
PARAMETRIC_REPRESENTATION_CONTEXT() REPRESENTATION_CONTEXT('2D SPACE',''
  ) );
#4563 = ORIENTED_EDGE('',*,*,#3459,.F.);
#4564 = ADVANCED_FACE('',(#4565),#2516,.T.);
#4565 = FACE_BOUND('',#4566,.T.);
#4566 = EDGE_LOOP('',(#4567,#4664,#4685,#4686));
#4567 = ORIENTED_EDGE('',*,*,#4568,.T.);
#4568 = EDGE_CURVE('',#3504,#4569,#4571,.T.);
#4569 = VERTEX_POINT('',#4570);
#4570 = CARTESIAN_POINT('',(15.353537743025,-8.941478288751,
    9.028656859777));
#4571 = SURFACE_CURVE('',#4572,(#4591,#4613),.PCURVE_S1.);
#4572 = B_SPLINE_CURVE_WITH_KNOTS('',3,(#4573,#4574,#4575,#4576,#4577,
    #4578,#4579,#4580,#4581,#4582,#4583,#4584,#4585,#4586,#4587,#4588,
    #4589,#4590),.UNSPECIFIED.,.F.,.F.,(4,2,2,2,2,2,2,2,4),(0.,
    5.033219366716E-04,1.006643873343E-03,1.509965810015E-03,
    2.013287746686E-03,3.019931620029E-03,4.026575493372E-03,
    6.039863240059E-03,8.053150986745E-03),.UNSPECIFIED.);
#4573 = CARTESIAN_POINT('',(17.644061514694,-2.012397633468,
    7.003251010481));
#4574 = CARTESIAN_POINT('',(17.644061514682,-2.012397633503,
    7.17410044953));
#4575 = CARTESIAN_POINT('',(17.621405421272,-2.080934751744,
    7.333962167548));
#4576 = CARTESIAN_POINT('',(17.557524521301,-2.274181341761,
    7.603376067009));
#4577 = CARTESIAN_POINT('',(17.517464091014,-2.395368450135,
    7.714559265021));
#4578 = CARTESIAN_POINT('',(17.431721536752,-2.65474889465,
    7.910727253994));
#4579 = CARTESIAN_POINT('',(17.385930216714,-2.793272560625,
    7.994779972875));
#4580 = CARTESIAN_POINT('',(17.292751598491,-3.075147898048,
    8.144598217839));
#4581 = CARTESIAN_POINT('',(17.244983121571,-3.219652676149,
    8.210787922647));
#4582 = CARTESIAN_POINT('',(17.099317864758,-3.660305737958,
    8.391907180613));
#4583 = CARTESIAN_POINT('',(16.998592256953,-3.965011530216,
    8.490016609759));
#4584 = CARTESIAN_POINT('',(16.796388577954,-4.576699397379,
    8.655552309864));
#4585 = CARTESIAN_POINT('',(16.694745098337,-4.884181850546,8.7228558103
    ));
#4586 = CARTESIAN_POINT('',(16.388690710852,-5.810029275496,
    8.892676490239));
#4587 = CARTESIAN_POINT('',(16.183174109711,-6.4317390883,8.963625056589
    ));
#4588 = CARTESIAN_POINT('',(15.769952433117,-7.681779083975,
    9.043039129461));
#4589 = CARTESIAN_POINT('',(15.561911366804,-8.311125675318,
    9.051339969313));
#4590 = CARTESIAN_POINT('',(15.353537743025,-8.941478288751,
    9.028656859777));
#4591 = PCURVE('',#2516,#4592);
#4592 = DEFINITIONAL_REPRESENTATION('',(#4593),#4612);
#4593 = B_SPLINE_CURVE_WITH_KNOTS('',3,(#4594,#4595,#4596,#4597,#4598,
    #4599,#4600,#4601,#4602,#4603,#4604,#4605,#4606,#4607,#4608,#4609,
    #4610,#4611),.UNSPECIFIED.,.F.,.F.,(4,2,2,2,2,2,2,2,4),(0.,
    5.033219366716E-04,1.006643873343E-03,1.509965810015E-03,
    2.013287746686E-03,3.019931620029E-03,4.026575493372E-03,
    6.039863240059E-03,8.053150986745E-03),.UNSPECIFIED.);
#4594 = CARTESIAN_POINT('',(-2.496511422541,4.440892098501E-15));
#4595 = CARTESIAN_POINT('',(-2.325661983491,3.691447147958E-11));
#4596 = CARTESIAN_POINT('',(-2.165800265473,7.218472934609E-02));
#4597 = CARTESIAN_POINT('',(-1.896386366012,0.275716087947));
#4598 = CARTESIAN_POINT('',(-1.785203168001,0.403352890285));
#4599 = CARTESIAN_POINT('',(-1.589035179027,0.676537810454));
#4600 = CARTESIAN_POINT('',(-1.504982460146,0.82243383859));
#4601 = CARTESIAN_POINT('',(-1.355164215182,1.119310851412));
#4602 = CARTESIAN_POINT('',(-1.288974510374,1.271506312189));
#4603 = CARTESIAN_POINT('',(-1.107855252408,1.735611351942));
#4604 = CARTESIAN_POINT('',(-1.009745823262,2.056533878268));
#4605 = CARTESIAN_POINT('',(-0.844210123158,2.700776359508));
#4606 = CARTESIAN_POINT('',(-0.776906622721,3.024623323295));
#4607 = CARTESIAN_POINT('',(-0.607085942782,3.999745234846));
#4608 = CARTESIAN_POINT('',(-0.536137376432,4.654543039272));
#4609 = CARTESIAN_POINT('',(-0.45672330356,5.971111360626));
#4610 = CARTESIAN_POINT('',(-0.448422463708,6.633952380259));
#4611 = CARTESIAN_POINT('',(-0.471105573245,7.297852963441));
#4612 = ( GEOMETRIC_REPRESENTATION_CONTEXT(2) 
PARAMETRIC_REPRESENTATION_CONTEXT() REPRESENTATION_CONTEXT('2D SPACE',''
  ) );
#4613 = PCURVE('',#551,#4614);
#4614 = DEFINITIONAL_REPRESENTATION('',(#4615),#4663);
#4615 = B_SPLINE_CURVE_WITH_KNOTS('',3,(#4616,#4617,#4618,#4619,#4620,
    #4621,#4622,#4623,#4624,#4625,#4626,#4627,#4628,#4629,#4630,#4631,
    #4632,#4633,#4634,#4635,#4636,#4637,#4638,#4639,#4640,#4641,#4642,
    #4643,#4644,#4645,#4646,#4647,#4648,#4649,#4650,#4651,#4652,#4653,
    #4654,#4655,#4656,#4657,#4658,#4659,#4660,#4661,#4662),
  .UNSPECIFIED.,.F.,.F.,(4,1,1,1,1,1,1,1,1,1,1,1,1,1,1,1,1,1,1,1,1,1,1,1
    ,1,1,1,1,1,1,1,1,1,1,1,1,1,1,1,1,1,1,1,1,4),(0.,1.830261587897E-04,
    3.660523175793E-04,5.49078476369E-04,7.321046351586E-04,
    9.151307939483E-04,1.098156952738E-03,1.281183111528E-03,
    1.464209270317E-03,1.647235429107E-03,1.830261587897E-03,
    2.013287746686E-03,2.196313905476E-03,2.379340064266E-03,
    2.562366223055E-03,2.745392381845E-03,2.928418540635E-03,
    3.111444699424E-03,3.294470858214E-03,3.477497017004E-03,
    3.660523175793E-03,3.843549334583E-03,4.026575493372E-03,
    4.209601652162E-03,4.392627810952E-03,4.575653969741E-03,
    4.758680128531E-03,4.941706287321E-03,5.12473244611E-03,
    5.3077586049E-03,5.49078476369E-03,5.673810922479E-03,
    5.856837081269E-03,6.039863240059E-03,6.222889398848E-03,
    6.405915557638E-03,6.588941716428E-03,6.771967875217E-03,
    6.954994034007E-03,7.138020192797E-03,7.321046351586E-03,
    7.504072510376E-03,7.687098669166E-03,7.870124827955E-03,
    8.053150986745E-03),.QUASI_UNIFORM_KNOTS.);
#4616 = CARTESIAN_POINT('',(0.15262045686,7.067213942707));
#4617 = CARTESIAN_POINT('',(0.152620105089,7.041330452139));
#4618 = CARTESIAN_POINT('',(0.153996679742,6.990689565759));
#4619 = CARTESIAN_POINT('',(0.159293782236,6.919397101395));
#4620 = CARTESIAN_POINT('',(0.166961440615,6.854375845428));
#4621 = CARTESIAN_POINT('',(0.176005287205,6.796136973182));
#4622 = CARTESIAN_POINT('',(0.186097567364,6.743037380225));
#4623 = CARTESIAN_POINT('',(0.196857233549,6.693916704581));
#4624 = CARTESIAN_POINT('',(0.208063279361,6.648264725533));
#4625 = CARTESIAN_POINT('',(0.219594500627,6.605573597611));
#4626 = CARTESIAN_POINT('',(0.231305076088,6.565307127647));
#4627 = CARTESIAN_POINT('',(0.243219686419,6.526903272446));
#4628 = CARTESIAN_POINT('',(0.25529865824,6.490088305234));
#4629 = CARTESIAN_POINT('',(0.267531735609,6.454489449469));
#4630 = CARTESIAN_POINT('',(0.279905214383,6.419967644963));
#4631 = CARTESIAN_POINT('',(0.292389105852,6.38643683047));
#4632 = CARTESIAN_POINT('',(0.30495729495,6.353804094009));
#4633 = CARTESIAN_POINT('',(0.317583558581,6.321986653061));
#4634 = CARTESIAN_POINT('',(0.33023744376,6.290910124517));
#4635 = CARTESIAN_POINT('',(0.342913825125,6.260500995387));
#4636 = CARTESIAN_POINT('',(0.355613186355,6.230683288697));
#4637 = CARTESIAN_POINT('',(0.368333761732,6.201387174498));
#4638 = CARTESIAN_POINT('',(0.381074254775,6.172543125165));
#4639 = CARTESIAN_POINT('',(0.393833194137,6.144085830757));
#4640 = CARTESIAN_POINT('',(0.406608837736,6.115948029269));
#4641 = CARTESIAN_POINT('',(0.419400750247,6.08809613611));
#4642 = CARTESIAN_POINT('',(0.432208699801,6.060501119395));
#4643 = CARTESIAN_POINT('',(0.445032356684,6.033132399726));
#4644 = CARTESIAN_POINT('',(0.457871375972,6.005959827193));
#4645 = CARTESIAN_POINT('',(0.470725378797,5.978953454952));
#4646 = CARTESIAN_POINT('',(0.483593954447,5.952083905883));
#4647 = CARTESIAN_POINT('',(0.496476679858,5.925322474428));
#4648 = CARTESIAN_POINT('',(0.509373048069,5.898641641658));
#4649 = CARTESIAN_POINT('',(0.522282742906,5.872014187716));
#4650 = CARTESIAN_POINT('',(0.535204644112,5.845412196608));
#4651 = CARTESIAN_POINT('',(0.54814072969,5.81880829238));
#4652 = CARTESIAN_POINT('',(0.561092390493,5.792182568391));
#4653 = CARTESIAN_POINT('',(0.574057897197,5.765519218747));
#4654 = CARTESIAN_POINT('',(0.587036337416,5.738800316765));
#4655 = CARTESIAN_POINT('',(0.600026560571,5.712007619445));
#4656 = CARTESIAN_POINT('',(0.613027460394,5.68512221915));
#4657 = CARTESIAN_POINT('',(0.626037898939,5.658124774075));
#4658 = CARTESIAN_POINT('',(0.639056726785,5.630995586913));
#4659 = CARTESIAN_POINT('',(0.652082776731,5.60371474147));
#4660 = CARTESIAN_POINT('',(0.665114867109,5.576262209771));
#4661 = CARTESIAN_POINT('',(0.673806150991,5.557832798418));
#4662 = CARTESIAN_POINT('',(0.678152399119,5.548582839203));
#4663 = ( GEOMETRIC_REPRESENTATION_CONTEXT(2) 
PARAMETRIC_REPRESENTATION_CONTEXT() REPRESENTATION_CONTEXT('2D SPACE',''
  ) );
#4664 = ORIENTED_EDGE('',*,*,#4665,.T.);
#4665 = EDGE_CURVE('',#4569,#2501,#4666,.T.);
#4666 = SURFACE_CURVE('',#4667,(#4671,#4678),.PCURVE_S1.);
#4667 = LINE('',#4668,#4669);
#4668 = CARTESIAN_POINT('',(15.353537743025,-8.941478288751,
    6.499837433021));
#4669 = VECTOR('',#4670,1.);
#4670 = DIRECTION('',(-0.,-0.,-1.));
#4671 = PCURVE('',#2516,#4672);
#4672 = DEFINITIONAL_REPRESENTATION('',(#4673),#4677);
#4673 = LINE('',#4674,#4675);
#4674 = CARTESIAN_POINT('',(-2.999925,7.297852963441));
#4675 = VECTOR('',#4676,1.);
#4676 = DIRECTION('',(-1.,0.));
#4677 = ( GEOMETRIC_REPRESENTATION_CONTEXT(2) 
PARAMETRIC_REPRESENTATION_CONTEXT() REPRESENTATION_CONTEXT('2D SPACE',''
  ) );
#4678 = PCURVE('',#2546,#4679);
#4679 = DEFINITIONAL_REPRESENTATION('',(#4680),#4684);
#4680 = LINE('',#4681,#4682);
#4681 = CARTESIAN_POINT('',(3.460851232728,-6.4998375));
#4682 = VECTOR('',#4683,1.);
#4683 = DIRECTION('',(0.,1.));
#4684 = ( GEOMETRIC_REPRESENTATION_CONTEXT(2) 
PARAMETRIC_REPRESENTATION_CONTEXT() REPRESENTATION_CONTEXT('2D SPACE',''
  ) );
#4685 = ORIENTED_EDGE('',*,*,#2500,.F.);
#4686 = ORIENTED_EDGE('',*,*,#3525,.F.);
#4687 = ADVANCED_FACE('',(#4688),#381,.T.);
#4688 = FACE_BOUND('',#4689,.T.);
#4689 = EDGE_LOOP('',(#4690,#4691,#4692,#4693));
#4690 = ORIENTED_EDGE('',*,*,#351,.F.);
#4691 = ORIENTED_EDGE('',*,*,#3640,.F.);
#4692 = ORIENTED_EDGE('',*,*,#3056,.F.);
#4693 = ORIENTED_EDGE('',*,*,#4401,.F.);
#4694 = ADVANCED_FACE('',(#4695),#466,.T.);
#4695 = FACE_BOUND('',#4696,.T.);
#4696 = EDGE_LOOP('',(#4697,#4698,#4699,#4700));
#4697 = ORIENTED_EDGE('',*,*,#2997,.F.);
#4698 = ORIENTED_EDGE('',*,*,#3733,.F.);
#4699 = ORIENTED_EDGE('',*,*,#436,.F.);
#4700 = ORIENTED_EDGE('',*,*,#4422,.F.);
#4701 = ADVANCED_FACE('',(#4702),#634,.T.);
#4702 = FACE_BOUND('',#4703,.T.);
#4703 = EDGE_LOOP('',(#4704,#4705,#4771,#4772,#4773));
#4704 = ORIENTED_EDGE('',*,*,#4469,.F.);
#4705 = ORIENTED_EDGE('',*,*,#4706,.T.);
#4706 = EDGE_CURVE('',#4447,#3573,#4707,.T.);
#4707 = SURFACE_CURVE('',#4708,(#4713,#4742),.PCURVE_S1.);
#4708 = B_SPLINE_CURVE_WITH_KNOTS('',3,(#4709,#4710,#4711,#4712),
  .UNSPECIFIED.,.F.,.F.,(4,4),(9.34177181294E-18,2.810608494282E-04),
  .PIECEWISE_BEZIER_KNOTS.);
#4709 = CARTESIAN_POINT('',(15.353537743025,-8.941478288751,
    -9.028656993734));
#4710 = CARTESIAN_POINT('',(15.324117351006,-9.030478137488,
    -9.025454352428));
#4711 = CARTESIAN_POINT('',(15.290602632879,-9.117894157233,
    -9.021919944079));
#4712 = CARTESIAN_POINT('',(15.253009421531,-9.203705384674,
    -9.017422768219));
#4713 = PCURVE('',#634,#4714);
#4714 = DEFINITIONAL_REPRESENTATION('',(#4715),#4741);
#4715 = B_SPLINE_CURVE_WITH_KNOTS('',3,(#4716,#4717,#4718,#4719,#4720,
    #4721,#4722,#4723,#4724,#4725,#4726,#4727,#4728,#4729,#4730,#4731,
    #4732,#4733,#4734,#4735,#4736,#4737,#4738,#4739,#4740),
  .UNSPECIFIED.,.F.,.F.,(4,1,1,1,1,1,1,1,1,1,1,1,1,1,1,1,1,1,1,1,1,1,4),
  (9.34177181294E-18,1.277549315584E-05,2.555098631166E-05,
    3.832647946749E-05,5.110197262332E-05,6.387746577915E-05,
    7.665295893497E-05,8.94284520908E-05,1.022039452466E-04,
    1.149794384025E-04,1.277549315583E-04,1.405304247141E-04,
    1.533059178699E-04,1.660814110258E-04,1.788569041816E-04,
    1.916323973374E-04,2.044078904932E-04,2.171833836491E-04,
    2.299588768049E-04,2.427343699607E-04,2.555098631166E-04,
    2.682853562724E-04,2.810608494282E-04),.QUASI_UNIFORM_KNOTS.);
#4716 = CARTESIAN_POINT('',(0.678152399119,7.017787775156));
#4717 = CARTESIAN_POINT('',(0.678459223656,7.0184407776));
#4718 = CARTESIAN_POINT('',(0.679072376117,7.019755454757));
#4719 = CARTESIAN_POINT('',(0.679990614239,7.021753502527));
#4720 = CARTESIAN_POINT('',(0.680907361065,7.023777597299));
#4721 = CARTESIAN_POINT('',(0.681822615845,7.025827754965));
#4722 = CARTESIAN_POINT('',(0.682736377817,7.027903992037));
#4723 = CARTESIAN_POINT('',(0.683648646197,7.030006325728));
#4724 = CARTESIAN_POINT('',(0.684559420187,7.032134773938));
#4725 = CARTESIAN_POINT('',(0.685468698971,7.034289355256));
#4726 = CARTESIAN_POINT('',(0.686376481716,7.036470088969));
#4727 = CARTESIAN_POINT('',(0.687282767571,7.038676995053));
#4728 = CARTESIAN_POINT('',(0.688187555668,7.040910094181));
#4729 = CARTESIAN_POINT('',(0.689090845122,7.043169407719));
#4730 = CARTESIAN_POINT('',(0.689992635029,7.045454957725));
#4731 = CARTESIAN_POINT('',(0.690892924469,7.047766766946));
#4732 = CARTESIAN_POINT('',(0.691791712501,7.050104858819));
#4733 = CARTESIAN_POINT('',(0.69268899817,7.052469257462));
#4734 = CARTESIAN_POINT('',(0.693584780498,7.054859987673));
#4735 = CARTESIAN_POINT('',(0.694479058494,7.057277074925));
#4736 = CARTESIAN_POINT('',(0.695371831143,7.059720545355));
#4737 = CARTESIAN_POINT('',(0.696263097416,7.062190425777));
#4738 = CARTESIAN_POINT('',(0.697152856264,7.064686743593));
#4739 = CARTESIAN_POINT('',(0.697745023163,7.066368599256));
#4740 = CARTESIAN_POINT('',(0.698040855018,7.067213942707));
#4741 = ( GEOMETRIC_REPRESENTATION_CONTEXT(2) 
PARAMETRIC_REPRESENTATION_CONTEXT() REPRESENTATION_CONTEXT('2D SPACE',''
  ) );
#4742 = PCURVE('',#2292,#4743);
#4743 = DEFINITIONAL_REPRESENTATION('',(#4744),#4770);
#4744 = B_SPLINE_CURVE_WITH_KNOTS('',3,(#4745,#4746,#4747,#4748,#4749,
    #4750,#4751,#4752,#4753,#4754,#4755,#4756,#4757,#4758,#4759,#4760,
    #4761,#4762,#4763,#4764,#4765,#4766,#4767,#4768,#4769),
  .UNSPECIFIED.,.F.,.F.,(4,1,1,1,1,1,1,1,1,1,1,1,1,1,1,1,1,1,1,1,1,1,4),
  (9.34177181294E-18,1.277549315584E-05,2.555098631166E-05,
    3.832647946749E-05,5.110197262332E-05,6.387746577915E-05,
    7.665295893497E-05,8.94284520908E-05,1.022039452466E-04,
    1.149794384025E-04,1.277549315583E-04,1.405304247141E-04,
    1.533059178699E-04,1.660814110258E-04,1.788569041816E-04,
    1.916323973374E-04,2.044078904932E-04,2.171833836491E-04,
    2.299588768049E-04,2.427343699607E-04,2.555098631166E-04,
    2.682853562724E-04,2.810608494282E-04),.QUASI_UNIFORM_KNOTS.);
#4745 = CARTESIAN_POINT('',(3.460851232728,9.028656926755));
#4746 = CARTESIAN_POINT('',(3.46227151833,9.028511352151));
#4747 = CARTESIAN_POINT('',(3.465111788213,9.028218832003));
#4748 = CARTESIAN_POINT('',(3.469371361393,9.027775583406));
#4749 = CARTESIAN_POINT('',(3.473630175226,9.027327510875));
#4750 = CARTESIAN_POINT('',(3.47788830209,9.02687425885));
#4751 = CARTESIAN_POINT('',(3.482145814403,9.02641547177));
#4752 = CARTESIAN_POINT('',(3.486402784628,9.025950794075));
#4753 = CARTESIAN_POINT('',(3.490659285259,9.025479870206));
#4754 = CARTESIAN_POINT('',(3.494915388819,9.025002344602));
#4755 = CARTESIAN_POINT('',(3.499171167847,9.024517861704));
#4756 = CARTESIAN_POINT('',(3.503426694893,9.024026065951));
#4757 = CARTESIAN_POINT('',(3.507682042511,9.023526601784));
#4758 = CARTESIAN_POINT('',(3.511937283252,9.023019113643));
#4759 = CARTESIAN_POINT('',(3.516192489653,9.022503245966));
#4760 = CARTESIAN_POINT('',(3.520447734234,9.021978643196));
#4761 = CARTESIAN_POINT('',(3.524703089486,9.021444949771));
#4762 = CARTESIAN_POINT('',(3.528958627867,9.020901810131));
#4763 = CARTESIAN_POINT('',(3.533214421795,9.020348868717));
#4764 = CARTESIAN_POINT('',(3.537470543635,9.019785769968));
#4765 = CARTESIAN_POINT('',(3.541727065699,9.019212158325));
#4766 = CARTESIAN_POINT('',(3.54598406023,9.018627678228));
#4767 = CARTESIAN_POINT('',(3.550241599411,9.018031974116));
#4768 = CARTESIAN_POINT('',(3.55308037001,9.017627118325));
#4769 = CARTESIAN_POINT('',(3.554499870112,9.017422701241));
#4770 = ( GEOMETRIC_REPRESENTATION_CONTEXT(2) 
PARAMETRIC_REPRESENTATION_CONTEXT() REPRESENTATION_CONTEXT('2D SPACE',''
  ) );
#4771 = ORIENTED_EDGE('',*,*,#3572,.F.);
#4772 = ORIENTED_EDGE('',*,*,#606,.F.);
#4773 = ORIENTED_EDGE('',*,*,#3482,.F.);
#4774 = ADVANCED_FACE('',(#4775),#551,.T.);
#4775 = FACE_BOUND('',#4776,.T.);
#4776 = EDGE_LOOP('',(#4777,#4778,#4844,#4845,#4846));
#4777 = ORIENTED_EDGE('',*,*,#3712,.F.);
#4778 = ORIENTED_EDGE('',*,*,#4779,.T.);
#4779 = EDGE_CURVE('',#3666,#4569,#4780,.T.);
#4780 = SURFACE_CURVE('',#4781,(#4786,#4815),.PCURVE_S1.);
#4781 = B_SPLINE_CURVE_WITH_KNOTS('',3,(#4782,#4783,#4784,#4785),
  .UNSPECIFIED.,.F.,.F.,(4,4),(0.,2.810608494282E-04),
  .PIECEWISE_BEZIER_KNOTS.);
#4782 = CARTESIAN_POINT('',(15.253009421531,-9.203705384674,
    9.017422634262));
#4783 = CARTESIAN_POINT('',(15.290602632879,-9.117894157232,
    9.021919810121));
#4784 = CARTESIAN_POINT('',(15.324117351006,-9.030478137488,
    9.02545421847));
#4785 = CARTESIAN_POINT('',(15.353537743025,-8.941478288751,
    9.028656859777));
#4786 = PCURVE('',#551,#4787);
#4787 = DEFINITIONAL_REPRESENTATION('',(#4788),#4814);
#4788 = B_SPLINE_CURVE_WITH_KNOTS('',3,(#4789,#4790,#4791,#4792,#4793,
    #4794,#4795,#4796,#4797,#4798,#4799,#4800,#4801,#4802,#4803,#4804,
    #4805,#4806,#4807,#4808,#4809,#4810,#4811,#4812,#4813),
  .UNSPECIFIED.,.F.,.F.,(4,1,1,1,1,1,1,1,1,1,1,1,1,1,1,1,1,1,1,1,1,1,4),
  (0.,1.277549315583E-05,2.555098631165E-05,3.832647946748E-05,
    5.110197262331E-05,6.387746577914E-05,7.665295893496E-05,
    8.942845209079E-05,1.022039452466E-04,1.149794384024E-04,
    1.277549315583E-04,1.405304247141E-04,1.533059178699E-04,
    1.660814110258E-04,1.788569041816E-04,1.916323973374E-04,
    2.044078904932E-04,2.171833836491E-04,2.299588768049E-04,
    2.427343699607E-04,2.555098631165E-04,2.682853562724E-04,
    2.810608494282E-04),.QUASI_UNIFORM_KNOTS.);
#4789 = CARTESIAN_POINT('',(0.698040855018,5.499156671653));
#4790 = CARTESIAN_POINT('',(0.697745023163,5.500002015103));
#4791 = CARTESIAN_POINT('',(0.697152856264,5.501683870766));
#4792 = CARTESIAN_POINT('',(0.696263097416,5.504180188582));
#4793 = CARTESIAN_POINT('',(0.695371831143,5.506650069004));
#4794 = CARTESIAN_POINT('',(0.694479058494,5.509093539434));
#4795 = CARTESIAN_POINT('',(0.693584780498,5.511510626686));
#4796 = CARTESIAN_POINT('',(0.69268899817,5.513901356897));
#4797 = CARTESIAN_POINT('',(0.691791712501,5.51626575554));
#4798 = CARTESIAN_POINT('',(0.690892924469,5.518603847413));
#4799 = CARTESIAN_POINT('',(0.689992635029,5.520915656634));
#4800 = CARTESIAN_POINT('',(0.689090845122,5.52320120664));
#4801 = CARTESIAN_POINT('',(0.688187555668,5.525460520178));
#4802 = CARTESIAN_POINT('',(0.687282767571,5.527693619306));
#4803 = CARTESIAN_POINT('',(0.686376481716,5.52990052539));
#4804 = CARTESIAN_POINT('',(0.685468698971,5.532081259103));
#4805 = CARTESIAN_POINT('',(0.684559420187,5.534235840422));
#4806 = CARTESIAN_POINT('',(0.683648646197,5.536364288631));
#4807 = CARTESIAN_POINT('',(0.682736377817,5.538466622322));
#4808 = CARTESIAN_POINT('',(0.681822615845,5.540542859394));
#4809 = CARTESIAN_POINT('',(0.680907361065,5.54259301706));
#4810 = CARTESIAN_POINT('',(0.679990614239,5.544617111832));
#4811 = CARTESIAN_POINT('',(0.679072376117,5.546615159603));
#4812 = CARTESIAN_POINT('',(0.678459223656,5.547929836759));
#4813 = CARTESIAN_POINT('',(0.678152399119,5.548582839203));
#4814 = ( GEOMETRIC_REPRESENTATION_CONTEXT(2) 
PARAMETRIC_REPRESENTATION_CONTEXT() REPRESENTATION_CONTEXT('2D SPACE',''
  ) );
#4815 = PCURVE('',#2546,#4816);
#4816 = DEFINITIONAL_REPRESENTATION('',(#4817),#4843);
#4817 = B_SPLINE_CURVE_WITH_KNOTS('',3,(#4818,#4819,#4820,#4821,#4822,
    #4823,#4824,#4825,#4826,#4827,#4828,#4829,#4830,#4831,#4832,#4833,
    #4834,#4835,#4836,#4837,#4838,#4839,#4840,#4841,#4842),
  .UNSPECIFIED.,.F.,.F.,(4,1,1,1,1,1,1,1,1,1,1,1,1,1,1,1,1,1,1,1,1,1,4),
  (0.,1.277549315583E-05,2.555098631165E-05,3.832647946748E-05,
    5.110197262331E-05,6.387746577914E-05,7.665295893496E-05,
    8.942845209079E-05,1.022039452466E-04,1.149794384024E-04,
    1.277549315583E-04,1.405304247141E-04,1.533059178699E-04,
    1.660814110258E-04,1.788569041816E-04,1.916323973374E-04,
    2.044078904932E-04,2.171833836491E-04,2.299588768049E-04,
    2.427343699607E-04,2.555098631165E-04,2.682853562724E-04,
    2.810608494282E-04),.QUASI_UNIFORM_KNOTS.);
#4818 = CARTESIAN_POINT('',(3.554499870112,-9.017422701241));
#4819 = CARTESIAN_POINT('',(3.55308037001,-9.017627118325));
#4820 = CARTESIAN_POINT('',(3.550241599411,-9.018031974116));
#4821 = CARTESIAN_POINT('',(3.54598406023,-9.018627678228));
#4822 = CARTESIAN_POINT('',(3.541727065699,-9.019212158325));
#4823 = CARTESIAN_POINT('',(3.537470543635,-9.019785769968));
#4824 = CARTESIAN_POINT('',(3.533214421795,-9.020348868717));
#4825 = CARTESIAN_POINT('',(3.528958627867,-9.020901810131));
#4826 = CARTESIAN_POINT('',(3.524703089486,-9.021444949771));
#4827 = CARTESIAN_POINT('',(3.520447734234,-9.021978643196));
#4828 = CARTESIAN_POINT('',(3.516192489653,-9.022503245966));
#4829 = CARTESIAN_POINT('',(3.511937283252,-9.023019113643));
#4830 = CARTESIAN_POINT('',(3.507682042511,-9.023526601784));
#4831 = CARTESIAN_POINT('',(3.503426694893,-9.024026065952));
#4832 = CARTESIAN_POINT('',(3.499171167847,-9.024517861704));
#4833 = CARTESIAN_POINT('',(3.494915388819,-9.025002344602));
#4834 = CARTESIAN_POINT('',(3.490659285259,-9.025479870206));
#4835 = CARTESIAN_POINT('',(3.486402784628,-9.025950794075));
#4836 = CARTESIAN_POINT('',(3.482145814403,-9.02641547177));
#4837 = CARTESIAN_POINT('',(3.47788830209,-9.02687425885));
#4838 = CARTESIAN_POINT('',(3.473630175226,-9.027327510875));
#4839 = CARTESIAN_POINT('',(3.469371361393,-9.027775583406));
#4840 = CARTESIAN_POINT('',(3.465111788213,-9.028218832003));
#4841 = CARTESIAN_POINT('',(3.46227151833,-9.028511352151));
#4842 = CARTESIAN_POINT('',(3.460851232728,-9.028656926755));
#4843 = ( GEOMETRIC_REPRESENTATION_CONTEXT(2) 
PARAMETRIC_REPRESENTATION_CONTEXT() REPRESENTATION_CONTEXT('2D SPACE',''
  ) );
#4844 = ORIENTED_EDGE('',*,*,#4568,.F.);
#4845 = ORIENTED_EDGE('',*,*,#3503,.F.);
#4846 = ORIENTED_EDGE('',*,*,#521,.F.);
#4847 = ADVANCED_FACE('',(#4848),#2546,.T.);
#4848 = FACE_BOUND('',#4849,.T.);
#4849 = EDGE_LOOP('',(#4850,#4851,#4852,#4853,#4854));
#4850 = ORIENTED_EDGE('',*,*,#2528,.F.);
#4851 = ORIENTED_EDGE('',*,*,#4665,.F.);
#4852 = ORIENTED_EDGE('',*,*,#4779,.F.);
#4853 = ORIENTED_EDGE('',*,*,#3665,.F.);
#4854 = ORIENTED_EDGE('',*,*,#2951,.F.);
#4855 = ADVANCED_FACE('',(#4856),#2292,.T.);
#4856 = FACE_BOUND('',#4857,.T.);
#4857 = EDGE_LOOP('',(#4858,#4859,#4860,#4861,#4862));
#4858 = ORIENTED_EDGE('',*,*,#4706,.F.);
#4859 = ORIENTED_EDGE('',*,*,#4446,.F.);
#4860 = ORIENTED_EDGE('',*,*,#2274,.F.);
#4861 = ORIENTED_EDGE('',*,*,#3115,.F.);
#4862 = ORIENTED_EDGE('',*,*,#3594,.F.);
#4863 = ADVANCED_FACE('',(#4864),#2073,.T.);
#4864 = FACE_BOUND('',#4865,.T.);
#4865 = EDGE_LOOP('',(#4866,#4896,#4917,#4918,#4919));
#4866 = ORIENTED_EDGE('',*,*,#4867,.T.);
#4867 = EDGE_CURVE('',#4868,#4870,#4872,.T.);
#4868 = VERTEX_POINT('',#4869);
#4869 = CARTESIAN_POINT('',(9.499727094072,-5.499976254614,5.89574876309
    ));
#4870 = VERTEX_POINT('',#4871);
#4871 = CARTESIAN_POINT('',(9.508171157601,-6.000725259794,
    5.904489369488));
#4872 = SURFACE_CURVE('',#4873,(#4877,#4884),.PCURVE_S1.);
#4873 = LINE('',#4874,#4875);
#4874 = CARTESIAN_POINT('',(9.404516222587,0.146209259443,5.797194228345
    ));
#4875 = VECTOR('',#4876,1.);
#4876 = DIRECTION('',(1.685790208902E-02,-0.999705612271,
    1.74499263713E-02));
#4877 = PCURVE('',#2073,#4878);
#4878 = DEFINITIONAL_REPRESENTATION('',(#4879),#4883);
#4879 = LINE('',#4880,#4881);
#4880 = CARTESIAN_POINT('',(-5.646988201194,-9.855567510192E-02));
#4881 = VECTOR('',#4882,1.);
#4882 = DIRECTION('',(0.999847734919,1.745012828135E-02));
#4883 = ( GEOMETRIC_REPRESENTATION_CONTEXT(2) 
PARAMETRIC_REPRESENTATION_CONTEXT() REPRESENTATION_CONTEXT('2D SPACE',''
  ) );
#4884 = PCURVE('',#4885,#4890);
#4885 = PLANE('',#4886);
#4886 = AXIS2_PLACEMENT_3D('',#4887,#4888,#4889);
#4887 = CARTESIAN_POINT('',(-3.540592832773E-05,-1.233013370312E-02,
    5.799961543746));
#4888 = DIRECTION('',(0.,-1.745240643728E-02,-0.999847695156));
#4889 = DIRECTION('',(0.,0.999847695156,-1.745240643728E-02));
#4890 = DEFINITIONAL_REPRESENTATION('',(#4891),#4895);
#4891 = LINE('',#4892,#4893);
#4892 = CARTESIAN_POINT('',(0.158563543142,9.404551628515));
#4893 = VECTOR('',#4894,1.);
#4894 = DIRECTION('',(-0.999857895472,1.685790208902E-02));
#4895 = ( GEOMETRIC_REPRESENTATION_CONTEXT(2) 
PARAMETRIC_REPRESENTATION_CONTEXT() REPRESENTATION_CONTEXT('2D SPACE',''
  ) );
#4896 = ORIENTED_EDGE('',*,*,#4897,.T.);
#4897 = EDGE_CURVE('',#4870,#2879,#4898,.T.);
#4898 = SURFACE_CURVE('',#4899,(#4903,#4910),.PCURVE_S1.);
#4899 = LINE('',#4900,#4901);
#4900 = CARTESIAN_POINT('',(9.49957873885,-5.510753144302,5.827330329121
    ));
#4901 = VECTOR('',#4902,1.);
#4902 = DIRECTION('',(1.732046744938E-02,-0.987678361977,0.155536023769)
  );
#4903 = PCURVE('',#2073,#4904);
#4904 = DEFINITIONAL_REPRESENTATION('',(#4905),#4909);
#4905 = LINE('',#4906,#4907);
#4906 = CARTESIAN_POINT('',(1.077288410865E-02,-6.841922562658E-02));
#4907 = VECTOR('',#4908,1.);
#4908 = DIRECTION('',(0.987829937528,0.155537823449));
#4909 = ( GEOMETRIC_REPRESENTATION_CONTEXT(2) 
PARAMETRIC_REPRESENTATION_CONTEXT() REPRESENTATION_CONTEXT('2D SPACE',''
  ) );
#4910 = PCURVE('',#2917,#4911);
#4911 = DEFINITIONAL_REPRESENTATION('',(#4912),#4916);
#4912 = LINE('',#4913,#4914);
#4913 = CARTESIAN_POINT('',(-9.499614144778,5.556730207785));
#4914 = VECTOR('',#4915,1.);
#4915 = DIRECTION('',(-1.732046744938E-02,-0.999849989452));
#4916 = ( GEOMETRIC_REPRESENTATION_CONTEXT(2) 
PARAMETRIC_REPRESENTATION_CONTEXT() REPRESENTATION_CONTEXT('2D SPACE',''
  ) );
#4917 = ORIENTED_EDGE('',*,*,#2878,.T.);
#4918 = ORIENTED_EDGE('',*,*,#2059,.F.);
#4919 = ORIENTED_EDGE('',*,*,#4920,.F.);
#4920 = EDGE_CURVE('',#4868,#2032,#4921,.T.);
#4921 = SURFACE_CURVE('',#4922,(#4926,#4933),.PCURVE_S1.);
#4922 = LINE('',#4923,#4924);
#4923 = CARTESIAN_POINT('',(9.499727094072,-5.499976254614,5.89574876309
    ));
#4924 = VECTOR('',#4925,1.);
#4925 = DIRECTION('',(0.,0.275637355817,0.961261695938));
#4926 = PCURVE('',#2073,#4927);
#4927 = DEFINITIONAL_REPRESENTATION('',(#4928),#4932);
#4928 = LINE('',#4929,#4930);
#4929 = CARTESIAN_POINT('',(0.,0.));
#4930 = VECTOR('',#4931,1.);
#4931 = DIRECTION('',(-0.275598563779,0.961272818529));
#4932 = ( GEOMETRIC_REPRESENTATION_CONTEXT(2) 
PARAMETRIC_REPRESENTATION_CONTEXT() REPRESENTATION_CONTEXT('2D SPACE',''
  ) );
#4933 = PCURVE('',#2047,#4934);
#4934 = DEFINITIONAL_REPRESENTATION('',(#4935),#4939);
#4935 = LINE('',#4936,#4937);
#4936 = CARTESIAN_POINT('',(0.,-2.999925));
#4937 = VECTOR('',#4938,1.);
#4938 = DIRECTION('',(1.,0.));
#4939 = ( GEOMETRIC_REPRESENTATION_CONTEXT(2) 
PARAMETRIC_REPRESENTATION_CONTEXT() REPRESENTATION_CONTEXT('2D SPACE',''
  ) );
#4940 = ADVANCED_FACE('',(#4941),#2047,.T.);
#4941 = FACE_BOUND('',#4942,.T.);
#4942 = EDGE_LOOP('',(#4943,#4966,#4967,#4968,#4991,#5014,#5035,#5036));
#4943 = ORIENTED_EDGE('',*,*,#4944,.T.);
#4944 = EDGE_CURVE('',#4945,#4868,#4947,.T.);
#4945 = VERTEX_POINT('',#4946);
#4946 = CARTESIAN_POINT('',(12.499652094072,-5.499976254614,
    5.89574876309));
#4947 = SURFACE_CURVE('',#4948,(#4952,#4959),.PCURVE_S1.);
#4948 = LINE('',#4949,#4950);
#4949 = CARTESIAN_POINT('',(12.499652094072,-5.499976254614,
    5.89574876309));
#4950 = VECTOR('',#4951,1.);
#4951 = DIRECTION('',(-1.,-0.,-0.));
#4952 = PCURVE('',#2047,#4953);
#4953 = DEFINITIONAL_REPRESENTATION('',(#4954),#4958);
#4954 = LINE('',#4955,#4956);
#4955 = CARTESIAN_POINT('',(0.,0.));
#4956 = VECTOR('',#4957,1.);
#4957 = DIRECTION('',(0.,-1.));
#4958 = ( GEOMETRIC_REPRESENTATION_CONTEXT(2) 
PARAMETRIC_REPRESENTATION_CONTEXT() REPRESENTATION_CONTEXT('2D SPACE',''
  ) );
#4959 = PCURVE('',#4885,#4960);
#4960 = DEFINITIONAL_REPRESENTATION('',(#4961),#4965);
#4961 = LINE('',#4962,#4963);
#4962 = CARTESIAN_POINT('',(-5.48848204331,12.4996875));
#4963 = VECTOR('',#4964,1.);
#4964 = DIRECTION('',(0.,-1.));
#4965 = ( GEOMETRIC_REPRESENTATION_CONTEXT(2) 
PARAMETRIC_REPRESENTATION_CONTEXT() REPRESENTATION_CONTEXT('2D SPACE',''
  ) );
#4966 = ORIENTED_EDGE('',*,*,#4920,.T.);
#4967 = ORIENTED_EDGE('',*,*,#2031,.T.);
#4968 = ORIENTED_EDGE('',*,*,#4969,.F.);
#4969 = EDGE_CURVE('',#4970,#2009,#4972,.T.);
#4970 = VERTEX_POINT('',#4971);
#4971 = CARTESIAN_POINT('',(9.34145812158,-5.255022738684,6.750003192615
    ));
#4972 = SURFACE_CURVE('',#4973,(#4977,#4984),.PCURVE_S1.);
#4973 = LINE('',#4974,#4975);
#4974 = CARTESIAN_POINT('',(9.344237338215,-5.414243953023,
    6.194732829963));
#4975 = VECTOR('',#4976,1.);
#4976 = DIRECTION('',(4.811212257059E-03,-0.275634165604,-0.961250570345
    ));
#4977 = PCURVE('',#2047,#4978);
#4978 = DEFINITIONAL_REPRESENTATION('',(#4979),#4983);
#4979 = LINE('',#4980,#4981);
#4980 = CARTESIAN_POINT('',(0.311032956099,-3.155414755857));
#4981 = VECTOR('',#4982,1.);
#4982 = DIRECTION('',(-0.999988426051,4.811212257059E-03));
#4983 = ( GEOMETRIC_REPRESENTATION_CONTEXT(2) 
PARAMETRIC_REPRESENTATION_CONTEXT() REPRESENTATION_CONTEXT('2D SPACE',''
  ) );
#4984 = PCURVE('',#681,#4985);
#4985 = DEFINITIONAL_REPRESENTATION('',(#4986),#4990);
#4986 = LINE('',#4987,#4988);
#4987 = CARTESIAN_POINT('',(5.414954922271,1.552949859839));
#4988 = VECTOR('',#4989,1.);
#4989 = DIRECTION('',(0.275676152418,-0.961250570345));
#4990 = ( GEOMETRIC_REPRESENTATION_CONTEXT(2) 
PARAMETRIC_REPRESENTATION_CONTEXT() REPRESENTATION_CONTEXT('2D SPACE',''
  ) );
#4991 = ORIENTED_EDGE('',*,*,#4992,.F.);
#4992 = EDGE_CURVE('',#4993,#4970,#4995,.T.);
#4993 = VERTEX_POINT('',#4994);
#4994 = CARTESIAN_POINT('',(12.657921066563,-5.255022738684,
    6.750003192615));
#4995 = SURFACE_CURVE('',#4996,(#5000,#5007),.PCURVE_S1.);
#4996 = LINE('',#4997,#4998);
#4997 = CARTESIAN_POINT('',(9.249733344072,-5.255022738684,
    6.750003192615));
#4998 = VECTOR('',#4999,1.);
#4999 = DIRECTION('',(-1.,0.,0.));
#5000 = PCURVE('',#2047,#5001);
#5001 = DEFINITIONAL_REPRESENTATION('',(#5002),#5006);
#5002 = LINE('',#5003,#5004);
#5003 = CARTESIAN_POINT('',(0.888680401117,-3.24991875));
#5004 = VECTOR('',#5005,1.);
#5005 = DIRECTION('',(0.,-1.));
#5006 = ( GEOMETRIC_REPRESENTATION_CONTEXT(2) 
PARAMETRIC_REPRESENTATION_CONTEXT() REPRESENTATION_CONTEXT('2D SPACE',''
  ) );
#5007 = PCURVE('',#763,#5008);
#5008 = DEFINITIONAL_REPRESENTATION('',(#5009),#5013);
#5009 = LINE('',#5010,#5011);
#5010 = CARTESIAN_POINT('',(5.255709454076,0.));
#5011 = VECTOR('',#5012,1.);
#5012 = DIRECTION('',(-0.,-1.));
#5013 = ( GEOMETRIC_REPRESENTATION_CONTEXT(2) 
PARAMETRIC_REPRESENTATION_CONTEXT() REPRESENTATION_CONTEXT('2D SPACE',''
  ) );
#5014 = ORIENTED_EDGE('',*,*,#5015,.F.);
#5015 = EDGE_CURVE('',#2402,#4993,#5016,.T.);
#5016 = SURFACE_CURVE('',#5017,(#5021,#5028),.PCURVE_S1.);
#5017 = LINE('',#5018,#5019);
#5018 = CARTESIAN_POINT('',(12.655141849929,-5.414243953023,
    6.194732829963));
#5019 = VECTOR('',#5020,1.);
#5020 = DIRECTION('',(4.811212257061E-03,0.275634165604,0.961250570345)
  );
#5021 = PCURVE('',#2047,#5022);
#5022 = DEFINITIONAL_REPRESENTATION('',(#5023),#5027);
#5023 = LINE('',#5024,#5025);
#5024 = CARTESIAN_POINT('',(0.311032956099,0.155489755857));
#5025 = VECTOR('',#5026,1.);
#5026 = DIRECTION('',(0.999988426051,4.811212257061E-03));
#5027 = ( GEOMETRIC_REPRESENTATION_CONTEXT(2) 
PARAMETRIC_REPRESENTATION_CONTEXT() REPRESENTATION_CONTEXT('2D SPACE',''
  ) );
#5028 = PCURVE('',#737,#5029);
#5029 = DEFINITIONAL_REPRESENTATION('',(#5030),#5034);
#5030 = LINE('',#5031,#5032);
#5031 = CARTESIAN_POINT('',(-5.414954922271,1.552949859839));
#5032 = VECTOR('',#5033,1.);
#5033 = DIRECTION('',(0.275676152418,0.961250570345));
#5034 = ( GEOMETRIC_REPRESENTATION_CONTEXT(2) 
PARAMETRIC_REPRESENTATION_CONTEXT() REPRESENTATION_CONTEXT('2D SPACE',''
  ) );
#5035 = ORIENTED_EDGE('',*,*,#2401,.T.);
#5036 = ORIENTED_EDGE('',*,*,#5037,.F.);
#5037 = EDGE_CURVE('',#4945,#2404,#5038,.T.);
#5038 = SURFACE_CURVE('',#5039,(#5043,#5050),.PCURVE_S1.);
#5039 = LINE('',#5040,#5041);
#5040 = CARTESIAN_POINT('',(12.499652094072,-10.48251288196,
    -11.48042143808));
#5041 = VECTOR('',#5042,1.);
#5042 = DIRECTION('',(-1.73874397088E-16,0.275637355817,0.961261695938)
  );
#5043 = PCURVE('',#2047,#5044);
#5044 = DEFINITIONAL_REPRESENTATION('',(#5045),#5049);
#5045 = LINE('',#5046,#5047);
#5046 = CARTESIAN_POINT('',(-18.07642005771,0.));
#5047 = VECTOR('',#5048,1.);
#5048 = DIRECTION('',(1.,-1.73874397088E-16));
#5049 = ( GEOMETRIC_REPRESENTATION_CONTEXT(2) 
PARAMETRIC_REPRESENTATION_CONTEXT() REPRESENTATION_CONTEXT('2D SPACE',''
  ) );
#5050 = PCURVE('',#2617,#5051);
#5051 = DEFINITIONAL_REPRESENTATION('',(#5052),#5056);
#5052 = LINE('',#5053,#5054);
#5053 = CARTESIAN_POINT('',(0.,0.));
#5054 = VECTOR('',#5055,1.);
#5055 = DIRECTION('',(0.275598563779,0.961272818529));
#5056 = ( GEOMETRIC_REPRESENTATION_CONTEXT(2) 
PARAMETRIC_REPRESENTATION_CONTEXT() REPRESENTATION_CONTEXT('2D SPACE',''
  ) );
#5057 = ADVANCED_FACE('',(#5058),#2617,.T.);
#5058 = FACE_BOUND('',#5059,.T.);
#5059 = EDGE_LOOP('',(#5060,#5061,#5084,#5105,#5106));
#5060 = ORIENTED_EDGE('',*,*,#2929,.F.);
#5061 = ORIENTED_EDGE('',*,*,#5062,.T.);
#5062 = EDGE_CURVE('',#2902,#5063,#5065,.T.);
#5063 = VERTEX_POINT('',#5064);
#5064 = CARTESIAN_POINT('',(12.491208030542,-6.000725259794,
    5.904489369488));
#5065 = SURFACE_CURVE('',#5066,(#5070,#5077),.PCURVE_S1.);
#5066 = LINE('',#5067,#5068);
#5067 = CARTESIAN_POINT('',(12.461374590541,-7.701940497732,
    6.172390605225));
#5068 = VECTOR('',#5069,1.);
#5069 = DIRECTION('',(1.732046744938E-02,0.987678361977,-0.155536023769)
  );
#5070 = PCURVE('',#2617,#5071);
#5071 = DEFINITIONAL_REPRESENTATION('',(#5072),#5076);
#5072 = LINE('',#5073,#5074);
#5073 = CARTESIAN_POINT('',(2.779538894749,17.65301630091));
#5074 = VECTOR('',#5075,1.);
#5075 = DIRECTION('',(0.987829937528,-0.155537823449));
#5076 = ( GEOMETRIC_REPRESENTATION_CONTEXT(2) 
PARAMETRIC_REPRESENTATION_CONTEXT() REPRESENTATION_CONTEXT('2D SPACE',''
  ) );
#5077 = PCURVE('',#2917,#5078);
#5078 = DEFINITIONAL_REPRESENTATION('',(#5079),#5083);
#5079 = LINE('',#5080,#5081);
#5080 = CARTESIAN_POINT('',(-12.46140999646,3.338539816502));
#5081 = VECTOR('',#5082,1.);
#5082 = DIRECTION('',(-1.732046744938E-02,0.999849989452));
#5083 = ( GEOMETRIC_REPRESENTATION_CONTEXT(2) 
PARAMETRIC_REPRESENTATION_CONTEXT() REPRESENTATION_CONTEXT('2D SPACE',''
  ) );
#5084 = ORIENTED_EDGE('',*,*,#5085,.T.);
#5085 = EDGE_CURVE('',#5063,#4945,#5086,.T.);
#5086 = SURFACE_CURVE('',#5087,(#5091,#5098),.PCURVE_S1.);
#5087 = LINE('',#5088,#5089);
#5088 = CARTESIAN_POINT('',(12.588610966878,-0.224546136689,
    5.803665787857));
#5089 = VECTOR('',#5090,1.);
#5090 = DIRECTION('',(1.685790208902E-02,0.999705612271,
    -1.74499263713E-02));
#5091 = PCURVE('',#2617,#5092);
#5092 = DEFINITIONAL_REPRESENTATION('',(#5093),#5097);
#5093 = LINE('',#5094,#5095);
#5094 = CARTESIAN_POINT('',(10.25801550297,17.284287217092));
#5095 = VECTOR('',#5096,1.);
#5096 = DIRECTION('',(0.999847734919,-1.745012828135E-02));
#5097 = ( GEOMETRIC_REPRESENTATION_CONTEXT(2) 
PARAMETRIC_REPRESENTATION_CONTEXT() REPRESENTATION_CONTEXT('2D SPACE',''
  ) );
#5098 = PCURVE('',#4885,#5099);
#5099 = DEFINITIONAL_REPRESENTATION('',(#5100),#5104);
#5100 = LINE('',#5101,#5102);
#5101 = CARTESIAN_POINT('',(-0.212248329435,12.588646372806));
#5102 = VECTOR('',#5103,1.);
#5103 = DIRECTION('',(0.999857895472,1.685790208902E-02));
#5104 = ( GEOMETRIC_REPRESENTATION_CONTEXT(2) 
PARAMETRIC_REPRESENTATION_CONTEXT() REPRESENTATION_CONTEXT('2D SPACE',''
  ) );
#5105 = ORIENTED_EDGE('',*,*,#5037,.T.);
#5106 = ORIENTED_EDGE('',*,*,#2603,.F.);
#5107 = ADVANCED_FACE('',(#5108),#4885,.T.);
#5108 = FACE_BOUND('',#5109,.T.);
#5109 = EDGE_LOOP('',(#5110,#5111,#5132,#5133));
#5110 = ORIENTED_EDGE('',*,*,#5085,.F.);
#5111 = ORIENTED_EDGE('',*,*,#5112,.T.);
#5112 = EDGE_CURVE('',#5063,#4870,#5113,.T.);
#5113 = SURFACE_CURVE('',#5114,(#5118,#5125),.PCURVE_S1.);
#5114 = LINE('',#5115,#5116);
#5115 = CARTESIAN_POINT('',(-3.540592832773E-05,-6.000725259794,
    5.904489369488));
#5116 = VECTOR('',#5117,1.);
#5117 = DIRECTION('',(-1.,-0.,-0.));
#5118 = PCURVE('',#4885,#5119);
#5119 = DEFINITIONAL_REPRESENTATION('',(#5120),#5124);
#5120 = LINE('',#5121,#5122);
#5121 = CARTESIAN_POINT('',(-5.989307326607,0.));
#5122 = VECTOR('',#5123,1.);
#5123 = DIRECTION('',(0.,-1.));
#5124 = ( GEOMETRIC_REPRESENTATION_CONTEXT(2) 
PARAMETRIC_REPRESENTATION_CONTEXT() REPRESENTATION_CONTEXT('2D SPACE',''
  ) );
#5125 = PCURVE('',#2917,#5126);
#5126 = DEFINITIONAL_REPRESENTATION('',(#5127),#5131);
#5127 = LINE('',#5128,#5129);
#5128 = CARTESIAN_POINT('',(0.,5.060719934231));
#5129 = VECTOR('',#5130,1.);
#5130 = DIRECTION('',(1.,0.));
#5131 = ( GEOMETRIC_REPRESENTATION_CONTEXT(2) 
PARAMETRIC_REPRESENTATION_CONTEXT() REPRESENTATION_CONTEXT('2D SPACE',''
  ) );
#5132 = ORIENTED_EDGE('',*,*,#4867,.F.);
#5133 = ORIENTED_EDGE('',*,*,#4944,.F.);
#5134 = ADVANCED_FACE('',(#5135),#3255,.T.);
#5135 = FACE_BOUND('',#5136,.T.);
#5136 = EDGE_LOOP('',(#5137,#5138,#5159,#5160));
#5137 = ORIENTED_EDGE('',*,*,#3239,.F.);
#5138 = ORIENTED_EDGE('',*,*,#5139,.T.);
#5139 = EDGE_CURVE('',#3217,#3410,#5140,.T.);
#5140 = SURFACE_CURVE('',#5141,(#5145,#5152),.PCURVE_S1.);
#5141 = LINE('',#5142,#5143);
#5142 = CARTESIAN_POINT('',(12.499652094072,-6.000725259794,
    -5.904489503446));
#5143 = VECTOR('',#5144,1.);
#5144 = DIRECTION('',(1.,0.,0.));
#5145 = PCURVE('',#3255,#5146);
#5146 = DEFINITIONAL_REPRESENTATION('',(#5147),#5151);
#5147 = LINE('',#5148,#5149);
#5148 = CARTESIAN_POINT('',(5.989307326607,7.4998125));
#5149 = VECTOR('',#5150,1.);
#5150 = DIRECTION('',(0.,1.));
#5151 = ( GEOMETRIC_REPRESENTATION_CONTEXT(2) 
PARAMETRIC_REPRESENTATION_CONTEXT() REPRESENTATION_CONTEXT('2D SPACE',''
  ) );
#5152 = PCURVE('',#3176,#5153);
#5153 = DEFINITIONAL_REPRESENTATION('',(#5154),#5158);
#5154 = LINE('',#5155,#5156);
#5155 = CARTESIAN_POINT('',(12.4996875,5.060719934231));
#5156 = VECTOR('',#5157,1.);
#5157 = DIRECTION('',(1.,0.));
#5158 = ( GEOMETRIC_REPRESENTATION_CONTEXT(2) 
PARAMETRIC_REPRESENTATION_CONTEXT() REPRESENTATION_CONTEXT('2D SPACE',''
  ) );
#5159 = ORIENTED_EDGE('',*,*,#3409,.F.);
#5160 = ORIENTED_EDGE('',*,*,#3293,.F.);
#5161 = ADVANCED_FACE('',(#5162),#2917,.T.);
#5162 = FACE_BOUND('',#5163,.T.);
#5163 = EDGE_LOOP('',(#5164,#5165,#5166,#5167));
#5164 = ORIENTED_EDGE('',*,*,#4897,.F.);
#5165 = ORIENTED_EDGE('',*,*,#5112,.F.);
#5166 = ORIENTED_EDGE('',*,*,#5062,.F.);
#5167 = ORIENTED_EDGE('',*,*,#2901,.F.);
#5168 = ADVANCED_FACE('',(#5169),#3176,.T.);
#5169 = FACE_BOUND('',#5170,.T.);
#5170 = EDGE_LOOP('',(#5171,#5172,#5173,#5174));
#5171 = ORIENTED_EDGE('',*,*,#3432,.F.);
#5172 = ORIENTED_EDGE('',*,*,#5139,.F.);
#5173 = ORIENTED_EDGE('',*,*,#3216,.F.);
#5174 = ORIENTED_EDGE('',*,*,#3160,.F.);
#5175 = ADVANCED_FACE('',(#5176),#709,.F.);
#5176 = FACE_BOUND('',#5177,.T.);
#5177 = EDGE_LOOP('',(#5178,#5199,#5200,#5221));
#5178 = ORIENTED_EDGE('',*,*,#5179,.T.);
#5179 = EDGE_CURVE('',#3828,#694,#5180,.T.);
#5180 = SURFACE_CURVE('',#5181,(#5185,#5192),.PCURVE_S1.);
#5181 = LINE('',#5182,#5183);
#5182 = CARTESIAN_POINT('',(12.749645844072,-1.137546141359E-04,
    4.641782970124));
#5183 = VECTOR('',#5184,1.);
#5184 = DIRECTION('',(1.744974916068E-02,0.999695459882,
    -1.744974916068E-02));
#5185 = PCURVE('',#709,#5186);
#5186 = DEFINITIONAL_REPRESENTATION('',(#5187),#5191);
#5187 = LINE('',#5188,#5189);
#5188 = CARTESIAN_POINT('',(3.649835531478E-19,3.4999125));
#5189 = VECTOR('',#5190,1.);
#5190 = DIRECTION('',(0.999847741536,1.744974916068E-02));
#5191 = ( GEOMETRIC_REPRESENTATION_CONTEXT(2) 
PARAMETRIC_REPRESENTATION_CONTEXT() REPRESENTATION_CONTEXT('2D SPACE',''
  ) );
#5192 = PCURVE('',#737,#5193);
#5193 = DEFINITIONAL_REPRESENTATION('',(#5194),#5198);
#5194 = LINE('',#5195,#5196);
#5195 = CARTESIAN_POINT('',(0.,0.));
#5196 = VECTOR('',#5197,1.);
#5197 = DIRECTION('',(0.999847741536,-1.744974916068E-02));
#5198 = ( GEOMETRIC_REPRESENTATION_CONTEXT(2) 
PARAMETRIC_REPRESENTATION_CONTEXT() REPRESENTATION_CONTEXT('2D SPACE',''
  ) );
#5199 = ORIENTED_EDGE('',*,*,#693,.T.);
#5200 = ORIENTED_EDGE('',*,*,#5201,.F.);
#5201 = EDGE_CURVE('',#3851,#664,#5202,.T.);
#5202 = SURFACE_CURVE('',#5203,(#5207,#5214),.PCURVE_S1.);
#5203 = LINE('',#5204,#5205);
#5204 = CARTESIAN_POINT('',(9.249733344072,-1.137546141359E-04,
    4.641782970124));
#5205 = VECTOR('',#5206,1.);
#5206 = DIRECTION('',(-1.744974916068E-02,0.999695459882,
    -1.744974916068E-02));
#5207 = PCURVE('',#709,#5208);
#5208 = DEFINITIONAL_REPRESENTATION('',(#5209),#5213);
#5209 = LINE('',#5210,#5211);
#5210 = CARTESIAN_POINT('',(0.,0.));
#5211 = VECTOR('',#5212,1.);
#5212 = DIRECTION('',(0.999847741536,-1.744974916068E-02));
#5213 = ( GEOMETRIC_REPRESENTATION_CONTEXT(2) 
PARAMETRIC_REPRESENTATION_CONTEXT() REPRESENTATION_CONTEXT('2D SPACE',''
  ) );
#5214 = PCURVE('',#681,#5215);
#5215 = DEFINITIONAL_REPRESENTATION('',(#5216),#5220);
#5216 = LINE('',#5217,#5218);
#5217 = CARTESIAN_POINT('',(0.,0.));
#5218 = VECTOR('',#5219,1.);
#5219 = DIRECTION('',(-0.999847741536,-1.744974916068E-02));
#5220 = ( GEOMETRIC_REPRESENTATION_CONTEXT(2) 
PARAMETRIC_REPRESENTATION_CONTEXT() REPRESENTATION_CONTEXT('2D SPACE',''
  ) );
#5221 = ORIENTED_EDGE('',*,*,#3850,.F.);
#5222 = ADVANCED_FACE('',(#5223),#681,.F.);
#5223 = FACE_BOUND('',#5224,.T.);
#5224 = EDGE_LOOP('',(#5225,#5226,#5227,#5248,#5249,#5250));
#5225 = ORIENTED_EDGE('',*,*,#5201,.T.);
#5226 = ORIENTED_EDGE('',*,*,#663,.T.);
#5227 = ORIENTED_EDGE('',*,*,#5228,.F.);
#5228 = EDGE_CURVE('',#4970,#666,#5229,.T.);
#5229 = SURFACE_CURVE('',#5230,(#5234,#5241),.PCURVE_S1.);
#5230 = LINE('',#5231,#5232);
#5231 = CARTESIAN_POINT('',(9.250403213565,-3.849055219664E-02,
    6.84105810063));
#5232 = VECTOR('',#5233,1.);
#5233 = DIRECTION('',(-1.744974916068E-02,0.999695459882,
    1.744974916068E-02));
#5234 = PCURVE('',#681,#5235);
#5235 = DEFINITIONAL_REPRESENTATION('',(#5236),#5240);
#5236 = LINE('',#5237,#5238);
#5237 = CARTESIAN_POINT('',(3.838264344501E-02,2.199275130506));
#5238 = VECTOR('',#5239,1.);
#5239 = DIRECTION('',(-0.999847741536,1.744974916068E-02));
#5240 = ( GEOMETRIC_REPRESENTATION_CONTEXT(2) 
PARAMETRIC_REPRESENTATION_CONTEXT() REPRESENTATION_CONTEXT('2D SPACE',''
  ) );
#5241 = PCURVE('',#763,#5242);
#5242 = DEFINITIONAL_REPRESENTATION('',(#5243),#5247);
#5243 = LINE('',#5244,#5245);
#5244 = CARTESIAN_POINT('',(3.838264344501E-02,6.698694935388E-04));
#5245 = VECTOR('',#5246,1.);
#5246 = DIRECTION('',(-0.999847741536,-1.744974916068E-02));
#5247 = ( GEOMETRIC_REPRESENTATION_CONTEXT(2) 
PARAMETRIC_REPRESENTATION_CONTEXT() REPRESENTATION_CONTEXT('2D SPACE',''
  ) );
#5248 = ORIENTED_EDGE('',*,*,#4969,.T.);
#5249 = ORIENTED_EDGE('',*,*,#2008,.F.);
#5250 = ORIENTED_EDGE('',*,*,#3873,.F.);
#5251 = ADVANCED_FACE('',(#5252),#737,.F.);
#5252 = FACE_BOUND('',#5253,.T.);
#5253 = EDGE_LOOP('',(#5254,#5255,#5256,#5277,#5278,#5279));
#5254 = ORIENTED_EDGE('',*,*,#2431,.F.);
#5255 = ORIENTED_EDGE('',*,*,#5015,.T.);
#5256 = ORIENTED_EDGE('',*,*,#5257,.T.);
#5257 = EDGE_CURVE('',#4993,#722,#5258,.T.);
#5258 = SURFACE_CURVE('',#5259,(#5263,#5270),.PCURVE_S1.);
#5259 = LINE('',#5260,#5261);
#5260 = CARTESIAN_POINT('',(12.748580142605,-6.116775076812E-02,
    6.840662268657));
#5261 = VECTOR('',#5262,1.);
#5262 = DIRECTION('',(1.744974916068E-02,0.999695459882,
    1.744974916068E-02));
#5263 = PCURVE('',#737,#5264);
#5264 = DEFINITIONAL_REPRESENTATION('',(#5265),#5269);
#5265 = LINE('',#5266,#5267);
#5266 = CARTESIAN_POINT('',(-6.106329638979E-02,2.198879298533));
#5267 = VECTOR('',#5268,1.);
#5268 = DIRECTION('',(0.999847741536,1.744974916068E-02));
#5269 = ( GEOMETRIC_REPRESENTATION_CONTEXT(2) 
PARAMETRIC_REPRESENTATION_CONTEXT() REPRESENTATION_CONTEXT('2D SPACE',''
  ) );
#5270 = PCURVE('',#763,#5271);
#5271 = DEFINITIONAL_REPRESENTATION('',(#5272),#5276);
#5272 = LINE('',#5273,#5274);
#5273 = CARTESIAN_POINT('',(6.106329638979E-02,3.498846798533));
#5274 = VECTOR('',#5275,1.);
#5275 = DIRECTION('',(-0.999847741536,1.744974916068E-02));
#5276 = ( GEOMETRIC_REPRESENTATION_CONTEXT(2) 
PARAMETRIC_REPRESENTATION_CONTEXT() REPRESENTATION_CONTEXT('2D SPACE',''
  ) );
#5277 = ORIENTED_EDGE('',*,*,#721,.T.);
#5278 = ORIENTED_EDGE('',*,*,#5179,.F.);
#5279 = ORIENTED_EDGE('',*,*,#3827,.F.);
#5280 = ADVANCED_FACE('',(#5281),#763,.F.);
#5281 = FACE_BOUND('',#5282,.T.);
#5282 = EDGE_LOOP('',(#5283,#5284,#5285,#5286));
#5283 = ORIENTED_EDGE('',*,*,#4992,.T.);
#5284 = ORIENTED_EDGE('',*,*,#5228,.T.);
#5285 = ORIENTED_EDGE('',*,*,#749,.T.);
#5286 = ORIENTED_EDGE('',*,*,#5257,.F.);
#5287 = ADVANCED_FACE('',(#5288),#795,.F.);
#5288 = FACE_BOUND('',#5289,.T.);
#5289 = EDGE_LOOP('',(#5290,#5311,#5312,#5333));
#5290 = ORIENTED_EDGE('',*,*,#5291,.T.);
#5291 = EDGE_CURVE('',#3758,#778,#5292,.T.);
#5292 = SURFACE_CURVE('',#5293,(#5297,#5304),.PCURVE_S1.);
#5293 = LINE('',#5294,#5295);
#5294 = CARTESIAN_POINT('',(9.249733344072,-1.137546141359E-04,
    -4.641783104081));
#5295 = VECTOR('',#5296,1.);
#5296 = DIRECTION('',(-3.487826274237E-02,0.998782765959,
    3.487826274237E-02));
#5297 = PCURVE('',#795,#5298);
#5298 = DEFINITIONAL_REPRESENTATION('',(#5299),#5303);
#5299 = LINE('',#5300,#5301);
#5300 = CARTESIAN_POINT('',(0.,0.));
#5301 = VECTOR('',#5302,1.);
#5302 = DIRECTION('',(-0.999391568299,-3.487826274237E-02));
#5303 = ( GEOMETRIC_REPRESENTATION_CONTEXT(2) 
PARAMETRIC_REPRESENTATION_CONTEXT() REPRESENTATION_CONTEXT('2D SPACE',''
  ) );
#5304 = PCURVE('',#823,#5305);
#5305 = DEFINITIONAL_REPRESENTATION('',(#5306),#5310);
#5306 = LINE('',#5307,#5308);
#5307 = CARTESIAN_POINT('',(0.,0.));
#5308 = VECTOR('',#5309,1.);
#5309 = DIRECTION('',(-0.999391568299,3.487826274237E-02));
#5310 = ( GEOMETRIC_REPRESENTATION_CONTEXT(2) 
PARAMETRIC_REPRESENTATION_CONTEXT() REPRESENTATION_CONTEXT('2D SPACE',''
  ) );
#5311 = ORIENTED_EDGE('',*,*,#777,.T.);
#5312 = ORIENTED_EDGE('',*,*,#5313,.F.);
#5313 = EDGE_CURVE('',#3781,#780,#5314,.T.);
#5314 = SURFACE_CURVE('',#5315,(#5319,#5326),.PCURVE_S1.);
#5315 = LINE('',#5316,#5317);
#5316 = CARTESIAN_POINT('',(12.745388224273,-0.122036033549,
    -4.64604072388));
#5317 = VECTOR('',#5318,1.);
#5318 = DIRECTION('',(3.487826274237E-02,0.998782765959,
    3.487826274237E-02));
#5319 = PCURVE('',#795,#5320);
#5320 = DEFINITIONAL_REPRESENTATION('',(#5321),#5325);
#5321 = LINE('',#5322,#5323);
#5322 = CARTESIAN_POINT('',(0.121996595965,3.495654880201));
#5323 = VECTOR('',#5324,1.);
#5324 = DIRECTION('',(-0.999391568299,3.487826274237E-02));
#5325 = ( GEOMETRIC_REPRESENTATION_CONTEXT(2) 
PARAMETRIC_REPRESENTATION_CONTEXT() REPRESENTATION_CONTEXT('2D SPACE',''
  ) );
#5326 = PCURVE('',#877,#5327);
#5327 = DEFINITIONAL_REPRESENTATION('',(#5328),#5332);
#5328 = LINE('',#5329,#5330);
#5329 = CARTESIAN_POINT('',(-0.121996595965,-4.257619798586E-03));
#5330 = VECTOR('',#5331,1.);
#5331 = DIRECTION('',(0.999391568299,3.487826274237E-02));
#5332 = ( GEOMETRIC_REPRESENTATION_CONTEXT(2) 
PARAMETRIC_REPRESENTATION_CONTEXT() REPRESENTATION_CONTEXT('2D SPACE',''
  ) );
#5333 = ORIENTED_EDGE('',*,*,#3780,.F.);
#5334 = ADVANCED_FACE('',(#5335),#823,.F.);
#5335 = FACE_BOUND('',#5336,.T.);
#5336 = EDGE_LOOP('',(#5337,#5338,#5339,#5360,#5361,#5362));
#5337 = ORIENTED_EDGE('',*,*,#1792,.T.);
#5338 = ORIENTED_EDGE('',*,*,#3384,.T.);
#5339 = ORIENTED_EDGE('',*,*,#5340,.T.);
#5340 = EDGE_CURVE('',#3362,#808,#5341,.T.);
#5341 = SURFACE_CURVE('',#5342,(#5346,#5353),.PCURVE_S1.);
#5342 = LINE('',#5343,#5344);
#5343 = CARTESIAN_POINT('',(9.249733344072,-1.137546141359E-04,
    -6.841728104081));
#5344 = VECTOR('',#5345,1.);
#5345 = DIRECTION('',(-3.487826274237E-02,0.998782765959,
    -3.487826274237E-02));
#5346 = PCURVE('',#823,#5347);
#5347 = DEFINITIONAL_REPRESENTATION('',(#5348),#5352);
#5348 = LINE('',#5349,#5350);
#5349 = CARTESIAN_POINT('',(4.58345315239E-18,-2.199945));
#5350 = VECTOR('',#5351,1.);
#5351 = DIRECTION('',(-0.999391568299,-3.487826274237E-02));
#5352 = ( GEOMETRIC_REPRESENTATION_CONTEXT(2) 
PARAMETRIC_REPRESENTATION_CONTEXT() REPRESENTATION_CONTEXT('2D SPACE',''
  ) );
#5353 = PCURVE('',#851,#5354);
#5354 = DEFINITIONAL_REPRESENTATION('',(#5355),#5359);
#5355 = LINE('',#5356,#5357);
#5356 = CARTESIAN_POINT('',(0.,0.));
#5357 = VECTOR('',#5358,1.);
#5358 = DIRECTION('',(0.999391568299,-3.487826274237E-02));
#5359 = ( GEOMETRIC_REPRESENTATION_CONTEXT(2) 
PARAMETRIC_REPRESENTATION_CONTEXT() REPRESENTATION_CONTEXT('2D SPACE',''
  ) );
#5360 = ORIENTED_EDGE('',*,*,#807,.T.);
#5361 = ORIENTED_EDGE('',*,*,#5291,.F.);
#5362 = ORIENTED_EDGE('',*,*,#3757,.F.);
#5363 = ADVANCED_FACE('',(#5364),#877,.F.);
#5364 = FACE_BOUND('',#5365,.T.);
#5365 = EDGE_LOOP('',(#5366,#5367,#5368,#5389,#5390,#5391));
#5366 = ORIENTED_EDGE('',*,*,#5313,.T.);
#5367 = ORIENTED_EDGE('',*,*,#863,.T.);
#5368 = ORIENTED_EDGE('',*,*,#5369,.F.);
#5369 = EDGE_CURVE('',#3339,#836,#5370,.T.);
#5370 = SURFACE_CURVE('',#5371,(#5375,#5382),.PCURVE_S1.);
#5371 = LINE('',#5372,#5373);
#5372 = CARTESIAN_POINT('',(12.746969625913,-7.675061565877E-02,
    -6.839051885922));
#5373 = VECTOR('',#5374,1.);
#5374 = DIRECTION('',(3.487826274237E-02,0.998782765959,
    -3.487826274237E-02));
#5375 = PCURVE('',#877,#5376);
#5376 = DEFINITIONAL_REPRESENTATION('',(#5377),#5381);
#5377 = LINE('',#5378,#5379);
#5378 = CARTESIAN_POINT('',(-7.668357460636E-02,-2.197268781841));
#5379 = VECTOR('',#5380,1.);
#5380 = DIRECTION('',(0.999391568299,-3.487826274237E-02));
#5381 = ( GEOMETRIC_REPRESENTATION_CONTEXT(2) 
PARAMETRIC_REPRESENTATION_CONTEXT() REPRESENTATION_CONTEXT('2D SPACE',''
  ) );
#5382 = PCURVE('',#851,#5383);
#5383 = DEFINITIONAL_REPRESENTATION('',(#5384),#5388);
#5384 = LINE('',#5385,#5386);
#5385 = CARTESIAN_POINT('',(-7.668357460636E-02,3.497236281841));
#5386 = VECTOR('',#5387,1.);
#5387 = DIRECTION('',(0.999391568299,3.487826274237E-02));
#5388 = ( GEOMETRIC_REPRESENTATION_CONTEXT(2) 
PARAMETRIC_REPRESENTATION_CONTEXT() REPRESENTATION_CONTEXT('2D SPACE',''
  ) );
#5389 = ORIENTED_EDGE('',*,*,#3338,.T.);
#5390 = ORIENTED_EDGE('',*,*,#2170,.T.);
#5391 = ORIENTED_EDGE('',*,*,#3803,.F.);
#5392 = ADVANCED_FACE('',(#5393),#851,.F.);
#5393 = FACE_BOUND('',#5394,.T.);
#5394 = EDGE_LOOP('',(#5395,#5396,#5397,#5398));
#5395 = ORIENTED_EDGE('',*,*,#3361,.T.);
#5396 = ORIENTED_EDGE('',*,*,#5369,.T.);
#5397 = ORIENTED_EDGE('',*,*,#835,.T.);
#5398 = ORIENTED_EDGE('',*,*,#5340,.F.);
#5399 = ADVANCED_FACE('',(#5400),#184,.T.);
#5400 = FACE_BOUND('',#5401,.T.);
#5401 = EDGE_LOOP('',(#5402,#5403));
#5402 = ORIENTED_EDGE('',*,*,#3914,.T.);
#5403 = ORIENTED_EDGE('',*,*,#160,.T.);
#5404 = ( GEOMETRIC_REPRESENTATION_CONTEXT(3) 
GLOBAL_UNCERTAINTY_ASSIGNED_CONTEXT((#5408)) 
GLOBAL_UNIT_ASSIGNED_CONTEXT((#5405,#5406,#5407)) REPRESENTATION_CONTEXT
('Context #1','3D Context with UNIT and UNCERTAINTY') );
#5405 = ( LENGTH_UNIT() NAMED_UNIT(*) SI_UNIT(.MILLI.,.METRE.) );
#5406 = ( NAMED_UNIT(*) PLANE_ANGLE_UNIT() SI_UNIT($,.RADIAN.) );
#5407 = ( NAMED_UNIT(*) SI_UNIT($,.STERADIAN.) SOLID_ANGLE_UNIT() );
#5408 = UNCERTAINTY_MEASURE_WITH_UNIT(LENGTH_MEASURE(1.E-05),#5405,
  'distance_accuracy_value','confusion accuracy');
#5409 = CONTEXT_DEPENDENT_SHAPE_REPRESENTATION(#5410,#5412);
#5410 = ( REPRESENTATION_RELATIONSHIP('','',#32,#10) 
REPRESENTATION_RELATIONSHIP_WITH_TRANSFORMATION(#5411) 
SHAPE_REPRESENTATION_RELATIONSHIP() );
#5411 = ITEM_DEFINED_TRANSFORMATION('','',#11,#15);
#5412 = PRODUCT_DEFINITION_SHAPE('Placement','Placement of an item',
  #5413);
#5413 = NEXT_ASSEMBLY_USAGE_OCCURRENCE('1','NAUO1','',#5,#27,$);
#5414 = PRODUCT_RELATED_PRODUCT_CATEGORY('part',$,(#29));
ENDSEC;
END-ISO-10303-21;
