ISO-10303-21;
HEADER;
FILE_DESCRIPTION(('STEP AP214'),'1');
FILE_NAME('.stp','2025-12-12T08:29:02',(' '),(' '),'Spatial InterOp 3D',' ',' ');
FILE_SCHEMA(('automotive_design'));
ENDSEC;
DATA;
#1=MECHANICAL_DESIGN_GEOMETRIC_PRESENTATION_REPRESENTATION(' ',(#10,#11,#12,#13,#14,#15,#16,#17,#18,#19,#20,#21,#22,#23,#24,#25,#26,#27,#28,#29,#30,#31,#32,#33,#34,#35,#36,#37,#38,#39,#40,#41,#42,#43,#44,#45,#46,#47,#48,#49,#50,#51,#52,#53,#54,#55,#56,#57,#58,#59,#60,#61,#62,#63,#64,#65,#66,#67,#68,#69,#70,#71,#72,#73,#74,#75,#76,#77,#78,#79,#80,#81,#82,#83,#84,#85,#86,#87,#88,#89,#90,#91,#92,#93,#94,#95,#96,#97,#98,#99,#100,#101,#102,#103,#104,#105,#106,#107,#108,#109,#110,#111,#112,#113,#114,#115,#116,#117,#118,#119,#120,#121,#122,#123,#124,#125,#126,#127,#128,#129,#130,#131,#132,#133,#134,#135,#136,#137,#138,#139,#140,#141,#142,#143,#144,#145,#146,#147),#6);
#2=PRODUCT_DEFINITION_CONTEXT('',#148,'design');
#3=APPLICATION_PROTOCOL_DEFINITION('INTERNATIONAL STANDARD','automotive_design',1994,#148);
#4=PRODUCT_CATEGORY_RELATIONSHIP('NONE','NONE',#149,#150);
#5=SHAPE_DEFINITION_REPRESENTATION(#151,#152);
#6= (GEOMETRIC_REPRESENTATION_CONTEXT(3)GLOBAL_UNCERTAINTY_ASSIGNED_CONTEXT((#155))GLOBAL_UNIT_ASSIGNED_CONTEXT((#157,#158,#159))REPRESENTATION_CONTEXT('NONE','WORKSPACE'));
#10=STYLED_ITEM('',(#161),#162);
#11=STYLED_ITEM('',(#163),#164);
#12=STYLED_ITEM('',(#165),#166);
#13=STYLED_ITEM('',(#167),#168);
#14=STYLED_ITEM('',(#169),#170);
#15=STYLED_ITEM('',(#171),#172);
#16=STYLED_ITEM('',(#173),#174);
#17=STYLED_ITEM('',(#175),#176);
#18=STYLED_ITEM('',(#177),#178);
#19=STYLED_ITEM('',(#179),#180);
#20=STYLED_ITEM('',(#181),#182);
#21=STYLED_ITEM('',(#183),#184);
#22=STYLED_ITEM('',(#185),#186);
#23=STYLED_ITEM('',(#187),#188);
#24=STYLED_ITEM('',(#189),#190);
#25=STYLED_ITEM('',(#191),#192);
#26=STYLED_ITEM('',(#193),#194);
#27=STYLED_ITEM('',(#195),#196);
#28=STYLED_ITEM('',(#197),#198);
#29=STYLED_ITEM('',(#199),#200);
#30=STYLED_ITEM('',(#201),#202);
#31=STYLED_ITEM('',(#203),#204);
#32=STYLED_ITEM('',(#205),#206);
#33=STYLED_ITEM('',(#207),#208);
#34=STYLED_ITEM('',(#209),#210);
#35=STYLED_ITEM('',(#211),#212);
#36=STYLED_ITEM('',(#213),#214);
#37=STYLED_ITEM('',(#215),#216);
#38=STYLED_ITEM('',(#217),#218);
#39=STYLED_ITEM('',(#219),#220);
#40=STYLED_ITEM('',(#221),#222);
#41=STYLED_ITEM('',(#223),#224);
#42=STYLED_ITEM('',(#225),#226);
#43=STYLED_ITEM('',(#227),#228);
#44=STYLED_ITEM('',(#229),#230);
#45=STYLED_ITEM('',(#231),#232);
#46=STYLED_ITEM('',(#233),#234);
#47=STYLED_ITEM('',(#235),#236);
#48=STYLED_ITEM('',(#237),#238);
#49=STYLED_ITEM('',(#239),#240);
#50=STYLED_ITEM('',(#241),#242);
#51=STYLED_ITEM('',(#243),#244);
#52=STYLED_ITEM('',(#245),#246);
#53=STYLED_ITEM('',(#247),#248);
#54=STYLED_ITEM('',(#249),#250);
#55=STYLED_ITEM('',(#251),#252);
#56=STYLED_ITEM('',(#253),#254);
#57=STYLED_ITEM('',(#255),#256);
#58=STYLED_ITEM('',(#257),#258);
#59=STYLED_ITEM('',(#259),#260);
#60=STYLED_ITEM('',(#261),#262);
#61=STYLED_ITEM('',(#263),#264);
#62=STYLED_ITEM('',(#265),#266);
#63=STYLED_ITEM('',(#267),#268);
#64=STYLED_ITEM('',(#269),#270);
#65=STYLED_ITEM('',(#271),#272);
#66=STYLED_ITEM('',(#273),#274);
#67=STYLED_ITEM('',(#275),#276);
#68=STYLED_ITEM('',(#277),#278);
#69=STYLED_ITEM('',(#279),#280);
#70=STYLED_ITEM('',(#281),#282);
#71=STYLED_ITEM('',(#283),#284);
#72=STYLED_ITEM('',(#285),#286);
#73=STYLED_ITEM('',(#287),#288);
#74=STYLED_ITEM('',(#289),#290);
#75=STYLED_ITEM('',(#291),#292);
#76=STYLED_ITEM('',(#293),#294);
#77=STYLED_ITEM('',(#295),#296);
#78=STYLED_ITEM('',(#297),#298);
#79=STYLED_ITEM('',(#299),#300);
#80=STYLED_ITEM('',(#301),#302);
#81=STYLED_ITEM('',(#303),#304);
#82=STYLED_ITEM('',(#305),#306);
#83=STYLED_ITEM('',(#307),#308);
#84=STYLED_ITEM('',(#309),#310);
#85=STYLED_ITEM('',(#311),#312);
#86=STYLED_ITEM('',(#313),#314);
#87=STYLED_ITEM('',(#315),#316);
#88=STYLED_ITEM('',(#317),#318);
#89=STYLED_ITEM('',(#319),#320);
#90=STYLED_ITEM('',(#321),#322);
#91=STYLED_ITEM('',(#323),#324);
#92=STYLED_ITEM('',(#325),#326);
#93=STYLED_ITEM('',(#327),#328);
#94=STYLED_ITEM('',(#329),#330);
#95=STYLED_ITEM('',(#331),#332);
#96=STYLED_ITEM('',(#333),#334);
#97=STYLED_ITEM('',(#335),#336);
#98=STYLED_ITEM('',(#337),#338);
#99=STYLED_ITEM('',(#339),#340);
#100=STYLED_ITEM('',(#341),#342);
#101=STYLED_ITEM('',(#343),#344);
#102=STYLED_ITEM('',(#345),#346);
#103=STYLED_ITEM('',(#347),#348);
#104=STYLED_ITEM('',(#349),#350);
#105=STYLED_ITEM('',(#351),#352);
#106=STYLED_ITEM('',(#353),#354);
#107=STYLED_ITEM('',(#355),#356);
#108=STYLED_ITEM('',(#357),#358);
#109=STYLED_ITEM('',(#359),#360);
#110=STYLED_ITEM('',(#361),#362);
#111=STYLED_ITEM('',(#363),#364);
#112=STYLED_ITEM('',(#365),#366);
#113=STYLED_ITEM('',(#367),#368);
#114=STYLED_ITEM('',(#369),#370);
#115=STYLED_ITEM('',(#371),#372);
#116=STYLED_ITEM('',(#373),#374);
#117=STYLED_ITEM('',(#375),#376);
#118=STYLED_ITEM('',(#377),#378);
#119=STYLED_ITEM('',(#379),#380);
#120=STYLED_ITEM('',(#381),#382);
#121=STYLED_ITEM('',(#383),#384);
#122=STYLED_ITEM('',(#385),#386);
#123=STYLED_ITEM('',(#387),#388);
#124=STYLED_ITEM('',(#389),#390);
#125=STYLED_ITEM('',(#391),#392);
#126=STYLED_ITEM('',(#393),#394);
#127=STYLED_ITEM('',(#395),#396);
#128=STYLED_ITEM('',(#397),#398);
#129=STYLED_ITEM('',(#399),#400);
#130=STYLED_ITEM('',(#401),#402);
#131=STYLED_ITEM('',(#403),#404);
#132=STYLED_ITEM('',(#405),#406);
#133=STYLED_ITEM('',(#407),#408);
#134=STYLED_ITEM('',(#409),#410);
#135=STYLED_ITEM('',(#411),#412);
#136=STYLED_ITEM('',(#413),#414);
#137=STYLED_ITEM('',(#415),#416);
#138=STYLED_ITEM('',(#417),#418);
#139=STYLED_ITEM('',(#419),#420);
#140=STYLED_ITEM('',(#421),#422);
#141=STYLED_ITEM('',(#423),#424);
#142=STYLED_ITEM('',(#425),#426);
#143=STYLED_ITEM('',(#427),#428);
#144=STYLED_ITEM('',(#429),#430);
#145=STYLED_ITEM('',(#431),#432);
#146=STYLED_ITEM('',(#433),#434);
#147=STYLED_ITEM('',(#435),#436);
#148=APPLICATION_CONTEXT(' ');
#149=PRODUCT_CATEGORY('part','NONE');
#150=PRODUCT_RELATED_PRODUCT_CATEGORY('detail',' ',(#437));
#151=PRODUCT_DEFINITION_SHAPE('NONE','NONE',#438);
#152=ADVANCED_BREP_SHAPE_REPRESENTATION('1',(#439,#440),#6);
#155=UNCERTAINTY_MEASURE_WITH_UNIT(LENGTH_MEASURE(1.0E-006),#157,'','');
#157= (CONVERSION_BASED_UNIT('METRE',#443)LENGTH_UNIT()NAMED_UNIT(#446));
#158= (NAMED_UNIT(#448)PLANE_ANGLE_UNIT()SI_UNIT($,.RADIAN.));
#159= (NAMED_UNIT(#448)SOLID_ANGLE_UNIT()SI_UNIT($,.STERADIAN.));
#161=PRESENTATION_STYLE_ASSIGNMENT((#454));
#162=ADVANCED_FACE('',(#455,#456),#457,.T.);
#163=PRESENTATION_STYLE_ASSIGNMENT((#458));
#164=ADVANCED_FACE('',(#459,#460),#461,.T.);
#165=PRESENTATION_STYLE_ASSIGNMENT((#462));
#166=ADVANCED_FACE('',(#463,#464),#465,.T.);
#167=PRESENTATION_STYLE_ASSIGNMENT((#466));
#168=ADVANCED_FACE('',(#467,#468),#469,.F.);
#169=PRESENTATION_STYLE_ASSIGNMENT((#470));
#170=ADVANCED_FACE('',(#471),#472,.T.);
#171=PRESENTATION_STYLE_ASSIGNMENT((#473));
#172=ADVANCED_FACE('',(#474),#475,.F.);
#173=PRESENTATION_STYLE_ASSIGNMENT((#476));
#174=ADVANCED_FACE('',(#477),#478,.F.);
#175=PRESENTATION_STYLE_ASSIGNMENT((#479));
#176=ADVANCED_FACE('',(#480,#481),#482,.F.);
#177=PRESENTATION_STYLE_ASSIGNMENT((#483));
#178=ADVANCED_FACE('',(#484),#485,.T.);
#179=PRESENTATION_STYLE_ASSIGNMENT((#486));
#180=ADVANCED_FACE('',(#487),#488,.F.);
#181=PRESENTATION_STYLE_ASSIGNMENT((#489));
#182=ADVANCED_FACE('',(#490),#491,.F.);
#183=PRESENTATION_STYLE_ASSIGNMENT((#492));
#184=ADVANCED_FACE('',(#493,#494),#495,.F.);
#185=PRESENTATION_STYLE_ASSIGNMENT((#496));
#186=ADVANCED_FACE('',(#497,#498),#499,.F.);
#187=PRESENTATION_STYLE_ASSIGNMENT((#500));
#188=ADVANCED_FACE('',(#501),#502,.F.);
#189=PRESENTATION_STYLE_ASSIGNMENT((#503));
#190=ADVANCED_FACE('',(#504,#505),#506,.F.);
#191=PRESENTATION_STYLE_ASSIGNMENT((#507));
#192=ADVANCED_FACE('',(#508,#509),#510,.T.);
#193=PRESENTATION_STYLE_ASSIGNMENT((#511));
#194=ADVANCED_FACE('',(#512),#513,.F.);
#195=PRESENTATION_STYLE_ASSIGNMENT((#514));
#196=ADVANCED_FACE('',(#515),#516,.F.);
#197=PRESENTATION_STYLE_ASSIGNMENT((#517));
#198=ADVANCED_FACE('',(#518),#519,.F.);
#199=PRESENTATION_STYLE_ASSIGNMENT((#520));
#200=ADVANCED_FACE('',(#521),#522,.F.);
#201=PRESENTATION_STYLE_ASSIGNMENT((#523));
#202=ADVANCED_FACE('',(#524),#525,.F.);
#203=PRESENTATION_STYLE_ASSIGNMENT((#526));
#204=ADVANCED_FACE('',(#527),#528,.F.);
#205=PRESENTATION_STYLE_ASSIGNMENT((#529));
#206=ADVANCED_FACE('',(#530,#531,#532),#533,.T.);
#207=PRESENTATION_STYLE_ASSIGNMENT((#534));
#208=ADVANCED_FACE('',(#535,#536),#537,.F.);
#209=PRESENTATION_STYLE_ASSIGNMENT((#538));
#210=ADVANCED_FACE('',(#539,#540,#541),#542,.T.);
#211=PRESENTATION_STYLE_ASSIGNMENT((#543));
#212=ADVANCED_FACE('',(#544),#545,.F.);
#213=PRESENTATION_STYLE_ASSIGNMENT((#546));
#214=ADVANCED_FACE('',(#547),#548,.F.);
#215=PRESENTATION_STYLE_ASSIGNMENT((#549));
#216=ADVANCED_FACE('',(#550),#551,.F.);
#217=PRESENTATION_STYLE_ASSIGNMENT((#552));
#218=ADVANCED_FACE('',(#553),#554,.F.);
#219=PRESENTATION_STYLE_ASSIGNMENT((#555));
#220=ADVANCED_FACE('',(#556),#557,.T.);
#221=PRESENTATION_STYLE_ASSIGNMENT((#558));
#222=ADVANCED_FACE('',(#559),#560,.F.);
#223=PRESENTATION_STYLE_ASSIGNMENT((#561));
#224=ADVANCED_FACE('',(#562,#563),#564,.T.);
#225=PRESENTATION_STYLE_ASSIGNMENT((#565));
#226=ADVANCED_FACE('',(#566,#567),#568,.F.);
#227=PRESENTATION_STYLE_ASSIGNMENT((#569));
#228=ADVANCED_FACE('',(#570),#571,.F.);
#229=PRESENTATION_STYLE_ASSIGNMENT((#572));
#230=ADVANCED_FACE('',(#573,#574),#575,.T.);
#231=PRESENTATION_STYLE_ASSIGNMENT((#576));
#232=ADVANCED_FACE('',(#577,#578),#579,.F.);
#233=PRESENTATION_STYLE_ASSIGNMENT((#580));
#234=ADVANCED_FACE('',(#581,#582,#583,#584,#585,#586,#587,#588,#589,#590,#591,#592,#593,#594,#595,#596,#597,#598,#599),#600,.T.);
#235=PRESENTATION_STYLE_ASSIGNMENT((#601));
#236=ADVANCED_FACE('',(#602,#603),#604,.F.);
#237=PRESENTATION_STYLE_ASSIGNMENT((#605));
#238=ADVANCED_FACE('',(#606,#607),#608,.F.);
#239=PRESENTATION_STYLE_ASSIGNMENT((#609));
#240=ADVANCED_FACE('',(#610),#611,.F.);
#241=PRESENTATION_STYLE_ASSIGNMENT((#612));
#242=ADVANCED_FACE('',(#613),#614,.F.);
#243=PRESENTATION_STYLE_ASSIGNMENT((#615));
#244=ADVANCED_FACE('',(#616,#617),#618,.T.);
#245=PRESENTATION_STYLE_ASSIGNMENT((#619));
#246=ADVANCED_FACE('',(#620,#621),#622,.T.);
#247=PRESENTATION_STYLE_ASSIGNMENT((#623));
#248=ADVANCED_FACE('',(#624,#625),#626,.F.);
#249=PRESENTATION_STYLE_ASSIGNMENT((#627));
#250=ADVANCED_FACE('',(#628,#629),#630,.F.);
#251=PRESENTATION_STYLE_ASSIGNMENT((#631));
#252=ADVANCED_FACE('',(#632),#633,.F.);
#253=PRESENTATION_STYLE_ASSIGNMENT((#634));
#254=ADVANCED_FACE('',(#635),#636,.F.);
#255=PRESENTATION_STYLE_ASSIGNMENT((#637));
#256=ADVANCED_FACE('',(#638,#639),#640,.F.);
#257=PRESENTATION_STYLE_ASSIGNMENT((#641));
#258=ADVANCED_FACE('',(#642),#643,.F.);
#259=PRESENTATION_STYLE_ASSIGNMENT((#644));
#260=ADVANCED_FACE('',(#645),#646,.F.);
#261=PRESENTATION_STYLE_ASSIGNMENT((#647));
#262=ADVANCED_FACE('',(#648,#649),#650,.F.);
#263=PRESENTATION_STYLE_ASSIGNMENT((#651));
#264=ADVANCED_FACE('',(#652,#653),#654,.F.);
#265=PRESENTATION_STYLE_ASSIGNMENT((#655));
#266=ADVANCED_FACE('',(#656,#657),#658,.T.);
#267=PRESENTATION_STYLE_ASSIGNMENT((#659));
#268=ADVANCED_FACE('',(#660,#661),#662,.F.);
#269=PRESENTATION_STYLE_ASSIGNMENT((#663));
#270=ADVANCED_FACE('',(#664,#665,#666),#667,.T.);
#271=PRESENTATION_STYLE_ASSIGNMENT((#668));
#272=ADVANCED_FACE('',(#669,#670),#671,.F.);
#273=PRESENTATION_STYLE_ASSIGNMENT((#672));
#274=ADVANCED_FACE('',(#673),#674,.F.);
#275=PRESENTATION_STYLE_ASSIGNMENT((#675));
#276=ADVANCED_FACE('',(#676),#677,.F.);
#277=PRESENTATION_STYLE_ASSIGNMENT((#678));
#278=ADVANCED_FACE('',(#679,#680),#681,.F.);
#279=PRESENTATION_STYLE_ASSIGNMENT((#682));
#280=ADVANCED_FACE('',(#683,#684),#685,.F.);
#281=PRESENTATION_STYLE_ASSIGNMENT((#686));
#282=ADVANCED_FACE('',(#687,#688),#689,.F.);
#283=PRESENTATION_STYLE_ASSIGNMENT((#690));
#284=ADVANCED_FACE('',(#691),#692,.T.);
#285=PRESENTATION_STYLE_ASSIGNMENT((#693));
#286=ADVANCED_FACE('',(#694,#695),#696,.F.);
#287=PRESENTATION_STYLE_ASSIGNMENT((#697));
#288=ADVANCED_FACE('',(#698,#699),#700,.T.);
#289=PRESENTATION_STYLE_ASSIGNMENT((#701));
#290=ADVANCED_FACE('',(#702),#703,.F.);
#291=PRESENTATION_STYLE_ASSIGNMENT((#704));
#292=ADVANCED_FACE('',(#705,#706),#707,.F.);
#293=PRESENTATION_STYLE_ASSIGNMENT((#708));
#294=ADVANCED_FACE('',(#709,#710),#711,.F.);
#295=PRESENTATION_STYLE_ASSIGNMENT((#712));
#296=ADVANCED_FACE('',(#713,#714,#715,#716,#717,#718,#719,#720,#721,#722,#723,#724,#725,#726,#727,#728,#729,#730,#731),#732,.F.);
#297=PRESENTATION_STYLE_ASSIGNMENT((#733));
#298=ADVANCED_FACE('',(#734,#735),#736,.F.);
#299=PRESENTATION_STYLE_ASSIGNMENT((#737));
#300=ADVANCED_FACE('',(#738),#739,.F.);
#301=PRESENTATION_STYLE_ASSIGNMENT((#740));
#302=ADVANCED_FACE('',(#741),#742,.F.);
#303=PRESENTATION_STYLE_ASSIGNMENT((#743));
#304=ADVANCED_FACE('',(#744),#745,.F.);
#305=PRESENTATION_STYLE_ASSIGNMENT((#746));
#306=ADVANCED_FACE('',(#747),#748,.F.);
#307=PRESENTATION_STYLE_ASSIGNMENT((#749));
#308=ADVANCED_FACE('',(#750),#751,.F.);
#309=PRESENTATION_STYLE_ASSIGNMENT((#752));
#310=ADVANCED_FACE('',(#753),#754,.F.);
#311=PRESENTATION_STYLE_ASSIGNMENT((#755));
#312=ADVANCED_FACE('',(#756),#757,.F.);
#313=PRESENTATION_STYLE_ASSIGNMENT((#758));
#314=ADVANCED_FACE('',(#759),#760,.F.);
#315=PRESENTATION_STYLE_ASSIGNMENT((#761));
#316=ADVANCED_FACE('',(#762),#763,.F.);
#317=PRESENTATION_STYLE_ASSIGNMENT((#764));
#318=ADVANCED_FACE('',(#765),#766,.F.);
#319=PRESENTATION_STYLE_ASSIGNMENT((#767));
#320=ADVANCED_FACE('',(#768),#769,.F.);
#321=PRESENTATION_STYLE_ASSIGNMENT((#770));
#322=ADVANCED_FACE('',(#771),#772,.F.);
#323=PRESENTATION_STYLE_ASSIGNMENT((#773));
#324=ADVANCED_FACE('',(#774),#775,.F.);
#325=PRESENTATION_STYLE_ASSIGNMENT((#776));
#326=ADVANCED_FACE('',(#777),#778,.T.);
#327=PRESENTATION_STYLE_ASSIGNMENT((#779));
#328=ADVANCED_FACE('',(#780),#781,.F.);
#329=PRESENTATION_STYLE_ASSIGNMENT((#782));
#330=ADVANCED_FACE('',(#783),#784,.F.);
#331=PRESENTATION_STYLE_ASSIGNMENT((#785));
#332=ADVANCED_FACE('',(#786,#787),#788,.T.);
#333=PRESENTATION_STYLE_ASSIGNMENT((#789));
#334=ADVANCED_FACE('',(#790,#791),#792,.T.);
#335=PRESENTATION_STYLE_ASSIGNMENT((#793));
#336=ADVANCED_FACE('',(#794),#795,.F.);
#337=PRESENTATION_STYLE_ASSIGNMENT((#796));
#338=ADVANCED_FACE('',(#797),#798,.F.);
#339=PRESENTATION_STYLE_ASSIGNMENT((#799));
#340=ADVANCED_FACE('',(#800,#801),#802,.F.);
#341=PRESENTATION_STYLE_ASSIGNMENT((#803));
#342=ADVANCED_FACE('',(#804,#805),#806,.T.);
#343=PRESENTATION_STYLE_ASSIGNMENT((#807));
#344=ADVANCED_FACE('',(#808,#809),#810,.T.);
#345=PRESENTATION_STYLE_ASSIGNMENT((#811));
#346=ADVANCED_FACE('',(#812,#813),#814,.T.);
#347=PRESENTATION_STYLE_ASSIGNMENT((#815));
#348=ADVANCED_FACE('',(#816,#817),#818,.F.);
#349=PRESENTATION_STYLE_ASSIGNMENT((#819));
#350=ADVANCED_FACE('',(#820,#821),#822,.T.);
#351=PRESENTATION_STYLE_ASSIGNMENT((#823));
#352=ADVANCED_FACE('',(#824),#825,.F.);
#353=PRESENTATION_STYLE_ASSIGNMENT((#826));
#354=ADVANCED_FACE('',(#827),#828,.F.);
#355=PRESENTATION_STYLE_ASSIGNMENT((#829));
#356=ADVANCED_FACE('',(#830),#831,.F.);
#357=PRESENTATION_STYLE_ASSIGNMENT((#832));
#358=ADVANCED_FACE('',(#833),#834,.F.);
#359=PRESENTATION_STYLE_ASSIGNMENT((#835));
#360=ADVANCED_FACE('',(#836),#837,.F.);
#361=PRESENTATION_STYLE_ASSIGNMENT((#838));
#362=ADVANCED_FACE('',(#839),#840,.F.);
#363=PRESENTATION_STYLE_ASSIGNMENT((#841));
#364=ADVANCED_FACE('',(#842),#843,.T.);
#365=PRESENTATION_STYLE_ASSIGNMENT((#844));
#366=ADVANCED_FACE('',(#845),#846,.F.);
#367=PRESENTATION_STYLE_ASSIGNMENT((#847));
#368=ADVANCED_FACE('',(#848,#849),#850,.T.);
#369=PRESENTATION_STYLE_ASSIGNMENT((#851));
#370=ADVANCED_FACE('',(#852,#853),#854,.F.);
#371=PRESENTATION_STYLE_ASSIGNMENT((#855));
#372=ADVANCED_FACE('',(#856,#857,#858),#859,.T.);
#373=PRESENTATION_STYLE_ASSIGNMENT((#860));
#374=ADVANCED_FACE('',(#861,#862),#863,.T.);
#375=PRESENTATION_STYLE_ASSIGNMENT((#864));
#376=ADVANCED_FACE('',(#865,#866),#867,.F.);
#377=PRESENTATION_STYLE_ASSIGNMENT((#868));
#378=ADVANCED_FACE('',(#869,#870),#871,.T.);
#379=PRESENTATION_STYLE_ASSIGNMENT((#872));
#380=ADVANCED_FACE('',(#873),#874,.F.);
#381=PRESENTATION_STYLE_ASSIGNMENT((#875));
#382=ADVANCED_FACE('',(#876,#877),#878,.F.);
#383=PRESENTATION_STYLE_ASSIGNMENT((#879));
#384=ADVANCED_FACE('',(#880),#881,.T.);
#385=PRESENTATION_STYLE_ASSIGNMENT((#882));
#386=ADVANCED_FACE('',(#883,#884),#885,.F.);
#387=PRESENTATION_STYLE_ASSIGNMENT((#886));
#388=ADVANCED_FACE('',(#887,#888),#889,.T.);
#389=PRESENTATION_STYLE_ASSIGNMENT((#890));
#390=ADVANCED_FACE('',(#891),#892,.T.);
#391=PRESENTATION_STYLE_ASSIGNMENT((#893));
#392=ADVANCED_FACE('',(#894),#895,.T.);
#393=PRESENTATION_STYLE_ASSIGNMENT((#896));
#394=ADVANCED_FACE('',(#897),#898,.F.);
#395=PRESENTATION_STYLE_ASSIGNMENT((#899));
#396=ADVANCED_FACE('',(#900),#901,.F.);
#397=PRESENTATION_STYLE_ASSIGNMENT((#902));
#398=ADVANCED_FACE('',(#903),#904,.T.);
#399=PRESENTATION_STYLE_ASSIGNMENT((#905));
#400=ADVANCED_FACE('',(#906,#907),#908,.T.);
#401=PRESENTATION_STYLE_ASSIGNMENT((#909));
#402=ADVANCED_FACE('',(#910),#911,.F.);
#403=PRESENTATION_STYLE_ASSIGNMENT((#912));
#404=ADVANCED_FACE('',(#913),#914,.F.);
#405=PRESENTATION_STYLE_ASSIGNMENT((#915));
#406=ADVANCED_FACE('',(#916),#917,.F.);
#407=PRESENTATION_STYLE_ASSIGNMENT((#918));
#408=ADVANCED_FACE('',(#919),#920,.T.);
#409=PRESENTATION_STYLE_ASSIGNMENT((#921));
#410=ADVANCED_FACE('',(#922,#923),#924,.T.);
#411=PRESENTATION_STYLE_ASSIGNMENT((#925));
#412=ADVANCED_FACE('',(#926,#927),#928,.F.);
#413=PRESENTATION_STYLE_ASSIGNMENT((#929));
#414=ADVANCED_FACE('',(#930,#931),#932,.T.);
#415=PRESENTATION_STYLE_ASSIGNMENT((#933));
#416=ADVANCED_FACE('',(#934,#935),#936,.F.);
#417=PRESENTATION_STYLE_ASSIGNMENT((#937));
#418=ADVANCED_FACE('',(#938,#939),#940,.F.);
#419=PRESENTATION_STYLE_ASSIGNMENT((#941));
#420=ADVANCED_FACE('',(#942,#943),#944,.F.);
#421=PRESENTATION_STYLE_ASSIGNMENT((#945));
#422=ADVANCED_FACE('',(#946,#947),#948,.F.);
#423=PRESENTATION_STYLE_ASSIGNMENT((#949));
#424=ADVANCED_FACE('',(#950,#951),#952,.T.);
#425=PRESENTATION_STYLE_ASSIGNMENT((#953));
#426=ADVANCED_FACE('',(#954,#955),#956,.F.);
#427=PRESENTATION_STYLE_ASSIGNMENT((#957));
#428=ADVANCED_FACE('',(#958),#959,.T.);
#429=PRESENTATION_STYLE_ASSIGNMENT((#960));
#430=ADVANCED_FACE('',(#961),#962,.T.);
#431=PRESENTATION_STYLE_ASSIGNMENT((#963));
#432=ADVANCED_FACE('',(#964),#965,.F.);
#433=PRESENTATION_STYLE_ASSIGNMENT((#966));
#434=ADVANCED_FACE('',(#967),#968,.F.);
#435=PRESENTATION_STYLE_ASSIGNMENT((#969));
#436=ADVANCED_FACE('',(#970),#971,.T.);
#437=PRODUCT('1','1','PART-1-DESC',(#972));
#438=PRODUCT_DEFINITION('NONE','NONE',#973,#2);
#439=MANIFOLD_SOLID_BREP('1',#974);
#440=AXIS2_PLACEMENT_3D('',#975,#976,#977);
#443=LENGTH_MEASURE_WITH_UNIT(LENGTH_MEASURE(1.0),#978);
#446=DIMENSIONAL_EXPONENTS(1.0,0.0,0.0,0.0,0.0,0.0,0.0);
#448=DIMENSIONAL_EXPONENTS(0.0,0.0,0.0,0.0,0.0,0.0,0.0);
#454=SURFACE_STYLE_USAGE(.BOTH.,#979);
#455=FACE_OUTER_BOUND('',#980,.T.);
#456=FACE_OUTER_BOUND('',#981,.T.);
#457=CYLINDRICAL_SURFACE('',#982,0.00269);
#458=SURFACE_STYLE_USAGE(.BOTH.,#983);
#459=FACE_OUTER_BOUND('',#984,.T.);
#460=FACE_BOUND('',#985,.T.);
#461=PLANE('',#986);
#462=SURFACE_STYLE_USAGE(.BOTH.,#987);
#463=FACE_OUTER_BOUND('',#988,.T.);
#464=FACE_OUTER_BOUND('',#989,.T.);
#465=CYLINDRICAL_SURFACE('',#990,0.00269);
#466=SURFACE_STYLE_USAGE(.BOTH.,#991);
#467=FACE_OUTER_BOUND('',#992,.T.);
#468=FACE_OUTER_BOUND('',#993,.T.);
#469=CYLINDRICAL_SURFACE('',#994,0.0019);
#470=SURFACE_STYLE_USAGE(.BOTH.,#995);
#471=FACE_OUTER_BOUND('',#996,.T.);
#472=PLANE('',#997);
#473=SURFACE_STYLE_USAGE(.BOTH.,#998);
#474=FACE_OUTER_BOUND('',#999,.T.);
#475=CYLINDRICAL_SURFACE('',#1000,0.0045);
#476=SURFACE_STYLE_USAGE(.BOTH.,#1001);
#477=FACE_OUTER_BOUND('',#1002,.T.);
#478=PLANE('',#1003);
#479=SURFACE_STYLE_USAGE(.BOTH.,#1004);
#480=FACE_OUTER_BOUND('',#1005,.T.);
#481=FACE_BOUND('',#1006,.T.);
#482=CONICAL_SURFACE('',#1007,0.00295000000000004,0.78539816339744);
#483=SURFACE_STYLE_USAGE(.BOTH.,#1008);
#484=FACE_OUTER_BOUND('',#1009,.T.);
#485=PLANE('',#1010);
#486=SURFACE_STYLE_USAGE(.BOTH.,#1011);
#487=FACE_OUTER_BOUND('',#1012,.T.);
#488=PLANE('',#1013);
#489=SURFACE_STYLE_USAGE(.BOTH.,#1014);
#490=FACE_OUTER_BOUND('',#1015,.T.);
#491=PLANE('',#1016);
#492=SURFACE_STYLE_USAGE(.BOTH.,#1017);
#493=FACE_OUTER_BOUND('',#1018,.T.);
#494=FACE_OUTER_BOUND('',#1019,.T.);
#495=CYLINDRICAL_SURFACE('',#1020,0.0021);
#496=SURFACE_STYLE_USAGE(.BOTH.,#1021);
#497=FACE_OUTER_BOUND('',#1022,.T.);
#498=FACE_BOUND('',#1023,.T.);
#499=CONICAL_SURFACE('',#1024,0.00295000000000004,0.785398163397462);
#500=SURFACE_STYLE_USAGE(.BOTH.,#1025);
#501=FACE_OUTER_BOUND('',#1026,.T.);
#502=PLANE('',#1027);
#503=SURFACE_STYLE_USAGE(.BOTH.,#1028);
#504=FACE_OUTER_BOUND('',#1029,.T.);
#505=FACE_BOUND('',#1030,.T.);
#506=CONICAL_SURFACE('',#1031,0.0015,0.785398163397538);
#507=SURFACE_STYLE_USAGE(.BOTH.,#1032);
#508=FACE_OUTER_BOUND('',#1033,.T.);
#509=FACE_BOUND('',#1034,.T.);
#510=PLANE('',#1035);
#511=SURFACE_STYLE_USAGE(.BOTH.,#1036);
#512=FACE_OUTER_BOUND('',#1037,.T.);
#513=PLANE('',#1038);
#514=SURFACE_STYLE_USAGE(.BOTH.,#1039);
#515=FACE_OUTER_BOUND('',#1040,.T.);
#516=PLANE('',#1041);
#517=SURFACE_STYLE_USAGE(.BOTH.,#1042);
#518=FACE_OUTER_BOUND('',#1043,.T.);
#519=PLANE('',#1044);
#520=SURFACE_STYLE_USAGE(.BOTH.,#1045);
#521=FACE_OUTER_BOUND('',#1046,.T.);
#522=PLANE('',#1047);
#523=SURFACE_STYLE_USAGE(.BOTH.,#1048);
#524=FACE_OUTER_BOUND('',#1049,.T.);
#525=PLANE('',#1050);
#526=SURFACE_STYLE_USAGE(.BOTH.,#1051);
#527=FACE_OUTER_BOUND('',#1052,.T.);
#528=PLANE('',#1053);
#529=SURFACE_STYLE_USAGE(.BOTH.,#1054);
#530=FACE_OUTER_BOUND('',#1055,.T.);
#531=FACE_BOUND('',#1056,.T.);
#532=FACE_BOUND('',#1057,.T.);
#533=PLANE('',#1058);
#534=SURFACE_STYLE_USAGE(.BOTH.,#1059);
#535=FACE_OUTER_BOUND('',#1060,.T.);
#536=FACE_OUTER_BOUND('',#1061,.T.);
#537=CYLINDRICAL_SURFACE('',#1062,0.0015);
#538=SURFACE_STYLE_USAGE(.BOTH.,#1063);
#539=FACE_OUTER_BOUND('',#1064,.T.);
#540=FACE_BOUND('',#1065,.T.);
#541=FACE_BOUND('',#1066,.T.);
#542=PLANE('',#1067);
#543=SURFACE_STYLE_USAGE(.BOTH.,#1068);
#544=FACE_OUTER_BOUND('',#1069,.T.);
#545=PLANE('',#1070);
#546=SURFACE_STYLE_USAGE(.BOTH.,#1071);
#547=FACE_OUTER_BOUND('',#1072,.T.);
#548=PLANE('',#1073);
#549=SURFACE_STYLE_USAGE(.BOTH.,#1074);
#550=FACE_OUTER_BOUND('',#1075,.T.);
#551=PLANE('',#1076);
#552=SURFACE_STYLE_USAGE(.BOTH.,#1077);
#553=FACE_OUTER_BOUND('',#1078,.T.);
#554=PLANE('',#1079);
#555=SURFACE_STYLE_USAGE(.BOTH.,#1080);
#556=FACE_OUTER_BOUND('',#1081,.T.);
#557=PLANE('',#1082);
#558=SURFACE_STYLE_USAGE(.BOTH.,#1083);
#559=FACE_OUTER_BOUND('',#1084,.T.);
#560=PLANE('',#1085);
#561=SURFACE_STYLE_USAGE(.BOTH.,#1086);
#562=FACE_OUTER_BOUND('',#1087,.T.);
#563=FACE_OUTER_BOUND('',#1088,.T.);
#564=CYLINDRICAL_SURFACE('',#1089,0.00269);
#565=SURFACE_STYLE_USAGE(.BOTH.,#1090);
#566=FACE_OUTER_BOUND('',#1091,.T.);
#567=FACE_BOUND('',#1092,.T.);
#568=CONICAL_SURFACE('',#1093,0.0015,0.7853981633974);
#569=SURFACE_STYLE_USAGE(.BOTH.,#1094);
#570=FACE_OUTER_BOUND('',#1095,.T.);
#571=PLANE('',#1096);
#572=SURFACE_STYLE_USAGE(.BOTH.,#1097);
#573=FACE_OUTER_BOUND('',#1098,.T.);
#574=FACE_BOUND('',#1099,.T.);
#575=CONICAL_SURFACE('',#1100,0.00248999999999999,0.785398163397471);
#576=SURFACE_STYLE_USAGE(.BOTH.,#1101);
#577=FACE_OUTER_BOUND('',#1102,.T.);
#578=FACE_BOUND('',#1103,.T.);
#579=CONICAL_SURFACE('',#1104,0.00295000000000001,0.78539816339745);
#580=SURFACE_STYLE_USAGE(.BOTH.,#1105);
#581=FACE_OUTER_BOUND('',#1106,.T.);
#582=FACE_BOUND('',#1107,.T.);
#583=FACE_BOUND('',#1108,.T.);
#584=FACE_BOUND('',#1109,.T.);
#585=FACE_BOUND('',#1110,.T.);
#586=FACE_BOUND('',#1111,.T.);
#587=FACE_BOUND('',#1112,.T.);
#588=FACE_BOUND('',#1113,.T.);
#589=FACE_BOUND('',#1114,.T.);
#590=FACE_BOUND('',#1115,.T.);
#591=FACE_BOUND('',#1116,.T.);
#592=FACE_BOUND('',#1117,.T.);
#593=FACE_BOUND('',#1118,.T.);
#594=FACE_BOUND('',#1119,.T.);
#595=FACE_BOUND('',#1120,.T.);
#596=FACE_BOUND('',#1121,.T.);
#597=FACE_BOUND('',#1122,.T.);
#598=FACE_BOUND('',#1123,.T.);
#599=FACE_BOUND('',#1124,.T.);
#600=PLANE('',#1125);
#601=SURFACE_STYLE_USAGE(.BOTH.,#1126);
#602=FACE_OUTER_BOUND('',#1127,.T.);
#603=FACE_OUTER_BOUND('',#1128,.T.);
#604=CYLINDRICAL_SURFACE('',#1129,0.0015);
#605=SURFACE_STYLE_USAGE(.BOTH.,#1130);
#606=FACE_OUTER_BOUND('',#1131,.T.);
#607=FACE_OUTER_BOUND('',#1132,.T.);
#608=CYLINDRICAL_SURFACE('',#1133,0.00165);
#609=SURFACE_STYLE_USAGE(.BOTH.,#1134);
#610=FACE_OUTER_BOUND('',#1135,.T.);
#611=PLANE('',#1136);
#612=SURFACE_STYLE_USAGE(.BOTH.,#1137);
#613=FACE_OUTER_BOUND('',#1138,.T.);
#614=PLANE('',#1139);
#615=SURFACE_STYLE_USAGE(.BOTH.,#1140);
#616=FACE_OUTER_BOUND('',#1141,.T.);
#617=FACE_OUTER_BOUND('',#1142,.T.);
#618=CYLINDRICAL_SURFACE('',#1143,0.00269);
#619=SURFACE_STYLE_USAGE(.BOTH.,#1144);
#620=FACE_OUTER_BOUND('',#1145,.T.);
#621=FACE_OUTER_BOUND('',#1146,.T.);
#622=CYLINDRICAL_SURFACE('',#1147,0.00269);
#623=SURFACE_STYLE_USAGE(.BOTH.,#1148);
#624=FACE_OUTER_BOUND('',#1149,.T.);
#625=FACE_OUTER_BOUND('',#1150,.T.);
#626=CYLINDRICAL_SURFACE('',#1151,0.0015);
#627=SURFACE_STYLE_USAGE(.BOTH.,#1152);
#628=FACE_OUTER_BOUND('',#1153,.T.);
#629=FACE_OUTER_BOUND('',#1154,.T.);
#630=CYLINDRICAL_SURFACE('',#1155,0.0019);
#631=SURFACE_STYLE_USAGE(.BOTH.,#1156);
#632=FACE_OUTER_BOUND('',#1157,.T.);
#633=PLANE('',#1158);
#634=SURFACE_STYLE_USAGE(.BOTH.,#1159);
#635=FACE_OUTER_BOUND('',#1160,.T.);
#636=PLANE('',#1161);
#637=SURFACE_STYLE_USAGE(.BOTH.,#1162);
#638=FACE_OUTER_BOUND('',#1163,.T.);
#639=FACE_OUTER_BOUND('',#1164,.T.);
#640=CYLINDRICAL_SURFACE('',#1165,0.00165000000000004);
#641=SURFACE_STYLE_USAGE(.BOTH.,#1166);
#642=FACE_OUTER_BOUND('',#1167,.T.);
#643=PLANE('',#1168);
#644=SURFACE_STYLE_USAGE(.BOTH.,#1169);
#645=FACE_OUTER_BOUND('',#1170,.T.);
#646=PLANE('',#1171);
#647=SURFACE_STYLE_USAGE(.BOTH.,#1172);
#648=FACE_OUTER_BOUND('',#1173,.T.);
#649=FACE_OUTER_BOUND('',#1174,.T.);
#650=CYLINDRICAL_SURFACE('',#1175,0.0021);
#651=SURFACE_STYLE_USAGE(.BOTH.,#1176);
#652=FACE_OUTER_BOUND('',#1177,.T.);
#653=FACE_BOUND('',#1178,.T.);
#654=CONICAL_SURFACE('',#1179,0.0015,0.7853981633974);
#655=SURFACE_STYLE_USAGE(.BOTH.,#1180);
#656=FACE_OUTER_BOUND('',#1181,.T.);
#657=FACE_BOUND('',#1182,.T.);
#658=CONICAL_SURFACE('',#1183,0.00248999999999999,0.785398163397471);
#659=SURFACE_STYLE_USAGE(.BOTH.,#1184);
#660=FACE_OUTER_BOUND('',#1185,.T.);
#661=FACE_BOUND('',#1186,.T.);
#662=CONICAL_SURFACE('',#1187,0.0015,0.785398163397538);
#663=SURFACE_STYLE_USAGE(.BOTH.,#1188);
#664=FACE_OUTER_BOUND('',#1189,.T.);
#665=FACE_BOUND('',#1190,.T.);
#666=FACE_BOUND('',#1191,.T.);
#667=PLANE('',#1192);
#668=SURFACE_STYLE_USAGE(.BOTH.,#1193);
#669=FACE_OUTER_BOUND('',#1194,.T.);
#670=FACE_OUTER_BOUND('',#1195,.T.);
#671=CYLINDRICAL_SURFACE('',#1196,0.0021);
#672=SURFACE_STYLE_USAGE(.BOTH.,#1197);
#673=FACE_OUTER_BOUND('',#1198,.T.);
#674=PLANE('',#1199);
#675=SURFACE_STYLE_USAGE(.BOTH.,#1200);
#676=FACE_OUTER_BOUND('',#1201,.T.);
#677=PLANE('',#1202);
#678=SURFACE_STYLE_USAGE(.BOTH.,#1203);
#679=FACE_OUTER_BOUND('',#1204,.T.);
#680=FACE_OUTER_BOUND('',#1205,.T.);
#681=CYLINDRICAL_SURFACE('',#1206,0.0015);
#682=SURFACE_STYLE_USAGE(.BOTH.,#1207);
#683=FACE_OUTER_BOUND('',#1208,.T.);
#684=FACE_OUTER_BOUND('',#1209,.T.);
#685=CYLINDRICAL_SURFACE('',#1210,0.00165000000000004);
#686=SURFACE_STYLE_USAGE(.BOTH.,#1211);
#687=FACE_OUTER_BOUND('',#1212,.T.);
#688=FACE_OUTER_BOUND('',#1213,.T.);
#689=CYLINDRICAL_SURFACE('',#1214,0.00165000000000004);
#690=SURFACE_STYLE_USAGE(.BOTH.,#1215);
#691=FACE_OUTER_BOUND('',#1216,.T.);
#692=CYLINDRICAL_SURFACE('',#1217,0.006);
#693=SURFACE_STYLE_USAGE(.BOTH.,#1218);
#694=FACE_OUTER_BOUND('',#1219,.T.);
#695=FACE_BOUND('',#1220,.T.);
#696=CONICAL_SURFACE('',#1221,0.00295000000000004,0.785398163397462);
#697=SURFACE_STYLE_USAGE(.BOTH.,#1222);
#698=FACE_OUTER_BOUND('',#1223,.T.);
#699=FACE_OUTER_BOUND('',#1224,.T.);
#700=CYLINDRICAL_SURFACE('',#1225,0.00269);
#701=SURFACE_STYLE_USAGE(.BOTH.,#1226);
#702=FACE_OUTER_BOUND('',#1227,.T.);
#703=PLANE('',#1228);
#704=SURFACE_STYLE_USAGE(.BOTH.,#1229);
#705=FACE_OUTER_BOUND('',#1230,.T.);
#706=FACE_OUTER_BOUND('',#1231,.T.);
#707=CYLINDRICAL_SURFACE('',#1232,0.0019);
#708=SURFACE_STYLE_USAGE(.BOTH.,#1233);
#709=FACE_OUTER_BOUND('',#1234,.T.);
#710=FACE_OUTER_BOUND('',#1235,.T.);
#711=CYLINDRICAL_SURFACE('',#1236,0.00165);
#712=SURFACE_STYLE_USAGE(.BOTH.,#1237);
#713=FACE_OUTER_BOUND('',#1238,.T.);
#714=FACE_BOUND('',#1239,.T.);
#715=FACE_BOUND('',#1240,.T.);
#716=FACE_BOUND('',#1241,.T.);
#717=FACE_BOUND('',#1242,.T.);
#718=FACE_BOUND('',#1243,.T.);
#719=FACE_BOUND('',#1244,.T.);
#720=FACE_BOUND('',#1245,.T.);
#721=FACE_BOUND('',#1246,.T.);
#722=FACE_BOUND('',#1247,.T.);
#723=FACE_BOUND('',#1248,.T.);
#724=FACE_BOUND('',#1249,.T.);
#725=FACE_BOUND('',#1250,.T.);
#726=FACE_BOUND('',#1251,.T.);
#727=FACE_BOUND('',#1252,.T.);
#728=FACE_BOUND('',#1253,.T.);
#729=FACE_BOUND('',#1254,.T.);
#730=FACE_BOUND('',#1255,.T.);
#731=FACE_BOUND('',#1256,.T.);
#732=PLANE('',#1257);
#733=SURFACE_STYLE_USAGE(.BOTH.,#1258);
#734=FACE_OUTER_BOUND('',#1259,.T.);
#735=FACE_BOUND('',#1260,.T.);
#736=CONICAL_SURFACE('',#1261,0.0015,0.7853981633974);
#737=SURFACE_STYLE_USAGE(.BOTH.,#1262);
#738=FACE_OUTER_BOUND('',#1263,.T.);
#739=PLANE('',#1264);
#740=SURFACE_STYLE_USAGE(.BOTH.,#1265);
#741=FACE_OUTER_BOUND('',#1266,.T.);
#742=PLANE('',#1267);
#743=SURFACE_STYLE_USAGE(.BOTH.,#1268);
#744=FACE_OUTER_BOUND('',#1269,.T.);
#745=PLANE('',#1270);
#746=SURFACE_STYLE_USAGE(.BOTH.,#1271);
#747=FACE_OUTER_BOUND('',#1272,.T.);
#748=PLANE('',#1273);
#749=SURFACE_STYLE_USAGE(.BOTH.,#1274);
#750=FACE_OUTER_BOUND('',#1275,.T.);
#751=PLANE('',#1276);
#752=SURFACE_STYLE_USAGE(.BOTH.,#1277);
#753=FACE_OUTER_BOUND('',#1278,.T.);
#754=PLANE('',#1279);
#755=SURFACE_STYLE_USAGE(.BOTH.,#1280);
#756=FACE_OUTER_BOUND('',#1281,.T.);
#757=PLANE('',#1282);
#758=SURFACE_STYLE_USAGE(.BOTH.,#1283);
#759=FACE_OUTER_BOUND('',#1284,.T.);
#760=PLANE('',#1285);
#761=SURFACE_STYLE_USAGE(.BOTH.,#1286);
#762=FACE_OUTER_BOUND('',#1287,.T.);
#763=PLANE('',#1288);
#764=SURFACE_STYLE_USAGE(.BOTH.,#1289);
#765=FACE_OUTER_BOUND('',#1290,.T.);
#766=PLANE('',#1291);
#767=SURFACE_STYLE_USAGE(.BOTH.,#1292);
#768=FACE_OUTER_BOUND('',#1293,.T.);
#769=PLANE('',#1294);
#770=SURFACE_STYLE_USAGE(.BOTH.,#1295);
#771=FACE_OUTER_BOUND('',#1296,.T.);
#772=PLANE('',#1297);
#773=SURFACE_STYLE_USAGE(.BOTH.,#1298);
#774=FACE_OUTER_BOUND('',#1299,.T.);
#775=PLANE('',#1300);
#776=SURFACE_STYLE_USAGE(.BOTH.,#1301);
#777=FACE_OUTER_BOUND('',#1302,.T.);
#778=PLANE('',#1303);
#779=SURFACE_STYLE_USAGE(.BOTH.,#1304);
#780=FACE_OUTER_BOUND('',#1305,.T.);
#781=PLANE('',#1306);
#782=SURFACE_STYLE_USAGE(.BOTH.,#1307);
#783=FACE_OUTER_BOUND('',#1308,.T.);
#784=PLANE('',#1309);
#785=SURFACE_STYLE_USAGE(.BOTH.,#1310);
#786=FACE_OUTER_BOUND('',#1311,.T.);
#787=FACE_BOUND('',#1312,.T.);
#788=CONICAL_SURFACE('',#1313,0.00248999999999999,0.785398163397471);
#789=SURFACE_STYLE_USAGE(.BOTH.,#1314);
#790=FACE_OUTER_BOUND('',#1315,.T.);
#791=FACE_BOUND('',#1316,.T.);
#792=PLANE('',#1317);
#793=SURFACE_STYLE_USAGE(.BOTH.,#1318);
#794=FACE_OUTER_BOUND('',#1319,.T.);
#795=PLANE('',#1320);
#796=SURFACE_STYLE_USAGE(.BOTH.,#1321);
#797=FACE_OUTER_BOUND('',#1322,.T.);
#798=PLANE('',#1323);
#799=SURFACE_STYLE_USAGE(.BOTH.,#1324);
#800=FACE_OUTER_BOUND('',#1325,.T.);
#801=FACE_BOUND('',#1326,.T.);
#802=CONICAL_SURFACE('',#1327,0.0015,0.7853981633974);
#803=SURFACE_STYLE_USAGE(.BOTH.,#1328);
#804=FACE_OUTER_BOUND('',#1329,.T.);
#805=FACE_BOUND('',#1330,.T.);
#806=PLANE('',#1331);
#807=SURFACE_STYLE_USAGE(.BOTH.,#1332);
#808=FACE_OUTER_BOUND('',#1333,.T.);
#809=FACE_BOUND('',#1334,.T.);
#810=CONICAL_SURFACE('',#1335,0.00248999999999999,0.785398163397471);
#811=SURFACE_STYLE_USAGE(.BOTH.,#1336);
#812=FACE_OUTER_BOUND('',#1337,.T.);
#813=FACE_BOUND('',#1338,.T.);
#814=PLANE('',#1339);
#815=SURFACE_STYLE_USAGE(.BOTH.,#1340);
#816=FACE_OUTER_BOUND('',#1341,.T.);
#817=FACE_BOUND('',#1342,.T.);
#818=CONICAL_SURFACE('',#1343,0.0015,0.7853981633974);
#819=SURFACE_STYLE_USAGE(.BOTH.,#1344);
#820=FACE_OUTER_BOUND('',#1345,.T.);
#821=FACE_OUTER_BOUND('',#1346,.T.);
#822=CYLINDRICAL_SURFACE('',#1347,0.00269);
#823=SURFACE_STYLE_USAGE(.BOTH.,#1348);
#824=FACE_OUTER_BOUND('',#1349,.T.);
#825=PLANE('',#1350);
#826=SURFACE_STYLE_USAGE(.BOTH.,#1351);
#827=FACE_OUTER_BOUND('',#1352,.T.);
#828=PLANE('',#1353);
#829=SURFACE_STYLE_USAGE(.BOTH.,#1354);
#830=FACE_OUTER_BOUND('',#1355,.T.);
#831=PLANE('',#1356);
#832=SURFACE_STYLE_USAGE(.BOTH.,#1357);
#833=FACE_OUTER_BOUND('',#1358,.T.);
#834=PLANE('',#1359);
#835=SURFACE_STYLE_USAGE(.BOTH.,#1360);
#836=FACE_OUTER_BOUND('',#1361,.T.);
#837=PLANE('',#1362);
#838=SURFACE_STYLE_USAGE(.BOTH.,#1363);
#839=FACE_OUTER_BOUND('',#1364,.T.);
#840=PLANE('',#1365);
#841=SURFACE_STYLE_USAGE(.BOTH.,#1366);
#842=FACE_OUTER_BOUND('',#1367,.T.);
#843=PLANE('',#1368);
#844=SURFACE_STYLE_USAGE(.BOTH.,#1369);
#845=FACE_OUTER_BOUND('',#1370,.T.);
#846=PLANE('',#1371);
#847=SURFACE_STYLE_USAGE(.BOTH.,#1372);
#848=FACE_OUTER_BOUND('',#1373,.T.);
#849=FACE_BOUND('',#1374,.T.);
#850=CONICAL_SURFACE('',#1375,0.00248999999999999,0.785398163397471);
#851=SURFACE_STYLE_USAGE(.BOTH.,#1376);
#852=FACE_OUTER_BOUND('',#1377,.T.);
#853=FACE_OUTER_BOUND('',#1378,.T.);
#854=CYLINDRICAL_SURFACE('',#1379,0.00165000000000004);
#855=SURFACE_STYLE_USAGE(.BOTH.,#1380);
#856=FACE_OUTER_BOUND('',#1381,.T.);
#857=FACE_BOUND('',#1382,.T.);
#858=FACE_BOUND('',#1383,.T.);
#859=PLANE('',#1384);
#860=SURFACE_STYLE_USAGE(.BOTH.,#1385);
#861=FACE_OUTER_BOUND('',#1386,.T.);
#862=FACE_BOUND('',#1387,.T.);
#863=CONICAL_SURFACE('',#1388,0.00248999999999999,0.785398163397471);
#864=SURFACE_STYLE_USAGE(.BOTH.,#1389);
#865=FACE_OUTER_BOUND('',#1390,.T.);
#866=FACE_OUTER_BOUND('',#1391,.T.);
#867=CYLINDRICAL_SURFACE('',#1392,0.0015);
#868=SURFACE_STYLE_USAGE(.BOTH.,#1393);
#869=FACE_OUTER_BOUND('',#1394,.T.);
#870=FACE_BOUND('',#1395,.T.);
#871=PLANE('',#1396);
#872=SURFACE_STYLE_USAGE(.BOTH.,#1397);
#873=FACE_OUTER_BOUND('',#1398,.T.);
#874=PLANE('',#1399);
#875=SURFACE_STYLE_USAGE(.BOTH.,#1400);
#876=FACE_OUTER_BOUND('',#1401,.T.);
#877=FACE_BOUND('',#1402,.T.);
#878=CONICAL_SURFACE('',#1403,0.00295000000000001,0.78539816339745);
#879=SURFACE_STYLE_USAGE(.BOTH.,#1404);
#880=FACE_OUTER_BOUND('',#1405,.T.);
#881=PLANE('',#1406);
#882=SURFACE_STYLE_USAGE(.BOTH.,#1407);
#883=FACE_OUTER_BOUND('',#1408,.T.);
#884=FACE_OUTER_BOUND('',#1409,.T.);
#885=CYLINDRICAL_SURFACE('',#1410,0.0015);
#886=SURFACE_STYLE_USAGE(.BOTH.,#1411);
#887=FACE_OUTER_BOUND('',#1412,.T.);
#888=FACE_BOUND('',#1413,.T.);
#889=PLANE('',#1414);
#890=SURFACE_STYLE_USAGE(.BOTH.,#1415);
#891=FACE_OUTER_BOUND('',#1416,.T.);
#892=PLANE('',#1417);
#893=SURFACE_STYLE_USAGE(.BOTH.,#1418);
#894=FACE_OUTER_BOUND('',#1419,.T.);
#895=PLANE('',#1420);
#896=SURFACE_STYLE_USAGE(.BOTH.,#1421);
#897=FACE_OUTER_BOUND('',#1422,.T.);
#898=PLANE('',#1423);
#899=SURFACE_STYLE_USAGE(.BOTH.,#1424);
#900=FACE_OUTER_BOUND('',#1425,.T.);
#901=PLANE('',#1426);
#902=SURFACE_STYLE_USAGE(.BOTH.,#1427);
#903=FACE_OUTER_BOUND('',#1428,.T.);
#904=PLANE('',#1429);
#905=SURFACE_STYLE_USAGE(.BOTH.,#1430);
#906=FACE_OUTER_BOUND('',#1431,.T.);
#907=FACE_BOUND('',#1432,.T.);
#908=CONICAL_SURFACE('',#1433,0.00248999999999999,0.785398163397471);
#909=SURFACE_STYLE_USAGE(.BOTH.,#1434);
#910=FACE_OUTER_BOUND('',#1435,.T.);
#911=PLANE('',#1436);
#912=SURFACE_STYLE_USAGE(.BOTH.,#1437);
#913=FACE_OUTER_BOUND('',#1438,.T.);
#914=PLANE('',#1439);
#915=SURFACE_STYLE_USAGE(.BOTH.,#1440);
#916=FACE_OUTER_BOUND('',#1441,.T.);
#917=CYLINDRICAL_SURFACE('',#1442,0.0045);
#918=SURFACE_STYLE_USAGE(.BOTH.,#1443);
#919=FACE_OUTER_BOUND('',#1444,.T.);
#920=CYLINDRICAL_SURFACE('',#1445,0.006);
#921=SURFACE_STYLE_USAGE(.BOTH.,#1446);
#922=FACE_OUTER_BOUND('',#1447,.T.);
#923=FACE_BOUND('',#1448,.T.);
#924=CONICAL_SURFACE('',#1449,0.00248999999999999,0.785398163397471);
#925=SURFACE_STYLE_USAGE(.BOTH.,#1450);
#926=FACE_OUTER_BOUND('',#1451,.T.);
#927=FACE_BOUND('',#1452,.T.);
#928=CONICAL_SURFACE('',#1453,0.0015,0.785398163397538);
#929=SURFACE_STYLE_USAGE(.BOTH.,#1454);
#930=FACE_OUTER_BOUND('',#1455,.T.);
#931=FACE_OUTER_BOUND('',#1456,.T.);
#932=CYLINDRICAL_SURFACE('',#1457,0.00269);
#933=SURFACE_STYLE_USAGE(.BOTH.,#1458);
#934=FACE_OUTER_BOUND('',#1459,.T.);
#935=FACE_OUTER_BOUND('',#1460,.T.);
#936=CYLINDRICAL_SURFACE('',#1461,0.0021);
#937=SURFACE_STYLE_USAGE(.BOTH.,#1462);
#938=FACE_OUTER_BOUND('',#1463,.T.);
#939=FACE_OUTER_BOUND('',#1464,.T.);
#940=CYLINDRICAL_SURFACE('',#1465,0.0019);
#941=SURFACE_STYLE_USAGE(.BOTH.,#1466);
#942=FACE_OUTER_BOUND('',#1467,.T.);
#943=FACE_BOUND('',#1468,.T.);
#944=CONICAL_SURFACE('',#1469,0.00295000000000004,0.78539816339744);
#945=SURFACE_STYLE_USAGE(.BOTH.,#1470);
#946=FACE_OUTER_BOUND('',#1471,.T.);
#947=FACE_OUTER_BOUND('',#1472,.T.);
#948=CYLINDRICAL_SURFACE('',#1473,0.0015);
#949=SURFACE_STYLE_USAGE(.BOTH.,#1474);
#950=FACE_OUTER_BOUND('',#1475,.T.);
#951=FACE_BOUND('',#1476,.T.);
#952=PLANE('',#1477);
#953=SURFACE_STYLE_USAGE(.BOTH.,#1478);
#954=FACE_OUTER_BOUND('',#1479,.T.);
#955=FACE_OUTER_BOUND('',#1480,.T.);
#956=CYLINDRICAL_SURFACE('',#1481,0.0015);
#957=SURFACE_STYLE_USAGE(.BOTH.,#1482);
#958=FACE_OUTER_BOUND('',#1483,.T.);
#959=PLANE('',#1484);
#960=SURFACE_STYLE_USAGE(.BOTH.,#1485);
#961=FACE_OUTER_BOUND('',#1486,.T.);
#962=PLANE('',#1487);
#963=SURFACE_STYLE_USAGE(.BOTH.,#1488);
#964=FACE_OUTER_BOUND('',#1489,.T.);
#965=PLANE('',#1490);
#966=SURFACE_STYLE_USAGE(.BOTH.,#1491);
#967=FACE_OUTER_BOUND('',#1492,.T.);
#968=PLANE('',#1493);
#969=SURFACE_STYLE_USAGE(.BOTH.,#1494);
#970=FACE_OUTER_BOUND('',#1495,.T.);
#971=PLANE('',#1496);
#972=PRODUCT_CONTEXT('',#148,'mechanical');
#973=PRODUCT_DEFINITION_FORMATION_WITH_SPECIFIED_SOURCE(' ','NONE',#437,.NOT_KNOWN.);
#974=CLOSED_SHELL('',(#162,#164,#166,#168,#170,#172,#174,#176,#178,#180,#182,#184,#186,#188,#190,#192,#194,#196,#198,#200,#202,#204,#206,#208,#210,#212,#214,#216,#218,#220,#222,#224,#226,#228,#230,#232,#234,#236,#238,#240,#242,#244,#246,#248,#250,#252,#254,#256,#258,#260,#262,#264,#266,#268,#270,#272,#274,#276,#278,#280,#282,#284,#286,#288,#290,#292,#294,#296,#298,#300,#302,#304,#306,#308,#310,#312,#314,#316,#318,#320,#322,#324,#326,#328,#330,#332,#334,#336,#338,#340,#342,#344,#346,#348,#350,#352,#354,#356,#358,#360,#362,#364,#366,#368,#370,#372,#374,#376,#378,#380,#382,#384,#386,#388,#390,#392,#394,#396,#398,#400,#402,#404,#406,#408,#410,#412,#414,#416,#418,#420,#422,#424,#426,#428,#430,#432,#434,#436));
#975=CARTESIAN_POINT('',(0.0,0.0,0.0));
#976=DIRECTION('',(0.0,0.0,1.0));
#977=DIRECTION('',(1.0,0.0,0.0));
#978= (NAMED_UNIT(#446)LENGTH_UNIT()SI_UNIT($,.METRE.));
#979=SURFACE_SIDE_STYLE('',(#1498));
#980=EDGE_LOOP('',(#1499));
#981=EDGE_LOOP('',(#1500));
#982=AXIS2_PLACEMENT_3D('',#1501,#1502,#1503);
#983=SURFACE_SIDE_STYLE('',(#1504));
#984=EDGE_LOOP('',(#1505));
#985=EDGE_LOOP('',(#1506));
#986=AXIS2_PLACEMENT_3D('',#1507,#1508,#1509);
#987=SURFACE_SIDE_STYLE('',(#1510));
#988=EDGE_LOOP('',(#1511));
#989=EDGE_LOOP('',(#1512));
#990=AXIS2_PLACEMENT_3D('',#1513,#1514,#1515);
#991=SURFACE_SIDE_STYLE('',(#1516));
#992=EDGE_LOOP('',(#1517));
#993=EDGE_LOOP('',(#1518));
#994=AXIS2_PLACEMENT_3D('',#1519,#1520,#1521);
#995=SURFACE_SIDE_STYLE('',(#1522));
#996=EDGE_LOOP('',(#1523,#1524,#1525,#1526,#1527,#1528,#1529,#1530,#1531,#1532,#1533,#1534));
#997=AXIS2_PLACEMENT_3D('',#1535,#1536,#1537);
#998=SURFACE_SIDE_STYLE('',(#1538));
#999=EDGE_LOOP('',(#1539,#1540,#1541,#1542));
#1000=AXIS2_PLACEMENT_3D('',#1543,#1544,#1545);
#1001=SURFACE_SIDE_STYLE('',(#1546));
#1002=EDGE_LOOP('',(#1547,#1548,#1549,#1550));
#1003=AXIS2_PLACEMENT_3D('',#1551,#1552,#1553);
#1004=SURFACE_SIDE_STYLE('',(#1554));
#1005=EDGE_LOOP('',(#1555));
#1006=EDGE_LOOP('',(#1556));
#1007=AXIS2_PLACEMENT_3D('',#1557,#1558,#1559);
#1008=SURFACE_SIDE_STYLE('',(#1560));
#1009=EDGE_LOOP('',(#1561));
#1010=AXIS2_PLACEMENT_3D('',#1562,#1563,#1564);
#1011=SURFACE_SIDE_STYLE('',(#1565));
#1012=EDGE_LOOP('',(#1566,#1567,#1568,#1569));
#1013=AXIS2_PLACEMENT_3D('',#1570,#1571,#1572);
#1014=SURFACE_SIDE_STYLE('',(#1573));
#1015=EDGE_LOOP('',(#1574,#1575,#1576,#1577));
#1016=AXIS2_PLACEMENT_3D('',#1578,#1579,#1580);
#1017=SURFACE_SIDE_STYLE('',(#1581));
#1018=EDGE_LOOP('',(#1582));
#1019=EDGE_LOOP('',(#1583));
#1020=AXIS2_PLACEMENT_3D('',#1584,#1585,#1586);
#1021=SURFACE_SIDE_STYLE('',(#1587));
#1022=EDGE_LOOP('',(#1588));
#1023=EDGE_LOOP('',(#1589));
#1024=AXIS2_PLACEMENT_3D('',#1590,#1591,#1592);
#1025=SURFACE_SIDE_STYLE('',(#1593));
#1026=EDGE_LOOP('',(#1594,#1595,#1596,#1597,#1598,#1599));
#1027=AXIS2_PLACEMENT_3D('',#1600,#1601,#1602);
#1028=SURFACE_SIDE_STYLE('',(#1603));
#1029=EDGE_LOOP('',(#1604));
#1030=EDGE_LOOP('',(#1605));
#1031=AXIS2_PLACEMENT_3D('',#1606,#1607,#1608);
#1032=SURFACE_SIDE_STYLE('',(#1609));
#1033=EDGE_LOOP('',(#1610));
#1034=EDGE_LOOP('',(#1611));
#1035=AXIS2_PLACEMENT_3D('',#1612,#1613,#1614);
#1036=SURFACE_SIDE_STYLE('',(#1615));
#1037=EDGE_LOOP('',(#1616,#1617,#1618,#1619));
#1038=AXIS2_PLACEMENT_3D('',#1620,#1621,#1622);
#1039=SURFACE_SIDE_STYLE('',(#1623));
#1040=EDGE_LOOP('',(#1624,#1625,#1626,#1627));
#1041=AXIS2_PLACEMENT_3D('',#1628,#1629,#1630);
#1042=SURFACE_SIDE_STYLE('',(#1631));
#1043=EDGE_LOOP('',(#1632,#1633,#1634,#1635));
#1044=AXIS2_PLACEMENT_3D('',#1636,#1637,#1638);
#1045=SURFACE_SIDE_STYLE('',(#1639));
#1046=EDGE_LOOP('',(#1640,#1641,#1642,#1643));
#1047=AXIS2_PLACEMENT_3D('',#1644,#1645,#1646);
#1048=SURFACE_SIDE_STYLE('',(#1647));
#1049=EDGE_LOOP('',(#1648,#1649,#1650,#1651));
#1050=AXIS2_PLACEMENT_3D('',#1652,#1653,#1654);
#1051=SURFACE_SIDE_STYLE('',(#1655));
#1052=EDGE_LOOP('',(#1656,#1657,#1658,#1659));
#1053=AXIS2_PLACEMENT_3D('',#1660,#1661,#1662);
#1054=SURFACE_SIDE_STYLE('',(#1663));
#1055=EDGE_LOOP('',(#1664,#1665,#1666,#1667));
#1056=EDGE_LOOP('',(#1668));
#1057=EDGE_LOOP('',(#1669));
#1058=AXIS2_PLACEMENT_3D('',#1670,#1671,#1672);
#1059=SURFACE_SIDE_STYLE('',(#1673));
#1060=EDGE_LOOP('',(#1674));
#1061=EDGE_LOOP('',(#1675));
#1062=AXIS2_PLACEMENT_3D('',#1676,#1677,#1678);
#1063=SURFACE_SIDE_STYLE('',(#1679));
#1064=EDGE_LOOP('',(#1680,#1681,#1682,#1683));
#1065=EDGE_LOOP('',(#1684));
#1066=EDGE_LOOP('',(#1685));
#1067=AXIS2_PLACEMENT_3D('',#1686,#1687,#1688);
#1068=SURFACE_SIDE_STYLE('',(#1689));
#1069=EDGE_LOOP('',(#1690,#1691,#1692,#1693));
#1070=AXIS2_PLACEMENT_3D('',#1694,#1695,#1696);
#1071=SURFACE_SIDE_STYLE('',(#1697));
#1072=EDGE_LOOP('',(#1698,#1699,#1700,#1701,#1702,#1703));
#1073=AXIS2_PLACEMENT_3D('',#1704,#1705,#1706);
#1074=SURFACE_SIDE_STYLE('',(#1707));
#1075=EDGE_LOOP('',(#1708,#1709,#1710,#1711));
#1076=AXIS2_PLACEMENT_3D('',#1712,#1713,#1714);
#1077=SURFACE_SIDE_STYLE('',(#1715));
#1078=EDGE_LOOP('',(#1716,#1717,#1718,#1719));
#1079=AXIS2_PLACEMENT_3D('',#1720,#1721,#1722);
#1080=SURFACE_SIDE_STYLE('',(#1723));
#1081=EDGE_LOOP('',(#1724));
#1082=AXIS2_PLACEMENT_3D('',#1725,#1726,#1727);
#1083=SURFACE_SIDE_STYLE('',(#1728));
#1084=EDGE_LOOP('',(#1729,#1730,#1731,#1732));
#1085=AXIS2_PLACEMENT_3D('',#1733,#1734,#1735);
#1086=SURFACE_SIDE_STYLE('',(#1736));
#1087=EDGE_LOOP('',(#1737));
#1088=EDGE_LOOP('',(#1738));
#1089=AXIS2_PLACEMENT_3D('',#1739,#1740,#1741);
#1090=SURFACE_SIDE_STYLE('',(#1742));
#1091=EDGE_LOOP('',(#1743));
#1092=EDGE_LOOP('',(#1744));
#1093=AXIS2_PLACEMENT_3D('',#1745,#1746,#1747);
#1094=SURFACE_SIDE_STYLE('',(#1748));
#1095=EDGE_LOOP('',(#1749,#1750,#1751,#1752));
#1096=AXIS2_PLACEMENT_3D('',#1753,#1754,#1755);
#1097=SURFACE_SIDE_STYLE('',(#1756));
#1098=EDGE_LOOP('',(#1757));
#1099=EDGE_LOOP('',(#1758));
#1100=AXIS2_PLACEMENT_3D('',#1759,#1760,#1761);
#1101=SURFACE_SIDE_STYLE('',(#1762));
#1102=EDGE_LOOP('',(#1763));
#1103=EDGE_LOOP('',(#1764));
#1104=AXIS2_PLACEMENT_3D('',#1765,#1766,#1767);
#1105=SURFACE_SIDE_STYLE('',(#1768));
#1106=EDGE_LOOP('',(#1769,#1770,#1771,#1772));
#1107=EDGE_LOOP('',(#1773));
#1108=EDGE_LOOP('',(#1774));
#1109=EDGE_LOOP('',(#1775));
#1110=EDGE_LOOP('',(#1776));
#1111=EDGE_LOOP('',(#1777));
#1112=EDGE_LOOP('',(#1778));
#1113=EDGE_LOOP('',(#1779));
#1114=EDGE_LOOP('',(#1780));
#1115=EDGE_LOOP('',(#1781));
#1116=EDGE_LOOP('',(#1782));
#1117=EDGE_LOOP('',(#1783));
#1118=EDGE_LOOP('',(#1784));
#1119=EDGE_LOOP('',(#1785));
#1120=EDGE_LOOP('',(#1786));
#1121=EDGE_LOOP('',(#1787));
#1122=EDGE_LOOP('',(#1788));
#1123=EDGE_LOOP('',(#1789));
#1124=EDGE_LOOP('',(#1790));
#1125=AXIS2_PLACEMENT_3D('',#1791,#1792,#1793);
#1126=SURFACE_SIDE_STYLE('',(#1794));
#1127=EDGE_LOOP('',(#1795));
#1128=EDGE_LOOP('',(#1796));
#1129=AXIS2_PLACEMENT_3D('',#1797,#1798,#1799);
#1130=SURFACE_SIDE_STYLE('',(#1800));
#1131=EDGE_LOOP('',(#1801));
#1132=EDGE_LOOP('',(#1802));
#1133=AXIS2_PLACEMENT_3D('',#1803,#1804,#1805);
#1134=SURFACE_SIDE_STYLE('',(#1806));
#1135=EDGE_LOOP('',(#1807,#1808,#1809,#1810));
#1136=AXIS2_PLACEMENT_3D('',#1811,#1812,#1813);
#1137=SURFACE_SIDE_STYLE('',(#1814));
#1138=EDGE_LOOP('',(#1815,#1816,#1817,#1818));
#1139=AXIS2_PLACEMENT_3D('',#1819,#1820,#1821);
#1140=SURFACE_SIDE_STYLE('',(#1822));
#1141=EDGE_LOOP('',(#1823));
#1142=EDGE_LOOP('',(#1824));
#1143=AXIS2_PLACEMENT_3D('',#1825,#1826,#1827);
#1144=SURFACE_SIDE_STYLE('',(#1828));
#1145=EDGE_LOOP('',(#1829));
#1146=EDGE_LOOP('',(#1830));
#1147=AXIS2_PLACEMENT_3D('',#1831,#1832,#1833);
#1148=SURFACE_SIDE_STYLE('',(#1834));
#1149=EDGE_LOOP('',(#1835));
#1150=EDGE_LOOP('',(#1836));
#1151=AXIS2_PLACEMENT_3D('',#1837,#1838,#1839);
#1152=SURFACE_SIDE_STYLE('',(#1840));
#1153=EDGE_LOOP('',(#1841));
#1154=EDGE_LOOP('',(#1842));
#1155=AXIS2_PLACEMENT_3D('',#1843,#1844,#1845);
#1156=SURFACE_SIDE_STYLE('',(#1846));
#1157=EDGE_LOOP('',(#1847,#1848,#1849,#1850));
#1158=AXIS2_PLACEMENT_3D('',#1851,#1852,#1853);
#1159=SURFACE_SIDE_STYLE('',(#1854));
#1160=EDGE_LOOP('',(#1855,#1856,#1857,#1858));
#1161=AXIS2_PLACEMENT_3D('',#1859,#1860,#1861);
#1162=SURFACE_SIDE_STYLE('',(#1862));
#1163=EDGE_LOOP('',(#1863));
#1164=EDGE_LOOP('',(#1864));
#1165=AXIS2_PLACEMENT_3D('',#1865,#1866,#1867);
#1166=SURFACE_SIDE_STYLE('',(#1868));
#1167=EDGE_LOOP('',(#1869,#1870,#1871,#1872));
#1168=AXIS2_PLACEMENT_3D('',#1873,#1874,#1875);
#1169=SURFACE_SIDE_STYLE('',(#1876));
#1170=EDGE_LOOP('',(#1877,#1878,#1879,#1880,#1881,#1882));
#1171=AXIS2_PLACEMENT_3D('',#1883,#1884,#1885);
#1172=SURFACE_SIDE_STYLE('',(#1886));
#1173=EDGE_LOOP('',(#1887));
#1174=EDGE_LOOP('',(#1888));
#1175=AXIS2_PLACEMENT_3D('',#1889,#1890,#1891);
#1176=SURFACE_SIDE_STYLE('',(#1892));
#1177=EDGE_LOOP('',(#1893));
#1178=EDGE_LOOP('',(#1894));
#1179=AXIS2_PLACEMENT_3D('',#1895,#1896,#1897);
#1180=SURFACE_SIDE_STYLE('',(#1898));
#1181=EDGE_LOOP('',(#1899));
#1182=EDGE_LOOP('',(#1900));
#1183=AXIS2_PLACEMENT_3D('',#1901,#1902,#1903);
#1184=SURFACE_SIDE_STYLE('',(#1904));
#1185=EDGE_LOOP('',(#1905));
#1186=EDGE_LOOP('',(#1906));
#1187=AXIS2_PLACEMENT_3D('',#1907,#1908,#1909);
#1188=SURFACE_SIDE_STYLE('',(#1910));
#1189=EDGE_LOOP('',(#1911,#1912,#1913,#1914));
#1190=EDGE_LOOP('',(#1915));
#1191=EDGE_LOOP('',(#1916));
#1192=AXIS2_PLACEMENT_3D('',#1917,#1918,#1919);
#1193=SURFACE_SIDE_STYLE('',(#1920));
#1194=EDGE_LOOP('',(#1921));
#1195=EDGE_LOOP('',(#1922));
#1196=AXIS2_PLACEMENT_3D('',#1923,#1924,#1925);
#1197=SURFACE_SIDE_STYLE('',(#1926));
#1198=EDGE_LOOP('',(#1927,#1928,#1929,#1930));
#1199=AXIS2_PLACEMENT_3D('',#1931,#1932,#1933);
#1200=SURFACE_SIDE_STYLE('',(#1934));
#1201=EDGE_LOOP('',(#1935,#1936,#1937,#1938));
#1202=AXIS2_PLACEMENT_3D('',#1939,#1940,#1941);
#1203=SURFACE_SIDE_STYLE('',(#1942));
#1204=EDGE_LOOP('',(#1943));
#1205=EDGE_LOOP('',(#1944));
#1206=AXIS2_PLACEMENT_3D('',#1945,#1946,#1947);
#1207=SURFACE_SIDE_STYLE('',(#1948));
#1208=EDGE_LOOP('',(#1949));
#1209=EDGE_LOOP('',(#1950));
#1210=AXIS2_PLACEMENT_3D('',#1951,#1952,#1953);
#1211=SURFACE_SIDE_STYLE('',(#1954));
#1212=EDGE_LOOP('',(#1955));
#1213=EDGE_LOOP('',(#1956));
#1214=AXIS2_PLACEMENT_3D('',#1957,#1958,#1959);
#1215=SURFACE_SIDE_STYLE('',(#1960));
#1216=EDGE_LOOP('',(#1961,#1962,#1963,#1964));
#1217=AXIS2_PLACEMENT_3D('',#1965,#1966,#1967);
#1218=SURFACE_SIDE_STYLE('',(#1968));
#1219=EDGE_LOOP('',(#1969));
#1220=EDGE_LOOP('',(#1970));
#1221=AXIS2_PLACEMENT_3D('',#1971,#1972,#1973);
#1222=SURFACE_SIDE_STYLE('',(#1974));
#1223=EDGE_LOOP('',(#1975));
#1224=EDGE_LOOP('',(#1976));
#1225=AXIS2_PLACEMENT_3D('',#1977,#1978,#1979);
#1226=SURFACE_SIDE_STYLE('',(#1980));
#1227=EDGE_LOOP('',(#1981,#1982,#1983,#1984));
#1228=AXIS2_PLACEMENT_3D('',#1985,#1986,#1987);
#1229=SURFACE_SIDE_STYLE('',(#1988));
#1230=EDGE_LOOP('',(#1989));
#1231=EDGE_LOOP('',(#1990));
#1232=AXIS2_PLACEMENT_3D('',#1991,#1992,#1993);
#1233=SURFACE_SIDE_STYLE('',(#1994));
#1234=EDGE_LOOP('',(#1995));
#1235=EDGE_LOOP('',(#1996));
#1236=AXIS2_PLACEMENT_3D('',#1997,#1998,#1999);
#1237=SURFACE_SIDE_STYLE('',(#2000));
#1238=EDGE_LOOP('',(#2001,#2002,#2003,#2004));
#1239=EDGE_LOOP('',(#2005,#2006,#2007,#2008,#2009,#2010));
#1240=EDGE_LOOP('',(#2011,#2012,#2013,#2014,#2015,#2016));
#1241=EDGE_LOOP('',(#2017,#2018,#2019,#2020,#2021,#2022));
#1242=EDGE_LOOP('',(#2023,#2024,#2025,#2026,#2027,#2028));
#1243=EDGE_LOOP('',(#2029,#2030,#2031,#2032,#2033,#2034));
#1244=EDGE_LOOP('',(#2035,#2036,#2037,#2038,#2039,#2040));
#1245=EDGE_LOOP('',(#2041,#2042,#2043,#2044,#2045,#2046));
#1246=EDGE_LOOP('',(#2047,#2048,#2049,#2050,#2051,#2052));
#1247=EDGE_LOOP('',(#2053));
#1248=EDGE_LOOP('',(#2054));
#1249=EDGE_LOOP('',(#2055));
#1250=EDGE_LOOP('',(#2056));
#1251=EDGE_LOOP('',(#2057));
#1252=EDGE_LOOP('',(#2058));
#1253=EDGE_LOOP('',(#2059));
#1254=EDGE_LOOP('',(#2060));
#1255=EDGE_LOOP('',(#2061));
#1256=EDGE_LOOP('',(#2062));
#1257=AXIS2_PLACEMENT_3D('',#2063,#2064,#2065);
#1258=SURFACE_SIDE_STYLE('',(#2066));
#1259=EDGE_LOOP('',(#2067));
#1260=EDGE_LOOP('',(#2068));
#1261=AXIS2_PLACEMENT_3D('',#2069,#2070,#2071);
#1262=SURFACE_SIDE_STYLE('',(#2072));
#1263=EDGE_LOOP('',(#2073,#2074,#2075,#2076));
#1264=AXIS2_PLACEMENT_3D('',#2077,#2078,#2079);
#1265=SURFACE_SIDE_STYLE('',(#2080));
#1266=EDGE_LOOP('',(#2081,#2082,#2083,#2084));
#1267=AXIS2_PLACEMENT_3D('',#2085,#2086,#2087);
#1268=SURFACE_SIDE_STYLE('',(#2088));
#1269=EDGE_LOOP('',(#2089,#2090,#2091,#2092,#2093,#2094));
#1270=AXIS2_PLACEMENT_3D('',#2095,#2096,#2097);
#1271=SURFACE_SIDE_STYLE('',(#2098));
#1272=EDGE_LOOP('',(#2099,#2100,#2101,#2102));
#1273=AXIS2_PLACEMENT_3D('',#2103,#2104,#2105);
#1274=SURFACE_SIDE_STYLE('',(#2106));
#1275=EDGE_LOOP('',(#2107,#2108,#2109,#2110,#2111,#2112));
#1276=AXIS2_PLACEMENT_3D('',#2113,#2114,#2115);
#1277=SURFACE_SIDE_STYLE('',(#2116));
#1278=EDGE_LOOP('',(#2117,#2118,#2119,#2120));
#1279=AXIS2_PLACEMENT_3D('',#2121,#2122,#2123);
#1280=SURFACE_SIDE_STYLE('',(#2124));
#1281=EDGE_LOOP('',(#2125,#2126,#2127,#2128));
#1282=AXIS2_PLACEMENT_3D('',#2129,#2130,#2131);
#1283=SURFACE_SIDE_STYLE('',(#2132));
#1284=EDGE_LOOP('',(#2133,#2134,#2135,#2136));
#1285=AXIS2_PLACEMENT_3D('',#2137,#2138,#2139);
#1286=SURFACE_SIDE_STYLE('',(#2140));
#1287=EDGE_LOOP('',(#2141,#2142,#2143,#2144));
#1288=AXIS2_PLACEMENT_3D('',#2145,#2146,#2147);
#1289=SURFACE_SIDE_STYLE('',(#2148));
#1290=EDGE_LOOP('',(#2149,#2150,#2151,#2152,#2153,#2154));
#1291=AXIS2_PLACEMENT_3D('',#2155,#2156,#2157);
#1292=SURFACE_SIDE_STYLE('',(#2158));
#1293=EDGE_LOOP('',(#2159,#2160,#2161,#2162));
#1294=AXIS2_PLACEMENT_3D('',#2163,#2164,#2165);
#1295=SURFACE_SIDE_STYLE('',(#2166));
#1296=EDGE_LOOP('',(#2167,#2168,#2169,#2170));
#1297=AXIS2_PLACEMENT_3D('',#2171,#2172,#2173);
#1298=SURFACE_SIDE_STYLE('',(#2174));
#1299=EDGE_LOOP('',(#2175,#2176,#2177,#2178));
#1300=AXIS2_PLACEMENT_3D('',#2179,#2180,#2181);
#1301=SURFACE_SIDE_STYLE('',(#2182));
#1302=EDGE_LOOP('',(#2183,#2184,#2185,#2186,#2187,#2188,#2189,#2190,#2191,#2192,#2193,#2194));
#1303=AXIS2_PLACEMENT_3D('',#2195,#2196,#2197);
#1304=SURFACE_SIDE_STYLE('',(#2198));
#1305=EDGE_LOOP('',(#2199,#2200,#2201,#2202));
#1306=AXIS2_PLACEMENT_3D('',#2203,#2204,#2205);
#1307=SURFACE_SIDE_STYLE('',(#2206));
#1308=EDGE_LOOP('',(#2207,#2208,#2209,#2210));
#1309=AXIS2_PLACEMENT_3D('',#2211,#2212,#2213);
#1310=SURFACE_SIDE_STYLE('',(#2214));
#1311=EDGE_LOOP('',(#2215));
#1312=EDGE_LOOP('',(#2216));
#1313=AXIS2_PLACEMENT_3D('',#2217,#2218,#2219);
#1314=SURFACE_SIDE_STYLE('',(#2220));
#1315=EDGE_LOOP('',(#2221));
#1316=EDGE_LOOP('',(#2222));
#1317=AXIS2_PLACEMENT_3D('',#2223,#2224,#2225);
#1318=SURFACE_SIDE_STYLE('',(#2226));
#1319=EDGE_LOOP('',(#2227,#2228,#2229,#2230,#2231,#2232));
#1320=AXIS2_PLACEMENT_3D('',#2233,#2234,#2235);
#1321=SURFACE_SIDE_STYLE('',(#2236));
#1322=EDGE_LOOP('',(#2237,#2238,#2239,#2240));
#1323=AXIS2_PLACEMENT_3D('',#2241,#2242,#2243);
#1324=SURFACE_SIDE_STYLE('',(#2244));
#1325=EDGE_LOOP('',(#2245));
#1326=EDGE_LOOP('',(#2246));
#1327=AXIS2_PLACEMENT_3D('',#2247,#2248,#2249);
#1328=SURFACE_SIDE_STYLE('',(#2250));
#1329=EDGE_LOOP('',(#2251));
#1330=EDGE_LOOP('',(#2252));
#1331=AXIS2_PLACEMENT_3D('',#2253,#2254,#2255);
#1332=SURFACE_SIDE_STYLE('',(#2256));
#1333=EDGE_LOOP('',(#2257));
#1334=EDGE_LOOP('',(#2258));
#1335=AXIS2_PLACEMENT_3D('',#2259,#2260,#2261);
#1336=SURFACE_SIDE_STYLE('',(#2262));
#1337=EDGE_LOOP('',(#2263));
#1338=EDGE_LOOP('',(#2264));
#1339=AXIS2_PLACEMENT_3D('',#2265,#2266,#2267);
#1340=SURFACE_SIDE_STYLE('',(#2268));
#1341=EDGE_LOOP('',(#2269));
#1342=EDGE_LOOP('',(#2270));
#1343=AXIS2_PLACEMENT_3D('',#2271,#2272,#2273);
#1344=SURFACE_SIDE_STYLE('',(#2274));
#1345=EDGE_LOOP('',(#2275));
#1346=EDGE_LOOP('',(#2276));
#1347=AXIS2_PLACEMENT_3D('',#2277,#2278,#2279);
#1348=SURFACE_SIDE_STYLE('',(#2280));
#1349=EDGE_LOOP('',(#2281,#2282,#2283,#2284));
#1350=AXIS2_PLACEMENT_3D('',#2285,#2286,#2287);
#1351=SURFACE_SIDE_STYLE('',(#2288));
#1352=EDGE_LOOP('',(#2289,#2290,#2291,#2292));
#1353=AXIS2_PLACEMENT_3D('',#2293,#2294,#2295);
#1354=SURFACE_SIDE_STYLE('',(#2296));
#1355=EDGE_LOOP('',(#2297,#2298,#2299,#2300));
#1356=AXIS2_PLACEMENT_3D('',#2301,#2302,#2303);
#1357=SURFACE_SIDE_STYLE('',(#2304));
#1358=EDGE_LOOP('',(#2305,#2306,#2307,#2308,#2309,#2310));
#1359=AXIS2_PLACEMENT_3D('',#2311,#2312,#2313);
#1360=SURFACE_SIDE_STYLE('',(#2314));
#1361=EDGE_LOOP('',(#2315,#2316,#2317,#2318));
#1362=AXIS2_PLACEMENT_3D('',#2319,#2320,#2321);
#1363=SURFACE_SIDE_STYLE('',(#2322));
#1364=EDGE_LOOP('',(#2323,#2324,#2325,#2326));
#1365=AXIS2_PLACEMENT_3D('',#2327,#2328,#2329);
#1366=SURFACE_SIDE_STYLE('',(#2330));
#1367=EDGE_LOOP('',(#2331));
#1368=AXIS2_PLACEMENT_3D('',#2332,#2333,#2334);
#1369=SURFACE_SIDE_STYLE('',(#2335));
#1370=EDGE_LOOP('',(#2336,#2337,#2338,#2339));
#1371=AXIS2_PLACEMENT_3D('',#2340,#2341,#2342);
#1372=SURFACE_SIDE_STYLE('',(#2343));
#1373=EDGE_LOOP('',(#2344));
#1374=EDGE_LOOP('',(#2345));
#1375=AXIS2_PLACEMENT_3D('',#2346,#2347,#2348);
#1376=SURFACE_SIDE_STYLE('',(#2349));
#1377=EDGE_LOOP('',(#2350));
#1378=EDGE_LOOP('',(#2351));
#1379=AXIS2_PLACEMENT_3D('',#2352,#2353,#2354);
#1380=SURFACE_SIDE_STYLE('',(#2355));
#1381=EDGE_LOOP('',(#2356,#2357,#2358,#2359));
#1382=EDGE_LOOP('',(#2360));
#1383=EDGE_LOOP('',(#2361));
#1384=AXIS2_PLACEMENT_3D('',#2362,#2363,#2364);
#1385=SURFACE_SIDE_STYLE('',(#2365));
#1386=EDGE_LOOP('',(#2366));
#1387=EDGE_LOOP('',(#2367));
#1388=AXIS2_PLACEMENT_3D('',#2368,#2369,#2370);
#1389=SURFACE_SIDE_STYLE('',(#2371));
#1390=EDGE_LOOP('',(#2372));
#1391=EDGE_LOOP('',(#2373));
#1392=AXIS2_PLACEMENT_3D('',#2374,#2375,#2376);
#1393=SURFACE_SIDE_STYLE('',(#2377));
#1394=EDGE_LOOP('',(#2378));
#1395=EDGE_LOOP('',(#2379));
#1396=AXIS2_PLACEMENT_3D('',#2380,#2381,#2382);
#1397=SURFACE_SIDE_STYLE('',(#2383));
#1398=EDGE_LOOP('',(#2384,#2385,#2386,#2387));
#1399=AXIS2_PLACEMENT_3D('',#2388,#2389,#2390);
#1400=SURFACE_SIDE_STYLE('',(#2391));
#1401=EDGE_LOOP('',(#2392));
#1402=EDGE_LOOP('',(#2393));
#1403=AXIS2_PLACEMENT_3D('',#2394,#2395,#2396);
#1404=SURFACE_SIDE_STYLE('',(#2397));
#1405=EDGE_LOOP('',(#2398));
#1406=AXIS2_PLACEMENT_3D('',#2399,#2400,#2401);
#1407=SURFACE_SIDE_STYLE('',(#2402));
#1408=EDGE_LOOP('',(#2403));
#1409=EDGE_LOOP('',(#2404));
#1410=AXIS2_PLACEMENT_3D('',#2405,#2406,#2407);
#1411=SURFACE_SIDE_STYLE('',(#2408));
#1412=EDGE_LOOP('',(#2409));
#1413=EDGE_LOOP('',(#2410));
#1414=AXIS2_PLACEMENT_3D('',#2411,#2412,#2413);
#1415=SURFACE_SIDE_STYLE('',(#2414));
#1416=EDGE_LOOP('',(#2415));
#1417=AXIS2_PLACEMENT_3D('',#2416,#2417,#2418);
#1418=SURFACE_SIDE_STYLE('',(#2419));
#1419=EDGE_LOOP('',(#2420,#2421,#2422,#2423));
#1420=AXIS2_PLACEMENT_3D('',#2424,#2425,#2426);
#1421=SURFACE_SIDE_STYLE('',(#2427));
#1422=EDGE_LOOP('',(#2428,#2429,#2430,#2431));
#1423=AXIS2_PLACEMENT_3D('',#2432,#2433,#2434);
#1424=SURFACE_SIDE_STYLE('',(#2435));
#1425=EDGE_LOOP('',(#2436,#2437,#2438,#2439));
#1426=AXIS2_PLACEMENT_3D('',#2440,#2441,#2442);
#1427=SURFACE_SIDE_STYLE('',(#2443));
#1428=EDGE_LOOP('',(#2444));
#1429=AXIS2_PLACEMENT_3D('',#2445,#2446,#2447);
#1430=SURFACE_SIDE_STYLE('',(#2448));
#1431=EDGE_LOOP('',(#2449));
#1432=EDGE_LOOP('',(#2450));
#1433=AXIS2_PLACEMENT_3D('',#2451,#2452,#2453);
#1434=SURFACE_SIDE_STYLE('',(#2454));
#1435=EDGE_LOOP('',(#2455,#2456,#2457,#2458));
#1436=AXIS2_PLACEMENT_3D('',#2459,#2460,#2461);
#1437=SURFACE_SIDE_STYLE('',(#2462));
#1438=EDGE_LOOP('',(#2463,#2464,#2465,#2466));
#1439=AXIS2_PLACEMENT_3D('',#2467,#2468,#2469);
#1440=SURFACE_SIDE_STYLE('',(#2470));
#1441=EDGE_LOOP('',(#2471,#2472,#2473,#2474));
#1442=AXIS2_PLACEMENT_3D('',#2475,#2476,#2477);
#1443=SURFACE_SIDE_STYLE('',(#2478));
#1444=EDGE_LOOP('',(#2479,#2480,#2481,#2482));
#1445=AXIS2_PLACEMENT_3D('',#2483,#2484,#2485);
#1446=SURFACE_SIDE_STYLE('',(#2486));
#1447=EDGE_LOOP('',(#2487));
#1448=EDGE_LOOP('',(#2488));
#1449=AXIS2_PLACEMENT_3D('',#2489,#2490,#2491);
#1450=SURFACE_SIDE_STYLE('',(#2492));
#1451=EDGE_LOOP('',(#2493));
#1452=EDGE_LOOP('',(#2494));
#1453=AXIS2_PLACEMENT_3D('',#2495,#2496,#2497);
#1454=SURFACE_SIDE_STYLE('',(#2498));
#1455=EDGE_LOOP('',(#2499));
#1456=EDGE_LOOP('',(#2500));
#1457=AXIS2_PLACEMENT_3D('',#2501,#2502,#2503);
#1458=SURFACE_SIDE_STYLE('',(#2504));
#1459=EDGE_LOOP('',(#2505));
#1460=EDGE_LOOP('',(#2506));
#1461=AXIS2_PLACEMENT_3D('',#2507,#2508,#2509);
#1462=SURFACE_SIDE_STYLE('',(#2510));
#1463=EDGE_LOOP('',(#2511));
#1464=EDGE_LOOP('',(#2512));
#1465=AXIS2_PLACEMENT_3D('',#2513,#2514,#2515);
#1466=SURFACE_SIDE_STYLE('',(#2516));
#1467=EDGE_LOOP('',(#2517));
#1468=EDGE_LOOP('',(#2518));
#1469=AXIS2_PLACEMENT_3D('',#2519,#2520,#2521);
#1470=SURFACE_SIDE_STYLE('',(#2522));
#1471=EDGE_LOOP('',(#2523));
#1472=EDGE_LOOP('',(#2524));
#1473=AXIS2_PLACEMENT_3D('',#2525,#2526,#2527);
#1474=SURFACE_SIDE_STYLE('',(#2528));
#1475=EDGE_LOOP('',(#2529));
#1476=EDGE_LOOP('',(#2530));
#1477=AXIS2_PLACEMENT_3D('',#2531,#2532,#2533);
#1478=SURFACE_SIDE_STYLE('',(#2534));
#1479=EDGE_LOOP('',(#2535));
#1480=EDGE_LOOP('',(#2536));
#1481=AXIS2_PLACEMENT_3D('',#2537,#2538,#2539);
#1482=SURFACE_SIDE_STYLE('',(#2540));
#1483=EDGE_LOOP('',(#2541));
#1484=AXIS2_PLACEMENT_3D('',#2542,#2543,#2544);
#1485=SURFACE_SIDE_STYLE('',(#2545));
#1486=EDGE_LOOP('',(#2546));
#1487=AXIS2_PLACEMENT_3D('',#2547,#2548,#2549);
#1488=SURFACE_SIDE_STYLE('',(#2550));
#1489=EDGE_LOOP('',(#2551,#2552,#2553,#2554));
#1490=AXIS2_PLACEMENT_3D('',#2555,#2556,#2557);
#1491=SURFACE_SIDE_STYLE('',(#2558));
#1492=EDGE_LOOP('',(#2559,#2560,#2561,#2562));
#1493=AXIS2_PLACEMENT_3D('',#2563,#2564,#2565);
#1494=SURFACE_SIDE_STYLE('',(#2566));
#1495=EDGE_LOOP('',(#2567,#2568,#2569,#2570));
#1496=AXIS2_PLACEMENT_3D('',#2571,#2572,#2573);
#1498=SURFACE_STYLE_FILL_AREA(#2574);
#1499=ORIENTED_EDGE('',*,*,#2575,.F.);
#1500=ORIENTED_EDGE('',*,*,#2576,.F.);
#1501=CARTESIAN_POINT('',(0.00350000000000003,0.2187,0.053501));
#1502=DIRECTION('',(9.86076131526265E-032,0.0,-1.0));
#1503=DIRECTION('',(1.0,0.0,9.86076131526265E-032));
#1504=SURFACE_STYLE_FILL_AREA(#2577);
#1505=ORIENTED_EDGE('',*,*,#2578,.F.);
#1506=ORIENTED_EDGE('',*,*,#2579,.F.);
#1507=CARTESIAN_POINT('',(-0.00275000000000009,-0.00475099999999998,3.46944695195361E-018));
#1508=DIRECTION('',(-1.97215226305253E-031,0.0,1.0));
#1509=DIRECTION('',(0.0,-1.0,0.0));
#1510=SURFACE_STYLE_FILL_AREA(#2580);
#1511=ORIENTED_EDGE('',*,*,#2581,.F.);
#1512=ORIENTED_EDGE('',*,*,#2582,.F.);
#1513=CARTESIAN_POINT('',(0.00350000000000003,0.1155,0.053501));
#1514=DIRECTION('',(9.86076131526265E-032,0.0,-1.0));
#1515=DIRECTION('',(1.0,0.0,9.86076131526265E-032));
#1516=SURFACE_STYLE_FILL_AREA(#2583);
#1517=ORIENTED_EDGE('',*,*,#2584,.T.);
#1518=ORIENTED_EDGE('',*,*,#2585,.F.);
#1519=CARTESIAN_POINT('',(0.22675,0.19675,0.053501));
#1520=DIRECTION('',(1.97215226305253E-031,0.0,-1.0));
#1521=DIRECTION('',(1.0,0.0,1.97215226305253E-031));
#1522=SURFACE_STYLE_FILL_AREA(#2586);
#1523=ORIENTED_EDGE('',*,*,#2587,.F.);
#1524=ORIENTED_EDGE('',*,*,#2588,.F.);
#1525=ORIENTED_EDGE('',*,*,#2589,.T.);
#1526=ORIENTED_EDGE('',*,*,#2590,.T.);
#1527=ORIENTED_EDGE('',*,*,#2591,.F.);
#1528=ORIENTED_EDGE('',*,*,#2592,.F.);
#1529=ORIENTED_EDGE('',*,*,#2593,.F.);
#1530=ORIENTED_EDGE('',*,*,#2594,.F.);
#1531=ORIENTED_EDGE('',*,*,#2595,.F.);
#1532=ORIENTED_EDGE('',*,*,#2596,.T.);
#1533=ORIENTED_EDGE('',*,*,#2597,.F.);
#1534=ORIENTED_EDGE('',*,*,#2598,.F.);
#1535=CARTESIAN_POINT('',(0.24675,0.23525,-0.0075));
#1536=DIRECTION('',(0.0,1.0,0.0));
#1537=DIRECTION('',(-1.0,0.0,7.6571373978539E-016));
#1538=SURFACE_STYLE_FILL_AREA(#2599);
#1539=ORIENTED_EDGE('',*,*,#2600,.T.);
#1540=ORIENTED_EDGE('',*,*,#2601,.T.);
#1541=ORIENTED_EDGE('',*,*,#2592,.T.);
#1542=ORIENTED_EDGE('',*,*,#2602,.F.);
#1543=CARTESIAN_POINT('',(-0.00275000000000009,-0.00475099999999998,-0.0015));
#1544=DIRECTION('',(0.0,1.0,0.0));
#1545=DIRECTION('',(1.97215226305253E-031,0.0,-1.0));
#1546=SURFACE_STYLE_FILL_AREA(#2603);
#1547=ORIENTED_EDGE('',*,*,#2604,.F.);
#1548=ORIENTED_EDGE('',*,*,#2605,.F.);
#1549=ORIENTED_EDGE('',*,*,#2606,.T.);
#1550=ORIENTED_EDGE('',*,*,#2607,.T.);
#1551=CARTESIAN_POINT('',(0.00627128129210991,0.0102,-0.00739999999999991));
#1552=DIRECTION('',(0.866025403784435,-0.500000000000007,-6.63127550680932E-016));
#1553=DIRECTION('',(0.500000000000007,0.866025403784435,-3.828568698927E-016));
#1554=SURFACE_STYLE_FILL_AREA(#2608);
#1555=ORIENTED_EDGE('',*,*,#2609,.T.);
#1556=ORIENTED_EDGE('',*,*,#2610,.T.);
#1557=CARTESIAN_POINT('',(-0.00875000000000007,0.22525,0.0334999999999999));
#1558=DIRECTION('',(-1.0,-0.0,-9.86076131526265E-032));
#1559=DIRECTION('',(9.86076131526265E-032,0.0,-1.0));
#1560=SURFACE_STYLE_FILL_AREA(#2611);
#1561=ORIENTED_EDGE('',*,*,#2612,.F.);
#1562=CARTESIAN_POINT('',(-0.00275000000000009,-0.00475099999999998,-0.005));
#1563=DIRECTION('',(-1.97215226305253E-031,0.0,1.0));
#1564=DIRECTION('',(0.0,-1.0,0.0));
#1565=SURFACE_STYLE_FILL_AREA(#2613);
#1566=ORIENTED_EDGE('',*,*,#2614,.F.);
#1567=ORIENTED_EDGE('',*,*,#2615,.F.);
#1568=ORIENTED_EDGE('',*,*,#2616,.T.);
#1569=ORIENTED_EDGE('',*,*,#2617,.T.);
#1570=CARTESIAN_POINT('',(0.0035,0.1123,-0.00739999999999991));
#1571=DIRECTION('',(0.0,-1.0,0.0));
#1572=DIRECTION('',(7.6571373978539E-016,0.0,1.0));
#1573=SURFACE_STYLE_FILL_AREA(#2618);
#1574=ORIENTED_EDGE('',*,*,#2619,.F.);
#1575=ORIENTED_EDGE('',*,*,#2620,.F.);
#1576=ORIENTED_EDGE('',*,*,#2621,.T.);
#1577=ORIENTED_EDGE('',*,*,#2622,.T.);
#1578=CARTESIAN_POINT('',(0.2295,0.1187,-0.00740000000000008));
#1579=DIRECTION('',(0.0,1.0,0.0));
#1580=DIRECTION('',(-1.0,0.0,7.6571373978539E-016));
#1581=SURFACE_STYLE_FILL_AREA(#2623);
#1582=ORIENTED_EDGE('',*,*,#2624,.T.);
#1583=ORIENTED_EDGE('',*,*,#2625,.F.);
#1584=CARTESIAN_POINT('',(0.01125,0.21525,0.053501));
#1585=DIRECTION('',(2.95822839457879E-031,0.0,-1.0));
#1586=DIRECTION('',(1.0,0.0,2.95822839457879E-031));
#1587=SURFACE_STYLE_FILL_AREA(#2626);
#1588=ORIENTED_EDGE('',*,*,#2627,.T.);
#1589=ORIENTED_EDGE('',*,*,#2628,.T.);
#1590=CARTESIAN_POINT('',(0.24675,0.00525,0.0334999999999999));
#1591=DIRECTION('',(1.0,-0.0,9.86076131526265E-032));
#1592=DIRECTION('',(-9.86076131526265E-032,0.0,1.0));
#1593=SURFACE_STYLE_FILL_AREA(#2629);
#1594=ORIENTED_EDGE('',*,*,#2630,.T.);
#1595=ORIENTED_EDGE('',*,*,#2631,.T.);
#1596=ORIENTED_EDGE('',*,*,#2632,.T.);
#1597=ORIENTED_EDGE('',*,*,#2633,.T.);
#1598=ORIENTED_EDGE('',*,*,#2634,.T.);
#1599=ORIENTED_EDGE('',*,*,#2635,.T.);
#1600=CARTESIAN_POINT('',(0.2175,0.2165,-0.00730000000000007));
#1601=DIRECTION('',(7.6571373978539E-016,0.0,1.0));
#1602=DIRECTION('',(0.0,-1.0,0.0));
#1603=SURFACE_STYLE_FILL_AREA(#2636);
#1604=ORIENTED_EDGE('',*,*,#2637,.T.);
#1605=ORIENTED_EDGE('',*,*,#2638,.T.);
#1606=CARTESIAN_POINT('',(0.2295,0.1155,-0.000199999999999994));
#1607=DIRECTION('',(-1.97215226305253E-031,0.0,1.0));
#1608=DIRECTION('',(-1.0,0.0,-1.97215226305253E-031));
#1609=SURFACE_STYLE_FILL_AREA(#2639);
#1610=ORIENTED_EDGE('',*,*,#2640,.F.);
#1611=ORIENTED_EDGE('',*,*,#2641,.F.);
#1612=CARTESIAN_POINT('',(-0.00275000000000009,-0.00475099999999998,3.46944695195361E-018));
#1613=DIRECTION('',(-1.97215226305253E-031,0.0,1.0));
#1614=DIRECTION('',(0.0,-1.0,0.0));
#1615=SURFACE_STYLE_FILL_AREA(#2642);
#1616=ORIENTED_EDGE('',*,*,#2643,.F.);
#1617=ORIENTED_EDGE('',*,*,#2644,.F.);
#1618=ORIENTED_EDGE('',*,*,#2645,.T.);
#1619=ORIENTED_EDGE('',*,*,#2646,.T.);
#1620=CARTESIAN_POINT('',(0.000728718707889982,0.1171,-0.00739999999999991));
#1621=DIRECTION('',(-0.866025403784437,0.500000000000002,6.63127550680934E-016));
#1622=DIRECTION('',(7.6571373978539E-016,0.0,1.0));
#1623=SURFACE_STYLE_FILL_AREA(#2647);
#1624=ORIENTED_EDGE('',*,*,#2648,.F.);
#1625=ORIENTED_EDGE('',*,*,#2649,.F.);
#1626=ORIENTED_EDGE('',*,*,#2650,.T.);
#1627=ORIENTED_EDGE('',*,*,#2651,.T.);
#1628=CARTESIAN_POINT('',(0.23227128129211,0.1139,-0.00740000000000009));
#1629=DIRECTION('',(0.866025403784442,-0.499999999999995,-6.63127550680937E-016));
#1630=DIRECTION('',(0.499999999999995,0.866025403784442,-3.82856869892691E-016));
#1631=SURFACE_STYLE_FILL_AREA(#2652);
#1632=ORIENTED_EDGE('',*,*,#2635,.F.);
#1633=ORIENTED_EDGE('',*,*,#2653,.F.);
#1634=ORIENTED_EDGE('',*,*,#2654,.T.);
#1635=ORIENTED_EDGE('',*,*,#2655,.T.);
#1636=CARTESIAN_POINT('',(0.21472871870789,0.2181,-0.00740000000000007));
#1637=DIRECTION('',(-0.866025403784442,0.499999999999995,6.63127550680937E-016));
#1638=DIRECTION('',(7.6571373978539E-016,0.0,1.0));
#1639=SURFACE_STYLE_FILL_AREA(#2656);
#1640=ORIENTED_EDGE('',*,*,#2657,.F.);
#1641=ORIENTED_EDGE('',*,*,#2658,.F.);
#1642=ORIENTED_EDGE('',*,*,#2659,.T.);
#1643=ORIENTED_EDGE('',*,*,#2615,.T.);
#1644=CARTESIAN_POINT('',(0.00627128129210991,0.1139,-0.00739999999999991));
#1645=DIRECTION('',(0.866025403784437,-0.500000000000002,-6.63127550680934E-016));
#1646=DIRECTION('',(0.500000000000002,0.866025403784437,-3.82856869892697E-016));
#1647=SURFACE_STYLE_FILL_AREA(#2660);
#1648=ORIENTED_EDGE('',*,*,#2634,.F.);
#1649=ORIENTED_EDGE('',*,*,#2661,.F.);
#1650=ORIENTED_EDGE('',*,*,#2662,.T.);
#1651=ORIENTED_EDGE('',*,*,#2653,.T.);
#1652=CARTESIAN_POINT('',(0.21472871870789,0.2149,-0.00740000000000007));
#1653=DIRECTION('',(-0.866025403784442,-0.499999999999995,6.63127550680937E-016));
#1654=DIRECTION('',(7.6571373978539E-016,0.0,1.0));
#1655=SURFACE_STYLE_FILL_AREA(#2663);
#1656=ORIENTED_EDGE('',*,*,#2664,.F.);
#1657=ORIENTED_EDGE('',*,*,#2665,.F.);
#1658=ORIENTED_EDGE('',*,*,#2666,.T.);
#1659=ORIENTED_EDGE('',*,*,#2620,.T.);
#1660=CARTESIAN_POINT('',(0.22672871870789,0.1171,-0.00740000000000008));
#1661=DIRECTION('',(-0.866025403784442,0.499999999999995,6.63127550680937E-016));
#1662=DIRECTION('',(7.6571373978539E-016,0.0,1.0));
#1663=SURFACE_STYLE_FILL_AREA(#2667);
#1664=ORIENTED_EDGE('',*,*,#2668,.T.);
#1665=ORIENTED_EDGE('',*,*,#2669,.T.);
#1666=ORIENTED_EDGE('',*,*,#2595,.T.);
#1667=ORIENTED_EDGE('',*,*,#2670,.F.);
#1668=ORIENTED_EDGE('',*,*,#2671,.F.);
#1669=ORIENTED_EDGE('',*,*,#2672,.F.);
#1670=CARTESIAN_POINT('',(0.24525,-0.00475099999999998,-0.0015));
#1671=DIRECTION('',(-1.0,5.86317531296128E-031,7.6571373978539E-016));
#1672=DIRECTION('',(-7.6571373978539E-016,-7.6571373978539E-016,-1.0));
#1673=SURFACE_STYLE_FILL_AREA(#2673);
#1674=ORIENTED_EDGE('',*,*,#2674,.T.);
#1675=ORIENTED_EDGE('',*,*,#2675,.F.);
#1676=CARTESIAN_POINT('',(0.00350000000000003,0.1155,0.053501));
#1677=DIRECTION('',(1.97215226305253E-031,0.0,-1.0));
#1678=DIRECTION('',(1.0,0.0,1.97215226305253E-031));
#1679=SURFACE_STYLE_FILL_AREA(#2676);
#1680=ORIENTED_EDGE('',*,*,#2677,.T.);
#1681=ORIENTED_EDGE('',*,*,#2678,.T.);
#1682=ORIENTED_EDGE('',*,*,#2589,.F.);
#1683=ORIENTED_EDGE('',*,*,#2679,.F.);
#1684=ORIENTED_EDGE('',*,*,#2609,.F.);
#1685=ORIENTED_EDGE('',*,*,#2680,.F.);
#1686=CARTESIAN_POINT('',(-0.00875000000000009,0.23525,-0.0075));
#1687=DIRECTION('',(-1.0,5.86317531296128E-031,7.6571373978539E-016));
#1688=DIRECTION('',(-7.6571373978539E-016,-7.6571373978539E-016,-1.0));
#1689=SURFACE_STYLE_FILL_AREA(#2681);
#1690=ORIENTED_EDGE('',*,*,#2682,.F.);
#1691=ORIENTED_EDGE('',*,*,#2683,.F.);
#1692=ORIENTED_EDGE('',*,*,#2684,.T.);
#1693=ORIENTED_EDGE('',*,*,#2685,.T.);
#1694=CARTESIAN_POINT('',(0.22672871870789,0.0102,-0.00740000000000008));
#1695=DIRECTION('',(-0.866025403784439,-0.499999999999999,6.63127550680935E-016));
#1696=DIRECTION('',(7.6571373978539E-016,0.0,1.0));
#1697=SURFACE_STYLE_FILL_AREA(#2686);
#1698=ORIENTED_EDGE('',*,*,#2687,.T.);
#1699=ORIENTED_EDGE('',*,*,#2688,.T.);
#1700=ORIENTED_EDGE('',*,*,#2689,.T.);
#1701=ORIENTED_EDGE('',*,*,#2690,.T.);
#1702=ORIENTED_EDGE('',*,*,#2682,.T.);
#1703=ORIENTED_EDGE('',*,*,#2691,.T.);
#1704=CARTESIAN_POINT('',(0.2295,0.0118,-0.00730000000000008));
#1705=DIRECTION('',(7.6571373978539E-016,0.0,1.0));
#1706=DIRECTION('',(0.0,-1.0,0.0));
#1707=SURFACE_STYLE_FILL_AREA(#2692);
#1708=ORIENTED_EDGE('',*,*,#2693,.F.);
#1709=ORIENTED_EDGE('',*,*,#2694,.F.);
#1710=ORIENTED_EDGE('',*,*,#2695,.T.);
#1711=ORIENTED_EDGE('',*,*,#2696,.T.);
#1712=CARTESIAN_POINT('',(0.0035,0.2219,-0.00739999999999991));
#1713=DIRECTION('',(0.0,1.0,0.0));
#1714=DIRECTION('',(-1.0,0.0,7.6571373978539E-016));
#1715=SURFACE_STYLE_FILL_AREA(#2697);
#1716=ORIENTED_EDGE('',*,*,#2687,.F.);
#1717=ORIENTED_EDGE('',*,*,#2698,.F.);
#1718=ORIENTED_EDGE('',*,*,#2699,.T.);
#1719=ORIENTED_EDGE('',*,*,#2700,.T.);
#1720=CARTESIAN_POINT('',(0.2295,0.015,-0.00740000000000008));
#1721=DIRECTION('',(0.0,1.0,0.0));
#1722=DIRECTION('',(-1.0,0.0,7.6571373978539E-016));
#1723=SURFACE_STYLE_FILL_AREA(#2701);
#1724=ORIENTED_EDGE('',*,*,#2674,.F.);
#1725=CARTESIAN_POINT('',(-0.00275000000000009,-0.00475099999999998,-0.005));
#1726=DIRECTION('',(-1.97215226305253E-031,0.0,1.0));
#1727=DIRECTION('',(0.0,-1.0,0.0));
#1728=SURFACE_STYLE_FILL_AREA(#2702);
#1729=ORIENTED_EDGE('',*,*,#2703,.F.);
#1730=ORIENTED_EDGE('',*,*,#2704,.F.);
#1731=ORIENTED_EDGE('',*,*,#2705,.T.);
#1732=ORIENTED_EDGE('',*,*,#2706,.T.);
#1733=CARTESIAN_POINT('',(0.0035,0.015,-0.00739999999999991));
#1734=DIRECTION('',(0.0,1.0,0.0));
#1735=DIRECTION('',(-1.0,0.0,7.6571373978539E-016));
#1736=SURFACE_STYLE_FILL_AREA(#2707);
#1737=ORIENTED_EDGE('',*,*,#2708,.F.);
#1738=ORIENTED_EDGE('',*,*,#2709,.F.);
#1739=CARTESIAN_POINT('',(0.00350000000000003,0.0118,0.053501));
#1740=DIRECTION('',(9.86076131526265E-032,0.0,-1.0));
#1741=DIRECTION('',(1.0,0.0,9.86076131526265E-032));
#1742=SURFACE_STYLE_FILL_AREA(#2710);
#1743=ORIENTED_EDGE('',*,*,#2711,.T.);
#1744=ORIENTED_EDGE('',*,*,#2675,.T.);
#1745=CARTESIAN_POINT('',(0.0035,0.1155,-0.000200000000000001));
#1746=DIRECTION('',(-1.97215226305253E-031,0.0,1.0));
#1747=DIRECTION('',(-1.0,0.0,-1.97215226305253E-031));
#1748=SURFACE_STYLE_FILL_AREA(#2712);
#1749=ORIENTED_EDGE('',*,*,#2713,.F.);
#1750=ORIENTED_EDGE('',*,*,#2706,.F.);
#1751=ORIENTED_EDGE('',*,*,#2714,.T.);
#1752=ORIENTED_EDGE('',*,*,#2605,.T.);
#1753=CARTESIAN_POINT('',(0.00627128129210991,0.0134,-0.00739999999999991));
#1754=DIRECTION('',(0.866025403784435,0.500000000000007,-6.63127550680932E-016));
#1755=DIRECTION('',(-7.6571373978539E-016,0.0,-1.0));
#1756=SURFACE_STYLE_FILL_AREA(#2715);
#1757=ORIENTED_EDGE('',*,*,#2582,.T.);
#1758=ORIENTED_EDGE('',*,*,#2716,.T.);
#1759=CARTESIAN_POINT('',(0.0035,0.1155,0.0));
#1760=DIRECTION('',(9.86076131526265E-032,-0.0,-1.0));
#1761=DIRECTION('',(1.0,0.0,9.86076131526265E-032));
#1762=SURFACE_STYLE_FILL_AREA(#2717);
#1763=ORIENTED_EDGE('',*,*,#2718,.T.);
#1764=ORIENTED_EDGE('',*,*,#2719,.T.);
#1765=CARTESIAN_POINT('',(0.119,0.00425,-0.0075));
#1766=DIRECTION('',(1.97215226305253E-031,-0.0,-1.0));
#1767=DIRECTION('',(1.0,0.0,1.97215226305253E-031));
#1768=SURFACE_STYLE_FILL_AREA(#2720);
#1769=ORIENTED_EDGE('',*,*,#2721,.T.);
#1770=ORIENTED_EDGE('',*,*,#2722,.T.);
#1771=ORIENTED_EDGE('',*,*,#2593,.T.);
#1772=ORIENTED_EDGE('',*,*,#2601,.F.);
#1773=ORIENTED_EDGE('',*,*,#2708,.T.);
#1774=ORIENTED_EDGE('',*,*,#2581,.T.);
#1775=ORIENTED_EDGE('',*,*,#2575,.T.);
#1776=ORIENTED_EDGE('',*,*,#2625,.T.);
#1777=ORIENTED_EDGE('',*,*,#2723,.T.);
#1778=ORIENTED_EDGE('',*,*,#2724,.T.);
#1779=ORIENTED_EDGE('',*,*,#2725,.T.);
#1780=ORIENTED_EDGE('',*,*,#2726,.T.);
#1781=ORIENTED_EDGE('',*,*,#2727,.T.);
#1782=ORIENTED_EDGE('',*,*,#2585,.T.);
#1783=ORIENTED_EDGE('',*,*,#2728,.T.);
#1784=ORIENTED_EDGE('',*,*,#2729,.T.);
#1785=ORIENTED_EDGE('',*,*,#2730,.T.);
#1786=ORIENTED_EDGE('',*,*,#2731,.T.);
#1787=ORIENTED_EDGE('',*,*,#2732,.T.);
#1788=ORIENTED_EDGE('',*,*,#2733,.T.);
#1789=ORIENTED_EDGE('',*,*,#2734,.T.);
#1790=ORIENTED_EDGE('',*,*,#2735,.T.);
#1791=CARTESIAN_POINT('',(-0.00275000000000009,-0.00475099999999998,-0.006));
#1792=DIRECTION('',(-1.97215226305253E-031,0.0,1.0));
#1793=DIRECTION('',(0.0,-1.0,0.0));
#1794=SURFACE_STYLE_FILL_AREA(#2736);
#1795=ORIENTED_EDGE('',*,*,#2612,.T.);
#1796=ORIENTED_EDGE('',*,*,#2737,.F.);
#1797=CARTESIAN_POINT('',(0.00350000000000003,0.0118,0.053501));
#1798=DIRECTION('',(1.97215226305253E-031,0.0,-1.0));
#1799=DIRECTION('',(1.0,0.0,1.97215226305253E-031));
#1800=SURFACE_STYLE_FILL_AREA(#2738);
#1801=ORIENTED_EDGE('',*,*,#2724,.F.);
#1802=ORIENTED_EDGE('',*,*,#2739,.F.);
#1803=CARTESIAN_POINT('',(0.119,0.22625,0.053501));
#1804=DIRECTION('',(1.97215226305253E-031,0.0,-1.0));
#1805=DIRECTION('',(1.0,0.0,1.97215226305253E-031));
#1806=SURFACE_STYLE_FILL_AREA(#2740);
#1807=ORIENTED_EDGE('',*,*,#2741,.F.);
#1808=ORIENTED_EDGE('',*,*,#2742,.F.);
#1809=ORIENTED_EDGE('',*,*,#2743,.T.);
#1810=ORIENTED_EDGE('',*,*,#2658,.T.);
#1811=CARTESIAN_POINT('',(0.00627128129210991,0.1171,-0.00739999999999991));
#1812=DIRECTION('',(0.866025403784437,0.500000000000002,-6.63127550680934E-016));
#1813=DIRECTION('',(-7.6571373978539E-016,0.0,-1.0));
#1814=SURFACE_STYLE_FILL_AREA(#2744);
#1815=ORIENTED_EDGE('',*,*,#2745,.F.);
#1816=ORIENTED_EDGE('',*,*,#2746,.F.);
#1817=ORIENTED_EDGE('',*,*,#2747,.T.);
#1818=ORIENTED_EDGE('',*,*,#2665,.T.);
#1819=CARTESIAN_POINT('',(0.22672871870789,0.1139,-0.00740000000000008));
#1820=DIRECTION('',(-0.866025403784442,-0.499999999999995,6.63127550680937E-016));
#1821=DIRECTION('',(7.6571373978539E-016,0.0,1.0));
#1822=SURFACE_STYLE_FILL_AREA(#2748);
#1823=ORIENTED_EDGE('',*,*,#2731,.F.);
#1824=ORIENTED_EDGE('',*,*,#2749,.F.);
#1825=CARTESIAN_POINT('',(0.2295,0.0118,0.053501));
#1826=DIRECTION('',(9.86076131526265E-032,0.0,-1.0));
#1827=DIRECTION('',(1.0,0.0,9.86076131526265E-032));
#1828=SURFACE_STYLE_FILL_AREA(#2750);
#1829=ORIENTED_EDGE('',*,*,#2725,.F.);
#1830=ORIENTED_EDGE('',*,*,#2751,.F.);
#1831=CARTESIAN_POINT('',(0.1275,0.2187,0.053501));
#1832=DIRECTION('',(9.86076131526265E-032,0.0,-1.0));
#1833=DIRECTION('',(1.0,0.0,9.86076131526265E-032));
#1834=SURFACE_STYLE_FILL_AREA(#2752);
#1835=ORIENTED_EDGE('',*,*,#2753,.T.);
#1836=ORIENTED_EDGE('',*,*,#2754,.F.);
#1837=CARTESIAN_POINT('',(0.1365,0.0118,0.053501));
#1838=DIRECTION('',(1.97215226305253E-031,0.0,-1.0));
#1839=DIRECTION('',(1.0,0.0,1.97215226305253E-031));
#1840=SURFACE_STYLE_FILL_AREA(#2755);
#1841=ORIENTED_EDGE('',*,*,#2756,.T.);
#1842=ORIENTED_EDGE('',*,*,#2723,.F.);
#1843=CARTESIAN_POINT('',(0.01125,0.19675,0.053501));
#1844=DIRECTION('',(1.97215226305253E-031,0.0,-1.0));
#1845=DIRECTION('',(1.0,0.0,1.97215226305253E-031));
#1846=SURFACE_STYLE_FILL_AREA(#2757);
#1847=ORIENTED_EDGE('',*,*,#2758,.F.);
#1848=ORIENTED_EDGE('',*,*,#2759,.F.);
#1849=ORIENTED_EDGE('',*,*,#2760,.T.);
#1850=ORIENTED_EDGE('',*,*,#2761,.T.);
#1851=CARTESIAN_POINT('',(0.1275,0.2219,-0.00740000000000001));
#1852=DIRECTION('',(0.0,1.0,0.0));
#1853=DIRECTION('',(-1.0,0.0,7.6571373978539E-016));
#1854=SURFACE_STYLE_FILL_AREA(#2762);
#1855=ORIENTED_EDGE('',*,*,#2763,.F.);
#1856=ORIENTED_EDGE('',*,*,#2764,.F.);
#1857=ORIENTED_EDGE('',*,*,#2765,.T.);
#1858=ORIENTED_EDGE('',*,*,#2694,.T.);
#1859=CARTESIAN_POINT('',(0.000728718707889982,0.2203,-0.00739999999999991));
#1860=DIRECTION('',(-0.866025403784436,0.500000000000004,6.63127550680933E-016));
#1861=DIRECTION('',(7.6571373978539E-016,0.0,1.0));
#1862=SURFACE_STYLE_FILL_AREA(#2766);
#1863=ORIENTED_EDGE('',*,*,#2671,.T.);
#1864=ORIENTED_EDGE('',*,*,#2628,.F.);
#1865=CARTESIAN_POINT('',(-0.00875099999999998,0.00525,0.0334999999999999));
#1866=DIRECTION('',(1.0,0.0,1.97215226305253E-031));
#1867=DIRECTION('',(-1.97215226305253E-031,0.0,1.0));
#1868=SURFACE_STYLE_FILL_AREA(#2767);
#1869=ORIENTED_EDGE('',*,*,#2630,.F.);
#1870=ORIENTED_EDGE('',*,*,#2655,.F.);
#1871=ORIENTED_EDGE('',*,*,#2768,.T.);
#1872=ORIENTED_EDGE('',*,*,#2769,.T.);
#1873=CARTESIAN_POINT('',(0.2175,0.2197,-0.00740000000000007));
#1874=DIRECTION('',(0.0,1.0,0.0));
#1875=DIRECTION('',(-1.0,0.0,7.6571373978539E-016));
#1876=SURFACE_STYLE_FILL_AREA(#2770);
#1877=ORIENTED_EDGE('',*,*,#2758,.T.);
#1878=ORIENTED_EDGE('',*,*,#2771,.T.);
#1879=ORIENTED_EDGE('',*,*,#2772,.T.);
#1880=ORIENTED_EDGE('',*,*,#2773,.T.);
#1881=ORIENTED_EDGE('',*,*,#2774,.T.);
#1882=ORIENTED_EDGE('',*,*,#2775,.T.);
#1883=CARTESIAN_POINT('',(0.1275,0.2187,-0.0073));
#1884=DIRECTION('',(7.6571373978539E-016,0.0,1.0));
#1885=DIRECTION('',(0.0,-1.0,0.0));
#1886=SURFACE_STYLE_FILL_AREA(#2776);
#1887=ORIENTED_EDGE('',*,*,#2777,.T.);
#1888=ORIENTED_EDGE('',*,*,#2735,.F.);
#1889=CARTESIAN_POINT('',(0.01125,0.02525,0.053501));
#1890=DIRECTION('',(2.95822839457879E-031,0.0,-1.0));
#1891=DIRECTION('',(1.0,0.0,2.95822839457879E-031));
#1892=SURFACE_STYLE_FILL_AREA(#2778);
#1893=ORIENTED_EDGE('',*,*,#2779,.T.);
#1894=ORIENTED_EDGE('',*,*,#2780,.T.);
#1895=CARTESIAN_POINT('',(0.1275,0.2187,-0.000199999999999995));
#1896=DIRECTION('',(-1.97215226305253E-031,0.0,1.0));
#1897=DIRECTION('',(-1.0,0.0,-1.97215226305253E-031));
#1898=SURFACE_STYLE_FILL_AREA(#2781);
#1899=ORIENTED_EDGE('',*,*,#2576,.T.);
#1900=ORIENTED_EDGE('',*,*,#2578,.T.);
#1901=CARTESIAN_POINT('',(0.0035,0.2187,0.0));
#1902=DIRECTION('',(9.86076131526265E-032,-0.0,-1.0));
#1903=DIRECTION('',(1.0,0.0,9.86076131526265E-032));
#1904=SURFACE_STYLE_FILL_AREA(#2782);
#1905=ORIENTED_EDGE('',*,*,#2641,.T.);
#1906=ORIENTED_EDGE('',*,*,#2783,.T.);
#1907=CARTESIAN_POINT('',(0.2295,0.0118,-0.000199999999999994));
#1908=DIRECTION('',(-1.97215226305253E-031,0.0,1.0));
#1909=DIRECTION('',(-1.0,0.0,-1.97215226305253E-031));
#1910=SURFACE_STYLE_FILL_AREA(#2784);
#1911=ORIENTED_EDGE('',*,*,#2785,.T.);
#1912=ORIENTED_EDGE('',*,*,#2597,.T.);
#1913=ORIENTED_EDGE('',*,*,#2786,.T.);
#1914=ORIENTED_EDGE('',*,*,#2787,.F.);
#1915=ORIENTED_EDGE('',*,*,#2627,.F.);
#1916=ORIENTED_EDGE('',*,*,#2788,.F.);
#1917=CARTESIAN_POINT('',(0.24675,-0.00474999999999998,-0.0075));
#1918=DIRECTION('',(1.0,0.0,1.97215226305253E-031));
#1919=DIRECTION('',(1.97215226305253E-031,0.0,-1.0));
#1920=SURFACE_STYLE_FILL_AREA(#2789);
#1921=ORIENTED_EDGE('',*,*,#2790,.T.);
#1922=ORIENTED_EDGE('',*,*,#2730,.F.);
#1923=CARTESIAN_POINT('',(0.22675,0.02525,0.053501));
#1924=DIRECTION('',(2.95822839457879E-031,0.0,-1.0));
#1925=DIRECTION('',(1.0,0.0,2.95822839457879E-031));
#1926=SURFACE_STYLE_FILL_AREA(#2791);
#1927=ORIENTED_EDGE('',*,*,#2792,.F.);
#1928=ORIENTED_EDGE('',*,*,#2793,.F.);
#1929=ORIENTED_EDGE('',*,*,#2794,.T.);
#1930=ORIENTED_EDGE('',*,*,#2795,.T.);
#1931=CARTESIAN_POINT('',(0.13927128129211,0.0102,-0.00740000000000002));
#1932=DIRECTION('',(0.866025403784435,-0.500000000000007,-6.63127550680932E-016));
#1933=DIRECTION('',(0.500000000000007,0.866025403784435,-3.828568698927E-016));
#1934=SURFACE_STYLE_FILL_AREA(#2796);
#1935=ORIENTED_EDGE('',*,*,#2797,.F.);
#1936=ORIENTED_EDGE('',*,*,#2696,.F.);
#1937=ORIENTED_EDGE('',*,*,#2798,.T.);
#1938=ORIENTED_EDGE('',*,*,#2799,.T.);
#1939=CARTESIAN_POINT('',(0.00627128129210991,0.2203,-0.00739999999999991));
#1940=DIRECTION('',(0.866025403784436,0.500000000000004,-6.63127550680933E-016));
#1941=DIRECTION('',(-7.6571373978539E-016,0.0,-1.0));
#1942=SURFACE_STYLE_FILL_AREA(#2800);
#1943=ORIENTED_EDGE('',*,*,#2801,.T.);
#1944=ORIENTED_EDGE('',*,*,#2780,.F.);
#1945=CARTESIAN_POINT('',(0.1275,0.2187,0.053501));
#1946=DIRECTION('',(1.97215226305253E-031,0.0,-1.0));
#1947=DIRECTION('',(1.0,0.0,1.97215226305253E-031));
#1948=SURFACE_STYLE_FILL_AREA(#2802);
#1949=ORIENTED_EDGE('',*,*,#2672,.T.);
#1950=ORIENTED_EDGE('',*,*,#2803,.F.);
#1951=CARTESIAN_POINT('',(-0.00875099999999998,0.22525,0.0334999999999999));
#1952=DIRECTION('',(1.0,0.0,1.97215226305253E-031));
#1953=DIRECTION('',(-1.97215226305253E-031,0.0,1.0));
#1954=SURFACE_STYLE_FILL_AREA(#2804);
#1955=ORIENTED_EDGE('',*,*,#2805,.T.);
#1956=ORIENTED_EDGE('',*,*,#2806,.F.);
#1957=CARTESIAN_POINT('',(-0.00875099999999998,0.00525,0.0334999999999999));
#1958=DIRECTION('',(1.0,0.0,1.97215226305253E-031));
#1959=DIRECTION('',(-1.97215226305253E-031,0.0,1.0));
#1960=SURFACE_STYLE_FILL_AREA(#2807);
#1961=ORIENTED_EDGE('',*,*,#2808,.T.);
#1962=ORIENTED_EDGE('',*,*,#2679,.T.);
#1963=ORIENTED_EDGE('',*,*,#2588,.T.);
#1964=ORIENTED_EDGE('',*,*,#2809,.F.);
#1965=CARTESIAN_POINT('',(-0.00275000000000009,-0.00475099999999998,-0.0015));
#1966=DIRECTION('',(0.0,1.0,0.0));
#1967=DIRECTION('',(1.97215226305253E-031,0.0,-1.0));
#1968=SURFACE_STYLE_FILL_AREA(#2810);
#1969=ORIENTED_EDGE('',*,*,#2788,.T.);
#1970=ORIENTED_EDGE('',*,*,#2803,.T.);
#1971=CARTESIAN_POINT('',(0.24675,0.22525,0.0334999999999999));
#1972=DIRECTION('',(1.0,-0.0,9.86076131526265E-032));
#1973=DIRECTION('',(-9.86076131526265E-032,0.0,1.0));
#1974=SURFACE_STYLE_FILL_AREA(#2811);
#1975=ORIENTED_EDGE('',*,*,#2728,.F.);
#1976=ORIENTED_EDGE('',*,*,#2812,.F.);
#1977=CARTESIAN_POINT('',(0.2295,0.1155,0.053501));
#1978=DIRECTION('',(9.86076131526265E-032,0.0,-1.0));
#1979=DIRECTION('',(1.0,0.0,9.86076131526265E-032));
#1980=SURFACE_STYLE_FILL_AREA(#2813);
#1981=ORIENTED_EDGE('',*,*,#2814,.F.);
#1982=ORIENTED_EDGE('',*,*,#2815,.F.);
#1983=ORIENTED_EDGE('',*,*,#2816,.T.);
#1984=ORIENTED_EDGE('',*,*,#2704,.T.);
#1985=CARTESIAN_POINT('',(0.000728718707889982,0.0134,-0.00739999999999991));
#1986=DIRECTION('',(-0.866025403784435,0.500000000000007,6.63127550680932E-016));
#1987=DIRECTION('',(7.6571373978539E-016,0.0,1.0));
#1988=SURFACE_STYLE_FILL_AREA(#2817);
#1989=ORIENTED_EDGE('',*,*,#2818,.T.);
#1990=ORIENTED_EDGE('',*,*,#2734,.F.);
#1991=CARTESIAN_POINT('',(0.01125,0.04375,0.053501));
#1992=DIRECTION('',(1.97215226305253E-031,0.0,-1.0));
#1993=DIRECTION('',(1.0,0.0,1.97215226305253E-031));
#1994=SURFACE_STYLE_FILL_AREA(#2819);
#1995=ORIENTED_EDGE('',*,*,#2733,.F.);
#1996=ORIENTED_EDGE('',*,*,#2719,.F.);
#1997=CARTESIAN_POINT('',(0.119,0.00425,0.053501));
#1998=DIRECTION('',(1.97215226305253E-031,0.0,-1.0));
#1999=DIRECTION('',(1.0,0.0,1.97215226305253E-031));
#2000=SURFACE_STYLE_FILL_AREA(#2820);
#2001=ORIENTED_EDGE('',*,*,#2821,.T.);
#2002=ORIENTED_EDGE('',*,*,#2809,.T.);
#2003=ORIENTED_EDGE('',*,*,#2587,.T.);
#2004=ORIENTED_EDGE('',*,*,#2822,.F.);
#2005=ORIENTED_EDGE('',*,*,#2823,.F.);
#2006=ORIENTED_EDGE('',*,*,#2645,.F.);
#2007=ORIENTED_EDGE('',*,*,#2824,.F.);
#2008=ORIENTED_EDGE('',*,*,#2616,.F.);
#2009=ORIENTED_EDGE('',*,*,#2659,.F.);
#2010=ORIENTED_EDGE('',*,*,#2743,.F.);
#2011=ORIENTED_EDGE('',*,*,#2695,.F.);
#2012=ORIENTED_EDGE('',*,*,#2765,.F.);
#2013=ORIENTED_EDGE('',*,*,#2825,.F.);
#2014=ORIENTED_EDGE('',*,*,#2826,.F.);
#2015=ORIENTED_EDGE('',*,*,#2827,.F.);
#2016=ORIENTED_EDGE('',*,*,#2798,.F.);
#2017=ORIENTED_EDGE('',*,*,#2760,.F.);
#2018=ORIENTED_EDGE('',*,*,#2828,.F.);
#2019=ORIENTED_EDGE('',*,*,#2829,.F.);
#2020=ORIENTED_EDGE('',*,*,#2830,.F.);
#2021=ORIENTED_EDGE('',*,*,#2831,.F.);
#2022=ORIENTED_EDGE('',*,*,#2832,.F.);
#2023=ORIENTED_EDGE('',*,*,#2768,.F.);
#2024=ORIENTED_EDGE('',*,*,#2654,.F.);
#2025=ORIENTED_EDGE('',*,*,#2662,.F.);
#2026=ORIENTED_EDGE('',*,*,#2833,.F.);
#2027=ORIENTED_EDGE('',*,*,#2834,.F.);
#2028=ORIENTED_EDGE('',*,*,#2835,.F.);
#2029=ORIENTED_EDGE('',*,*,#2621,.F.);
#2030=ORIENTED_EDGE('',*,*,#2666,.F.);
#2031=ORIENTED_EDGE('',*,*,#2747,.F.);
#2032=ORIENTED_EDGE('',*,*,#2836,.F.);
#2033=ORIENTED_EDGE('',*,*,#2650,.F.);
#2034=ORIENTED_EDGE('',*,*,#2837,.F.);
#2035=ORIENTED_EDGE('',*,*,#2699,.F.);
#2036=ORIENTED_EDGE('',*,*,#2838,.F.);
#2037=ORIENTED_EDGE('',*,*,#2684,.F.);
#2038=ORIENTED_EDGE('',*,*,#2839,.F.);
#2039=ORIENTED_EDGE('',*,*,#2840,.F.);
#2040=ORIENTED_EDGE('',*,*,#2841,.F.);
#2041=ORIENTED_EDGE('',*,*,#2842,.F.);
#2042=ORIENTED_EDGE('',*,*,#2843,.F.);
#2043=ORIENTED_EDGE('',*,*,#2844,.F.);
#2044=ORIENTED_EDGE('',*,*,#2845,.F.);
#2045=ORIENTED_EDGE('',*,*,#2794,.F.);
#2046=ORIENTED_EDGE('',*,*,#2846,.F.);
#2047=ORIENTED_EDGE('',*,*,#2705,.F.);
#2048=ORIENTED_EDGE('',*,*,#2816,.F.);
#2049=ORIENTED_EDGE('',*,*,#2847,.F.);
#2050=ORIENTED_EDGE('',*,*,#2848,.F.);
#2051=ORIENTED_EDGE('',*,*,#2606,.F.);
#2052=ORIENTED_EDGE('',*,*,#2714,.F.);
#2053=ORIENTED_EDGE('',*,*,#2718,.F.);
#2054=ORIENTED_EDGE('',*,*,#2849,.F.);
#2055=ORIENTED_EDGE('',*,*,#2624,.F.);
#2056=ORIENTED_EDGE('',*,*,#2756,.F.);
#2057=ORIENTED_EDGE('',*,*,#2850,.F.);
#2058=ORIENTED_EDGE('',*,*,#2584,.F.);
#2059=ORIENTED_EDGE('',*,*,#2851,.F.);
#2060=ORIENTED_EDGE('',*,*,#2790,.F.);
#2061=ORIENTED_EDGE('',*,*,#2818,.F.);
#2062=ORIENTED_EDGE('',*,*,#2777,.F.);
#2063=CARTESIAN_POINT('',(-0.30225,0.17375,-0.0075));
#2064=DIRECTION('',(-1.97215226305253E-031,0.0,1.0));
#2065=DIRECTION('',(0.0,-1.0,0.0));
#2066=SURFACE_STYLE_FILL_AREA(#2852);
#2067=ORIENTED_EDGE('',*,*,#2853,.T.);
#2068=ORIENTED_EDGE('',*,*,#2737,.T.);
#2069=CARTESIAN_POINT('',(0.0035,0.0118,-0.000200000000000001));
#2070=DIRECTION('',(-1.97215226305253E-031,0.0,1.0));
#2071=DIRECTION('',(-1.0,0.0,-1.97215226305253E-031));
#2072=SURFACE_STYLE_FILL_AREA(#2854);
#2073=ORIENTED_EDGE('',*,*,#2855,.F.);
#2074=ORIENTED_EDGE('',*,*,#2651,.F.);
#2075=ORIENTED_EDGE('',*,*,#2836,.T.);
#2076=ORIENTED_EDGE('',*,*,#2746,.T.);
#2077=CARTESIAN_POINT('',(0.2295,0.1123,-0.00740000000000008));
#2078=DIRECTION('',(0.0,-1.0,0.0));
#2079=DIRECTION('',(7.6571373978539E-016,0.0,1.0));
#2080=SURFACE_STYLE_FILL_AREA(#2856);
#2081=ORIENTED_EDGE('',*,*,#2857,.F.);
#2082=ORIENTED_EDGE('',*,*,#2858,.F.);
#2083=ORIENTED_EDGE('',*,*,#2847,.T.);
#2084=ORIENTED_EDGE('',*,*,#2815,.T.);
#2085=CARTESIAN_POINT('',(0.000728718707889982,0.0102,-0.00739999999999991));
#2086=DIRECTION('',(-0.866025403784435,-0.500000000000007,6.63127550680932E-016));
#2087=DIRECTION('',(7.6571373978539E-016,0.0,1.0));
#2088=SURFACE_STYLE_FILL_AREA(#2859);
#2089=ORIENTED_EDGE('',*,*,#2860,.T.);
#2090=ORIENTED_EDGE('',*,*,#2741,.T.);
#2091=ORIENTED_EDGE('',*,*,#2657,.T.);
#2092=ORIENTED_EDGE('',*,*,#2614,.T.);
#2093=ORIENTED_EDGE('',*,*,#2861,.T.);
#2094=ORIENTED_EDGE('',*,*,#2643,.T.);
#2095=CARTESIAN_POINT('',(0.0035,0.1155,-0.00729999999999991));
#2096=DIRECTION('',(7.6571373978539E-016,0.0,1.0));
#2097=DIRECTION('',(0.0,-1.0,0.0));
#2098=SURFACE_STYLE_FILL_AREA(#2862);
#2099=ORIENTED_EDGE('',*,*,#2863,.F.);
#2100=ORIENTED_EDGE('',*,*,#2607,.F.);
#2101=ORIENTED_EDGE('',*,*,#2848,.T.);
#2102=ORIENTED_EDGE('',*,*,#2858,.T.);
#2103=CARTESIAN_POINT('',(0.0035,0.00860000000000002,-0.00739999999999991));
#2104=DIRECTION('',(0.0,-1.0,0.0));
#2105=DIRECTION('',(7.6571373978539E-016,0.0,1.0));
#2106=SURFACE_STYLE_FILL_AREA(#2864);
#2107=ORIENTED_EDGE('',*,*,#2703,.T.);
#2108=ORIENTED_EDGE('',*,*,#2713,.T.);
#2109=ORIENTED_EDGE('',*,*,#2604,.T.);
#2110=ORIENTED_EDGE('',*,*,#2863,.T.);
#2111=ORIENTED_EDGE('',*,*,#2857,.T.);
#2112=ORIENTED_EDGE('',*,*,#2814,.T.);
#2113=CARTESIAN_POINT('',(0.0035,0.0118,-0.00729999999999991));
#2114=DIRECTION('',(7.6571373978539E-016,0.0,1.0));
#2115=DIRECTION('',(0.0,-1.0,0.0));
#2116=SURFACE_STYLE_FILL_AREA(#2865);
#2117=ORIENTED_EDGE('',*,*,#2689,.F.);
#2118=ORIENTED_EDGE('',*,*,#2866,.F.);
#2119=ORIENTED_EDGE('',*,*,#2840,.T.);
#2120=ORIENTED_EDGE('',*,*,#2867,.T.);
#2121=CARTESIAN_POINT('',(0.23227128129211,0.0102,-0.00740000000000009));
#2122=DIRECTION('',(0.866025403784439,-0.499999999999999,-6.63127550680935E-016));
#2123=DIRECTION('',(0.499999999999999,0.866025403784439,-3.82856869892694E-016));
#2124=SURFACE_STYLE_FILL_AREA(#2868);
#2125=ORIENTED_EDGE('',*,*,#2633,.F.);
#2126=ORIENTED_EDGE('',*,*,#2869,.F.);
#2127=ORIENTED_EDGE('',*,*,#2833,.T.);
#2128=ORIENTED_EDGE('',*,*,#2661,.T.);
#2129=CARTESIAN_POINT('',(0.2175,0.2133,-0.00740000000000007));
#2130=DIRECTION('',(0.0,-1.0,0.0));
#2131=DIRECTION('',(7.6571373978539E-016,0.0,1.0));
#2132=SURFACE_STYLE_FILL_AREA(#2870);
#2133=ORIENTED_EDGE('',*,*,#2632,.F.);
#2134=ORIENTED_EDGE('',*,*,#2871,.F.);
#2135=ORIENTED_EDGE('',*,*,#2834,.T.);
#2136=ORIENTED_EDGE('',*,*,#2869,.T.);
#2137=CARTESIAN_POINT('',(0.22027128129211,0.2149,-0.00740000000000008));
#2138=DIRECTION('',(0.866025403784442,-0.499999999999995,-6.63127550680937E-016));
#2139=DIRECTION('',(0.499999999999995,0.866025403784442,-3.82856869892691E-016));
#2140=SURFACE_STYLE_FILL_AREA(#2872);
#2141=ORIENTED_EDGE('',*,*,#2688,.F.);
#2142=ORIENTED_EDGE('',*,*,#2700,.F.);
#2143=ORIENTED_EDGE('',*,*,#2841,.T.);
#2144=ORIENTED_EDGE('',*,*,#2866,.T.);
#2145=CARTESIAN_POINT('',(0.23227128129211,0.0134,-0.00740000000000009));
#2146=DIRECTION('',(0.866025403784439,0.499999999999999,-6.63127550680935E-016));
#2147=DIRECTION('',(-7.6571373978539E-016,0.0,-1.0));
#2148=SURFACE_STYLE_FILL_AREA(#2873);
#2149=ORIENTED_EDGE('',*,*,#2874,.T.);
#2150=ORIENTED_EDGE('',*,*,#2875,.T.);
#2151=ORIENTED_EDGE('',*,*,#2792,.T.);
#2152=ORIENTED_EDGE('',*,*,#2876,.T.);
#2153=ORIENTED_EDGE('',*,*,#2877,.T.);
#2154=ORIENTED_EDGE('',*,*,#2878,.T.);
#2155=CARTESIAN_POINT('',(0.1365,0.0118,-0.00730000000000001));
#2156=DIRECTION('',(7.6571373978539E-016,0.0,1.0));
#2157=DIRECTION('',(0.0,-1.0,0.0));
#2158=SURFACE_STYLE_FILL_AREA(#2879);
#2159=ORIENTED_EDGE('',*,*,#2861,.F.);
#2160=ORIENTED_EDGE('',*,*,#2617,.F.);
#2161=ORIENTED_EDGE('',*,*,#2824,.T.);
#2162=ORIENTED_EDGE('',*,*,#2644,.T.);
#2163=CARTESIAN_POINT('',(0.000728718707889982,0.1139,-0.00739999999999991));
#2164=DIRECTION('',(-0.866025403784437,-0.500000000000002,6.63127550680934E-016));
#2165=DIRECTION('',(7.6571373978539E-016,0.0,1.0));
#2166=SURFACE_STYLE_FILL_AREA(#2880);
#2167=ORIENTED_EDGE('',*,*,#2860,.F.);
#2168=ORIENTED_EDGE('',*,*,#2646,.F.);
#2169=ORIENTED_EDGE('',*,*,#2823,.T.);
#2170=ORIENTED_EDGE('',*,*,#2742,.T.);
#2171=CARTESIAN_POINT('',(0.0035,0.1187,-0.00739999999999991));
#2172=DIRECTION('',(0.0,1.0,0.0));
#2173=DIRECTION('',(-1.0,0.0,7.6571373978539E-016));
#2174=SURFACE_STYLE_FILL_AREA(#2881);
#2175=ORIENTED_EDGE('',*,*,#2882,.F.);
#2176=ORIENTED_EDGE('',*,*,#2622,.F.);
#2177=ORIENTED_EDGE('',*,*,#2837,.T.);
#2178=ORIENTED_EDGE('',*,*,#2649,.T.);
#2179=CARTESIAN_POINT('',(0.23227128129211,0.1171,-0.00740000000000009));
#2180=DIRECTION('',(0.866025403784442,0.499999999999995,-6.63127550680937E-016));
#2181=DIRECTION('',(-7.6571373978539E-016,0.0,-1.0));
#2182=SURFACE_STYLE_FILL_AREA(#2883);
#2183=ORIENTED_EDGE('',*,*,#2787,.T.);
#2184=ORIENTED_EDGE('',*,*,#2884,.T.);
#2185=ORIENTED_EDGE('',*,*,#2668,.F.);
#2186=ORIENTED_EDGE('',*,*,#2885,.F.);
#2187=ORIENTED_EDGE('',*,*,#2721,.F.);
#2188=ORIENTED_EDGE('',*,*,#2600,.F.);
#2189=ORIENTED_EDGE('',*,*,#2886,.F.);
#2190=ORIENTED_EDGE('',*,*,#2887,.T.);
#2191=ORIENTED_EDGE('',*,*,#2677,.F.);
#2192=ORIENTED_EDGE('',*,*,#2808,.F.);
#2193=ORIENTED_EDGE('',*,*,#2821,.F.);
#2194=ORIENTED_EDGE('',*,*,#2888,.F.);
#2195=CARTESIAN_POINT('',(-0.00875000000000009,-0.00474999999999998,-0.0075));
#2196=DIRECTION('',(0.0,-1.0,0.0));
#2197=DIRECTION('',(7.6571373978539E-016,0.0,1.0));
#2198=SURFACE_STYLE_FILL_AREA(#2889);
#2199=ORIENTED_EDGE('',*,*,#2771,.F.);
#2200=ORIENTED_EDGE('',*,*,#2761,.F.);
#2201=ORIENTED_EDGE('',*,*,#2832,.T.);
#2202=ORIENTED_EDGE('',*,*,#2890,.T.);
#2203=CARTESIAN_POINT('',(0.13027128129211,0.2203,-0.00740000000000001));
#2204=DIRECTION('',(0.866025403784436,0.500000000000004,-6.63127550680933E-016));
#2205=DIRECTION('',(-7.6571373978539E-016,0.0,-1.0));
#2206=SURFACE_STYLE_FILL_AREA(#2891);
#2207=ORIENTED_EDGE('',*,*,#2772,.F.);
#2208=ORIENTED_EDGE('',*,*,#2890,.F.);
#2209=ORIENTED_EDGE('',*,*,#2831,.T.);
#2210=ORIENTED_EDGE('',*,*,#2892,.T.);
#2211=CARTESIAN_POINT('',(0.13027128129211,0.2171,-0.00740000000000001));
#2212=DIRECTION('',(0.866025403784436,-0.500000000000004,-6.63127550680933E-016));
#2213=DIRECTION('',(0.500000000000004,0.866025403784436,-3.82856869892698E-016));
#2214=SURFACE_STYLE_FILL_AREA(#2893);
#2215=ORIENTED_EDGE('',*,*,#2894,.T.);
#2216=ORIENTED_EDGE('',*,*,#2895,.T.);
#2217=CARTESIAN_POINT('',(0.1365,0.0118,-1.73472347597681E-018));
#2218=DIRECTION('',(9.86076131526265E-032,-0.0,-1.0));
#2219=DIRECTION('',(1.0,0.0,9.86076131526265E-032));
#2220=SURFACE_STYLE_FILL_AREA(#2896);
#2221=ORIENTED_EDGE('',*,*,#2897,.F.);
#2222=ORIENTED_EDGE('',*,*,#2637,.F.);
#2223=CARTESIAN_POINT('',(-0.00275000000000009,-0.00475099999999998,3.46944695195361E-018));
#2224=DIRECTION('',(-1.97215226305253E-031,0.0,1.0));
#2225=DIRECTION('',(0.0,-1.0,0.0));
#2226=SURFACE_STYLE_FILL_AREA(#2898);
#2227=ORIENTED_EDGE('',*,*,#2619,.T.);
#2228=ORIENTED_EDGE('',*,*,#2882,.T.);
#2229=ORIENTED_EDGE('',*,*,#2648,.T.);
#2230=ORIENTED_EDGE('',*,*,#2855,.T.);
#2231=ORIENTED_EDGE('',*,*,#2745,.T.);
#2232=ORIENTED_EDGE('',*,*,#2664,.T.);
#2233=CARTESIAN_POINT('',(0.2295,0.1155,-0.00730000000000008));
#2234=DIRECTION('',(7.6571373978539E-016,0.0,1.0));
#2235=DIRECTION('',(0.0,-1.0,0.0));
#2236=SURFACE_STYLE_FILL_AREA(#2899);
#2237=ORIENTED_EDGE('',*,*,#2774,.F.);
#2238=ORIENTED_EDGE('',*,*,#2900,.F.);
#2239=ORIENTED_EDGE('',*,*,#2829,.T.);
#2240=ORIENTED_EDGE('',*,*,#2901,.T.);
#2241=CARTESIAN_POINT('',(0.12472871870789,0.2171,-0.0074));
#2242=DIRECTION('',(-0.866025403784436,-0.500000000000004,6.63127550680933E-016));
#2243=DIRECTION('',(7.6571373978539E-016,0.0,1.0));
#2244=SURFACE_STYLE_FILL_AREA(#2902);
#2245=ORIENTED_EDGE('',*,*,#2903,.T.);
#2246=ORIENTED_EDGE('',*,*,#2754,.T.);
#2247=CARTESIAN_POINT('',(0.1365,0.0118,-0.000200000000000002));
#2248=DIRECTION('',(-1.97215226305253E-031,0.0,1.0));
#2249=DIRECTION('',(-1.0,0.0,-1.97215226305253E-031));
#2250=SURFACE_STYLE_FILL_AREA(#2904);
#2251=ORIENTED_EDGE('',*,*,#2905,.F.);
#2252=ORIENTED_EDGE('',*,*,#2906,.F.);
#2253=CARTESIAN_POINT('',(-0.00275000000000009,-0.00475099999999998,3.46944695195361E-018));
#2254=DIRECTION('',(-1.97215226305253E-031,0.0,1.0));
#2255=DIRECTION('',(0.0,-1.0,0.0));
#2256=SURFACE_STYLE_FILL_AREA(#2907);
#2257=ORIENTED_EDGE('',*,*,#2908,.T.);
#2258=ORIENTED_EDGE('',*,*,#2905,.T.);
#2259=CARTESIAN_POINT('',(0.2175,0.2165,5.20417042793042E-018));
#2260=DIRECTION('',(9.86076131526265E-032,-0.0,-1.0));
#2261=DIRECTION('',(1.0,0.0,9.86076131526265E-032));
#2262=SURFACE_STYLE_FILL_AREA(#2909);
#2263=ORIENTED_EDGE('',*,*,#2895,.F.);
#2264=ORIENTED_EDGE('',*,*,#2903,.F.);
#2265=CARTESIAN_POINT('',(-0.00275000000000009,-0.00475099999999998,3.46944695195361E-018));
#2266=DIRECTION('',(-1.97215226305253E-031,0.0,1.0));
#2267=DIRECTION('',(0.0,-1.0,0.0));
#2268=SURFACE_STYLE_FILL_AREA(#2910);
#2269=ORIENTED_EDGE('',*,*,#2579,.T.);
#2270=ORIENTED_EDGE('',*,*,#2911,.T.);
#2271=CARTESIAN_POINT('',(0.0035,0.2187,-0.000200000000000001));
#2272=DIRECTION('',(-1.97215226305253E-031,0.0,1.0));
#2273=DIRECTION('',(-1.0,0.0,-1.97215226305253E-031));
#2274=SURFACE_STYLE_FILL_AREA(#2912);
#2275=ORIENTED_EDGE('',*,*,#2732,.F.);
#2276=ORIENTED_EDGE('',*,*,#2894,.F.);
#2277=CARTESIAN_POINT('',(0.1365,0.0118,0.053501));
#2278=DIRECTION('',(9.86076131526265E-032,0.0,-1.0));
#2279=DIRECTION('',(1.0,0.0,9.86076131526265E-032));
#2280=SURFACE_STYLE_FILL_AREA(#2913);
#2281=ORIENTED_EDGE('',*,*,#2914,.F.);
#2282=ORIENTED_EDGE('',*,*,#2915,.F.);
#2283=ORIENTED_EDGE('',*,*,#2825,.T.);
#2284=ORIENTED_EDGE('',*,*,#2764,.T.);
#2285=CARTESIAN_POINT('',(0.000728718707889982,0.2171,-0.00739999999999991));
#2286=DIRECTION('',(-0.866025403784436,-0.500000000000004,6.63127550680933E-016));
#2287=DIRECTION('',(7.6571373978539E-016,0.0,1.0));
#2288=SURFACE_STYLE_FILL_AREA(#2916);
#2289=ORIENTED_EDGE('',*,*,#2917,.F.);
#2290=ORIENTED_EDGE('',*,*,#2918,.F.);
#2291=ORIENTED_EDGE('',*,*,#2826,.T.);
#2292=ORIENTED_EDGE('',*,*,#2915,.T.);
#2293=CARTESIAN_POINT('',(0.0035,0.2155,-0.00739999999999991));
#2294=DIRECTION('',(0.0,-1.0,0.0));
#2295=DIRECTION('',(7.6571373978539E-016,0.0,1.0));
#2296=SURFACE_STYLE_FILL_AREA(#2919);
#2297=ORIENTED_EDGE('',*,*,#2920,.F.);
#2298=ORIENTED_EDGE('',*,*,#2799,.F.);
#2299=ORIENTED_EDGE('',*,*,#2827,.T.);
#2300=ORIENTED_EDGE('',*,*,#2918,.T.);
#2301=CARTESIAN_POINT('',(0.00627128129210991,0.2171,-0.00739999999999991));
#2302=DIRECTION('',(0.866025403784436,-0.500000000000004,-6.63127550680933E-016));
#2303=DIRECTION('',(0.500000000000004,0.866025403784436,-3.82856869892698E-016));
#2304=SURFACE_STYLE_FILL_AREA(#2921);
#2305=ORIENTED_EDGE('',*,*,#2693,.T.);
#2306=ORIENTED_EDGE('',*,*,#2797,.T.);
#2307=ORIENTED_EDGE('',*,*,#2920,.T.);
#2308=ORIENTED_EDGE('',*,*,#2917,.T.);
#2309=ORIENTED_EDGE('',*,*,#2914,.T.);
#2310=ORIENTED_EDGE('',*,*,#2763,.T.);
#2311=CARTESIAN_POINT('',(0.0035,0.2187,-0.00729999999999991));
#2312=DIRECTION('',(7.6571373978539E-016,0.0,1.0));
#2313=DIRECTION('',(0.0,-1.0,0.0));
#2314=SURFACE_STYLE_FILL_AREA(#2922);
#2315=ORIENTED_EDGE('',*,*,#2878,.F.);
#2316=ORIENTED_EDGE('',*,*,#2923,.F.);
#2317=ORIENTED_EDGE('',*,*,#2843,.T.);
#2318=ORIENTED_EDGE('',*,*,#2924,.T.);
#2319=CARTESIAN_POINT('',(0.13372871870789,0.0134,-0.00740000000000001));
#2320=DIRECTION('',(-0.866025403784435,0.500000000000007,6.63127550680932E-016));
#2321=DIRECTION('',(7.6571373978539E-016,0.0,1.0));
#2322=SURFACE_STYLE_FILL_AREA(#2925);
#2323=ORIENTED_EDGE('',*,*,#2775,.F.);
#2324=ORIENTED_EDGE('',*,*,#2901,.F.);
#2325=ORIENTED_EDGE('',*,*,#2828,.T.);
#2326=ORIENTED_EDGE('',*,*,#2759,.T.);
#2327=CARTESIAN_POINT('',(0.12472871870789,0.2203,-0.0074));
#2328=DIRECTION('',(-0.866025403784436,0.500000000000004,6.63127550680933E-016));
#2329=DIRECTION('',(7.6571373978539E-016,0.0,1.0));
#2330=SURFACE_STYLE_FILL_AREA(#2926);
#2331=ORIENTED_EDGE('',*,*,#2801,.F.);
#2332=CARTESIAN_POINT('',(-0.00275000000000009,-0.00475099999999998,-0.005));
#2333=DIRECTION('',(-1.97215226305253E-031,0.0,1.0));
#2334=DIRECTION('',(0.0,-1.0,0.0));
#2335=SURFACE_STYLE_FILL_AREA(#2927);
#2336=ORIENTED_EDGE('',*,*,#2875,.F.);
#2337=ORIENTED_EDGE('',*,*,#2928,.F.);
#2338=ORIENTED_EDGE('',*,*,#2846,.T.);
#2339=ORIENTED_EDGE('',*,*,#2793,.T.);
#2340=CARTESIAN_POINT('',(0.13927128129211,0.0134,-0.00740000000000002));
#2341=DIRECTION('',(0.866025403784435,0.500000000000007,-6.63127550680932E-016));
#2342=DIRECTION('',(-7.6571373978539E-016,0.0,-1.0));
#2343=SURFACE_STYLE_FILL_AREA(#2929);
#2344=ORIENTED_EDGE('',*,*,#2751,.T.);
#2345=ORIENTED_EDGE('',*,*,#2930,.T.);
#2346=CARTESIAN_POINT('',(0.1275,0.2187,5.20417042793042E-018));
#2347=DIRECTION('',(9.86076131526265E-032,-0.0,-1.0));
#2348=DIRECTION('',(1.0,0.0,9.86076131526265E-032));
#2349=SURFACE_STYLE_FILL_AREA(#2931);
#2350=ORIENTED_EDGE('',*,*,#2932,.T.);
#2351=ORIENTED_EDGE('',*,*,#2610,.F.);
#2352=CARTESIAN_POINT('',(-0.00875099999999998,0.22525,0.0334999999999999));
#2353=DIRECTION('',(1.0,0.0,1.97215226305253E-031));
#2354=DIRECTION('',(-1.97215226305253E-031,0.0,1.0));
#2355=SURFACE_STYLE_FILL_AREA(#2933);
#2356=ORIENTED_EDGE('',*,*,#2886,.T.);
#2357=ORIENTED_EDGE('',*,*,#2602,.T.);
#2358=ORIENTED_EDGE('',*,*,#2591,.T.);
#2359=ORIENTED_EDGE('',*,*,#2934,.F.);
#2360=ORIENTED_EDGE('',*,*,#2805,.F.);
#2361=ORIENTED_EDGE('',*,*,#2932,.F.);
#2362=CARTESIAN_POINT('',(-0.00725000000000001,-0.00475099999999998,0.0535));
#2363=DIRECTION('',(1.0,0.0,1.97215226305253E-031));
#2364=DIRECTION('',(1.97215226305253E-031,0.0,-1.0));
#2365=SURFACE_STYLE_FILL_AREA(#2935);
#2366=ORIENTED_EDGE('',*,*,#2709,.T.);
#2367=ORIENTED_EDGE('',*,*,#2936,.T.);
#2368=CARTESIAN_POINT('',(0.0035,0.0118,0.0));
#2369=DIRECTION('',(9.86076131526265E-032,-0.0,-1.0));
#2370=DIRECTION('',(1.0,0.0,9.86076131526265E-032));
#2371=SURFACE_STYLE_FILL_AREA(#2937);
#2372=ORIENTED_EDGE('',*,*,#2938,.T.);
#2373=ORIENTED_EDGE('',*,*,#2783,.F.);
#2374=CARTESIAN_POINT('',(0.2295,0.0118,0.053501));
#2375=DIRECTION('',(1.97215226305253E-031,0.0,-1.0));
#2376=DIRECTION('',(1.0,0.0,1.97215226305253E-031));
#2377=SURFACE_STYLE_FILL_AREA(#2939);
#2378=ORIENTED_EDGE('',*,*,#2936,.F.);
#2379=ORIENTED_EDGE('',*,*,#2853,.F.);
#2380=CARTESIAN_POINT('',(-0.00275000000000009,-0.00475099999999998,3.46944695195361E-018));
#2381=DIRECTION('',(-1.97215226305253E-031,0.0,1.0));
#2382=DIRECTION('',(0.0,-1.0,0.0));
#2383=SURFACE_STYLE_FILL_AREA(#2940);
#2384=ORIENTED_EDGE('',*,*,#2691,.F.);
#2385=ORIENTED_EDGE('',*,*,#2685,.F.);
#2386=ORIENTED_EDGE('',*,*,#2838,.T.);
#2387=ORIENTED_EDGE('',*,*,#2698,.T.);
#2388=CARTESIAN_POINT('',(0.22672871870789,0.0134,-0.00740000000000008));
#2389=DIRECTION('',(-0.866025403784439,0.499999999999999,6.63127550680935E-016));
#2390=DIRECTION('',(7.6571373978539E-016,0.0,1.0));
#2391=SURFACE_STYLE_FILL_AREA(#2941);
#2392=ORIENTED_EDGE('',*,*,#2849,.T.);
#2393=ORIENTED_EDGE('',*,*,#2739,.T.);
#2394=CARTESIAN_POINT('',(0.119,0.22625,-0.0075));
#2395=DIRECTION('',(1.97215226305253E-031,-0.0,-1.0));
#2396=DIRECTION('',(1.0,0.0,1.97215226305253E-031));
#2397=SURFACE_STYLE_FILL_AREA(#2942);
#2398=ORIENTED_EDGE('',*,*,#2943,.F.);
#2399=CARTESIAN_POINT('',(-0.00275000000000009,-0.00475099999999998,-0.005));
#2400=DIRECTION('',(-1.97215226305253E-031,0.0,1.0));
#2401=DIRECTION('',(0.0,-1.0,0.0));
#2402=SURFACE_STYLE_FILL_AREA(#2944);
#2403=ORIENTED_EDGE('',*,*,#2945,.T.);
#2404=ORIENTED_EDGE('',*,*,#2911,.F.);
#2405=CARTESIAN_POINT('',(0.00350000000000003,0.2187,0.053501));
#2406=DIRECTION('',(1.97215226305253E-031,0.0,-1.0));
#2407=DIRECTION('',(1.0,0.0,1.97215226305253E-031));
#2408=SURFACE_STYLE_FILL_AREA(#2946);
#2409=ORIENTED_EDGE('',*,*,#2716,.F.);
#2410=ORIENTED_EDGE('',*,*,#2711,.F.);
#2411=CARTESIAN_POINT('',(-0.00275000000000009,-0.00475099999999998,3.46944695195361E-018));
#2412=DIRECTION('',(-1.97215226305253E-031,0.0,1.0));
#2413=DIRECTION('',(0.0,-1.0,0.0));
#2414=SURFACE_STYLE_FILL_AREA(#2947);
#2415=ORIENTED_EDGE('',*,*,#2938,.F.);
#2416=CARTESIAN_POINT('',(-0.00275000000000009,-0.00475099999999998,-0.005));
#2417=DIRECTION('',(-1.97215226305253E-031,0.0,1.0));
#2418=DIRECTION('',(0.0,-1.0,0.0));
#2419=SURFACE_STYLE_FILL_AREA(#2948);
#2420=ORIENTED_EDGE('',*,*,#2934,.T.);
#2421=ORIENTED_EDGE('',*,*,#2590,.F.);
#2422=ORIENTED_EDGE('',*,*,#2678,.F.);
#2423=ORIENTED_EDGE('',*,*,#2887,.F.);
#2424=CARTESIAN_POINT('',(-0.30225,0.17375,0.0535));
#2425=DIRECTION('',(-1.97215226305253E-031,0.0,1.0));
#2426=DIRECTION('',(0.0,-1.0,0.0));
#2427=SURFACE_STYLE_FILL_AREA(#2949);
#2428=ORIENTED_EDGE('',*,*,#2877,.F.);
#2429=ORIENTED_EDGE('',*,*,#2950,.F.);
#2430=ORIENTED_EDGE('',*,*,#2844,.T.);
#2431=ORIENTED_EDGE('',*,*,#2923,.T.);
#2432=CARTESIAN_POINT('',(0.13372871870789,0.0102,-0.00740000000000001));
#2433=DIRECTION('',(-0.866025403784435,-0.500000000000007,6.63127550680932E-016));
#2434=DIRECTION('',(7.6571373978539E-016,0.0,1.0));
#2435=SURFACE_STYLE_FILL_AREA(#2951);
#2436=ORIENTED_EDGE('',*,*,#2690,.F.);
#2437=ORIENTED_EDGE('',*,*,#2867,.F.);
#2438=ORIENTED_EDGE('',*,*,#2839,.T.);
#2439=ORIENTED_EDGE('',*,*,#2683,.T.);
#2440=CARTESIAN_POINT('',(0.2295,0.00860000000000002,-0.00740000000000008));
#2441=DIRECTION('',(0.0,-1.0,0.0));
#2442=DIRECTION('',(7.6571373978539E-016,0.0,1.0));
#2443=SURFACE_STYLE_FILL_AREA(#2952);
#2444=ORIENTED_EDGE('',*,*,#2953,.F.);
#2445=CARTESIAN_POINT('',(-0.00275000000000009,-0.00475099999999998,-0.005));
#2446=DIRECTION('',(-1.97215226305253E-031,0.0,1.0));
#2447=DIRECTION('',(0.0,-1.0,0.0));
#2448=SURFACE_STYLE_FILL_AREA(#2954);
#2449=ORIENTED_EDGE('',*,*,#2812,.T.);
#2450=ORIENTED_EDGE('',*,*,#2897,.T.);
#2451=CARTESIAN_POINT('',(0.2295,0.1155,-3.46944695195361E-018));
#2452=DIRECTION('',(9.86076131526265E-032,-0.0,-1.0));
#2453=DIRECTION('',(1.0,0.0,9.86076131526265E-032));
#2454=SURFACE_STYLE_FILL_AREA(#2955);
#2455=ORIENTED_EDGE('',*,*,#2874,.F.);
#2456=ORIENTED_EDGE('',*,*,#2924,.F.);
#2457=ORIENTED_EDGE('',*,*,#2842,.T.);
#2458=ORIENTED_EDGE('',*,*,#2928,.T.);
#2459=CARTESIAN_POINT('',(0.1365,0.015,-0.00740000000000001));
#2460=DIRECTION('',(0.0,1.0,0.0));
#2461=DIRECTION('',(-1.0,0.0,7.6571373978539E-016));
#2462=SURFACE_STYLE_FILL_AREA(#2956);
#2463=ORIENTED_EDGE('',*,*,#2876,.F.);
#2464=ORIENTED_EDGE('',*,*,#2795,.F.);
#2465=ORIENTED_EDGE('',*,*,#2845,.T.);
#2466=ORIENTED_EDGE('',*,*,#2950,.T.);
#2467=CARTESIAN_POINT('',(0.1365,0.00860000000000002,-0.00740000000000001));
#2468=DIRECTION('',(0.0,-1.0,0.0));
#2469=DIRECTION('',(7.6571373978539E-016,0.0,1.0));
#2470=SURFACE_STYLE_FILL_AREA(#2957);
#2471=ORIENTED_EDGE('',*,*,#2885,.T.);
#2472=ORIENTED_EDGE('',*,*,#2670,.T.);
#2473=ORIENTED_EDGE('',*,*,#2594,.T.);
#2474=ORIENTED_EDGE('',*,*,#2722,.F.);
#2475=CARTESIAN_POINT('',(0.24075,-0.00475099999999998,-0.00149999999999999));
#2476=DIRECTION('',(0.0,1.0,0.0));
#2477=DIRECTION('',(1.97215226305253E-031,0.0,-1.0));
#2478=SURFACE_STYLE_FILL_AREA(#2958);
#2479=ORIENTED_EDGE('',*,*,#2888,.T.);
#2480=ORIENTED_EDGE('',*,*,#2822,.T.);
#2481=ORIENTED_EDGE('',*,*,#2598,.T.);
#2482=ORIENTED_EDGE('',*,*,#2785,.F.);
#2483=CARTESIAN_POINT('',(0.24075,-0.00475099999999998,-0.00149999999999999));
#2484=DIRECTION('',(0.0,1.0,0.0));
#2485=DIRECTION('',(1.97215226305253E-031,0.0,-1.0));
#2486=SURFACE_STYLE_FILL_AREA(#2959);
#2487=ORIENTED_EDGE('',*,*,#2749,.T.);
#2488=ORIENTED_EDGE('',*,*,#2640,.T.);
#2489=CARTESIAN_POINT('',(0.2295,0.0118,-3.46944695195361E-018));
#2490=DIRECTION('',(9.86076131526265E-032,-0.0,-1.0));
#2491=DIRECTION('',(1.0,0.0,9.86076131526265E-032));
#2492=SURFACE_STYLE_FILL_AREA(#2960);
#2493=ORIENTED_EDGE('',*,*,#2906,.T.);
#2494=ORIENTED_EDGE('',*,*,#2961,.T.);
#2495=CARTESIAN_POINT('',(0.2175,0.2165,-0.000199999999999995));
#2496=DIRECTION('',(-1.97215226305253E-031,0.0,1.0));
#2497=DIRECTION('',(-1.0,0.0,-1.97215226305253E-031));
#2498=SURFACE_STYLE_FILL_AREA(#2962);
#2499=ORIENTED_EDGE('',*,*,#2726,.F.);
#2500=ORIENTED_EDGE('',*,*,#2908,.F.);
#2501=CARTESIAN_POINT('',(0.2175,0.2165,0.053501));
#2502=DIRECTION('',(9.86076131526265E-032,0.0,-1.0));
#2503=DIRECTION('',(1.0,0.0,9.86076131526265E-032));
#2504=SURFACE_STYLE_FILL_AREA(#2963);
#2505=ORIENTED_EDGE('',*,*,#2850,.T.);
#2506=ORIENTED_EDGE('',*,*,#2727,.F.);
#2507=CARTESIAN_POINT('',(0.22675,0.21525,0.053501));
#2508=DIRECTION('',(2.95822839457879E-031,0.0,-1.0));
#2509=DIRECTION('',(1.0,0.0,2.95822839457879E-031));
#2510=SURFACE_STYLE_FILL_AREA(#2964);
#2511=ORIENTED_EDGE('',*,*,#2851,.T.);
#2512=ORIENTED_EDGE('',*,*,#2729,.F.);
#2513=CARTESIAN_POINT('',(0.22675,0.04375,0.053501));
#2514=DIRECTION('',(1.97215226305253E-031,0.0,-1.0));
#2515=DIRECTION('',(1.0,0.0,1.97215226305253E-031));
#2516=SURFACE_STYLE_FILL_AREA(#2965);
#2517=ORIENTED_EDGE('',*,*,#2680,.T.);
#2518=ORIENTED_EDGE('',*,*,#2806,.T.);
#2519=CARTESIAN_POINT('',(-0.00875000000000007,0.00525,0.0334999999999999));
#2520=DIRECTION('',(-1.0,-0.0,-9.86076131526265E-032));
#2521=DIRECTION('',(9.86076131526265E-032,0.0,-1.0));
#2522=SURFACE_STYLE_FILL_AREA(#2966);
#2523=ORIENTED_EDGE('',*,*,#2953,.T.);
#2524=ORIENTED_EDGE('',*,*,#2638,.F.);
#2525=CARTESIAN_POINT('',(0.2295,0.1155,0.053501));
#2526=DIRECTION('',(1.97215226305253E-031,0.0,-1.0));
#2527=DIRECTION('',(1.0,0.0,1.97215226305253E-031));
#2528=SURFACE_STYLE_FILL_AREA(#2967);
#2529=ORIENTED_EDGE('',*,*,#2930,.F.);
#2530=ORIENTED_EDGE('',*,*,#2779,.F.);
#2531=CARTESIAN_POINT('',(-0.00275000000000009,-0.00475099999999998,3.46944695195361E-018));
#2532=DIRECTION('',(-1.97215226305253E-031,0.0,1.0));
#2533=DIRECTION('',(0.0,-1.0,0.0));
#2534=SURFACE_STYLE_FILL_AREA(#2968);
#2535=ORIENTED_EDGE('',*,*,#2943,.T.);
#2536=ORIENTED_EDGE('',*,*,#2961,.F.);
#2537=CARTESIAN_POINT('',(0.2175,0.2165,0.053501));
#2538=DIRECTION('',(1.97215226305253E-031,0.0,-1.0));
#2539=DIRECTION('',(1.0,0.0,1.97215226305253E-031));
#2540=SURFACE_STYLE_FILL_AREA(#2969);
#2541=ORIENTED_EDGE('',*,*,#2945,.F.);
#2542=CARTESIAN_POINT('',(-0.00275000000000009,-0.00475099999999998,-0.005));
#2543=DIRECTION('',(-1.97215226305253E-031,0.0,1.0));
#2544=DIRECTION('',(0.0,-1.0,0.0));
#2545=SURFACE_STYLE_FILL_AREA(#2970);
#2546=ORIENTED_EDGE('',*,*,#2753,.F.);
#2547=CARTESIAN_POINT('',(-0.00275000000000009,-0.00475099999999998,-0.005));
#2548=DIRECTION('',(-1.97215226305253E-031,0.0,1.0));
#2549=DIRECTION('',(0.0,-1.0,0.0));
#2550=SURFACE_STYLE_FILL_AREA(#2971);
#2551=ORIENTED_EDGE('',*,*,#2631,.F.);
#2552=ORIENTED_EDGE('',*,*,#2769,.F.);
#2553=ORIENTED_EDGE('',*,*,#2835,.T.);
#2554=ORIENTED_EDGE('',*,*,#2871,.T.);
#2555=CARTESIAN_POINT('',(0.22027128129211,0.2181,-0.00740000000000008));
#2556=DIRECTION('',(0.866025403784442,0.499999999999995,-6.63127550680937E-016));
#2557=DIRECTION('',(-7.6571373978539E-016,0.0,-1.0));
#2558=SURFACE_STYLE_FILL_AREA(#2972);
#2559=ORIENTED_EDGE('',*,*,#2773,.F.);
#2560=ORIENTED_EDGE('',*,*,#2892,.F.);
#2561=ORIENTED_EDGE('',*,*,#2830,.T.);
#2562=ORIENTED_EDGE('',*,*,#2900,.T.);
#2563=CARTESIAN_POINT('',(0.1275,0.2155,-0.00740000000000001));
#2564=DIRECTION('',(0.0,-1.0,0.0));
#2565=DIRECTION('',(7.6571373978539E-016,0.0,1.0));
#2566=SURFACE_STYLE_FILL_AREA(#2973);
#2567=ORIENTED_EDGE('',*,*,#2884,.F.);
#2568=ORIENTED_EDGE('',*,*,#2786,.F.);
#2569=ORIENTED_EDGE('',*,*,#2596,.F.);
#2570=ORIENTED_EDGE('',*,*,#2669,.F.);
#2571=CARTESIAN_POINT('',(-0.30225,0.17375,0.0535));
#2572=DIRECTION('',(-1.97215226305253E-031,0.0,1.0));
#2573=DIRECTION('',(0.0,-1.0,0.0));
#2574=FILL_AREA_STYLE('',(#2974));
#2575=EDGE_CURVE('',#2975,#2975,#2976,.T.);
#2576=EDGE_CURVE('',#2977,#2977,#2978,.T.);
#2577=FILL_AREA_STYLE('',(#2979));
#2578=EDGE_CURVE('',#2980,#2980,#2981,.T.);
#2579=EDGE_CURVE('',#2982,#2982,#2983,.T.);
#2580=FILL_AREA_STYLE('',(#2984));
#2581=EDGE_CURVE('',#2985,#2985,#2986,.T.);
#2582=EDGE_CURVE('',#2987,#2987,#2988,.T.);
#2583=FILL_AREA_STYLE('',(#2989));
#2584=EDGE_CURVE('',#2990,#2990,#2991,.T.);
#2585=EDGE_CURVE('',#2992,#2992,#2993,.T.);
#2586=FILL_AREA_STYLE('',(#2994));
#2587=EDGE_CURVE('',#2995,#2996,#2997,.T.);
#2588=EDGE_CURVE('',#2998,#2995,#2999,.T.);
#2589=EDGE_CURVE('',#2998,#3000,#3001,.T.);
#2590=EDGE_CURVE('',#3000,#3002,#3003,.T.);
#2591=EDGE_CURVE('',#3004,#3002,#3005,.T.);
#2592=EDGE_CURVE('',#3006,#3004,#3007,.T.);
#2593=EDGE_CURVE('',#3008,#3006,#3009,.T.);
#2594=EDGE_CURVE('',#3010,#3008,#3011,.T.);
#2595=EDGE_CURVE('',#3012,#3010,#3013,.T.);
#2596=EDGE_CURVE('',#3012,#3014,#3015,.T.);
#2597=EDGE_CURVE('',#3016,#3014,#3017,.T.);
#2598=EDGE_CURVE('',#2996,#3016,#3018,.T.);
#2599=FILL_AREA_STYLE('',(#3019));
#2600=EDGE_CURVE('',#3020,#3021,#3022,.T.);
#2601=EDGE_CURVE('',#3021,#3006,#3023,.T.);
#2602=EDGE_CURVE('',#3020,#3004,#3024,.T.);
#2603=FILL_AREA_STYLE('',(#3025));
#2604=EDGE_CURVE('',#3026,#3027,#3028,.T.);
#2605=EDGE_CURVE('',#3029,#3026,#3030,.T.);
#2606=EDGE_CURVE('',#3029,#3031,#3032,.T.);
#2607=EDGE_CURVE('',#3031,#3027,#3033,.T.);
#2608=FILL_AREA_STYLE('',(#3034));
#2609=EDGE_CURVE('',#3035,#3035,#3036,.T.);
#2610=EDGE_CURVE('',#3037,#3037,#3038,.T.);
#2611=FILL_AREA_STYLE('',(#3039));
#2612=EDGE_CURVE('',#3040,#3040,#3041,.T.);
#2613=FILL_AREA_STYLE('',(#3042));
#2614=EDGE_CURVE('',#3043,#3044,#3045,.T.);
#2615=EDGE_CURVE('',#3046,#3043,#3047,.T.);
#2616=EDGE_CURVE('',#3046,#3048,#3049,.T.);
#2617=EDGE_CURVE('',#3048,#3044,#3050,.T.);
#2618=FILL_AREA_STYLE('',(#3051));
#2619=EDGE_CURVE('',#3052,#3053,#3054,.T.);
#2620=EDGE_CURVE('',#3055,#3052,#3056,.T.);
#2621=EDGE_CURVE('',#3055,#3057,#3058,.T.);
#2622=EDGE_CURVE('',#3057,#3053,#3059,.T.);
#2623=FILL_AREA_STYLE('',(#3060));
#2624=EDGE_CURVE('',#3061,#3061,#3062,.T.);
#2625=EDGE_CURVE('',#3063,#3063,#3064,.T.);
#2626=FILL_AREA_STYLE('',(#3065));
#2627=EDGE_CURVE('',#3066,#3066,#3067,.T.);
#2628=EDGE_CURVE('',#3068,#3068,#3069,.T.);
#2629=FILL_AREA_STYLE('',(#3070));
#2630=EDGE_CURVE('',#3071,#3072,#3073,.T.);
#2631=EDGE_CURVE('',#3072,#3074,#3075,.T.);
#2632=EDGE_CURVE('',#3074,#3076,#3077,.T.);
#2633=EDGE_CURVE('',#3076,#3078,#3079,.T.);
#2634=EDGE_CURVE('',#3078,#3080,#3081,.T.);
#2635=EDGE_CURVE('',#3080,#3071,#3082,.T.);
#2636=FILL_AREA_STYLE('',(#3083));
#2637=EDGE_CURVE('',#3084,#3084,#3085,.T.);
#2638=EDGE_CURVE('',#3086,#3086,#3087,.T.);
#2639=FILL_AREA_STYLE('',(#3088));
#2640=EDGE_CURVE('',#3089,#3089,#3090,.T.);
#2641=EDGE_CURVE('',#3091,#3091,#3092,.T.);
#2642=FILL_AREA_STYLE('',(#3093));
#2643=EDGE_CURVE('',#3094,#3095,#3096,.T.);
#2644=EDGE_CURVE('',#3097,#3094,#3098,.T.);
#2645=EDGE_CURVE('',#3097,#3099,#3100,.T.);
#2646=EDGE_CURVE('',#3099,#3095,#3101,.T.);
#2647=FILL_AREA_STYLE('',(#3102));
#2648=EDGE_CURVE('',#3103,#3104,#3105,.T.);
#2649=EDGE_CURVE('',#3106,#3103,#3107,.T.);
#2650=EDGE_CURVE('',#3106,#3108,#3109,.T.);
#2651=EDGE_CURVE('',#3108,#3104,#3110,.T.);
#2652=FILL_AREA_STYLE('',(#3111));
#2653=EDGE_CURVE('',#3112,#3080,#3113,.T.);
#2654=EDGE_CURVE('',#3112,#3114,#3115,.T.);
#2655=EDGE_CURVE('',#3114,#3071,#3116,.T.);
#2656=FILL_AREA_STYLE('',(#3117));
#2657=EDGE_CURVE('',#3118,#3043,#3119,.T.);
#2658=EDGE_CURVE('',#3120,#3118,#3121,.T.);
#2659=EDGE_CURVE('',#3120,#3046,#3122,.T.);
#2660=FILL_AREA_STYLE('',(#3123));
#2661=EDGE_CURVE('',#3124,#3078,#3125,.T.);
#2662=EDGE_CURVE('',#3124,#3112,#3126,.T.);
#2663=FILL_AREA_STYLE('',(#3127));
#2664=EDGE_CURVE('',#3128,#3052,#3129,.T.);
#2665=EDGE_CURVE('',#3130,#3128,#3131,.T.);
#2666=EDGE_CURVE('',#3130,#3055,#3132,.T.);
#2667=FILL_AREA_STYLE('',(#3133));
#2668=EDGE_CURVE('',#3134,#3135,#3136,.T.);
#2669=EDGE_CURVE('',#3135,#3012,#3137,.T.);
#2670=EDGE_CURVE('',#3134,#3010,#3138,.T.);
#2671=EDGE_CURVE('',#3139,#3139,#3140,.T.);
#2672=EDGE_CURVE('',#3141,#3141,#3142,.T.);
#2673=FILL_AREA_STYLE('',(#3143));
#2674=EDGE_CURVE('',#3144,#3144,#3145,.T.);
#2675=EDGE_CURVE('',#3146,#3146,#3147,.T.);
#2676=FILL_AREA_STYLE('',(#3148));
#2677=EDGE_CURVE('',#3149,#3150,#3151,.T.);
#2678=EDGE_CURVE('',#3150,#3000,#3152,.T.);
#2679=EDGE_CURVE('',#3149,#2998,#3153,.T.);
#2680=EDGE_CURVE('',#3154,#3154,#3155,.T.);
#2681=FILL_AREA_STYLE('',(#3156));
#2682=EDGE_CURVE('',#3157,#3158,#3159,.T.);
#2683=EDGE_CURVE('',#3160,#3157,#3161,.T.);
#2684=EDGE_CURVE('',#3160,#3162,#3163,.T.);
#2685=EDGE_CURVE('',#3162,#3158,#3164,.T.);
#2686=FILL_AREA_STYLE('',(#3165));
#2687=EDGE_CURVE('',#3166,#3167,#3168,.T.);
#2688=EDGE_CURVE('',#3167,#3169,#3170,.T.);
#2689=EDGE_CURVE('',#3169,#3171,#3172,.T.);
#2690=EDGE_CURVE('',#3171,#3157,#3173,.T.);
#2691=EDGE_CURVE('',#3158,#3166,#3174,.T.);
#2692=FILL_AREA_STYLE('',(#3175));
#2693=EDGE_CURVE('',#3176,#3177,#3178,.T.);
#2694=EDGE_CURVE('',#3179,#3176,#3180,.T.);
#2695=EDGE_CURVE('',#3179,#3181,#3182,.T.);
#2696=EDGE_CURVE('',#3181,#3177,#3183,.T.);
#2697=FILL_AREA_STYLE('',(#3184));
#2698=EDGE_CURVE('',#3185,#3166,#3186,.T.);
#2699=EDGE_CURVE('',#3185,#3187,#3188,.T.);
#2700=EDGE_CURVE('',#3187,#3167,#3189,.T.);
#2701=FILL_AREA_STYLE('',(#3190));
#2702=FILL_AREA_STYLE('',(#3191));
#2703=EDGE_CURVE('',#3192,#3193,#3194,.T.);
#2704=EDGE_CURVE('',#3195,#3192,#3196,.T.);
#2705=EDGE_CURVE('',#3195,#3197,#3198,.T.);
#2706=EDGE_CURVE('',#3197,#3193,#3199,.T.);
#2707=FILL_AREA_STYLE('',(#3200));
#2708=EDGE_CURVE('',#3201,#3201,#3202,.T.);
#2709=EDGE_CURVE('',#3203,#3203,#3204,.T.);
#2710=FILL_AREA_STYLE('',(#3205));
#2711=EDGE_CURVE('',#3206,#3206,#3207,.T.);
#2712=FILL_AREA_STYLE('',(#3208));
#2713=EDGE_CURVE('',#3193,#3026,#3209,.T.);
#2714=EDGE_CURVE('',#3197,#3029,#3210,.T.);
#2715=FILL_AREA_STYLE('',(#3211));
#2716=EDGE_CURVE('',#3212,#3212,#3213,.T.);
#2717=FILL_AREA_STYLE('',(#3214));
#2718=EDGE_CURVE('',#3215,#3215,#3216,.T.);
#2719=EDGE_CURVE('',#3217,#3217,#3218,.T.);
#2720=FILL_AREA_STYLE('',(#3219));
#2721=EDGE_CURVE('',#3021,#3220,#3221,.T.);
#2722=EDGE_CURVE('',#3220,#3008,#3222,.T.);
#2723=EDGE_CURVE('',#3223,#3223,#3224,.T.);
#2724=EDGE_CURVE('',#3225,#3225,#3226,.T.);
#2725=EDGE_CURVE('',#3227,#3227,#3228,.T.);
#2726=EDGE_CURVE('',#3229,#3229,#3230,.T.);
#2727=EDGE_CURVE('',#3231,#3231,#3232,.T.);
#2728=EDGE_CURVE('',#3233,#3233,#3234,.T.);
#2729=EDGE_CURVE('',#3235,#3235,#3236,.T.);
#2730=EDGE_CURVE('',#3237,#3237,#3238,.T.);
#2731=EDGE_CURVE('',#3239,#3239,#3240,.T.);
#2732=EDGE_CURVE('',#3241,#3241,#3242,.T.);
#2733=EDGE_CURVE('',#3243,#3243,#3244,.T.);
#2734=EDGE_CURVE('',#3245,#3245,#3246,.T.);
#2735=EDGE_CURVE('',#3247,#3247,#3248,.T.);
#2736=FILL_AREA_STYLE('',(#3249));
#2737=EDGE_CURVE('',#3250,#3250,#3251,.T.);
#2738=FILL_AREA_STYLE('',(#3252));
#2739=EDGE_CURVE('',#3253,#3253,#3254,.T.);
#2740=FILL_AREA_STYLE('',(#3255));
#2741=EDGE_CURVE('',#3256,#3118,#3257,.T.);
#2742=EDGE_CURVE('',#3258,#3256,#3259,.T.);
#2743=EDGE_CURVE('',#3258,#3120,#3260,.T.);
#2744=FILL_AREA_STYLE('',(#3261));
#2745=EDGE_CURVE('',#3262,#3128,#3263,.T.);
#2746=EDGE_CURVE('',#3264,#3262,#3265,.T.);
#2747=EDGE_CURVE('',#3264,#3130,#3266,.T.);
#2748=FILL_AREA_STYLE('',(#3267));
#2749=EDGE_CURVE('',#3268,#3268,#3269,.T.);
#2750=FILL_AREA_STYLE('',(#3270));
#2751=EDGE_CURVE('',#3271,#3271,#3272,.T.);
#2752=FILL_AREA_STYLE('',(#3273));
#2753=EDGE_CURVE('',#3274,#3274,#3275,.T.);
#2754=EDGE_CURVE('',#3276,#3276,#3277,.T.);
#2755=FILL_AREA_STYLE('',(#3278));
#2756=EDGE_CURVE('',#3279,#3279,#3280,.T.);
#2757=FILL_AREA_STYLE('',(#3281));
#2758=EDGE_CURVE('',#3282,#3283,#3284,.T.);
#2759=EDGE_CURVE('',#3285,#3282,#3286,.T.);
#2760=EDGE_CURVE('',#3285,#3287,#3288,.T.);
#2761=EDGE_CURVE('',#3287,#3283,#3289,.T.);
#2762=FILL_AREA_STYLE('',(#3290));
#2763=EDGE_CURVE('',#3291,#3176,#3292,.T.);
#2764=EDGE_CURVE('',#3293,#3291,#3294,.T.);
#2765=EDGE_CURVE('',#3293,#3179,#3295,.T.);
#2766=FILL_AREA_STYLE('',(#3296));
#2767=FILL_AREA_STYLE('',(#3297));
#2768=EDGE_CURVE('',#3114,#3298,#3299,.T.);
#2769=EDGE_CURVE('',#3298,#3072,#3300,.T.);
#2770=FILL_AREA_STYLE('',(#3301));
#2771=EDGE_CURVE('',#3283,#3302,#3303,.T.);
#2772=EDGE_CURVE('',#3302,#3304,#3305,.T.);
#2773=EDGE_CURVE('',#3304,#3306,#3307,.T.);
#2774=EDGE_CURVE('',#3306,#3308,#3309,.T.);
#2775=EDGE_CURVE('',#3308,#3282,#3310,.T.);
#2776=FILL_AREA_STYLE('',(#3311));
#2777=EDGE_CURVE('',#3312,#3312,#3313,.T.);
#2778=FILL_AREA_STYLE('',(#3314));
#2779=EDGE_CURVE('',#3315,#3315,#3316,.T.);
#2780=EDGE_CURVE('',#3317,#3317,#3318,.T.);
#2781=FILL_AREA_STYLE('',(#3319));
#2782=FILL_AREA_STYLE('',(#3320));
#2783=EDGE_CURVE('',#3321,#3321,#3322,.T.);
#2784=FILL_AREA_STYLE('',(#3323));
#2785=EDGE_CURVE('',#3324,#3016,#3325,.T.);
#2786=EDGE_CURVE('',#3014,#3326,#3327,.T.);
#2787=EDGE_CURVE('',#3324,#3326,#3328,.T.);
#2788=EDGE_CURVE('',#3329,#3329,#3330,.T.);
#2789=FILL_AREA_STYLE('',(#3331));
#2790=EDGE_CURVE('',#3332,#3332,#3333,.T.);
#2791=FILL_AREA_STYLE('',(#3334));
#2792=EDGE_CURVE('',#3335,#3336,#3337,.T.);
#2793=EDGE_CURVE('',#3338,#3335,#3339,.T.);
#2794=EDGE_CURVE('',#3338,#3340,#3341,.T.);
#2795=EDGE_CURVE('',#3340,#3336,#3342,.T.);
#2796=FILL_AREA_STYLE('',(#3343));
#2797=EDGE_CURVE('',#3177,#3344,#3345,.T.);
#2798=EDGE_CURVE('',#3181,#3346,#3347,.T.);
#2799=EDGE_CURVE('',#3346,#3344,#3348,.T.);
#2800=FILL_AREA_STYLE('',(#3349));
#2801=EDGE_CURVE('',#3350,#3350,#3351,.T.);
#2802=FILL_AREA_STYLE('',(#3352));
#2803=EDGE_CURVE('',#3353,#3353,#3354,.T.);
#2804=FILL_AREA_STYLE('',(#3355));
#2805=EDGE_CURVE('',#3356,#3356,#3357,.T.);
#2806=EDGE_CURVE('',#3358,#3358,#3359,.T.);
#2807=FILL_AREA_STYLE('',(#3360));
#2808=EDGE_CURVE('',#3361,#3149,#3362,.T.);
#2809=EDGE_CURVE('',#3361,#2995,#3363,.T.);
#2810=FILL_AREA_STYLE('',(#3364));
#2811=FILL_AREA_STYLE('',(#3365));
#2812=EDGE_CURVE('',#3366,#3366,#3367,.T.);
#2813=FILL_AREA_STYLE('',(#3368));
#2814=EDGE_CURVE('',#3369,#3192,#3370,.T.);
#2815=EDGE_CURVE('',#3371,#3369,#3372,.T.);
#2816=EDGE_CURVE('',#3371,#3195,#3373,.T.);
#2817=FILL_AREA_STYLE('',(#3374));
#2818=EDGE_CURVE('',#3375,#3375,#3376,.T.);
#2819=FILL_AREA_STYLE('',(#3377));
#2820=FILL_AREA_STYLE('',(#3378));
#2821=EDGE_CURVE('',#3379,#3361,#3380,.T.);
#2822=EDGE_CURVE('',#3379,#2996,#3381,.T.);
#2823=EDGE_CURVE('',#3099,#3258,#3382,.T.);
#2824=EDGE_CURVE('',#3048,#3097,#3383,.T.);
#2825=EDGE_CURVE('',#3384,#3293,#3385,.T.);
#2826=EDGE_CURVE('',#3386,#3384,#3387,.T.);
#2827=EDGE_CURVE('',#3346,#3386,#3388,.T.);
#2828=EDGE_CURVE('',#3389,#3285,#3390,.T.);
#2829=EDGE_CURVE('',#3391,#3389,#3392,.T.);
#2830=EDGE_CURVE('',#3393,#3391,#3394,.T.);
#2831=EDGE_CURVE('',#3395,#3393,#3396,.T.);
#2832=EDGE_CURVE('',#3287,#3395,#3397,.T.);
#2833=EDGE_CURVE('',#3398,#3124,#3399,.T.);
#2834=EDGE_CURVE('',#3400,#3398,#3401,.T.);
#2835=EDGE_CURVE('',#3298,#3400,#3402,.T.);
#2836=EDGE_CURVE('',#3108,#3264,#3403,.T.);
#2837=EDGE_CURVE('',#3057,#3106,#3404,.T.);
#2838=EDGE_CURVE('',#3162,#3185,#3405,.T.);
#2839=EDGE_CURVE('',#3406,#3160,#3407,.T.);
#2840=EDGE_CURVE('',#3408,#3406,#3409,.T.);
#2841=EDGE_CURVE('',#3187,#3408,#3410,.T.);
#2842=EDGE_CURVE('',#3411,#3412,#3413,.T.);
#2843=EDGE_CURVE('',#3414,#3411,#3415,.T.);
#2844=EDGE_CURVE('',#3416,#3414,#3417,.T.);
#2845=EDGE_CURVE('',#3340,#3416,#3418,.T.);
#2846=EDGE_CURVE('',#3412,#3338,#3419,.T.);
#2847=EDGE_CURVE('',#3420,#3371,#3421,.T.);
#2848=EDGE_CURVE('',#3031,#3420,#3422,.T.);
#2849=EDGE_CURVE('',#3423,#3423,#3424,.T.);
#2850=EDGE_CURVE('',#3425,#3425,#3426,.T.);
#2851=EDGE_CURVE('',#3427,#3427,#3428,.T.);
#2852=FILL_AREA_STYLE('',(#3429));
#2853=EDGE_CURVE('',#3430,#3430,#3431,.T.);
#2854=FILL_AREA_STYLE('',(#3432));
#2855=EDGE_CURVE('',#3104,#3262,#3433,.T.);
#2856=FILL_AREA_STYLE('',(#3434));
#2857=EDGE_CURVE('',#3435,#3369,#3436,.T.);
#2858=EDGE_CURVE('',#3420,#3435,#3437,.T.);
#2859=FILL_AREA_STYLE('',(#3438));
#2860=EDGE_CURVE('',#3095,#3256,#3439,.T.);
#2861=EDGE_CURVE('',#3044,#3094,#3440,.T.);
#2862=FILL_AREA_STYLE('',(#3441));
#2863=EDGE_CURVE('',#3027,#3435,#3442,.T.);
#2864=FILL_AREA_STYLE('',(#3443));
#2865=FILL_AREA_STYLE('',(#3444));
#2866=EDGE_CURVE('',#3408,#3169,#3445,.T.);
#2867=EDGE_CURVE('',#3406,#3171,#3446,.T.);
#2868=FILL_AREA_STYLE('',(#3447));
#2869=EDGE_CURVE('',#3398,#3076,#3448,.T.);
#2870=FILL_AREA_STYLE('',(#3449));
#2871=EDGE_CURVE('',#3400,#3074,#3450,.T.);
#2872=FILL_AREA_STYLE('',(#3451));
#2873=FILL_AREA_STYLE('',(#3452));
#2874=EDGE_CURVE('',#3453,#3454,#3455,.T.);
#2875=EDGE_CURVE('',#3454,#3335,#3456,.T.);
#2876=EDGE_CURVE('',#3336,#3457,#3458,.T.);
#2877=EDGE_CURVE('',#3457,#3459,#3460,.T.);
#2878=EDGE_CURVE('',#3459,#3453,#3461,.T.);
#2879=FILL_AREA_STYLE('',(#3462));
#2880=FILL_AREA_STYLE('',(#3463));
#2881=FILL_AREA_STYLE('',(#3464));
#2882=EDGE_CURVE('',#3053,#3103,#3465,.T.);
#2883=FILL_AREA_STYLE('',(#3466));
#2884=EDGE_CURVE('',#3326,#3135,#3467,.T.);
#2885=EDGE_CURVE('',#3220,#3134,#3468,.T.);
#2886=EDGE_CURVE('',#3469,#3020,#3470,.T.);
#2887=EDGE_CURVE('',#3469,#3150,#3471,.T.);
#2888=EDGE_CURVE('',#3324,#3379,#3472,.T.);
#2889=FILL_AREA_STYLE('',(#3473));
#2890=EDGE_CURVE('',#3395,#3302,#3474,.T.);
#2891=FILL_AREA_STYLE('',(#3475));
#2892=EDGE_CURVE('',#3393,#3304,#3476,.T.);
#2893=FILL_AREA_STYLE('',(#3477));
#2894=EDGE_CURVE('',#3478,#3478,#3479,.T.);
#2895=EDGE_CURVE('',#3480,#3480,#3481,.T.);
#2896=FILL_AREA_STYLE('',(#3482));
#2897=EDGE_CURVE('',#3483,#3483,#3484,.T.);
#2898=FILL_AREA_STYLE('',(#3485));
#2899=FILL_AREA_STYLE('',(#3486));
#2900=EDGE_CURVE('',#3391,#3306,#3487,.T.);
#2901=EDGE_CURVE('',#3389,#3308,#3488,.T.);
#2902=FILL_AREA_STYLE('',(#3489));
#2903=EDGE_CURVE('',#3490,#3490,#3491,.T.);
#2904=FILL_AREA_STYLE('',(#3492));
#2905=EDGE_CURVE('',#3493,#3493,#3494,.T.);
#2906=EDGE_CURVE('',#3495,#3495,#3496,.T.);
#2907=FILL_AREA_STYLE('',(#3497));
#2908=EDGE_CURVE('',#3498,#3498,#3499,.T.);
#2909=FILL_AREA_STYLE('',(#3500));
#2910=FILL_AREA_STYLE('',(#3501));
#2911=EDGE_CURVE('',#3502,#3502,#3503,.T.);
#2912=FILL_AREA_STYLE('',(#3504));
#2913=FILL_AREA_STYLE('',(#3505));
#2914=EDGE_CURVE('',#3506,#3291,#3507,.T.);
#2915=EDGE_CURVE('',#3384,#3506,#3508,.T.);
#2916=FILL_AREA_STYLE('',(#3509));
#2917=EDGE_CURVE('',#3510,#3506,#3511,.T.);
#2918=EDGE_CURVE('',#3386,#3510,#3512,.T.);
#2919=FILL_AREA_STYLE('',(#3513));
#2920=EDGE_CURVE('',#3344,#3510,#3514,.T.);
#2921=FILL_AREA_STYLE('',(#3515));
#2922=FILL_AREA_STYLE('',(#3516));
#2923=EDGE_CURVE('',#3414,#3459,#3517,.T.);
#2924=EDGE_CURVE('',#3411,#3453,#3518,.T.);
#2925=FILL_AREA_STYLE('',(#3519));
#2926=FILL_AREA_STYLE('',(#3520));
#2927=FILL_AREA_STYLE('',(#3521));
#2928=EDGE_CURVE('',#3412,#3454,#3522,.T.);
#2929=FILL_AREA_STYLE('',(#3523));
#2930=EDGE_CURVE('',#3524,#3524,#3525,.T.);
#2931=FILL_AREA_STYLE('',(#3526));
#2932=EDGE_CURVE('',#3527,#3527,#3528,.T.);
#2933=FILL_AREA_STYLE('',(#3529));
#2934=EDGE_CURVE('',#3469,#3002,#3530,.T.);
#2935=FILL_AREA_STYLE('',(#3531));
#2936=EDGE_CURVE('',#3532,#3532,#3533,.T.);
#2937=FILL_AREA_STYLE('',(#3534));
#2938=EDGE_CURVE('',#3535,#3535,#3536,.T.);
#2939=FILL_AREA_STYLE('',(#3537));
#2940=FILL_AREA_STYLE('',(#3538));
#2941=FILL_AREA_STYLE('',(#3539));
#2942=FILL_AREA_STYLE('',(#3540));
#2943=EDGE_CURVE('',#3541,#3541,#3542,.T.);
#2944=FILL_AREA_STYLE('',(#3543));
#2945=EDGE_CURVE('',#3544,#3544,#3545,.T.);
#2946=FILL_AREA_STYLE('',(#3546));
#2947=FILL_AREA_STYLE('',(#3547));
#2948=FILL_AREA_STYLE('',(#3548));
#2949=FILL_AREA_STYLE('',(#3549));
#2950=EDGE_CURVE('',#3416,#3457,#3550,.T.);
#2951=FILL_AREA_STYLE('',(#3551));
#2952=FILL_AREA_STYLE('',(#3552));
#2953=EDGE_CURVE('',#3553,#3553,#3554,.T.);
#2954=FILL_AREA_STYLE('',(#3555));
#2955=FILL_AREA_STYLE('',(#3556));
#2956=FILL_AREA_STYLE('',(#3557));
#2957=FILL_AREA_STYLE('',(#3558));
#2958=FILL_AREA_STYLE('',(#3559));
#2959=FILL_AREA_STYLE('',(#3560));
#2960=FILL_AREA_STYLE('',(#3561));
#2961=EDGE_CURVE('',#3562,#3562,#3563,.T.);
#2962=FILL_AREA_STYLE('',(#3564));
#2963=FILL_AREA_STYLE('',(#3565));
#2964=FILL_AREA_STYLE('',(#3566));
#2965=FILL_AREA_STYLE('',(#3567));
#2966=FILL_AREA_STYLE('',(#3568));
#2967=FILL_AREA_STYLE('',(#3569));
#2968=FILL_AREA_STYLE('',(#3570));
#2969=FILL_AREA_STYLE('',(#3571));
#2970=FILL_AREA_STYLE('',(#3572));
#2971=FILL_AREA_STYLE('',(#3573));
#2972=FILL_AREA_STYLE('',(#3574));
#2973=FILL_AREA_STYLE('',(#3575));
#2974=FILL_AREA_STYLE_COLOUR('',#3576);
#2975=VERTEX_POINT('',#3577);
#2976=CIRCLE('',#3578,0.00269);
#2977=VERTEX_POINT('',#3579);
#2978=CIRCLE('',#3580,0.00269);
#2979=FILL_AREA_STYLE_COLOUR('',#3581);
#2980=VERTEX_POINT('',#3582);
#2981=CIRCLE('',#3583,0.00248999999999999);
#2982=VERTEX_POINT('',#3584);
#2983=CIRCLE('',#3585,0.00169999999999998);
#2984=FILL_AREA_STYLE_COLOUR('',#3586);
#2985=VERTEX_POINT('',#3587);
#2986=CIRCLE('',#3588,0.00269);
#2987=VERTEX_POINT('',#3589);
#2988=CIRCLE('',#3590,0.00269);
#2989=FILL_AREA_STYLE_COLOUR('',#3591);
#2990=VERTEX_POINT('',#3592);
#2991=CIRCLE('',#3593,0.0019);
#2992=VERTEX_POINT('',#3594);
#2993=CIRCLE('',#3595,0.0019);
#2994=FILL_AREA_STYLE_COLOUR('',#3596);
#2995=VERTEX_POINT('',#3597);
#2996=VERTEX_POINT('',#3598);
#2997=LINE('',#3599,#3600);
#2998=VERTEX_POINT('',#3601);
#2999=CIRCLE('',#3602,0.006);
#3000=VERTEX_POINT('',#3603);
#3001=LINE('',#3604,#3605);
#3002=VERTEX_POINT('',#3606);
#3003=LINE('',#3607,#3608);
#3004=VERTEX_POINT('',#3609);
#3005=LINE('',#3610,#3611);
#3006=VERTEX_POINT('',#3612);
#3007=CIRCLE('',#3613,0.0045);
#3008=VERTEX_POINT('',#3614);
#3009=LINE('',#3615,#3616);
#3010=VERTEX_POINT('',#3617);
#3011=CIRCLE('',#3618,0.0045);
#3012=VERTEX_POINT('',#3619);
#3013=LINE('',#3620,#3621);
#3014=VERTEX_POINT('',#3622);
#3015=LINE('',#3623,#3624);
#3016=VERTEX_POINT('',#3625);
#3017=LINE('',#3626,#3627);
#3018=CIRCLE('',#3628,0.006);
#3019=FILL_AREA_STYLE_COLOUR('',#3629);
#3020=VERTEX_POINT('',#3630);
#3021=VERTEX_POINT('',#3631);
#3022=CIRCLE('',#3632,0.0045);
#3023=LINE('',#3633,#3634);
#3024=LINE('',#3635,#3636);
#3025=FILL_AREA_STYLE_COLOUR('',#3637);
#3026=VERTEX_POINT('',#3638);
#3027=VERTEX_POINT('',#3639);
#3028=LINE('',#3640,#3641);
#3029=VERTEX_POINT('',#3642);
#3030=LINE('',#3643,#3644);
#3031=VERTEX_POINT('',#3645);
#3032=LINE('',#3646,#3647);
#3033=LINE('',#3648,#3649);
#3034=FILL_AREA_STYLE_COLOUR('',#3650);
#3035=VERTEX_POINT('',#3651);
#3036=CIRCLE('',#3652,0.00295000000000004);
#3037=VERTEX_POINT('',#3653);
#3038=CIRCLE('',#3654,0.00165000000000004);
#3039=FILL_AREA_STYLE_COLOUR('',#3655);
#3040=VERTEX_POINT('',#3656);
#3041=CIRCLE('',#3657,0.0015);
#3042=FILL_AREA_STYLE_COLOUR('',#3658);
#3043=VERTEX_POINT('',#3659);
#3044=VERTEX_POINT('',#3660);
#3045=LINE('',#3661,#3662);
#3046=VERTEX_POINT('',#3663);
#3047=LINE('',#3664,#3665);
#3048=VERTEX_POINT('',#3666);
#3049=LINE('',#3667,#3668);
#3050=LINE('',#3669,#3670);
#3051=FILL_AREA_STYLE_COLOUR('',#3671);
#3052=VERTEX_POINT('',#3672);
#3053=VERTEX_POINT('',#3673);
#3054=LINE('',#3674,#3675);
#3055=VERTEX_POINT('',#3676);
#3056=LINE('',#3677,#3678);
#3057=VERTEX_POINT('',#3679);
#3058=LINE('',#3680,#3681);
#3059=LINE('',#3682,#3683);
#3060=FILL_AREA_STYLE_COLOUR('',#3684);
#3061=VERTEX_POINT('',#3685);
#3062=CIRCLE('',#3686,0.0021);
#3063=VERTEX_POINT('',#3687);
#3064=CIRCLE('',#3688,0.0021);
#3065=FILL_AREA_STYLE_COLOUR('',#3689);
#3066=VERTEX_POINT('',#3690);
#3067=CIRCLE('',#3691,0.00295000000000004);
#3068=VERTEX_POINT('',#3692);
#3069=CIRCLE('',#3693,0.00165000000000004);
#3070=FILL_AREA_STYLE_COLOUR('',#3694);
#3071=VERTEX_POINT('',#3695);
#3072=VERTEX_POINT('',#3696);
#3073=LINE('',#3697,#3698);
#3074=VERTEX_POINT('',#3699);
#3075=LINE('',#3700,#3701);
#3076=VERTEX_POINT('',#3702);
#3077=LINE('',#3703,#3704);
#3078=VERTEX_POINT('',#3705);
#3079=LINE('',#3706,#3707);
#3080=VERTEX_POINT('',#3708);
#3081=LINE('',#3709,#3710);
#3082=LINE('',#3711,#3712);
#3083=FILL_AREA_STYLE_COLOUR('',#3713);
#3084=VERTEX_POINT('',#3714);
#3085=CIRCLE('',#3715,0.00170000000000003);
#3086=VERTEX_POINT('',#3716);
#3087=CIRCLE('',#3717,0.0015);
#3088=FILL_AREA_STYLE_COLOUR('',#3718);
#3089=VERTEX_POINT('',#3719);
#3090=CIRCLE('',#3720,0.00248999999999999);
#3091=VERTEX_POINT('',#3721);
#3092=CIRCLE('',#3722,0.00170000000000003);
#3093=FILL_AREA_STYLE_COLOUR('',#3723);
#3094=VERTEX_POINT('',#3724);
#3095=VERTEX_POINT('',#3725);
#3096=LINE('',#3726,#3727);
#3097=VERTEX_POINT('',#3728);
#3098=LINE('',#3729,#3730);
#3099=VERTEX_POINT('',#3731);
#3100=LINE('',#3732,#3733);
#3101=LINE('',#3734,#3735);
#3102=FILL_AREA_STYLE_COLOUR('',#3736);
#3103=VERTEX_POINT('',#3737);
#3104=VERTEX_POINT('',#3738);
#3105=LINE('',#3739,#3740);
#3106=VERTEX_POINT('',#3741);
#3107=LINE('',#3742,#3743);
#3108=VERTEX_POINT('',#3744);
#3109=LINE('',#3745,#3746);
#3110=LINE('',#3747,#3748);
#3111=FILL_AREA_STYLE_COLOUR('',#3749);
#3112=VERTEX_POINT('',#3750);
#3113=LINE('',#3751,#3752);
#3114=VERTEX_POINT('',#3753);
#3115=LINE('',#3754,#3755);
#3116=LINE('',#3756,#3757);
#3117=FILL_AREA_STYLE_COLOUR('',#3758);
#3118=VERTEX_POINT('',#3759);
#3119=LINE('',#3760,#3761);
#3120=VERTEX_POINT('',#3762);
#3121=LINE('',#3763,#3764);
#3122=LINE('',#3765,#3766);
#3123=FILL_AREA_STYLE_COLOUR('',#3767);
#3124=VERTEX_POINT('',#3768);
#3125=LINE('',#3769,#3770);
#3126=LINE('',#3771,#3772);
#3127=FILL_AREA_STYLE_COLOUR('',#3773);
#3128=VERTEX_POINT('',#3774);
#3129=LINE('',#3775,#3776);
#3130=VERTEX_POINT('',#3777);
#3131=LINE('',#3778,#3779);
#3132=LINE('',#3780,#3781);
#3133=FILL_AREA_STYLE_COLOUR('',#3782);
#3134=VERTEX_POINT('',#3783);
#3135=VERTEX_POINT('',#3784);
#3136=LINE('',#3785,#3786);
#3137=LINE('',#3787,#3788);
#3138=LINE('',#3789,#3790);
#3139=VERTEX_POINT('',#3791);
#3140=CIRCLE('',#3792,0.00165000000000004);
#3141=VERTEX_POINT('',#3793);
#3142=CIRCLE('',#3794,0.00165000000000004);
#3143=FILL_AREA_STYLE_COLOUR('',#3795);
#3144=VERTEX_POINT('',#3796);
#3145=CIRCLE('',#3797,0.0015);
#3146=VERTEX_POINT('',#3798);
#3147=CIRCLE('',#3799,0.0015);
#3148=FILL_AREA_STYLE_COLOUR('',#3800);
#3149=VERTEX_POINT('',#3801);
#3150=VERTEX_POINT('',#3802);
#3151=LINE('',#3803,#3804);
#3152=LINE('',#3805,#3806);
#3153=LINE('',#3807,#3808);
#3154=VERTEX_POINT('',#3809);
#3155=CIRCLE('',#3810,0.00295000000000004);
#3156=FILL_AREA_STYLE_COLOUR('',#3811);
#3157=VERTEX_POINT('',#3812);
#3158=VERTEX_POINT('',#3813);
#3159=LINE('',#3814,#3815);
#3160=VERTEX_POINT('',#3816);
#3161=LINE('',#3817,#3818);
#3162=VERTEX_POINT('',#3819);
#3163=LINE('',#3820,#3821);
#3164=LINE('',#3822,#3823);
#3165=FILL_AREA_STYLE_COLOUR('',#3824);
#3166=VERTEX_POINT('',#3825);
#3167=VERTEX_POINT('',#3826);
#3168=LINE('',#3827,#3828);
#3169=VERTEX_POINT('',#3829);
#3170=LINE('',#3830,#3831);
#3171=VERTEX_POINT('',#3832);
#3172=LINE('',#3833,#3834);
#3173=LINE('',#3835,#3836);
#3174=LINE('',#3837,#3838);
#3175=FILL_AREA_STYLE_COLOUR('',#3839);
#3176=VERTEX_POINT('',#3840);
#3177=VERTEX_POINT('',#3841);
#3178=LINE('',#3842,#3843);
#3179=VERTEX_POINT('',#3844);
#3180=LINE('',#3845,#3846);
#3181=VERTEX_POINT('',#3847);
#3182=LINE('',#3848,#3849);
#3183=LINE('',#3850,#3851);
#3184=FILL_AREA_STYLE_COLOUR('',#3852);
#3185=VERTEX_POINT('',#3853);
#3186=LINE('',#3854,#3855);
#3187=VERTEX_POINT('',#3856);
#3188=LINE('',#3857,#3858);
#3189=LINE('',#3859,#3860);
#3190=FILL_AREA_STYLE_COLOUR('',#3861);
#3191=FILL_AREA_STYLE_COLOUR('',#3862);
#3192=VERTEX_POINT('',#3863);
#3193=VERTEX_POINT('',#3864);
#3194=LINE('',#3865,#3866);
#3195=VERTEX_POINT('',#3867);
#3196=LINE('',#3868,#3869);
#3197=VERTEX_POINT('',#3870);
#3198=LINE('',#3871,#3872);
#3199=LINE('',#3873,#3874);
#3200=FILL_AREA_STYLE_COLOUR('',#3875);
#3201=VERTEX_POINT('',#3876);
#3202=CIRCLE('',#3877,0.00269);
#3203=VERTEX_POINT('',#3878);
#3204=CIRCLE('',#3879,0.00269);
#3205=FILL_AREA_STYLE_COLOUR('',#3880);
#3206=VERTEX_POINT('',#3881);
#3207=CIRCLE('',#3882,0.00169999999999998);
#3208=FILL_AREA_STYLE_COLOUR('',#3883);
#3209=LINE('',#3884,#3885);
#3210=LINE('',#3886,#3887);
#3211=FILL_AREA_STYLE_COLOUR('',#3888);
#3212=VERTEX_POINT('',#3889);
#3213=CIRCLE('',#3890,0.00248999999999999);
#3214=FILL_AREA_STYLE_COLOUR('',#3891);
#3215=VERTEX_POINT('',#3892);
#3216=CIRCLE('',#3893,0.00295000000000001);
#3217=VERTEX_POINT('',#3894);
#3218=CIRCLE('',#3895,0.00165);
#3219=FILL_AREA_STYLE_COLOUR('',#3896);
#3220=VERTEX_POINT('',#3897);
#3221=LINE('',#3898,#3899);
#3222=LINE('',#3900,#3901);
#3223=VERTEX_POINT('',#3902);
#3224=CIRCLE('',#3903,0.0019);
#3225=VERTEX_POINT('',#3904);
#3226=CIRCLE('',#3905,0.00165);
#3227=VERTEX_POINT('',#3906);
#3228=CIRCLE('',#3907,0.00269);
#3229=VERTEX_POINT('',#3908);
#3230=CIRCLE('',#3909,0.00269);
#3231=VERTEX_POINT('',#3910);
#3232=CIRCLE('',#3911,0.0021);
#3233=VERTEX_POINT('',#3912);
#3234=CIRCLE('',#3913,0.00269);
#3235=VERTEX_POINT('',#3914);
#3236=CIRCLE('',#3915,0.0019);
#3237=VERTEX_POINT('',#3916);
#3238=CIRCLE('',#3917,0.0021);
#3239=VERTEX_POINT('',#3918);
#3240=CIRCLE('',#3919,0.00269);
#3241=VERTEX_POINT('',#3920);
#3242=CIRCLE('',#3921,0.00269);
#3243=VERTEX_POINT('',#3922);
#3244=CIRCLE('',#3923,0.00165);
#3245=VERTEX_POINT('',#3924);
#3246=CIRCLE('',#3925,0.0019);
#3247=VERTEX_POINT('',#3926);
#3248=CIRCLE('',#3927,0.0021);
#3249=FILL_AREA_STYLE_COLOUR('',#3928);
#3250=VERTEX_POINT('',#3929);
#3251=CIRCLE('',#3930,0.0015);
#3252=FILL_AREA_STYLE_COLOUR('',#3931);
#3253=VERTEX_POINT('',#3932);
#3254=CIRCLE('',#3933,0.00165);
#3255=FILL_AREA_STYLE_COLOUR('',#3934);
#3256=VERTEX_POINT('',#3935);
#3257=LINE('',#3936,#3937);
#3258=VERTEX_POINT('',#3938);
#3259=LINE('',#3939,#3940);
#3260=LINE('',#3941,#3942);
#3261=FILL_AREA_STYLE_COLOUR('',#3943);
#3262=VERTEX_POINT('',#3944);
#3263=LINE('',#3945,#3946);
#3264=VERTEX_POINT('',#3947);
#3265=LINE('',#3948,#3949);
#3266=LINE('',#3950,#3951);
#3267=FILL_AREA_STYLE_COLOUR('',#3952);
#3268=VERTEX_POINT('',#3953);
#3269=CIRCLE('',#3954,0.00269);
#3270=FILL_AREA_STYLE_COLOUR('',#3955);
#3271=VERTEX_POINT('',#3956);
#3272=CIRCLE('',#3957,0.00269);
#3273=FILL_AREA_STYLE_COLOUR('',#3958);
#3274=VERTEX_POINT('',#3959);
#3275=CIRCLE('',#3960,0.0015);
#3276=VERTEX_POINT('',#3961);
#3277=CIRCLE('',#3962,0.0015);
#3278=FILL_AREA_STYLE_COLOUR('',#3963);
#3279=VERTEX_POINT('',#3964);
#3280=CIRCLE('',#3965,0.0019);
#3281=FILL_AREA_STYLE_COLOUR('',#3966);
#3282=VERTEX_POINT('',#3967);
#3283=VERTEX_POINT('',#3968);
#3284=LINE('',#3969,#3970);
#3285=VERTEX_POINT('',#3971);
#3286=LINE('',#3972,#3973);
#3287=VERTEX_POINT('',#3974);
#3288=LINE('',#3975,#3976);
#3289=LINE('',#3977,#3978);
#3290=FILL_AREA_STYLE_COLOUR('',#3979);
#3291=VERTEX_POINT('',#3980);
#3292=LINE('',#3981,#3982);
#3293=VERTEX_POINT('',#3983);
#3294=LINE('',#3984,#3985);
#3295=LINE('',#3986,#3987);
#3296=FILL_AREA_STYLE_COLOUR('',#3988);
#3297=FILL_AREA_STYLE_COLOUR('',#3989);
#3298=VERTEX_POINT('',#3990);
#3299=LINE('',#3991,#3992);
#3300=LINE('',#3993,#3994);
#3301=FILL_AREA_STYLE_COLOUR('',#3995);
#3302=VERTEX_POINT('',#3996);
#3303=LINE('',#3997,#3998);
#3304=VERTEX_POINT('',#3999);
#3305=LINE('',#4000,#4001);
#3306=VERTEX_POINT('',#4002);
#3307=LINE('',#4003,#4004);
#3308=VERTEX_POINT('',#4005);
#3309=LINE('',#4006,#4007);
#3310=LINE('',#4008,#4009);
#3311=FILL_AREA_STYLE_COLOUR('',#4010);
#3312=VERTEX_POINT('',#4011);
#3313=CIRCLE('',#4012,0.0021);
#3314=FILL_AREA_STYLE_COLOUR('',#4013);
#3315=VERTEX_POINT('',#4014);
#3316=CIRCLE('',#4015,0.00169999999999998);
#3317=VERTEX_POINT('',#4016);
#3318=CIRCLE('',#4017,0.0015);
#3319=FILL_AREA_STYLE_COLOUR('',#4018);
#3320=FILL_AREA_STYLE_COLOUR('',#4019);
#3321=VERTEX_POINT('',#4020);
#3322=CIRCLE('',#4021,0.0015);
#3323=FILL_AREA_STYLE_COLOUR('',#4022);
#3324=VERTEX_POINT('',#4023);
#3325=LINE('',#4024,#4025);
#3326=VERTEX_POINT('',#4026);
#3327=LINE('',#4027,#4028);
#3328=LINE('',#4029,#4030);
#3329=VERTEX_POINT('',#4031);
#3330=CIRCLE('',#4032,0.00295000000000004);
#3331=FILL_AREA_STYLE_COLOUR('',#4033);
#3332=VERTEX_POINT('',#4034);
#3333=CIRCLE('',#4035,0.0021);
#3334=FILL_AREA_STYLE_COLOUR('',#4036);
#3335=VERTEX_POINT('',#4037);
#3336=VERTEX_POINT('',#4038);
#3337=LINE('',#4039,#4040);
#3338=VERTEX_POINT('',#4041);
#3339=LINE('',#4042,#4043);
#3340=VERTEX_POINT('',#4044);
#3341=LINE('',#4045,#4046);
#3342=LINE('',#4047,#4048);
#3343=FILL_AREA_STYLE_COLOUR('',#4049);
#3344=VERTEX_POINT('',#4050);
#3345=LINE('',#4051,#4052);
#3346=VERTEX_POINT('',#4053);
#3347=LINE('',#4054,#4055);
#3348=LINE('',#4056,#4057);
#3349=FILL_AREA_STYLE_COLOUR('',#4058);
#3350=VERTEX_POINT('',#4059);
#3351=CIRCLE('',#4060,0.0015);
#3352=FILL_AREA_STYLE_COLOUR('',#4061);
#3353=VERTEX_POINT('',#4062);
#3354=CIRCLE('',#4063,0.00165000000000004);
#3355=FILL_AREA_STYLE_COLOUR('',#4064);
#3356=VERTEX_POINT('',#4065);
#3357=CIRCLE('',#4066,0.00165000000000004);
#3358=VERTEX_POINT('',#4067);
#3359=CIRCLE('',#4068,0.00165000000000004);
#3360=FILL_AREA_STYLE_COLOUR('',#4069);
#3361=VERTEX_POINT('',#4070);
#3362=CIRCLE('',#4071,0.006);
#3363=LINE('',#4072,#4073);
#3364=FILL_AREA_STYLE_COLOUR('',#4074);
#3365=FILL_AREA_STYLE_COLOUR('',#4075);
#3366=VERTEX_POINT('',#4076);
#3367=CIRCLE('',#4077,0.00269);
#3368=FILL_AREA_STYLE_COLOUR('',#4078);
#3369=VERTEX_POINT('',#4079);
#3370=LINE('',#4080,#4081);
#3371=VERTEX_POINT('',#4082);
#3372=LINE('',#4083,#4084);
#3373=LINE('',#4085,#4086);
#3374=FILL_AREA_STYLE_COLOUR('',#4087);
#3375=VERTEX_POINT('',#4088);
#3376=CIRCLE('',#4089,0.0019);
#3377=FILL_AREA_STYLE_COLOUR('',#4090);
#3378=FILL_AREA_STYLE_COLOUR('',#4091);
#3379=VERTEX_POINT('',#4092);
#3380=LINE('',#4093,#4094);
#3381=LINE('',#4095,#4096);
#3382=LINE('',#4097,#4098);
#3383=LINE('',#4099,#4100);
#3384=VERTEX_POINT('',#4101);
#3385=LINE('',#4102,#4103);
#3386=VERTEX_POINT('',#4104);
#3387=LINE('',#4105,#4106);
#3388=LINE('',#4107,#4108);
#3389=VERTEX_POINT('',#4109);
#3390=LINE('',#4110,#4111);
#3391=VERTEX_POINT('',#4112);
#3392=LINE('',#4113,#4114);
#3393=VERTEX_POINT('',#4115);
#3394=LINE('',#4116,#4117);
#3395=VERTEX_POINT('',#4118);
#3396=LINE('',#4119,#4120);
#3397=LINE('',#4121,#4122);
#3398=VERTEX_POINT('',#4123);
#3399=LINE('',#4124,#4125);
#3400=VERTEX_POINT('',#4126);
#3401=LINE('',#4127,#4128);
#3402=LINE('',#4129,#4130);
#3403=LINE('',#4131,#4132);
#3404=LINE('',#4133,#4134);
#3405=LINE('',#4135,#4136);
#3406=VERTEX_POINT('',#4137);
#3407=LINE('',#4138,#4139);
#3408=VERTEX_POINT('',#4140);
#3409=LINE('',#4141,#4142);
#3410=LINE('',#4143,#4144);
#3411=VERTEX_POINT('',#4145);
#3412=VERTEX_POINT('',#4146);
#3413=LINE('',#4147,#4148);
#3414=VERTEX_POINT('',#4149);
#3415=LINE('',#4150,#4151);
#3416=VERTEX_POINT('',#4152);
#3417=LINE('',#4153,#4154);
#3418=LINE('',#4155,#4156);
#3419=LINE('',#4157,#4158);
#3420=VERTEX_POINT('',#4159);
#3421=LINE('',#4160,#4161);
#3422=LINE('',#4162,#4163);
#3423=VERTEX_POINT('',#4164);
#3424=CIRCLE('',#4165,0.00295000000000001);
#3425=VERTEX_POINT('',#4166);
#3426=CIRCLE('',#4167,0.0021);
#3427=VERTEX_POINT('',#4168);
#3428=CIRCLE('',#4169,0.0019);
#3429=FILL_AREA_STYLE_COLOUR('',#4170);
#3430=VERTEX_POINT('',#4171);
#3431=CIRCLE('',#4172,0.00169999999999998);
#3432=FILL_AREA_STYLE_COLOUR('',#4173);
#3433=LINE('',#4174,#4175);
#3434=FILL_AREA_STYLE_COLOUR('',#4176);
#3435=VERTEX_POINT('',#4177);
#3436=LINE('',#4178,#4179);
#3437=LINE('',#4180,#4181);
#3438=FILL_AREA_STYLE_COLOUR('',#4182);
#3439=LINE('',#4183,#4184);
#3440=LINE('',#4185,#4186);
#3441=FILL_AREA_STYLE_COLOUR('',#4187);
#3442=LINE('',#4188,#4189);
#3443=FILL_AREA_STYLE_COLOUR('',#4190);
#3444=FILL_AREA_STYLE_COLOUR('',#4191);
#3445=LINE('',#4192,#4193);
#3446=LINE('',#4194,#4195);
#3447=FILL_AREA_STYLE_COLOUR('',#4196);
#3448=LINE('',#4197,#4198);
#3449=FILL_AREA_STYLE_COLOUR('',#4199);
#3450=LINE('',#4200,#4201);
#3451=FILL_AREA_STYLE_COLOUR('',#4202);
#3452=FILL_AREA_STYLE_COLOUR('',#4203);
#3453=VERTEX_POINT('',#4204);
#3454=VERTEX_POINT('',#4205);
#3455=LINE('',#4206,#4207);
#3456=LINE('',#4208,#4209);
#3457=VERTEX_POINT('',#4210);
#3458=LINE('',#4211,#4212);
#3459=VERTEX_POINT('',#4213);
#3460=LINE('',#4214,#4215);
#3461=LINE('',#4216,#4217);
#3462=FILL_AREA_STYLE_COLOUR('',#4218);
#3463=FILL_AREA_STYLE_COLOUR('',#4219);
#3464=FILL_AREA_STYLE_COLOUR('',#4220);
#3465=LINE('',#4221,#4222);
#3466=FILL_AREA_STYLE_COLOUR('',#4223);
#3467=LINE('',#4224,#4225);
#3468=CIRCLE('',#4226,0.0045);
#3469=VERTEX_POINT('',#4227);
#3470=LINE('',#4228,#4229);
#3471=LINE('',#4230,#4231);
#3472=CIRCLE('',#4232,0.006);
#3473=FILL_AREA_STYLE_COLOUR('',#4233);
#3474=LINE('',#4234,#4235);
#3475=FILL_AREA_STYLE_COLOUR('',#4236);
#3476=LINE('',#4237,#4238);
#3477=FILL_AREA_STYLE_COLOUR('',#4239);
#3478=VERTEX_POINT('',#4240);
#3479=CIRCLE('',#4241,0.00269);
#3480=VERTEX_POINT('',#4242);
#3481=CIRCLE('',#4243,0.00248999999999999);
#3482=FILL_AREA_STYLE_COLOUR('',#4244);
#3483=VERTEX_POINT('',#4245);
#3484=CIRCLE('',#4246,0.00248999999999999);
#3485=FILL_AREA_STYLE_COLOUR('',#4247);
#3486=FILL_AREA_STYLE_COLOUR('',#4248);
#3487=LINE('',#4249,#4250);
#3488=LINE('',#4251,#4252);
#3489=FILL_AREA_STYLE_COLOUR('',#4253);
#3490=VERTEX_POINT('',#4254);
#3491=CIRCLE('',#4255,0.00169999999999998);
#3492=FILL_AREA_STYLE_COLOUR('',#4256);
#3493=VERTEX_POINT('',#4257);
#3494=CIRCLE('',#4258,0.00248999999999999);
#3495=VERTEX_POINT('',#4259);
#3496=CIRCLE('',#4260,0.00170000000000003);
#3497=FILL_AREA_STYLE_COLOUR('',#4261);
#3498=VERTEX_POINT('',#4262);
#3499=CIRCLE('',#4263,0.00269);
#3500=FILL_AREA_STYLE_COLOUR('',#4264);
#3501=FILL_AREA_STYLE_COLOUR('',#4265);
#3502=VERTEX_POINT('',#4266);
#3503=CIRCLE('',#4267,0.0015);
#3504=FILL_AREA_STYLE_COLOUR('',#4268);
#3505=FILL_AREA_STYLE_COLOUR('',#4269);
#3506=VERTEX_POINT('',#4270);
#3507=LINE('',#4271,#4272);
#3508=LINE('',#4273,#4274);
#3509=FILL_AREA_STYLE_COLOUR('',#4275);
#3510=VERTEX_POINT('',#4276);
#3511=LINE('',#4277,#4278);
#3512=LINE('',#4279,#4280);
#3513=FILL_AREA_STYLE_COLOUR('',#4281);
#3514=LINE('',#4282,#4283);
#3515=FILL_AREA_STYLE_COLOUR('',#4284);
#3516=FILL_AREA_STYLE_COLOUR('',#4285);
#3517=LINE('',#4286,#4287);
#3518=LINE('',#4288,#4289);
#3519=FILL_AREA_STYLE_COLOUR('',#4290);
#3520=FILL_AREA_STYLE_COLOUR('',#4291);
#3521=FILL_AREA_STYLE_COLOUR('',#4292);
#3522=LINE('',#4293,#4294);
#3523=FILL_AREA_STYLE_COLOUR('',#4295);
#3524=VERTEX_POINT('',#4296);
#3525=CIRCLE('',#4297,0.00248999999999999);
#3526=FILL_AREA_STYLE_COLOUR('',#4298);
#3527=VERTEX_POINT('',#4299);
#3528=CIRCLE('',#4300,0.00165000000000004);
#3529=FILL_AREA_STYLE_COLOUR('',#4301);
#3530=LINE('',#4302,#4303);
#3531=FILL_AREA_STYLE_COLOUR('',#4304);
#3532=VERTEX_POINT('',#4305);
#3533=CIRCLE('',#4306,0.00248999999999999);
#3534=FILL_AREA_STYLE_COLOUR('',#4307);
#3535=VERTEX_POINT('',#4308);
#3536=CIRCLE('',#4309,0.0015);
#3537=FILL_AREA_STYLE_COLOUR('',#4310);
#3538=FILL_AREA_STYLE_COLOUR('',#4311);
#3539=FILL_AREA_STYLE_COLOUR('',#4312);
#3540=FILL_AREA_STYLE_COLOUR('',#4313);
#3541=VERTEX_POINT('',#4314);
#3542=CIRCLE('',#4315,0.0015);
#3543=FILL_AREA_STYLE_COLOUR('',#4316);
#3544=VERTEX_POINT('',#4317);
#3545=CIRCLE('',#4318,0.0015);
#3546=FILL_AREA_STYLE_COLOUR('',#4319);
#3547=FILL_AREA_STYLE_COLOUR('',#4320);
#3548=FILL_AREA_STYLE_COLOUR('',#4321);
#3549=FILL_AREA_STYLE_COLOUR('',#4322);
#3550=LINE('',#4323,#4324);
#3551=FILL_AREA_STYLE_COLOUR('',#4325);
#3552=FILL_AREA_STYLE_COLOUR('',#4326);
#3553=VERTEX_POINT('',#4327);
#3554=CIRCLE('',#4328,0.0015);
#3555=FILL_AREA_STYLE_COLOUR('',#4329);
#3556=FILL_AREA_STYLE_COLOUR('',#4330);
#3557=FILL_AREA_STYLE_COLOUR('',#4331);
#3558=FILL_AREA_STYLE_COLOUR('',#4332);
#3559=FILL_AREA_STYLE_COLOUR('',#4333);
#3560=FILL_AREA_STYLE_COLOUR('',#4334);
#3561=FILL_AREA_STYLE_COLOUR('',#4335);
#3562=VERTEX_POINT('',#4336);
#3563=CIRCLE('',#4337,0.0015);
#3564=FILL_AREA_STYLE_COLOUR('',#4338);
#3565=FILL_AREA_STYLE_COLOUR('',#4339);
#3566=FILL_AREA_STYLE_COLOUR('',#4340);
#3567=FILL_AREA_STYLE_COLOUR('',#4341);
#3568=FILL_AREA_STYLE_COLOUR('',#4342);
#3569=FILL_AREA_STYLE_COLOUR('',#4343);
#3570=FILL_AREA_STYLE_COLOUR('',#4344);
#3571=FILL_AREA_STYLE_COLOUR('',#4345);
#3572=FILL_AREA_STYLE_COLOUR('',#4346);
#3573=FILL_AREA_STYLE_COLOUR('',#4347);
#3574=FILL_AREA_STYLE_COLOUR('',#4348);
#3575=FILL_AREA_STYLE_COLOUR('',#4349);
#3576=COLOUR_RGB('',0.960784316062927,0.5686274766922,0.00392156885936856);
#3577=CARTESIAN_POINT('',(0.00081,0.2187,-0.006));
#3578=AXIS2_PLACEMENT_3D('',#4350,#4351,#4352);
#3579=CARTESIAN_POINT('',(0.00081,0.2187,-0.000200000000000001));
#3580=AXIS2_PLACEMENT_3D('',#4353,#4354,#4355);
#3581=COLOUR_RGB('',0.960784316062927,0.5686274766922,0.00392156885936856);
#3582=CARTESIAN_POINT('',(0.00101000000000001,0.2187,-2.45532956750039E-034));
#3583=AXIS2_PLACEMENT_3D('',#4356,#4357,#4358);
#3584=CARTESIAN_POINT('',(0.00180000000000002,0.2187,-1.67632942359463E-034));
#3585=AXIS2_PLACEMENT_3D('',#4359,#4360,#4361);
#3586=COLOUR_RGB('',0.960784316062927,0.5686274766922,0.00392156885936856);
#3587=CARTESIAN_POINT('',(0.00081,0.1155,-0.006));
#3588=AXIS2_PLACEMENT_3D('',#4362,#4363,#4364);
#3589=CARTESIAN_POINT('',(0.00081,0.1155,-0.000200000000000001));
#3590=AXIS2_PLACEMENT_3D('',#4365,#4366,#4367);
#3591=COLOUR_RGB('',0.752941191196442,0.752941191196442,0.752941191196442);
#3592=CARTESIAN_POINT('',(0.22485,0.19675,-0.0075));
#3593=AXIS2_PLACEMENT_3D('',#4368,#4369,#4370);
#3594=CARTESIAN_POINT('',(0.22485,0.19675,-0.006));
#3595=AXIS2_PLACEMENT_3D('',#4371,#4372,#4373);
#3596=COLOUR_RGB('',0.752941191196442,0.752941191196442,0.752941191196442);
#3597=CARTESIAN_POINT('',(-0.00275000000000009,0.23525,-0.0075));
#3598=CARTESIAN_POINT('',(0.24075,0.23525,-0.0075));
#3599=CARTESIAN_POINT('',(0.24675,0.23525,-0.0075));
#3600=VECTOR('',#4374,1.0);
#3601=CARTESIAN_POINT('',(-0.00875000000000009,0.23525,-0.00149999999999999));
#3602=AXIS2_PLACEMENT_3D('',#4375,#4376,#4377);
#3603=CARTESIAN_POINT('',(-0.00875000000000007,0.23525,0.0535));
#3604=CARTESIAN_POINT('',(-0.00875000000000009,0.23525,-0.0075));
#3605=VECTOR('',#4378,1.0);
#3606=CARTESIAN_POINT('',(-0.00725000000000001,0.23525,0.0535));
#3607=CARTESIAN_POINT('',(0.24675,0.23525,0.0535));
#3608=VECTOR('',#4379,1.0);
#3609=CARTESIAN_POINT('',(-0.00725000000000004,0.23525,-0.00149999999999999));
#3610=CARTESIAN_POINT('',(-0.00725000000000004,0.23525,-0.0075));
#3611=VECTOR('',#4380,1.0);
#3612=CARTESIAN_POINT('',(-0.00275000000000009,0.23525,-0.006));
#3613=AXIS2_PLACEMENT_3D('',#4381,#4382,#4383);
#3614=CARTESIAN_POINT('',(0.24075,0.23525,-0.006));
#3615=CARTESIAN_POINT('',(0.24675,0.23525,-0.006));
#3616=VECTOR('',#4384,1.0);
#3617=CARTESIAN_POINT('',(0.24525,0.23525,-0.0015));
#3618=AXIS2_PLACEMENT_3D('',#4385,#4386,#4387);
#3619=CARTESIAN_POINT('',(0.24525,0.23525,0.0535));
#3620=CARTESIAN_POINT('',(0.24525,0.23525,-0.0075));
#3621=VECTOR('',#4388,1.0);
#3622=CARTESIAN_POINT('',(0.24675,0.23525,0.0535));
#3623=CARTESIAN_POINT('',(0.24675,0.23525,0.0535));
#3624=VECTOR('',#4389,1.0);
#3625=CARTESIAN_POINT('',(0.24675,0.23525,-0.0015));
#3626=CARTESIAN_POINT('',(0.24675,0.23525,-0.0075));
#3627=VECTOR('',#4390,1.0);
#3628=AXIS2_PLACEMENT_3D('',#4391,#4392,#4393);
#3629=COLOUR_RGB('',0.752941191196442,0.752941191196442,0.752941191196442);
#3630=CARTESIAN_POINT('',(-0.00725000000000004,-0.00474999999999998,-0.00149999999999999));
#3631=CARTESIAN_POINT('',(-0.00275000000000009,-0.00474999999999998,-0.006));
#3632=AXIS2_PLACEMENT_3D('',#4394,#4395,#4396);
#3633=CARTESIAN_POINT('',(-0.00275000000000009,-0.00475099999999998,-0.006));
#3634=VECTOR('',#4397,1.0);
#3635=CARTESIAN_POINT('',(-0.00725000000000004,-0.00475099999999998,-0.00149999999999999));
#3636=VECTOR('',#4398,1.0);
#3637=COLOUR_RGB('',0.752941191196442,0.752941191196442,0.752941191196442);
#3638=CARTESIAN_POINT('',(0.00719504172281299,0.0118,-0.00729999999999991));
#3639=CARTESIAN_POINT('',(0.00534752086140694,0.00860000000000002,-0.00729999999999991));
#3640=CARTESIAN_POINT('',(0.00719504172281299,0.0118,-0.00729999999999991));
#3641=VECTOR('',#4399,1.0);
#3642=CARTESIAN_POINT('',(0.00719504172281299,0.0118,-0.00749999999999991));
#3643=CARTESIAN_POINT('',(0.00719504172281299,0.0118,-0.00749999999999991));
#3644=VECTOR('',#4400,1.0);
#3645=CARTESIAN_POINT('',(0.00534752086140694,0.00860000000000002,-0.0075));
#3646=CARTESIAN_POINT('',(0.00719504172281299,0.0118,-0.00749999999999991));
#3647=VECTOR('',#4401,1.0);
#3648=CARTESIAN_POINT('',(0.00534752086140694,0.00860000000000002,-0.00749999999999991));
#3649=VECTOR('',#4402,1.0);
#3650=COLOUR_RGB('',0.752941191196442,0.752941191196442,0.752941191196442);
#3651=CARTESIAN_POINT('',(-0.00875000000000007,0.22525,0.0305499999999999));
#3652=AXIS2_PLACEMENT_3D('',#4403,#4404,#4405);
#3653=CARTESIAN_POINT('',(-0.00744999999999999,0.22525,0.0318499999999999));
#3654=AXIS2_PLACEMENT_3D('',#4406,#4407,#4408);
#3655=COLOUR_RGB('',0.960784316062927,0.5686274766922,0.00392156885936856);
#3656=CARTESIAN_POINT('',(0.002,0.0118,-0.005));
#3657=AXIS2_PLACEMENT_3D('',#4409,#4410,#4411);
#3658=COLOUR_RGB('',0.752941191196442,0.752941191196442,0.752941191196442);
#3659=CARTESIAN_POINT('',(0.00534752086140694,0.1123,-0.00729999999999991));
#3660=CARTESIAN_POINT('',(0.00165247913859295,0.1123,-0.00729999999999991));
#3661=CARTESIAN_POINT('',(0.00534752086140694,0.1123,-0.00729999999999991));
#3662=VECTOR('',#4412,1.0);
#3663=CARTESIAN_POINT('',(0.00534752086140694,0.1123,-0.0075));
#3664=CARTESIAN_POINT('',(0.00534752086140694,0.1123,-0.00749999999999991));
#3665=VECTOR('',#4413,1.0);
#3666=CARTESIAN_POINT('',(0.00165247913859295,0.1123,-0.00749999999999991));
#3667=CARTESIAN_POINT('',(0.00534752086140694,0.1123,-0.00749999999999991));
#3668=VECTOR('',#4414,1.0);
#3669=CARTESIAN_POINT('',(0.00165247913859295,0.1123,-0.00749999999999991));
#3670=VECTOR('',#4415,1.0);
#3671=COLOUR_RGB('',0.752941191196442,0.752941191196442,0.752941191196442);
#3672=CARTESIAN_POINT('',(0.227652479138593,0.1187,-0.00730000000000008));
#3673=CARTESIAN_POINT('',(0.231347520861407,0.1187,-0.00730000000000008));
#3674=CARTESIAN_POINT('',(0.227652479138593,0.1187,-0.00730000000000008));
#3675=VECTOR('',#4416,1.0);
#3676=CARTESIAN_POINT('',(0.227652479138593,0.1187,-0.00750000000000008));
#3677=CARTESIAN_POINT('',(0.227652479138593,0.1187,-0.00750000000000008));
#3678=VECTOR('',#4417,1.0);
#3679=CARTESIAN_POINT('',(0.231347520861407,0.1187,-0.00750000000000008));
#3680=CARTESIAN_POINT('',(0.227652479138593,0.1187,-0.00750000000000008));
#3681=VECTOR('',#4418,1.0);
#3682=CARTESIAN_POINT('',(0.231347520861407,0.1187,-0.00750000000000008));
#3683=VECTOR('',#4419,1.0);
#3684=COLOUR_RGB('',0.752941191196442,0.752941191196442,0.752941191196442);
#3685=CARTESIAN_POINT('',(0.00914999999999992,0.21525,-0.0075));
#3686=AXIS2_PLACEMENT_3D('',#4420,#4421,#4422);
#3687=CARTESIAN_POINT('',(0.00914999999999992,0.21525,-0.006));
#3688=AXIS2_PLACEMENT_3D('',#4423,#4424,#4425);
#3689=COLOUR_RGB('',0.752941191196442,0.752941191196442,0.752941191196442);
#3690=CARTESIAN_POINT('',(0.24675,0.00525,0.0364499999999999));
#3691=AXIS2_PLACEMENT_3D('',#4426,#4427,#4428);
#3692=CARTESIAN_POINT('',(0.24545,0.00525,0.0351499999999999));
#3693=AXIS2_PLACEMENT_3D('',#4429,#4430,#4431);
#3694=COLOUR_RGB('',0.752941191196442,0.752941191196442,0.752941191196442);
#3695=CARTESIAN_POINT('',(0.215652479138593,0.2197,-0.00730000000000007));
#3696=CARTESIAN_POINT('',(0.219347520861407,0.2197,-0.00730000000000008));
#3697=CARTESIAN_POINT('',(0.215652479138593,0.2197,-0.00730000000000007));
#3698=VECTOR('',#4432,1.0);
#3699=CARTESIAN_POINT('',(0.221195041722814,0.2165,-0.00730000000000008));
#3700=CARTESIAN_POINT('',(0.219347520861407,0.2197,-0.00730000000000008));
#3701=VECTOR('',#4433,1.0);
#3702=CARTESIAN_POINT('',(0.219347520861407,0.2133,-0.00730000000000008));
#3703=CARTESIAN_POINT('',(0.221195041722814,0.2165,-0.00730000000000008));
#3704=VECTOR('',#4434,1.0);
#3705=CARTESIAN_POINT('',(0.215652479138593,0.2133,-0.00730000000000007));
#3706=CARTESIAN_POINT('',(0.219347520861407,0.2133,-0.00730000000000008));
#3707=VECTOR('',#4435,1.0);
#3708=CARTESIAN_POINT('',(0.213804958277186,0.2165,-0.00730000000000007));
#3709=CARTESIAN_POINT('',(0.215652479138593,0.2133,-0.00730000000000007));
#3710=VECTOR('',#4436,1.0);
#3711=CARTESIAN_POINT('',(0.213804958277186,0.2165,-0.00730000000000007));
#3712=VECTOR('',#4437,1.0);
#3713=COLOUR_RGB('',0.752941191196442,0.752941191196442,0.752941191196442);
#3714=CARTESIAN_POINT('',(0.2278,0.1155,6.93889390390723E-018));
#3715=AXIS2_PLACEMENT_3D('',#4438,#4439,#4440);
#3716=CARTESIAN_POINT('',(0.228,0.1155,-0.000199999999999994));
#3717=AXIS2_PLACEMENT_3D('',#4441,#4442,#4443);
#3718=COLOUR_RGB('',0.960784316062927,0.5686274766922,0.00392156885936856);
#3719=CARTESIAN_POINT('',(0.22701,0.0118,6.93889390390723E-018));
#3720=AXIS2_PLACEMENT_3D('',#4444,#4445,#4446);
#3721=CARTESIAN_POINT('',(0.2278,0.0118,6.93889390390723E-018));
#3722=AXIS2_PLACEMENT_3D('',#4447,#4448,#4449);
#3723=COLOUR_RGB('',0.752941191196442,0.752941191196442,0.752941191196442);
#3724=CARTESIAN_POINT('',(-0.000195041722814097,0.1155,-0.00729999999999991));
#3725=CARTESIAN_POINT('',(0.00165247913859295,0.1187,-0.00729999999999991));
#3726=CARTESIAN_POINT('',(-0.000195041722814097,0.1155,-0.00729999999999991));
#3727=VECTOR('',#4450,1.0);
#3728=CARTESIAN_POINT('',(-0.000195041722814097,0.1155,-0.00749999999999991));
#3729=CARTESIAN_POINT('',(-0.000195041722814097,0.1155,-0.00749999999999991));
#3730=VECTOR('',#4451,1.0);
#3731=CARTESIAN_POINT('',(0.00165247913859295,0.1187,-0.00749999999999991));
#3732=CARTESIAN_POINT('',(-0.000195041722814097,0.1155,-0.00749999999999991));
#3733=VECTOR('',#4452,1.0);
#3734=CARTESIAN_POINT('',(0.00165247913859295,0.1187,-0.00749999999999991));
#3735=VECTOR('',#4453,1.0);
#3736=COLOUR_RGB('',0.752941191196442,0.752941191196442,0.752941191196442);
#3737=CARTESIAN_POINT('',(0.233195041722814,0.1155,-0.00730000000000009));
#3738=CARTESIAN_POINT('',(0.231347520861407,0.1123,-0.00730000000000008));
#3739=CARTESIAN_POINT('',(0.233195041722814,0.1155,-0.00730000000000009));
#3740=VECTOR('',#4454,1.0);
#3741=CARTESIAN_POINT('',(0.233195041722814,0.1155,-0.00750000000000009));
#3742=CARTESIAN_POINT('',(0.233195041722814,0.1155,-0.00750000000000009));
#3743=VECTOR('',#4455,1.0);
#3744=CARTESIAN_POINT('',(0.231347520861407,0.1123,-0.0075));
#3745=CARTESIAN_POINT('',(0.233195041722814,0.1155,-0.00750000000000009));
#3746=VECTOR('',#4456,1.0);
#3747=CARTESIAN_POINT('',(0.231347520861407,0.1123,-0.00750000000000008));
#3748=VECTOR('',#4457,1.0);
#3749=COLOUR_RGB('',0.752941191196442,0.752941191196442,0.752941191196442);
#3750=CARTESIAN_POINT('',(0.213804958277186,0.2165,-0.00750000000000007));
#3751=CARTESIAN_POINT('',(0.213804958277186,0.2165,-0.00750000000000007));
#3752=VECTOR('',#4458,1.0);
#3753=CARTESIAN_POINT('',(0.215652479138593,0.2197,-0.00750000000000007));
#3754=CARTESIAN_POINT('',(0.213804958277186,0.2165,-0.00750000000000007));
#3755=VECTOR('',#4459,1.0);
#3756=CARTESIAN_POINT('',(0.215652479138593,0.2197,-0.00750000000000007));
#3757=VECTOR('',#4460,1.0);
#3758=COLOUR_RGB('',0.752941191196442,0.752941191196442,0.752941191196442);
#3759=CARTESIAN_POINT('',(0.00719504172281299,0.1155,-0.00729999999999991));
#3760=CARTESIAN_POINT('',(0.00719504172281299,0.1155,-0.00729999999999991));
#3761=VECTOR('',#4461,1.0);
#3762=CARTESIAN_POINT('',(0.00719504172281299,0.1155,-0.00749999999999991));
#3763=CARTESIAN_POINT('',(0.00719504172281299,0.1155,-0.00749999999999991));
#3764=VECTOR('',#4462,1.0);
#3765=CARTESIAN_POINT('',(0.00719504172281299,0.1155,-0.00749999999999991));
#3766=VECTOR('',#4463,1.0);
#3767=COLOUR_RGB('',0.752941191196442,0.752941191196442,0.752941191196442);
#3768=CARTESIAN_POINT('',(0.215652479138593,0.2133,-0.00750000000000007));
#3769=CARTESIAN_POINT('',(0.215652479138593,0.2133,-0.00750000000000007));
#3770=VECTOR('',#4464,1.0);
#3771=CARTESIAN_POINT('',(0.215652479138593,0.2133,-0.00750000000000007));
#3772=VECTOR('',#4465,1.0);
#3773=COLOUR_RGB('',0.752941191196442,0.752941191196442,0.752941191196442);
#3774=CARTESIAN_POINT('',(0.225804958277186,0.1155,-0.00730000000000008));
#3775=CARTESIAN_POINT('',(0.225804958277186,0.1155,-0.00730000000000008));
#3776=VECTOR('',#4466,1.0);
#3777=CARTESIAN_POINT('',(0.225804958277186,0.1155,-0.00750000000000008));
#3778=CARTESIAN_POINT('',(0.225804958277186,0.1155,-0.00750000000000008));
#3779=VECTOR('',#4467,1.0);
#3780=CARTESIAN_POINT('',(0.225804958277186,0.1155,-0.00750000000000008));
#3781=VECTOR('',#4468,1.0);
#3782=COLOUR_RGB('',0.752941191196442,0.752941191196442,0.752941191196442);
#3783=CARTESIAN_POINT('',(0.24525,-0.00474999999999998,-0.0015));
#3784=CARTESIAN_POINT('',(0.24525,-0.00474999999999998,0.0535));
#3785=CARTESIAN_POINT('',(0.24525,-0.00474999999999998,-0.0075));
#3786=VECTOR('',#4469,1.0);
#3787=CARTESIAN_POINT('',(0.24525,0.17375,0.0535));
#3788=VECTOR('',#4470,1.0);
#3789=CARTESIAN_POINT('',(0.24525,-0.00475099999999998,-0.0015));
#3790=VECTOR('',#4471,1.0);
#3791=CARTESIAN_POINT('',(0.24525,0.00525,0.0318499999999999));
#3792=AXIS2_PLACEMENT_3D('',#4472,#4473,#4474);
#3793=CARTESIAN_POINT('',(0.24525,0.22525,0.0318499999999999));
#3794=AXIS2_PLACEMENT_3D('',#4475,#4476,#4477);
#3795=COLOUR_RGB('',0.752941191196442,0.752941191196442,0.752941191196442);
#3796=CARTESIAN_POINT('',(0.002,0.1155,-0.005));
#3797=AXIS2_PLACEMENT_3D('',#4478,#4479,#4480);
#3798=CARTESIAN_POINT('',(0.002,0.1155,-0.000200000000000001));
#3799=AXIS2_PLACEMENT_3D('',#4481,#4482,#4483);
#3800=COLOUR_RGB('',0.752941191196442,0.752941191196442,0.752941191196442);
#3801=CARTESIAN_POINT('',(-0.00875000000000009,-0.00474999999999998,-0.00149999999999999));
#3802=CARTESIAN_POINT('',(-0.00875000000000007,-0.00474999999999998,0.0535));
#3803=CARTESIAN_POINT('',(-0.00875000000000009,-0.00474999999999998,-0.0075));
#3804=VECTOR('',#4484,1.0);
#3805=CARTESIAN_POINT('',(-0.00875000000000007,0.23525,0.0535));
#3806=VECTOR('',#4485,1.0);
#3807=CARTESIAN_POINT('',(-0.00875000000000009,-0.00475099999999998,-0.00149999999999999));
#3808=VECTOR('',#4486,1.0);
#3809=CARTESIAN_POINT('',(-0.00875000000000007,0.00525,0.0305499999999999));
#3810=AXIS2_PLACEMENT_3D('',#4487,#4488,#4489);
#3811=COLOUR_RGB('',0.752941191196442,0.752941191196442,0.752941191196442);
#3812=CARTESIAN_POINT('',(0.227652479138593,0.00860000000000002,-0.00730000000000008));
#3813=CARTESIAN_POINT('',(0.225804958277186,0.0118,-0.00730000000000008));
#3814=CARTESIAN_POINT('',(0.227652479138593,0.00860000000000002,-0.00730000000000008));
#3815=VECTOR('',#4490,1.0);
#3816=CARTESIAN_POINT('',(0.227652479138593,0.00860000000000002,-0.00750000000000008));
#3817=CARTESIAN_POINT('',(0.227652479138593,0.00860000000000002,-0.00750000000000008));
#3818=VECTOR('',#4491,1.0);
#3819=CARTESIAN_POINT('',(0.225804958277186,0.0118,-0.00750000000000008));
#3820=CARTESIAN_POINT('',(0.227652479138593,0.00860000000000002,-0.00750000000000008));
#3821=VECTOR('',#4492,1.0);
#3822=CARTESIAN_POINT('',(0.225804958277186,0.0118,-0.00750000000000008));
#3823=VECTOR('',#4493,1.0);
#3824=COLOUR_RGB('',0.752941191196442,0.752941191196442,0.752941191196442);
#3825=CARTESIAN_POINT('',(0.227652479138593,0.015,-0.00730000000000008));
#3826=CARTESIAN_POINT('',(0.231347520861407,0.015,-0.00730000000000008));
#3827=CARTESIAN_POINT('',(0.227652479138593,0.015,-0.00730000000000008));
#3828=VECTOR('',#4494,1.0);
#3829=CARTESIAN_POINT('',(0.233195041722814,0.0118,-0.00730000000000009));
#3830=CARTESIAN_POINT('',(0.231347520861407,0.015,-0.00730000000000008));
#3831=VECTOR('',#4495,1.0);
#3832=CARTESIAN_POINT('',(0.231347520861407,0.00860000000000002,-0.00730000000000008));
#3833=CARTESIAN_POINT('',(0.233195041722814,0.0118,-0.00730000000000009));
#3834=VECTOR('',#4496,1.0);
#3835=CARTESIAN_POINT('',(0.231347520861407,0.00860000000000002,-0.00730000000000008));
#3836=VECTOR('',#4497,1.0);
#3837=CARTESIAN_POINT('',(0.225804958277186,0.0118,-0.00730000000000008));
#3838=VECTOR('',#4498,1.0);
#3839=COLOUR_RGB('',0.752941191196442,0.752941191196442,0.752941191196442);
#3840=CARTESIAN_POINT('',(0.00165247913859295,0.2219,-0.00729999999999991));
#3841=CARTESIAN_POINT('',(0.00534752086140694,0.2219,-0.00729999999999991));
#3842=CARTESIAN_POINT('',(0.00165247913859295,0.2219,-0.00729999999999991));
#3843=VECTOR('',#4499,1.0);
#3844=CARTESIAN_POINT('',(0.00165247913859295,0.2219,-0.00749999999999991));
#3845=CARTESIAN_POINT('',(0.00165247913859295,0.2219,-0.00749999999999991));
#3846=VECTOR('',#4500,1.0);
#3847=CARTESIAN_POINT('',(0.00534752086140694,0.2219,-0.00749999999999991));
#3848=CARTESIAN_POINT('',(0.00165247913859295,0.2219,-0.00749999999999991));
#3849=VECTOR('',#4501,1.0);
#3850=CARTESIAN_POINT('',(0.00534752086140694,0.2219,-0.00749999999999991));
#3851=VECTOR('',#4502,1.0);
#3852=COLOUR_RGB('',0.752941191196442,0.752941191196442,0.752941191196442);
#3853=CARTESIAN_POINT('',(0.227652479138593,0.015,-0.00750000000000008));
#3854=CARTESIAN_POINT('',(0.227652479138593,0.015,-0.00750000000000008));
#3855=VECTOR('',#4503,1.0);
#3856=CARTESIAN_POINT('',(0.231347520861407,0.015,-0.00750000000000008));
#3857=CARTESIAN_POINT('',(0.227652479138593,0.015,-0.00750000000000008));
#3858=VECTOR('',#4504,1.0);
#3859=CARTESIAN_POINT('',(0.231347520861407,0.015,-0.00750000000000008));
#3860=VECTOR('',#4505,1.0);
#3861=COLOUR_RGB('',0.960784316062927,0.5686274766922,0.00392156885936856);
#3862=COLOUR_RGB('',0.752941191196442,0.752941191196442,0.752941191196442);
#3863=CARTESIAN_POINT('',(0.00165247913859295,0.015,-0.00729999999999991));
#3864=CARTESIAN_POINT('',(0.00534752086140694,0.015,-0.00729999999999991));
#3865=CARTESIAN_POINT('',(0.00165247913859295,0.015,-0.00729999999999991));
#3866=VECTOR('',#4506,1.0);
#3867=CARTESIAN_POINT('',(0.00165247913859295,0.015,-0.00749999999999991));
#3868=CARTESIAN_POINT('',(0.00165247913859295,0.015,-0.00749999999999991));
#3869=VECTOR('',#4507,1.0);
#3870=CARTESIAN_POINT('',(0.00534752086140694,0.015,-0.00749999999999991));
#3871=CARTESIAN_POINT('',(0.00165247913859295,0.015,-0.00749999999999991));
#3872=VECTOR('',#4508,1.0);
#3873=CARTESIAN_POINT('',(0.00534752086140694,0.015,-0.00749999999999991));
#3874=VECTOR('',#4509,1.0);
#3875=COLOUR_RGB('',0.960784316062927,0.5686274766922,0.00392156885936856);
#3876=CARTESIAN_POINT('',(0.00081,0.0118,-0.006));
#3877=AXIS2_PLACEMENT_3D('',#4510,#4511,#4512);
#3878=CARTESIAN_POINT('',(0.00081,0.0118,-0.000200000000000001));
#3879=AXIS2_PLACEMENT_3D('',#4513,#4514,#4515);
#3880=COLOUR_RGB('',0.752941191196442,0.752941191196442,0.752941191196442);
#3881=CARTESIAN_POINT('',(0.00180000000000002,0.1155,-1.67632942359463E-034));
#3882=AXIS2_PLACEMENT_3D('',#4516,#4517,#4518);
#3883=COLOUR_RGB('',0.752941191196442,0.752941191196442,0.752941191196442);
#3884=CARTESIAN_POINT('',(0.00534752086140694,0.015,-0.00729999999999991));
#3885=VECTOR('',#4519,1.0);
#3886=CARTESIAN_POINT('',(0.00534752086140694,0.015,-0.00749999999999991));
#3887=VECTOR('',#4520,1.0);
#3888=COLOUR_RGB('',0.752941191196442,0.752941191196442,0.752941191196442);
#3889=CARTESIAN_POINT('',(0.00101000000000001,0.1155,-2.45532956750039E-034));
#3890=AXIS2_PLACEMENT_3D('',#4521,#4522,#4523);
#3891=COLOUR_RGB('',0.752941191196442,0.752941191196442,0.752941191196442);
#3892=CARTESIAN_POINT('',(0.11605,0.00425,-0.0075));
#3893=AXIS2_PLACEMENT_3D('',#4524,#4525,#4526);
#3894=CARTESIAN_POINT('',(0.11735,0.00425,-0.0062));
#3895=AXIS2_PLACEMENT_3D('',#4527,#4528,#4529);
#3896=COLOUR_RGB('',0.752941191196442,0.752941191196442,0.752941191196442);
#3897=CARTESIAN_POINT('',(0.24075,-0.00474999999999998,-0.006));
#3898=CARTESIAN_POINT('',(-0.00875000000000009,-0.00474999999999998,-0.006));
#3899=VECTOR('',#4530,1.0);
#3900=CARTESIAN_POINT('',(0.24075,-0.00475099999999998,-0.00599999999999999));
#3901=VECTOR('',#4531,1.0);
#3902=CARTESIAN_POINT('',(0.00934999999999992,0.19675,-0.006));
#3903=AXIS2_PLACEMENT_3D('',#4532,#4533,#4534);
#3904=CARTESIAN_POINT('',(0.11735,0.22625,-0.006));
#3905=AXIS2_PLACEMENT_3D('',#4535,#4536,#4537);
#3906=CARTESIAN_POINT('',(0.12481,0.2187,-0.006));
#3907=AXIS2_PLACEMENT_3D('',#4538,#4539,#4540);
#3908=CARTESIAN_POINT('',(0.21481,0.2165,-0.00599999999999999));
#3909=AXIS2_PLACEMENT_3D('',#4541,#4542,#4543);
#3910=CARTESIAN_POINT('',(0.22465,0.21525,-0.006));
#3911=AXIS2_PLACEMENT_3D('',#4544,#4545,#4546);
#3912=CARTESIAN_POINT('',(0.22681,0.1155,-0.00599999999999999));
#3913=AXIS2_PLACEMENT_3D('',#4547,#4548,#4549);
#3914=CARTESIAN_POINT('',(0.22485,0.04375,-0.006));
#3915=AXIS2_PLACEMENT_3D('',#4550,#4551,#4552);
#3916=CARTESIAN_POINT('',(0.22465,0.02525,-0.006));
#3917=AXIS2_PLACEMENT_3D('',#4553,#4554,#4555);
#3918=CARTESIAN_POINT('',(0.22681,0.0118,-0.00599999999999999));
#3919=AXIS2_PLACEMENT_3D('',#4556,#4557,#4558);
#3920=CARTESIAN_POINT('',(0.13381,0.0118,-0.006));
#3921=AXIS2_PLACEMENT_3D('',#4559,#4560,#4561);
#3922=CARTESIAN_POINT('',(0.11735,0.00425,-0.006));
#3923=AXIS2_PLACEMENT_3D('',#4562,#4563,#4564);
#3924=CARTESIAN_POINT('',(0.00934999999999992,0.04375,-0.006));
#3925=AXIS2_PLACEMENT_3D('',#4565,#4566,#4567);
#3926=CARTESIAN_POINT('',(0.00914999999999992,0.02525,-0.006));
#3927=AXIS2_PLACEMENT_3D('',#4568,#4569,#4570);
#3928=COLOUR_RGB('',0.752941191196442,0.752941191196442,0.752941191196442);
#3929=CARTESIAN_POINT('',(0.002,0.0118,-0.000200000000000001));
#3930=AXIS2_PLACEMENT_3D('',#4571,#4572,#4573);
#3931=COLOUR_RGB('',0.752941191196442,0.752941191196442,0.752941191196442);
#3932=CARTESIAN_POINT('',(0.11735,0.22625,-0.0062));
#3933=AXIS2_PLACEMENT_3D('',#4574,#4575,#4576);
#3934=COLOUR_RGB('',0.752941191196442,0.752941191196442,0.752941191196442);
#3935=CARTESIAN_POINT('',(0.00534752086140694,0.1187,-0.00729999999999991));
#3936=CARTESIAN_POINT('',(0.00534752086140694,0.1187,-0.00729999999999991));
#3937=VECTOR('',#4577,1.0);
#3938=CARTESIAN_POINT('',(0.00534752086140694,0.1187,-0.00749999999999991));
#3939=CARTESIAN_POINT('',(0.00534752086140694,0.1187,-0.00749999999999991));
#3940=VECTOR('',#4578,1.0);
#3941=CARTESIAN_POINT('',(0.00534752086140694,0.1187,-0.00749999999999991));
#3942=VECTOR('',#4579,1.0);
#3943=COLOUR_RGB('',0.752941191196442,0.752941191196442,0.752941191196442);
#3944=CARTESIAN_POINT('',(0.227652479138593,0.1123,-0.00730000000000008));
#3945=CARTESIAN_POINT('',(0.227652479138593,0.1123,-0.00730000000000008));
#3946=VECTOR('',#4580,1.0);
#3947=CARTESIAN_POINT('',(0.227652479138593,0.1123,-0.00750000000000008));
#3948=CARTESIAN_POINT('',(0.227652479138593,0.1123,-0.00750000000000008));
#3949=VECTOR('',#4581,1.0);
#3950=CARTESIAN_POINT('',(0.227652479138593,0.1123,-0.00750000000000008));
#3951=VECTOR('',#4582,1.0);
#3952=COLOUR_RGB('',0.960784316062927,0.5686274766922,0.00392156885936856);
#3953=CARTESIAN_POINT('',(0.22681,0.0118,-0.000199999999999994));
#3954=AXIS2_PLACEMENT_3D('',#4583,#4584,#4585);
#3955=COLOUR_RGB('',0.960784316062927,0.5686274766922,0.00392156885936856);
#3956=CARTESIAN_POINT('',(0.12481,0.2187,-0.000199999999999995));
#3957=AXIS2_PLACEMENT_3D('',#4586,#4587,#4588);
#3958=COLOUR_RGB('',0.752941191196442,0.752941191196442,0.752941191196442);
#3959=CARTESIAN_POINT('',(0.135,0.0118,-0.005));
#3960=AXIS2_PLACEMENT_3D('',#4589,#4590,#4591);
#3961=CARTESIAN_POINT('',(0.135,0.0118,-0.000200000000000002));
#3962=AXIS2_PLACEMENT_3D('',#4592,#4593,#4594);
#3963=COLOUR_RGB('',0.752941191196442,0.752941191196442,0.752941191196442);
#3964=CARTESIAN_POINT('',(0.00934999999999992,0.19675,-0.0075));
#3965=AXIS2_PLACEMENT_3D('',#4595,#4596,#4597);
#3966=COLOUR_RGB('',0.752941191196442,0.752941191196442,0.752941191196442);
#3967=CARTESIAN_POINT('',(0.125652479138593,0.2219,-0.0073));
#3968=CARTESIAN_POINT('',(0.129347520861407,0.2219,-0.00730000000000001));
#3969=CARTESIAN_POINT('',(0.125652479138593,0.2219,-0.0073));
#3970=VECTOR('',#4598,1.0);
#3971=CARTESIAN_POINT('',(0.125652479138593,0.2219,-0.0075));
#3972=CARTESIAN_POINT('',(0.125652479138593,0.2219,-0.0075));
#3973=VECTOR('',#4599,1.0);
#3974=CARTESIAN_POINT('',(0.129347520861407,0.2219,-0.00750000000000001));
#3975=CARTESIAN_POINT('',(0.125652479138593,0.2219,-0.0075));
#3976=VECTOR('',#4600,1.0);
#3977=CARTESIAN_POINT('',(0.129347520861407,0.2219,-0.00750000000000001));
#3978=VECTOR('',#4601,1.0);
#3979=COLOUR_RGB('',0.752941191196442,0.752941191196442,0.752941191196442);
#3980=CARTESIAN_POINT('',(-0.000195041722814097,0.2187,-0.00729999999999991));
#3981=CARTESIAN_POINT('',(-0.000195041722814097,0.2187,-0.00729999999999991));
#3982=VECTOR('',#4602,1.0);
#3983=CARTESIAN_POINT('',(-0.000195041722814097,0.2187,-0.00749999999999991));
#3984=CARTESIAN_POINT('',(-0.000195041722814097,0.2187,-0.00749999999999991));
#3985=VECTOR('',#4603,1.0);
#3986=CARTESIAN_POINT('',(-0.000195041722814097,0.2187,-0.00749999999999991));
#3987=VECTOR('',#4604,1.0);
#3988=COLOUR_RGB('',0.752941191196442,0.752941191196442,0.752941191196442);
#3989=COLOUR_RGB('',0.752941191196442,0.752941191196442,0.752941191196442);
#3990=CARTESIAN_POINT('',(0.219347520861407,0.2197,-0.00750000000000008));
#3991=CARTESIAN_POINT('',(0.215652479138593,0.2197,-0.00750000000000007));
#3992=VECTOR('',#4605,1.0);
#3993=CARTESIAN_POINT('',(0.219347520861407,0.2197,-0.00750000000000008));
#3994=VECTOR('',#4606,1.0);
#3995=COLOUR_RGB('',0.752941191196442,0.752941191196442,0.752941191196442);
#3996=CARTESIAN_POINT('',(0.131195041722813,0.2187,-0.00730000000000001));
#3997=CARTESIAN_POINT('',(0.129347520861407,0.2219,-0.00730000000000001));
#3998=VECTOR('',#4607,1.0);
#3999=CARTESIAN_POINT('',(0.129347520861407,0.2155,-0.00730000000000001));
#4000=CARTESIAN_POINT('',(0.131195041722813,0.2187,-0.00730000000000001));
#4001=VECTOR('',#4608,1.0);
#4002=CARTESIAN_POINT('',(0.125652479138593,0.2155,-0.0073));
#4003=CARTESIAN_POINT('',(0.129347520861407,0.2155,-0.00730000000000001));
#4004=VECTOR('',#4609,1.0);
#4005=CARTESIAN_POINT('',(0.123804958277186,0.2187,-0.0073));
#4006=CARTESIAN_POINT('',(0.125652479138593,0.2155,-0.0073));
#4007=VECTOR('',#4610,1.0);
#4008=CARTESIAN_POINT('',(0.123804958277186,0.2187,-0.0073));
#4009=VECTOR('',#4611,1.0);
#4010=COLOUR_RGB('',0.752941191196442,0.752941191196442,0.752941191196442);
#4011=CARTESIAN_POINT('',(0.00914999999999992,0.02525,-0.0075));
#4012=AXIS2_PLACEMENT_3D('',#4612,#4613,#4614);
#4013=COLOUR_RGB('',0.752941191196442,0.752941191196442,0.752941191196442);
#4014=CARTESIAN_POINT('',(0.1258,0.2187,5.20417042793042E-018));
#4015=AXIS2_PLACEMENT_3D('',#4615,#4616,#4617);
#4016=CARTESIAN_POINT('',(0.126,0.2187,-0.000199999999999995));
#4017=AXIS2_PLACEMENT_3D('',#4618,#4619,#4620);
#4018=COLOUR_RGB('',0.752941191196442,0.752941191196442,0.752941191196442);
#4019=COLOUR_RGB('',0.752941191196442,0.752941191196442,0.752941191196442);
#4020=CARTESIAN_POINT('',(0.228,0.0118,-0.000199999999999994));
#4021=AXIS2_PLACEMENT_3D('',#4621,#4622,#4623);
#4022=COLOUR_RGB('',0.752941191196442,0.752941191196442,0.752941191196442);
#4023=CARTESIAN_POINT('',(0.24675,-0.00474999999999998,-0.0015));
#4024=CARTESIAN_POINT('',(0.24675,-0.00475099999999998,-0.0015));
#4025=VECTOR('',#4624,1.0);
#4026=CARTESIAN_POINT('',(0.24675,-0.00474999999999998,0.0535));
#4027=CARTESIAN_POINT('',(0.24675,-0.00474999999999998,0.0535));
#4028=VECTOR('',#4625,1.0);
#4029=CARTESIAN_POINT('',(0.24675,-0.00474999999999998,-0.0075));
#4030=VECTOR('',#4626,1.0);
#4031=CARTESIAN_POINT('',(0.24675,0.22525,0.0364499999999999));
#4032=AXIS2_PLACEMENT_3D('',#4627,#4628,#4629);
#4033=COLOUR_RGB('',0.752941191196442,0.752941191196442,0.752941191196442);
#4034=CARTESIAN_POINT('',(0.22465,0.02525,-0.0075));
#4035=AXIS2_PLACEMENT_3D('',#4630,#4631,#4632);
#4036=COLOUR_RGB('',0.752941191196442,0.752941191196442,0.752941191196442);
#4037=CARTESIAN_POINT('',(0.140195041722813,0.0118,-0.00730000000000001));
#4038=CARTESIAN_POINT('',(0.138347520861407,0.00860000000000002,-0.00730000000000001));
#4039=CARTESIAN_POINT('',(0.140195041722813,0.0118,-0.00730000000000001));
#4040=VECTOR('',#4633,1.0);
#4041=CARTESIAN_POINT('',(0.140195041722813,0.0118,-0.00750000000000002));
#4042=CARTESIAN_POINT('',(0.140195041722813,0.0118,-0.00750000000000002));
#4043=VECTOR('',#4634,1.0);
#4044=CARTESIAN_POINT('',(0.138347520861407,0.00860000000000002,-0.0075));
#4045=CARTESIAN_POINT('',(0.140195041722813,0.0118,-0.00750000000000002));
#4046=VECTOR('',#4635,1.0);
#4047=CARTESIAN_POINT('',(0.138347520861407,0.00860000000000002,-0.00750000000000001));
#4048=VECTOR('',#4636,1.0);
#4049=COLOUR_RGB('',0.752941191196442,0.752941191196442,0.752941191196442);
#4050=CARTESIAN_POINT('',(0.00719504172281299,0.2187,-0.00729999999999991));
#4051=CARTESIAN_POINT('',(0.00534752086140694,0.2219,-0.00729999999999991));
#4052=VECTOR('',#4637,1.0);
#4053=CARTESIAN_POINT('',(0.00719504172281299,0.2187,-0.00749999999999991));
#4054=CARTESIAN_POINT('',(0.00534752086140694,0.2219,-0.00749999999999991));
#4055=VECTOR('',#4638,1.0);
#4056=CARTESIAN_POINT('',(0.00719504172281299,0.2187,-0.00749999999999991));
#4057=VECTOR('',#4639,1.0);
#4058=COLOUR_RGB('',0.752941191196442,0.752941191196442,0.752941191196442);
#4059=CARTESIAN_POINT('',(0.126,0.2187,-0.005));
#4060=AXIS2_PLACEMENT_3D('',#4640,#4641,#4642);
#4061=COLOUR_RGB('',0.752941191196442,0.752941191196442,0.752941191196442);
#4062=CARTESIAN_POINT('',(0.24545,0.22525,0.0351499999999999));
#4063=AXIS2_PLACEMENT_3D('',#4643,#4644,#4645);
#4064=COLOUR_RGB('',0.752941191196442,0.752941191196442,0.752941191196442);
#4065=CARTESIAN_POINT('',(-0.00725000000000001,0.00525,0.0351499999999999));
#4066=AXIS2_PLACEMENT_3D('',#4646,#4647,#4648);
#4067=CARTESIAN_POINT('',(-0.00744999999999999,0.00525,0.0318499999999999));
#4068=AXIS2_PLACEMENT_3D('',#4649,#4650,#4651);
#4069=COLOUR_RGB('',0.752941191196442,0.752941191196442,0.752941191196442);
#4070=CARTESIAN_POINT('',(-0.00275000000000009,-0.00474999999999998,-0.0075));
#4071=AXIS2_PLACEMENT_3D('',#4652,#4653,#4654);
#4072=CARTESIAN_POINT('',(-0.00275000000000009,-0.00475099999999998,-0.0075));
#4073=VECTOR('',#4655,1.0);
#4074=COLOUR_RGB('',0.752941191196442,0.752941191196442,0.752941191196442);
#4075=COLOUR_RGB('',0.960784316062927,0.5686274766922,0.00392156885936856);
#4076=CARTESIAN_POINT('',(0.22681,0.1155,-0.000199999999999994));
#4077=AXIS2_PLACEMENT_3D('',#4656,#4657,#4658);
#4078=COLOUR_RGB('',0.752941191196442,0.752941191196442,0.752941191196442);
#4079=CARTESIAN_POINT('',(-0.000195041722814097,0.0118,-0.00729999999999991));
#4080=CARTESIAN_POINT('',(-0.000195041722814097,0.0118,-0.00729999999999991));
#4081=VECTOR('',#4659,1.0);
#4082=CARTESIAN_POINT('',(-0.000195041722814097,0.0118,-0.00749999999999991));
#4083=CARTESIAN_POINT('',(-0.000195041722814097,0.0118,-0.00749999999999991));
#4084=VECTOR('',#4660,1.0);
#4085=CARTESIAN_POINT('',(-0.000195041722814097,0.0118,-0.00749999999999991));
#4086=VECTOR('',#4661,1.0);
#4087=COLOUR_RGB('',0.752941191196442,0.752941191196442,0.752941191196442);
#4088=CARTESIAN_POINT('',(0.00934999999999992,0.04375,-0.0075));
#4089=AXIS2_PLACEMENT_3D('',#4662,#4663,#4664);
#4090=COLOUR_RGB('',0.752941191196442,0.752941191196442,0.752941191196442);
#4091=COLOUR_RGB('',0.752941191196442,0.752941191196442,0.752941191196442);
#4092=CARTESIAN_POINT('',(0.24075,-0.00474999999999998,-0.0075));
#4093=CARTESIAN_POINT('',(-0.00875000000000009,-0.00474999999999998,-0.0075));
#4094=VECTOR('',#4665,1.0);
#4095=CARTESIAN_POINT('',(0.24075,-0.00475099999999998,-0.0075));
#4096=VECTOR('',#4666,1.0);
#4097=CARTESIAN_POINT('',(0.00165247913859295,0.1187,-0.00749999999999991));
#4098=VECTOR('',#4667,1.0);
#4099=CARTESIAN_POINT('',(0.00165247913859295,0.1123,-0.00749999999999991));
#4100=VECTOR('',#4668,1.0);
#4101=CARTESIAN_POINT('',(0.00165247913859295,0.2155,-0.00749999999999991));
#4102=CARTESIAN_POINT('',(0.00165247913859295,0.2155,-0.00749999999999991));
#4103=VECTOR('',#4669,1.0);
#4104=CARTESIAN_POINT('',(0.00534752086140694,0.2155,-0.0075));
#4105=CARTESIAN_POINT('',(0.00534752086140694,0.2155,-0.00749999999999991));
#4106=VECTOR('',#4670,1.0);
#4107=CARTESIAN_POINT('',(0.00719504172281299,0.2187,-0.00749999999999991));
#4108=VECTOR('',#4671,1.0);
#4109=CARTESIAN_POINT('',(0.123804958277186,0.2187,-0.0075));
#4110=CARTESIAN_POINT('',(0.123804958277186,0.2187,-0.0075));
#4111=VECTOR('',#4672,1.0);
#4112=CARTESIAN_POINT('',(0.125652479138593,0.2155,-0.0075));
#4113=CARTESIAN_POINT('',(0.125652479138593,0.2155,-0.0075));
#4114=VECTOR('',#4673,1.0);
#4115=CARTESIAN_POINT('',(0.129347520861407,0.2155,-0.0075));
#4116=CARTESIAN_POINT('',(0.129347520861407,0.2155,-0.00750000000000001));
#4117=VECTOR('',#4674,1.0);
#4118=CARTESIAN_POINT('',(0.131195041722813,0.2187,-0.00750000000000001));
#4119=CARTESIAN_POINT('',(0.131195041722813,0.2187,-0.00750000000000001));
#4120=VECTOR('',#4675,1.0);
#4121=CARTESIAN_POINT('',(0.129347520861407,0.2219,-0.00750000000000001));
#4122=VECTOR('',#4676,1.0);
#4123=CARTESIAN_POINT('',(0.219347520861407,0.2133,-0.0075));
#4124=CARTESIAN_POINT('',(0.219347520861407,0.2133,-0.00750000000000008));
#4125=VECTOR('',#4677,1.0);
#4126=CARTESIAN_POINT('',(0.221195041722814,0.2165,-0.00750000000000008));
#4127=CARTESIAN_POINT('',(0.221195041722814,0.2165,-0.00750000000000008));
#4128=VECTOR('',#4678,1.0);
#4129=CARTESIAN_POINT('',(0.219347520861407,0.2197,-0.00750000000000008));
#4130=VECTOR('',#4679,1.0);
#4131=CARTESIAN_POINT('',(0.231347520861407,0.1123,-0.00750000000000008));
#4132=VECTOR('',#4680,1.0);
#4133=CARTESIAN_POINT('',(0.231347520861407,0.1187,-0.00750000000000008));
#4134=VECTOR('',#4681,1.0);
#4135=CARTESIAN_POINT('',(0.225804958277186,0.0118,-0.00750000000000008));
#4136=VECTOR('',#4682,1.0);
#4137=CARTESIAN_POINT('',(0.231347520861407,0.00860000000000002,-0.0075));
#4138=CARTESIAN_POINT('',(0.231347520861407,0.00860000000000002,-0.00750000000000008));
#4139=VECTOR('',#4683,1.0);
#4140=CARTESIAN_POINT('',(0.233195041722814,0.0118,-0.00750000000000009));
#4141=CARTESIAN_POINT('',(0.233195041722814,0.0118,-0.00750000000000009));
#4142=VECTOR('',#4684,1.0);
#4143=CARTESIAN_POINT('',(0.231347520861407,0.015,-0.00750000000000008));
#4144=VECTOR('',#4685,1.0);
#4145=CARTESIAN_POINT('',(0.134652479138593,0.015,-0.00750000000000001));
#4146=CARTESIAN_POINT('',(0.138347520861407,0.015,-0.00750000000000001));
#4147=CARTESIAN_POINT('',(0.134652479138593,0.015,-0.00750000000000001));
#4148=VECTOR('',#4686,1.0);
#4149=CARTESIAN_POINT('',(0.132804958277186,0.0118,-0.00750000000000001));
#4150=CARTESIAN_POINT('',(0.132804958277186,0.0118,-0.00750000000000001));
#4151=VECTOR('',#4687,1.0);
#4152=CARTESIAN_POINT('',(0.134652479138593,0.00860000000000002,-0.00750000000000001));
#4153=CARTESIAN_POINT('',(0.134652479138593,0.00860000000000002,-0.00750000000000001));
#4154=VECTOR('',#4688,1.0);
#4155=CARTESIAN_POINT('',(0.138347520861407,0.00860000000000002,-0.00750000000000001));
#4156=VECTOR('',#4689,1.0);
#4157=CARTESIAN_POINT('',(0.138347520861407,0.015,-0.00750000000000001));
#4158=VECTOR('',#4690,1.0);
#4159=CARTESIAN_POINT('',(0.00165247913859295,0.00860000000000002,-0.00749999999999991));
#4160=CARTESIAN_POINT('',(0.00165247913859295,0.00860000000000002,-0.00749999999999991));
#4161=VECTOR('',#4691,1.0);
#4162=CARTESIAN_POINT('',(0.00534752086140694,0.00860000000000002,-0.00749999999999991));
#4163=VECTOR('',#4692,1.0);
#4164=CARTESIAN_POINT('',(0.11605,0.22625,-0.0075));
#4165=AXIS2_PLACEMENT_3D('',#4693,#4694,#4695);
#4166=CARTESIAN_POINT('',(0.22465,0.21525,-0.0075));
#4167=AXIS2_PLACEMENT_3D('',#4696,#4697,#4698);
#4168=CARTESIAN_POINT('',(0.22485,0.04375,-0.0075));
#4169=AXIS2_PLACEMENT_3D('',#4699,#4700,#4701);
#4170=COLOUR_RGB('',0.752941191196442,0.752941191196442,0.752941191196442);
#4171=CARTESIAN_POINT('',(0.00180000000000002,0.0118,-1.67632942359463E-034));
#4172=AXIS2_PLACEMENT_3D('',#4702,#4703,#4704);
#4173=COLOUR_RGB('',0.752941191196442,0.752941191196442,0.752941191196442);
#4174=CARTESIAN_POINT('',(0.231347520861407,0.1123,-0.00730000000000008));
#4175=VECTOR('',#4705,1.0);
#4176=COLOUR_RGB('',0.752941191196442,0.752941191196442,0.752941191196442);
#4177=CARTESIAN_POINT('',(0.00165247913859295,0.00860000000000002,-0.00729999999999991));
#4178=CARTESIAN_POINT('',(0.00165247913859295,0.00860000000000002,-0.00729999999999991));
#4179=VECTOR('',#4706,1.0);
#4180=CARTESIAN_POINT('',(0.00165247913859295,0.00860000000000002,-0.00749999999999991));
#4181=VECTOR('',#4707,1.0);
#4182=COLOUR_RGB('',0.752941191196442,0.752941191196442,0.752941191196442);
#4183=CARTESIAN_POINT('',(0.00165247913859295,0.1187,-0.00729999999999991));
#4184=VECTOR('',#4708,1.0);
#4185=CARTESIAN_POINT('',(0.00165247913859295,0.1123,-0.00729999999999991));
#4186=VECTOR('',#4709,1.0);
#4187=COLOUR_RGB('',0.752941191196442,0.752941191196442,0.752941191196442);
#4188=CARTESIAN_POINT('',(0.00534752086140694,0.00860000000000002,-0.00729999999999991));
#4189=VECTOR('',#4710,1.0);
#4190=COLOUR_RGB('',0.752941191196442,0.752941191196442,0.752941191196442);
#4191=COLOUR_RGB('',0.752941191196442,0.752941191196442,0.752941191196442);
#4192=CARTESIAN_POINT('',(0.233195041722814,0.0118,-0.00750000000000009));
#4193=VECTOR('',#4711,1.0);
#4194=CARTESIAN_POINT('',(0.231347520861407,0.00860000000000002,-0.00750000000000008));
#4195=VECTOR('',#4712,1.0);
#4196=COLOUR_RGB('',0.752941191196442,0.752941191196442,0.752941191196442);
#4197=CARTESIAN_POINT('',(0.219347520861407,0.2133,-0.00750000000000008));
#4198=VECTOR('',#4713,1.0);
#4199=COLOUR_RGB('',0.752941191196442,0.752941191196442,0.752941191196442);
#4200=CARTESIAN_POINT('',(0.221195041722814,0.2165,-0.00750000000000008));
#4201=VECTOR('',#4714,1.0);
#4202=COLOUR_RGB('',0.752941191196442,0.752941191196442,0.752941191196442);
#4203=COLOUR_RGB('',0.752941191196442,0.752941191196442,0.752941191196442);
#4204=CARTESIAN_POINT('',(0.134652479138593,0.015,-0.00730000000000001));
#4205=CARTESIAN_POINT('',(0.138347520861407,0.015,-0.00730000000000001));
#4206=CARTESIAN_POINT('',(0.134652479138593,0.015,-0.00730000000000001));
#4207=VECTOR('',#4715,1.0);
#4208=CARTESIAN_POINT('',(0.138347520861407,0.015,-0.00730000000000001));
#4209=VECTOR('',#4716,1.0);
#4210=CARTESIAN_POINT('',(0.134652479138593,0.00860000000000002,-0.00730000000000001));
#4211=CARTESIAN_POINT('',(0.138347520861407,0.00860000000000002,-0.00730000000000001));
#4212=VECTOR('',#4717,1.0);
#4213=CARTESIAN_POINT('',(0.132804958277186,0.0118,-0.00730000000000001));
#4214=CARTESIAN_POINT('',(0.134652479138593,0.00860000000000002,-0.00730000000000001));
#4215=VECTOR('',#4718,1.0);
#4216=CARTESIAN_POINT('',(0.132804958277186,0.0118,-0.00730000000000001));
#4217=VECTOR('',#4719,1.0);
#4218=COLOUR_RGB('',0.752941191196442,0.752941191196442,0.752941191196442);
#4219=COLOUR_RGB('',0.752941191196442,0.752941191196442,0.752941191196442);
#4220=COLOUR_RGB('',0.752941191196442,0.752941191196442,0.752941191196442);
#4221=CARTESIAN_POINT('',(0.231347520861407,0.1187,-0.00730000000000008));
#4222=VECTOR('',#4720,1.0);
#4223=COLOUR_RGB('',0.752941191196442,0.752941191196442,0.752941191196442);
#4224=CARTESIAN_POINT('',(-0.00875000000000007,-0.00474999999999998,0.0535));
#4225=VECTOR('',#4721,1.0);
#4226=AXIS2_PLACEMENT_3D('',#4722,#4723,#4724);
#4227=CARTESIAN_POINT('',(-0.00725000000000001,-0.00474999999999998,0.0535));
#4228=CARTESIAN_POINT('',(-0.00725000000000004,-0.00474999999999998,-0.0075));
#4229=VECTOR('',#4725,1.0);
#4230=CARTESIAN_POINT('',(-0.00875000000000007,-0.00474999999999998,0.0535));
#4231=VECTOR('',#4726,1.0);
#4232=AXIS2_PLACEMENT_3D('',#4727,#4728,#4729);
#4233=COLOUR_RGB('',0.752941191196442,0.752941191196442,0.752941191196442);
#4234=CARTESIAN_POINT('',(0.131195041722813,0.2187,-0.00750000000000001));
#4235=VECTOR('',#4730,1.0);
#4236=COLOUR_RGB('',0.752941191196442,0.752941191196442,0.752941191196442);
#4237=CARTESIAN_POINT('',(0.129347520861407,0.2155,-0.00750000000000001));
#4238=VECTOR('',#4731,1.0);
#4239=COLOUR_RGB('',0.752941191196442,0.752941191196442,0.752941191196442);
#4240=CARTESIAN_POINT('',(0.13381,0.0118,-0.000200000000000002));
#4241=AXIS2_PLACEMENT_3D('',#4732,#4733,#4734);
#4242=CARTESIAN_POINT('',(0.13401,0.0118,6.93889390390723E-018));
#4243=AXIS2_PLACEMENT_3D('',#4735,#4736,#4737);
#4244=COLOUR_RGB('',0.960784316062927,0.5686274766922,0.00392156885936856);
#4245=CARTESIAN_POINT('',(0.22701,0.1155,6.93889390390723E-018));
#4246=AXIS2_PLACEMENT_3D('',#4738,#4739,#4740);
#4247=COLOUR_RGB('',0.752941191196442,0.752941191196442,0.752941191196442);
#4248=COLOUR_RGB('',0.752941191196442,0.752941191196442,0.752941191196442);
#4249=CARTESIAN_POINT('',(0.125652479138593,0.2155,-0.0075));
#4250=VECTOR('',#4741,1.0);
#4251=CARTESIAN_POINT('',(0.123804958277186,0.2187,-0.0075));
#4252=VECTOR('',#4742,1.0);
#4253=COLOUR_RGB('',0.752941191196442,0.752941191196442,0.752941191196442);
#4254=CARTESIAN_POINT('',(0.1348,0.0118,6.93889390390723E-018));
#4255=AXIS2_PLACEMENT_3D('',#4743,#4744,#4745);
#4256=COLOUR_RGB('',0.960784316062927,0.5686274766922,0.00392156885936856);
#4257=CARTESIAN_POINT('',(0.21501,0.2165,5.20417042793042E-018));
#4258=AXIS2_PLACEMENT_3D('',#4746,#4747,#4748);
#4259=CARTESIAN_POINT('',(0.2158,0.2165,5.20417042793042E-018));
#4260=AXIS2_PLACEMENT_3D('',#4749,#4750,#4751);
#4261=COLOUR_RGB('',0.752941191196442,0.752941191196442,0.752941191196442);
#4262=CARTESIAN_POINT('',(0.21481,0.2165,-0.000199999999999995));
#4263=AXIS2_PLACEMENT_3D('',#4752,#4753,#4754);
#4264=COLOUR_RGB('',0.960784316062927,0.5686274766922,0.00392156885936856);
#4265=COLOUR_RGB('',0.752941191196442,0.752941191196442,0.752941191196442);
#4266=CARTESIAN_POINT('',(0.002,0.2187,-0.000200000000000001));
#4267=AXIS2_PLACEMENT_3D('',#4755,#4756,#4757);
#4268=COLOUR_RGB('',0.960784316062927,0.5686274766922,0.00392156885936856);
#4269=COLOUR_RGB('',0.752941191196442,0.752941191196442,0.752941191196442);
#4270=CARTESIAN_POINT('',(0.00165247913859295,0.2155,-0.00729999999999991));
#4271=CARTESIAN_POINT('',(0.00165247913859295,0.2155,-0.00729999999999991));
#4272=VECTOR('',#4758,1.0);
#4273=CARTESIAN_POINT('',(0.00165247913859295,0.2155,-0.00749999999999991));
#4274=VECTOR('',#4759,1.0);
#4275=COLOUR_RGB('',0.752941191196442,0.752941191196442,0.752941191196442);
#4276=CARTESIAN_POINT('',(0.00534752086140694,0.2155,-0.00729999999999991));
#4277=CARTESIAN_POINT('',(0.00534752086140694,0.2155,-0.00729999999999991));
#4278=VECTOR('',#4760,1.0);
#4279=CARTESIAN_POINT('',(0.00534752086140694,0.2155,-0.00749999999999991));
#4280=VECTOR('',#4761,1.0);
#4281=COLOUR_RGB('',0.752941191196442,0.752941191196442,0.752941191196442);
#4282=CARTESIAN_POINT('',(0.00719504172281299,0.2187,-0.00729999999999991));
#4283=VECTOR('',#4762,1.0);
#4284=COLOUR_RGB('',0.752941191196442,0.752941191196442,0.752941191196442);
#4285=COLOUR_RGB('',0.752941191196442,0.752941191196442,0.752941191196442);
#4286=CARTESIAN_POINT('',(0.132804958277186,0.0118,-0.00750000000000001));
#4287=VECTOR('',#4763,1.0);
#4288=CARTESIAN_POINT('',(0.134652479138593,0.015,-0.00750000000000001));
#4289=VECTOR('',#4764,1.0);
#4290=COLOUR_RGB('',0.752941191196442,0.752941191196442,0.752941191196442);
#4291=COLOUR_RGB('',0.960784316062927,0.5686274766922,0.00392156885936856);
#4292=COLOUR_RGB('',0.752941191196442,0.752941191196442,0.752941191196442);
#4293=CARTESIAN_POINT('',(0.138347520861407,0.015,-0.00750000000000001));
#4294=VECTOR('',#4765,1.0);
#4295=COLOUR_RGB('',0.752941191196442,0.752941191196442,0.752941191196442);
#4296=CARTESIAN_POINT('',(0.12501,0.2187,5.20417042793042E-018));
#4297=AXIS2_PLACEMENT_3D('',#4766,#4767,#4768);
#4298=COLOUR_RGB('',0.752941191196442,0.752941191196442,0.752941191196442);
#4299=CARTESIAN_POINT('',(-0.00725000000000001,0.22525,0.0351499999999999));
#4300=AXIS2_PLACEMENT_3D('',#4769,#4770,#4771);
#4301=COLOUR_RGB('',0.752941191196442,0.752941191196442,0.752941191196442);
#4302=CARTESIAN_POINT('',(-0.00725000000000001,-0.00475099999999998,0.0535));
#4303=VECTOR('',#4772,1.0);
#4304=COLOUR_RGB('',0.752941191196442,0.752941191196442,0.752941191196442);
#4305=CARTESIAN_POINT('',(0.00101000000000001,0.0118,-2.45532956750039E-034));
#4306=AXIS2_PLACEMENT_3D('',#4773,#4774,#4775);
#4307=COLOUR_RGB('',0.752941191196442,0.752941191196442,0.752941191196442);
#4308=CARTESIAN_POINT('',(0.228,0.0118,-0.005));
#4309=AXIS2_PLACEMENT_3D('',#4776,#4777,#4778);
#4310=COLOUR_RGB('',0.960784316062927,0.5686274766922,0.00392156885936856);
#4311=COLOUR_RGB('',0.752941191196442,0.752941191196442,0.752941191196442);
#4312=COLOUR_RGB('',0.752941191196442,0.752941191196442,0.752941191196442);
#4313=COLOUR_RGB('',0.960784316062927,0.5686274766922,0.00392156885936856);
#4314=CARTESIAN_POINT('',(0.216,0.2165,-0.00499999999999999));
#4315=AXIS2_PLACEMENT_3D('',#4779,#4780,#4781);
#4316=COLOUR_RGB('',0.752941191196442,0.752941191196442,0.752941191196442);
#4317=CARTESIAN_POINT('',(0.002,0.2187,-0.005));
#4318=AXIS2_PLACEMENT_3D('',#4782,#4783,#4784);
#4319=COLOUR_RGB('',0.960784316062927,0.5686274766922,0.00392156885936856);
#4320=COLOUR_RGB('',0.960784316062927,0.5686274766922,0.00392156885936856);
#4321=COLOUR_RGB('',0.752941191196442,0.752941191196442,0.752941191196442);
#4322=COLOUR_RGB('',0.752941191196442,0.752941191196442,0.752941191196442);
#4323=CARTESIAN_POINT('',(0.134652479138593,0.00860000000000002,-0.00750000000000001));
#4324=VECTOR('',#4785,1.0);
#4325=COLOUR_RGB('',0.752941191196442,0.752941191196442,0.752941191196442);
#4326=COLOUR_RGB('',0.960784316062927,0.5686274766922,0.00392156885936856);
#4327=CARTESIAN_POINT('',(0.228,0.1155,-0.005));
#4328=AXIS2_PLACEMENT_3D('',#4786,#4787,#4788);
#4329=COLOUR_RGB('',0.752941191196442,0.752941191196442,0.752941191196442);
#4330=COLOUR_RGB('',0.752941191196442,0.752941191196442,0.752941191196442);
#4331=COLOUR_RGB('',0.752941191196442,0.752941191196442,0.752941191196442);
#4332=COLOUR_RGB('',0.752941191196442,0.752941191196442,0.752941191196442);
#4333=COLOUR_RGB('',0.752941191196442,0.752941191196442,0.752941191196442);
#4334=COLOUR_RGB('',0.752941191196442,0.752941191196442,0.752941191196442);
#4335=COLOUR_RGB('',0.752941191196442,0.752941191196442,0.752941191196442);
#4336=CARTESIAN_POINT('',(0.216,0.2165,-0.000199999999999995));
#4337=AXIS2_PLACEMENT_3D('',#4789,#4790,#4791);
#4338=COLOUR_RGB('',0.960784316062927,0.5686274766922,0.00392156885936856);
#4339=COLOUR_RGB('',0.752941191196442,0.752941191196442,0.752941191196442);
#4340=COLOUR_RGB('',0.752941191196442,0.752941191196442,0.752941191196442);
#4341=COLOUR_RGB('',0.752941191196442,0.752941191196442,0.752941191196442);
#4342=COLOUR_RGB('',0.752941191196442,0.752941191196442,0.752941191196442);
#4343=COLOUR_RGB('',0.960784316062927,0.5686274766922,0.00392156885936856);
#4344=COLOUR_RGB('',0.752941191196442,0.752941191196442,0.752941191196442);
#4345=COLOUR_RGB('',0.960784316062927,0.5686274766922,0.00392156885936856);
#4346=COLOUR_RGB('',0.960784316062927,0.5686274766922,0.00392156885936856);
#4347=COLOUR_RGB('',0.752941191196442,0.752941191196442,0.752941191196442);
#4348=COLOUR_RGB('',0.752941191196442,0.752941191196442,0.752941191196442);
#4349=COLOUR_RGB('',0.752941191196442,0.752941191196442,0.752941191196442);
#4350=CARTESIAN_POINT('',(0.0035,0.2187,-0.006));
#4351=DIRECTION('',(9.86076131526265E-032,0.0,-1.0));
#4352=DIRECTION('',(-1.0,0.0,-9.86076131526265E-032));
#4353=CARTESIAN_POINT('',(0.0035,0.2187,-0.000200000000000001));
#4354=DIRECTION('',(-9.86076131526265E-032,0.0,1.0));
#4355=DIRECTION('',(-1.0,0.0,-9.86076131526265E-032));
#4356=CARTESIAN_POINT('',(0.0035,0.2187,0.0));
#4357=DIRECTION('',(9.86076131526265E-032,0.0,-1.0));
#4358=DIRECTION('',(-1.0,0.0,-9.86076131526265E-032));
#4359=CARTESIAN_POINT('',(0.0035,0.2187,0.0));
#4360=DIRECTION('',(-9.86076131526265E-032,0.0,1.0));
#4361=DIRECTION('',(-1.0,0.0,-9.86076131526265E-032));
#4362=CARTESIAN_POINT('',(0.0035,0.1155,-0.006));
#4363=DIRECTION('',(9.86076131526265E-032,0.0,-1.0));
#4364=DIRECTION('',(-1.0,0.0,-9.86076131526265E-032));
#4365=CARTESIAN_POINT('',(0.0035,0.1155,-0.000200000000000001));
#4366=DIRECTION('',(-9.86076131526265E-032,0.0,1.0));
#4367=DIRECTION('',(-1.0,0.0,-9.86076131526265E-032));
#4368=CARTESIAN_POINT('',(0.22675,0.19675,-0.0075));
#4369=DIRECTION('',(1.97215226305253E-031,0.0,-1.0));
#4370=DIRECTION('',(-1.0,0.0,-1.97215226305253E-031));
#4371=CARTESIAN_POINT('',(0.22675,0.19675,-0.006));
#4372=DIRECTION('',(1.97215226305253E-031,0.0,-1.0));
#4373=DIRECTION('',(-1.0,0.0,-1.97215226305253E-031));
#4374=DIRECTION('',(1.0,0.0,1.97215226305253E-031));
#4375=CARTESIAN_POINT('',(-0.00275000000000009,0.23525,-0.0015));
#4376=DIRECTION('',(0.0,-1.0,0.0));
#4377=DIRECTION('',(1.97215226305253E-031,0.0,-1.0));
#4378=DIRECTION('',(-1.97215226305253E-031,0.0,1.0));
#4379=DIRECTION('',(1.0,0.0,1.97215226305253E-031));
#4380=DIRECTION('',(-1.97215226305253E-031,0.0,1.0));
#4381=CARTESIAN_POINT('',(-0.00275000000000009,0.23525,-0.0015));
#4382=DIRECTION('',(0.0,1.0,0.0));
#4383=DIRECTION('',(1.97215226305253E-031,0.0,-1.0));
#4384=DIRECTION('',(-1.0,0.0,-1.97215226305253E-031));
#4385=CARTESIAN_POINT('',(0.24075,0.23525,-0.00149999999999999));
#4386=DIRECTION('',(0.0,1.0,0.0));
#4387=DIRECTION('',(1.97215226305253E-031,0.0,-1.0));
#4388=DIRECTION('',(1.97215226305253E-031,0.0,-1.0));
#4389=DIRECTION('',(1.0,0.0,1.97215226305253E-031));
#4390=DIRECTION('',(-1.97215226305253E-031,0.0,1.0));
#4391=CARTESIAN_POINT('',(0.24075,0.23525,-0.00149999999999999));
#4392=DIRECTION('',(0.0,-1.0,0.0));
#4393=DIRECTION('',(1.97215226305253E-031,0.0,-1.0));
#4394=CARTESIAN_POINT('',(-0.00275000000000009,-0.00474999999999998,-0.0015));
#4395=DIRECTION('',(0.0,-1.0,0.0));
#4396=DIRECTION('',(-1.97215226305253E-031,0.0,1.0));
#4397=DIRECTION('',(0.0,1.0,0.0));
#4398=DIRECTION('',(0.0,1.0,0.0));
#4399=DIRECTION('',(-0.5,-0.866025403784439,3.82856869892695E-016));
#4400=DIRECTION('',(7.6571373978539E-016,0.0,1.0));
#4401=DIRECTION('',(-0.5,-0.866025403784439,3.82856869892695E-016));
#4402=DIRECTION('',(7.6571373978539E-016,0.0,1.0));
#4403=CARTESIAN_POINT('',(-0.00875000000000007,0.22525,0.0334999999999999));
#4404=DIRECTION('',(-1.0,0.0,-9.86076131526265E-032));
#4405=DIRECTION('',(9.86076131526265E-032,0.0,-1.0));
#4406=CARTESIAN_POINT('',(-0.00744999999999999,0.22525,0.0334999999999999));
#4407=DIRECTION('',(1.0,0.0,1.97215226305253E-031));
#4408=DIRECTION('',(1.97215226305253E-031,0.0,-1.0));
#4409=CARTESIAN_POINT('',(0.0035,0.0118,-0.005));
#4410=DIRECTION('',(1.97215226305253E-031,0.0,-1.0));
#4411=DIRECTION('',(-1.0,0.0,-1.97215226305253E-031));
#4412=DIRECTION('',(-1.0,-6.12323399573677E-017,7.6571373978539E-016));
#4413=DIRECTION('',(7.6571373978539E-016,0.0,1.0));
#4414=DIRECTION('',(-1.0,-6.12323399573677E-017,7.6571373978539E-016));
#4415=DIRECTION('',(7.6571373978539E-016,0.0,1.0));
#4416=DIRECTION('',(1.0,1.83697019872103E-016,-7.6571373978539E-016));
#4417=DIRECTION('',(7.6571373978539E-016,0.0,1.0));
#4418=DIRECTION('',(1.0,1.83697019872103E-016,-7.6571373978539E-016));
#4419=DIRECTION('',(7.6571373978539E-016,0.0,1.0));
#4420=CARTESIAN_POINT('',(0.0112499999999999,0.21525,-0.0075));
#4421=DIRECTION('',(2.95822839457879E-031,0.0,-1.0));
#4422=DIRECTION('',(-1.0,0.0,-2.95822839457879E-031));
#4423=CARTESIAN_POINT('',(0.0112499999999999,0.21525,-0.006));
#4424=DIRECTION('',(2.95822839457879E-031,0.0,-1.0));
#4425=DIRECTION('',(-1.0,0.0,-2.95822839457879E-031));
#4426=CARTESIAN_POINT('',(0.24675,0.00525,0.0334999999999999));
#4427=DIRECTION('',(1.0,0.0,9.86076131526265E-032));
#4428=DIRECTION('',(-9.86076131526265E-032,0.0,1.0));
#4429=CARTESIAN_POINT('',(0.24545,0.00525,0.0334999999999999));
#4430=DIRECTION('',(-1.0,0.0,-1.97215226305253E-031));
#4431=DIRECTION('',(-1.97215226305253E-031,0.0,1.0));
#4432=DIRECTION('',(1.0,1.83697019872103E-016,-7.6571373978539E-016));
#4433=DIRECTION('',(0.5,-0.866025403784439,-3.82856869892695E-016));
#4434=DIRECTION('',(-0.5,-0.866025403784439,3.82856869892695E-016));
#4435=DIRECTION('',(-1.0,-6.12323399573677E-017,7.6571373978539E-016));
#4436=DIRECTION('',(-0.5,0.866025403784438,3.82856869892695E-016));
#4437=DIRECTION('',(0.5,0.866025403784439,-3.82856869892695E-016));
#4438=CARTESIAN_POINT('',(0.2295,0.1155,6.93889390390723E-018));
#4439=DIRECTION('',(-1.97215226305253E-031,0.0,1.0));
#4440=DIRECTION('',(-1.0,0.0,-1.97215226305253E-031));
#4441=CARTESIAN_POINT('',(0.2295,0.1155,-0.000199999999999994));
#4442=DIRECTION('',(1.97215226305253E-031,0.0,-1.0));
#4443=DIRECTION('',(-1.0,0.0,-1.97215226305253E-031));
#4444=CARTESIAN_POINT('',(0.2295,0.0118,6.93889390390723E-018));
#4445=DIRECTION('',(9.86076131526265E-032,0.0,-1.0));
#4446=DIRECTION('',(-1.0,0.0,-9.86076131526265E-032));
#4447=CARTESIAN_POINT('',(0.2295,0.0118,6.93889390390723E-018));
#4448=DIRECTION('',(-1.97215226305253E-031,0.0,1.0));
#4449=DIRECTION('',(-1.0,0.0,-1.97215226305253E-031));
#4450=DIRECTION('',(0.5,0.866025403784439,-3.82856869892695E-016));
#4451=DIRECTION('',(7.6571373978539E-016,0.0,1.0));
#4452=DIRECTION('',(0.5,0.866025403784439,-3.82856869892695E-016));
#4453=DIRECTION('',(7.6571373978539E-016,0.0,1.0));
#4454=DIRECTION('',(-0.5,-0.866025403784439,3.82856869892695E-016));
#4455=DIRECTION('',(7.6571373978539E-016,0.0,1.0));
#4456=DIRECTION('',(-0.5,-0.866025403784439,3.82856869892695E-016));
#4457=DIRECTION('',(7.6571373978539E-016,0.0,1.0));
#4458=DIRECTION('',(7.6571373978539E-016,0.0,1.0));
#4459=DIRECTION('',(0.5,0.866025403784439,-3.82856869892695E-016));
#4460=DIRECTION('',(7.6571373978539E-016,0.0,1.0));
#4461=DIRECTION('',(-0.5,-0.866025403784439,3.82856869892695E-016));
#4462=DIRECTION('',(7.6571373978539E-016,0.0,1.0));
#4463=DIRECTION('',(-0.5,-0.866025403784439,3.82856869892695E-016));
#4464=DIRECTION('',(7.6571373978539E-016,0.0,1.0));
#4465=DIRECTION('',(-0.5,0.866025403784438,3.82856869892695E-016));
#4466=DIRECTION('',(0.5,0.866025403784439,-3.82856869892695E-016));
#4467=DIRECTION('',(7.6571373978539E-016,0.0,1.0));
#4468=DIRECTION('',(0.5,0.866025403784439,-3.82856869892695E-016));
#4469=DIRECTION('',(-1.97215226305253E-031,0.0,1.0));
#4470=DIRECTION('',(0.0,1.0,0.0));
#4471=DIRECTION('',(0.0,1.0,0.0));
#4472=CARTESIAN_POINT('',(0.24525,0.00525,0.0334999999999999));
#4473=DIRECTION('',(-1.0,0.0,-1.97215226305253E-031));
#4474=DIRECTION('',(1.97215226305253E-031,0.0,-1.0));
#4475=CARTESIAN_POINT('',(0.24525,0.22525,0.0334999999999999));
#4476=DIRECTION('',(-1.0,0.0,-1.97215226305253E-031));
#4477=DIRECTION('',(1.97215226305253E-031,0.0,-1.0));
#4478=CARTESIAN_POINT('',(0.0035,0.1155,-0.005));
#4479=DIRECTION('',(1.97215226305253E-031,0.0,-1.0));
#4480=DIRECTION('',(-1.0,0.0,-1.97215226305253E-031));
#4481=CARTESIAN_POINT('',(0.0035,0.1155,-0.000200000000000001));
#4482=DIRECTION('',(1.97215226305253E-031,0.0,-1.0));
#4483=DIRECTION('',(-1.0,0.0,-1.97215226305253E-031));
#4484=DIRECTION('',(-1.97215226305253E-031,0.0,1.0));
#4485=DIRECTION('',(0.0,1.0,0.0));
#4486=DIRECTION('',(0.0,1.0,0.0));
#4487=CARTESIAN_POINT('',(-0.00875000000000007,0.00525,0.0334999999999999));
#4488=DIRECTION('',(-1.0,0.0,-9.86076131526265E-032));
#4489=DIRECTION('',(9.86076131526265E-032,0.0,-1.0));
#4490=DIRECTION('',(-0.5,0.866025403784438,3.82856869892695E-016));
#4491=DIRECTION('',(7.6571373978539E-016,0.0,1.0));
#4492=DIRECTION('',(-0.5,0.866025403784438,3.82856869892695E-016));
#4493=DIRECTION('',(7.6571373978539E-016,0.0,1.0));
#4494=DIRECTION('',(1.0,1.83697019872103E-016,-7.6571373978539E-016));
#4495=DIRECTION('',(0.5,-0.866025403784439,-3.82856869892695E-016));
#4496=DIRECTION('',(-0.5,-0.866025403784439,3.82856869892695E-016));
#4497=DIRECTION('',(-1.0,-6.12323399573677E-017,7.6571373978539E-016));
#4498=DIRECTION('',(0.5,0.866025403784439,-3.82856869892695E-016));
#4499=DIRECTION('',(1.0,1.83697019872103E-016,-7.6571373978539E-016));
#4500=DIRECTION('',(7.6571373978539E-016,0.0,1.0));
#4501=DIRECTION('',(1.0,1.83697019872103E-016,-7.6571373978539E-016));
#4502=DIRECTION('',(7.6571373978539E-016,0.0,1.0));
#4503=DIRECTION('',(7.6571373978539E-016,0.0,1.0));
#4504=DIRECTION('',(1.0,1.83697019872103E-016,-7.6571373978539E-016));
#4505=DIRECTION('',(7.6571373978539E-016,0.0,1.0));
#4506=DIRECTION('',(1.0,1.83697019872103E-016,-7.6571373978539E-016));
#4507=DIRECTION('',(7.6571373978539E-016,0.0,1.0));
#4508=DIRECTION('',(1.0,1.83697019872103E-016,-7.6571373978539E-016));
#4509=DIRECTION('',(7.6571373978539E-016,0.0,1.0));
#4510=CARTESIAN_POINT('',(0.0035,0.0118,-0.006));
#4511=DIRECTION('',(9.86076131526265E-032,0.0,-1.0));
#4512=DIRECTION('',(-1.0,0.0,-9.86076131526265E-032));
#4513=CARTESIAN_POINT('',(0.0035,0.0118,-0.000200000000000001));
#4514=DIRECTION('',(-9.86076131526265E-032,0.0,1.0));
#4515=DIRECTION('',(-1.0,0.0,-9.86076131526265E-032));
#4516=CARTESIAN_POINT('',(0.0035,0.1155,0.0));
#4517=DIRECTION('',(-9.86076131526265E-032,0.0,1.0));
#4518=DIRECTION('',(-1.0,0.0,-9.86076131526265E-032));
#4519=DIRECTION('',(0.5,-0.866025403784439,-3.82856869892695E-016));
#4520=DIRECTION('',(0.5,-0.866025403784439,-3.82856869892695E-016));
#4521=CARTESIAN_POINT('',(0.0035,0.1155,0.0));
#4522=DIRECTION('',(9.86076131526265E-032,0.0,-1.0));
#4523=DIRECTION('',(-1.0,0.0,-9.86076131526265E-032));
#4524=CARTESIAN_POINT('',(0.119,0.00425,-0.0075));
#4525=DIRECTION('',(1.97215226305253E-031,0.0,-1.0));
#4526=DIRECTION('',(-1.0,0.0,-1.97215226305253E-031));
#4527=CARTESIAN_POINT('',(0.119,0.00425,-0.0062));
#4528=DIRECTION('',(-1.97215226305253E-031,0.0,1.0));
#4529=DIRECTION('',(-1.0,0.0,-1.97215226305253E-031));
#4530=DIRECTION('',(1.0,0.0,1.97215226305253E-031));
#4531=DIRECTION('',(0.0,1.0,0.0));
#4532=CARTESIAN_POINT('',(0.0112499999999999,0.19675,-0.006));
#4533=DIRECTION('',(1.97215226305253E-031,0.0,-1.0));
#4534=DIRECTION('',(-1.0,0.0,-1.97215226305253E-031));
#4535=CARTESIAN_POINT('',(0.119,0.22625,-0.006));
#4536=DIRECTION('',(1.97215226305253E-031,0.0,-1.0));
#4537=DIRECTION('',(-1.0,0.0,-1.97215226305253E-031));
#4538=CARTESIAN_POINT('',(0.1275,0.2187,-0.006));
#4539=DIRECTION('',(9.86076131526265E-032,0.0,-1.0));
#4540=DIRECTION('',(-1.0,0.0,-9.86076131526265E-032));
#4541=CARTESIAN_POINT('',(0.2175,0.2165,-0.00599999999999999));
#4542=DIRECTION('',(9.86076131526265E-032,0.0,-1.0));
#4543=DIRECTION('',(-1.0,0.0,-9.86076131526265E-032));
#4544=CARTESIAN_POINT('',(0.22675,0.21525,-0.006));
#4545=DIRECTION('',(2.95822839457879E-031,0.0,-1.0));
#4546=DIRECTION('',(-1.0,0.0,-2.95822839457879E-031));
#4547=CARTESIAN_POINT('',(0.2295,0.1155,-0.00599999999999999));
#4548=DIRECTION('',(9.86076131526265E-032,0.0,-1.0));
#4549=DIRECTION('',(-1.0,0.0,-9.86076131526265E-032));
#4550=CARTESIAN_POINT('',(0.22675,0.04375,-0.006));
#4551=DIRECTION('',(1.97215226305253E-031,0.0,-1.0));
#4552=DIRECTION('',(-1.0,0.0,-1.97215226305253E-031));
#4553=CARTESIAN_POINT('',(0.22675,0.02525,-0.006));
#4554=DIRECTION('',(2.95822839457879E-031,0.0,-1.0));
#4555=DIRECTION('',(-1.0,0.0,-2.95822839457879E-031));
#4556=CARTESIAN_POINT('',(0.2295,0.0118,-0.00599999999999999));
#4557=DIRECTION('',(9.86076131526265E-032,0.0,-1.0));
#4558=DIRECTION('',(-1.0,0.0,-9.86076131526265E-032));
#4559=CARTESIAN_POINT('',(0.1365,0.0118,-0.006));
#4560=DIRECTION('',(9.86076131526265E-032,0.0,-1.0));
#4561=DIRECTION('',(-1.0,0.0,-9.86076131526265E-032));
#4562=CARTESIAN_POINT('',(0.119,0.00425,-0.006));
#4563=DIRECTION('',(1.97215226305253E-031,0.0,-1.0));
#4564=DIRECTION('',(-1.0,0.0,-1.97215226305253E-031));
#4565=CARTESIAN_POINT('',(0.0112499999999999,0.04375,-0.006));
#4566=DIRECTION('',(1.97215226305253E-031,0.0,-1.0));
#4567=DIRECTION('',(-1.0,0.0,-1.97215226305253E-031));
#4568=CARTESIAN_POINT('',(0.0112499999999999,0.02525,-0.006));
#4569=DIRECTION('',(2.95822839457879E-031,0.0,-1.0));
#4570=DIRECTION('',(-1.0,0.0,-2.95822839457879E-031));
#4571=CARTESIAN_POINT('',(0.0035,0.0118,-0.000200000000000001));
#4572=DIRECTION('',(1.97215226305253E-031,0.0,-1.0));
#4573=DIRECTION('',(-1.0,0.0,-1.97215226305253E-031));
#4574=CARTESIAN_POINT('',(0.119,0.22625,-0.0062));
#4575=DIRECTION('',(-1.97215226305253E-031,0.0,1.0));
#4576=DIRECTION('',(-1.0,0.0,-1.97215226305253E-031));
#4577=DIRECTION('',(0.5,-0.866025403784439,-3.82856869892695E-016));
#4578=DIRECTION('',(7.6571373978539E-016,0.0,1.0));
#4579=DIRECTION('',(0.5,-0.866025403784439,-3.82856869892695E-016));
#4580=DIRECTION('',(-0.5,0.866025403784438,3.82856869892695E-016));
#4581=DIRECTION('',(7.6571373978539E-016,0.0,1.0));
#4582=DIRECTION('',(-0.5,0.866025403784438,3.82856869892695E-016));
#4583=CARTESIAN_POINT('',(0.2295,0.0118,-0.000199999999999994));
#4584=DIRECTION('',(-9.86076131526265E-032,0.0,1.0));
#4585=DIRECTION('',(-1.0,0.0,-9.86076131526265E-032));
#4586=CARTESIAN_POINT('',(0.1275,0.2187,-0.000199999999999995));
#4587=DIRECTION('',(-9.86076131526265E-032,0.0,1.0));
#4588=DIRECTION('',(-1.0,0.0,-9.86076131526265E-032));
#4589=CARTESIAN_POINT('',(0.1365,0.0118,-0.005));
#4590=DIRECTION('',(1.97215226305253E-031,0.0,-1.0));
#4591=DIRECTION('',(-1.0,0.0,-1.97215226305253E-031));
#4592=CARTESIAN_POINT('',(0.1365,0.0118,-0.000200000000000002));
#4593=DIRECTION('',(1.97215226305253E-031,0.0,-1.0));
#4594=DIRECTION('',(-1.0,0.0,-1.97215226305253E-031));
#4595=CARTESIAN_POINT('',(0.0112499999999999,0.19675,-0.0075));
#4596=DIRECTION('',(1.97215226305253E-031,0.0,-1.0));
#4597=DIRECTION('',(-1.0,0.0,-1.97215226305253E-031));
#4598=DIRECTION('',(1.0,1.83697019872103E-016,-7.6571373978539E-016));
#4599=DIRECTION('',(7.6571373978539E-016,0.0,1.0));
#4600=DIRECTION('',(1.0,1.83697019872103E-016,-7.6571373978539E-016));
#4601=DIRECTION('',(7.6571373978539E-016,0.0,1.0));
#4602=DIRECTION('',(0.5,0.866025403784439,-3.82856869892695E-016));
#4603=DIRECTION('',(7.6571373978539E-016,0.0,1.0));
#4604=DIRECTION('',(0.5,0.866025403784439,-3.82856869892695E-016));
#4605=DIRECTION('',(1.0,1.83697019872103E-016,-7.6571373978539E-016));
#4606=DIRECTION('',(7.6571373978539E-016,0.0,1.0));
#4607=DIRECTION('',(0.5,-0.866025403784439,-3.82856869892695E-016));
#4608=DIRECTION('',(-0.5,-0.866025403784439,3.82856869892695E-016));
#4609=DIRECTION('',(-1.0,-6.12323399573677E-017,7.6571373978539E-016));
#4610=DIRECTION('',(-0.5,0.866025403784438,3.82856869892695E-016));
#4611=DIRECTION('',(0.5,0.866025403784439,-3.82856869892695E-016));
#4612=CARTESIAN_POINT('',(0.0112499999999999,0.02525,-0.0075));
#4613=DIRECTION('',(2.95822839457879E-031,0.0,-1.0));
#4614=DIRECTION('',(-1.0,0.0,-2.95822839457879E-031));
#4615=CARTESIAN_POINT('',(0.1275,0.2187,5.20417042793042E-018));
#4616=DIRECTION('',(-9.86076131526265E-032,0.0,1.0));
#4617=DIRECTION('',(-1.0,0.0,-9.86076131526265E-032));
#4618=CARTESIAN_POINT('',(0.1275,0.2187,-0.000199999999999995));
#4619=DIRECTION('',(1.97215226305253E-031,0.0,-1.0));
#4620=DIRECTION('',(-1.0,0.0,-1.97215226305253E-031));
#4621=CARTESIAN_POINT('',(0.2295,0.0118,-0.000199999999999994));
#4622=DIRECTION('',(1.97215226305253E-031,0.0,-1.0));
#4623=DIRECTION('',(-1.0,0.0,-1.97215226305253E-031));
#4624=DIRECTION('',(0.0,1.0,0.0));
#4625=DIRECTION('',(-0.0,-1.0,0.0));
#4626=DIRECTION('',(-1.97215226305253E-031,0.0,1.0));
#4627=CARTESIAN_POINT('',(0.24675,0.22525,0.0334999999999999));
#4628=DIRECTION('',(1.0,0.0,9.86076131526265E-032));
#4629=DIRECTION('',(-9.86076131526265E-032,0.0,1.0));
#4630=CARTESIAN_POINT('',(0.22675,0.02525,-0.0075));
#4631=DIRECTION('',(2.95822839457879E-031,0.0,-1.0));
#4632=DIRECTION('',(-1.0,0.0,-2.95822839457879E-031));
#4633=DIRECTION('',(-0.5,-0.866025403784439,3.82856869892695E-016));
#4634=DIRECTION('',(7.6571373978539E-016,0.0,1.0));
#4635=DIRECTION('',(-0.5,-0.866025403784439,3.82856869892695E-016));
#4636=DIRECTION('',(7.6571373978539E-016,0.0,1.0));
#4637=DIRECTION('',(0.5,-0.866025403784439,-3.82856869892695E-016));
#4638=DIRECTION('',(0.5,-0.866025403784439,-3.82856869892695E-016));
#4639=DIRECTION('',(7.6571373978539E-016,0.0,1.0));
#4640=CARTESIAN_POINT('',(0.1275,0.2187,-0.005));
#4641=DIRECTION('',(1.97215226305253E-031,0.0,-1.0));
#4642=DIRECTION('',(-1.0,0.0,-1.97215226305253E-031));
#4643=CARTESIAN_POINT('',(0.24545,0.22525,0.0334999999999999));
#4644=DIRECTION('',(-1.0,0.0,-1.97215226305253E-031));
#4645=DIRECTION('',(-1.97215226305253E-031,0.0,1.0));
#4646=CARTESIAN_POINT('',(-0.00725000000000001,0.00525,0.0334999999999999));
#4647=DIRECTION('',(1.0,0.0,1.97215226305253E-031));
#4648=DIRECTION('',(-1.97215226305253E-031,0.0,1.0));
#4649=CARTESIAN_POINT('',(-0.00744999999999999,0.00525,0.0334999999999999));
#4650=DIRECTION('',(1.0,0.0,1.97215226305253E-031));
#4651=DIRECTION('',(1.97215226305253E-031,0.0,-1.0));
#4652=CARTESIAN_POINT('',(-0.00275000000000009,-0.00474999999999998,-0.0015));
#4653=DIRECTION('',(0.0,1.0,0.0));
#4654=DIRECTION('',(-1.97215226305253E-031,0.0,1.0));
#4655=DIRECTION('',(0.0,1.0,0.0));
#4656=CARTESIAN_POINT('',(0.2295,0.1155,-0.000199999999999994));
#4657=DIRECTION('',(-9.86076131526265E-032,0.0,1.0));
#4658=DIRECTION('',(-1.0,0.0,-9.86076131526265E-032));
#4659=DIRECTION('',(0.5,0.866025403784439,-3.82856869892695E-016));
#4660=DIRECTION('',(7.6571373978539E-016,0.0,1.0));
#4661=DIRECTION('',(0.5,0.866025403784439,-3.82856869892695E-016));
#4662=CARTESIAN_POINT('',(0.0112499999999999,0.04375,-0.0075));
#4663=DIRECTION('',(1.97215226305253E-031,0.0,-1.0));
#4664=DIRECTION('',(-1.0,0.0,-1.97215226305253E-031));
#4665=DIRECTION('',(-1.0,0.0,-1.97215226305253E-031));
#4666=DIRECTION('',(0.0,1.0,0.0));
#4667=DIRECTION('',(1.0,1.83697019872103E-016,-7.6571373978539E-016));
#4668=DIRECTION('',(-0.5,0.866025403784438,3.82856869892695E-016));
#4669=DIRECTION('',(-0.5,0.866025403784438,3.82856869892695E-016));
#4670=DIRECTION('',(-1.0,-6.12323399573677E-017,7.6571373978539E-016));
#4671=DIRECTION('',(-0.5,-0.866025403784439,3.82856869892695E-016));
#4672=DIRECTION('',(0.5,0.866025403784439,-3.82856869892695E-016));
#4673=DIRECTION('',(-0.5,0.866025403784438,3.82856869892695E-016));
#4674=DIRECTION('',(-1.0,-6.12323399573677E-017,7.6571373978539E-016));
#4675=DIRECTION('',(-0.5,-0.866025403784439,3.82856869892695E-016));
#4676=DIRECTION('',(0.5,-0.866025403784439,-3.82856869892695E-016));
#4677=DIRECTION('',(-1.0,-6.12323399573677E-017,7.6571373978539E-016));
#4678=DIRECTION('',(-0.5,-0.866025403784439,3.82856869892695E-016));
#4679=DIRECTION('',(0.5,-0.866025403784439,-3.82856869892695E-016));
#4680=DIRECTION('',(-1.0,-6.12323399573677E-017,7.6571373978539E-016));
#4681=DIRECTION('',(0.5,-0.866025403784439,-3.82856869892695E-016));
#4682=DIRECTION('',(0.5,0.866025403784439,-3.82856869892695E-016));
#4683=DIRECTION('',(-1.0,-6.12323399573677E-017,7.6571373978539E-016));
#4684=DIRECTION('',(-0.5,-0.866025403784439,3.82856869892695E-016));
#4685=DIRECTION('',(0.5,-0.866025403784439,-3.82856869892695E-016));
#4686=DIRECTION('',(1.0,1.83697019872103E-016,-7.6571373978539E-016));
#4687=DIRECTION('',(0.5,0.866025403784439,-3.82856869892695E-016));
#4688=DIRECTION('',(-0.5,0.866025403784438,3.82856869892695E-016));
#4689=DIRECTION('',(-1.0,-6.12323399573677E-017,7.6571373978539E-016));
#4690=DIRECTION('',(0.5,-0.866025403784439,-3.82856869892695E-016));
#4691=DIRECTION('',(-0.5,0.866025403784438,3.82856869892695E-016));
#4692=DIRECTION('',(-1.0,-6.12323399573677E-017,7.6571373978539E-016));
#4693=CARTESIAN_POINT('',(0.119,0.22625,-0.0075));
#4694=DIRECTION('',(1.97215226305253E-031,0.0,-1.0));
#4695=DIRECTION('',(-1.0,0.0,-1.97215226305253E-031));
#4696=CARTESIAN_POINT('',(0.22675,0.21525,-0.0075));
#4697=DIRECTION('',(2.95822839457879E-031,0.0,-1.0));
#4698=DIRECTION('',(-1.0,0.0,-2.95822839457879E-031));
#4699=CARTESIAN_POINT('',(0.22675,0.04375,-0.0075));
#4700=DIRECTION('',(1.97215226305253E-031,0.0,-1.0));
#4701=DIRECTION('',(-1.0,0.0,-1.97215226305253E-031));
#4702=CARTESIAN_POINT('',(0.0035,0.0118,0.0));
#4703=DIRECTION('',(-9.86076131526265E-032,0.0,1.0));
#4704=DIRECTION('',(-1.0,0.0,-9.86076131526265E-032));
#4705=DIRECTION('',(-1.0,-6.12323399573677E-017,7.6571373978539E-016));
#4706=DIRECTION('',(-0.5,0.866025403784438,3.82856869892695E-016));
#4707=DIRECTION('',(7.6571373978539E-016,0.0,1.0));
#4708=DIRECTION('',(1.0,1.83697019872103E-016,-7.6571373978539E-016));
#4709=DIRECTION('',(-0.5,0.866025403784438,3.82856869892695E-016));
#4710=DIRECTION('',(-1.0,-6.12323399573677E-017,7.6571373978539E-016));
#4711=DIRECTION('',(7.6571373978539E-016,0.0,1.0));
#4712=DIRECTION('',(7.6571373978539E-016,0.0,1.0));
#4713=DIRECTION('',(7.6571373978539E-016,0.0,1.0));
#4714=DIRECTION('',(7.6571373978539E-016,0.0,1.0));
#4715=DIRECTION('',(1.0,1.83697019872103E-016,-7.6571373978539E-016));
#4716=DIRECTION('',(0.5,-0.866025403784439,-3.82856869892695E-016));
#4717=DIRECTION('',(-1.0,-6.12323399573677E-017,7.6571373978539E-016));
#4718=DIRECTION('',(-0.5,0.866025403784438,3.82856869892695E-016));
#4719=DIRECTION('',(0.5,0.866025403784439,-3.82856869892695E-016));
#4720=DIRECTION('',(0.5,-0.866025403784439,-3.82856869892695E-016));
#4721=DIRECTION('',(-1.0,0.0,-1.97215226305253E-031));
#4722=CARTESIAN_POINT('',(0.24075,-0.00474999999999998,-0.00149999999999999));
#4723=DIRECTION('',(0.0,-1.0,0.0));
#4724=DIRECTION('',(-1.97215226305253E-031,0.0,1.0));
#4725=DIRECTION('',(1.97215226305253E-031,0.0,-1.0));
#4726=DIRECTION('',(-1.0,0.0,-1.97215226305253E-031));
#4727=CARTESIAN_POINT('',(0.24075,-0.00474999999999998,-0.00149999999999999));
#4728=DIRECTION('',(0.0,1.0,0.0));
#4729=DIRECTION('',(-1.97215226305253E-031,0.0,1.0));
#4730=DIRECTION('',(7.6571373978539E-016,0.0,1.0));
#4731=DIRECTION('',(7.6571373978539E-016,0.0,1.0));
#4732=CARTESIAN_POINT('',(0.1365,0.0118,-0.000200000000000002));
#4733=DIRECTION('',(-9.86076131526265E-032,0.0,1.0));
#4734=DIRECTION('',(-1.0,0.0,-9.86076131526265E-032));
#4735=CARTESIAN_POINT('',(0.1365,0.0118,6.93889390390723E-018));
#4736=DIRECTION('',(9.86076131526265E-032,0.0,-1.0));
#4737=DIRECTION('',(-1.0,0.0,-9.86076131526265E-032));
#4738=CARTESIAN_POINT('',(0.2295,0.1155,6.93889390390723E-018));
#4739=DIRECTION('',(9.86076131526265E-032,0.0,-1.0));
#4740=DIRECTION('',(-1.0,0.0,-9.86076131526265E-032));
#4741=DIRECTION('',(7.6571373978539E-016,0.0,1.0));
#4742=DIRECTION('',(7.6571373978539E-016,0.0,1.0));
#4743=CARTESIAN_POINT('',(0.1365,0.0118,6.93889390390723E-018));
#4744=DIRECTION('',(-9.86076131526265E-032,0.0,1.0));
#4745=DIRECTION('',(-1.0,0.0,-9.86076131526265E-032));
#4746=CARTESIAN_POINT('',(0.2175,0.2165,5.20417042793042E-018));
#4747=DIRECTION('',(9.86076131526265E-032,0.0,-1.0));
#4748=DIRECTION('',(-1.0,0.0,-9.86076131526265E-032));
#4749=CARTESIAN_POINT('',(0.2175,0.2165,5.20417042793042E-018));
#4750=DIRECTION('',(-1.97215226305253E-031,0.0,1.0));
#4751=DIRECTION('',(-1.0,0.0,-1.97215226305253E-031));
#4752=CARTESIAN_POINT('',(0.2175,0.2165,-0.000199999999999995));
#4753=DIRECTION('',(-9.86076131526265E-032,0.0,1.0));
#4754=DIRECTION('',(-1.0,0.0,-9.86076131526265E-032));
#4755=CARTESIAN_POINT('',(0.0035,0.2187,-0.000200000000000001));
#4756=DIRECTION('',(1.97215226305253E-031,0.0,-1.0));
#4757=DIRECTION('',(-1.0,0.0,-1.97215226305253E-031));
#4758=DIRECTION('',(-0.5,0.866025403784438,3.82856869892695E-016));
#4759=DIRECTION('',(7.6571373978539E-016,0.0,1.0));
#4760=DIRECTION('',(-1.0,-6.12323399573677E-017,7.6571373978539E-016));
#4761=DIRECTION('',(7.6571373978539E-016,0.0,1.0));
#4762=DIRECTION('',(-0.5,-0.866025403784439,3.82856869892695E-016));
#4763=DIRECTION('',(7.6571373978539E-016,0.0,1.0));
#4764=DIRECTION('',(7.6571373978539E-016,0.0,1.0));
#4765=DIRECTION('',(7.6571373978539E-016,0.0,1.0));
#4766=CARTESIAN_POINT('',(0.1275,0.2187,5.20417042793042E-018));
#4767=DIRECTION('',(9.86076131526265E-032,0.0,-1.0));
#4768=DIRECTION('',(-1.0,0.0,-9.86076131526265E-032));
#4769=CARTESIAN_POINT('',(-0.00725000000000001,0.22525,0.0334999999999999));
#4770=DIRECTION('',(1.0,0.0,1.97215226305253E-031));
#4771=DIRECTION('',(-1.97215226305253E-031,0.0,1.0));
#4772=DIRECTION('',(0.0,1.0,0.0));
#4773=CARTESIAN_POINT('',(0.0035,0.0118,0.0));
#4774=DIRECTION('',(9.86076131526265E-032,0.0,-1.0));
#4775=DIRECTION('',(-1.0,0.0,-9.86076131526265E-032));
#4776=CARTESIAN_POINT('',(0.2295,0.0118,-0.005));
#4777=DIRECTION('',(1.97215226305253E-031,0.0,-1.0));
#4778=DIRECTION('',(-1.0,0.0,-1.97215226305253E-031));
#4779=CARTESIAN_POINT('',(0.2175,0.2165,-0.00499999999999999));
#4780=DIRECTION('',(1.97215226305253E-031,0.0,-1.0));
#4781=DIRECTION('',(-1.0,0.0,-1.97215226305253E-031));
#4782=CARTESIAN_POINT('',(0.0035,0.2187,-0.005));
#4783=DIRECTION('',(1.97215226305253E-031,0.0,-1.0));
#4784=DIRECTION('',(-1.0,0.0,-1.97215226305253E-031));
#4785=DIRECTION('',(7.6571373978539E-016,0.0,1.0));
#4786=CARTESIAN_POINT('',(0.2295,0.1155,-0.005));
#4787=DIRECTION('',(1.97215226305253E-031,0.0,-1.0));
#4788=DIRECTION('',(-1.0,0.0,-1.97215226305253E-031));
#4789=CARTESIAN_POINT('',(0.2175,0.2165,-0.000199999999999995));
#4790=DIRECTION('',(1.97215226305253E-031,0.0,-1.0));
#4791=DIRECTION('',(-1.0,0.0,-1.97215226305253E-031));
#4792=PRESENTATION_LAYER_ASSIGNMENT('Bottom plate','',(#439));
ENDSEC;
END-ISO-10303-21;
