ISO-10303-21;
HEADER;
/****************************************************************
 * Generated by software with PDE/Lib inside                    *
 * PDElib Version v51a, created Fri 12/12/2008                  *
 * International Technegroup Inc. (www.iti-oh.com)              *
 ****************************************************************/
FILE_DESCRIPTION((''),'2;1');
FILE_NAME('W:\\mechanical\\\X2\6A5F69CB5DE57A0B5716\X0\\\3D\X2\57166A94\X0\\\3D Outline-2020\\\X2\5DF25B8C62105F855BE96838\X0\\\EPP-100,150.stp','2020-06-01T14:19:11',('shirley'),(''),'Autodesk Inventor 2010','Autodesk Inventor 2010','');
FILE_SCHEMA(('AUTOMOTIVE_DESIGN { 1 0 10303 214 1 1 1 1 }'));
ENDSEC;
DATA;
#5=APPLICATION_CONTEXT('automotive design');
#6=APPLICATION_PROTOCOL_DEFINITION('International Standard','automotive_design',2001,#5);
#7=PRODUCT_CONTEXT('',#5,'mechanical');
#8=PRODUCT('EPP-150','EPP-150',$,(#7));
#9=PRODUCT_RELATED_PRODUCT_CATEGORY('part',$,(#8));
#10=PRODUCT_DEFINITION_FORMATION('',$,#8);
#11=PRODUCT_DEFINITION_CONTEXT('part definition',#5,'design');
#12=PRODUCT_DEFINITION('',$,#10,#11);
#18=(NAMED_UNIT(*)PLANE_ANGLE_UNIT()SI_UNIT($,.RADIAN.));
#19=DIMENSIONAL_EXPONENTS(0.0,0.0,0.0,0.0,0.0,0.0,0.0);
#20=PLANE_ANGLE_MEASURE_WITH_UNIT(PLANE_ANGLE_MEASURE(0.017453292500000),#18);
#24=(CONVERSION_BASED_UNIT('DEGREE',#20)NAMED_UNIT(#19)PLANE_ANGLE_UNIT());
#28=(NAMED_UNIT(*)SI_UNIT($,.STERADIAN.)SOLID_ANGLE_UNIT());
#32=(LENGTH_UNIT()NAMED_UNIT(*)SI_UNIT(.MILLI.,.METRE.));
#34=UNCERTAINTY_MEASURE_WITH_UNIT(LENGTH_MEASURE(0.010000000000000),#32,'DISTANCE_ACCURACY_VALUE','');
#36=(GEOMETRIC_REPRESENTATION_CONTEXT(3)GLOBAL_UNCERTAINTY_ASSIGNED_CONTEXT((#34))GLOBAL_UNIT_ASSIGNED_CONTEXT((#24,#28,#32))REPRESENTATION_CONTEXT('None','None'));
#37=AXIS2_PLACEMENT_3D('',#38,#39,#40);
#38=CARTESIAN_POINT('',(0.0,0.0,0.0));
#39=DIRECTION('',(0.0,0.0,1.0));
#40=DIRECTION('',(1.0,0.0,0.0));
#41=SHAPE_REPRESENTATION('',(#37,#6339,#6830,#7451,#9035,#10769,#11081,#11931,#14898),#36);
#42=PRODUCT_DEFINITION_SHAPE('','',#12);
#43=SHAPE_DEFINITION_REPRESENTATION(#42,#41);
#44=APPLICATION_CONTEXT('automotive design');
#45=APPLICATION_PROTOCOL_DEFINITION('International Standard','automotive_design',2001,#44);
#46=PRODUCT_CONTEXT('',#44,'mechanical');
#47=PRODUCT('a1','a1',$,(#46));
#48=PRODUCT_RELATED_PRODUCT_CATEGORY('part',$,(#47));
#49=PRODUCT_DEFINITION_FORMATION('',$,#47);
#50=PRODUCT_DEFINITION_CONTEXT('part definition',#44,'design');
#51=PRODUCT_DEFINITION('',$,#49,#50);
#57=(NAMED_UNIT(*)PLANE_ANGLE_UNIT()SI_UNIT($,.RADIAN.));
#58=DIMENSIONAL_EXPONENTS(0.0,0.0,0.0,0.0,0.0,0.0,0.0);
#59=PLANE_ANGLE_MEASURE_WITH_UNIT(PLANE_ANGLE_MEASURE(0.017453292500000),#57);
#63=(CONVERSION_BASED_UNIT('DEGREE',#59)NAMED_UNIT(#58)PLANE_ANGLE_UNIT());
#67=(NAMED_UNIT(*)SI_UNIT($,.STERADIAN.)SOLID_ANGLE_UNIT());
#71=(LENGTH_UNIT()NAMED_UNIT(*)SI_UNIT(.MILLI.,.METRE.));
#73=UNCERTAINTY_MEASURE_WITH_UNIT(LENGTH_MEASURE(0.010000000000000),#71,'DISTANCE_ACCURACY_VALUE','');
#75=(GEOMETRIC_REPRESENTATION_CONTEXT(3)GLOBAL_UNCERTAINTY_ASSIGNED_CONTEXT((#73))GLOBAL_UNIT_ASSIGNED_CONTEXT((#63,#67,#71))REPRESENTATION_CONTEXT('None','None'));
#76=AXIS2_PLACEMENT_3D('',#77,#78,#79);
#77=CARTESIAN_POINT('',(0.0,0.0,0.0));
#78=DIRECTION('',(0.0,0.0,1.0));
#79=DIRECTION('',(1.0,0.0,0.0));
#80=SHAPE_REPRESENTATION('',(#76,#1036,#2092,#2621,#3360,#6327),#75);
#81=PRODUCT_DEFINITION_SHAPE('','',#51);
#82=SHAPE_DEFINITION_REPRESENTATION(#81,#80);
#83=APPLICATION_CONTEXT('automotive design');
#84=APPLICATION_PROTOCOL_DEFINITION('International Standard','automotive_design',2001,#83);
#85=PRODUCT_CONTEXT('',#83,'mechanical');
#86=PRODUCT('p2','p2',$,(#85));
#87=PRODUCT_RELATED_PRODUCT_CATEGORY('part',$,(#86));
#88=PRODUCT_DEFINITION_FORMATION('',$,#86);
#89=PRODUCT_DEFINITION_CONTEXT('part definition',#83,'design');
#90=PRODUCT_DEFINITION('',$,#88,#89);
#96=(NAMED_UNIT(*)PLANE_ANGLE_UNIT()SI_UNIT($,.RADIAN.));
#97=DIMENSIONAL_EXPONENTS(0.0,0.0,0.0,0.0,0.0,0.0,0.0);
#98=PLANE_ANGLE_MEASURE_WITH_UNIT(PLANE_ANGLE_MEASURE(0.017453292500000),#96);
#102=(CONVERSION_BASED_UNIT('DEGREE',#98)NAMED_UNIT(#97)PLANE_ANGLE_UNIT());
#106=(NAMED_UNIT(*)SI_UNIT($,.STERADIAN.)SOLID_ANGLE_UNIT());
#110=(LENGTH_UNIT()NAMED_UNIT(*)SI_UNIT(.MILLI.,.METRE.));
#112=UNCERTAINTY_MEASURE_WITH_UNIT(LENGTH_MEASURE(0.010000000000000),#110,'DISTANCE_ACCURACY_VALUE','');
#114=(GEOMETRIC_REPRESENTATION_CONTEXT(3)GLOBAL_UNCERTAINTY_ASSIGNED_CONTEXT((#112))GLOBAL_UNIT_ASSIGNED_CONTEXT((#102,#106,#110))REPRESENTATION_CONTEXT('None','None'));
#115=AXIS2_PLACEMENT_3D('',#116,#117,#118);
#116=CARTESIAN_POINT('',(0.0,0.0,0.0));
#117=DIRECTION('',(0.0,0.0,1.0));
#118=DIRECTION('',(1.0,0.0,0.0));
#119=SHAPE_REPRESENTATION('',(#115),#114);
#120=PRODUCT_DEFINITION_SHAPE('','',#90);
#121=SHAPE_DEFINITION_REPRESENTATION(#120,#119);
#127=(NAMED_UNIT(*)PLANE_ANGLE_UNIT()SI_UNIT($,.RADIAN.));
#128=DIMENSIONAL_EXPONENTS(0.0,0.0,0.0,0.0,0.0,0.0,0.0);
#129=PLANE_ANGLE_MEASURE_WITH_UNIT(PLANE_ANGLE_MEASURE(0.017453292500000),#127);
#133=(CONVERSION_BASED_UNIT('DEGREE',#129)NAMED_UNIT(#128)PLANE_ANGLE_UNIT());
#137=(NAMED_UNIT(*)SI_UNIT($,.STERADIAN.)SOLID_ANGLE_UNIT());
#141=(LENGTH_UNIT()NAMED_UNIT(*)SI_UNIT(.MILLI.,.METRE.));
#143=UNCERTAINTY_MEASURE_WITH_UNIT(LENGTH_MEASURE(0.000001000000000),#141,'DISTANCE_ACCURACY_VALUE','');
#145=(GEOMETRIC_REPRESENTATION_CONTEXT(3)GLOBAL_UNCERTAINTY_ASSIGNED_CONTEXT((#143))GLOBAL_UNIT_ASSIGNED_CONTEXT((#133,#137,#141))REPRESENTATION_CONTEXT('','3D'));
#146=CARTESIAN_POINT('',(98.249999619603017,45.749999820340108,4.907836E-014));
#147=DIRECTION('',(0.0,-1.0,0.0));
#148=DIRECTION('',(0.0,0.0,-1.0));
#149=AXIS2_PLACEMENT_3D('',#146,#147,#148);
#150=PLANE('',#149);
#151=CARTESIAN_POINT('',(99.249999619603017,45.749999820340108,4.906275E-014));
#152=VERTEX_POINT('',#151);
#153=CARTESIAN_POINT('',(98.249999619603017,45.749999820340108,4.907836E-014));
#154=VERTEX_POINT('',#153);
#155=CARTESIAN_POINT('',(99.249999619603017,45.749999820340108,4.906275E-014));
#156=DIRECTION('',(-1.0,0.0,0.0));
#157=VECTOR('',#156,1.0);
#158=LINE('',#155,#157);
#159=EDGE_CURVE('',#152,#154,#158,.T.);
#160=ORIENTED_EDGE('',*,*,#159,.T.);
#161=CARTESIAN_POINT('',(98.249999619603017,45.749999820340108,-25.500000000000004));
#162=VERTEX_POINT('',#161);
#163=CARTESIAN_POINT('',(98.249999619603017,45.749999820340108,4.907836E-014));
#164=DIRECTION('',(0.0,0.0,-1.0));
#165=VECTOR('',#164,25.500000000000050);
#166=LINE('',#163,#165);
#167=EDGE_CURVE('',#154,#162,#166,.T.);
#168=ORIENTED_EDGE('',*,*,#167,.T.);
#169=CARTESIAN_POINT('',(99.249999619603017,45.749999820340108,-25.500000000000004));
#170=VERTEX_POINT('',#169);
#171=CARTESIAN_POINT('',(98.249999619603017,45.749999820340108,-25.500000000000004));
#172=DIRECTION('',(1.0,0.0,0.0));
#173=VECTOR('',#172,1.0);
#174=LINE('',#171,#173);
#175=EDGE_CURVE('',#162,#170,#174,.T.);
#176=ORIENTED_EDGE('',*,*,#175,.T.);
#177=CARTESIAN_POINT('',(99.249999619603017,45.749999820340108,4.906275E-014));
#178=DIRECTION('',(0.0,0.0,-1.0));
#179=VECTOR('',#178,25.500000000000050);
#180=LINE('',#177,#179);
#181=EDGE_CURVE('',#152,#170,#180,.T.);
#182=ORIENTED_EDGE('',*,*,#181,.F.);
#183=EDGE_LOOP('',(#160,#168,#176,#182));
#184=FACE_OUTER_BOUND('',#183,.T.);
#185=ADVANCED_FACE('',(#184),#150,.T.);
#186=CARTESIAN_POINT('',(98.249999619603017,50.750000080366604,-18.774999999999402));
#187=DIRECTION('',(-1.0,0.0,0.0));
#188=DIRECTION('',(0.0,0.0,1.0));
#189=AXIS2_PLACEMENT_3D('',#186,#187,#188);
#190=PLANE('',#189);
#191=CARTESIAN_POINT('',(98.249999619603017,60.649998300276103,-1.999999999999940));
#192=VERTEX_POINT('',#191);
#193=CARTESIAN_POINT('',(98.249999619603017,60.649998300276103,-26.500000000000004));
#194=VERTEX_POINT('',#193);
#195=CARTESIAN_POINT('',(98.249999619603017,60.649998300276103,-1.999999999999940));
#196=DIRECTION('',(0.0,0.0,-1.0));
#197=VECTOR('',#196,24.500000000000064);
#198=LINE('',#195,#197);
#199=EDGE_CURVE('',#192,#194,#198,.T.);
#200=ORIENTED_EDGE('',*,*,#199,.T.);
#201=CARTESIAN_POINT('',(98.249999619603017,46.749999820340101,-26.500000000000004));
#202=VERTEX_POINT('',#201);
#203=CARTESIAN_POINT('',(98.249999619603017,60.649998300276103,-26.500000000000004));
#204=DIRECTION('',(0.0,-1.0,0.0));
#205=VECTOR('',#204,13.899998479936002);
#206=LINE('',#203,#205);
#207=EDGE_CURVE('',#194,#202,#206,.T.);
#208=ORIENTED_EDGE('',*,*,#207,.T.);
#209=CARTESIAN_POINT('',(98.249999619603017,46.749999820340101,-25.500000000000004));
#210=DIRECTION('',(1.0,0.0,0.0));
#211=DIRECTION('',(0.0,0.0,1.0));
#212=AXIS2_PLACEMENT_3D('',#209,#210,#211);
#213=CIRCLE('',#212,1.0);
#214=EDGE_CURVE('',#162,#202,#213,.T.);
#215=ORIENTED_EDGE('',*,*,#214,.F.);
#216=ORIENTED_EDGE('',*,*,#167,.F.);
#217=CARTESIAN_POINT('',(98.249999619603017,46.249998360332107,4.959184E-014));
#218=VERTEX_POINT('',#217);
#219=CARTESIAN_POINT('',(98.249999619603017,45.749999820340101,1.363696E-013));
#220=DIRECTION('',(0.0,1.0,0.0));
#221=VECTOR('',#220,0.499998539991999);
#222=LINE('',#219,#221);
#223=EDGE_CURVE('',#154,#218,#222,.T.);
#224=ORIENTED_EDGE('',*,*,#223,.T.);
#225=CARTESIAN_POINT('',(98.249999619603017,46.249998360332107,2.500000000000051));
#226=VERTEX_POINT('',#225);
#227=CARTESIAN_POINT('',(98.249999619603017,46.249998360332107,4.959184E-014));
#228=DIRECTION('',(0.0,0.0,1.0));
#229=VECTOR('',#228,2.500000000000001);
#230=LINE('',#227,#229);
#231=EDGE_CURVE('',#218,#226,#230,.T.);
#232=ORIENTED_EDGE('',*,*,#231,.T.);
#233=CARTESIAN_POINT('',(98.249999619603017,47.249998360332100,2.500000000000051));
#234=VERTEX_POINT('',#233);
#235=CARTESIAN_POINT('',(98.249999619603017,46.249998360332107,2.500000000000051));
#236=DIRECTION('',(0.0,1.0,0.0));
#237=VECTOR('',#236,0.999999999999993);
#238=LINE('',#235,#237);
#239=EDGE_CURVE('',#226,#234,#238,.T.);
#240=ORIENTED_EDGE('',*,*,#239,.T.);
#241=CARTESIAN_POINT('',(98.249999619603017,47.249998360332100,-1.999999999999951));
#242=VERTEX_POINT('',#241);
#243=CARTESIAN_POINT('',(98.249999619603017,47.249998360332100,-1.999999999999951));
#244=DIRECTION('',(0.0,0.0,1.0));
#245=VECTOR('',#244,4.500000000000001);
#246=LINE('',#243,#245);
#247=EDGE_CURVE('',#242,#234,#246,.T.);
#248=ORIENTED_EDGE('',*,*,#247,.F.);
#249=CARTESIAN_POINT('',(98.249999619603017,60.649998300276103,-1.999999999999860));
#250=DIRECTION('',(0.0,-1.0,0.0));
#251=VECTOR('',#250,13.399999939944003);
#252=LINE('',#249,#251);
#253=EDGE_CURVE('',#192,#242,#252,.T.);
#254=ORIENTED_EDGE('',*,*,#253,.F.);
#255=EDGE_LOOP('',(#200,#208,#215,#216,#224,#232,#240,#248,#254));
#256=FACE_OUTER_BOUND('',#255,.T.);
#257=CARTESIAN_POINT('',(98.249999619603017,50.750000080366604,-21.924999999999400));
#258=VERTEX_POINT('',#257);
#259=CARTESIAN_POINT('',(98.249999619603017,50.750000080366604,-19.999999999999400));
#260=DIRECTION('',(-1.0,0.0,0.0));
#261=DIRECTION('',(0.0,0.0,1.0));
#262=AXIS2_PLACEMENT_3D('',#259,#260,#261);
#263=CIRCLE('',#262,1.925000000000000);
#264=EDGE_CURVE('',#258,#258,#263,.T.);
#265=ORIENTED_EDGE('',*,*,#264,.F.);
#266=EDGE_LOOP('',(#265));
#267=FACE_BOUND('',#266,.T.);
#268=ADVANCED_FACE('',(#256,#267),#190,.T.);
#269=CARTESIAN_POINT('',(82.750000921202911,60.749998300276005,6.472470E-014));
#270=DIRECTION('',(0.0,-1.0,0.0));
#271=DIRECTION('',(0.0,0.0,-1.0));
#272=AXIS2_PLACEMENT_3D('',#269,#270,#271);
#273=PLANE('',#272);
#274=CARTESIAN_POINT('',(83.850000061511196,60.749998300276005,-1.999999999999940));
#275=VERTEX_POINT('',#274);
#276=CARTESIAN_POINT('',(83.850000061511196,60.749998300276111,-26.500000000000004));
#277=VERTEX_POINT('',#276);
#278=CARTESIAN_POINT('',(83.850000061511196,60.749998300276005,-1.999999999999940));
#279=DIRECTION('',(0.0,0.0,-1.0));
#280=VECTOR('',#279,24.500000000000064);
#281=LINE('',#278,#280);
#282=EDGE_CURVE('',#275,#277,#281,.T.);
#283=ORIENTED_EDGE('',*,*,#282,.T.);
#284=CARTESIAN_POINT('',(98.149999619602994,60.749998300276111,-26.500000000000004));
#285=VERTEX_POINT('',#284);
#286=CARTESIAN_POINT('',(83.850000061511196,60.749998300276111,-26.500000000000004));
#287=DIRECTION('',(1.0,0.0,0.0));
#288=VECTOR('',#287,14.299999558091798);
#289=LINE('',#286,#288);
#290=EDGE_CURVE('',#277,#285,#289,.T.);
#291=ORIENTED_EDGE('',*,*,#290,.T.);
#292=CARTESIAN_POINT('',(98.149999619602994,60.749998300276005,-1.999999999999940));
#293=VERTEX_POINT('',#292);
#294=CARTESIAN_POINT('',(98.149999619602994,60.749998300276005,-1.999999999999940));
#295=DIRECTION('',(0.0,0.0,-1.0));
#296=VECTOR('',#295,24.500000000000064);
#297=LINE('',#294,#296);
#298=EDGE_CURVE('',#293,#285,#297,.T.);
#299=ORIENTED_EDGE('',*,*,#298,.F.);
#300=CARTESIAN_POINT('',(83.850000061511196,60.749998300276005,-1.999999999999930));
#301=DIRECTION('',(1.0,0.0,0.0));
#302=VECTOR('',#301,14.299999558091798);
#303=LINE('',#300,#302);
#304=EDGE_CURVE('',#275,#293,#303,.T.);
#305=ORIENTED_EDGE('',*,*,#304,.F.);
#306=EDGE_LOOP('',(#283,#291,#299,#305));
#307=FACE_OUTER_BOUND('',#306,.T.);
#308=ADVANCED_FACE('',(#307),#273,.T.);
#309=CARTESIAN_POINT('',(82.749997599665306,64.999998638724904,6.908926E-014));
#310=DIRECTION('',(-0.999999999999695,-0.000000781538196,1.561171E-017));
#311=DIRECTION('',(0.0,0.0,1.0));
#312=AXIS2_PLACEMENT_3D('',#309,#310,#311);
#313=PLANE('',#312);
#314=CARTESIAN_POINT('',(82.749998967358010,63.249997558732503,6.729209E-014));
#315=VERTEX_POINT('',#314);
#316=CARTESIAN_POINT('',(82.749999944280120,61.999998340271006,6.600839E-014));
#317=VERTEX_POINT('',#316);
#318=CARTESIAN_POINT('',(82.749998967357698,63.249997558732503,6.729209E-014));
#319=DIRECTION('',(0.000000781538199,-0.999999999999695,-1.026956E-015));
#320=VECTOR('',#319,1.249999218461878);
#321=LINE('',#318,#320);
#322=EDGE_CURVE('',#315,#317,#321,.T.);
#323=ORIENTED_EDGE('',*,*,#322,.F.);
#324=CARTESIAN_POINT('',(82.749998967358010,63.249997558732503,-1.999999999999930));
#325=VERTEX_POINT('',#324);
#326=CARTESIAN_POINT('',(82.749998967358010,63.249997558732503,-1.999999999999930));
#327=DIRECTION('',(0.0,0.0,1.0));
#328=VECTOR('',#327,1.999999999999997);
#329=LINE('',#326,#328);
#330=EDGE_CURVE('',#325,#315,#329,.T.);
#331=ORIENTED_EDGE('',*,*,#330,.F.);
#332=CARTESIAN_POINT('',(82.749997599665306,64.999998638724904,-1.999999999999930));
#333=VERTEX_POINT('',#332);
#334=CARTESIAN_POINT('',(82.749997599665036,64.999998638724904,-1.999999999999930));
#335=DIRECTION('',(0.000000781538181,-0.999999999999695,0.0));
#336=VECTOR('',#335,1.750001079992943);
#337=LINE('',#334,#336);
#338=EDGE_CURVE('',#333,#325,#337,.T.);
#339=ORIENTED_EDGE('',*,*,#338,.F.);
#340=CARTESIAN_POINT('',(82.749997599665306,64.999998638724904,-25.500000000000004));
#341=VERTEX_POINT('',#340);
#342=CARTESIAN_POINT('',(82.749997599665306,64.999998638724904,-1.999999999999930));
#343=DIRECTION('',(0.0,0.0,-1.0));
#344=VECTOR('',#343,23.500000000000075);
#345=LINE('',#342,#344);
#346=EDGE_CURVE('',#333,#341,#345,.T.);
#347=ORIENTED_EDGE('',*,*,#346,.T.);
#348=CARTESIAN_POINT('',(82.749998381203511,63.999998638725195,-26.500000000000004));
#349=VERTEX_POINT('',#348);
#350=CARTESIAN_POINT('',(82.749998381203511,63.999998638725195,-25.500000000000004));
#351=DIRECTION('',(-0.999999999999695,-0.000000781538191,-8.512184E-024));
#352=DIRECTION('',(0.000000781538191,-0.999999999999695,-1.026956E-015));
#353=AXIS2_PLACEMENT_3D('',#350,#351,#352);
#354=CIRCLE('',#353,1.0);
#355=EDGE_CURVE('',#341,#349,#354,.T.);
#356=ORIENTED_EDGE('',*,*,#355,.T.);
#357=CARTESIAN_POINT('',(82.750000061511486,61.849997440584012,-26.500000000000004));
#358=VERTEX_POINT('',#357);
#359=CARTESIAN_POINT('',(82.749998381203213,63.999998638725195,-26.500000000000004));
#360=DIRECTION('',(0.000000781538190,-0.999999999999695,0.0));
#361=VECTOR('',#360,2.150001198141839);
#362=LINE('',#359,#361);
#363=EDGE_CURVE('',#349,#358,#362,.T.);
#364=ORIENTED_EDGE('',*,*,#363,.T.);
#365=CARTESIAN_POINT('',(82.750000061511486,61.849997440584012,-1.999999999999930));
#366=VERTEX_POINT('',#365);
#367=CARTESIAN_POINT('',(82.750000061511486,61.849997440584012,-1.999999999999930));
#368=DIRECTION('',(0.0,0.0,-1.0));
#369=VECTOR('',#368,24.500000000000075);
#370=LINE('',#367,#369);
#371=EDGE_CURVE('',#366,#358,#370,.T.);
#372=ORIENTED_EDGE('',*,*,#371,.F.);
#373=CARTESIAN_POINT('',(82.749999944280120,61.999998340271006,-1.999999999999930));
#374=VERTEX_POINT('',#373);
#375=CARTESIAN_POINT('',(82.749999944279836,61.999998340271006,-1.999999999999937));
#376=DIRECTION('',(0.000000781538226,-0.999999999999695,-1.480288E-015));
#377=VECTOR('',#376,0.150000899687040);
#378=LINE('',#375,#377);
#379=EDGE_CURVE('',#374,#366,#378,.T.);
#380=ORIENTED_EDGE('',*,*,#379,.F.);
#381=CARTESIAN_POINT('',(82.749999944280120,61.999998340271105,6.600839E-014));
#382=DIRECTION('',(0.0,0.0,-1.0));
#383=VECTOR('',#382,1.999999999999996);
#384=LINE('',#381,#383);
#385=EDGE_CURVE('',#317,#374,#384,.T.);
#386=ORIENTED_EDGE('',*,*,#385,.F.);
#387=EDGE_LOOP('',(#323,#331,#339,#347,#356,#364,#372,#380,#386));
#388=FACE_OUTER_BOUND('',#387,.T.);
#389=ADVANCED_FACE('',(#388),#313,.T.);
#390=CARTESIAN_POINT('',(83.749997599665008,64.999999420263094,6.907365E-014));
#391=DIRECTION('',(-0.000000781538191,0.999999999999695,1.026956E-015));
#392=DIRECTION('',(0.0,0.0,1.0));
#393=AXIS2_PLACEMENT_3D('',#390,#391,#392);
#394=PLANE('',#393);
#395=CARTESIAN_POINT('',(83.749997599665008,64.999999420263094,-1.999999999999930));
#396=VERTEX_POINT('',#395);
#397=CARTESIAN_POINT('',(83.749997599665008,64.999999420263094,-1.999999999999930));
#398=DIRECTION('',(-0.999999999999695,-0.000000781538191,0.0));
#399=VECTOR('',#398,1.000000000000021);
#400=LINE('',#397,#399);
#401=EDGE_CURVE('',#396,#333,#400,.T.);
#402=ORIENTED_EDGE('',*,*,#401,.F.);
#403=CARTESIAN_POINT('',(83.749997599665008,64.999999420263094,-25.500000000000004));
#404=VERTEX_POINT('',#403);
#405=CARTESIAN_POINT('',(83.749997599665008,64.999999420263094,-1.999999999999930));
#406=DIRECTION('',(0.0,0.0,-1.0));
#407=VECTOR('',#406,23.500000000000075);
#408=LINE('',#405,#407);
#409=EDGE_CURVE('',#396,#404,#408,.T.);
#410=ORIENTED_EDGE('',*,*,#409,.T.);
#411=CARTESIAN_POINT('',(83.749997599665008,64.999999420263094,-25.500000000000004));
#412=DIRECTION('',(-0.999999999999695,-0.000000781538191,0.0));
#413=VECTOR('',#412,1.000000000000021);
#414=LINE('',#411,#413);
#415=EDGE_CURVE('',#404,#341,#414,.T.);
#416=ORIENTED_EDGE('',*,*,#415,.T.);
#417=ORIENTED_EDGE('',*,*,#346,.F.);
#418=EDGE_LOOP('',(#402,#410,#416,#417));
#419=FACE_OUTER_BOUND('',#418,.T.);
#420=ADVANCED_FACE('',(#419),#394,.T.);
#421=CARTESIAN_POINT('',(83.750000139665005,61.749998300276012,6.573604E-014));
#422=DIRECTION('',(0.999999999999695,0.000000781538196,-1.561171E-017));
#423=DIRECTION('',(0.0,0.0,-1.0));
#424=AXIS2_PLACEMENT_3D('',#421,#422,#423);
#425=PLANE('',#424);
#426=CARTESIAN_POINT('',(83.750000061511201,61.849998222122203,-1.999999999999930));
#427=VERTEX_POINT('',#426);
#428=CARTESIAN_POINT('',(83.750000061511201,61.849998222122203,-26.500000000000004));
#429=VERTEX_POINT('',#428);
#430=CARTESIAN_POINT('',(83.750000061511201,61.849998222122203,-1.999999999999930));
#431=DIRECTION('',(0.0,0.0,-1.0));
#432=VECTOR('',#431,24.500000000000075);
#433=LINE('',#430,#432);
#434=EDGE_CURVE('',#427,#429,#433,.T.);
#435=ORIENTED_EDGE('',*,*,#434,.T.);
#436=CARTESIAN_POINT('',(83.749998381203199,63.999999420263400,-26.500000000000004));
#437=VERTEX_POINT('',#436);
#438=CARTESIAN_POINT('',(83.750000061510946,61.849998222122203,-26.500000000000004));
#439=DIRECTION('',(-0.000000781538190,0.999999999999694,0.0));
#440=VECTOR('',#439,2.150001198141847);
#441=LINE('',#438,#440);
#442=EDGE_CURVE('',#429,#437,#441,.T.);
#443=ORIENTED_EDGE('',*,*,#442,.T.);
#444=CARTESIAN_POINT('',(83.749998381203199,63.999999420263400,-25.500000000000004));
#445=DIRECTION('',(-0.999999999999695,-0.000000781538191,-8.512184E-024));
#446=DIRECTION('',(0.000000781538191,-0.999999999999695,-1.026956E-015));
#447=AXIS2_PLACEMENT_3D('',#444,#445,#446);
#448=CIRCLE('',#447,1.0);
#449=EDGE_CURVE('',#404,#437,#448,.T.);
#450=ORIENTED_EDGE('',*,*,#449,.F.);
#451=ORIENTED_EDGE('',*,*,#409,.F.);
#452=CARTESIAN_POINT('',(83.749998967357712,63.249998340270707,-1.999999999999930));
#453=VERTEX_POINT('',#452);
#454=CARTESIAN_POINT('',(83.749998967357371,63.249998340270707,-1.999999999999930));
#455=DIRECTION('',(-0.000000781538189,0.999999999999695,0.0));
#456=VECTOR('',#455,1.750001079992922);
#457=LINE('',#454,#456);
#458=EDGE_CURVE('',#453,#396,#457,.T.);
#459=ORIENTED_EDGE('',*,*,#458,.F.);
#460=CARTESIAN_POINT('',(83.749998967357712,63.249998340270707,6.727648E-014));
#461=VERTEX_POINT('',#460);
#462=CARTESIAN_POINT('',(83.749998967357712,63.249998340270707,6.727648E-014));
#463=DIRECTION('',(0.0,0.0,-1.0));
#464=VECTOR('',#463,1.999999999999997);
#465=LINE('',#462,#464);
#466=EDGE_CURVE('',#461,#453,#465,.T.);
#467=ORIENTED_EDGE('',*,*,#466,.F.);
#468=CARTESIAN_POINT('',(83.749999944280390,61.999998340271105,6.599278E-014));
#469=VERTEX_POINT('',#468);
#470=CARTESIAN_POINT('',(83.749999944280106,61.999998340271098,6.599278E-014));
#471=DIRECTION('',(-0.000000781538188,0.999999999999695,1.026956E-015));
#472=VECTOR('',#471,1.249999999999984);
#473=LINE('',#470,#472);
#474=EDGE_CURVE('',#469,#461,#473,.T.);
#475=ORIENTED_EDGE('',*,*,#474,.F.);
#476=CARTESIAN_POINT('',(83.749999944280390,61.999998340271006,-1.999999999999930));
#477=VERTEX_POINT('',#476);
#478=CARTESIAN_POINT('',(83.749999944280390,61.999998340271105,-1.999999999999930));
#479=DIRECTION('',(0.0,0.0,1.0));
#480=VECTOR('',#479,1.999999999999996);
#481=LINE('',#478,#480);
#482=EDGE_CURVE('',#477,#469,#481,.T.);
#483=ORIENTED_EDGE('',*,*,#482,.F.);
#484=CARTESIAN_POINT('',(83.750000061510946,61.849998222122203,-1.999999999999937));
#485=DIRECTION('',(-0.000000781538224,0.999999999999695,1.480296E-015));
#486=VECTOR('',#485,0.150000118148849);
#487=LINE('',#484,#486);
#488=EDGE_CURVE('',#427,#477,#487,.T.);
#489=ORIENTED_EDGE('',*,*,#488,.F.);
#490=EDGE_LOOP('',(#435,#443,#450,#451,#459,#467,#475,#483,#489));
#491=FACE_OUTER_BOUND('',#490,.T.);
#492=ADVANCED_FACE('',(#491),#425,.T.);
#493=CARTESIAN_POINT('',(99.249999619603017,61.749998300276012,6.549405E-014));
#494=DIRECTION('',(0.0,1.0,0.0));
#495=DIRECTION('',(0.0,0.0,1.0));
#496=AXIS2_PLACEMENT_3D('',#493,#494,#495);
#497=PLANE('',#496);
#498=CARTESIAN_POINT('',(98.149999619602994,61.749998300276012,-1.999999999999930));
#499=VERTEX_POINT('',#498);
#500=CARTESIAN_POINT('',(98.149999619602994,61.749998300276104,-26.500000000000004));
#501=VERTEX_POINT('',#500);
#502=CARTESIAN_POINT('',(98.149999619602994,61.749998300276012,-1.999999999999930));
#503=DIRECTION('',(0.0,0.0,-1.0));
#504=VECTOR('',#503,24.500000000000075);
#505=LINE('',#502,#504);
#506=EDGE_CURVE('',#499,#501,#505,.T.);
#507=ORIENTED_EDGE('',*,*,#506,.T.);
#508=CARTESIAN_POINT('',(83.850000061511196,61.749998300276104,-26.500000000000004));
#509=VERTEX_POINT('',#508);
#510=CARTESIAN_POINT('',(98.149999619602994,61.749998300276104,-26.500000000000004));
#511=DIRECTION('',(-1.0,0.0,0.0));
#512=VECTOR('',#511,14.299999558091798);
#513=LINE('',#510,#512);
#514=EDGE_CURVE('',#501,#509,#513,.T.);
#515=ORIENTED_EDGE('',*,*,#514,.T.);
#516=CARTESIAN_POINT('',(83.850000061511196,61.749998300276012,-1.999999999999930));
#517=VERTEX_POINT('',#516);
#518=CARTESIAN_POINT('',(83.850000061511196,61.749998300276012,-1.999999999999930));
#519=DIRECTION('',(0.0,0.0,-1.0));
#520=VECTOR('',#519,24.500000000000075);
#521=LINE('',#518,#520);
#522=EDGE_CURVE('',#517,#509,#521,.T.);
#523=ORIENTED_EDGE('',*,*,#522,.F.);
#524=CARTESIAN_POINT('',(98.149999619602994,61.749998300276012,-1.999999999999930));
#525=DIRECTION('',(-1.0,0.0,0.0));
#526=VECTOR('',#525,14.299999558091798);
#527=LINE('',#524,#526);
#528=EDGE_CURVE('',#499,#517,#527,.T.);
#529=ORIENTED_EDGE('',*,*,#528,.F.);
#530=EDGE_LOOP('',(#507,#515,#523,#529));
#531=FACE_OUTER_BOUND('',#530,.T.);
#532=ADVANCED_FACE('',(#531),#497,.T.);
#533=CARTESIAN_POINT('',(99.249999619603017,45.749999820340108,4.906275E-014));
#534=DIRECTION('',(1.0,0.0,0.0));
#535=DIRECTION('',(0.0,0.0,-1.0));
#536=AXIS2_PLACEMENT_3D('',#533,#534,#535);
#537=PLANE('',#536);
#538=CARTESIAN_POINT('',(99.249999619603017,47.249998360332100,-1.999999999999951));
#539=VERTEX_POINT('',#538);
#540=CARTESIAN_POINT('',(99.249999619603017,60.649998300276103,-1.999999999999940));
#541=VERTEX_POINT('',#540);
#542=CARTESIAN_POINT('',(99.249999619603017,47.249998360332100,-1.999999999999860));
#543=DIRECTION('',(0.0,1.0,0.0));
#544=VECTOR('',#543,13.399999939944003);
#545=LINE('',#542,#544);
#546=EDGE_CURVE('',#539,#541,#545,.T.);
#547=ORIENTED_EDGE('',*,*,#546,.F.);
#548=CARTESIAN_POINT('',(99.249999619603017,47.249998360332100,2.500000000000051));
#549=VERTEX_POINT('',#548);
#550=CARTESIAN_POINT('',(99.249999619603017,47.249998360332100,2.500000000000051));
#551=DIRECTION('',(0.0,0.0,-1.0));
#552=VECTOR('',#551,4.500000000000001);
#553=LINE('',#550,#552);
#554=EDGE_CURVE('',#549,#539,#553,.T.);
#555=ORIENTED_EDGE('',*,*,#554,.F.);
#556=CARTESIAN_POINT('',(99.249999619603017,46.249998360332107,2.500000000000051));
#557=VERTEX_POINT('',#556);
#558=CARTESIAN_POINT('',(99.249999619603017,47.249998360332100,2.500000000000051));
#559=DIRECTION('',(0.0,-1.0,0.0));
#560=VECTOR('',#559,1.0);
#561=LINE('',#558,#560);
#562=EDGE_CURVE('',#549,#557,#561,.T.);
#563=ORIENTED_EDGE('',*,*,#562,.T.);
#564=CARTESIAN_POINT('',(99.249999619603017,46.249998360332107,4.957623E-014));
#565=VERTEX_POINT('',#564);
#566=CARTESIAN_POINT('',(99.249999619603017,46.249998360332107,4.957623E-014));
#567=DIRECTION('',(0.0,0.0,1.0));
#568=VECTOR('',#567,2.500000000000001);
#569=LINE('',#566,#568);
#570=EDGE_CURVE('',#565,#557,#569,.T.);
#571=ORIENTED_EDGE('',*,*,#570,.F.);
#572=CARTESIAN_POINT('',(99.249999619603017,45.749999820340101,1.363540E-013));
#573=DIRECTION('',(0.0,1.0,0.0));
#574=VECTOR('',#573,0.499998539991999);
#575=LINE('',#572,#574);
#576=EDGE_CURVE('',#152,#565,#575,.T.);
#577=ORIENTED_EDGE('',*,*,#576,.F.);
#578=ORIENTED_EDGE('',*,*,#181,.T.);
#579=CARTESIAN_POINT('',(99.249999619603017,46.749999820340101,-26.500000000000004));
#580=VERTEX_POINT('',#579);
#581=CARTESIAN_POINT('',(99.249999619603017,46.749999820340101,-25.500000000000004));
#582=DIRECTION('',(1.0,0.0,0.0));
#583=DIRECTION('',(0.0,0.0,1.0));
#584=AXIS2_PLACEMENT_3D('',#581,#582,#583);
#585=CIRCLE('',#584,1.0);
#586=EDGE_CURVE('',#170,#580,#585,.T.);
#587=ORIENTED_EDGE('',*,*,#586,.T.);
#588=CARTESIAN_POINT('',(99.249999619603017,60.649998300276103,-26.500000000000004));
#589=VERTEX_POINT('',#588);
#590=CARTESIAN_POINT('',(99.249999619603017,46.749999820340101,-26.500000000000004));
#591=DIRECTION('',(0.0,1.0,0.0));
#592=VECTOR('',#591,13.899998479936002);
#593=LINE('',#590,#592);
#594=EDGE_CURVE('',#580,#589,#593,.T.);
#595=ORIENTED_EDGE('',*,*,#594,.T.);
#596=CARTESIAN_POINT('',(99.249999619603017,60.649998300276103,-1.999999999999940));
#597=DIRECTION('',(0.0,0.0,-1.0));
#598=VECTOR('',#597,24.500000000000064);
#599=LINE('',#596,#598);
#600=EDGE_CURVE('',#541,#589,#599,.T.);
#601=ORIENTED_EDGE('',*,*,#600,.F.);
#602=EDGE_LOOP('',(#547,#555,#563,#571,#577,#578,#587,#595,#601));
#603=FACE_OUTER_BOUND('',#602,.T.);
#604=CARTESIAN_POINT('',(99.249999619603017,50.750000080366604,-22.524999999999405));
#605=VERTEX_POINT('',#604);
#606=CARTESIAN_POINT('',(99.249999619603017,50.750000080366604,-19.999999999999400));
#607=DIRECTION('',(-1.0,0.0,0.0));
#608=DIRECTION('',(0.0,0.0,1.0));
#609=AXIS2_PLACEMENT_3D('',#606,#607,#608);
#610=CIRCLE('',#609,2.525000000000010);
#611=EDGE_CURVE('',#605,#605,#610,.T.);
#612=ORIENTED_EDGE('',*,*,#611,.T.);
#613=EDGE_LOOP('',(#612));
#614=FACE_BOUND('',#613,.T.);
#615=ADVANCED_FACE('',(#603,#614),#537,.T.);
#616=CARTESIAN_POINT('',(98.149999619602994,60.649998300276103,6.438157E-014));
#617=DIRECTION('',(0.0,0.0,-1.0));
#618=DIRECTION('',(0.0,-1.0,0.0));
#619=AXIS2_PLACEMENT_3D('',#616,#617,#618);
#620=CYLINDRICAL_SURFACE('',#619,0.100000000000000);
#621=ORIENTED_EDGE('',*,*,#199,.F.);
#622=CARTESIAN_POINT('',(98.149999619602994,60.649998300276103,-1.999999999999940));
#623=DIRECTION('',(0.0,0.0,-1.0));
#624=DIRECTION('',(0.0,-1.0,0.0));
#625=AXIS2_PLACEMENT_3D('',#622,#623,#624);
#626=CIRCLE('',#625,0.100000000000000);
#627=EDGE_CURVE('',#293,#192,#626,.T.);
#628=ORIENTED_EDGE('',*,*,#627,.F.);
#629=ORIENTED_EDGE('',*,*,#298,.T.);
#630=CARTESIAN_POINT('',(98.149999619602994,60.649998300276103,-26.500000000000004));
#631=DIRECTION('',(0.0,0.0,-1.0));
#632=DIRECTION('',(0.0,-1.0,0.0));
#633=AXIS2_PLACEMENT_3D('',#630,#631,#632);
#634=CIRCLE('',#633,0.100000000000000);
#635=EDGE_CURVE('',#285,#194,#634,.T.);
#636=ORIENTED_EDGE('',*,*,#635,.T.);
#637=EDGE_LOOP('',(#621,#628,#629,#636));
#638=FACE_OUTER_BOUND('',#637,.T.);
#639=ADVANCED_FACE('',(#638),#620,.F.);
#640=CARTESIAN_POINT('',(98.149999619602994,60.649998300276103,6.438157E-014));
#641=DIRECTION('',(0.0,0.0,-1.0));
#642=DIRECTION('',(0.0,-1.0,0.0));
#643=AXIS2_PLACEMENT_3D('',#640,#641,#642);
#644=CYLINDRICAL_SURFACE('',#643,1.100000000000000);
#645=ORIENTED_EDGE('',*,*,#506,.F.);
#646=CARTESIAN_POINT('',(98.149999619602994,60.649998300276103,-1.999999999999940));
#647=DIRECTION('',(0.0,0.0,-1.0));
#648=DIRECTION('',(0.0,-1.0,0.0));
#649=AXIS2_PLACEMENT_3D('',#646,#647,#648);
#650=CIRCLE('',#649,1.100000000000000);
#651=EDGE_CURVE('',#499,#541,#650,.T.);
#652=ORIENTED_EDGE('',*,*,#651,.T.);
#653=ORIENTED_EDGE('',*,*,#600,.T.);
#654=CARTESIAN_POINT('',(98.149999619602994,60.649998300276103,-26.500000000000004));
#655=DIRECTION('',(0.0,0.0,-1.0));
#656=DIRECTION('',(0.0,-1.0,0.0));
#657=AXIS2_PLACEMENT_3D('',#654,#655,#656);
#658=CIRCLE('',#657,1.100000000000000);
#659=EDGE_CURVE('',#501,#589,#658,.T.);
#660=ORIENTED_EDGE('',*,*,#659,.F.);
#661=EDGE_LOOP('',(#645,#652,#653,#660));
#662=FACE_OUTER_BOUND('',#661,.T.);
#663=ADVANCED_FACE('',(#662),#644,.T.);
#664=CARTESIAN_POINT('',(83.850000061511196,61.849998300275999,6.583718E-014));
#665=DIRECTION('',(0.0,0.0,-1.0));
#666=DIRECTION('',(0.0,-1.0,0.0));
#667=AXIS2_PLACEMENT_3D('',#664,#665,#666);
#668=CYLINDRICAL_SURFACE('',#667,0.100000000000000);
#669=ORIENTED_EDGE('',*,*,#434,.F.);
#670=CARTESIAN_POINT('',(83.850000061511196,61.849998300275999,-1.999999999999930));
#671=DIRECTION('',(0.0,0.0,-1.0));
#672=DIRECTION('',(0.0,-1.0,0.0));
#673=AXIS2_PLACEMENT_3D('',#670,#671,#672);
#674=CIRCLE('',#673,0.100000000000000);
#675=EDGE_CURVE('',#517,#427,#674,.T.);
#676=ORIENTED_EDGE('',*,*,#675,.F.);
#677=ORIENTED_EDGE('',*,*,#522,.T.);
#678=CARTESIAN_POINT('',(83.850000061511196,61.849998300276106,-26.500000000000004));
#679=DIRECTION('',(0.0,0.0,-1.0));
#680=DIRECTION('',(0.0,-1.0,0.0));
#681=AXIS2_PLACEMENT_3D('',#678,#679,#680);
#682=CIRCLE('',#681,0.100000000000000);
#683=EDGE_CURVE('',#509,#429,#682,.T.);
#684=ORIENTED_EDGE('',*,*,#683,.T.);
#685=EDGE_LOOP('',(#669,#676,#677,#684));
#686=FACE_OUTER_BOUND('',#685,.T.);
#687=ADVANCED_FACE('',(#686),#668,.F.);
#688=CARTESIAN_POINT('',(83.850000061511196,61.849998300275999,6.583718E-014));
#689=DIRECTION('',(0.0,0.0,-1.0));
#690=DIRECTION('',(0.0,-1.0,0.0));
#691=AXIS2_PLACEMENT_3D('',#688,#689,#690);
#692=CYLINDRICAL_SURFACE('',#691,1.100000000000000);
#693=ORIENTED_EDGE('',*,*,#282,.F.);
#694=CARTESIAN_POINT('',(83.850000061511196,61.849998300275999,-1.999999999999930));
#695=DIRECTION('',(0.0,0.0,-1.0));
#696=DIRECTION('',(0.0,-1.0,0.0));
#697=AXIS2_PLACEMENT_3D('',#694,#695,#696);
#698=CIRCLE('',#697,1.100000000000000);
#699=EDGE_CURVE('',#275,#366,#698,.T.);
#700=ORIENTED_EDGE('',*,*,#699,.T.);
#701=ORIENTED_EDGE('',*,*,#371,.T.);
#702=CARTESIAN_POINT('',(83.850000061511196,61.849998300276106,-26.500000000000004));
#703=DIRECTION('',(0.0,0.0,-1.0));
#704=DIRECTION('',(0.0,-1.0,0.0));
#705=AXIS2_PLACEMENT_3D('',#702,#703,#704);
#706=CIRCLE('',#705,1.100000000000000);
#707=EDGE_CURVE('',#277,#358,#706,.T.);
#708=ORIENTED_EDGE('',*,*,#707,.F.);
#709=EDGE_LOOP('',(#693,#700,#701,#708));
#710=FACE_OUTER_BOUND('',#709,.T.);
#711=ADVANCED_FACE('',(#710),#692,.T.);
#712=CARTESIAN_POINT('',(99.849999619602997,50.750000080366604,-19.999999999999400));
#713=DIRECTION('',(-1.0,0.0,0.0));
#714=DIRECTION('',(0.0,0.0,1.0));
#715=AXIS2_PLACEMENT_3D('',#712,#713,#714);
#716=TOROIDAL_SURFACE('',#715,2.525000000000010,0.600000000000000);
#717=CARTESIAN_POINT('',(99.849999619602997,50.750000080366604,-21.924999999999400));
#718=VERTEX_POINT('',#717);
#719=CARTESIAN_POINT('',(99.849999619602997,50.750000080366604,-19.999999999999400));
#720=DIRECTION('',(-1.0,0.0,0.0));
#721=DIRECTION('',(0.0,0.0,1.0));
#722=AXIS2_PLACEMENT_3D('',#719,#720,#721);
#723=CIRCLE('',#722,1.925000000000000);
#724=EDGE_CURVE('',#718,#718,#723,.T.);
#725=ORIENTED_EDGE('',*,*,#724,.T.);
#726=EDGE_LOOP('',(#725));
#727=FACE_OUTER_BOUND('',#726,.T.);
#728=ORIENTED_EDGE('',*,*,#611,.F.);
#729=EDGE_LOOP('',(#728));
#730=FACE_BOUND('',#729,.T.);
#731=ADVANCED_FACE('',(#727,#730),#716,.F.);
#732=CARTESIAN_POINT('',(99.999999619603003,50.750000080366604,-19.999999999999400));
#733=DIRECTION('',(-1.0,0.0,0.0));
#734=DIRECTION('',(0.0,0.0,1.0));
#735=AXIS2_PLACEMENT_3D('',#732,#733,#734);
#736=CYLINDRICAL_SURFACE('',#735,1.925000000000000);
#737=CARTESIAN_POINT('',(100.149999619602990,50.750000080366604,-21.924999999999400));
#738=VERTEX_POINT('',#737);
#739=CARTESIAN_POINT('',(100.149999619602990,50.750000080366604,-19.999999999999400));
#740=DIRECTION('',(-1.0,0.0,0.0));
#741=DIRECTION('',(0.0,0.0,1.0));
#742=AXIS2_PLACEMENT_3D('',#739,#740,#741);
#743=CIRCLE('',#742,1.925000000000000);
#744=EDGE_CURVE('',#738,#738,#743,.T.);
#745=ORIENTED_EDGE('',*,*,#744,.T.);
#746=EDGE_LOOP('',(#745));
#747=FACE_OUTER_BOUND('',#746,.T.);
#748=ORIENTED_EDGE('',*,*,#724,.F.);
#749=EDGE_LOOP('',(#748));
#750=FACE_BOUND('',#749,.T.);
#751=ADVANCED_FACE('',(#747,#750),#736,.T.);
#752=CARTESIAN_POINT('',(100.149999619602990,50.750000080366604,-18.374999999999400));
#753=DIRECTION('',(-1.0,0.0,0.0));
#754=DIRECTION('',(0.0,0.0,1.0));
#755=AXIS2_PLACEMENT_3D('',#752,#753,#754);
#756=PLANE('',#755);
#757=ORIENTED_EDGE('',*,*,#744,.F.);
#758=EDGE_LOOP('',(#757));
#759=FACE_OUTER_BOUND('',#758,.T.);
#760=CARTESIAN_POINT('',(100.149999619602990,50.750000080366604,-21.324999999999399));
#761=VERTEX_POINT('',#760);
#762=CARTESIAN_POINT('',(100.149999619602990,50.750000080366604,-19.999999999999400));
#763=DIRECTION('',(-1.0,0.0,0.0));
#764=DIRECTION('',(0.0,0.0,1.0));
#765=AXIS2_PLACEMENT_3D('',#762,#763,#764);
#766=CIRCLE('',#765,1.325000000000000);
#767=EDGE_CURVE('',#761,#761,#766,.T.);
#768=ORIENTED_EDGE('',*,*,#767,.T.);
#769=EDGE_LOOP('',(#768));
#770=FACE_BOUND('',#769,.T.);
#771=ADVANCED_FACE('',(#759,#770),#756,.F.);
#772=CARTESIAN_POINT('',(99.499999619603017,50.750000080366604,-19.999999999999400));
#773=DIRECTION('',(-1.0,0.0,0.0));
#774=DIRECTION('',(0.0,0.0,1.0));
#775=AXIS2_PLACEMENT_3D('',#772,#773,#774);
#776=CYLINDRICAL_SURFACE('',#775,1.325000000000000);
#777=CARTESIAN_POINT('',(98.849999619603011,50.750000080366604,-21.324999999999399));
#778=VERTEX_POINT('',#777);
#779=CARTESIAN_POINT('',(98.849999619603011,50.750000080366604,-19.999999999999400));
#780=DIRECTION('',(-1.0,0.0,0.0));
#781=DIRECTION('',(0.0,0.0,1.0));
#782=AXIS2_PLACEMENT_3D('',#779,#780,#781);
#783=CIRCLE('',#782,1.325000000000000);
#784=EDGE_CURVE('',#778,#778,#783,.T.);
#785=ORIENTED_EDGE('',*,*,#784,.T.);
#786=EDGE_LOOP('',(#785));
#787=FACE_OUTER_BOUND('',#786,.T.);
#788=ORIENTED_EDGE('',*,*,#767,.F.);
#789=EDGE_LOOP('',(#788));
#790=FACE_BOUND('',#789,.T.);
#791=ADVANCED_FACE('',(#787,#790),#776,.F.);
#792=CARTESIAN_POINT('',(98.849999619603011,50.750000080366604,-19.999999999999400));
#793=DIRECTION('',(-1.0,0.0,0.0));
#794=DIRECTION('',(0.0,0.0,1.0));
#795=AXIS2_PLACEMENT_3D('',#792,#793,#794);
#796=TOROIDAL_SURFACE('',#795,1.925000000000010,0.600000000000000);
#797=ORIENTED_EDGE('',*,*,#264,.T.);
#798=EDGE_LOOP('',(#797));
#799=FACE_OUTER_BOUND('',#798,.T.);
#800=ORIENTED_EDGE('',*,*,#784,.F.);
#801=EDGE_LOOP('',(#800));
#802=FACE_BOUND('',#801,.T.);
#803=ADVANCED_FACE('',(#799,#802),#796,.T.);
#804=CARTESIAN_POINT('',(96.999999039611993,61.999998340271105,6.578592E-014));
#805=DIRECTION('',(0.0,1.0,0.0));
#806=DIRECTION('',(0.0,0.0,1.0));
#807=AXIS2_PLACEMENT_3D('',#804,#805,#806);
#808=PLANE('',#807);
#809=ORIENTED_EDGE('',*,*,#482,.T.);
#810=CARTESIAN_POINT('',(82.749999944280120,61.999998340271105,6.730033E-014));
#811=DIRECTION('',(1.0,0.0,0.0));
#812=VECTOR('',#811,1.000000000000284);
#813=LINE('',#810,#812);
#814=EDGE_CURVE('',#317,#469,#813,.T.);
#815=ORIENTED_EDGE('',*,*,#814,.F.);
#816=ORIENTED_EDGE('',*,*,#385,.T.);
#817=CARTESIAN_POINT('',(82.749999944280120,61.999998340271105,-1.999999999999930));
#818=DIRECTION('',(1.0,0.0,0.0));
#819=VECTOR('',#818,1.000000000000284);
#820=LINE('',#817,#819);
#821=EDGE_CURVE('',#374,#477,#820,.T.);
#822=ORIENTED_EDGE('',*,*,#821,.T.);
#823=EDGE_LOOP('',(#809,#815,#816,#822));
#824=FACE_OUTER_BOUND('',#823,.T.);
#825=ADVANCED_FACE('',(#824),#808,.F.);
#826=CARTESIAN_POINT('',(99.249999619603017,46.249998360332107,4.978460E-014));
#827=DIRECTION('',(0.0,-1.0,0.0));
#828=DIRECTION('',(0.0,0.0,-1.0));
#829=AXIS2_PLACEMENT_3D('',#826,#827,#828);
#830=PLANE('',#829);
#831=CARTESIAN_POINT('',(99.249999619603017,46.249998360332107,5.112577E-014));
#832=DIRECTION('',(-1.0,0.0,0.0));
#833=VECTOR('',#832,1.0);
#834=LINE('',#831,#833);
#835=EDGE_CURVE('',#565,#218,#834,.T.);
#836=ORIENTED_EDGE('',*,*,#835,.F.);
#837=ORIENTED_EDGE('',*,*,#570,.T.);
#838=CARTESIAN_POINT('',(99.249999619603017,46.249998360332107,2.500000000000051));
#839=DIRECTION('',(-1.0,0.0,0.0));
#840=VECTOR('',#839,1.0);
#841=LINE('',#838,#840);
#842=EDGE_CURVE('',#557,#226,#841,.T.);
#843=ORIENTED_EDGE('',*,*,#842,.T.);
#844=ORIENTED_EDGE('',*,*,#231,.F.);
#845=EDGE_LOOP('',(#836,#837,#843,#844));
#846=FACE_OUTER_BOUND('',#845,.T.);
#847=ADVANCED_FACE('',(#846),#830,.T.);
#848=CARTESIAN_POINT('',(81.009979816293111,63.249996198840996,-1.999999999999930));
#849=DIRECTION('',(0.000000781538196,-0.999999999999695,-7.919989E-032));
#850=DIRECTION('',(0.0,0.0,-1.0));
#851=AXIS2_PLACEMENT_3D('',#848,#849,#850);
#852=PLANE('',#851);
#853=ORIENTED_EDGE('',*,*,#466,.T.);
#854=CARTESIAN_POINT('',(82.749998967358010,63.249997558732431,-1.999999999999930));
#855=DIRECTION('',(0.999999999999695,0.000000781538198,0.0));
#856=VECTOR('',#855,1.000000000000007);
#857=LINE('',#854,#856);
#858=EDGE_CURVE('',#325,#453,#857,.T.);
#859=ORIENTED_EDGE('',*,*,#858,.F.);
#860=ORIENTED_EDGE('',*,*,#330,.T.);
#861=CARTESIAN_POINT('',(83.749998967357712,63.249998340270857,6.727648E-014));
#862=DIRECTION('',(-0.999999999999695,-0.000000781538205,1.561171E-017));
#863=VECTOR('',#862,1.000000000000007);
#864=LINE('',#861,#863);
#865=EDGE_CURVE('',#461,#315,#864,.T.);
#866=ORIENTED_EDGE('',*,*,#865,.F.);
#867=EDGE_LOOP('',(#853,#859,#860,#866));
#868=FACE_OUTER_BOUND('',#867,.T.);
#869=ADVANCED_FACE('',(#868),#852,.F.);
#870=CARTESIAN_POINT('',(81.009977399295096,66.342612800392203,-1.999999999999930));
#871=DIRECTION('',(0.0,0.0,-1.0));
#872=DIRECTION('',(-1.0,0.0,0.0));
#873=AXIS2_PLACEMENT_3D('',#870,#871,#872);
#874=PLANE('',#873);
#875=ORIENTED_EDGE('',*,*,#458,.T.);
#876=ORIENTED_EDGE('',*,*,#401,.T.);
#877=ORIENTED_EDGE('',*,*,#338,.T.);
#878=ORIENTED_EDGE('',*,*,#858,.T.);
#879=EDGE_LOOP('',(#875,#876,#877,#878));
#880=FACE_OUTER_BOUND('',#879,.T.);
#881=ADVANCED_FACE('',(#880),#874,.F.);
#882=CARTESIAN_POINT('',(98.249999619603017,47.249998360332100,4.978460E-014));
#883=DIRECTION('',(0.0,1.0,0.0));
#884=DIRECTION('',(0.0,0.0,1.0));
#885=AXIS2_PLACEMENT_3D('',#882,#883,#884);
#886=PLANE('',#885);
#887=ORIENTED_EDGE('',*,*,#247,.T.);
#888=CARTESIAN_POINT('',(98.249999619603017,47.249998360332100,2.500000000000051));
#889=DIRECTION('',(1.0,0.0,0.0));
#890=VECTOR('',#889,1.0);
#891=LINE('',#888,#890);
#892=EDGE_CURVE('',#234,#549,#891,.T.);
#893=ORIENTED_EDGE('',*,*,#892,.T.);
#894=ORIENTED_EDGE('',*,*,#554,.T.);
#895=CARTESIAN_POINT('',(99.249999619603017,47.249998360332100,-1.999999999999951));
#896=DIRECTION('',(-1.0,0.0,0.0));
#897=VECTOR('',#896,1.0);
#898=LINE('',#895,#897);
#899=EDGE_CURVE('',#539,#242,#898,.T.);
#900=ORIENTED_EDGE('',*,*,#899,.T.);
#901=EDGE_LOOP('',(#887,#893,#894,#900));
#902=FACE_OUTER_BOUND('',#901,.T.);
#903=ADVANCED_FACE('',(#902),#886,.T.);
#904=CARTESIAN_POINT('',(98.729196797290214,46.444983407398894,2.500000000000051));
#905=DIRECTION('',(0.0,0.0,1.0));
#906=DIRECTION('',(1.0,0.0,0.0));
#907=AXIS2_PLACEMENT_3D('',#904,#905,#906);
#908=PLANE('',#907);
#909=ORIENTED_EDGE('',*,*,#842,.F.);
#910=ORIENTED_EDGE('',*,*,#562,.F.);
#911=ORIENTED_EDGE('',*,*,#892,.F.);
#912=ORIENTED_EDGE('',*,*,#239,.F.);
#913=EDGE_LOOP('',(#909,#910,#911,#912));
#914=FACE_OUTER_BOUND('',#913,.T.);
#915=ADVANCED_FACE('',(#914),#908,.T.);
#916=CARTESIAN_POINT('',(127.557300866892010,50.750000099796999,-26.500000000000004));
#917=DIRECTION('',(0.0,0.0,-1.0));
#918=DIRECTION('',(-1.0,0.0,0.0));
#919=AXIS2_PLACEMENT_3D('',#916,#917,#918);
#920=PLANE('',#919);
#921=CARTESIAN_POINT('',(98.249999619603017,46.749999820340101,-26.500000000000004));
#922=DIRECTION('',(1.0,0.0,0.0));
#923=VECTOR('',#922,1.0);
#924=LINE('',#921,#923);
#925=EDGE_CURVE('',#202,#580,#924,.T.);
#926=ORIENTED_EDGE('',*,*,#925,.F.);
#927=ORIENTED_EDGE('',*,*,#207,.F.);
#928=ORIENTED_EDGE('',*,*,#635,.F.);
#929=ORIENTED_EDGE('',*,*,#290,.F.);
#930=ORIENTED_EDGE('',*,*,#707,.T.);
#931=ORIENTED_EDGE('',*,*,#363,.F.);
#932=CARTESIAN_POINT('',(83.749998381203199,63.999999420263400,-26.500000000000004));
#933=DIRECTION('',(-0.999999999999695,-0.000000781538198,0.0));
#934=VECTOR('',#933,1.000000000000007);
#935=LINE('',#932,#934);
#936=EDGE_CURVE('',#437,#349,#935,.T.);
#937=ORIENTED_EDGE('',*,*,#936,.F.);
#938=ORIENTED_EDGE('',*,*,#442,.F.);
#939=ORIENTED_EDGE('',*,*,#683,.F.);
#940=ORIENTED_EDGE('',*,*,#514,.F.);
#941=ORIENTED_EDGE('',*,*,#659,.T.);
#942=ORIENTED_EDGE('',*,*,#594,.F.);
#943=EDGE_LOOP('',(#926,#927,#928,#929,#930,#931,#937,#938,#939,#940,#941,#942));
#944=FACE_OUTER_BOUND('',#943,.T.);
#945=ADVANCED_FACE('',(#944),#920,.T.);
#946=CARTESIAN_POINT('',(1.378236E-015,63.999933966441205,-25.500000000000004));
#947=DIRECTION('',(-0.999999999999695,-0.000000781538191,-8.512184E-024));
#948=DIRECTION('',(0.000000781538191,-0.999999999999695,-1.026956E-015));
#949=AXIS2_PLACEMENT_3D('',#946,#947,#948);
#950=CYLINDRICAL_SURFACE('',#949,1.0);
#951=ORIENTED_EDGE('',*,*,#936,.T.);
#952=ORIENTED_EDGE('',*,*,#355,.F.);
#953=ORIENTED_EDGE('',*,*,#415,.F.);
#954=ORIENTED_EDGE('',*,*,#449,.T.);
#955=EDGE_LOOP('',(#951,#952,#953,#954));
#956=FACE_OUTER_BOUND('',#955,.T.);
#957=ADVANCED_FACE('',(#956),#950,.T.);
#958=CARTESIAN_POINT('',(8.994541E-016,46.749999820340101,-25.500000000000004));
#959=DIRECTION('',(1.0,0.0,0.0));
#960=DIRECTION('',(0.0,0.0,1.0));
#961=AXIS2_PLACEMENT_3D('',#958,#959,#960);
#962=CYLINDRICAL_SURFACE('',#961,1.0);
#963=ORIENTED_EDGE('',*,*,#925,.T.);
#964=ORIENTED_EDGE('',*,*,#586,.F.);
#965=ORIENTED_EDGE('',*,*,#175,.F.);
#966=ORIENTED_EDGE('',*,*,#214,.T.);
#967=EDGE_LOOP('',(#963,#964,#965,#966));
#968=FACE_OUTER_BOUND('',#967,.T.);
#969=ADVANCED_FACE('',(#968),#962,.T.);
#970=CARTESIAN_POINT('',(3.629042E-015,130.750000000000000,1.379036E-013));
#971=DIRECTION('',(0.0,0.0,-1.0));
#972=DIRECTION('',(-1.0,0.0,0.0));
#973=AXIS2_PLACEMENT_3D('',#970,#971,#972);
#974=PLANE('',#973);
#975=ORIENTED_EDGE('',*,*,#835,.T.);
#976=ORIENTED_EDGE('',*,*,#223,.F.);
#977=ORIENTED_EDGE('',*,*,#159,.F.);
#978=ORIENTED_EDGE('',*,*,#576,.T.);
#979=EDGE_LOOP('',(#975,#976,#977,#978));
#980=FACE_OUTER_BOUND('',#979,.T.);
#981=ADVANCED_FACE('',(#980),#974,.F.);
#982=CARTESIAN_POINT('',(3.629042E-015,130.750000000000000,1.379036E-013));
#983=DIRECTION('',(0.0,0.0,-1.0));
#984=DIRECTION('',(-1.0,0.0,0.0));
#985=AXIS2_PLACEMENT_3D('',#982,#983,#984);
#986=PLANE('',#985);
#987=ORIENTED_EDGE('',*,*,#322,.T.);
#988=ORIENTED_EDGE('',*,*,#814,.T.);
#989=ORIENTED_EDGE('',*,*,#474,.T.);
#990=ORIENTED_EDGE('',*,*,#865,.T.);
#991=EDGE_LOOP('',(#987,#988,#989,#990));
#992=FACE_OUTER_BOUND('',#991,.T.);
#993=ADVANCED_FACE('',(#992),#986,.F.);
#994=CARTESIAN_POINT('',(3.597816E-015,130.750000000000000,-1.999999999999860));
#995=DIRECTION('',(0.0,0.0,-1.0));
#996=DIRECTION('',(-1.0,0.0,0.0));
#997=AXIS2_PLACEMENT_3D('',#994,#995,#996);
#998=PLANE('',#997);
#999=ORIENTED_EDGE('',*,*,#528,.T.);
#1000=ORIENTED_EDGE('',*,*,#675,.T.);
#1001=ORIENTED_EDGE('',*,*,#488,.T.);
#1002=ORIENTED_EDGE('',*,*,#821,.F.);
#1003=ORIENTED_EDGE('',*,*,#379,.T.);
#1004=ORIENTED_EDGE('',*,*,#699,.F.);
#1005=ORIENTED_EDGE('',*,*,#304,.T.);
#1006=ORIENTED_EDGE('',*,*,#627,.T.);
#1007=ORIENTED_EDGE('',*,*,#253,.T.);
#1008=ORIENTED_EDGE('',*,*,#899,.F.);
#1009=ORIENTED_EDGE('',*,*,#546,.T.);
#1010=ORIENTED_EDGE('',*,*,#651,.F.);
#1011=EDGE_LOOP('',(#999,#1000,#1001,#1002,#1003,#1004,#1005,#1006,#1007,#1008,#1009,#1010));
#1012=FACE_OUTER_BOUND('',#1011,.T.);
#1013=ADVANCED_FACE('',(#1012),#998,.F.);
#1014=CLOSED_SHELL('',(#185,#268,#308,#389,#420,#492,#532,#615,#639,#663,#687,#711,#731,#751,#771,#791,#803,#825,#847,#869,#881,#903,#915,#945,#957,#969,#981,#993,#1013));
#1015=MANIFOLD_SOLID_BREP('p2',#1014);
#1016=COLOUR_RGB('',1.0,1.0,1.0);
#1017=DRAUGHTING_PRE_DEFINED_CURVE_FONT('continuous');
#1018=CURVE_STYLE('',#1017,POSITIVE_LENGTH_MEASURE(0.100000000000000),#1016);
#1019=FILL_AREA_STYLE_COLOUR('',#1016);
#1020=FILL_AREA_STYLE('',(#1019));
#1021=SURFACE_STYLE_FILL_AREA(#1020);
#1022=SURFACE_SIDE_STYLE('',(#1021));
#1023=SURFACE_STYLE_USAGE(.BOTH.,#1022);
#1024=PRESENTATION_STYLE_ASSIGNMENT((#1018,#1023));
#1025=STYLED_ITEM('',(#1024,#1033),#1015);
#1026=MECHANICAL_DESIGN_GEOMETRIC_PRESENTATION_REPRESENTATION('',(#1025,#4500,#5406,#6312,#14871),#145);
#1027=DRAUGHTING_PRE_DEFINED_COLOUR('white');
#1028=FILL_AREA_STYLE_COLOUR('\X2\FFFDFFFD\X0\',#1027);
#1029=FILL_AREA_STYLE('\X2\FFFDFFFD\X0\',(#1028));
#1030=SURFACE_STYLE_FILL_AREA(#1029);
#1031=SURFACE_SIDE_STYLE('\X2\FFFDFFFD\X0\',(#1030));
#1032=SURFACE_STYLE_USAGE(.BOTH.,#1031);
#1033=PRESENTATION_STYLE_ASSIGNMENT((#1032));
#1034=ADVANCED_BREP_SHAPE_REPRESENTATION('ABSR',(#1015),#114);
#1035=SHAPE_REPRESENTATION_RELATIONSHIP('SRR','None',#1034,#119);
#1036=AXIS2_PLACEMENT_3D('',#1037,#1038,#1039);
#1037=CARTESIAN_POINT('',(0.0,0.0,0.0));
#1038=DIRECTION('',(0.0,0.0,1.0));
#1039=DIRECTION('',(1.0,0.0,0.0));
#1040=NEXT_ASSEMBLY_USAGE_OCCURRENCE('p2:1','p2:1','p2:1',#51,#90,'p2:1');
#1041=PRODUCT_DEFINITION_SHAPE('p2:1','p2:1',#1040);
#1042=ITEM_DEFINED_TRANSFORMATION('p2:1','p2:1',#115,#1036);
#1046=(REPRESENTATION_RELATIONSHIP('p2:1','p2:1',#119,#80)REPRESENTATION_RELATIONSHIP_WITH_TRANSFORMATION(#1042)SHAPE_REPRESENTATION_RELATIONSHIP());
#1047=CONTEXT_DEPENDENT_SHAPE_REPRESENTATION(#1046,#1041);
#1048=APPLICATION_CONTEXT('automotive design');
#1049=APPLICATION_PROTOCOL_DEFINITION('International Standard','automotive_design',2001,#1048);
#1050=PRODUCT_CONTEXT('',#1048,'mechanical');
#1051=PRODUCT('JS1120R.1','JS1120R.1',$,(#1050));
#1052=PRODUCT_RELATED_PRODUCT_CATEGORY('part',$,(#1051));
#1053=PRODUCT_DEFINITION_FORMATION('',$,#1051);
#1054=PRODUCT_DEFINITION_CONTEXT('part definition',#1048,'design');
#1055=PRODUCT_DEFINITION('',$,#1053,#1054);
#1061=(NAMED_UNIT(*)PLANE_ANGLE_UNIT()SI_UNIT($,.RADIAN.));
#1062=DIMENSIONAL_EXPONENTS(0.0,0.0,0.0,0.0,0.0,0.0,0.0);
#1063=PLANE_ANGLE_MEASURE_WITH_UNIT(PLANE_ANGLE_MEASURE(0.017453292500000),#1061);
#1067=(CONVERSION_BASED_UNIT('DEGREE',#1063)NAMED_UNIT(#1062)PLANE_ANGLE_UNIT());
#1071=(NAMED_UNIT(*)SI_UNIT($,.STERADIAN.)SOLID_ANGLE_UNIT());
#1075=(LENGTH_UNIT()NAMED_UNIT(*)SI_UNIT(.MILLI.,.METRE.));
#1077=UNCERTAINTY_MEASURE_WITH_UNIT(LENGTH_MEASURE(0.010000000000000),#1075,'DISTANCE_ACCURACY_VALUE','');
#1079=(GEOMETRIC_REPRESENTATION_CONTEXT(3)GLOBAL_UNCERTAINTY_ASSIGNED_CONTEXT((#1077))GLOBAL_UNIT_ASSIGNED_CONTEXT((#1067,#1071,#1075))REPRESENTATION_CONTEXT('None','None'));
#1080=AXIS2_PLACEMENT_3D('',#1081,#1082,#1083);
#1081=CARTESIAN_POINT('',(0.0,0.0,0.0));
#1082=DIRECTION('',(0.0,0.0,1.0));
#1083=DIRECTION('',(1.0,0.0,0.0));
#1084=SHAPE_REPRESENTATION('',(#1080,#1416,#2032,#2044,#2056,#2068,#2080),#1079);
#1085=PRODUCT_DEFINITION_SHAPE('','',#1055);
#1086=SHAPE_DEFINITION_REPRESENTATION(#1085,#1084);
#1087=APPLICATION_CONTEXT('automotive design');
#1088=APPLICATION_PROTOCOL_DEFINITION('International Standard','automotive_design',2001,#1087);
#1089=PRODUCT_CONTEXT('',#1087,'mechanical');
#1090=PRODUCT('8.1','8.1',$,(#1089));
#1091=PRODUCT_RELATED_PRODUCT_CATEGORY('part',$,(#1090));
#1092=PRODUCT_DEFINITION_FORMATION('',$,#1090);
#1093=PRODUCT_DEFINITION_CONTEXT('part definition',#1087,'design');
#1094=PRODUCT_DEFINITION('',$,#1092,#1093);
#1100=(NAMED_UNIT(*)PLANE_ANGLE_UNIT()SI_UNIT($,.RADIAN.));
#1101=DIMENSIONAL_EXPONENTS(0.0,0.0,0.0,0.0,0.0,0.0,0.0);
#1102=PLANE_ANGLE_MEASURE_WITH_UNIT(PLANE_ANGLE_MEASURE(0.017453292500000),#1100);
#1106=(CONVERSION_BASED_UNIT('DEGREE',#1102)NAMED_UNIT(#1101)PLANE_ANGLE_UNIT());
#1110=(NAMED_UNIT(*)SI_UNIT($,.STERADIAN.)SOLID_ANGLE_UNIT());
#1114=(LENGTH_UNIT()NAMED_UNIT(*)SI_UNIT(.MILLI.,.METRE.));
#1116=UNCERTAINTY_MEASURE_WITH_UNIT(LENGTH_MEASURE(0.010000000000000),#1114,'DISTANCE_ACCURACY_VALUE','');
#1118=(GEOMETRIC_REPRESENTATION_CONTEXT(3)GLOBAL_UNCERTAINTY_ASSIGNED_CONTEXT((#1116))GLOBAL_UNIT_ASSIGNED_CONTEXT((#1106,#1110,#1114))REPRESENTATION_CONTEXT('None','None'));
#1119=AXIS2_PLACEMENT_3D('',#1120,#1121,#1122);
#1120=CARTESIAN_POINT('',(0.0,0.0,0.0));
#1121=DIRECTION('',(0.0,0.0,1.0));
#1122=DIRECTION('',(1.0,0.0,0.0));
#1123=SHAPE_REPRESENTATION('',(#1119),#1118);
#1124=PRODUCT_DEFINITION_SHAPE('','',#1094);
#1125=SHAPE_DEFINITION_REPRESENTATION(#1124,#1123);
#1131=(NAMED_UNIT(*)PLANE_ANGLE_UNIT()SI_UNIT($,.RADIAN.));
#1132=DIMENSIONAL_EXPONENTS(0.0,0.0,0.0,0.0,0.0,0.0,0.0);
#1133=PLANE_ANGLE_MEASURE_WITH_UNIT(PLANE_ANGLE_MEASURE(0.017453292500000),#1131);
#1137=(CONVERSION_BASED_UNIT('DEGREE',#1133)NAMED_UNIT(#1132)PLANE_ANGLE_UNIT());
#1141=(NAMED_UNIT(*)SI_UNIT($,.STERADIAN.)SOLID_ANGLE_UNIT());
#1145=(LENGTH_UNIT()NAMED_UNIT(*)SI_UNIT(.MILLI.,.METRE.));
#1147=UNCERTAINTY_MEASURE_WITH_UNIT(LENGTH_MEASURE(0.000001000000000),#1145,'DISTANCE_ACCURACY_VALUE','');
#1149=(GEOMETRIC_REPRESENTATION_CONTEXT(3)GLOBAL_UNCERTAINTY_ASSIGNED_CONTEXT((#1147))GLOBAL_UNIT_ASSIGNED_CONTEXT((#1137,#1141,#1145))REPRESENTATION_CONTEXT('','3D'));
#1150=CARTESIAN_POINT('',(70.586117999999999,59.665410000000001,-34.359999999999999));
#1151=DIRECTION('',(0.0,0.0,-1.0));
#1152=DIRECTION('',(-1.0,0.0,0.0));
#1153=AXIS2_PLACEMENT_3D('',#1150,#1151,#1152);
#1154=PLANE('',#1153);
#1155=CARTESIAN_POINT('',(70.586117999999999,52.848466423745705,-34.359999999999999));
#1156=VERTEX_POINT('',#1155);
#1157=CARTESIAN_POINT('',(70.586117999999999,66.965410000000006,-34.359999999999999));
#1158=VERTEX_POINT('',#1157);
#1159=CARTESIAN_POINT('',(70.586117999999999,52.848466423745705,-34.359999999999999));
#1160=DIRECTION('',(0.0,1.0,0.0));
#1161=VECTOR('',#1160,14.116943576254300);
#1162=LINE('',#1159,#1161);
#1163=EDGE_CURVE('',#1156,#1158,#1162,.T.);
#1164=ORIENTED_EDGE('',*,*,#1163,.T.);
#1165=CARTESIAN_POINT('',(71.726118000000000,66.965410000000006,-34.359999999999999));
#1166=VERTEX_POINT('',#1165);
#1167=CARTESIAN_POINT('',(70.586117999999999,66.965410000000006,-34.359999999999999));
#1168=DIRECTION('',(1.0,0.0,0.0));
#1169=VECTOR('',#1168,1.140000000000001);
#1170=LINE('',#1167,#1169);
#1171=EDGE_CURVE('',#1158,#1166,#1170,.T.);
#1172=ORIENTED_EDGE('',*,*,#1171,.T.);
#1173=CARTESIAN_POINT('',(71.726118000000000,52.848466423745705,-34.359999999999999));
#1174=VERTEX_POINT('',#1173);
#1175=CARTESIAN_POINT('',(71.726118000000000,66.965410000000006,-34.359999999999999));
#1176=DIRECTION('',(0.0,-1.0,0.0));
#1177=VECTOR('',#1176,14.116943576254300);
#1178=LINE('',#1175,#1177);
#1179=EDGE_CURVE('',#1166,#1174,#1178,.T.);
#1180=ORIENTED_EDGE('',*,*,#1179,.T.);
#1181=CARTESIAN_POINT('',(70.586117999999999,52.848466423745705,-34.359999999999999));
#1182=DIRECTION('',(1.0,0.0,0.0));
#1183=VECTOR('',#1182,1.140000000000001);
#1184=LINE('',#1181,#1183);
#1185=EDGE_CURVE('',#1156,#1174,#1184,.T.);
#1186=ORIENTED_EDGE('',*,*,#1185,.F.);
#1187=EDGE_LOOP('',(#1164,#1172,#1180,#1186));
#1188=FACE_OUTER_BOUND('',#1187,.T.);
#1189=ADVANCED_FACE('',(#1188),#1154,.T.);
#1190=CARTESIAN_POINT('',(70.736118000000005,67.115409999999997,-33.789999999999999));
#1191=DIRECTION('',(0.707106781186547,-0.707106781186548,0.0));
#1192=DIRECTION('',(0.0,0.0,-1.0));
#1193=AXIS2_PLACEMENT_3D('',#1190,#1191,#1192);
#1194=PLANE('',#1193);
#1195=CARTESIAN_POINT('',(70.586117999999999,66.965410000000006,-33.219999999999999));
#1196=VERTEX_POINT('',#1195);
#1197=CARTESIAN_POINT('',(70.586117999999999,66.965410000000006,-33.219999999999999));
#1198=DIRECTION('',(0.0,0.0,-1.0));
#1199=VECTOR('',#1198,1.140000000000001);
#1200=LINE('',#1197,#1199);
#1201=EDGE_CURVE('',#1196,#1158,#1200,.T.);
#1202=ORIENTED_EDGE('',*,*,#1201,.F.);
#1203=CARTESIAN_POINT('',(70.886117999999996,67.265410000000003,-33.520000000000003));
#1204=VERTEX_POINT('',#1203);
#1205=CARTESIAN_POINT('',(70.586117999999985,66.965410000000006,-33.220000000000013));
#1206=DIRECTION('',(0.577350269189621,0.577350269189621,-0.577350269189635));
#1207=VECTOR('',#1206,0.519615242270662);
#1208=LINE('',#1205,#1207);
#1209=EDGE_CURVE('',#1196,#1204,#1208,.T.);
#1210=ORIENTED_EDGE('',*,*,#1209,.T.);
#1211=CARTESIAN_POINT('',(70.886117999999996,67.265410000000003,-34.060000000000002));
#1212=VERTEX_POINT('',#1211);
#1213=CARTESIAN_POINT('',(70.886117999999996,67.265410000000003,-34.060000000000002));
#1214=DIRECTION('',(0.0,0.0,1.0));
#1215=VECTOR('',#1214,0.540000000000006);
#1216=LINE('',#1213,#1215);
#1217=EDGE_CURVE('',#1212,#1204,#1216,.T.);
#1218=ORIENTED_EDGE('',*,*,#1217,.F.);
#1219=CARTESIAN_POINT('',(70.586117999999985,66.965410000000006,-34.359999999999985));
#1220=DIRECTION('',(0.577350269189630,0.577350269189630,0.577350269189617));
#1221=VECTOR('',#1220,0.519615242270654);
#1222=LINE('',#1219,#1221);
#1223=EDGE_CURVE('',#1158,#1212,#1222,.T.);
#1224=ORIENTED_EDGE('',*,*,#1223,.F.);
#1225=EDGE_LOOP('',(#1202,#1210,#1218,#1224));
#1226=FACE_OUTER_BOUND('',#1225,.T.);
#1227=ADVANCED_FACE('',(#1226),#1194,.F.);
#1228=CARTESIAN_POINT('',(70.586117999999999,59.665410000000001,-33.219999999999999));
#1229=DIRECTION('',(-1.0,0.0,0.0));
#1230=DIRECTION('',(0.0,0.0,1.0));
#1231=AXIS2_PLACEMENT_3D('',#1228,#1229,#1230);
#1232=PLANE('',#1231);
#1233=CARTESIAN_POINT('',(70.586117999999999,52.848466423745705,-33.219999999999999));
#1234=VERTEX_POINT('',#1233);
#1235=CARTESIAN_POINT('',(70.586117999999999,52.848466423745705,-34.359999999999999));
#1236=DIRECTION('',(0.0,0.0,1.0));
#1237=VECTOR('',#1236,1.140000000000001);
#1238=LINE('',#1235,#1237);
#1239=EDGE_CURVE('',#1156,#1234,#1238,.T.);
#1240=ORIENTED_EDGE('',*,*,#1239,.T.);
#1241=CARTESIAN_POINT('',(70.586117999999999,66.965410000000006,-33.219999999999999));
#1242=DIRECTION('',(0.0,-1.0,0.0));
#1243=VECTOR('',#1242,14.116943576254300);
#1244=LINE('',#1241,#1243);
#1245=EDGE_CURVE('',#1196,#1234,#1244,.T.);
#1246=ORIENTED_EDGE('',*,*,#1245,.F.);
#1247=ORIENTED_EDGE('',*,*,#1201,.T.);
#1248=ORIENTED_EDGE('',*,*,#1163,.F.);
#1249=EDGE_LOOP('',(#1240,#1246,#1247,#1248));
#1250=FACE_OUTER_BOUND('',#1249,.T.);
#1251=ADVANCED_FACE('',(#1250),#1232,.T.);
#1252=CARTESIAN_POINT('',(71.156118000000006,67.115409999999997,-33.369999999999997));
#1253=DIRECTION('',(0.0,0.707106781186547,0.707106781186548));
#1254=DIRECTION('',(1.0,0.0,0.0));
#1255=AXIS2_PLACEMENT_3D('',#1252,#1253,#1254);
#1256=PLANE('',#1255);
#1257=CARTESIAN_POINT('',(71.726118000000000,66.965410000000006,-33.219999999999999));
#1258=VERTEX_POINT('',#1257);
#1259=CARTESIAN_POINT('',(70.586117999999999,66.965410000000006,-33.219999999999999));
#1260=DIRECTION('',(1.0,0.0,0.0));
#1261=VECTOR('',#1260,1.140000000000001);
#1262=LINE('',#1259,#1261);
#1263=EDGE_CURVE('',#1196,#1258,#1262,.T.);
#1264=ORIENTED_EDGE('',*,*,#1263,.T.);
#1265=CARTESIAN_POINT('',(71.426118000000002,67.265410000000003,-33.520000000000003));
#1266=VERTEX_POINT('',#1265);
#1267=CARTESIAN_POINT('',(71.726117999999985,66.965409999999991,-33.219999999999999));
#1268=DIRECTION('',(-0.577350269189626,0.577350269189626,-0.577350269189626));
#1269=VECTOR('',#1268,0.519615242270658);
#1270=LINE('',#1267,#1269);
#1271=EDGE_CURVE('',#1258,#1266,#1270,.T.);
#1272=ORIENTED_EDGE('',*,*,#1271,.T.);
#1273=CARTESIAN_POINT('',(71.426118000000002,67.265410000000003,-33.520000000000003));
#1274=DIRECTION('',(-1.0,0.0,0.0));
#1275=VECTOR('',#1274,0.540000000000006);
#1276=LINE('',#1273,#1275);
#1277=EDGE_CURVE('',#1266,#1204,#1276,.T.);
#1278=ORIENTED_EDGE('',*,*,#1277,.T.);
#1279=ORIENTED_EDGE('',*,*,#1209,.F.);
#1280=EDGE_LOOP('',(#1264,#1272,#1278,#1279));
#1281=FACE_OUTER_BOUND('',#1280,.T.);
#1282=ADVANCED_FACE('',(#1281),#1256,.T.);
#1283=CARTESIAN_POINT('',(71.726118000000000,59.665410000000001,-34.359999999999999));
#1284=DIRECTION('',(1.0,0.0,0.0));
#1285=DIRECTION('',(0.0,0.0,-1.0));
#1286=AXIS2_PLACEMENT_3D('',#1283,#1284,#1285);
#1287=PLANE('',#1286);
#1288=CARTESIAN_POINT('',(71.726118000000000,52.848466423745705,-33.219999999999999));
#1289=VERTEX_POINT('',#1288);
#1290=CARTESIAN_POINT('',(71.726118000000000,52.848466423745705,-34.359999999999999));
#1291=DIRECTION('',(0.0,0.0,1.0));
#1292=VECTOR('',#1291,1.140000000000001);
#1293=LINE('',#1290,#1292);
#1294=EDGE_CURVE('',#1174,#1289,#1293,.T.);
#1295=ORIENTED_EDGE('',*,*,#1294,.F.);
#1296=ORIENTED_EDGE('',*,*,#1179,.F.);
#1297=CARTESIAN_POINT('',(71.726118000000000,66.965410000000006,-33.219999999999999));
#1298=DIRECTION('',(0.0,0.0,-1.0));
#1299=VECTOR('',#1298,1.140000000000001);
#1300=LINE('',#1297,#1299);
#1301=EDGE_CURVE('',#1258,#1166,#1300,.T.);
#1302=ORIENTED_EDGE('',*,*,#1301,.F.);
#1303=CARTESIAN_POINT('',(71.726118000000000,52.848466423745705,-33.219999999999999));
#1304=DIRECTION('',(0.0,1.0,0.0));
#1305=VECTOR('',#1304,14.116943576254300);
#1306=LINE('',#1303,#1305);
#1307=EDGE_CURVE('',#1289,#1258,#1306,.T.);
#1308=ORIENTED_EDGE('',*,*,#1307,.F.);
#1309=EDGE_LOOP('',(#1295,#1296,#1302,#1308));
#1310=FACE_OUTER_BOUND('',#1309,.T.);
#1311=ADVANCED_FACE('',(#1310),#1287,.T.);
#1312=CARTESIAN_POINT('',(70.586117999999999,53.405410000000010,-33.219999999999999));
#1313=DIRECTION('',(0.0,0.0,1.0));
#1314=DIRECTION('',(1.0,0.0,0.0));
#1315=AXIS2_PLACEMENT_3D('',#1312,#1313,#1314);
#1316=PLANE('',#1315);
#1317=CARTESIAN_POINT('',(71.726118000000000,52.848466423745705,-33.219999999999999));
#1318=DIRECTION('',(-1.0,0.0,0.0));
#1319=VECTOR('',#1318,1.140000000000001);
#1320=LINE('',#1317,#1319);
#1321=EDGE_CURVE('',#1289,#1234,#1320,.T.);
#1322=ORIENTED_EDGE('',*,*,#1321,.F.);
#1323=ORIENTED_EDGE('',*,*,#1307,.T.);
#1324=ORIENTED_EDGE('',*,*,#1263,.F.);
#1325=ORIENTED_EDGE('',*,*,#1245,.T.);
#1326=EDGE_LOOP('',(#1322,#1323,#1324,#1325));
#1327=FACE_OUTER_BOUND('',#1326,.T.);
#1328=ADVANCED_FACE('',(#1327),#1316,.T.);
#1329=CARTESIAN_POINT('',(62.414208999999410,52.848466423745705,-34.474002400000003));
#1330=DIRECTION('',(0.0,1.0,0.0));
#1331=DIRECTION('',(0.0,0.0,1.0));
#1332=AXIS2_PLACEMENT_3D('',#1329,#1330,#1331);
#1333=PLANE('',#1332);
#1334=ORIENTED_EDGE('',*,*,#1239,.F.);
#1335=ORIENTED_EDGE('',*,*,#1185,.T.);
#1336=ORIENTED_EDGE('',*,*,#1294,.T.);
#1337=ORIENTED_EDGE('',*,*,#1321,.T.);
#1338=EDGE_LOOP('',(#1334,#1335,#1336,#1337));
#1339=FACE_OUTER_BOUND('',#1338,.T.);
#1340=ADVANCED_FACE('',(#1339),#1333,.F.);
#1341=CARTESIAN_POINT('',(70.102657487890582,67.265410000000003,-31.221792467922398));
#1342=DIRECTION('',(0.0,1.0,0.0));
#1343=DIRECTION('',(0.0,0.0,1.0));
#1344=AXIS2_PLACEMENT_3D('',#1341,#1342,#1343);
#1345=PLANE('',#1344);
#1346=CARTESIAN_POINT('',(71.426118000000002,67.265410000000003,-34.060000000000002));
#1347=VERTEX_POINT('',#1346);
#1348=CARTESIAN_POINT('',(71.426118000000002,67.265410000000003,-34.060000000000002));
#1349=DIRECTION('',(0.0,0.0,1.0));
#1350=VECTOR('',#1349,0.540000000000006);
#1351=LINE('',#1348,#1350);
#1352=EDGE_CURVE('',#1347,#1266,#1351,.T.);
#1353=ORIENTED_EDGE('',*,*,#1352,.F.);
#1354=CARTESIAN_POINT('',(71.426118000000002,67.265410000000003,-34.060000000000002));
#1355=DIRECTION('',(-1.0,0.0,0.0));
#1356=VECTOR('',#1355,0.540000000000006);
#1357=LINE('',#1354,#1356);
#1358=EDGE_CURVE('',#1347,#1212,#1357,.T.);
#1359=ORIENTED_EDGE('',*,*,#1358,.T.);
#1360=ORIENTED_EDGE('',*,*,#1217,.T.);
#1361=ORIENTED_EDGE('',*,*,#1277,.F.);
#1362=EDGE_LOOP('',(#1353,#1359,#1360,#1361));
#1363=FACE_OUTER_BOUND('',#1362,.T.);
#1364=ADVANCED_FACE('',(#1363),#1345,.T.);
#1365=CARTESIAN_POINT('',(71.156118000000006,67.115409999999997,-34.210000000000001));
#1366=DIRECTION('',(0.0,-0.707106781186548,0.707106781186548));
#1367=DIRECTION('',(1.0,0.0,0.0));
#1368=AXIS2_PLACEMENT_3D('',#1365,#1366,#1367);
#1369=PLANE('',#1368);
#1370=ORIENTED_EDGE('',*,*,#1358,.F.);
#1371=CARTESIAN_POINT('',(71.426117999999988,67.265409999999989,-34.060000000000002));
#1372=DIRECTION('',(0.577350269189626,-0.577350269189626,-0.577350269189626));
#1373=VECTOR('',#1372,0.519615242270658);
#1374=LINE('',#1371,#1373);
#1375=EDGE_CURVE('',#1347,#1166,#1374,.T.);
#1376=ORIENTED_EDGE('',*,*,#1375,.T.);
#1377=ORIENTED_EDGE('',*,*,#1171,.F.);
#1378=ORIENTED_EDGE('',*,*,#1223,.T.);
#1379=EDGE_LOOP('',(#1370,#1376,#1377,#1378));
#1380=FACE_OUTER_BOUND('',#1379,.T.);
#1381=ADVANCED_FACE('',(#1380),#1369,.F.);
#1382=CARTESIAN_POINT('',(71.576117999999994,67.115409999999997,-33.789999999999999));
#1383=DIRECTION('',(0.707106781186547,0.707106781186548,0.0));
#1384=DIRECTION('',(0.0,0.0,-1.0));
#1385=AXIS2_PLACEMENT_3D('',#1382,#1383,#1384);
#1386=PLANE('',#1385);
#1387=ORIENTED_EDGE('',*,*,#1352,.T.);
#1388=ORIENTED_EDGE('',*,*,#1271,.F.);
#1389=ORIENTED_EDGE('',*,*,#1301,.T.);
#1390=ORIENTED_EDGE('',*,*,#1375,.F.);
#1391=EDGE_LOOP('',(#1387,#1388,#1389,#1390));
#1392=FACE_OUTER_BOUND('',#1391,.T.);
#1393=ADVANCED_FACE('',(#1392),#1386,.T.);
#1394=CLOSED_SHELL('',(#1189,#1227,#1251,#1282,#1311,#1328,#1340,#1364,#1381,#1393));
#1395=MANIFOLD_SOLID_BREP('8.1.1',#1394);
#1396=COLOUR_RGB('',0.600000023841858,0.600000023841858,0.600000023841858);
#1397=DRAUGHTING_PRE_DEFINED_CURVE_FONT('continuous');
#1398=CURVE_STYLE('',#1397,POSITIVE_LENGTH_MEASURE(0.100000000000000),#1396);
#1399=FILL_AREA_STYLE_COLOUR('',#1396);
#1400=FILL_AREA_STYLE('',(#1399));
#1401=SURFACE_STYLE_FILL_AREA(#1400);
#1402=SURFACE_SIDE_STYLE('',(#1401));
#1403=SURFACE_STYLE_USAGE(.BOTH.,#1402);
#1404=PRESENTATION_STYLE_ASSIGNMENT((#1398,#1403));
#1405=STYLED_ITEM('',(#1404,#1413),#1395);
#1406=MECHANICAL_DESIGN_GEOMETRIC_PRESENTATION_REPRESENTATION('',(#1405),#1149);
#1407=COLOUR_RGB('153,153,153',0.600000023841858,0.600000023841858,0.600000023841858);
#1408=FILL_AREA_STYLE_COLOUR('153,153,153',#1407);
#1409=FILL_AREA_STYLE('153,153,153',(#1408));
#1410=SURFACE_STYLE_FILL_AREA(#1409);
#1411=SURFACE_SIDE_STYLE('153,153,153',(#1410));
#1412=SURFACE_STYLE_USAGE(.BOTH.,#1411);
#1413=PRESENTATION_STYLE_ASSIGNMENT((#1412));
#1414=ADVANCED_BREP_SHAPE_REPRESENTATION('ABSR',(#1395),#1118);
#1415=SHAPE_REPRESENTATION_RELATIONSHIP('SRR','None',#1414,#1123);
#1416=AXIS2_PLACEMENT_3D('',#1417,#1418,#1419);
#1417=CARTESIAN_POINT('',(0.0,0.0,7.920000000000020));
#1418=DIRECTION('',(0.0,0.0,1.0));
#1419=DIRECTION('',(1.0,0.0,0.0));
#1420=NEXT_ASSEMBLY_USAGE_OCCURRENCE('8.1.1:1','8.1.1:1','8.1.1:1',#1055,#1094,'8.1.1:1');
#1421=PRODUCT_DEFINITION_SHAPE('8.1.1:1','8.1.1:1',#1420);
#1422=ITEM_DEFINED_TRANSFORMATION('8.1.1:1','8.1.1:1',#1119,#1416);
#1426=(REPRESENTATION_RELATIONSHIP('8.1.1:1','8.1.1:1',#1123,#1084)REPRESENTATION_RELATIONSHIP_WITH_TRANSFORMATION(#1422)SHAPE_REPRESENTATION_RELATIONSHIP());
#1427=CONTEXT_DEPENDENT_SHAPE_REPRESENTATION(#1426,#1421);
#1428=APPLICATION_CONTEXT('automotive design');
#1429=APPLICATION_PROTOCOL_DEFINITION('International Standard','automotive_design',2001,#1428);
#1430=PRODUCT_CONTEXT('',#1428,'mechanical');
#1431=PRODUCT('p1','p1',$,(#1430));
#1432=PRODUCT_RELATED_PRODUCT_CATEGORY('part',$,(#1431));
#1433=PRODUCT_DEFINITION_FORMATION('',$,#1431);
#1434=PRODUCT_DEFINITION_CONTEXT('part definition',#1428,'design');
#1435=PRODUCT_DEFINITION('',$,#1433,#1434);
#1441=(NAMED_UNIT(*)PLANE_ANGLE_UNIT()SI_UNIT($,.RADIAN.));
#1442=DIMENSIONAL_EXPONENTS(0.0,0.0,0.0,0.0,0.0,0.0,0.0);
#1443=PLANE_ANGLE_MEASURE_WITH_UNIT(PLANE_ANGLE_MEASURE(0.017453292500000),#1441);
#1447=(CONVERSION_BASED_UNIT('DEGREE',#1443)NAMED_UNIT(#1442)PLANE_ANGLE_UNIT());
#1451=(NAMED_UNIT(*)SI_UNIT($,.STERADIAN.)SOLID_ANGLE_UNIT());
#1455=(LENGTH_UNIT()NAMED_UNIT(*)SI_UNIT(.MILLI.,.METRE.));
#1457=UNCERTAINTY_MEASURE_WITH_UNIT(LENGTH_MEASURE(0.010000000000000),#1455,'DISTANCE_ACCURACY_VALUE','');
#1459=(GEOMETRIC_REPRESENTATION_CONTEXT(3)GLOBAL_UNCERTAINTY_ASSIGNED_CONTEXT((#1457))GLOBAL_UNIT_ASSIGNED_CONTEXT((#1447,#1451,#1455))REPRESENTATION_CONTEXT('None','None'));
#1460=AXIS2_PLACEMENT_3D('',#1461,#1462,#1463);
#1461=CARTESIAN_POINT('',(0.0,0.0,0.0));
#1462=DIRECTION('',(0.0,0.0,1.0));
#1463=DIRECTION('',(1.0,0.0,0.0));
#1464=SHAPE_REPRESENTATION('',(#1460),#1459);
#1465=PRODUCT_DEFINITION_SHAPE('','',#1435);
#1466=SHAPE_DEFINITION_REPRESENTATION(#1465,#1464);
#1472=(NAMED_UNIT(*)PLANE_ANGLE_UNIT()SI_UNIT($,.RADIAN.));
#1473=DIMENSIONAL_EXPONENTS(0.0,0.0,0.0,0.0,0.0,0.0,0.0);
#1474=PLANE_ANGLE_MEASURE_WITH_UNIT(PLANE_ANGLE_MEASURE(0.017453292500000),#1472);
#1478=(CONVERSION_BASED_UNIT('DEGREE',#1474)NAMED_UNIT(#1473)PLANE_ANGLE_UNIT());
#1482=(NAMED_UNIT(*)SI_UNIT($,.STERADIAN.)SOLID_ANGLE_UNIT());
#1486=(LENGTH_UNIT()NAMED_UNIT(*)SI_UNIT(.MILLI.,.METRE.));
#1488=UNCERTAINTY_MEASURE_WITH_UNIT(LENGTH_MEASURE(0.000001000000000),#1486,'DISTANCE_ACCURACY_VALUE','');
#1490=(GEOMETRIC_REPRESENTATION_CONTEXT(3)GLOBAL_UNCERTAINTY_ASSIGNED_CONTEXT((#1488))GLOBAL_UNIT_ASSIGNED_CONTEXT((#1478,#1482,#1486))REPRESENTATION_CONTEXT('','3D'));
#1491=CARTESIAN_POINT('',(73.116118000000000,64.965410000000006,0.0));
#1492=DIRECTION('',(-1.0,0.0,0.0));
#1493=DIRECTION('',(0.0,0.0,1.0));
#1494=AXIS2_PLACEMENT_3D('',#1491,#1492,#1493);
#1495=PLANE('',#1494);
#1496=CARTESIAN_POINT('',(73.116118000000000,64.965410000000006,-25.104845000000005));
#1497=VERTEX_POINT('',#1496);
#1498=CARTESIAN_POINT('',(73.116118000000000,59.665410000000001,-25.104845000000005));
#1499=VERTEX_POINT('',#1498);
#1500=CARTESIAN_POINT('',(73.116118000000000,64.965410000000006,-25.104845000000005));
#1501=DIRECTION('',(0.0,-1.0,0.0));
#1502=VECTOR('',#1501,5.300000000000004);
#1503=LINE('',#1500,#1502);
#1504=EDGE_CURVE('',#1497,#1499,#1503,.T.);
#1505=ORIENTED_EDGE('',*,*,#1504,.F.);
#1506=CARTESIAN_POINT('',(73.116118000000000,64.965410000000006,-38.500000000000000));
#1507=VERTEX_POINT('',#1506);
#1508=CARTESIAN_POINT('',(73.116118000000000,64.965410000000006,-25.104845000000005));
#1509=DIRECTION('',(0.0,0.0,-1.0));
#1510=VECTOR('',#1509,13.395154999999995);
#1511=LINE('',#1508,#1510);
#1512=EDGE_CURVE('',#1497,#1507,#1511,.T.);
#1513=ORIENTED_EDGE('',*,*,#1512,.T.);
#1514=CARTESIAN_POINT('',(73.116118000000000,59.665410000000001,-38.500000000000000));
#1515=VERTEX_POINT('',#1514);
#1516=CARTESIAN_POINT('',(73.116118000000000,64.965410000000006,-38.500000000000000));
#1517=DIRECTION('',(0.0,-1.0,0.0));
#1518=VECTOR('',#1517,5.300000000000004);
#1519=LINE('',#1516,#1518);
#1520=EDGE_CURVE('',#1507,#1515,#1519,.T.);
#1521=ORIENTED_EDGE('',*,*,#1520,.T.);
#1522=CARTESIAN_POINT('',(73.116118000000000,59.665410000000001,-38.500000000000000));
#1523=DIRECTION('',(0.0,0.0,1.0));
#1524=VECTOR('',#1523,13.395154999999995);
#1525=LINE('',#1522,#1524);
#1526=EDGE_CURVE('',#1515,#1499,#1525,.T.);
#1527=ORIENTED_EDGE('',*,*,#1526,.T.);
#1528=EDGE_LOOP('',(#1505,#1513,#1521,#1527));
#1529=FACE_OUTER_BOUND('',#1528,.T.);
#1530=ADVANCED_FACE('',(#1529),#1495,.T.);
#1531=CARTESIAN_POINT('',(74.956118000000004,64.965410000000006,0.0));
#1532=DIRECTION('',(0.894427190999916,0.447213595499958,0.0));
#1533=DIRECTION('',(0.0,0.0,-1.0));
#1534=AXIS2_PLACEMENT_3D('',#1531,#1532,#1533);
#1535=PLANE('',#1534);
#1536=CARTESIAN_POINT('',(74.956118000000004,64.965410000000006,-25.104845000000005));
#1537=VERTEX_POINT('',#1536);
#1538=CARTESIAN_POINT('',(74.456118000000004,65.965410000000006,-25.104845000000005));
#1539=VERTEX_POINT('',#1538);
#1540=CARTESIAN_POINT('',(74.956117999999876,64.965409999999935,-25.104845000000005));
#1541=DIRECTION('',(-0.447213595499968,0.894427190999911,0.0));
#1542=VECTOR('',#1541,1.118033988749901);
#1543=LINE('',#1540,#1542);
#1544=EDGE_CURVE('',#1537,#1539,#1543,.T.);
#1545=ORIENTED_EDGE('',*,*,#1544,.F.);
#1546=CARTESIAN_POINT('',(74.956118000000004,64.965410000000006,-38.500000000000000));
#1547=VERTEX_POINT('',#1546);
#1548=CARTESIAN_POINT('',(74.956118000000004,64.965410000000006,-25.104845000000005));
#1549=DIRECTION('',(0.0,0.0,-1.0));
#1550=VECTOR('',#1549,13.395154999999995);
#1551=LINE('',#1548,#1550);
#1552=EDGE_CURVE('',#1537,#1547,#1551,.T.);
#1553=ORIENTED_EDGE('',*,*,#1552,.T.);
#1554=CARTESIAN_POINT('',(74.456118000000004,65.965410000000006,-38.500000000000000));
#1555=VERTEX_POINT('',#1554);
#1556=CARTESIAN_POINT('',(74.956117999999876,64.965409999999935,-38.500000000000000));
#1557=DIRECTION('',(-0.447213595499968,0.894427190999911,0.0));
#1558=VECTOR('',#1557,1.118033988749901);
#1559=LINE('',#1556,#1558);
#1560=EDGE_CURVE('',#1547,#1555,#1559,.T.);
#1561=ORIENTED_EDGE('',*,*,#1560,.T.);
#1562=CARTESIAN_POINT('',(74.456118000000004,65.965410000000006,-38.500000000000000));
#1563=DIRECTION('',(0.0,0.0,1.0));
#1564=VECTOR('',#1563,13.395154999999995);
#1565=LINE('',#1562,#1564);
#1566=EDGE_CURVE('',#1555,#1539,#1565,.T.);
#1567=ORIENTED_EDGE('',*,*,#1566,.T.);
#1568=EDGE_LOOP('',(#1545,#1553,#1561,#1567));
#1569=FACE_OUTER_BOUND('',#1568,.T.);
#1570=ADVANCED_FACE('',(#1569),#1535,.T.);
#1571=CARTESIAN_POINT('',(74.456118000000004,64.965410000000006,0.0));
#1572=DIRECTION('',(0.0,-1.0,0.0));
#1573=DIRECTION('',(0.0,0.0,-1.0));
#1574=AXIS2_PLACEMENT_3D('',#1571,#1572,#1573);
#1575=PLANE('',#1574);
#1576=CARTESIAN_POINT('',(74.456118000000004,64.965410000000006,-38.500000000000000));
#1577=VERTEX_POINT('',#1576);
#1578=CARTESIAN_POINT('',(74.456118000000004,64.965410000000006,-38.500000000000000));
#1579=DIRECTION('',(1.0,0.0,0.0));
#1580=VECTOR('',#1579,0.500000000000000);
#1581=LINE('',#1578,#1580);
#1582=EDGE_CURVE('',#1577,#1547,#1581,.T.);
#1583=ORIENTED_EDGE('',*,*,#1582,.T.);
#1584=ORIENTED_EDGE('',*,*,#1552,.F.);
#1585=CARTESIAN_POINT('',(74.456118000000004,64.965410000000006,-25.104845000000005));
#1586=VERTEX_POINT('',#1585);
#1587=CARTESIAN_POINT('',(74.456118000000004,64.965410000000006,-25.104845000000005));
#1588=DIRECTION('',(1.0,0.0,0.0));
#1589=VECTOR('',#1588,0.500000000000000);
#1590=LINE('',#1587,#1589);
#1591=EDGE_CURVE('',#1586,#1537,#1590,.T.);
#1592=ORIENTED_EDGE('',*,*,#1591,.F.);
#1593=CARTESIAN_POINT('',(74.456118000000004,64.965410000000006,-38.500000000000000));
#1594=DIRECTION('',(0.0,0.0,1.0));
#1595=VECTOR('',#1594,13.395154999999995);
#1596=LINE('',#1593,#1595);
#1597=EDGE_CURVE('',#1577,#1586,#1596,.T.);
#1598=ORIENTED_EDGE('',*,*,#1597,.F.);
#1599=EDGE_LOOP('',(#1583,#1584,#1592,#1598));
#1600=FACE_OUTER_BOUND('',#1599,.T.);
#1601=ADVANCED_FACE('',(#1600),#1575,.T.);
#1602=CARTESIAN_POINT('',(74.456118000000004,65.965410000000006,0.0));
#1603=DIRECTION('',(0.0,1.0,0.0));
#1604=DIRECTION('',(0.0,0.0,1.0));
#1605=AXIS2_PLACEMENT_3D('',#1602,#1603,#1604);
#1606=PLANE('',#1605);
#1607=CARTESIAN_POINT('',(73.616118000000000,65.965410000000006,-38.500000000000000));
#1608=VERTEX_POINT('',#1607);
#1609=CARTESIAN_POINT('',(74.456118000000004,65.965410000000006,-38.500000000000000));
#1610=DIRECTION('',(-1.0,0.0,0.0));
#1611=VECTOR('',#1610,0.840000000000003);
#1612=LINE('',#1609,#1611);
#1613=EDGE_CURVE('',#1555,#1608,#1612,.T.);
#1614=ORIENTED_EDGE('',*,*,#1613,.T.);
#1615=CARTESIAN_POINT('',(73.616118000000000,65.965410000000006,-25.104845000000005));
#1616=VERTEX_POINT('',#1615);
#1617=CARTESIAN_POINT('',(73.616118000000000,65.965410000000006,-38.500000000000000));
#1618=DIRECTION('',(0.0,0.0,1.0));
#1619=VECTOR('',#1618,13.395154999999995);
#1620=LINE('',#1617,#1619);
#1621=EDGE_CURVE('',#1608,#1616,#1620,.T.);
#1622=ORIENTED_EDGE('',*,*,#1621,.T.);
#1623=CARTESIAN_POINT('',(74.456118000000004,65.965410000000006,-25.104845000000005));
#1624=DIRECTION('',(-1.0,0.0,0.0));
#1625=VECTOR('',#1624,0.840000000000003);
#1626=LINE('',#1623,#1625);
#1627=EDGE_CURVE('',#1539,#1616,#1626,.T.);
#1628=ORIENTED_EDGE('',*,*,#1627,.F.);
#1629=ORIENTED_EDGE('',*,*,#1566,.F.);
#1630=EDGE_LOOP('',(#1614,#1622,#1628,#1629));
#1631=FACE_OUTER_BOUND('',#1630,.T.);
#1632=ADVANCED_FACE('',(#1631),#1606,.T.);
#1633=CARTESIAN_POINT('',(73.616118000000000,65.965410000000006,0.0));
#1634=DIRECTION('',(-0.894427190999916,0.447213595499958,0.0));
#1635=DIRECTION('',(0.0,0.0,1.0));
#1636=AXIS2_PLACEMENT_3D('',#1633,#1634,#1635);
#1637=PLANE('',#1636);
#1638=CARTESIAN_POINT('',(73.616118000000128,65.965409999999949,-25.104845000000005));
#1639=DIRECTION('',(-0.447213595499958,-0.894427190999916,0.0));
#1640=VECTOR('',#1639,1.118033988749895);
#1641=LINE('',#1638,#1640);
#1642=EDGE_CURVE('',#1616,#1497,#1641,.T.);
#1643=ORIENTED_EDGE('',*,*,#1642,.F.);
#1644=ORIENTED_EDGE('',*,*,#1621,.F.);
#1645=CARTESIAN_POINT('',(73.616118000000128,65.965409999999949,-38.500000000000000));
#1646=DIRECTION('',(-0.447213595499958,-0.894427190999916,0.0));
#1647=VECTOR('',#1646,1.118033988749895);
#1648=LINE('',#1645,#1647);
#1649=EDGE_CURVE('',#1608,#1507,#1648,.T.);
#1650=ORIENTED_EDGE('',*,*,#1649,.T.);
#1651=ORIENTED_EDGE('',*,*,#1512,.F.);
#1652=EDGE_LOOP('',(#1643,#1644,#1650,#1651));
#1653=FACE_OUTER_BOUND('',#1652,.T.);
#1654=ADVANCED_FACE('',(#1653),#1637,.T.);
#1655=CARTESIAN_POINT('',(75.816120400000003,59.665410000000001,-25.104845000000005));
#1656=DIRECTION('',(0.0,0.0,-1.0));
#1657=DIRECTION('',(-1.0,0.0,0.0));
#1658=AXIS2_PLACEMENT_3D('',#1655,#1656,#1657);
#1659=PLANE('',#1658);
#1660=ORIENTED_EDGE('',*,*,#1591,.T.);
#1661=ORIENTED_EDGE('',*,*,#1544,.T.);
#1662=ORIENTED_EDGE('',*,*,#1627,.T.);
#1663=ORIENTED_EDGE('',*,*,#1642,.T.);
#1664=ORIENTED_EDGE('',*,*,#1504,.T.);
#1665=CARTESIAN_POINT('',(74.456118000000004,59.665410000000001,-25.104845000000005));
#1666=VERTEX_POINT('',#1665);
#1667=CARTESIAN_POINT('',(73.116118000000000,59.665410000000001,-25.104845000000005));
#1668=DIRECTION('',(1.0,0.0,0.0));
#1669=VECTOR('',#1668,1.340000000000003);
#1670=LINE('',#1667,#1669);
#1671=EDGE_CURVE('',#1499,#1666,#1670,.T.);
#1672=ORIENTED_EDGE('',*,*,#1671,.T.);
#1673=CARTESIAN_POINT('',(74.456118000000004,59.665410000000001,-25.104845000000005));
#1674=DIRECTION('',(0.0,1.0,0.0));
#1675=VECTOR('',#1674,5.300000000000004);
#1676=LINE('',#1673,#1675);
#1677=EDGE_CURVE('',#1666,#1586,#1676,.T.);
#1678=ORIENTED_EDGE('',*,*,#1677,.T.);
#1679=EDGE_LOOP('',(#1660,#1661,#1662,#1663,#1664,#1672,#1678));
#1680=FACE_OUTER_BOUND('',#1679,.T.);
#1681=ADVANCED_FACE('',(#1680),#1659,.F.);
#1682=CARTESIAN_POINT('',(74.456118000000004,56.465409999999999,0.0));
#1683=DIRECTION('',(1.0,0.0,0.0));
#1684=DIRECTION('',(0.0,0.0,-1.0));
#1685=AXIS2_PLACEMENT_3D('',#1682,#1683,#1684);
#1686=PLANE('',#1685);
#1687=CARTESIAN_POINT('',(74.456118000000004,59.665410000000001,-39.200000000000003));
#1688=VERTEX_POINT('',#1687);
#1689=CARTESIAN_POINT('',(74.456118000000004,56.465409999999999,-39.200000000000003));
#1690=VERTEX_POINT('',#1689);
#1691=CARTESIAN_POINT('',(74.456118000000004,59.665410000000001,-39.200000000000003));
#1692=DIRECTION('',(0.0,-1.0,0.0));
#1693=VECTOR('',#1692,3.200000000000003);
#1694=LINE('',#1691,#1693);
#1695=EDGE_CURVE('',#1688,#1690,#1694,.T.);
#1696=ORIENTED_EDGE('',*,*,#1695,.F.);
#1697=CARTESIAN_POINT('',(74.456118000000004,59.665410000000001,-38.500000000000000));
#1698=VERTEX_POINT('',#1697);
#1699=CARTESIAN_POINT('',(74.456118000000004,59.665410000000001,-39.200000000000003));
#1700=DIRECTION('',(0.0,0.0,1.0));
#1701=VECTOR('',#1700,0.700000000000003);
#1702=LINE('',#1699,#1701);
#1703=EDGE_CURVE('',#1688,#1698,#1702,.T.);
#1704=ORIENTED_EDGE('',*,*,#1703,.T.);
#1705=CARTESIAN_POINT('',(74.456118000000004,59.665410000000001,-38.500000000000000));
#1706=DIRECTION('',(0.0,1.0,0.0));
#1707=VECTOR('',#1706,5.300000000000004);
#1708=LINE('',#1705,#1707);
#1709=EDGE_CURVE('',#1698,#1577,#1708,.T.);
#1710=ORIENTED_EDGE('',*,*,#1709,.T.);
#1711=ORIENTED_EDGE('',*,*,#1597,.T.);
#1712=ORIENTED_EDGE('',*,*,#1677,.F.);
#1713=CARTESIAN_POINT('',(74.456118000000004,59.665410000000001,-24.320001000000001));
#1714=VERTEX_POINT('',#1713);
#1715=CARTESIAN_POINT('',(74.456118000000004,59.665410000000001,-25.104845000000005));
#1716=DIRECTION('',(0.0,0.0,1.0));
#1717=VECTOR('',#1716,0.784844000000003);
#1718=LINE('',#1715,#1717);
#1719=EDGE_CURVE('',#1666,#1714,#1718,.T.);
#1720=ORIENTED_EDGE('',*,*,#1719,.T.);
#1721=CARTESIAN_POINT('',(74.456118000000004,56.465409999999999,-24.320001000000001));
#1722=VERTEX_POINT('',#1721);
#1723=CARTESIAN_POINT('',(74.456118000000004,56.465409999999999,-24.320001000000001));
#1724=DIRECTION('',(0.0,1.0,0.0));
#1725=VECTOR('',#1724,3.200000000000003);
#1726=LINE('',#1723,#1725);
#1727=EDGE_CURVE('',#1722,#1714,#1726,.T.);
#1728=ORIENTED_EDGE('',*,*,#1727,.F.);
#1729=CARTESIAN_POINT('',(74.456118000000004,56.465409999999999,-24.320001000000001));
#1730=DIRECTION('',(0.0,0.0,-1.0));
#1731=VECTOR('',#1730,14.879999000000002);
#1732=LINE('',#1729,#1731);
#1733=EDGE_CURVE('',#1722,#1690,#1732,.T.);
#1734=ORIENTED_EDGE('',*,*,#1733,.T.);
#1735=EDGE_LOOP('',(#1696,#1704,#1710,#1711,#1712,#1720,#1728,#1734));
#1736=FACE_OUTER_BOUND('',#1735,.T.);
#1737=ADVANCED_FACE('',(#1736),#1686,.T.);
#1738=CARTESIAN_POINT('',(66.356117999999995,56.465409999999999,0.0));
#1739=DIRECTION('',(0.0,-1.0,0.0));
#1740=DIRECTION('',(0.0,0.0,-1.0));
#1741=AXIS2_PLACEMENT_3D('',#1738,#1739,#1740);
#1742=PLANE('',#1741);
#1743=CARTESIAN_POINT('',(73.956118000000004,56.465409999999999,-39.700000000000003));
#1744=VERTEX_POINT('',#1743);
#1745=CARTESIAN_POINT('',(66.856118000000009,56.465409999999999,-39.700000000000003));
#1746=VERTEX_POINT('',#1745);
#1747=CARTESIAN_POINT('',(73.956118000000004,56.465409999999999,-39.700000000000003));
#1748=DIRECTION('',(-1.0,0.0,0.0));
#1749=VECTOR('',#1748,7.100000000000009);
#1750=LINE('',#1747,#1749);
#1751=EDGE_CURVE('',#1744,#1746,#1750,.T.);
#1752=ORIENTED_EDGE('',*,*,#1751,.F.);
#1753=CARTESIAN_POINT('',(73.956118000000004,56.465409999999999,-39.200000000000003));
#1754=DIRECTION('',(0.0,-1.0,0.0));
#1755=DIRECTION('',(-1.0,0.0,0.0));
#1756=AXIS2_PLACEMENT_3D('',#1753,#1754,#1755);
#1757=CIRCLE('',#1756,0.500000000000000);
#1758=EDGE_CURVE('',#1744,#1690,#1757,.T.);
#1759=ORIENTED_EDGE('',*,*,#1758,.T.);
#1760=ORIENTED_EDGE('',*,*,#1733,.F.);
#1761=CARTESIAN_POINT('',(73.956118000000004,56.465409999999999,-23.820001000000005));
#1762=VERTEX_POINT('',#1761);
#1763=CARTESIAN_POINT('',(73.956118000000004,56.465409999999999,-24.320001000000001));
#1764=DIRECTION('',(0.0,1.0,0.0));
#1765=DIRECTION('',(1.0,0.0,0.0));
#1766=AXIS2_PLACEMENT_3D('',#1763,#1764,#1765);
#1767=CIRCLE('',#1766,0.500000000000000);
#1768=EDGE_CURVE('',#1762,#1722,#1767,.T.);
#1769=ORIENTED_EDGE('',*,*,#1768,.F.);
#1770=CARTESIAN_POINT('',(66.856118000000009,56.465409999999999,-23.820001000000005));
#1771=VERTEX_POINT('',#1770);
#1772=CARTESIAN_POINT('',(73.956118000000004,56.465409999999999,-23.820001000000005));
#1773=DIRECTION('',(-1.0,0.0,0.0));
#1774=VECTOR('',#1773,7.100000000000009);
#1775=LINE('',#1772,#1774);
#1776=EDGE_CURVE('',#1762,#1771,#1775,.T.);
#1777=ORIENTED_EDGE('',*,*,#1776,.T.);
#1778=CARTESIAN_POINT('',(66.356117999999995,56.465409999999999,-24.320001000000001));
#1779=VERTEX_POINT('',#1778);
#1780=CARTESIAN_POINT('',(66.856118000000009,56.465409999999999,-24.320001000000001));
#1781=DIRECTION('',(0.0,-1.0,0.0));
#1782=DIRECTION('',(-1.0,0.0,0.0));
#1783=AXIS2_PLACEMENT_3D('',#1780,#1781,#1782);
#1784=CIRCLE('',#1783,0.500000000000000);
#1785=EDGE_CURVE('',#1771,#1779,#1784,.T.);
#1786=ORIENTED_EDGE('',*,*,#1785,.T.);
#1787=CARTESIAN_POINT('',(66.356117999999995,56.465409999999999,-39.200000000000003));
#1788=VERTEX_POINT('',#1787);
#1789=CARTESIAN_POINT('',(66.356117999999995,56.465409999999999,-39.200000000000003));
#1790=DIRECTION('',(0.0,0.0,1.0));
#1791=VECTOR('',#1790,14.879999000000002);
#1792=LINE('',#1789,#1791);
#1793=EDGE_CURVE('',#1788,#1779,#1792,.T.);
#1794=ORIENTED_EDGE('',*,*,#1793,.F.);
#1795=CARTESIAN_POINT('',(66.856118000000009,56.465409999999999,-39.200000000000003));
#1796=DIRECTION('',(0.0,1.0,0.0));
#1797=DIRECTION('',(1.0,0.0,0.0));
#1798=AXIS2_PLACEMENT_3D('',#1795,#1796,#1797);
#1799=CIRCLE('',#1798,0.500000000000000);
#1800=EDGE_CURVE('',#1746,#1788,#1799,.T.);
#1801=ORIENTED_EDGE('',*,*,#1800,.F.);
#1802=EDGE_LOOP('',(#1752,#1759,#1760,#1769,#1777,#1786,#1794,#1801));
#1803=FACE_OUTER_BOUND('',#1802,.T.);
#1804=ADVANCED_FACE('',(#1803),#1742,.T.);
#1805=CARTESIAN_POINT('',(66.356117999999995,59.665410000000001,0.0));
#1806=DIRECTION('',(-1.0,0.0,0.0));
#1807=DIRECTION('',(0.0,0.0,1.0));
#1808=AXIS2_PLACEMENT_3D('',#1805,#1806,#1807);
#1809=PLANE('',#1808);
#1810=CARTESIAN_POINT('',(66.356117999999995,59.665410000000001,-39.200000000000003));
#1811=VERTEX_POINT('',#1810);
#1812=CARTESIAN_POINT('',(66.356117999999995,56.465409999999999,-39.200000000000003));
#1813=DIRECTION('',(0.0,1.0,0.0));
#1814=VECTOR('',#1813,3.200000000000003);
#1815=LINE('',#1812,#1814);
#1816=EDGE_CURVE('',#1788,#1811,#1815,.T.);
#1817=ORIENTED_EDGE('',*,*,#1816,.F.);
#1818=ORIENTED_EDGE('',*,*,#1793,.T.);
#1819=CARTESIAN_POINT('',(66.356117999999995,59.665410000000001,-24.320001000000001));
#1820=VERTEX_POINT('',#1819);
#1821=CARTESIAN_POINT('',(66.356117999999995,59.665410000000001,-24.320001000000001));
#1822=DIRECTION('',(0.0,-1.0,0.0));
#1823=VECTOR('',#1822,3.200000000000003);
#1824=LINE('',#1821,#1823);
#1825=EDGE_CURVE('',#1820,#1779,#1824,.T.);
#1826=ORIENTED_EDGE('',*,*,#1825,.F.);
#1827=CARTESIAN_POINT('',(66.356117999999995,59.665410000000001,-39.200000000000003));
#1828=DIRECTION('',(0.0,0.0,1.0));
#1829=VECTOR('',#1828,14.879999000000002);
#1830=LINE('',#1827,#1829);
#1831=EDGE_CURVE('',#1811,#1820,#1830,.T.);
#1832=ORIENTED_EDGE('',*,*,#1831,.F.);
#1833=EDGE_LOOP('',(#1817,#1818,#1826,#1832));
#1834=FACE_OUTER_BOUND('',#1833,.T.);
#1835=ADVANCED_FACE('',(#1834),#1809,.T.);
#1836=CARTESIAN_POINT('',(75.816120400000003,65.965410000000006,-38.500000000000000));
#1837=DIRECTION('',(0.0,0.0,1.0));
#1838=DIRECTION('',(1.0,0.0,0.0));
#1839=AXIS2_PLACEMENT_3D('',#1836,#1837,#1838);
#1840=PLANE('',#1839);
#1841=ORIENTED_EDGE('',*,*,#1560,.F.);
#1842=ORIENTED_EDGE('',*,*,#1582,.F.);
#1843=ORIENTED_EDGE('',*,*,#1709,.F.);
#1844=CARTESIAN_POINT('',(73.116118000000000,59.665410000000001,-38.500000000000000));
#1845=DIRECTION('',(1.0,0.0,0.0));
#1846=VECTOR('',#1845,1.340000000000003);
#1847=LINE('',#1844,#1846);
#1848=EDGE_CURVE('',#1515,#1698,#1847,.T.);
#1849=ORIENTED_EDGE('',*,*,#1848,.F.);
#1850=ORIENTED_EDGE('',*,*,#1520,.F.);
#1851=ORIENTED_EDGE('',*,*,#1649,.F.);
#1852=ORIENTED_EDGE('',*,*,#1613,.F.);
#1853=EDGE_LOOP('',(#1841,#1842,#1843,#1849,#1850,#1851,#1852));
#1854=FACE_OUTER_BOUND('',#1853,.T.);
#1855=ADVANCED_FACE('',(#1854),#1840,.F.);
#1856=CARTESIAN_POINT('',(75.816120400000003,59.665410000000001,-38.500000000000000));
#1857=DIRECTION('',(0.0,-1.0,0.0));
#1858=DIRECTION('',(0.0,0.0,-1.0));
#1859=AXIS2_PLACEMENT_3D('',#1856,#1857,#1858);
#1860=PLANE('',#1859);
#1861=ORIENTED_EDGE('',*,*,#1703,.F.);
#1862=CARTESIAN_POINT('',(73.956118000000004,59.665410000000001,-39.700000000000003));
#1863=VERTEX_POINT('',#1862);
#1864=CARTESIAN_POINT('',(73.956118000000004,59.665410000000001,-39.200000000000003));
#1865=DIRECTION('',(0.0,-1.0,0.0));
#1866=DIRECTION('',(-1.0,0.0,0.0));
#1867=AXIS2_PLACEMENT_3D('',#1864,#1865,#1866);
#1868=CIRCLE('',#1867,0.500000000000000);
#1869=EDGE_CURVE('',#1863,#1688,#1868,.T.);
#1870=ORIENTED_EDGE('',*,*,#1869,.F.);
#1871=CARTESIAN_POINT('',(66.856118000000009,59.665410000000001,-39.700000000000003));
#1872=VERTEX_POINT('',#1871);
#1873=CARTESIAN_POINT('',(73.956118000000004,59.665410000000001,-39.700000000000003));
#1874=DIRECTION('',(-1.0,0.0,0.0));
#1875=VECTOR('',#1874,7.100000000000009);
#1876=LINE('',#1873,#1875);
#1877=EDGE_CURVE('',#1863,#1872,#1876,.T.);
#1878=ORIENTED_EDGE('',*,*,#1877,.T.);
#1879=CARTESIAN_POINT('',(66.856118000000009,59.665410000000001,-39.200000000000003));
#1880=DIRECTION('',(0.0,1.0,0.0));
#1881=DIRECTION('',(1.0,0.0,0.0));
#1882=AXIS2_PLACEMENT_3D('',#1879,#1880,#1881);
#1883=CIRCLE('',#1882,0.500000000000000);
#1884=EDGE_CURVE('',#1872,#1811,#1883,.T.);
#1885=ORIENTED_EDGE('',*,*,#1884,.T.);
#1886=ORIENTED_EDGE('',*,*,#1831,.T.);
#1887=CARTESIAN_POINT('',(66.856118000000009,59.665410000000001,-23.820001000000005));
#1888=VERTEX_POINT('',#1887);
#1889=CARTESIAN_POINT('',(66.856118000000009,59.665410000000001,-24.320001000000001));
#1890=DIRECTION('',(0.0,-1.0,0.0));
#1891=DIRECTION('',(-1.0,0.0,0.0));
#1892=AXIS2_PLACEMENT_3D('',#1889,#1890,#1891);
#1893=CIRCLE('',#1892,0.500000000000000);
#1894=EDGE_CURVE('',#1888,#1820,#1893,.T.);
#1895=ORIENTED_EDGE('',*,*,#1894,.F.);
#1896=CARTESIAN_POINT('',(73.956118000000004,59.665410000000001,-23.820001000000005));
#1897=VERTEX_POINT('',#1896);
#1898=CARTESIAN_POINT('',(73.956118000000004,59.665410000000001,-23.820001000000005));
#1899=DIRECTION('',(-1.0,0.0,0.0));
#1900=VECTOR('',#1899,7.100000000000009);
#1901=LINE('',#1898,#1900);
#1902=EDGE_CURVE('',#1897,#1888,#1901,.T.);
#1903=ORIENTED_EDGE('',*,*,#1902,.F.);
#1904=CARTESIAN_POINT('',(73.956118000000004,59.665410000000001,-24.320001000000001));
#1905=DIRECTION('',(0.0,1.0,0.0));
#1906=DIRECTION('',(1.0,0.0,0.0));
#1907=AXIS2_PLACEMENT_3D('',#1904,#1905,#1906);
#1908=CIRCLE('',#1907,0.500000000000000);
#1909=EDGE_CURVE('',#1897,#1714,#1908,.T.);
#1910=ORIENTED_EDGE('',*,*,#1909,.T.);
#1911=ORIENTED_EDGE('',*,*,#1719,.F.);
#1912=ORIENTED_EDGE('',*,*,#1671,.F.);
#1913=ORIENTED_EDGE('',*,*,#1526,.F.);
#1914=ORIENTED_EDGE('',*,*,#1848,.T.);
#1915=EDGE_LOOP('',(#1861,#1870,#1878,#1885,#1886,#1895,#1903,#1910,#1911,#1912,#1913,#1914));
#1916=FACE_OUTER_BOUND('',#1915,.T.);
#1917=ADVANCED_FACE('',(#1916),#1860,.F.);
#1918=CARTESIAN_POINT('',(0.0,-7.105427E-015,-39.700000000000003));
#1919=DIRECTION('',(0.0,0.0,1.0));
#1920=DIRECTION('',(1.0,0.0,0.0));
#1921=AXIS2_PLACEMENT_3D('',#1918,#1919,#1920);
#1922=PLANE('',#1921);
#1923=CARTESIAN_POINT('',(73.956118000000004,59.665410000000001,-39.700000000000003));
#1924=DIRECTION('',(0.0,-1.0,0.0));
#1925=VECTOR('',#1924,3.200000000000003);
#1926=LINE('',#1923,#1925);
#1927=EDGE_CURVE('',#1863,#1744,#1926,.T.);
#1928=ORIENTED_EDGE('',*,*,#1927,.T.);
#1929=ORIENTED_EDGE('',*,*,#1751,.T.);
#1930=CARTESIAN_POINT('',(66.856118000000009,56.465409999999999,-39.700000000000003));
#1931=DIRECTION('',(0.0,1.0,0.0));
#1932=VECTOR('',#1931,3.200000000000003);
#1933=LINE('',#1930,#1932);
#1934=EDGE_CURVE('',#1746,#1872,#1933,.T.);
#1935=ORIENTED_EDGE('',*,*,#1934,.T.);
#1936=ORIENTED_EDGE('',*,*,#1877,.F.);
#1937=EDGE_LOOP('',(#1928,#1929,#1935,#1936));
#1938=FACE_OUTER_BOUND('',#1937,.T.);
#1939=ADVANCED_FACE('',(#1938),#1922,.F.);
#1940=CARTESIAN_POINT('',(66.856118000000009,-7.105427E-015,-39.200000000000003));
#1941=DIRECTION('',(0.0,1.0,0.0));
#1942=DIRECTION('',(1.0,0.0,0.0));
#1943=AXIS2_PLACEMENT_3D('',#1940,#1941,#1942);
#1944=CYLINDRICAL_SURFACE('',#1943,0.500000000000000);
#1945=ORIENTED_EDGE('',*,*,#1934,.F.);
#1946=ORIENTED_EDGE('',*,*,#1800,.T.);
#1947=ORIENTED_EDGE('',*,*,#1816,.T.);
#1948=ORIENTED_EDGE('',*,*,#1884,.F.);
#1949=EDGE_LOOP('',(#1945,#1946,#1947,#1948));
#1950=FACE_OUTER_BOUND('',#1949,.T.);
#1951=ADVANCED_FACE('',(#1950),#1944,.T.);
#1952=CARTESIAN_POINT('',(73.956118000000004,-7.105427E-015,-39.200000000000003));
#1953=DIRECTION('',(0.0,-1.0,0.0));
#1954=DIRECTION('',(-1.0,0.0,0.0));
#1955=AXIS2_PLACEMENT_3D('',#1952,#1953,#1954);
#1956=CYLINDRICAL_SURFACE('',#1955,0.500000000000000);
#1957=ORIENTED_EDGE('',*,*,#1927,.F.);
#1958=ORIENTED_EDGE('',*,*,#1869,.T.);
#1959=ORIENTED_EDGE('',*,*,#1695,.T.);
#1960=ORIENTED_EDGE('',*,*,#1758,.F.);
#1961=EDGE_LOOP('',(#1957,#1958,#1959,#1960));
#1962=FACE_OUTER_BOUND('',#1961,.T.);
#1963=ADVANCED_FACE('',(#1962),#1956,.T.);
#1964=CARTESIAN_POINT('',(0.0,7.105427E-015,-23.820001000000005));
#1965=DIRECTION('',(0.0,0.0,1.0));
#1966=DIRECTION('',(1.0,0.0,0.0));
#1967=AXIS2_PLACEMENT_3D('',#1964,#1965,#1966);
#1968=PLANE('',#1967);
#1969=CARTESIAN_POINT('',(73.956118000000004,56.465409999999999,-23.820001000000005));
#1970=DIRECTION('',(0.0,1.0,0.0));
#1971=VECTOR('',#1970,3.200000000000003);
#1972=LINE('',#1969,#1971);
#1973=EDGE_CURVE('',#1762,#1897,#1972,.T.);
#1974=ORIENTED_EDGE('',*,*,#1973,.T.);
#1975=ORIENTED_EDGE('',*,*,#1902,.T.);
#1976=CARTESIAN_POINT('',(66.856118000000009,59.665410000000001,-23.820001000000005));
#1977=DIRECTION('',(0.0,-1.0,0.0));
#1978=VECTOR('',#1977,3.200000000000003);
#1979=LINE('',#1976,#1978);
#1980=EDGE_CURVE('',#1888,#1771,#1979,.T.);
#1981=ORIENTED_EDGE('',*,*,#1980,.T.);
#1982=ORIENTED_EDGE('',*,*,#1776,.F.);
#1983=EDGE_LOOP('',(#1974,#1975,#1981,#1982));
#1984=FACE_OUTER_BOUND('',#1983,.T.);
#1985=ADVANCED_FACE('',(#1984),#1968,.T.);
#1986=CARTESIAN_POINT('',(66.856118000000009,0.0,-24.320001000000001));
#1987=DIRECTION('',(0.0,-1.0,0.0));
#1988=DIRECTION('',(-1.0,0.0,0.0));
#1989=AXIS2_PLACEMENT_3D('',#1986,#1987,#1988);
#1990=CYLINDRICAL_SURFACE('',#1989,0.500000000000000);
#1991=ORIENTED_EDGE('',*,*,#1980,.F.);
#1992=ORIENTED_EDGE('',*,*,#1894,.T.);
#1993=ORIENTED_EDGE('',*,*,#1825,.T.);
#1994=ORIENTED_EDGE('',*,*,#1785,.F.);
#1995=EDGE_LOOP('',(#1991,#1992,#1993,#1994));
#1996=FACE_OUTER_BOUND('',#1995,.T.);
#1997=ADVANCED_FACE('',(#1996),#1990,.T.);
#1998=CARTESIAN_POINT('',(73.956118000000004,0.0,-24.320001000000001));
#1999=DIRECTION('',(0.0,1.0,0.0));
#2000=DIRECTION('',(1.0,0.0,0.0));
#2001=AXIS2_PLACEMENT_3D('',#1998,#1999,#2000);
#2002=CYLINDRICAL_SURFACE('',#2001,0.500000000000000);
#2003=ORIENTED_EDGE('',*,*,#1973,.F.);
#2004=ORIENTED_EDGE('',*,*,#1768,.T.);
#2005=ORIENTED_EDGE('',*,*,#1727,.T.);
#2006=ORIENTED_EDGE('',*,*,#1909,.F.);
#2007=EDGE_LOOP('',(#2003,#2004,#2005,#2006));
#2008=FACE_OUTER_BOUND('',#2007,.T.);
#2009=ADVANCED_FACE('',(#2008),#2002,.T.);
#2010=CLOSED_SHELL('',(#1530,#1570,#1601,#1632,#1654,#1681,#1737,#1804,#1835,#1855,#1917,#1939,#1951,#1963,#1985,#1997,#2009));
#2011=MANIFOLD_SOLID_BREP('p1.1',#2010);
#2012=COLOUR_RGB('',1.0,0.0,1.0);
#2013=DRAUGHTING_PRE_DEFINED_CURVE_FONT('continuous');
#2014=CURVE_STYLE('',#2013,POSITIVE_LENGTH_MEASURE(0.100000000000000),#2012);
#2015=FILL_AREA_STYLE_COLOUR('',#2012);
#2016=FILL_AREA_STYLE('',(#2015));
#2017=SURFACE_STYLE_FILL_AREA(#2016);
#2018=SURFACE_SIDE_STYLE('',(#2017));
#2019=SURFACE_STYLE_USAGE(.BOTH.,#2018);
#2020=PRESENTATION_STYLE_ASSIGNMENT((#2014,#2019));
#2021=STYLED_ITEM('',(#2020,#2029),#2011);
#2022=MECHANICAL_DESIGN_GEOMETRIC_PRESENTATION_REPRESENTATION('',(#2021),#1490);
#2023=DRAUGHTING_PRE_DEFINED_COLOUR('magenta');
#2024=FILL_AREA_STYLE_COLOUR('\X2\FFFD\X0\v\X2\FFFDFFFD\X0\',#2023);
#2025=FILL_AREA_STYLE('\X2\FFFD\X0\v\X2\FFFDFFFD\X0\',(#2024));
#2026=SURFACE_STYLE_FILL_AREA(#2025);
#2027=SURFACE_SIDE_STYLE('\X2\FFFD\X0\v\X2\FFFDFFFD\X0\',(#2026));
#2028=SURFACE_STYLE_USAGE(.BOTH.,#2027);
#2029=PRESENTATION_STYLE_ASSIGNMENT((#2028));
#2030=ADVANCED_BREP_SHAPE_REPRESENTATION('ABSR',(#2011),#1459);
#2031=SHAPE_REPRESENTATION_RELATIONSHIP('SRR','None',#2030,#1464);
#2032=AXIS2_PLACEMENT_3D('',#2033,#2034,#2035);
#2033=CARTESIAN_POINT('',(0.0,0.0,0.0));
#2034=DIRECTION('',(0.0,0.0,1.0));
#2035=DIRECTION('',(1.0,0.0,0.0));
#2036=NEXT_ASSEMBLY_USAGE_OCCURRENCE('p1.1_1:1','p1.1_1:1','p1.1_1:1',#1055,#1435,'p1.1_1:1');
#2037=PRODUCT_DEFINITION_SHAPE('p1.1_1:1','p1.1_1:1',#2036);
#2038=ITEM_DEFINED_TRANSFORMATION('p1.1_1:1','p1.1_1:1',#1460,#2032);
#2042=(REPRESENTATION_RELATIONSHIP('p1.1_1:1','p1.1_1:1',#1464,#1084)REPRESENTATION_RELATIONSHIP_WITH_TRANSFORMATION(#2038)SHAPE_REPRESENTATION_RELATIONSHIP());
#2043=CONTEXT_DEPENDENT_SHAPE_REPRESENTATION(#2042,#2037);
#2044=AXIS2_PLACEMENT_3D('',#2045,#2046,#2047);
#2045=CARTESIAN_POINT('',(0.0,0.0,3.960000000000020));
#2046=DIRECTION('',(0.0,0.0,1.0));
#2047=DIRECTION('',(1.0,0.0,0.0));
#2048=NEXT_ASSEMBLY_USAGE_OCCURRENCE('8.1.1:2','8.1.1:2','8.1.1:2',#1055,#1094,'8.1.1:2');
#2049=PRODUCT_DEFINITION_SHAPE('8.1.1:2','8.1.1:2',#2048);
#2050=ITEM_DEFINED_TRANSFORMATION('8.1.1:2','8.1.1:2',#1119,#2044);
#2054=(REPRESENTATION_RELATIONSHIP('8.1.1:2','8.1.1:2',#1123,#1084)REPRESENTATION_RELATIONSHIP_WITH_TRANSFORMATION(#2050)SHAPE_REPRESENTATION_RELATIONSHIP());
#2055=CONTEXT_DEPENDENT_SHAPE_REPRESENTATION(#2054,#2049);
#2056=AXIS2_PLACEMENT_3D('',#2057,#2058,#2059);
#2057=CARTESIAN_POINT('',(0.0,0.0,3.019807E-014));
#2058=DIRECTION('',(0.0,0.0,1.0));
#2059=DIRECTION('',(1.0,0.0,0.0));
#2060=NEXT_ASSEMBLY_USAGE_OCCURRENCE('8.1.1:3','8.1.1:3','8.1.1:3',#1055,#1094,'8.1.1:3');
#2061=PRODUCT_DEFINITION_SHAPE('8.1.1:3','8.1.1:3',#2060);
#2062=ITEM_DEFINED_TRANSFORMATION('8.1.1:3','8.1.1:3',#1119,#2056);
#2066=(REPRESENTATION_RELATIONSHIP('8.1.1:3','8.1.1:3',#1123,#1084)REPRESENTATION_RELATIONSHIP_WITH_TRANSFORMATION(#2062)SHAPE_REPRESENTATION_RELATIONSHIP());
#2067=CONTEXT_DEPENDENT_SHAPE_REPRESENTATION(#2066,#2061);
#2068=AXIS2_PLACEMENT_3D('',#2069,#2070,#2071);
#2069=CARTESIAN_POINT('',(0.0,0.0,-3.959999999999970));
#2070=DIRECTION('',(0.0,0.0,1.0));
#2071=DIRECTION('',(1.0,0.0,0.0));
#2072=NEXT_ASSEMBLY_USAGE_OCCURRENCE('8.1.1:4','8.1.1:4','8.1.1:4',#1055,#1094,'8.1.1:4');
#2073=PRODUCT_DEFINITION_SHAPE('8.1.1:4','8.1.1:4',#2072);
#2074=ITEM_DEFINED_TRANSFORMATION('8.1.1:4','8.1.1:4',#1119,#2068);
#2078=(REPRESENTATION_RELATIONSHIP('8.1.1:4','8.1.1:4',#1123,#1084)REPRESENTATION_RELATIONSHIP_WITH_TRANSFORMATION(#2074)SHAPE_REPRESENTATION_RELATIONSHIP());
#2079=CONTEXT_DEPENDENT_SHAPE_REPRESENTATION(#2078,#2073);
#2080=AXIS2_PLACEMENT_3D('',#2081,#2082,#2083);
#2081=CARTESIAN_POINT('',(0.0,0.0,0.0));
#2082=DIRECTION('',(0.0,0.0,1.0));
#2083=DIRECTION('',(1.0,0.0,0.0));
#2084=NEXT_ASSEMBLY_USAGE_OCCURRENCE('p1.1_1:2','p1.1_1:2','p1.1_1:2',#1055,#1435,'p1.1_1:2');
#2085=PRODUCT_DEFINITION_SHAPE('p1.1_1:2','p1.1_1:2',#2084);
#2086=ITEM_DEFINED_TRANSFORMATION('p1.1_1:2','p1.1_1:2',#1460,#2080);
#2090=(REPRESENTATION_RELATIONSHIP('p1.1_1:2','p1.1_1:2',#1464,#1084)REPRESENTATION_RELATIONSHIP_WITH_TRANSFORMATION(#2086)SHAPE_REPRESENTATION_RELATIONSHIP());
#2091=CONTEXT_DEPENDENT_SHAPE_REPRESENTATION(#2090,#2085);
#2092=AXIS2_PLACEMENT_3D('',#2093,#2094,#2095);
#2093=CARTESIAN_POINT('',(73.343882000001699,77.700000000000387,56.465410110438597));
#2094=DIRECTION('',(0.0,1.0,0.0));
#2095=DIRECTION('',(1.0,0.0,0.0));
#2096=NEXT_ASSEMBLY_USAGE_OCCURRENCE('JS1120R.1.1:1','JS1120R.1.1:1','JS1120R.1.1:1',#51,#1055,'JS1120R.1.1:1');
#2097=PRODUCT_DEFINITION_SHAPE('JS1120R.1.1:1','JS1120R.1.1:1',#2096);
#2098=ITEM_DEFINED_TRANSFORMATION('JS1120R.1.1:1','JS1120R.1.1:1',#1080,#2092);
#2102=(REPRESENTATION_RELATIONSHIP('JS1120R.1.1:1','JS1120R.1.1:1',#1084,#80)REPRESENTATION_RELATIONSHIP_WITH_TRANSFORMATION(#2098)SHAPE_REPRESENTATION_RELATIONSHIP());
#2103=CONTEXT_DEPENDENT_SHAPE_REPRESENTATION(#2102,#2097);
#2104=APPLICATION_CONTEXT('automotive design');
#2105=APPLICATION_PROTOCOL_DEFINITION('International Standard','automotive_design',2001,#2104);
#2106=PRODUCT_CONTEXT('',#2104,'mechanical');
#2107=PRODUCT('D','D',$,(#2106));
#2108=PRODUCT_RELATED_PRODUCT_CATEGORY('part',$,(#2107));
#2109=PRODUCT_DEFINITION_FORMATION('',$,#2107);
#2110=PRODUCT_DEFINITION_CONTEXT('part definition',#2104,'design');
#2111=PRODUCT_DEFINITION('',$,#2109,#2110);
#2117=(NAMED_UNIT(*)PLANE_ANGLE_UNIT()SI_UNIT($,.RADIAN.));
#2118=DIMENSIONAL_EXPONENTS(0.0,0.0,0.0,0.0,0.0,0.0,0.0);
#2119=PLANE_ANGLE_MEASURE_WITH_UNIT(PLANE_ANGLE_MEASURE(0.017453292500000),#2117);
#2123=(CONVERSION_BASED_UNIT('DEGREE',#2119)NAMED_UNIT(#2118)PLANE_ANGLE_UNIT());
#2127=(NAMED_UNIT(*)SI_UNIT($,.STERADIAN.)SOLID_ANGLE_UNIT());
#2131=(LENGTH_UNIT()NAMED_UNIT(*)SI_UNIT(.MILLI.,.METRE.));
#2133=UNCERTAINTY_MEASURE_WITH_UNIT(LENGTH_MEASURE(0.010000000000000),#2131,'DISTANCE_ACCURACY_VALUE','');
#2135=(GEOMETRIC_REPRESENTATION_CONTEXT(3)GLOBAL_UNCERTAINTY_ASSIGNED_CONTEXT((#2133))GLOBAL_UNIT_ASSIGNED_CONTEXT((#2123,#2127,#2131))REPRESENTATION_CONTEXT('None','None'));
#2136=AXIS2_PLACEMENT_3D('',#2137,#2138,#2139);
#2137=CARTESIAN_POINT('',(0.0,0.0,0.0));
#2138=DIRECTION('',(0.0,0.0,1.0));
#2139=DIRECTION('',(1.0,0.0,0.0));
#2140=SHAPE_REPRESENTATION('',(#2136),#2135);
#2141=PRODUCT_DEFINITION_SHAPE('','',#2111);
#2142=SHAPE_DEFINITION_REPRESENTATION(#2141,#2140);
#2148=(NAMED_UNIT(*)PLANE_ANGLE_UNIT()SI_UNIT($,.RADIAN.));
#2149=DIMENSIONAL_EXPONENTS(0.0,0.0,0.0,0.0,0.0,0.0,0.0);
#2150=PLANE_ANGLE_MEASURE_WITH_UNIT(PLANE_ANGLE_MEASURE(0.017453292500000),#2148);
#2154=(CONVERSION_BASED_UNIT('DEGREE',#2150)NAMED_UNIT(#2149)PLANE_ANGLE_UNIT());
#2158=(NAMED_UNIT(*)SI_UNIT($,.STERADIAN.)SOLID_ANGLE_UNIT());
#2162=(LENGTH_UNIT()NAMED_UNIT(*)SI_UNIT(.MILLI.,.METRE.));
#2164=UNCERTAINTY_MEASURE_WITH_UNIT(LENGTH_MEASURE(0.000001000000000),#2162,'DISTANCE_ACCURACY_VALUE','');
#2166=(GEOMETRIC_REPRESENTATION_CONTEXT(3)GLOBAL_UNCERTAINTY_ASSIGNED_CONTEXT((#2164))GLOBAL_UNIT_ASSIGNED_CONTEXT((#2154,#2158,#2162))REPRESENTATION_CONTEXT('','3D'));
#2167=CARTESIAN_POINT('',(3.629042E-015,130.750000000000000,1.379036E-013));
#2168=DIRECTION('',(0.0,0.0,-1.0));
#2169=DIRECTION('',(-1.0,0.0,0.0));
#2170=AXIS2_PLACEMENT_3D('',#2167,#2168,#2169);
#2171=PLANE('',#2170);
#2172=CARTESIAN_POINT('',(99.562496819603808,79.999997360203110,8.423112E-014));
#2173=VERTEX_POINT('',#2172);
#2174=CARTESIAN_POINT('',(124.499997379502010,79.999997360203110,8.384179E-014));
#2175=VERTEX_POINT('',#2174);
#2176=CARTESIAN_POINT('',(99.562496819603808,79.999997360203110,8.578554E-014));
#2177=DIRECTION('',(1.0,0.0,0.0));
#2178=VECTOR('',#2177,24.937500559898197);
#2179=LINE('',#2176,#2178);
#2180=EDGE_CURVE('',#2173,#2175,#2179,.T.);
#2181=ORIENTED_EDGE('',*,*,#2180,.F.);
#2182=CARTESIAN_POINT('',(99.562496819603808,50.749999980320098,5.419265E-014));
#2183=VERTEX_POINT('',#2182);
#2184=CARTESIAN_POINT('',(99.562496819603808,50.749999980320098,1.363492E-013));
#2185=DIRECTION('',(0.0,1.0,0.0));
#2186=VECTOR('',#2185,29.249997379883013);
#2187=LINE('',#2184,#2186);
#2188=EDGE_CURVE('',#2183,#2173,#2187,.T.);
#2189=ORIENTED_EDGE('',*,*,#2188,.F.);
#2190=CARTESIAN_POINT('',(124.499997379502010,50.749999980320098,5.380332E-014));
#2191=VERTEX_POINT('',#2190);
#2192=CARTESIAN_POINT('',(124.499997379502010,50.749999980320098,5.574707E-014));
#2193=DIRECTION('',(-1.0,0.0,0.0));
#2194=VECTOR('',#2193,24.937500559898197);
#2195=LINE('',#2192,#2194);
#2196=EDGE_CURVE('',#2191,#2183,#2195,.T.);
#2197=ORIENTED_EDGE('',*,*,#2196,.F.);
#2198=CARTESIAN_POINT('',(124.499997379502010,79.999997360203110,8.384179E-014));
#2199=DIRECTION('',(0.0,-1.0,0.0));
#2200=VECTOR('',#2199,29.249997379883006);
#2201=LINE('',#2198,#2200);
#2202=EDGE_CURVE('',#2175,#2191,#2201,.T.);
#2203=ORIENTED_EDGE('',*,*,#2202,.F.);
#2204=EDGE_LOOP('',(#2181,#2189,#2197,#2203));
#2205=FACE_OUTER_BOUND('',#2204,.T.);
#2206=ADVANCED_FACE('',(#2205),#2171,.F.);
#2207=CARTESIAN_POINT('',(124.499997379502010,50.749999980320098,5.380332E-014));
#2208=DIRECTION('',(1.0,0.0,0.0));
#2209=DIRECTION('',(0.0,0.0,-1.0));
#2210=AXIS2_PLACEMENT_3D('',#2207,#2208,#2209);
#2211=PLANE('',#2210);
#2212=ORIENTED_EDGE('',*,*,#2202,.T.);
#2213=CARTESIAN_POINT('',(124.499997379502010,50.749999980320098,-6.999999999999953));
#2214=VERTEX_POINT('',#2213);
#2215=CARTESIAN_POINT('',(124.499997379502010,50.749999980320098,5.380332E-014));
#2216=DIRECTION('',(0.0,0.0,-1.0));
#2217=VECTOR('',#2216,7.000000000000006);
#2218=LINE('',#2215,#2217);
#2219=EDGE_CURVE('',#2191,#2214,#2218,.T.);
#2220=ORIENTED_EDGE('',*,*,#2219,.T.);
#2221=CARTESIAN_POINT('',(124.499997379502010,79.999997360203110,-6.999999999999921));
#2222=VERTEX_POINT('',#2221);
#2223=CARTESIAN_POINT('',(124.499997379502010,79.999997360203110,-6.999999999999921));
#2224=DIRECTION('',(0.0,-1.0,0.0));
#2225=VECTOR('',#2224,29.249997379883006);
#2226=LINE('',#2223,#2225);
#2227=EDGE_CURVE('',#2222,#2214,#2226,.T.);
#2228=ORIENTED_EDGE('',*,*,#2227,.F.);
#2229=CARTESIAN_POINT('',(124.499997379502010,79.999997360203110,8.384179E-014));
#2230=DIRECTION('',(0.0,0.0,-1.0));
#2231=VECTOR('',#2230,7.000000000000005);
#2232=LINE('',#2229,#2231);
#2233=EDGE_CURVE('',#2175,#2222,#2232,.T.);
#2234=ORIENTED_EDGE('',*,*,#2233,.F.);
#2235=EDGE_LOOP('',(#2212,#2220,#2228,#2234));
#2236=FACE_OUTER_BOUND('',#2235,.T.);
#2237=ADVANCED_FACE('',(#2236),#2211,.T.);
#2238=CARTESIAN_POINT('',(99.062496819603822,50.749999980320098,5.420046E-014));
#2239=DIRECTION('',(0.0,-1.0,0.0));
#2240=DIRECTION('',(0.0,0.0,-1.0));
#2241=AXIS2_PLACEMENT_3D('',#2238,#2239,#2240);
#2242=PLANE('',#2241);
#2243=ORIENTED_EDGE('',*,*,#2196,.T.);
#2244=CARTESIAN_POINT('',(99.562496819603808,50.749999980320098,-6.999999999999953));
#2245=VERTEX_POINT('',#2244);
#2246=CARTESIAN_POINT('',(99.562496819603808,50.749999980320098,5.419265E-014));
#2247=DIRECTION('',(0.0,0.0,-1.0));
#2248=VECTOR('',#2247,7.000000000000007);
#2249=LINE('',#2246,#2248);
#2250=EDGE_CURVE('',#2183,#2245,#2249,.T.);
#2251=ORIENTED_EDGE('',*,*,#2250,.T.);
#2252=CARTESIAN_POINT('',(104.487797119582010,50.749999980320098,-6.999999999999953));
#2253=VERTEX_POINT('',#2252);
#2254=CARTESIAN_POINT('',(104.487797119582010,50.749999980320098,-6.999999999999941));
#2255=DIRECTION('',(-1.0,0.0,0.0));
#2256=VECTOR('',#2255,4.925300299978204);
#2257=LINE('',#2254,#2256);
#2258=EDGE_CURVE('',#2253,#2245,#2257,.T.);
#2259=ORIENTED_EDGE('',*,*,#2258,.F.);
#2260=CARTESIAN_POINT('',(104.487797119582010,50.749999980320098,-26.999999999999901));
#2261=VERTEX_POINT('',#2260);
#2262=CARTESIAN_POINT('',(104.487797119582010,50.749999980320098,-6.999999999999953));
#2263=DIRECTION('',(0.0,0.0,-1.0));
#2264=VECTOR('',#2263,19.999999999999947);
#2265=LINE('',#2262,#2264);
#2266=EDGE_CURVE('',#2253,#2261,#2265,.T.);
#2267=ORIENTED_EDGE('',*,*,#2266,.T.);
#2268=CARTESIAN_POINT('',(118.564494899526010,50.749999980320098,-26.999999999999901));
#2269=VERTEX_POINT('',#2268);
#2270=CARTESIAN_POINT('',(104.487797119582010,50.749999980320098,-26.999999999999901));
#2271=DIRECTION('',(1.0,0.0,0.0));
#2272=VECTOR('',#2271,14.076697779943999);
#2273=LINE('',#2270,#2272);
#2274=EDGE_CURVE('',#2261,#2269,#2273,.T.);
#2275=ORIENTED_EDGE('',*,*,#2274,.T.);
#2276=CARTESIAN_POINT('',(118.564494899526010,50.749999980320098,-6.999999999999953));
#2277=VERTEX_POINT('',#2276);
#2278=CARTESIAN_POINT('',(118.564494899526010,50.749999980320098,-6.999999999999953));
#2279=DIRECTION('',(0.0,0.0,-1.0));
#2280=VECTOR('',#2279,19.999999999999947);
#2281=LINE('',#2278,#2280);
#2282=EDGE_CURVE('',#2277,#2269,#2281,.T.);
#2283=ORIENTED_EDGE('',*,*,#2282,.F.);
#2284=CARTESIAN_POINT('',(124.499997379502010,50.749999980320098,-6.999999999999953));
#2285=DIRECTION('',(-1.0,0.0,0.0));
#2286=VECTOR('',#2285,5.935502479975995);
#2287=LINE('',#2284,#2286);
#2288=EDGE_CURVE('',#2214,#2277,#2287,.T.);
#2289=ORIENTED_EDGE('',*,*,#2288,.F.);
#2290=ORIENTED_EDGE('',*,*,#2219,.F.);
#2291=EDGE_LOOP('',(#2243,#2251,#2259,#2267,#2275,#2283,#2289,#2290));
#2292=FACE_OUTER_BOUND('',#2291,.T.);
#2293=ADVANCED_FACE('',(#2292),#2242,.T.);
#2294=CARTESIAN_POINT('',(99.562496819603808,79.999997360203110,8.423112E-014));
#2295=DIRECTION('',(-1.0,0.0,0.0));
#2296=DIRECTION('',(0.0,0.0,1.0));
#2297=AXIS2_PLACEMENT_3D('',#2294,#2295,#2296);
#2298=PLANE('',#2297);
#2299=ORIENTED_EDGE('',*,*,#2188,.T.);
#2300=CARTESIAN_POINT('',(99.562496819603808,79.999997360203110,-6.999999999999921));
#2301=VERTEX_POINT('',#2300);
#2302=CARTESIAN_POINT('',(99.562496819603808,79.999997360203110,-6.999999999999921));
#2303=DIRECTION('',(0.0,0.0,1.0));
#2304=VECTOR('',#2303,7.000000000000005);
#2305=LINE('',#2302,#2304);
#2306=EDGE_CURVE('',#2301,#2173,#2305,.T.);
#2307=ORIENTED_EDGE('',*,*,#2306,.F.);
#2308=CARTESIAN_POINT('',(99.562496819603808,50.749999980320098,-6.999999999999861));
#2309=DIRECTION('',(0.0,1.0,0.0));
#2310=VECTOR('',#2309,29.249997379883013);
#2311=LINE('',#2308,#2310);
#2312=EDGE_CURVE('',#2245,#2301,#2311,.T.);
#2313=ORIENTED_EDGE('',*,*,#2312,.F.);
#2314=ORIENTED_EDGE('',*,*,#2250,.F.);
#2315=EDGE_LOOP('',(#2299,#2307,#2313,#2314));
#2316=FACE_OUTER_BOUND('',#2315,.T.);
#2317=ADVANCED_FACE('',(#2316),#2298,.T.);
#2318=CARTESIAN_POINT('',(104.487797119582010,79.999997360203110,8.415423E-014));
#2319=DIRECTION('',(-1.0,0.0,0.0));
#2320=DIRECTION('',(0.0,0.0,1.0));
#2321=AXIS2_PLACEMENT_3D('',#2318,#2319,#2320);
#2322=PLANE('',#2321);
#2323=CARTESIAN_POINT('',(104.487797119582010,71.657342496962912,-6.999999999999921));
#2324=VERTEX_POINT('',#2323);
#2325=CARTESIAN_POINT('',(104.487797119582010,79.999997360203110,-6.999999999999921));
#2326=VERTEX_POINT('',#2325);
#2327=CARTESIAN_POINT('',(104.487797119582010,71.657342496962912,-6.999999999999861));
#2328=DIRECTION('',(0.0,1.0,0.0));
#2329=VECTOR('',#2328,8.342654863240185);
#2330=LINE('',#2327,#2329);
#2331=EDGE_CURVE('',#2324,#2326,#2330,.T.);
#2332=ORIENTED_EDGE('',*,*,#2331,.T.);
#2333=CARTESIAN_POINT('',(104.487797119582010,79.999997360203110,-26.999999999999901));
#2334=VERTEX_POINT('',#2333);
#2335=CARTESIAN_POINT('',(104.487797119582010,79.999997360203110,-6.999999999999921));
#2336=DIRECTION('',(0.0,0.0,-1.0));
#2337=VECTOR('',#2336,19.999999999999979);
#2338=LINE('',#2335,#2337);
#2339=EDGE_CURVE('',#2326,#2334,#2338,.T.);
#2340=ORIENTED_EDGE('',*,*,#2339,.T.);
#2341=CARTESIAN_POINT('',(104.487797119582010,79.999997360203110,-26.999999999999901));
#2342=DIRECTION('',(0.0,-1.0,0.0));
#2343=VECTOR('',#2342,29.249997379883006);
#2344=LINE('',#2341,#2343);
#2345=EDGE_CURVE('',#2334,#2261,#2344,.T.);
#2346=ORIENTED_EDGE('',*,*,#2345,.T.);
#2347=ORIENTED_EDGE('',*,*,#2266,.F.);
#2348=CARTESIAN_POINT('',(104.487797119582010,59.092654843560204,-6.999999999999941));
#2349=VERTEX_POINT('',#2348);
#2350=CARTESIAN_POINT('',(104.487797119582010,50.749999980320098,-6.999999999999861));
#2351=DIRECTION('',(0.0,1.0,0.0));
#2352=VECTOR('',#2351,8.342654863240107);
#2353=LINE('',#2350,#2352);
#2354=EDGE_CURVE('',#2253,#2349,#2353,.T.);
#2355=ORIENTED_EDGE('',*,*,#2354,.T.);
#2356=CARTESIAN_POINT('',(104.487797119582010,59.092654843560204,-21.999999999999901));
#2357=VERTEX_POINT('',#2356);
#2358=CARTESIAN_POINT('',(104.487797119582010,59.092654843560204,-6.999999999999941));
#2359=DIRECTION('',(0.0,0.0,-1.0));
#2360=VECTOR('',#2359,14.999999999999961);
#2361=LINE('',#2358,#2360);
#2362=EDGE_CURVE('',#2349,#2357,#2361,.T.);
#2363=ORIENTED_EDGE('',*,*,#2362,.T.);
#2364=CARTESIAN_POINT('',(104.487797119582010,71.657342496962912,-21.999999999999901));
#2365=VERTEX_POINT('',#2364);
#2366=CARTESIAN_POINT('',(104.487797119582010,71.657342496962912,-21.999999999999901));
#2367=DIRECTION('',(0.0,-1.0,0.0));
#2368=VECTOR('',#2367,12.564687653402714);
#2369=LINE('',#2366,#2368);
#2370=EDGE_CURVE('',#2365,#2357,#2369,.T.);
#2371=ORIENTED_EDGE('',*,*,#2370,.F.);
#2372=CARTESIAN_POINT('',(104.487797119582010,71.657342496962912,-6.999999999999921));
#2373=DIRECTION('',(0.0,0.0,-1.0));
#2374=VECTOR('',#2373,14.999999999999979);
#2375=LINE('',#2372,#2374);
#2376=EDGE_CURVE('',#2324,#2365,#2375,.T.);
#2377=ORIENTED_EDGE('',*,*,#2376,.F.);
#2378=EDGE_LOOP('',(#2332,#2340,#2346,#2347,#2355,#2363,#2371,#2377));
#2379=FACE_OUTER_BOUND('',#2378,.T.);
#2380=ADVANCED_FACE('',(#2379),#2322,.T.);
#2381=CARTESIAN_POINT('',(124.499997379502010,79.999997360203110,8.384179E-014));
#2382=DIRECTION('',(0.0,1.0,0.0));
#2383=DIRECTION('',(0.0,0.0,1.0));
#2384=AXIS2_PLACEMENT_3D('',#2381,#2382,#2383);
#2385=PLANE('',#2384);
#2386=CARTESIAN_POINT('',(99.562496819603808,79.999997360203110,-6.999999999999911));
#2387=DIRECTION('',(1.0,0.0,0.0));
#2388=VECTOR('',#2387,4.925300299978204);
#2389=LINE('',#2386,#2388);
#2390=EDGE_CURVE('',#2301,#2326,#2389,.T.);
#2391=ORIENTED_EDGE('',*,*,#2390,.F.);
#2392=ORIENTED_EDGE('',*,*,#2306,.T.);
#2393=ORIENTED_EDGE('',*,*,#2180,.T.);
#2394=ORIENTED_EDGE('',*,*,#2233,.T.);
#2395=CARTESIAN_POINT('',(118.564494899526010,79.999997360203110,-6.999999999999921));
#2396=VERTEX_POINT('',#2395);
#2397=CARTESIAN_POINT('',(118.564494899526010,79.999997360203110,-6.999999999999921));
#2398=DIRECTION('',(1.0,0.0,0.0));
#2399=VECTOR('',#2398,5.935502479975995);
#2400=LINE('',#2397,#2399);
#2401=EDGE_CURVE('',#2396,#2222,#2400,.T.);
#2402=ORIENTED_EDGE('',*,*,#2401,.F.);
#2403=CARTESIAN_POINT('',(118.564494899526010,79.999997360203110,-26.999999999999901));
#2404=VERTEX_POINT('',#2403);
#2405=CARTESIAN_POINT('',(118.564494899526010,79.999997360203110,-6.999999999999921));
#2406=DIRECTION('',(0.0,0.0,-1.0));
#2407=VECTOR('',#2406,19.999999999999979);
#2408=LINE('',#2405,#2407);
#2409=EDGE_CURVE('',#2396,#2404,#2408,.T.);
#2410=ORIENTED_EDGE('',*,*,#2409,.T.);
#2411=CARTESIAN_POINT('',(118.564494899526010,79.999997360203110,-26.999999999999901));
#2412=DIRECTION('',(-1.0,0.0,0.0));
#2413=VECTOR('',#2412,14.076697779943999);
#2414=LINE('',#2411,#2413);
#2415=EDGE_CURVE('',#2404,#2334,#2414,.T.);
#2416=ORIENTED_EDGE('',*,*,#2415,.T.);
#2417=ORIENTED_EDGE('',*,*,#2339,.F.);
#2418=EDGE_LOOP('',(#2391,#2392,#2393,#2394,#2402,#2410,#2416,#2417));
#2419=FACE_OUTER_BOUND('',#2418,.T.);
#2420=ADVANCED_FACE('',(#2419),#2385,.T.);
#2421=CARTESIAN_POINT('',(3.207504E-015,130.750000000000000,-26.999999999999901));
#2422=DIRECTION('',(0.0,0.0,-1.0));
#2423=DIRECTION('',(-1.0,0.0,0.0));
#2424=AXIS2_PLACEMENT_3D('',#2421,#2422,#2423);
#2425=PLANE('',#2424);
#2426=ORIENTED_EDGE('',*,*,#2274,.F.);
#2427=ORIENTED_EDGE('',*,*,#2345,.F.);
#2428=ORIENTED_EDGE('',*,*,#2415,.F.);
#2429=CARTESIAN_POINT('',(118.564494899526010,50.749999980320098,-26.999999999999901));
#2430=DIRECTION('',(0.0,1.0,0.0));
#2431=VECTOR('',#2430,29.249997379883013);
#2432=LINE('',#2429,#2431);
#2433=EDGE_CURVE('',#2269,#2404,#2432,.T.);
#2434=ORIENTED_EDGE('',*,*,#2433,.F.);
#2435=EDGE_LOOP('',(#2426,#2427,#2428,#2434));
#2436=FACE_OUTER_BOUND('',#2435,.T.);
#2437=ADVANCED_FACE('',(#2436),#2425,.T.);
#2438=CARTESIAN_POINT('',(118.564494899526010,50.749999980320098,5.389598E-014));
#2439=DIRECTION('',(1.0,0.0,0.0));
#2440=DIRECTION('',(0.0,0.0,-1.0));
#2441=AXIS2_PLACEMENT_3D('',#2438,#2439,#2440);
#2442=PLANE('',#2441);
#2443=CARTESIAN_POINT('',(118.564494899526010,58.039911489386810,-6.999999999999941));
#2444=VERTEX_POINT('',#2443);
#2445=CARTESIAN_POINT('',(118.564494899526010,58.039911489386810,-6.999999999999861));
#2446=DIRECTION('',(0.0,-1.0,0.0));
#2447=VECTOR('',#2446,7.289911509066712);
#2448=LINE('',#2445,#2447);
#2449=EDGE_CURVE('',#2444,#2277,#2448,.T.);
#2450=ORIENTED_EDGE('',*,*,#2449,.T.);
#2451=ORIENTED_EDGE('',*,*,#2282,.T.);
#2452=ORIENTED_EDGE('',*,*,#2433,.T.);
#2453=ORIENTED_EDGE('',*,*,#2409,.F.);
#2454=CARTESIAN_POINT('',(118.564494899526010,72.710085851136313,-6.999999999999921));
#2455=VERTEX_POINT('',#2454);
#2456=CARTESIAN_POINT('',(118.564494899526010,79.999997360203110,-6.999999999999861));
#2457=DIRECTION('',(0.0,-1.0,0.0));
#2458=VECTOR('',#2457,7.289911509066798);
#2459=LINE('',#2456,#2458);
#2460=EDGE_CURVE('',#2396,#2455,#2459,.T.);
#2461=ORIENTED_EDGE('',*,*,#2460,.T.);
#2462=CARTESIAN_POINT('',(118.564494899526010,72.710085851136313,-21.999999999999901));
#2463=VERTEX_POINT('',#2462);
#2464=CARTESIAN_POINT('',(118.564494899526010,72.710085851136313,-6.999999999999921));
#2465=DIRECTION('',(0.0,0.0,-1.0));
#2466=VECTOR('',#2465,14.999999999999979);
#2467=LINE('',#2464,#2466);
#2468=EDGE_CURVE('',#2455,#2463,#2467,.T.);
#2469=ORIENTED_EDGE('',*,*,#2468,.T.);
#2470=CARTESIAN_POINT('',(118.564494899526010,58.039911489386810,-21.999999999999901));
#2471=VERTEX_POINT('',#2470);
#2472=CARTESIAN_POINT('',(118.564494899526010,58.039911489386810,-21.999999999999901));
#2473=DIRECTION('',(0.0,1.0,0.0));
#2474=VECTOR('',#2473,14.670174361749503);
#2475=LINE('',#2472,#2474);
#2476=EDGE_CURVE('',#2471,#2463,#2475,.T.);
#2477=ORIENTED_EDGE('',*,*,#2476,.F.);
#2478=CARTESIAN_POINT('',(118.564494899526010,58.039911489386810,-6.999999999999941));
#2479=DIRECTION('',(0.0,0.0,-1.0));
#2480=VECTOR('',#2479,14.999999999999961);
#2481=LINE('',#2478,#2480);
#2482=EDGE_CURVE('',#2444,#2471,#2481,.T.);
#2483=ORIENTED_EDGE('',*,*,#2482,.F.);
#2484=EDGE_LOOP('',(#2450,#2451,#2452,#2453,#2461,#2469,#2477,#2483));
#2485=FACE_OUTER_BOUND('',#2484,.T.);
#2486=ADVANCED_FACE('',(#2485),#2442,.T.);
#2487=CARTESIAN_POINT('',(3.285566E-015,130.750000000000000,-21.999999999999901));
#2488=DIRECTION('',(0.0,0.0,-1.0));
#2489=DIRECTION('',(-1.0,0.0,0.0));
#2490=AXIS2_PLACEMENT_3D('',#2487,#2488,#2489);
#2491=PLANE('',#2490);
#2492=CARTESIAN_POINT('',(112.035344268203030,65.374998670261604,-21.999999999999901));
#2493=DIRECTION('',(0.0,0.0,-1.0));
#2494=DIRECTION('',(1.0,0.0,0.0));
#2495=AXIS2_PLACEMENT_3D('',#2492,#2493,#2494);
#2496=CIRCLE('',#2495,9.820046431536960);
#2497=EDGE_CURVE('',#2463,#2471,#2496,.T.);
#2498=ORIENTED_EDGE('',*,*,#2497,.T.);
#2499=ORIENTED_EDGE('',*,*,#2476,.T.);
#2500=EDGE_LOOP('',(#2498,#2499));
#2501=FACE_OUTER_BOUND('',#2500,.T.);
#2502=ADVANCED_FACE('',(#2501),#2491,.T.);
#2503=CARTESIAN_POINT('',(3.285566E-015,130.750000000000000,-21.999999999999901));
#2504=DIRECTION('',(0.0,0.0,-1.0));
#2505=DIRECTION('',(-1.0,0.0,0.0));
#2506=AXIS2_PLACEMENT_3D('',#2503,#2504,#2505);
#2507=PLANE('',#2506);
#2508=ORIENTED_EDGE('',*,*,#2370,.T.);
#2509=CARTESIAN_POINT('',(112.035344268203030,65.374998670261604,-21.999999999999901));
#2510=DIRECTION('',(0.0,0.0,-1.0));
#2511=DIRECTION('',(1.0,0.0,0.0));
#2512=AXIS2_PLACEMENT_3D('',#2509,#2510,#2511);
#2513=CIRCLE('',#2512,9.820046431536960);
#2514=EDGE_CURVE('',#2357,#2365,#2513,.T.);
#2515=ORIENTED_EDGE('',*,*,#2514,.T.);
#2516=EDGE_LOOP('',(#2508,#2515));
#2517=FACE_OUTER_BOUND('',#2516,.T.);
#2518=ADVANCED_FACE('',(#2517),#2507,.T.);
#2519=CARTESIAN_POINT('',(112.035344268203030,65.374998670261604,6.901716E-014));
#2520=DIRECTION('',(0.0,0.0,-1.0));
#2521=DIRECTION('',(1.0,0.0,0.0));
#2522=AXIS2_PLACEMENT_3D('',#2519,#2520,#2521);
#2523=CYLINDRICAL_SURFACE('',#2522,9.820046431536960);
#2524=ORIENTED_EDGE('',*,*,#2362,.F.);
#2525=CARTESIAN_POINT('',(112.035344268203030,65.374998670261604,-6.999999999999930));
#2526=DIRECTION('',(0.0,0.0,-1.0));
#2527=DIRECTION('',(1.0,0.0,0.0));
#2528=AXIS2_PLACEMENT_3D('',#2525,#2526,#2527);
#2529=CIRCLE('',#2528,9.820046431536960);
#2530=EDGE_CURVE('',#2349,#2324,#2529,.T.);
#2531=ORIENTED_EDGE('',*,*,#2530,.T.);
#2532=ORIENTED_EDGE('',*,*,#2376,.T.);
#2533=ORIENTED_EDGE('',*,*,#2514,.F.);
#2534=EDGE_LOOP('',(#2524,#2531,#2532,#2533));
#2535=FACE_OUTER_BOUND('',#2534,.T.);
#2536=ADVANCED_FACE('',(#2535),#2523,.T.);
#2537=CARTESIAN_POINT('',(3.519754E-015,130.750000000000000,-6.999999999999861));
#2538=DIRECTION('',(0.0,0.0,-1.0));
#2539=DIRECTION('',(-1.0,0.0,0.0));
#2540=AXIS2_PLACEMENT_3D('',#2537,#2538,#2539);
#2541=PLANE('',#2540);
#2542=ORIENTED_EDGE('',*,*,#2258,.T.);
#2543=ORIENTED_EDGE('',*,*,#2312,.T.);
#2544=ORIENTED_EDGE('',*,*,#2390,.T.);
#2545=ORIENTED_EDGE('',*,*,#2331,.F.);
#2546=ORIENTED_EDGE('',*,*,#2530,.F.);
#2547=ORIENTED_EDGE('',*,*,#2354,.F.);
#2548=EDGE_LOOP('',(#2542,#2543,#2544,#2545,#2546,#2547));
#2549=FACE_OUTER_BOUND('',#2548,.T.);
#2550=ADVANCED_FACE('',(#2549),#2541,.T.);
#2551=CARTESIAN_POINT('',(3.519754E-015,130.750000000000000,-6.999999999999861));
#2552=DIRECTION('',(0.0,0.0,-1.0));
#2553=DIRECTION('',(-1.0,0.0,0.0));
#2554=AXIS2_PLACEMENT_3D('',#2551,#2552,#2553);
#2555=PLANE('',#2554);
#2556=ORIENTED_EDGE('',*,*,#2449,.F.);
#2557=CARTESIAN_POINT('',(112.035344268203030,65.374998670261604,-6.999999999999930));
#2558=DIRECTION('',(0.0,0.0,-1.0));
#2559=DIRECTION('',(1.0,0.0,0.0));
#2560=AXIS2_PLACEMENT_3D('',#2557,#2558,#2559);
#2561=CIRCLE('',#2560,9.820046431536960);
#2562=EDGE_CURVE('',#2455,#2444,#2561,.T.);
#2563=ORIENTED_EDGE('',*,*,#2562,.F.);
#2564=ORIENTED_EDGE('',*,*,#2460,.F.);
#2565=ORIENTED_EDGE('',*,*,#2401,.T.);
#2566=ORIENTED_EDGE('',*,*,#2227,.T.);
#2567=ORIENTED_EDGE('',*,*,#2288,.T.);
#2568=EDGE_LOOP('',(#2556,#2563,#2564,#2565,#2566,#2567));
#2569=FACE_OUTER_BOUND('',#2568,.T.);
#2570=ADVANCED_FACE('',(#2569),#2555,.T.);
#2571=CARTESIAN_POINT('',(112.035344268203030,65.374998670261604,6.901716E-014));
#2572=DIRECTION('',(0.0,0.0,-1.0));
#2573=DIRECTION('',(1.0,0.0,0.0));
#2574=AXIS2_PLACEMENT_3D('',#2571,#2572,#2573);
#2575=CYLINDRICAL_SURFACE('',#2574,9.820046431536960);
#2576=ORIENTED_EDGE('',*,*,#2482,.T.);
#2577=ORIENTED_EDGE('',*,*,#2497,.F.);
#2578=ORIENTED_EDGE('',*,*,#2468,.F.);
#2579=ORIENTED_EDGE('',*,*,#2562,.T.);
#2580=EDGE_LOOP('',(#2576,#2577,#2578,#2579));
#2581=FACE_OUTER_BOUND('',#2580,.T.);
#2582=ADVANCED_FACE('',(#2581),#2575,.T.);
#2583=CLOSED_SHELL('',(#2206,#2237,#2293,#2317,#2380,#2420,#2437,#2486,#2502,#2518,#2536,#2550,#2570,#2582));
#2584=MANIFOLD_SOLID_BREP('D',#2583);
#2585=STYLED_ITEM('',(#1404,#2618),#2584);
#2586=COLOUR_RGB('',1.0,1.0,0.0);
#2587=DRAUGHTING_PRE_DEFINED_CURVE_FONT('continuous');
#2588=CURVE_STYLE('',#2587,POSITIVE_LENGTH_MEASURE(0.100000000000000),#2586);
#2589=FILL_AREA_STYLE_COLOUR('',#2586);
#2590=FILL_AREA_STYLE('',(#2589));
#2591=SURFACE_STYLE_FILL_AREA(#2590);
#2592=SURFACE_SIDE_STYLE('',(#2591));
#2593=SURFACE_STYLE_USAGE(.BOTH.,#2592);
#2594=PRESENTATION_STYLE_ASSIGNMENT((#2588,#2593));
#2595=OVER_RIDING_STYLED_ITEM('',(#2594),#2293,#2585);
#2596=COLOUR_RGB('',0.0,0.0,0.0);
#2597=DRAUGHTING_PRE_DEFINED_CURVE_FONT('continuous');
#2598=CURVE_STYLE('',#2597,POSITIVE_LENGTH_MEASURE(0.100000000000000),#2596);
#2599=FILL_AREA_STYLE_COLOUR('',#2596);
#2600=FILL_AREA_STYLE('',(#2599));
#2601=SURFACE_STYLE_FILL_AREA(#2600);
#2602=SURFACE_SIDE_STYLE('',(#2601));
#2603=SURFACE_STYLE_USAGE(.BOTH.,#2602);
#2604=PRESENTATION_STYLE_ASSIGNMENT((#2598,#2603));
#2605=OVER_RIDING_STYLED_ITEM('',(#2604),#2380,#2585);
#2606=OVER_RIDING_STYLED_ITEM('',(#2594),#2420,#2585);
#2607=OVER_RIDING_STYLED_ITEM('',(#2594),#2437,#2585);
#2608=OVER_RIDING_STYLED_ITEM('',(#2604),#2486,#2585);
#2609=OVER_RIDING_STYLED_ITEM('',(#2604),#2550,#2585);
#2610=OVER_RIDING_STYLED_ITEM('',(#2604),#2570,#2585);
#2611=MECHANICAL_DESIGN_GEOMETRIC_PRESENTATION_REPRESENTATION('',(#2585,#2595,#2605,#2606,#2607,#2608,#2609,#2610),#2166);
#2612=COLOUR_RGB('\X2\FFFD\X0\w\X2\FFFD\X0\]',0.752941012382507,0.752941012382507,0.752941012382507);
#2613=FILL_AREA_STYLE_COLOUR('\X2\FFFD\X0\w\X2\FFFD\X0\]',#2612);
#2614=FILL_AREA_STYLE('\X2\FFFD\X0\w\X2\FFFD\X0\]',(#2613));
#2615=SURFACE_STYLE_FILL_AREA(#2614);
#2616=SURFACE_SIDE_STYLE('\X2\FFFD\X0\w\X2\FFFD\X0\]',(#2615));
#2617=SURFACE_STYLE_USAGE(.BOTH.,#2616);
#2618=PRESENTATION_STYLE_ASSIGNMENT((#2617));
#2619=ADVANCED_BREP_SHAPE_REPRESENTATION('ABSR',(#2584),#2135);
#2620=SHAPE_REPRESENTATION_RELATIONSHIP('SRR','None',#2619,#2140);
#2621=AXIS2_PLACEMENT_3D('',#2622,#2623,#2624);
#2622=CARTESIAN_POINT('',(0.0,0.0,0.0));
#2623=DIRECTION('',(0.0,0.0,1.0));
#2624=DIRECTION('',(1.0,0.0,0.0));
#2625=NEXT_ASSEMBLY_USAGE_OCCURRENCE('D:1','D:1','D:1',#51,#2111,'D:1');
#2626=PRODUCT_DEFINITION_SHAPE('D:1','D:1',#2625);
#2627=ITEM_DEFINED_TRANSFORMATION('D:1','D:1',#2136,#2621);
#2631=(REPRESENTATION_RELATIONSHIP('D:1','D:1',#2140,#80)REPRESENTATION_RELATIONSHIP_WITH_TRANSFORMATION(#2627)SHAPE_REPRESENTATION_RELATIONSHIP());
#2632=CONTEXT_DEPENDENT_SHAPE_REPRESENTATION(#2631,#2626);
#2633=APPLICATION_CONTEXT('automotive design');
#2634=APPLICATION_PROTOCOL_DEFINITION('International Standard','automotive_design',2001,#2633);
#2635=PRODUCT_CONTEXT('',#2633,'mechanical');
#2636=PRODUCT('p1','p1',$,(#2635));
#2637=PRODUCT_RELATED_PRODUCT_CATEGORY('part',$,(#2636));
#2638=PRODUCT_DEFINITION_FORMATION('',$,#2636);
#2639=PRODUCT_DEFINITION_CONTEXT('part definition',#2633,'design');
#2640=PRODUCT_DEFINITION('',$,#2638,#2639);
#2646=(NAMED_UNIT(*)PLANE_ANGLE_UNIT()SI_UNIT($,.RADIAN.));
#2647=DIMENSIONAL_EXPONENTS(0.0,0.0,0.0,0.0,0.0,0.0,0.0);
#2648=PLANE_ANGLE_MEASURE_WITH_UNIT(PLANE_ANGLE_MEASURE(0.017453292500000),#2646);
#2652=(CONVERSION_BASED_UNIT('DEGREE',#2648)NAMED_UNIT(#2647)PLANE_ANGLE_UNIT());
#2656=(NAMED_UNIT(*)SI_UNIT($,.STERADIAN.)SOLID_ANGLE_UNIT());
#2660=(LENGTH_UNIT()NAMED_UNIT(*)SI_UNIT(.MILLI.,.METRE.));
#2662=UNCERTAINTY_MEASURE_WITH_UNIT(LENGTH_MEASURE(0.010000000000000),#2660,'DISTANCE_ACCURACY_VALUE','');
#2664=(GEOMETRIC_REPRESENTATION_CONTEXT(3)GLOBAL_UNCERTAINTY_ASSIGNED_CONTEXT((#2662))GLOBAL_UNIT_ASSIGNED_CONTEXT((#2652,#2656,#2660))REPRESENTATION_CONTEXT('None','None'));
#2665=AXIS2_PLACEMENT_3D('',#2666,#2667,#2668);
#2666=CARTESIAN_POINT('',(0.0,0.0,0.0));
#2667=DIRECTION('',(0.0,0.0,1.0));
#2668=DIRECTION('',(1.0,0.0,0.0));
#2669=SHAPE_REPRESENTATION('',(#2665),#2664);
#2670=PRODUCT_DEFINITION_SHAPE('','',#2640);
#2671=SHAPE_DEFINITION_REPRESENTATION(#2670,#2669);
#2677=(NAMED_UNIT(*)PLANE_ANGLE_UNIT()SI_UNIT($,.RADIAN.));
#2678=DIMENSIONAL_EXPONENTS(0.0,0.0,0.0,0.0,0.0,0.0,0.0);
#2679=PLANE_ANGLE_MEASURE_WITH_UNIT(PLANE_ANGLE_MEASURE(0.017453292500000),#2677);
#2683=(CONVERSION_BASED_UNIT('DEGREE',#2679)NAMED_UNIT(#2678)PLANE_ANGLE_UNIT());
#2687=(NAMED_UNIT(*)SI_UNIT($,.STERADIAN.)SOLID_ANGLE_UNIT());
#2691=(LENGTH_UNIT()NAMED_UNIT(*)SI_UNIT(.MILLI.,.METRE.));
#2693=UNCERTAINTY_MEASURE_WITH_UNIT(LENGTH_MEASURE(0.000001000000000),#2691,'DISTANCE_ACCURACY_VALUE','');
#2695=(GEOMETRIC_REPRESENTATION_CONTEXT(3)GLOBAL_UNCERTAINTY_ASSIGNED_CONTEXT((#2693))GLOBAL_UNIT_ASSIGNED_CONTEXT((#2683,#2687,#2691))REPRESENTATION_CONTEXT('','3D'));
#2696=CARTESIAN_POINT('',(1.245000000000000,-1.250000000000000,0.0));
#2697=CARTESIAN_POINT('',(0.0,-1.250000000000000,0.0));
#2698=CARTESIAN_POINT('',(0.0,-0.005000000000000,0.0));
#2699=CARTESIAN_POINT('',(1.245000000000000,-1.250000000000000,-1.250000000000000));
#2700=CARTESIAN_POINT('',(0.0,-1.250000000000000,-1.250000000000000));
#2701=CARTESIAN_POINT('',(0.0,-0.005000000000000,-0.005000000000000));
#2702=CARTESIAN_POINT('',(1.245000000000000,0.0,-1.250000000000000));
#2703=CARTESIAN_POINT('',(0.0,0.0,-1.250000000000000));
#2704=CARTESIAN_POINT('',(0.0,0.0,-0.005000000000000));
#2705=CARTESIAN_POINT('',(1.245000000000000,1.250000000000000,-1.250000000000000));
#2706=CARTESIAN_POINT('',(0.0,1.250000000000000,-1.250000000000000));
#2707=CARTESIAN_POINT('',(0.0,0.005000000000000,-0.005000000000000));
#2708=CARTESIAN_POINT('',(1.245000000000000,1.250000000000000,0.0));
#2709=CARTESIAN_POINT('',(0.0,1.250000000000000,0.0));
#2710=CARTESIAN_POINT('',(0.0,0.005000000000000,0.0));
#2718=(BOUNDED_SURFACE()B_SPLINE_SURFACE(2,2,((#2696,#2699,#2702,#2705,#2708),(#2697,#2700,#2703,#2706,#2709),(#2698,#2701,#2704,#2707,#2710)),.SURF_OF_REVOLUTION.,.F.,.F.,.U.)B_SPLINE_SURFACE_WITH_KNOTS((3,3),(3,2,3),(0.0,1.0),(0.0,0.500000000000000,1.0),.UNSPECIFIED.)GEOMETRIC_REPRESENTATION_ITEM()RATIONAL_B_SPLINE_SURFACE(((1.0,0.707106781186548,1.0,0.707106781186548,1.0),(0.707106781186548,0.500000000000000,0.707106781186548,0.500000000000000,0.707106781186548),(1.0,0.707106781186548,1.0,0.707106781186548,1.0)))REPRESENTATION_ITEM('')SURFACE());
#2719=CARTESIAN_POINT('',(-4.440892E-016,0.005000000000000,0.0));
#2720=VERTEX_POINT('',#2719);
#2721=CARTESIAN_POINT('',(0.0,0.0,-0.005000000000000));
#2722=VERTEX_POINT('',#2721);
#2723=CARTESIAN_POINT('',(0.0,0.0,0.0));
#2724=DIRECTION('',(-1.0,0.0,0.0));
#2725=DIRECTION('',(0.0,0.0,-1.0));
#2726=AXIS2_PLACEMENT_3D('',#2723,#2724,#2725);
#2727=CIRCLE('',#2726,0.005000000000000);
#2728=EDGE_CURVE('',#2720,#2722,#2727,.T.);
#2729=ORIENTED_EDGE('',*,*,#2728,.F.);
#2730=CARTESIAN_POINT('',(1.245000000000000,1.250000000000000,0.0));
#2731=VERTEX_POINT('',#2730);
#2732=CARTESIAN_POINT('',(1.245000000000000,0.005000000000000,0.0));
#2733=DIRECTION('',(0.0,0.0,1.0));
#2734=DIRECTION('',(-1.0,0.0,0.0));
#2735=AXIS2_PLACEMENT_3D('',#2732,#2733,#2734);
#2736=CIRCLE('',#2735,1.245000000000000);
#2737=EDGE_CURVE('',#2731,#2720,#2736,.T.);
#2738=ORIENTED_EDGE('',*,*,#2737,.F.);
#2739=CARTESIAN_POINT('',(1.245000000000000,1.530808E-016,-1.250000000000000));
#2740=VERTEX_POINT('',#2739);
#2741=CARTESIAN_POINT('',(1.245000000000000,0.0,0.0));
#2742=DIRECTION('',(1.0,0.0,0.0));
#2743=DIRECTION('',(0.0,0.0,-1.0));
#2744=AXIS2_PLACEMENT_3D('',#2741,#2742,#2743);
#2745=CIRCLE('',#2744,1.250000000000000);
#2746=EDGE_CURVE('',#2740,#2731,#2745,.T.);
#2747=ORIENTED_EDGE('',*,*,#2746,.F.);
#2748=CARTESIAN_POINT('',(1.245000000000000,-1.250000000000000,0.0));
#2749=VERTEX_POINT('',#2748);
#2750=CARTESIAN_POINT('',(1.245000000000000,0.0,0.0));
#2751=DIRECTION('',(1.0,0.0,0.0));
#2752=DIRECTION('',(0.0,0.0,-1.0));
#2753=AXIS2_PLACEMENT_3D('',#2750,#2751,#2752);
#2754=CIRCLE('',#2753,1.250000000000000);
#2755=EDGE_CURVE('',#2749,#2740,#2754,.T.);
#2756=ORIENTED_EDGE('',*,*,#2755,.F.);
#2757=CARTESIAN_POINT('',(-4.440892E-016,-0.005000000000000,0.0));
#2758=VERTEX_POINT('',#2757);
#2759=CARTESIAN_POINT('',(1.245000000000000,-0.005000000000000,0.0));
#2760=DIRECTION('',(0.0,0.0,-1.0));
#2761=DIRECTION('',(-1.0,0.0,0.0));
#2762=AXIS2_PLACEMENT_3D('',#2759,#2760,#2761);
#2763=CIRCLE('',#2762,1.245000000000000);
#2764=EDGE_CURVE('',#2749,#2758,#2763,.T.);
#2765=ORIENTED_EDGE('',*,*,#2764,.T.);
#2766=CARTESIAN_POINT('',(0.0,0.0,0.0));
#2767=DIRECTION('',(-1.0,0.0,0.0));
#2768=DIRECTION('',(0.0,0.0,-1.0));
#2769=AXIS2_PLACEMENT_3D('',#2766,#2767,#2768);
#2770=CIRCLE('',#2769,0.005000000000000);
#2771=EDGE_CURVE('',#2722,#2758,#2770,.T.);
#2772=ORIENTED_EDGE('',*,*,#2771,.F.);
#2773=EDGE_LOOP('',(#2729,#2738,#2747,#2756,#2765,#2772));
#2774=FACE_OUTER_BOUND('',#2773,.T.);
#2775=ADVANCED_FACE('',(#2774),#2718,.T.);
#2776=CARTESIAN_POINT('',(-9.606090373280949,0.0,0.0));
#2777=DIRECTION('',(-1.0,0.0,0.0));
#2778=DIRECTION('',(0.0,0.0,1.0));
#2779=AXIS2_PLACEMENT_3D('',#2776,#2777,#2778);
#2780=CYLINDRICAL_SURFACE('',#2779,1.555000000000000);
#2781=CARTESIAN_POINT('',(3.810000000000000,1.904326E-016,-1.555000000000000));
#2782=VERTEX_POINT('',#2781);
#2783=CARTESIAN_POINT('',(3.810000000000000,0.0,0.0));
#2784=DIRECTION('',(-1.0,0.0,0.0));
#2785=DIRECTION('',(0.0,0.0,1.0));
#2786=AXIS2_PLACEMENT_3D('',#2783,#2784,#2785);
#2787=CIRCLE('',#2786,1.555000000000000);
#2788=EDGE_CURVE('',#2782,#2782,#2787,.T.);
#2789=ORIENTED_EDGE('',*,*,#2788,.F.);
#2790=EDGE_LOOP('',(#2789));
#2791=FACE_OUTER_BOUND('',#2790,.T.);
#2792=CARTESIAN_POINT('',(4.310000000000000,1.904326E-016,-1.555000000000000));
#2793=VERTEX_POINT('',#2792);
#2794=CARTESIAN_POINT('',(4.310000000000000,0.0,0.0));
#2795=DIRECTION('',(-1.0,0.0,0.0));
#2796=DIRECTION('',(0.0,0.0,1.0));
#2797=AXIS2_PLACEMENT_3D('',#2794,#2795,#2796);
#2798=CIRCLE('',#2797,1.555000000000000);
#2799=EDGE_CURVE('',#2793,#2793,#2798,.T.);
#2800=ORIENTED_EDGE('',*,*,#2799,.T.);
#2801=EDGE_LOOP('',(#2800));
#2802=FACE_BOUND('',#2801,.T.);
#2803=ADVANCED_FACE('',(#2791,#2802),#2780,.T.);
#2804=CARTESIAN_POINT('',(-9.606090373280949,0.0,0.0));
#2805=DIRECTION('',(-1.0,0.0,0.0));
#2806=DIRECTION('',(0.0,0.0,1.0));
#2807=AXIS2_PLACEMENT_3D('',#2804,#2805,#2806);
#2808=CYLINDRICAL_SURFACE('',#2807,1.250000000000000);
#2809=CARTESIAN_POINT('',(3.810000000000000,1.530808E-016,-1.250000000000000));
#2810=VERTEX_POINT('',#2809);
#2811=CARTESIAN_POINT('',(3.810000000000000,0.0,0.0));
#2812=DIRECTION('',(-1.0,0.0,0.0));
#2813=DIRECTION('',(0.0,0.0,1.0));
#2814=AXIS2_PLACEMENT_3D('',#2811,#2812,#2813);
#2815=CIRCLE('',#2814,1.250000000000000);
#2816=EDGE_CURVE('',#2810,#2810,#2815,.T.);
#2817=ORIENTED_EDGE('',*,*,#2816,.T.);
#2818=EDGE_LOOP('',(#2817));
#2819=FACE_OUTER_BOUND('',#2818,.T.);
#2820=ORIENTED_EDGE('',*,*,#2746,.T.);
#2821=CARTESIAN_POINT('',(1.245000000000000,0.0,1.250000000000000));
#2822=VERTEX_POINT('',#2821);
#2823=CARTESIAN_POINT('',(1.245000000000000,0.0,0.0));
#2824=DIRECTION('',(1.0,0.0,0.0));
#2825=DIRECTION('',(0.0,0.0,-1.0));
#2826=AXIS2_PLACEMENT_3D('',#2823,#2824,#2825);
#2827=CIRCLE('',#2826,1.250000000000000);
#2828=EDGE_CURVE('',#2731,#2822,#2827,.T.);
#2829=ORIENTED_EDGE('',*,*,#2828,.T.);
#2830=CARTESIAN_POINT('',(1.245000000000000,0.0,0.0));
#2831=DIRECTION('',(1.0,0.0,0.0));
#2832=DIRECTION('',(0.0,0.0,-1.0));
#2833=AXIS2_PLACEMENT_3D('',#2830,#2831,#2832);
#2834=CIRCLE('',#2833,1.250000000000000);
#2835=EDGE_CURVE('',#2822,#2749,#2834,.T.);
#2836=ORIENTED_EDGE('',*,*,#2835,.T.);
#2837=ORIENTED_EDGE('',*,*,#2755,.T.);
#2838=EDGE_LOOP('',(#2820,#2829,#2836,#2837));
#2839=FACE_BOUND('',#2838,.T.);
#2840=ADVANCED_FACE('',(#2819,#2839),#2808,.T.);
#2841=CARTESIAN_POINT('',(4.310000000000000,0.0,0.0));
#2842=DIRECTION('',(-1.0,0.0,0.0));
#2843=DIRECTION('',(0.0,0.0,1.0));
#2844=AXIS2_PLACEMENT_3D('',#2841,#2842,#2843);
#2845=PLANE('',#2844);
#2846=ORIENTED_EDGE('',*,*,#2799,.F.);
#2847=EDGE_LOOP('',(#2846));
#2848=FACE_OUTER_BOUND('',#2847,.T.);
#2849=CARTESIAN_POINT('',(4.310000000000000,0.785000000000000,0.150000000000000));
#2850=VERTEX_POINT('',#2849);
#2851=CARTESIAN_POINT('',(4.310000000000000,0.485000000000000,0.150000000000000));
#2852=VERTEX_POINT('',#2851);
#2853=CARTESIAN_POINT('',(4.310000000000000,0.785000000000000,0.150000000000000));
#2854=DIRECTION('',(0.0,-1.0,0.0));
#2855=VECTOR('',#2854,0.300000000000000);
#2856=LINE('',#2853,#2855);
#2857=EDGE_CURVE('',#2850,#2852,#2856,.T.);
#2858=ORIENTED_EDGE('',*,*,#2857,.F.);
#2859=CARTESIAN_POINT('',(4.310000000000000,0.785000000000000,-0.150000000000000));
#2860=VERTEX_POINT('',#2859);
#2861=CARTESIAN_POINT('',(4.310000000000000,0.785000000000000,-0.150000000000000));
#2862=DIRECTION('',(0.0,0.0,1.0));
#2863=VECTOR('',#2862,0.300000000000000);
#2864=LINE('',#2861,#2863);
#2865=EDGE_CURVE('',#2860,#2850,#2864,.T.);
#2866=ORIENTED_EDGE('',*,*,#2865,.F.);
#2867=CARTESIAN_POINT('',(4.310000000000000,0.485000000000000,-0.150000000000000));
#2868=VERTEX_POINT('',#2867);
#2869=CARTESIAN_POINT('',(4.310000000000000,0.485000000000000,-0.150000000000000));
#2870=DIRECTION('',(0.0,1.0,0.0));
#2871=VECTOR('',#2870,0.300000000000000);
#2872=LINE('',#2869,#2871);
#2873=EDGE_CURVE('',#2868,#2860,#2872,.T.);
#2874=ORIENTED_EDGE('',*,*,#2873,.F.);
#2875=CARTESIAN_POINT('',(4.310000000000000,0.485000000000000,0.150000000000000));
#2876=DIRECTION('',(0.0,0.0,-1.0));
#2877=VECTOR('',#2876,0.300000000000000);
#2878=LINE('',#2875,#2877);
#2879=EDGE_CURVE('',#2852,#2868,#2878,.T.);
#2880=ORIENTED_EDGE('',*,*,#2879,.F.);
#2881=EDGE_LOOP('',(#2858,#2866,#2874,#2880));
#2882=FACE_BOUND('',#2881,.T.);
#2883=CARTESIAN_POINT('',(4.310000000000000,-0.485000000000000,0.150000000000000));
#2884=VERTEX_POINT('',#2883);
#2885=CARTESIAN_POINT('',(4.310000000000000,-0.785000000000000,0.150000000000000));
#2886=VERTEX_POINT('',#2885);
#2887=CARTESIAN_POINT('',(4.310000000000000,-0.485000000000000,0.150000000000000));
#2888=DIRECTION('',(0.0,-1.0,0.0));
#2889=VECTOR('',#2888,0.300000000000000);
#2890=LINE('',#2887,#2889);
#2891=EDGE_CURVE('',#2884,#2886,#2890,.T.);
#2892=ORIENTED_EDGE('',*,*,#2891,.F.);
#2893=CARTESIAN_POINT('',(4.310000000000000,-0.485000000000000,-0.150000000000000));
#2894=VERTEX_POINT('',#2893);
#2895=CARTESIAN_POINT('',(4.310000000000000,-0.485000000000000,-0.150000000000000));
#2896=DIRECTION('',(0.0,0.0,1.0));
#2897=VECTOR('',#2896,0.300000000000000);
#2898=LINE('',#2895,#2897);
#2899=EDGE_CURVE('',#2894,#2884,#2898,.T.);
#2900=ORIENTED_EDGE('',*,*,#2899,.F.);
#2901=CARTESIAN_POINT('',(4.310000000000000,-0.785000000000000,-0.150000000000000));
#2902=VERTEX_POINT('',#2901);
#2903=CARTESIAN_POINT('',(4.310000000000000,-0.785000000000000,-0.150000000000000));
#2904=DIRECTION('',(0.0,1.0,0.0));
#2905=VECTOR('',#2904,0.300000000000000);
#2906=LINE('',#2903,#2905);
#2907=EDGE_CURVE('',#2902,#2894,#2906,.T.);
#2908=ORIENTED_EDGE('',*,*,#2907,.F.);
#2909=CARTESIAN_POINT('',(4.310000000000000,-0.785000000000000,0.150000000000000));
#2910=DIRECTION('',(0.0,0.0,-1.0));
#2911=VECTOR('',#2910,0.300000000000000);
#2912=LINE('',#2909,#2911);
#2913=EDGE_CURVE('',#2886,#2902,#2912,.T.);
#2914=ORIENTED_EDGE('',*,*,#2913,.F.);
#2915=EDGE_LOOP('',(#2892,#2900,#2908,#2914));
#2916=FACE_BOUND('',#2915,.T.);
#2917=ADVANCED_FACE('',(#2848,#2882,#2916),#2845,.F.);
#2918=CARTESIAN_POINT('',(0.0,0.0,0.0));
#2919=DIRECTION('',(1.0,0.0,0.0));
#2920=DIRECTION('',(0.0,0.0,-1.0));
#2921=AXIS2_PLACEMENT_3D('',#2918,#2919,#2920);
#2922=PLANE('',#2921);
#2923=ORIENTED_EDGE('',*,*,#2728,.T.);
#2924=ORIENTED_EDGE('',*,*,#2771,.T.);
#2925=CARTESIAN_POINT('',(0.0,0.0,0.0));
#2926=DIRECTION('',(-1.0,0.0,0.0));
#2927=DIRECTION('',(0.0,0.0,-1.0));
#2928=AXIS2_PLACEMENT_3D('',#2925,#2926,#2927);
#2929=CIRCLE('',#2928,0.005000000000000);
#2930=EDGE_CURVE('',#2758,#2720,#2929,.T.);
#2931=ORIENTED_EDGE('',*,*,#2930,.T.);
#2932=EDGE_LOOP('',(#2923,#2924,#2931));
#2933=FACE_OUTER_BOUND('',#2932,.T.);
#2934=ADVANCED_FACE('',(#2933),#2922,.F.);
#2935=CARTESIAN_POINT('',(14.060000000000002,-0.485000000000000,-0.150000000000000));
#2936=DIRECTION('',(0.0,0.0,1.0));
#2937=DIRECTION('',(1.0,0.0,0.0));
#2938=AXIS2_PLACEMENT_3D('',#2935,#2936,#2937);
#2939=PLANE('',#2938);
#2940=CARTESIAN_POINT('',(13.170999999999999,-0.485000000000000,-0.150000000000000));
#2941=VERTEX_POINT('',#2940);
#2942=CARTESIAN_POINT('',(13.170999999999999,-0.485000000000000,-0.150000000000000));
#2943=DIRECTION('',(-1.0,0.0,0.0));
#2944=VECTOR('',#2943,8.860999999999999);
#2945=LINE('',#2942,#2944);
#2946=EDGE_CURVE('',#2941,#2894,#2945,.T.);
#2947=ORIENTED_EDGE('',*,*,#2946,.F.);
#2948=CARTESIAN_POINT('',(13.170999999999999,-0.785000000000000,-0.150000000000000));
#2949=VERTEX_POINT('',#2948);
#2950=CARTESIAN_POINT('',(13.170999999999999,-0.785000000000000,-0.150000000000000));
#2951=DIRECTION('',(0.0,1.0,0.0));
#2952=VECTOR('',#2951,0.300000000000000);
#2953=LINE('',#2950,#2952);
#2954=EDGE_CURVE('',#2949,#2941,#2953,.T.);
#2955=ORIENTED_EDGE('',*,*,#2954,.F.);
#2956=CARTESIAN_POINT('',(13.170999999999999,-0.785000000000000,-0.150000000000000));
#2957=DIRECTION('',(-1.0,0.0,0.0));
#2958=VECTOR('',#2957,8.860999999999999);
#2959=LINE('',#2956,#2958);
#2960=EDGE_CURVE('',#2949,#2902,#2959,.T.);
#2961=ORIENTED_EDGE('',*,*,#2960,.T.);
#2962=ORIENTED_EDGE('',*,*,#2907,.T.);
#2963=EDGE_LOOP('',(#2947,#2955,#2961,#2962));
#2964=FACE_OUTER_BOUND('',#2963,.T.);
#2965=ADVANCED_FACE('',(#2964),#2939,.F.);
#2966=CARTESIAN_POINT('',(3.810000000000000,1.250000000000000,0.0));
#2967=DIRECTION('',(1.0,0.0,0.0));
#2968=DIRECTION('',(0.0,0.0,-1.0));
#2969=AXIS2_PLACEMENT_3D('',#2966,#2967,#2968);
#2970=PLANE('',#2969);
#2971=ORIENTED_EDGE('',*,*,#2788,.T.);
#2972=EDGE_LOOP('',(#2971));
#2973=FACE_OUTER_BOUND('',#2972,.T.);
#2974=ORIENTED_EDGE('',*,*,#2816,.F.);
#2975=EDGE_LOOP('',(#2974));
#2976=FACE_BOUND('',#2975,.T.);
#2977=ADVANCED_FACE('',(#2973,#2976),#2970,.F.);
#2978=CARTESIAN_POINT('',(14.060000000000002,-0.485000000000000,0.150000000000000));
#2979=DIRECTION('',(0.0,-1.0,0.0));
#2980=DIRECTION('',(0.0,0.0,-1.0));
#2981=AXIS2_PLACEMENT_3D('',#2978,#2979,#2980);
#2982=PLANE('',#2981);
#2983=CARTESIAN_POINT('',(13.170999999999999,-0.485000000000000,0.150000000000000));
#2984=VERTEX_POINT('',#2983);
#2985=CARTESIAN_POINT('',(13.170999999999999,-0.485000000000000,0.150000000000000));
#2986=DIRECTION('',(-1.0,0.0,0.0));
#2987=VECTOR('',#2986,8.860999999999999);
#2988=LINE('',#2985,#2987);
#2989=EDGE_CURVE('',#2984,#2884,#2988,.T.);
#2990=ORIENTED_EDGE('',*,*,#2989,.F.);
#2991=CARTESIAN_POINT('',(13.170999999999999,-0.485000000000000,-0.150000000000000));
#2992=DIRECTION('',(0.0,0.0,1.0));
#2993=VECTOR('',#2992,0.300000000000000);
#2994=LINE('',#2991,#2993);
#2995=EDGE_CURVE('',#2941,#2984,#2994,.T.);
#2996=ORIENTED_EDGE('',*,*,#2995,.F.);
#2997=ORIENTED_EDGE('',*,*,#2946,.T.);
#2998=ORIENTED_EDGE('',*,*,#2899,.T.);
#2999=EDGE_LOOP('',(#2990,#2996,#2997,#2998));
#3000=FACE_OUTER_BOUND('',#2999,.T.);
#3001=ADVANCED_FACE('',(#3000),#2982,.F.);
#3002=CARTESIAN_POINT('',(13.170999999999999,-0.485000000000000,-0.150000000000000));
#3003=DIRECTION('',(-1.0,0.0,0.0));
#3004=DIRECTION('',(0.0,0.0,1.0));
#3005=AXIS2_PLACEMENT_3D('',#3002,#3003,#3004);
#3006=PLANE('',#3005);
#3007=ORIENTED_EDGE('',*,*,#2995,.T.);
#3008=CARTESIAN_POINT('',(13.170999999999999,-0.785000000000000,0.150000000000000));
#3009=VERTEX_POINT('',#3008);
#3010=CARTESIAN_POINT('',(13.170999999999999,-0.485000000000000,0.150000000000000));
#3011=DIRECTION('',(0.0,-1.0,0.0));
#3012=VECTOR('',#3011,0.300000000000000);
#3013=LINE('',#3010,#3012);
#3014=EDGE_CURVE('',#2984,#3009,#3013,.T.);
#3015=ORIENTED_EDGE('',*,*,#3014,.T.);
#3016=CARTESIAN_POINT('',(13.170999999999999,-0.785000000000000,0.150000000000000));
#3017=DIRECTION('',(0.0,0.0,-1.0));
#3018=VECTOR('',#3017,0.300000000000000);
#3019=LINE('',#3016,#3018);
#3020=EDGE_CURVE('',#3009,#2949,#3019,.T.);
#3021=ORIENTED_EDGE('',*,*,#3020,.T.);
#3022=ORIENTED_EDGE('',*,*,#2954,.T.);
#3023=EDGE_LOOP('',(#3007,#3015,#3021,#3022));
#3024=FACE_OUTER_BOUND('',#3023,.T.);
#3025=ADVANCED_FACE('',(#3024),#3006,.F.);
#3026=CARTESIAN_POINT('',(14.060000000000002,0.785000000000000,0.150000000000000));
#3027=DIRECTION('',(0.0,0.0,-1.0));
#3028=DIRECTION('',(-1.0,0.0,0.0));
#3029=AXIS2_PLACEMENT_3D('',#3026,#3027,#3028);
#3030=PLANE('',#3029);
#3031=ORIENTED_EDGE('',*,*,#2857,.T.);
#3032=CARTESIAN_POINT('',(14.060000000000002,0.485000000000000,0.150000000000000));
#3033=VERTEX_POINT('',#3032);
#3034=CARTESIAN_POINT('',(14.060000000000002,0.485000000000000,0.150000000000000));
#3035=DIRECTION('',(-1.0,0.0,0.0));
#3036=VECTOR('',#3035,9.750000000000000);
#3037=LINE('',#3034,#3036);
#3038=EDGE_CURVE('',#3033,#2852,#3037,.T.);
#3039=ORIENTED_EDGE('',*,*,#3038,.F.);
#3040=CARTESIAN_POINT('',(14.060000000000002,0.785000000000000,0.150000000000000));
#3041=VERTEX_POINT('',#3040);
#3042=CARTESIAN_POINT('',(14.060000000000002,0.785000000000000,0.150000000000000));
#3043=DIRECTION('',(0.0,-1.0,0.0));
#3044=VECTOR('',#3043,0.300000000000000);
#3045=LINE('',#3042,#3044);
#3046=EDGE_CURVE('',#3041,#3033,#3045,.T.);
#3047=ORIENTED_EDGE('',*,*,#3046,.F.);
#3048=CARTESIAN_POINT('',(14.060000000000002,0.785000000000000,0.150000000000000));
#3049=DIRECTION('',(-1.0,0.0,0.0));
#3050=VECTOR('',#3049,9.750000000000000);
#3051=LINE('',#3048,#3050);
#3052=EDGE_CURVE('',#3041,#2850,#3051,.T.);
#3053=ORIENTED_EDGE('',*,*,#3052,.T.);
#3054=EDGE_LOOP('',(#3031,#3039,#3047,#3053));
#3055=FACE_OUTER_BOUND('',#3054,.T.);
#3056=ADVANCED_FACE('',(#3055),#3030,.F.);
#3057=CARTESIAN_POINT('',(14.060000000000002,0.485000000000000,0.150000000000000));
#3058=DIRECTION('',(0.0,1.0,0.0));
#3059=DIRECTION('',(0.0,0.0,1.0));
#3060=AXIS2_PLACEMENT_3D('',#3057,#3058,#3059);
#3061=PLANE('',#3060);
#3062=ORIENTED_EDGE('',*,*,#2879,.T.);
#3063=CARTESIAN_POINT('',(14.060000000000002,0.485000000000000,-0.150000000000000));
#3064=VERTEX_POINT('',#3063);
#3065=CARTESIAN_POINT('',(14.060000000000002,0.485000000000000,-0.150000000000000));
#3066=DIRECTION('',(-1.0,0.0,0.0));
#3067=VECTOR('',#3066,9.750000000000000);
#3068=LINE('',#3065,#3067);
#3069=EDGE_CURVE('',#3064,#2868,#3068,.T.);
#3070=ORIENTED_EDGE('',*,*,#3069,.F.);
#3071=CARTESIAN_POINT('',(14.060000000000002,0.485000000000000,0.150000000000000));
#3072=DIRECTION('',(0.0,0.0,-1.0));
#3073=VECTOR('',#3072,0.300000000000000);
#3074=LINE('',#3071,#3073);
#3075=EDGE_CURVE('',#3033,#3064,#3074,.T.);
#3076=ORIENTED_EDGE('',*,*,#3075,.F.);
#3077=ORIENTED_EDGE('',*,*,#3038,.T.);
#3078=EDGE_LOOP('',(#3062,#3070,#3076,#3077));
#3079=FACE_OUTER_BOUND('',#3078,.T.);
#3080=ADVANCED_FACE('',(#3079),#3061,.F.);
#3081=CARTESIAN_POINT('',(14.060000000000002,0.785000000000000,-0.150000000000000));
#3082=DIRECTION('',(0.0,0.0,1.0));
#3083=DIRECTION('',(1.0,0.0,0.0));
#3084=AXIS2_PLACEMENT_3D('',#3081,#3082,#3083);
#3085=PLANE('',#3084);
#3086=ORIENTED_EDGE('',*,*,#2873,.T.);
#3087=CARTESIAN_POINT('',(14.060000000000002,0.785000000000000,-0.150000000000000));
#3088=VERTEX_POINT('',#3087);
#3089=CARTESIAN_POINT('',(14.060000000000002,0.785000000000000,-0.150000000000000));
#3090=DIRECTION('',(-1.0,0.0,0.0));
#3091=VECTOR('',#3090,9.750000000000000);
#3092=LINE('',#3089,#3091);
#3093=EDGE_CURVE('',#3088,#2860,#3092,.T.);
#3094=ORIENTED_EDGE('',*,*,#3093,.F.);
#3095=CARTESIAN_POINT('',(14.060000000000002,0.485000000000000,-0.150000000000000));
#3096=DIRECTION('',(0.0,1.0,0.0));
#3097=VECTOR('',#3096,0.300000000000000);
#3098=LINE('',#3095,#3097);
#3099=EDGE_CURVE('',#3064,#3088,#3098,.T.);
#3100=ORIENTED_EDGE('',*,*,#3099,.F.);
#3101=ORIENTED_EDGE('',*,*,#3069,.T.);
#3102=EDGE_LOOP('',(#3086,#3094,#3100,#3101));
#3103=FACE_OUTER_BOUND('',#3102,.T.);
#3104=ADVANCED_FACE('',(#3103),#3085,.F.);
#3105=CARTESIAN_POINT('',(14.060000000000002,0.785000000000000,0.150000000000000));
#3106=DIRECTION('',(0.0,-1.0,0.0));
#3107=DIRECTION('',(0.0,0.0,-1.0));
#3108=AXIS2_PLACEMENT_3D('',#3105,#3106,#3107);
#3109=PLANE('',#3108);
#3110=ORIENTED_EDGE('',*,*,#2865,.T.);
#3111=ORIENTED_EDGE('',*,*,#3052,.F.);
#3112=CARTESIAN_POINT('',(14.060000000000002,0.785000000000000,-0.150000000000000));
#3113=DIRECTION('',(0.0,0.0,1.0));
#3114=VECTOR('',#3113,0.300000000000000);
#3115=LINE('',#3112,#3114);
#3116=EDGE_CURVE('',#3088,#3041,#3115,.T.);
#3117=ORIENTED_EDGE('',*,*,#3116,.F.);
#3118=ORIENTED_EDGE('',*,*,#3093,.T.);
#3119=EDGE_LOOP('',(#3110,#3111,#3117,#3118));
#3120=FACE_OUTER_BOUND('',#3119,.T.);
#3121=ADVANCED_FACE('',(#3120),#3109,.F.);
#3122=CARTESIAN_POINT('',(14.060000000000002,0.485000000000000,0.150000000000000));
#3123=DIRECTION('',(1.0,0.0,0.0));
#3124=DIRECTION('',(0.0,0.0,-1.0));
#3125=AXIS2_PLACEMENT_3D('',#3122,#3123,#3124);
#3126=PLANE('',#3125);
#3127=ORIENTED_EDGE('',*,*,#3046,.T.);
#3128=ORIENTED_EDGE('',*,*,#3075,.T.);
#3129=ORIENTED_EDGE('',*,*,#3099,.T.);
#3130=ORIENTED_EDGE('',*,*,#3116,.T.);
#3131=EDGE_LOOP('',(#3127,#3128,#3129,#3130));
#3132=FACE_OUTER_BOUND('',#3131,.T.);
#3133=ADVANCED_FACE('',(#3132),#3126,.T.);
#3134=CARTESIAN_POINT('',(14.060000000000002,-0.485000000000000,0.150000000000000));
#3135=DIRECTION('',(0.0,0.0,-1.0));
#3136=DIRECTION('',(-1.0,0.0,0.0));
#3137=AXIS2_PLACEMENT_3D('',#3134,#3135,#3136);
#3138=PLANE('',#3137);
#3139=CARTESIAN_POINT('',(13.170999999999999,-0.785000000000000,0.150000000000000));
#3140=DIRECTION('',(-1.0,0.0,0.0));
#3141=VECTOR('',#3140,8.860999999999999);
#3142=LINE('',#3139,#3141);
#3143=EDGE_CURVE('',#3009,#2886,#3142,.T.);
#3144=ORIENTED_EDGE('',*,*,#3143,.F.);
#3145=ORIENTED_EDGE('',*,*,#3014,.F.);
#3146=ORIENTED_EDGE('',*,*,#2989,.T.);
#3147=ORIENTED_EDGE('',*,*,#2891,.T.);
#3148=EDGE_LOOP('',(#3144,#3145,#3146,#3147));
#3149=FACE_OUTER_BOUND('',#3148,.T.);
#3150=ADVANCED_FACE('',(#3149),#3138,.F.);
#3151=CARTESIAN_POINT('',(14.060000000000002,-0.785000000000000,0.150000000000000));
#3152=DIRECTION('',(0.0,1.0,0.0));
#3153=DIRECTION('',(0.0,0.0,1.0));
#3154=AXIS2_PLACEMENT_3D('',#3151,#3152,#3153);
#3155=PLANE('',#3154);
#3156=ORIENTED_EDGE('',*,*,#2960,.F.);
#3157=ORIENTED_EDGE('',*,*,#3020,.F.);
#3158=ORIENTED_EDGE('',*,*,#3143,.T.);
#3159=ORIENTED_EDGE('',*,*,#2913,.T.);
#3160=EDGE_LOOP('',(#3156,#3157,#3158,#3159));
#3161=FACE_OUTER_BOUND('',#3160,.T.);
#3162=ADVANCED_FACE('',(#3161),#3155,.F.);
#3163=CARTESIAN_POINT('',(1.245000000000000,1.250000000000000,0.0));
#3164=CARTESIAN_POINT('',(0.0,1.250000000000000,0.0));
#3165=CARTESIAN_POINT('',(0.0,0.005000000000000,0.0));
#3166=CARTESIAN_POINT('',(1.245000000000000,1.250000000000000,1.250000000000000));
#3167=CARTESIAN_POINT('',(0.0,1.250000000000000,1.250000000000000));
#3168=CARTESIAN_POINT('',(0.0,0.005000000000000,0.005000000000000));
#3169=CARTESIAN_POINT('',(1.245000000000000,0.0,1.250000000000000));
#3170=CARTESIAN_POINT('',(0.0,0.0,1.250000000000000));
#3171=CARTESIAN_POINT('',(0.0,0.0,0.005000000000000));
#3172=CARTESIAN_POINT('',(1.245000000000000,-1.250000000000000,1.250000000000000));
#3173=CARTESIAN_POINT('',(0.0,-1.250000000000000,1.250000000000000));
#3174=CARTESIAN_POINT('',(0.0,-0.005000000000000,0.005000000000000));
#3175=CARTESIAN_POINT('',(1.245000000000000,-1.250000000000000,0.0));
#3176=CARTESIAN_POINT('',(0.0,-1.250000000000000,0.0));
#3177=CARTESIAN_POINT('',(0.0,-0.005000000000000,0.0));
#3185=(BOUNDED_SURFACE()B_SPLINE_SURFACE(2,2,((#3163,#3166,#3169,#3172,#3175),(#3164,#3167,#3170,#3173,#3176),(#3165,#3168,#3171,#3174,#3177)),.SURF_OF_REVOLUTION.,.F.,.F.,.U.)B_SPLINE_SURFACE_WITH_KNOTS((3,3),(3,2,3),(0.0,1.0),(0.0,0.500000000000000,1.0),.UNSPECIFIED.)GEOMETRIC_REPRESENTATION_ITEM()RATIONAL_B_SPLINE_SURFACE(((1.0,0.707106781186548,1.0,0.707106781186548,1.0),(0.707106781186548,0.500000000000000,0.707106781186548,0.500000000000000,0.707106781186548),(1.0,0.707106781186548,1.0,0.707106781186548,1.0)))REPRESENTATION_ITEM('')SURFACE());
#3186=ORIENTED_EDGE('',*,*,#2828,.F.);
#3187=ORIENTED_EDGE('',*,*,#2737,.T.);
#3188=ORIENTED_EDGE('',*,*,#2930,.F.);
#3189=ORIENTED_EDGE('',*,*,#2764,.F.);
#3190=ORIENTED_EDGE('',*,*,#2835,.F.);
#3191=EDGE_LOOP('',(#3186,#3187,#3188,#3189,#3190));
#3192=FACE_OUTER_BOUND('',#3191,.T.);
#3193=ADVANCED_FACE('',(#3192),#3185,.T.);
#3194=CLOSED_SHELL('',(#2775,#2803,#2840,#2917,#2934,#2965,#2977,#3001,#3025,#3056,#3080,#3104,#3121,#3133,#3150,#3162,#3193));
#3195=MANIFOLD_SOLID_BREP('p1',#3194);
#3196=STYLED_ITEM('',(#1404,#2618),#3195);
#3197=COLOUR_RGB('',0.866666734218597,0.866666734218597,0.890196144580841);
#3198=DRAUGHTING_PRE_DEFINED_CURVE_FONT('continuous');
#3199=CURVE_STYLE('',#3198,POSITIVE_LENGTH_MEASURE(0.100000000000000),#3197);
#3200=FILL_AREA_STYLE_COLOUR('',#3197);
#3201=FILL_AREA_STYLE('',(#3200));
#3202=SURFACE_STYLE_FILL_AREA(#3201);
#3203=SURFACE_SIDE_STYLE('',(#3202));
#3204=SURFACE_STYLE_USAGE(.BOTH.,#3203);
#3205=PRESENTATION_STYLE_ASSIGNMENT((#3199,#3204));
#3206=OVER_RIDING_STYLED_ITEM('',(#3205),#2803,#3196);
#3207=OVER_RIDING_STYLED_ITEM('',(#3205),#2840,#3196);
#3208=OVER_RIDING_STYLED_ITEM('',(#3205),#2917,#3196);
#3209=OVER_RIDING_STYLED_ITEM('',(#3205),#2934,#3196);
#3210=COLOUR_RGB('',0.764705955982208,0.784313797950745,0.823529481887817);
#3211=DRAUGHTING_PRE_DEFINED_CURVE_FONT('continuous');
#3212=CURVE_STYLE('',#3211,POSITIVE_LENGTH_MEASURE(0.100000000000000),#3210);
#3213=FILL_AREA_STYLE_COLOUR('',#3210);
#3214=FILL_AREA_STYLE('',(#3213));
#3215=SURFACE_STYLE_FILL_AREA(#3214);
#3216=SURFACE_SIDE_STYLE('',(#3215));
#3217=SURFACE_STYLE_USAGE(.BOTH.,#3216);
#3218=PRESENTATION_STYLE_ASSIGNMENT((#3212,#3217));
#3219=OVER_RIDING_STYLED_ITEM('',(#3218),#2965,#3196);
#3220=OVER_RIDING_STYLED_ITEM('',(#3205),#2977,#3196);
#3221=OVER_RIDING_STYLED_ITEM('',(#3218),#3001,#3196);
#3222=OVER_RIDING_STYLED_ITEM('',(#3218),#3056,#3196);
#3223=OVER_RIDING_STYLED_ITEM('',(#3218),#3080,#3196);
#3224=OVER_RIDING_STYLED_ITEM('',(#3218),#3104,#3196);
#3225=OVER_RIDING_STYLED_ITEM('',(#3218),#3121,#3196);
#3226=OVER_RIDING_STYLED_ITEM('',(#3218),#3133,#3196);
#3227=OVER_RIDING_STYLED_ITEM('',(#3218),#3150,#3196);
#3228=OVER_RIDING_STYLED_ITEM('',(#3218),#3162,#3196);
#3229=MECHANICAL_DESIGN_GEOMETRIC_PRESENTATION_REPRESENTATION('',(#3196,#3206,#3207,#3208,#3209,#3219,#3220,#3221,#3222,#3223,#3224,#3225,#3226,#3227,#3228),#2695);
#3235=(NAMED_UNIT(*)PLANE_ANGLE_UNIT()SI_UNIT($,.RADIAN.));
#3236=DIMENSIONAL_EXPONENTS(0.0,0.0,0.0,0.0,0.0,0.0,0.0);
#3237=PLANE_ANGLE_MEASURE_WITH_UNIT(PLANE_ANGLE_MEASURE(0.017453292500000),#3235);
#3241=(CONVERSION_BASED_UNIT('DEGREE',#3237)NAMED_UNIT(#3236)PLANE_ANGLE_UNIT());
#3245=(NAMED_UNIT(*)SI_UNIT($,.STERADIAN.)SOLID_ANGLE_UNIT());
#3249=(LENGTH_UNIT()NAMED_UNIT(*)SI_UNIT(.MILLI.,.METRE.));
#3251=UNCERTAINTY_MEASURE_WITH_UNIT(LENGTH_MEASURE(0.000001000000000),#3249,'DISTANCE_ACCURACY_VALUE','');
#3253=(GEOMETRIC_REPRESENTATION_CONTEXT(3)GLOBAL_UNCERTAINTY_ASSIGNED_CONTEXT((#3251))GLOBAL_UNIT_ASSIGNED_CONTEXT((#3241,#3245,#3249))REPRESENTATION_CONTEXT('','3D'));
#3254=CARTESIAN_POINT('',(3.433585315119750,0.0,0.0));
#3255=CARTESIAN_POINT('',(3.433585315119750,-0.292025276398738,-3.576160E-017));
#3256=CARTESIAN_POINT('',(3.253989017490961,-0.545761054810537,-6.683425E-017));
#3257=CARTESIAN_POINT('',(2.941892702126150,-0.694669152674465,-8.506963E-017));
#3258=CARTESIAN_POINT('',(3.433585315119750,0.0,0.0));
#3259=CARTESIAN_POINT('',(3.433585315119750,-0.292025276398738,0.584050552797475));
#3260=CARTESIAN_POINT('',(3.253989017490961,-0.545761054810537,1.091522109621070));
#3261=CARTESIAN_POINT('',(2.941892702126150,-0.694669152674466,1.389338305348930));
#3262=CARTESIAN_POINT('',(3.433585315119750,0.0,0.0));
#3263=CARTESIAN_POINT('',(3.433585315119750,0.292025276398738,0.584050552797475));
#3264=CARTESIAN_POINT('',(3.253989017490961,0.545761054810536,1.091522109621070));
#3265=CARTESIAN_POINT('',(2.941892702126150,0.694669152674465,1.389338305348930));
#3266=CARTESIAN_POINT('',(3.433585315119750,0.0,0.0));
#3267=CARTESIAN_POINT('',(3.433585315119750,0.292025276398738,7.152320E-017));
#3268=CARTESIAN_POINT('',(3.253989017490961,0.545761054810537,1.336685E-016));
#3269=CARTESIAN_POINT('',(2.941892702126150,0.694669152674465,1.701393E-016));
#3277=(BOUNDED_SURFACE()B_SPLINE_SURFACE(3,3,((#3254,#3258,#3262,#3266),(#3255,#3259,#3263,#3267),(#3256,#3260,#3264,#3268),(#3257,#3261,#3265,#3269)),.UNSPECIFIED.,.F.,.F.,.U.)GEOMETRIC_REPRESENTATION_ITEM()QUASI_UNIFORM_SURFACE()RATIONAL_B_SPLINE_SURFACE(((1.0,0.333333333333333,0.333333333333333,1.0),(0.912588621416325,0.304196207138775,0.304196207138775,0.912588621416325),(0.912588621416325,0.304196207138775,0.304196207138775,0.912588621416325),(1.0,0.333333333333333,0.333333333333333,1.0)))REPRESENTATION_ITEM('')SURFACE());
#3278=CARTESIAN_POINT('',(2.941892702126150,-0.694669152674465,-8.506963E-017));
#3279=VERTEX_POINT('',#3278);
#3280=CARTESIAN_POINT('',(2.941892702126150,0.694669152674465,0.0));
#3281=VERTEX_POINT('',#3280);
#3282=CARTESIAN_POINT('',(2.941892702126150,0.0,0.0));
#3283=DIRECTION('',(-1.0,0.0,0.0));
#3284=DIRECTION('',(0.0,0.0,1.0));
#3285=AXIS2_PLACEMENT_3D('',#3282,#3283,#3284);
#3286=CIRCLE('',#3285,0.694669152674465);
#3287=EDGE_CURVE('',#3279,#3281,#3286,.T.);
#3288=ORIENTED_EDGE('',*,*,#3287,.T.);
#3289=CARTESIAN_POINT('',(3.433585315119750,0.0,0.0));
#3290=VERTEX_POINT('',#3289);
#3291=CARTESIAN_POINT('',(2.430304837663095,4.612017E-014,0.0));
#3292=DIRECTION('',(0.0,0.0,1.0));
#3293=DIRECTION('',(1.0,-1.328361E-013,0.0));
#3294=AXIS2_PLACEMENT_3D('',#3291,#3292,#3293);
#3295=ELLIPSE('',#3294,1.003280477456655,0.807543803375902);
#3296=EDGE_CURVE('',#3290,#3281,#3295,.T.);
#3297=ORIENTED_EDGE('',*,*,#3296,.F.);
#3298=CARTESIAN_POINT('',(2.430304837663095,-4.612017E-014,-6.023174E-030));
#3299=DIRECTION('',(1.664123E-029,2.210556E-042,-1.0));
#3300=DIRECTION('',(1.0,1.328361E-013,1.664123E-029));
#3301=AXIS2_PLACEMENT_3D('',#3298,#3299,#3300);
#3302=ELLIPSE('',#3301,1.003280477456655,0.807543803375902);
#3303=EDGE_CURVE('',#3290,#3279,#3302,.T.);
#3304=ORIENTED_EDGE('',*,*,#3303,.T.);
#3305=EDGE_LOOP('',(#3288,#3297,#3304));
#3306=FACE_OUTER_BOUND('',#3305,.T.);
#3307=ADVANCED_FACE('',(#3306),#3277,.T.);
#3308=CARTESIAN_POINT('',(3.433585315119750,0.0,0.0));
#3309=CARTESIAN_POINT('',(3.433585315119750,0.292025276398738,0.0));
#3310=CARTESIAN_POINT('',(3.253989017490961,0.545761054810537,0.0));
#3311=CARTESIAN_POINT('',(2.941892702126150,0.694669152674465,0.0));
#3312=CARTESIAN_POINT('',(3.433585315119750,0.0,0.0));
#3313=CARTESIAN_POINT('',(3.433585315119750,0.292025276398738,-0.584050552797475));
#3314=CARTESIAN_POINT('',(3.253989017490961,0.545761054810537,-1.091522109621070));
#3315=CARTESIAN_POINT('',(2.941892702126150,0.694669152674465,-1.389338305348930));
#3316=CARTESIAN_POINT('',(3.433585315119750,0.0,0.0));
#3317=CARTESIAN_POINT('',(3.433585315119750,-0.292025276398738,-0.584050552797475));
#3318=CARTESIAN_POINT('',(3.253989017490961,-0.545761054810537,-1.091522109621070));
#3319=CARTESIAN_POINT('',(2.941892702126150,-0.694669152674465,-1.389338305348930));
#3320=CARTESIAN_POINT('',(3.433585315119750,0.0,0.0));
#3321=CARTESIAN_POINT('',(3.433585315119750,-0.292025276398738,-3.576160E-017));
#3322=CARTESIAN_POINT('',(3.253989017490961,-0.545761054810537,-6.683425E-017));
#3323=CARTESIAN_POINT('',(2.941892702126150,-0.694669152674465,-8.506963E-017));
#3331=(BOUNDED_SURFACE()B_SPLINE_SURFACE(3,3,((#3308,#3312,#3316,#3320),(#3309,#3313,#3317,#3321),(#3310,#3314,#3318,#3322),(#3311,#3315,#3319,#3323)),.UNSPECIFIED.,.F.,.F.,.U.)GEOMETRIC_REPRESENTATION_ITEM()QUASI_UNIFORM_SURFACE()RATIONAL_B_SPLINE_SURFACE(((1.0,0.333333333333333,0.333333333333333,1.0),(0.912588621416325,0.304196207138775,0.304196207138775,0.912588621416325),(0.912588621416325,0.304196207138775,0.304196207138775,0.912588621416325),(1.0,0.333333333333333,0.333333333333333,1.0)))REPRESENTATION_ITEM('')SURFACE());
#3332=CARTESIAN_POINT('',(2.941892702126150,0.0,0.0));
#3333=DIRECTION('',(-1.0,0.0,0.0));
#3334=DIRECTION('',(0.0,0.0,1.0));
#3335=AXIS2_PLACEMENT_3D('',#3332,#3333,#3334);
#3336=CIRCLE('',#3335,0.694669152674465);
#3337=EDGE_CURVE('',#3281,#3279,#3336,.T.);
#3338=ORIENTED_EDGE('',*,*,#3337,.T.);
#3339=ORIENTED_EDGE('',*,*,#3303,.F.);
#3340=ORIENTED_EDGE('',*,*,#3296,.T.);
#3341=EDGE_LOOP('',(#3338,#3339,#3340));
#3342=FACE_OUTER_BOUND('',#3341,.T.);
#3343=ADVANCED_FACE('',(#3342),#3331,.T.);
#3344=CARTESIAN_POINT('',(2.941892702126150,0.694669152674465,0.0));
#3345=DIRECTION('',(1.0,0.0,0.0));
#3346=DIRECTION('',(0.0,0.0,-1.0));
#3347=AXIS2_PLACEMENT_3D('',#3344,#3345,#3346);
#3348=PLANE('',#3347);
#3349=ORIENTED_EDGE('',*,*,#3287,.F.);
#3350=ORIENTED_EDGE('',*,*,#3337,.F.);
#3351=EDGE_LOOP('',(#3349,#3350));
#3352=FACE_OUTER_BOUND('',#3351,.T.);
#3353=ADVANCED_FACE('',(#3352),#3348,.T.);
#3354=CLOSED_SHELL('',(#3307,#3343,#3353));
#3355=MANIFOLD_SOLID_BREP('p1',#3354);
#3356=STYLED_ITEM('',(#1404,#2618),#3355);
#3357=MECHANICAL_DESIGN_GEOMETRIC_PRESENTATION_REPRESENTATION('',(#3356),#3253);
#3358=ADVANCED_BREP_SHAPE_REPRESENTATION('ABSR',(#3195,#3355),#2664);
#3359=SHAPE_REPRESENTATION_RELATIONSHIP('SRR','None',#3358,#2669);
#3360=AXIS2_PLACEMENT_3D('',#3361,#3362,#3363);
#3361=CARTESIAN_POINT('',(146.0,58.600000000000001,-10.955000000000002));
#3362=DIRECTION('',(-1.0,0.0,0.0));
#3363=DIRECTION('',(0.0,0.0,1.0));
#3364=NEXT_ASSEMBLY_USAGE_OCCURRENCE('p1:1','p1:1','p1:1',#51,#2640,'p1:1');
#3365=PRODUCT_DEFINITION_SHAPE('p1:1','p1:1',#3364);
#3366=ITEM_DEFINED_TRANSFORMATION('p1:1','p1:1',#2665,#3360);
#3370=(REPRESENTATION_RELATIONSHIP('p1:1','p1:1',#2669,#80)REPRESENTATION_RELATIONSHIP_WITH_TRANSFORMATION(#3366)SHAPE_REPRESENTATION_RELATIONSHIP());
#3371=CONTEXT_DEPENDENT_SHAPE_REPRESENTATION(#3370,#3365);
#3372=APPLICATION_CONTEXT('automotive design');
#3373=APPLICATION_PROTOCOL_DEFINITION('International Standard','automotive_design',2001,#3372);
#3374=PRODUCT_CONTEXT('',#3372,'mechanical');
#3375=PRODUCT('JS1120-03N2','JS1120-03N2',$,(#3374));
#3376=PRODUCT_RELATED_PRODUCT_CATEGORY('part',$,(#3375));
#3377=PRODUCT_DEFINITION_FORMATION('',$,#3375);
#3378=PRODUCT_DEFINITION_CONTEXT('part definition',#3372,'design');
#3379=PRODUCT_DEFINITION('',$,#3377,#3378);
#3385=(NAMED_UNIT(*)PLANE_ANGLE_UNIT()SI_UNIT($,.RADIAN.));
#3386=DIMENSIONAL_EXPONENTS(0.0,0.0,0.0,0.0,0.0,0.0,0.0);
#3387=PLANE_ANGLE_MEASURE_WITH_UNIT(PLANE_ANGLE_MEASURE(0.017453292500000),#3385);
#3391=(CONVERSION_BASED_UNIT('DEGREE',#3387)NAMED_UNIT(#3386)PLANE_ANGLE_UNIT());
#3395=(NAMED_UNIT(*)SI_UNIT($,.STERADIAN.)SOLID_ANGLE_UNIT());
#3399=(LENGTH_UNIT()NAMED_UNIT(*)SI_UNIT(.MILLI.,.METRE.));
#3401=UNCERTAINTY_MEASURE_WITH_UNIT(LENGTH_MEASURE(0.010000000000000),#3399,'DISTANCE_ACCURACY_VALUE','');
#3403=(GEOMETRIC_REPRESENTATION_CONTEXT(3)GLOBAL_UNCERTAINTY_ASSIGNED_CONTEXT((#3401))GLOBAL_UNIT_ASSIGNED_CONTEXT((#3391,#3395,#3399))REPRESENTATION_CONTEXT('None','None'));
#3404=AXIS2_PLACEMENT_3D('',#3405,#3406,#3407);
#3405=CARTESIAN_POINT('',(0.0,0.0,0.0));
#3406=DIRECTION('',(0.0,0.0,1.0));
#3407=DIRECTION('',(1.0,0.0,0.0));
#3408=SHAPE_REPRESENTATION('',(#3404,#4503,#5409,#6315),#3403);
#3409=PRODUCT_DEFINITION_SHAPE('','',#3379);
#3410=SHAPE_DEFINITION_REPRESENTATION(#3409,#3408);
#3411=APPLICATION_CONTEXT('automotive design');
#3412=APPLICATION_PROTOCOL_DEFINITION('International Standard','automotive_design',2001,#3411);
#3413=PRODUCT_CONTEXT('',#3411,'mechanical');
#3414=PRODUCT('CN1','CN1',$,(#3413));
#3415=PRODUCT_RELATED_PRODUCT_CATEGORY('part',$,(#3414));
#3416=PRODUCT_DEFINITION_FORMATION('',$,#3414);
#3417=PRODUCT_DEFINITION_CONTEXT('part definition',#3411,'design');
#3418=PRODUCT_DEFINITION('',$,#3416,#3417);
#3424=(NAMED_UNIT(*)PLANE_ANGLE_UNIT()SI_UNIT($,.RADIAN.));
#3425=DIMENSIONAL_EXPONENTS(0.0,0.0,0.0,0.0,0.0,0.0,0.0);
#3426=PLANE_ANGLE_MEASURE_WITH_UNIT(PLANE_ANGLE_MEASURE(0.017453292500000),#3424);
#3430=(CONVERSION_BASED_UNIT('DEGREE',#3426)NAMED_UNIT(#3425)PLANE_ANGLE_UNIT());
#3434=(NAMED_UNIT(*)SI_UNIT($,.STERADIAN.)SOLID_ANGLE_UNIT());
#3438=(LENGTH_UNIT()NAMED_UNIT(*)SI_UNIT(.MILLI.,.METRE.));
#3440=UNCERTAINTY_MEASURE_WITH_UNIT(LENGTH_MEASURE(0.010000000000000),#3438,'DISTANCE_ACCURACY_VALUE','');
#3442=(GEOMETRIC_REPRESENTATION_CONTEXT(3)GLOBAL_UNCERTAINTY_ASSIGNED_CONTEXT((#3440))GLOBAL_UNIT_ASSIGNED_CONTEXT((#3430,#3434,#3438))REPRESENTATION_CONTEXT('None','None'));
#3443=AXIS2_PLACEMENT_3D('',#3444,#3445,#3446);
#3444=CARTESIAN_POINT('',(0.0,0.0,0.0));
#3445=DIRECTION('',(0.0,0.0,1.0));
#3446=DIRECTION('',(1.0,0.0,0.0));
#3447=SHAPE_REPRESENTATION('',(#3443),#3442);
#3448=PRODUCT_DEFINITION_SHAPE('','',#3418);
#3449=SHAPE_DEFINITION_REPRESENTATION(#3448,#3447);
#3455=(NAMED_UNIT(*)PLANE_ANGLE_UNIT()SI_UNIT($,.RADIAN.));
#3456=DIMENSIONAL_EXPONENTS(0.0,0.0,0.0,0.0,0.0,0.0,0.0);
#3457=PLANE_ANGLE_MEASURE_WITH_UNIT(PLANE_ANGLE_MEASURE(0.017453292500000),#3455);
#3461=(CONVERSION_BASED_UNIT('DEGREE',#3457)NAMED_UNIT(#3456)PLANE_ANGLE_UNIT());
#3465=(NAMED_UNIT(*)SI_UNIT($,.STERADIAN.)SOLID_ANGLE_UNIT());
#3469=(LENGTH_UNIT()NAMED_UNIT(*)SI_UNIT(.MILLI.,.METRE.));
#3471=UNCERTAINTY_MEASURE_WITH_UNIT(LENGTH_MEASURE(0.000001000000000),#3469,'DISTANCE_ACCURACY_VALUE','');
#3473=(GEOMETRIC_REPRESENTATION_CONTEXT(3)GLOBAL_UNCERTAINTY_ASSIGNED_CONTEXT((#3471))GLOBAL_UNIT_ASSIGNED_CONTEXT((#3461,#3465,#3469))REPRESENTATION_CONTEXT('','3D'));
#3474=CARTESIAN_POINT('',(6.355561383429404,3.924640024214585,-11.320000000000000));
#3475=DIRECTION('',(0.0,-1.0,0.0));
#3476=DIRECTION('',(0.707106781186549,0.0,-0.707106781186546));
#3477=AXIS2_PLACEMENT_3D('',#3474,#3475,#3476);
#3478=CYLINDRICAL_SURFACE('',#3477,0.500000000000000);
#3479=CARTESIAN_POINT('',(6.855561383429404,-0.031058869405598,-11.320000000000000));
#3480=VERTEX_POINT('',#3479);
#3481=CARTESIAN_POINT('',(6.355561383429404,-0.031058869405598,-11.820000000000002));
#3482=VERTEX_POINT('',#3481);
#3483=CARTESIAN_POINT('',(6.355561383429404,-0.031058869405598,-11.320000000000000));
#3484=DIRECTION('',(0.0,1.0,0.0));
#3485=DIRECTION('',(0.707106781186549,0.0,-0.707106781186546));
#3486=AXIS2_PLACEMENT_3D('',#3483,#3484,#3485);
#3487=CIRCLE('',#3486,0.500000000000000);
#3488=EDGE_CURVE('',#3480,#3482,#3487,.T.);
#3489=ORIENTED_EDGE('',*,*,#3488,.T.);
#3490=CARTESIAN_POINT('',(6.355561383429404,3.167401906158773,-11.820000000000002));
#3491=VERTEX_POINT('',#3490);
#3492=CARTESIAN_POINT('',(6.355561383429404,-0.031058869405598,-11.820000000000002));
#3493=DIRECTION('',(0.0,1.0,0.0));
#3494=VECTOR('',#3493,3.198460775564371);
#3495=LINE('',#3492,#3494);
#3496=EDGE_CURVE('',#3482,#3491,#3495,.T.);
#3497=ORIENTED_EDGE('',*,*,#3496,.T.);
#3498=CARTESIAN_POINT('',(6.855561383429404,3.167401906158773,-11.320000000000000));
#3499=VERTEX_POINT('',#3498);
#3500=CARTESIAN_POINT('',(6.355561383429404,3.167401906158773,-11.320000000000000));
#3501=DIRECTION('',(0.0,-1.0,0.0));
#3502=DIRECTION('',(0.707106781186549,0.0,-0.707106781186546));
#3503=AXIS2_PLACEMENT_3D('',#3500,#3501,#3502);
#3504=CIRCLE('',#3503,0.500000000000000);
#3505=EDGE_CURVE('',#3491,#3499,#3504,.T.);
#3506=ORIENTED_EDGE('',*,*,#3505,.T.);
#3507=CARTESIAN_POINT('',(6.855561383429404,3.167401906158773,-11.320000000000000));
#3508=DIRECTION('',(0.0,-1.0,0.0));
#3509=VECTOR('',#3508,3.198460775564371);
#3510=LINE('',#3507,#3509);
#3511=EDGE_CURVE('',#3499,#3480,#3510,.T.);
#3512=ORIENTED_EDGE('',*,*,#3511,.T.);
#3513=EDGE_LOOP('',(#3489,#3497,#3506,#3512));
#3514=FACE_OUTER_BOUND('',#3513,.T.);
#3515=ADVANCED_FACE('',(#3514),#3478,.T.);
#3516=CARTESIAN_POINT('',(7.559816350701394,4.681878142270397,-11.820000000000002));
#3517=DIRECTION('',(0.0,0.0,1.0));
#3518=DIRECTION('',(1.0,0.0,0.0));
#3519=AXIS2_PLACEMENT_3D('',#3516,#3517,#3518);
#3520=PLANE('',#3519);
#3521=ORIENTED_EDGE('',*,*,#3496,.F.);
#3522=CARTESIAN_POINT('',(0.562110421620702,-0.031058869405598,-11.820000000000002));
#3523=VERTEX_POINT('',#3522);
#3524=CARTESIAN_POINT('',(0.562110421620702,-0.031058869405598,-11.820000000000002));
#3525=DIRECTION('',(1.0,0.0,0.0));
#3526=VECTOR('',#3525,5.793450961808702);
#3527=LINE('',#3524,#3526);
#3528=EDGE_CURVE('',#3523,#3482,#3527,.T.);
#3529=ORIENTED_EDGE('',*,*,#3528,.F.);
#3530=CARTESIAN_POINT('',(0.562110421620702,3.167401906158773,-11.820000000000002));
#3531=VERTEX_POINT('',#3530);
#3532=CARTESIAN_POINT('',(0.562110421620702,3.167401906158773,-11.820000000000002));
#3533=DIRECTION('',(0.0,-1.0,0.0));
#3534=VECTOR('',#3533,3.198460775564371);
#3535=LINE('',#3532,#3534);
#3536=EDGE_CURVE('',#3531,#3523,#3535,.T.);
#3537=ORIENTED_EDGE('',*,*,#3536,.F.);
#3538=CARTESIAN_POINT('',(0.562110421620702,3.167401906158773,-11.820000000000002));
#3539=DIRECTION('',(1.0,0.0,0.0));
#3540=VECTOR('',#3539,5.793450961808702);
#3541=LINE('',#3538,#3540);
#3542=EDGE_CURVE('',#3531,#3491,#3541,.T.);
#3543=ORIENTED_EDGE('',*,*,#3542,.T.);
#3544=EDGE_LOOP('',(#3521,#3529,#3537,#3543));
#3545=FACE_OUTER_BOUND('',#3544,.T.);
#3546=ADVANCED_FACE('',(#3545),#3520,.F.);
#3547=CARTESIAN_POINT('',(6.855561383429404,-0.031058869405598,0.0));
#3548=DIRECTION('',(0.0,-1.0,0.0));
#3549=DIRECTION('',(0.0,0.0,-1.0));
#3550=AXIS2_PLACEMENT_3D('',#3547,#3548,#3549);
#3551=PLANE('',#3550);
#3552=ORIENTED_EDGE('',*,*,#3488,.F.);
#3553=CARTESIAN_POINT('',(6.855561383429404,-0.031058869405598,-10.410000000000002));
#3554=VERTEX_POINT('',#3553);
#3555=CARTESIAN_POINT('',(6.855561383429404,-0.031058869405598,-11.320000000000000));
#3556=DIRECTION('',(0.0,0.0,1.0));
#3557=VECTOR('',#3556,0.909999999999998);
#3558=LINE('',#3555,#3557);
#3559=EDGE_CURVE('',#3480,#3554,#3558,.T.);
#3560=ORIENTED_EDGE('',*,*,#3559,.T.);
#3561=CARTESIAN_POINT('',(8.055639811519143,-0.031058869405598,-10.410000000000002));
#3562=VERTEX_POINT('',#3561);
#3563=CARTESIAN_POINT('',(6.855561383429404,-0.031058869405598,-10.410000000000002));
#3564=DIRECTION('',(1.0,0.0,0.0));
#3565=VECTOR('',#3564,1.200078428089739);
#3566=LINE('',#3563,#3565);
#3567=EDGE_CURVE('',#3554,#3562,#3566,.T.);
#3568=ORIENTED_EDGE('',*,*,#3567,.T.);
#3569=CARTESIAN_POINT('',(8.055639811519143,-0.031058869405598,-1.410000000000000));
#3570=VERTEX_POINT('',#3569);
#3571=CARTESIAN_POINT('',(8.055639811519143,-0.031058869405598,-1.410000000000000));
#3572=DIRECTION('',(0.0,0.0,-1.0));
#3573=VECTOR('',#3572,9.000000000000002);
#3574=LINE('',#3571,#3573);
#3575=EDGE_CURVE('',#3570,#3562,#3574,.T.);
#3576=ORIENTED_EDGE('',*,*,#3575,.F.);
#3577=CARTESIAN_POINT('',(6.862110421620702,-0.031058869405598,-1.410000000000000));
#3578=VERTEX_POINT('',#3577);
#3579=CARTESIAN_POINT('',(8.055639811519143,-0.031058869405598,-1.410000000000000));
#3580=DIRECTION('',(-1.0,0.0,0.0));
#3581=VECTOR('',#3580,1.193529389898441);
#3582=LINE('',#3579,#3581);
#3583=EDGE_CURVE('',#3570,#3578,#3582,.T.);
#3584=ORIENTED_EDGE('',*,*,#3583,.T.);
#3585=CARTESIAN_POINT('',(6.862110421620702,-0.031058869405598,-0.500000000000000));
#3586=VERTEX_POINT('',#3585);
#3587=CARTESIAN_POINT('',(6.862110421620702,-0.031058869405598,-1.410000000000000));
#3588=DIRECTION('',(0.0,0.0,1.0));
#3589=VECTOR('',#3588,0.910000000000000);
#3590=LINE('',#3587,#3589);
#3591=EDGE_CURVE('',#3578,#3586,#3590,.T.);
#3592=ORIENTED_EDGE('',*,*,#3591,.T.);
#3593=CARTESIAN_POINT('',(6.362110421620701,-0.031058869405598,0.0));
#3594=VERTEX_POINT('',#3593);
#3595=CARTESIAN_POINT('',(6.362110421620701,-0.031058869405598,-0.500000000000000));
#3596=DIRECTION('',(0.0,1.000000000000000,0.0));
#3597=DIRECTION('',(0.707106781186548,0.0,0.707106781186547));
#3598=AXIS2_PLACEMENT_3D('',#3595,#3596,#3597);
#3599=CIRCLE('',#3598,0.500000000000000);
#3600=EDGE_CURVE('',#3594,#3586,#3599,.T.);
#3601=ORIENTED_EDGE('',*,*,#3600,.F.);
#3602=CARTESIAN_POINT('',(0.562110421620702,-0.031058869405598,0.0));
#3603=VERTEX_POINT('',#3602);
#3604=CARTESIAN_POINT('',(0.562110421620702,-0.031058869405598,0.0));
#3605=DIRECTION('',(1.0,0.0,0.0));
#3606=VECTOR('',#3605,5.800000000000000);
#3607=LINE('',#3604,#3606);
#3608=EDGE_CURVE('',#3603,#3594,#3607,.T.);
#3609=ORIENTED_EDGE('',*,*,#3608,.F.);
#3610=CARTESIAN_POINT('',(0.062110421620702,-0.031058869405598,-0.500000000000000));
#3611=VERTEX_POINT('',#3610);
#3612=CARTESIAN_POINT('',(0.562110421620702,-0.031058869405598,-0.500000000000000));
#3613=DIRECTION('',(0.0,1.0,0.0));
#3614=DIRECTION('',(-0.707106781186548,0.0,0.707106781186547));
#3615=AXIS2_PLACEMENT_3D('',#3612,#3613,#3614);
#3616=CIRCLE('',#3615,0.500000000000000);
#3617=EDGE_CURVE('',#3611,#3603,#3616,.T.);
#3618=ORIENTED_EDGE('',*,*,#3617,.F.);
#3619=CARTESIAN_POINT('',(0.062110421620702,-0.031058869405598,-11.320000000000000));
#3620=VERTEX_POINT('',#3619);
#3621=CARTESIAN_POINT('',(0.062110421620702,-0.031058869405598,-0.500000000000000));
#3622=DIRECTION('',(0.0,0.0,-1.0));
#3623=VECTOR('',#3622,10.820000000000000);
#3624=LINE('',#3621,#3623);
#3625=EDGE_CURVE('',#3611,#3620,#3624,.T.);
#3626=ORIENTED_EDGE('',*,*,#3625,.T.);
#3627=CARTESIAN_POINT('',(0.562110421620702,-0.031058869405598,-11.320000000000000));
#3628=DIRECTION('',(0.0,1.0,0.0));
#3629=DIRECTION('',(-0.707106781186549,0.0,-0.707106781186546));
#3630=AXIS2_PLACEMENT_3D('',#3627,#3628,#3629);
#3631=CIRCLE('',#3630,0.500000000000000);
#3632=EDGE_CURVE('',#3523,#3620,#3631,.T.);
#3633=ORIENTED_EDGE('',*,*,#3632,.F.);
#3634=ORIENTED_EDGE('',*,*,#3528,.T.);
#3635=EDGE_LOOP('',(#3552,#3560,#3568,#3576,#3584,#3592,#3601,#3609,#3618,#3626,#3633,#3634));
#3636=FACE_OUTER_BOUND('',#3635,.T.);
#3637=CARTESIAN_POINT('',(5.422328839204495,-0.031058869405598,-2.522602070196320));
#3638=VERTEX_POINT('',#3637);
#3639=CARTESIAN_POINT('',(4.285691120558405,-0.031058869405598,-2.522602070196311));
#3640=VERTEX_POINT('',#3639);
#3641=CARTESIAN_POINT('',(5.422328839204495,-0.031058869405598,-2.522602070196320));
#3642=DIRECTION('',(-1.0,0.0,0.0));
#3643=VECTOR('',#3642,1.136637718646090);
#3644=LINE('',#3641,#3643);
#3645=EDGE_CURVE('',#3638,#3640,#3644,.T.);
#3646=ORIENTED_EDGE('',*,*,#3645,.T.);
#3647=CARTESIAN_POINT('',(4.285691120558402,-0.031058869405598,-1.385964351550204));
#3648=VERTEX_POINT('',#3647);
#3649=CARTESIAN_POINT('',(4.285691120558405,-0.031058869405598,-2.522602070196311));
#3650=DIRECTION('',(0.0,0.0,1.0));
#3651=VECTOR('',#3650,1.136637718646107);
#3652=LINE('',#3649,#3651);
#3653=EDGE_CURVE('',#3640,#3648,#3652,.T.);
#3654=ORIENTED_EDGE('',*,*,#3653,.T.);
#3655=CARTESIAN_POINT('',(5.422328839204508,-0.031058869405598,-1.385964351550199));
#3656=VERTEX_POINT('',#3655);
#3657=CARTESIAN_POINT('',(4.285691120558402,-0.031058869405598,-1.385964351550204));
#3658=DIRECTION('',(1.0,0.0,0.0));
#3659=VECTOR('',#3658,1.136637718646106);
#3660=LINE('',#3657,#3659);
#3661=EDGE_CURVE('',#3648,#3656,#3660,.T.);
#3662=ORIENTED_EDGE('',*,*,#3661,.T.);
#3663=CARTESIAN_POINT('',(5.422328839204508,-0.031058869405598,-1.385964351550199));
#3664=DIRECTION('',(0.0,0.0,-1.0));
#3665=VECTOR('',#3664,1.136637718646122);
#3666=LINE('',#3663,#3665);
#3667=EDGE_CURVE('',#3656,#3638,#3666,.T.);
#3668=ORIENTED_EDGE('',*,*,#3667,.T.);
#3669=EDGE_LOOP('',(#3646,#3654,#3662,#3668));
#3670=FACE_BOUND('',#3669,.T.);
#3671=CARTESIAN_POINT('',(5.422328839204519,-0.031058869405598,-10.431309787496087));
#3672=VERTEX_POINT('',#3671);
#3673=CARTESIAN_POINT('',(4.285691120558429,-0.031058869405598,-10.431309787496106));
#3674=VERTEX_POINT('',#3673);
#3675=CARTESIAN_POINT('',(5.422328839204519,-0.031058869405598,-10.431309787496085));
#3676=DIRECTION('',(-1.0,0.0,0.0));
#3677=VECTOR('',#3676,1.136637718646090);
#3678=LINE('',#3675,#3677);
#3679=EDGE_CURVE('',#3672,#3674,#3678,.T.);
#3680=ORIENTED_EDGE('',*,*,#3679,.T.);
#3681=CARTESIAN_POINT('',(4.285691120558405,-0.031058869405598,-9.294647092192721));
#3682=VERTEX_POINT('',#3681);
#3683=CARTESIAN_POINT('',(4.285691120558429,-0.031058869405598,-10.431309787496106));
#3684=DIRECTION('',(0.0,0.0,1.0));
#3685=VECTOR('',#3684,1.136662695303386);
#3686=LINE('',#3683,#3685);
#3687=EDGE_CURVE('',#3674,#3682,#3686,.T.);
#3688=ORIENTED_EDGE('',*,*,#3687,.T.);
#3689=CARTESIAN_POINT('',(5.422328839204526,-0.031058869405598,-9.294647092192721));
#3690=VERTEX_POINT('',#3689);
#3691=CARTESIAN_POINT('',(4.285691120558404,-0.031058869405598,-9.294647092192721));
#3692=DIRECTION('',(1.0,0.0,0.0));
#3693=VECTOR('',#3692,1.136637718646121);
#3694=LINE('',#3691,#3693);
#3695=EDGE_CURVE('',#3682,#3690,#3694,.T.);
#3696=ORIENTED_EDGE('',*,*,#3695,.T.);
#3697=CARTESIAN_POINT('',(5.422328839204526,-0.031058869405598,-9.294647092192721));
#3698=DIRECTION('',(0.0,0.0,-1.0));
#3699=VECTOR('',#3698,1.136662695303366);
#3700=LINE('',#3697,#3699);
#3701=EDGE_CURVE('',#3690,#3672,#3700,.T.);
#3702=ORIENTED_EDGE('',*,*,#3701,.T.);
#3703=EDGE_LOOP('',(#3680,#3688,#3696,#3702));
#3704=FACE_BOUND('',#3703,.T.);
#3705=CARTESIAN_POINT('',(5.422328839204514,-0.031058869405598,-6.482351359084327));
#3706=VERTEX_POINT('',#3705);
#3707=CARTESIAN_POINT('',(4.285691120558405,-0.031058869405598,-6.482351359084323));
#3708=VERTEX_POINT('',#3707);
#3709=CARTESIAN_POINT('',(5.422328839204514,-0.031058869405598,-6.482351359084328));
#3710=DIRECTION('',(-1.0,0.0,0.0));
#3711=VECTOR('',#3710,1.136637718646110);
#3712=LINE('',#3709,#3711);
#3713=EDGE_CURVE('',#3706,#3708,#3712,.T.);
#3714=ORIENTED_EDGE('',*,*,#3713,.T.);
#3715=CARTESIAN_POINT('',(4.285691120558414,-0.031058869405598,-5.340418589098841));
#3716=VERTEX_POINT('',#3715);
#3717=CARTESIAN_POINT('',(4.285691120558406,-0.031058869405598,-6.482351359084323));
#3718=DIRECTION('',(0.0,0.0,1.0));
#3719=VECTOR('',#3718,1.141932769985482);
#3720=LINE('',#3717,#3719);
#3721=EDGE_CURVE('',#3708,#3716,#3720,.T.);
#3722=ORIENTED_EDGE('',*,*,#3721,.T.);
#3723=CARTESIAN_POINT('',(5.422328839204510,-0.031058869405598,-5.340418589098805));
#3724=VERTEX_POINT('',#3723);
#3725=CARTESIAN_POINT('',(4.285691120558413,-0.031058869405598,-5.340418589098841));
#3726=DIRECTION('',(1.0,0.0,0.0));
#3727=VECTOR('',#3726,1.136637718646097);
#3728=LINE('',#3725,#3727);
#3729=EDGE_CURVE('',#3716,#3724,#3728,.T.);
#3730=ORIENTED_EDGE('',*,*,#3729,.T.);
#3731=CARTESIAN_POINT('',(5.422328839204511,-0.031058869405598,-5.340418589098805));
#3732=DIRECTION('',(0.0,0.0,-1.0));
#3733=VECTOR('',#3732,1.141932769985523);
#3734=LINE('',#3731,#3733);
#3735=EDGE_CURVE('',#3724,#3706,#3734,.T.);
#3736=ORIENTED_EDGE('',*,*,#3735,.T.);
#3737=EDGE_LOOP('',(#3714,#3722,#3730,#3736));
#3738=FACE_BOUND('',#3737,.T.);
#3739=ADVANCED_FACE('',(#3636,#3670,#3704,#3738),#3551,.T.);
#3740=CARTESIAN_POINT('',(6.362110421620701,2.325409636432399,-0.500000000000000));
#3741=DIRECTION('',(0.0,1.0,0.0));
#3742=DIRECTION('',(0.707106781186548,0.0,0.707106781186547));
#3743=AXIS2_PLACEMENT_3D('',#3740,#3741,#3742);
#3744=CYLINDRICAL_SURFACE('',#3743,0.500000000000000);
#3745=CARTESIAN_POINT('',(6.862110421620702,3.167401906158773,-0.500000000000000));
#3746=VERTEX_POINT('',#3745);
#3747=CARTESIAN_POINT('',(6.362110421620701,3.167401906158773,0.0));
#3748=VERTEX_POINT('',#3747);
#3749=CARTESIAN_POINT('',(6.362110421620701,3.167401906158773,-0.500000000000000));
#3750=DIRECTION('',(0.0,-1.000000000000000,0.0));
#3751=DIRECTION('',(0.707106781186548,0.0,0.707106781186547));
#3752=AXIS2_PLACEMENT_3D('',#3749,#3750,#3751);
#3753=CIRCLE('',#3752,0.500000000000000);
#3754=EDGE_CURVE('',#3746,#3748,#3753,.T.);
#3755=ORIENTED_EDGE('',*,*,#3754,.T.);
#3756=CARTESIAN_POINT('',(6.362110421620701,3.167401906158773,0.0));
#3757=DIRECTION('',(0.0,-1.0,0.0));
#3758=VECTOR('',#3757,3.198460775564371);
#3759=LINE('',#3756,#3758);
#3760=EDGE_CURVE('',#3748,#3594,#3759,.T.);
#3761=ORIENTED_EDGE('',*,*,#3760,.T.);
#3762=ORIENTED_EDGE('',*,*,#3600,.T.);
#3763=CARTESIAN_POINT('',(6.862110421620702,-0.031058869405598,-0.500000000000000));
#3764=DIRECTION('',(0.0,1.0,0.0));
#3765=VECTOR('',#3764,3.198460775564371);
#3766=LINE('',#3763,#3765);
#3767=EDGE_CURVE('',#3586,#3746,#3766,.T.);
#3768=ORIENTED_EDGE('',*,*,#3767,.T.);
#3769=EDGE_LOOP('',(#3755,#3761,#3762,#3768));
#3770=FACE_OUTER_BOUND('',#3769,.T.);
#3771=ADVANCED_FACE('',(#3770),#3744,.T.);
#3772=CARTESIAN_POINT('',(7.559816350701394,4.681878142270397,0.0));
#3773=DIRECTION('',(0.0,0.0,1.0));
#3774=DIRECTION('',(1.0,0.0,0.0));
#3775=AXIS2_PLACEMENT_3D('',#3772,#3773,#3774);
#3776=PLANE('',#3775);
#3777=ORIENTED_EDGE('',*,*,#3760,.F.);
#3778=CARTESIAN_POINT('',(0.562110421620702,3.167401906158773,0.0));
#3779=VERTEX_POINT('',#3778);
#3780=CARTESIAN_POINT('',(6.362110421620701,3.167401906158773,0.0));
#3781=DIRECTION('',(-1.0,0.0,0.0));
#3782=VECTOR('',#3781,5.800000000000000);
#3783=LINE('',#3780,#3782);
#3784=EDGE_CURVE('',#3748,#3779,#3783,.T.);
#3785=ORIENTED_EDGE('',*,*,#3784,.T.);
#3786=CARTESIAN_POINT('',(0.562110421620702,-0.031058869405598,0.0));
#3787=DIRECTION('',(0.0,1.0,0.0));
#3788=VECTOR('',#3787,3.198460775564371);
#3789=LINE('',#3786,#3788);
#3790=EDGE_CURVE('',#3603,#3779,#3789,.T.);
#3791=ORIENTED_EDGE('',*,*,#3790,.F.);
#3792=ORIENTED_EDGE('',*,*,#3608,.T.);
#3793=EDGE_LOOP('',(#3777,#3785,#3791,#3792));
#3794=FACE_OUTER_BOUND('',#3793,.T.);
#3795=ADVANCED_FACE('',(#3794),#3776,.T.);
#3796=CARTESIAN_POINT('',(6.855561383429404,3.167401906158773,0.0));
#3797=DIRECTION('',(0.0,1.0,0.0));
#3798=DIRECTION('',(0.0,0.0,1.0));
#3799=AXIS2_PLACEMENT_3D('',#3796,#3797,#3798);
#3800=PLANE('',#3799);
#3801=ORIENTED_EDGE('',*,*,#3505,.F.);
#3802=ORIENTED_EDGE('',*,*,#3542,.F.);
#3803=CARTESIAN_POINT('',(0.062110421620702,3.167401906158773,-11.320000000000000));
#3804=VERTEX_POINT('',#3803);
#3805=CARTESIAN_POINT('',(0.562110421620702,3.167401906158773,-11.320000000000000));
#3806=DIRECTION('',(0.0,-1.0,0.0));
#3807=DIRECTION('',(-0.707106781186549,0.0,-0.707106781186546));
#3808=AXIS2_PLACEMENT_3D('',#3805,#3806,#3807);
#3809=CIRCLE('',#3808,0.500000000000000);
#3810=EDGE_CURVE('',#3804,#3531,#3809,.T.);
#3811=ORIENTED_EDGE('',*,*,#3810,.F.);
#3812=CARTESIAN_POINT('',(0.062110421620702,3.167401906158773,-0.500000000000000));
#3813=VERTEX_POINT('',#3812);
#3814=CARTESIAN_POINT('',(0.062110421620702,3.167401906158773,-0.500000000000000));
#3815=DIRECTION('',(0.0,0.0,-1.0));
#3816=VECTOR('',#3815,10.820000000000000);
#3817=LINE('',#3814,#3816);
#3818=EDGE_CURVE('',#3813,#3804,#3817,.T.);
#3819=ORIENTED_EDGE('',*,*,#3818,.F.);
#3820=CARTESIAN_POINT('',(0.562110421620702,3.167401906158773,-0.500000000000000));
#3821=DIRECTION('',(0.0,-1.0,0.0));
#3822=DIRECTION('',(-0.707106781186548,0.0,0.707106781186547));
#3823=AXIS2_PLACEMENT_3D('',#3820,#3821,#3822);
#3824=CIRCLE('',#3823,0.500000000000000);
#3825=EDGE_CURVE('',#3779,#3813,#3824,.T.);
#3826=ORIENTED_EDGE('',*,*,#3825,.F.);
#3827=ORIENTED_EDGE('',*,*,#3784,.F.);
#3828=ORIENTED_EDGE('',*,*,#3754,.F.);
#3829=CARTESIAN_POINT('',(6.862110421620702,3.167401906158773,-1.410000000000000));
#3830=VERTEX_POINT('',#3829);
#3831=CARTESIAN_POINT('',(6.862110421620702,3.167401906158773,-1.410000000000000));
#3832=DIRECTION('',(0.0,0.0,1.0));
#3833=VECTOR('',#3832,0.910000000000000);
#3834=LINE('',#3831,#3833);
#3835=EDGE_CURVE('',#3830,#3746,#3834,.T.);
#3836=ORIENTED_EDGE('',*,*,#3835,.F.);
#3837=CARTESIAN_POINT('',(6.855561383429404,3.167401906158773,-1.410000000000000));
#3838=VERTEX_POINT('',#3837);
#3839=CARTESIAN_POINT('',(6.855561383429404,3.167401906158773,-1.410000000000000));
#3840=DIRECTION('',(1.0,0.0,0.0));
#3841=VECTOR('',#3840,0.006549038191298);
#3842=LINE('',#3839,#3841);
#3843=EDGE_CURVE('',#3838,#3830,#3842,.T.);
#3844=ORIENTED_EDGE('',*,*,#3843,.F.);
#3845=CARTESIAN_POINT('',(6.855561383429404,3.167401906158773,-10.410000000000002));
#3846=VERTEX_POINT('',#3845);
#3847=CARTESIAN_POINT('',(6.855561383429404,3.167401906158773,-10.410000000000002));
#3848=DIRECTION('',(0.0,0.0,1.0));
#3849=VECTOR('',#3848,9.000000000000002);
#3850=LINE('',#3847,#3849);
#3851=EDGE_CURVE('',#3846,#3838,#3850,.T.);
#3852=ORIENTED_EDGE('',*,*,#3851,.F.);
#3853=CARTESIAN_POINT('',(6.855561383429404,3.167401906158773,-10.410000000000002));
#3854=DIRECTION('',(0.0,0.0,-1.0));
#3855=VECTOR('',#3854,0.909999999999998);
#3856=LINE('',#3853,#3855);
#3857=EDGE_CURVE('',#3846,#3499,#3856,.T.);
#3858=ORIENTED_EDGE('',*,*,#3857,.T.);
#3859=EDGE_LOOP('',(#3801,#3802,#3811,#3819,#3826,#3827,#3828,#3836,#3844,#3852,#3858));
#3860=FACE_OUTER_BOUND('',#3859,.T.);
#3861=CARTESIAN_POINT('',(4.285691120558405,3.167401906158773,-2.522602070196311));
#3862=VERTEX_POINT('',#3861);
#3863=CARTESIAN_POINT('',(5.422328839204495,3.167401906158773,-2.522602070196320));
#3864=VERTEX_POINT('',#3863);
#3865=CARTESIAN_POINT('',(4.285691120558405,3.167401906158773,-2.522602070196311));
#3866=DIRECTION('',(1.0,0.0,0.0));
#3867=VECTOR('',#3866,1.136637718646090);
#3868=LINE('',#3865,#3867);
#3869=EDGE_CURVE('',#3862,#3864,#3868,.T.);
#3870=ORIENTED_EDGE('',*,*,#3869,.T.);
#3871=CARTESIAN_POINT('',(5.422328839204508,3.167401906158773,-1.385964351550199));
#3872=VERTEX_POINT('',#3871);
#3873=CARTESIAN_POINT('',(5.422328839204495,3.167401906158773,-2.522602070196320));
#3874=DIRECTION('',(0.0,0.0,1.0));
#3875=VECTOR('',#3874,1.136637718646122);
#3876=LINE('',#3873,#3875);
#3877=EDGE_CURVE('',#3864,#3872,#3876,.T.);
#3878=ORIENTED_EDGE('',*,*,#3877,.T.);
#3879=CARTESIAN_POINT('',(4.285691120558402,3.167401906158773,-1.385964351550204));
#3880=VERTEX_POINT('',#3879);
#3881=CARTESIAN_POINT('',(5.422328839204508,3.167401906158773,-1.385964351550199));
#3882=DIRECTION('',(-1.0,0.0,0.0));
#3883=VECTOR('',#3882,1.136637718646106);
#3884=LINE('',#3881,#3883);
#3885=EDGE_CURVE('',#3872,#3880,#3884,.T.);
#3886=ORIENTED_EDGE('',*,*,#3885,.T.);
#3887=CARTESIAN_POINT('',(4.285691120558402,3.167401906158773,-1.385964351550204));
#3888=DIRECTION('',(0.0,0.0,-1.0));
#3889=VECTOR('',#3888,1.136637718646107);
#3890=LINE('',#3887,#3889);
#3891=EDGE_CURVE('',#3880,#3862,#3890,.T.);
#3892=ORIENTED_EDGE('',*,*,#3891,.T.);
#3893=EDGE_LOOP('',(#3870,#3878,#3886,#3892));
#3894=FACE_BOUND('',#3893,.T.);
#3895=CARTESIAN_POINT('',(4.285691120558429,3.167401906158773,-10.431309787496106));
#3896=VERTEX_POINT('',#3895);
#3897=CARTESIAN_POINT('',(5.422328839204519,3.167401906158773,-10.431309787496087));
#3898=VERTEX_POINT('',#3897);
#3899=CARTESIAN_POINT('',(4.285691120558429,3.167401906158773,-10.431309787496104));
#3900=DIRECTION('',(1.0,0.0,0.0));
#3901=VECTOR('',#3900,1.136637718646090);
#3902=LINE('',#3899,#3901);
#3903=EDGE_CURVE('',#3896,#3898,#3902,.T.);
#3904=ORIENTED_EDGE('',*,*,#3903,.T.);
#3905=CARTESIAN_POINT('',(5.422328839204526,3.167401906158773,-9.294647092192721));
#3906=VERTEX_POINT('',#3905);
#3907=CARTESIAN_POINT('',(5.422328839204520,3.167401906158773,-10.431309787496087));
#3908=DIRECTION('',(0.0,0.0,1.0));
#3909=VECTOR('',#3908,1.136662695303366);
#3910=LINE('',#3907,#3909);
#3911=EDGE_CURVE('',#3898,#3906,#3910,.T.);
#3912=ORIENTED_EDGE('',*,*,#3911,.T.);
#3913=CARTESIAN_POINT('',(4.285691120558405,3.167401906158773,-9.294647092192721));
#3914=VERTEX_POINT('',#3913);
#3915=CARTESIAN_POINT('',(5.422328839204525,3.167401906158773,-9.294647092192721));
#3916=DIRECTION('',(-1.0,0.0,0.0));
#3917=VECTOR('',#3916,1.136637718646121);
#3918=LINE('',#3915,#3917);
#3919=EDGE_CURVE('',#3906,#3914,#3918,.T.);
#3920=ORIENTED_EDGE('',*,*,#3919,.T.);
#3921=CARTESIAN_POINT('',(4.285691120558405,3.167401906158773,-9.294647092192721));
#3922=DIRECTION('',(0.0,0.0,-1.0));
#3923=VECTOR('',#3922,1.136662695303386);
#3924=LINE('',#3921,#3923);
#3925=EDGE_CURVE('',#3914,#3896,#3924,.T.);
#3926=ORIENTED_EDGE('',*,*,#3925,.T.);
#3927=EDGE_LOOP('',(#3904,#3912,#3920,#3926));
#3928=FACE_BOUND('',#3927,.T.);
#3929=CARTESIAN_POINT('',(4.285691120558405,3.167401906158773,-6.482351359084323));
#3930=VERTEX_POINT('',#3929);
#3931=CARTESIAN_POINT('',(5.422328839204514,3.167401906158773,-6.482351359084327));
#3932=VERTEX_POINT('',#3931);
#3933=CARTESIAN_POINT('',(4.285691120558404,3.167401906158773,-6.482351359084324));
#3934=DIRECTION('',(1.0,0.0,0.0));
#3935=VECTOR('',#3934,1.136637718646110);
#3936=LINE('',#3933,#3935);
#3937=EDGE_CURVE('',#3930,#3932,#3936,.T.);
#3938=ORIENTED_EDGE('',*,*,#3937,.T.);
#3939=CARTESIAN_POINT('',(5.422328839204510,3.167401906158773,-5.340418589098805));
#3940=VERTEX_POINT('',#3939);
#3941=CARTESIAN_POINT('',(5.422328839204515,3.167401906158773,-6.482351359084328));
#3942=DIRECTION('',(0.0,0.0,1.0));
#3943=VECTOR('',#3942,1.141932769985523);
#3944=LINE('',#3941,#3943);
#3945=EDGE_CURVE('',#3932,#3940,#3944,.T.);
#3946=ORIENTED_EDGE('',*,*,#3945,.T.);
#3947=CARTESIAN_POINT('',(4.285691120558414,3.167401906158773,-5.340418589098841));
#3948=VERTEX_POINT('',#3947);
#3949=CARTESIAN_POINT('',(5.422328839204510,3.167401906158773,-5.340418589098806));
#3950=DIRECTION('',(-1.0,0.0,0.0));
#3951=VECTOR('',#3950,1.136637718646097);
#3952=LINE('',#3949,#3951);
#3953=EDGE_CURVE('',#3940,#3948,#3952,.T.);
#3954=ORIENTED_EDGE('',*,*,#3953,.T.);
#3955=CARTESIAN_POINT('',(4.285691120558415,3.167401906158773,-5.340418589098841));
#3956=DIRECTION('',(0.0,0.0,-1.0));
#3957=VECTOR('',#3956,1.141932769985482);
#3958=LINE('',#3955,#3957);
#3959=EDGE_CURVE('',#3948,#3930,#3958,.T.);
#3960=ORIENTED_EDGE('',*,*,#3959,.T.);
#3961=EDGE_LOOP('',(#3938,#3946,#3954,#3960));
#3962=FACE_BOUND('',#3961,.T.);
#3963=ADVANCED_FACE('',(#3860,#3894,#3928,#3962),#3800,.T.);
#3964=CARTESIAN_POINT('',(0.562110421620702,3.924640024214585,-0.500000000000000));
#3965=DIRECTION('',(0.0,-1.0,0.0));
#3966=DIRECTION('',(-0.707106781186548,0.0,0.707106781186547));
#3967=AXIS2_PLACEMENT_3D('',#3964,#3965,#3966);
#3968=CYLINDRICAL_SURFACE('',#3967,0.500000000000000);
#3969=ORIENTED_EDGE('',*,*,#3617,.T.);
#3970=ORIENTED_EDGE('',*,*,#3790,.T.);
#3971=ORIENTED_EDGE('',*,*,#3825,.T.);
#3972=CARTESIAN_POINT('',(0.062110421620702,3.167401906158773,-0.500000000000000));
#3973=DIRECTION('',(0.0,-1.0,0.0));
#3974=VECTOR('',#3973,3.198460775564371);
#3975=LINE('',#3972,#3974);
#3976=EDGE_CURVE('',#3813,#3611,#3975,.T.);
#3977=ORIENTED_EDGE('',*,*,#3976,.T.);
#3978=EDGE_LOOP('',(#3969,#3970,#3971,#3977));
#3979=FACE_OUTER_BOUND('',#3978,.T.);
#3980=ADVANCED_FACE('',(#3979),#3968,.T.);
#3981=CARTESIAN_POINT('',(0.062110421620702,3.167401906158773,0.0));
#3982=DIRECTION('',(-1.0,0.0,0.0));
#3983=DIRECTION('',(0.0,0.0,1.0));
#3984=AXIS2_PLACEMENT_3D('',#3981,#3982,#3983);
#3985=PLANE('',#3984);
#3986=ORIENTED_EDGE('',*,*,#3976,.F.);
#3987=ORIENTED_EDGE('',*,*,#3818,.T.);
#3988=CARTESIAN_POINT('',(0.062110421620702,-0.031058869405598,-11.320000000000000));
#3989=DIRECTION('',(0.0,1.0,0.0));
#3990=VECTOR('',#3989,3.198460775564371);
#3991=LINE('',#3988,#3990);
#3992=EDGE_CURVE('',#3620,#3804,#3991,.T.);
#3993=ORIENTED_EDGE('',*,*,#3992,.F.);
#3994=ORIENTED_EDGE('',*,*,#3625,.F.);
#3995=EDGE_LOOP('',(#3986,#3987,#3993,#3994));
#3996=FACE_OUTER_BOUND('',#3995,.T.);
#3997=ADVANCED_FACE('',(#3996),#3985,.T.);
#3998=CARTESIAN_POINT('',(0.562110421620702,3.924640024214585,-11.320000000000000));
#3999=DIRECTION('',(0.0,-1.0,0.0));
#4000=DIRECTION('',(-0.707106781186549,0.0,-0.707106781186546));
#4001=AXIS2_PLACEMENT_3D('',#3998,#3999,#4000);
#4002=CYLINDRICAL_SURFACE('',#4001,0.500000000000000);
#4003=ORIENTED_EDGE('',*,*,#3632,.T.);
#4004=ORIENTED_EDGE('',*,*,#3992,.T.);
#4005=ORIENTED_EDGE('',*,*,#3810,.T.);
#4006=ORIENTED_EDGE('',*,*,#3536,.T.);
#4007=EDGE_LOOP('',(#4003,#4004,#4005,#4006));
#4008=FACE_OUTER_BOUND('',#4007,.T.);
#4009=ADVANCED_FACE('',(#4008),#4002,.T.);
#4010=CARTESIAN_POINT('',(4.285691120558414,3.167401906158773,-5.340418589098841));
#4011=DIRECTION('',(0.0,0.0,1.0));
#4012=DIRECTION('',(1.0,0.0,0.0));
#4013=AXIS2_PLACEMENT_3D('',#4010,#4011,#4012);
#4014=PLANE('',#4013);
#4015=ORIENTED_EDGE('',*,*,#3729,.F.);
#4016=CARTESIAN_POINT('',(4.285691120558414,3.167401906158773,-5.340418589098841));
#4017=DIRECTION('',(0.0,-1.0,0.0));
#4018=VECTOR('',#4017,3.198460775564371);
#4019=LINE('',#4016,#4018);
#4020=EDGE_CURVE('',#3948,#3716,#4019,.T.);
#4021=ORIENTED_EDGE('',*,*,#4020,.F.);
#4022=ORIENTED_EDGE('',*,*,#3953,.F.);
#4023=CARTESIAN_POINT('',(5.422328839204510,3.167401906158773,-5.340418589098805));
#4024=DIRECTION('',(0.0,-1.0,0.0));
#4025=VECTOR('',#4024,3.198460775564371);
#4026=LINE('',#4023,#4025);
#4027=EDGE_CURVE('',#3940,#3724,#4026,.T.);
#4028=ORIENTED_EDGE('',*,*,#4027,.T.);
#4029=EDGE_LOOP('',(#4015,#4021,#4022,#4028));
#4030=FACE_OUTER_BOUND('',#4029,.T.);
#4031=ADVANCED_FACE('',(#4030),#4014,.F.);
#4032=CARTESIAN_POINT('',(5.422328839204510,3.167401906158773,-5.340418589098805));
#4033=DIRECTION('',(1.0,0.0,0.0));
#4034=DIRECTION('',(0.0,0.0,-1.0));
#4035=AXIS2_PLACEMENT_3D('',#4032,#4033,#4034);
#4036=PLANE('',#4035);
#4037=ORIENTED_EDGE('',*,*,#3735,.F.);
#4038=ORIENTED_EDGE('',*,*,#4027,.F.);
#4039=ORIENTED_EDGE('',*,*,#3945,.F.);
#4040=CARTESIAN_POINT('',(5.422328839204514,3.167401906158773,-6.482351359084327));
#4041=DIRECTION('',(0.0,-1.0,0.0));
#4042=VECTOR('',#4041,3.198460775564371);
#4043=LINE('',#4040,#4042);
#4044=EDGE_CURVE('',#3932,#3706,#4043,.T.);
#4045=ORIENTED_EDGE('',*,*,#4044,.T.);
#4046=EDGE_LOOP('',(#4037,#4038,#4039,#4045));
#4047=FACE_OUTER_BOUND('',#4046,.T.);
#4048=ADVANCED_FACE('',(#4047),#4036,.F.);
#4049=CARTESIAN_POINT('',(5.422328839204514,3.167401906158773,-6.482351359084327));
#4050=DIRECTION('',(0.0,0.0,-1.0));
#4051=DIRECTION('',(-1.0,0.0,0.0));
#4052=AXIS2_PLACEMENT_3D('',#4049,#4050,#4051);
#4053=PLANE('',#4052);
#4054=ORIENTED_EDGE('',*,*,#3713,.F.);
#4055=ORIENTED_EDGE('',*,*,#4044,.F.);
#4056=ORIENTED_EDGE('',*,*,#3937,.F.);
#4057=CARTESIAN_POINT('',(4.285691120558405,3.167401906158773,-6.482351359084323));
#4058=DIRECTION('',(0.0,-1.0,0.0));
#4059=VECTOR('',#4058,3.198460775564371);
#4060=LINE('',#4057,#4059);
#4061=EDGE_CURVE('',#3930,#3708,#4060,.T.);
#4062=ORIENTED_EDGE('',*,*,#4061,.T.);
#4063=EDGE_LOOP('',(#4054,#4055,#4056,#4062));
#4064=FACE_OUTER_BOUND('',#4063,.T.);
#4065=ADVANCED_FACE('',(#4064),#4053,.F.);
#4066=CARTESIAN_POINT('',(4.285691120558405,3.167401906158773,-6.482351359084323));
#4067=DIRECTION('',(-1.0,0.0,0.0));
#4068=DIRECTION('',(0.0,0.0,1.0));
#4069=AXIS2_PLACEMENT_3D('',#4066,#4067,#4068);
#4070=PLANE('',#4069);
#4071=ORIENTED_EDGE('',*,*,#3721,.F.);
#4072=ORIENTED_EDGE('',*,*,#4061,.F.);
#4073=ORIENTED_EDGE('',*,*,#3959,.F.);
#4074=ORIENTED_EDGE('',*,*,#4020,.T.);
#4075=EDGE_LOOP('',(#4071,#4072,#4073,#4074));
#4076=FACE_OUTER_BOUND('',#4075,.T.);
#4077=ADVANCED_FACE('',(#4076),#4070,.F.);
#4078=CARTESIAN_POINT('',(4.285691120558405,3.167401906158773,-9.294647092192721));
#4079=DIRECTION('',(0.0,0.0,1.0));
#4080=DIRECTION('',(1.0,0.0,0.0));
#4081=AXIS2_PLACEMENT_3D('',#4078,#4079,#4080);
#4082=PLANE('',#4081);
#4083=ORIENTED_EDGE('',*,*,#3695,.F.);
#4084=CARTESIAN_POINT('',(4.285691120558405,3.167401906158773,-9.294647092192721));
#4085=DIRECTION('',(0.0,-1.0,0.0));
#4086=VECTOR('',#4085,3.198460775564371);
#4087=LINE('',#4084,#4086);
#4088=EDGE_CURVE('',#3914,#3682,#4087,.T.);
#4089=ORIENTED_EDGE('',*,*,#4088,.F.);
#4090=ORIENTED_EDGE('',*,*,#3919,.F.);
#4091=CARTESIAN_POINT('',(5.422328839204526,3.167401906158773,-9.294647092192721));
#4092=DIRECTION('',(0.0,-1.0,0.0));
#4093=VECTOR('',#4092,3.198460775564371);
#4094=LINE('',#4091,#4093);
#4095=EDGE_CURVE('',#3906,#3690,#4094,.T.);
#4096=ORIENTED_EDGE('',*,*,#4095,.T.);
#4097=EDGE_LOOP('',(#4083,#4089,#4090,#4096));
#4098=FACE_OUTER_BOUND('',#4097,.T.);
#4099=ADVANCED_FACE('',(#4098),#4082,.F.);
#4100=CARTESIAN_POINT('',(5.422328839204526,3.167401906158773,-9.294647092192721));
#4101=DIRECTION('',(1.0,0.0,0.0));
#4102=DIRECTION('',(0.0,0.0,-1.0));
#4103=AXIS2_PLACEMENT_3D('',#4100,#4101,#4102);
#4104=PLANE('',#4103);
#4105=ORIENTED_EDGE('',*,*,#3701,.F.);
#4106=ORIENTED_EDGE('',*,*,#4095,.F.);
#4107=ORIENTED_EDGE('',*,*,#3911,.F.);
#4108=CARTESIAN_POINT('',(5.422328839204519,3.167401906158773,-10.431309787496087));
#4109=DIRECTION('',(0.0,-1.0,0.0));
#4110=VECTOR('',#4109,3.198460775564371);
#4111=LINE('',#4108,#4110);
#4112=EDGE_CURVE('',#3898,#3672,#4111,.T.);
#4113=ORIENTED_EDGE('',*,*,#4112,.T.);
#4114=EDGE_LOOP('',(#4105,#4106,#4107,#4113));
#4115=FACE_OUTER_BOUND('',#4114,.T.);
#4116=ADVANCED_FACE('',(#4115),#4104,.F.);
#4117=CARTESIAN_POINT('',(5.422328839204519,3.167401906158773,-10.431309787496087));
#4118=DIRECTION('',(0.0,0.0,-1.0));
#4119=DIRECTION('',(-1.0,0.0,0.0));
#4120=AXIS2_PLACEMENT_3D('',#4117,#4118,#4119);
#4121=PLANE('',#4120);
#4122=ORIENTED_EDGE('',*,*,#3679,.F.);
#4123=ORIENTED_EDGE('',*,*,#4112,.F.);
#4124=ORIENTED_EDGE('',*,*,#3903,.F.);
#4125=CARTESIAN_POINT('',(4.285691120558429,3.167401906158773,-10.431309787496106));
#4126=DIRECTION('',(0.0,-1.0,0.0));
#4127=VECTOR('',#4126,3.198460775564371);
#4128=LINE('',#4125,#4127);
#4129=EDGE_CURVE('',#3896,#3674,#4128,.T.);
#4130=ORIENTED_EDGE('',*,*,#4129,.T.);
#4131=EDGE_LOOP('',(#4122,#4123,#4124,#4130));
#4132=FACE_OUTER_BOUND('',#4131,.T.);
#4133=ADVANCED_FACE('',(#4132),#4121,.F.);
#4134=CARTESIAN_POINT('',(4.285691120558429,3.167401906158773,-10.431309787496106));
#4135=DIRECTION('',(-1.0,0.0,0.0));
#4136=DIRECTION('',(0.0,0.0,1.0));
#4137=AXIS2_PLACEMENT_3D('',#4134,#4135,#4136);
#4138=PLANE('',#4137);
#4139=ORIENTED_EDGE('',*,*,#3687,.F.);
#4140=ORIENTED_EDGE('',*,*,#4129,.F.);
#4141=ORIENTED_EDGE('',*,*,#3925,.F.);
#4142=ORIENTED_EDGE('',*,*,#4088,.T.);
#4143=EDGE_LOOP('',(#4139,#4140,#4141,#4142));
#4144=FACE_OUTER_BOUND('',#4143,.T.);
#4145=ADVANCED_FACE('',(#4144),#4138,.F.);
#4146=CARTESIAN_POINT('',(4.285691120558402,3.167401906158773,-1.385964351550204));
#4147=DIRECTION('',(0.0,0.0,1.0));
#4148=DIRECTION('',(1.0,0.0,0.0));
#4149=AXIS2_PLACEMENT_3D('',#4146,#4147,#4148);
#4150=PLANE('',#4149);
#4151=ORIENTED_EDGE('',*,*,#3661,.F.);
#4152=CARTESIAN_POINT('',(4.285691120558402,3.167401906158773,-1.385964351550204));
#4153=DIRECTION('',(0.0,-1.0,0.0));
#4154=VECTOR('',#4153,3.198460775564371);
#4155=LINE('',#4152,#4154);
#4156=EDGE_CURVE('',#3880,#3648,#4155,.T.);
#4157=ORIENTED_EDGE('',*,*,#4156,.F.);
#4158=ORIENTED_EDGE('',*,*,#3885,.F.);
#4159=CARTESIAN_POINT('',(5.422328839204508,3.167401906158773,-1.385964351550199));
#4160=DIRECTION('',(0.0,-1.0,0.0));
#4161=VECTOR('',#4160,3.198460775564371);
#4162=LINE('',#4159,#4161);
#4163=EDGE_CURVE('',#3872,#3656,#4162,.T.);
#4164=ORIENTED_EDGE('',*,*,#4163,.T.);
#4165=EDGE_LOOP('',(#4151,#4157,#4158,#4164));
#4166=FACE_OUTER_BOUND('',#4165,.T.);
#4167=ADVANCED_FACE('',(#4166),#4150,.F.);
#4168=CARTESIAN_POINT('',(5.422328839204508,3.167401906158773,-1.385964351550199));
#4169=DIRECTION('',(1.0,0.0,0.0));
#4170=DIRECTION('',(0.0,0.0,-1.0));
#4171=AXIS2_PLACEMENT_3D('',#4168,#4169,#4170);
#4172=PLANE('',#4171);
#4173=ORIENTED_EDGE('',*,*,#3667,.F.);
#4174=ORIENTED_EDGE('',*,*,#4163,.F.);
#4175=ORIENTED_EDGE('',*,*,#3877,.F.);
#4176=CARTESIAN_POINT('',(5.422328839204495,3.167401906158773,-2.522602070196320));
#4177=DIRECTION('',(0.0,-1.0,0.0));
#4178=VECTOR('',#4177,3.198460775564371);
#4179=LINE('',#4176,#4178);
#4180=EDGE_CURVE('',#3864,#3638,#4179,.T.);
#4181=ORIENTED_EDGE('',*,*,#4180,.T.);
#4182=EDGE_LOOP('',(#4173,#4174,#4175,#4181));
#4183=FACE_OUTER_BOUND('',#4182,.T.);
#4184=ADVANCED_FACE('',(#4183),#4172,.F.);
#4185=CARTESIAN_POINT('',(5.422328839204495,3.167401906158773,-2.522602070196320));
#4186=DIRECTION('',(0.0,0.0,-1.0));
#4187=DIRECTION('',(-1.0,0.0,0.0));
#4188=AXIS2_PLACEMENT_3D('',#4185,#4186,#4187);
#4189=PLANE('',#4188);
#4190=ORIENTED_EDGE('',*,*,#3645,.F.);
#4191=ORIENTED_EDGE('',*,*,#4180,.F.);
#4192=ORIENTED_EDGE('',*,*,#3869,.F.);
#4193=CARTESIAN_POINT('',(4.285691120558405,3.167401906158773,-2.522602070196311));
#4194=DIRECTION('',(0.0,-1.0,0.0));
#4195=VECTOR('',#4194,3.198460775564371);
#4196=LINE('',#4193,#4195);
#4197=EDGE_CURVE('',#3862,#3640,#4196,.T.);
#4198=ORIENTED_EDGE('',*,*,#4197,.T.);
#4199=EDGE_LOOP('',(#4190,#4191,#4192,#4198));
#4200=FACE_OUTER_BOUND('',#4199,.T.);
#4201=ADVANCED_FACE('',(#4200),#4189,.F.);
#4202=CARTESIAN_POINT('',(4.285691120558405,3.167401906158773,-2.522602070196311));
#4203=DIRECTION('',(-1.0,0.0,0.0));
#4204=DIRECTION('',(0.0,0.0,1.0));
#4205=AXIS2_PLACEMENT_3D('',#4202,#4203,#4204);
#4206=PLANE('',#4205);
#4207=ORIENTED_EDGE('',*,*,#3653,.F.);
#4208=ORIENTED_EDGE('',*,*,#4197,.F.);
#4209=ORIENTED_EDGE('',*,*,#3891,.F.);
#4210=ORIENTED_EDGE('',*,*,#4156,.T.);
#4211=EDGE_LOOP('',(#4207,#4208,#4209,#4210));
#4212=FACE_OUTER_BOUND('',#4211,.T.);
#4213=ADVANCED_FACE('',(#4212),#4206,.F.);
#4214=CARTESIAN_POINT('',(6.855561383429404,3.167401906158773,-11.820000000000002));
#4215=DIRECTION('',(-1.0,0.0,0.0));
#4216=DIRECTION('',(0.0,0.0,1.0));
#4217=AXIS2_PLACEMENT_3D('',#4214,#4215,#4216);
#4218=PLANE('',#4217);
#4219=ORIENTED_EDGE('',*,*,#3511,.F.);
#4220=ORIENTED_EDGE('',*,*,#3857,.F.);
#4221=CARTESIAN_POINT('',(6.855561383429404,3.167401906158773,-10.410000000000002));
#4222=DIRECTION('',(0.0,-1.0,0.0));
#4223=VECTOR('',#4222,3.198460775564371);
#4224=LINE('',#4221,#4223);
#4225=EDGE_CURVE('',#3846,#3554,#4224,.T.);
#4226=ORIENTED_EDGE('',*,*,#4225,.T.);
#4227=ORIENTED_EDGE('',*,*,#3559,.F.);
#4228=EDGE_LOOP('',(#4219,#4220,#4226,#4227));
#4229=FACE_OUTER_BOUND('',#4228,.T.);
#4230=ADVANCED_FACE('',(#4229),#4218,.F.);
#4231=CARTESIAN_POINT('',(6.855561383429404,3.167401906158773,-10.410000000000002));
#4232=DIRECTION('',(0.0,0.0,1.0));
#4233=DIRECTION('',(1.0,0.0,0.0));
#4234=AXIS2_PLACEMENT_3D('',#4231,#4232,#4233);
#4235=PLANE('',#4234);
#4236=CARTESIAN_POINT('',(7.352496956299718,9.363436202935048,-10.410000000000002));
#4237=VERTEX_POINT('',#4236);
#4238=CARTESIAN_POINT('',(6.855561383429404,7.761558289483163,-10.410000000000002));
#4239=VERTEX_POINT('',#4238);
#4240=CARTESIAN_POINT('',(7.352496956299718,9.363436202935050,-10.410000000000002));
#4241=DIRECTION('',(-0.296291011848951,-0.955097710340426,0.0));
#4242=VECTOR('',#4241,1.677187471092281);
#4243=LINE('',#4240,#4242);
#4244=EDGE_CURVE('',#4237,#4239,#4243,.T.);
#4245=ORIENTED_EDGE('',*,*,#4244,.F.);
#4246=CARTESIAN_POINT('',(8.055639811519143,9.363436202935048,-10.410000000000002));
#4247=VERTEX_POINT('',#4246);
#4248=CARTESIAN_POINT('',(8.055639811519143,9.363436202935048,-10.410000000000002));
#4249=DIRECTION('',(-1.0,0.0,0.0));
#4250=VECTOR('',#4249,0.703142855219426);
#4251=LINE('',#4248,#4250);
#4252=EDGE_CURVE('',#4247,#4237,#4251,.T.);
#4253=ORIENTED_EDGE('',*,*,#4252,.F.);
#4254=CARTESIAN_POINT('',(8.753487615399166,7.761558289483163,-10.410000000000002));
#4255=VERTEX_POINT('',#4254);
#4256=CARTESIAN_POINT('',(8.753487615399168,7.761558289483164,-10.410000000000002));
#4257=DIRECTION('',(-0.399389828755694,0.916781197825576,0.0));
#4258=VECTOR('',#4257,1.747284867153935);
#4259=LINE('',#4256,#4258);
#4260=EDGE_CURVE('',#4255,#4247,#4259,.T.);
#4261=ORIENTED_EDGE('',*,*,#4260,.F.);
#4262=CARTESIAN_POINT('',(8.753487615399166,7.264622716612821,-10.410000000000002));
#4263=VERTEX_POINT('',#4262);
#4264=CARTESIAN_POINT('',(8.753487615399166,7.264622716612821,-10.410000000000002));
#4265=DIRECTION('',(0.0,1.0,0.0));
#4266=VECTOR('',#4265,0.496935572870342);
#4267=LINE('',#4264,#4266);
#4268=EDGE_CURVE('',#4263,#4255,#4267,.T.);
#4269=ORIENTED_EDGE('',*,*,#4268,.F.);
#4270=CARTESIAN_POINT('',(8.055639811519143,7.264622716612821,-10.410000000000002));
#4271=VERTEX_POINT('',#4270);
#4272=CARTESIAN_POINT('',(8.055639811519143,7.264622716612821,-10.410000000000002));
#4273=DIRECTION('',(1.0,0.0,0.0));
#4274=VECTOR('',#4273,0.697847803880023);
#4275=LINE('',#4272,#4274);
#4276=EDGE_CURVE('',#4271,#4263,#4275,.T.);
#4277=ORIENTED_EDGE('',*,*,#4276,.F.);
#4278=CARTESIAN_POINT('',(8.055639811519143,-0.031058869405598,-10.410000000000002));
#4279=DIRECTION('',(0.0,1.0,0.0));
#4280=VECTOR('',#4279,7.295681586018419);
#4281=LINE('',#4278,#4280);
#4282=EDGE_CURVE('',#3562,#4271,#4281,.T.);
#4283=ORIENTED_EDGE('',*,*,#4282,.F.);
#4284=ORIENTED_EDGE('',*,*,#3567,.F.);
#4285=ORIENTED_EDGE('',*,*,#4225,.F.);
#4286=CARTESIAN_POINT('',(6.855561383429404,7.761558289483162,-10.410000000000002));
#4287=DIRECTION('',(0.0,-1.0,0.0));
#4288=VECTOR('',#4287,4.594156383324389);
#4289=LINE('',#4286,#4288);
#4290=EDGE_CURVE('',#4239,#3846,#4289,.T.);
#4291=ORIENTED_EDGE('',*,*,#4290,.F.);
#4292=EDGE_LOOP('',(#4245,#4253,#4261,#4269,#4277,#4283,#4284,#4285,#4291));
#4293=FACE_OUTER_BOUND('',#4292,.T.);
#4294=ADVANCED_FACE('',(#4293),#4235,.F.);
#4295=CARTESIAN_POINT('',(8.753487615399166,7.761558289483163,0.0));
#4296=DIRECTION('',(0.916781197825576,0.399389828755693,0.0));
#4297=DIRECTION('',(0.0,0.0,-1.0));
#4298=AXIS2_PLACEMENT_3D('',#4295,#4296,#4297);
#4299=PLANE('',#4298);
#4300=ORIENTED_EDGE('',*,*,#4260,.T.);
#4301=CARTESIAN_POINT('',(8.055639811519143,9.363436202935048,-1.410000000000000));
#4302=VERTEX_POINT('',#4301);
#4303=CARTESIAN_POINT('',(8.055639811519143,9.363436202935048,-1.410000000000000));
#4304=DIRECTION('',(0.0,0.0,-1.0));
#4305=VECTOR('',#4304,9.000000000000002);
#4306=LINE('',#4303,#4305);
#4307=EDGE_CURVE('',#4302,#4247,#4306,.T.);
#4308=ORIENTED_EDGE('',*,*,#4307,.F.);
#4309=CARTESIAN_POINT('',(8.753487615399166,7.761558289483163,-1.410000000000000));
#4310=VERTEX_POINT('',#4309);
#4311=CARTESIAN_POINT('',(8.055639811519143,9.363436202935048,-1.410000000000000));
#4312=DIRECTION('',(0.399389828755693,-0.916781197825576,0.0));
#4313=VECTOR('',#4312,1.747284867153935);
#4314=LINE('',#4311,#4313);
#4315=EDGE_CURVE('',#4302,#4310,#4314,.T.);
#4316=ORIENTED_EDGE('',*,*,#4315,.T.);
#4317=CARTESIAN_POINT('',(8.753487615399166,7.761558289483163,-1.410000000000000));
#4318=DIRECTION('',(0.0,0.0,-1.0));
#4319=VECTOR('',#4318,9.000000000000002);
#4320=LINE('',#4317,#4319);
#4321=EDGE_CURVE('',#4310,#4255,#4320,.T.);
#4322=ORIENTED_EDGE('',*,*,#4321,.T.);
#4323=EDGE_LOOP('',(#4300,#4308,#4316,#4322));
#4324=FACE_OUTER_BOUND('',#4323,.T.);
#4325=ADVANCED_FACE('',(#4324),#4299,.T.);
#4326=CARTESIAN_POINT('',(7.352496956299718,9.363436202935048,0.0));
#4327=DIRECTION('',(-0.955097710340427,0.296291011848951,0.0));
#4328=DIRECTION('',(0.0,0.0,1.0));
#4329=AXIS2_PLACEMENT_3D('',#4326,#4327,#4328);
#4330=PLANE('',#4329);
#4331=ORIENTED_EDGE('',*,*,#4244,.T.);
#4332=CARTESIAN_POINT('',(6.855561383429404,7.761558289483164,-1.410000000000000));
#4333=VERTEX_POINT('',#4332);
#4334=CARTESIAN_POINT('',(6.855561383429404,7.761558289483163,-1.410000000000000));
#4335=DIRECTION('',(0.0,0.0,-1.0));
#4336=VECTOR('',#4335,9.000000000000002);
#4337=LINE('',#4334,#4336);
#4338=EDGE_CURVE('',#4333,#4239,#4337,.T.);
#4339=ORIENTED_EDGE('',*,*,#4338,.F.);
#4340=CARTESIAN_POINT('',(7.352496956299717,9.363436202935048,-1.410000000000000));
#4341=VERTEX_POINT('',#4340);
#4342=CARTESIAN_POINT('',(6.855561383429403,7.761558289483162,-1.410000000000000));
#4343=DIRECTION('',(0.296291011848950,0.955097710340427,0.0));
#4344=VECTOR('',#4343,1.677187471092280);
#4345=LINE('',#4342,#4344);
#4346=EDGE_CURVE('',#4333,#4341,#4345,.T.);
#4347=ORIENTED_EDGE('',*,*,#4346,.T.);
#4348=CARTESIAN_POINT('',(7.352496956299718,9.363436202935048,-1.410000000000000));
#4349=DIRECTION('',(0.0,0.0,-1.0));
#4350=VECTOR('',#4349,9.000000000000002);
#4351=LINE('',#4348,#4350);
#4352=EDGE_CURVE('',#4341,#4237,#4351,.T.);
#4353=ORIENTED_EDGE('',*,*,#4352,.T.);
#4354=EDGE_LOOP('',(#4331,#4339,#4347,#4353));
#4355=FACE_OUTER_BOUND('',#4354,.T.);
#4356=ADVANCED_FACE('',(#4355),#4330,.T.);
#4357=CARTESIAN_POINT('',(6.855561383429404,3.167401906158773,0.0));
#4358=DIRECTION('',(-1.0,0.0,0.0));
#4359=DIRECTION('',(0.0,0.0,1.0));
#4360=AXIS2_PLACEMENT_3D('',#4357,#4358,#4359);
#4361=PLANE('',#4360);
#4362=ORIENTED_EDGE('',*,*,#4290,.T.);
#4363=ORIENTED_EDGE('',*,*,#3851,.T.);
#4364=CARTESIAN_POINT('',(6.855561383429404,3.167401906158773,-1.410000000000000));
#4365=DIRECTION('',(0.0,1.0,0.0));
#4366=VECTOR('',#4365,4.594156383324391);
#4367=LINE('',#4364,#4366);
#4368=EDGE_CURVE('',#3838,#4333,#4367,.T.);
#4369=ORIENTED_EDGE('',*,*,#4368,.T.);
#4370=ORIENTED_EDGE('',*,*,#4338,.T.);
#4371=EDGE_LOOP('',(#4362,#4363,#4369,#4370));
#4372=FACE_OUTER_BOUND('',#4371,.T.);
#4373=ADVANCED_FACE('',(#4372),#4361,.T.);
#4374=CARTESIAN_POINT('',(6.862110421620702,-0.031058869405598,0.0));
#4375=DIRECTION('',(-1.0,0.0,0.0));
#4376=DIRECTION('',(0.0,0.0,1.0));
#4377=AXIS2_PLACEMENT_3D('',#4374,#4375,#4376);
#4378=PLANE('',#4377);
#4379=ORIENTED_EDGE('',*,*,#3767,.F.);
#4380=ORIENTED_EDGE('',*,*,#3591,.F.);
#4381=CARTESIAN_POINT('',(6.862110421620702,-0.031058869405598,-1.410000000000000));
#4382=DIRECTION('',(0.0,1.0,0.0));
#4383=VECTOR('',#4382,3.198460775564371);
#4384=LINE('',#4381,#4383);
#4385=EDGE_CURVE('',#3578,#3830,#4384,.T.);
#4386=ORIENTED_EDGE('',*,*,#4385,.T.);
#4387=ORIENTED_EDGE('',*,*,#3835,.T.);
#4388=EDGE_LOOP('',(#4379,#4380,#4386,#4387));
#4389=FACE_OUTER_BOUND('',#4388,.T.);
#4390=ADVANCED_FACE('',(#4389),#4378,.F.);
#4391=CARTESIAN_POINT('',(8.055639811519143,7.264622716612821,0.0));
#4392=DIRECTION('',(0.0,-1.0,0.0));
#4393=DIRECTION('',(0.0,0.0,-1.0));
#4394=AXIS2_PLACEMENT_3D('',#4391,#4392,#4393);
#4395=PLANE('',#4394);
#4396=ORIENTED_EDGE('',*,*,#4276,.T.);
#4397=CARTESIAN_POINT('',(8.753487615399166,7.264622716612821,-1.410000000000000));
#4398=VERTEX_POINT('',#4397);
#4399=CARTESIAN_POINT('',(8.753487615399166,7.264622716612821,-1.410000000000000));
#4400=DIRECTION('',(0.0,0.0,-1.0));
#4401=VECTOR('',#4400,9.000000000000002);
#4402=LINE('',#4399,#4401);
#4403=EDGE_CURVE('',#4398,#4263,#4402,.T.);
#4404=ORIENTED_EDGE('',*,*,#4403,.F.);
#4405=CARTESIAN_POINT('',(8.055639811519143,7.264622716612821,-1.410000000000000));
#4406=VERTEX_POINT('',#4405);
#4407=CARTESIAN_POINT('',(8.753487615399166,7.264622716612821,-1.410000000000000));
#4408=DIRECTION('',(-1.0,0.0,0.0));
#4409=VECTOR('',#4408,0.697847803880023);
#4410=LINE('',#4407,#4409);
#4411=EDGE_CURVE('',#4398,#4406,#4410,.T.);
#4412=ORIENTED_EDGE('',*,*,#4411,.T.);
#4413=CARTESIAN_POINT('',(8.055639811519143,7.264622716612821,-1.410000000000000));
#4414=DIRECTION('',(0.0,0.0,-1.0));
#4415=VECTOR('',#4414,9.000000000000002);
#4416=LINE('',#4413,#4415);
#4417=EDGE_CURVE('',#4406,#4271,#4416,.T.);
#4418=ORIENTED_EDGE('',*,*,#4417,.T.);
#4419=EDGE_LOOP('',(#4396,#4404,#4412,#4418));
#4420=FACE_OUTER_BOUND('',#4419,.T.);
#4421=ADVANCED_FACE('',(#4420),#4395,.T.);
#4422=CARTESIAN_POINT('',(8.055639811519143,-0.031058869405598,0.0));
#4423=DIRECTION('',(1.0,0.0,0.0));
#4424=DIRECTION('',(0.0,0.0,-1.0));
#4425=AXIS2_PLACEMENT_3D('',#4422,#4423,#4424);
#4426=PLANE('',#4425);
#4427=ORIENTED_EDGE('',*,*,#4282,.T.);
#4428=ORIENTED_EDGE('',*,*,#4417,.F.);
#4429=CARTESIAN_POINT('',(8.055639811519143,7.264622716612821,-1.410000000000000));
#4430=DIRECTION('',(0.0,-1.0,0.0));
#4431=VECTOR('',#4430,7.295681586018419);
#4432=LINE('',#4429,#4431);
#4433=EDGE_CURVE('',#4406,#3570,#4432,.T.);
#4434=ORIENTED_EDGE('',*,*,#4433,.T.);
#4435=ORIENTED_EDGE('',*,*,#3575,.T.);
#4436=EDGE_LOOP('',(#4427,#4428,#4434,#4435));
#4437=FACE_OUTER_BOUND('',#4436,.T.);
#4438=ADVANCED_FACE('',(#4437),#4426,.T.);
#4439=CARTESIAN_POINT('',(8.748438477210252,13.863270815098314,-1.410000000000000));
#4440=DIRECTION('',(0.0,0.0,-1.0));
#4441=DIRECTION('',(-1.0,0.0,0.0));
#4442=AXIS2_PLACEMENT_3D('',#4439,#4440,#4441);
#4443=PLANE('',#4442);
#4444=ORIENTED_EDGE('',*,*,#4385,.F.);
#4445=ORIENTED_EDGE('',*,*,#3583,.F.);
#4446=ORIENTED_EDGE('',*,*,#4433,.F.);
#4447=ORIENTED_EDGE('',*,*,#4411,.F.);
#4448=CARTESIAN_POINT('',(8.753487615399166,7.761558289483162,-1.410000000000000));
#4449=DIRECTION('',(0.0,-1.0,0.0));
#4450=VECTOR('',#4449,0.496935572870342);
#4451=LINE('',#4448,#4450);
#4452=EDGE_CURVE('',#4310,#4398,#4451,.T.);
#4453=ORIENTED_EDGE('',*,*,#4452,.F.);
#4454=ORIENTED_EDGE('',*,*,#4315,.F.);
#4455=CARTESIAN_POINT('',(7.352496956299716,9.363436202935048,-1.410000000000000));
#4456=DIRECTION('',(1.0,0.0,0.0));
#4457=VECTOR('',#4456,0.703142855219427);
#4458=LINE('',#4455,#4457);
#4459=EDGE_CURVE('',#4341,#4302,#4458,.T.);
#4460=ORIENTED_EDGE('',*,*,#4459,.F.);
#4461=ORIENTED_EDGE('',*,*,#4346,.F.);
#4462=ORIENTED_EDGE('',*,*,#4368,.F.);
#4463=ORIENTED_EDGE('',*,*,#3843,.T.);
#4464=EDGE_LOOP('',(#4444,#4445,#4446,#4447,#4453,#4454,#4460,#4461,#4462,#4463));
#4465=FACE_OUTER_BOUND('',#4464,.T.);
#4466=ADVANCED_FACE('',(#4465),#4443,.F.);
#4467=CARTESIAN_POINT('',(8.055639811519143,9.363436202935048,0.0));
#4468=DIRECTION('',(0.0,1.0,0.0));
#4469=DIRECTION('',(0.0,0.0,1.0));
#4470=AXIS2_PLACEMENT_3D('',#4467,#4468,#4469);
#4471=PLANE('',#4470);
#4472=ORIENTED_EDGE('',*,*,#4252,.T.);
#4473=ORIENTED_EDGE('',*,*,#4352,.F.);
#4474=ORIENTED_EDGE('',*,*,#4459,.T.);
#4475=ORIENTED_EDGE('',*,*,#4307,.T.);
#4476=EDGE_LOOP('',(#4472,#4473,#4474,#4475));
#4477=FACE_OUTER_BOUND('',#4476,.T.);
#4478=ADVANCED_FACE('',(#4477),#4471,.T.);
#4479=CARTESIAN_POINT('',(8.753487615399166,7.264622716612821,0.0));
#4480=DIRECTION('',(1.0,0.0,0.0));
#4481=DIRECTION('',(0.0,0.0,-1.0));
#4482=AXIS2_PLACEMENT_3D('',#4479,#4480,#4481);
#4483=PLANE('',#4482);
#4484=ORIENTED_EDGE('',*,*,#4268,.T.);
#4485=ORIENTED_EDGE('',*,*,#4321,.F.);
#4486=ORIENTED_EDGE('',*,*,#4452,.T.);
#4487=ORIENTED_EDGE('',*,*,#4403,.T.);
#4488=EDGE_LOOP('',(#4484,#4485,#4486,#4487));
#4489=FACE_OUTER_BOUND('',#4488,.T.);
#4490=ADVANCED_FACE('',(#4489),#4483,.T.);
#4491=CLOSED_SHELL('',(#3515,#3546,#3739,#3771,#3795,#3963,#3980,#3997,#4009,#4031,#4048,#4065,#4077,#4099,#4116,#4133,#4145,#4167,#4184,#4201,#4213,#4230,#4294,#4325,#4356,#4373,#4390,#4421,#4438,#4466,#4478,#4490));
#4492=MANIFOLD_SOLID_BREP('\X2\5BE69AD4\X0\1',#4491);
#4493=COLOUR_RGB('\X2\FFFDFFFDFFFDFFFD\X0\',0.007843139581382,0.513725996017456,0.815685987472534);
#4494=FILL_AREA_STYLE_COLOUR('\X2\FFFDFFFDFFFDFFFD\X0\',#4493);
#4495=FILL_AREA_STYLE('\X2\FFFDFFFDFFFDFFFD\X0\',(#4494));
#4496=SURFACE_STYLE_FILL_AREA(#4495);
#4497=SURFACE_SIDE_STYLE('\X2\FFFDFFFDFFFDFFFD\X0\',(#4496));
#4498=SURFACE_STYLE_USAGE(.BOTH.,#4497);
#4499=PRESENTATION_STYLE_ASSIGNMENT((#4498));
#4500=STYLED_ITEM('',(#4499),#4492);
#4501=ADVANCED_BREP_SHAPE_REPRESENTATION('ABSR',(#4492),#3442);
#4502=SHAPE_REPRESENTATION_RELATIONSHIP('SRR','None',#4501,#3447);
#4503=AXIS2_PLACEMENT_3D('',#4504,#4505,#4506);
#4504=CARTESIAN_POINT('',(0.0,0.0,0.0));
#4505=DIRECTION('',(0.0,0.0,1.0));
#4506=DIRECTION('',(1.0,0.0,0.0));
#4507=NEXT_ASSEMBLY_USAGE_OCCURRENCE('CN1:1','CN1:1','CN1:1',#3379,#3418,'CN1:1');
#4508=PRODUCT_DEFINITION_SHAPE('CN1:1','CN1:1',#4507);
#4509=ITEM_DEFINED_TRANSFORMATION('CN1:1','CN1:1',#3443,#4503);
#4513=(REPRESENTATION_RELATIONSHIP('CN1:1','CN1:1',#3447,#3408)REPRESENTATION_RELATIONSHIP_WITH_TRANSFORMATION(#4509)SHAPE_REPRESENTATION_RELATIONSHIP());
#4514=CONTEXT_DEPENDENT_SHAPE_REPRESENTATION(#4513,#4508);
#4515=APPLICATION_CONTEXT('automotive design');
#4516=APPLICATION_PROTOCOL_DEFINITION('International Standard','automotive_design',2001,#4515);
#4517=PRODUCT_CONTEXT('',#4515,'mechanical');
#4518=PRODUCT('PIN_CPY','PIN_CPY',$,(#4517));
#4519=PRODUCT_RELATED_PRODUCT_CATEGORY('part',$,(#4518));
#4520=PRODUCT_DEFINITION_FORMATION('',$,#4518);
#4521=PRODUCT_DEFINITION_CONTEXT('part definition',#4515,'design');
#4522=PRODUCT_DEFINITION('',$,#4520,#4521);
#4528=(NAMED_UNIT(*)PLANE_ANGLE_UNIT()SI_UNIT($,.RADIAN.));
#4529=DIMENSIONAL_EXPONENTS(0.0,0.0,0.0,0.0,0.0,0.0,0.0);
#4530=PLANE_ANGLE_MEASURE_WITH_UNIT(PLANE_ANGLE_MEASURE(0.017453292500000),#4528);
#4534=(CONVERSION_BASED_UNIT('DEGREE',#4530)NAMED_UNIT(#4529)PLANE_ANGLE_UNIT());
#4538=(NAMED_UNIT(*)SI_UNIT($,.STERADIAN.)SOLID_ANGLE_UNIT());
#4542=(LENGTH_UNIT()NAMED_UNIT(*)SI_UNIT(.MILLI.,.METRE.));
#4544=UNCERTAINTY_MEASURE_WITH_UNIT(LENGTH_MEASURE(0.010000000000000),#4542,'DISTANCE_ACCURACY_VALUE','');
#4546=(GEOMETRIC_REPRESENTATION_CONTEXT(3)GLOBAL_UNCERTAINTY_ASSIGNED_CONTEXT((#4544))GLOBAL_UNIT_ASSIGNED_CONTEXT((#4534,#4538,#4542))REPRESENTATION_CONTEXT('None','None'));
#4547=AXIS2_PLACEMENT_3D('',#4548,#4549,#4550);
#4548=CARTESIAN_POINT('',(0.0,0.0,0.0));
#4549=DIRECTION('',(0.0,0.0,1.0));
#4550=DIRECTION('',(1.0,0.0,0.0));
#4551=SHAPE_REPRESENTATION('',(#4547),#4546);
#4552=PRODUCT_DEFINITION_SHAPE('','',#4522);
#4553=SHAPE_DEFINITION_REPRESENTATION(#4552,#4551);
#4559=(NAMED_UNIT(*)PLANE_ANGLE_UNIT()SI_UNIT($,.RADIAN.));
#4560=DIMENSIONAL_EXPONENTS(0.0,0.0,0.0,0.0,0.0,0.0,0.0);
#4561=PLANE_ANGLE_MEASURE_WITH_UNIT(PLANE_ANGLE_MEASURE(0.017453292500000),#4559);
#4565=(CONVERSION_BASED_UNIT('DEGREE',#4561)NAMED_UNIT(#4560)PLANE_ANGLE_UNIT());
#4569=(NAMED_UNIT(*)SI_UNIT($,.STERADIAN.)SOLID_ANGLE_UNIT());
#4573=(LENGTH_UNIT()NAMED_UNIT(*)SI_UNIT(.MILLI.,.METRE.));
#4575=UNCERTAINTY_MEASURE_WITH_UNIT(LENGTH_MEASURE(0.000001000000000),#4573,'DISTANCE_ACCURACY_VALUE','');
#4577=(GEOMETRIC_REPRESENTATION_CONTEXT(3)GLOBAL_UNCERTAINTY_ASSIGNED_CONTEXT((#4575))GLOBAL_UNIT_ASSIGNED_CONTEXT((#4565,#4569,#4573))REPRESENTATION_CONTEXT('','3D'));
#4578=CARTESIAN_POINT('',(-14.092546424138748,12.233678038486822,0.0));
#4579=CARTESIAN_POINT('',(-14.092546424138749,12.220679065352059,0.0));
#4580=CARTESIAN_POINT('',(-14.092546424138757,12.169789468398935,0.0));
#4581=CARTESIAN_POINT('',(-14.092546424138749,12.057777040322769,0.0));
#4582=CARTESIAN_POINT('',(-14.092546424138758,11.876067990332528,0.0));
#4583=CARTESIAN_POINT('',(-14.092546424138749,11.629640648564951,0.0));
#4584=CARTESIAN_POINT('',(-14.092546424138749,11.323473345156748,0.0));
#4585=CARTESIAN_POINT('',(-14.092546424138757,10.962544410244636,0.0));
#4586=CARTESIAN_POINT('',(-14.092546424138753,10.551832173965341,0.0));
#4587=CARTESIAN_POINT('',(-14.092546424138760,9.919031098809088,0.0));
#4588=CARTESIAN_POINT('',(-14.092546424138753,9.040908977471199,0.0));
#4589=CARTESIAN_POINT('',(-14.092546424138760,7.483244792471204,0.0));
#4590=CARTESIAN_POINT('',(-14.092546424138742,5.436597958486824,0.0));
#4591=CARTESIAN_POINT('',(-14.092546424138774,3.389951124502451,0.0));
#4592=CARTESIAN_POINT('',(-14.092546424138741,1.832286939502449,0.0));
#4593=CARTESIAN_POINT('',(-14.092546424138760,0.954164818164557,0.0));
#4594=CARTESIAN_POINT('',(-14.092546424138742,0.321363743008307,0.0));
#4595=CARTESIAN_POINT('',(-14.092546424138758,-0.089348493270990,0.0));
#4596=CARTESIAN_POINT('',(-14.092546424138758,-0.450277428183100,0.0));
#4597=CARTESIAN_POINT('',(-14.092546424138748,-0.756444731591302,0.0));
#4598=CARTESIAN_POINT('',(-14.092546424138765,-1.002872073358880,0.0));
#4599=CARTESIAN_POINT('',(-14.092546424138748,-1.184581123349114,0.0));
#4600=CARTESIAN_POINT('',(-14.092546424138758,-1.296593551425288,0.0));
#4601=CARTESIAN_POINT('',(-14.092546424138749,-1.347483148378413,0.0));
#4602=CARTESIAN_POINT('',(-14.092546424138748,-1.360482121513181,0.0));
#4603=CARTESIAN_POINT('',(-14.092546424138748,12.233678038486822,1.140000000000000));
#4604=CARTESIAN_POINT('',(-14.092546424138749,12.220679065352059,1.140000000000000));
#4605=CARTESIAN_POINT('',(-14.092546424138757,12.169789468398935,1.140000000000000));
#4606=CARTESIAN_POINT('',(-14.092546424138749,12.057777040322769,1.140000000000000));
#4607=CARTESIAN_POINT('',(-14.092546424138758,11.876067990332528,1.140000000000000));
#4608=CARTESIAN_POINT('',(-14.092546424138749,11.629640648564951,1.140000000000000));
#4609=CARTESIAN_POINT('',(-14.092546424138749,11.323473345156748,1.140000000000000));
#4610=CARTESIAN_POINT('',(-14.092546424138757,10.962544410244636,1.140000000000000));
#4611=CARTESIAN_POINT('',(-14.092546424138753,10.551832173965341,1.140000000000000));
#4612=CARTESIAN_POINT('',(-14.092546424138760,9.919031098809088,1.140000000000000));
#4613=CARTESIAN_POINT('',(-14.092546424138753,9.040908977471199,1.140000000000000));
#4614=CARTESIAN_POINT('',(-14.092546424138760,7.483244792471204,1.140000000000000));
#4615=CARTESIAN_POINT('',(-14.092546424138742,5.436597958486824,1.140000000000000));
#4616=CARTESIAN_POINT('',(-14.092546424138774,3.389951124502451,1.140000000000000));
#4617=CARTESIAN_POINT('',(-14.092546424138741,1.832286939502449,1.140000000000000));
#4618=CARTESIAN_POINT('',(-14.092546424138760,0.954164818164557,1.140000000000000));
#4619=CARTESIAN_POINT('',(-14.092546424138742,0.321363743008307,1.140000000000000));
#4620=CARTESIAN_POINT('',(-14.092546424138758,-0.089348493270990,1.140000000000000));
#4621=CARTESIAN_POINT('',(-14.092546424138758,-0.450277428183100,1.140000000000000));
#4622=CARTESIAN_POINT('',(-14.092546424138748,-0.756444731591302,1.140000000000000));
#4623=CARTESIAN_POINT('',(-14.092546424138765,-1.002872073358880,1.140000000000000));
#4624=CARTESIAN_POINT('',(-14.092546424138748,-1.184581123349114,1.140000000000000));
#4625=CARTESIAN_POINT('',(-14.092546424138758,-1.296593551425288,1.140000000000000));
#4626=CARTESIAN_POINT('',(-14.092546424138749,-1.347483148378413,1.140000000000000));
#4627=CARTESIAN_POINT('',(-14.092546424138748,-1.360482121513181,1.140000000000000));
#4628=B_SPLINE_SURFACE_WITH_KNOTS('',3,1,((#4578,#4603),(#4579,#4604),(#4580,#4605),(#4581,#4606),(#4582,#4607),(#4583,#4608),(#4584,#4609),(#4585,#4610),(#4586,#4611),(#4587,#4612),(#4588,#4613),(#4589,#4614),(#4590,#4615),(#4591,#4616),(#4592,#4617),(#4593,#4618),(#4594,#4619),(#4595,#4620),(#4596,#4621),(#4597,#4622),(#4598,#4623),(#4599,#4624),(#4600,#4625),(#4601,#4626),(#4602,#4627)),.UNSPECIFIED.,.F.,.F.,.U.,(4,1,1,1,1,1,1,1,1,1,1,1,1,1,1,1,1,1,1,1,1,1,4),(2,2),(0.0,0.003899691940429,0.015266879085937,0.033603728422851,0.058412406937500,0.089195081616211,0.125453919445312,0.166691087411132,0.212408752500000,0.315294241992187,0.430127723812499,0.679708008000000,0.929288292187500,1.044121774007812,1.147007263500000,1.192724928588867,1.233962096554687,1.270220934383789,1.301003609062500,1.325812287577148,1.344149136914062,1.355516324059570,1.359416016000000),(0.0,0.114000000000000),.UNSPECIFIED.);
#4629=CARTESIAN_POINT('',(-14.092546424138748,-1.360482121513181,1.140000000000000));
#4630=VERTEX_POINT('',#4629);
#4631=CARTESIAN_POINT('',(-14.092546424138748,12.233678038486822,1.140000000000000));
#4632=VERTEX_POINT('',#4631);
#4633=CARTESIAN_POINT('',(-14.092546424138748,-1.360482121513181,1.140000000000000));
#4634=CARTESIAN_POINT('',(-14.092546424138749,-1.347483148378413,1.140000000000000));
#4635=CARTESIAN_POINT('',(-14.092546424138758,-1.296593551425288,1.140000000000000));
#4636=CARTESIAN_POINT('',(-14.092546424138748,-1.184581123349114,1.140000000000000));
#4637=CARTESIAN_POINT('',(-14.092546424138765,-1.002872073358880,1.140000000000000));
#4638=CARTESIAN_POINT('',(-14.092546424138748,-0.756444731591302,1.140000000000000));
#4639=CARTESIAN_POINT('',(-14.092546424138758,-0.450277428183100,1.140000000000000));
#4640=CARTESIAN_POINT('',(-14.092546424138758,-0.089348493270990,1.140000000000000));
#4641=CARTESIAN_POINT('',(-14.092546424138742,0.321363743008307,1.140000000000000));
#4642=CARTESIAN_POINT('',(-14.092546424138760,0.954164818164557,1.140000000000000));
#4643=CARTESIAN_POINT('',(-14.092546424138741,1.832286939502449,1.140000000000000));
#4644=CARTESIAN_POINT('',(-14.092546424138774,3.389951124502451,1.140000000000000));
#4645=CARTESIAN_POINT('',(-14.092546424138742,5.436597958486824,1.140000000000000));
#4646=CARTESIAN_POINT('',(-14.092546424138760,7.483244792471204,1.140000000000000));
#4647=CARTESIAN_POINT('',(-14.092546424138753,9.040908977471199,1.140000000000000));
#4648=CARTESIAN_POINT('',(-14.092546424138760,9.919031098809088,1.140000000000000));
#4649=CARTESIAN_POINT('',(-14.092546424138753,10.551832173965341,1.140000000000000));
#4650=CARTESIAN_POINT('',(-14.092546424138757,10.962544410244636,1.140000000000000));
#4651=CARTESIAN_POINT('',(-14.092546424138749,11.323473345156748,1.140000000000000));
#4652=CARTESIAN_POINT('',(-14.092546424138749,11.629640648564951,1.140000000000000));
#4653=CARTESIAN_POINT('',(-14.092546424138758,11.876067990332528,1.140000000000000));
#4654=CARTESIAN_POINT('',(-14.092546424138749,12.057777040322769,1.140000000000000));
#4655=CARTESIAN_POINT('',(-14.092546424138757,12.169789468398935,1.140000000000000));
#4656=CARTESIAN_POINT('',(-14.092546424138749,12.220679065352059,1.140000000000000));
#4657=CARTESIAN_POINT('',(-14.092546424138748,12.233678038486822,1.140000000000000));
#4658=B_SPLINE_CURVE_WITH_KNOTS('',3,(#4633,#4634,#4635,#4636,#4637,#4638,#4639,#4640,#4641,#4642,#4643,#4644,#4645,#4646,#4647,#4648,#4649,#4650,#4651,#4652,#4653,#4654,#4655,#4656,#4657),.UNSPECIFIED.,.F.,.U.,(4,1,1,1,1,1,1,1,1,1,1,1,1,1,1,1,1,1,1,1,1,1,4),(0.0,0.003899691940430,0.015266879085938,0.033603728422852,0.058412406937500,0.089195081616211,0.125453919445313,0.166691087411133,0.212408752500000,0.315294241992188,0.430127723812501,0.679708008000001,0.929288292187501,1.044121774007814,1.147007263500000,1.192724928588868,1.233962096554688,1.270220934383790,1.301003609062501,1.325812287577149,1.344149136914064,1.355516324059571,1.359416016000000),.UNSPECIFIED.);
#4659=EDGE_CURVE('',#4630,#4632,#4658,.T.);
#4660=ORIENTED_EDGE('',*,*,#4659,.T.);
#4661=CARTESIAN_POINT('',(-14.092546424138748,12.233678038486822,0.0));
#4662=VERTEX_POINT('',#4661);
#4663=CARTESIAN_POINT('',(-14.092546424138748,12.233678038486822,0.0));
#4664=DIRECTION('',(0.0,0.0,1.0));
#4665=VECTOR('',#4664,1.140000000000000);
#4666=LINE('',#4663,#4665);
#4667=EDGE_CURVE('',#4662,#4632,#4666,.T.);
#4668=ORIENTED_EDGE('',*,*,#4667,.F.);
#4669=CARTESIAN_POINT('',(-14.092546424138748,-1.360482121513181,0.0));
#4670=VERTEX_POINT('',#4669);
#4671=CARTESIAN_POINT('',(-14.092546424138748,12.233678038486822,0.0));
#4672=CARTESIAN_POINT('',(-14.092546424138749,12.220679065352059,0.0));
#4673=CARTESIAN_POINT('',(-14.092546424138757,12.169789468398935,0.0));
#4674=CARTESIAN_POINT('',(-14.092546424138749,12.057777040322769,0.0));
#4675=CARTESIAN_POINT('',(-14.092546424138758,11.876067990332528,0.0));
#4676=CARTESIAN_POINT('',(-14.092546424138749,11.629640648564951,0.0));
#4677=CARTESIAN_POINT('',(-14.092546424138749,11.323473345156748,0.0));
#4678=CARTESIAN_POINT('',(-14.092546424138757,10.962544410244636,0.0));
#4679=CARTESIAN_POINT('',(-14.092546424138753,10.551832173965341,0.0));
#4680=CARTESIAN_POINT('',(-14.092546424138760,9.919031098809088,0.0));
#4681=CARTESIAN_POINT('',(-14.092546424138753,9.040908977471199,0.0));
#4682=CARTESIAN_POINT('',(-14.092546424138760,7.483244792471204,0.0));
#4683=CARTESIAN_POINT('',(-14.092546424138742,5.436597958486824,0.0));
#4684=CARTESIAN_POINT('',(-14.092546424138774,3.389951124502451,0.0));
#4685=CARTESIAN_POINT('',(-14.092546424138741,1.832286939502449,0.0));
#4686=CARTESIAN_POINT('',(-14.092546424138760,0.954164818164557,0.0));
#4687=CARTESIAN_POINT('',(-14.092546424138742,0.321363743008307,0.0));
#4688=CARTESIAN_POINT('',(-14.092546424138758,-0.089348493270990,0.0));
#4689=CARTESIAN_POINT('',(-14.092546424138758,-0.450277428183100,0.0));
#4690=CARTESIAN_POINT('',(-14.092546424138748,-0.756444731591302,0.0));
#4691=CARTESIAN_POINT('',(-14.092546424138765,-1.002872073358880,0.0));
#4692=CARTESIAN_POINT('',(-14.092546424138748,-1.184581123349114,0.0));
#4693=CARTESIAN_POINT('',(-14.092546424138758,-1.296593551425288,0.0));
#4694=CARTESIAN_POINT('',(-14.092546424138749,-1.347483148378413,0.0));
#4695=CARTESIAN_POINT('',(-14.092546424138748,-1.360482121513181,0.0));
#4696=B_SPLINE_CURVE_WITH_KNOTS('',3,(#4671,#4672,#4673,#4674,#4675,#4676,#4677,#4678,#4679,#4680,#4681,#4682,#4683,#4684,#4685,#4686,#4687,#4688,#4689,#4690,#4691,#4692,#4693,#4694,#4695),.UNSPECIFIED.,.F.,.U.,(4,1,1,1,1,1,1,1,1,1,1,1,1,1,1,1,1,1,1,1,1,1,4),(0.0,0.003899691940429,0.015266879085937,0.033603728422851,0.058412406937500,0.089195081616211,0.125453919445312,0.166691087411132,0.212408752500000,0.315294241992187,0.430127723812499,0.679708008000000,0.929288292187500,1.044121774007812,1.147007263500000,1.192724928588867,1.233962096554687,1.270220934383789,1.301003609062500,1.325812287577148,1.344149136914062,1.355516324059570,1.359416016000000),.UNSPECIFIED.);
#4697=EDGE_CURVE('',#4662,#4670,#4696,.T.);
#4698=ORIENTED_EDGE('',*,*,#4697,.T.);
#4699=CARTESIAN_POINT('',(-14.092546424138748,-1.360482121513181,0.0));
#4700=DIRECTION('',(0.0,0.0,1.0));
#4701=VECTOR('',#4700,1.140000000000000);
#4702=LINE('',#4699,#4701);
#4703=EDGE_CURVE('',#4670,#4630,#4702,.T.);
#4704=ORIENTED_EDGE('',*,*,#4703,.T.);
#4705=EDGE_LOOP('',(#4660,#4668,#4698,#4704));
#4706=FACE_OUTER_BOUND('',#4705,.T.);
#4707=ADVANCED_FACE('',(#4706),#4628,.T.);
#4708=CARTESIAN_POINT('',(-12.950003624138747,-1.360482121513181,0.0));
#4709=CARTESIAN_POINT('',(-12.950003624138747,-1.347483148378414,0.0));
#4710=CARTESIAN_POINT('',(-12.950003624138747,-1.296593551425290,0.0));
#4711=CARTESIAN_POINT('',(-12.950003624138748,-1.184581123349117,0.0));
#4712=CARTESIAN_POINT('',(-12.950003624138745,-1.002872073358885,0.0));
#4713=CARTESIAN_POINT('',(-12.950003624138738,-0.756444731591305,0.0));
#4714=CARTESIAN_POINT('',(-12.950003624138741,-0.450277428183104,0.0));
#4715=CARTESIAN_POINT('',(-12.950003624138750,-0.089348493270994,0.0));
#4716=CARTESIAN_POINT('',(-12.950003624138748,0.321363743008304,0.0));
#4717=CARTESIAN_POINT('',(-12.950003624138747,0.954164818164551,0.0));
#4718=CARTESIAN_POINT('',(-12.950003624138741,1.832286939502443,0.0));
#4719=CARTESIAN_POINT('',(-12.950003624138734,3.389951124502442,0.0));
#4720=CARTESIAN_POINT('',(-12.950003624138748,5.436597958486815,0.0));
#4721=CARTESIAN_POINT('',(-12.950003624138745,7.483244792471188,0.0));
#4722=CARTESIAN_POINT('',(-12.950003624138732,9.040908977471190,0.0));
#4723=CARTESIAN_POINT('',(-12.950003624138748,9.919031098809079,0.0));
#4724=CARTESIAN_POINT('',(-12.950003624138738,10.551832173965337,0.0));
#4725=CARTESIAN_POINT('',(-12.950003624138745,10.962544410244632,0.0));
#4726=CARTESIAN_POINT('',(-12.950003624138745,11.323473345156740,0.0));
#4727=CARTESIAN_POINT('',(-12.950003624138745,11.629640648564944,0.0));
#4728=CARTESIAN_POINT('',(-12.950003624138750,11.876067990332523,0.0));
#4729=CARTESIAN_POINT('',(-12.950003624138738,12.057777040322755,0.0));
#4730=CARTESIAN_POINT('',(-12.950003624138747,12.169789468398928,0.0));
#4731=CARTESIAN_POINT('',(-12.950003624138745,12.220679065352053,0.0));
#4732=CARTESIAN_POINT('',(-12.950003624138747,12.233678038486822,0.0));
#4733=CARTESIAN_POINT('',(-12.950003624138747,-1.360482121513181,1.140000000000000));
#4734=CARTESIAN_POINT('',(-12.950003624138747,-1.347483148378414,1.140000000000000));
#4735=CARTESIAN_POINT('',(-12.950003624138747,-1.296593551425290,1.140000000000000));
#4736=CARTESIAN_POINT('',(-12.950003624138748,-1.184581123349117,1.140000000000000));
#4737=CARTESIAN_POINT('',(-12.950003624138745,-1.002872073358885,1.140000000000000));
#4738=CARTESIAN_POINT('',(-12.950003624138738,-0.756444731591305,1.140000000000000));
#4739=CARTESIAN_POINT('',(-12.950003624138741,-0.450277428183104,1.140000000000000));
#4740=CARTESIAN_POINT('',(-12.950003624138750,-0.089348493270994,1.140000000000000));
#4741=CARTESIAN_POINT('',(-12.950003624138748,0.321363743008304,1.140000000000000));
#4742=CARTESIAN_POINT('',(-12.950003624138747,0.954164818164551,1.140000000000000));
#4743=CARTESIAN_POINT('',(-12.950003624138741,1.832286939502443,1.140000000000000));
#4744=CARTESIAN_POINT('',(-12.950003624138734,3.389951124502442,1.140000000000000));
#4745=CARTESIAN_POINT('',(-12.950003624138748,5.436597958486815,1.140000000000000));
#4746=CARTESIAN_POINT('',(-12.950003624138745,7.483244792471188,1.140000000000000));
#4747=CARTESIAN_POINT('',(-12.950003624138732,9.040908977471190,1.140000000000000));
#4748=CARTESIAN_POINT('',(-12.950003624138748,9.919031098809079,1.140000000000000));
#4749=CARTESIAN_POINT('',(-12.950003624138738,10.551832173965337,1.140000000000000));
#4750=CARTESIAN_POINT('',(-12.950003624138745,10.962544410244632,1.140000000000000));
#4751=CARTESIAN_POINT('',(-12.950003624138745,11.323473345156740,1.140000000000000));
#4752=CARTESIAN_POINT('',(-12.950003624138745,11.629640648564944,1.140000000000000));
#4753=CARTESIAN_POINT('',(-12.950003624138750,11.876067990332523,1.140000000000000));
#4754=CARTESIAN_POINT('',(-12.950003624138738,12.057777040322755,1.140000000000000));
#4755=CARTESIAN_POINT('',(-12.950003624138747,12.169789468398928,1.140000000000000));
#4756=CARTESIAN_POINT('',(-12.950003624138745,12.220679065352053,1.140000000000000));
#4757=CARTESIAN_POINT('',(-12.950003624138747,12.233678038486822,1.140000000000000));
#4758=B_SPLINE_SURFACE_WITH_KNOTS('',3,1,((#4708,#4733),(#4709,#4734),(#4710,#4735),(#4711,#4736),(#4712,#4737),(#4713,#4738),(#4714,#4739),(#4715,#4740),(#4716,#4741),(#4717,#4742),(#4718,#4743),(#4719,#4744),(#4720,#4745),(#4721,#4746),(#4722,#4747),(#4723,#4748),(#4724,#4749),(#4725,#4750),(#4726,#4751),(#4727,#4752),(#4728,#4753),(#4729,#4754),(#4730,#4755),(#4731,#4756),(#4732,#4757)),.UNSPECIFIED.,.F.,.F.,.U.,(4,1,1,1,1,1,1,1,1,1,1,1,1,1,1,1,1,1,1,1,1,1,4),(2,2),(0.0,0.003899691940430,0.015266879085938,0.033603728422852,0.058412406937500,0.089195081616211,0.125453919445313,0.166691087411133,0.212408752500000,0.315294241992188,0.430127723812500,0.679708008000000,0.929288292187500,1.044121774007812,1.147007263500000,1.192724928588867,1.233962096554688,1.270220934383789,1.301003609062500,1.325812287577148,1.344149136914063,1.355516324059571,1.359416016000000),(0.0,0.114000000000000),.UNSPECIFIED.);
#4759=CARTESIAN_POINT('',(-12.950003624138747,12.233678038486822,1.140000000000000));
#4760=VERTEX_POINT('',#4759);
#4761=CARTESIAN_POINT('',(-12.950003624138747,-1.360482121513181,1.140000000000000));
#4762=VERTEX_POINT('',#4761);
#4763=CARTESIAN_POINT('',(-12.950003624138747,12.233678038486822,1.140000000000000));
#4764=CARTESIAN_POINT('',(-12.950003624138745,12.220679065352053,1.140000000000000));
#4765=CARTESIAN_POINT('',(-12.950003624138747,12.169789468398928,1.140000000000000));
#4766=CARTESIAN_POINT('',(-12.950003624138738,12.057777040322755,1.140000000000000));
#4767=CARTESIAN_POINT('',(-12.950003624138750,11.876067990332523,1.140000000000000));
#4768=CARTESIAN_POINT('',(-12.950003624138745,11.629640648564944,1.140000000000000));
#4769=CARTESIAN_POINT('',(-12.950003624138745,11.323473345156740,1.140000000000000));
#4770=CARTESIAN_POINT('',(-12.950003624138745,10.962544410244632,1.140000000000000));
#4771=CARTESIAN_POINT('',(-12.950003624138738,10.551832173965337,1.140000000000000));
#4772=CARTESIAN_POINT('',(-12.950003624138748,9.919031098809079,1.140000000000000));
#4773=CARTESIAN_POINT('',(-12.950003624138732,9.040908977471190,1.140000000000000));
#4774=CARTESIAN_POINT('',(-12.950003624138745,7.483244792471188,1.140000000000000));
#4775=CARTESIAN_POINT('',(-12.950003624138748,5.436597958486815,1.140000000000000));
#4776=CARTESIAN_POINT('',(-12.950003624138734,3.389951124502442,1.140000000000000));
#4777=CARTESIAN_POINT('',(-12.950003624138741,1.832286939502443,1.140000000000000));
#4778=CARTESIAN_POINT('',(-12.950003624138747,0.954164818164551,1.140000000000000));
#4779=CARTESIAN_POINT('',(-12.950003624138748,0.321363743008304,1.140000000000000));
#4780=CARTESIAN_POINT('',(-12.950003624138750,-0.089348493270994,1.140000000000000));
#4781=CARTESIAN_POINT('',(-12.950003624138741,-0.450277428183104,1.140000000000000));
#4782=CARTESIAN_POINT('',(-12.950003624138738,-0.756444731591305,1.140000000000000));
#4783=CARTESIAN_POINT('',(-12.950003624138745,-1.002872073358885,1.140000000000000));
#4784=CARTESIAN_POINT('',(-12.950003624138748,-1.184581123349117,1.140000000000000));
#4785=CARTESIAN_POINT('',(-12.950003624138747,-1.296593551425290,1.140000000000000));
#4786=CARTESIAN_POINT('',(-12.950003624138747,-1.347483148378414,1.140000000000000));
#4787=CARTESIAN_POINT('',(-12.950003624138747,-1.360482121513181,1.140000000000000));
#4788=B_SPLINE_CURVE_WITH_KNOTS('',3,(#4763,#4764,#4765,#4766,#4767,#4768,#4769,#4770,#4771,#4772,#4773,#4774,#4775,#4776,#4777,#4778,#4779,#4780,#4781,#4782,#4783,#4784,#4785,#4786,#4787),.UNSPECIFIED.,.F.,.U.,(4,1,1,1,1,1,1,1,1,1,1,1,1,1,1,1,1,1,1,1,1,1,4),(0.0,0.003899691940430,0.015266879085938,0.033603728422852,0.058412406937500,0.089195081616211,0.125453919445312,0.166691087411133,0.212408752500000,0.315294241992188,0.430127723812501,0.679708008000001,0.929288292187501,1.044121774007813,1.147007263500000,1.192724928588868,1.233962096554688,1.270220934383789,1.301003609062500,1.325812287577149,1.344149136914063,1.355516324059570,1.359416016000000),.UNSPECIFIED.);
#4789=EDGE_CURVE('',#4760,#4762,#4788,.T.);
#4790=ORIENTED_EDGE('',*,*,#4789,.T.);
#4791=CARTESIAN_POINT('',(-12.950003624138747,-1.360482121513181,0.0));
#4792=VERTEX_POINT('',#4791);
#4793=CARTESIAN_POINT('',(-12.950003624138747,-1.360482121513181,0.0));
#4794=DIRECTION('',(0.0,0.0,1.0));
#4795=VECTOR('',#4794,1.140000000000000);
#4796=LINE('',#4793,#4795);
#4797=EDGE_CURVE('',#4792,#4762,#4796,.T.);
#4798=ORIENTED_EDGE('',*,*,#4797,.F.);
#4799=CARTESIAN_POINT('',(-12.950003624138747,12.233678038486822,0.0));
#4800=VERTEX_POINT('',#4799);
#4801=CARTESIAN_POINT('',(-12.950003624138747,-1.360482121513181,0.0));
#4802=CARTESIAN_POINT('',(-12.950003624138747,-1.347483148378414,0.0));
#4803=CARTESIAN_POINT('',(-12.950003624138747,-1.296593551425290,0.0));
#4804=CARTESIAN_POINT('',(-12.950003624138748,-1.184581123349117,0.0));
#4805=CARTESIAN_POINT('',(-12.950003624138745,-1.002872073358885,0.0));
#4806=CARTESIAN_POINT('',(-12.950003624138738,-0.756444731591305,0.0));
#4807=CARTESIAN_POINT('',(-12.950003624138741,-0.450277428183104,0.0));
#4808=CARTESIAN_POINT('',(-12.950003624138750,-0.089348493270994,0.0));
#4809=CARTESIAN_POINT('',(-12.950003624138748,0.321363743008304,0.0));
#4810=CARTESIAN_POINT('',(-12.950003624138747,0.954164818164551,0.0));
#4811=CARTESIAN_POINT('',(-12.950003624138741,1.832286939502443,0.0));
#4812=CARTESIAN_POINT('',(-12.950003624138734,3.389951124502442,0.0));
#4813=CARTESIAN_POINT('',(-12.950003624138748,5.436597958486815,0.0));
#4814=CARTESIAN_POINT('',(-12.950003624138745,7.483244792471188,0.0));
#4815=CARTESIAN_POINT('',(-12.950003624138732,9.040908977471190,0.0));
#4816=CARTESIAN_POINT('',(-12.950003624138748,9.919031098809079,0.0));
#4817=CARTESIAN_POINT('',(-12.950003624138738,10.551832173965337,0.0));
#4818=CARTESIAN_POINT('',(-12.950003624138745,10.962544410244632,0.0));
#4819=CARTESIAN_POINT('',(-12.950003624138745,11.323473345156740,0.0));
#4820=CARTESIAN_POINT('',(-12.950003624138745,11.629640648564944,0.0));
#4821=CARTESIAN_POINT('',(-12.950003624138750,11.876067990332523,0.0));
#4822=CARTESIAN_POINT('',(-12.950003624138738,12.057777040322755,0.0));
#4823=CARTESIAN_POINT('',(-12.950003624138747,12.169789468398928,0.0));
#4824=CARTESIAN_POINT('',(-12.950003624138745,12.220679065352053,0.0));
#4825=CARTESIAN_POINT('',(-12.950003624138747,12.233678038486822,0.0));
#4826=B_SPLINE_CURVE_WITH_KNOTS('',3,(#4801,#4802,#4803,#4804,#4805,#4806,#4807,#4808,#4809,#4810,#4811,#4812,#4813,#4814,#4815,#4816,#4817,#4818,#4819,#4820,#4821,#4822,#4823,#4824,#4825),.UNSPECIFIED.,.F.,.U.,(4,1,1,1,1,1,1,1,1,1,1,1,1,1,1,1,1,1,1,1,1,1,4),(0.0,0.003899691940430,0.015266879085938,0.033603728422852,0.058412406937500,0.089195081616211,0.125453919445313,0.166691087411133,0.212408752500000,0.315294241992188,0.430127723812500,0.679708008000000,0.929288292187500,1.044121774007812,1.147007263500000,1.192724928588867,1.233962096554688,1.270220934383789,1.301003609062500,1.325812287577148,1.344149136914063,1.355516324059571,1.359416016000000),.UNSPECIFIED.);
#4827=EDGE_CURVE('',#4792,#4800,#4826,.T.);
#4828=ORIENTED_EDGE('',*,*,#4827,.T.);
#4829=CARTESIAN_POINT('',(-12.950003624138747,12.233678038486822,0.0));
#4830=DIRECTION('',(0.0,0.0,1.0));
#4831=VECTOR('',#4830,1.140000000000000);
#4832=LINE('',#4829,#4831);
#4833=EDGE_CURVE('',#4800,#4760,#4832,.T.);
#4834=ORIENTED_EDGE('',*,*,#4833,.T.);
#4835=EDGE_LOOP('',(#4790,#4798,#4828,#4834));
#4836=FACE_OUTER_BOUND('',#4835,.T.);
#4837=ADVANCED_FACE('',(#4836),#4758,.T.);
#4838=CARTESIAN_POINT('',(-13.198629134138748,12.730879078486820,0.0));
#4839=CARTESIAN_POINT('',(-13.199991479035793,12.730879078488069,0.0));
#4840=CARTESIAN_POINT('',(-13.205265072185643,12.730879078492910,0.0));
#4841=CARTESIAN_POINT('',(-13.216735137259917,12.730879078381070,0.0));
#4842=CARTESIAN_POINT('',(-13.235060873633353,12.730879079213002,0.0));
#4843=CARTESIAN_POINT('',(-13.259451240921663,12.730879074511257,0.0));
#4844=CARTESIAN_POINT('',(-13.289115207472296,12.730879097855095,0.0));
#4845=CARTESIAN_POINT('',(-13.336929086028647,12.730878948030826,0.0));
#4846=CARTESIAN_POINT('',(-13.433831802886536,12.730880979125951,0.0));
#4847=CARTESIAN_POINT('',(-13.547738227308033,12.730866356146542,0.0));
#4848=CARTESIAN_POINT('',(-13.660248645302753,12.730898915640827,0.0));
#4849=CARTESIAN_POINT('',(-13.724175841419433,12.730829549396621,0.0));
#4850=CARTESIAN_POINT('',(-13.768499391469838,12.730945922452639,0.0));
#4851=CARTESIAN_POINT('',(-13.794679136837678,12.730687278493765,0.0));
#4852=CARTESIAN_POINT('',(-13.815259791541052,12.731354669084986,0.0));
#4853=CARTESIAN_POINT('',(-13.828798984809310,12.729960130425441,0.0));
#4854=CARTESIAN_POINT('',(-13.836406130385551,12.731870601785854,0.0));
#4855=CARTESIAN_POINT('',(-13.840376939909785,12.729702470763815,0.0));
#4856=CARTESIAN_POINT('',(-13.841770620420736,12.722736481601801,0.0));
#4857=CARTESIAN_POINT('',(-13.848332283091471,12.712964127750277,0.0));
#4858=CARTESIAN_POINT('',(-13.855926929972062,12.696619136122431,0.0));
#4859=CARTESIAN_POINT('',(-13.866533374059687,12.676419593437952,0.0));
#4860=CARTESIAN_POINT('',(-13.884017372820388,12.641924458552968,0.0));
#4861=CARTESIAN_POINT('',(-13.909436804033223,12.592299468069598,0.0));
#4862=CARTESIAN_POINT('',(-13.954042399725452,12.504877925451893,0.0));
#4863=CARTESIAN_POINT('',(-13.999242080079327,12.416397117152197,0.0));
#4864=CARTESIAN_POINT('',(-14.037682093823207,12.341116797473568,0.0));
#4865=CARTESIAN_POINT('',(-14.056650204484363,12.303972489318992,0.0));
#4866=CARTESIAN_POINT('',(-14.068418014789518,12.280927914794413,0.0));
#4867=CARTESIAN_POINT('',(-14.078093788264045,12.261980170341440,0.0));
#4868=CARTESIAN_POINT('',(-14.085363690390622,12.247743753868916,0.0));
#4869=CARTESIAN_POINT('',(-14.089913917386824,12.238833191486098,0.0));
#4870=CARTESIAN_POINT('',(-14.092005975732725,12.234736381155546,0.0));
#4871=CARTESIAN_POINT('',(-14.092546424138748,12.233678038486822,0.0));
#4872=CARTESIAN_POINT('',(-13.198629134138748,12.730879078486820,1.140000000000000));
#4873=CARTESIAN_POINT('',(-13.199991479035793,12.730879078488069,1.140000000000000));
#4874=CARTESIAN_POINT('',(-13.205265072185643,12.730879078492910,1.140000000000000));
#4875=CARTESIAN_POINT('',(-13.216735137259917,12.730879078381070,1.140000000000000));
#4876=CARTESIAN_POINT('',(-13.235060873633353,12.730879079213002,1.140000000000000));
#4877=CARTESIAN_POINT('',(-13.259451240921663,12.730879074511257,1.140000000000000));
#4878=CARTESIAN_POINT('',(-13.289115207472296,12.730879097855095,1.140000000000000));
#4879=CARTESIAN_POINT('',(-13.336929086028647,12.730878948030826,1.140000000000000));
#4880=CARTESIAN_POINT('',(-13.433831802886536,12.730880979125951,1.140000000000000));
#4881=CARTESIAN_POINT('',(-13.547738227308033,12.730866356146542,1.140000000000000));
#4882=CARTESIAN_POINT('',(-13.660248645302753,12.730898915640827,1.140000000000000));
#4883=CARTESIAN_POINT('',(-13.724175841419433,12.730829549396621,1.140000000000000));
#4884=CARTESIAN_POINT('',(-13.768499391469838,12.730945922452639,1.140000000000000));
#4885=CARTESIAN_POINT('',(-13.794679136837678,12.730687278493765,1.140000000000000));
#4886=CARTESIAN_POINT('',(-13.815259791541052,12.731354669084986,1.140000000000000));
#4887=CARTESIAN_POINT('',(-13.828798984809310,12.729960130425441,1.140000000000000));
#4888=CARTESIAN_POINT('',(-13.836406130385551,12.731870601785854,1.140000000000000));
#4889=CARTESIAN_POINT('',(-13.840376939909785,12.729702470763815,1.140000000000000));
#4890=CARTESIAN_POINT('',(-13.841770620420736,12.722736481601801,1.140000000000000));
#4891=CARTESIAN_POINT('',(-13.848332283091471,12.712964127750277,1.140000000000000));
#4892=CARTESIAN_POINT('',(-13.855926929972062,12.696619136122431,1.140000000000000));
#4893=CARTESIAN_POINT('',(-13.866533374059687,12.676419593437952,1.140000000000000));
#4894=CARTESIAN_POINT('',(-13.884017372820388,12.641924458552968,1.140000000000000));
#4895=CARTESIAN_POINT('',(-13.909436804033223,12.592299468069598,1.140000000000000));
#4896=CARTESIAN_POINT('',(-13.954042399725452,12.504877925451893,1.140000000000000));
#4897=CARTESIAN_POINT('',(-13.999242080079327,12.416397117152197,1.140000000000000));
#4898=CARTESIAN_POINT('',(-14.037682093823207,12.341116797473568,1.140000000000000));
#4899=CARTESIAN_POINT('',(-14.056650204484363,12.303972489318992,1.140000000000000));
#4900=CARTESIAN_POINT('',(-14.068418014789518,12.280927914794413,1.140000000000000));
#4901=CARTESIAN_POINT('',(-14.078093788264045,12.261980170341440,1.140000000000000));
#4902=CARTESIAN_POINT('',(-14.085363690390622,12.247743753868916,1.140000000000000));
#4903=CARTESIAN_POINT('',(-14.089913917386824,12.238833191486098,1.140000000000000));
#4904=CARTESIAN_POINT('',(-14.092005975732725,12.234736381155546,1.140000000000000));
#4905=CARTESIAN_POINT('',(-14.092546424138748,12.233678038486822,1.140000000000000));
#4906=B_SPLINE_SURFACE_WITH_KNOTS('',3,1,((#4838,#4872),(#4839,#4873),(#4840,#4874),(#4841,#4875),(#4842,#4876),(#4843,#4877),(#4844,#4878),(#4845,#4879),(#4846,#4880),(#4847,#4881),(#4848,#4882),(#4849,#4883),(#4850,#4884),(#4851,#4885),(#4852,#4886),(#4853,#4887),(#4854,#4888),(#4855,#4889),(#4856,#4890),(#4857,#4891),(#4858,#4892),(#4859,#4893),(#4860,#4894),(#4861,#4895),(#4862,#4896),(#4863,#4897),(#4864,#4898),(#4865,#4899),(#4866,#4900),(#4867,#4901),(#4868,#4902),(#4869,#4903),(#4870,#4904),(#4871,#4905)),.UNSPECIFIED.,.F.,.F.,.U.,(4,1,1,1,1,1,1,1,1,1,1,1,1,1,1,1,1,1,1,1,1,1,1,1,1,1,1,1,1,1,1,4),(2,2),(0.0,0.000408703469031,0.001582077944640,0.003441019529593,0.005906424326659,0.008899188438606,0.012340207968200,0.020250597691406,0.037969870671385,0.046513091572448,0.054001593843749,0.057152565750159,0.059802546307433,0.061872431618339,0.063283117785643,0.063955500912115,0.064029638963689,0.064616146766010,0.065846663135587,0.067652187154500,0.069963717904826,0.072712254468647,0.079244341365093,0.086696440500474,0.102152646114599,0.109052737906619,0.112054277836147,0.114664812564129,0.116815341172642,0.118436862743766,0.119460376359583,0.119816881102170),(0.0,0.114000000000000),.UNSPECIFIED.);
#4907=CARTESIAN_POINT('',(-13.198629134138748,12.730879078486820,1.140000000000000));
#4908=VERTEX_POINT('',#4907);
#4909=CARTESIAN_POINT('',(-14.092546424138748,12.233678038486822,1.140000000000000));
#4910=CARTESIAN_POINT('',(-14.092005975732725,12.234736381155546,1.140000000000000));
#4911=CARTESIAN_POINT('',(-14.089913917386824,12.238833191486098,1.140000000000000));
#4912=CARTESIAN_POINT('',(-14.085363690390622,12.247743753868916,1.140000000000000));
#4913=CARTESIAN_POINT('',(-14.078093788264045,12.261980170341440,1.140000000000000));
#4914=CARTESIAN_POINT('',(-14.068418014789518,12.280927914794413,1.140000000000000));
#4915=CARTESIAN_POINT('',(-14.056650204484363,12.303972489318992,1.140000000000000));
#4916=CARTESIAN_POINT('',(-14.037682093823207,12.341116797473568,1.140000000000000));
#4917=CARTESIAN_POINT('',(-13.999242080079327,12.416397117152197,1.140000000000000));
#4918=CARTESIAN_POINT('',(-13.954042399725452,12.504877925451893,1.140000000000000));
#4919=CARTESIAN_POINT('',(-13.909436804033223,12.592299468069598,1.140000000000000));
#4920=CARTESIAN_POINT('',(-13.884017372820388,12.641924458552968,1.140000000000000));
#4921=CARTESIAN_POINT('',(-13.866533374059687,12.676419593437952,1.140000000000000));
#4922=CARTESIAN_POINT('',(-13.855926929972062,12.696619136122431,1.140000000000000));
#4923=CARTESIAN_POINT('',(-13.848332283091471,12.712964127750277,1.140000000000000));
#4924=CARTESIAN_POINT('',(-13.841770620420736,12.722736481601801,1.140000000000000));
#4925=CARTESIAN_POINT('',(-13.840376939909785,12.729702470763815,1.140000000000000));
#4926=CARTESIAN_POINT('',(-13.836406130385551,12.731870601785854,1.140000000000000));
#4927=CARTESIAN_POINT('',(-13.828798984809310,12.729960130425441,1.140000000000000));
#4928=CARTESIAN_POINT('',(-13.815259791541052,12.731354669084986,1.140000000000000));
#4929=CARTESIAN_POINT('',(-13.794679136837678,12.730687278493765,1.140000000000000));
#4930=CARTESIAN_POINT('',(-13.768499391469838,12.730945922452639,1.140000000000000));
#4931=CARTESIAN_POINT('',(-13.724175841419433,12.730829549396621,1.140000000000000));
#4932=CARTESIAN_POINT('',(-13.660248645302753,12.730898915640827,1.140000000000000));
#4933=CARTESIAN_POINT('',(-13.547738227308033,12.730866356146542,1.140000000000000));
#4934=CARTESIAN_POINT('',(-13.433831802886536,12.730880979125951,1.140000000000000));
#4935=CARTESIAN_POINT('',(-13.336929086028647,12.730878948030826,1.140000000000000));
#4936=CARTESIAN_POINT('',(-13.289115207472296,12.730879097855095,1.140000000000000));
#4937=CARTESIAN_POINT('',(-13.259451240921663,12.730879074511257,1.140000000000000));
#4938=CARTESIAN_POINT('',(-13.235060873633353,12.730879079213002,1.140000000000000));
#4939=CARTESIAN_POINT('',(-13.216735137259917,12.730879078381070,1.140000000000000));
#4940=CARTESIAN_POINT('',(-13.205265072185643,12.730879078492910,1.140000000000000));
#4941=CARTESIAN_POINT('',(-13.199991479035793,12.730879078488069,1.140000000000000));
#4942=CARTESIAN_POINT('',(-13.198629134138748,12.730879078486820,1.140000000000000));
#4943=B_SPLINE_CURVE_WITH_KNOTS('',3,(#4909,#4910,#4911,#4912,#4913,#4914,#4915,#4916,#4917,#4918,#4919,#4920,#4921,#4922,#4923,#4924,#4925,#4926,#4927,#4928,#4929,#4930,#4931,#4932,#4933,#4934,#4935,#4936,#4937,#4938,#4939,#4940,#4941,#4942),.UNSPECIFIED.,.F.,.U.,(4,1,1,1,1,1,1,1,1,1,1,1,1,1,1,1,1,1,1,1,1,1,1,1,1,1,1,1,1,1,1,4),(0.0,0.000356504742587,0.001380018358404,0.003001539929528,0.005152068538041,0.007762603266023,0.010764143195551,0.017664234987571,0.033120440601696,0.040572539737077,0.047104626633523,0.049853163197344,0.052164693947670,0.053970217966583,0.055200734336159,0.055787242138481,0.055861380190054,0.056533763316527,0.057944449483831,0.060014334794737,0.062664315352011,0.065815287258420,0.073303789529722,0.081847010430784,0.099566283410764,0.107476673133970,0.110917692663564,0.113910456775510,0.116375861572577,0.118234803157530,0.119408177633138,0.119816881102170),.UNSPECIFIED.);
#4944=EDGE_CURVE('',#4632,#4908,#4943,.T.);
#4945=ORIENTED_EDGE('',*,*,#4944,.T.);
#4946=CARTESIAN_POINT('',(-13.198629134138748,12.730879078486820,0.0));
#4947=VERTEX_POINT('',#4946);
#4948=CARTESIAN_POINT('',(-13.198629134138748,12.730879078486820,0.0));
#4949=DIRECTION('',(0.0,0.0,1.0));
#4950=VECTOR('',#4949,1.140000000000000);
#4951=LINE('',#4948,#4950);
#4952=EDGE_CURVE('',#4947,#4908,#4951,.T.);
#4953=ORIENTED_EDGE('',*,*,#4952,.F.);
#4954=CARTESIAN_POINT('',(-13.198629134138748,12.730879078486820,0.0));
#4955=CARTESIAN_POINT('',(-13.199991479035793,12.730879078488069,0.0));
#4956=CARTESIAN_POINT('',(-13.205265072185643,12.730879078492910,0.0));
#4957=CARTESIAN_POINT('',(-13.216735137259917,12.730879078381070,0.0));
#4958=CARTESIAN_POINT('',(-13.235060873633353,12.730879079213002,0.0));
#4959=CARTESIAN_POINT('',(-13.259451240921663,12.730879074511257,0.0));
#4960=CARTESIAN_POINT('',(-13.289115207472296,12.730879097855095,0.0));
#4961=CARTESIAN_POINT('',(-13.336929086028647,12.730878948030826,0.0));
#4962=CARTESIAN_POINT('',(-13.433831802886536,12.730880979125951,0.0));
#4963=CARTESIAN_POINT('',(-13.547738227308033,12.730866356146542,0.0));
#4964=CARTESIAN_POINT('',(-13.660248645302753,12.730898915640827,0.0));
#4965=CARTESIAN_POINT('',(-13.724175841419433,12.730829549396621,0.0));
#4966=CARTESIAN_POINT('',(-13.768499391469838,12.730945922452639,0.0));
#4967=CARTESIAN_POINT('',(-13.794679136837678,12.730687278493765,0.0));
#4968=CARTESIAN_POINT('',(-13.815259791541052,12.731354669084986,0.0));
#4969=CARTESIAN_POINT('',(-13.828798984809310,12.729960130425441,0.0));
#4970=CARTESIAN_POINT('',(-13.836406130385551,12.731870601785854,0.0));
#4971=CARTESIAN_POINT('',(-13.840376939909785,12.729702470763815,0.0));
#4972=CARTESIAN_POINT('',(-13.841770620420736,12.722736481601801,0.0));
#4973=CARTESIAN_POINT('',(-13.848332283091471,12.712964127750277,0.0));
#4974=CARTESIAN_POINT('',(-13.855926929972062,12.696619136122431,0.0));
#4975=CARTESIAN_POINT('',(-13.866533374059687,12.676419593437952,0.0));
#4976=CARTESIAN_POINT('',(-13.884017372820388,12.641924458552968,0.0));
#4977=CARTESIAN_POINT('',(-13.909436804033223,12.592299468069598,0.0));
#4978=CARTESIAN_POINT('',(-13.954042399725452,12.504877925451893,0.0));
#4979=CARTESIAN_POINT('',(-13.999242080079327,12.416397117152197,0.0));
#4980=CARTESIAN_POINT('',(-14.037682093823207,12.341116797473568,0.0));
#4981=CARTESIAN_POINT('',(-14.056650204484363,12.303972489318992,0.0));
#4982=CARTESIAN_POINT('',(-14.068418014789518,12.280927914794413,0.0));
#4983=CARTESIAN_POINT('',(-14.078093788264045,12.261980170341440,0.0));
#4984=CARTESIAN_POINT('',(-14.085363690390622,12.247743753868916,0.0));
#4985=CARTESIAN_POINT('',(-14.089913917386824,12.238833191486098,0.0));
#4986=CARTESIAN_POINT('',(-14.092005975732725,12.234736381155546,0.0));
#4987=CARTESIAN_POINT('',(-14.092546424138748,12.233678038486822,0.0));
#4988=B_SPLINE_CURVE_WITH_KNOTS('',3,(#4954,#4955,#4956,#4957,#4958,#4959,#4960,#4961,#4962,#4963,#4964,#4965,#4966,#4967,#4968,#4969,#4970,#4971,#4972,#4973,#4974,#4975,#4976,#4977,#4978,#4979,#4980,#4981,#4982,#4983,#4984,#4985,#4986,#4987),.UNSPECIFIED.,.F.,.U.,(4,1,1,1,1,1,1,1,1,1,1,1,1,1,1,1,1,1,1,1,1,1,1,1,1,1,1,1,1,1,1,4),(0.0,0.000408703469031,0.001582077944640,0.003441019529593,0.005906424326659,0.008899188438606,0.012340207968200,0.020250597691406,0.037969870671385,0.046513091572448,0.054001593843749,0.057152565750159,0.059802546307433,0.061872431618339,0.063283117785643,0.063955500912115,0.064029638963689,0.064616146766010,0.065846663135587,0.067652187154500,0.069963717904826,0.072712254468647,0.079244341365093,0.086696440500474,0.102152646114599,0.109052737906619,0.112054277836147,0.114664812564129,0.116815341172642,0.118436862743766,0.119460376359583,0.119816881102170),.UNSPECIFIED.);
#4989=EDGE_CURVE('',#4947,#4662,#4988,.T.);
#4990=ORIENTED_EDGE('',*,*,#4989,.T.);
#4991=ORIENTED_EDGE('',*,*,#4667,.T.);
#4992=EDGE_LOOP('',(#4945,#4953,#4990,#4991));
#4993=FACE_OUTER_BOUND('',#4992,.T.);
#4994=ADVANCED_FACE('',(#4993),#4906,.T.);
#4995=CARTESIAN_POINT('',(-12.950003624138747,12.233678038486822,0.0));
#4996=CARTESIAN_POINT('',(-12.950241364189402,12.234153470796389,0.0));
#4997=CARTESIAN_POINT('',(-12.951172091196245,12.236014737710457,0.0));
#4998=CARTESIAN_POINT('',(-12.953220702271064,12.240111548037607,0.0));
#4999=CARTESIAN_POINT('',(-12.956544004681355,12.246757484790528,0.0));
#5000=CARTESIAN_POINT('',(-12.961050949045969,12.255770467510258,0.0));
#5001=CARTESIAN_POINT('',(-12.966650485983845,12.266968415737802,0.0));
#5002=CARTESIAN_POINT('',(-12.973251566113845,12.280169249014163,0.0));
#5003=CARTESIAN_POINT('',(-12.980763140054886,12.295190886880381,0.0));
#5004=CARTESIAN_POINT('',(-12.992336528052931,12.318335336333499,0.0));
#5005=CARTESIAN_POINT('',(-13.008396627219813,12.350452306182135,0.0));
#5006=CARTESIAN_POINT('',(-13.036884966907296,12.407423258682137,0.0));
#5007=CARTESIAN_POINT('',(-13.074316379138743,12.482278558486826,0.0));
#5008=CARTESIAN_POINT('',(-13.111747791370183,12.557133858291509,0.0));
#5009=CARTESIAN_POINT('',(-13.140236131057696,12.614104810791510,0.0));
#5010=CARTESIAN_POINT('',(-13.156296230224561,12.646221780640145,0.0));
#5011=CARTESIAN_POINT('',(-13.167869618222607,12.669366230093262,0.0));
#5012=CARTESIAN_POINT('',(-13.175381192163655,12.684387867959474,0.0));
#5013=CARTESIAN_POINT('',(-13.181982272293652,12.697588701235844,0.0));
#5014=CARTESIAN_POINT('',(-13.187581809231519,12.708786649463386,0.0));
#5015=CARTESIAN_POINT('',(-13.192088753596149,12.717799632183109,0.0));
#5016=CARTESIAN_POINT('',(-13.195412056006418,12.724445568936048,0.0));
#5017=CARTESIAN_POINT('',(-13.197460667081257,12.728542379263192,0.0));
#5018=CARTESIAN_POINT('',(-13.198391394088089,12.730403646177251,0.0));
#5019=CARTESIAN_POINT('',(-13.198629134138748,12.730879078486820,0.0));
#5020=CARTESIAN_POINT('',(-12.950003624138747,12.233678038486822,1.140000000000000));
#5021=CARTESIAN_POINT('',(-12.950241364189402,12.234153470796389,1.140000000000000));
#5022=CARTESIAN_POINT('',(-12.951172091196245,12.236014737710457,1.140000000000000));
#5023=CARTESIAN_POINT('',(-12.953220702271064,12.240111548037607,1.140000000000000));
#5024=CARTESIAN_POINT('',(-12.956544004681355,12.246757484790528,1.140000000000000));
#5025=CARTESIAN_POINT('',(-12.961050949045969,12.255770467510258,1.140000000000000));
#5026=CARTESIAN_POINT('',(-12.966650485983845,12.266968415737802,1.140000000000000));
#5027=CARTESIAN_POINT('',(-12.973251566113845,12.280169249014163,1.140000000000000));
#5028=CARTESIAN_POINT('',(-12.980763140054886,12.295190886880381,1.140000000000000));
#5029=CARTESIAN_POINT('',(-12.992336528052931,12.318335336333499,1.140000000000000));
#5030=CARTESIAN_POINT('',(-13.008396627219813,12.350452306182135,1.140000000000000));
#5031=CARTESIAN_POINT('',(-13.036884966907296,12.407423258682137,1.140000000000000));
#5032=CARTESIAN_POINT('',(-13.074316379138743,12.482278558486826,1.140000000000000));
#5033=CARTESIAN_POINT('',(-13.111747791370183,12.557133858291509,1.140000000000000));
#5034=CARTESIAN_POINT('',(-13.140236131057696,12.614104810791510,1.140000000000000));
#5035=CARTESIAN_POINT('',(-13.156296230224561,12.646221780640145,1.140000000000000));
#5036=CARTESIAN_POINT('',(-13.167869618222607,12.669366230093262,1.140000000000000));
#5037=CARTESIAN_POINT('',(-13.175381192163655,12.684387867959474,1.140000000000000));
#5038=CARTESIAN_POINT('',(-13.181982272293652,12.697588701235844,1.140000000000000));
#5039=CARTESIAN_POINT('',(-13.187581809231519,12.708786649463386,1.140000000000000));
#5040=CARTESIAN_POINT('',(-13.192088753596149,12.717799632183109,1.140000000000000));
#5041=CARTESIAN_POINT('',(-13.195412056006418,12.724445568936048,1.140000000000000));
#5042=CARTESIAN_POINT('',(-13.197460667081257,12.728542379263192,1.140000000000000));
#5043=CARTESIAN_POINT('',(-13.198391394088089,12.730403646177251,1.140000000000000));
#5044=CARTESIAN_POINT('',(-13.198629134138748,12.730879078486820,1.140000000000000));
#5045=B_SPLINE_SURFACE_WITH_KNOTS('',3,1,((#4995,#5020),(#4996,#5021),(#4997,#5022),(#4998,#5023),(#4999,#5024),(#5000,#5025),(#5001,#5026),(#5002,#5027),(#5003,#5028),(#5004,#5029),(#5005,#5030),(#5006,#5031),(#5007,#5032),(#5008,#5033),(#5009,#5034),(#5010,#5035),(#5011,#5036),(#5012,#5037),(#5013,#5038),(#5014,#5039),(#5015,#5040),(#5016,#5041),(#5017,#5042),(#5018,#5043),(#5019,#5044)),.UNSPECIFIED.,.F.,.F.,.U.,(4,1,1,1,1,1,1,1,1,1,1,1,1,1,1,1,1,1,1,1,1,1,4),(2,2),(0.0,0.000159468050532,0.000624300453146,0.001374139584368,0.002388627820730,0.003647407538757,0.005130121114977,0.006816410925917,0.008685919348108,0.012893161532348,0.017588986679919,0.027794941913945,0.038000897147972,0.042696722295543,0.046903964479784,0.048773472901973,0.050459762712915,0.051942476289135,0.053201256007161,0.054215744243522,0.054965583374747,0.055430415777360,0.055589883827891),(0.0,0.114000000000000),.UNSPECIFIED.);
#5046=CARTESIAN_POINT('',(-13.198629134138748,12.730879078486820,1.140000000000000));
#5047=CARTESIAN_POINT('',(-13.198391394088089,12.730403646177251,1.140000000000000));
#5048=CARTESIAN_POINT('',(-13.197460667081257,12.728542379263192,1.140000000000000));
#5049=CARTESIAN_POINT('',(-13.195412056006418,12.724445568936048,1.140000000000000));
#5050=CARTESIAN_POINT('',(-13.192088753596149,12.717799632183109,1.140000000000000));
#5051=CARTESIAN_POINT('',(-13.187581809231519,12.708786649463386,1.140000000000000));
#5052=CARTESIAN_POINT('',(-13.181982272293652,12.697588701235844,1.140000000000000));
#5053=CARTESIAN_POINT('',(-13.175381192163655,12.684387867959474,1.140000000000000));
#5054=CARTESIAN_POINT('',(-13.167869618222607,12.669366230093262,1.140000000000000));
#5055=CARTESIAN_POINT('',(-13.156296230224561,12.646221780640145,1.140000000000000));
#5056=CARTESIAN_POINT('',(-13.140236131057696,12.614104810791510,1.140000000000000));
#5057=CARTESIAN_POINT('',(-13.111747791370183,12.557133858291509,1.140000000000000));
#5058=CARTESIAN_POINT('',(-13.074316379138743,12.482278558486826,1.140000000000000));
#5059=CARTESIAN_POINT('',(-13.036884966907296,12.407423258682137,1.140000000000000));
#5060=CARTESIAN_POINT('',(-13.008396627219813,12.350452306182135,1.140000000000000));
#5061=CARTESIAN_POINT('',(-12.992336528052931,12.318335336333499,1.140000000000000));
#5062=CARTESIAN_POINT('',(-12.980763140054886,12.295190886880381,1.140000000000000));
#5063=CARTESIAN_POINT('',(-12.973251566113845,12.280169249014163,1.140000000000000));
#5064=CARTESIAN_POINT('',(-12.966650485983845,12.266968415737802,1.140000000000000));
#5065=CARTESIAN_POINT('',(-12.961050949045969,12.255770467510258,1.140000000000000));
#5066=CARTESIAN_POINT('',(-12.956544004681355,12.246757484790528,1.140000000000000));
#5067=CARTESIAN_POINT('',(-12.953220702271064,12.240111548037607,1.140000000000000));
#5068=CARTESIAN_POINT('',(-12.951172091196245,12.236014737710457,1.140000000000000));
#5069=CARTESIAN_POINT('',(-12.950241364189402,12.234153470796389,1.140000000000000));
#5070=CARTESIAN_POINT('',(-12.950003624138747,12.233678038486822,1.140000000000000));
#5071=B_SPLINE_CURVE_WITH_KNOTS('',3,(#5046,#5047,#5048,#5049,#5050,#5051,#5052,#5053,#5054,#5055,#5056,#5057,#5058,#5059,#5060,#5061,#5062,#5063,#5064,#5065,#5066,#5067,#5068,#5069,#5070),.UNSPECIFIED.,.F.,.U.,(4,1,1,1,1,1,1,1,1,1,1,1,1,1,1,1,1,1,1,1,1,1,4),(0.0,0.000159468050531,0.000624300453144,0.001374139584369,0.002388627820730,0.003647407538756,0.005130121114976,0.006816410925918,0.008685919348107,0.012893161532348,0.017588986679919,0.027794941913946,0.038000897147972,0.042696722295543,0.046903964479783,0.048773472901974,0.050459762712914,0.051942476289134,0.053201256007161,0.054215744243523,0.054965583374746,0.055430415777359,0.055589883827891),.UNSPECIFIED.);
#5072=EDGE_CURVE('',#4908,#4760,#5071,.T.);
#5073=ORIENTED_EDGE('',*,*,#5072,.T.);
#5074=ORIENTED_EDGE('',*,*,#4833,.F.);
#5075=CARTESIAN_POINT('',(-12.950003624138747,12.233678038486822,0.0));
#5076=CARTESIAN_POINT('',(-12.950241364189402,12.234153470796389,0.0));
#5077=CARTESIAN_POINT('',(-12.951172091196245,12.236014737710457,0.0));
#5078=CARTESIAN_POINT('',(-12.953220702271064,12.240111548037607,0.0));
#5079=CARTESIAN_POINT('',(-12.956544004681355,12.246757484790528,0.0));
#5080=CARTESIAN_POINT('',(-12.961050949045969,12.255770467510258,0.0));
#5081=CARTESIAN_POINT('',(-12.966650485983845,12.266968415737802,0.0));
#5082=CARTESIAN_POINT('',(-12.973251566113845,12.280169249014163,0.0));
#5083=CARTESIAN_POINT('',(-12.980763140054886,12.295190886880381,0.0));
#5084=CARTESIAN_POINT('',(-12.992336528052931,12.318335336333499,0.0));
#5085=CARTESIAN_POINT('',(-13.008396627219813,12.350452306182135,0.0));
#5086=CARTESIAN_POINT('',(-13.036884966907296,12.407423258682137,0.0));
#5087=CARTESIAN_POINT('',(-13.074316379138743,12.482278558486826,0.0));
#5088=CARTESIAN_POINT('',(-13.111747791370183,12.557133858291509,0.0));
#5089=CARTESIAN_POINT('',(-13.140236131057696,12.614104810791510,0.0));
#5090=CARTESIAN_POINT('',(-13.156296230224561,12.646221780640145,0.0));
#5091=CARTESIAN_POINT('',(-13.167869618222607,12.669366230093262,0.0));
#5092=CARTESIAN_POINT('',(-13.175381192163655,12.684387867959474,0.0));
#5093=CARTESIAN_POINT('',(-13.181982272293652,12.697588701235844,0.0));
#5094=CARTESIAN_POINT('',(-13.187581809231519,12.708786649463386,0.0));
#5095=CARTESIAN_POINT('',(-13.192088753596149,12.717799632183109,0.0));
#5096=CARTESIAN_POINT('',(-13.195412056006418,12.724445568936048,0.0));
#5097=CARTESIAN_POINT('',(-13.197460667081257,12.728542379263192,0.0));
#5098=CARTESIAN_POINT('',(-13.198391394088089,12.730403646177251,0.0));
#5099=CARTESIAN_POINT('',(-13.198629134138748,12.730879078486820,0.0));
#5100=B_SPLINE_CURVE_WITH_KNOTS('',3,(#5075,#5076,#5077,#5078,#5079,#5080,#5081,#5082,#5083,#5084,#5085,#5086,#5087,#5088,#5089,#5090,#5091,#5092,#5093,#5094,#5095,#5096,#5097,#5098,#5099),.UNSPECIFIED.,.F.,.U.,(4,1,1,1,1,1,1,1,1,1,1,1,1,1,1,1,1,1,1,1,1,1,4),(0.0,0.000159468050532,0.000624300453146,0.001374139584368,0.002388627820730,0.003647407538757,0.005130121114977,0.006816410925917,0.008685919348108,0.012893161532348,0.017588986679919,0.027794941913945,0.038000897147972,0.042696722295543,0.046903964479784,0.048773472901973,0.050459762712915,0.051942476289135,0.053201256007161,0.054215744243522,0.054965583374747,0.055430415777360,0.055589883827891),.UNSPECIFIED.);
#5101=EDGE_CURVE('',#4800,#4947,#5100,.T.);
#5102=ORIENTED_EDGE('',*,*,#5101,.T.);
#5103=ORIENTED_EDGE('',*,*,#4952,.T.);
#5104=EDGE_LOOP('',(#5073,#5074,#5102,#5103));
#5105=FACE_OUTER_BOUND('',#5104,.T.);
#5106=ADVANCED_FACE('',(#5105),#5045,.T.);
#5107=CARTESIAN_POINT('',(-14.092546424138748,-1.360482121513181,0.0));
#5108=CARTESIAN_POINT('',(-14.092303642058667,-1.360962619748044,0.0));
#5109=CARTESIAN_POINT('',(-14.091353176043027,-1.362843719220694,0.0));
#5110=CARTESIAN_POINT('',(-14.089261117693441,-1.366984182733889,0.0));
#5111=CARTESIAN_POINT('',(-14.085867334148499,-1.373700934655267,0.0));
#5112=CARTESIAN_POINT('',(-14.081264805779373,-1.382809954384275,0.0));
#5113=CARTESIAN_POINT('',(-14.075546512957100,-1.394127221320312,0.0));
#5114=CARTESIAN_POINT('',(-14.068805436052795,-1.407468714862785,0.0));
#5115=CARTESIAN_POINT('',(-14.061134555437572,-1.422650414411133,0.0));
#5116=CARTESIAN_POINT('',(-14.049315717156315,-1.446041477418938,0.0));
#5117=CARTESIAN_POINT('',(-14.032915012810619,-1.478500666688965,0.0));
#5118=CARTESIAN_POINT('',(-14.003822487810620,-1.536078667938959,0.0));
#5119=CARTESIAN_POINT('',(-13.965597224138735,-1.611731581513179,0.0));
#5120=CARTESIAN_POINT('',(-13.927371960466861,-1.687384495087399,0.0));
#5121=CARTESIAN_POINT('',(-13.898279435466868,-1.744962496337398,0.0));
#5122=CARTESIAN_POINT('',(-13.881878731121160,-1.777421685607416,0.0));
#5123=CARTESIAN_POINT('',(-13.870059892839919,-1.800812748615233,0.0));
#5124=CARTESIAN_POINT('',(-13.862389012224680,-1.815994448163569,0.0));
#5125=CARTESIAN_POINT('',(-13.855647935320384,-1.829335941706051,0.0));
#5126=CARTESIAN_POINT('',(-13.849929642498122,-1.840653208642087,0.0));
#5127=CARTESIAN_POINT('',(-13.845327114128983,-1.849762228371090,0.0));
#5128=CARTESIAN_POINT('',(-13.841933330584052,-1.856478980292473,0.0));
#5129=CARTESIAN_POINT('',(-13.839841272234450,-1.860619443805660,0.0));
#5130=CARTESIAN_POINT('',(-13.838890806218828,-1.862500543278316,0.0));
#5131=CARTESIAN_POINT('',(-13.838648024138749,-1.862981041513180,0.0));
#5132=CARTESIAN_POINT('',(-14.092546424138748,-1.360482121513181,1.140000000000000));
#5133=CARTESIAN_POINT('',(-14.092303642058667,-1.360962619748044,1.140000000000000));
#5134=CARTESIAN_POINT('',(-14.091353176043027,-1.362843719220694,1.140000000000000));
#5135=CARTESIAN_POINT('',(-14.089261117693441,-1.366984182733889,1.140000000000000));
#5136=CARTESIAN_POINT('',(-14.085867334148499,-1.373700934655267,1.140000000000000));
#5137=CARTESIAN_POINT('',(-14.081264805779373,-1.382809954384275,1.140000000000000));
#5138=CARTESIAN_POINT('',(-14.075546512957100,-1.394127221320312,1.140000000000000));
#5139=CARTESIAN_POINT('',(-14.068805436052795,-1.407468714862785,1.140000000000000));
#5140=CARTESIAN_POINT('',(-14.061134555437572,-1.422650414411133,1.140000000000000));
#5141=CARTESIAN_POINT('',(-14.049315717156315,-1.446041477418938,1.140000000000000));
#5142=CARTESIAN_POINT('',(-14.032915012810619,-1.478500666688965,1.140000000000000));
#5143=CARTESIAN_POINT('',(-14.003822487810620,-1.536078667938959,1.140000000000000));
#5144=CARTESIAN_POINT('',(-13.965597224138735,-1.611731581513179,1.140000000000000));
#5145=CARTESIAN_POINT('',(-13.927371960466861,-1.687384495087399,1.140000000000000));
#5146=CARTESIAN_POINT('',(-13.898279435466868,-1.744962496337398,1.140000000000000));
#5147=CARTESIAN_POINT('',(-13.881878731121160,-1.777421685607416,1.140000000000000));
#5148=CARTESIAN_POINT('',(-13.870059892839919,-1.800812748615233,1.140000000000000));
#5149=CARTESIAN_POINT('',(-13.862389012224680,-1.815994448163569,1.140000000000000));
#5150=CARTESIAN_POINT('',(-13.855647935320384,-1.829335941706051,1.140000000000000));
#5151=CARTESIAN_POINT('',(-13.849929642498122,-1.840653208642087,1.140000000000000));
#5152=CARTESIAN_POINT('',(-13.845327114128983,-1.849762228371090,1.140000000000000));
#5153=CARTESIAN_POINT('',(-13.841933330584052,-1.856478980292473,1.140000000000000));
#5154=CARTESIAN_POINT('',(-13.839841272234450,-1.860619443805660,1.140000000000000));
#5155=CARTESIAN_POINT('',(-13.838890806218828,-1.862500543278316,1.140000000000000));
#5156=CARTESIAN_POINT('',(-13.838648024138749,-1.862981041513180,1.140000000000000));
#5157=B_SPLINE_SURFACE_WITH_KNOTS('',3,1,((#5107,#5132),(#5108,#5133),(#5109,#5134),(#5110,#5135),(#5111,#5136),(#5112,#5137),(#5113,#5138),(#5114,#5139),(#5115,#5140),(#5116,#5141),(#5117,#5142),(#5118,#5143),(#5119,#5144),(#5120,#5145),(#5121,#5146),(#5122,#5147),(#5123,#5148),(#5124,#5149),(#5125,#5150),(#5126,#5151),(#5127,#5152),(#5128,#5153),(#5129,#5154),(#5130,#5155),(#5131,#5156)),.UNSPECIFIED.,.F.,.F.,.U.,(4,1,1,1,1,1,1,1,1,1,1,1,1,1,1,1,1,1,1,1,1,1,4),(2,2),(0.0,0.000161505270163,0.000632275951274,0.001391694349272,0.002419142770093,0.003694003519673,0.005195658903949,0.006903491228858,0.008796882800337,0.013057872906750,0.017813687670683,0.028150024961078,0.038486362251474,0.043242177015406,0.047503167121819,0.049396558693298,0.051104391018207,0.052606046402483,0.053880907152063,0.054908355572884,0.055667773970882,0.056138544651993,0.056300049922156),(0.0,0.114000000000000),.UNSPECIFIED.);
#5158=CARTESIAN_POINT('',(-13.838648024138749,-1.862981041513180,1.140000000000000));
#5159=VERTEX_POINT('',#5158);
#5160=CARTESIAN_POINT('',(-13.838648024138749,-1.862981041513180,1.140000000000000));
#5161=CARTESIAN_POINT('',(-13.838890806218828,-1.862500543278316,1.140000000000000));
#5162=CARTESIAN_POINT('',(-13.839841272234450,-1.860619443805660,1.140000000000000));
#5163=CARTESIAN_POINT('',(-13.841933330584052,-1.856478980292473,1.140000000000000));
#5164=CARTESIAN_POINT('',(-13.845327114128983,-1.849762228371090,1.140000000000000));
#5165=CARTESIAN_POINT('',(-13.849929642498122,-1.840653208642087,1.140000000000000));
#5166=CARTESIAN_POINT('',(-13.855647935320384,-1.829335941706051,1.140000000000000));
#5167=CARTESIAN_POINT('',(-13.862389012224680,-1.815994448163569,1.140000000000000));
#5168=CARTESIAN_POINT('',(-13.870059892839919,-1.800812748615233,1.140000000000000));
#5169=CARTESIAN_POINT('',(-13.881878731121160,-1.777421685607416,1.140000000000000));
#5170=CARTESIAN_POINT('',(-13.898279435466868,-1.744962496337398,1.140000000000000));
#5171=CARTESIAN_POINT('',(-13.927371960466861,-1.687384495087399,1.140000000000000));
#5172=CARTESIAN_POINT('',(-13.965597224138735,-1.611731581513179,1.140000000000000));
#5173=CARTESIAN_POINT('',(-14.003822487810620,-1.536078667938959,1.140000000000000));
#5174=CARTESIAN_POINT('',(-14.032915012810619,-1.478500666688965,1.140000000000000));
#5175=CARTESIAN_POINT('',(-14.049315717156315,-1.446041477418938,1.140000000000000));
#5176=CARTESIAN_POINT('',(-14.061134555437572,-1.422650414411133,1.140000000000000));
#5177=CARTESIAN_POINT('',(-14.068805436052795,-1.407468714862785,1.140000000000000));
#5178=CARTESIAN_POINT('',(-14.075546512957100,-1.394127221320312,1.140000000000000));
#5179=CARTESIAN_POINT('',(-14.081264805779373,-1.382809954384275,1.140000000000000));
#5180=CARTESIAN_POINT('',(-14.085867334148499,-1.373700934655267,1.140000000000000));
#5181=CARTESIAN_POINT('',(-14.089261117693441,-1.366984182733889,1.140000000000000));
#5182=CARTESIAN_POINT('',(-14.091353176043027,-1.362843719220694,1.140000000000000));
#5183=CARTESIAN_POINT('',(-14.092303642058667,-1.360962619748044,1.140000000000000));
#5184=CARTESIAN_POINT('',(-14.092546424138748,-1.360482121513181,1.140000000000000));
#5185=B_SPLINE_CURVE_WITH_KNOTS('',3,(#5160,#5161,#5162,#5163,#5164,#5165,#5166,#5167,#5168,#5169,#5170,#5171,#5172,#5173,#5174,#5175,#5176,#5177,#5178,#5179,#5180,#5181,#5182,#5183,#5184),.UNSPECIFIED.,.F.,.U.,(4,1,1,1,1,1,1,1,1,1,1,1,1,1,1,1,1,1,1,1,1,1,4),(0.0,0.000161505270162,0.000632275951274,0.001391694349272,0.002419142770093,0.003694003519673,0.005195658903949,0.006903491228858,0.008796882800337,0.013057872906750,0.017813687670682,0.028150024961077,0.038486362251473,0.043242177015406,0.047503167121819,0.049396558693298,0.051104391018206,0.052606046402483,0.053880907152063,0.054908355572884,0.055667773970882,0.056138544651993,0.056300049922156),.UNSPECIFIED.);
#5186=EDGE_CURVE('',#5159,#4630,#5185,.T.);
#5187=ORIENTED_EDGE('',*,*,#5186,.T.);
#5188=ORIENTED_EDGE('',*,*,#4703,.F.);
#5189=CARTESIAN_POINT('',(-13.838648024138749,-1.862981041513180,0.0));
#5190=VERTEX_POINT('',#5189);
#5191=CARTESIAN_POINT('',(-14.092546424138748,-1.360482121513181,0.0));
#5192=CARTESIAN_POINT('',(-14.092303642058667,-1.360962619748044,0.0));
#5193=CARTESIAN_POINT('',(-14.091353176043027,-1.362843719220694,0.0));
#5194=CARTESIAN_POINT('',(-14.089261117693441,-1.366984182733889,0.0));
#5195=CARTESIAN_POINT('',(-14.085867334148499,-1.373700934655267,0.0));
#5196=CARTESIAN_POINT('',(-14.081264805779373,-1.382809954384275,0.0));
#5197=CARTESIAN_POINT('',(-14.075546512957100,-1.394127221320312,0.0));
#5198=CARTESIAN_POINT('',(-14.068805436052795,-1.407468714862785,0.0));
#5199=CARTESIAN_POINT('',(-14.061134555437572,-1.422650414411133,0.0));
#5200=CARTESIAN_POINT('',(-14.049315717156315,-1.446041477418938,0.0));
#5201=CARTESIAN_POINT('',(-14.032915012810619,-1.478500666688965,0.0));
#5202=CARTESIAN_POINT('',(-14.003822487810620,-1.536078667938959,0.0));
#5203=CARTESIAN_POINT('',(-13.965597224138735,-1.611731581513179,0.0));
#5204=CARTESIAN_POINT('',(-13.927371960466861,-1.687384495087399,0.0));
#5205=CARTESIAN_POINT('',(-13.898279435466868,-1.744962496337398,0.0));
#5206=CARTESIAN_POINT('',(-13.881878731121160,-1.777421685607416,0.0));
#5207=CARTESIAN_POINT('',(-13.870059892839919,-1.800812748615233,0.0));
#5208=CARTESIAN_POINT('',(-13.862389012224680,-1.815994448163569,0.0));
#5209=CARTESIAN_POINT('',(-13.855647935320384,-1.829335941706051,0.0));
#5210=CARTESIAN_POINT('',(-13.849929642498122,-1.840653208642087,0.0));
#5211=CARTESIAN_POINT('',(-13.845327114128983,-1.849762228371090,0.0));
#5212=CARTESIAN_POINT('',(-13.841933330584052,-1.856478980292473,0.0));
#5213=CARTESIAN_POINT('',(-13.839841272234450,-1.860619443805660,0.0));
#5214=CARTESIAN_POINT('',(-13.838890806218828,-1.862500543278316,0.0));
#5215=CARTESIAN_POINT('',(-13.838648024138749,-1.862981041513180,0.0));
#5216=B_SPLINE_CURVE_WITH_KNOTS('',3,(#5191,#5192,#5193,#5194,#5195,#5196,#5197,#5198,#5199,#5200,#5201,#5202,#5203,#5204,#5205,#5206,#5207,#5208,#5209,#5210,#5211,#5212,#5213,#5214,#5215),.UNSPECIFIED.,.F.,.U.,(4,1,1,1,1,1,1,1,1,1,1,1,1,1,1,1,1,1,1,1,1,1,4),(0.0,0.000161505270163,0.000632275951274,0.001391694349272,0.002419142770093,0.003694003519673,0.005195658903949,0.006903491228858,0.008796882800337,0.013057872906750,0.017813687670683,0.028150024961078,0.038486362251474,0.043242177015406,0.047503167121819,0.049396558693298,0.051104391018207,0.052606046402483,0.053880907152063,0.054908355572884,0.055667773970882,0.056138544651993,0.056300049922156),.UNSPECIFIED.);
#5217=EDGE_CURVE('',#4670,#5190,#5216,.T.);
#5218=ORIENTED_EDGE('',*,*,#5217,.T.);
#5219=CARTESIAN_POINT('',(-13.838648024138749,-1.862981041513180,0.0));
#5220=DIRECTION('',(0.0,0.0,1.0));
#5221=VECTOR('',#5220,1.140000000000000);
#5222=LINE('',#5219,#5221);
#5223=EDGE_CURVE('',#5190,#5159,#5222,.T.);
#5224=ORIENTED_EDGE('',*,*,#5223,.T.);
#5225=EDGE_LOOP('',(#5187,#5188,#5218,#5224));
#5226=FACE_OUTER_BOUND('',#5225,.T.);
#5227=ADVANCED_FACE('',(#5226),#5157,.T.);
#5228=CARTESIAN_POINT('',(-13.838648024138749,-1.862981041513180,0.0));
#5229=CARTESIAN_POINT('',(-13.837285679241692,-1.862981041514449,0.0));
#5230=CARTESIAN_POINT('',(-13.832012086091796,-1.862981041519361,0.0));
#5231=CARTESIAN_POINT('',(-13.820542021018284,-1.862981041405966,0.0));
#5232=CARTESIAN_POINT('',(-13.802216284639199,-1.862981042249430,0.0));
#5233=CARTESIAN_POINT('',(-13.777825917382760,-1.862981037482530,0.0));
#5234=CARTESIAN_POINT('',(-13.748161950673909,-1.862981061149827,0.0));
#5235=CARTESIAN_POINT('',(-13.700348073133057,-1.862980909249581,0.0));
#5236=CARTESIAN_POINT('',(-13.603445342508515,-1.862982968487648,0.0));
#5237=CARTESIAN_POINT('',(-13.489539017200807,-1.862968142891758,0.0));
#5238=CARTESIAN_POINT('',(-13.377028378519530,-1.863001153531407,0.0));
#5239=CARTESIAN_POINT('',(-13.313101652563619,-1.862930826146384,0.0));
#5240=CARTESIAN_POINT('',(-13.268777313742756,-1.863048811671056,0.0));
#5241=CARTESIAN_POINT('',(-13.242599321450076,-1.862786583933502,0.0));
#5242=CARTESIAN_POINT('',(-13.222014143208348,-1.863463221909347,0.0));
#5243=CARTESIAN_POINT('',(-13.208484402049818,-1.862049360479114,0.0));
#5244=CARTESIAN_POINT('',(-13.200864821381799,-1.863986172740979,0.0));
#5245=CARTESIAN_POINT('',(-13.196901617704622,-1.861784805311569,0.0));
#5246=CARTESIAN_POINT('',(-13.195602771945511,-1.854756629427335,0.0));
#5247=CARTESIAN_POINT('',(-13.189129752253425,-1.844872639149557,0.0));
#5248=CARTESIAN_POINT('',(-13.181715622281743,-1.828357078105898,0.0));
#5249=CARTESIAN_POINT('',(-13.171320616334039,-1.807940908546115,0.0));
#5250=CARTESIAN_POINT('',(-13.154203694800231,-1.773078840457508,0.0));
#5251=CARTESIAN_POINT('',(-13.129309798059355,-1.722924701988990,0.0));
#5252=CARTESIAN_POINT('',(-13.085631670740923,-1.634571822451940,0.0));
#5253=CARTESIAN_POINT('',(-13.041370185116568,-1.545148136300667,0.0));
#5254=CARTESIAN_POINT('',(-13.003728552049827,-1.469065685027446,0.0));
#5255=CARTESIAN_POINT('',(-12.985154360617159,-1.431525588303427,0.0));
#5256=CARTESIAN_POINT('',(-12.973630941657932,-1.408235464557960,0.0));
#5257=CARTESIAN_POINT('',(-12.964156111743597,-1.389085824129542,0.0));
#5258=CARTESIAN_POINT('',(-12.957037188912054,-1.374697712833770,0.0));
#5259=CARTESIAN_POINT('',(-12.952581459736439,-1.365692204771580,0.0));
#5260=CARTESIAN_POINT('',(-12.950532848665425,-1.361551741254971,0.0));
#5261=CARTESIAN_POINT('',(-12.950003624138747,-1.360482121513181,0.0));
#5262=CARTESIAN_POINT('',(-13.838648024138749,-1.862981041513180,1.140000000000000));
#5263=CARTESIAN_POINT('',(-13.837285679241692,-1.862981041514449,1.140000000000000));
#5264=CARTESIAN_POINT('',(-13.832012086091796,-1.862981041519361,1.140000000000000));
#5265=CARTESIAN_POINT('',(-13.820542021018284,-1.862981041405966,1.140000000000000));
#5266=CARTESIAN_POINT('',(-13.802216284639199,-1.862981042249430,1.140000000000000));
#5267=CARTESIAN_POINT('',(-13.777825917382760,-1.862981037482530,1.140000000000000));
#5268=CARTESIAN_POINT('',(-13.748161950673909,-1.862981061149827,1.140000000000000));
#5269=CARTESIAN_POINT('',(-13.700348073133057,-1.862980909249581,1.140000000000000));
#5270=CARTESIAN_POINT('',(-13.603445342508515,-1.862982968487648,1.140000000000000));
#5271=CARTESIAN_POINT('',(-13.489539017200807,-1.862968142891758,1.140000000000000));
#5272=CARTESIAN_POINT('',(-13.377028378519530,-1.863001153531407,1.140000000000000));
#5273=CARTESIAN_POINT('',(-13.313101652563619,-1.862930826146384,1.140000000000000));
#5274=CARTESIAN_POINT('',(-13.268777313742756,-1.863048811671056,1.140000000000000));
#5275=CARTESIAN_POINT('',(-13.242599321450076,-1.862786583933502,1.140000000000000));
#5276=CARTESIAN_POINT('',(-13.222014143208348,-1.863463221909347,1.140000000000000));
#5277=CARTESIAN_POINT('',(-13.208484402049818,-1.862049360479114,1.140000000000000));
#5278=CARTESIAN_POINT('',(-13.200864821381799,-1.863986172740979,1.140000000000000));
#5279=CARTESIAN_POINT('',(-13.196901617704622,-1.861784805311569,1.140000000000000));
#5280=CARTESIAN_POINT('',(-13.195602771945511,-1.854756629427335,1.140000000000000));
#5281=CARTESIAN_POINT('',(-13.189129752253425,-1.844872639149557,1.140000000000000));
#5282=CARTESIAN_POINT('',(-13.181715622281743,-1.828357078105898,1.140000000000000));
#5283=CARTESIAN_POINT('',(-13.171320616334039,-1.807940908546115,1.140000000000000));
#5284=CARTESIAN_POINT('',(-13.154203694800231,-1.773078840457508,1.140000000000000));
#5285=CARTESIAN_POINT('',(-13.129309798059355,-1.722924701988990,1.140000000000000));
#5286=CARTESIAN_POINT('',(-13.085631670740923,-1.634571822451940,1.140000000000000));
#5287=CARTESIAN_POINT('',(-13.041370185116568,-1.545148136300667,1.140000000000000));
#5288=CARTESIAN_POINT('',(-13.003728552049827,-1.469065685027446,1.140000000000000));
#5289=CARTESIAN_POINT('',(-12.985154360617159,-1.431525588303427,1.140000000000000));
#5290=CARTESIAN_POINT('',(-12.973630941657932,-1.408235464557960,1.140000000000000));
#5291=CARTESIAN_POINT('',(-12.964156111743597,-1.389085824129542,1.140000000000000));
#5292=CARTESIAN_POINT('',(-12.957037188912054,-1.374697712833770,1.140000000000000));
#5293=CARTESIAN_POINT('',(-12.952581459736439,-1.365692204771580,1.140000000000000));
#5294=CARTESIAN_POINT('',(-12.950532848665425,-1.361551741254971,1.140000000000000));
#5295=CARTESIAN_POINT('',(-12.950003624138747,-1.360482121513181,1.140000000000000));
#5296=B_SPLINE_SURFACE_WITH_KNOTS('',3,1,((#5228,#5262),(#5229,#5263),(#5230,#5264),(#5231,#5265),(#5232,#5266),(#5233,#5267),(#5234,#5268),(#5235,#5269),(#5236,#5270),(#5237,#5271),(#5238,#5272),(#5239,#5273),(#5240,#5274),(#5241,#5275),(#5242,#5276),(#5243,#5277),(#5244,#5278),(#5245,#5279),(#5246,#5280),(#5247,#5281),(#5248,#5282),(#5249,#5283),(#5250,#5284),(#5251,#5285),(#5252,#5286),(#5253,#5287),(#5254,#5288),(#5255,#5289),(#5256,#5290),(#5257,#5291),(#5258,#5292),(#5259,#5293),(#5260,#5294),(#5261,#5295)),.UNSPECIFIED.,.F.,.F.,.U.,(4,1,1,1,1,1,1,1,1,1,1,1,1,1,1,1,1,1,1,1,1,1,1,1,1,1,1,1,1,1,1,4),(2,2),(0.0,0.000408703469033,0.001582077944642,0.003441019529595,0.005906424326662,0.008899188438607,0.012340207968201,0.020250597691407,0.037969870671388,0.046513091572449,0.054001593843751,0.057152565750161,0.059802546307435,0.061872431618341,0.063283117785646,0.063955500912118,0.064029493457991,0.064618486127668,0.065854215846401,0.067667389358935,0.069988713410012,0.072748894744379,0.079308656241953,0.086792327809607,0.102314016986964,0.109243342512570,0.112257599116209,0.114879193940063,0.117038833728877,0.118667225227394,0.119695075180359,0.120053090332515),(0.0,0.114000000000000),.UNSPECIFIED.);
#5297=CARTESIAN_POINT('',(-12.950003624138747,-1.360482121513181,1.140000000000000));
#5298=CARTESIAN_POINT('',(-12.950532848665425,-1.361551741254971,1.140000000000000));
#5299=CARTESIAN_POINT('',(-12.952581459736439,-1.365692204771580,1.140000000000000));
#5300=CARTESIAN_POINT('',(-12.957037188912054,-1.374697712833770,1.140000000000000));
#5301=CARTESIAN_POINT('',(-12.964156111743597,-1.389085824129542,1.140000000000000));
#5302=CARTESIAN_POINT('',(-12.973630941657932,-1.408235464557960,1.140000000000000));
#5303=CARTESIAN_POINT('',(-12.985154360617159,-1.431525588303427,1.140000000000000));
#5304=CARTESIAN_POINT('',(-13.003728552049827,-1.469065685027446,1.140000000000000));
#5305=CARTESIAN_POINT('',(-13.041370185116568,-1.545148136300667,1.140000000000000));
#5306=CARTESIAN_POINT('',(-13.085631670740923,-1.634571822451940,1.140000000000000));
#5307=CARTESIAN_POINT('',(-13.129309798059355,-1.722924701988990,1.140000000000000));
#5308=CARTESIAN_POINT('',(-13.154203694800231,-1.773078840457508,1.140000000000000));
#5309=CARTESIAN_POINT('',(-13.171320616334039,-1.807940908546115,1.140000000000000));
#5310=CARTESIAN_POINT('',(-13.181715622281743,-1.828357078105898,1.140000000000000));
#5311=CARTESIAN_POINT('',(-13.189129752253425,-1.844872639149557,1.140000000000000));
#5312=CARTESIAN_POINT('',(-13.195602771945511,-1.854756629427335,1.140000000000000));
#5313=CARTESIAN_POINT('',(-13.196901617704622,-1.861784805311569,1.140000000000000));
#5314=CARTESIAN_POINT('',(-13.200864821381799,-1.863986172740979,1.140000000000000));
#5315=CARTESIAN_POINT('',(-13.208484402049818,-1.862049360479114,1.140000000000000));
#5316=CARTESIAN_POINT('',(-13.222014143208348,-1.863463221909347,1.140000000000000));
#5317=CARTESIAN_POINT('',(-13.242599321450076,-1.862786583933502,1.140000000000000));
#5318=CARTESIAN_POINT('',(-13.268777313742756,-1.863048811671056,1.140000000000000));
#5319=CARTESIAN_POINT('',(-13.313101652563619,-1.862930826146384,1.140000000000000));
#5320=CARTESIAN_POINT('',(-13.377028378519530,-1.863001153531407,1.140000000000000));
#5321=CARTESIAN_POINT('',(-13.489539017200807,-1.862968142891758,1.140000000000000));
#5322=CARTESIAN_POINT('',(-13.603445342508515,-1.862982968487648,1.140000000000000));
#5323=CARTESIAN_POINT('',(-13.700348073133057,-1.862980909249581,1.140000000000000));
#5324=CARTESIAN_POINT('',(-13.748161950673909,-1.862981061149827,1.140000000000000));
#5325=CARTESIAN_POINT('',(-13.777825917382760,-1.862981037482530,1.140000000000000));
#5326=CARTESIAN_POINT('',(-13.802216284639199,-1.862981042249430,1.140000000000000));
#5327=CARTESIAN_POINT('',(-13.820542021018284,-1.862981041405966,1.140000000000000));
#5328=CARTESIAN_POINT('',(-13.832012086091796,-1.862981041519361,1.140000000000000));
#5329=CARTESIAN_POINT('',(-13.837285679241692,-1.862981041514449,1.140000000000000));
#5330=CARTESIAN_POINT('',(-13.838648024138749,-1.862981041513180,1.140000000000000));
#5331=B_SPLINE_CURVE_WITH_KNOTS('',3,(#5297,#5298,#5299,#5300,#5301,#5302,#5303,#5304,#5305,#5306,#5307,#5308,#5309,#5310,#5311,#5312,#5313,#5314,#5315,#5316,#5317,#5318,#5319,#5320,#5321,#5322,#5323,#5324,#5325,#5326,#5327,#5328,#5329,#5330),.UNSPECIFIED.,.F.,.U.,(4,1,1,1,1,1,1,1,1,1,1,1,1,1,1,1,1,1,1,1,1,1,1,1,1,1,1,1,1,1,1,4),(0.0,0.000358015152156,0.001385865105121,0.003014256603638,0.005173896392452,0.007795491216306,0.010809747819945,0.017739073345551,0.033260762522908,0.040744434090562,0.047304195588136,0.050064376922503,0.052385700973580,0.054198874486114,0.055434604204847,0.056023596874524,0.056097589420397,0.056769972546869,0.058180658714174,0.060250544025080,0.062900524582354,0.066051496488764,0.073539998760066,0.082083219661127,0.099802492641108,0.107712882364314,0.111153901893908,0.114146666005853,0.116612070802920,0.118471012387873,0.119644386863482,0.120053090332515),.UNSPECIFIED.);
#5332=EDGE_CURVE('',#4762,#5159,#5331,.T.);
#5333=ORIENTED_EDGE('',*,*,#5332,.T.);
#5334=ORIENTED_EDGE('',*,*,#5223,.F.);
#5335=CARTESIAN_POINT('',(-13.838648024138749,-1.862981041513180,0.0));
#5336=CARTESIAN_POINT('',(-13.837285679241692,-1.862981041514449,0.0));
#5337=CARTESIAN_POINT('',(-13.832012086091796,-1.862981041519361,0.0));
#5338=CARTESIAN_POINT('',(-13.820542021018284,-1.862981041405966,0.0));
#5339=CARTESIAN_POINT('',(-13.802216284639199,-1.862981042249430,0.0));
#5340=CARTESIAN_POINT('',(-13.777825917382760,-1.862981037482530,0.0));
#5341=CARTESIAN_POINT('',(-13.748161950673909,-1.862981061149827,0.0));
#5342=CARTESIAN_POINT('',(-13.700348073133057,-1.862980909249581,0.0));
#5343=CARTESIAN_POINT('',(-13.603445342508515,-1.862982968487648,0.0));
#5344=CARTESIAN_POINT('',(-13.489539017200807,-1.862968142891758,0.0));
#5345=CARTESIAN_POINT('',(-13.377028378519530,-1.863001153531407,0.0));
#5346=CARTESIAN_POINT('',(-13.313101652563619,-1.862930826146384,0.0));
#5347=CARTESIAN_POINT('',(-13.268777313742756,-1.863048811671056,0.0));
#5348=CARTESIAN_POINT('',(-13.242599321450076,-1.862786583933502,0.0));
#5349=CARTESIAN_POINT('',(-13.222014143208348,-1.863463221909347,0.0));
#5350=CARTESIAN_POINT('',(-13.208484402049818,-1.862049360479114,0.0));
#5351=CARTESIAN_POINT('',(-13.200864821381799,-1.863986172740979,0.0));
#5352=CARTESIAN_POINT('',(-13.196901617704622,-1.861784805311569,0.0));
#5353=CARTESIAN_POINT('',(-13.195602771945511,-1.854756629427335,0.0));
#5354=CARTESIAN_POINT('',(-13.189129752253425,-1.844872639149557,0.0));
#5355=CARTESIAN_POINT('',(-13.181715622281743,-1.828357078105898,0.0));
#5356=CARTESIAN_POINT('',(-13.171320616334039,-1.807940908546115,0.0));
#5357=CARTESIAN_POINT('',(-13.154203694800231,-1.773078840457508,0.0));
#5358=CARTESIAN_POINT('',(-13.129309798059355,-1.722924701988990,0.0));
#5359=CARTESIAN_POINT('',(-13.085631670740923,-1.634571822451940,0.0));
#5360=CARTESIAN_POINT('',(-13.041370185116568,-1.545148136300667,0.0));
#5361=CARTESIAN_POINT('',(-13.003728552049827,-1.469065685027446,0.0));
#5362=CARTESIAN_POINT('',(-12.985154360617159,-1.431525588303427,0.0));
#5363=CARTESIAN_POINT('',(-12.973630941657932,-1.408235464557960,0.0));
#5364=CARTESIAN_POINT('',(-12.964156111743597,-1.389085824129542,0.0));
#5365=CARTESIAN_POINT('',(-12.957037188912054,-1.374697712833770,0.0));
#5366=CARTESIAN_POINT('',(-12.952581459736439,-1.365692204771580,0.0));
#5367=CARTESIAN_POINT('',(-12.950532848665425,-1.361551741254971,0.0));
#5368=CARTESIAN_POINT('',(-12.950003624138747,-1.360482121513181,0.0));
#5369=B_SPLINE_CURVE_WITH_KNOTS('',3,(#5335,#5336,#5337,#5338,#5339,#5340,#5341,#5342,#5343,#5344,#5345,#5346,#5347,#5348,#5349,#5350,#5351,#5352,#5353,#5354,#5355,#5356,#5357,#5358,#5359,#5360,#5361,#5362,#5363,#5364,#5365,#5366,#5367,#5368),.UNSPECIFIED.,.F.,.U.,(4,1,1,1,1,1,1,1,1,1,1,1,1,1,1,1,1,1,1,1,1,1,1,1,1,1,1,1,1,1,1,4),(0.0,0.000408703469033,0.001582077944642,0.003441019529595,0.005906424326662,0.008899188438607,0.012340207968201,0.020250597691407,0.037969870671388,0.046513091572449,0.054001593843751,0.057152565750161,0.059802546307435,0.061872431618341,0.063283117785646,0.063955500912118,0.064029493457991,0.064618486127668,0.065854215846401,0.067667389358935,0.069988713410012,0.072748894744379,0.079308656241953,0.086792327809607,0.102314016986964,0.109243342512570,0.112257599116209,0.114879193940063,0.117038833728877,0.118667225227394,0.119695075180359,0.120053090332515),.UNSPECIFIED.);
#5370=EDGE_CURVE('',#5190,#4792,#5369,.T.);
#5371=ORIENTED_EDGE('',*,*,#5370,.T.);
#5372=ORIENTED_EDGE('',*,*,#4797,.T.);
#5373=EDGE_LOOP('',(#5333,#5334,#5371,#5372));
#5374=FACE_OUTER_BOUND('',#5373,.T.);
#5375=ADVANCED_FACE('',(#5374),#5296,.T.);
#5376=CARTESIAN_POINT('',(-13.523940576691157,-1.562815961246594,0.0));
#5377=DIRECTION('',(0.0,0.0,1.0));
#5378=DIRECTION('',(1.0,0.0,0.0));
#5379=AXIS2_PLACEMENT_3D('',#5376,#5377,#5378);
#5380=PLANE('',#5379);
#5381=ORIENTED_EDGE('',*,*,#5370,.F.);
#5382=ORIENTED_EDGE('',*,*,#5217,.F.);
#5383=ORIENTED_EDGE('',*,*,#4697,.F.);
#5384=ORIENTED_EDGE('',*,*,#4989,.F.);
#5385=ORIENTED_EDGE('',*,*,#5101,.F.);
#5386=ORIENTED_EDGE('',*,*,#4827,.F.);
#5387=EDGE_LOOP('',(#5381,#5382,#5383,#5384,#5385,#5386));
#5388=FACE_OUTER_BOUND('',#5387,.T.);
#5389=ADVANCED_FACE('',(#5388),#5380,.F.);
#5390=CARTESIAN_POINT('',(-13.523940576691153,-1.562815961246594,1.140000000000000));
#5391=DIRECTION('',(0.0,0.0,1.0));
#5392=DIRECTION('',(1.0,0.0,0.0));
#5393=AXIS2_PLACEMENT_3D('',#5390,#5391,#5392);
#5394=PLANE('',#5393);
#5395=ORIENTED_EDGE('',*,*,#5186,.F.);
#5396=ORIENTED_EDGE('',*,*,#5332,.F.);
#5397=ORIENTED_EDGE('',*,*,#4789,.F.);
#5398=ORIENTED_EDGE('',*,*,#5072,.F.);
#5399=ORIENTED_EDGE('',*,*,#4944,.F.);
#5400=ORIENTED_EDGE('',*,*,#4659,.F.);
#5401=EDGE_LOOP('',(#5395,#5396,#5397,#5398,#5399,#5400));
#5402=FACE_OUTER_BOUND('',#5401,.T.);
#5403=ADVANCED_FACE('',(#5402),#5394,.T.);
#5404=CLOSED_SHELL('',(#4707,#4837,#4994,#5106,#5227,#5375,#5389,#5403));
#5405=MANIFOLD_SOLID_BREP('\X2\5BE69AD4\X0\1',#5404);
#5406=STYLED_ITEM('',(#4499),#5405);
#5407=ADVANCED_BREP_SHAPE_REPRESENTATION('ABSR',(#5405),#4546);
#5408=SHAPE_REPRESENTATION_RELATIONSHIP('SRR','None',#5407,#4551);
#5409=AXIS2_PLACEMENT_3D('',#5410,#5411,#5412);
#5410=CARTESIAN_POINT('',(18.372275295341645,-1.095015136069746,-2.526020679902455));
#5411=DIRECTION('',(4.326911E-019,-1.171977E-019,1.0));
#5412=DIRECTION('',(1.0,1.144917E-016,-1.444447E-034));
#5413=NEXT_ASSEMBLY_USAGE_OCCURRENCE('PIN_CPY:1','PIN_CPY:1','PIN_CPY:1',#3379,#4522,'PIN_CPY:1');
#5414=PRODUCT_DEFINITION_SHAPE('PIN_CPY:1','PIN_CPY:1',#5413);
#5415=ITEM_DEFINED_TRANSFORMATION('PIN_CPY:1','PIN_CPY:1',#4547,#5409);
#5419=(REPRESENTATION_RELATIONSHIP('PIN_CPY:1','PIN_CPY:1',#4551,#3408)REPRESENTATION_RELATIONSHIP_WITH_TRANSFORMATION(#5415)SHAPE_REPRESENTATION_RELATIONSHIP());
#5420=CONTEXT_DEPENDENT_SHAPE_REPRESENTATION(#5419,#5414);
#5421=APPLICATION_CONTEXT('automotive design');
#5422=APPLICATION_PROTOCOL_DEFINITION('International Standard','automotive_design',2001,#5421);
#5423=PRODUCT_CONTEXT('',#5421,'mechanical');
#5424=PRODUCT('PIN_CPY_CPY','PIN_CPY_CPY',$,(#5423));
#5425=PRODUCT_RELATED_PRODUCT_CATEGORY('part',$,(#5424));
#5426=PRODUCT_DEFINITION_FORMATION('',$,#5424);
#5427=PRODUCT_DEFINITION_CONTEXT('part definition',#5421,'design');
#5428=PRODUCT_DEFINITION('',$,#5426,#5427);
#5434=(NAMED_UNIT(*)PLANE_ANGLE_UNIT()SI_UNIT($,.RADIAN.));
#5435=DIMENSIONAL_EXPONENTS(0.0,0.0,0.0,0.0,0.0,0.0,0.0);
#5436=PLANE_ANGLE_MEASURE_WITH_UNIT(PLANE_ANGLE_MEASURE(0.017453292500000),#5434);
#5440=(CONVERSION_BASED_UNIT('DEGREE',#5436)NAMED_UNIT(#5435)PLANE_ANGLE_UNIT());
#5444=(NAMED_UNIT(*)SI_UNIT($,.STERADIAN.)SOLID_ANGLE_UNIT());
#5448=(LENGTH_UNIT()NAMED_UNIT(*)SI_UNIT(.MILLI.,.METRE.));
#5450=UNCERTAINTY_MEASURE_WITH_UNIT(LENGTH_MEASURE(0.010000000000000),#5448,'DISTANCE_ACCURACY_VALUE','');
#5452=(GEOMETRIC_REPRESENTATION_CONTEXT(3)GLOBAL_UNCERTAINTY_ASSIGNED_CONTEXT((#5450))GLOBAL_UNIT_ASSIGNED_CONTEXT((#5440,#5444,#5448))REPRESENTATION_CONTEXT('None','None'));
#5453=AXIS2_PLACEMENT_3D('',#5454,#5455,#5456);
#5454=CARTESIAN_POINT('',(0.0,0.0,0.0));
#5455=DIRECTION('',(0.0,0.0,1.0));
#5456=DIRECTION('',(1.0,0.0,0.0));
#5457=SHAPE_REPRESENTATION('',(#5453),#5452);
#5458=PRODUCT_DEFINITION_SHAPE('','',#5428);
#5459=SHAPE_DEFINITION_REPRESENTATION(#5458,#5457);
#5465=(NAMED_UNIT(*)PLANE_ANGLE_UNIT()SI_UNIT($,.RADIAN.));
#5466=DIMENSIONAL_EXPONENTS(0.0,0.0,0.0,0.0,0.0,0.0,0.0);
#5467=PLANE_ANGLE_MEASURE_WITH_UNIT(PLANE_ANGLE_MEASURE(0.017453292500000),#5465);
#5471=(CONVERSION_BASED_UNIT('DEGREE',#5467)NAMED_UNIT(#5466)PLANE_ANGLE_UNIT());
#5475=(NAMED_UNIT(*)SI_UNIT($,.STERADIAN.)SOLID_ANGLE_UNIT());
#5479=(LENGTH_UNIT()NAMED_UNIT(*)SI_UNIT(.MILLI.,.METRE.));
#5481=UNCERTAINTY_MEASURE_WITH_UNIT(LENGTH_MEASURE(0.000001000000000),#5479,'DISTANCE_ACCURACY_VALUE','');
#5483=(GEOMETRIC_REPRESENTATION_CONTEXT(3)GLOBAL_UNCERTAINTY_ASSIGNED_CONTEXT((#5481))GLOBAL_UNIT_ASSIGNED_CONTEXT((#5471,#5475,#5479))REPRESENTATION_CONTEXT('','3D'));
#5484=CARTESIAN_POINT('',(-14.092546424138748,12.233678038486822,0.0));
#5485=CARTESIAN_POINT('',(-14.092546424138749,12.220679065352059,0.0));
#5486=CARTESIAN_POINT('',(-14.092546424138757,12.169789468398935,0.0));
#5487=CARTESIAN_POINT('',(-14.092546424138749,12.057777040322769,0.0));
#5488=CARTESIAN_POINT('',(-14.092546424138758,11.876067990332528,0.0));
#5489=CARTESIAN_POINT('',(-14.092546424138749,11.629640648564951,0.0));
#5490=CARTESIAN_POINT('',(-14.092546424138749,11.323473345156748,0.0));
#5491=CARTESIAN_POINT('',(-14.092546424138757,10.962544410244636,0.0));
#5492=CARTESIAN_POINT('',(-14.092546424138753,10.551832173965341,0.0));
#5493=CARTESIAN_POINT('',(-14.092546424138760,9.919031098809088,0.0));
#5494=CARTESIAN_POINT('',(-14.092546424138753,9.040908977471199,0.0));
#5495=CARTESIAN_POINT('',(-14.092546424138760,7.483244792471204,0.0));
#5496=CARTESIAN_POINT('',(-14.092546424138742,5.436597958486824,0.0));
#5497=CARTESIAN_POINT('',(-14.092546424138774,3.389951124502451,0.0));
#5498=CARTESIAN_POINT('',(-14.092546424138741,1.832286939502449,0.0));
#5499=CARTESIAN_POINT('',(-14.092546424138760,0.954164818164557,0.0));
#5500=CARTESIAN_POINT('',(-14.092546424138742,0.321363743008307,0.0));
#5501=CARTESIAN_POINT('',(-14.092546424138758,-0.089348493270990,0.0));
#5502=CARTESIAN_POINT('',(-14.092546424138758,-0.450277428183100,0.0));
#5503=CARTESIAN_POINT('',(-14.092546424138748,-0.756444731591302,0.0));
#5504=CARTESIAN_POINT('',(-14.092546424138765,-1.002872073358880,0.0));
#5505=CARTESIAN_POINT('',(-14.092546424138748,-1.184581123349114,0.0));
#5506=CARTESIAN_POINT('',(-14.092546424138758,-1.296593551425288,0.0));
#5507=CARTESIAN_POINT('',(-14.092546424138749,-1.347483148378413,0.0));
#5508=CARTESIAN_POINT('',(-14.092546424138748,-1.360482121513181,0.0));
#5509=CARTESIAN_POINT('',(-14.092546424138748,12.233678038486822,1.140000000000000));
#5510=CARTESIAN_POINT('',(-14.092546424138749,12.220679065352059,1.140000000000000));
#5511=CARTESIAN_POINT('',(-14.092546424138757,12.169789468398935,1.140000000000000));
#5512=CARTESIAN_POINT('',(-14.092546424138749,12.057777040322769,1.140000000000000));
#5513=CARTESIAN_POINT('',(-14.092546424138758,11.876067990332528,1.140000000000000));
#5514=CARTESIAN_POINT('',(-14.092546424138749,11.629640648564951,1.140000000000000));
#5515=CARTESIAN_POINT('',(-14.092546424138749,11.323473345156748,1.140000000000000));
#5516=CARTESIAN_POINT('',(-14.092546424138757,10.962544410244636,1.140000000000000));
#5517=CARTESIAN_POINT('',(-14.092546424138753,10.551832173965341,1.140000000000000));
#5518=CARTESIAN_POINT('',(-14.092546424138760,9.919031098809088,1.140000000000000));
#5519=CARTESIAN_POINT('',(-14.092546424138753,9.040908977471199,1.140000000000000));
#5520=CARTESIAN_POINT('',(-14.092546424138760,7.483244792471204,1.140000000000000));
#5521=CARTESIAN_POINT('',(-14.092546424138742,5.436597958486824,1.140000000000000));
#5522=CARTESIAN_POINT('',(-14.092546424138774,3.389951124502451,1.140000000000000));
#5523=CARTESIAN_POINT('',(-14.092546424138741,1.832286939502449,1.140000000000000));
#5524=CARTESIAN_POINT('',(-14.092546424138760,0.954164818164557,1.140000000000000));
#5525=CARTESIAN_POINT('',(-14.092546424138742,0.321363743008307,1.140000000000000));
#5526=CARTESIAN_POINT('',(-14.092546424138758,-0.089348493270990,1.140000000000000));
#5527=CARTESIAN_POINT('',(-14.092546424138758,-0.450277428183100,1.140000000000000));
#5528=CARTESIAN_POINT('',(-14.092546424138748,-0.756444731591302,1.140000000000000));
#5529=CARTESIAN_POINT('',(-14.092546424138765,-1.002872073358880,1.140000000000000));
#5530=CARTESIAN_POINT('',(-14.092546424138748,-1.184581123349114,1.140000000000000));
#5531=CARTESIAN_POINT('',(-14.092546424138758,-1.296593551425288,1.140000000000000));
#5532=CARTESIAN_POINT('',(-14.092546424138749,-1.347483148378413,1.140000000000000));
#5533=CARTESIAN_POINT('',(-14.092546424138748,-1.360482121513181,1.140000000000000));
#5534=B_SPLINE_SURFACE_WITH_KNOTS('',3,1,((#5484,#5509),(#5485,#5510),(#5486,#5511),(#5487,#5512),(#5488,#5513),(#5489,#5514),(#5490,#5515),(#5491,#5516),(#5492,#5517),(#5493,#5518),(#5494,#5519),(#5495,#5520),(#5496,#5521),(#5497,#5522),(#5498,#5523),(#5499,#5524),(#5500,#5525),(#5501,#5526),(#5502,#5527),(#5503,#5528),(#5504,#5529),(#5505,#5530),(#5506,#5531),(#5507,#5532),(#5508,#5533)),.UNSPECIFIED.,.F.,.F.,.U.,(4,1,1,1,1,1,1,1,1,1,1,1,1,1,1,1,1,1,1,1,1,1,4),(2,2),(0.0,0.003899691940429,0.015266879085937,0.033603728422851,0.058412406937500,0.089195081616211,0.125453919445312,0.166691087411132,0.212408752500000,0.315294241992187,0.430127723812499,0.679708008000000,0.929288292187500,1.044121774007812,1.147007263500000,1.192724928588867,1.233962096554687,1.270220934383789,1.301003609062500,1.325812287577148,1.344149136914062,1.355516324059570,1.359416016000000),(0.0,0.114000000000000),.UNSPECIFIED.);
#5535=CARTESIAN_POINT('',(-14.092546424138748,-1.360482121513181,1.140000000000000));
#5536=VERTEX_POINT('',#5535);
#5537=CARTESIAN_POINT('',(-14.092546424138748,12.233678038486822,1.140000000000000));
#5538=VERTEX_POINT('',#5537);
#5539=CARTESIAN_POINT('',(-14.092546424138748,-1.360482121513181,1.140000000000000));
#5540=CARTESIAN_POINT('',(-14.092546424138749,-1.347483148378413,1.140000000000000));
#5541=CARTESIAN_POINT('',(-14.092546424138758,-1.296593551425288,1.140000000000000));
#5542=CARTESIAN_POINT('',(-14.092546424138748,-1.184581123349114,1.140000000000000));
#5543=CARTESIAN_POINT('',(-14.092546424138765,-1.002872073358880,1.140000000000000));
#5544=CARTESIAN_POINT('',(-14.092546424138748,-0.756444731591302,1.140000000000000));
#5545=CARTESIAN_POINT('',(-14.092546424138758,-0.450277428183100,1.140000000000000));
#5546=CARTESIAN_POINT('',(-14.092546424138758,-0.089348493270990,1.140000000000000));
#5547=CARTESIAN_POINT('',(-14.092546424138742,0.321363743008307,1.140000000000000));
#5548=CARTESIAN_POINT('',(-14.092546424138760,0.954164818164557,1.140000000000000));
#5549=CARTESIAN_POINT('',(-14.092546424138741,1.832286939502449,1.140000000000000));
#5550=CARTESIAN_POINT('',(-14.092546424138774,3.389951124502451,1.140000000000000));
#5551=CARTESIAN_POINT('',(-14.092546424138742,5.436597958486824,1.140000000000000));
#5552=CARTESIAN_POINT('',(-14.092546424138760,7.483244792471204,1.140000000000000));
#5553=CARTESIAN_POINT('',(-14.092546424138753,9.040908977471199,1.140000000000000));
#5554=CARTESIAN_POINT('',(-14.092546424138760,9.919031098809088,1.140000000000000));
#5555=CARTESIAN_POINT('',(-14.092546424138753,10.551832173965341,1.140000000000000));
#5556=CARTESIAN_POINT('',(-14.092546424138757,10.962544410244636,1.140000000000000));
#5557=CARTESIAN_POINT('',(-14.092546424138749,11.323473345156748,1.140000000000000));
#5558=CARTESIAN_POINT('',(-14.092546424138749,11.629640648564951,1.140000000000000));
#5559=CARTESIAN_POINT('',(-14.092546424138758,11.876067990332528,1.140000000000000));
#5560=CARTESIAN_POINT('',(-14.092546424138749,12.057777040322769,1.140000000000000));
#5561=CARTESIAN_POINT('',(-14.092546424138757,12.169789468398935,1.140000000000000));
#5562=CARTESIAN_POINT('',(-14.092546424138749,12.220679065352059,1.140000000000000));
#5563=CARTESIAN_POINT('',(-14.092546424138748,12.233678038486822,1.140000000000000));
#5564=B_SPLINE_CURVE_WITH_KNOTS('',3,(#5539,#5540,#5541,#5542,#5543,#5544,#5545,#5546,#5547,#5548,#5549,#5550,#5551,#5552,#5553,#5554,#5555,#5556,#5557,#5558,#5559,#5560,#5561,#5562,#5563),.UNSPECIFIED.,.F.,.U.,(4,1,1,1,1,1,1,1,1,1,1,1,1,1,1,1,1,1,1,1,1,1,4),(0.0,0.003899691940430,0.015266879085938,0.033603728422852,0.058412406937500,0.089195081616211,0.125453919445313,0.166691087411133,0.212408752500000,0.315294241992188,0.430127723812501,0.679708008000001,0.929288292187501,1.044121774007814,1.147007263500000,1.192724928588868,1.233962096554688,1.270220934383790,1.301003609062501,1.325812287577149,1.344149136914064,1.355516324059571,1.359416016000000),.UNSPECIFIED.);
#5565=EDGE_CURVE('',#5536,#5538,#5564,.T.);
#5566=ORIENTED_EDGE('',*,*,#5565,.T.);
#5567=CARTESIAN_POINT('',(-14.092546424138748,12.233678038486822,0.0));
#5568=VERTEX_POINT('',#5567);
#5569=CARTESIAN_POINT('',(-14.092546424138748,12.233678038486822,0.0));
#5570=DIRECTION('',(0.0,0.0,1.0));
#5571=VECTOR('',#5570,1.140000000000000);
#5572=LINE('',#5569,#5571);
#5573=EDGE_CURVE('',#5568,#5538,#5572,.T.);
#5574=ORIENTED_EDGE('',*,*,#5573,.F.);
#5575=CARTESIAN_POINT('',(-14.092546424138748,-1.360482121513181,0.0));
#5576=VERTEX_POINT('',#5575);
#5577=CARTESIAN_POINT('',(-14.092546424138748,12.233678038486822,0.0));
#5578=CARTESIAN_POINT('',(-14.092546424138749,12.220679065352059,0.0));
#5579=CARTESIAN_POINT('',(-14.092546424138757,12.169789468398935,0.0));
#5580=CARTESIAN_POINT('',(-14.092546424138749,12.057777040322769,0.0));
#5581=CARTESIAN_POINT('',(-14.092546424138758,11.876067990332528,0.0));
#5582=CARTESIAN_POINT('',(-14.092546424138749,11.629640648564951,0.0));
#5583=CARTESIAN_POINT('',(-14.092546424138749,11.323473345156748,0.0));
#5584=CARTESIAN_POINT('',(-14.092546424138757,10.962544410244636,0.0));
#5585=CARTESIAN_POINT('',(-14.092546424138753,10.551832173965341,0.0));
#5586=CARTESIAN_POINT('',(-14.092546424138760,9.919031098809088,0.0));
#5587=CARTESIAN_POINT('',(-14.092546424138753,9.040908977471199,0.0));
#5588=CARTESIAN_POINT('',(-14.092546424138760,7.483244792471204,0.0));
#5589=CARTESIAN_POINT('',(-14.092546424138742,5.436597958486824,0.0));
#5590=CARTESIAN_POINT('',(-14.092546424138774,3.389951124502451,0.0));
#5591=CARTESIAN_POINT('',(-14.092546424138741,1.832286939502449,0.0));
#5592=CARTESIAN_POINT('',(-14.092546424138760,0.954164818164557,0.0));
#5593=CARTESIAN_POINT('',(-14.092546424138742,0.321363743008307,0.0));
#5594=CARTESIAN_POINT('',(-14.092546424138758,-0.089348493270990,0.0));
#5595=CARTESIAN_POINT('',(-14.092546424138758,-0.450277428183100,0.0));
#5596=CARTESIAN_POINT('',(-14.092546424138748,-0.756444731591302,0.0));
#5597=CARTESIAN_POINT('',(-14.092546424138765,-1.002872073358880,0.0));
#5598=CARTESIAN_POINT('',(-14.092546424138748,-1.184581123349114,0.0));
#5599=CARTESIAN_POINT('',(-14.092546424138758,-1.296593551425288,0.0));
#5600=CARTESIAN_POINT('',(-14.092546424138749,-1.347483148378413,0.0));
#5601=CARTESIAN_POINT('',(-14.092546424138748,-1.360482121513181,0.0));
#5602=B_SPLINE_CURVE_WITH_KNOTS('',3,(#5577,#5578,#5579,#5580,#5581,#5582,#5583,#5584,#5585,#5586,#5587,#5588,#5589,#5590,#5591,#5592,#5593,#5594,#5595,#5596,#5597,#5598,#5599,#5600,#5601),.UNSPECIFIED.,.F.,.U.,(4,1,1,1,1,1,1,1,1,1,1,1,1,1,1,1,1,1,1,1,1,1,4),(0.0,0.003899691940429,0.015266879085937,0.033603728422851,0.058412406937500,0.089195081616211,0.125453919445312,0.166691087411132,0.212408752500000,0.315294241992187,0.430127723812499,0.679708008000000,0.929288292187500,1.044121774007812,1.147007263500000,1.192724928588867,1.233962096554687,1.270220934383789,1.301003609062500,1.325812287577148,1.344149136914062,1.355516324059570,1.359416016000000),.UNSPECIFIED.);
#5603=EDGE_CURVE('',#5568,#5576,#5602,.T.);
#5604=ORIENTED_EDGE('',*,*,#5603,.T.);
#5605=CARTESIAN_POINT('',(-14.092546424138748,-1.360482121513181,0.0));
#5606=DIRECTION('',(0.0,0.0,1.0));
#5607=VECTOR('',#5606,1.140000000000000);
#5608=LINE('',#5605,#5607);
#5609=EDGE_CURVE('',#5576,#5536,#5608,.T.);
#5610=ORIENTED_EDGE('',*,*,#5609,.T.);
#5611=EDGE_LOOP('',(#5566,#5574,#5604,#5610));
#5612=FACE_OUTER_BOUND('',#5611,.T.);
#5613=ADVANCED_FACE('',(#5612),#5534,.T.);
#5614=CARTESIAN_POINT('',(-12.950003624138747,-1.360482121513181,0.0));
#5615=CARTESIAN_POINT('',(-12.950003624138747,-1.347483148378414,0.0));
#5616=CARTESIAN_POINT('',(-12.950003624138747,-1.296593551425290,0.0));
#5617=CARTESIAN_POINT('',(-12.950003624138748,-1.184581123349117,0.0));
#5618=CARTESIAN_POINT('',(-12.950003624138745,-1.002872073358885,0.0));
#5619=CARTESIAN_POINT('',(-12.950003624138738,-0.756444731591305,0.0));
#5620=CARTESIAN_POINT('',(-12.950003624138741,-0.450277428183104,0.0));
#5621=CARTESIAN_POINT('',(-12.950003624138750,-0.089348493270994,0.0));
#5622=CARTESIAN_POINT('',(-12.950003624138748,0.321363743008304,0.0));
#5623=CARTESIAN_POINT('',(-12.950003624138747,0.954164818164551,0.0));
#5624=CARTESIAN_POINT('',(-12.950003624138741,1.832286939502443,0.0));
#5625=CARTESIAN_POINT('',(-12.950003624138734,3.389951124502442,0.0));
#5626=CARTESIAN_POINT('',(-12.950003624138748,5.436597958486815,0.0));
#5627=CARTESIAN_POINT('',(-12.950003624138745,7.483244792471188,0.0));
#5628=CARTESIAN_POINT('',(-12.950003624138732,9.040908977471190,0.0));
#5629=CARTESIAN_POINT('',(-12.950003624138748,9.919031098809079,0.0));
#5630=CARTESIAN_POINT('',(-12.950003624138738,10.551832173965337,0.0));
#5631=CARTESIAN_POINT('',(-12.950003624138745,10.962544410244632,0.0));
#5632=CARTESIAN_POINT('',(-12.950003624138745,11.323473345156740,0.0));
#5633=CARTESIAN_POINT('',(-12.950003624138745,11.629640648564944,0.0));
#5634=CARTESIAN_POINT('',(-12.950003624138750,11.876067990332523,0.0));
#5635=CARTESIAN_POINT('',(-12.950003624138738,12.057777040322755,0.0));
#5636=CARTESIAN_POINT('',(-12.950003624138747,12.169789468398928,0.0));
#5637=CARTESIAN_POINT('',(-12.950003624138745,12.220679065352053,0.0));
#5638=CARTESIAN_POINT('',(-12.950003624138747,12.233678038486822,0.0));
#5639=CARTESIAN_POINT('',(-12.950003624138747,-1.360482121513181,1.140000000000000));
#5640=CARTESIAN_POINT('',(-12.950003624138747,-1.347483148378414,1.140000000000000));
#5641=CARTESIAN_POINT('',(-12.950003624138747,-1.296593551425290,1.140000000000000));
#5642=CARTESIAN_POINT('',(-12.950003624138748,-1.184581123349117,1.140000000000000));
#5643=CARTESIAN_POINT('',(-12.950003624138745,-1.002872073358885,1.140000000000000));
#5644=CARTESIAN_POINT('',(-12.950003624138738,-0.756444731591305,1.140000000000000));
#5645=CARTESIAN_POINT('',(-12.950003624138741,-0.450277428183104,1.140000000000000));
#5646=CARTESIAN_POINT('',(-12.950003624138750,-0.089348493270994,1.140000000000000));
#5647=CARTESIAN_POINT('',(-12.950003624138748,0.321363743008304,1.140000000000000));
#5648=CARTESIAN_POINT('',(-12.950003624138747,0.954164818164551,1.140000000000000));
#5649=CARTESIAN_POINT('',(-12.950003624138741,1.832286939502443,1.140000000000000));
#5650=CARTESIAN_POINT('',(-12.950003624138734,3.389951124502442,1.140000000000000));
#5651=CARTESIAN_POINT('',(-12.950003624138748,5.436597958486815,1.140000000000000));
#5652=CARTESIAN_POINT('',(-12.950003624138745,7.483244792471188,1.140000000000000));
#5653=CARTESIAN_POINT('',(-12.950003624138732,9.040908977471190,1.140000000000000));
#5654=CARTESIAN_POINT('',(-12.950003624138748,9.919031098809079,1.140000000000000));
#5655=CARTESIAN_POINT('',(-12.950003624138738,10.551832173965337,1.140000000000000));
#5656=CARTESIAN_POINT('',(-12.950003624138745,10.962544410244632,1.140000000000000));
#5657=CARTESIAN_POINT('',(-12.950003624138745,11.323473345156740,1.140000000000000));
#5658=CARTESIAN_POINT('',(-12.950003624138745,11.629640648564944,1.140000000000000));
#5659=CARTESIAN_POINT('',(-12.950003624138750,11.876067990332523,1.140000000000000));
#5660=CARTESIAN_POINT('',(-12.950003624138738,12.057777040322755,1.140000000000000));
#5661=CARTESIAN_POINT('',(-12.950003624138747,12.169789468398928,1.140000000000000));
#5662=CARTESIAN_POINT('',(-12.950003624138745,12.220679065352053,1.140000000000000));
#5663=CARTESIAN_POINT('',(-12.950003624138747,12.233678038486822,1.140000000000000));
#5664=B_SPLINE_SURFACE_WITH_KNOTS('',3,1,((#5614,#5639),(#5615,#5640),(#5616,#5641),(#5617,#5642),(#5618,#5643),(#5619,#5644),(#5620,#5645),(#5621,#5646),(#5622,#5647),(#5623,#5648),(#5624,#5649),(#5625,#5650),(#5626,#5651),(#5627,#5652),(#5628,#5653),(#5629,#5654),(#5630,#5655),(#5631,#5656),(#5632,#5657),(#5633,#5658),(#5634,#5659),(#5635,#5660),(#5636,#5661),(#5637,#5662),(#5638,#5663)),.UNSPECIFIED.,.F.,.F.,.U.,(4,1,1,1,1,1,1,1,1,1,1,1,1,1,1,1,1,1,1,1,1,1,4),(2,2),(0.0,0.003899691940430,0.015266879085938,0.033603728422852,0.058412406937500,0.089195081616211,0.125453919445313,0.166691087411133,0.212408752500000,0.315294241992188,0.430127723812500,0.679708008000000,0.929288292187500,1.044121774007812,1.147007263500000,1.192724928588867,1.233962096554688,1.270220934383789,1.301003609062500,1.325812287577148,1.344149136914063,1.355516324059571,1.359416016000000),(0.0,0.114000000000000),.UNSPECIFIED.);
#5665=CARTESIAN_POINT('',(-12.950003624138747,12.233678038486822,1.140000000000000));
#5666=VERTEX_POINT('',#5665);
#5667=CARTESIAN_POINT('',(-12.950003624138747,-1.360482121513181,1.140000000000000));
#5668=VERTEX_POINT('',#5667);
#5669=CARTESIAN_POINT('',(-12.950003624138747,12.233678038486822,1.140000000000000));
#5670=CARTESIAN_POINT('',(-12.950003624138745,12.220679065352053,1.140000000000000));
#5671=CARTESIAN_POINT('',(-12.950003624138747,12.169789468398928,1.140000000000000));
#5672=CARTESIAN_POINT('',(-12.950003624138738,12.057777040322755,1.140000000000000));
#5673=CARTESIAN_POINT('',(-12.950003624138750,11.876067990332523,1.140000000000000));
#5674=CARTESIAN_POINT('',(-12.950003624138745,11.629640648564944,1.140000000000000));
#5675=CARTESIAN_POINT('',(-12.950003624138745,11.323473345156740,1.140000000000000));
#5676=CARTESIAN_POINT('',(-12.950003624138745,10.962544410244632,1.140000000000000));
#5677=CARTESIAN_POINT('',(-12.950003624138738,10.551832173965337,1.140000000000000));
#5678=CARTESIAN_POINT('',(-12.950003624138748,9.919031098809079,1.140000000000000));
#5679=CARTESIAN_POINT('',(-12.950003624138732,9.040908977471190,1.140000000000000));
#5680=CARTESIAN_POINT('',(-12.950003624138745,7.483244792471188,1.140000000000000));
#5681=CARTESIAN_POINT('',(-12.950003624138748,5.436597958486815,1.140000000000000));
#5682=CARTESIAN_POINT('',(-12.950003624138734,3.389951124502442,1.140000000000000));
#5683=CARTESIAN_POINT('',(-12.950003624138741,1.832286939502443,1.140000000000000));
#5684=CARTESIAN_POINT('',(-12.950003624138747,0.954164818164551,1.140000000000000));
#5685=CARTESIAN_POINT('',(-12.950003624138748,0.321363743008304,1.140000000000000));
#5686=CARTESIAN_POINT('',(-12.950003624138750,-0.089348493270994,1.140000000000000));
#5687=CARTESIAN_POINT('',(-12.950003624138741,-0.450277428183104,1.140000000000000));
#5688=CARTESIAN_POINT('',(-12.950003624138738,-0.756444731591305,1.140000000000000));
#5689=CARTESIAN_POINT('',(-12.950003624138745,-1.002872073358885,1.140000000000000));
#5690=CARTESIAN_POINT('',(-12.950003624138748,-1.184581123349117,1.140000000000000));
#5691=CARTESIAN_POINT('',(-12.950003624138747,-1.296593551425290,1.140000000000000));
#5692=CARTESIAN_POINT('',(-12.950003624138747,-1.347483148378414,1.140000000000000));
#5693=CARTESIAN_POINT('',(-12.950003624138747,-1.360482121513181,1.140000000000000));
#5694=B_SPLINE_CURVE_WITH_KNOTS('',3,(#5669,#5670,#5671,#5672,#5673,#5674,#5675,#5676,#5677,#5678,#5679,#5680,#5681,#5682,#5683,#5684,#5685,#5686,#5687,#5688,#5689,#5690,#5691,#5692,#5693),.UNSPECIFIED.,.F.,.U.,(4,1,1,1,1,1,1,1,1,1,1,1,1,1,1,1,1,1,1,1,1,1,4),(0.0,0.003899691940430,0.015266879085938,0.033603728422852,0.058412406937500,0.089195081616211,0.125453919445312,0.166691087411133,0.212408752500000,0.315294241992188,0.430127723812501,0.679708008000001,0.929288292187501,1.044121774007813,1.147007263500000,1.192724928588868,1.233962096554688,1.270220934383789,1.301003609062500,1.325812287577149,1.344149136914063,1.355516324059570,1.359416016000000),.UNSPECIFIED.);
#5695=EDGE_CURVE('',#5666,#5668,#5694,.T.);
#5696=ORIENTED_EDGE('',*,*,#5695,.T.);
#5697=CARTESIAN_POINT('',(-12.950003624138747,-1.360482121513181,0.0));
#5698=VERTEX_POINT('',#5697);
#5699=CARTESIAN_POINT('',(-12.950003624138747,-1.360482121513181,0.0));
#5700=DIRECTION('',(0.0,0.0,1.0));
#5701=VECTOR('',#5700,1.140000000000000);
#5702=LINE('',#5699,#5701);
#5703=EDGE_CURVE('',#5698,#5668,#5702,.T.);
#5704=ORIENTED_EDGE('',*,*,#5703,.F.);
#5705=CARTESIAN_POINT('',(-12.950003624138747,12.233678038486822,0.0));
#5706=VERTEX_POINT('',#5705);
#5707=CARTESIAN_POINT('',(-12.950003624138747,-1.360482121513181,0.0));
#5708=CARTESIAN_POINT('',(-12.950003624138747,-1.347483148378414,0.0));
#5709=CARTESIAN_POINT('',(-12.950003624138747,-1.296593551425290,0.0));
#5710=CARTESIAN_POINT('',(-12.950003624138748,-1.184581123349117,0.0));
#5711=CARTESIAN_POINT('',(-12.950003624138745,-1.002872073358885,0.0));
#5712=CARTESIAN_POINT('',(-12.950003624138738,-0.756444731591305,0.0));
#5713=CARTESIAN_POINT('',(-12.950003624138741,-0.450277428183104,0.0));
#5714=CARTESIAN_POINT('',(-12.950003624138750,-0.089348493270994,0.0));
#5715=CARTESIAN_POINT('',(-12.950003624138748,0.321363743008304,0.0));
#5716=CARTESIAN_POINT('',(-12.950003624138747,0.954164818164551,0.0));
#5717=CARTESIAN_POINT('',(-12.950003624138741,1.832286939502443,0.0));
#5718=CARTESIAN_POINT('',(-12.950003624138734,3.389951124502442,0.0));
#5719=CARTESIAN_POINT('',(-12.950003624138748,5.436597958486815,0.0));
#5720=CARTESIAN_POINT('',(-12.950003624138745,7.483244792471188,0.0));
#5721=CARTESIAN_POINT('',(-12.950003624138732,9.040908977471190,0.0));
#5722=CARTESIAN_POINT('',(-12.950003624138748,9.919031098809079,0.0));
#5723=CARTESIAN_POINT('',(-12.950003624138738,10.551832173965337,0.0));
#5724=CARTESIAN_POINT('',(-12.950003624138745,10.962544410244632,0.0));
#5725=CARTESIAN_POINT('',(-12.950003624138745,11.323473345156740,0.0));
#5726=CARTESIAN_POINT('',(-12.950003624138745,11.629640648564944,0.0));
#5727=CARTESIAN_POINT('',(-12.950003624138750,11.876067990332523,0.0));
#5728=CARTESIAN_POINT('',(-12.950003624138738,12.057777040322755,0.0));
#5729=CARTESIAN_POINT('',(-12.950003624138747,12.169789468398928,0.0));
#5730=CARTESIAN_POINT('',(-12.950003624138745,12.220679065352053,0.0));
#5731=CARTESIAN_POINT('',(-12.950003624138747,12.233678038486822,0.0));
#5732=B_SPLINE_CURVE_WITH_KNOTS('',3,(#5707,#5708,#5709,#5710,#5711,#5712,#5713,#5714,#5715,#5716,#5717,#5718,#5719,#5720,#5721,#5722,#5723,#5724,#5725,#5726,#5727,#5728,#5729,#5730,#5731),.UNSPECIFIED.,.F.,.U.,(4,1,1,1,1,1,1,1,1,1,1,1,1,1,1,1,1,1,1,1,1,1,4),(0.0,0.003899691940430,0.015266879085938,0.033603728422852,0.058412406937500,0.089195081616211,0.125453919445313,0.166691087411133,0.212408752500000,0.315294241992188,0.430127723812500,0.679708008000000,0.929288292187500,1.044121774007812,1.147007263500000,1.192724928588867,1.233962096554688,1.270220934383789,1.301003609062500,1.325812287577148,1.344149136914063,1.355516324059571,1.359416016000000),.UNSPECIFIED.);
#5733=EDGE_CURVE('',#5698,#5706,#5732,.T.);
#5734=ORIENTED_EDGE('',*,*,#5733,.T.);
#5735=CARTESIAN_POINT('',(-12.950003624138747,12.233678038486822,0.0));
#5736=DIRECTION('',(0.0,0.0,1.0));
#5737=VECTOR('',#5736,1.140000000000000);
#5738=LINE('',#5735,#5737);
#5739=EDGE_CURVE('',#5706,#5666,#5738,.T.);
#5740=ORIENTED_EDGE('',*,*,#5739,.T.);
#5741=EDGE_LOOP('',(#5696,#5704,#5734,#5740));
#5742=FACE_OUTER_BOUND('',#5741,.T.);
#5743=ADVANCED_FACE('',(#5742),#5664,.T.);
#5744=CARTESIAN_POINT('',(-13.198629134138748,12.730879078486820,0.0));
#5745=CARTESIAN_POINT('',(-13.199991479035793,12.730879078488069,0.0));
#5746=CARTESIAN_POINT('',(-13.205265072185643,12.730879078492910,0.0));
#5747=CARTESIAN_POINT('',(-13.216735137259917,12.730879078381070,0.0));
#5748=CARTESIAN_POINT('',(-13.235060873633353,12.730879079213002,0.0));
#5749=CARTESIAN_POINT('',(-13.259451240921663,12.730879074511257,0.0));
#5750=CARTESIAN_POINT('',(-13.289115207472296,12.730879097855095,0.0));
#5751=CARTESIAN_POINT('',(-13.336929086028647,12.730878948030826,0.0));
#5752=CARTESIAN_POINT('',(-13.433831802886536,12.730880979125951,0.0));
#5753=CARTESIAN_POINT('',(-13.547738227308033,12.730866356146542,0.0));
#5754=CARTESIAN_POINT('',(-13.660248645302753,12.730898915640827,0.0));
#5755=CARTESIAN_POINT('',(-13.724175841419433,12.730829549396621,0.0));
#5756=CARTESIAN_POINT('',(-13.768499391469838,12.730945922452639,0.0));
#5757=CARTESIAN_POINT('',(-13.794679136837678,12.730687278493765,0.0));
#5758=CARTESIAN_POINT('',(-13.815259791541052,12.731354669084986,0.0));
#5759=CARTESIAN_POINT('',(-13.828798984809310,12.729960130425441,0.0));
#5760=CARTESIAN_POINT('',(-13.836406130385551,12.731870601785854,0.0));
#5761=CARTESIAN_POINT('',(-13.840376939909785,12.729702470763815,0.0));
#5762=CARTESIAN_POINT('',(-13.841770620420736,12.722736481601801,0.0));
#5763=CARTESIAN_POINT('',(-13.848332283091471,12.712964127750277,0.0));
#5764=CARTESIAN_POINT('',(-13.855926929972062,12.696619136122431,0.0));
#5765=CARTESIAN_POINT('',(-13.866533374059687,12.676419593437952,0.0));
#5766=CARTESIAN_POINT('',(-13.884017372820388,12.641924458552968,0.0));
#5767=CARTESIAN_POINT('',(-13.909436804033223,12.592299468069598,0.0));
#5768=CARTESIAN_POINT('',(-13.954042399725452,12.504877925451893,0.0));
#5769=CARTESIAN_POINT('',(-13.999242080079327,12.416397117152197,0.0));
#5770=CARTESIAN_POINT('',(-14.037682093823207,12.341116797473568,0.0));
#5771=CARTESIAN_POINT('',(-14.056650204484363,12.303972489318992,0.0));
#5772=CARTESIAN_POINT('',(-14.068418014789518,12.280927914794413,0.0));
#5773=CARTESIAN_POINT('',(-14.078093788264045,12.261980170341440,0.0));
#5774=CARTESIAN_POINT('',(-14.085363690390622,12.247743753868916,0.0));
#5775=CARTESIAN_POINT('',(-14.089913917386824,12.238833191486098,0.0));
#5776=CARTESIAN_POINT('',(-14.092005975732725,12.234736381155546,0.0));
#5777=CARTESIAN_POINT('',(-14.092546424138748,12.233678038486822,0.0));
#5778=CARTESIAN_POINT('',(-13.198629134138748,12.730879078486820,1.140000000000000));
#5779=CARTESIAN_POINT('',(-13.199991479035793,12.730879078488069,1.140000000000000));
#5780=CARTESIAN_POINT('',(-13.205265072185643,12.730879078492910,1.140000000000000));
#5781=CARTESIAN_POINT('',(-13.216735137259917,12.730879078381070,1.140000000000000));
#5782=CARTESIAN_POINT('',(-13.235060873633353,12.730879079213002,1.140000000000000));
#5783=CARTESIAN_POINT('',(-13.259451240921663,12.730879074511257,1.140000000000000));
#5784=CARTESIAN_POINT('',(-13.289115207472296,12.730879097855095,1.140000000000000));
#5785=CARTESIAN_POINT('',(-13.336929086028647,12.730878948030826,1.140000000000000));
#5786=CARTESIAN_POINT('',(-13.433831802886536,12.730880979125951,1.140000000000000));
#5787=CARTESIAN_POINT('',(-13.547738227308033,12.730866356146542,1.140000000000000));
#5788=CARTESIAN_POINT('',(-13.660248645302753,12.730898915640827,1.140000000000000));
#5789=CARTESIAN_POINT('',(-13.724175841419433,12.730829549396621,1.140000000000000));
#5790=CARTESIAN_POINT('',(-13.768499391469838,12.730945922452639,1.140000000000000));
#5791=CARTESIAN_POINT('',(-13.794679136837678,12.730687278493765,1.140000000000000));
#5792=CARTESIAN_POINT('',(-13.815259791541052,12.731354669084986,1.140000000000000));
#5793=CARTESIAN_POINT('',(-13.828798984809310,12.729960130425441,1.140000000000000));
#5794=CARTESIAN_POINT('',(-13.836406130385551,12.731870601785854,1.140000000000000));
#5795=CARTESIAN_POINT('',(-13.840376939909785,12.729702470763815,1.140000000000000));
#5796=CARTESIAN_POINT('',(-13.841770620420736,12.722736481601801,1.140000000000000));
#5797=CARTESIAN_POINT('',(-13.848332283091471,12.712964127750277,1.140000000000000));
#5798=CARTESIAN_POINT('',(-13.855926929972062,12.696619136122431,1.140000000000000));
#5799=CARTESIAN_POINT('',(-13.866533374059687,12.676419593437952,1.140000000000000));
#5800=CARTESIAN_POINT('',(-13.884017372820388,12.641924458552968,1.140000000000000));
#5801=CARTESIAN_POINT('',(-13.909436804033223,12.592299468069598,1.140000000000000));
#5802=CARTESIAN_POINT('',(-13.954042399725452,12.504877925451893,1.140000000000000));
#5803=CARTESIAN_POINT('',(-13.999242080079327,12.416397117152197,1.140000000000000));
#5804=CARTESIAN_POINT('',(-14.037682093823207,12.341116797473568,1.140000000000000));
#5805=CARTESIAN_POINT('',(-14.056650204484363,12.303972489318992,1.140000000000000));
#5806=CARTESIAN_POINT('',(-14.068418014789518,12.280927914794413,1.140000000000000));
#5807=CARTESIAN_POINT('',(-14.078093788264045,12.261980170341440,1.140000000000000));
#5808=CARTESIAN_POINT('',(-14.085363690390622,12.247743753868916,1.140000000000000));
#5809=CARTESIAN_POINT('',(-14.089913917386824,12.238833191486098,1.140000000000000));
#5810=CARTESIAN_POINT('',(-14.092005975732725,12.234736381155546,1.140000000000000));
#5811=CARTESIAN_POINT('',(-14.092546424138748,12.233678038486822,1.140000000000000));
#5812=B_SPLINE_SURFACE_WITH_KNOTS('',3,1,((#5744,#5778),(#5745,#5779),(#5746,#5780),(#5747,#5781),(#5748,#5782),(#5749,#5783),(#5750,#5784),(#5751,#5785),(#5752,#5786),(#5753,#5787),(#5754,#5788),(#5755,#5789),(#5756,#5790),(#5757,#5791),(#5758,#5792),(#5759,#5793),(#5760,#5794),(#5761,#5795),(#5762,#5796),(#5763,#5797),(#5764,#5798),(#5765,#5799),(#5766,#5800),(#5767,#5801),(#5768,#5802),(#5769,#5803),(#5770,#5804),(#5771,#5805),(#5772,#5806),(#5773,#5807),(#5774,#5808),(#5775,#5809),(#5776,#5810),(#5777,#5811)),.UNSPECIFIED.,.F.,.F.,.U.,(4,1,1,1,1,1,1,1,1,1,1,1,1,1,1,1,1,1,1,1,1,1,1,1,1,1,1,1,1,1,1,4),(2,2),(0.0,0.000408703469031,0.001582077944640,0.003441019529593,0.005906424326659,0.008899188438606,0.012340207968200,0.020250597691406,0.037969870671385,0.046513091572448,0.054001593843749,0.057152565750159,0.059802546307433,0.061872431618339,0.063283117785643,0.063955500912115,0.064029638963689,0.064616146766010,0.065846663135587,0.067652187154500,0.069963717904826,0.072712254468647,0.079244341365093,0.086696440500474,0.102152646114599,0.109052737906619,0.112054277836147,0.114664812564129,0.116815341172642,0.118436862743766,0.119460376359583,0.119816881102170),(0.0,0.114000000000000),.UNSPECIFIED.);
#5813=CARTESIAN_POINT('',(-13.198629134138748,12.730879078486820,1.140000000000000));
#5814=VERTEX_POINT('',#5813);
#5815=CARTESIAN_POINT('',(-14.092546424138748,12.233678038486822,1.140000000000000));
#5816=CARTESIAN_POINT('',(-14.092005975732725,12.234736381155546,1.140000000000000));
#5817=CARTESIAN_POINT('',(-14.089913917386824,12.238833191486098,1.140000000000000));
#5818=CARTESIAN_POINT('',(-14.085363690390622,12.247743753868916,1.140000000000000));
#5819=CARTESIAN_POINT('',(-14.078093788264045,12.261980170341440,1.140000000000000));
#5820=CARTESIAN_POINT('',(-14.068418014789518,12.280927914794413,1.140000000000000));
#5821=CARTESIAN_POINT('',(-14.056650204484363,12.303972489318992,1.140000000000000));
#5822=CARTESIAN_POINT('',(-14.037682093823207,12.341116797473568,1.140000000000000));
#5823=CARTESIAN_POINT('',(-13.999242080079327,12.416397117152197,1.140000000000000));
#5824=CARTESIAN_POINT('',(-13.954042399725452,12.504877925451893,1.140000000000000));
#5825=CARTESIAN_POINT('',(-13.909436804033223,12.592299468069598,1.140000000000000));
#5826=CARTESIAN_POINT('',(-13.884017372820388,12.641924458552968,1.140000000000000));
#5827=CARTESIAN_POINT('',(-13.866533374059687,12.676419593437952,1.140000000000000));
#5828=CARTESIAN_POINT('',(-13.855926929972062,12.696619136122431,1.140000000000000));
#5829=CARTESIAN_POINT('',(-13.848332283091471,12.712964127750277,1.140000000000000));
#5830=CARTESIAN_POINT('',(-13.841770620420736,12.722736481601801,1.140000000000000));
#5831=CARTESIAN_POINT('',(-13.840376939909785,12.729702470763815,1.140000000000000));
#5832=CARTESIAN_POINT('',(-13.836406130385551,12.731870601785854,1.140000000000000));
#5833=CARTESIAN_POINT('',(-13.828798984809310,12.729960130425441,1.140000000000000));
#5834=CARTESIAN_POINT('',(-13.815259791541052,12.731354669084986,1.140000000000000));
#5835=CARTESIAN_POINT('',(-13.794679136837678,12.730687278493765,1.140000000000000));
#5836=CARTESIAN_POINT('',(-13.768499391469838,12.730945922452639,1.140000000000000));
#5837=CARTESIAN_POINT('',(-13.724175841419433,12.730829549396621,1.140000000000000));
#5838=CARTESIAN_POINT('',(-13.660248645302753,12.730898915640827,1.140000000000000));
#5839=CARTESIAN_POINT('',(-13.547738227308033,12.730866356146542,1.140000000000000));
#5840=CARTESIAN_POINT('',(-13.433831802886536,12.730880979125951,1.140000000000000));
#5841=CARTESIAN_POINT('',(-13.336929086028647,12.730878948030826,1.140000000000000));
#5842=CARTESIAN_POINT('',(-13.289115207472296,12.730879097855095,1.140000000000000));
#5843=CARTESIAN_POINT('',(-13.259451240921663,12.730879074511257,1.140000000000000));
#5844=CARTESIAN_POINT('',(-13.235060873633353,12.730879079213002,1.140000000000000));
#5845=CARTESIAN_POINT('',(-13.216735137259917,12.730879078381070,1.140000000000000));
#5846=CARTESIAN_POINT('',(-13.205265072185643,12.730879078492910,1.140000000000000));
#5847=CARTESIAN_POINT('',(-13.199991479035793,12.730879078488069,1.140000000000000));
#5848=CARTESIAN_POINT('',(-13.198629134138748,12.730879078486820,1.140000000000000));
#5849=B_SPLINE_CURVE_WITH_KNOTS('',3,(#5815,#5816,#5817,#5818,#5819,#5820,#5821,#5822,#5823,#5824,#5825,#5826,#5827,#5828,#5829,#5830,#5831,#5832,#5833,#5834,#5835,#5836,#5837,#5838,#5839,#5840,#5841,#5842,#5843,#5844,#5845,#5846,#5847,#5848),.UNSPECIFIED.,.F.,.U.,(4,1,1,1,1,1,1,1,1,1,1,1,1,1,1,1,1,1,1,1,1,1,1,1,1,1,1,1,1,1,1,4),(0.0,0.000356504742587,0.001380018358404,0.003001539929528,0.005152068538041,0.007762603266023,0.010764143195551,0.017664234987571,0.033120440601696,0.040572539737077,0.047104626633523,0.049853163197344,0.052164693947670,0.053970217966583,0.055200734336159,0.055787242138481,0.055861380190054,0.056533763316527,0.057944449483831,0.060014334794737,0.062664315352011,0.065815287258420,0.073303789529722,0.081847010430784,0.099566283410764,0.107476673133970,0.110917692663564,0.113910456775510,0.116375861572577,0.118234803157530,0.119408177633138,0.119816881102170),.UNSPECIFIED.);
#5850=EDGE_CURVE('',#5538,#5814,#5849,.T.);
#5851=ORIENTED_EDGE('',*,*,#5850,.T.);
#5852=CARTESIAN_POINT('',(-13.198629134138748,12.730879078486820,0.0));
#5853=VERTEX_POINT('',#5852);
#5854=CARTESIAN_POINT('',(-13.198629134138748,12.730879078486820,0.0));
#5855=DIRECTION('',(0.0,0.0,1.0));
#5856=VECTOR('',#5855,1.140000000000000);
#5857=LINE('',#5854,#5856);
#5858=EDGE_CURVE('',#5853,#5814,#5857,.T.);
#5859=ORIENTED_EDGE('',*,*,#5858,.F.);
#5860=CARTESIAN_POINT('',(-13.198629134138748,12.730879078486820,0.0));
#5861=CARTESIAN_POINT('',(-13.199991479035793,12.730879078488069,0.0));
#5862=CARTESIAN_POINT('',(-13.205265072185643,12.730879078492910,0.0));
#5863=CARTESIAN_POINT('',(-13.216735137259917,12.730879078381070,0.0));
#5864=CARTESIAN_POINT('',(-13.235060873633353,12.730879079213002,0.0));
#5865=CARTESIAN_POINT('',(-13.259451240921663,12.730879074511257,0.0));
#5866=CARTESIAN_POINT('',(-13.289115207472296,12.730879097855095,0.0));
#5867=CARTESIAN_POINT('',(-13.336929086028647,12.730878948030826,0.0));
#5868=CARTESIAN_POINT('',(-13.433831802886536,12.730880979125951,0.0));
#5869=CARTESIAN_POINT('',(-13.547738227308033,12.730866356146542,0.0));
#5870=CARTESIAN_POINT('',(-13.660248645302753,12.730898915640827,0.0));
#5871=CARTESIAN_POINT('',(-13.724175841419433,12.730829549396621,0.0));
#5872=CARTESIAN_POINT('',(-13.768499391469838,12.730945922452639,0.0));
#5873=CARTESIAN_POINT('',(-13.794679136837678,12.730687278493765,0.0));
#5874=CARTESIAN_POINT('',(-13.815259791541052,12.731354669084986,0.0));
#5875=CARTESIAN_POINT('',(-13.828798984809310,12.729960130425441,0.0));
#5876=CARTESIAN_POINT('',(-13.836406130385551,12.731870601785854,0.0));
#5877=CARTESIAN_POINT('',(-13.840376939909785,12.729702470763815,0.0));
#5878=CARTESIAN_POINT('',(-13.841770620420736,12.722736481601801,0.0));
#5879=CARTESIAN_POINT('',(-13.848332283091471,12.712964127750277,0.0));
#5880=CARTESIAN_POINT('',(-13.855926929972062,12.696619136122431,0.0));
#5881=CARTESIAN_POINT('',(-13.866533374059687,12.676419593437952,0.0));
#5882=CARTESIAN_POINT('',(-13.884017372820388,12.641924458552968,0.0));
#5883=CARTESIAN_POINT('',(-13.909436804033223,12.592299468069598,0.0));
#5884=CARTESIAN_POINT('',(-13.954042399725452,12.504877925451893,0.0));
#5885=CARTESIAN_POINT('',(-13.999242080079327,12.416397117152197,0.0));
#5886=CARTESIAN_POINT('',(-14.037682093823207,12.341116797473568,0.0));
#5887=CARTESIAN_POINT('',(-14.056650204484363,12.303972489318992,0.0));
#5888=CARTESIAN_POINT('',(-14.068418014789518,12.280927914794413,0.0));
#5889=CARTESIAN_POINT('',(-14.078093788264045,12.261980170341440,0.0));
#5890=CARTESIAN_POINT('',(-14.085363690390622,12.247743753868916,0.0));
#5891=CARTESIAN_POINT('',(-14.089913917386824,12.238833191486098,0.0));
#5892=CARTESIAN_POINT('',(-14.092005975732725,12.234736381155546,0.0));
#5893=CARTESIAN_POINT('',(-14.092546424138748,12.233678038486822,0.0));
#5894=B_SPLINE_CURVE_WITH_KNOTS('',3,(#5860,#5861,#5862,#5863,#5864,#5865,#5866,#5867,#5868,#5869,#5870,#5871,#5872,#5873,#5874,#5875,#5876,#5877,#5878,#5879,#5880,#5881,#5882,#5883,#5884,#5885,#5886,#5887,#5888,#5889,#5890,#5891,#5892,#5893),.UNSPECIFIED.,.F.,.U.,(4,1,1,1,1,1,1,1,1,1,1,1,1,1,1,1,1,1,1,1,1,1,1,1,1,1,1,1,1,1,1,4),(0.0,0.000408703469031,0.001582077944640,0.003441019529593,0.005906424326659,0.008899188438606,0.012340207968200,0.020250597691406,0.037969870671385,0.046513091572448,0.054001593843749,0.057152565750159,0.059802546307433,0.061872431618339,0.063283117785643,0.063955500912115,0.064029638963689,0.064616146766010,0.065846663135587,0.067652187154500,0.069963717904826,0.072712254468647,0.079244341365093,0.086696440500474,0.102152646114599,0.109052737906619,0.112054277836147,0.114664812564129,0.116815341172642,0.118436862743766,0.119460376359583,0.119816881102170),.UNSPECIFIED.);
#5895=EDGE_CURVE('',#5853,#5568,#5894,.T.);
#5896=ORIENTED_EDGE('',*,*,#5895,.T.);
#5897=ORIENTED_EDGE('',*,*,#5573,.T.);
#5898=EDGE_LOOP('',(#5851,#5859,#5896,#5897));
#5899=FACE_OUTER_BOUND('',#5898,.T.);
#5900=ADVANCED_FACE('',(#5899),#5812,.T.);
#5901=CARTESIAN_POINT('',(-12.950003624138747,12.233678038486822,0.0));
#5902=CARTESIAN_POINT('',(-12.950241364189402,12.234153470796389,0.0));
#5903=CARTESIAN_POINT('',(-12.951172091196245,12.236014737710457,0.0));
#5904=CARTESIAN_POINT('',(-12.953220702271064,12.240111548037607,0.0));
#5905=CARTESIAN_POINT('',(-12.956544004681355,12.246757484790528,0.0));
#5906=CARTESIAN_POINT('',(-12.961050949045969,12.255770467510258,0.0));
#5907=CARTESIAN_POINT('',(-12.966650485983845,12.266968415737802,0.0));
#5908=CARTESIAN_POINT('',(-12.973251566113845,12.280169249014163,0.0));
#5909=CARTESIAN_POINT('',(-12.980763140054886,12.295190886880381,0.0));
#5910=CARTESIAN_POINT('',(-12.992336528052931,12.318335336333499,0.0));
#5911=CARTESIAN_POINT('',(-13.008396627219813,12.350452306182135,0.0));
#5912=CARTESIAN_POINT('',(-13.036884966907296,12.407423258682137,0.0));
#5913=CARTESIAN_POINT('',(-13.074316379138743,12.482278558486826,0.0));
#5914=CARTESIAN_POINT('',(-13.111747791370183,12.557133858291509,0.0));
#5915=CARTESIAN_POINT('',(-13.140236131057696,12.614104810791510,0.0));
#5916=CARTESIAN_POINT('',(-13.156296230224561,12.646221780640145,0.0));
#5917=CARTESIAN_POINT('',(-13.167869618222607,12.669366230093262,0.0));
#5918=CARTESIAN_POINT('',(-13.175381192163655,12.684387867959474,0.0));
#5919=CARTESIAN_POINT('',(-13.181982272293652,12.697588701235844,0.0));
#5920=CARTESIAN_POINT('',(-13.187581809231519,12.708786649463386,0.0));
#5921=CARTESIAN_POINT('',(-13.192088753596149,12.717799632183109,0.0));
#5922=CARTESIAN_POINT('',(-13.195412056006418,12.724445568936048,0.0));
#5923=CARTESIAN_POINT('',(-13.197460667081257,12.728542379263192,0.0));
#5924=CARTESIAN_POINT('',(-13.198391394088089,12.730403646177251,0.0));
#5925=CARTESIAN_POINT('',(-13.198629134138748,12.730879078486820,0.0));
#5926=CARTESIAN_POINT('',(-12.950003624138747,12.233678038486822,1.140000000000000));
#5927=CARTESIAN_POINT('',(-12.950241364189402,12.234153470796389,1.140000000000000));
#5928=CARTESIAN_POINT('',(-12.951172091196245,12.236014737710457,1.140000000000000));
#5929=CARTESIAN_POINT('',(-12.953220702271064,12.240111548037607,1.140000000000000));
#5930=CARTESIAN_POINT('',(-12.956544004681355,12.246757484790528,1.140000000000000));
#5931=CARTESIAN_POINT('',(-12.961050949045969,12.255770467510258,1.140000000000000));
#5932=CARTESIAN_POINT('',(-12.966650485983845,12.266968415737802,1.140000000000000));
#5933=CARTESIAN_POINT('',(-12.973251566113845,12.280169249014163,1.140000000000000));
#5934=CARTESIAN_POINT('',(-12.980763140054886,12.295190886880381,1.140000000000000));
#5935=CARTESIAN_POINT('',(-12.992336528052931,12.318335336333499,1.140000000000000));
#5936=CARTESIAN_POINT('',(-13.008396627219813,12.350452306182135,1.140000000000000));
#5937=CARTESIAN_POINT('',(-13.036884966907296,12.407423258682137,1.140000000000000));
#5938=CARTESIAN_POINT('',(-13.074316379138743,12.482278558486826,1.140000000000000));
#5939=CARTESIAN_POINT('',(-13.111747791370183,12.557133858291509,1.140000000000000));
#5940=CARTESIAN_POINT('',(-13.140236131057696,12.614104810791510,1.140000000000000));
#5941=CARTESIAN_POINT('',(-13.156296230224561,12.646221780640145,1.140000000000000));
#5942=CARTESIAN_POINT('',(-13.167869618222607,12.669366230093262,1.140000000000000));
#5943=CARTESIAN_POINT('',(-13.175381192163655,12.684387867959474,1.140000000000000));
#5944=CARTESIAN_POINT('',(-13.181982272293652,12.697588701235844,1.140000000000000));
#5945=CARTESIAN_POINT('',(-13.187581809231519,12.708786649463386,1.140000000000000));
#5946=CARTESIAN_POINT('',(-13.192088753596149,12.717799632183109,1.140000000000000));
#5947=CARTESIAN_POINT('',(-13.195412056006418,12.724445568936048,1.140000000000000));
#5948=CARTESIAN_POINT('',(-13.197460667081257,12.728542379263192,1.140000000000000));
#5949=CARTESIAN_POINT('',(-13.198391394088089,12.730403646177251,1.140000000000000));
#5950=CARTESIAN_POINT('',(-13.198629134138748,12.730879078486820,1.140000000000000));
#5951=B_SPLINE_SURFACE_WITH_KNOTS('',3,1,((#5901,#5926),(#5902,#5927),(#5903,#5928),(#5904,#5929),(#5905,#5930),(#5906,#5931),(#5907,#5932),(#5908,#5933),(#5909,#5934),(#5910,#5935),(#5911,#5936),(#5912,#5937),(#5913,#5938),(#5914,#5939),(#5915,#5940),(#5916,#5941),(#5917,#5942),(#5918,#5943),(#5919,#5944),(#5920,#5945),(#5921,#5946),(#5922,#5947),(#5923,#5948),(#5924,#5949),(#5925,#5950)),.UNSPECIFIED.,.F.,.F.,.U.,(4,1,1,1,1,1,1,1,1,1,1,1,1,1,1,1,1,1,1,1,1,1,4),(2,2),(0.0,0.000159468050532,0.000624300453146,0.001374139584368,0.002388627820730,0.003647407538757,0.005130121114977,0.006816410925917,0.008685919348108,0.012893161532348,0.017588986679919,0.027794941913945,0.038000897147972,0.042696722295543,0.046903964479784,0.048773472901973,0.050459762712915,0.051942476289135,0.053201256007161,0.054215744243522,0.054965583374747,0.055430415777360,0.055589883827891),(0.0,0.114000000000000),.UNSPECIFIED.);
#5952=CARTESIAN_POINT('',(-13.198629134138748,12.730879078486820,1.140000000000000));
#5953=CARTESIAN_POINT('',(-13.198391394088089,12.730403646177251,1.140000000000000));
#5954=CARTESIAN_POINT('',(-13.197460667081257,12.728542379263192,1.140000000000000));
#5955=CARTESIAN_POINT('',(-13.195412056006418,12.724445568936048,1.140000000000000));
#5956=CARTESIAN_POINT('',(-13.192088753596149,12.717799632183109,1.140000000000000));
#5957=CARTESIAN_POINT('',(-13.187581809231519,12.708786649463386,1.140000000000000));
#5958=CARTESIAN_POINT('',(-13.181982272293652,12.697588701235844,1.140000000000000));
#5959=CARTESIAN_POINT('',(-13.175381192163655,12.684387867959474,1.140000000000000));
#5960=CARTESIAN_POINT('',(-13.167869618222607,12.669366230093262,1.140000000000000));
#5961=CARTESIAN_POINT('',(-13.156296230224561,12.646221780640145,1.140000000000000));
#5962=CARTESIAN_POINT('',(-13.140236131057696,12.614104810791510,1.140000000000000));
#5963=CARTESIAN_POINT('',(-13.111747791370183,12.557133858291509,1.140000000000000));
#5964=CARTESIAN_POINT('',(-13.074316379138743,12.482278558486826,1.140000000000000));
#5965=CARTESIAN_POINT('',(-13.036884966907296,12.407423258682137,1.140000000000000));
#5966=CARTESIAN_POINT('',(-13.008396627219813,12.350452306182135,1.140000000000000));
#5967=CARTESIAN_POINT('',(-12.992336528052931,12.318335336333499,1.140000000000000));
#5968=CARTESIAN_POINT('',(-12.980763140054886,12.295190886880381,1.140000000000000));
#5969=CARTESIAN_POINT('',(-12.973251566113845,12.280169249014163,1.140000000000000));
#5970=CARTESIAN_POINT('',(-12.966650485983845,12.266968415737802,1.140000000000000));
#5971=CARTESIAN_POINT('',(-12.961050949045969,12.255770467510258,1.140000000000000));
#5972=CARTESIAN_POINT('',(-12.956544004681355,12.246757484790528,1.140000000000000));
#5973=CARTESIAN_POINT('',(-12.953220702271064,12.240111548037607,1.140000000000000));
#5974=CARTESIAN_POINT('',(-12.951172091196245,12.236014737710457,1.140000000000000));
#5975=CARTESIAN_POINT('',(-12.950241364189402,12.234153470796389,1.140000000000000));
#5976=CARTESIAN_POINT('',(-12.950003624138747,12.233678038486822,1.140000000000000));
#5977=B_SPLINE_CURVE_WITH_KNOTS('',3,(#5952,#5953,#5954,#5955,#5956,#5957,#5958,#5959,#5960,#5961,#5962,#5963,#5964,#5965,#5966,#5967,#5968,#5969,#5970,#5971,#5972,#5973,#5974,#5975,#5976),.UNSPECIFIED.,.F.,.U.,(4,1,1,1,1,1,1,1,1,1,1,1,1,1,1,1,1,1,1,1,1,1,4),(0.0,0.000159468050531,0.000624300453144,0.001374139584369,0.002388627820730,0.003647407538756,0.005130121114976,0.006816410925918,0.008685919348107,0.012893161532348,0.017588986679919,0.027794941913946,0.038000897147972,0.042696722295543,0.046903964479783,0.048773472901974,0.050459762712914,0.051942476289134,0.053201256007161,0.054215744243523,0.054965583374746,0.055430415777359,0.055589883827891),.UNSPECIFIED.);
#5978=EDGE_CURVE('',#5814,#5666,#5977,.T.);
#5979=ORIENTED_EDGE('',*,*,#5978,.T.);
#5980=ORIENTED_EDGE('',*,*,#5739,.F.);
#5981=CARTESIAN_POINT('',(-12.950003624138747,12.233678038486822,0.0));
#5982=CARTESIAN_POINT('',(-12.950241364189402,12.234153470796389,0.0));
#5983=CARTESIAN_POINT('',(-12.951172091196245,12.236014737710457,0.0));
#5984=CARTESIAN_POINT('',(-12.953220702271064,12.240111548037607,0.0));
#5985=CARTESIAN_POINT('',(-12.956544004681355,12.246757484790528,0.0));
#5986=CARTESIAN_POINT('',(-12.961050949045969,12.255770467510258,0.0));
#5987=CARTESIAN_POINT('',(-12.966650485983845,12.266968415737802,0.0));
#5988=CARTESIAN_POINT('',(-12.973251566113845,12.280169249014163,0.0));
#5989=CARTESIAN_POINT('',(-12.980763140054886,12.295190886880381,0.0));
#5990=CARTESIAN_POINT('',(-12.992336528052931,12.318335336333499,0.0));
#5991=CARTESIAN_POINT('',(-13.008396627219813,12.350452306182135,0.0));
#5992=CARTESIAN_POINT('',(-13.036884966907296,12.407423258682137,0.0));
#5993=CARTESIAN_POINT('',(-13.074316379138743,12.482278558486826,0.0));
#5994=CARTESIAN_POINT('',(-13.111747791370183,12.557133858291509,0.0));
#5995=CARTESIAN_POINT('',(-13.140236131057696,12.614104810791510,0.0));
#5996=CARTESIAN_POINT('',(-13.156296230224561,12.646221780640145,0.0));
#5997=CARTESIAN_POINT('',(-13.167869618222607,12.669366230093262,0.0));
#5998=CARTESIAN_POINT('',(-13.175381192163655,12.684387867959474,0.0));
#5999=CARTESIAN_POINT('',(-13.181982272293652,12.697588701235844,0.0));
#6000=CARTESIAN_POINT('',(-13.187581809231519,12.708786649463386,0.0));
#6001=CARTESIAN_POINT('',(-13.192088753596149,12.717799632183109,0.0));
#6002=CARTESIAN_POINT('',(-13.195412056006418,12.724445568936048,0.0));
#6003=CARTESIAN_POINT('',(-13.197460667081257,12.728542379263192,0.0));
#6004=CARTESIAN_POINT('',(-13.198391394088089,12.730403646177251,0.0));
#6005=CARTESIAN_POINT('',(-13.198629134138748,12.730879078486820,0.0));
#6006=B_SPLINE_CURVE_WITH_KNOTS('',3,(#5981,#5982,#5983,#5984,#5985,#5986,#5987,#5988,#5989,#5990,#5991,#5992,#5993,#5994,#5995,#5996,#5997,#5998,#5999,#6000,#6001,#6002,#6003,#6004,#6005),.UNSPECIFIED.,.F.,.U.,(4,1,1,1,1,1,1,1,1,1,1,1,1,1,1,1,1,1,1,1,1,1,4),(0.0,0.000159468050532,0.000624300453146,0.001374139584368,0.002388627820730,0.003647407538757,0.005130121114977,0.006816410925917,0.008685919348108,0.012893161532348,0.017588986679919,0.027794941913945,0.038000897147972,0.042696722295543,0.046903964479784,0.048773472901973,0.050459762712915,0.051942476289135,0.053201256007161,0.054215744243522,0.054965583374747,0.055430415777360,0.055589883827891),.UNSPECIFIED.);
#6007=EDGE_CURVE('',#5706,#5853,#6006,.T.);
#6008=ORIENTED_EDGE('',*,*,#6007,.T.);
#6009=ORIENTED_EDGE('',*,*,#5858,.T.);
#6010=EDGE_LOOP('',(#5979,#5980,#6008,#6009));
#6011=FACE_OUTER_BOUND('',#6010,.T.);
#6012=ADVANCED_FACE('',(#6011),#5951,.T.);
#6013=CARTESIAN_POINT('',(-14.092546424138748,-1.360482121513181,0.0));
#6014=CARTESIAN_POINT('',(-14.092303642058667,-1.360962619748044,0.0));
#6015=CARTESIAN_POINT('',(-14.091353176043027,-1.362843719220694,0.0));
#6016=CARTESIAN_POINT('',(-14.089261117693441,-1.366984182733889,0.0));
#6017=CARTESIAN_POINT('',(-14.085867334148499,-1.373700934655267,0.0));
#6018=CARTESIAN_POINT('',(-14.081264805779373,-1.382809954384275,0.0));
#6019=CARTESIAN_POINT('',(-14.075546512957100,-1.394127221320312,0.0));
#6020=CARTESIAN_POINT('',(-14.068805436052795,-1.407468714862785,0.0));
#6021=CARTESIAN_POINT('',(-14.061134555437572,-1.422650414411133,0.0));
#6022=CARTESIAN_POINT('',(-14.049315717156315,-1.446041477418938,0.0));
#6023=CARTESIAN_POINT('',(-14.032915012810619,-1.478500666688965,0.0));
#6024=CARTESIAN_POINT('',(-14.003822487810620,-1.536078667938959,0.0));
#6025=CARTESIAN_POINT('',(-13.965597224138735,-1.611731581513179,0.0));
#6026=CARTESIAN_POINT('',(-13.927371960466861,-1.687384495087399,0.0));
#6027=CARTESIAN_POINT('',(-13.898279435466868,-1.744962496337398,0.0));
#6028=CARTESIAN_POINT('',(-13.881878731121160,-1.777421685607416,0.0));
#6029=CARTESIAN_POINT('',(-13.870059892839919,-1.800812748615233,0.0));
#6030=CARTESIAN_POINT('',(-13.862389012224680,-1.815994448163569,0.0));
#6031=CARTESIAN_POINT('',(-13.855647935320384,-1.829335941706051,0.0));
#6032=CARTESIAN_POINT('',(-13.849929642498122,-1.840653208642087,0.0));
#6033=CARTESIAN_POINT('',(-13.845327114128983,-1.849762228371090,0.0));
#6034=CARTESIAN_POINT('',(-13.841933330584052,-1.856478980292473,0.0));
#6035=CARTESIAN_POINT('',(-13.839841272234450,-1.860619443805660,0.0));
#6036=CARTESIAN_POINT('',(-13.838890806218828,-1.862500543278316,0.0));
#6037=CARTESIAN_POINT('',(-13.838648024138749,-1.862981041513180,0.0));
#6038=CARTESIAN_POINT('',(-14.092546424138748,-1.360482121513181,1.140000000000000));
#6039=CARTESIAN_POINT('',(-14.092303642058667,-1.360962619748044,1.140000000000000));
#6040=CARTESIAN_POINT('',(-14.091353176043027,-1.362843719220694,1.140000000000000));
#6041=CARTESIAN_POINT('',(-14.089261117693441,-1.366984182733889,1.140000000000000));
#6042=CARTESIAN_POINT('',(-14.085867334148499,-1.373700934655267,1.140000000000000));
#6043=CARTESIAN_POINT('',(-14.081264805779373,-1.382809954384275,1.140000000000000));
#6044=CARTESIAN_POINT('',(-14.075546512957100,-1.394127221320312,1.140000000000000));
#6045=CARTESIAN_POINT('',(-14.068805436052795,-1.407468714862785,1.140000000000000));
#6046=CARTESIAN_POINT('',(-14.061134555437572,-1.422650414411133,1.140000000000000));
#6047=CARTESIAN_POINT('',(-14.049315717156315,-1.446041477418938,1.140000000000000));
#6048=CARTESIAN_POINT('',(-14.032915012810619,-1.478500666688965,1.140000000000000));
#6049=CARTESIAN_POINT('',(-14.003822487810620,-1.536078667938959,1.140000000000000));
#6050=CARTESIAN_POINT('',(-13.965597224138735,-1.611731581513179,1.140000000000000));
#6051=CARTESIAN_POINT('',(-13.927371960466861,-1.687384495087399,1.140000000000000));
#6052=CARTESIAN_POINT('',(-13.898279435466868,-1.744962496337398,1.140000000000000));
#6053=CARTESIAN_POINT('',(-13.881878731121160,-1.777421685607416,1.140000000000000));
#6054=CARTESIAN_POINT('',(-13.870059892839919,-1.800812748615233,1.140000000000000));
#6055=CARTESIAN_POINT('',(-13.862389012224680,-1.815994448163569,1.140000000000000));
#6056=CARTESIAN_POINT('',(-13.855647935320384,-1.829335941706051,1.140000000000000));
#6057=CARTESIAN_POINT('',(-13.849929642498122,-1.840653208642087,1.140000000000000));
#6058=CARTESIAN_POINT('',(-13.845327114128983,-1.849762228371090,1.140000000000000));
#6059=CARTESIAN_POINT('',(-13.841933330584052,-1.856478980292473,1.140000000000000));
#6060=CARTESIAN_POINT('',(-13.839841272234450,-1.860619443805660,1.140000000000000));
#6061=CARTESIAN_POINT('',(-13.838890806218828,-1.862500543278316,1.140000000000000));
#6062=CARTESIAN_POINT('',(-13.838648024138749,-1.862981041513180,1.140000000000000));
#6063=B_SPLINE_SURFACE_WITH_KNOTS('',3,1,((#6013,#6038),(#6014,#6039),(#6015,#6040),(#6016,#6041),(#6017,#6042),(#6018,#6043),(#6019,#6044),(#6020,#6045),(#6021,#6046),(#6022,#6047),(#6023,#6048),(#6024,#6049),(#6025,#6050),(#6026,#6051),(#6027,#6052),(#6028,#6053),(#6029,#6054),(#6030,#6055),(#6031,#6056),(#6032,#6057),(#6033,#6058),(#6034,#6059),(#6035,#6060),(#6036,#6061),(#6037,#6062)),.UNSPECIFIED.,.F.,.F.,.U.,(4,1,1,1,1,1,1,1,1,1,1,1,1,1,1,1,1,1,1,1,1,1,4),(2,2),(0.0,0.000161505270163,0.000632275951274,0.001391694349272,0.002419142770093,0.003694003519673,0.005195658903949,0.006903491228858,0.008796882800337,0.013057872906750,0.017813687670683,0.028150024961078,0.038486362251474,0.043242177015406,0.047503167121819,0.049396558693298,0.051104391018207,0.052606046402483,0.053880907152063,0.054908355572884,0.055667773970882,0.056138544651993,0.056300049922156),(0.0,0.114000000000000),.UNSPECIFIED.);
#6064=CARTESIAN_POINT('',(-13.838648024138749,-1.862981041513180,1.140000000000000));
#6065=VERTEX_POINT('',#6064);
#6066=CARTESIAN_POINT('',(-13.838648024138749,-1.862981041513180,1.140000000000000));
#6067=CARTESIAN_POINT('',(-13.838890806218828,-1.862500543278316,1.140000000000000));
#6068=CARTESIAN_POINT('',(-13.839841272234450,-1.860619443805660,1.140000000000000));
#6069=CARTESIAN_POINT('',(-13.841933330584052,-1.856478980292473,1.140000000000000));
#6070=CARTESIAN_POINT('',(-13.845327114128983,-1.849762228371090,1.140000000000000));
#6071=CARTESIAN_POINT('',(-13.849929642498122,-1.840653208642087,1.140000000000000));
#6072=CARTESIAN_POINT('',(-13.855647935320384,-1.829335941706051,1.140000000000000));
#6073=CARTESIAN_POINT('',(-13.862389012224680,-1.815994448163569,1.140000000000000));
#6074=CARTESIAN_POINT('',(-13.870059892839919,-1.800812748615233,1.140000000000000));
#6075=CARTESIAN_POINT('',(-13.881878731121160,-1.777421685607416,1.140000000000000));
#6076=CARTESIAN_POINT('',(-13.898279435466868,-1.744962496337398,1.140000000000000));
#6077=CARTESIAN_POINT('',(-13.927371960466861,-1.687384495087399,1.140000000000000));
#6078=CARTESIAN_POINT('',(-13.965597224138735,-1.611731581513179,1.140000000000000));
#6079=CARTESIAN_POINT('',(-14.003822487810620,-1.536078667938959,1.140000000000000));
#6080=CARTESIAN_POINT('',(-14.032915012810619,-1.478500666688965,1.140000000000000));
#6081=CARTESIAN_POINT('',(-14.049315717156315,-1.446041477418938,1.140000000000000));
#6082=CARTESIAN_POINT('',(-14.061134555437572,-1.422650414411133,1.140000000000000));
#6083=CARTESIAN_POINT('',(-14.068805436052795,-1.407468714862785,1.140000000000000));
#6084=CARTESIAN_POINT('',(-14.075546512957100,-1.394127221320312,1.140000000000000));
#6085=CARTESIAN_POINT('',(-14.081264805779373,-1.382809954384275,1.140000000000000));
#6086=CARTESIAN_POINT('',(-14.085867334148499,-1.373700934655267,1.140000000000000));
#6087=CARTESIAN_POINT('',(-14.089261117693441,-1.366984182733889,1.140000000000000));
#6088=CARTESIAN_POINT('',(-14.091353176043027,-1.362843719220694,1.140000000000000));
#6089=CARTESIAN_POINT('',(-14.092303642058667,-1.360962619748044,1.140000000000000));
#6090=CARTESIAN_POINT('',(-14.092546424138748,-1.360482121513181,1.140000000000000));
#6091=B_SPLINE_CURVE_WITH_KNOTS('',3,(#6066,#6067,#6068,#6069,#6070,#6071,#6072,#6073,#6074,#6075,#6076,#6077,#6078,#6079,#6080,#6081,#6082,#6083,#6084,#6085,#6086,#6087,#6088,#6089,#6090),.UNSPECIFIED.,.F.,.U.,(4,1,1,1,1,1,1,1,1,1,1,1,1,1,1,1,1,1,1,1,1,1,4),(0.0,0.000161505270162,0.000632275951274,0.001391694349272,0.002419142770093,0.003694003519673,0.005195658903949,0.006903491228858,0.008796882800337,0.013057872906750,0.017813687670682,0.028150024961077,0.038486362251473,0.043242177015406,0.047503167121819,0.049396558693298,0.051104391018206,0.052606046402483,0.053880907152063,0.054908355572884,0.055667773970882,0.056138544651993,0.056300049922156),.UNSPECIFIED.);
#6092=EDGE_CURVE('',#6065,#5536,#6091,.T.);
#6093=ORIENTED_EDGE('',*,*,#6092,.T.);
#6094=ORIENTED_EDGE('',*,*,#5609,.F.);
#6095=CARTESIAN_POINT('',(-13.838648024138749,-1.862981041513180,0.0));
#6096=VERTEX_POINT('',#6095);
#6097=CARTESIAN_POINT('',(-14.092546424138748,-1.360482121513181,0.0));
#6098=CARTESIAN_POINT('',(-14.092303642058667,-1.360962619748044,0.0));
#6099=CARTESIAN_POINT('',(-14.091353176043027,-1.362843719220694,0.0));
#6100=CARTESIAN_POINT('',(-14.089261117693441,-1.366984182733889,0.0));
#6101=CARTESIAN_POINT('',(-14.085867334148499,-1.373700934655267,0.0));
#6102=CARTESIAN_POINT('',(-14.081264805779373,-1.382809954384275,0.0));
#6103=CARTESIAN_POINT('',(-14.075546512957100,-1.394127221320312,0.0));
#6104=CARTESIAN_POINT('',(-14.068805436052795,-1.407468714862785,0.0));
#6105=CARTESIAN_POINT('',(-14.061134555437572,-1.422650414411133,0.0));
#6106=CARTESIAN_POINT('',(-14.049315717156315,-1.446041477418938,0.0));
#6107=CARTESIAN_POINT('',(-14.032915012810619,-1.478500666688965,0.0));
#6108=CARTESIAN_POINT('',(-14.003822487810620,-1.536078667938959,0.0));
#6109=CARTESIAN_POINT('',(-13.965597224138735,-1.611731581513179,0.0));
#6110=CARTESIAN_POINT('',(-13.927371960466861,-1.687384495087399,0.0));
#6111=CARTESIAN_POINT('',(-13.898279435466868,-1.744962496337398,0.0));
#6112=CARTESIAN_POINT('',(-13.881878731121160,-1.777421685607416,0.0));
#6113=CARTESIAN_POINT('',(-13.870059892839919,-1.800812748615233,0.0));
#6114=CARTESIAN_POINT('',(-13.862389012224680,-1.815994448163569,0.0));
#6115=CARTESIAN_POINT('',(-13.855647935320384,-1.829335941706051,0.0));
#6116=CARTESIAN_POINT('',(-13.849929642498122,-1.840653208642087,0.0));
#6117=CARTESIAN_POINT('',(-13.845327114128983,-1.849762228371090,0.0));
#6118=CARTESIAN_POINT('',(-13.841933330584052,-1.856478980292473,0.0));
#6119=CARTESIAN_POINT('',(-13.839841272234450,-1.860619443805660,0.0));
#6120=CARTESIAN_POINT('',(-13.838890806218828,-1.862500543278316,0.0));
#6121=CARTESIAN_POINT('',(-13.838648024138749,-1.862981041513180,0.0));
#6122=B_SPLINE_CURVE_WITH_KNOTS('',3,(#6097,#6098,#6099,#6100,#6101,#6102,#6103,#6104,#6105,#6106,#6107,#6108,#6109,#6110,#6111,#6112,#6113,#6114,#6115,#6116,#6117,#6118,#6119,#6120,#6121),.UNSPECIFIED.,.F.,.U.,(4,1,1,1,1,1,1,1,1,1,1,1,1,1,1,1,1,1,1,1,1,1,4),(0.0,0.000161505270163,0.000632275951274,0.001391694349272,0.002419142770093,0.003694003519673,0.005195658903949,0.006903491228858,0.008796882800337,0.013057872906750,0.017813687670683,0.028150024961078,0.038486362251474,0.043242177015406,0.047503167121819,0.049396558693298,0.051104391018207,0.052606046402483,0.053880907152063,0.054908355572884,0.055667773970882,0.056138544651993,0.056300049922156),.UNSPECIFIED.);
#6123=EDGE_CURVE('',#5576,#6096,#6122,.T.);
#6124=ORIENTED_EDGE('',*,*,#6123,.T.);
#6125=CARTESIAN_POINT('',(-13.838648024138749,-1.862981041513180,0.0));
#6126=DIRECTION('',(0.0,0.0,1.0));
#6127=VECTOR('',#6126,1.140000000000000);
#6128=LINE('',#6125,#6127);
#6129=EDGE_CURVE('',#6096,#6065,#6128,.T.);
#6130=ORIENTED_EDGE('',*,*,#6129,.T.);
#6131=EDGE_LOOP('',(#6093,#6094,#6124,#6130));
#6132=FACE_OUTER_BOUND('',#6131,.T.);
#6133=ADVANCED_FACE('',(#6132),#6063,.T.);
#6134=CARTESIAN_POINT('',(-13.838648024138749,-1.862981041513180,0.0));
#6135=CARTESIAN_POINT('',(-13.837285679241692,-1.862981041514449,0.0));
#6136=CARTESIAN_POINT('',(-13.832012086091796,-1.862981041519361,0.0));
#6137=CARTESIAN_POINT('',(-13.820542021018284,-1.862981041405966,0.0));
#6138=CARTESIAN_POINT('',(-13.802216284639199,-1.862981042249430,0.0));
#6139=CARTESIAN_POINT('',(-13.777825917382760,-1.862981037482530,0.0));
#6140=CARTESIAN_POINT('',(-13.748161950673909,-1.862981061149827,0.0));
#6141=CARTESIAN_POINT('',(-13.700348073133057,-1.862980909249581,0.0));
#6142=CARTESIAN_POINT('',(-13.603445342508515,-1.862982968487648,0.0));
#6143=CARTESIAN_POINT('',(-13.489539017200807,-1.862968142891758,0.0));
#6144=CARTESIAN_POINT('',(-13.377028378519530,-1.863001153531407,0.0));
#6145=CARTESIAN_POINT('',(-13.313101652563619,-1.862930826146384,0.0));
#6146=CARTESIAN_POINT('',(-13.268777313742756,-1.863048811671056,0.0));
#6147=CARTESIAN_POINT('',(-13.242599321450076,-1.862786583933502,0.0));
#6148=CARTESIAN_POINT('',(-13.222014143208348,-1.863463221909347,0.0));
#6149=CARTESIAN_POINT('',(-13.208484402049818,-1.862049360479114,0.0));
#6150=CARTESIAN_POINT('',(-13.200864821381799,-1.863986172740979,0.0));
#6151=CARTESIAN_POINT('',(-13.196901617704622,-1.861784805311569,0.0));
#6152=CARTESIAN_POINT('',(-13.195602771945511,-1.854756629427335,0.0));
#6153=CARTESIAN_POINT('',(-13.189129752253425,-1.844872639149557,0.0));
#6154=CARTESIAN_POINT('',(-13.181715622281743,-1.828357078105898,0.0));
#6155=CARTESIAN_POINT('',(-13.171320616334039,-1.807940908546115,0.0));
#6156=CARTESIAN_POINT('',(-13.154203694800231,-1.773078840457508,0.0));
#6157=CARTESIAN_POINT('',(-13.129309798059355,-1.722924701988990,0.0));
#6158=CARTESIAN_POINT('',(-13.085631670740923,-1.634571822451940,0.0));
#6159=CARTESIAN_POINT('',(-13.041370185116568,-1.545148136300667,0.0));
#6160=CARTESIAN_POINT('',(-13.003728552049827,-1.469065685027446,0.0));
#6161=CARTESIAN_POINT('',(-12.985154360617159,-1.431525588303427,0.0));
#6162=CARTESIAN_POINT('',(-12.973630941657932,-1.408235464557960,0.0));
#6163=CARTESIAN_POINT('',(-12.964156111743597,-1.389085824129542,0.0));
#6164=CARTESIAN_POINT('',(-12.957037188912054,-1.374697712833770,0.0));
#6165=CARTESIAN_POINT('',(-12.952581459736439,-1.365692204771580,0.0));
#6166=CARTESIAN_POINT('',(-12.950532848665425,-1.361551741254971,0.0));
#6167=CARTESIAN_POINT('',(-12.950003624138747,-1.360482121513181,0.0));
#6168=CARTESIAN_POINT('',(-13.838648024138749,-1.862981041513180,1.140000000000000));
#6169=CARTESIAN_POINT('',(-13.837285679241692,-1.862981041514449,1.140000000000000));
#6170=CARTESIAN_POINT('',(-13.832012086091796,-1.862981041519361,1.140000000000000));
#6171=CARTESIAN_POINT('',(-13.820542021018284,-1.862981041405966,1.140000000000000));
#6172=CARTESIAN_POINT('',(-13.802216284639199,-1.862981042249430,1.140000000000000));
#6173=CARTESIAN_POINT('',(-13.777825917382760,-1.862981037482530,1.140000000000000));
#6174=CARTESIAN_POINT('',(-13.748161950673909,-1.862981061149827,1.140000000000000));
#6175=CARTESIAN_POINT('',(-13.700348073133057,-1.862980909249581,1.140000000000000));
#6176=CARTESIAN_POINT('',(-13.603445342508515,-1.862982968487648,1.140000000000000));
#6177=CARTESIAN_POINT('',(-13.489539017200807,-1.862968142891758,1.140000000000000));
#6178=CARTESIAN_POINT('',(-13.377028378519530,-1.863001153531407,1.140000000000000));
#6179=CARTESIAN_POINT('',(-13.313101652563619,-1.862930826146384,1.140000000000000));
#6180=CARTESIAN_POINT('',(-13.268777313742756,-1.863048811671056,1.140000000000000));
#6181=CARTESIAN_POINT('',(-13.242599321450076,-1.862786583933502,1.140000000000000));
#6182=CARTESIAN_POINT('',(-13.222014143208348,-1.863463221909347,1.140000000000000));
#6183=CARTESIAN_POINT('',(-13.208484402049818,-1.862049360479114,1.140000000000000));
#6184=CARTESIAN_POINT('',(-13.200864821381799,-1.863986172740979,1.140000000000000));
#6185=CARTESIAN_POINT('',(-13.196901617704622,-1.861784805311569,1.140000000000000));
#6186=CARTESIAN_POINT('',(-13.195602771945511,-1.854756629427335,1.140000000000000));
#6187=CARTESIAN_POINT('',(-13.189129752253425,-1.844872639149557,1.140000000000000));
#6188=CARTESIAN_POINT('',(-13.181715622281743,-1.828357078105898,1.140000000000000));
#6189=CARTESIAN_POINT('',(-13.171320616334039,-1.807940908546115,1.140000000000000));
#6190=CARTESIAN_POINT('',(-13.154203694800231,-1.773078840457508,1.140000000000000));
#6191=CARTESIAN_POINT('',(-13.129309798059355,-1.722924701988990,1.140000000000000));
#6192=CARTESIAN_POINT('',(-13.085631670740923,-1.634571822451940,1.140000000000000));
#6193=CARTESIAN_POINT('',(-13.041370185116568,-1.545148136300667,1.140000000000000));
#6194=CARTESIAN_POINT('',(-13.003728552049827,-1.469065685027446,1.140000000000000));
#6195=CARTESIAN_POINT('',(-12.985154360617159,-1.431525588303427,1.140000000000000));
#6196=CARTESIAN_POINT('',(-12.973630941657932,-1.408235464557960,1.140000000000000));
#6197=CARTESIAN_POINT('',(-12.964156111743597,-1.389085824129542,1.140000000000000));
#6198=CARTESIAN_POINT('',(-12.957037188912054,-1.374697712833770,1.140000000000000));
#6199=CARTESIAN_POINT('',(-12.952581459736439,-1.365692204771580,1.140000000000000));
#6200=CARTESIAN_POINT('',(-12.950532848665425,-1.361551741254971,1.140000000000000));
#6201=CARTESIAN_POINT('',(-12.950003624138747,-1.360482121513181,1.140000000000000));
#6202=B_SPLINE_SURFACE_WITH_KNOTS('',3,1,((#6134,#6168),(#6135,#6169),(#6136,#6170),(#6137,#6171),(#6138,#6172),(#6139,#6173),(#6140,#6174),(#6141,#6175),(#6142,#6176),(#6143,#6177),(#6144,#6178),(#6145,#6179),(#6146,#6180),(#6147,#6181),(#6148,#6182),(#6149,#6183),(#6150,#6184),(#6151,#6185),(#6152,#6186),(#6153,#6187),(#6154,#6188),(#6155,#6189),(#6156,#6190),(#6157,#6191),(#6158,#6192),(#6159,#6193),(#6160,#6194),(#6161,#6195),(#6162,#6196),(#6163,#6197),(#6164,#6198),(#6165,#6199),(#6166,#6200),(#6167,#6201)),.UNSPECIFIED.,.F.,.F.,.U.,(4,1,1,1,1,1,1,1,1,1,1,1,1,1,1,1,1,1,1,1,1,1,1,1,1,1,1,1,1,1,1,4),(2,2),(0.0,0.000408703469033,0.001582077944642,0.003441019529595,0.005906424326662,0.008899188438607,0.012340207968201,0.020250597691407,0.037969870671388,0.046513091572449,0.054001593843751,0.057152565750161,0.059802546307435,0.061872431618341,0.063283117785646,0.063955500912118,0.064029493457991,0.064618486127668,0.065854215846401,0.067667389358935,0.069988713410012,0.072748894744379,0.079308656241953,0.086792327809607,0.102314016986964,0.109243342512570,0.112257599116209,0.114879193940063,0.117038833728877,0.118667225227394,0.119695075180359,0.120053090332515),(0.0,0.114000000000000),.UNSPECIFIED.);
#6203=CARTESIAN_POINT('',(-12.950003624138747,-1.360482121513181,1.140000000000000));
#6204=CARTESIAN_POINT('',(-12.950532848665425,-1.361551741254971,1.140000000000000));
#6205=CARTESIAN_POINT('',(-12.952581459736439,-1.365692204771580,1.140000000000000));
#6206=CARTESIAN_POINT('',(-12.957037188912054,-1.374697712833770,1.140000000000000));
#6207=CARTESIAN_POINT('',(-12.964156111743597,-1.389085824129542,1.140000000000000));
#6208=CARTESIAN_POINT('',(-12.973630941657932,-1.408235464557960,1.140000000000000));
#6209=CARTESIAN_POINT('',(-12.985154360617159,-1.431525588303427,1.140000000000000));
#6210=CARTESIAN_POINT('',(-13.003728552049827,-1.469065685027446,1.140000000000000));
#6211=CARTESIAN_POINT('',(-13.041370185116568,-1.545148136300667,1.140000000000000));
#6212=CARTESIAN_POINT('',(-13.085631670740923,-1.634571822451940,1.140000000000000));
#6213=CARTESIAN_POINT('',(-13.129309798059355,-1.722924701988990,1.140000000000000));
#6214=CARTESIAN_POINT('',(-13.154203694800231,-1.773078840457508,1.140000000000000));
#6215=CARTESIAN_POINT('',(-13.171320616334039,-1.807940908546115,1.140000000000000));
#6216=CARTESIAN_POINT('',(-13.181715622281743,-1.828357078105898,1.140000000000000));
#6217=CARTESIAN_POINT('',(-13.189129752253425,-1.844872639149557,1.140000000000000));
#6218=CARTESIAN_POINT('',(-13.195602771945511,-1.854756629427335,1.140000000000000));
#6219=CARTESIAN_POINT('',(-13.196901617704622,-1.861784805311569,1.140000000000000));
#6220=CARTESIAN_POINT('',(-13.200864821381799,-1.863986172740979,1.140000000000000));
#6221=CARTESIAN_POINT('',(-13.208484402049818,-1.862049360479114,1.140000000000000));
#6222=CARTESIAN_POINT('',(-13.222014143208348,-1.863463221909347,1.140000000000000));
#6223=CARTESIAN_POINT('',(-13.242599321450076,-1.862786583933502,1.140000000000000));
#6224=CARTESIAN_POINT('',(-13.268777313742756,-1.863048811671056,1.140000000000000));
#6225=CARTESIAN_POINT('',(-13.313101652563619,-1.862930826146384,1.140000000000000));
#6226=CARTESIAN_POINT('',(-13.377028378519530,-1.863001153531407,1.140000000000000));
#6227=CARTESIAN_POINT('',(-13.489539017200807,-1.862968142891758,1.140000000000000));
#6228=CARTESIAN_POINT('',(-13.603445342508515,-1.862982968487648,1.140000000000000));
#6229=CARTESIAN_POINT('',(-13.700348073133057,-1.862980909249581,1.140000000000000));
#6230=CARTESIAN_POINT('',(-13.748161950673909,-1.862981061149827,1.140000000000000));
#6231=CARTESIAN_POINT('',(-13.777825917382760,-1.862981037482530,1.140000000000000));
#6232=CARTESIAN_POINT('',(-13.802216284639199,-1.862981042249430,1.140000000000000));
#6233=CARTESIAN_POINT('',(-13.820542021018284,-1.862981041405966,1.140000000000000));
#6234=CARTESIAN_POINT('',(-13.832012086091796,-1.862981041519361,1.140000000000000));
#6235=CARTESIAN_POINT('',(-13.837285679241692,-1.862981041514449,1.140000000000000));
#6236=CARTESIAN_POINT('',(-13.838648024138749,-1.862981041513180,1.140000000000000));
#6237=B_SPLINE_CURVE_WITH_KNOTS('',3,(#6203,#6204,#6205,#6206,#6207,#6208,#6209,#6210,#6211,#6212,#6213,#6214,#6215,#6216,#6217,#6218,#6219,#6220,#6221,#6222,#6223,#6224,#6225,#6226,#6227,#6228,#6229,#6230,#6231,#6232,#6233,#6234,#6235,#6236),.UNSPECIFIED.,.F.,.U.,(4,1,1,1,1,1,1,1,1,1,1,1,1,1,1,1,1,1,1,1,1,1,1,1,1,1,1,1,1,1,1,4),(0.0,0.000358015152156,0.001385865105121,0.003014256603638,0.005173896392452,0.007795491216306,0.010809747819945,0.017739073345551,0.033260762522908,0.040744434090562,0.047304195588136,0.050064376922503,0.052385700973580,0.054198874486114,0.055434604204847,0.056023596874524,0.056097589420397,0.056769972546869,0.058180658714174,0.060250544025080,0.062900524582354,0.066051496488764,0.073539998760066,0.082083219661127,0.099802492641108,0.107712882364314,0.111153901893908,0.114146666005853,0.116612070802920,0.118471012387873,0.119644386863482,0.120053090332515),.UNSPECIFIED.);
#6238=EDGE_CURVE('',#5668,#6065,#6237,.T.);
#6239=ORIENTED_EDGE('',*,*,#6238,.T.);
#6240=ORIENTED_EDGE('',*,*,#6129,.F.);
#6241=CARTESIAN_POINT('',(-13.838648024138749,-1.862981041513180,0.0));
#6242=CARTESIAN_POINT('',(-13.837285679241692,-1.862981041514449,0.0));
#6243=CARTESIAN_POINT('',(-13.832012086091796,-1.862981041519361,0.0));
#6244=CARTESIAN_POINT('',(-13.820542021018284,-1.862981041405966,0.0));
#6245=CARTESIAN_POINT('',(-13.802216284639199,-1.862981042249430,0.0));
#6246=CARTESIAN_POINT('',(-13.777825917382760,-1.862981037482530,0.0));
#6247=CARTESIAN_POINT('',(-13.748161950673909,-1.862981061149827,0.0));
#6248=CARTESIAN_POINT('',(-13.700348073133057,-1.862980909249581,0.0));
#6249=CARTESIAN_POINT('',(-13.603445342508515,-1.862982968487648,0.0));
#6250=CARTESIAN_POINT('',(-13.489539017200807,-1.862968142891758,0.0));
#6251=CARTESIAN_POINT('',(-13.377028378519530,-1.863001153531407,0.0));
#6252=CARTESIAN_POINT('',(-13.313101652563619,-1.862930826146384,0.0));
#6253=CARTESIAN_POINT('',(-13.268777313742756,-1.863048811671056,0.0));
#6254=CARTESIAN_POINT('',(-13.242599321450076,-1.862786583933502,0.0));
#6255=CARTESIAN_POINT('',(-13.222014143208348,-1.863463221909347,0.0));
#6256=CARTESIAN_POINT('',(-13.208484402049818,-1.862049360479114,0.0));
#6257=CARTESIAN_POINT('',(-13.200864821381799,-1.863986172740979,0.0));
#6258=CARTESIAN_POINT('',(-13.196901617704622,-1.861784805311569,0.0));
#6259=CARTESIAN_POINT('',(-13.195602771945511,-1.854756629427335,0.0));
#6260=CARTESIAN_POINT('',(-13.189129752253425,-1.844872639149557,0.0));
#6261=CARTESIAN_POINT('',(-13.181715622281743,-1.828357078105898,0.0));
#6262=CARTESIAN_POINT('',(-13.171320616334039,-1.807940908546115,0.0));
#6263=CARTESIAN_POINT('',(-13.154203694800231,-1.773078840457508,0.0));
#6264=CARTESIAN_POINT('',(-13.129309798059355,-1.722924701988990,0.0));
#6265=CARTESIAN_POINT('',(-13.085631670740923,-1.634571822451940,0.0));
#6266=CARTESIAN_POINT('',(-13.041370185116568,-1.545148136300667,0.0));
#6267=CARTESIAN_POINT('',(-13.003728552049827,-1.469065685027446,0.0));
#6268=CARTESIAN_POINT('',(-12.985154360617159,-1.431525588303427,0.0));
#6269=CARTESIAN_POINT('',(-12.973630941657932,-1.408235464557960,0.0));
#6270=CARTESIAN_POINT('',(-12.964156111743597,-1.389085824129542,0.0));
#6271=CARTESIAN_POINT('',(-12.957037188912054,-1.374697712833770,0.0));
#6272=CARTESIAN_POINT('',(-12.952581459736439,-1.365692204771580,0.0));
#6273=CARTESIAN_POINT('',(-12.950532848665425,-1.361551741254971,0.0));
#6274=CARTESIAN_POINT('',(-12.950003624138747,-1.360482121513181,0.0));
#6275=B_SPLINE_CURVE_WITH_KNOTS('',3,(#6241,#6242,#6243,#6244,#6245,#6246,#6247,#6248,#6249,#6250,#6251,#6252,#6253,#6254,#6255,#6256,#6257,#6258,#6259,#6260,#6261,#6262,#6263,#6264,#6265,#6266,#6267,#6268,#6269,#6270,#6271,#6272,#6273,#6274),.UNSPECIFIED.,.F.,.U.,(4,1,1,1,1,1,1,1,1,1,1,1,1,1,1,1,1,1,1,1,1,1,1,1,1,1,1,1,1,1,1,4),(0.0,0.000408703469033,0.001582077944642,0.003441019529595,0.005906424326662,0.008899188438607,0.012340207968201,0.020250597691407,0.037969870671388,0.046513091572449,0.054001593843751,0.057152565750161,0.059802546307435,0.061872431618341,0.063283117785646,0.063955500912118,0.064029493457991,0.064618486127668,0.065854215846401,0.067667389358935,0.069988713410012,0.072748894744379,0.079308656241953,0.086792327809607,0.102314016986964,0.109243342512570,0.112257599116209,0.114879193940063,0.117038833728877,0.118667225227394,0.119695075180359,0.120053090332515),.UNSPECIFIED.);
#6276=EDGE_CURVE('',#6096,#5698,#6275,.T.);
#6277=ORIENTED_EDGE('',*,*,#6276,.T.);
#6278=ORIENTED_EDGE('',*,*,#5703,.T.);
#6279=EDGE_LOOP('',(#6239,#6240,#6277,#6278));
#6280=FACE_OUTER_BOUND('',#6279,.T.);
#6281=ADVANCED_FACE('',(#6280),#6202,.T.);
#6282=CARTESIAN_POINT('',(-13.523940576691157,-1.562815961246594,0.0));
#6283=DIRECTION('',(0.0,0.0,1.0));
#6284=DIRECTION('',(1.0,0.0,0.0));
#6285=AXIS2_PLACEMENT_3D('',#6282,#6283,#6284);
#6286=PLANE('',#6285);
#6287=ORIENTED_EDGE('',*,*,#6276,.F.);
#6288=ORIENTED_EDGE('',*,*,#6123,.F.);
#6289=ORIENTED_EDGE('',*,*,#5603,.F.);
#6290=ORIENTED_EDGE('',*,*,#5895,.F.);
#6291=ORIENTED_EDGE('',*,*,#6007,.F.);
#6292=ORIENTED_EDGE('',*,*,#5733,.F.);
#6293=EDGE_LOOP('',(#6287,#6288,#6289,#6290,#6291,#6292));
#6294=FACE_OUTER_BOUND('',#6293,.T.);
#6295=ADVANCED_FACE('',(#6294),#6286,.F.);
#6296=CARTESIAN_POINT('',(-13.523940576691153,-1.562815961246594,1.140000000000000));
#6297=DIRECTION('',(0.0,0.0,1.0));
#6298=DIRECTION('',(1.0,0.0,0.0));
#6299=AXIS2_PLACEMENT_3D('',#6296,#6297,#6298);
#6300=PLANE('',#6299);
#6301=ORIENTED_EDGE('',*,*,#6092,.F.);
#6302=ORIENTED_EDGE('',*,*,#6238,.F.);
#6303=ORIENTED_EDGE('',*,*,#5695,.F.);
#6304=ORIENTED_EDGE('',*,*,#5978,.F.);
#6305=ORIENTED_EDGE('',*,*,#5850,.F.);
#6306=ORIENTED_EDGE('',*,*,#5565,.F.);
#6307=EDGE_LOOP('',(#6301,#6302,#6303,#6304,#6305,#6306));
#6308=FACE_OUTER_BOUND('',#6307,.T.);
#6309=ADVANCED_FACE('',(#6308),#6300,.T.);
#6310=CLOSED_SHELL('',(#5613,#5743,#5900,#6012,#6133,#6281,#6295,#6309));
#6311=MANIFOLD_SOLID_BREP('\X2\5BE69AD4\X0\1',#6310);
#6312=STYLED_ITEM('',(#4499),#6311);
#6313=ADVANCED_BREP_SHAPE_REPRESENTATION('ABSR',(#6311),#5452);
#6314=SHAPE_REPRESENTATION_RELATIONSHIP('SRR','None',#6313,#5457);
#6315=AXIS2_PLACEMENT_3D('',#6316,#6317,#6318);
#6316=CARTESIAN_POINT('',(18.363074734931388,-1.095015136069743,-10.433545455160409));
#6317=DIRECTION('',(4.326911E-019,-1.171977E-019,1.0));
#6318=DIRECTION('',(1.0,1.144917E-016,-1.444447E-034));
#6319=NEXT_ASSEMBLY_USAGE_OCCURRENCE('PIN_CPY_CPY:1','PIN_CPY_CPY:1','PIN_CPY_CPY:1',#3379,#5428,'PIN_CPY_CPY:1');
#6320=PRODUCT_DEFINITION_SHAPE('PIN_CPY_CPY:1','PIN_CPY_CPY:1',#6319);
#6321=ITEM_DEFINED_TRANSFORMATION('PIN_CPY_CPY:1','PIN_CPY_CPY:1',#5453,#6315);
#6325=(REPRESENTATION_RELATIONSHIP('PIN_CPY_CPY:1','PIN_CPY_CPY:1',#5457,#3408)REPRESENTATION_RELATIONSHIP_WITH_TRANSFORMATION(#6321)SHAPE_REPRESENTATION_RELATIONSHIP());
#6326=CONTEXT_DEPENDENT_SHAPE_REPRESENTATION(#6325,#6320);
#6327=AXIS2_PLACEMENT_3D('',#6328,#6329,#6330);
#6328=CARTESIAN_POINT('',(54.565654465381968,53.964457173211883,-0.022252967843112));
#6329=DIRECTION('',(5.288614E-015,-0.999999999999990,-1.057536E-014));
#6330=DIRECTION('',(-0.999999999999993,-6.057654E-015,9.103732E-015));
#6331=NEXT_ASSEMBLY_USAGE_OCCURRENCE('JS1120-03N2:1','JS1120-03N2:1','JS1120-03N2:1',#51,#3379,'JS1120-03N2:1');
#6332=PRODUCT_DEFINITION_SHAPE('JS1120-03N2:1','JS1120-03N2:1',#6331);
#6333=ITEM_DEFINED_TRANSFORMATION('JS1120-03N2:1','JS1120-03N2:1',#3404,#6327);
#6337=(REPRESENTATION_RELATIONSHIP('JS1120-03N2:1','JS1120-03N2:1',#3408,#80)REPRESENTATION_RELATIONSHIP_WITH_TRANSFORMATION(#6333)SHAPE_REPRESENTATION_RELATIONSHIP());
#6338=CONTEXT_DEPENDENT_SHAPE_REPRESENTATION(#6337,#6332);
#6339=AXIS2_PLACEMENT_3D('',#6340,#6341,#6342);
#6340=CARTESIAN_POINT('',(0.0,0.0,0.0));
#6341=DIRECTION('',(0.0,0.0,1.0));
#6342=DIRECTION('',(1.0,0.0,0.0));
#6343=NEXT_ASSEMBLY_USAGE_OCCURRENCE('a1:1','a1:1','a1:1',#12,#51,'a1:1');
#6344=PRODUCT_DEFINITION_SHAPE('a1:1','a1:1',#6343);
#6345=ITEM_DEFINED_TRANSFORMATION('a1:1','a1:1',#76,#6339);
#6349=(REPRESENTATION_RELATIONSHIP('a1:1','a1:1',#80,#41)REPRESENTATION_RELATIONSHIP_WITH_TRANSFORMATION(#6345)SHAPE_REPRESENTATION_RELATIONSHIP());
#6350=CONTEXT_DEPENDENT_SHAPE_REPRESENTATION(#6349,#6344);
#6351=APPLICATION_CONTEXT('automotive design');
#6352=APPLICATION_PROTOCOL_DEFINITION('International Standard','automotive_design',2001,#6351);
#6353=PRODUCT_CONTEXT('',#6351,'mechanical');
#6354=PRODUCT('22','22',$,(#6353));
#6355=PRODUCT_RELATED_PRODUCT_CATEGORY('part',$,(#6354));
#6356=PRODUCT_DEFINITION_FORMATION('',$,#6354);
#6357=PRODUCT_DEFINITION_CONTEXT('part definition',#6351,'design');
#6358=PRODUCT_DEFINITION('',$,#6356,#6357);
#6364=(NAMED_UNIT(*)PLANE_ANGLE_UNIT()SI_UNIT($,.RADIAN.));
#6365=DIMENSIONAL_EXPONENTS(0.0,0.0,0.0,0.0,0.0,0.0,0.0);
#6366=PLANE_ANGLE_MEASURE_WITH_UNIT(PLANE_ANGLE_MEASURE(0.017453292500000),#6364);
#6370=(CONVERSION_BASED_UNIT('DEGREE',#6366)NAMED_UNIT(#6365)PLANE_ANGLE_UNIT());
#6374=(NAMED_UNIT(*)SI_UNIT($,.STERADIAN.)SOLID_ANGLE_UNIT());
#6378=(LENGTH_UNIT()NAMED_UNIT(*)SI_UNIT(.MILLI.,.METRE.));
#6380=UNCERTAINTY_MEASURE_WITH_UNIT(LENGTH_MEASURE(0.010000000000000),#6378,'DISTANCE_ACCURACY_VALUE','');
#6382=(GEOMETRIC_REPRESENTATION_CONTEXT(3)GLOBAL_UNCERTAINTY_ASSIGNED_CONTEXT((#6380))GLOBAL_UNIT_ASSIGNED_CONTEXT((#6370,#6374,#6378))REPRESENTATION_CONTEXT('None','None'));
#6383=AXIS2_PLACEMENT_3D('',#6384,#6385,#6386);
#6384=CARTESIAN_POINT('',(0.0,0.0,0.0));
#6385=DIRECTION('',(0.0,0.0,1.0));
#6386=DIRECTION('',(1.0,0.0,0.0));
#6387=SHAPE_REPRESENTATION('',(#6383),#6382);
#6388=PRODUCT_DEFINITION_SHAPE('','',#6358);
#6389=SHAPE_DEFINITION_REPRESENTATION(#6388,#6387);
#6395=(NAMED_UNIT(*)PLANE_ANGLE_UNIT()SI_UNIT($,.RADIAN.));
#6396=DIMENSIONAL_EXPONENTS(0.0,0.0,0.0,0.0,0.0,0.0,0.0);
#6397=PLANE_ANGLE_MEASURE_WITH_UNIT(PLANE_ANGLE_MEASURE(0.017453292500000),#6395);
#6401=(CONVERSION_BASED_UNIT('DEGREE',#6397)NAMED_UNIT(#6396)PLANE_ANGLE_UNIT());
#6405=(NAMED_UNIT(*)SI_UNIT($,.STERADIAN.)SOLID_ANGLE_UNIT());
#6409=(LENGTH_UNIT()NAMED_UNIT(*)SI_UNIT(.MILLI.,.METRE.));
#6411=UNCERTAINTY_MEASURE_WITH_UNIT(LENGTH_MEASURE(0.000001000000000),#6409,'DISTANCE_ACCURACY_VALUE','');
#6413=(GEOMETRIC_REPRESENTATION_CONTEXT(3)GLOBAL_UNCERTAINTY_ASSIGNED_CONTEXT((#6411))GLOBAL_UNIT_ASSIGNED_CONTEXT((#6401,#6405,#6409))REPRESENTATION_CONTEXT('','3D'));
#6414=CARTESIAN_POINT('',(125.749999959496990,66.750000099797006,-21.800000000000001));
#6415=DIRECTION('',(0.0,1.0,0.0));
#6416=DIRECTION('',(0.0,0.0,1.0));
#6417=AXIS2_PLACEMENT_3D('',#6414,#6415,#6416);
#6418=PLANE('',#6417);
#6419=CARTESIAN_POINT('',(125.749999959496990,66.750000099797006,-22.0));
#6420=VERTEX_POINT('',#6419);
#6421=CARTESIAN_POINT('',(128.549999959497000,66.750000099797006,-22.0));
#6422=VERTEX_POINT('',#6421);
#6423=CARTESIAN_POINT('',(125.749999959496990,66.750000099797006,-22.0));
#6424=DIRECTION('',(1.0,0.0,0.0));
#6425=VECTOR('',#6424,2.800000000000011);
#6426=LINE('',#6423,#6425);
#6427=EDGE_CURVE('',#6420,#6422,#6426,.T.);
#6428=ORIENTED_EDGE('',*,*,#6427,.T.);
#6429=CARTESIAN_POINT('',(128.549999959497000,66.750000099797006,-26.800000000000001));
#6430=VERTEX_POINT('',#6429);
#6431=CARTESIAN_POINT('',(128.549999959497000,66.750000099797006,-26.800000000000001));
#6432=DIRECTION('',(0.0,0.0,1.0));
#6433=VECTOR('',#6432,4.800000000000001);
#6434=LINE('',#6431,#6433);
#6435=EDGE_CURVE('',#6430,#6422,#6434,.T.);
#6436=ORIENTED_EDGE('',*,*,#6435,.F.);
#6437=CARTESIAN_POINT('',(125.749999959496990,66.750000099797006,-26.800000000000001));
#6438=VERTEX_POINT('',#6437);
#6439=CARTESIAN_POINT('',(125.749999959496990,66.750000099797006,-26.800000000000001));
#6440=DIRECTION('',(1.0,0.0,0.0));
#6441=VECTOR('',#6440,2.800000000000011);
#6442=LINE('',#6439,#6441);
#6443=EDGE_CURVE('',#6438,#6430,#6442,.T.);
#6444=ORIENTED_EDGE('',*,*,#6443,.F.);
#6445=CARTESIAN_POINT('',(125.749999959496990,66.750000099797006,-26.800000000000001));
#6446=DIRECTION('',(0.0,0.0,1.0));
#6447=VECTOR('',#6446,4.800000000000001);
#6448=LINE('',#6445,#6447);
#6449=EDGE_CURVE('',#6438,#6420,#6448,.T.);
#6450=ORIENTED_EDGE('',*,*,#6449,.T.);
#6451=EDGE_LOOP('',(#6428,#6436,#6444,#6450));
#6452=FACE_OUTER_BOUND('',#6451,.T.);
#6453=ADVANCED_FACE('',(#6452),#6418,.T.);
#6454=CARTESIAN_POINT('',(125.749999959496990,50.750000099796999,-21.800000000000001));
#6455=DIRECTION('',(0.0,0.0,1.0));
#6456=DIRECTION('',(1.0,0.0,0.0));
#6457=AXIS2_PLACEMENT_3D('',#6454,#6455,#6456);
#6458=PLANE('',#6457);
#6459=CARTESIAN_POINT('',(125.749999959496990,66.550000099797003,-21.800000000000001));
#6460=VERTEX_POINT('',#6459);
#6461=CARTESIAN_POINT('',(125.749999959496990,50.750000099796999,-21.800000000000001));
#6462=VERTEX_POINT('',#6461);
#6463=CARTESIAN_POINT('',(125.749999959496990,66.550000099797003,-21.800000000000001));
#6464=DIRECTION('',(0.0,-1.0,0.0));
#6465=VECTOR('',#6464,15.800000000000011);
#6466=LINE('',#6463,#6465);
#6467=EDGE_CURVE('',#6460,#6462,#6466,.T.);
#6468=ORIENTED_EDGE('',*,*,#6467,.T.);
#6469=CARTESIAN_POINT('',(128.549999959497000,50.750000099796999,-21.800000000000001));
#6470=VERTEX_POINT('',#6469);
#6471=CARTESIAN_POINT('',(125.749999959496990,50.750000099796999,-21.800000000000001));
#6472=DIRECTION('',(1.0,0.0,0.0));
#6473=VECTOR('',#6472,2.800000000000011);
#6474=LINE('',#6471,#6473);
#6475=EDGE_CURVE('',#6462,#6470,#6474,.T.);
#6476=ORIENTED_EDGE('',*,*,#6475,.T.);
#6477=CARTESIAN_POINT('',(128.549999959497000,66.550000099797003,-21.800000000000001));
#6478=VERTEX_POINT('',#6477);
#6479=CARTESIAN_POINT('',(128.549999959497000,66.550000099797003,-21.800000000000001));
#6480=DIRECTION('',(0.0,-1.0,0.0));
#6481=VECTOR('',#6480,15.800000000000011);
#6482=LINE('',#6479,#6481);
#6483=EDGE_CURVE('',#6478,#6470,#6482,.T.);
#6484=ORIENTED_EDGE('',*,*,#6483,.F.);
#6485=CARTESIAN_POINT('',(125.749999959496990,66.550000099797003,-21.800000000000001));
#6486=DIRECTION('',(1.0,0.0,0.0));
#6487=VECTOR('',#6486,2.800000000000011);
#6488=LINE('',#6485,#6487);
#6489=EDGE_CURVE('',#6460,#6478,#6488,.T.);
#6490=ORIENTED_EDGE('',*,*,#6489,.F.);
#6491=EDGE_LOOP('',(#6468,#6476,#6484,#6490));
#6492=FACE_OUTER_BOUND('',#6491,.T.);
#6493=ADVANCED_FACE('',(#6492),#6458,.T.);
#6494=CARTESIAN_POINT('',(125.749999959496990,50.750000099796999,-27.0));
#6495=DIRECTION('',(0.0,-1.0,0.0));
#6496=DIRECTION('',(0.0,0.0,-1.0));
#6497=AXIS2_PLACEMENT_3D('',#6494,#6495,#6496);
#6498=PLANE('',#6497);
#6499=CARTESIAN_POINT('',(125.749999959496990,50.750000099796999,-26.800000000000001));
#6500=VERTEX_POINT('',#6499);
#6501=CARTESIAN_POINT('',(128.549999959497000,50.750000099796999,-26.800000000000001));
#6502=VERTEX_POINT('',#6501);
#6503=CARTESIAN_POINT('',(125.749999959496990,50.750000099796999,-26.800000000000001));
#6504=DIRECTION('',(1.0,0.0,0.0));
#6505=VECTOR('',#6504,2.800000000000011);
#6506=LINE('',#6503,#6505);
#6507=EDGE_CURVE('',#6500,#6502,#6506,.T.);
#6508=ORIENTED_EDGE('',*,*,#6507,.T.);
#6509=CARTESIAN_POINT('',(128.549999959497000,50.750000099796999,-21.800000000000001));
#6510=DIRECTION('',(0.0,0.0,-1.0));
#6511=VECTOR('',#6510,5.0);
#6512=LINE('',#6509,#6511);
#6513=EDGE_CURVE('',#6470,#6502,#6512,.T.);
#6514=ORIENTED_EDGE('',*,*,#6513,.F.);
#6515=ORIENTED_EDGE('',*,*,#6475,.F.);
#6516=CARTESIAN_POINT('',(125.749999959496990,50.750000099796999,-21.800000000000001));
#6517=DIRECTION('',(0.0,0.0,-1.0));
#6518=VECTOR('',#6517,5.0);
#6519=LINE('',#6516,#6518);
#6520=EDGE_CURVE('',#6462,#6500,#6519,.T.);
#6521=ORIENTED_EDGE('',*,*,#6520,.T.);
#6522=EDGE_LOOP('',(#6508,#6514,#6515,#6521));
#6523=FACE_OUTER_BOUND('',#6522,.T.);
#6524=ADVANCED_FACE('',(#6523),#6498,.T.);
#6525=CARTESIAN_POINT('',(125.749999959496990,66.750000099797006,-27.0));
#6526=DIRECTION('',(0.0,0.0,-1.0));
#6527=DIRECTION('',(-1.0,0.0,0.0));
#6528=AXIS2_PLACEMENT_3D('',#6525,#6526,#6527);
#6529=PLANE('',#6528);
#6530=CARTESIAN_POINT('',(125.749999959496990,50.950000099797002,-27.0));
#6531=VERTEX_POINT('',#6530);
#6532=CARTESIAN_POINT('',(125.749999959496990,66.550000099797003,-27.0));
#6533=VERTEX_POINT('',#6532);
#6534=CARTESIAN_POINT('',(125.749999959496990,50.950000099797002,-27.0));
#6535=DIRECTION('',(0.0,1.0,0.0));
#6536=VECTOR('',#6535,15.600000000000001);
#6537=LINE('',#6534,#6536);
#6538=EDGE_CURVE('',#6531,#6533,#6537,.T.);
#6539=ORIENTED_EDGE('',*,*,#6538,.T.);
#6540=CARTESIAN_POINT('',(128.549999959497000,66.550000099797003,-27.0));
#6541=VERTEX_POINT('',#6540);
#6542=CARTESIAN_POINT('',(125.749999959496990,66.550000099797003,-27.0));
#6543=DIRECTION('',(1.0,0.0,0.0));
#6544=VECTOR('',#6543,2.800000000000011);
#6545=LINE('',#6542,#6544);
#6546=EDGE_CURVE('',#6533,#6541,#6545,.T.);
#6547=ORIENTED_EDGE('',*,*,#6546,.T.);
#6548=CARTESIAN_POINT('',(128.549999959497000,50.950000099797002,-27.0));
#6549=VERTEX_POINT('',#6548);
#6550=CARTESIAN_POINT('',(128.549999959497000,50.950000099797002,-27.0));
#6551=DIRECTION('',(0.0,1.0,0.0));
#6552=VECTOR('',#6551,15.600000000000001);
#6553=LINE('',#6550,#6552);
#6554=EDGE_CURVE('',#6549,#6541,#6553,.T.);
#6555=ORIENTED_EDGE('',*,*,#6554,.F.);
#6556=CARTESIAN_POINT('',(125.749999959496990,50.950000099797002,-27.0));
#6557=DIRECTION('',(1.0,0.0,0.0));
#6558=VECTOR('',#6557,2.800000000000011);
#6559=LINE('',#6556,#6558);
#6560=EDGE_CURVE('',#6531,#6549,#6559,.T.);
#6561=ORIENTED_EDGE('',*,*,#6560,.F.);
#6562=EDGE_LOOP('',(#6539,#6547,#6555,#6561));
#6563=FACE_OUTER_BOUND('',#6562,.T.);
#6564=ADVANCED_FACE('',(#6563),#6529,.T.);
#6565=CARTESIAN_POINT('',(125.749999959496990,66.550000099797003,-26.800000000000001));
#6566=DIRECTION('',(1.0,0.0,0.0));
#6567=DIRECTION('',(0.0,1.0,0.0));
#6568=AXIS2_PLACEMENT_3D('',#6565,#6566,#6567);
#6569=CYLINDRICAL_SURFACE('',#6568,0.200000000000000);
#6570=CARTESIAN_POINT('',(128.549999959497000,66.550000099797003,-26.800000000000001));
#6571=DIRECTION('',(-1.0,0.0,0.0));
#6572=DIRECTION('',(0.0,1.0,0.0));
#6573=AXIS2_PLACEMENT_3D('',#6570,#6571,#6572);
#6574=CIRCLE('',#6573,0.200000000000000);
#6575=EDGE_CURVE('',#6430,#6541,#6574,.T.);
#6576=ORIENTED_EDGE('',*,*,#6575,.T.);
#6577=ORIENTED_EDGE('',*,*,#6546,.F.);
#6578=CARTESIAN_POINT('',(125.749999959496990,66.550000099797003,-26.800000000000001));
#6579=DIRECTION('',(1.0,0.0,0.0));
#6580=DIRECTION('',(0.0,1.0,0.0));
#6581=AXIS2_PLACEMENT_3D('',#6578,#6579,#6580);
#6582=CIRCLE('',#6581,0.200000000000000);
#6583=EDGE_CURVE('',#6533,#6438,#6582,.T.);
#6584=ORIENTED_EDGE('',*,*,#6583,.T.);
#6585=ORIENTED_EDGE('',*,*,#6443,.T.);
#6586=EDGE_LOOP('',(#6576,#6577,#6584,#6585));
#6587=FACE_OUTER_BOUND('',#6586,.T.);
#6588=ADVANCED_FACE('',(#6587),#6569,.T.);
#6589=CARTESIAN_POINT('',(125.749999959496990,66.550000099797003,-22.0));
#6590=DIRECTION('',(1.0,0.0,0.0));
#6591=DIRECTION('',(0.0,1.0,0.0));
#6592=AXIS2_PLACEMENT_3D('',#6589,#6590,#6591);
#6593=CYLINDRICAL_SURFACE('',#6592,0.200000000000000);
#6594=CARTESIAN_POINT('',(128.549999959497000,66.550000099797003,-22.0));
#6595=DIRECTION('',(-1.0,0.0,0.0));
#6596=DIRECTION('',(0.0,1.0,0.0));
#6597=AXIS2_PLACEMENT_3D('',#6594,#6595,#6596);
#6598=CIRCLE('',#6597,0.200000000000000);
#6599=EDGE_CURVE('',#6478,#6422,#6598,.T.);
#6600=ORIENTED_EDGE('',*,*,#6599,.T.);
#6601=ORIENTED_EDGE('',*,*,#6427,.F.);
#6602=CARTESIAN_POINT('',(125.749999959496990,66.550000099797003,-22.0));
#6603=DIRECTION('',(1.0,0.0,0.0));
#6604=DIRECTION('',(0.0,1.0,0.0));
#6605=AXIS2_PLACEMENT_3D('',#6602,#6603,#6604);
#6606=CIRCLE('',#6605,0.200000000000000);
#6607=EDGE_CURVE('',#6420,#6460,#6606,.T.);
#6608=ORIENTED_EDGE('',*,*,#6607,.T.);
#6609=ORIENTED_EDGE('',*,*,#6489,.T.);
#6610=EDGE_LOOP('',(#6600,#6601,#6608,#6609));
#6611=FACE_OUTER_BOUND('',#6610,.T.);
#6612=ADVANCED_FACE('',(#6611),#6593,.T.);
#6613=CARTESIAN_POINT('',(125.749999959496990,50.950000099797002,-26.800000000000001));
#6614=DIRECTION('',(1.0,0.0,0.0));
#6615=DIRECTION('',(0.0,1.0,0.0));
#6616=AXIS2_PLACEMENT_3D('',#6613,#6614,#6615);
#6617=CYLINDRICAL_SURFACE('',#6616,0.200000000000000);
#6618=CARTESIAN_POINT('',(128.549999959497000,50.950000099797002,-26.800000000000001));
#6619=DIRECTION('',(-1.0,0.0,0.0));
#6620=DIRECTION('',(0.0,1.0,0.0));
#6621=AXIS2_PLACEMENT_3D('',#6618,#6619,#6620);
#6622=CIRCLE('',#6621,0.200000000000000);
#6623=EDGE_CURVE('',#6549,#6502,#6622,.T.);
#6624=ORIENTED_EDGE('',*,*,#6623,.T.);
#6625=ORIENTED_EDGE('',*,*,#6507,.F.);
#6626=CARTESIAN_POINT('',(125.749999959496990,50.950000099797002,-26.800000000000001));
#6627=DIRECTION('',(1.0,0.0,0.0));
#6628=DIRECTION('',(0.0,1.0,0.0));
#6629=AXIS2_PLACEMENT_3D('',#6626,#6627,#6628);
#6630=CIRCLE('',#6629,0.200000000000000);
#6631=EDGE_CURVE('',#6500,#6531,#6630,.T.);
#6632=ORIENTED_EDGE('',*,*,#6631,.T.);
#6633=ORIENTED_EDGE('',*,*,#6560,.T.);
#6634=EDGE_LOOP('',(#6624,#6625,#6632,#6633));
#6635=FACE_OUTER_BOUND('',#6634,.T.);
#6636=ADVANCED_FACE('',(#6635),#6617,.T.);
#6637=CARTESIAN_POINT('',(128.549999959497000,66.550000099797003,-26.800000000000001));
#6638=DIRECTION('',(0.0,0.0,1.0));
#6639=DIRECTION('',(1.0,0.0,0.0));
#6640=AXIS2_PLACEMENT_3D('',#6637,#6638,#6639);
#6641=SPHERICAL_SURFACE('',#6640,0.200000000000000);
#6642=ORIENTED_EDGE('',*,*,#6575,.F.);
#6643=CARTESIAN_POINT('',(128.749999959497020,66.550000099797003,-26.800000000000001));
#6644=VERTEX_POINT('',#6643);
#6645=CARTESIAN_POINT('',(128.549999959497000,66.550000099797003,-26.800000000000001));
#6646=DIRECTION('',(0.0,0.0,1.0));
#6647=DIRECTION('',(0.0,1.0,0.0));
#6648=AXIS2_PLACEMENT_3D('',#6645,#6646,#6647);
#6649=CIRCLE('',#6648,0.200000000000000);
#6650=EDGE_CURVE('',#6644,#6430,#6649,.T.);
#6651=ORIENTED_EDGE('',*,*,#6650,.F.);
#6652=CARTESIAN_POINT('',(128.549999959497000,66.550000099797003,-26.800000000000001));
#6653=DIRECTION('',(0.0,1.0,0.0));
#6654=DIRECTION('',(0.0,0.0,-1.0));
#6655=AXIS2_PLACEMENT_3D('',#6652,#6653,#6654);
#6656=CIRCLE('',#6655,0.200000000000000);
#6657=EDGE_CURVE('',#6644,#6541,#6656,.T.);
#6658=ORIENTED_EDGE('',*,*,#6657,.T.);
#6659=EDGE_LOOP('',(#6642,#6651,#6658));
#6660=FACE_OUTER_BOUND('',#6659,.T.);
#6661=ADVANCED_FACE('',(#6660),#6641,.T.);
#6662=CARTESIAN_POINT('',(128.549999959497000,50.950000099797002,-26.800000000000001));
#6663=DIRECTION('',(0.0,0.0,1.0));
#6664=DIRECTION('',(1.0,0.0,0.0));
#6665=AXIS2_PLACEMENT_3D('',#6662,#6663,#6664);
#6666=SPHERICAL_SURFACE('',#6665,0.200000000000000);
#6667=ORIENTED_EDGE('',*,*,#6623,.F.);
#6668=CARTESIAN_POINT('',(128.749999959497020,50.950000099797002,-26.800000000000001));
#6669=VERTEX_POINT('',#6668);
#6670=CARTESIAN_POINT('',(128.549999959497000,50.950000099797002,-26.800000000000001));
#6671=DIRECTION('',(0.0,1.0,0.0));
#6672=DIRECTION('',(0.0,0.0,-1.0));
#6673=AXIS2_PLACEMENT_3D('',#6670,#6671,#6672);
#6674=CIRCLE('',#6673,0.200000000000000);
#6675=EDGE_CURVE('',#6669,#6549,#6674,.T.);
#6676=ORIENTED_EDGE('',*,*,#6675,.F.);
#6677=CARTESIAN_POINT('',(128.549999959497000,50.950000099797002,-26.800000000000001));
#6678=DIRECTION('',(0.0,0.0,-1.0));
#6679=DIRECTION('',(0.0,-1.0,0.0));
#6680=AXIS2_PLACEMENT_3D('',#6677,#6678,#6679);
#6681=CIRCLE('',#6680,0.200000000000000);
#6682=EDGE_CURVE('',#6669,#6502,#6681,.T.);
#6683=ORIENTED_EDGE('',*,*,#6682,.T.);
#6684=EDGE_LOOP('',(#6667,#6676,#6683));
#6685=FACE_OUTER_BOUND('',#6684,.T.);
#6686=ADVANCED_FACE('',(#6685),#6666,.T.);
#6687=CARTESIAN_POINT('',(128.549999959497000,66.550000099797003,-22.0));
#6688=DIRECTION('',(0.0,0.0,1.0));
#6689=DIRECTION('',(1.0,0.0,0.0));
#6690=AXIS2_PLACEMENT_3D('',#6687,#6688,#6689);
#6691=SPHERICAL_SURFACE('',#6690,0.200000000000000);
#6692=ORIENTED_EDGE('',*,*,#6599,.F.);
#6693=CARTESIAN_POINT('',(128.749999959497020,66.550000099797003,-22.0));
#6694=VERTEX_POINT('',#6693);
#6695=CARTESIAN_POINT('',(128.549999959497000,66.550000099797003,-22.0));
#6696=DIRECTION('',(0.0,-1.0,0.0));
#6697=DIRECTION('',(0.0,0.0,1.0));
#6698=AXIS2_PLACEMENT_3D('',#6695,#6696,#6697);
#6699=CIRCLE('',#6698,0.200000000000000);
#6700=EDGE_CURVE('',#6694,#6478,#6699,.T.);
#6701=ORIENTED_EDGE('',*,*,#6700,.F.);
#6702=CARTESIAN_POINT('',(128.549999959497000,66.550000099797003,-22.0));
#6703=DIRECTION('',(0.0,0.0,1.0));
#6704=DIRECTION('',(0.0,1.0,0.0));
#6705=AXIS2_PLACEMENT_3D('',#6702,#6703,#6704);
#6706=CIRCLE('',#6705,0.200000000000000);
#6707=EDGE_CURVE('',#6694,#6422,#6706,.T.);
#6708=ORIENTED_EDGE('',*,*,#6707,.T.);
#6709=EDGE_LOOP('',(#6692,#6701,#6708));
#6710=FACE_OUTER_BOUND('',#6709,.T.);
#6711=ADVANCED_FACE('',(#6710),#6691,.T.);
#6712=CARTESIAN_POINT('',(128.749999959497020,60.598181475090698,-25.017648431156800));
#6713=DIRECTION('',(1.0,0.0,0.0));
#6714=DIRECTION('',(0.0,0.0,-1.0));
#6715=AXIS2_PLACEMENT_3D('',#6712,#6713,#6714);
#6716=PLANE('',#6715);
#6717=CARTESIAN_POINT('',(128.749999959497020,50.950000099797002,-22.0));
#6718=VERTEX_POINT('',#6717);
#6719=CARTESIAN_POINT('',(128.749999959497020,50.950000099797002,-22.0));
#6720=DIRECTION('',(0.0,0.0,-1.0));
#6721=VECTOR('',#6720,4.800000000000001);
#6722=LINE('',#6719,#6721);
#6723=EDGE_CURVE('',#6718,#6669,#6722,.T.);
#6724=ORIENTED_EDGE('',*,*,#6723,.T.);
#6725=CARTESIAN_POINT('',(128.749999959497020,50.950000099797002,-26.800000000000001));
#6726=DIRECTION('',(0.0,1.0,0.0));
#6727=VECTOR('',#6726,15.600000000000001);
#6728=LINE('',#6725,#6727);
#6729=EDGE_CURVE('',#6669,#6644,#6728,.T.);
#6730=ORIENTED_EDGE('',*,*,#6729,.T.);
#6731=CARTESIAN_POINT('',(128.749999959497020,66.550000099797003,-26.800000000000001));
#6732=DIRECTION('',(0.0,0.0,1.0));
#6733=VECTOR('',#6732,4.800000000000001);
#6734=LINE('',#6731,#6733);
#6735=EDGE_CURVE('',#6644,#6694,#6734,.T.);
#6736=ORIENTED_EDGE('',*,*,#6735,.T.);
#6737=CARTESIAN_POINT('',(128.749999959497020,66.550000099797003,-22.0));
#6738=DIRECTION('',(0.0,-1.0,0.0));
#6739=VECTOR('',#6738,15.600000000000009);
#6740=LINE('',#6737,#6739);
#6741=EDGE_CURVE('',#6694,#6718,#6740,.T.);
#6742=ORIENTED_EDGE('',*,*,#6741,.T.);
#6743=EDGE_LOOP('',(#6724,#6730,#6736,#6742));
#6744=FACE_OUTER_BOUND('',#6743,.T.);
#6745=ADVANCED_FACE('',(#6744),#6716,.T.);
#6746=CARTESIAN_POINT('',(128.549999959497000,60.598181475090698,-26.800000000000001));
#6747=DIRECTION('',(0.0,1.0,0.0));
#6748=DIRECTION('',(0.0,0.0,-1.0));
#6749=AXIS2_PLACEMENT_3D('',#6746,#6747,#6748);
#6750=CYLINDRICAL_SURFACE('',#6749,0.200000000000000);
#6751=ORIENTED_EDGE('',*,*,#6729,.F.);
#6752=ORIENTED_EDGE('',*,*,#6675,.T.);
#6753=ORIENTED_EDGE('',*,*,#6554,.T.);
#6754=ORIENTED_EDGE('',*,*,#6657,.F.);
#6755=EDGE_LOOP('',(#6751,#6752,#6753,#6754));
#6756=FACE_OUTER_BOUND('',#6755,.T.);
#6757=ADVANCED_FACE('',(#6756),#6750,.T.);
#6758=CARTESIAN_POINT('',(128.549999959497000,66.550000099797003,-25.017648431156800));
#6759=DIRECTION('',(0.0,0.0,1.0));
#6760=DIRECTION('',(0.0,1.0,0.0));
#6761=AXIS2_PLACEMENT_3D('',#6758,#6759,#6760);
#6762=CYLINDRICAL_SURFACE('',#6761,0.200000000000000);
#6763=ORIENTED_EDGE('',*,*,#6735,.F.);
#6764=ORIENTED_EDGE('',*,*,#6650,.T.);
#6765=ORIENTED_EDGE('',*,*,#6435,.T.);
#6766=ORIENTED_EDGE('',*,*,#6707,.F.);
#6767=EDGE_LOOP('',(#6763,#6764,#6765,#6766));
#6768=FACE_OUTER_BOUND('',#6767,.T.);
#6769=ADVANCED_FACE('',(#6768),#6762,.T.);
#6770=CARTESIAN_POINT('',(128.549999959497000,60.598181475090698,-22.0));
#6771=DIRECTION('',(0.0,-1.0,0.0));
#6772=DIRECTION('',(0.0,0.0,1.0));
#6773=AXIS2_PLACEMENT_3D('',#6770,#6771,#6772);
#6774=CYLINDRICAL_SURFACE('',#6773,0.200000000000000);
#6775=ORIENTED_EDGE('',*,*,#6741,.F.);
#6776=ORIENTED_EDGE('',*,*,#6700,.T.);
#6777=ORIENTED_EDGE('',*,*,#6483,.T.);
#6778=CARTESIAN_POINT('',(128.549999959497000,50.950000099797002,-22.0));
#6779=DIRECTION('',(0.0,-0.707106781186548,-0.707106781186548));
#6780=DIRECTION('',(0.0,-0.707106781186548,0.707106781186548));
#6781=AXIS2_PLACEMENT_3D('',#6778,#6779,#6780);
#6782=ELLIPSE('',#6781,0.282842712474619,0.200000000000000);
#6783=EDGE_CURVE('',#6718,#6470,#6782,.T.);
#6784=ORIENTED_EDGE('',*,*,#6783,.F.);
#6785=EDGE_LOOP('',(#6775,#6776,#6777,#6784));
#6786=FACE_OUTER_BOUND('',#6785,.T.);
#6787=ADVANCED_FACE('',(#6786),#6774,.T.);
#6788=CARTESIAN_POINT('',(128.549999959497000,50.950000099797002,-25.017648431156800));
#6789=DIRECTION('',(0.0,0.0,-1.0));
#6790=DIRECTION('',(0.0,-1.0,0.0));
#6791=AXIS2_PLACEMENT_3D('',#6788,#6789,#6790);
#6792=CYLINDRICAL_SURFACE('',#6791,0.200000000000000);
#6793=ORIENTED_EDGE('',*,*,#6723,.F.);
#6794=ORIENTED_EDGE('',*,*,#6783,.T.);
#6795=ORIENTED_EDGE('',*,*,#6513,.T.);
#6796=ORIENTED_EDGE('',*,*,#6682,.F.);
#6797=EDGE_LOOP('',(#6793,#6794,#6795,#6796));
#6798=FACE_OUTER_BOUND('',#6797,.T.);
#6799=ADVANCED_FACE('',(#6798),#6792,.T.);
#6800=CARTESIAN_POINT('',(125.749999959496990,60.598181475090698,-25.017648431156800));
#6801=DIRECTION('',(1.0,0.0,0.0));
#6802=DIRECTION('',(0.0,0.0,-1.0));
#6803=AXIS2_PLACEMENT_3D('',#6800,#6801,#6802);
#6804=PLANE('',#6803);
#6805=ORIENTED_EDGE('',*,*,#6538,.F.);
#6806=ORIENTED_EDGE('',*,*,#6631,.F.);
#6807=ORIENTED_EDGE('',*,*,#6520,.F.);
#6808=ORIENTED_EDGE('',*,*,#6467,.F.);
#6809=ORIENTED_EDGE('',*,*,#6607,.F.);
#6810=ORIENTED_EDGE('',*,*,#6449,.F.);
#6811=ORIENTED_EDGE('',*,*,#6583,.F.);
#6812=EDGE_LOOP('',(#6805,#6806,#6807,#6808,#6809,#6810,#6811));
#6813=FACE_OUTER_BOUND('',#6812,.T.);
#6814=ADVANCED_FACE('',(#6813),#6804,.F.);
#6815=CLOSED_SHELL('',(#6453,#6493,#6524,#6564,#6588,#6612,#6636,#6661,#6686,#6711,#6745,#6757,#6769,#6787,#6799,#6814));
#6816=MANIFOLD_SOLID_BREP('22',#6815);
#6817=COLOUR_RGB('',1.0,1.0,1.0);
#6818=DRAUGHTING_PRE_DEFINED_CURVE_FONT('continuous');
#6819=CURVE_STYLE('',#6818,POSITIVE_LENGTH_MEASURE(0.100000000000000),#6817);
#6820=FILL_AREA_STYLE_COLOUR('',#6817);
#6821=FILL_AREA_STYLE('',(#6820));
#6822=SURFACE_STYLE_FILL_AREA(#6821);
#6823=SURFACE_SIDE_STYLE('',(#6822));
#6824=SURFACE_STYLE_USAGE(.BOTH.,#6823);
#6825=PRESENTATION_STYLE_ASSIGNMENT((#6819,#6824));
#6826=STYLED_ITEM('',(#6825,#1033),#6816);
#6827=MECHANICAL_DESIGN_GEOMETRIC_PRESENTATION_REPRESENTATION('',(#6826),#6413);
#6828=ADVANCED_BREP_SHAPE_REPRESENTATION('ABSR',(#6816),#6382);
#6829=SHAPE_REPRESENTATION_RELATIONSHIP('SRR','None',#6828,#6387);
#6830=AXIS2_PLACEMENT_3D('',#6831,#6832,#6833);
#6831=CARTESIAN_POINT('',(152.749999959496990,9.755000000000001,104.449995959496990));
#6832=DIRECTION('',(1.0,0.0,0.0));
#6833=DIRECTION('',(0.0,0.0,-1.0));
#6834=NEXT_ASSEMBLY_USAGE_OCCURRENCE('22:1','22:1','22:1',#12,#6358,'22:1');
#6835=PRODUCT_DEFINITION_SHAPE('22:1','22:1',#6834);
#6836=ITEM_DEFINED_TRANSFORMATION('22:1','22:1',#6383,#6830);
#6840=(REPRESENTATION_RELATIONSHIP('22:1','22:1',#6387,#41)REPRESENTATION_RELATIONSHIP_WITH_TRANSFORMATION(#6836)SHAPE_REPRESENTATION_RELATIONSHIP());
#6841=CONTEXT_DEPENDENT_SHAPE_REPRESENTATION(#6840,#6835);
#6842=APPLICATION_CONTEXT('automotive design');
#6843=APPLICATION_PROTOCOL_DEFINITION('International Standard','automotive_design',2001,#6842);
#6844=PRODUCT_CONTEXT('',#6842,'mechanical');
#6845=PRODUCT('225','225',$,(#6844));
#6846=PRODUCT_RELATED_PRODUCT_CATEGORY('part',$,(#6845));
#6847=PRODUCT_DEFINITION_FORMATION('',$,#6845);
#6848=PRODUCT_DEFINITION_CONTEXT('part definition',#6842,'design');
#6849=PRODUCT_DEFINITION('',$,#6847,#6848);
#6855=(NAMED_UNIT(*)PLANE_ANGLE_UNIT()SI_UNIT($,.RADIAN.));
#6856=DIMENSIONAL_EXPONENTS(0.0,0.0,0.0,0.0,0.0,0.0,0.0);
#6857=PLANE_ANGLE_MEASURE_WITH_UNIT(PLANE_ANGLE_MEASURE(0.017453292500000),#6855);
#6861=(CONVERSION_BASED_UNIT('DEGREE',#6857)NAMED_UNIT(#6856)PLANE_ANGLE_UNIT());
#6865=(NAMED_UNIT(*)SI_UNIT($,.STERADIAN.)SOLID_ANGLE_UNIT());
#6869=(LENGTH_UNIT()NAMED_UNIT(*)SI_UNIT(.MILLI.,.METRE.));
#6871=UNCERTAINTY_MEASURE_WITH_UNIT(LENGTH_MEASURE(0.010000000000000),#6869,'DISTANCE_ACCURACY_VALUE','');
#6873=(GEOMETRIC_REPRESENTATION_CONTEXT(3)GLOBAL_UNCERTAINTY_ASSIGNED_CONTEXT((#6871))GLOBAL_UNIT_ASSIGNED_CONTEXT((#6861,#6865,#6869))REPRESENTATION_CONTEXT('None','None'));
#6874=AXIS2_PLACEMENT_3D('',#6875,#6876,#6877);
#6875=CARTESIAN_POINT('',(0.0,0.0,0.0));
#6876=DIRECTION('',(0.0,0.0,1.0));
#6877=DIRECTION('',(1.0,0.0,0.0));
#6878=SHAPE_REPRESENTATION('',(#6874),#6873);
#6879=PRODUCT_DEFINITION_SHAPE('','',#6849);
#6880=SHAPE_DEFINITION_REPRESENTATION(#6879,#6878);
#6886=(NAMED_UNIT(*)PLANE_ANGLE_UNIT()SI_UNIT($,.RADIAN.));
#6887=DIMENSIONAL_EXPONENTS(0.0,0.0,0.0,0.0,0.0,0.0,0.0);
#6888=PLANE_ANGLE_MEASURE_WITH_UNIT(PLANE_ANGLE_MEASURE(0.017453292500000),#6886);
#6892=(CONVERSION_BASED_UNIT('DEGREE',#6888)NAMED_UNIT(#6887)PLANE_ANGLE_UNIT());
#6896=(NAMED_UNIT(*)SI_UNIT($,.STERADIAN.)SOLID_ANGLE_UNIT());
#6900=(LENGTH_UNIT()NAMED_UNIT(*)SI_UNIT(.MILLI.,.METRE.));
#6902=UNCERTAINTY_MEASURE_WITH_UNIT(LENGTH_MEASURE(0.000001000000000),#6900,'DISTANCE_ACCURACY_VALUE','');
#6904=(GEOMETRIC_REPRESENTATION_CONTEXT(3)GLOBAL_UNCERTAINTY_ASSIGNED_CONTEXT((#6902))GLOBAL_UNIT_ASSIGNED_CONTEXT((#6892,#6896,#6900))REPRESENTATION_CONTEXT('','3D'));
#6905=CARTESIAN_POINT('',(128.749999959497020,59.275000099796998,-17.399999999999999));
#6906=DIRECTION('',(0.0,0.0,1.0));
#6907=DIRECTION('',(1.0,0.0,0.0));
#6908=AXIS2_PLACEMENT_3D('',#6905,#6906,#6907);
#6909=PLANE('',#6908);
#6910=CARTESIAN_POINT('',(128.749999959497020,65.075000099796995,-17.399999999999999));
#6911=VERTEX_POINT('',#6910);
#6912=CARTESIAN_POINT('',(128.749999959497020,59.275000099796998,-17.399999999999999));
#6913=VERTEX_POINT('',#6912);
#6914=CARTESIAN_POINT('',(128.749999959497020,65.075000099796995,-17.399999999999999));
#6915=DIRECTION('',(0.0,-1.0,0.0));
#6916=VECTOR('',#6915,5.799999999999997);
#6917=LINE('',#6914,#6916);
#6918=EDGE_CURVE('',#6911,#6913,#6917,.T.);
#6919=ORIENTED_EDGE('',*,*,#6918,.T.);
#6920=CARTESIAN_POINT('',(129.049999959497030,59.275000099796998,-17.399999999999999));
#6921=VERTEX_POINT('',#6920);
#6922=CARTESIAN_POINT('',(128.749999959497020,59.275000099796998,-17.399999999999999));
#6923=DIRECTION('',(1.0,0.0,0.0));
#6924=VECTOR('',#6923,0.300000000000011);
#6925=LINE('',#6922,#6924);
#6926=EDGE_CURVE('',#6913,#6921,#6925,.T.);
#6927=ORIENTED_EDGE('',*,*,#6926,.T.);
#6928=CARTESIAN_POINT('',(129.049999959497030,65.075000099796995,-17.399999999999999));
#6929=VERTEX_POINT('',#6928);
#6930=CARTESIAN_POINT('',(129.049999959497030,65.075000099796995,-17.399999999999999));
#6931=DIRECTION('',(0.0,-1.0,0.0));
#6932=VECTOR('',#6931,5.799999999999997);
#6933=LINE('',#6930,#6932);
#6934=EDGE_CURVE('',#6929,#6921,#6933,.T.);
#6935=ORIENTED_EDGE('',*,*,#6934,.F.);
#6936=CARTESIAN_POINT('',(128.749999959497020,65.075000099796995,-17.399999999999999));
#6937=DIRECTION('',(1.0,0.0,0.0));
#6938=VECTOR('',#6937,0.300000000000011);
#6939=LINE('',#6936,#6938);
#6940=EDGE_CURVE('',#6911,#6929,#6939,.T.);
#6941=ORIENTED_EDGE('',*,*,#6940,.F.);
#6942=EDGE_LOOP('',(#6919,#6927,#6935,#6941));
#6943=FACE_OUTER_BOUND('',#6942,.T.);
#6944=ADVANCED_FACE('',(#6943),#6909,.T.);
#6945=CARTESIAN_POINT('',(128.749999959497020,59.275000099796998,-27.0));
#6946=DIRECTION('',(0.0,-1.0,0.0));
#6947=DIRECTION('',(0.0,0.0,-1.0));
#6948=AXIS2_PLACEMENT_3D('',#6945,#6946,#6947);
#6949=PLANE('',#6948);
#6950=CARTESIAN_POINT('',(128.549999959497000,59.275000099796998,-27.0));
#6951=VERTEX_POINT('',#6950);
#6952=CARTESIAN_POINT('',(123.949999959497010,59.275000099796998,-27.0));
#6953=VERTEX_POINT('',#6952);
#6954=CARTESIAN_POINT('',(128.549999959497000,59.275000099796998,-27.0));
#6955=DIRECTION('',(-1.0,0.0,0.0));
#6956=VECTOR('',#6955,4.600000000000009);
#6957=LINE('',#6954,#6956);
#6958=EDGE_CURVE('',#6951,#6953,#6957,.T.);
#6959=ORIENTED_EDGE('',*,*,#6958,.F.);
#6960=CARTESIAN_POINT('',(129.049999959497030,59.275000099796998,-26.500000000000004));
#6961=VERTEX_POINT('',#6960);
#6962=CARTESIAN_POINT('',(128.549999959497000,59.275000099796998,-26.500000000000004));
#6963=DIRECTION('',(0.0,1.0,0.0));
#6964=DIRECTION('',(0.0,0.0,-1.0));
#6965=AXIS2_PLACEMENT_3D('',#6962,#6963,#6964);
#6966=CIRCLE('',#6965,0.500000000000000);
#6967=EDGE_CURVE('',#6961,#6951,#6966,.T.);
#6968=ORIENTED_EDGE('',*,*,#6967,.F.);
#6969=CARTESIAN_POINT('',(129.049999959497030,59.275000099796998,-17.399999999999999));
#6970=DIRECTION('',(0.0,0.0,-1.0));
#6971=VECTOR('',#6970,9.100000000000001);
#6972=LINE('',#6969,#6971);
#6973=EDGE_CURVE('',#6921,#6961,#6972,.T.);
#6974=ORIENTED_EDGE('',*,*,#6973,.F.);
#6975=ORIENTED_EDGE('',*,*,#6926,.F.);
#6976=CARTESIAN_POINT('',(128.749999959497020,59.275000099796998,-26.200000000000003));
#6977=VERTEX_POINT('',#6976);
#6978=CARTESIAN_POINT('',(128.749999959497020,59.275000099796998,-17.399999999999999));
#6979=DIRECTION('',(0.0,0.0,-1.0));
#6980=VECTOR('',#6979,8.800000000000001);
#6981=LINE('',#6978,#6980);
#6982=EDGE_CURVE('',#6913,#6977,#6981,.T.);
#6983=ORIENTED_EDGE('',*,*,#6982,.T.);
#6984=CARTESIAN_POINT('',(128.249999959496990,59.275000099796998,-26.699999999999999));
#6985=VERTEX_POINT('',#6984);
#6986=CARTESIAN_POINT('',(128.249999959496990,59.275000099796998,-26.200000000000003));
#6987=DIRECTION('',(0.0,-1.0,0.0));
#6988=DIRECTION('',(0.0,0.0,1.0));
#6989=AXIS2_PLACEMENT_3D('',#6986,#6987,#6988);
#6990=CIRCLE('',#6989,0.500000000000000);
#6991=EDGE_CURVE('',#6985,#6977,#6990,.T.);
#6992=ORIENTED_EDGE('',*,*,#6991,.F.);
#6993=CARTESIAN_POINT('',(124.249999959496990,59.275000099796998,-26.699999999999999));
#6994=VERTEX_POINT('',#6993);
#6995=CARTESIAN_POINT('',(128.249999959496990,59.275000099796998,-26.699999999999999));
#6996=DIRECTION('',(-1.0,0.0,0.0));
#6997=VECTOR('',#6996,4.0);
#6998=LINE('',#6995,#6997);
#6999=EDGE_CURVE('',#6985,#6994,#6998,.T.);
#7000=ORIENTED_EDGE('',*,*,#6999,.T.);
#7001=CARTESIAN_POINT('',(123.749999959497000,59.275000099796998,-26.200000000000003));
#7002=VERTEX_POINT('',#7001);
#7003=CARTESIAN_POINT('',(124.249999959496990,59.275000099796998,-26.200000000000003));
#7004=DIRECTION('',(0.0,1.0,0.0));
#7005=DIRECTION('',(0.0,0.0,-1.0));
#7006=AXIS2_PLACEMENT_3D('',#7003,#7004,#7005);
#7007=CIRCLE('',#7006,0.500000000000000);
#7008=EDGE_CURVE('',#6994,#7002,#7007,.T.);
#7009=ORIENTED_EDGE('',*,*,#7008,.T.);
#7010=CARTESIAN_POINT('',(123.749999959497000,59.275000099796998,-14.699999999999999));
#7011=VERTEX_POINT('',#7010);
#7012=CARTESIAN_POINT('',(123.749999959497000,59.275000099796998,-26.200000000000003));
#7013=DIRECTION('',(0.0,0.0,1.0));
#7014=VECTOR('',#7013,11.500000000000002);
#7015=LINE('',#7012,#7014);
#7016=EDGE_CURVE('',#7002,#7011,#7015,.T.);
#7017=ORIENTED_EDGE('',*,*,#7016,.T.);
#7018=CARTESIAN_POINT('',(123.449999959496990,59.275000099796998,-14.699999999999999));
#7019=VERTEX_POINT('',#7018);
#7020=CARTESIAN_POINT('',(123.749999959497000,59.275000099796998,-14.699999999999999));
#7021=DIRECTION('',(-1.0,0.0,0.0));
#7022=VECTOR('',#7021,0.300000000000011);
#7023=LINE('',#7020,#7022);
#7024=EDGE_CURVE('',#7011,#7019,#7023,.T.);
#7025=ORIENTED_EDGE('',*,*,#7024,.T.);
#7026=CARTESIAN_POINT('',(123.449999959496990,59.275000099796998,-26.500000000000004));
#7027=VERTEX_POINT('',#7026);
#7028=CARTESIAN_POINT('',(123.449999959496990,59.275000099796998,-14.699999999999999));
#7029=DIRECTION('',(0.0,0.0,-1.0));
#7030=VECTOR('',#7029,11.800000000000004);
#7031=LINE('',#7028,#7030);
#7032=EDGE_CURVE('',#7019,#7027,#7031,.T.);
#7033=ORIENTED_EDGE('',*,*,#7032,.T.);
#7034=CARTESIAN_POINT('',(123.949999959497010,59.275000099796998,-26.500000000000004));
#7035=DIRECTION('',(0.0,1.0,0.0));
#7036=DIRECTION('',(0.0,0.0,-1.0));
#7037=AXIS2_PLACEMENT_3D('',#7034,#7035,#7036);
#7038=CIRCLE('',#7037,0.500000000000000);
#7039=EDGE_CURVE('',#6953,#7027,#7038,.T.);
#7040=ORIENTED_EDGE('',*,*,#7039,.F.);
#7041=EDGE_LOOP('',(#6959,#6968,#6974,#6975,#6983,#6992,#7000,#7009,#7017,#7025,#7033,#7040));
#7042=FACE_OUTER_BOUND('',#7041,.T.);
#7043=ADVANCED_FACE('',(#7042),#6949,.T.);
#7044=CARTESIAN_POINT('',(128.749999959497020,65.075000099796995,-27.0));
#7045=DIRECTION('',(0.0,0.0,-1.0));
#7046=DIRECTION('',(-1.0,0.0,0.0));
#7047=AXIS2_PLACEMENT_3D('',#7044,#7045,#7046);
#7048=PLANE('',#7047);
#7049=CARTESIAN_POINT('',(128.549999959497000,65.075000099796995,-27.0));
#7050=VERTEX_POINT('',#7049);
#7051=CARTESIAN_POINT('',(123.949999959497010,65.075000099796995,-27.0));
#7052=VERTEX_POINT('',#7051);
#7053=CARTESIAN_POINT('',(128.549999959497000,65.075000099796995,-27.0));
#7054=DIRECTION('',(-1.0,0.0,0.0));
#7055=VECTOR('',#7054,4.600000000000009);
#7056=LINE('',#7053,#7055);
#7057=EDGE_CURVE('',#7050,#7052,#7056,.T.);
#7058=ORIENTED_EDGE('',*,*,#7057,.F.);
#7059=CARTESIAN_POINT('',(128.549999959497000,59.275000099796998,-27.0));
#7060=DIRECTION('',(0.0,1.0,0.0));
#7061=VECTOR('',#7060,5.799999999999997);
#7062=LINE('',#7059,#7061);
#7063=EDGE_CURVE('',#6951,#7050,#7062,.T.);
#7064=ORIENTED_EDGE('',*,*,#7063,.F.);
#7065=ORIENTED_EDGE('',*,*,#6958,.T.);
#7066=CARTESIAN_POINT('',(123.949999959497010,59.275000099796998,-27.0));
#7067=DIRECTION('',(0.0,1.0,0.0));
#7068=VECTOR('',#7067,5.799999999999997);
#7069=LINE('',#7066,#7068);
#7070=EDGE_CURVE('',#6953,#7052,#7069,.T.);
#7071=ORIENTED_EDGE('',*,*,#7070,.T.);
#7072=EDGE_LOOP('',(#7058,#7064,#7065,#7071));
#7073=FACE_OUTER_BOUND('',#7072,.T.);
#7074=ADVANCED_FACE('',(#7073),#7048,.T.);
#7075=CARTESIAN_POINT('',(128.749999959497020,65.075000099796995,-26.699999999999999));
#7076=DIRECTION('',(0.0,0.0,1.0));
#7077=DIRECTION('',(1.0,0.0,0.0));
#7078=AXIS2_PLACEMENT_3D('',#7075,#7076,#7077);
#7079=PLANE('',#7078);
#7080=CARTESIAN_POINT('',(128.249999959496990,65.075000099796995,-26.699999999999999));
#7081=VERTEX_POINT('',#7080);
#7082=CARTESIAN_POINT('',(128.249999959496990,65.075000099796995,-26.699999999999999));
#7083=DIRECTION('',(0.0,-1.0,0.0));
#7084=VECTOR('',#7083,5.799999999999997);
#7085=LINE('',#7082,#7084);
#7086=EDGE_CURVE('',#7081,#6985,#7085,.T.);
#7087=ORIENTED_EDGE('',*,*,#7086,.F.);
#7088=CARTESIAN_POINT('',(124.249999959496990,65.075000099796995,-26.699999999999999));
#7089=VERTEX_POINT('',#7088);
#7090=CARTESIAN_POINT('',(128.249999959496990,65.075000099796995,-26.699999999999999));
#7091=DIRECTION('',(-1.0,0.0,0.0));
#7092=VECTOR('',#7091,4.0);
#7093=LINE('',#7090,#7092);
#7094=EDGE_CURVE('',#7081,#7089,#7093,.T.);
#7095=ORIENTED_EDGE('',*,*,#7094,.T.);
#7096=CARTESIAN_POINT('',(124.249999959496990,59.275000099796998,-26.699999999999999));
#7097=DIRECTION('',(0.0,1.0,0.0));
#7098=VECTOR('',#7097,5.799999999999997);
#7099=LINE('',#7096,#7098);
#7100=EDGE_CURVE('',#6994,#7089,#7099,.T.);
#7101=ORIENTED_EDGE('',*,*,#7100,.F.);
#7102=ORIENTED_EDGE('',*,*,#6999,.F.);
#7103=EDGE_LOOP('',(#7087,#7095,#7101,#7102));
#7104=FACE_OUTER_BOUND('',#7103,.T.);
#7105=ADVANCED_FACE('',(#7104),#7079,.T.);
#7106=CARTESIAN_POINT('',(124.249999959496990,62.533092428404203,-26.200000000000003));
#7107=DIRECTION('',(0.0,1.0,0.0));
#7108=DIRECTION('',(0.0,0.0,-1.0));
#7109=AXIS2_PLACEMENT_3D('',#7106,#7107,#7108);
#7110=CYLINDRICAL_SURFACE('',#7109,0.500000000000000);
#7111=ORIENTED_EDGE('',*,*,#7100,.T.);
#7112=CARTESIAN_POINT('',(123.749999959497000,65.075000099796995,-26.200000000000003));
#7113=VERTEX_POINT('',#7112);
#7114=CARTESIAN_POINT('',(124.249999959496990,65.075000099796995,-26.200000000000003));
#7115=DIRECTION('',(0.0,1.0,0.0));
#7116=DIRECTION('',(0.0,0.0,-1.0));
#7117=AXIS2_PLACEMENT_3D('',#7114,#7115,#7116);
#7118=CIRCLE('',#7117,0.500000000000000);
#7119=EDGE_CURVE('',#7089,#7113,#7118,.T.);
#7120=ORIENTED_EDGE('',*,*,#7119,.T.);
#7121=CARTESIAN_POINT('',(123.749999959497000,59.275000099796998,-26.200000000000003));
#7122=DIRECTION('',(0.0,1.0,0.0));
#7123=VECTOR('',#7122,5.799999999999997);
#7124=LINE('',#7121,#7123);
#7125=EDGE_CURVE('',#7002,#7113,#7124,.T.);
#7126=ORIENTED_EDGE('',*,*,#7125,.F.);
#7127=ORIENTED_EDGE('',*,*,#7008,.F.);
#7128=EDGE_LOOP('',(#7111,#7120,#7126,#7127));
#7129=FACE_OUTER_BOUND('',#7128,.T.);
#7130=ADVANCED_FACE('',(#7129),#7110,.F.);
#7131=CARTESIAN_POINT('',(128.249999959496990,62.533092428404203,-26.200000000000003));
#7132=DIRECTION('',(0.0,-1.0,0.0));
#7133=DIRECTION('',(0.0,0.0,1.0));
#7134=AXIS2_PLACEMENT_3D('',#7131,#7132,#7133);
#7135=CYLINDRICAL_SURFACE('',#7134,0.500000000000000);
#7136=ORIENTED_EDGE('',*,*,#7086,.T.);
#7137=ORIENTED_EDGE('',*,*,#6991,.T.);
#7138=CARTESIAN_POINT('',(128.749999959497020,65.075000099796995,-26.200000000000003));
#7139=VERTEX_POINT('',#7138);
#7140=CARTESIAN_POINT('',(128.749999959497020,65.075000099796995,-26.200000000000003));
#7141=DIRECTION('',(0.0,-1.0,0.0));
#7142=VECTOR('',#7141,5.799999999999997);
#7143=LINE('',#7140,#7142);
#7144=EDGE_CURVE('',#7139,#6977,#7143,.T.);
#7145=ORIENTED_EDGE('',*,*,#7144,.F.);
#7146=CARTESIAN_POINT('',(128.249999959496990,65.075000099796995,-26.200000000000003));
#7147=DIRECTION('',(0.0,-1.0,0.0));
#7148=DIRECTION('',(0.0,0.0,1.0));
#7149=AXIS2_PLACEMENT_3D('',#7146,#7147,#7148);
#7150=CIRCLE('',#7149,0.500000000000000);
#7151=EDGE_CURVE('',#7081,#7139,#7150,.T.);
#7152=ORIENTED_EDGE('',*,*,#7151,.F.);
#7153=EDGE_LOOP('',(#7136,#7137,#7145,#7152));
#7154=FACE_OUTER_BOUND('',#7153,.T.);
#7155=ADVANCED_FACE('',(#7154),#7135,.F.);
#7156=CARTESIAN_POINT('',(129.049999959497030,62.533092428404203,-24.438643111417004));
#7157=DIRECTION('',(1.0,0.0,0.0));
#7158=DIRECTION('',(0.0,0.0,-1.0));
#7159=AXIS2_PLACEMENT_3D('',#7156,#7157,#7158);
#7160=PLANE('',#7159);
#7161=CARTESIAN_POINT('',(129.049999959497030,65.075000099796995,-26.500000000000004));
#7162=VERTEX_POINT('',#7161);
#7163=CARTESIAN_POINT('',(129.049999959497030,59.275000099796998,-26.500000000000004));
#7164=DIRECTION('',(0.0,1.0,0.0));
#7165=VECTOR('',#7164,5.799999999999997);
#7166=LINE('',#7163,#7165);
#7167=EDGE_CURVE('',#6961,#7162,#7166,.T.);
#7168=ORIENTED_EDGE('',*,*,#7167,.T.);
#7169=CARTESIAN_POINT('',(129.049999959497030,65.075000099796995,-26.500000000000004));
#7170=DIRECTION('',(0.0,0.0,1.0));
#7171=VECTOR('',#7170,9.100000000000005);
#7172=LINE('',#7169,#7171);
#7173=EDGE_CURVE('',#7162,#6929,#7172,.T.);
#7174=ORIENTED_EDGE('',*,*,#7173,.T.);
#7175=ORIENTED_EDGE('',*,*,#6934,.T.);
#7176=ORIENTED_EDGE('',*,*,#6973,.T.);
#7177=EDGE_LOOP('',(#7168,#7174,#7175,#7176));
#7178=FACE_OUTER_BOUND('',#7177,.T.);
#7179=ADVANCED_FACE('',(#7178),#7160,.T.);
#7180=CARTESIAN_POINT('',(123.749999959497000,65.075000099796995,-26.699999999999999));
#7181=DIRECTION('',(1.0,0.0,0.0));
#7182=DIRECTION('',(0.0,0.0,-1.0));
#7183=AXIS2_PLACEMENT_3D('',#7180,#7181,#7182);
#7184=PLANE('',#7183);
#7185=ORIENTED_EDGE('',*,*,#7125,.T.);
#7186=CARTESIAN_POINT('',(123.749999959497000,65.075000099796995,-14.699999999999999));
#7187=VERTEX_POINT('',#7186);
#7188=CARTESIAN_POINT('',(123.749999959497000,65.075000099796995,-26.200000000000003));
#7189=DIRECTION('',(0.0,0.0,1.0));
#7190=VECTOR('',#7189,11.500000000000002);
#7191=LINE('',#7188,#7190);
#7192=EDGE_CURVE('',#7113,#7187,#7191,.T.);
#7193=ORIENTED_EDGE('',*,*,#7192,.T.);
#7194=CARTESIAN_POINT('',(123.749999959497000,64.075000099796995,-13.700000000000001));
#7195=VERTEX_POINT('',#7194);
#7196=CARTESIAN_POINT('',(123.749999959497000,64.075000099796995,-14.699999999999999));
#7197=DIRECTION('',(1.0,0.0,0.0));
#7198=DIRECTION('',(0.0,1.0,0.0));
#7199=AXIS2_PLACEMENT_3D('',#7196,#7197,#7198);
#7200=CIRCLE('',#7199,1.0);
#7201=EDGE_CURVE('',#7187,#7195,#7200,.T.);
#7202=ORIENTED_EDGE('',*,*,#7201,.T.);
#7203=CARTESIAN_POINT('',(123.749999959497000,60.275000099797005,-13.700000000000001));
#7204=VERTEX_POINT('',#7203);
#7205=CARTESIAN_POINT('',(123.749999959497000,64.075000099796995,-13.700000000000001));
#7206=DIRECTION('',(0.0,-1.0,0.0));
#7207=VECTOR('',#7206,3.799999999999990);
#7208=LINE('',#7205,#7207);
#7209=EDGE_CURVE('',#7195,#7204,#7208,.T.);
#7210=ORIENTED_EDGE('',*,*,#7209,.T.);
#7211=CARTESIAN_POINT('',(123.749999959497000,60.275000099797005,-14.699999999999999));
#7212=DIRECTION('',(-1.0,0.0,0.0));
#7213=DIRECTION('',(0.0,-1.0,0.0));
#7214=AXIS2_PLACEMENT_3D('',#7211,#7212,#7213);
#7215=CIRCLE('',#7214,1.0);
#7216=EDGE_CURVE('',#7011,#7204,#7215,.T.);
#7217=ORIENTED_EDGE('',*,*,#7216,.F.);
#7218=ORIENTED_EDGE('',*,*,#7016,.F.);
#7219=EDGE_LOOP('',(#7185,#7193,#7202,#7210,#7217,#7218));
#7220=FACE_OUTER_BOUND('',#7219,.T.);
#7221=CARTESIAN_POINT('',(123.749999959497000,61.025000099796998,-16.200000000000003));
#7222=VERTEX_POINT('',#7221);
#7223=CARTESIAN_POINT('',(123.749999959497000,62.175000099797010,-16.200000000000003));
#7224=DIRECTION('',(-1.0,0.0,0.0));
#7225=DIRECTION('',(0.0,-1.0,0.0));
#7226=AXIS2_PLACEMENT_3D('',#7223,#7224,#7225);
#7227=CIRCLE('',#7226,1.150000000000000);
#7228=EDGE_CURVE('',#7222,#7222,#7227,.T.);
#7229=ORIENTED_EDGE('',*,*,#7228,.T.);
#7230=EDGE_LOOP('',(#7229));
#7231=FACE_BOUND('',#7230,.T.);
#7232=ADVANCED_FACE('',(#7220,#7231),#7184,.T.);
#7233=CARTESIAN_POINT('',(123.449999959496990,65.075000099796995,-26.699999999999999));
#7234=DIRECTION('',(0.0,1.0,0.0));
#7235=DIRECTION('',(0.0,0.0,1.0));
#7236=AXIS2_PLACEMENT_3D('',#7233,#7234,#7235);
#7237=PLANE('',#7236);
#7238=CARTESIAN_POINT('',(123.449999959496990,65.075000099796995,-26.500000000000004));
#7239=VERTEX_POINT('',#7238);
#7240=CARTESIAN_POINT('',(123.449999959496990,65.075000099796995,-14.699999999999999));
#7241=VERTEX_POINT('',#7240);
#7242=CARTESIAN_POINT('',(123.449999959496990,65.075000099796995,-26.500000000000004));
#7243=DIRECTION('',(0.0,0.0,1.0));
#7244=VECTOR('',#7243,11.800000000000004);
#7245=LINE('',#7242,#7244);
#7246=EDGE_CURVE('',#7239,#7241,#7245,.T.);
#7247=ORIENTED_EDGE('',*,*,#7246,.T.);
#7248=CARTESIAN_POINT('',(123.449999959496990,65.075000099796995,-14.699999999999999));
#7249=DIRECTION('',(1.0,0.0,0.0));
#7250=VECTOR('',#7249,0.300000000000011);
#7251=LINE('',#7248,#7250);
#7252=EDGE_CURVE('',#7241,#7187,#7251,.T.);
#7253=ORIENTED_EDGE('',*,*,#7252,.T.);
#7254=ORIENTED_EDGE('',*,*,#7192,.F.);
#7255=ORIENTED_EDGE('',*,*,#7119,.F.);
#7256=ORIENTED_EDGE('',*,*,#7094,.F.);
#7257=ORIENTED_EDGE('',*,*,#7151,.T.);
#7258=CARTESIAN_POINT('',(128.749999959497020,65.075000099796995,-26.200000000000003));
#7259=DIRECTION('',(0.0,0.0,1.0));
#7260=VECTOR('',#7259,8.800000000000001);
#7261=LINE('',#7258,#7260);
#7262=EDGE_CURVE('',#7139,#6911,#7261,.T.);
#7263=ORIENTED_EDGE('',*,*,#7262,.T.);
#7264=ORIENTED_EDGE('',*,*,#6940,.T.);
#7265=ORIENTED_EDGE('',*,*,#7173,.F.);
#7266=CARTESIAN_POINT('',(128.549999959497000,65.075000099796995,-26.500000000000004));
#7267=DIRECTION('',(0.0,1.0,0.0));
#7268=DIRECTION('',(0.0,0.0,-1.0));
#7269=AXIS2_PLACEMENT_3D('',#7266,#7267,#7268);
#7270=CIRCLE('',#7269,0.500000000000000);
#7271=EDGE_CURVE('',#7162,#7050,#7270,.T.);
#7272=ORIENTED_EDGE('',*,*,#7271,.T.);
#7273=ORIENTED_EDGE('',*,*,#7057,.T.);
#7274=CARTESIAN_POINT('',(123.949999959497010,65.075000099796995,-26.500000000000004));
#7275=DIRECTION('',(0.0,1.0,0.0));
#7276=DIRECTION('',(0.0,0.0,-1.0));
#7277=AXIS2_PLACEMENT_3D('',#7274,#7275,#7276);
#7278=CIRCLE('',#7277,0.500000000000000);
#7279=EDGE_CURVE('',#7052,#7239,#7278,.T.);
#7280=ORIENTED_EDGE('',*,*,#7279,.T.);
#7281=EDGE_LOOP('',(#7247,#7253,#7254,#7255,#7256,#7257,#7263,#7264,#7265,#7272,#7273,#7280));
#7282=FACE_OUTER_BOUND('',#7281,.T.);
#7283=ADVANCED_FACE('',(#7282),#7237,.T.);
#7284=CARTESIAN_POINT('',(123.538792571935990,61.452437015027897,-13.700000000000001));
#7285=DIRECTION('',(0.0,0.0,1.0));
#7286=DIRECTION('',(1.0,0.0,0.0));
#7287=AXIS2_PLACEMENT_3D('',#7284,#7285,#7286);
#7288=PLANE('',#7287);
#7289=CARTESIAN_POINT('',(123.449999959496990,64.075000099796995,-13.700000000000001));
#7290=VERTEX_POINT('',#7289);
#7291=CARTESIAN_POINT('',(123.449999959496990,64.075000099796995,-13.700000000000001));
#7292=DIRECTION('',(1.0,0.0,0.0));
#7293=VECTOR('',#7292,0.300000000000011);
#7294=LINE('',#7291,#7293);
#7295=EDGE_CURVE('',#7290,#7195,#7294,.T.);
#7296=ORIENTED_EDGE('',*,*,#7295,.F.);
#7297=CARTESIAN_POINT('',(123.449999959496990,60.275000099797005,-13.700000000000001));
#7298=VERTEX_POINT('',#7297);
#7299=CARTESIAN_POINT('',(123.449999959496990,60.275000099797005,-13.700000000000001));
#7300=DIRECTION('',(0.0,1.0,0.0));
#7301=VECTOR('',#7300,3.799999999999990);
#7302=LINE('',#7299,#7301);
#7303=EDGE_CURVE('',#7298,#7290,#7302,.T.);
#7304=ORIENTED_EDGE('',*,*,#7303,.F.);
#7305=CARTESIAN_POINT('',(123.749999959497000,60.275000099797005,-13.700000000000001));
#7306=DIRECTION('',(-1.0,0.0,0.0));
#7307=VECTOR('',#7306,0.300000000000011);
#7308=LINE('',#7305,#7307);
#7309=EDGE_CURVE('',#7204,#7298,#7308,.T.);
#7310=ORIENTED_EDGE('',*,*,#7309,.F.);
#7311=ORIENTED_EDGE('',*,*,#7209,.F.);
#7312=EDGE_LOOP('',(#7296,#7304,#7310,#7311));
#7313=FACE_OUTER_BOUND('',#7312,.T.);
#7314=ADVANCED_FACE('',(#7313),#7288,.T.);
#7315=CARTESIAN_POINT('',(128.749999959497020,60.275000099797005,-14.699999999999999));
#7316=DIRECTION('',(-1.0,0.0,0.0));
#7317=DIRECTION('',(0.0,-1.0,0.0));
#7318=AXIS2_PLACEMENT_3D('',#7315,#7316,#7317);
#7319=CYLINDRICAL_SURFACE('',#7318,1.0);
#7320=ORIENTED_EDGE('',*,*,#7309,.T.);
#7321=CARTESIAN_POINT('',(123.449999959496990,60.275000099797005,-14.699999999999999));
#7322=DIRECTION('',(-1.0,0.0,0.0));
#7323=DIRECTION('',(0.0,-1.0,0.0));
#7324=AXIS2_PLACEMENT_3D('',#7321,#7322,#7323);
#7325=CIRCLE('',#7324,1.0);
#7326=EDGE_CURVE('',#7019,#7298,#7325,.T.);
#7327=ORIENTED_EDGE('',*,*,#7326,.F.);
#7328=ORIENTED_EDGE('',*,*,#7024,.F.);
#7329=ORIENTED_EDGE('',*,*,#7216,.T.);
#7330=EDGE_LOOP('',(#7320,#7327,#7328,#7329));
#7331=FACE_OUTER_BOUND('',#7330,.T.);
#7332=ADVANCED_FACE('',(#7331),#7319,.T.);
#7333=CARTESIAN_POINT('',(128.749999959497020,64.075000099796995,-14.699999999999999));
#7334=DIRECTION('',(1.0,0.0,0.0));
#7335=DIRECTION('',(0.0,1.0,0.0));
#7336=AXIS2_PLACEMENT_3D('',#7333,#7334,#7335);
#7337=CYLINDRICAL_SURFACE('',#7336,1.0);
#7338=ORIENTED_EDGE('',*,*,#7295,.T.);
#7339=ORIENTED_EDGE('',*,*,#7201,.F.);
#7340=ORIENTED_EDGE('',*,*,#7252,.F.);
#7341=CARTESIAN_POINT('',(123.449999959496990,64.075000099796995,-14.699999999999999));
#7342=DIRECTION('',(1.0,0.0,0.0));
#7343=DIRECTION('',(0.0,1.0,0.0));
#7344=AXIS2_PLACEMENT_3D('',#7341,#7342,#7343);
#7345=CIRCLE('',#7344,1.0);
#7346=EDGE_CURVE('',#7241,#7290,#7345,.T.);
#7347=ORIENTED_EDGE('',*,*,#7346,.T.);
#7348=EDGE_LOOP('',(#7338,#7339,#7340,#7347));
#7349=FACE_OUTER_BOUND('',#7348,.T.);
#7350=ADVANCED_FACE('',(#7349),#7337,.T.);
#7351=CARTESIAN_POINT('',(129.610002359497000,62.175000099797010,-16.200000000000003));
#7352=DIRECTION('',(-1.0,0.0,0.0));
#7353=DIRECTION('',(0.0,-1.0,0.0));
#7354=AXIS2_PLACEMENT_3D('',#7351,#7352,#7353);
#7355=CYLINDRICAL_SURFACE('',#7354,1.150000000000000);
#7356=ORIENTED_EDGE('',*,*,#7228,.F.);
#7357=EDGE_LOOP('',(#7356));
#7358=FACE_OUTER_BOUND('',#7357,.T.);
#7359=CARTESIAN_POINT('',(123.449999959496990,61.025000099796998,-16.200000000000003));
#7360=VERTEX_POINT('',#7359);
#7361=CARTESIAN_POINT('',(123.449999959496990,62.175000099797010,-16.200000000000003));
#7362=DIRECTION('',(-1.0,0.0,0.0));
#7363=DIRECTION('',(0.0,-1.0,0.0));
#7364=AXIS2_PLACEMENT_3D('',#7361,#7362,#7363);
#7365=CIRCLE('',#7364,1.150000000000000);
#7366=EDGE_CURVE('',#7360,#7360,#7365,.T.);
#7367=ORIENTED_EDGE('',*,*,#7366,.T.);
#7368=EDGE_LOOP('',(#7367));
#7369=FACE_BOUND('',#7368,.T.);
#7370=ADVANCED_FACE('',(#7358,#7369),#7355,.F.);
#7371=CARTESIAN_POINT('',(128.549999959497000,62.533092428404203,-26.500000000000004));
#7372=DIRECTION('',(0.0,1.0,0.0));
#7373=DIRECTION('',(0.0,0.0,-1.0));
#7374=AXIS2_PLACEMENT_3D('',#7371,#7372,#7373);
#7375=CYLINDRICAL_SURFACE('',#7374,0.500000000000000);
#7376=ORIENTED_EDGE('',*,*,#7167,.F.);
#7377=ORIENTED_EDGE('',*,*,#6967,.T.);
#7378=ORIENTED_EDGE('',*,*,#7063,.T.);
#7379=ORIENTED_EDGE('',*,*,#7271,.F.);
#7380=EDGE_LOOP('',(#7376,#7377,#7378,#7379));
#7381=FACE_OUTER_BOUND('',#7380,.T.);
#7382=ADVANCED_FACE('',(#7381),#7375,.T.);
#7383=CARTESIAN_POINT('',(128.749999959497020,62.533092428404203,-24.438643111417004));
#7384=DIRECTION('',(1.0,0.0,0.0));
#7385=DIRECTION('',(0.0,0.0,-1.0));
#7386=AXIS2_PLACEMENT_3D('',#7383,#7384,#7385);
#7387=PLANE('',#7386);
#7388=ORIENTED_EDGE('',*,*,#7262,.F.);
#7389=ORIENTED_EDGE('',*,*,#7144,.T.);
#7390=ORIENTED_EDGE('',*,*,#6982,.F.);
#7391=ORIENTED_EDGE('',*,*,#6918,.F.);
#7392=EDGE_LOOP('',(#7388,#7389,#7390,#7391));
#7393=FACE_OUTER_BOUND('',#7392,.T.);
#7394=ADVANCED_FACE('',(#7393),#7387,.F.);
#7395=CARTESIAN_POINT('',(123.449999959496990,59.275000099796998,-26.699999999999999));
#7396=DIRECTION('',(-1.0,0.0,0.0));
#7397=DIRECTION('',(0.0,0.0,1.0));
#7398=AXIS2_PLACEMENT_3D('',#7395,#7396,#7397);
#7399=PLANE('',#7398);
#7400=CARTESIAN_POINT('',(123.449999959496990,59.275000099796998,-26.500000000000004));
#7401=DIRECTION('',(0.0,1.0,0.0));
#7402=VECTOR('',#7401,5.799999999999997);
#7403=LINE('',#7400,#7402);
#7404=EDGE_CURVE('',#7027,#7239,#7403,.T.);
#7405=ORIENTED_EDGE('',*,*,#7404,.F.);
#7406=ORIENTED_EDGE('',*,*,#7032,.F.);
#7407=ORIENTED_EDGE('',*,*,#7326,.T.);
#7408=ORIENTED_EDGE('',*,*,#7303,.T.);
#7409=ORIENTED_EDGE('',*,*,#7346,.F.);
#7410=ORIENTED_EDGE('',*,*,#7246,.F.);
#7411=EDGE_LOOP('',(#7405,#7406,#7407,#7408,#7409,#7410));
#7412=FACE_OUTER_BOUND('',#7411,.T.);
#7413=ORIENTED_EDGE('',*,*,#7366,.F.);
#7414=EDGE_LOOP('',(#7413));
#7415=FACE_BOUND('',#7414,.T.);
#7416=ADVANCED_FACE('',(#7412,#7415),#7399,.T.);
#7417=CARTESIAN_POINT('',(123.949999959497010,62.533092428404203,-26.500000000000004));
#7418=DIRECTION('',(0.0,1.0,0.0));
#7419=DIRECTION('',(0.0,0.0,-1.0));
#7420=AXIS2_PLACEMENT_3D('',#7417,#7418,#7419);
#7421=CYLINDRICAL_SURFACE('',#7420,0.500000000000000);
#7422=ORIENTED_EDGE('',*,*,#7404,.T.);
#7423=ORIENTED_EDGE('',*,*,#7279,.F.);
#7424=ORIENTED_EDGE('',*,*,#7070,.F.);
#7425=ORIENTED_EDGE('',*,*,#7039,.T.);
#7426=EDGE_LOOP('',(#7422,#7423,#7424,#7425));
#7427=FACE_OUTER_BOUND('',#7426,.T.);
#7428=ADVANCED_FACE('',(#7427),#7421,.T.);
#7429=CLOSED_SHELL('',(#6944,#7043,#7074,#7105,#7130,#7155,#7179,#7232,#7283,#7314,#7332,#7350,#7370,#7382,#7394,#7416,#7428));
#7430=MANIFOLD_SOLID_BREP('225',#7429);
#7431=COLOUR_RGB('',0.0,0.0,1.0);
#7432=DRAUGHTING_PRE_DEFINED_CURVE_FONT('continuous');
#7433=CURVE_STYLE('',#7432,POSITIVE_LENGTH_MEASURE(0.100000000000000),#7431);
#7434=FILL_AREA_STYLE_COLOUR('',#7431);
#7435=FILL_AREA_STYLE('',(#7434));
#7436=SURFACE_STYLE_FILL_AREA(#7435);
#7437=SURFACE_SIDE_STYLE('',(#7436));
#7438=SURFACE_STYLE_USAGE(.BOTH.,#7437);
#7439=PRESENTATION_STYLE_ASSIGNMENT((#7433,#7438));
#7440=STYLED_ITEM('',(#7439,#7448),#7430);
#7441=MECHANICAL_DESIGN_GEOMETRIC_PRESENTATION_REPRESENTATION('',(#7440),#6904);
#7442=DRAUGHTING_PRE_DEFINED_COLOUR('blue');
#7443=FILL_AREA_STYLE_COLOUR('\X2\FFFDFFFD\X0\',#7442);
#7444=FILL_AREA_STYLE('\X2\FFFDFFFD\X0\',(#7443));
#7445=SURFACE_STYLE_FILL_AREA(#7444);
#7446=SURFACE_SIDE_STYLE('\X2\FFFDFFFD\X0\',(#7445));
#7447=SURFACE_STYLE_USAGE(.BOTH.,#7446);
#7448=PRESENTATION_STYLE_ASSIGNMENT((#7447));
#7449=ADVANCED_BREP_SHAPE_REPRESENTATION('ABSR',(#7430),#6873);
#7450=SHAPE_REPRESENTATION_RELATIONSHIP('SRR','None',#7449,#6878);
#7451=AXIS2_PLACEMENT_3D('',#7452,#7453,#7454);
#7452=CARTESIAN_POINT('',(191.125000059295020,52.570000024956002,-150.249999959496990));
#7453=DIRECTION('',(0.0,-1.0,0.0));
#7454=DIRECTION('',(0.0,0.0,1.0));
#7455=NEXT_ASSEMBLY_USAGE_OCCURRENCE('225:1','225:1','225:1',#12,#6849,'225:1');
#7456=PRODUCT_DEFINITION_SHAPE('225:1','225:1',#7455);
#7457=ITEM_DEFINED_TRANSFORMATION('225:1','225:1',#6874,#7451);
#7461=(REPRESENTATION_RELATIONSHIP('225:1','225:1',#6878,#41)REPRESENTATION_RELATIONSHIP_WITH_TRANSFORMATION(#7457)SHAPE_REPRESENTATION_RELATIONSHIP());
#7462=CONTEXT_DEPENDENT_SHAPE_REPRESENTATION(#7461,#7456);
#7463=APPLICATION_CONTEXT('automotive design');
#7464=APPLICATION_PROTOCOL_DEFINITION('International Standard','automotive_design',2001,#7463);
#7465=PRODUCT_CONTEXT('',#7463,'mechanical');
#7466=PRODUCT('HS1','HS1',$,(#7465));
#7467=PRODUCT_RELATED_PRODUCT_CATEGORY('part',$,(#7466));
#7468=PRODUCT_DEFINITION_FORMATION('',$,#7466);
#7469=PRODUCT_DEFINITION_CONTEXT('part definition',#7463,'design');
#7470=PRODUCT_DEFINITION('',$,#7468,#7469);
#7476=(NAMED_UNIT(*)PLANE_ANGLE_UNIT()SI_UNIT($,.RADIAN.));
#7477=DIMENSIONAL_EXPONENTS(0.0,0.0,0.0,0.0,0.0,0.0,0.0);
#7478=PLANE_ANGLE_MEASURE_WITH_UNIT(PLANE_ANGLE_MEASURE(0.017453292500000),#7476);
#7482=(CONVERSION_BASED_UNIT('DEGREE',#7478)NAMED_UNIT(#7477)PLANE_ANGLE_UNIT());
#7486=(NAMED_UNIT(*)SI_UNIT($,.STERADIAN.)SOLID_ANGLE_UNIT());
#7490=(LENGTH_UNIT()NAMED_UNIT(*)SI_UNIT(.MILLI.,.METRE.));
#7492=UNCERTAINTY_MEASURE_WITH_UNIT(LENGTH_MEASURE(0.010000000000000),#7490,'DISTANCE_ACCURACY_VALUE','');
#7494=(GEOMETRIC_REPRESENTATION_CONTEXT(3)GLOBAL_UNCERTAINTY_ASSIGNED_CONTEXT((#7492))GLOBAL_UNIT_ASSIGNED_CONTEXT((#7482,#7486,#7490))REPRESENTATION_CONTEXT('None','None'));
#7495=AXIS2_PLACEMENT_3D('',#7496,#7497,#7498);
#7496=CARTESIAN_POINT('',(0.0,0.0,0.0));
#7497=DIRECTION('',(0.0,0.0,1.0));
#7498=DIRECTION('',(1.0,0.0,0.0));
#7499=SHAPE_REPRESENTATION('',(#7495,#8126,#9023),#7494);
#7500=PRODUCT_DEFINITION_SHAPE('','',#7470);
#7501=SHAPE_DEFINITION_REPRESENTATION(#7500,#7499);
#7502=APPLICATION_CONTEXT('automotive design');
#7503=APPLICATION_PROTOCOL_DEFINITION('International Standard','automotive_design',2001,#7502);
#7504=PRODUCT_CONTEXT('',#7502,'mechanical');
#7505=PRODUCT('pin.1','pin.1',$,(#7504));
#7506=PRODUCT_RELATED_PRODUCT_CATEGORY('part',$,(#7505));
#7507=PRODUCT_DEFINITION_FORMATION('',$,#7505);
#7508=PRODUCT_DEFINITION_CONTEXT('part definition',#7502,'design');
#7509=PRODUCT_DEFINITION('',$,#7507,#7508);
#7515=(NAMED_UNIT(*)PLANE_ANGLE_UNIT()SI_UNIT($,.RADIAN.));
#7516=DIMENSIONAL_EXPONENTS(0.0,0.0,0.0,0.0,0.0,0.0,0.0);
#7517=PLANE_ANGLE_MEASURE_WITH_UNIT(PLANE_ANGLE_MEASURE(0.017453292500000),#7515);
#7521=(CONVERSION_BASED_UNIT('DEGREE',#7517)NAMED_UNIT(#7516)PLANE_ANGLE_UNIT());
#7525=(NAMED_UNIT(*)SI_UNIT($,.STERADIAN.)SOLID_ANGLE_UNIT());
#7529=(LENGTH_UNIT()NAMED_UNIT(*)SI_UNIT(.MILLI.,.METRE.));
#7531=UNCERTAINTY_MEASURE_WITH_UNIT(LENGTH_MEASURE(0.010000000000000),#7529,'DISTANCE_ACCURACY_VALUE','');
#7533=(GEOMETRIC_REPRESENTATION_CONTEXT(3)GLOBAL_UNCERTAINTY_ASSIGNED_CONTEXT((#7531))GLOBAL_UNIT_ASSIGNED_CONTEXT((#7521,#7525,#7529))REPRESENTATION_CONTEXT('None','None'));
#7534=AXIS2_PLACEMENT_3D('',#7535,#7536,#7537);
#7535=CARTESIAN_POINT('',(0.0,0.0,0.0));
#7536=DIRECTION('',(0.0,0.0,1.0));
#7537=DIRECTION('',(1.0,0.0,0.0));
#7538=SHAPE_REPRESENTATION('',(#7534),#7533);
#7539=PRODUCT_DEFINITION_SHAPE('','',#7509);
#7540=SHAPE_DEFINITION_REPRESENTATION(#7539,#7538);
#7546=(NAMED_UNIT(*)PLANE_ANGLE_UNIT()SI_UNIT($,.RADIAN.));
#7547=DIMENSIONAL_EXPONENTS(0.0,0.0,0.0,0.0,0.0,0.0,0.0);
#7548=PLANE_ANGLE_MEASURE_WITH_UNIT(PLANE_ANGLE_MEASURE(0.017453292500000),#7546);
#7552=(CONVERSION_BASED_UNIT('DEGREE',#7548)NAMED_UNIT(#7547)PLANE_ANGLE_UNIT());
#7556=(NAMED_UNIT(*)SI_UNIT($,.STERADIAN.)SOLID_ANGLE_UNIT());
#7560=(LENGTH_UNIT()NAMED_UNIT(*)SI_UNIT(.MILLI.,.METRE.));
#7562=UNCERTAINTY_MEASURE_WITH_UNIT(LENGTH_MEASURE(0.000001000000000),#7560,'DISTANCE_ACCURACY_VALUE','');
#7564=(GEOMETRIC_REPRESENTATION_CONTEXT(3)GLOBAL_UNCERTAINTY_ASSIGNED_CONTEXT((#7562))GLOBAL_UNIT_ASSIGNED_CONTEXT((#7552,#7556,#7560))REPRESENTATION_CONTEXT('','3D'));
#7565=CARTESIAN_POINT('',(167.425077999691010,302.178600000000020,13.900000000000002));
#7566=DIRECTION('',(0.0,0.0,-1.0));
#7567=DIRECTION('',(-1.0,0.0,0.0));
#7568=AXIS2_PLACEMENT_3D('',#7565,#7566,#7567);
#7569=PLANE('',#7568);
#7570=CARTESIAN_POINT('',(167.425077999691010,302.178600000000020,13.900000000000002));
#7571=VERTEX_POINT('',#7570);
#7572=CARTESIAN_POINT('',(167.425077999691010,304.678600000000020,13.900000000000002));
#7573=VERTEX_POINT('',#7572);
#7574=CARTESIAN_POINT('',(167.425077999691010,302.178600000000020,13.900000000000002));
#7575=DIRECTION('',(0.0,1.0,0.0));
#7576=VECTOR('',#7575,2.500000000000000);
#7577=LINE('',#7574,#7576);
#7578=EDGE_CURVE('',#7571,#7573,#7577,.T.);
#7579=ORIENTED_EDGE('',*,*,#7578,.F.);
#7580=CARTESIAN_POINT('',(166.625077999690970,302.178600000000020,13.900000000000002));
#7581=VERTEX_POINT('',#7580);
#7582=CARTESIAN_POINT('',(167.425077999691010,302.178600000000020,13.900000000000002));
#7583=DIRECTION('',(-1.0,0.0,0.0));
#7584=VECTOR('',#7583,0.800000000000011);
#7585=LINE('',#7582,#7584);
#7586=EDGE_CURVE('',#7571,#7581,#7585,.T.);
#7587=ORIENTED_EDGE('',*,*,#7586,.T.);
#7588=CARTESIAN_POINT('',(166.625077999690970,304.678600000000020,13.900000000000002));
#7589=VERTEX_POINT('',#7588);
#7590=CARTESIAN_POINT('',(166.625077999690970,304.678600000000020,13.900000000000002));
#7591=DIRECTION('',(0.0,-1.0,0.0));
#7592=VECTOR('',#7591,2.500000000000000);
#7593=LINE('',#7590,#7592);
#7594=EDGE_CURVE('',#7589,#7581,#7593,.T.);
#7595=ORIENTED_EDGE('',*,*,#7594,.F.);
#7596=CARTESIAN_POINT('',(167.425077999691010,304.678600000000020,13.900000000000002));
#7597=DIRECTION('',(-1.0,0.0,0.0));
#7598=VECTOR('',#7597,0.800000000000011);
#7599=LINE('',#7596,#7598);
#7600=EDGE_CURVE('',#7573,#7589,#7599,.T.);
#7601=ORIENTED_EDGE('',*,*,#7600,.F.);
#7602=EDGE_LOOP('',(#7579,#7587,#7595,#7601));
#7603=FACE_OUTER_BOUND('',#7602,.T.);
#7604=ADVANCED_FACE('',(#7603),#7569,.T.);
#7605=CARTESIAN_POINT('',(167.425077999691010,302.178600000000020,9.900000000000000));
#7606=DIRECTION('',(0.0,1.0,0.0));
#7607=DIRECTION('',(0.0,0.0,1.0));
#7608=AXIS2_PLACEMENT_3D('',#7605,#7606,#7607);
#7609=PLANE('',#7608);
#7610=CARTESIAN_POINT('',(167.425077999691010,302.178600000000020,9.900000000000000));
#7611=VERTEX_POINT('',#7610);
#7612=CARTESIAN_POINT('',(167.425077999691010,302.178600000000020,9.900000000000000));
#7613=DIRECTION('',(0.0,0.0,1.0));
#7614=VECTOR('',#7613,4.0);
#7615=LINE('',#7612,#7614);
#7616=EDGE_CURVE('',#7611,#7571,#7615,.T.);
#7617=ORIENTED_EDGE('',*,*,#7616,.F.);
#7618=CARTESIAN_POINT('',(166.625077999690970,302.178600000000020,9.900000000000000));
#7619=VERTEX_POINT('',#7618);
#7620=CARTESIAN_POINT('',(167.425077999691010,302.178600000000020,9.900000000000000));
#7621=DIRECTION('',(-1.0,0.0,0.0));
#7622=VECTOR('',#7621,0.800000000000011);
#7623=LINE('',#7620,#7622);
#7624=EDGE_CURVE('',#7611,#7619,#7623,.T.);
#7625=ORIENTED_EDGE('',*,*,#7624,.T.);
#7626=CARTESIAN_POINT('',(166.625077999690970,302.178600000000020,13.900000000000002));
#7627=DIRECTION('',(0.0,0.0,-1.0));
#7628=VECTOR('',#7627,4.0);
#7629=LINE('',#7626,#7628);
#7630=EDGE_CURVE('',#7581,#7619,#7629,.T.);
#7631=ORIENTED_EDGE('',*,*,#7630,.F.);
#7632=ORIENTED_EDGE('',*,*,#7586,.F.);
#7633=EDGE_LOOP('',(#7617,#7625,#7631,#7632));
#7634=FACE_OUTER_BOUND('',#7633,.T.);
#7635=ADVANCED_FACE('',(#7634),#7609,.T.);
#7636=CARTESIAN_POINT('',(167.425077999691010,304.678600000000020,9.900000000000000));
#7637=DIRECTION('',(0.0,0.0,1.0));
#7638=DIRECTION('',(1.0,0.0,0.0));
#7639=AXIS2_PLACEMENT_3D('',#7636,#7637,#7638);
#7640=PLANE('',#7639);
#7641=CARTESIAN_POINT('',(167.425077999691010,304.678600000000020,9.900000000000000));
#7642=VERTEX_POINT('',#7641);
#7643=CARTESIAN_POINT('',(167.425077999691010,304.678600000000020,9.900000000000000));
#7644=DIRECTION('',(0.0,-1.0,0.0));
#7645=VECTOR('',#7644,2.500000000000000);
#7646=LINE('',#7643,#7645);
#7647=EDGE_CURVE('',#7642,#7611,#7646,.T.);
#7648=ORIENTED_EDGE('',*,*,#7647,.F.);
#7649=CARTESIAN_POINT('',(166.625077999690970,304.678600000000020,9.900000000000000));
#7650=VERTEX_POINT('',#7649);
#7651=CARTESIAN_POINT('',(167.425077999691010,304.678600000000020,9.900000000000000));
#7652=DIRECTION('',(-1.0,0.0,0.0));
#7653=VECTOR('',#7652,0.800000000000011);
#7654=LINE('',#7651,#7653);
#7655=EDGE_CURVE('',#7642,#7650,#7654,.T.);
#7656=ORIENTED_EDGE('',*,*,#7655,.T.);
#7657=CARTESIAN_POINT('',(166.625077999690970,302.178600000000020,9.900000000000000));
#7658=DIRECTION('',(0.0,1.0,0.0));
#7659=VECTOR('',#7658,2.500000000000000);
#7660=LINE('',#7657,#7659);
#7661=EDGE_CURVE('',#7619,#7650,#7660,.T.);
#7662=ORIENTED_EDGE('',*,*,#7661,.F.);
#7663=ORIENTED_EDGE('',*,*,#7624,.F.);
#7664=EDGE_LOOP('',(#7648,#7656,#7662,#7663));
#7665=FACE_OUTER_BOUND('',#7664,.T.);
#7666=ADVANCED_FACE('',(#7665),#7640,.T.);
#7667=CARTESIAN_POINT('',(167.425077999691010,304.678600000000020,13.900000000000002));
#7668=DIRECTION('',(0.0,-1.0,0.0));
#7669=DIRECTION('',(0.0,0.0,-1.0));
#7670=AXIS2_PLACEMENT_3D('',#7667,#7668,#7669);
#7671=PLANE('',#7670);
#7672=CARTESIAN_POINT('',(167.425077999691010,304.678600000000020,13.900000000000002));
#7673=DIRECTION('',(0.0,0.0,-1.0));
#7674=VECTOR('',#7673,4.0);
#7675=LINE('',#7672,#7674);
#7676=EDGE_CURVE('',#7573,#7642,#7675,.T.);
#7677=ORIENTED_EDGE('',*,*,#7676,.F.);
#7678=ORIENTED_EDGE('',*,*,#7600,.T.);
#7679=CARTESIAN_POINT('',(166.625077999690970,304.678600000000020,9.900000000000000));
#7680=DIRECTION('',(0.0,0.0,1.0));
#7681=VECTOR('',#7680,4.0);
#7682=LINE('',#7679,#7681);
#7683=EDGE_CURVE('',#7650,#7589,#7682,.T.);
#7684=ORIENTED_EDGE('',*,*,#7683,.F.);
#7685=ORIENTED_EDGE('',*,*,#7655,.F.);
#7686=EDGE_LOOP('',(#7677,#7678,#7684,#7685));
#7687=FACE_OUTER_BOUND('',#7686,.T.);
#7688=ADVANCED_FACE('',(#7687),#7671,.T.);
#7689=CARTESIAN_POINT('',(167.425077999691010,303.928600000000020,0.0));
#7690=DIRECTION('',(0.0,1.0,0.0));
#7691=DIRECTION('',(0.0,0.0,1.0));
#7692=AXIS2_PLACEMENT_3D('',#7689,#7690,#7691);
#7693=PLANE('',#7692);
#7694=CARTESIAN_POINT('',(167.425077999691010,303.928600000000020,0.0));
#7695=VERTEX_POINT('',#7694);
#7696=CARTESIAN_POINT('',(167.425077999691010,303.928600000000020,3.400000000000000));
#7697=VERTEX_POINT('',#7696);
#7698=CARTESIAN_POINT('',(167.425077999691010,303.928600000000020,0.0));
#7699=DIRECTION('',(0.0,0.0,1.0));
#7700=VECTOR('',#7699,3.400000000000000);
#7701=LINE('',#7698,#7700);
#7702=EDGE_CURVE('',#7695,#7697,#7701,.T.);
#7703=ORIENTED_EDGE('',*,*,#7702,.F.);
#7704=CARTESIAN_POINT('',(166.625077999690970,303.928600000000020,0.0));
#7705=VERTEX_POINT('',#7704);
#7706=CARTESIAN_POINT('',(167.425077999691010,303.928600000000020,0.0));
#7707=DIRECTION('',(-1.0,0.0,0.0));
#7708=VECTOR('',#7707,0.800000000000011);
#7709=LINE('',#7706,#7708);
#7710=EDGE_CURVE('',#7695,#7705,#7709,.T.);
#7711=ORIENTED_EDGE('',*,*,#7710,.T.);
#7712=CARTESIAN_POINT('',(166.625077999690970,303.928600000000020,3.400000000000000));
#7713=VERTEX_POINT('',#7712);
#7714=CARTESIAN_POINT('',(166.625077999690970,303.928600000000020,0.0));
#7715=DIRECTION('',(0.0,0.0,1.0));
#7716=VECTOR('',#7715,3.400000000000000);
#7717=LINE('',#7714,#7716);
#7718=EDGE_CURVE('',#7705,#7713,#7717,.T.);
#7719=ORIENTED_EDGE('',*,*,#7718,.T.);
#7720=CARTESIAN_POINT('',(167.425077999691010,303.928600000000020,3.400000000000000));
#7721=DIRECTION('',(-1.0,0.0,0.0));
#7722=VECTOR('',#7721,0.800000000000011);
#7723=LINE('',#7720,#7722);
#7724=EDGE_CURVE('',#7697,#7713,#7723,.T.);
#7725=ORIENTED_EDGE('',*,*,#7724,.F.);
#7726=EDGE_LOOP('',(#7703,#7711,#7719,#7725));
#7727=FACE_OUTER_BOUND('',#7726,.T.);
#7728=ADVANCED_FACE('',(#7727),#7693,.T.);
#7729=CARTESIAN_POINT('',(167.425077999691010,302.928600000000070,0.0));
#7730=DIRECTION('',(0.0,0.0,-1.0));
#7731=DIRECTION('',(-1.0,0.0,0.0));
#7732=AXIS2_PLACEMENT_3D('',#7729,#7730,#7731);
#7733=PLANE('',#7732);
#7734=CARTESIAN_POINT('',(167.425077999691010,302.928600000000070,0.0));
#7735=VERTEX_POINT('',#7734);
#7736=CARTESIAN_POINT('',(167.425077999691010,302.928600000000070,0.0));
#7737=DIRECTION('',(0.0,1.0,0.0));
#7738=VECTOR('',#7737,1.0);
#7739=LINE('',#7736,#7738);
#7740=EDGE_CURVE('',#7735,#7695,#7739,.T.);
#7741=ORIENTED_EDGE('',*,*,#7740,.F.);
#7742=CARTESIAN_POINT('',(166.625077999690970,302.928600000000070,0.0));
#7743=VERTEX_POINT('',#7742);
#7744=CARTESIAN_POINT('',(167.425077999691010,302.928600000000070,0.0));
#7745=DIRECTION('',(-1.0,0.0,0.0));
#7746=VECTOR('',#7745,0.800000000000011);
#7747=LINE('',#7744,#7746);
#7748=EDGE_CURVE('',#7735,#7743,#7747,.T.);
#7749=ORIENTED_EDGE('',*,*,#7748,.T.);
#7750=CARTESIAN_POINT('',(166.625077999690970,303.928600000000020,0.0));
#7751=DIRECTION('',(0.0,-1.0,0.0));
#7752=VECTOR('',#7751,1.0);
#7753=LINE('',#7750,#7752);
#7754=EDGE_CURVE('',#7705,#7743,#7753,.T.);
#7755=ORIENTED_EDGE('',*,*,#7754,.F.);
#7756=ORIENTED_EDGE('',*,*,#7710,.F.);
#7757=EDGE_LOOP('',(#7741,#7749,#7755,#7756));
#7758=FACE_OUTER_BOUND('',#7757,.T.);
#7759=ADVANCED_FACE('',(#7758),#7733,.T.);
#7760=CARTESIAN_POINT('',(167.425077999691010,302.928600000000070,3.400000000000000));
#7761=DIRECTION('',(0.0,-1.0,0.0));
#7762=DIRECTION('',(0.0,0.0,-1.0));
#7763=AXIS2_PLACEMENT_3D('',#7760,#7761,#7762);
#7764=PLANE('',#7763);
#7765=CARTESIAN_POINT('',(167.425077999691010,302.928600000000070,3.400000000000000));
#7766=VERTEX_POINT('',#7765);
#7767=CARTESIAN_POINT('',(167.425077999691010,302.928600000000070,3.400000000000000));
#7768=DIRECTION('',(0.0,0.0,-1.0));
#7769=VECTOR('',#7768,3.400000000000000);
#7770=LINE('',#7767,#7769);
#7771=EDGE_CURVE('',#7766,#7735,#7770,.T.);
#7772=ORIENTED_EDGE('',*,*,#7771,.F.);
#7773=CARTESIAN_POINT('',(166.625077999690970,302.928600000000070,3.400000000000000));
#7774=VERTEX_POINT('',#7773);
#7775=CARTESIAN_POINT('',(167.425077999691010,302.928600000000070,3.400000000000000));
#7776=DIRECTION('',(-1.0,0.0,0.0));
#7777=VECTOR('',#7776,0.800000000000011);
#7778=LINE('',#7775,#7777);
#7779=EDGE_CURVE('',#7766,#7774,#7778,.T.);
#7780=ORIENTED_EDGE('',*,*,#7779,.T.);
#7781=CARTESIAN_POINT('',(166.625077999690970,302.928600000000070,0.0));
#7782=DIRECTION('',(0.0,0.0,1.0));
#7783=VECTOR('',#7782,3.400000000000000);
#7784=LINE('',#7781,#7783);
#7785=EDGE_CURVE('',#7743,#7774,#7784,.T.);
#7786=ORIENTED_EDGE('',*,*,#7785,.F.);
#7787=ORIENTED_EDGE('',*,*,#7748,.F.);
#7788=EDGE_LOOP('',(#7772,#7780,#7786,#7787));
#7789=FACE_OUTER_BOUND('',#7788,.T.);
#7790=ADVANCED_FACE('',(#7789),#7764,.T.);
#7791=CARTESIAN_POINT('',(167.425077999691010,301.928600000000020,3.400000000000000));
#7792=DIRECTION('',(0.0,0.0,-1.0));
#7793=DIRECTION('',(-1.0,0.0,0.0));
#7794=AXIS2_PLACEMENT_3D('',#7791,#7792,#7793);
#7795=PLANE('',#7794);
#7796=CARTESIAN_POINT('',(167.425077999691010,301.928600000000020,3.400000000000000));
#7797=VERTEX_POINT('',#7796);
#7798=CARTESIAN_POINT('',(167.425077999691010,301.928600000000020,3.400000000000000));
#7799=DIRECTION('',(0.0,1.0,0.0));
#7800=VECTOR('',#7799,1.0);
#7801=LINE('',#7798,#7800);
#7802=EDGE_CURVE('',#7797,#7766,#7801,.T.);
#7803=ORIENTED_EDGE('',*,*,#7802,.F.);
#7804=CARTESIAN_POINT('',(166.625077999690970,301.928600000000020,3.400000000000000));
#7805=VERTEX_POINT('',#7804);
#7806=CARTESIAN_POINT('',(167.425077999691010,301.928600000000020,3.400000000000000));
#7807=DIRECTION('',(-1.0,0.0,0.0));
#7808=VECTOR('',#7807,0.800000000000011);
#7809=LINE('',#7806,#7808);
#7810=EDGE_CURVE('',#7797,#7805,#7809,.T.);
#7811=ORIENTED_EDGE('',*,*,#7810,.T.);
#7812=CARTESIAN_POINT('',(166.625077999690970,302.928600000000070,3.400000000000000));
#7813=DIRECTION('',(0.0,-1.0,0.0));
#7814=VECTOR('',#7813,1.0);
#7815=LINE('',#7812,#7814);
#7816=EDGE_CURVE('',#7774,#7805,#7815,.T.);
#7817=ORIENTED_EDGE('',*,*,#7816,.F.);
#7818=ORIENTED_EDGE('',*,*,#7779,.F.);
#7819=EDGE_LOOP('',(#7803,#7811,#7817,#7818));
#7820=FACE_OUTER_BOUND('',#7819,.T.);
#7821=ADVANCED_FACE('',(#7820),#7795,.T.);
#7822=CARTESIAN_POINT('',(167.425077999691010,301.928600000000020,8.400000000000000));
#7823=DIRECTION('',(0.0,-1.0,0.0));
#7824=DIRECTION('',(0.0,0.0,-1.0));
#7825=AXIS2_PLACEMENT_3D('',#7822,#7823,#7824);
#7826=PLANE('',#7825);
#7827=CARTESIAN_POINT('',(167.425077999691010,301.928600000000020,8.400000000000000));
#7828=VERTEX_POINT('',#7827);
#7829=CARTESIAN_POINT('',(167.425077999691010,301.928600000000020,8.400000000000000));
#7830=DIRECTION('',(0.0,0.0,-1.0));
#7831=VECTOR('',#7830,5.0);
#7832=LINE('',#7829,#7831);
#7833=EDGE_CURVE('',#7828,#7797,#7832,.T.);
#7834=ORIENTED_EDGE('',*,*,#7833,.F.);
#7835=CARTESIAN_POINT('',(166.625077999690970,301.928600000000020,8.400000000000000));
#7836=VERTEX_POINT('',#7835);
#7837=CARTESIAN_POINT('',(167.425077999691010,301.928600000000020,8.400000000000000));
#7838=DIRECTION('',(-1.0,0.0,0.0));
#7839=VECTOR('',#7838,0.800000000000011);
#7840=LINE('',#7837,#7839);
#7841=EDGE_CURVE('',#7828,#7836,#7840,.T.);
#7842=ORIENTED_EDGE('',*,*,#7841,.T.);
#7843=CARTESIAN_POINT('',(166.625077999690970,301.928600000000020,3.400000000000000));
#7844=DIRECTION('',(0.0,0.0,1.0));
#7845=VECTOR('',#7844,5.0);
#7846=LINE('',#7843,#7845);
#7847=EDGE_CURVE('',#7805,#7836,#7846,.T.);
#7848=ORIENTED_EDGE('',*,*,#7847,.F.);
#7849=ORIENTED_EDGE('',*,*,#7810,.F.);
#7850=EDGE_LOOP('',(#7834,#7842,#7848,#7849));
#7851=FACE_OUTER_BOUND('',#7850,.T.);
#7852=ADVANCED_FACE('',(#7851),#7826,.T.);
#7853=CARTESIAN_POINT('',(167.425077999691010,300.928600000000020,8.400000000000000));
#7854=DIRECTION('',(0.0,0.0,-1.0));
#7855=DIRECTION('',(-1.0,0.0,0.0));
#7856=AXIS2_PLACEMENT_3D('',#7853,#7854,#7855);
#7857=PLANE('',#7856);
#7858=CARTESIAN_POINT('',(167.425077999691010,300.928600000000020,8.400000000000000));
#7859=VERTEX_POINT('',#7858);
#7860=CARTESIAN_POINT('',(167.425077999691010,300.928600000000020,8.400000000000000));
#7861=DIRECTION('',(0.0,1.0,0.0));
#7862=VECTOR('',#7861,1.0);
#7863=LINE('',#7860,#7862);
#7864=EDGE_CURVE('',#7859,#7828,#7863,.T.);
#7865=ORIENTED_EDGE('',*,*,#7864,.F.);
#7866=CARTESIAN_POINT('',(166.625077999690970,300.928600000000020,8.400000000000000));
#7867=VERTEX_POINT('',#7866);
#7868=CARTESIAN_POINT('',(167.425077999691010,300.928600000000020,8.400000000000000));
#7869=DIRECTION('',(-1.0,0.0,0.0));
#7870=VECTOR('',#7869,0.800000000000011);
#7871=LINE('',#7868,#7870);
#7872=EDGE_CURVE('',#7859,#7867,#7871,.T.);
#7873=ORIENTED_EDGE('',*,*,#7872,.T.);
#7874=CARTESIAN_POINT('',(166.625077999690970,301.928600000000020,8.400000000000000));
#7875=DIRECTION('',(0.0,-1.0,0.0));
#7876=VECTOR('',#7875,1.0);
#7877=LINE('',#7874,#7876);
#7878=EDGE_CURVE('',#7836,#7867,#7877,.T.);
#7879=ORIENTED_EDGE('',*,*,#7878,.F.);
#7880=ORIENTED_EDGE('',*,*,#7841,.F.);
#7881=EDGE_LOOP('',(#7865,#7873,#7879,#7880));
#7882=FACE_OUTER_BOUND('',#7881,.T.);
#7883=ADVANCED_FACE('',(#7882),#7857,.T.);
#7884=CARTESIAN_POINT('',(167.425077999691010,300.928600000000020,15.400000000000000));
#7885=DIRECTION('',(0.0,-1.0,0.0));
#7886=DIRECTION('',(0.0,0.0,-1.0));
#7887=AXIS2_PLACEMENT_3D('',#7884,#7885,#7886);
#7888=PLANE('',#7887);
#7889=CARTESIAN_POINT('',(167.425077999691010,300.928600000000020,15.400000000000000));
#7890=VERTEX_POINT('',#7889);
#7891=CARTESIAN_POINT('',(167.425077999691010,300.928600000000020,15.400000000000000));
#7892=DIRECTION('',(0.0,0.0,-1.0));
#7893=VECTOR('',#7892,7.0);
#7894=LINE('',#7891,#7893);
#7895=EDGE_CURVE('',#7890,#7859,#7894,.T.);
#7896=ORIENTED_EDGE('',*,*,#7895,.F.);
#7897=CARTESIAN_POINT('',(166.625077999690970,300.928600000000020,15.400000000000000));
#7898=VERTEX_POINT('',#7897);
#7899=CARTESIAN_POINT('',(167.425077999691010,300.928600000000020,15.400000000000000));
#7900=DIRECTION('',(-1.0,0.0,0.0));
#7901=VECTOR('',#7900,0.800000000000011);
#7902=LINE('',#7899,#7901);
#7903=EDGE_CURVE('',#7890,#7898,#7902,.T.);
#7904=ORIENTED_EDGE('',*,*,#7903,.T.);
#7905=CARTESIAN_POINT('',(166.625077999690970,300.928600000000020,15.400000000000000));
#7906=DIRECTION('',(0.0,0.0,-1.0));
#7907=VECTOR('',#7906,7.0);
#7908=LINE('',#7905,#7907);
#7909=EDGE_CURVE('',#7898,#7867,#7908,.T.);
#7910=ORIENTED_EDGE('',*,*,#7909,.T.);
#7911=ORIENTED_EDGE('',*,*,#7872,.F.);
#7912=EDGE_LOOP('',(#7896,#7904,#7910,#7911));
#7913=FACE_OUTER_BOUND('',#7912,.T.);
#7914=ADVANCED_FACE('',(#7913),#7888,.T.);
#7915=CARTESIAN_POINT('',(167.425077999691010,305.928600000000020,15.400000000000000));
#7916=DIRECTION('',(0.0,0.0,1.0));
#7917=DIRECTION('',(1.0,0.0,0.0));
#7918=AXIS2_PLACEMENT_3D('',#7915,#7916,#7917);
#7919=PLANE('',#7918);
#7920=CARTESIAN_POINT('',(167.425077999691010,305.928600000000020,15.400000000000000));
#7921=VERTEX_POINT('',#7920);
#7922=CARTESIAN_POINT('',(167.425077999691010,305.928600000000020,15.400000000000000));
#7923=DIRECTION('',(0.0,-1.0,0.0));
#7924=VECTOR('',#7923,5.0);
#7925=LINE('',#7922,#7924);
#7926=EDGE_CURVE('',#7921,#7890,#7925,.T.);
#7927=ORIENTED_EDGE('',*,*,#7926,.F.);
#7928=CARTESIAN_POINT('',(166.625077999690970,305.928600000000020,15.400000000000000));
#7929=VERTEX_POINT('',#7928);
#7930=CARTESIAN_POINT('',(167.425077999691010,305.928600000000020,15.400000000000000));
#7931=DIRECTION('',(-1.0,0.0,0.0));
#7932=VECTOR('',#7931,0.800000000000011);
#7933=LINE('',#7930,#7932);
#7934=EDGE_CURVE('',#7921,#7929,#7933,.T.);
#7935=ORIENTED_EDGE('',*,*,#7934,.T.);
#7936=CARTESIAN_POINT('',(166.625077999690970,305.928600000000020,15.400000000000000));
#7937=DIRECTION('',(0.0,-1.0,0.0));
#7938=VECTOR('',#7937,5.0);
#7939=LINE('',#7936,#7938);
#7940=EDGE_CURVE('',#7929,#7898,#7939,.T.);
#7941=ORIENTED_EDGE('',*,*,#7940,.T.);
#7942=ORIENTED_EDGE('',*,*,#7903,.F.);
#7943=EDGE_LOOP('',(#7927,#7935,#7941,#7942));
#7944=FACE_OUTER_BOUND('',#7943,.T.);
#7945=ADVANCED_FACE('',(#7944),#7919,.T.);
#7946=CARTESIAN_POINT('',(167.425077999691010,305.928600000000020,8.400000000000000));
#7947=DIRECTION('',(0.0,1.0,0.0));
#7948=DIRECTION('',(0.0,0.0,1.0));
#7949=AXIS2_PLACEMENT_3D('',#7946,#7947,#7948);
#7950=PLANE('',#7949);
#7951=CARTESIAN_POINT('',(167.425077999691010,305.928600000000020,8.400000000000000));
#7952=VERTEX_POINT('',#7951);
#7953=CARTESIAN_POINT('',(167.425077999691010,305.928600000000020,8.400000000000000));
#7954=DIRECTION('',(0.0,0.0,1.0));
#7955=VECTOR('',#7954,7.0);
#7956=LINE('',#7953,#7955);
#7957=EDGE_CURVE('',#7952,#7921,#7956,.T.);
#7958=ORIENTED_EDGE('',*,*,#7957,.F.);
#7959=CARTESIAN_POINT('',(166.625077999690970,305.928600000000020,8.400000000000000));
#7960=VERTEX_POINT('',#7959);
#7961=CARTESIAN_POINT('',(167.425077999691010,305.928600000000020,8.400000000000000));
#7962=DIRECTION('',(-1.0,0.0,0.0));
#7963=VECTOR('',#7962,0.800000000000011);
#7964=LINE('',#7961,#7963);
#7965=EDGE_CURVE('',#7952,#7960,#7964,.T.);
#7966=ORIENTED_EDGE('',*,*,#7965,.T.);
#7967=CARTESIAN_POINT('',(166.625077999690970,305.928600000000020,8.400000000000000));
#7968=DIRECTION('',(0.0,0.0,1.0));
#7969=VECTOR('',#7968,7.0);
#7970=LINE('',#7967,#7969);
#7971=EDGE_CURVE('',#7960,#7929,#7970,.T.);
#7972=ORIENTED_EDGE('',*,*,#7971,.T.);
#7973=ORIENTED_EDGE('',*,*,#7934,.F.);
#7974=EDGE_LOOP('',(#7958,#7966,#7972,#7973));
#7975=FACE_OUTER_BOUND('',#7974,.T.);
#7976=ADVANCED_FACE('',(#7975),#7950,.T.);
#7977=CARTESIAN_POINT('',(167.425077999691010,304.928600000000020,8.400000000000000));
#7978=DIRECTION('',(0.0,0.0,-1.0));
#7979=DIRECTION('',(-1.0,0.0,0.0));
#7980=AXIS2_PLACEMENT_3D('',#7977,#7978,#7979);
#7981=PLANE('',#7980);
#7982=CARTESIAN_POINT('',(167.425077999691010,304.928600000000020,8.400000000000000));
#7983=VERTEX_POINT('',#7982);
#7984=CARTESIAN_POINT('',(167.425077999691010,304.928600000000020,8.400000000000000));
#7985=DIRECTION('',(0.0,1.0,0.0));
#7986=VECTOR('',#7985,1.0);
#7987=LINE('',#7984,#7986);
#7988=EDGE_CURVE('',#7983,#7952,#7987,.T.);
#7989=ORIENTED_EDGE('',*,*,#7988,.F.);
#7990=CARTESIAN_POINT('',(166.625077999690970,304.928600000000020,8.400000000000000));
#7991=VERTEX_POINT('',#7990);
#7992=CARTESIAN_POINT('',(167.425077999691010,304.928600000000020,8.400000000000000));
#7993=DIRECTION('',(-1.0,0.0,0.0));
#7994=VECTOR('',#7993,0.800000000000011);
#7995=LINE('',#7992,#7994);
#7996=EDGE_CURVE('',#7983,#7991,#7995,.T.);
#7997=ORIENTED_EDGE('',*,*,#7996,.T.);
#7998=CARTESIAN_POINT('',(166.625077999690970,304.928600000000020,8.400000000000000));
#7999=DIRECTION('',(0.0,1.0,0.0));
#8000=VECTOR('',#7999,1.0);
#8001=LINE('',#7998,#8000);
#8002=EDGE_CURVE('',#7991,#7960,#8001,.T.);
#8003=ORIENTED_EDGE('',*,*,#8002,.T.);
#8004=ORIENTED_EDGE('',*,*,#7965,.F.);
#8005=EDGE_LOOP('',(#7989,#7997,#8003,#8004));
#8006=FACE_OUTER_BOUND('',#8005,.T.);
#8007=ADVANCED_FACE('',(#8006),#7981,.T.);
#8008=CARTESIAN_POINT('',(167.425077999691010,304.928600000000020,3.400000000000000));
#8009=DIRECTION('',(0.0,1.0,0.0));
#8010=DIRECTION('',(0.0,0.0,1.0));
#8011=AXIS2_PLACEMENT_3D('',#8008,#8009,#8010);
#8012=PLANE('',#8011);
#8013=CARTESIAN_POINT('',(167.425077999691010,304.928600000000020,3.400000000000000));
#8014=VERTEX_POINT('',#8013);
#8015=CARTESIAN_POINT('',(167.425077999691010,304.928600000000020,3.400000000000000));
#8016=DIRECTION('',(0.0,0.0,1.0));
#8017=VECTOR('',#8016,5.0);
#8018=LINE('',#8015,#8017);
#8019=EDGE_CURVE('',#8014,#7983,#8018,.T.);
#8020=ORIENTED_EDGE('',*,*,#8019,.F.);
#8021=CARTESIAN_POINT('',(166.625077999690970,304.928600000000020,3.400000000000000));
#8022=VERTEX_POINT('',#8021);
#8023=CARTESIAN_POINT('',(167.425077999691010,304.928600000000020,3.400000000000000));
#8024=DIRECTION('',(-1.0,0.0,0.0));
#8025=VECTOR('',#8024,0.800000000000011);
#8026=LINE('',#8023,#8025);
#8027=EDGE_CURVE('',#8014,#8022,#8026,.T.);
#8028=ORIENTED_EDGE('',*,*,#8027,.T.);
#8029=CARTESIAN_POINT('',(166.625077999690970,304.928600000000020,3.400000000000000));
#8030=DIRECTION('',(0.0,0.0,1.0));
#8031=VECTOR('',#8030,5.0);
#8032=LINE('',#8029,#8031);
#8033=EDGE_CURVE('',#8022,#7991,#8032,.T.);
#8034=ORIENTED_EDGE('',*,*,#8033,.T.);
#8035=ORIENTED_EDGE('',*,*,#7996,.F.);
#8036=EDGE_LOOP('',(#8020,#8028,#8034,#8035));
#8037=FACE_OUTER_BOUND('',#8036,.T.);
#8038=ADVANCED_FACE('',(#8037),#8012,.T.);
#8039=CARTESIAN_POINT('',(167.425077999691010,303.928600000000020,3.400000000000000));
#8040=DIRECTION('',(0.0,0.0,-1.0));
#8041=DIRECTION('',(-1.0,0.0,0.0));
#8042=AXIS2_PLACEMENT_3D('',#8039,#8040,#8041);
#8043=PLANE('',#8042);
#8044=CARTESIAN_POINT('',(167.425077999691010,303.928600000000020,3.400000000000000));
#8045=DIRECTION('',(0.0,1.0,0.0));
#8046=VECTOR('',#8045,1.0);
#8047=LINE('',#8044,#8046);
#8048=EDGE_CURVE('',#7697,#8014,#8047,.T.);
#8049=ORIENTED_EDGE('',*,*,#8048,.F.);
#8050=ORIENTED_EDGE('',*,*,#7724,.T.);
#8051=CARTESIAN_POINT('',(166.625077999690970,303.928600000000020,3.400000000000000));
#8052=DIRECTION('',(0.0,1.0,0.0));
#8053=VECTOR('',#8052,1.0);
#8054=LINE('',#8051,#8053);
#8055=EDGE_CURVE('',#7713,#8022,#8054,.T.);
#8056=ORIENTED_EDGE('',*,*,#8055,.T.);
#8057=ORIENTED_EDGE('',*,*,#8027,.F.);
#8058=EDGE_LOOP('',(#8049,#8050,#8056,#8057));
#8059=FACE_OUTER_BOUND('',#8058,.T.);
#8060=ADVANCED_FACE('',(#8059),#8043,.T.);
#8061=CARTESIAN_POINT('',(166.625077999690970,295.898639080436960,23.329256977128804));
#8062=DIRECTION('',(-1.0,0.0,0.0));
#8063=DIRECTION('',(0.0,0.0,1.0));
#8064=AXIS2_PLACEMENT_3D('',#8061,#8062,#8063);
#8065=PLANE('',#8064);
#8066=ORIENTED_EDGE('',*,*,#7754,.T.);
#8067=ORIENTED_EDGE('',*,*,#7785,.T.);
#8068=ORIENTED_EDGE('',*,*,#7816,.T.);
#8069=ORIENTED_EDGE('',*,*,#7847,.T.);
#8070=ORIENTED_EDGE('',*,*,#7878,.T.);
#8071=ORIENTED_EDGE('',*,*,#7909,.F.);
#8072=ORIENTED_EDGE('',*,*,#7940,.F.);
#8073=ORIENTED_EDGE('',*,*,#7971,.F.);
#8074=ORIENTED_EDGE('',*,*,#8002,.F.);
#8075=ORIENTED_EDGE('',*,*,#8033,.F.);
#8076=ORIENTED_EDGE('',*,*,#8055,.F.);
#8077=ORIENTED_EDGE('',*,*,#7718,.F.);
#8078=EDGE_LOOP('',(#8066,#8067,#8068,#8069,#8070,#8071,#8072,#8073,#8074,#8075,#8076,#8077));
#8079=FACE_OUTER_BOUND('',#8078,.T.);
#8080=ORIENTED_EDGE('',*,*,#7630,.T.);
#8081=ORIENTED_EDGE('',*,*,#7661,.T.);
#8082=ORIENTED_EDGE('',*,*,#7683,.T.);
#8083=ORIENTED_EDGE('',*,*,#7594,.T.);
#8084=EDGE_LOOP('',(#8080,#8081,#8082,#8083));
#8085=FACE_BOUND('',#8084,.T.);
#8086=ADVANCED_FACE('',(#8079,#8085),#8065,.T.);
#8087=CARTESIAN_POINT('',(167.425077999691010,295.898639080436960,23.329256977128804));
#8088=DIRECTION('',(-1.0,0.0,0.0));
#8089=DIRECTION('',(0.0,0.0,1.0));
#8090=AXIS2_PLACEMENT_3D('',#8087,#8088,#8089);
#8091=PLANE('',#8090);
#8092=ORIENTED_EDGE('',*,*,#7702,.T.);
#8093=ORIENTED_EDGE('',*,*,#8048,.T.);
#8094=ORIENTED_EDGE('',*,*,#8019,.T.);
#8095=ORIENTED_EDGE('',*,*,#7988,.T.);
#8096=ORIENTED_EDGE('',*,*,#7957,.T.);
#8097=ORIENTED_EDGE('',*,*,#7926,.T.);
#8098=ORIENTED_EDGE('',*,*,#7895,.T.);
#8099=ORIENTED_EDGE('',*,*,#7864,.T.);
#8100=ORIENTED_EDGE('',*,*,#7833,.T.);
#8101=ORIENTED_EDGE('',*,*,#7802,.T.);
#8102=ORIENTED_EDGE('',*,*,#7771,.T.);
#8103=ORIENTED_EDGE('',*,*,#7740,.T.);
#8104=EDGE_LOOP('',(#8092,#8093,#8094,#8095,#8096,#8097,#8098,#8099,#8100,#8101,#8102,#8103));
#8105=FACE_OUTER_BOUND('',#8104,.T.);
#8106=ORIENTED_EDGE('',*,*,#7578,.T.);
#8107=ORIENTED_EDGE('',*,*,#7676,.T.);
#8108=ORIENTED_EDGE('',*,*,#7647,.T.);
#8109=ORIENTED_EDGE('',*,*,#7616,.T.);
#8110=EDGE_LOOP('',(#8106,#8107,#8108,#8109));
#8111=FACE_BOUND('',#8110,.T.);
#8112=ADVANCED_FACE('',(#8105,#8111),#8091,.F.);
#8113=CLOSED_SHELL('',(#7604,#7635,#7666,#7688,#7728,#7759,#7790,#7821,#7852,#7883,#7914,#7945,#7976,#8007,#8038,#8060,#8086,#8112));
#8114=MANIFOLD_SOLID_BREP('pin.1.2',#8113);
#8115=STYLED_ITEM('',(#2594,#8123),#8114);
#8116=MECHANICAL_DESIGN_GEOMETRIC_PRESENTATION_REPRESENTATION('',(#8115),#7564);
#8117=DRAUGHTING_PRE_DEFINED_COLOUR('yellow');
#8118=FILL_AREA_STYLE_COLOUR('\X2\FFFDFFFD\X0\',#8117);
#8119=FILL_AREA_STYLE('\X2\FFFDFFFD\X0\',(#8118));
#8120=SURFACE_STYLE_FILL_AREA(#8119);
#8121=SURFACE_SIDE_STYLE('\X2\FFFDFFFD\X0\',(#8120));
#8122=SURFACE_STYLE_USAGE(.BOTH.,#8121);
#8123=PRESENTATION_STYLE_ASSIGNMENT((#8122));
#8124=ADVANCED_BREP_SHAPE_REPRESENTATION('ABSR',(#8114),#7533);
#8125=SHAPE_REPRESENTATION_RELATIONSHIP('SRR','None',#8124,#7538);
#8126=AXIS2_PLACEMENT_3D('',#8127,#8128,#8129);
#8127=CARTESIAN_POINT('',(293.175078190036000,-249.428601000000010,3.400000000000060));
#8128=DIRECTION('',(0.0,0.0,-1.0));
#8129=DIRECTION('',(-1.0,0.0,0.0));
#8130=NEXT_ASSEMBLY_USAGE_OCCURRENCE('pin.1.2:1','pin.1.2:1','pin.1.2:1',#7470,#7509,'pin.1.2:1');
#8131=PRODUCT_DEFINITION_SHAPE('pin.1.2:1','pin.1.2:1',#8130);
#8132=ITEM_DEFINED_TRANSFORMATION('pin.1.2:1','pin.1.2:1',#7534,#8126);
#8136=(REPRESENTATION_RELATIONSHIP('pin.1.2:1','pin.1.2:1',#7538,#7499)REPRESENTATION_RELATIONSHIP_WITH_TRANSFORMATION(#8132)SHAPE_REPRESENTATION_RELATIONSHIP());
#8137=CONTEXT_DEPENDENT_SHAPE_REPRESENTATION(#8136,#8131);
#8138=APPLICATION_CONTEXT('automotive design');
#8139=APPLICATION_PROTOCOL_DEFINITION('International Standard','automotive_design',2001,#8138);
#8140=PRODUCT_CONTEXT('',#8138,'mechanical');
#8141=PRODUCT('p1_1','p1_1',$,(#8140));
#8142=PRODUCT_RELATED_PRODUCT_CATEGORY('part',$,(#8141));
#8143=PRODUCT_DEFINITION_FORMATION('',$,#8141);
#8144=PRODUCT_DEFINITION_CONTEXT('part definition',#8138,'design');
#8145=PRODUCT_DEFINITION('',$,#8143,#8144);
#8151=(NAMED_UNIT(*)PLANE_ANGLE_UNIT()SI_UNIT($,.RADIAN.));
#8152=DIMENSIONAL_EXPONENTS(0.0,0.0,0.0,0.0,0.0,0.0,0.0);
#8153=PLANE_ANGLE_MEASURE_WITH_UNIT(PLANE_ANGLE_MEASURE(0.017453292500000),#8151);
#8157=(CONVERSION_BASED_UNIT('DEGREE',#8153)NAMED_UNIT(#8152)PLANE_ANGLE_UNIT());
#8161=(NAMED_UNIT(*)SI_UNIT($,.STERADIAN.)SOLID_ANGLE_UNIT());
#8165=(LENGTH_UNIT()NAMED_UNIT(*)SI_UNIT(.MILLI.,.METRE.));
#8167=UNCERTAINTY_MEASURE_WITH_UNIT(LENGTH_MEASURE(0.010000000000000),#8165,'DISTANCE_ACCURACY_VALUE','');
#8169=(GEOMETRIC_REPRESENTATION_CONTEXT(3)GLOBAL_UNCERTAINTY_ASSIGNED_CONTEXT((#8167))GLOBAL_UNIT_ASSIGNED_CONTEXT((#8157,#8161,#8165))REPRESENTATION_CONTEXT('None','None'));
#8170=AXIS2_PLACEMENT_3D('',#8171,#8172,#8173);
#8171=CARTESIAN_POINT('',(0.0,0.0,0.0));
#8172=DIRECTION('',(0.0,0.0,1.0));
#8173=DIRECTION('',(1.0,0.0,0.0));
#8174=SHAPE_REPRESENTATION('',(#8170),#8169);
#8175=PRODUCT_DEFINITION_SHAPE('','',#8145);
#8176=SHAPE_DEFINITION_REPRESENTATION(#8175,#8174);
#8182=(NAMED_UNIT(*)PLANE_ANGLE_UNIT()SI_UNIT($,.RADIAN.));
#8183=DIMENSIONAL_EXPONENTS(0.0,0.0,0.0,0.0,0.0,0.0,0.0);
#8184=PLANE_ANGLE_MEASURE_WITH_UNIT(PLANE_ANGLE_MEASURE(0.017453292500000),#8182);
#8188=(CONVERSION_BASED_UNIT('DEGREE',#8184)NAMED_UNIT(#8183)PLANE_ANGLE_UNIT());
#8192=(NAMED_UNIT(*)SI_UNIT($,.STERADIAN.)SOLID_ANGLE_UNIT());
#8196=(LENGTH_UNIT()NAMED_UNIT(*)SI_UNIT(.MILLI.,.METRE.));
#8198=UNCERTAINTY_MEASURE_WITH_UNIT(LENGTH_MEASURE(0.000001000000000),#8196,'DISTANCE_ACCURACY_VALUE','');
#8200=(GEOMETRIC_REPRESENTATION_CONTEXT(3)GLOBAL_UNCERTAINTY_ASSIGNED_CONTEXT((#8198))GLOBAL_UNIT_ASSIGNED_CONTEXT((#8188,#8192,#8196))REPRESENTATION_CONTEXT('','3D'));
#8201=CARTESIAN_POINT('',(137.749999959496990,80.000000019680016,0.500000000000000));
#8202=DIRECTION('',(1.0,0.0,0.0));
#8203=DIRECTION('',(0.0,0.0,-1.0));
#8204=AXIS2_PLACEMENT_3D('',#8201,#8202,#8203);
#8205=PLANE('',#8204);
#8206=CARTESIAN_POINT('',(137.749999959496990,52.250000099797006,0.499999999149782));
#8207=VERTEX_POINT('',#8206);
#8208=CARTESIAN_POINT('',(137.749999959496990,78.500000019680016,0.499999999149782));
#8209=VERTEX_POINT('',#8208);
#8210=CARTESIAN_POINT('',(137.749999959496990,52.250000099797006,0.500000000000000));
#8211=DIRECTION('',(0.0,1.0,0.0));
#8212=VECTOR('',#8211,26.249999919883010);
#8213=LINE('',#8210,#8212);
#8214=EDGE_CURVE('',#8207,#8209,#8213,.T.);
#8215=ORIENTED_EDGE('',*,*,#8214,.T.);
#8216=CARTESIAN_POINT('',(137.749999959496990,78.500000019680002,2.500000000000000));
#8217=VERTEX_POINT('',#8216);
#8218=CARTESIAN_POINT('',(137.749999959496990,78.500000019680002,0.499999999149782));
#8219=DIRECTION('',(0.0,0.0,1.0));
#8220=VECTOR('',#8219,2.000000000850218);
#8221=LINE('',#8218,#8220);
#8222=EDGE_CURVE('',#8209,#8217,#8221,.T.);
#8223=ORIENTED_EDGE('',*,*,#8222,.T.);
#8224=CARTESIAN_POINT('',(137.749999959496990,52.250000099797006,2.500000000000000));
#8225=VERTEX_POINT('',#8224);
#8226=CARTESIAN_POINT('',(137.749999959496990,52.250000099797006,2.500000000000000));
#8227=DIRECTION('',(0.0,1.0,0.0));
#8228=VECTOR('',#8227,26.249999919883010);
#8229=LINE('',#8226,#8228);
#8230=EDGE_CURVE('',#8225,#8217,#8229,.T.);
#8231=ORIENTED_EDGE('',*,*,#8230,.F.);
#8232=CARTESIAN_POINT('',(137.749999959496990,52.250000099797006,0.499999999149782));
#8233=DIRECTION('',(0.0,0.0,1.0));
#8234=VECTOR('',#8233,2.000000000850218);
#8235=LINE('',#8232,#8234);
#8236=EDGE_CURVE('',#8207,#8225,#8235,.T.);
#8237=ORIENTED_EDGE('',*,*,#8236,.F.);
#8238=EDGE_LOOP('',(#8215,#8223,#8231,#8237));
#8239=FACE_OUTER_BOUND('',#8238,.T.);
#8240=ADVANCED_FACE('',(#8239),#8205,.T.);
#8241=CARTESIAN_POINT('',(128.121960972269020,68.957306733967997,-0.000000208207624));
#8242=DIRECTION('',(0.0,0.0,-1.0));
#8243=DIRECTION('',(-1.0,0.0,0.0));
#8244=AXIS2_PLACEMENT_3D('',#8241,#8242,#8243);
#8245=PLANE('',#8244);
#8246=CARTESIAN_POINT('',(128.200002114055000,68.270000380168000,-0.000000208207624));
#8247=VERTEX_POINT('',#8246);
#8248=CARTESIAN_POINT('',(128.200002114055000,68.770000380168000,-0.000000208207624));
#8249=DIRECTION('',(0.0,0.0,-1.0));
#8250=DIRECTION('',(0.0,1.0,0.0));
#8251=AXIS2_PLACEMENT_3D('',#8248,#8249,#8250);
#8252=CIRCLE('',#8251,0.500000000000000);
#8253=EDGE_CURVE('',#8247,#8247,#8252,.T.);
#8254=ORIENTED_EDGE('',*,*,#8253,.T.);
#8255=EDGE_LOOP('',(#8254));
#8256=FACE_OUTER_BOUND('',#8255,.T.);
#8257=ADVANCED_FACE('',(#8256),#8245,.T.);
#8258=CARTESIAN_POINT('',(125.849999959497010,80.000000019680016,2.600000000000000));
#8259=DIRECTION('',(0.0,1.0,0.0));
#8260=DIRECTION('',(1.0,0.0,0.0));
#8261=AXIS2_PLACEMENT_3D('',#8258,#8259,#8260);
#8262=CYLINDRICAL_SURFACE('',#8261,0.100000000000000);
#8263=CARTESIAN_POINT('',(125.849999959497010,79.300000024956006,2.500000000000000));
#8264=VERTEX_POINT('',#8263);
#8265=CARTESIAN_POINT('',(125.830600168091000,79.300000024955892,2.501899805844130));
#8266=VERTEX_POINT('',#8265);
#8267=CARTESIAN_POINT('',(125.849999959497010,79.300000024956006,2.600000000000000));
#8268=DIRECTION('',(0.0,1.0,0.0));
#8269=DIRECTION('',(1.0,0.0,0.0));
#8270=AXIS2_PLACEMENT_3D('',#8267,#8268,#8269);
#8271=CIRCLE('',#8270,0.100000000000000);
#8272=EDGE_CURVE('',#8264,#8266,#8271,.T.);
#8273=ORIENTED_EDGE('',*,*,#8272,.T.);
#8274=CARTESIAN_POINT('',(125.830600168091000,80.000000019680016,2.501899805844141));
#8275=VERTEX_POINT('',#8274);
#8276=CARTESIAN_POINT('',(125.830600168091000,79.300000024955892,2.501899805844130));
#8277=DIRECTION('',(0.0,1.0,0.0));
#8278=VECTOR('',#8277,0.699999994724124);
#8279=LINE('',#8276,#8278);
#8280=EDGE_CURVE('',#8266,#8275,#8279,.T.);
#8281=ORIENTED_EDGE('',*,*,#8280,.T.);
#8282=CARTESIAN_POINT('',(125.749999959496990,80.000000019680016,2.600000000000000));
#8283=VERTEX_POINT('',#8282);
#8284=CARTESIAN_POINT('',(125.849999959497010,80.000000019680016,2.600000000000000));
#8285=DIRECTION('',(0.0,1.0,0.0));
#8286=DIRECTION('',(0.0,0.0,-1.0));
#8287=AXIS2_PLACEMENT_3D('',#8284,#8285,#8286);
#8288=CIRCLE('',#8287,0.099999999999994);
#8289=EDGE_CURVE('',#8275,#8283,#8288,.T.);
#8290=ORIENTED_EDGE('',*,*,#8289,.T.);
#8291=CARTESIAN_POINT('',(125.749999959496990,50.750000099796999,2.600000000000000));
#8292=VERTEX_POINT('',#8291);
#8293=CARTESIAN_POINT('',(125.749999959496990,50.750000099796999,2.600000000000000));
#8294=DIRECTION('',(0.0,1.0,0.0));
#8295=VECTOR('',#8294,29.249999919883017);
#8296=LINE('',#8293,#8295);
#8297=EDGE_CURVE('',#8292,#8283,#8296,.T.);
#8298=ORIENTED_EDGE('',*,*,#8297,.F.);
#8299=CARTESIAN_POINT('',(125.849999959497010,50.750000099796999,2.500000000000000));
#8300=VERTEX_POINT('',#8299);
#8301=CARTESIAN_POINT('',(125.849999959497010,50.750000099796999,2.600000000000000));
#8302=DIRECTION('',(0.0,-1.0,0.0));
#8303=DIRECTION('',(-1.0,0.0,0.0));
#8304=AXIS2_PLACEMENT_3D('',#8301,#8302,#8303);
#8305=CIRCLE('',#8304,0.099999999999994);
#8306=EDGE_CURVE('',#8292,#8300,#8305,.T.);
#8307=ORIENTED_EDGE('',*,*,#8306,.T.);
#8308=CARTESIAN_POINT('',(125.849999959497010,50.750000099796999,2.500000000000000));
#8309=DIRECTION('',(0.0,1.0,0.0));
#8310=VECTOR('',#8309,28.549999925159007);
#8311=LINE('',#8308,#8310);
#8312=EDGE_CURVE('',#8300,#8264,#8311,.T.);
#8313=ORIENTED_EDGE('',*,*,#8312,.T.);
#8314=EDGE_LOOP('',(#8273,#8281,#8290,#8298,#8307,#8313));
#8315=FACE_OUTER_BOUND('',#8314,.T.);
#8316=ADVANCED_FACE('',(#8315),#8262,.F.);
#8317=CARTESIAN_POINT('',(127.557300866892010,80.000000019680016,0.0));
#8318=DIRECTION('',(0.0,1.0,0.0));
#8319=DIRECTION('',(0.0,0.0,1.0));
#8320=AXIS2_PLACEMENT_3D('',#8317,#8318,#8319);
#8321=PLANE('',#8320);
#8322=CARTESIAN_POINT('',(125.830600168091000,80.000000019680016,0.500089609508681));
#8323=VERTEX_POINT('',#8322);
#8324=CARTESIAN_POINT('',(125.830600168091000,80.000000019680016,0.500089609508681));
#8325=DIRECTION('',(0.0,0.0,1.0));
#8326=VECTOR('',#8325,2.001810196335460);
#8327=LINE('',#8324,#8326);
#8328=EDGE_CURVE('',#8323,#8275,#8327,.T.);
#8329=ORIENTED_EDGE('',*,*,#8328,.F.);
#8330=CARTESIAN_POINT('',(123.749999959497000,80.000000019680016,2.600000000000000));
#8331=VERTEX_POINT('',#8330);
#8332=CARTESIAN_POINT('',(125.849999959497010,80.000000019680016,2.600000000000000));
#8333=DIRECTION('',(0.0,1.0,0.0));
#8334=DIRECTION('',(0.0,0.0,-1.0));
#8335=AXIS2_PLACEMENT_3D('',#8332,#8333,#8334);
#8336=CIRCLE('',#8335,2.099999999999990);
#8337=EDGE_CURVE('',#8323,#8331,#8336,.T.);
#8338=ORIENTED_EDGE('',*,*,#8337,.T.);
#8339=CARTESIAN_POINT('',(123.749999959497000,80.000000019680016,27.0));
#8340=VERTEX_POINT('',#8339);
#8341=CARTESIAN_POINT('',(123.749999959497000,80.000000019680016,2.600000000000000));
#8342=DIRECTION('',(0.0,0.0,1.0));
#8343=VECTOR('',#8342,24.400000000000006);
#8344=LINE('',#8341,#8343);
#8345=EDGE_CURVE('',#8331,#8340,#8344,.T.);
#8346=ORIENTED_EDGE('',*,*,#8345,.T.);
#8347=CARTESIAN_POINT('',(125.749999959496990,80.000000019680016,27.0));
#8348=VERTEX_POINT('',#8347);
#8349=CARTESIAN_POINT('',(125.749999959496990,80.000000019680016,27.0));
#8350=DIRECTION('',(-1.0,0.0,0.0));
#8351=VECTOR('',#8350,2.0);
#8352=LINE('',#8349,#8351);
#8353=EDGE_CURVE('',#8348,#8340,#8352,.T.);
#8354=ORIENTED_EDGE('',*,*,#8353,.F.);
#8355=CARTESIAN_POINT('',(125.749999959496990,80.000000019680016,2.600000000000000));
#8356=DIRECTION('',(0.0,0.0,1.0));
#8357=VECTOR('',#8356,24.400000000000006);
#8358=LINE('',#8355,#8357);
#8359=EDGE_CURVE('',#8283,#8348,#8358,.T.);
#8360=ORIENTED_EDGE('',*,*,#8359,.F.);
#8361=ORIENTED_EDGE('',*,*,#8289,.F.);
#8362=EDGE_LOOP('',(#8329,#8338,#8346,#8354,#8360,#8361));
#8363=FACE_OUTER_BOUND('',#8362,.T.);
#8364=ADVANCED_FACE('',(#8363),#8321,.T.);
#8365=CARTESIAN_POINT('',(123.549997559497000,74.000000019680002,25.0));
#8366=DIRECTION('',(0.0,0.0,-1.0));
#8367=DIRECTION('',(-1.0,0.0,0.0));
#8368=AXIS2_PLACEMENT_3D('',#8365,#8366,#8367);
#8369=PLANE('',#8368);
#8370=CARTESIAN_POINT('',(125.749999959496990,54.250000099797006,25.0));
#8371=VERTEX_POINT('',#8370);
#8372=CARTESIAN_POINT('',(125.749999959496990,78.000000019680002,25.0));
#8373=VERTEX_POINT('',#8372);
#8374=CARTESIAN_POINT('',(125.749999959496990,54.250000099797006,25.0));
#8375=DIRECTION('',(0.0,1.0,0.0));
#8376=VECTOR('',#8375,23.749999919883010);
#8377=LINE('',#8374,#8376);
#8378=EDGE_CURVE('',#8371,#8373,#8377,.T.);
#8379=ORIENTED_EDGE('',*,*,#8378,.T.);
#8380=CARTESIAN_POINT('',(123.749999959497000,78.000000019680002,25.0));
#8381=VERTEX_POINT('',#8380);
#8382=CARTESIAN_POINT('',(123.749999959497000,78.000000019680002,25.0));
#8383=DIRECTION('',(1.0,0.0,0.0));
#8384=VECTOR('',#8383,1.999999999999986);
#8385=LINE('',#8382,#8384);
#8386=EDGE_CURVE('',#8381,#8373,#8385,.T.);
#8387=ORIENTED_EDGE('',*,*,#8386,.F.);
#8388=CARTESIAN_POINT('',(123.749999959497000,54.250000099797006,25.0));
#8389=VERTEX_POINT('',#8388);
#8390=CARTESIAN_POINT('',(123.749999959497000,78.000000019680002,25.0));
#8391=DIRECTION('',(0.0,-1.0,0.0));
#8392=VECTOR('',#8391,23.749999919883003);
#8393=LINE('',#8390,#8392);
#8394=EDGE_CURVE('',#8381,#8389,#8393,.T.);
#8395=ORIENTED_EDGE('',*,*,#8394,.T.);
#8396=CARTESIAN_POINT('',(125.749999959496990,54.250000099797006,25.0));
#8397=DIRECTION('',(-1.0,0.0,0.0));
#8398=VECTOR('',#8397,2.0);
#8399=LINE('',#8396,#8398);
#8400=EDGE_CURVE('',#8371,#8389,#8399,.T.);
#8401=ORIENTED_EDGE('',*,*,#8400,.F.);
#8402=EDGE_LOOP('',(#8379,#8387,#8395,#8401));
#8403=FACE_OUTER_BOUND('',#8402,.T.);
#8404=ADVANCED_FACE('',(#8403),#8369,.F.);
#8405=CARTESIAN_POINT('',(123.549997559497000,78.000000019680002,33.500000000000000));
#8406=DIRECTION('',(0.0,1.0,0.0));
#8407=DIRECTION('',(0.0,0.0,1.0));
#8408=AXIS2_PLACEMENT_3D('',#8405,#8406,#8407);
#8409=PLANE('',#8408);
#8410=CARTESIAN_POINT('',(125.749999959496990,78.000000019680002,27.0));
#8411=VERTEX_POINT('',#8410);
#8412=CARTESIAN_POINT('',(125.749999959496990,78.000000019680002,25.0));
#8413=DIRECTION('',(0.0,0.0,1.0));
#8414=VECTOR('',#8413,2.0);
#8415=LINE('',#8412,#8414);
#8416=EDGE_CURVE('',#8373,#8411,#8415,.T.);
#8417=ORIENTED_EDGE('',*,*,#8416,.T.);
#8418=CARTESIAN_POINT('',(123.749999959497000,78.000000019680002,27.0));
#8419=VERTEX_POINT('',#8418);
#8420=CARTESIAN_POINT('',(125.749999959496990,78.000000019680002,27.0));
#8421=DIRECTION('',(-1.0,0.0,0.0));
#8422=VECTOR('',#8421,2.0);
#8423=LINE('',#8420,#8422);
#8424=EDGE_CURVE('',#8411,#8419,#8423,.T.);
#8425=ORIENTED_EDGE('',*,*,#8424,.T.);
#8426=CARTESIAN_POINT('',(123.749999959497000,78.000000019680002,27.0));
#8427=DIRECTION('',(0.0,0.0,-1.0));
#8428=VECTOR('',#8427,2.0);
#8429=LINE('',#8426,#8428);
#8430=EDGE_CURVE('',#8419,#8381,#8429,.T.);
#8431=ORIENTED_EDGE('',*,*,#8430,.T.);
#8432=ORIENTED_EDGE('',*,*,#8386,.T.);
#8433=EDGE_LOOP('',(#8417,#8425,#8431,#8432));
#8434=FACE_OUTER_BOUND('',#8433,.T.);
#8435=ADVANCED_FACE('',(#8434),#8409,.F.);
#8436=CARTESIAN_POINT('',(125.549999959497000,62.290000024956498,10.500000000000799));
#8437=DIRECTION('',(1.0,0.0,0.0));
#8438=DIRECTION('',(0.0,-1.0,0.0));
#8439=AXIS2_PLACEMENT_3D('',#8436,#8437,#8438);
#8440=CONICAL_SURFACE('',#8439,1.300000000000000,44.999999999999979);
#8441=CARTESIAN_POINT('',(125.549999959497000,63.590000024956495,10.500000000000799));
#8442=VERTEX_POINT('',#8441);
#8443=CARTESIAN_POINT('',(125.549999959497000,62.290000024956498,10.500000000000799));
#8444=DIRECTION('',(1.0,0.0,0.0));
#8445=DIRECTION('',(0.0,-1.0,0.0));
#8446=AXIS2_PLACEMENT_3D('',#8443,#8444,#8445);
#8447=CIRCLE('',#8446,1.300000000000000);
#8448=EDGE_CURVE('',#8442,#8442,#8447,.T.);
#8449=ORIENTED_EDGE('',*,*,#8448,.F.);
#8450=EDGE_LOOP('',(#8449));
#8451=FACE_OUTER_BOUND('',#8450,.T.);
#8452=CARTESIAN_POINT('',(125.749999959496990,63.790000024956505,10.500000000000799));
#8453=VERTEX_POINT('',#8452);
#8454=CARTESIAN_POINT('',(125.749999959496990,62.290000024956498,10.500000000000799));
#8455=DIRECTION('',(1.0,0.0,0.0));
#8456=DIRECTION('',(0.0,-1.0,0.0));
#8457=AXIS2_PLACEMENT_3D('',#8454,#8455,#8456);
#8458=CIRCLE('',#8457,1.500000000000000);
#8459=EDGE_CURVE('',#8453,#8453,#8458,.T.);
#8460=ORIENTED_EDGE('',*,*,#8459,.T.);
#8461=EDGE_LOOP('',(#8460));
#8462=FACE_BOUND('',#8461,.T.);
#8463=ADVANCED_FACE('',(#8451,#8462),#8440,.F.);
#8464=CARTESIAN_POINT('',(125.549999959497000,74.090002024956505,10.500000000000799));
#8465=DIRECTION('',(1.0,0.0,0.0));
#8466=DIRECTION('',(0.0,-1.0,0.0));
#8467=AXIS2_PLACEMENT_3D('',#8464,#8465,#8466);
#8468=CONICAL_SURFACE('',#8467,1.300000000000000,44.999999999999979);
#8469=CARTESIAN_POINT('',(125.549999959497000,75.390002024956502,10.500000000000799));
#8470=VERTEX_POINT('',#8469);
#8471=CARTESIAN_POINT('',(125.549999959497000,74.090002024956505,10.500000000000799));
#8472=DIRECTION('',(1.0,0.0,0.0));
#8473=DIRECTION('',(0.0,1.0,0.0));
#8474=AXIS2_PLACEMENT_3D('',#8471,#8472,#8473);
#8475=CIRCLE('',#8474,1.300000000000000);
#8476=EDGE_CURVE('',#8470,#8470,#8475,.T.);
#8477=ORIENTED_EDGE('',*,*,#8476,.F.);
#8478=EDGE_LOOP('',(#8477));
#8479=FACE_OUTER_BOUND('',#8478,.T.);
#8480=CARTESIAN_POINT('',(125.749999959496990,75.590002024956505,10.500000000000799));
#8481=VERTEX_POINT('',#8480);
#8482=CARTESIAN_POINT('',(125.749999959496990,74.090002024956505,10.500000000000799));
#8483=DIRECTION('',(1.0,0.0,0.0));
#8484=DIRECTION('',(0.0,-1.0,0.0));
#8485=AXIS2_PLACEMENT_3D('',#8482,#8483,#8484);
#8486=CIRCLE('',#8485,1.500000000000000);
#8487=EDGE_CURVE('',#8481,#8481,#8486,.T.);
#8488=ORIENTED_EDGE('',*,*,#8487,.T.);
#8489=EDGE_LOOP('',(#8488));
#8490=FACE_BOUND('',#8489,.T.);
#8491=ADVANCED_FACE('',(#8479,#8490),#8468,.F.);
#8492=CARTESIAN_POINT('',(123.549997559497000,74.090002024956505,10.500000000000799));
#8493=DIRECTION('',(1.0,0.0,0.0));
#8494=DIRECTION('',(0.0,1.0,0.0));
#8495=AXIS2_PLACEMENT_3D('',#8492,#8493,#8494);
#8496=CYLINDRICAL_SURFACE('',#8495,1.300000000000000);
#8497=CARTESIAN_POINT('',(123.749999959497000,75.390002024956502,10.500000000000799));
#8498=VERTEX_POINT('',#8497);
#8499=CARTESIAN_POINT('',(123.749999959497000,74.090002024956505,10.500000000000799));
#8500=DIRECTION('',(1.0,0.0,0.0));
#8501=DIRECTION('',(0.0,1.0,0.0));
#8502=AXIS2_PLACEMENT_3D('',#8499,#8500,#8501);
#8503=CIRCLE('',#8502,1.300000000000000);
#8504=EDGE_CURVE('',#8498,#8498,#8503,.T.);
#8505=ORIENTED_EDGE('',*,*,#8504,.F.);
#8506=EDGE_LOOP('',(#8505));
#8507=FACE_OUTER_BOUND('',#8506,.T.);
#8508=ORIENTED_EDGE('',*,*,#8476,.T.);
#8509=EDGE_LOOP('',(#8508));
#8510=FACE_BOUND('',#8509,.T.);
#8511=ADVANCED_FACE('',(#8507,#8510),#8496,.F.);
#8512=CARTESIAN_POINT('',(123.549997559497000,62.290000024956498,10.500000000000799));
#8513=DIRECTION('',(1.0,0.0,0.0));
#8514=DIRECTION('',(0.0,1.0,0.0));
#8515=AXIS2_PLACEMENT_3D('',#8512,#8513,#8514);
#8516=CYLINDRICAL_SURFACE('',#8515,1.300000000000000);
#8517=CARTESIAN_POINT('',(123.749999959497000,63.590000024956495,10.500000000000799));
#8518=VERTEX_POINT('',#8517);
#8519=CARTESIAN_POINT('',(123.749999959497000,62.290000024956498,10.500000000000799));
#8520=DIRECTION('',(1.0,0.0,0.0));
#8521=DIRECTION('',(0.0,1.0,0.0));
#8522=AXIS2_PLACEMENT_3D('',#8519,#8520,#8521);
#8523=CIRCLE('',#8522,1.300000000000000);
#8524=EDGE_CURVE('',#8518,#8518,#8523,.T.);
#8525=ORIENTED_EDGE('',*,*,#8524,.F.);
#8526=EDGE_LOOP('',(#8525));
#8527=FACE_OUTER_BOUND('',#8526,.T.);
#8528=ORIENTED_EDGE('',*,*,#8448,.T.);
#8529=EDGE_LOOP('',(#8528));
#8530=FACE_BOUND('',#8529,.T.);
#8531=ADVANCED_FACE('',(#8527,#8530),#8516,.F.);
#8532=CARTESIAN_POINT('',(136.249999959497020,52.250000099797006,0.0));
#8533=DIRECTION('',(0.0,0.0,1.0));
#8534=DIRECTION('',(1.0,0.0,0.0));
#8535=AXIS2_PLACEMENT_3D('',#8532,#8533,#8534);
#8536=CYLINDRICAL_SURFACE('',#8535,1.500000000000000);
#8537=CARTESIAN_POINT('',(136.249999959497020,50.750000099796999,0.499999999149782));
#8538=VERTEX_POINT('',#8537);
#8539=CARTESIAN_POINT('',(136.249999959497020,50.750000099796999,2.500000000000000));
#8540=VERTEX_POINT('',#8539);
#8541=CARTESIAN_POINT('',(136.249999959497020,50.750000099796999,0.499999999149782));
#8542=DIRECTION('',(0.0,0.0,1.0));
#8543=VECTOR('',#8542,2.000000000850218);
#8544=LINE('',#8541,#8543);
#8545=EDGE_CURVE('',#8538,#8540,#8544,.T.);
#8546=ORIENTED_EDGE('',*,*,#8545,.F.);
#8547=CARTESIAN_POINT('',(136.249999959497020,52.250000099797006,0.500000000000000));
#8548=DIRECTION('',(0.0,0.0,1.0));
#8549=DIRECTION('',(1.0,0.0,0.0));
#8550=AXIS2_PLACEMENT_3D('',#8547,#8548,#8549);
#8551=CIRCLE('',#8550,1.500000000000000);
#8552=EDGE_CURVE('',#8538,#8207,#8551,.T.);
#8553=ORIENTED_EDGE('',*,*,#8552,.T.);
#8554=ORIENTED_EDGE('',*,*,#8236,.T.);
#8555=CARTESIAN_POINT('',(136.249999959497020,52.250000099797006,2.500000000000000));
#8556=DIRECTION('',(0.0,0.0,1.0));
#8557=DIRECTION('',(1.0,0.0,0.0));
#8558=AXIS2_PLACEMENT_3D('',#8555,#8556,#8557);
#8559=CIRCLE('',#8558,1.500000000000000);
#8560=EDGE_CURVE('',#8540,#8225,#8559,.T.);
#8561=ORIENTED_EDGE('',*,*,#8560,.F.);
#8562=EDGE_LOOP('',(#8546,#8553,#8554,#8561));
#8563=FACE_OUTER_BOUND('',#8562,.T.);
#8564=ADVANCED_FACE('',(#8563),#8536,.T.);
#8565=CARTESIAN_POINT('',(125.749999959496990,50.750000099796999,0.0));
#8566=DIRECTION('',(-1.0,0.0,0.0));
#8567=DIRECTION('',(0.0,0.0,1.0));
#8568=AXIS2_PLACEMENT_3D('',#8565,#8566,#8567);
#8569=PLANE('',#8568);
#8570=ORIENTED_EDGE('',*,*,#8297,.T.);
#8571=ORIENTED_EDGE('',*,*,#8359,.T.);
#8572=CARTESIAN_POINT('',(125.749999959496990,80.000000019680016,27.0));
#8573=DIRECTION('',(0.0,-1.0,0.0));
#8574=VECTOR('',#8573,2.0);
#8575=LINE('',#8572,#8574);
#8576=EDGE_CURVE('',#8348,#8411,#8575,.T.);
#8577=ORIENTED_EDGE('',*,*,#8576,.T.);
#8578=ORIENTED_EDGE('',*,*,#8416,.F.);
#8579=ORIENTED_EDGE('',*,*,#8378,.F.);
#8580=CARTESIAN_POINT('',(125.749999959496990,54.250000099797006,27.0));
#8581=VERTEX_POINT('',#8580);
#8582=CARTESIAN_POINT('',(125.749999959496990,54.250000099797006,27.0));
#8583=DIRECTION('',(0.0,0.0,-1.0));
#8584=VECTOR('',#8583,2.0);
#8585=LINE('',#8582,#8584);
#8586=EDGE_CURVE('',#8581,#8371,#8585,.T.);
#8587=ORIENTED_EDGE('',*,*,#8586,.F.);
#8588=CARTESIAN_POINT('',(125.749999959496990,50.750000099796999,27.0));
#8589=VERTEX_POINT('',#8588);
#8590=CARTESIAN_POINT('',(125.749999959496990,54.250000099797006,27.0));
#8591=DIRECTION('',(0.0,-1.0,0.0));
#8592=VECTOR('',#8591,3.500000000000007);
#8593=LINE('',#8590,#8592);
#8594=EDGE_CURVE('',#8581,#8589,#8593,.T.);
#8595=ORIENTED_EDGE('',*,*,#8594,.T.);
#8596=CARTESIAN_POINT('',(125.749999959496990,50.750000099796999,27.0));
#8597=DIRECTION('',(0.0,0.0,-1.0));
#8598=VECTOR('',#8597,24.400000000000006);
#8599=LINE('',#8596,#8598);
#8600=EDGE_CURVE('',#8589,#8292,#8599,.T.);
#8601=ORIENTED_EDGE('',*,*,#8600,.T.);
#8602=EDGE_LOOP('',(#8570,#8571,#8577,#8578,#8579,#8587,#8595,#8601));
#8603=FACE_OUTER_BOUND('',#8602,.T.);
#8604=ORIENTED_EDGE('',*,*,#8459,.F.);
#8605=EDGE_LOOP('',(#8604));
#8606=FACE_BOUND('',#8605,.T.);
#8607=ORIENTED_EDGE('',*,*,#8487,.F.);
#8608=EDGE_LOOP('',(#8607));
#8609=FACE_BOUND('',#8608,.T.);
#8610=ADVANCED_FACE('',(#8603,#8606,#8609),#8569,.F.);
#8611=CARTESIAN_POINT('',(123.749999959497000,50.750000099796999,0.0));
#8612=DIRECTION('',(-1.0,0.0,0.0));
#8613=DIRECTION('',(0.0,0.0,1.0));
#8614=AXIS2_PLACEMENT_3D('',#8611,#8612,#8613);
#8615=PLANE('',#8614);
#8616=CARTESIAN_POINT('',(123.749999959497000,50.750000099796999,2.600000000000000));
#8617=VERTEX_POINT('',#8616);
#8618=CARTESIAN_POINT('',(123.749999959497000,50.750000099796999,2.600000000000000));
#8619=DIRECTION('',(0.0,1.0,0.0));
#8620=VECTOR('',#8619,29.249999919883017);
#8621=LINE('',#8618,#8620);
#8622=EDGE_CURVE('',#8617,#8331,#8621,.T.);
#8623=ORIENTED_EDGE('',*,*,#8622,.F.);
#8624=CARTESIAN_POINT('',(123.749999959497000,50.750000099796999,27.0));
#8625=VERTEX_POINT('',#8624);
#8626=CARTESIAN_POINT('',(123.749999959497000,50.750000099796999,27.0));
#8627=DIRECTION('',(0.0,0.0,-1.0));
#8628=VECTOR('',#8627,24.400000000000006);
#8629=LINE('',#8626,#8628);
#8630=EDGE_CURVE('',#8625,#8617,#8629,.T.);
#8631=ORIENTED_EDGE('',*,*,#8630,.F.);
#8632=CARTESIAN_POINT('',(123.749999959497000,54.250000099797006,27.0));
#8633=VERTEX_POINT('',#8632);
#8634=CARTESIAN_POINT('',(123.749999959497000,54.250000099797006,27.0));
#8635=DIRECTION('',(0.0,-1.0,0.0));
#8636=VECTOR('',#8635,3.500000000000007);
#8637=LINE('',#8634,#8636);
#8638=EDGE_CURVE('',#8633,#8625,#8637,.T.);
#8639=ORIENTED_EDGE('',*,*,#8638,.F.);
#8640=CARTESIAN_POINT('',(123.749999959497000,54.250000099797006,25.0));
#8641=DIRECTION('',(0.0,0.0,1.0));
#8642=VECTOR('',#8641,2.0);
#8643=LINE('',#8640,#8642);
#8644=EDGE_CURVE('',#8389,#8633,#8643,.T.);
#8645=ORIENTED_EDGE('',*,*,#8644,.F.);
#8646=ORIENTED_EDGE('',*,*,#8394,.F.);
#8647=ORIENTED_EDGE('',*,*,#8430,.F.);
#8648=CARTESIAN_POINT('',(123.749999959497000,80.000000019680016,27.0));
#8649=DIRECTION('',(0.0,-1.0,0.0));
#8650=VECTOR('',#8649,2.0);
#8651=LINE('',#8648,#8650);
#8652=EDGE_CURVE('',#8340,#8419,#8651,.T.);
#8653=ORIENTED_EDGE('',*,*,#8652,.F.);
#8654=ORIENTED_EDGE('',*,*,#8345,.F.);
#8655=EDGE_LOOP('',(#8623,#8631,#8639,#8645,#8646,#8647,#8653,#8654));
#8656=FACE_OUTER_BOUND('',#8655,.T.);
#8657=ORIENTED_EDGE('',*,*,#8504,.T.);
#8658=EDGE_LOOP('',(#8657));
#8659=FACE_BOUND('',#8658,.T.);
#8660=ORIENTED_EDGE('',*,*,#8524,.T.);
#8661=EDGE_LOOP('',(#8660));
#8662=FACE_BOUND('',#8661,.T.);
#8663=ADVANCED_FACE('',(#8656,#8659,#8662),#8615,.T.);
#8664=CARTESIAN_POINT('',(125.749999959496990,50.750000099796999,0.0));
#8665=DIRECTION('',(0.0,-1.0,0.0));
#8666=DIRECTION('',(0.0,0.0,-1.0));
#8667=AXIS2_PLACEMENT_3D('',#8664,#8665,#8666);
#8668=PLANE('',#8667);
#8669=ORIENTED_EDGE('',*,*,#8545,.T.);
#8670=CARTESIAN_POINT('',(125.849999959497010,50.750000099796999,2.500000000000000));
#8671=DIRECTION('',(1.0,0.0,0.0));
#8672=VECTOR('',#8671,10.400000000000006);
#8673=LINE('',#8670,#8672);
#8674=EDGE_CURVE('',#8300,#8540,#8673,.T.);
#8675=ORIENTED_EDGE('',*,*,#8674,.F.);
#8676=ORIENTED_EDGE('',*,*,#8306,.F.);
#8677=ORIENTED_EDGE('',*,*,#8600,.F.);
#8678=CARTESIAN_POINT('',(125.749999959496990,50.750000099796999,27.0));
#8679=DIRECTION('',(-1.0,0.0,0.0));
#8680=VECTOR('',#8679,2.0);
#8681=LINE('',#8678,#8680);
#8682=EDGE_CURVE('',#8589,#8625,#8681,.T.);
#8683=ORIENTED_EDGE('',*,*,#8682,.T.);
#8684=ORIENTED_EDGE('',*,*,#8630,.T.);
#8685=CARTESIAN_POINT('',(125.849999959497010,50.750000099796999,0.500000000000003));
#8686=VERTEX_POINT('',#8685);
#8687=CARTESIAN_POINT('',(125.849999959497010,50.750000099796999,2.600000000000000));
#8688=DIRECTION('',(0.0,-1.0,0.0));
#8689=DIRECTION('',(-1.0,0.0,0.0));
#8690=AXIS2_PLACEMENT_3D('',#8687,#8688,#8689);
#8691=CIRCLE('',#8690,2.099999999999990);
#8692=EDGE_CURVE('',#8617,#8686,#8691,.T.);
#8693=ORIENTED_EDGE('',*,*,#8692,.T.);
#8694=CARTESIAN_POINT('',(125.849999959497010,50.750000099796999,0.500000000000000));
#8695=DIRECTION('',(1.0,0.0,0.0));
#8696=VECTOR('',#8695,10.400000000000006);
#8697=LINE('',#8694,#8696);
#8698=EDGE_CURVE('',#8686,#8538,#8697,.T.);
#8699=ORIENTED_EDGE('',*,*,#8698,.T.);
#8700=EDGE_LOOP('',(#8669,#8675,#8676,#8677,#8683,#8684,#8693,#8699));
#8701=FACE_OUTER_BOUND('',#8700,.T.);
#8702=ADVANCED_FACE('',(#8701),#8668,.T.);
#8703=CARTESIAN_POINT('',(125.849999959497010,80.000000019680016,2.600000000000000));
#8704=DIRECTION('',(0.0,1.0,0.0));
#8705=DIRECTION('',(1.0,0.0,0.0));
#8706=AXIS2_PLACEMENT_3D('',#8703,#8704,#8705);
#8707=CYLINDRICAL_SURFACE('',#8706,2.100000000000000);
#8708=CARTESIAN_POINT('',(125.849999959497010,79.300000024956006,0.500000000000000));
#8709=VERTEX_POINT('',#8708);
#8710=CARTESIAN_POINT('',(125.830600168091000,79.300000024955892,0.500089609508674));
#8711=VERTEX_POINT('',#8710);
#8712=CARTESIAN_POINT('',(125.849999959497010,79.300000024956006,2.600000000000000));
#8713=DIRECTION('',(0.0,1.0,0.0));
#8714=DIRECTION('',(1.0,0.0,0.0));
#8715=AXIS2_PLACEMENT_3D('',#8712,#8713,#8714);
#8716=CIRCLE('',#8715,2.100000000000000);
#8717=EDGE_CURVE('',#8709,#8711,#8716,.T.);
#8718=ORIENTED_EDGE('',*,*,#8717,.F.);
#8719=CARTESIAN_POINT('',(125.849999959497010,50.750000099796999,0.500000000000000));
#8720=DIRECTION('',(0.0,1.0,0.0));
#8721=VECTOR('',#8720,28.549999925159007);
#8722=LINE('',#8719,#8721);
#8723=EDGE_CURVE('',#8686,#8709,#8722,.T.);
#8724=ORIENTED_EDGE('',*,*,#8723,.F.);
#8725=ORIENTED_EDGE('',*,*,#8692,.F.);
#8726=ORIENTED_EDGE('',*,*,#8622,.T.);
#8727=ORIENTED_EDGE('',*,*,#8337,.F.);
#8728=CARTESIAN_POINT('',(125.830600168091000,79.300000024955892,0.500089609508676));
#8729=DIRECTION('',(0.0,1.0,0.0));
#8730=VECTOR('',#8729,0.699999994724124);
#8731=LINE('',#8728,#8730);
#8732=EDGE_CURVE('',#8711,#8323,#8731,.T.);
#8733=ORIENTED_EDGE('',*,*,#8732,.F.);
#8734=EDGE_LOOP('',(#8718,#8724,#8725,#8726,#8727,#8733));
#8735=FACE_OUTER_BOUND('',#8734,.T.);
#8736=ADVANCED_FACE('',(#8735),#8707,.T.);
#8737=CARTESIAN_POINT('',(127.557300866892010,80.000000019680016,0.0));
#8738=DIRECTION('',(0.0,1.0,0.0));
#8739=DIRECTION('',(0.0,0.0,1.0));
#8740=AXIS2_PLACEMENT_3D('',#8737,#8738,#8739);
#8741=PLANE('',#8740);
#8742=CARTESIAN_POINT('',(136.249999959497020,80.000000019680016,0.499999999149782));
#8743=VERTEX_POINT('',#8742);
#8744=CARTESIAN_POINT('',(136.249999959497020,80.000000019680016,2.500000000000000));
#8745=VERTEX_POINT('',#8744);
#8746=CARTESIAN_POINT('',(136.249999959497020,80.000000019680016,0.499999999149782));
#8747=DIRECTION('',(0.0,0.0,1.0));
#8748=VECTOR('',#8747,2.000000000850218);
#8749=LINE('',#8746,#8748);
#8750=EDGE_CURVE('',#8743,#8745,#8749,.T.);
#8751=ORIENTED_EDGE('',*,*,#8750,.F.);
#8752=CARTESIAN_POINT('',(132.049999959498000,80.000000019680016,0.499999999149782));
#8753=VERTEX_POINT('',#8752);
#8754=CARTESIAN_POINT('',(136.249999959497020,80.000000019680016,0.500000000000000));
#8755=DIRECTION('',(-1.0,0.0,0.0));
#8756=VECTOR('',#8755,4.199999999998994);
#8757=LINE('',#8754,#8756);
#8758=EDGE_CURVE('',#8743,#8753,#8757,.T.);
#8759=ORIENTED_EDGE('',*,*,#8758,.T.);
#8760=CARTESIAN_POINT('',(132.049999959498000,80.000000019680016,2.500000000000000));
#8761=VERTEX_POINT('',#8760);
#8762=CARTESIAN_POINT('',(132.049999959498000,80.000000019680016,2.500000000000000));
#8763=DIRECTION('',(0.0,0.0,-1.0));
#8764=VECTOR('',#8763,2.000000000850218);
#8765=LINE('',#8762,#8764);
#8766=EDGE_CURVE('',#8761,#8753,#8765,.T.);
#8767=ORIENTED_EDGE('',*,*,#8766,.F.);
#8768=CARTESIAN_POINT('',(136.249999959497020,80.000000019680016,2.500000000000000));
#8769=DIRECTION('',(-1.0,0.0,0.0));
#8770=VECTOR('',#8769,4.199999999998994);
#8771=LINE('',#8768,#8770);
#8772=EDGE_CURVE('',#8745,#8761,#8771,.T.);
#8773=ORIENTED_EDGE('',*,*,#8772,.F.);
#8774=EDGE_LOOP('',(#8751,#8759,#8767,#8773));
#8775=FACE_OUTER_BOUND('',#8774,.T.);
#8776=ADVANCED_FACE('',(#8775),#8741,.T.);
#8777=CARTESIAN_POINT('',(125.830600168091000,79.300000024956006,29.650002400000002));
#8778=DIRECTION('',(0.0,-1.0,0.0));
#8779=DIRECTION('',(0.0,0.0,-1.0));
#8780=AXIS2_PLACEMENT_3D('',#8777,#8778,#8779);
#8781=PLANE('',#8780);
#8782=CARTESIAN_POINT('',(132.049999959498000,79.300000024956006,0.499999999149782));
#8783=VERTEX_POINT('',#8782);
#8784=CARTESIAN_POINT('',(132.049999959498000,79.300000024956006,0.500000000000000));
#8785=DIRECTION('',(-1.0,0.0,0.0));
#8786=VECTOR('',#8785,6.200000000000983);
#8787=LINE('',#8784,#8786);
#8788=EDGE_CURVE('',#8783,#8709,#8787,.T.);
#8789=ORIENTED_EDGE('',*,*,#8788,.T.);
#8790=ORIENTED_EDGE('',*,*,#8717,.T.);
#8791=CARTESIAN_POINT('',(125.830600168091000,79.300000024956006,0.500089609508674));
#8792=DIRECTION('',(0.0,0.0,1.0));
#8793=VECTOR('',#8792,2.001810196335456);
#8794=LINE('',#8791,#8793);
#8795=EDGE_CURVE('',#8711,#8266,#8794,.T.);
#8796=ORIENTED_EDGE('',*,*,#8795,.T.);
#8797=ORIENTED_EDGE('',*,*,#8272,.F.);
#8798=CARTESIAN_POINT('',(132.049999959498000,79.300000024955892,2.500000000000000));
#8799=VERTEX_POINT('',#8798);
#8800=CARTESIAN_POINT('',(132.049999959498000,79.300000024956006,2.500000000000000));
#8801=DIRECTION('',(-1.0,0.0,0.0));
#8802=VECTOR('',#8801,6.200000000000983);
#8803=LINE('',#8800,#8802);
#8804=EDGE_CURVE('',#8799,#8264,#8803,.T.);
#8805=ORIENTED_EDGE('',*,*,#8804,.F.);
#8806=CARTESIAN_POINT('',(132.049999959498000,79.300000024956006,0.499999999149782));
#8807=DIRECTION('',(0.0,0.0,1.0));
#8808=VECTOR('',#8807,2.000000000850218);
#8809=LINE('',#8806,#8808);
#8810=EDGE_CURVE('',#8783,#8799,#8809,.T.);
#8811=ORIENTED_EDGE('',*,*,#8810,.F.);
#8812=EDGE_LOOP('',(#8789,#8790,#8796,#8797,#8805,#8811));
#8813=FACE_OUTER_BOUND('',#8812,.T.);
#8814=ADVANCED_FACE('',(#8813),#8781,.F.);
#8815=CARTESIAN_POINT('',(132.049999959498000,79.370000024955999,29.650002400000002));
#8816=DIRECTION('',(1.0,0.0,0.0));
#8817=DIRECTION('',(0.0,0.0,-1.0));
#8818=AXIS2_PLACEMENT_3D('',#8815,#8816,#8817);
#8819=PLANE('',#8818);
#8820=ORIENTED_EDGE('',*,*,#8766,.T.);
#8821=CARTESIAN_POINT('',(132.049999959498000,80.000000019680016,0.500000000000000));
#8822=DIRECTION('',(0.0,-1.0,0.0));
#8823=VECTOR('',#8822,0.699999994723996);
#8824=LINE('',#8821,#8823);
#8825=EDGE_CURVE('',#8753,#8783,#8824,.T.);
#8826=ORIENTED_EDGE('',*,*,#8825,.T.);
#8827=ORIENTED_EDGE('',*,*,#8810,.T.);
#8828=CARTESIAN_POINT('',(132.049999959498000,80.000000019680016,2.500000000000000));
#8829=DIRECTION('',(0.0,-1.0,0.0));
#8830=VECTOR('',#8829,0.699999994724124);
#8831=LINE('',#8828,#8830);
#8832=EDGE_CURVE('',#8761,#8799,#8831,.T.);
#8833=ORIENTED_EDGE('',*,*,#8832,.F.);
#8834=EDGE_LOOP('',(#8820,#8826,#8827,#8833));
#8835=FACE_OUTER_BOUND('',#8834,.T.);
#8836=ADVANCED_FACE('',(#8835),#8819,.F.);
#8837=CARTESIAN_POINT('',(125.830600168091000,82.270602466285681,29.650002400000002));
#8838=DIRECTION('',(-1.0,0.0,0.0));
#8839=DIRECTION('',(0.0,0.0,1.0));
#8840=AXIS2_PLACEMENT_3D('',#8837,#8838,#8839);
#8841=PLANE('',#8840);
#8842=ORIENTED_EDGE('',*,*,#8732,.T.);
#8843=ORIENTED_EDGE('',*,*,#8328,.T.);
#8844=ORIENTED_EDGE('',*,*,#8280,.F.);
#8845=ORIENTED_EDGE('',*,*,#8795,.F.);
#8846=EDGE_LOOP('',(#8842,#8843,#8844,#8845));
#8847=FACE_OUTER_BOUND('',#8846,.T.);
#8848=ADVANCED_FACE('',(#8847),#8841,.F.);
#8849=CARTESIAN_POINT('',(127.557300866892010,50.750000099796999,2.500000000000000));
#8850=DIRECTION('',(0.0,0.0,-1.0));
#8851=DIRECTION('',(-1.0,0.0,0.0));
#8852=AXIS2_PLACEMENT_3D('',#8849,#8850,#8851);
#8853=PLANE('',#8852);
#8854=ORIENTED_EDGE('',*,*,#8230,.T.);
#8855=CARTESIAN_POINT('',(136.249999959497020,78.500000019680002,2.500000000000000));
#8856=DIRECTION('',(0.0,0.0,1.0));
#8857=DIRECTION('',(1.0,0.0,0.0));
#8858=AXIS2_PLACEMENT_3D('',#8855,#8856,#8857);
#8859=CIRCLE('',#8858,1.500000000000000);
#8860=EDGE_CURVE('',#8217,#8745,#8859,.T.);
#8861=ORIENTED_EDGE('',*,*,#8860,.T.);
#8862=ORIENTED_EDGE('',*,*,#8772,.T.);
#8863=ORIENTED_EDGE('',*,*,#8832,.T.);
#8864=ORIENTED_EDGE('',*,*,#8804,.T.);
#8865=ORIENTED_EDGE('',*,*,#8312,.F.);
#8866=ORIENTED_EDGE('',*,*,#8674,.T.);
#8867=ORIENTED_EDGE('',*,*,#8560,.T.);
#8868=EDGE_LOOP('',(#8854,#8861,#8862,#8863,#8864,#8865,#8866,#8867));
#8869=FACE_OUTER_BOUND('',#8868,.T.);
#8870=ADVANCED_FACE('',(#8869),#8853,.F.);
#8871=CARTESIAN_POINT('',(136.249999959497020,78.500000019680002,0.0));
#8872=DIRECTION('',(0.0,0.0,1.0));
#8873=DIRECTION('',(1.0,0.0,0.0));
#8874=AXIS2_PLACEMENT_3D('',#8871,#8872,#8873);
#8875=CYLINDRICAL_SURFACE('',#8874,1.500000000000000);
#8876=ORIENTED_EDGE('',*,*,#8750,.T.);
#8877=ORIENTED_EDGE('',*,*,#8860,.F.);
#8878=ORIENTED_EDGE('',*,*,#8222,.F.);
#8879=CARTESIAN_POINT('',(136.249999959497020,78.500000019680002,0.500000000000000));
#8880=DIRECTION('',(0.0,0.0,1.0));
#8881=DIRECTION('',(1.0,0.0,0.0));
#8882=AXIS2_PLACEMENT_3D('',#8879,#8880,#8881);
#8883=CIRCLE('',#8882,1.500000000000000);
#8884=EDGE_CURVE('',#8209,#8743,#8883,.T.);
#8885=ORIENTED_EDGE('',*,*,#8884,.T.);
#8886=EDGE_LOOP('',(#8876,#8877,#8878,#8885));
#8887=FACE_OUTER_BOUND('',#8886,.T.);
#8888=ADVANCED_FACE('',(#8887),#8875,.T.);
#8889=CARTESIAN_POINT('',(139.500002114055010,51.015000380168011,0.499999791792376));
#8890=DIRECTION('',(0.0,0.0,-1.0));
#8891=DIRECTION('',(-1.0,0.0,0.0));
#8892=AXIS2_PLACEMENT_3D('',#8889,#8890,#8891);
#8893=PLANE('',#8892);
#8894=ORIENTED_EDGE('',*,*,#8698,.F.);
#8895=ORIENTED_EDGE('',*,*,#8723,.T.);
#8896=ORIENTED_EDGE('',*,*,#8788,.F.);
#8897=ORIENTED_EDGE('',*,*,#8825,.F.);
#8898=ORIENTED_EDGE('',*,*,#8758,.F.);
#8899=ORIENTED_EDGE('',*,*,#8884,.F.);
#8900=ORIENTED_EDGE('',*,*,#8214,.F.);
#8901=ORIENTED_EDGE('',*,*,#8552,.F.);
#8902=EDGE_LOOP('',(#8894,#8895,#8896,#8897,#8898,#8899,#8900,#8901));
#8903=FACE_OUTER_BOUND('',#8902,.T.);
#8904=CARTESIAN_POINT('',(128.200002114055000,67.770000380168113,0.500000000000000));
#8905=VERTEX_POINT('',#8904);
#8906=CARTESIAN_POINT('',(128.200002114055000,68.770000380168000,0.500000000000000));
#8907=DIRECTION('',(0.0,0.0,-1.0));
#8908=DIRECTION('',(0.0,1.0,0.0));
#8909=AXIS2_PLACEMENT_3D('',#8906,#8907,#8908);
#8910=CIRCLE('',#8909,0.999999999999957);
#8911=EDGE_CURVE('',#8905,#8905,#8910,.T.);
#8912=ORIENTED_EDGE('',*,*,#8911,.F.);
#8913=EDGE_LOOP('',(#8912));
#8914=FACE_BOUND('',#8913,.T.);
#8915=ADVANCED_FACE('',(#8903,#8914),#8893,.T.);
#8916=CARTESIAN_POINT('',(129.200002114054940,68.770000380168000,0.500000000000000));
#8917=CARTESIAN_POINT('',(129.200002322158530,68.770000380168000,0.000249833385781));
#8918=CARTESIAN_POINT('',(128.700252218065030,68.770000380168000,-0.000000145655604));
#8919=CARTESIAN_POINT('',(128.200502113971540,68.770000380168000,-0.000250124696990));
#8920=CARTESIAN_POINT('',(128.200002364054800,68.770000380168000,0.499499792042376));
#8921=CARTESIAN_POINT('',(129.200002114054940,69.770000380167943,0.500000000000000));
#8922=CARTESIAN_POINT('',(129.200002322158530,69.770000588271529,0.000249833385781));
#8923=CARTESIAN_POINT('',(128.700252218065030,69.270250484178035,-0.000000145655604));
#8924=CARTESIAN_POINT('',(128.200502113971540,68.770500380084542,-0.000250124696990));
#8925=CARTESIAN_POINT('',(128.200002364054800,68.770000630167800,0.499499792042376));
#8926=CARTESIAN_POINT('',(128.200002114055000,69.770000380167943,0.500000000000000));
#8927=CARTESIAN_POINT('',(128.200002114055000,69.770000588271529,0.000249833385781));
#8928=CARTESIAN_POINT('',(128.200002114055000,69.270250484178035,-0.000000145655604));
#8929=CARTESIAN_POINT('',(128.200002114055000,68.770500380084542,-0.000250124696990));
#8930=CARTESIAN_POINT('',(128.200002114055000,68.770000630167800,0.499499792042376));
#8931=CARTESIAN_POINT('',(127.200002114055050,69.770000380167943,0.500000000000000));
#8932=CARTESIAN_POINT('',(127.200001905951470,69.770000588271529,0.000249833385782));
#8933=CARTESIAN_POINT('',(127.699752010044970,69.270250484178035,-0.000000145655604));
#8934=CARTESIAN_POINT('',(128.199502114138450,68.770500380084542,-0.000250124696990));
#8935=CARTESIAN_POINT('',(128.200001864055200,68.770000630167800,0.499499792042376));
#8936=CARTESIAN_POINT('',(127.200002114055050,68.770000380168000,0.500000000000000));
#8937=CARTESIAN_POINT('',(127.200001905951470,68.770000380168000,0.000249833385782));
#8938=CARTESIAN_POINT('',(127.699752010044960,68.770000380168000,-0.000000145655604));
#8939=CARTESIAN_POINT('',(128.199502114138450,68.770000380168000,-0.000250124696990));
#8940=CARTESIAN_POINT('',(128.200001864055200,68.770000380168000,0.499499792042376));
#8941=CARTESIAN_POINT('',(127.200002114055050,67.770000380168057,0.500000000000000));
#8942=CARTESIAN_POINT('',(127.200001905951470,67.770000172064471,0.000249833385782));
#8943=CARTESIAN_POINT('',(127.699752010044970,68.269750276157964,-0.000000145655604));
#8944=CARTESIAN_POINT('',(128.199502114138450,68.769500380251458,-0.000250124696990));
#8945=CARTESIAN_POINT('',(128.200001864055200,68.770000130168199,0.499499792042376));
#8946=CARTESIAN_POINT('',(128.200002114055000,67.770000380168057,0.500000000000000));
#8947=CARTESIAN_POINT('',(128.200002114055000,67.770000172064471,0.000249833385781));
#8948=CARTESIAN_POINT('',(128.200002114055000,68.269750276157964,-0.000000145655604));
#8949=CARTESIAN_POINT('',(128.200002114055000,68.769500380251458,-0.000250124696990));
#8950=CARTESIAN_POINT('',(128.200002114055000,68.770000130168199,0.499499792042376));
#8951=CARTESIAN_POINT('',(129.200002114054940,67.770000380168057,0.500000000000000));
#8952=CARTESIAN_POINT('',(129.200002322158530,67.770000172064471,0.000249833385781));
#8953=CARTESIAN_POINT('',(128.700252218065030,68.269750276157964,-0.000000145655604));
#8954=CARTESIAN_POINT('',(128.200502113971540,68.769500380251458,-0.000250124696990));
#8955=CARTESIAN_POINT('',(128.200002364054800,68.770000130168199,0.499499792042376));
#8956=CARTESIAN_POINT('',(129.200002114054940,68.770000380168000,0.500000000000000));
#8957=CARTESIAN_POINT('',(129.200002322158530,68.770000380168000,0.000249833385781));
#8958=CARTESIAN_POINT('',(128.700252218065030,68.770000380168000,-0.000000145655604));
#8959=CARTESIAN_POINT('',(128.200502113971540,68.770000380168000,-0.000250124696990));
#8960=CARTESIAN_POINT('',(128.200002364054800,68.770000380168000,0.499499792042376));
#8968=(BOUNDED_SURFACE()B_SPLINE_SURFACE(2,2,((#8916,#8921,#8926,#8931,#8936,#8941,#8946,#8951,#8956),(#8917,#8922,#8927,#8932,#8937,#8942,#8947,#8952,#8957),(#8918,#8923,#8928,#8933,#8938,#8943,#8948,#8953,#8958),(#8919,#8924,#8929,#8934,#8939,#8944,#8949,#8954,#8959),(#8920,#8925,#8930,#8935,#8940,#8945,#8950,#8955,#8960)),.UNSPECIFIED.,.F.,.T.,.U.)B_SPLINE_SURFACE_WITH_KNOTS((3,2,3),(3,2,2,2,3),(-0.000000416415248,1.570296118753939,3.140592653923127),(0.0,1.570796326794897,3.141592653589793,4.712388980384690,6.283185307179586),.UNSPECIFIED.)GEOMETRIC_REPRESENTATION_ITEM()RATIONAL_B_SPLINE_SURFACE(((1.0,0.707106781186548,1.0,0.707106781186548,1.0,0.707106781186548,1.0,0.707106781186548,1.0),(0.707283462129974,0.500124932293203,0.707283462129974,0.500124932293203,0.707283462129974,0.500124932293203,0.707283462129974,0.500124932293203,0.707283462129974),(1.0,0.707106781186548,1.0,0.707106781186548,1.0,0.707106781186548,1.0,0.707106781186548,1.0),(0.707283462129748,0.500124932293043,0.707283462129748,0.500124932293043,0.707283462129748,0.500124932293043,0.707283462129748,0.500124932293043,0.707283462129748),(1.0,0.707106781186548,1.0,0.707106781186548,1.0,0.707106781186548,1.0,0.707106781186548,1.0)))REPRESENTATION_ITEM('')SURFACE());
#8969=ORIENTED_EDGE('',*,*,#8253,.F.);
#8970=EDGE_LOOP('',(#8969));
#8971=FACE_OUTER_BOUND('',#8970,.T.);
#8972=ORIENTED_EDGE('',*,*,#8911,.T.);
#8973=EDGE_LOOP('',(#8972));
#8974=FACE_BOUND('',#8973,.T.);
#8975=ADVANCED_FACE('',(#8971,#8974),#8968,.T.);
#8976=CARTESIAN_POINT('',(0.0,0.0,27.0));
#8977=DIRECTION('',(0.0,0.0,1.0));
#8978=DIRECTION('',(1.0,0.0,0.0));
#8979=AXIS2_PLACEMENT_3D('',#8976,#8977,#8978);
#8980=PLANE('',#8979);
#8981=ORIENTED_EDGE('',*,*,#8638,.T.);
#8982=ORIENTED_EDGE('',*,*,#8682,.F.);
#8983=ORIENTED_EDGE('',*,*,#8594,.F.);
#8984=CARTESIAN_POINT('',(123.749999959497000,54.250000099797006,27.0));
#8985=DIRECTION('',(1.0,0.0,0.0));
#8986=VECTOR('',#8985,1.999999999999986);
#8987=LINE('',#8984,#8986);
#8988=EDGE_CURVE('',#8633,#8581,#8987,.T.);
#8989=ORIENTED_EDGE('',*,*,#8988,.F.);
#8990=EDGE_LOOP('',(#8981,#8982,#8983,#8989));
#8991=FACE_OUTER_BOUND('',#8990,.T.);
#8992=ADVANCED_FACE('',(#8991),#8980,.T.);
#8993=CARTESIAN_POINT('',(0.0,0.0,27.0));
#8994=DIRECTION('',(0.0,0.0,1.0));
#8995=DIRECTION('',(1.0,0.0,0.0));
#8996=AXIS2_PLACEMENT_3D('',#8993,#8994,#8995);
#8997=PLANE('',#8996);
#8998=ORIENTED_EDGE('',*,*,#8424,.F.);
#8999=ORIENTED_EDGE('',*,*,#8576,.F.);
#9000=ORIENTED_EDGE('',*,*,#8353,.T.);
#9001=ORIENTED_EDGE('',*,*,#8652,.T.);
#9002=EDGE_LOOP('',(#8998,#8999,#9000,#9001));
#9003=FACE_OUTER_BOUND('',#9002,.T.);
#9004=ADVANCED_FACE('',(#9003),#8997,.T.);
#9005=CARTESIAN_POINT('',(123.549997559497000,54.250000099797006,25.0));
#9006=DIRECTION('',(0.0,-1.0,0.0));
#9007=DIRECTION('',(0.0,0.0,-1.0));
#9008=AXIS2_PLACEMENT_3D('',#9005,#9006,#9007);
#9009=PLANE('',#9008);
#9010=ORIENTED_EDGE('',*,*,#8644,.T.);
#9011=ORIENTED_EDGE('',*,*,#8988,.T.);
#9012=ORIENTED_EDGE('',*,*,#8586,.T.);
#9013=ORIENTED_EDGE('',*,*,#8400,.T.);
#9014=EDGE_LOOP('',(#9010,#9011,#9012,#9013));
#9015=FACE_OUTER_BOUND('',#9014,.T.);
#9016=ADVANCED_FACE('',(#9015),#9009,.F.);
#9017=CLOSED_SHELL('',(#8240,#8257,#8316,#8364,#8404,#8435,#8463,#8491,#8511,#8531,#8564,#8610,#8663,#8702,#8736,#8776,#8814,#8836,#8848,#8870,#8888,#8915,#8975,#8992,#9004,#9016));
#9018=MANIFOLD_SOLID_BREP('p1',#9017);
#9019=STYLED_ITEM('',(#6825,#1033),#9018);
#9020=MECHANICAL_DESIGN_GEOMETRIC_PRESENTATION_REPRESENTATION('',(#9019),#8200);
#9021=ADVANCED_BREP_SHAPE_REPRESENTATION('ABSR',(#9018),#8169);
#9022=SHAPE_REPRESENTATION_RELATIONSHIP('SRR','None',#9021,#8174);
#9023=AXIS2_PLACEMENT_3D('',#9024,#9025,#9026);
#9024=CARTESIAN_POINT('',(0.0,0.0,-27.0));
#9025=DIRECTION('',(0.0,0.0,1.0));
#9026=DIRECTION('',(1.0,0.0,0.0));
#9027=NEXT_ASSEMBLY_USAGE_OCCURRENCE('p1_1:1','p1_1:1','p1_1:1',#7470,#8145,'p1_1:1');
#9028=PRODUCT_DEFINITION_SHAPE('p1_1:1','p1_1:1',#9027);
#9029=ITEM_DEFINED_TRANSFORMATION('p1_1:1','p1_1:1',#8170,#9023);
#9033=(REPRESENTATION_RELATIONSHIP('p1_1:1','p1_1:1',#8174,#7499)REPRESENTATION_RELATIONSHIP_WITH_TRANSFORMATION(#9029)SHAPE_REPRESENTATION_RELATIONSHIP());
#9034=CONTEXT_DEPENDENT_SHAPE_REPRESENTATION(#9033,#9028);
#9035=AXIS2_PLACEMENT_3D('',#9036,#9037,#9038);
#9036=CARTESIAN_POINT('',(0.749998000000000,0.0,0.0));
#9037=DIRECTION('',(0.0,0.0,1.0));
#9038=DIRECTION('',(1.0,0.0,0.0));
#9039=NEXT_ASSEMBLY_USAGE_OCCURRENCE('HS1:1','HS1:1','HS1:1',#12,#7470,'HS1:1');
#9040=PRODUCT_DEFINITION_SHAPE('HS1:1','HS1:1',#9039);
#9041=ITEM_DEFINED_TRANSFORMATION('HS1:1','HS1:1',#7495,#9035);
#9045=(REPRESENTATION_RELATIONSHIP('HS1:1','HS1:1',#7499,#41)REPRESENTATION_RELATIONSHIP_WITH_TRANSFORMATION(#9041)SHAPE_REPRESENTATION_RELATIONSHIP());
#9046=CONTEXT_DEPENDENT_SHAPE_REPRESENTATION(#9045,#9040);
#9047=APPLICATION_CONTEXT('automotive design');
#9048=APPLICATION_PROTOCOL_DEFINITION('International Standard','automotive_design',2001,#9047);
#9049=PRODUCT_CONTEXT('',#9047,'mechanical');
#9050=PRODUCT('PcB','PcB',$,(#9049));
#9051=PRODUCT_RELATED_PRODUCT_CATEGORY('part',$,(#9050));
#9052=PRODUCT_DEFINITION_FORMATION('',$,#9050);
#9053=PRODUCT_DEFINITION_CONTEXT('part definition',#9047,'design');
#9054=PRODUCT_DEFINITION('',$,#9052,#9053);
#9060=(NAMED_UNIT(*)PLANE_ANGLE_UNIT()SI_UNIT($,.RADIAN.));
#9061=DIMENSIONAL_EXPONENTS(0.0,0.0,0.0,0.0,0.0,0.0,0.0);
#9062=PLANE_ANGLE_MEASURE_WITH_UNIT(PLANE_ANGLE_MEASURE(0.017453292500000),#9060);
#9066=(CONVERSION_BASED_UNIT('DEGREE',#9062)NAMED_UNIT(#9061)PLANE_ANGLE_UNIT());
#9070=(NAMED_UNIT(*)SI_UNIT($,.STERADIAN.)SOLID_ANGLE_UNIT());
#9074=(LENGTH_UNIT()NAMED_UNIT(*)SI_UNIT(.MILLI.,.METRE.));
#9076=UNCERTAINTY_MEASURE_WITH_UNIT(LENGTH_MEASURE(0.010000000000000),#9074,'DISTANCE_ACCURACY_VALUE','');
#9078=(GEOMETRIC_REPRESENTATION_CONTEXT(3)GLOBAL_UNCERTAINTY_ASSIGNED_CONTEXT((#9076))GLOBAL_UNIT_ASSIGNED_CONTEXT((#9066,#9070,#9074))REPRESENTATION_CONTEXT('None','None'));
#9079=AXIS2_PLACEMENT_3D('',#9080,#9081,#9082);
#9080=CARTESIAN_POINT('',(0.0,0.0,0.0));
#9081=DIRECTION('',(0.0,0.0,1.0));
#9082=DIRECTION('',(1.0,0.0,0.0));
#9083=SHAPE_REPRESENTATION('',(#9079),#9078);
#9084=PRODUCT_DEFINITION_SHAPE('','',#9054);
#9085=SHAPE_DEFINITION_REPRESENTATION(#9084,#9083);
#9091=(NAMED_UNIT(*)PLANE_ANGLE_UNIT()SI_UNIT($,.RADIAN.));
#9092=DIMENSIONAL_EXPONENTS(0.0,0.0,0.0,0.0,0.0,0.0,0.0);
#9093=PLANE_ANGLE_MEASURE_WITH_UNIT(PLANE_ANGLE_MEASURE(0.017453292500000),#9091);
#9097=(CONVERSION_BASED_UNIT('DEGREE',#9093)NAMED_UNIT(#9092)PLANE_ANGLE_UNIT());
#9101=(NAMED_UNIT(*)SI_UNIT($,.STERADIAN.)SOLID_ANGLE_UNIT());
#9105=(LENGTH_UNIT()NAMED_UNIT(*)SI_UNIT(.MILLI.,.METRE.));
#9107=UNCERTAINTY_MEASURE_WITH_UNIT(LENGTH_MEASURE(0.000001000000000),#9105,'DISTANCE_ACCURACY_VALUE','');
#9109=(GEOMETRIC_REPRESENTATION_CONTEXT(3)GLOBAL_UNCERTAINTY_ASSIGNED_CONTEXT((#9107))GLOBAL_UNIT_ASSIGNED_CONTEXT((#9097,#9101,#9105))REPRESENTATION_CONTEXT('','3D'));
#9110=CARTESIAN_POINT('',(144.674999666223980,77.324999053608892,1.379036E-013));
#9111=DIRECTION('',(0.0,0.0,1.0));
#9112=DIRECTION('',(1.0,0.0,0.0));
#9113=AXIS2_PLACEMENT_3D('',#9110,#9111,#9112);
#9114=CYLINDRICAL_SURFACE('',#9113,1.650000000000000);
#9115=CARTESIAN_POINT('',(143.024999666224010,77.324999053608892,1.600000000000138));
#9116=VERTEX_POINT('',#9115);
#9117=CARTESIAN_POINT('',(144.674999666223980,77.324999053608892,1.600000000000138));
#9118=DIRECTION('',(0.0,0.0,-1.0));
#9119=DIRECTION('',(1.0,0.0,0.0));
#9120=AXIS2_PLACEMENT_3D('',#9117,#9118,#9119);
#9121=CIRCLE('',#9120,1.650000000000000);
#9122=EDGE_CURVE('',#9116,#9116,#9121,.T.);
#9123=ORIENTED_EDGE('',*,*,#9122,.F.);
#9124=EDGE_LOOP('',(#9123));
#9125=FACE_OUTER_BOUND('',#9124,.T.);
#9126=CARTESIAN_POINT('',(143.024999666224010,77.324999053608892,1.379036E-013));
#9127=VERTEX_POINT('',#9126);
#9128=CARTESIAN_POINT('',(144.674999666223980,77.324999053608892,1.379036E-013));
#9129=DIRECTION('',(0.0,0.0,1.0));
#9130=DIRECTION('',(1.0,0.0,0.0));
#9131=AXIS2_PLACEMENT_3D('',#9128,#9129,#9130);
#9132=CIRCLE('',#9131,1.650000000000000);
#9133=EDGE_CURVE('',#9127,#9127,#9132,.T.);
#9134=ORIENTED_EDGE('',*,*,#9133,.F.);
#9135=EDGE_LOOP('',(#9134));
#9136=FACE_BOUND('',#9135,.T.);
#9137=ADVANCED_FACE('',(#9125,#9136),#9114,.F.);
#9138=CARTESIAN_POINT('',(49.424998939802300,77.324998900213799,1.379036E-013));
#9139=DIRECTION('',(0.0,0.0,1.0));
#9140=DIRECTION('',(1.0,0.0,0.0));
#9141=AXIS2_PLACEMENT_3D('',#9138,#9139,#9140);
#9142=CYLINDRICAL_SURFACE('',#9141,1.650000000000000);
#9143=CARTESIAN_POINT('',(47.774998939802302,77.324998900213799,1.600000000000138));
#9144=VERTEX_POINT('',#9143);
#9145=CARTESIAN_POINT('',(49.424998939802300,77.324998900213799,1.600000000000138));
#9146=DIRECTION('',(0.0,0.0,-1.0));
#9147=DIRECTION('',(1.0,0.0,0.0));
#9148=AXIS2_PLACEMENT_3D('',#9145,#9146,#9147);
#9149=CIRCLE('',#9148,1.650000000000000);
#9150=EDGE_CURVE('',#9144,#9144,#9149,.T.);
#9151=ORIENTED_EDGE('',*,*,#9150,.F.);
#9152=EDGE_LOOP('',(#9151));
#9153=FACE_OUTER_BOUND('',#9152,.T.);
#9154=CARTESIAN_POINT('',(47.774998939802302,77.324998900213799,1.379036E-013));
#9155=VERTEX_POINT('',#9154);
#9156=CARTESIAN_POINT('',(49.424998939802300,77.324998900213799,1.379036E-013));
#9157=DIRECTION('',(0.0,0.0,1.0));
#9158=DIRECTION('',(1.0,0.0,0.0));
#9159=AXIS2_PLACEMENT_3D('',#9156,#9157,#9158);
#9160=CIRCLE('',#9159,1.650000000000000);
#9161=EDGE_CURVE('',#9155,#9155,#9160,.T.);
#9162=ORIENTED_EDGE('',*,*,#9161,.F.);
#9163=EDGE_LOOP('',(#9162));
#9164=FACE_BOUND('',#9163,.T.);
#9165=ADVANCED_FACE('',(#9153,#9164),#9142,.F.);
#9166=CARTESIAN_POINT('',(49.424997588007002,32.875001453140996,1.379036E-013));
#9167=DIRECTION('',(0.0,0.0,1.0));
#9168=DIRECTION('',(1.0,0.0,0.0));
#9169=AXIS2_PLACEMENT_3D('',#9166,#9167,#9168);
#9170=CYLINDRICAL_SURFACE('',#9169,1.650000000000000);
#9171=CARTESIAN_POINT('',(47.774997588007004,32.875001453140996,1.600000000000138));
#9172=VERTEX_POINT('',#9171);
#9173=CARTESIAN_POINT('',(49.424997588007002,32.875001453140996,1.600000000000138));
#9174=DIRECTION('',(0.0,0.0,-1.0));
#9175=DIRECTION('',(1.0,0.0,0.0));
#9176=AXIS2_PLACEMENT_3D('',#9173,#9174,#9175);
#9177=CIRCLE('',#9176,1.650000000000000);
#9178=EDGE_CURVE('',#9172,#9172,#9177,.T.);
#9179=ORIENTED_EDGE('',*,*,#9178,.F.);
#9180=EDGE_LOOP('',(#9179));
#9181=FACE_OUTER_BOUND('',#9180,.T.);
#9182=CARTESIAN_POINT('',(47.774997588007004,32.875001453140996,1.379036E-013));
#9183=VERTEX_POINT('',#9182);
#9184=CARTESIAN_POINT('',(49.424997588007002,32.875001453140996,1.379036E-013));
#9185=DIRECTION('',(0.0,0.0,1.0));
#9186=DIRECTION('',(1.0,0.0,0.0));
#9187=AXIS2_PLACEMENT_3D('',#9184,#9185,#9186);
#9188=CIRCLE('',#9187,1.650000000000000);
#9189=EDGE_CURVE('',#9183,#9183,#9188,.T.);
#9190=ORIENTED_EDGE('',*,*,#9189,.F.);
#9191=EDGE_LOOP('',(#9190));
#9192=FACE_BOUND('',#9191,.T.);
#9193=ADVANCED_FACE('',(#9181,#9192),#9170,.F.);
#9194=CARTESIAN_POINT('',(144.674998939420990,32.875003980391604,1.379036E-013));
#9195=DIRECTION('',(0.0,0.0,1.0));
#9196=DIRECTION('',(1.0,0.0,0.0));
#9197=AXIS2_PLACEMENT_3D('',#9194,#9195,#9196);
#9198=CYLINDRICAL_SURFACE('',#9197,1.650000000000000);
#9199=CARTESIAN_POINT('',(143.024998939421010,32.875003980391604,1.600000000000138));
#9200=VERTEX_POINT('',#9199);
#9201=CARTESIAN_POINT('',(144.674998939420990,32.875003980391604,1.600000000000138));
#9202=DIRECTION('',(0.0,0.0,-1.0));
#9203=DIRECTION('',(1.0,0.0,0.0));
#9204=AXIS2_PLACEMENT_3D('',#9201,#9202,#9203);
#9205=CIRCLE('',#9204,1.650000000000000);
#9206=EDGE_CURVE('',#9200,#9200,#9205,.T.);
#9207=ORIENTED_EDGE('',*,*,#9206,.F.);
#9208=EDGE_LOOP('',(#9207));
#9209=FACE_OUTER_BOUND('',#9208,.T.);
#9210=CARTESIAN_POINT('',(143.024998939421010,32.875003980391604,1.379036E-013));
#9211=VERTEX_POINT('',#9210);
#9212=CARTESIAN_POINT('',(144.674998939420990,32.875003980391604,1.379036E-013));
#9213=DIRECTION('',(0.0,0.0,1.0));
#9214=DIRECTION('',(1.0,0.0,0.0));
#9215=AXIS2_PLACEMENT_3D('',#9212,#9213,#9214);
#9216=CIRCLE('',#9215,1.650000000000000);
#9217=EDGE_CURVE('',#9211,#9211,#9216,.T.);
#9218=ORIENTED_EDGE('',*,*,#9217,.F.);
#9219=EDGE_LOOP('',(#9218));
#9220=FACE_BOUND('',#9219,.T.);
#9221=ADVANCED_FACE('',(#9209,#9220),#9198,.F.);
#9222=CARTESIAN_POINT('',(46.249998939815001,29.700001440404300,3.340757E-014));
#9223=DIRECTION('',(-1.0,0.0,0.0));
#9224=DIRECTION('',(0.0,0.0,1.0));
#9225=AXIS2_PLACEMENT_3D('',#9222,#9223,#9224);
#9226=PLANE('',#9225);
#9227=CARTESIAN_POINT('',(46.249998939815001,80.499998900201106,8.557694E-014));
#9228=VERTEX_POINT('',#9227);
#9229=CARTESIAN_POINT('',(46.249998939815001,29.700001440404300,3.340757E-014));
#9230=VERTEX_POINT('',#9229);
#9231=CARTESIAN_POINT('',(46.249998939815001,80.499998900201106,8.557694E-014));
#9232=DIRECTION('',(0.0,-1.0,0.0));
#9233=VECTOR('',#9232,50.799997459796806);
#9234=LINE('',#9231,#9233);
#9235=EDGE_CURVE('',#9228,#9230,#9234,.T.);
#9236=ORIENTED_EDGE('',*,*,#9235,.T.);
#9237=CARTESIAN_POINT('',(46.249998939815001,29.700001440404300,1.600000000000030));
#9238=VERTEX_POINT('',#9237);
#9239=CARTESIAN_POINT('',(46.249998939815001,29.700001440404300,3.340757E-014));
#9240=DIRECTION('',(0.0,0.0,1.0));
#9241=VECTOR('',#9240,1.599999999999997);
#9242=LINE('',#9239,#9241);
#9243=EDGE_CURVE('',#9230,#9238,#9242,.T.);
#9244=ORIENTED_EDGE('',*,*,#9243,.T.);
#9245=CARTESIAN_POINT('',(46.249998939815001,80.499998900201106,1.600000000000090));
#9246=VERTEX_POINT('',#9245);
#9247=CARTESIAN_POINT('',(46.249998939815001,80.499998900201106,1.600000000000090));
#9248=DIRECTION('',(0.0,-1.0,0.0));
#9249=VECTOR('',#9248,50.799997459796806);
#9250=LINE('',#9247,#9249);
#9251=EDGE_CURVE('',#9246,#9238,#9250,.T.);
#9252=ORIENTED_EDGE('',*,*,#9251,.F.);
#9253=CARTESIAN_POINT('',(46.249998939815001,80.499998900201106,8.557694E-014));
#9254=DIRECTION('',(0.0,0.0,1.0));
#9255=VECTOR('',#9254,1.600000000000005);
#9256=LINE('',#9253,#9255);
#9257=EDGE_CURVE('',#9228,#9246,#9256,.T.);
#9258=ORIENTED_EDGE('',*,*,#9257,.F.);
#9259=EDGE_LOOP('',(#9236,#9244,#9252,#9258));
#9260=FACE_OUTER_BOUND('',#9259,.T.);
#9261=ADVANCED_FACE('',(#9260),#9226,.T.);
#9262=CARTESIAN_POINT('',(147.849998939408980,29.700001440404300,3.182134E-014));
#9263=DIRECTION('',(0.0,-1.0,0.0));
#9264=DIRECTION('',(0.0,0.0,-1.0));
#9265=AXIS2_PLACEMENT_3D('',#9262,#9263,#9264);
#9266=PLANE('',#9265);
#9267=CARTESIAN_POINT('',(147.849998939408980,29.700001440404300,3.182134E-014));
#9268=VERTEX_POINT('',#9267);
#9269=CARTESIAN_POINT('',(46.249998939815001,29.700001440404300,3.340757E-014));
#9270=DIRECTION('',(1.0,0.0,0.0));
#9271=VECTOR('',#9270,101.599999999593980);
#9272=LINE('',#9269,#9271);
#9273=EDGE_CURVE('',#9230,#9268,#9272,.T.);
#9274=ORIENTED_EDGE('',*,*,#9273,.T.);
#9275=CARTESIAN_POINT('',(147.849998939408980,29.700001440404300,1.600000000000030));
#9276=VERTEX_POINT('',#9275);
#9277=CARTESIAN_POINT('',(147.849998939408980,29.700001440404300,3.182134E-014));
#9278=DIRECTION('',(0.0,0.0,1.0));
#9279=VECTOR('',#9278,1.599999999999998);
#9280=LINE('',#9277,#9279);
#9281=EDGE_CURVE('',#9268,#9276,#9280,.T.);
#9282=ORIENTED_EDGE('',*,*,#9281,.T.);
#9283=CARTESIAN_POINT('',(46.249998939815001,29.700001440404300,1.600000000000030));
#9284=DIRECTION('',(1.0,0.0,0.0));
#9285=VECTOR('',#9284,101.599999999593980);
#9286=LINE('',#9283,#9285);
#9287=EDGE_CURVE('',#9238,#9276,#9286,.T.);
#9288=ORIENTED_EDGE('',*,*,#9287,.F.);
#9289=ORIENTED_EDGE('',*,*,#9243,.F.);
#9290=EDGE_LOOP('',(#9274,#9282,#9288,#9289));
#9291=FACE_OUTER_BOUND('',#9290,.T.);
#9292=ADVANCED_FACE('',(#9291),#9266,.T.);
#9293=CARTESIAN_POINT('',(147.849998939408980,80.499998900201021,8.399071E-014));
#9294=DIRECTION('',(1.0,0.0,0.0));
#9295=DIRECTION('',(0.0,0.0,-1.0));
#9296=AXIS2_PLACEMENT_3D('',#9293,#9294,#9295);
#9297=PLANE('',#9296);
#9298=CARTESIAN_POINT('',(147.849998939408980,80.499998900201021,8.399071E-014));
#9299=VERTEX_POINT('',#9298);
#9300=CARTESIAN_POINT('',(147.849998939408980,29.700001440404300,3.182134E-014));
#9301=DIRECTION('',(0.0,1.0,0.0));
#9302=VECTOR('',#9301,50.799997459796707);
#9303=LINE('',#9300,#9302);
#9304=EDGE_CURVE('',#9268,#9299,#9303,.T.);
#9305=ORIENTED_EDGE('',*,*,#9304,.T.);
#9306=CARTESIAN_POINT('',(147.849998939408980,80.499998900201021,1.600000000000080));
#9307=VERTEX_POINT('',#9306);
#9308=CARTESIAN_POINT('',(147.849998939408980,80.499998900201021,8.399071E-014));
#9309=DIRECTION('',(0.0,0.0,1.0));
#9310=VECTOR('',#9309,1.599999999999996);
#9311=LINE('',#9308,#9310);
#9312=EDGE_CURVE('',#9299,#9307,#9311,.T.);
#9313=ORIENTED_EDGE('',*,*,#9312,.T.);
#9314=CARTESIAN_POINT('',(147.849998939408980,29.700001440404300,1.600000000000030));
#9315=DIRECTION('',(0.0,1.0,0.0));
#9316=VECTOR('',#9315,50.799997459796707);
#9317=LINE('',#9314,#9316);
#9318=EDGE_CURVE('',#9276,#9307,#9317,.T.);
#9319=ORIENTED_EDGE('',*,*,#9318,.F.);
#9320=ORIENTED_EDGE('',*,*,#9281,.F.);
#9321=EDGE_LOOP('',(#9305,#9313,#9319,#9320));
#9322=FACE_OUTER_BOUND('',#9321,.T.);
#9323=ADVANCED_FACE('',(#9322),#9297,.T.);
#9324=CARTESIAN_POINT('',(46.249998939815001,80.499998900201106,8.557694E-014));
#9325=DIRECTION('',(0.0,1.0,0.0));
#9326=DIRECTION('',(0.0,0.0,1.0));
#9327=AXIS2_PLACEMENT_3D('',#9324,#9325,#9326);
#9328=PLANE('',#9327);
#9329=CARTESIAN_POINT('',(147.849998939408980,80.499998900201021,8.399071E-014));
#9330=DIRECTION('',(-1.0,0.0,0.0));
#9331=VECTOR('',#9330,101.599999999593990);
#9332=LINE('',#9329,#9331);
#9333=EDGE_CURVE('',#9299,#9228,#9332,.T.);
#9334=ORIENTED_EDGE('',*,*,#9333,.T.);
#9335=ORIENTED_EDGE('',*,*,#9257,.T.);
#9336=CARTESIAN_POINT('',(147.849998939408980,80.499998900201021,1.600000000000080));
#9337=DIRECTION('',(-1.0,0.0,0.0));
#9338=VECTOR('',#9337,101.599999999593990);
#9339=LINE('',#9336,#9338);
#9340=EDGE_CURVE('',#9307,#9246,#9339,.T.);
#9341=ORIENTED_EDGE('',*,*,#9340,.F.);
#9342=ORIENTED_EDGE('',*,*,#9312,.F.);
#9343=EDGE_LOOP('',(#9334,#9335,#9341,#9342));
#9344=FACE_OUTER_BOUND('',#9343,.T.);
#9345=ADVANCED_FACE('',(#9344),#9328,.T.);
#9346=CARTESIAN_POINT('',(3.654022E-015,130.750000000000000,1.600000000000140));
#9347=DIRECTION('',(0.0,0.0,-1.0));
#9348=DIRECTION('',(-1.0,0.0,0.0));
#9349=AXIS2_PLACEMENT_3D('',#9346,#9347,#9348);
#9350=PLANE('',#9349);
#9351=ORIENTED_EDGE('',*,*,#9318,.T.);
#9352=ORIENTED_EDGE('',*,*,#9340,.T.);
#9353=ORIENTED_EDGE('',*,*,#9251,.T.);
#9354=ORIENTED_EDGE('',*,*,#9287,.T.);
#9355=EDGE_LOOP('',(#9351,#9352,#9353,#9354));
#9356=FACE_OUTER_BOUND('',#9355,.T.);
#9357=ORIENTED_EDGE('',*,*,#9122,.T.);
#9358=EDGE_LOOP('',(#9357));
#9359=FACE_BOUND('',#9358,.T.);
#9360=ORIENTED_EDGE('',*,*,#9150,.T.);
#9361=EDGE_LOOP('',(#9360));
#9362=FACE_BOUND('',#9361,.T.);
#9363=ORIENTED_EDGE('',*,*,#9178,.T.);
#9364=EDGE_LOOP('',(#9363));
#9365=FACE_BOUND('',#9364,.T.);
#9366=ORIENTED_EDGE('',*,*,#9206,.T.);
#9367=EDGE_LOOP('',(#9366));
#9368=FACE_BOUND('',#9367,.T.);
#9369=ADVANCED_FACE('',(#9356,#9359,#9362,#9365,#9368),#9350,.F.);
#9370=CARTESIAN_POINT('',(3.629042E-015,130.750000000000000,1.379036E-013));
#9371=DIRECTION('',(0.0,0.0,-1.0));
#9372=DIRECTION('',(-1.0,0.0,0.0));
#9373=AXIS2_PLACEMENT_3D('',#9370,#9371,#9372);
#9374=PLANE('',#9373);
#9375=ORIENTED_EDGE('',*,*,#9273,.F.);
#9376=ORIENTED_EDGE('',*,*,#9235,.F.);
#9377=ORIENTED_EDGE('',*,*,#9333,.F.);
#9378=ORIENTED_EDGE('',*,*,#9304,.F.);
#9379=EDGE_LOOP('',(#9375,#9376,#9377,#9378));
#9380=FACE_OUTER_BOUND('',#9379,.T.);
#9381=ORIENTED_EDGE('',*,*,#9133,.T.);
#9382=EDGE_LOOP('',(#9381));
#9383=FACE_BOUND('',#9382,.T.);
#9384=ORIENTED_EDGE('',*,*,#9161,.T.);
#9385=EDGE_LOOP('',(#9384));
#9386=FACE_BOUND('',#9385,.T.);
#9387=ORIENTED_EDGE('',*,*,#9189,.T.);
#9388=EDGE_LOOP('',(#9387));
#9389=FACE_BOUND('',#9388,.T.);
#9390=ORIENTED_EDGE('',*,*,#9217,.T.);
#9391=EDGE_LOOP('',(#9390));
#9392=FACE_BOUND('',#9391,.T.);
#9393=CARTESIAN_POINT('',(83.837946666286896,70.545317083753815,7.476708E-014));
#9394=VERTEX_POINT('',#9393);
#9395=CARTESIAN_POINT('',(74.490044064793892,70.545317083753815,7.491302E-014));
#9396=DIRECTION('',(0.0,0.0,-1.0));
#9397=DIRECTION('',(1.0,0.0,0.0));
#9398=AXIS2_PLACEMENT_3D('',#9395,#9396,#9397);
#9399=CIRCLE('',#9398,9.347902601492951);
#9400=EDGE_CURVE('',#9394,#9394,#9399,.T.);
#9401=ORIENTED_EDGE('',*,*,#9400,.F.);
#9402=EDGE_LOOP('',(#9401));
#9403=FACE_BOUND('',#9402,.T.);
#9404=CARTESIAN_POINT('',(143.656426930355000,69.453003588990200,7.271140E-014));
#9405=VERTEX_POINT('',#9404);
#9406=CARTESIAN_POINT('',(138.686036703486990,69.453003588990200,7.278900E-014));
#9407=DIRECTION('',(0.0,0.0,-1.0));
#9408=DIRECTION('',(1.0,0.0,0.0));
#9409=AXIS2_PLACEMENT_3D('',#9406,#9407,#9408);
#9410=CIRCLE('',#9409,4.970390226868129);
#9411=EDGE_CURVE('',#9405,#9405,#9410,.T.);
#9412=ORIENTED_EDGE('',*,*,#9411,.F.);
#9413=EDGE_LOOP('',(#9412));
#9414=FACE_BOUND('',#9413,.T.);
#9415=CARTESIAN_POINT('',(143.505381549356000,59.227463537328489,6.221258E-014));
#9416=VERTEX_POINT('',#9415);
#9417=CARTESIAN_POINT('',(138.700230608835000,59.227463537328489,6.228760E-014));
#9418=DIRECTION('',(0.0,0.0,-1.0));
#9419=DIRECTION('',(1.0,0.0,0.0));
#9420=AXIS2_PLACEMENT_3D('',#9417,#9418,#9419);
#9421=CIRCLE('',#9420,4.805150940520691);
#9422=EDGE_CURVE('',#9416,#9416,#9421,.T.);
#9423=ORIENTED_EDGE('',*,*,#9422,.F.);
#9424=EDGE_LOOP('',(#9423));
#9425=FACE_BOUND('',#9424,.T.);
#9426=CARTESIAN_POINT('',(138.618851175490990,44.999999283792100,4.767789E-014));
#9427=VERTEX_POINT('',#9426);
#9428=CARTESIAN_POINT('',(134.299997839578000,44.999999283792100,4.774531E-014));
#9429=DIRECTION('',(0.0,0.0,-1.0));
#9430=DIRECTION('',(1.0,0.0,0.0));
#9431=AXIS2_PLACEMENT_3D('',#9428,#9429,#9430);
#9432=CIRCLE('',#9431,4.318853335913370);
#9433=EDGE_CURVE('',#9427,#9427,#9432,.T.);
#9434=ORIENTED_EDGE('',*,*,#9433,.F.);
#9435=EDGE_LOOP('',(#9434));
#9436=FACE_BOUND('',#9435,.T.);
#9437=CARTESIAN_POINT('',(133.749999199464980,52.349999320313707,5.530203E-014));
#9438=VERTEX_POINT('',#9437);
#9439=CARTESIAN_POINT('',(131.249999119475010,52.349999320313707,5.534106E-014));
#9440=DIRECTION('',(0.0,0.0,-1.0));
#9441=DIRECTION('',(1.0,0.0,0.0));
#9442=AXIS2_PLACEMENT_3D('',#9439,#9440,#9441);
#9443=CIRCLE('',#9442,2.500000079990000);
#9444=EDGE_CURVE('',#9438,#9438,#9443,.T.);
#9445=ORIENTED_EDGE('',*,*,#9444,.F.);
#9446=EDGE_LOOP('',(#9445));
#9447=FACE_BOUND('',#9446,.T.);
#9448=CARTESIAN_POINT('',(73.500012576407201,60.988199055198507,6.511374E-014));
#9449=VERTEX_POINT('',#9448);
#9450=CARTESIAN_POINT('',(73.500012576407201,53.750001600308096,5.768042E-014));
#9451=VERTEX_POINT('',#9450);
#9452=CARTESIAN_POINT('',(73.500012576407201,60.988199055198507,1.367561E-013));
#9453=DIRECTION('',(0.0,-1.0,0.0));
#9454=VECTOR('',#9453,7.238197454890411);
#9455=LINE('',#9452,#9454);
#9456=EDGE_CURVE('',#9449,#9451,#9455,.T.);
#9457=ORIENTED_EDGE('',*,*,#9456,.F.);
#9458=CARTESIAN_POINT('',(55.562499999777799,60.988199055198507,6.539379E-014));
#9459=VERTEX_POINT('',#9458);
#9460=CARTESIAN_POINT('',(55.562499999777799,60.988199055198507,6.626126E-014));
#9461=DIRECTION('',(1.0,0.0,0.0));
#9462=VECTOR('',#9461,17.937512576629402);
#9463=LINE('',#9460,#9462);
#9464=EDGE_CURVE('',#9459,#9449,#9463,.T.);
#9465=ORIENTED_EDGE('',*,*,#9464,.F.);
#9466=CARTESIAN_POINT('',(55.562499999777799,53.750001600308096,5.796047E-014));
#9467=VERTEX_POINT('',#9466);
#9468=CARTESIAN_POINT('',(55.562499999777799,53.750001600308096,1.370361E-013));
#9469=DIRECTION('',(0.0,1.0,0.0));
#9470=VECTOR('',#9469,7.238197454890411);
#9471=LINE('',#9468,#9470);
#9472=EDGE_CURVE('',#9467,#9459,#9471,.T.);
#9473=ORIENTED_EDGE('',*,*,#9472,.F.);
#9474=CARTESIAN_POINT('',(73.500012576407201,53.750001600308096,5.882794E-014));
#9475=DIRECTION('',(-1.0,0.0,0.0));
#9476=VECTOR('',#9475,17.937512576629402);
#9477=LINE('',#9474,#9476);
#9478=EDGE_CURVE('',#9451,#9467,#9477,.T.);
#9479=ORIENTED_EDGE('',*,*,#9478,.F.);
#9480=EDGE_LOOP('',(#9457,#9465,#9473,#9479));
#9481=FACE_BOUND('',#9480,.T.);
#9482=CARTESIAN_POINT('',(84.249999139663018,62.062497040274806,6.604916E-014));
#9483=VERTEX_POINT('',#9482);
#9484=CARTESIAN_POINT('',(84.249999139663018,79.937498120203287,8.440600E-014));
#9485=VERTEX_POINT('',#9484);
#9486=CARTESIAN_POINT('',(84.249999139663018,62.062497040274799,1.365882E-013));
#9487=DIRECTION('',(0.0,1.0,0.0));
#9488=VECTOR('',#9487,17.875001079928488);
#9489=LINE('',#9486,#9488);
#9490=EDGE_CURVE('',#9483,#9485,#9489,.T.);
#9491=ORIENTED_EDGE('',*,*,#9490,.F.);
#9492=CARTESIAN_POINT('',(91.749999379633010,62.062497040274806,6.593207E-014));
#9493=VERTEX_POINT('',#9492);
#9494=CARTESIAN_POINT('',(91.749999379633010,62.062497040274806,6.736451E-014));
#9495=DIRECTION('',(-1.0,0.0,0.0));
#9496=VECTOR('',#9495,7.500000239970007);
#9497=LINE('',#9494,#9496);
#9498=EDGE_CURVE('',#9493,#9483,#9497,.T.);
#9499=ORIENTED_EDGE('',*,*,#9498,.F.);
#9500=CARTESIAN_POINT('',(91.749999379633010,79.937498120203287,8.428891E-014));
#9501=VERTEX_POINT('',#9500);
#9502=CARTESIAN_POINT('',(91.749999379633010,79.937498120203287,1.364711E-013));
#9503=DIRECTION('',(0.0,-1.0,0.0));
#9504=VECTOR('',#9503,17.875001079928488);
#9505=LINE('',#9502,#9504);
#9506=EDGE_CURVE('',#9501,#9493,#9505,.T.);
#9507=ORIENTED_EDGE('',*,*,#9506,.F.);
#9508=CARTESIAN_POINT('',(84.249999139663018,79.937498120203287,8.572136E-014));
#9509=DIRECTION('',(1.0,0.0,0.0));
#9510=VECTOR('',#9509,7.500000239969992);
#9511=LINE('',#9508,#9510);
#9512=EDGE_CURVE('',#9485,#9501,#9511,.T.);
#9513=ORIENTED_EDGE('',*,*,#9512,.F.);
#9514=EDGE_LOOP('',(#9491,#9499,#9507,#9513));
#9515=FACE_BOUND('',#9514,.T.);
#9516=CARTESIAN_POINT('',(127.500001539490010,50.187501740322311,5.317882E-014));
#9517=VERTEX_POINT('',#9516);
#9518=CARTESIAN_POINT('',(127.500001539490010,36.312497740377800,3.892979E-014));
#9519=VERTEX_POINT('',#9518);
#9520=CARTESIAN_POINT('',(127.500001539490010,50.187501740322311,1.359130E-013));
#9521=DIRECTION('',(0.0,-1.0,0.0));
#9522=VECTOR('',#9521,13.875003999944511);
#9523=LINE('',#9520,#9522);
#9524=EDGE_CURVE('',#9517,#9519,#9523,.T.);
#9525=ORIENTED_EDGE('',*,*,#9524,.F.);
#9526=CARTESIAN_POINT('',(106.750002399573010,50.187501740322311,5.350278E-014));
#9527=VERTEX_POINT('',#9526);
#9528=CARTESIAN_POINT('',(106.750002399573010,50.187501740322311,5.516941E-014));
#9529=DIRECTION('',(1.0,0.0,0.0));
#9530=VECTOR('',#9529,20.749999139916994);
#9531=LINE('',#9528,#9530);
#9532=EDGE_CURVE('',#9527,#9517,#9531,.T.);
#9533=ORIENTED_EDGE('',*,*,#9532,.F.);
#9534=CARTESIAN_POINT('',(106.750002399573010,36.312497740377800,3.925375E-014));
#9535=VERTEX_POINT('',#9534);
#9536=CARTESIAN_POINT('',(106.750002399573010,36.312497740377800,1.362369E-013));
#9537=DIRECTION('',(0.0,1.0,0.0));
#9538=VECTOR('',#9537,13.875003999944511);
#9539=LINE('',#9536,#9538);
#9540=EDGE_CURVE('',#9535,#9527,#9539,.T.);
#9541=ORIENTED_EDGE('',*,*,#9540,.F.);
#9542=CARTESIAN_POINT('',(127.500001539490010,36.312497740377800,4.092039E-014));
#9543=DIRECTION('',(-1.0,0.0,0.0));
#9544=VECTOR('',#9543,20.749999139916994);
#9545=LINE('',#9542,#9544);
#9546=EDGE_CURVE('',#9519,#9535,#9545,.T.);
#9547=ORIENTED_EDGE('',*,*,#9546,.F.);
#9548=EDGE_LOOP('',(#9525,#9533,#9541,#9547));
#9549=FACE_BOUND('',#9548,.T.);
#9550=CARTESIAN_POINT('',(78.500000479685994,38.012497420366998,4.144063E-014));
#9551=VERTEX_POINT('',#9550);
#9552=CARTESIAN_POINT('',(78.500000479685994,50.512504900320998,5.427759E-014));
#9553=VERTEX_POINT('',#9552);
#9554=CARTESIAN_POINT('',(78.500000479685994,38.012497420366998,1.366780E-013));
#9555=DIRECTION('',(0.0,1.0,0.0));
#9556=VECTOR('',#9555,12.500007479954000);
#9557=LINE('',#9554,#9556);
#9558=EDGE_CURVE('',#9551,#9553,#9557,.T.);
#9559=ORIENTED_EDGE('',*,*,#9558,.F.);
#9560=CARTESIAN_POINT('',(84.000003179665995,38.012497420366998,4.135476E-014));
#9561=VERTEX_POINT('',#9560);
#9562=CARTESIAN_POINT('',(84.000003179665995,38.012497420366998,4.266622E-014));
#9563=DIRECTION('',(-1.0,0.0,0.0));
#9564=VECTOR('',#9563,5.500002699980001);
#9565=LINE('',#9562,#9564);
#9566=EDGE_CURVE('',#9561,#9551,#9565,.T.);
#9567=ORIENTED_EDGE('',*,*,#9566,.F.);
#9568=CARTESIAN_POINT('',(84.000003179665995,50.512504900320998,5.419173E-014));
#9569=VERTEX_POINT('',#9568);
#9570=CARTESIAN_POINT('',(84.000003179665995,50.512504900320998,1.365921E-013));
#9571=DIRECTION('',(0.0,-1.0,0.0));
#9572=VECTOR('',#9571,12.500007479954000);
#9573=LINE('',#9570,#9572);
#9574=EDGE_CURVE('',#9569,#9561,#9573,.T.);
#9575=ORIENTED_EDGE('',*,*,#9574,.F.);
#9576=CARTESIAN_POINT('',(78.500000479685994,50.512504900320998,5.550318E-014));
#9577=DIRECTION('',(1.0,0.0,0.0));
#9578=VECTOR('',#9577,5.500002699979987);
#9579=LINE('',#9576,#9578);
#9580=EDGE_CURVE('',#9553,#9569,#9579,.T.);
#9581=ORIENTED_EDGE('',*,*,#9580,.F.);
#9582=EDGE_LOOP('',(#9559,#9567,#9575,#9581));
#9583=FACE_BOUND('',#9582,.T.);
#9584=CARTESIAN_POINT('',(90.250000839641004,51.562497720316820,5.517244E-014));
#9585=VERTEX_POINT('',#9584);
#9586=CARTESIAN_POINT('',(90.250000839641004,39.062497860362797,4.233549E-014));
#9587=VERTEX_POINT('',#9586);
#9588=CARTESIAN_POINT('',(90.250000839641004,51.562497720316820,1.364945E-013));
#9589=DIRECTION('',(0.0,-1.0,0.0));
#9590=VECTOR('',#9589,12.499999859954023);
#9591=LINE('',#9588,#9590);
#9592=EDGE_CURVE('',#9585,#9587,#9591,.T.);
#9593=ORIENTED_EDGE('',*,*,#9592,.F.);
#9594=CARTESIAN_POINT('',(84.750000679660999,51.562497720316820,5.525831E-014));
#9595=VERTEX_POINT('',#9594);
#9596=CARTESIAN_POINT('',(84.750000679660999,51.562497720316820,5.658147E-014));
#9597=DIRECTION('',(1.0,0.0,0.0));
#9598=VECTOR('',#9597,5.500000159980004);
#9599=LINE('',#9596,#9598);
#9600=EDGE_CURVE('',#9595,#9585,#9599,.T.);
#9601=ORIENTED_EDGE('',*,*,#9600,.F.);
#9602=CARTESIAN_POINT('',(84.750000679660999,39.062497860362797,4.242136E-014));
#9603=VERTEX_POINT('',#9602);
#9604=CARTESIAN_POINT('',(84.750000679660999,39.062497860362797,1.365804E-013));
#9605=DIRECTION('',(0.0,1.0,0.0));
#9606=VECTOR('',#9605,12.499999859954016);
#9607=LINE('',#9604,#9606);
#9608=EDGE_CURVE('',#9603,#9595,#9607,.T.);
#9609=ORIENTED_EDGE('',*,*,#9608,.F.);
#9610=CARTESIAN_POINT('',(90.250000839641004,39.062497860362797,4.374452E-014));
#9611=DIRECTION('',(-1.0,0.0,0.0));
#9612=VECTOR('',#9611,5.500000159980004);
#9613=LINE('',#9610,#9612);
#9614=EDGE_CURVE('',#9587,#9603,#9613,.T.);
#9615=ORIENTED_EDGE('',*,*,#9614,.F.);
#9616=EDGE_LOOP('',(#9593,#9601,#9609,#9615));
#9617=FACE_BOUND('',#9616,.T.);
#9618=CARTESIAN_POINT('',(79.385321367302296,37.024685374431002,4.041237E-014));
#9619=VERTEX_POINT('',#9618);
#9620=CARTESIAN_POINT('',(79.385321367302296,34.499999460385098,3.781963E-014));
#9621=VERTEX_POINT('',#9620);
#9622=CARTESIAN_POINT('',(79.385321367302296,37.024685374431002,1.366642E-013));
#9623=DIRECTION('',(0.0,-1.0,0.0));
#9624=VECTOR('',#9623,2.524685914045904);
#9625=LINE('',#9622,#9624);
#9626=EDGE_CURVE('',#9619,#9621,#9625,.T.);
#9627=ORIENTED_EDGE('',*,*,#9626,.F.);
#9628=CARTESIAN_POINT('',(57.517504979769896,37.024685374431002,4.075378E-014));
#9629=VERTEX_POINT('',#9628);
#9630=CARTESIAN_POINT('',(57.517504979769896,37.024685374431002,4.165178E-014));
#9631=DIRECTION('',(1.0,0.0,0.0));
#9632=VECTOR('',#9631,21.867816387532400);
#9633=LINE('',#9630,#9632);
#9634=EDGE_CURVE('',#9629,#9619,#9633,.T.);
#9635=ORIENTED_EDGE('',*,*,#9634,.F.);
#9636=CARTESIAN_POINT('',(57.517504979769896,34.499999460385098,3.816104E-014));
#9637=VERTEX_POINT('',#9636);
#9638=CARTESIAN_POINT('',(57.517504979769896,34.499999460385098,1.370056E-013));
#9639=DIRECTION('',(0.0,1.0,0.0));
#9640=VECTOR('',#9639,2.524685914045904);
#9641=LINE('',#9638,#9640);
#9642=EDGE_CURVE('',#9637,#9629,#9641,.T.);
#9643=ORIENTED_EDGE('',*,*,#9642,.F.);
#9644=CARTESIAN_POINT('',(79.385321367302296,34.499999460385098,3.905903E-014));
#9645=DIRECTION('',(-1.0,0.0,0.0));
#9646=VECTOR('',#9645,21.867816387532400);
#9647=LINE('',#9644,#9646);
#9648=EDGE_CURVE('',#9621,#9637,#9647,.T.);
#9649=ORIENTED_EDGE('',*,*,#9648,.F.);
#9650=EDGE_LOOP('',(#9627,#9635,#9643,#9649));
#9651=FACE_BOUND('',#9650,.T.);
#9652=CARTESIAN_POINT('',(54.999999219780008,66.499996420257105,7.106294E-014));
#9653=VERTEX_POINT('',#9652);
#9654=CARTESIAN_POINT('',(46.499993359813999,66.499996420257105,7.119565E-014));
#9655=VERTEX_POINT('',#9654);
#9656=CARTESIAN_POINT('',(54.999999219780008,66.499996420257105,7.192163E-014));
#9657=DIRECTION('',(-1.0,0.0,0.0));
#9658=VECTOR('',#9657,8.500005859966002);
#9659=LINE('',#9656,#9658);
#9660=EDGE_CURVE('',#9653,#9655,#9659,.T.);
#9661=ORIENTED_EDGE('',*,*,#9660,.F.);
#9662=CARTESIAN_POINT('',(54.999999219780008,71.000012820239107,7.568426E-014));
#9663=VERTEX_POINT('',#9662);
#9664=CARTESIAN_POINT('',(54.999999219780008,71.000012820239107,1.370449E-013));
#9665=DIRECTION('',(0.0,-1.0,0.0));
#9666=VECTOR('',#9665,4.500016399982002);
#9667=LINE('',#9664,#9666);
#9668=EDGE_CURVE('',#9663,#9653,#9667,.T.);
#9669=ORIENTED_EDGE('',*,*,#9668,.F.);
#9670=CARTESIAN_POINT('',(46.499993359813999,71.000012820239107,7.581697E-014));
#9671=VERTEX_POINT('',#9670);
#9672=CARTESIAN_POINT('',(46.499993359813999,71.000012820239107,7.654295E-014));
#9673=DIRECTION('',(1.0,0.0,0.0));
#9674=VECTOR('',#9673,8.500005859966002);
#9675=LINE('',#9672,#9674);
#9676=EDGE_CURVE('',#9671,#9663,#9675,.T.);
#9677=ORIENTED_EDGE('',*,*,#9676,.F.);
#9678=CARTESIAN_POINT('',(46.499993359813999,66.499996420257105,1.371776E-013));
#9679=DIRECTION('',(0.0,1.0,0.0));
#9680=VECTOR('',#9679,4.500016399982002);
#9681=LINE('',#9678,#9680);
#9682=EDGE_CURVE('',#9655,#9671,#9681,.T.);
#9683=ORIENTED_EDGE('',*,*,#9682,.F.);
#9684=EDGE_LOOP('',(#9661,#9669,#9677,#9683));
#9685=FACE_BOUND('',#9684,.T.);
#9686=ADVANCED_FACE('',(#9380,#9383,#9386,#9389,#9392,#9403,#9414,#9425,#9436,#9447,#9481,#9515,#9549,#9583,#9617,#9651,#9685),#9374,.T.);
#9687=CARTESIAN_POINT('',(74.490044064793892,70.545317083753815,7.491302E-014));
#9688=DIRECTION('',(0.0,0.0,-1.0));
#9689=DIRECTION('',(1.0,0.0,0.0));
#9690=AXIS2_PLACEMENT_3D('',#9687,#9688,#9689);
#9691=CYLINDRICAL_SURFACE('',#9690,9.347902601492951);
#9692=CARTESIAN_POINT('',(83.837946666286896,70.545317083753815,-24.999999999999901));
#9693=VERTEX_POINT('',#9692);
#9694=CARTESIAN_POINT('',(74.490044064793892,70.545317083753815,-24.999999999999901));
#9695=DIRECTION('',(0.0,0.0,-1.0));
#9696=DIRECTION('',(1.0,0.0,0.0));
#9697=AXIS2_PLACEMENT_3D('',#9694,#9695,#9696);
#9698=CIRCLE('',#9697,9.347902601492951);
#9699=EDGE_CURVE('',#9693,#9693,#9698,.T.);
#9700=ORIENTED_EDGE('',*,*,#9699,.F.);
#9701=EDGE_LOOP('',(#9700));
#9702=FACE_OUTER_BOUND('',#9701,.T.);
#9703=ORIENTED_EDGE('',*,*,#9400,.T.);
#9704=EDGE_LOOP('',(#9703));
#9705=FACE_BOUND('',#9704,.T.);
#9706=ADVANCED_FACE('',(#9702,#9705),#9691,.T.);
#9707=CARTESIAN_POINT('',(3.223116E-015,130.750000000000000,-25.999999999999901));
#9708=DIRECTION('',(0.0,0.0,-1.0));
#9709=DIRECTION('',(-1.0,0.0,0.0));
#9710=AXIS2_PLACEMENT_3D('',#9707,#9708,#9709);
#9711=PLANE('',#9710);
#9712=CARTESIAN_POINT('',(82.837946666286911,70.545317083753815,-25.999999999999901));
#9713=VERTEX_POINT('',#9712);
#9714=CARTESIAN_POINT('',(74.490044064793892,70.545317083753815,-25.999999999999901));
#9715=DIRECTION('',(0.0,0.0,-1.0));
#9716=DIRECTION('',(1.0,0.0,0.0));
#9717=AXIS2_PLACEMENT_3D('',#9714,#9715,#9716);
#9718=CIRCLE('',#9717,8.347902601492951);
#9719=EDGE_CURVE('',#9713,#9713,#9718,.T.);
#9720=ORIENTED_EDGE('',*,*,#9719,.T.);
#9721=EDGE_LOOP('',(#9720));
#9722=FACE_OUTER_BOUND('',#9721,.T.);
#9723=ADVANCED_FACE('',(#9722),#9711,.T.);
#9724=CARTESIAN_POINT('',(74.490044064793892,70.545317083753815,-24.999999999999901));
#9725=DIRECTION('',(0.0,0.0,-1.0));
#9726=DIRECTION('',(-1.0,0.0,0.0));
#9727=AXIS2_PLACEMENT_3D('',#9724,#9725,#9726);
#9728=TOROIDAL_SURFACE('',#9727,8.347902601492951,1.0);
#9729=ORIENTED_EDGE('',*,*,#9719,.F.);
#9730=EDGE_LOOP('',(#9729));
#9731=FACE_OUTER_BOUND('',#9730,.T.);
#9732=ORIENTED_EDGE('',*,*,#9699,.T.);
#9733=EDGE_LOOP('',(#9732));
#9734=FACE_BOUND('',#9733,.T.);
#9735=ADVANCED_FACE('',(#9731,#9734),#9728,.T.);
#9736=CARTESIAN_POINT('',(138.686036703486990,69.453003588990200,7.278900E-014));
#9737=DIRECTION('',(0.0,0.0,-1.0));
#9738=DIRECTION('',(1.0,0.0,0.0));
#9739=AXIS2_PLACEMENT_3D('',#9736,#9737,#9738);
#9740=CYLINDRICAL_SURFACE('',#9739,4.970390226868129);
#9741=CARTESIAN_POINT('',(143.656426930355000,69.453003588990200,-15.999999999999901));
#9742=VERTEX_POINT('',#9741);
#9743=CARTESIAN_POINT('',(138.686036703486990,69.453003588990200,-15.999999999999901));
#9744=DIRECTION('',(0.0,0.0,-1.0));
#9745=DIRECTION('',(1.0,0.0,0.0));
#9746=AXIS2_PLACEMENT_3D('',#9743,#9744,#9745);
#9747=CIRCLE('',#9746,4.970390226868121);
#9748=EDGE_CURVE('',#9742,#9742,#9747,.T.);
#9749=ORIENTED_EDGE('',*,*,#9748,.F.);
#9750=EDGE_LOOP('',(#9749));
#9751=FACE_OUTER_BOUND('',#9750,.T.);
#9752=ORIENTED_EDGE('',*,*,#9411,.T.);
#9753=EDGE_LOOP('',(#9752));
#9754=FACE_BOUND('',#9753,.T.);
#9755=ADVANCED_FACE('',(#9751,#9754),#9740,.T.);
#9756=CARTESIAN_POINT('',(3.363629E-015,130.750000000000000,-16.999999999999904));
#9757=DIRECTION('',(0.0,0.0,-1.0));
#9758=DIRECTION('',(-1.0,0.0,0.0));
#9759=AXIS2_PLACEMENT_3D('',#9756,#9757,#9758);
#9760=PLANE('',#9759);
#9761=CARTESIAN_POINT('',(142.656426930355000,69.453003588990200,-16.999999999999904));
#9762=VERTEX_POINT('',#9761);
#9763=CARTESIAN_POINT('',(138.686036703486990,69.453003588990200,-16.999999999999904));
#9764=DIRECTION('',(0.0,0.0,-1.0));
#9765=DIRECTION('',(1.0,0.0,0.0));
#9766=AXIS2_PLACEMENT_3D('',#9763,#9764,#9765);
#9767=CIRCLE('',#9766,3.970390226868121);
#9768=EDGE_CURVE('',#9762,#9762,#9767,.T.);
#9769=ORIENTED_EDGE('',*,*,#9768,.T.);
#9770=EDGE_LOOP('',(#9769));
#9771=FACE_OUTER_BOUND('',#9770,.T.);
#9772=ADVANCED_FACE('',(#9771),#9760,.T.);
#9773=CARTESIAN_POINT('',(138.700230608835000,59.227463537328489,6.228760E-014));
#9774=DIRECTION('',(0.0,0.0,-1.0));
#9775=DIRECTION('',(1.0,0.0,0.0));
#9776=AXIS2_PLACEMENT_3D('',#9773,#9774,#9775);
#9777=CYLINDRICAL_SURFACE('',#9776,4.805150940520691);
#9778=CARTESIAN_POINT('',(143.505381549356000,59.227463537328610,-15.999999999999901));
#9779=VERTEX_POINT('',#9778);
#9780=CARTESIAN_POINT('',(138.700230608835000,59.227463537328610,-15.999999999999901));
#9781=DIRECTION('',(0.0,0.0,-1.0));
#9782=DIRECTION('',(1.0,0.0,0.0));
#9783=AXIS2_PLACEMENT_3D('',#9780,#9781,#9782);
#9784=CIRCLE('',#9783,4.805150940520691);
#9785=EDGE_CURVE('',#9779,#9779,#9784,.T.);
#9786=ORIENTED_EDGE('',*,*,#9785,.F.);
#9787=EDGE_LOOP('',(#9786));
#9788=FACE_OUTER_BOUND('',#9787,.T.);
#9789=ORIENTED_EDGE('',*,*,#9422,.T.);
#9790=EDGE_LOOP('',(#9789));
#9791=FACE_BOUND('',#9790,.T.);
#9792=ADVANCED_FACE('',(#9788,#9791),#9777,.T.);
#9793=CARTESIAN_POINT('',(3.363629E-015,130.750000000000000,-16.999999999999904));
#9794=DIRECTION('',(0.0,0.0,-1.0));
#9795=DIRECTION('',(-1.0,0.0,0.0));
#9796=AXIS2_PLACEMENT_3D('',#9793,#9794,#9795);
#9797=PLANE('',#9796);
#9798=CARTESIAN_POINT('',(142.505381549356000,59.227463537328610,-16.999999999999904));
#9799=VERTEX_POINT('',#9798);
#9800=CARTESIAN_POINT('',(138.700230608835000,59.227463537328610,-16.999999999999904));
#9801=DIRECTION('',(0.0,0.0,-1.0));
#9802=DIRECTION('',(1.0,0.0,0.0));
#9803=AXIS2_PLACEMENT_3D('',#9800,#9801,#9802);
#9804=CIRCLE('',#9803,3.805150940520690);
#9805=EDGE_CURVE('',#9799,#9799,#9804,.T.);
#9806=ORIENTED_EDGE('',*,*,#9805,.T.);
#9807=EDGE_LOOP('',(#9806));
#9808=FACE_OUTER_BOUND('',#9807,.T.);
#9809=ADVANCED_FACE('',(#9808),#9797,.T.);
#9810=CARTESIAN_POINT('',(138.700230608835000,59.227463537328610,-15.999999999999901));
#9811=DIRECTION('',(0.0,0.0,-1.0));
#9812=DIRECTION('',(-1.0,0.0,0.0));
#9813=AXIS2_PLACEMENT_3D('',#9810,#9811,#9812);
#9814=TOROIDAL_SURFACE('',#9813,3.805150940520690,1.0);
#9815=ORIENTED_EDGE('',*,*,#9805,.F.);
#9816=EDGE_LOOP('',(#9815));
#9817=FACE_OUTER_BOUND('',#9816,.T.);
#9818=ORIENTED_EDGE('',*,*,#9785,.T.);
#9819=EDGE_LOOP('',(#9818));
#9820=FACE_BOUND('',#9819,.T.);
#9821=ADVANCED_FACE('',(#9817,#9820),#9814,.T.);
#9822=CARTESIAN_POINT('',(138.686036703486990,69.453003588990200,-15.999999999999901));
#9823=DIRECTION('',(0.0,0.0,-1.0));
#9824=DIRECTION('',(-1.0,0.0,0.0));
#9825=AXIS2_PLACEMENT_3D('',#9822,#9823,#9824);
#9826=TOROIDAL_SURFACE('',#9825,3.970390226868121,1.0);
#9827=ORIENTED_EDGE('',*,*,#9768,.F.);
#9828=EDGE_LOOP('',(#9827));
#9829=FACE_OUTER_BOUND('',#9828,.T.);
#9830=ORIENTED_EDGE('',*,*,#9748,.T.);
#9831=EDGE_LOOP('',(#9830));
#9832=FACE_BOUND('',#9831,.T.);
#9833=ADVANCED_FACE('',(#9829,#9832),#9826,.T.);
#9834=CARTESIAN_POINT('',(3.413589E-015,130.750000000000000,-13.799999999999901));
#9835=DIRECTION('',(0.0,0.0,-1.0));
#9836=DIRECTION('',(-1.0,0.0,0.0));
#9837=AXIS2_PLACEMENT_3D('',#9834,#9835,#9836);
#9838=PLANE('',#9837);
#9839=CARTESIAN_POINT('',(132.749999199464980,52.349999320313707,-13.799999999999901));
#9840=VERTEX_POINT('',#9839);
#9841=CARTESIAN_POINT('',(131.249999119475010,52.349999320313707,-13.799999999999901));
#9842=DIRECTION('',(0.0,0.0,-1.0));
#9843=DIRECTION('',(1.0,0.0,0.0));
#9844=AXIS2_PLACEMENT_3D('',#9841,#9842,#9843);
#9845=CIRCLE('',#9844,1.500000079990000);
#9846=EDGE_CURVE('',#9840,#9840,#9845,.T.);
#9847=ORIENTED_EDGE('',*,*,#9846,.T.);
#9848=EDGE_LOOP('',(#9847));
#9849=FACE_OUTER_BOUND('',#9848,.T.);
#9850=ADVANCED_FACE('',(#9849),#9838,.T.);
#9851=CARTESIAN_POINT('',(134.299997839578000,44.999999283792100,4.774531E-014));
#9852=DIRECTION('',(0.0,0.0,-1.0));
#9853=DIRECTION('',(1.0,0.0,0.0));
#9854=AXIS2_PLACEMENT_3D('',#9851,#9852,#9853);
#9855=CYLINDRICAL_SURFACE('',#9854,4.318853335913370);
#9856=CARTESIAN_POINT('',(138.618851175490990,44.999999283792100,-12.800000000000002));
#9857=VERTEX_POINT('',#9856);
#9858=CARTESIAN_POINT('',(134.299997839578000,44.999999283792100,-12.800000000000002));
#9859=DIRECTION('',(0.0,0.0,-1.0));
#9860=DIRECTION('',(1.0,0.0,0.0));
#9861=AXIS2_PLACEMENT_3D('',#9858,#9859,#9860);
#9862=CIRCLE('',#9861,4.318853335913360);
#9863=EDGE_CURVE('',#9857,#9857,#9862,.T.);
#9864=ORIENTED_EDGE('',*,*,#9863,.F.);
#9865=EDGE_LOOP('',(#9864));
#9866=FACE_OUTER_BOUND('',#9865,.T.);
#9867=ORIENTED_EDGE('',*,*,#9433,.T.);
#9868=EDGE_LOOP('',(#9867));
#9869=FACE_BOUND('',#9868,.T.);
#9870=ADVANCED_FACE('',(#9866,#9869),#9855,.T.);
#9871=CARTESIAN_POINT('',(3.413589E-015,130.750000000000000,-13.799999999999901));
#9872=DIRECTION('',(0.0,0.0,-1.0));
#9873=DIRECTION('',(-1.0,0.0,0.0));
#9874=AXIS2_PLACEMENT_3D('',#9871,#9872,#9873);
#9875=PLANE('',#9874);
#9876=CARTESIAN_POINT('',(137.618851175490990,44.999999283792100,-13.800000000000001));
#9877=VERTEX_POINT('',#9876);
#9878=CARTESIAN_POINT('',(134.299997839578000,44.999999283792100,-13.800000000000001));
#9879=DIRECTION('',(0.0,0.0,-1.0));
#9880=DIRECTION('',(1.0,0.0,0.0));
#9881=AXIS2_PLACEMENT_3D('',#9878,#9879,#9880);
#9882=CIRCLE('',#9881,3.318853335913361);
#9883=EDGE_CURVE('',#9877,#9877,#9882,.T.);
#9884=ORIENTED_EDGE('',*,*,#9883,.T.);
#9885=EDGE_LOOP('',(#9884));
#9886=FACE_OUTER_BOUND('',#9885,.T.);
#9887=ADVANCED_FACE('',(#9886),#9875,.T.);
#9888=CARTESIAN_POINT('',(131.249999119475010,52.349999320313707,5.534106E-014));
#9889=DIRECTION('',(0.0,0.0,-1.0));
#9890=DIRECTION('',(1.0,0.0,0.0));
#9891=AXIS2_PLACEMENT_3D('',#9888,#9889,#9890);
#9892=CYLINDRICAL_SURFACE('',#9891,2.500000079990000);
#9893=CARTESIAN_POINT('',(133.749999199464980,52.349999320313707,-12.799999999999903));
#9894=VERTEX_POINT('',#9893);
#9895=CARTESIAN_POINT('',(131.249999119475010,52.349999320313707,-12.799999999999903));
#9896=DIRECTION('',(0.0,0.0,-1.0));
#9897=DIRECTION('',(1.0,0.0,0.0));
#9898=AXIS2_PLACEMENT_3D('',#9895,#9896,#9897);
#9899=CIRCLE('',#9898,2.500000079990000);
#9900=EDGE_CURVE('',#9894,#9894,#9899,.T.);
#9901=ORIENTED_EDGE('',*,*,#9900,.F.);
#9902=EDGE_LOOP('',(#9901));
#9903=FACE_OUTER_BOUND('',#9902,.T.);
#9904=ORIENTED_EDGE('',*,*,#9444,.T.);
#9905=EDGE_LOOP('',(#9904));
#9906=FACE_BOUND('',#9905,.T.);
#9907=ADVANCED_FACE('',(#9903,#9906),#9892,.T.);
#9908=CARTESIAN_POINT('',(134.299997839578000,44.999999283792100,-12.800000000000002));
#9909=DIRECTION('',(0.0,0.0,-1.0));
#9910=DIRECTION('',(-1.0,0.0,0.0));
#9911=AXIS2_PLACEMENT_3D('',#9908,#9909,#9910);
#9912=TOROIDAL_SURFACE('',#9911,3.318853335913361,1.0);
#9913=ORIENTED_EDGE('',*,*,#9883,.F.);
#9914=EDGE_LOOP('',(#9913));
#9915=FACE_OUTER_BOUND('',#9914,.T.);
#9916=ORIENTED_EDGE('',*,*,#9863,.T.);
#9917=EDGE_LOOP('',(#9916));
#9918=FACE_BOUND('',#9917,.T.);
#9919=ADVANCED_FACE('',(#9915,#9918),#9912,.T.);
#9920=CARTESIAN_POINT('',(131.249999119475010,52.349999320313707,-12.799999999999903));
#9921=DIRECTION('',(0.0,0.0,-1.0));
#9922=DIRECTION('',(-1.0,0.0,0.0));
#9923=AXIS2_PLACEMENT_3D('',#9920,#9921,#9922);
#9924=TOROIDAL_SURFACE('',#9923,1.500000079990000,1.0);
#9925=ORIENTED_EDGE('',*,*,#9846,.F.);
#9926=EDGE_LOOP('',(#9925));
#9927=FACE_OUTER_BOUND('',#9926,.T.);
#9928=ORIENTED_EDGE('',*,*,#9900,.T.);
#9929=EDGE_LOOP('',(#9928));
#9930=FACE_BOUND('',#9929,.T.);
#9931=ADVANCED_FACE('',(#9927,#9930),#9924,.T.);
#9932=CARTESIAN_POINT('',(55.562499999777799,53.750001600308096,5.796047E-014));
#9933=DIRECTION('',(0.0,-1.0,0.0));
#9934=DIRECTION('',(0.0,0.0,-1.0));
#9935=AXIS2_PLACEMENT_3D('',#9932,#9933,#9934);
#9936=PLANE('',#9935);
#9937=ORIENTED_EDGE('',*,*,#9478,.T.);
#9938=CARTESIAN_POINT('',(55.562499999777799,53.750001600308096,-16.699999999999903));
#9939=VERTEX_POINT('',#9938);
#9940=CARTESIAN_POINT('',(55.562499999777799,53.750001600308096,5.796047E-014));
#9941=DIRECTION('',(0.0,0.0,-1.0));
#9942=VECTOR('',#9941,16.699999999999960);
#9943=LINE('',#9940,#9942);
#9944=EDGE_CURVE('',#9467,#9939,#9943,.T.);
#9945=ORIENTED_EDGE('',*,*,#9944,.T.);
#9946=CARTESIAN_POINT('',(73.500012576407201,53.750001600308096,-16.699999999999903));
#9947=VERTEX_POINT('',#9946);
#9948=CARTESIAN_POINT('',(55.562499999777799,53.750001600308096,-16.699999999999903));
#9949=DIRECTION('',(1.0,0.0,0.0));
#9950=VECTOR('',#9949,17.937512576629402);
#9951=LINE('',#9948,#9950);
#9952=EDGE_CURVE('',#9939,#9947,#9951,.T.);
#9953=ORIENTED_EDGE('',*,*,#9952,.T.);
#9954=CARTESIAN_POINT('',(73.500012576407201,53.750001600308096,5.768042E-014));
#9955=DIRECTION('',(0.0,0.0,-1.0));
#9956=VECTOR('',#9955,16.699999999999960);
#9957=LINE('',#9954,#9956);
#9958=EDGE_CURVE('',#9451,#9947,#9957,.T.);
#9959=ORIENTED_EDGE('',*,*,#9958,.F.);
#9960=EDGE_LOOP('',(#9937,#9945,#9953,#9959));
#9961=FACE_OUTER_BOUND('',#9960,.T.);
#9962=ADVANCED_FACE('',(#9961),#9936,.T.);
#9963=CARTESIAN_POINT('',(73.500012576407201,53.750001600308096,5.768042E-014));
#9964=DIRECTION('',(1.0,0.0,0.0));
#9965=DIRECTION('',(0.0,0.0,-1.0));
#9966=AXIS2_PLACEMENT_3D('',#9963,#9964,#9965);
#9967=PLANE('',#9966);
#9968=ORIENTED_EDGE('',*,*,#9456,.T.);
#9969=ORIENTED_EDGE('',*,*,#9958,.T.);
#9970=CARTESIAN_POINT('',(73.500012576407201,60.988199055198507,-16.699999999999903));
#9971=VERTEX_POINT('',#9970);
#9972=CARTESIAN_POINT('',(73.500012576407201,53.750001600308096,-16.699999999999903));
#9973=DIRECTION('',(0.0,1.0,0.0));
#9974=VECTOR('',#9973,7.238197454890411);
#9975=LINE('',#9972,#9974);
#9976=EDGE_CURVE('',#9947,#9971,#9975,.T.);
#9977=ORIENTED_EDGE('',*,*,#9976,.T.);
#9978=CARTESIAN_POINT('',(73.500012576407201,60.988199055198507,6.511374E-014));
#9979=DIRECTION('',(0.0,0.0,-1.0));
#9980=VECTOR('',#9979,16.699999999999967);
#9981=LINE('',#9978,#9980);
#9982=EDGE_CURVE('',#9449,#9971,#9981,.T.);
#9983=ORIENTED_EDGE('',*,*,#9982,.F.);
#9984=EDGE_LOOP('',(#9968,#9969,#9977,#9983));
#9985=FACE_OUTER_BOUND('',#9984,.T.);
#9986=ADVANCED_FACE('',(#9985),#9967,.T.);
#9987=CARTESIAN_POINT('',(73.500012576407201,60.988199055198507,6.511374E-014));
#9988=DIRECTION('',(0.0,1.0,0.0));
#9989=DIRECTION('',(0.0,0.0,1.0));
#9990=AXIS2_PLACEMENT_3D('',#9987,#9988,#9989);
#9991=PLANE('',#9990);
#9992=ORIENTED_EDGE('',*,*,#9464,.T.);
#9993=ORIENTED_EDGE('',*,*,#9982,.T.);
#9994=CARTESIAN_POINT('',(55.562499999777799,60.988199055198507,-16.699999999999903));
#9995=VERTEX_POINT('',#9994);
#9996=CARTESIAN_POINT('',(73.500012576407201,60.988199055198507,-16.699999999999903));
#9997=DIRECTION('',(-1.0,0.0,0.0));
#9998=VECTOR('',#9997,17.937512576629402);
#9999=LINE('',#9996,#9998);
#10000=EDGE_CURVE('',#9971,#9995,#9999,.T.);
#10001=ORIENTED_EDGE('',*,*,#10000,.T.);
#10002=CARTESIAN_POINT('',(55.562499999777799,60.988199055198507,6.539379E-014));
#10003=DIRECTION('',(0.0,0.0,-1.0));
#10004=VECTOR('',#10003,16.699999999999967);
#10005=LINE('',#10002,#10004);
#10006=EDGE_CURVE('',#9459,#9995,#10005,.T.);
#10007=ORIENTED_EDGE('',*,*,#10006,.F.);
#10008=EDGE_LOOP('',(#9992,#9993,#10001,#10007));
#10009=FACE_OUTER_BOUND('',#10008,.T.);
#10010=ADVANCED_FACE('',(#10009),#9991,.T.);
#10011=CARTESIAN_POINT('',(55.562499999777799,60.988199055198507,6.539379E-014));
#10012=DIRECTION('',(-1.0,0.0,0.0));
#10013=DIRECTION('',(0.0,0.0,1.0));
#10014=AXIS2_PLACEMENT_3D('',#10011,#10012,#10013);
#10015=PLANE('',#10014);
#10016=ORIENTED_EDGE('',*,*,#9472,.T.);
#10017=ORIENTED_EDGE('',*,*,#10006,.T.);
#10018=CARTESIAN_POINT('',(55.562499999777799,60.988199055198507,-16.699999999999903));
#10019=DIRECTION('',(0.0,-1.0,0.0));
#10020=VECTOR('',#10019,7.238197454890411);
#10021=LINE('',#10018,#10020);
#10022=EDGE_CURVE('',#9995,#9939,#10021,.T.);
#10023=ORIENTED_EDGE('',*,*,#10022,.T.);
#10024=ORIENTED_EDGE('',*,*,#9944,.F.);
#10025=EDGE_LOOP('',(#10016,#10017,#10023,#10024));
#10026=FACE_OUTER_BOUND('',#10025,.T.);
#10027=ADVANCED_FACE('',(#10026),#10015,.T.);
#10028=CARTESIAN_POINT('',(3.368313E-015,130.750000000000000,-16.699999999999903));
#10029=DIRECTION('',(0.0,0.0,-1.0));
#10030=DIRECTION('',(-1.0,0.0,0.0));
#10031=AXIS2_PLACEMENT_3D('',#10028,#10029,#10030);
#10032=PLANE('',#10031);
#10033=ORIENTED_EDGE('',*,*,#9952,.F.);
#10034=ORIENTED_EDGE('',*,*,#10022,.F.);
#10035=ORIENTED_EDGE('',*,*,#10000,.F.);
#10036=ORIENTED_EDGE('',*,*,#9976,.F.);
#10037=EDGE_LOOP('',(#10033,#10034,#10035,#10036));
#10038=FACE_OUTER_BOUND('',#10037,.T.);
#10039=ADVANCED_FACE('',(#10038),#10032,.T.);
#10040=CARTESIAN_POINT('',(84.249999139663018,79.937498120203287,8.440600E-014));
#10041=DIRECTION('',(-1.0,0.0,0.0));
#10042=DIRECTION('',(0.0,0.0,1.0));
#10043=AXIS2_PLACEMENT_3D('',#10040,#10041,#10042);
#10044=PLANE('',#10043);
#10045=ORIENTED_EDGE('',*,*,#9490,.T.);
#10046=CARTESIAN_POINT('',(84.249999139663018,79.937498120203287,-16.699999999999903));
#10047=VERTEX_POINT('',#10046);
#10048=CARTESIAN_POINT('',(84.249999139663018,79.937498120203287,8.440600E-014));
#10049=DIRECTION('',(0.0,0.0,-1.0));
#10050=VECTOR('',#10049,16.699999999999989);
#10051=LINE('',#10048,#10050);
#10052=EDGE_CURVE('',#9485,#10047,#10051,.T.);
#10053=ORIENTED_EDGE('',*,*,#10052,.T.);
#10054=CARTESIAN_POINT('',(84.249999139663018,62.062497040274806,-16.699999999999903));
#10055=VERTEX_POINT('',#10054);
#10056=CARTESIAN_POINT('',(84.249999139663018,62.062497040274806,-16.699999999999903));
#10057=DIRECTION('',(0.0,1.0,0.0));
#10058=VECTOR('',#10057,17.875001079928481);
#10059=LINE('',#10056,#10058);
#10060=EDGE_CURVE('',#10055,#10047,#10059,.T.);
#10061=ORIENTED_EDGE('',*,*,#10060,.F.);
#10062=CARTESIAN_POINT('',(84.249999139663018,62.062497040274806,6.604916E-014));
#10063=DIRECTION('',(0.0,0.0,-1.0));
#10064=VECTOR('',#10063,16.699999999999971);
#10065=LINE('',#10062,#10064);
#10066=EDGE_CURVE('',#9483,#10055,#10065,.T.);
#10067=ORIENTED_EDGE('',*,*,#10066,.F.);
#10068=EDGE_LOOP('',(#10045,#10053,#10061,#10067));
#10069=FACE_OUTER_BOUND('',#10068,.T.);
#10070=ADVANCED_FACE('',(#10069),#10044,.T.);
#10071=CARTESIAN_POINT('',(91.749999379633010,79.937498120203287,8.428891E-014));
#10072=DIRECTION('',(0.0,1.0,0.0));
#10073=DIRECTION('',(0.0,0.0,1.0));
#10074=AXIS2_PLACEMENT_3D('',#10071,#10072,#10073);
#10075=PLANE('',#10074);
#10076=ORIENTED_EDGE('',*,*,#9512,.T.);
#10077=CARTESIAN_POINT('',(91.749999379633010,79.937498120203287,-16.699999999999903));
#10078=VERTEX_POINT('',#10077);
#10079=CARTESIAN_POINT('',(91.749999379633010,79.937498120203287,8.428891E-014));
#10080=DIRECTION('',(0.0,0.0,-1.0));
#10081=VECTOR('',#10080,16.699999999999989);
#10082=LINE('',#10079,#10081);
#10083=EDGE_CURVE('',#9501,#10078,#10082,.T.);
#10084=ORIENTED_EDGE('',*,*,#10083,.T.);
#10085=CARTESIAN_POINT('',(84.249999139663018,79.937498120203287,-16.699999999999903));
#10086=DIRECTION('',(1.0,0.0,0.0));
#10087=VECTOR('',#10086,7.500000239969992);
#10088=LINE('',#10085,#10087);
#10089=EDGE_CURVE('',#10047,#10078,#10088,.T.);
#10090=ORIENTED_EDGE('',*,*,#10089,.F.);
#10091=ORIENTED_EDGE('',*,*,#10052,.F.);
#10092=EDGE_LOOP('',(#10076,#10084,#10090,#10091));
#10093=FACE_OUTER_BOUND('',#10092,.T.);
#10094=ADVANCED_FACE('',(#10093),#10075,.T.);
#10095=CARTESIAN_POINT('',(91.749999379633010,62.062497040274806,6.593207E-014));
#10096=DIRECTION('',(1.0,0.0,0.0));
#10097=DIRECTION('',(0.0,0.0,-1.0));
#10098=AXIS2_PLACEMENT_3D('',#10095,#10096,#10097);
#10099=PLANE('',#10098);
#10100=ORIENTED_EDGE('',*,*,#9506,.T.);
#10101=CARTESIAN_POINT('',(91.749999379633010,62.062497040274806,-16.699999999999903));
#10102=VERTEX_POINT('',#10101);
#10103=CARTESIAN_POINT('',(91.749999379633010,62.062497040274806,6.593207E-014));
#10104=DIRECTION('',(0.0,0.0,-1.0));
#10105=VECTOR('',#10104,16.699999999999971);
#10106=LINE('',#10103,#10105);
#10107=EDGE_CURVE('',#9493,#10102,#10106,.T.);
#10108=ORIENTED_EDGE('',*,*,#10107,.T.);
#10109=CARTESIAN_POINT('',(91.749999379633010,79.937498120203287,-16.699999999999903));
#10110=DIRECTION('',(0.0,-1.0,0.0));
#10111=VECTOR('',#10110,17.875001079928488);
#10112=LINE('',#10109,#10111);
#10113=EDGE_CURVE('',#10078,#10102,#10112,.T.);
#10114=ORIENTED_EDGE('',*,*,#10113,.F.);
#10115=ORIENTED_EDGE('',*,*,#10083,.F.);
#10116=EDGE_LOOP('',(#10100,#10108,#10114,#10115));
#10117=FACE_OUTER_BOUND('',#10116,.T.);
#10118=ADVANCED_FACE('',(#10117),#10099,.T.);
#10119=CARTESIAN_POINT('',(84.249999139663018,62.062497040274806,6.604916E-014));
#10120=DIRECTION('',(0.0,-1.0,0.0));
#10121=DIRECTION('',(0.0,0.0,-1.0));
#10122=AXIS2_PLACEMENT_3D('',#10119,#10120,#10121);
#10123=PLANE('',#10122);
#10124=ORIENTED_EDGE('',*,*,#9498,.T.);
#10125=ORIENTED_EDGE('',*,*,#10066,.T.);
#10126=CARTESIAN_POINT('',(91.749999379633010,62.062497040274806,-16.699999999999903));
#10127=DIRECTION('',(-1.0,0.0,0.0));
#10128=VECTOR('',#10127,7.500000239970007);
#10129=LINE('',#10126,#10128);
#10130=EDGE_CURVE('',#10102,#10055,#10129,.T.);
#10131=ORIENTED_EDGE('',*,*,#10130,.F.);
#10132=ORIENTED_EDGE('',*,*,#10107,.F.);
#10133=EDGE_LOOP('',(#10124,#10125,#10131,#10132));
#10134=FACE_OUTER_BOUND('',#10133,.T.);
#10135=ADVANCED_FACE('',(#10134),#10123,.T.);
#10136=CARTESIAN_POINT('',(3.368313E-015,130.750000000000000,-16.699999999999903));
#10137=DIRECTION('',(0.0,0.0,-1.0));
#10138=DIRECTION('',(-1.0,0.0,0.0));
#10139=AXIS2_PLACEMENT_3D('',#10136,#10137,#10138);
#10140=PLANE('',#10139);
#10141=ORIENTED_EDGE('',*,*,#10130,.T.);
#10142=ORIENTED_EDGE('',*,*,#10060,.T.);
#10143=ORIENTED_EDGE('',*,*,#10089,.T.);
#10144=ORIENTED_EDGE('',*,*,#10113,.T.);
#10145=EDGE_LOOP('',(#10141,#10142,#10143,#10144));
#10146=FACE_OUTER_BOUND('',#10145,.T.);
#10147=ADVANCED_FACE('',(#10146),#10140,.T.);
#10148=CARTESIAN_POINT('',(84.750000679660999,51.562497720316820,5.525831E-014));
#10149=DIRECTION('',(-1.0,0.0,0.0));
#10150=DIRECTION('',(0.0,0.0,1.0));
#10151=AXIS2_PLACEMENT_3D('',#10148,#10149,#10150);
#10152=PLANE('',#10151);
#10153=ORIENTED_EDGE('',*,*,#9608,.T.);
#10154=CARTESIAN_POINT('',(84.750000679660999,51.562497720316820,-15.999999999999901));
#10155=VERTEX_POINT('',#10154);
#10156=CARTESIAN_POINT('',(84.750000679660999,51.562497720316820,5.525831E-014));
#10157=DIRECTION('',(0.0,0.0,-1.0));
#10158=VECTOR('',#10157,15.999999999999957);
#10159=LINE('',#10156,#10158);
#10160=EDGE_CURVE('',#9595,#10155,#10159,.T.);
#10161=ORIENTED_EDGE('',*,*,#10160,.T.);
#10162=CARTESIAN_POINT('',(84.750000679660999,39.062497860362797,-16.0));
#10163=VERTEX_POINT('',#10162);
#10164=CARTESIAN_POINT('',(84.750000679660999,51.562497720316820,-15.999999999999901));
#10165=DIRECTION('',(0.0,-1.0,0.0));
#10166=VECTOR('',#10165,12.499999859954023);
#10167=LINE('',#10164,#10166);
#10168=EDGE_CURVE('',#10155,#10163,#10167,.T.);
#10169=ORIENTED_EDGE('',*,*,#10168,.T.);
#10170=CARTESIAN_POINT('',(84.750000679660999,39.062497860362797,-16.0));
#10171=DIRECTION('',(0.0,0.0,1.0));
#10172=VECTOR('',#10171,16.000000000000043);
#10173=LINE('',#10170,#10172);
#10174=EDGE_CURVE('',#10163,#9603,#10173,.T.);
#10175=ORIENTED_EDGE('',*,*,#10174,.T.);
#10176=EDGE_LOOP('',(#10153,#10161,#10169,#10175));
#10177=FACE_OUTER_BOUND('',#10176,.T.);
#10178=ADVANCED_FACE('',(#10177),#10152,.T.);
#10179=CARTESIAN_POINT('',(89.750000839640990,51.562497720316820,5.518025E-014));
#10180=DIRECTION('',(0.0,1.0,0.0));
#10181=DIRECTION('',(0.0,0.0,1.0));
#10182=AXIS2_PLACEMENT_3D('',#10179,#10180,#10181);
#10183=PLANE('',#10182);
#10184=ORIENTED_EDGE('',*,*,#9600,.T.);
#10185=CARTESIAN_POINT('',(90.250000839641004,51.562497720316820,-15.999999999999901));
#10186=VERTEX_POINT('',#10185);
#10187=CARTESIAN_POINT('',(90.250000839641004,51.562497720316820,5.517244E-014));
#10188=DIRECTION('',(0.0,0.0,-1.0));
#10189=VECTOR('',#10188,15.999999999999957);
#10190=LINE('',#10187,#10189);
#10191=EDGE_CURVE('',#9585,#10186,#10190,.T.);
#10192=ORIENTED_EDGE('',*,*,#10191,.T.);
#10193=CARTESIAN_POINT('',(90.250000839641004,51.562497720316820,-15.999999999999901));
#10194=DIRECTION('',(-1.0,0.0,0.0));
#10195=VECTOR('',#10194,5.500000159980004);
#10196=LINE('',#10193,#10195);
#10197=EDGE_CURVE('',#10186,#10155,#10196,.T.);
#10198=ORIENTED_EDGE('',*,*,#10197,.T.);
#10199=ORIENTED_EDGE('',*,*,#10160,.F.);
#10200=EDGE_LOOP('',(#10184,#10192,#10198,#10199));
#10201=FACE_OUTER_BOUND('',#10200,.T.);
#10202=ADVANCED_FACE('',(#10201),#10183,.T.);
#10203=CARTESIAN_POINT('',(3.379241E-015,130.750000000000000,-15.999999999999901));
#10204=DIRECTION('',(0.0,0.0,-1.0));
#10205=DIRECTION('',(-1.0,0.0,0.0));
#10206=AXIS2_PLACEMENT_3D('',#10203,#10204,#10205);
#10207=PLANE('',#10206);
#10208=CARTESIAN_POINT('',(90.250000839641004,39.062497860362797,-16.0));
#10209=VERTEX_POINT('',#10208);
#10210=CARTESIAN_POINT('',(90.250000839641004,39.062497860362797,-16.0));
#10211=DIRECTION('',(-1.0,0.0,0.0));
#10212=VECTOR('',#10211,5.500000159980004);
#10213=LINE('',#10210,#10212);
#10214=EDGE_CURVE('',#10209,#10163,#10213,.T.);
#10215=ORIENTED_EDGE('',*,*,#10214,.T.);
#10216=ORIENTED_EDGE('',*,*,#10168,.F.);
#10217=ORIENTED_EDGE('',*,*,#10197,.F.);
#10218=CARTESIAN_POINT('',(90.250000839641004,51.562497720316820,-15.999999999999901));
#10219=DIRECTION('',(0.0,-1.0,0.0));
#10220=VECTOR('',#10219,12.499999859954023);
#10221=LINE('',#10218,#10220);
#10222=EDGE_CURVE('',#10186,#10209,#10221,.T.);
#10223=ORIENTED_EDGE('',*,*,#10222,.T.);
#10224=EDGE_LOOP('',(#10215,#10216,#10217,#10223));
#10225=FACE_OUTER_BOUND('',#10224,.T.);
#10226=ADVANCED_FACE('',(#10225),#10207,.T.);
#10227=CARTESIAN_POINT('',(90.250000839641004,40.062497860362797,4.336245E-014));
#10228=DIRECTION('',(1.0,0.0,0.0));
#10229=DIRECTION('',(0.0,0.0,-1.0));
#10230=AXIS2_PLACEMENT_3D('',#10227,#10228,#10229);
#10231=PLANE('',#10230);
#10232=ORIENTED_EDGE('',*,*,#9592,.T.);
#10233=CARTESIAN_POINT('',(90.250000839641004,39.062497860362797,-16.0));
#10234=DIRECTION('',(0.0,0.0,1.0));
#10235=VECTOR('',#10234,16.000000000000043);
#10236=LINE('',#10233,#10235);
#10237=EDGE_CURVE('',#10209,#9587,#10236,.T.);
#10238=ORIENTED_EDGE('',*,*,#10237,.F.);
#10239=ORIENTED_EDGE('',*,*,#10222,.F.);
#10240=ORIENTED_EDGE('',*,*,#10191,.F.);
#10241=EDGE_LOOP('',(#10232,#10238,#10239,#10240));
#10242=FACE_OUTER_BOUND('',#10241,.T.);
#10243=ADVANCED_FACE('',(#10242),#10231,.T.);
#10244=CARTESIAN_POINT('',(3.207504E-015,130.750000000000000,-26.999999999999901));
#10245=DIRECTION('',(0.0,0.0,-1.0));
#10246=DIRECTION('',(-1.0,0.0,0.0));
#10247=AXIS2_PLACEMENT_3D('',#10244,#10245,#10246);
#10248=PLANE('',#10247);
#10249=CARTESIAN_POINT('',(106.750002399573010,36.312497740377800,-27.0));
#10250=VERTEX_POINT('',#10249);
#10251=CARTESIAN_POINT('',(127.500001539490010,36.312497740377800,-27.0));
#10252=VERTEX_POINT('',#10251);
#10253=CARTESIAN_POINT('',(106.750002399573010,36.312497740377800,-27.0));
#10254=DIRECTION('',(1.0,0.0,0.0));
#10255=VECTOR('',#10254,20.749999139916994);
#10256=LINE('',#10253,#10255);
#10257=EDGE_CURVE('',#10250,#10252,#10256,.T.);
#10258=ORIENTED_EDGE('',*,*,#10257,.F.);
#10259=CARTESIAN_POINT('',(106.750002399573010,50.187501740322311,-26.999999999999901));
#10260=VERTEX_POINT('',#10259);
#10261=CARTESIAN_POINT('',(106.750002399573010,50.187501740322311,-26.999999999999901));
#10262=DIRECTION('',(0.0,-1.0,0.0));
#10263=VECTOR('',#10262,13.875003999944511);
#10264=LINE('',#10261,#10263);
#10265=EDGE_CURVE('',#10260,#10250,#10264,.T.);
#10266=ORIENTED_EDGE('',*,*,#10265,.F.);
#10267=CARTESIAN_POINT('',(127.500001539490010,50.187501740322311,-26.999999999999901));
#10268=VERTEX_POINT('',#10267);
#10269=CARTESIAN_POINT('',(127.500001539490010,50.187501740322311,-26.999999999999901));
#10270=DIRECTION('',(-1.0,0.0,0.0));
#10271=VECTOR('',#10270,20.749999139916994);
#10272=LINE('',#10269,#10271);
#10273=EDGE_CURVE('',#10268,#10260,#10272,.T.);
#10274=ORIENTED_EDGE('',*,*,#10273,.F.);
#10275=CARTESIAN_POINT('',(127.500001539490010,36.312497740377800,-26.999999999999901));
#10276=DIRECTION('',(0.0,1.0,0.0));
#10277=VECTOR('',#10276,13.875003999944511);
#10278=LINE('',#10275,#10277);
#10279=EDGE_CURVE('',#10252,#10268,#10278,.T.);
#10280=ORIENTED_EDGE('',*,*,#10279,.F.);
#10281=EDGE_LOOP('',(#10258,#10266,#10274,#10280));
#10282=FACE_OUTER_BOUND('',#10281,.T.);
#10283=ADVANCED_FACE('',(#10282),#10248,.T.);
#10284=CARTESIAN_POINT('',(106.750002399573010,50.187501740322311,5.350278E-014));
#10285=DIRECTION('',(-1.0,0.0,0.0));
#10286=DIRECTION('',(0.0,0.0,1.0));
#10287=AXIS2_PLACEMENT_3D('',#10284,#10285,#10286);
#10288=PLANE('',#10287);
#10289=CARTESIAN_POINT('',(106.750002399573010,50.187501740322311,5.350278E-014));
#10290=DIRECTION('',(0.0,0.0,-1.0));
#10291=VECTOR('',#10290,26.999999999999954);
#10292=LINE('',#10289,#10291);
#10293=EDGE_CURVE('',#9527,#10260,#10292,.T.);
#10294=ORIENTED_EDGE('',*,*,#10293,.T.);
#10295=ORIENTED_EDGE('',*,*,#10265,.T.);
#10296=CARTESIAN_POINT('',(106.750002399573010,36.312497740377800,3.925375E-014));
#10297=DIRECTION('',(0.0,0.0,-1.0));
#10298=VECTOR('',#10297,27.000000000000043);
#10299=LINE('',#10296,#10298);
#10300=EDGE_CURVE('',#9535,#10250,#10299,.T.);
#10301=ORIENTED_EDGE('',*,*,#10300,.F.);
#10302=ORIENTED_EDGE('',*,*,#9540,.T.);
#10303=EDGE_LOOP('',(#10294,#10295,#10301,#10302));
#10304=FACE_OUTER_BOUND('',#10303,.T.);
#10305=ADVANCED_FACE('',(#10304),#10288,.T.);
#10306=CARTESIAN_POINT('',(127.500001539490010,36.312497740377800,3.892979E-014));
#10307=DIRECTION('',(1.0,0.0,0.0));
#10308=DIRECTION('',(0.0,0.0,-1.0));
#10309=AXIS2_PLACEMENT_3D('',#10306,#10307,#10308);
#10310=PLANE('',#10309);
#10311=CARTESIAN_POINT('',(127.500001539490010,36.312497740377800,3.892979E-014));
#10312=DIRECTION('',(0.0,0.0,-1.0));
#10313=VECTOR('',#10312,27.000000000000043);
#10314=LINE('',#10311,#10313);
#10315=EDGE_CURVE('',#9519,#10252,#10314,.T.);
#10316=ORIENTED_EDGE('',*,*,#10315,.T.);
#10317=ORIENTED_EDGE('',*,*,#10279,.T.);
#10318=CARTESIAN_POINT('',(127.500001539490010,50.187501740322311,5.317882E-014));
#10319=DIRECTION('',(0.0,0.0,-1.0));
#10320=VECTOR('',#10319,26.999999999999954);
#10321=LINE('',#10318,#10320);
#10322=EDGE_CURVE('',#9517,#10268,#10321,.T.);
#10323=ORIENTED_EDGE('',*,*,#10322,.F.);
#10324=ORIENTED_EDGE('',*,*,#9524,.T.);
#10325=EDGE_LOOP('',(#10316,#10317,#10323,#10324));
#10326=FACE_OUTER_BOUND('',#10325,.T.);
#10327=ADVANCED_FACE('',(#10326),#10310,.T.);
#10328=CARTESIAN_POINT('',(127.500001539490010,50.187501740322311,5.317882E-014));
#10329=DIRECTION('',(0.0,1.0,0.0));
#10330=DIRECTION('',(0.0,0.0,1.0));
#10331=AXIS2_PLACEMENT_3D('',#10328,#10329,#10330);
#10332=PLANE('',#10331);
#10333=ORIENTED_EDGE('',*,*,#10322,.T.);
#10334=ORIENTED_EDGE('',*,*,#10273,.T.);
#10335=ORIENTED_EDGE('',*,*,#10293,.F.);
#10336=ORIENTED_EDGE('',*,*,#9532,.T.);
#10337=EDGE_LOOP('',(#10333,#10334,#10335,#10336));
#10338=FACE_OUTER_BOUND('',#10337,.T.);
#10339=ADVANCED_FACE('',(#10338),#10332,.T.);
#10340=CARTESIAN_POINT('',(106.750002399573010,36.312497740377800,3.925375E-014));
#10341=DIRECTION('',(0.0,-1.0,0.0));
#10342=DIRECTION('',(0.0,0.0,-1.0));
#10343=AXIS2_PLACEMENT_3D('',#10340,#10341,#10342);
#10344=PLANE('',#10343);
#10345=ORIENTED_EDGE('',*,*,#10300,.T.);
#10346=ORIENTED_EDGE('',*,*,#10257,.T.);
#10347=ORIENTED_EDGE('',*,*,#10315,.F.);
#10348=ORIENTED_EDGE('',*,*,#9546,.T.);
#10349=EDGE_LOOP('',(#10345,#10346,#10347,#10348));
#10350=FACE_OUTER_BOUND('',#10349,.T.);
#10351=ADVANCED_FACE('',(#10350),#10344,.T.);
#10352=CARTESIAN_POINT('',(78.500000479685994,50.512504900320998,5.427759E-014));
#10353=DIRECTION('',(-1.0,0.0,0.0));
#10354=DIRECTION('',(0.0,0.0,1.0));
#10355=AXIS2_PLACEMENT_3D('',#10352,#10353,#10354);
#10356=PLANE('',#10355);
#10357=ORIENTED_EDGE('',*,*,#9558,.T.);
#10358=CARTESIAN_POINT('',(78.500000479685994,50.512504900320998,-15.999999999999901));
#10359=VERTEX_POINT('',#10358);
#10360=CARTESIAN_POINT('',(78.500000479685994,50.512504900320998,5.427759E-014));
#10361=DIRECTION('',(0.0,0.0,-1.0));
#10362=VECTOR('',#10361,15.999999999999954);
#10363=LINE('',#10360,#10362);
#10364=EDGE_CURVE('',#9553,#10359,#10363,.T.);
#10365=ORIENTED_EDGE('',*,*,#10364,.T.);
#10366=CARTESIAN_POINT('',(78.500000479685994,38.012497420366998,-16.0));
#10367=VERTEX_POINT('',#10366);
#10368=CARTESIAN_POINT('',(78.500000479685994,50.512504900320998,-15.999999999999901));
#10369=DIRECTION('',(0.0,-1.0,0.0));
#10370=VECTOR('',#10369,12.500007479954000);
#10371=LINE('',#10368,#10370);
#10372=EDGE_CURVE('',#10359,#10367,#10371,.T.);
#10373=ORIENTED_EDGE('',*,*,#10372,.T.);
#10374=CARTESIAN_POINT('',(78.500000479685994,38.012497420366998,-16.0));
#10375=DIRECTION('',(0.0,0.0,1.0));
#10376=VECTOR('',#10375,16.000000000000043);
#10377=LINE('',#10374,#10376);
#10378=EDGE_CURVE('',#10367,#9551,#10377,.T.);
#10379=ORIENTED_EDGE('',*,*,#10378,.T.);
#10380=EDGE_LOOP('',(#10357,#10365,#10373,#10379));
#10381=FACE_OUTER_BOUND('',#10380,.T.);
#10382=ADVANCED_FACE('',(#10381),#10356,.T.);
#10383=CARTESIAN_POINT('',(83.500003179666010,50.512504900320998,5.419953E-014));
#10384=DIRECTION('',(0.0,1.0,0.0));
#10385=DIRECTION('',(0.0,0.0,1.0));
#10386=AXIS2_PLACEMENT_3D('',#10383,#10384,#10385);
#10387=PLANE('',#10386);
#10388=ORIENTED_EDGE('',*,*,#9580,.T.);
#10389=CARTESIAN_POINT('',(84.000003179665995,50.512504900320998,-15.999999999999901));
#10390=VERTEX_POINT('',#10389);
#10391=CARTESIAN_POINT('',(84.000003179665995,50.512504900320998,5.419173E-014));
#10392=DIRECTION('',(0.0,0.0,-1.0));
#10393=VECTOR('',#10392,15.999999999999954);
#10394=LINE('',#10391,#10393);
#10395=EDGE_CURVE('',#9569,#10390,#10394,.T.);
#10396=ORIENTED_EDGE('',*,*,#10395,.T.);
#10397=CARTESIAN_POINT('',(84.000003179665995,50.512504900320998,-15.999999999999901));
#10398=DIRECTION('',(-1.0,0.0,0.0));
#10399=VECTOR('',#10398,5.500002699980001);
#10400=LINE('',#10397,#10399);
#10401=EDGE_CURVE('',#10390,#10359,#10400,.T.);
#10402=ORIENTED_EDGE('',*,*,#10401,.T.);
#10403=ORIENTED_EDGE('',*,*,#10364,.F.);
#10404=EDGE_LOOP('',(#10388,#10396,#10402,#10403));
#10405=FACE_OUTER_BOUND('',#10404,.T.);
#10406=ADVANCED_FACE('',(#10405),#10387,.T.);
#10407=CARTESIAN_POINT('',(84.000003179665995,39.012497420366998,4.238172E-014));
#10408=DIRECTION('',(1.0,0.0,0.0));
#10409=DIRECTION('',(0.0,0.0,-1.0));
#10410=AXIS2_PLACEMENT_3D('',#10407,#10408,#10409);
#10411=PLANE('',#10410);
#10412=ORIENTED_EDGE('',*,*,#9574,.T.);
#10413=CARTESIAN_POINT('',(84.000003179665995,38.012497420366998,-16.0));
#10414=VERTEX_POINT('',#10413);
#10415=CARTESIAN_POINT('',(84.000003179665995,38.012497420366998,-16.0));
#10416=DIRECTION('',(0.0,0.0,1.0));
#10417=VECTOR('',#10416,16.000000000000043);
#10418=LINE('',#10415,#10417);
#10419=EDGE_CURVE('',#10414,#9561,#10418,.T.);
#10420=ORIENTED_EDGE('',*,*,#10419,.F.);
#10421=CARTESIAN_POINT('',(84.000003179665995,50.512504900320998,-15.999999999999901));
#10422=DIRECTION('',(0.0,-1.0,0.0));
#10423=VECTOR('',#10422,12.500007479954000);
#10424=LINE('',#10421,#10423);
#10425=EDGE_CURVE('',#10390,#10414,#10424,.T.);
#10426=ORIENTED_EDGE('',*,*,#10425,.F.);
#10427=ORIENTED_EDGE('',*,*,#10395,.F.);
#10428=EDGE_LOOP('',(#10412,#10420,#10426,#10427));
#10429=FACE_OUTER_BOUND('',#10428,.T.);
#10430=ADVANCED_FACE('',(#10429),#10411,.T.);
#10431=CARTESIAN_POINT('',(78.500000479685994,38.012497420366998,4.144063E-014));
#10432=DIRECTION('',(0.0,-1.0,0.0));
#10433=DIRECTION('',(0.0,0.0,-1.0));
#10434=AXIS2_PLACEMENT_3D('',#10431,#10432,#10433);
#10435=PLANE('',#10434);
#10436=ORIENTED_EDGE('',*,*,#9566,.T.);
#10437=ORIENTED_EDGE('',*,*,#10378,.F.);
#10438=CARTESIAN_POINT('',(84.000003179665995,38.012497420366998,-16.0));
#10439=DIRECTION('',(-1.0,0.0,0.0));
#10440=VECTOR('',#10439,5.500002699980001);
#10441=LINE('',#10438,#10440);
#10442=EDGE_CURVE('',#10414,#10367,#10441,.T.);
#10443=ORIENTED_EDGE('',*,*,#10442,.F.);
#10444=ORIENTED_EDGE('',*,*,#10419,.T.);
#10445=EDGE_LOOP('',(#10436,#10437,#10443,#10444));
#10446=FACE_OUTER_BOUND('',#10445,.T.);
#10447=ADVANCED_FACE('',(#10446),#10435,.T.);
#10448=CARTESIAN_POINT('',(3.379241E-015,130.750000000000000,-15.999999999999901));
#10449=DIRECTION('',(0.0,0.0,-1.0));
#10450=DIRECTION('',(-1.0,0.0,0.0));
#10451=AXIS2_PLACEMENT_3D('',#10448,#10449,#10450);
#10452=PLANE('',#10451);
#10453=ORIENTED_EDGE('',*,*,#10442,.T.);
#10454=ORIENTED_EDGE('',*,*,#10372,.F.);
#10455=ORIENTED_EDGE('',*,*,#10401,.F.);
#10456=ORIENTED_EDGE('',*,*,#10425,.T.);
#10457=EDGE_LOOP('',(#10453,#10454,#10455,#10456));
#10458=FACE_OUTER_BOUND('',#10457,.T.);
#10459=ADVANCED_FACE('',(#10458),#10452,.T.);
#10460=CARTESIAN_POINT('',(84.750000679660999,39.062497860362797,4.242136E-014));
#10461=DIRECTION('',(0.0,-1.0,0.0));
#10462=DIRECTION('',(0.0,0.0,-1.0));
#10463=AXIS2_PLACEMENT_3D('',#10460,#10461,#10462);
#10464=PLANE('',#10463);
#10465=ORIENTED_EDGE('',*,*,#9614,.T.);
#10466=ORIENTED_EDGE('',*,*,#10174,.F.);
#10467=ORIENTED_EDGE('',*,*,#10214,.F.);
#10468=ORIENTED_EDGE('',*,*,#10237,.T.);
#10469=EDGE_LOOP('',(#10465,#10466,#10467,#10468));
#10470=FACE_OUTER_BOUND('',#10469,.T.);
#10471=ADVANCED_FACE('',(#10470),#10464,.T.);
#10472=CARTESIAN_POINT('',(79.385321367302296,34.499999460385098,3.781963E-014));
#10473=DIRECTION('',(1.0,0.0,0.0));
#10474=DIRECTION('',(0.0,0.0,-1.0));
#10475=AXIS2_PLACEMENT_3D('',#10472,#10473,#10474);
#10476=PLANE('',#10475);
#10477=ORIENTED_EDGE('',*,*,#9626,.T.);
#10478=CARTESIAN_POINT('',(79.385321367302296,34.499999460385098,-7.799999999999963));
#10479=VERTEX_POINT('',#10478);
#10480=CARTESIAN_POINT('',(79.385321367302296,34.499999460385098,3.781963E-014));
#10481=DIRECTION('',(0.0,0.0,-1.0));
#10482=VECTOR('',#10481,7.800000000000001);
#10483=LINE('',#10480,#10482);
#10484=EDGE_CURVE('',#9621,#10479,#10483,.T.);
#10485=ORIENTED_EDGE('',*,*,#10484,.T.);
#10486=CARTESIAN_POINT('',(79.385321367302296,37.024685374431101,-7.799999999999963));
#10487=VERTEX_POINT('',#10486);
#10488=CARTESIAN_POINT('',(79.385321367302296,34.499999460385098,-7.799999999999963));
#10489=DIRECTION('',(0.0,1.0,0.0));
#10490=VECTOR('',#10489,2.524685914046003);
#10491=LINE('',#10488,#10490);
#10492=EDGE_CURVE('',#10479,#10487,#10491,.T.);
#10493=ORIENTED_EDGE('',*,*,#10492,.T.);
#10494=CARTESIAN_POINT('',(79.385321367302296,37.024685374431002,4.041237E-014));
#10495=DIRECTION('',(0.0,0.0,-1.0));
#10496=VECTOR('',#10495,7.800000000000003);
#10497=LINE('',#10494,#10496);
#10498=EDGE_CURVE('',#9619,#10487,#10497,.T.);
#10499=ORIENTED_EDGE('',*,*,#10498,.F.);
#10500=EDGE_LOOP('',(#10477,#10485,#10493,#10499));
#10501=FACE_OUTER_BOUND('',#10500,.T.);
#10502=ADVANCED_FACE('',(#10501),#10476,.T.);
#10503=CARTESIAN_POINT('',(57.517504979769896,34.499999460385098,3.816104E-014));
#10504=DIRECTION('',(0.0,-1.0,0.0));
#10505=DIRECTION('',(0.0,0.0,-1.0));
#10506=AXIS2_PLACEMENT_3D('',#10503,#10504,#10505);
#10507=PLANE('',#10506);
#10508=ORIENTED_EDGE('',*,*,#9648,.T.);
#10509=CARTESIAN_POINT('',(57.517504979769896,34.499999460385098,-7.799999999999963));
#10510=VERTEX_POINT('',#10509);
#10511=CARTESIAN_POINT('',(57.517504979769896,34.499999460385098,3.816104E-014));
#10512=DIRECTION('',(0.0,0.0,-1.0));
#10513=VECTOR('',#10512,7.800000000000001);
#10514=LINE('',#10511,#10513);
#10515=EDGE_CURVE('',#9637,#10510,#10514,.T.);
#10516=ORIENTED_EDGE('',*,*,#10515,.T.);
#10517=CARTESIAN_POINT('',(57.517504979769896,34.499999460385098,-7.799999999999963));
#10518=DIRECTION('',(1.0,0.0,0.0));
#10519=VECTOR('',#10518,21.867816387532400);
#10520=LINE('',#10517,#10519);
#10521=EDGE_CURVE('',#10510,#10479,#10520,.T.);
#10522=ORIENTED_EDGE('',*,*,#10521,.T.);
#10523=ORIENTED_EDGE('',*,*,#10484,.F.);
#10524=EDGE_LOOP('',(#10508,#10516,#10522,#10523));
#10525=FACE_OUTER_BOUND('',#10524,.T.);
#10526=ADVANCED_FACE('',(#10525),#10507,.T.);
#10527=CARTESIAN_POINT('',(57.517504979769896,37.024685374431002,4.075378E-014));
#10528=DIRECTION('',(-1.0,0.0,0.0));
#10529=DIRECTION('',(0.0,0.0,1.0));
#10530=AXIS2_PLACEMENT_3D('',#10527,#10528,#10529);
#10531=PLANE('',#10530);
#10532=ORIENTED_EDGE('',*,*,#9642,.T.);
#10533=CARTESIAN_POINT('',(57.517504979769896,37.024685374431101,-7.799999999999963));
#10534=VERTEX_POINT('',#10533);
#10535=CARTESIAN_POINT('',(57.517504979769896,37.024685374431002,4.075378E-014));
#10536=DIRECTION('',(0.0,0.0,-1.0));
#10537=VECTOR('',#10536,7.800000000000003);
#10538=LINE('',#10535,#10537);
#10539=EDGE_CURVE('',#9629,#10534,#10538,.T.);
#10540=ORIENTED_EDGE('',*,*,#10539,.T.);
#10541=CARTESIAN_POINT('',(57.517504979769896,37.024685374431101,-7.799999999999963));
#10542=DIRECTION('',(0.0,-1.0,0.0));
#10543=VECTOR('',#10542,2.524685914046003);
#10544=LINE('',#10541,#10543);
#10545=EDGE_CURVE('',#10534,#10510,#10544,.T.);
#10546=ORIENTED_EDGE('',*,*,#10545,.T.);
#10547=ORIENTED_EDGE('',*,*,#10515,.F.);
#10548=EDGE_LOOP('',(#10532,#10540,#10546,#10547));
#10549=FACE_OUTER_BOUND('',#10548,.T.);
#10550=ADVANCED_FACE('',(#10549),#10531,.T.);
#10551=CARTESIAN_POINT('',(79.385321367302296,37.024685374431002,4.041237E-014));
#10552=DIRECTION('',(0.0,1.0,0.0));
#10553=DIRECTION('',(0.0,0.0,1.0));
#10554=AXIS2_PLACEMENT_3D('',#10551,#10552,#10553);
#10555=PLANE('',#10554);
#10556=ORIENTED_EDGE('',*,*,#9634,.T.);
#10557=ORIENTED_EDGE('',*,*,#10498,.T.);
#10558=CARTESIAN_POINT('',(79.385321367302296,37.024685374431101,-7.799999999999963));
#10559=DIRECTION('',(-1.0,0.0,0.0));
#10560=VECTOR('',#10559,21.867816387532400);
#10561=LINE('',#10558,#10560);
#10562=EDGE_CURVE('',#10487,#10534,#10561,.T.);
#10563=ORIENTED_EDGE('',*,*,#10562,.T.);
#10564=ORIENTED_EDGE('',*,*,#10539,.F.);
#10565=EDGE_LOOP('',(#10556,#10557,#10563,#10564));
#10566=FACE_OUTER_BOUND('',#10565,.T.);
#10567=ADVANCED_FACE('',(#10566),#10555,.T.);
#10568=CARTESIAN_POINT('',(3.507264E-015,130.750000000000000,-7.799999999999860));
#10569=DIRECTION('',(0.0,0.0,-1.0));
#10570=DIRECTION('',(-1.0,0.0,0.0));
#10571=AXIS2_PLACEMENT_3D('',#10568,#10569,#10570);
#10572=PLANE('',#10571);
#10573=ORIENTED_EDGE('',*,*,#10492,.F.);
#10574=ORIENTED_EDGE('',*,*,#10521,.F.);
#10575=ORIENTED_EDGE('',*,*,#10545,.F.);
#10576=ORIENTED_EDGE('',*,*,#10562,.F.);
#10577=EDGE_LOOP('',(#10573,#10574,#10575,#10576));
#10578=FACE_OUTER_BOUND('',#10577,.T.);
#10579=ADVANCED_FACE('',(#10578),#10572,.T.);
#10580=CARTESIAN_POINT('',(46.499993359813999,66.499996420257105,7.119565E-014));
#10581=DIRECTION('',(0.0,-1.0,0.0));
#10582=DIRECTION('',(0.0,0.0,-1.0));
#10583=AXIS2_PLACEMENT_3D('',#10580,#10581,#10582);
#10584=PLANE('',#10583);
#10585=ORIENTED_EDGE('',*,*,#9660,.T.);
#10586=CARTESIAN_POINT('',(46.499993359813999,66.499996420257105,-7.799999999999930));
#10587=VERTEX_POINT('',#10586);
#10588=CARTESIAN_POINT('',(46.499993359813999,66.499996420257105,7.119565E-014));
#10589=DIRECTION('',(0.0,0.0,-1.0));
#10590=VECTOR('',#10589,7.800000000000001);
#10591=LINE('',#10588,#10590);
#10592=EDGE_CURVE('',#9655,#10587,#10591,.T.);
#10593=ORIENTED_EDGE('',*,*,#10592,.T.);
#10594=CARTESIAN_POINT('',(54.999999219780008,66.499996420257105,-7.799999999999930));
#10595=VERTEX_POINT('',#10594);
#10596=CARTESIAN_POINT('',(46.499993359813999,66.499996420257105,-7.799999999999930));
#10597=DIRECTION('',(1.0,0.0,0.0));
#10598=VECTOR('',#10597,8.500005859966002);
#10599=LINE('',#10596,#10598);
#10600=EDGE_CURVE('',#10587,#10595,#10599,.T.);
#10601=ORIENTED_EDGE('',*,*,#10600,.T.);
#10602=CARTESIAN_POINT('',(54.999999219780008,66.499996420257105,7.106294E-014));
#10603=DIRECTION('',(0.0,0.0,-1.0));
#10604=VECTOR('',#10603,7.800000000000001);
#10605=LINE('',#10602,#10604);
#10606=EDGE_CURVE('',#9653,#10595,#10605,.T.);
#10607=ORIENTED_EDGE('',*,*,#10606,.F.);
#10608=EDGE_LOOP('',(#10585,#10593,#10601,#10607));
#10609=FACE_OUTER_BOUND('',#10608,.T.);
#10610=ADVANCED_FACE('',(#10609),#10584,.T.);
#10611=CARTESIAN_POINT('',(46.499993359813999,71.000012820239107,7.581697E-014));
#10612=DIRECTION('',(-1.0,0.0,0.0));
#10613=DIRECTION('',(0.0,0.0,1.0));
#10614=AXIS2_PLACEMENT_3D('',#10611,#10612,#10613);
#10615=PLANE('',#10614);
#10616=ORIENTED_EDGE('',*,*,#9682,.T.);
#10617=CARTESIAN_POINT('',(46.499993359813999,71.000012820239107,-7.799999999999922));
#10618=VERTEX_POINT('',#10617);
#10619=CARTESIAN_POINT('',(46.499993359813999,71.000012820239107,7.581697E-014));
#10620=DIRECTION('',(0.0,0.0,-1.0));
#10621=VECTOR('',#10620,7.799999999999997);
#10622=LINE('',#10619,#10621);
#10623=EDGE_CURVE('',#9671,#10618,#10622,.T.);
#10624=ORIENTED_EDGE('',*,*,#10623,.T.);
#10625=CARTESIAN_POINT('',(46.499993359813999,71.000012820239107,-7.799999999999922));
#10626=DIRECTION('',(0.0,-1.0,0.0));
#10627=VECTOR('',#10626,4.500016399982002);
#10628=LINE('',#10625,#10627);
#10629=EDGE_CURVE('',#10618,#10587,#10628,.T.);
#10630=ORIENTED_EDGE('',*,*,#10629,.T.);
#10631=ORIENTED_EDGE('',*,*,#10592,.F.);
#10632=EDGE_LOOP('',(#10616,#10624,#10630,#10631));
#10633=FACE_OUTER_BOUND('',#10632,.T.);
#10634=ADVANCED_FACE('',(#10633),#10615,.T.);
#10635=CARTESIAN_POINT('',(54.999999219780008,71.000012820239107,7.568426E-014));
#10636=DIRECTION('',(0.0,1.0,0.0));
#10637=DIRECTION('',(0.0,0.0,1.0));
#10638=AXIS2_PLACEMENT_3D('',#10635,#10636,#10637);
#10639=PLANE('',#10638);
#10640=ORIENTED_EDGE('',*,*,#9676,.T.);
#10641=CARTESIAN_POINT('',(54.999999219780008,71.000012820239107,-7.799999999999922));
#10642=VERTEX_POINT('',#10641);
#10643=CARTESIAN_POINT('',(54.999999219780008,71.000012820239107,7.568426E-014));
#10644=DIRECTION('',(0.0,0.0,-1.0));
#10645=VECTOR('',#10644,7.799999999999997);
#10646=LINE('',#10643,#10645);
#10647=EDGE_CURVE('',#9663,#10642,#10646,.T.);
#10648=ORIENTED_EDGE('',*,*,#10647,.T.);
#10649=CARTESIAN_POINT('',(54.999999219780008,71.000012820239107,-7.799999999999922));
#10650=DIRECTION('',(-1.0,0.0,0.0));
#10651=VECTOR('',#10650,8.500005859966002);
#10652=LINE('',#10649,#10651);
#10653=EDGE_CURVE('',#10642,#10618,#10652,.T.);
#10654=ORIENTED_EDGE('',*,*,#10653,.T.);
#10655=ORIENTED_EDGE('',*,*,#10623,.F.);
#10656=EDGE_LOOP('',(#10640,#10648,#10654,#10655));
#10657=FACE_OUTER_BOUND('',#10656,.T.);
#10658=ADVANCED_FACE('',(#10657),#10639,.T.);
#10659=CARTESIAN_POINT('',(54.999999219780008,66.499996420257105,7.106294E-014));
#10660=DIRECTION('',(1.0,0.0,0.0));
#10661=DIRECTION('',(0.0,0.0,-1.0));
#10662=AXIS2_PLACEMENT_3D('',#10659,#10660,#10661);
#10663=PLANE('',#10662);
#10664=ORIENTED_EDGE('',*,*,#9668,.T.);
#10665=ORIENTED_EDGE('',*,*,#10606,.T.);
#10666=CARTESIAN_POINT('',(54.999999219780008,66.499996420257105,-7.799999999999930));
#10667=DIRECTION('',(0.0,1.0,0.0));
#10668=VECTOR('',#10667,4.500016399982002);
#10669=LINE('',#10666,#10668);
#10670=EDGE_CURVE('',#10595,#10642,#10669,.T.);
#10671=ORIENTED_EDGE('',*,*,#10670,.T.);
#10672=ORIENTED_EDGE('',*,*,#10647,.F.);
#10673=EDGE_LOOP('',(#10664,#10665,#10671,#10672));
#10674=FACE_OUTER_BOUND('',#10673,.T.);
#10675=ADVANCED_FACE('',(#10674),#10663,.T.);
#10676=CARTESIAN_POINT('',(3.507264E-015,130.750000000000000,-7.799999999999860));
#10677=DIRECTION('',(0.0,0.0,-1.0));
#10678=DIRECTION('',(-1.0,0.0,0.0));
#10679=AXIS2_PLACEMENT_3D('',#10676,#10677,#10678);
#10680=PLANE('',#10679);
#10681=ORIENTED_EDGE('',*,*,#10600,.F.);
#10682=ORIENTED_EDGE('',*,*,#10629,.F.);
#10683=ORIENTED_EDGE('',*,*,#10653,.F.);
#10684=ORIENTED_EDGE('',*,*,#10670,.F.);
#10685=EDGE_LOOP('',(#10681,#10682,#10683,#10684));
#10686=FACE_OUTER_BOUND('',#10685,.T.);
#10687=ADVANCED_FACE('',(#10686),#10680,.T.);
#10688=CLOSED_SHELL('',(#9137,#9165,#9193,#9221,#9261,#9292,#9323,#9345,#9369,#9686,#9706,#9723,#9735,#9755,#9772,#9792,#9809,#9821,#9833,#9850,#9870,#9887,#9907,#9919,#9931,#9962,#9986,#10010,#10027,#10039,#10070,#10094,#10118,#10135,#10147,#10178,#10202,#10226,#10243,#10283,#10305,#10327,#10339,#10351,#10382,#10406,#10430,#10447,#10459,#10471,#10502,#10526,#10550,#10567,#10579,#10610,#10634,#10658,#10675,#10687));
#10689=MANIFOLD_SOLID_BREP('PcB',#10688);
#10690=COLOUR_RGB('',0.0,1.0,0.0);
#10691=DRAUGHTING_PRE_DEFINED_CURVE_FONT('continuous');
#10692=CURVE_STYLE('',#10691,POSITIVE_LENGTH_MEASURE(0.100000000000000),#10690);
#10693=FILL_AREA_STYLE_COLOUR('',#10690);
#10694=FILL_AREA_STYLE('',(#10693));
#10695=SURFACE_STYLE_FILL_AREA(#10694);
#10696=SURFACE_SIDE_STYLE('',(#10695));
#10697=SURFACE_STYLE_USAGE(.BOTH.,#10696);
#10698=PRESENTATION_STYLE_ASSIGNMENT((#10692,#10697));
#10699=STYLED_ITEM('',(#10698,#2618),#10689);
#10700=COLOUR_RGB('',0.521568655967712,0.278431385755539,0.219607859849930);
#10701=DRAUGHTING_PRE_DEFINED_CURVE_FONT('continuous');
#10702=CURVE_STYLE('',#10701,POSITIVE_LENGTH_MEASURE(0.100000000000000),#10700);
#10703=FILL_AREA_STYLE_COLOUR('',#10700);
#10704=FILL_AREA_STYLE('',(#10703));
#10705=SURFACE_STYLE_FILL_AREA(#10704);
#10706=SURFACE_SIDE_STYLE('',(#10705));
#10707=SURFACE_STYLE_USAGE(.BOTH.,#10706);
#10708=PRESENTATION_STYLE_ASSIGNMENT((#10702,#10707));
#10709=OVER_RIDING_STYLED_ITEM('',(#10708),#9706,#10699);
#10710=OVER_RIDING_STYLED_ITEM('',(#10708),#9723,#10699);
#10711=OVER_RIDING_STYLED_ITEM('',(#10708),#9735,#10699);
#10712=COLOUR_RGB('',0.0,0.0,0.0);
#10713=DRAUGHTING_PRE_DEFINED_CURVE_FONT('continuous');
#10714=CURVE_STYLE('',#10713,POSITIVE_LENGTH_MEASURE(0.100000000000000),#10712);
#10715=FILL_AREA_STYLE_COLOUR('',#10712);
#10716=FILL_AREA_STYLE('',(#10715));
#10717=SURFACE_STYLE_FILL_AREA(#10716);
#10718=SURFACE_SIDE_STYLE('',(#10717));
#10719=SURFACE_STYLE_USAGE(.BOTH.,#10718);
#10720=PRESENTATION_STYLE_ASSIGNMENT((#10714,#10719));
#10721=OVER_RIDING_STYLED_ITEM('',(#10720),#9755,#10699);
#10722=OVER_RIDING_STYLED_ITEM('',(#10720),#9772,#10699);
#10723=OVER_RIDING_STYLED_ITEM('',(#10720),#9792,#10699);
#10724=OVER_RIDING_STYLED_ITEM('',(#10720),#9809,#10699);
#10725=OVER_RIDING_STYLED_ITEM('',(#10720),#9821,#10699);
#10726=OVER_RIDING_STYLED_ITEM('',(#10720),#9833,#10699);
#10727=OVER_RIDING_STYLED_ITEM('',(#10720),#9870,#10699);
#10728=OVER_RIDING_STYLED_ITEM('',(#10720),#9887,#10699);
#10729=OVER_RIDING_STYLED_ITEM('',(#10720),#9919,#10699);
#10730=COLOUR_RGB('',0.568627476692200,0.568627476692200,0.568627476692200);
#10731=DRAUGHTING_PRE_DEFINED_CURVE_FONT('continuous');
#10732=CURVE_STYLE('',#10731,POSITIVE_LENGTH_MEASURE(0.100000000000000),#10730);
#10733=FILL_AREA_STYLE_COLOUR('',#10730);
#10734=FILL_AREA_STYLE('',(#10733));
#10735=SURFACE_STYLE_FILL_AREA(#10734);
#10736=SURFACE_SIDE_STYLE('',(#10735));
#10737=SURFACE_STYLE_USAGE(.BOTH.,#10736);
#10738=PRESENTATION_STYLE_ASSIGNMENT((#10732,#10737));
#10739=OVER_RIDING_STYLED_ITEM('',(#10738),#9962,#10699);
#10740=OVER_RIDING_STYLED_ITEM('',(#10738),#9986,#10699);
#10741=OVER_RIDING_STYLED_ITEM('',(#10738),#10010,#10699);
#10742=OVER_RIDING_STYLED_ITEM('',(#10738),#10027,#10699);
#10743=OVER_RIDING_STYLED_ITEM('',(#10738),#10039,#10699);
#10744=OVER_RIDING_STYLED_ITEM('',(#10738),#10070,#10699);
#10745=OVER_RIDING_STYLED_ITEM('',(#10738),#10094,#10699);
#10746=OVER_RIDING_STYLED_ITEM('',(#10738),#10118,#10699);
#10747=OVER_RIDING_STYLED_ITEM('',(#10738),#10135,#10699);
#10748=OVER_RIDING_STYLED_ITEM('',(#10738),#10147,#10699);
#10749=OVER_RIDING_STYLED_ITEM('',(#2594),#10283,#10699);
#10750=OVER_RIDING_STYLED_ITEM('',(#2594),#10327,#10699);
#10751=OVER_RIDING_STYLED_ITEM('',(#2594),#10339,#10699);
#10752=COLOUR_RGB('',0.572549045085907,0.572549045085907,0.572549045085907);
#10753=DRAUGHTING_PRE_DEFINED_CURVE_FONT('continuous');
#10754=CURVE_STYLE('',#10753,POSITIVE_LENGTH_MEASURE(0.100000000000000),#10752);
#10755=FILL_AREA_STYLE_COLOUR('',#10752);
#10756=FILL_AREA_STYLE('',(#10755));
#10757=SURFACE_STYLE_FILL_AREA(#10756);
#10758=SURFACE_SIDE_STYLE('',(#10757));
#10759=SURFACE_STYLE_USAGE(.BOTH.,#10758);
#10760=PRESENTATION_STYLE_ASSIGNMENT((#10754,#10759));
#10761=OVER_RIDING_STYLED_ITEM('',(#10760),#10610,#10699);
#10762=OVER_RIDING_STYLED_ITEM('',(#10760),#10634,#10699);
#10763=OVER_RIDING_STYLED_ITEM('',(#10760),#10658,#10699);
#10764=OVER_RIDING_STYLED_ITEM('',(#10760),#10675,#10699);
#10765=OVER_RIDING_STYLED_ITEM('',(#10760),#10687,#10699);
#10766=MECHANICAL_DESIGN_GEOMETRIC_PRESENTATION_REPRESENTATION('',(#10699,#10709,#10710,#10711,#10721,#10722,#10723,#10724,#10725,#10726,#10727,#10728,#10729,#10739,#10740,#10741,#10742,#10743,#10744,#10745,#10746,#10747,#10748,#10749,#10750,#10751,#10761,#10762,#10763,#10764,#10765),#9109);
#10767=ADVANCED_BREP_SHAPE_REPRESENTATION('ABSR',(#10689),#9078);
#10768=SHAPE_REPRESENTATION_RELATIONSHIP('SRR','None',#10767,#9083);
#10769=AXIS2_PLACEMENT_3D('',#10770,#10771,#10772);
#10770=CARTESIAN_POINT('',(0.0,0.0,0.0));
#10771=DIRECTION('',(0.0,0.0,1.0));
#10772=DIRECTION('',(1.0,0.0,0.0));
#10773=NEXT_ASSEMBLY_USAGE_OCCURRENCE('PcB:1','PcB:1','PcB:1',#12,#9054,'PcB:1');
#10774=PRODUCT_DEFINITION_SHAPE('PcB:1','PcB:1',#10773);
#10775=ITEM_DEFINED_TRANSFORMATION('PcB:1','PcB:1',#9079,#10769);
#10779=(REPRESENTATION_RELATIONSHIP('PcB:1','PcB:1',#9083,#41)REPRESENTATION_RELATIONSHIP_WITH_TRANSFORMATION(#10775)SHAPE_REPRESENTATION_RELATIONSHIP());
#10780=CONTEXT_DEPENDENT_SHAPE_REPRESENTATION(#10779,#10774);
#10781=APPLICATION_CONTEXT('automotive design');
#10782=APPLICATION_PROTOCOL_DEFINITION('International Standard','automotive_design',2001,#10781);
#10783=PRODUCT_CONTEXT('',#10781,'mechanical');
#10784=PRODUCT('VR','VR',$,(#10783));
#10785=PRODUCT_RELATED_PRODUCT_CATEGORY('part',$,(#10784));
#10786=PRODUCT_DEFINITION_FORMATION('',$,#10784);
#10787=PRODUCT_DEFINITION_CONTEXT('part definition',#10781,'design');
#10788=PRODUCT_DEFINITION('',$,#10786,#10787);
#10794=(NAMED_UNIT(*)PLANE_ANGLE_UNIT()SI_UNIT($,.RADIAN.));
#10795=DIMENSIONAL_EXPONENTS(0.0,0.0,0.0,0.0,0.0,0.0,0.0);
#10796=PLANE_ANGLE_MEASURE_WITH_UNIT(PLANE_ANGLE_MEASURE(0.017453292500000),#10794);
#10800=(CONVERSION_BASED_UNIT('DEGREE',#10796)NAMED_UNIT(#10795)PLANE_ANGLE_UNIT());
#10804=(NAMED_UNIT(*)SI_UNIT($,.STERADIAN.)SOLID_ANGLE_UNIT());
#10808=(LENGTH_UNIT()NAMED_UNIT(*)SI_UNIT(.MILLI.,.METRE.));
#10810=UNCERTAINTY_MEASURE_WITH_UNIT(LENGTH_MEASURE(0.010000000000000),#10808,'DISTANCE_ACCURACY_VALUE','');
#10812=(GEOMETRIC_REPRESENTATION_CONTEXT(3)GLOBAL_UNCERTAINTY_ASSIGNED_CONTEXT((#10810))GLOBAL_UNIT_ASSIGNED_CONTEXT((#10800,#10804,#10808))REPRESENTATION_CONTEXT('None','None'));
#10813=AXIS2_PLACEMENT_3D('',#10814,#10815,#10816);
#10814=CARTESIAN_POINT('',(0.0,0.0,0.0));
#10815=DIRECTION('',(0.0,0.0,1.0));
#10816=DIRECTION('',(1.0,0.0,0.0));
#10817=SHAPE_REPRESENTATION('',(#10813),#10812);
#10818=PRODUCT_DEFINITION_SHAPE('','',#10788);
#10819=SHAPE_DEFINITION_REPRESENTATION(#10818,#10817);
#10825=(NAMED_UNIT(*)PLANE_ANGLE_UNIT()SI_UNIT($,.RADIAN.));
#10826=DIMENSIONAL_EXPONENTS(0.0,0.0,0.0,0.0,0.0,0.0,0.0);
#10827=PLANE_ANGLE_MEASURE_WITH_UNIT(PLANE_ANGLE_MEASURE(0.017453292500000),#10825);
#10831=(CONVERSION_BASED_UNIT('DEGREE',#10827)NAMED_UNIT(#10826)PLANE_ANGLE_UNIT());
#10835=(NAMED_UNIT(*)SI_UNIT($,.STERADIAN.)SOLID_ANGLE_UNIT());
#10839=(LENGTH_UNIT()NAMED_UNIT(*)SI_UNIT(.MILLI.,.METRE.));
#10841=UNCERTAINTY_MEASURE_WITH_UNIT(LENGTH_MEASURE(0.000001000000000),#10839,'DISTANCE_ACCURACY_VALUE','');
#10843=(GEOMETRIC_REPRESENTATION_CONTEXT(3)GLOBAL_UNCERTAINTY_ASSIGNED_CONTEXT((#10841))GLOBAL_UNIT_ASSIGNED_CONTEXT((#10831,#10835,#10839))REPRESENTATION_CONTEXT('','3D'));
#10844=CARTESIAN_POINT('',(4.470738606166180,-17.000198030858002,55.249999999644899));
#10845=DIRECTION('',(0.0,-1.0,0.0));
#10846=DIRECTION('',(0.0,0.0,-1.0));
#10847=AXIS2_PLACEMENT_3D('',#10844,#10845,#10846);
#10848=PLANE('',#10847);
#10849=CARTESIAN_POINT('',(3.970738606166180,-17.000198030858002,55.249999999644899));
#10850=VERTEX_POINT('',#10849);
#10851=CARTESIAN_POINT('',(3.970738606166180,-17.000198030858002,50.259399999659806));
#10852=VERTEX_POINT('',#10851);
#10853=CARTESIAN_POINT('',(3.970738606166180,-17.000198030858002,55.249999999644899));
#10854=DIRECTION('',(0.0,0.0,-1.0));
#10855=VECTOR('',#10854,4.990599999985093);
#10856=LINE('',#10853,#10855);
#10857=EDGE_CURVE('',#10850,#10852,#10856,.T.);
#10858=ORIENTED_EDGE('',*,*,#10857,.F.);
#10859=CARTESIAN_POINT('',(-3.529261393833821,-17.000198030858002,55.249999999644899));
#10860=VERTEX_POINT('',#10859);
#10861=CARTESIAN_POINT('',(3.970738606166180,-17.000198030858002,55.249999999644899));
#10862=DIRECTION('',(-1.0,0.0,0.0));
#10863=VECTOR('',#10862,7.500000000000000);
#10864=LINE('',#10861,#10863);
#10865=EDGE_CURVE('',#10850,#10860,#10864,.T.);
#10866=ORIENTED_EDGE('',*,*,#10865,.T.);
#10867=CARTESIAN_POINT('',(-3.529261393833821,-17.000198030858002,50.259399999659806));
#10868=VERTEX_POINT('',#10867);
#10869=CARTESIAN_POINT('',(-3.529261393833821,-17.000198030858002,55.249999999644899));
#10870=DIRECTION('',(0.0,0.0,-1.0));
#10871=VECTOR('',#10870,4.990599999985093);
#10872=LINE('',#10869,#10871);
#10873=EDGE_CURVE('',#10860,#10868,#10872,.T.);
#10874=ORIENTED_EDGE('',*,*,#10873,.T.);
#10875=CARTESIAN_POINT('',(3.970738606166180,-17.000198030858002,50.259399999659806));
#10876=DIRECTION('',(-1.0,0.0,0.0));
#10877=VECTOR('',#10876,7.500000000000000);
#10878=LINE('',#10875,#10877);
#10879=EDGE_CURVE('',#10852,#10868,#10878,.T.);
#10880=ORIENTED_EDGE('',*,*,#10879,.F.);
#10881=EDGE_LOOP('',(#10858,#10866,#10874,#10880));
#10882=FACE_OUTER_BOUND('',#10881,.T.);
#10883=ADVANCED_FACE('',(#10882),#10848,.T.);
#10884=CARTESIAN_POINT('',(4.470738606166180,-10.000198030885301,55.249999999644899));
#10885=DIRECTION('',(0.0,0.0,1.0));
#10886=DIRECTION('',(1.0,0.0,0.0));
#10887=AXIS2_PLACEMENT_3D('',#10884,#10885,#10886);
#10888=PLANE('',#10887);
#10889=CARTESIAN_POINT('',(3.970738606166180,-10.000198030885301,55.249999999644899));
#10890=VERTEX_POINT('',#10889);
#10891=CARTESIAN_POINT('',(3.970738606166180,-10.000198030885301,55.249999999644899));
#10892=DIRECTION('',(0.0,-1.0,0.0));
#10893=VECTOR('',#10892,6.999999999972701);
#10894=LINE('',#10891,#10893);
#10895=EDGE_CURVE('',#10890,#10850,#10894,.T.);
#10896=ORIENTED_EDGE('',*,*,#10895,.F.);
#10897=CARTESIAN_POINT('',(-3.529261393833821,-10.000198030885301,55.249999999644899));
#10898=VERTEX_POINT('',#10897);
#10899=CARTESIAN_POINT('',(3.970738606166180,-10.000198030885301,55.249999999644899));
#10900=DIRECTION('',(-1.0,0.0,0.0));
#10901=VECTOR('',#10900,7.500000000000000);
#10902=LINE('',#10899,#10901);
#10903=EDGE_CURVE('',#10890,#10898,#10902,.T.);
#10904=ORIENTED_EDGE('',*,*,#10903,.T.);
#10905=CARTESIAN_POINT('',(-3.529261393833821,-10.000198030885301,55.249999999644899));
#10906=DIRECTION('',(0.0,-1.0,0.0));
#10907=VECTOR('',#10906,6.999999999972701);
#10908=LINE('',#10905,#10907);
#10909=EDGE_CURVE('',#10898,#10860,#10908,.T.);
#10910=ORIENTED_EDGE('',*,*,#10909,.T.);
#10911=ORIENTED_EDGE('',*,*,#10865,.F.);
#10912=EDGE_LOOP('',(#10896,#10904,#10910,#10911));
#10913=FACE_OUTER_BOUND('',#10912,.T.);
#10914=CARTESIAN_POINT('',(-1.629261393833820,-13.500198030871600,55.249999999644899));
#10915=VERTEX_POINT('',#10914);
#10916=CARTESIAN_POINT('',(-0.129261393833821,-13.500198030871600,55.249999999644899));
#10917=DIRECTION('',(0.0,0.0,1.0));
#10918=DIRECTION('',(1.0,0.0,0.0));
#10919=AXIS2_PLACEMENT_3D('',#10916,#10917,#10918);
#10920=CIRCLE('',#10919,1.500000000000000);
#10921=EDGE_CURVE('',#10915,#10915,#10920,.T.);
#10922=ORIENTED_EDGE('',*,*,#10921,.F.);
#10923=EDGE_LOOP('',(#10922));
#10924=FACE_BOUND('',#10923,.T.);
#10925=ADVANCED_FACE('',(#10913,#10924),#10888,.T.);
#10926=CARTESIAN_POINT('',(4.470738606166180,-10.000198030885301,50.499999999663999));
#10927=DIRECTION('',(0.0,1.0,0.0));
#10928=DIRECTION('',(0.0,0.0,1.0));
#10929=AXIS2_PLACEMENT_3D('',#10926,#10927,#10928);
#10930=PLANE('',#10929);
#10931=CARTESIAN_POINT('',(3.970738606166180,-10.000198030885301,50.499999999663999));
#10932=VERTEX_POINT('',#10931);
#10933=CARTESIAN_POINT('',(3.970738606166180,-10.000198030885301,50.499999999663999));
#10934=DIRECTION('',(0.0,0.0,1.0));
#10935=VECTOR('',#10934,4.749999999980901);
#10936=LINE('',#10933,#10935);
#10937=EDGE_CURVE('',#10932,#10890,#10936,.T.);
#10938=ORIENTED_EDGE('',*,*,#10937,.F.);
#10939=CARTESIAN_POINT('',(-3.529261393833821,-10.000198030885301,50.499999999663999));
#10940=VERTEX_POINT('',#10939);
#10941=CARTESIAN_POINT('',(3.970738606166180,-10.000198030885301,50.499999999663999));
#10942=DIRECTION('',(-1.0,0.0,0.0));
#10943=VECTOR('',#10942,7.500000000000000);
#10944=LINE('',#10941,#10943);
#10945=EDGE_CURVE('',#10932,#10940,#10944,.T.);
#10946=ORIENTED_EDGE('',*,*,#10945,.T.);
#10947=CARTESIAN_POINT('',(-3.529261393833821,-10.000198030885301,50.499999999663999));
#10948=DIRECTION('',(0.0,0.0,1.0));
#10949=VECTOR('',#10948,4.749999999980901);
#10950=LINE('',#10947,#10949);
#10951=EDGE_CURVE('',#10940,#10898,#10950,.T.);
#10952=ORIENTED_EDGE('',*,*,#10951,.T.);
#10953=ORIENTED_EDGE('',*,*,#10903,.F.);
#10954=EDGE_LOOP('',(#10938,#10946,#10952,#10953));
#10955=FACE_OUTER_BOUND('',#10954,.T.);
#10956=ADVANCED_FACE('',(#10955),#10930,.T.);
#10957=CARTESIAN_POINT('',(4.470738606166180,-9.994998030897470,50.259399999659806));
#10958=DIRECTION('',(-1.930442E-016,0.999766528792245,0.021607589099804));
#10959=DIRECTION('',(0.0,-0.021607589099804,0.999766528792245));
#10960=AXIS2_PLACEMENT_3D('',#10957,#10958,#10959);
#10961=PLANE('',#10960);
#10962=CARTESIAN_POINT('',(3.970738606166180,-9.994998030897470,50.259399999659806));
#10963=VERTEX_POINT('',#10962);
#10964=CARTESIAN_POINT('',(3.970738606166171,-9.994998030897492,50.259399999659806));
#10965=DIRECTION('',(0.0,-0.021607589099795,0.999766528792245));
#10966=VECTOR('',#10965,0.240656186294668);
#10967=LINE('',#10964,#10966);
#10968=EDGE_CURVE('',#10963,#10932,#10967,.T.);
#10969=ORIENTED_EDGE('',*,*,#10968,.F.);
#10970=CARTESIAN_POINT('',(-3.529261393833821,-9.994998030897470,50.259399999659806));
#10971=VERTEX_POINT('',#10970);
#10972=CARTESIAN_POINT('',(3.970738606166180,-9.994998030897470,50.259399999659806));
#10973=DIRECTION('',(-1.0,0.0,0.0));
#10974=VECTOR('',#10973,7.500000000000000);
#10975=LINE('',#10972,#10974);
#10976=EDGE_CURVE('',#10963,#10971,#10975,.T.);
#10977=ORIENTED_EDGE('',*,*,#10976,.T.);
#10978=CARTESIAN_POINT('',(-3.529261393833821,-10.000198030885301,50.499999999663999));
#10979=DIRECTION('',(0.0,0.021607589099803,-0.999766528792245));
#10980=VECTOR('',#10979,0.240656186294668);
#10981=LINE('',#10978,#10980);
#10982=EDGE_CURVE('',#10940,#10971,#10981,.T.);
#10983=ORIENTED_EDGE('',*,*,#10982,.F.);
#10984=ORIENTED_EDGE('',*,*,#10945,.F.);
#10985=EDGE_LOOP('',(#10969,#10977,#10983,#10984));
#10986=FACE_OUTER_BOUND('',#10985,.T.);
#10987=ADVANCED_FACE('',(#10986),#10961,.T.);
#10988=CARTESIAN_POINT('',(4.470738606166180,-17.000198030858002,50.259399999659806));
#10989=DIRECTION('',(0.0,0.0,-1.0));
#10990=DIRECTION('',(-1.0,0.0,0.0));
#10991=AXIS2_PLACEMENT_3D('',#10988,#10989,#10990);
#10992=PLANE('',#10991);
#10993=CARTESIAN_POINT('',(3.970738606166180,-17.000198030858002,50.259399999659806));
#10994=DIRECTION('',(0.0,1.0,0.0));
#10995=VECTOR('',#10994,7.005199999960531);
#10996=LINE('',#10993,#10995);
#10997=EDGE_CURVE('',#10852,#10963,#10996,.T.);
#10998=ORIENTED_EDGE('',*,*,#10997,.F.);
#10999=ORIENTED_EDGE('',*,*,#10879,.T.);
#11000=CARTESIAN_POINT('',(-3.529261393833821,-9.994998030897470,50.259399999659806));
#11001=DIRECTION('',(0.0,-1.0,0.0));
#11002=VECTOR('',#11001,7.005199999960531);
#11003=LINE('',#11000,#11002);
#11004=EDGE_CURVE('',#10971,#10868,#11003,.T.);
#11005=ORIENTED_EDGE('',*,*,#11004,.F.);
#11006=ORIENTED_EDGE('',*,*,#10976,.F.);
#11007=EDGE_LOOP('',(#10998,#10999,#11005,#11006));
#11008=FACE_OUTER_BOUND('',#11007,.T.);
#11009=ADVANCED_FACE('',(#11008),#10992,.T.);
#11010=CARTESIAN_POINT('',(-0.129261393833821,-13.500198030871600,55.249999999644899));
#11011=DIRECTION('',(0.0,0.0,1.0));
#11012=DIRECTION('',(1.0,0.0,0.0));
#11013=AXIS2_PLACEMENT_3D('',#11010,#11011,#11012);
#11014=CYLINDRICAL_SURFACE('',#11013,1.500000000000000);
#11015=ORIENTED_EDGE('',*,*,#10921,.T.);
#11016=EDGE_LOOP('',(#11015));
#11017=FACE_OUTER_BOUND('',#11016,.T.);
#11018=CARTESIAN_POINT('',(-1.629261393833820,-13.500198030871600,54.249999999644906));
#11019=VERTEX_POINT('',#11018);
#11020=CARTESIAN_POINT('',(-0.129261393833821,-13.500198030871600,54.249999999644906));
#11021=DIRECTION('',(0.0,0.0,1.0));
#11022=DIRECTION('',(1.0,0.0,0.0));
#11023=AXIS2_PLACEMENT_3D('',#11020,#11021,#11022);
#11024=CIRCLE('',#11023,1.500000000000000);
#11025=EDGE_CURVE('',#11019,#11019,#11024,.T.);
#11026=ORIENTED_EDGE('',*,*,#11025,.F.);
#11027=EDGE_LOOP('',(#11026));
#11028=FACE_BOUND('',#11027,.T.);
#11029=ADVANCED_FACE('',(#11017,#11028),#11014,.F.);
#11030=CARTESIAN_POINT('',(0.373341822709615,-13.878825430908901,54.249999999644906));
#11031=DIRECTION('',(0.0,0.0,1.0));
#11032=DIRECTION('',(1.0,0.0,0.0));
#11033=AXIS2_PLACEMENT_3D('',#11030,#11031,#11032);
#11034=PLANE('',#11033);
#11035=ORIENTED_EDGE('',*,*,#11025,.T.);
#11036=EDGE_LOOP('',(#11035));
#11037=FACE_OUTER_BOUND('',#11036,.T.);
#11038=ADVANCED_FACE('',(#11037),#11034,.T.);
#11039=CARTESIAN_POINT('',(-3.529261393833830,-8.345109387455072,14.955874673651504));
#11040=DIRECTION('',(-1.0,0.0,0.0));
#11041=DIRECTION('',(0.0,0.0,1.0));
#11042=AXIS2_PLACEMENT_3D('',#11039,#11040,#11041);
#11043=PLANE('',#11042);
#11044=ORIENTED_EDGE('',*,*,#10873,.F.);
#11045=ORIENTED_EDGE('',*,*,#10909,.F.);
#11046=ORIENTED_EDGE('',*,*,#10951,.F.);
#11047=ORIENTED_EDGE('',*,*,#10982,.T.);
#11048=ORIENTED_EDGE('',*,*,#11004,.T.);
#11049=EDGE_LOOP('',(#11044,#11045,#11046,#11047,#11048));
#11050=FACE_OUTER_BOUND('',#11049,.T.);
#11051=ADVANCED_FACE('',(#11050),#11043,.T.);
#11052=CARTESIAN_POINT('',(3.970738606166171,-8.345109387455072,14.955874673651504));
#11053=DIRECTION('',(-1.0,0.0,0.0));
#11054=DIRECTION('',(0.0,0.0,1.0));
#11055=AXIS2_PLACEMENT_3D('',#11052,#11053,#11054);
#11056=PLANE('',#11055);
#11057=ORIENTED_EDGE('',*,*,#10997,.T.);
#11058=ORIENTED_EDGE('',*,*,#10968,.T.);
#11059=ORIENTED_EDGE('',*,*,#10937,.T.);
#11060=ORIENTED_EDGE('',*,*,#10895,.T.);
#11061=ORIENTED_EDGE('',*,*,#10857,.T.);
#11062=EDGE_LOOP('',(#11057,#11058,#11059,#11060,#11061));
#11063=FACE_OUTER_BOUND('',#11062,.T.);
#11064=ADVANCED_FACE('',(#11063),#11056,.F.);
#11065=CLOSED_SHELL('',(#10883,#10925,#10956,#10987,#11009,#11029,#11038,#11051,#11064));
#11066=MANIFOLD_SOLID_BREP('VR.1',#11065);
#11067=STYLED_ITEM('',(#7439,#2618),#11066);
#11068=COLOUR_RGB('',1.0,0.0,1.0);
#11069=DRAUGHTING_PRE_DEFINED_CURVE_FONT('continuous');
#11070=CURVE_STYLE('',#11069,POSITIVE_LENGTH_MEASURE(0.100000000000000),#11068);
#11071=FILL_AREA_STYLE_COLOUR('',#11068);
#11072=FILL_AREA_STYLE('',(#11071));
#11073=SURFACE_STYLE_FILL_AREA(#11072);
#11074=SURFACE_SIDE_STYLE('',(#11073));
#11075=SURFACE_STYLE_USAGE(.BOTH.,#11074);
#11076=PRESENTATION_STYLE_ASSIGNMENT((#11070,#11075));
#11077=OVER_RIDING_STYLED_ITEM('',(#11076),#11038,#11067);
#11078=MECHANICAL_DESIGN_GEOMETRIC_PRESENTATION_REPRESENTATION('',(#11067,#11077),#10843);
#11079=ADVANCED_BREP_SHAPE_REPRESENTATION('ABSR',(#11066),#10812);
#11080=SHAPE_REPRESENTATION_RELATIONSHIP('SRR','None',#11079,#10817);
#11081=AXIS2_PLACEMENT_3D('',#11082,#11083,#11084);
#11082=CARTESIAN_POINT('',(84.250000224399201,36.720731606166403,-25.000202981816205));
#11083=DIRECTION('',(1.0,0.0,0.0));
#11084=DIRECTION('',(0.0,-1.0,0.0));
#11085=NEXT_ASSEMBLY_USAGE_OCCURRENCE('VR.1:1','VR.1:1','VR.1:1',#12,#10788,'VR.1:1');
#11086=PRODUCT_DEFINITION_SHAPE('VR.1:1','VR.1:1',#11085);
#11087=ITEM_DEFINED_TRANSFORMATION('VR.1:1','VR.1:1',#10813,#11081);
#11091=(REPRESENTATION_RELATIONSHIP('VR.1:1','VR.1:1',#10817,#41)REPRESENTATION_RELATIONSHIP_WITH_TRANSFORMATION(#11087)SHAPE_REPRESENTATION_RELATIONSHIP());
#11092=CONTEXT_DEPENDENT_SHAPE_REPRESENTATION(#11091,#11086);
#11093=APPLICATION_CONTEXT('automotive design');
#11094=APPLICATION_PROTOCOL_DEFINITION('International Standard','automotive_design',2001,#11093);
#11095=PRODUCT_CONTEXT('',#11093,'mechanical');
#11096=PRODUCT('232','232',$,(#11095));
#11097=PRODUCT_RELATED_PRODUCT_CATEGORY('part',$,(#11096));
#11098=PRODUCT_DEFINITION_FORMATION('',$,#11096);
#11099=PRODUCT_DEFINITION_CONTEXT('part definition',#11093,'design');
#11100=PRODUCT_DEFINITION('',$,#11098,#11099);
#11106=(NAMED_UNIT(*)PLANE_ANGLE_UNIT()SI_UNIT($,.RADIAN.));
#11107=DIMENSIONAL_EXPONENTS(0.0,0.0,0.0,0.0,0.0,0.0,0.0);
#11108=PLANE_ANGLE_MEASURE_WITH_UNIT(PLANE_ANGLE_MEASURE(0.017453292500000),#11106);
#11112=(CONVERSION_BASED_UNIT('DEGREE',#11108)NAMED_UNIT(#11107)PLANE_ANGLE_UNIT());
#11116=(NAMED_UNIT(*)SI_UNIT($,.STERADIAN.)SOLID_ANGLE_UNIT());
#11120=(LENGTH_UNIT()NAMED_UNIT(*)SI_UNIT(.MILLI.,.METRE.));
#11122=UNCERTAINTY_MEASURE_WITH_UNIT(LENGTH_MEASURE(0.010000000000000),#11120,'DISTANCE_ACCURACY_VALUE','');
#11124=(GEOMETRIC_REPRESENTATION_CONTEXT(3)GLOBAL_UNCERTAINTY_ASSIGNED_CONTEXT((#11122))GLOBAL_UNIT_ASSIGNED_CONTEXT((#11112,#11116,#11120))REPRESENTATION_CONTEXT('None','None'));
#11125=AXIS2_PLACEMENT_3D('',#11126,#11127,#11128);
#11126=CARTESIAN_POINT('',(0.0,0.0,0.0));
#11127=DIRECTION('',(0.0,0.0,1.0));
#11128=DIRECTION('',(1.0,0.0,0.0));
#11129=SHAPE_REPRESENTATION('',(#11125),#11124);
#11130=PRODUCT_DEFINITION_SHAPE('','',#11100);
#11131=SHAPE_DEFINITION_REPRESENTATION(#11130,#11129);
#11137=(NAMED_UNIT(*)PLANE_ANGLE_UNIT()SI_UNIT($,.RADIAN.));
#11138=DIMENSIONAL_EXPONENTS(0.0,0.0,0.0,0.0,0.0,0.0,0.0);
#11139=PLANE_ANGLE_MEASURE_WITH_UNIT(PLANE_ANGLE_MEASURE(0.017453292500000),#11137);
#11143=(CONVERSION_BASED_UNIT('DEGREE',#11139)NAMED_UNIT(#11138)PLANE_ANGLE_UNIT());
#11147=(NAMED_UNIT(*)SI_UNIT($,.STERADIAN.)SOLID_ANGLE_UNIT());
#11151=(LENGTH_UNIT()NAMED_UNIT(*)SI_UNIT(.MILLI.,.METRE.));
#11153=UNCERTAINTY_MEASURE_WITH_UNIT(LENGTH_MEASURE(0.000001000000000),#11151,'DISTANCE_ACCURACY_VALUE','');
#11155=(GEOMETRIC_REPRESENTATION_CONTEXT(3)GLOBAL_UNCERTAINTY_ASSIGNED_CONTEXT((#11153))GLOBAL_UNIT_ASSIGNED_CONTEXT((#11143,#11147,#11151))REPRESENTATION_CONTEXT('','3D'));
#11156=CARTESIAN_POINT('',(62.999998459748014,5.499999040501050,8.293712E-015));
#11157=DIRECTION('',(0.0,1.0,0.0));
#11158=DIRECTION('',(0.0,0.0,1.0));
#11159=AXIS2_PLACEMENT_3D('',#11156,#11157,#11158);
#11160=PLANE('',#11159);
#11161=CARTESIAN_POINT('',(64.999999539740003,5.499999040501050,0.600000000000008));
#11162=VERTEX_POINT('',#11161);
#11163=CARTESIAN_POINT('',(56.749998259772994,5.499999040501050,0.600000000000008));
#11164=VERTEX_POINT('',#11163);
#11165=CARTESIAN_POINT('',(64.999999539740003,5.499999040501050,0.600000000000009));
#11166=DIRECTION('',(-1.0,0.0,0.0));
#11167=VECTOR('',#11166,8.250001279967016);
#11168=LINE('',#11165,#11167);
#11169=EDGE_CURVE('',#11162,#11164,#11168,.T.);
#11170=ORIENTED_EDGE('',*,*,#11169,.T.);
#11171=CARTESIAN_POINT('',(56.749998259772994,5.499999040501050,1.600000000000010));
#11172=VERTEX_POINT('',#11171);
#11173=CARTESIAN_POINT('',(56.749998259772994,5.499999040501050,0.600000000000008));
#11174=DIRECTION('',(0.0,0.0,1.0));
#11175=VECTOR('',#11174,1.000000000000002);
#11176=LINE('',#11173,#11175);
#11177=EDGE_CURVE('',#11164,#11172,#11176,.T.);
#11178=ORIENTED_EDGE('',*,*,#11177,.T.);
#11179=CARTESIAN_POINT('',(64.999999539740003,5.499999040501050,1.600000000000010));
#11180=VERTEX_POINT('',#11179);
#11181=CARTESIAN_POINT('',(56.749998259772994,5.499999040501050,1.600000000000010));
#11182=DIRECTION('',(1.0,0.0,0.0));
#11183=VECTOR('',#11182,8.250001279967009);
#11184=LINE('',#11181,#11183);
#11185=EDGE_CURVE('',#11172,#11180,#11184,.T.);
#11186=ORIENTED_EDGE('',*,*,#11185,.T.);
#11187=CARTESIAN_POINT('',(64.999999539740003,5.499999040501050,0.600000000000008));
#11188=DIRECTION('',(0.0,0.0,1.0));
#11189=VECTOR('',#11188,1.000000000000002);
#11190=LINE('',#11187,#11189);
#11191=EDGE_CURVE('',#11162,#11180,#11190,.T.);
#11192=ORIENTED_EDGE('',*,*,#11191,.F.);
#11193=EDGE_LOOP('',(#11170,#11178,#11186,#11192));
#11194=FACE_OUTER_BOUND('',#11193,.T.);
#11195=ADVANCED_FACE('',(#11194),#11160,.T.);
#11196=CARTESIAN_POINT('',(64.999999539740003,8.999999660487060,1.185683E-014));
#11197=DIRECTION('',(0.0,1.0,0.0));
#11198=DIRECTION('',(0.0,0.0,1.0));
#11199=AXIS2_PLACEMENT_3D('',#11196,#11197,#11198);
#11200=PLANE('',#11199);
#11201=CARTESIAN_POINT('',(66.999998079732009,8.999999660487060,0.600000000000012));
#11202=VERTEX_POINT('',#11201);
#11203=CARTESIAN_POINT('',(64.999999539740003,8.999999660487060,0.600000000000012));
#11204=VERTEX_POINT('',#11203);
#11205=CARTESIAN_POINT('',(66.999998079732009,8.999999660487060,0.600000000000013));
#11206=DIRECTION('',(-1.0,0.0,0.0));
#11207=VECTOR('',#11206,1.999998539992006);
#11208=LINE('',#11205,#11207);
#11209=EDGE_CURVE('',#11202,#11204,#11208,.T.);
#11210=ORIENTED_EDGE('',*,*,#11209,.T.);
#11211=CARTESIAN_POINT('',(64.999999539740003,8.999999660487060,1.600000000000010));
#11212=VERTEX_POINT('',#11211);
#11213=CARTESIAN_POINT('',(64.999999539740003,8.999999660487060,0.600000000000012));
#11214=DIRECTION('',(0.0,0.0,1.0));
#11215=VECTOR('',#11214,0.999999999999998);
#11216=LINE('',#11213,#11215);
#11217=EDGE_CURVE('',#11204,#11212,#11216,.T.);
#11218=ORIENTED_EDGE('',*,*,#11217,.T.);
#11219=CARTESIAN_POINT('',(66.999998079732009,8.999999660487060,1.600000000000010));
#11220=VERTEX_POINT('',#11219);
#11221=CARTESIAN_POINT('',(64.999999539740003,8.999999660487060,1.600000000000010));
#11222=DIRECTION('',(1.0,0.0,0.0));
#11223=VECTOR('',#11222,1.999998539992006);
#11224=LINE('',#11221,#11223);
#11225=EDGE_CURVE('',#11212,#11220,#11224,.T.);
#11226=ORIENTED_EDGE('',*,*,#11225,.T.);
#11227=CARTESIAN_POINT('',(66.999998079732009,8.999999660487060,0.600000000000012));
#11228=DIRECTION('',(0.0,0.0,1.0));
#11229=VECTOR('',#11228,0.999999999999998);
#11230=LINE('',#11227,#11229);
#11231=EDGE_CURVE('',#11202,#11220,#11230,.T.);
#11232=ORIENTED_EDGE('',*,*,#11231,.F.);
#11233=EDGE_LOOP('',(#11210,#11218,#11226,#11232));
#11234=FACE_OUTER_BOUND('',#11233,.T.);
#11235=ADVANCED_FACE('',(#11234),#11200,.T.);
#11236=CARTESIAN_POINT('',(56.749998259772994,-21.500000299391001,-1.933653E-014));
#11237=DIRECTION('',(-1.0,0.0,0.0));
#11238=DIRECTION('',(0.0,0.0,1.0));
#11239=AXIS2_PLACEMENT_3D('',#11236,#11237,#11238);
#11240=PLANE('',#11239);
#11241=CARTESIAN_POINT('',(56.749998259772994,-21.500000299391001,0.599999999999981));
#11242=VERTEX_POINT('',#11241);
#11243=CARTESIAN_POINT('',(56.749998259772994,5.499999040501050,0.600000000000137));
#11244=DIRECTION('',(0.0,-1.0,0.0));
#11245=VECTOR('',#11244,26.999999339892049);
#11246=LINE('',#11243,#11245);
#11247=EDGE_CURVE('',#11164,#11242,#11246,.T.);
#11248=ORIENTED_EDGE('',*,*,#11247,.T.);
#11249=CARTESIAN_POINT('',(56.749998259772994,-21.500000299391001,1.599999999999980));
#11250=VERTEX_POINT('',#11249);
#11251=CARTESIAN_POINT('',(56.749998259772994,-21.500000299391001,0.599999999999981));
#11252=DIRECTION('',(0.0,0.0,1.0));
#11253=VECTOR('',#11252,0.999999999999999);
#11254=LINE('',#11251,#11253);
#11255=EDGE_CURVE('',#11242,#11250,#11254,.T.);
#11256=ORIENTED_EDGE('',*,*,#11255,.T.);
#11257=CARTESIAN_POINT('',(56.749998259772994,5.499999040501050,1.600000000000010));
#11258=DIRECTION('',(0.0,-1.0,0.0));
#11259=VECTOR('',#11258,26.999999339892049);
#11260=LINE('',#11257,#11259);
#11261=EDGE_CURVE('',#11172,#11250,#11260,.T.);
#11262=ORIENTED_EDGE('',*,*,#11261,.F.);
#11263=ORIENTED_EDGE('',*,*,#11177,.F.);
#11264=EDGE_LOOP('',(#11248,#11256,#11262,#11263));
#11265=FACE_OUTER_BOUND('',#11264,.T.);
#11266=ADVANCED_FACE('',(#11265),#11240,.T.);
#11267=CARTESIAN_POINT('',(139.749999899441040,-21.500000299391001,-2.063237E-014));
#11268=DIRECTION('',(0.0,-1.0,0.0));
#11269=DIRECTION('',(0.0,0.0,-1.0));
#11270=AXIS2_PLACEMENT_3D('',#11267,#11268,#11269);
#11271=PLANE('',#11270);
#11272=CARTESIAN_POINT('',(139.749999899441040,-21.500000299391001,0.599999999999979));
#11273=VERTEX_POINT('',#11272);
#11274=CARTESIAN_POINT('',(56.749998259772994,-21.500000299391001,0.599999999999982));
#11275=DIRECTION('',(1.0,0.0,0.0));
#11276=VECTOR('',#11275,83.000001639668042);
#11277=LINE('',#11274,#11276);
#11278=EDGE_CURVE('',#11242,#11273,#11277,.T.);
#11279=ORIENTED_EDGE('',*,*,#11278,.T.);
#11280=CARTESIAN_POINT('',(139.749999899441040,-21.500000299391001,1.599999999999980));
#11281=VERTEX_POINT('',#11280);
#11282=CARTESIAN_POINT('',(139.749999899441040,-21.500000299391001,0.599999999999979));
#11283=DIRECTION('',(0.0,0.0,1.0));
#11284=VECTOR('',#11283,1.000000000000001);
#11285=LINE('',#11282,#11284);
#11286=EDGE_CURVE('',#11273,#11281,#11285,.T.);
#11287=ORIENTED_EDGE('',*,*,#11286,.T.);
#11288=CARTESIAN_POINT('',(56.749998259772994,-21.500000299391001,1.599999999999980));
#11289=DIRECTION('',(1.0,0.0,0.0));
#11290=VECTOR('',#11289,83.000001639668042);
#11291=LINE('',#11288,#11290);
#11292=EDGE_CURVE('',#11250,#11281,#11291,.T.);
#11293=ORIENTED_EDGE('',*,*,#11292,.F.);
#11294=ORIENTED_EDGE('',*,*,#11255,.F.);
#11295=EDGE_LOOP('',(#11279,#11287,#11293,#11294));
#11296=FACE_OUTER_BOUND('',#11295,.T.);
#11297=ADVANCED_FACE('',(#11296),#11271,.T.);
#11298=CARTESIAN_POINT('',(139.749999899441040,5.499999040501050,7.095452E-015));
#11299=DIRECTION('',(1.0,0.0,0.0));
#11300=DIRECTION('',(0.0,0.0,-1.0));
#11301=AXIS2_PLACEMENT_3D('',#11298,#11299,#11300);
#11302=PLANE('',#11301);
#11303=CARTESIAN_POINT('',(139.749999899441040,5.499999040501050,0.600000000000007));
#11304=VERTEX_POINT('',#11303);
#11305=CARTESIAN_POINT('',(139.749999899441040,-21.500000299390997,0.600000000000136));
#11306=DIRECTION('',(0.0,1.0,0.0));
#11307=VECTOR('',#11306,26.999999339892049);
#11308=LINE('',#11305,#11307);
#11309=EDGE_CURVE('',#11273,#11304,#11308,.T.);
#11310=ORIENTED_EDGE('',*,*,#11309,.T.);
#11311=CARTESIAN_POINT('',(139.749999899441040,5.499999040501050,1.600000000000010));
#11312=VERTEX_POINT('',#11311);
#11313=CARTESIAN_POINT('',(139.749999899441040,5.499999040501050,0.600000000000007));
#11314=DIRECTION('',(0.0,0.0,1.0));
#11315=VECTOR('',#11314,1.000000000000003);
#11316=LINE('',#11313,#11315);
#11317=EDGE_CURVE('',#11304,#11312,#11316,.T.);
#11318=ORIENTED_EDGE('',*,*,#11317,.T.);
#11319=CARTESIAN_POINT('',(139.749999899441040,5.499999040501050,1.600000000000010));
#11320=DIRECTION('',(0.0,-1.0,0.0));
#11321=VECTOR('',#11320,26.999999339892049);
#11322=LINE('',#11319,#11321);
#11323=EDGE_CURVE('',#11312,#11281,#11322,.T.);
#11324=ORIENTED_EDGE('',*,*,#11323,.T.);
#11325=ORIENTED_EDGE('',*,*,#11286,.F.);
#11326=EDGE_LOOP('',(#11310,#11318,#11324,#11325));
#11327=FACE_OUTER_BOUND('',#11326,.T.);
#11328=ADVANCED_FACE('',(#11327),#11302,.T.);
#11329=CARTESIAN_POINT('',(137.249999819451010,5.499999040501050,7.134483E-015));
#11330=DIRECTION('',(0.0,1.0,0.0));
#11331=DIRECTION('',(0.0,0.0,1.0));
#11332=AXIS2_PLACEMENT_3D('',#11329,#11330,#11331);
#11333=PLANE('',#11332);
#11334=CARTESIAN_POINT('',(137.249999819451010,5.499999040501050,0.600000000000007));
#11335=VERTEX_POINT('',#11334);
#11336=CARTESIAN_POINT('',(139.749999899441040,5.499999040501050,0.600000000000009));
#11337=DIRECTION('',(-1.0,0.0,0.0));
#11338=VECTOR('',#11337,2.500000079990002);
#11339=LINE('',#11336,#11338);
#11340=EDGE_CURVE('',#11304,#11335,#11339,.T.);
#11341=ORIENTED_EDGE('',*,*,#11340,.T.);
#11342=CARTESIAN_POINT('',(137.249999819451010,5.499999040501050,1.600000000000010));
#11343=VERTEX_POINT('',#11342);
#11344=CARTESIAN_POINT('',(137.249999819451010,5.499999040501050,0.600000000000007));
#11345=DIRECTION('',(0.0,0.0,1.0));
#11346=VECTOR('',#11345,1.000000000000003);
#11347=LINE('',#11344,#11346);
#11348=EDGE_CURVE('',#11335,#11343,#11347,.T.);
#11349=ORIENTED_EDGE('',*,*,#11348,.T.);
#11350=CARTESIAN_POINT('',(137.249999819451010,5.499999040501050,1.600000000000010));
#11351=DIRECTION('',(1.0,0.0,0.0));
#11352=VECTOR('',#11351,2.500000079990002);
#11353=LINE('',#11350,#11352);
#11354=EDGE_CURVE('',#11343,#11312,#11353,.T.);
#11355=ORIENTED_EDGE('',*,*,#11354,.T.);
#11356=ORIENTED_EDGE('',*,*,#11317,.F.);
#11357=EDGE_LOOP('',(#11341,#11349,#11355,#11356));
#11358=FACE_OUTER_BOUND('',#11357,.T.);
#11359=ADVANCED_FACE('',(#11358),#11333,.T.);
#11360=CARTESIAN_POINT('',(137.249999819451010,8.999999660487060,1.072883E-014));
#11361=DIRECTION('',(1.0,0.0,0.0));
#11362=DIRECTION('',(0.0,0.0,-1.0));
#11363=AXIS2_PLACEMENT_3D('',#11360,#11361,#11362);
#11364=PLANE('',#11363);
#11365=CARTESIAN_POINT('',(137.249999819451010,8.999999660487081,0.600000000000011));
#11366=VERTEX_POINT('',#11365);
#11367=CARTESIAN_POINT('',(137.249999819451010,5.499999040501050,0.600000000000136));
#11368=DIRECTION('',(0.0,1.0,0.0));
#11369=VECTOR('',#11368,3.500000619986031);
#11370=LINE('',#11367,#11369);
#11371=EDGE_CURVE('',#11335,#11366,#11370,.T.);
#11372=ORIENTED_EDGE('',*,*,#11371,.T.);
#11373=CARTESIAN_POINT('',(137.249999819451010,8.999999660487060,1.600000000000010));
#11374=VERTEX_POINT('',#11373);
#11375=CARTESIAN_POINT('',(137.249999819451010,8.999999660487060,0.600000000000011));
#11376=DIRECTION('',(0.0,0.0,1.0));
#11377=VECTOR('',#11376,0.999999999999999);
#11378=LINE('',#11375,#11377);
#11379=EDGE_CURVE('',#11366,#11374,#11378,.T.);
#11380=ORIENTED_EDGE('',*,*,#11379,.T.);
#11381=CARTESIAN_POINT('',(137.249999819451010,8.999999660487060,1.600000000000010));
#11382=DIRECTION('',(0.0,-1.0,0.0));
#11383=VECTOR('',#11382,3.500000619986010);
#11384=LINE('',#11381,#11383);
#11385=EDGE_CURVE('',#11374,#11343,#11384,.T.);
#11386=ORIENTED_EDGE('',*,*,#11385,.T.);
#11387=ORIENTED_EDGE('',*,*,#11348,.F.);
#11388=EDGE_LOOP('',(#11372,#11380,#11386,#11387));
#11389=FACE_OUTER_BOUND('',#11388,.T.);
#11390=ADVANCED_FACE('',(#11389),#11364,.T.);
#11391=CARTESIAN_POINT('',(122.499998839510000,8.999999660487060,1.095912E-014));
#11392=DIRECTION('',(0.0,1.0,0.0));
#11393=DIRECTION('',(0.0,0.0,1.0));
#11394=AXIS2_PLACEMENT_3D('',#11391,#11392,#11393);
#11395=PLANE('',#11394);
#11396=CARTESIAN_POINT('',(122.499998839510000,8.999999660487081,0.600000000000011));
#11397=VERTEX_POINT('',#11396);
#11398=CARTESIAN_POINT('',(137.249999819451010,8.999999660487060,0.600000000000013));
#11399=DIRECTION('',(-1.0,0.0,0.0));
#11400=VECTOR('',#11399,14.750000979941007);
#11401=LINE('',#11398,#11400);
#11402=EDGE_CURVE('',#11366,#11397,#11401,.T.);
#11403=ORIENTED_EDGE('',*,*,#11402,.T.);
#11404=CARTESIAN_POINT('',(122.499998839510000,8.999999660487060,1.600000000000010));
#11405=VERTEX_POINT('',#11404);
#11406=CARTESIAN_POINT('',(122.499998839510000,8.999999660487060,0.600000000000011));
#11407=DIRECTION('',(0.0,0.0,1.0));
#11408=VECTOR('',#11407,0.999999999999999);
#11409=LINE('',#11406,#11408);
#11410=EDGE_CURVE('',#11397,#11405,#11409,.T.);
#11411=ORIENTED_EDGE('',*,*,#11410,.T.);
#11412=CARTESIAN_POINT('',(122.499998839510000,8.999999660487060,1.600000000000010));
#11413=DIRECTION('',(1.0,0.0,0.0));
#11414=VECTOR('',#11413,14.750000979941007);
#11415=LINE('',#11412,#11414);
#11416=EDGE_CURVE('',#11405,#11374,#11415,.T.);
#11417=ORIENTED_EDGE('',*,*,#11416,.T.);
#11418=ORIENTED_EDGE('',*,*,#11379,.F.);
#11419=EDGE_LOOP('',(#11403,#11411,#11417,#11418));
#11420=FACE_OUTER_BOUND('',#11419,.T.);
#11421=ADVANCED_FACE('',(#11420),#11395,.T.);
#11422=CARTESIAN_POINT('',(122.499998839510000,0.249999380522041,1.973247E-015));
#11423=DIRECTION('',(-1.0,0.0,0.0));
#11424=DIRECTION('',(0.0,0.0,1.0));
#11425=AXIS2_PLACEMENT_3D('',#11422,#11423,#11424);
#11426=PLANE('',#11425);
#11427=CARTESIAN_POINT('',(122.499998839510000,-1.750001699469950,0.600000000000000));
#11428=VERTEX_POINT('',#11427);
#11429=CARTESIAN_POINT('',(122.499998839510000,8.999999660487081,0.600000000000136));
#11430=DIRECTION('',(0.0,-1.0,0.0));
#11431=VECTOR('',#11430,10.750001359957032);
#11432=LINE('',#11429,#11431);
#11433=EDGE_CURVE('',#11397,#11428,#11432,.T.);
#11434=ORIENTED_EDGE('',*,*,#11433,.T.);
#11435=CARTESIAN_POINT('',(122.499998839510000,-1.750001699469980,1.600000000000000));
#11436=VERTEX_POINT('',#11435);
#11437=CARTESIAN_POINT('',(122.499998839510000,-1.750001699469980,0.600000000000000));
#11438=DIRECTION('',(0.0,0.0,1.0));
#11439=VECTOR('',#11438,1.000000000000000);
#11440=LINE('',#11437,#11439);
#11441=EDGE_CURVE('',#11428,#11436,#11440,.T.);
#11442=ORIENTED_EDGE('',*,*,#11441,.T.);
#11443=CARTESIAN_POINT('',(122.499998839510000,8.999999660487060,1.600000000000010));
#11444=DIRECTION('',(0.0,-1.0,0.0));
#11445=VECTOR('',#11444,10.750001359957039);
#11446=LINE('',#11443,#11445);
#11447=EDGE_CURVE('',#11405,#11436,#11446,.T.);
#11448=ORIENTED_EDGE('',*,*,#11447,.F.);
#11449=ORIENTED_EDGE('',*,*,#11410,.F.);
#11450=EDGE_LOOP('',(#11434,#11442,#11448,#11449));
#11451=FACE_OUTER_BOUND('',#11450,.T.);
#11452=ADVANCED_FACE('',(#11451),#11426,.T.);
#11453=CARTESIAN_POINT('',(64.999999539740003,5.499999040501050,8.262487E-015));
#11454=DIRECTION('',(-1.0,0.0,0.0));
#11455=DIRECTION('',(0.0,0.0,1.0));
#11456=AXIS2_PLACEMENT_3D('',#11453,#11454,#11455);
#11457=PLANE('',#11456);
#11458=CARTESIAN_POINT('',(64.999999539740003,8.999999660487060,0.600000000000137));
#11459=DIRECTION('',(0.0,-1.0,0.0));
#11460=VECTOR('',#11459,3.500000619986010);
#11461=LINE('',#11458,#11460);
#11462=EDGE_CURVE('',#11204,#11162,#11461,.T.);
#11463=ORIENTED_EDGE('',*,*,#11462,.T.);
#11464=ORIENTED_EDGE('',*,*,#11191,.T.);
#11465=CARTESIAN_POINT('',(64.999999539740003,8.999999660487060,1.600000000000010));
#11466=DIRECTION('',(0.0,-1.0,0.0));
#11467=VECTOR('',#11466,3.500000619986010);
#11468=LINE('',#11465,#11467);
#11469=EDGE_CURVE('',#11212,#11180,#11468,.T.);
#11470=ORIENTED_EDGE('',*,*,#11469,.F.);
#11471=ORIENTED_EDGE('',*,*,#11217,.F.);
#11472=EDGE_LOOP('',(#11463,#11464,#11470,#11471));
#11473=FACE_OUTER_BOUND('',#11472,.T.);
#11474=ADVANCED_FACE('',(#11473),#11457,.T.);
#11475=CARTESIAN_POINT('',(118.749996179525030,-5.500004359454890,-3.873208E-015));
#11476=DIRECTION('',(-0.707106781186544,0.707106781186551,7.372075E-016));
#11477=DIRECTION('',(0.0,0.0,1.0));
#11478=AXIS2_PLACEMENT_3D('',#11475,#11476,#11477);
#11479=PLANE('',#11478);
#11480=CARTESIAN_POINT('',(118.749996179525030,-5.500004359454920,0.599999999999996));
#11481=VERTEX_POINT('',#11480);
#11482=CARTESIAN_POINT('',(122.499998839510580,-1.750001699470519,0.599999999999991));
#11483=DIRECTION('',(-0.707106781186555,-0.707106781186540,-6.699056E-016));
#11484=VECTOR('',#11483,5.303304620685934);
#11485=LINE('',#11482,#11484);
#11486=EDGE_CURVE('',#11428,#11481,#11485,.T.);
#11487=ORIENTED_EDGE('',*,*,#11486,.T.);
#11488=CARTESIAN_POINT('',(118.749996179525030,-5.500004359454890,1.600000000000000));
#11489=VERTEX_POINT('',#11488);
#11490=CARTESIAN_POINT('',(118.749996179525030,-5.500004359454890,0.599999999999996));
#11491=DIRECTION('',(0.0,0.0,1.0));
#11492=VECTOR('',#11491,1.000000000000004);
#11493=LINE('',#11490,#11492);
#11494=EDGE_CURVE('',#11481,#11489,#11493,.T.);
#11495=ORIENTED_EDGE('',*,*,#11494,.T.);
#11496=CARTESIAN_POINT('',(118.749996179525030,-5.500004359454890,1.600000000000000));
#11497=DIRECTION('',(0.707106781186638,0.707106781186457,0.0));
#11498=VECTOR('',#11497,5.303304620685895);
#11499=LINE('',#11496,#11498);
#11500=EDGE_CURVE('',#11489,#11436,#11499,.T.);
#11501=ORIENTED_EDGE('',*,*,#11500,.T.);
#11502=ORIENTED_EDGE('',*,*,#11441,.F.);
#11503=EDGE_LOOP('',(#11487,#11495,#11501,#11502));
#11504=FACE_OUTER_BOUND('',#11503,.T.);
#11505=ADVANCED_FACE('',(#11504),#11479,.T.);
#11506=CARTESIAN_POINT('',(110.249997939558990,-5.500004359454890,-3.740502E-015));
#11507=DIRECTION('',(0.0,1.0,0.0));
#11508=DIRECTION('',(0.0,0.0,1.0));
#11509=AXIS2_PLACEMENT_3D('',#11506,#11507,#11508);
#11510=PLANE('',#11509);
#11511=CARTESIAN_POINT('',(110.249997939558990,-5.500004359454890,0.599999999999996));
#11512=VERTEX_POINT('',#11511);
#11513=CARTESIAN_POINT('',(118.749996179525030,-5.500004359454890,0.599999999999998));
#11514=DIRECTION('',(-1.0,0.0,0.0));
#11515=VECTOR('',#11514,8.499998239966033);
#11516=LINE('',#11513,#11515);
#11517=EDGE_CURVE('',#11481,#11512,#11516,.T.);
#11518=ORIENTED_EDGE('',*,*,#11517,.T.);
#11519=CARTESIAN_POINT('',(110.249997939558990,-5.500004359454890,1.600000000000000));
#11520=VERTEX_POINT('',#11519);
#11521=CARTESIAN_POINT('',(110.249997939558990,-5.500004359454890,0.599999999999996));
#11522=DIRECTION('',(0.0,0.0,1.0));
#11523=VECTOR('',#11522,1.000000000000004);
#11524=LINE('',#11521,#11523);
#11525=EDGE_CURVE('',#11512,#11520,#11524,.T.);
#11526=ORIENTED_EDGE('',*,*,#11525,.T.);
#11527=CARTESIAN_POINT('',(110.249997939558990,-5.500004359454890,1.600000000000000));
#11528=DIRECTION('',(1.0,0.0,0.0));
#11529=VECTOR('',#11528,8.499998239966033);
#11530=LINE('',#11527,#11529);
#11531=EDGE_CURVE('',#11520,#11489,#11530,.T.);
#11532=ORIENTED_EDGE('',*,*,#11531,.T.);
#11533=ORIENTED_EDGE('',*,*,#11494,.F.);
#11534=EDGE_LOOP('',(#11518,#11526,#11532,#11533));
#11535=FACE_OUTER_BOUND('',#11534,.T.);
#11536=ADVANCED_FACE('',(#11535),#11510,.T.);
#11537=CARTESIAN_POINT('',(110.249997939558990,5.499999040501050,7.556021E-015));
#11538=DIRECTION('',(1.0,0.0,0.0));
#11539=DIRECTION('',(0.0,0.0,-1.0));
#11540=AXIS2_PLACEMENT_3D('',#11537,#11538,#11539);
#11541=PLANE('',#11540);
#11542=CARTESIAN_POINT('',(110.249997939558990,5.499999040501050,0.600000000000008));
#11543=VERTEX_POINT('',#11542);
#11544=CARTESIAN_POINT('',(110.249997939558990,-5.500004359454890,0.600000000000136));
#11545=DIRECTION('',(0.0,1.0,0.0));
#11546=VECTOR('',#11545,11.000003399955940);
#11547=LINE('',#11544,#11546);
#11548=EDGE_CURVE('',#11512,#11543,#11547,.T.);
#11549=ORIENTED_EDGE('',*,*,#11548,.T.);
#11550=CARTESIAN_POINT('',(110.249997939558990,5.499999040501050,1.600000000000010));
#11551=VERTEX_POINT('',#11550);
#11552=CARTESIAN_POINT('',(110.249997939558990,5.499999040501050,0.600000000000008));
#11553=DIRECTION('',(0.0,0.0,1.0));
#11554=VECTOR('',#11553,1.000000000000002);
#11555=LINE('',#11552,#11554);
#11556=EDGE_CURVE('',#11543,#11551,#11555,.T.);
#11557=ORIENTED_EDGE('',*,*,#11556,.T.);
#11558=CARTESIAN_POINT('',(110.249997939558990,5.499999040501050,1.600000000000010));
#11559=DIRECTION('',(0.0,-1.0,0.0));
#11560=VECTOR('',#11559,11.000003399955940);
#11561=LINE('',#11558,#11560);
#11562=EDGE_CURVE('',#11551,#11520,#11561,.T.);
#11563=ORIENTED_EDGE('',*,*,#11562,.T.);
#11564=ORIENTED_EDGE('',*,*,#11525,.F.);
#11565=EDGE_LOOP('',(#11549,#11557,#11563,#11564));
#11566=FACE_OUTER_BOUND('',#11565,.T.);
#11567=ADVANCED_FACE('',(#11566),#11541,.T.);
#11568=CARTESIAN_POINT('',(108.999997899564020,5.499999040501050,7.575536E-015));
#11569=DIRECTION('',(0.0,1.0,0.0));
#11570=DIRECTION('',(0.0,0.0,1.0));
#11571=AXIS2_PLACEMENT_3D('',#11568,#11569,#11570);
#11572=PLANE('',#11571);
#11573=CARTESIAN_POINT('',(108.999997899564020,5.499999040501050,0.600000000000008));
#11574=VERTEX_POINT('',#11573);
#11575=CARTESIAN_POINT('',(110.249997939558990,5.499999040501050,0.600000000000009));
#11576=DIRECTION('',(-1.0,0.0,0.0));
#11577=VECTOR('',#11576,1.250000039994973);
#11578=LINE('',#11575,#11577);
#11579=EDGE_CURVE('',#11543,#11574,#11578,.T.);
#11580=ORIENTED_EDGE('',*,*,#11579,.T.);
#11581=CARTESIAN_POINT('',(108.999997899564020,5.499999040501050,1.600000000000010));
#11582=VERTEX_POINT('',#11581);
#11583=CARTESIAN_POINT('',(108.999997899564020,5.499999040501050,0.600000000000008));
#11584=DIRECTION('',(0.0,0.0,1.0));
#11585=VECTOR('',#11584,1.000000000000002);
#11586=LINE('',#11583,#11585);
#11587=EDGE_CURVE('',#11574,#11582,#11586,.T.);
#11588=ORIENTED_EDGE('',*,*,#11587,.T.);
#11589=CARTESIAN_POINT('',(108.999997899564020,5.499999040501050,1.600000000000010));
#11590=DIRECTION('',(1.0,0.0,0.0));
#11591=VECTOR('',#11590,1.250000039994973);
#11592=LINE('',#11589,#11591);
#11593=EDGE_CURVE('',#11582,#11551,#11592,.T.);
#11594=ORIENTED_EDGE('',*,*,#11593,.T.);
#11595=ORIENTED_EDGE('',*,*,#11556,.F.);
#11596=EDGE_LOOP('',(#11580,#11588,#11594,#11595));
#11597=FACE_OUTER_BOUND('',#11596,.T.);
#11598=ADVANCED_FACE('',(#11597),#11572,.T.);
#11599=CARTESIAN_POINT('',(108.999997899564020,8.999999660487060,1.116988E-014));
#11600=DIRECTION('',(1.0,0.0,0.0));
#11601=DIRECTION('',(0.0,0.0,-1.0));
#11602=AXIS2_PLACEMENT_3D('',#11599,#11600,#11601);
#11603=PLANE('',#11602);
#11604=CARTESIAN_POINT('',(108.999997899564020,8.999999660487081,0.600000000000011));
#11605=VERTEX_POINT('',#11604);
#11606=CARTESIAN_POINT('',(108.999997899564020,5.499999040501050,0.600000000000136));
#11607=DIRECTION('',(0.0,1.0,0.0));
#11608=VECTOR('',#11607,3.500000619986031);
#11609=LINE('',#11606,#11608);
#11610=EDGE_CURVE('',#11574,#11605,#11609,.T.);
#11611=ORIENTED_EDGE('',*,*,#11610,.T.);
#11612=CARTESIAN_POINT('',(108.999997899564020,8.999999660487060,1.600000000000010));
#11613=VERTEX_POINT('',#11612);
#11614=CARTESIAN_POINT('',(108.999997899564020,8.999999660487060,0.600000000000011));
#11615=DIRECTION('',(0.0,0.0,1.0));
#11616=VECTOR('',#11615,0.999999999999999);
#11617=LINE('',#11614,#11616);
#11618=EDGE_CURVE('',#11605,#11613,#11617,.T.);
#11619=ORIENTED_EDGE('',*,*,#11618,.T.);
#11620=CARTESIAN_POINT('',(108.999997899564020,8.999999660487060,1.600000000000010));
#11621=DIRECTION('',(0.0,-1.0,0.0));
#11622=VECTOR('',#11621,3.500000619986010);
#11623=LINE('',#11620,#11622);
#11624=EDGE_CURVE('',#11613,#11582,#11623,.T.);
#11625=ORIENTED_EDGE('',*,*,#11624,.T.);
#11626=ORIENTED_EDGE('',*,*,#11587,.F.);
#11627=EDGE_LOOP('',(#11611,#11619,#11625,#11626));
#11628=FACE_OUTER_BOUND('',#11627,.T.);
#11629=ADVANCED_FACE('',(#11628),#11603,.T.);
#11630=CARTESIAN_POINT('',(80.999998019675999,8.999999660487060,1.160703E-014));
#11631=DIRECTION('',(0.0,1.0,0.0));
#11632=DIRECTION('',(0.0,0.0,1.0));
#11633=AXIS2_PLACEMENT_3D('',#11630,#11631,#11632);
#11634=PLANE('',#11633);
#11635=CARTESIAN_POINT('',(80.999998019675999,8.999999660487060,0.600000000000012));
#11636=VERTEX_POINT('',#11635);
#11637=CARTESIAN_POINT('',(108.999997899564020,8.999999660487060,0.600000000000013));
#11638=DIRECTION('',(-1.0,0.0,0.0));
#11639=VECTOR('',#11638,27.999999879888009);
#11640=LINE('',#11637,#11639);
#11641=EDGE_CURVE('',#11605,#11636,#11640,.T.);
#11642=ORIENTED_EDGE('',*,*,#11641,.T.);
#11643=CARTESIAN_POINT('',(80.999998019675999,8.999999660487060,1.600000000000010));
#11644=VERTEX_POINT('',#11643);
#11645=CARTESIAN_POINT('',(80.999998019675999,8.999999660487060,0.600000000000012));
#11646=DIRECTION('',(0.0,0.0,1.0));
#11647=VECTOR('',#11646,0.999999999999998);
#11648=LINE('',#11645,#11647);
#11649=EDGE_CURVE('',#11636,#11644,#11648,.T.);
#11650=ORIENTED_EDGE('',*,*,#11649,.T.);
#11651=CARTESIAN_POINT('',(80.999998019675999,8.999999660487060,1.600000000000010));
#11652=DIRECTION('',(1.0,0.0,0.0));
#11653=VECTOR('',#11652,27.999999879888023);
#11654=LINE('',#11651,#11653);
#11655=EDGE_CURVE('',#11644,#11613,#11654,.T.);
#11656=ORIENTED_EDGE('',*,*,#11655,.T.);
#11657=ORIENTED_EDGE('',*,*,#11618,.F.);
#11658=EDGE_LOOP('',(#11642,#11650,#11656,#11657));
#11659=FACE_OUTER_BOUND('',#11658,.T.);
#11660=ADVANCED_FACE('',(#11659),#11634,.T.);
#11661=CARTESIAN_POINT('',(80.999998019675999,5.499999040501050,8.012687E-015));
#11662=DIRECTION('',(-1.0,0.0,0.0));
#11663=DIRECTION('',(0.0,0.0,1.0));
#11664=AXIS2_PLACEMENT_3D('',#11661,#11662,#11663);
#11665=PLANE('',#11664);
#11666=CARTESIAN_POINT('',(80.999998019675999,5.499999040501050,0.600000000000008));
#11667=VERTEX_POINT('',#11666);
#11668=CARTESIAN_POINT('',(80.999998019675999,8.999999660487060,0.600000000000137));
#11669=DIRECTION('',(0.0,-1.0,0.0));
#11670=VECTOR('',#11669,3.500000619986010);
#11671=LINE('',#11668,#11670);
#11672=EDGE_CURVE('',#11636,#11667,#11671,.T.);
#11673=ORIENTED_EDGE('',*,*,#11672,.T.);
#11674=CARTESIAN_POINT('',(80.999998019675999,5.499999040501050,1.600000000000010));
#11675=VERTEX_POINT('',#11674);
#11676=CARTESIAN_POINT('',(80.999998019675999,5.499999040501050,0.600000000000008));
#11677=DIRECTION('',(0.0,0.0,1.0));
#11678=VECTOR('',#11677,1.000000000000002);
#11679=LINE('',#11676,#11678);
#11680=EDGE_CURVE('',#11667,#11675,#11679,.T.);
#11681=ORIENTED_EDGE('',*,*,#11680,.T.);
#11682=CARTESIAN_POINT('',(80.999998019675999,8.999999660487060,1.600000000000010));
#11683=DIRECTION('',(0.0,-1.0,0.0));
#11684=VECTOR('',#11683,3.500000619986010);
#11685=LINE('',#11682,#11684);
#11686=EDGE_CURVE('',#11644,#11675,#11685,.T.);
#11687=ORIENTED_EDGE('',*,*,#11686,.F.);
#11688=ORIENTED_EDGE('',*,*,#11649,.F.);
#11689=EDGE_LOOP('',(#11673,#11681,#11687,#11688));
#11690=FACE_OUTER_BOUND('',#11689,.T.);
#11691=ADVANCED_FACE('',(#11690),#11665,.T.);
#11692=CARTESIAN_POINT('',(78.999999479684007,5.499999040501050,8.043912E-015));
#11693=DIRECTION('',(0.0,1.0,0.0));
#11694=DIRECTION('',(0.0,0.0,1.0));
#11695=AXIS2_PLACEMENT_3D('',#11692,#11693,#11694);
#11696=PLANE('',#11695);
#11697=CARTESIAN_POINT('',(66.999998079732009,5.499999040501050,0.600000000000008));
#11698=VERTEX_POINT('',#11697);
#11699=CARTESIAN_POINT('',(80.999998019675999,5.499999040501050,0.600000000000009));
#11700=DIRECTION('',(-1.0,0.0,0.0));
#11701=VECTOR('',#11700,13.999999939943990);
#11702=LINE('',#11699,#11701);
#11703=EDGE_CURVE('',#11667,#11698,#11702,.T.);
#11704=ORIENTED_EDGE('',*,*,#11703,.T.);
#11705=CARTESIAN_POINT('',(66.999998079732009,5.499999040501050,1.600000000000010));
#11706=VERTEX_POINT('',#11705);
#11707=CARTESIAN_POINT('',(66.999998079732009,5.499999040501050,0.600000000000008));
#11708=DIRECTION('',(0.0,0.0,1.0));
#11709=VECTOR('',#11708,1.000000000000002);
#11710=LINE('',#11707,#11709);
#11711=EDGE_CURVE('',#11698,#11706,#11710,.T.);
#11712=ORIENTED_EDGE('',*,*,#11711,.T.);
#11713=CARTESIAN_POINT('',(66.999998079732009,5.499999040501050,1.600000000000010));
#11714=DIRECTION('',(1.0,0.0,0.0));
#11715=VECTOR('',#11714,13.999999939943990);
#11716=LINE('',#11713,#11715);
#11717=EDGE_CURVE('',#11706,#11675,#11716,.T.);
#11718=ORIENTED_EDGE('',*,*,#11717,.T.);
#11719=ORIENTED_EDGE('',*,*,#11680,.F.);
#11720=EDGE_LOOP('',(#11704,#11712,#11718,#11719));
#11721=FACE_OUTER_BOUND('',#11720,.T.);
#11722=ADVANCED_FACE('',(#11721),#11696,.T.);
#11723=CARTESIAN_POINT('',(66.999998079732009,8.999999660487060,1.182561E-014));
#11724=DIRECTION('',(1.0,0.0,0.0));
#11725=DIRECTION('',(0.0,0.0,-1.0));
#11726=AXIS2_PLACEMENT_3D('',#11723,#11724,#11725);
#11727=PLANE('',#11726);
#11728=CARTESIAN_POINT('',(66.999998079732009,5.499999040501050,0.600000000000137));
#11729=DIRECTION('',(0.0,1.0,0.0));
#11730=VECTOR('',#11729,3.500000619986009);
#11731=LINE('',#11728,#11730);
#11732=EDGE_CURVE('',#11698,#11202,#11731,.T.);
#11733=ORIENTED_EDGE('',*,*,#11732,.T.);
#11734=ORIENTED_EDGE('',*,*,#11231,.T.);
#11735=CARTESIAN_POINT('',(66.999998079732009,8.999999660487060,1.600000000000010));
#11736=DIRECTION('',(0.0,-1.0,0.0));
#11737=VECTOR('',#11736,3.500000619986010);
#11738=LINE('',#11735,#11737);
#11739=EDGE_CURVE('',#11220,#11706,#11738,.T.);
#11740=ORIENTED_EDGE('',*,*,#11739,.T.);
#11741=ORIENTED_EDGE('',*,*,#11711,.F.);
#11742=EDGE_LOOP('',(#11733,#11734,#11740,#11741));
#11743=FACE_OUTER_BOUND('',#11742,.T.);
#11744=ADVANCED_FACE('',(#11743),#11727,.T.);
#11745=CARTESIAN_POINT('',(3.654022E-015,130.750000000000000,1.600000000000140));
#11746=DIRECTION('',(0.0,0.0,-1.0));
#11747=DIRECTION('',(-1.0,0.0,0.0));
#11748=AXIS2_PLACEMENT_3D('',#11745,#11746,#11747);
#11749=PLANE('',#11748);
#11750=ORIENTED_EDGE('',*,*,#11292,.T.);
#11751=ORIENTED_EDGE('',*,*,#11323,.F.);
#11752=ORIENTED_EDGE('',*,*,#11354,.F.);
#11753=ORIENTED_EDGE('',*,*,#11385,.F.);
#11754=ORIENTED_EDGE('',*,*,#11416,.F.);
#11755=ORIENTED_EDGE('',*,*,#11447,.T.);
#11756=ORIENTED_EDGE('',*,*,#11500,.F.);
#11757=ORIENTED_EDGE('',*,*,#11531,.F.);
#11758=ORIENTED_EDGE('',*,*,#11562,.F.);
#11759=ORIENTED_EDGE('',*,*,#11593,.F.);
#11760=ORIENTED_EDGE('',*,*,#11624,.F.);
#11761=ORIENTED_EDGE('',*,*,#11655,.F.);
#11762=ORIENTED_EDGE('',*,*,#11686,.T.);
#11763=ORIENTED_EDGE('',*,*,#11717,.F.);
#11764=ORIENTED_EDGE('',*,*,#11739,.F.);
#11765=ORIENTED_EDGE('',*,*,#11225,.F.);
#11766=ORIENTED_EDGE('',*,*,#11469,.T.);
#11767=ORIENTED_EDGE('',*,*,#11185,.F.);
#11768=ORIENTED_EDGE('',*,*,#11261,.T.);
#11769=EDGE_LOOP('',(#11750,#11751,#11752,#11753,#11754,#11755,#11756,#11757,#11758,#11759,#11760,#11761,#11762,#11763,#11764,#11765,#11766,#11767,#11768));
#11770=FACE_OUTER_BOUND('',#11769,.T.);
#11771=ADVANCED_FACE('',(#11770),#11749,.F.);
#11772=CARTESIAN_POINT('',(130.200000159472010,-17.750000518918903,0.599999660486647));
#11773=DIRECTION('',(0.0,0.0,-1.0));
#11774=DIRECTION('',(1.0,0.0,0.0));
#11775=AXIS2_PLACEMENT_3D('',#11772,#11773,#11774);
#11776=CYLINDRICAL_SURFACE('',#11775,2.263852133044920);
#11777=CARTESIAN_POINT('',(132.463852292517000,-17.750000518918903,-9.600000339513350));
#11778=VERTEX_POINT('',#11777);
#11779=CARTESIAN_POINT('',(130.200000159472010,-17.750000518918903,-9.600000339513350));
#11780=DIRECTION('',(0.0,0.0,-1.0));
#11781=DIRECTION('',(1.0,0.0,0.0));
#11782=AXIS2_PLACEMENT_3D('',#11779,#11780,#11781);
#11783=CIRCLE('',#11782,2.263852133044910);
#11784=EDGE_CURVE('',#11778,#11778,#11783,.T.);
#11785=ORIENTED_EDGE('',*,*,#11784,.F.);
#11786=EDGE_LOOP('',(#11785));
#11787=FACE_OUTER_BOUND('',#11786,.T.);
#11788=CARTESIAN_POINT('',(132.463852292517000,-17.750000518918903,0.599999999999983));
#11789=VERTEX_POINT('',#11788);
#11790=CARTESIAN_POINT('',(130.200000159472010,-17.750000518918903,0.599999999999983));
#11791=DIRECTION('',(0.0,0.0,-1.0));
#11792=DIRECTION('',(1.0,0.0,0.0));
#11793=AXIS2_PLACEMENT_3D('',#11790,#11791,#11792);
#11794=CIRCLE('',#11793,2.263852133044920);
#11795=EDGE_CURVE('',#11789,#11789,#11794,.T.);
#11796=ORIENTED_EDGE('',*,*,#11795,.T.);
#11797=EDGE_LOOP('',(#11796));
#11798=FACE_BOUND('',#11797,.T.);
#11799=ADVANCED_FACE('',(#11787,#11798),#11776,.T.);
#11800=CARTESIAN_POINT('',(-1.799999999999991,130.749999660486990,-10.600000339513203));
#11801=DIRECTION('',(0.0,0.0,-1.0));
#11802=DIRECTION('',(-1.0,0.0,0.0));
#11803=AXIS2_PLACEMENT_3D('',#11800,#11801,#11802);
#11804=PLANE('',#11803);
#11805=CARTESIAN_POINT('',(131.463852292517000,-17.750000518918903,-10.600000339513402));
#11806=VERTEX_POINT('',#11805);
#11807=CARTESIAN_POINT('',(130.200000159472010,-17.750000518918903,-10.600000339513402));
#11808=DIRECTION('',(0.0,0.0,-1.0));
#11809=DIRECTION('',(1.0,0.0,0.0));
#11810=AXIS2_PLACEMENT_3D('',#11807,#11808,#11809);
#11811=CIRCLE('',#11810,1.263852133044910);
#11812=EDGE_CURVE('',#11806,#11806,#11811,.T.);
#11813=ORIENTED_EDGE('',*,*,#11812,.T.);
#11814=EDGE_LOOP('',(#11813));
#11815=FACE_OUTER_BOUND('',#11814,.T.);
#11816=ADVANCED_FACE('',(#11815),#11804,.T.);
#11817=CARTESIAN_POINT('',(98.249996539607011,-18.299999418916705,0.599999660486647));
#11818=DIRECTION('',(0.0,0.0,-1.0));
#11819=DIRECTION('',(1.0,0.0,0.0));
#11820=AXIS2_PLACEMENT_3D('',#11817,#11818,#11819);
#11821=CYLINDRICAL_SURFACE('',#11820,2.500000079990000);
#11822=CARTESIAN_POINT('',(100.749996619597010,-18.299999418916705,-9.600000339513350));
#11823=VERTEX_POINT('',#11822);
#11824=CARTESIAN_POINT('',(98.249996539607011,-18.299999418916705,-9.600000339513350));
#11825=DIRECTION('',(0.0,0.0,-1.0));
#11826=DIRECTION('',(1.0,0.0,0.0));
#11827=AXIS2_PLACEMENT_3D('',#11824,#11825,#11826);
#11828=CIRCLE('',#11827,2.500000079990000);
#11829=EDGE_CURVE('',#11823,#11823,#11828,.T.);
#11830=ORIENTED_EDGE('',*,*,#11829,.F.);
#11831=EDGE_LOOP('',(#11830));
#11832=FACE_OUTER_BOUND('',#11831,.T.);
#11833=CARTESIAN_POINT('',(100.749996619597010,-18.299999418916705,0.599999999999983));
#11834=VERTEX_POINT('',#11833);
#11835=CARTESIAN_POINT('',(98.249996539607011,-18.299999418916705,0.599999999999983));
#11836=DIRECTION('',(0.0,0.0,-1.0));
#11837=DIRECTION('',(1.0,0.0,0.0));
#11838=AXIS2_PLACEMENT_3D('',#11835,#11836,#11837);
#11839=CIRCLE('',#11838,2.500000079990000);
#11840=EDGE_CURVE('',#11834,#11834,#11839,.T.);
#11841=ORIENTED_EDGE('',*,*,#11840,.T.);
#11842=EDGE_LOOP('',(#11841));
#11843=FACE_BOUND('',#11842,.T.);
#11844=ADVANCED_FACE('',(#11832,#11843),#11821,.T.);
#11845=CARTESIAN_POINT('',(5.144506E-015,130.749999660486990,-10.600000339513203));
#11846=DIRECTION('',(0.0,0.0,-1.0));
#11847=DIRECTION('',(-1.0,0.0,0.0));
#11848=AXIS2_PLACEMENT_3D('',#11845,#11846,#11847);
#11849=PLANE('',#11848);
#11850=CARTESIAN_POINT('',(99.749996619596999,-18.299999418916705,-10.600000339513402));
#11851=VERTEX_POINT('',#11850);
#11852=CARTESIAN_POINT('',(98.249996539607011,-18.299999418916705,-10.600000339513402));
#11853=DIRECTION('',(0.0,0.0,-1.0));
#11854=DIRECTION('',(1.0,0.0,0.0));
#11855=AXIS2_PLACEMENT_3D('',#11852,#11853,#11854);
#11856=CIRCLE('',#11855,1.500000079990000);
#11857=EDGE_CURVE('',#11851,#11851,#11856,.T.);
#11858=ORIENTED_EDGE('',*,*,#11857,.T.);
#11859=EDGE_LOOP('',(#11858));
#11860=FACE_OUTER_BOUND('',#11859,.T.);
#11861=ADVANCED_FACE('',(#11860),#11849,.T.);
#11862=CARTESIAN_POINT('',(98.249996539607011,-18.299999418916705,-9.600000339513350));
#11863=DIRECTION('',(0.0,0.0,-1.0));
#11864=DIRECTION('',(-1.0,0.0,0.0));
#11865=AXIS2_PLACEMENT_3D('',#11862,#11863,#11864);
#11866=TOROIDAL_SURFACE('',#11865,1.500000079990000,1.0);
#11867=ORIENTED_EDGE('',*,*,#11857,.F.);
#11868=EDGE_LOOP('',(#11867));
#11869=FACE_OUTER_BOUND('',#11868,.T.);
#11870=ORIENTED_EDGE('',*,*,#11829,.T.);
#11871=EDGE_LOOP('',(#11870));
#11872=FACE_BOUND('',#11871,.T.);
#11873=ADVANCED_FACE('',(#11869,#11872),#11866,.T.);
#11874=CARTESIAN_POINT('',(130.200000159472010,-17.750000518918903,-9.600000339513350));
#11875=DIRECTION('',(0.0,0.0,-1.0));
#11876=DIRECTION('',(-1.0,0.0,0.0));
#11877=AXIS2_PLACEMENT_3D('',#11874,#11875,#11876);
#11878=TOROIDAL_SURFACE('',#11877,1.263852133044910,1.0);
#11879=ORIENTED_EDGE('',*,*,#11812,.F.);
#11880=EDGE_LOOP('',(#11879));
#11881=FACE_OUTER_BOUND('',#11880,.T.);
#11882=ORIENTED_EDGE('',*,*,#11784,.T.);
#11883=EDGE_LOOP('',(#11882));
#11884=FACE_BOUND('',#11883,.T.);
#11885=ADVANCED_FACE('',(#11881,#11884),#11878,.T.);
#11886=CARTESIAN_POINT('',(3.638409E-015,130.750000000000000,0.600000000000138));
#11887=DIRECTION('',(0.0,0.0,-1.0));
#11888=DIRECTION('',(-1.0,0.0,0.0));
#11889=AXIS2_PLACEMENT_3D('',#11886,#11887,#11888);
#11890=PLANE('',#11889);
#11891=ORIENTED_EDGE('',*,*,#11247,.F.);
#11892=ORIENTED_EDGE('',*,*,#11169,.F.);
#11893=ORIENTED_EDGE('',*,*,#11462,.F.);
#11894=ORIENTED_EDGE('',*,*,#11209,.F.);
#11895=ORIENTED_EDGE('',*,*,#11732,.F.);
#11896=ORIENTED_EDGE('',*,*,#11703,.F.);
#11897=ORIENTED_EDGE('',*,*,#11672,.F.);
#11898=ORIENTED_EDGE('',*,*,#11641,.F.);
#11899=ORIENTED_EDGE('',*,*,#11610,.F.);
#11900=ORIENTED_EDGE('',*,*,#11579,.F.);
#11901=ORIENTED_EDGE('',*,*,#11548,.F.);
#11902=ORIENTED_EDGE('',*,*,#11517,.F.);
#11903=ORIENTED_EDGE('',*,*,#11486,.F.);
#11904=ORIENTED_EDGE('',*,*,#11433,.F.);
#11905=ORIENTED_EDGE('',*,*,#11402,.F.);
#11906=ORIENTED_EDGE('',*,*,#11371,.F.);
#11907=ORIENTED_EDGE('',*,*,#11340,.F.);
#11908=ORIENTED_EDGE('',*,*,#11309,.F.);
#11909=ORIENTED_EDGE('',*,*,#11278,.F.);
#11910=EDGE_LOOP('',(#11891,#11892,#11893,#11894,#11895,#11896,#11897,#11898,#11899,#11900,#11901,#11902,#11903,#11904,#11905,#11906,#11907,#11908,#11909));
#11911=FACE_OUTER_BOUND('',#11910,.T.);
#11912=ORIENTED_EDGE('',*,*,#11795,.F.);
#11913=EDGE_LOOP('',(#11912));
#11914=FACE_BOUND('',#11913,.T.);
#11915=ORIENTED_EDGE('',*,*,#11840,.F.);
#11916=EDGE_LOOP('',(#11915));
#11917=FACE_BOUND('',#11916,.T.);
#11918=ADVANCED_FACE('',(#11911,#11914,#11917),#11890,.T.);
#11919=CLOSED_SHELL('',(#11195,#11235,#11266,#11297,#11328,#11359,#11390,#11421,#11452,#11474,#11505,#11536,#11567,#11598,#11629,#11660,#11691,#11722,#11744,#11771,#11799,#11816,#11844,#11861,#11873,#11885,#11918));
#11920=MANIFOLD_SOLID_BREP('232',#11919);
#11921=STYLED_ITEM('',(#10698,#2618),#11920);
#11922=OVER_RIDING_STYLED_ITEM('',(#10720),#11799,#11921);
#11923=OVER_RIDING_STYLED_ITEM('',(#10720),#11816,#11921);
#11924=OVER_RIDING_STYLED_ITEM('',(#10720),#11844,#11921);
#11925=OVER_RIDING_STYLED_ITEM('',(#10720),#11861,#11921);
#11926=OVER_RIDING_STYLED_ITEM('',(#10720),#11873,#11921);
#11927=OVER_RIDING_STYLED_ITEM('',(#10720),#11885,#11921);
#11928=MECHANICAL_DESIGN_GEOMETRIC_PRESENTATION_REPRESENTATION('',(#11921,#11922,#11923,#11924,#11925,#11926,#11927),#11155);
#11929=ADVANCED_BREP_SHAPE_REPRESENTATION('ABSR',(#11920),#11124);
#11930=SHAPE_REPRESENTATION_RELATIONSHIP('SRR','None',#11929,#11129);
#11931=AXIS2_PLACEMENT_3D('',#11932,#11933,#11934);
#11932=CARTESIAN_POINT('',(2.181782E-017,33.349992660487104,-5.499998660487040));
#11933=DIRECTION('',(0.0,-1.0,0.0));
#11934=DIRECTION('',(1.0,0.0,0.0));
#11935=NEXT_ASSEMBLY_USAGE_OCCURRENCE('232:1','232:1','232:1',#12,#11100,'232:1');
#11936=PRODUCT_DEFINITION_SHAPE('232:1','232:1',#11935);
#11937=ITEM_DEFINED_TRANSFORMATION('232:1','232:1',#11125,#11931);
#11941=(REPRESENTATION_RELATIONSHIP('232:1','232:1',#11129,#41)REPRESENTATION_RELATIONSHIP_WITH_TRANSFORMATION(#11937)SHAPE_REPRESENTATION_RELATIONSHIP());
#11942=CONTEXT_DEPENDENT_SHAPE_REPRESENTATION(#11941,#11936);
#11943=APPLICATION_CONTEXT('automotive design');
#11944=APPLICATION_PROTOCOL_DEFINITION('International Standard','automotive_design',2001,#11943);
#11945=PRODUCT_CONTEXT('',#11943,'mechanical');
#11946=PRODUCT('P110I','P110I',$,(#11945));
#11947=PRODUCT_RELATED_PRODUCT_CATEGORY('part',$,(#11946));
#11948=PRODUCT_DEFINITION_FORMATION('',$,#11946);
#11949=PRODUCT_DEFINITION_CONTEXT('part definition',#11943,'design');
#11950=PRODUCT_DEFINITION('',$,#11948,#11949);
#11956=(NAMED_UNIT(*)PLANE_ANGLE_UNIT()SI_UNIT($,.RADIAN.));
#11957=DIMENSIONAL_EXPONENTS(0.0,0.0,0.0,0.0,0.0,0.0,0.0);
#11958=PLANE_ANGLE_MEASURE_WITH_UNIT(PLANE_ANGLE_MEASURE(0.017453292500000),#11956);
#11962=(CONVERSION_BASED_UNIT('DEGREE',#11958)NAMED_UNIT(#11957)PLANE_ANGLE_UNIT());
#11966=(NAMED_UNIT(*)SI_UNIT($,.STERADIAN.)SOLID_ANGLE_UNIT());
#11970=(LENGTH_UNIT()NAMED_UNIT(*)SI_UNIT(.MILLI.,.METRE.));
#11972=UNCERTAINTY_MEASURE_WITH_UNIT(LENGTH_MEASURE(0.010000000000000),#11970,'DISTANCE_ACCURACY_VALUE','');
#11974=(GEOMETRIC_REPRESENTATION_CONTEXT(3)GLOBAL_UNCERTAINTY_ASSIGNED_CONTEXT((#11972))GLOBAL_UNIT_ASSIGNED_CONTEXT((#11962,#11966,#11970))REPRESENTATION_CONTEXT('None','None'));
#11975=AXIS2_PLACEMENT_3D('',#11976,#11977,#11978);
#11976=CARTESIAN_POINT('',(0.0,0.0,0.0));
#11977=DIRECTION('',(0.0,0.0,1.0));
#11978=DIRECTION('',(1.0,0.0,0.0));
#11979=SHAPE_REPRESENTATION('',(#11975,#14454,#14874,#14886),#11974);
#11980=PRODUCT_DEFINITION_SHAPE('','',#11950);
#11981=SHAPE_DEFINITION_REPRESENTATION(#11980,#11979);
#11987=(NAMED_UNIT(*)PLANE_ANGLE_UNIT()SI_UNIT($,.RADIAN.));
#11988=DIMENSIONAL_EXPONENTS(0.0,0.0,0.0,0.0,0.0,0.0,0.0);
#11989=PLANE_ANGLE_MEASURE_WITH_UNIT(PLANE_ANGLE_MEASURE(0.017453292500000),#11987);
#11993=(CONVERSION_BASED_UNIT('DEGREE',#11989)NAMED_UNIT(#11988)PLANE_ANGLE_UNIT());
#11997=(NAMED_UNIT(*)SI_UNIT($,.STERADIAN.)SOLID_ANGLE_UNIT());
#12001=(LENGTH_UNIT()NAMED_UNIT(*)SI_UNIT(.MILLI.,.METRE.));
#12003=UNCERTAINTY_MEASURE_WITH_UNIT(LENGTH_MEASURE(0.000001000000000),#12001,'DISTANCE_ACCURACY_VALUE','');
#12005=(GEOMETRIC_REPRESENTATION_CONTEXT(3)GLOBAL_UNCERTAINTY_ASSIGNED_CONTEXT((#12003))GLOBAL_UNIT_ASSIGNED_CONTEXT((#11993,#11997,#12001))REPRESENTATION_CONTEXT('','3D'));
#12006=CARTESIAN_POINT('',(36.693559377410601,50.624991627597140,1.550000000000010));
#12007=DIRECTION('',(0.0,1.0,0.0));
#12008=VECTOR('',#12007,1.0);
#12009=LINE('',#12006,#12008);
#12010=CARTESIAN_POINT('',(36.693559377410601,51.624991627597140,1.550000000000010));
#12011=TRIMMED_CURVE('',#12009,(PARAMETER_VALUE(0.0),#12006),(PARAMETER_VALUE(1.0),#12010),.T.,.PARAMETER.);
#12012=STYLED_ITEM('',(#10720),#12011);
#12013=MECHANICAL_DESIGN_GEOMETRIC_PRESENTATION_REPRESENTATION('',(#12012),#12005);
#12014=GEOMETRIC_SET('GEOSET',(#12011,#12046,#12078,#12110,#12142,#12174,#12206,#12238,#12270,#12302,#12334,#12366,#12398,#12430,#12462,#12494,#12526,#12558,#12590,#12622,#12654,#12686,#12718,#12750,#12782,#12814,#12846,#12878,#12910,#12942,#12974,#13006,#13038,#13070,#13102,#13132,#13162,#13192,#13222,#13252,#13282,#13312));
#12015=GEOMETRICALLY_BOUNDED_SURFACE_SHAPE_REPRESENTATION('GBSSR',(#12014),#11974);
#12016=SHAPE_REPRESENTATION_RELATIONSHIP('SRR','None',#12015,#11979);
#12022=(NAMED_UNIT(*)PLANE_ANGLE_UNIT()SI_UNIT($,.RADIAN.));
#12023=DIMENSIONAL_EXPONENTS(0.0,0.0,0.0,0.0,0.0,0.0,0.0);
#12024=PLANE_ANGLE_MEASURE_WITH_UNIT(PLANE_ANGLE_MEASURE(0.017453292500000),#12022);
#12028=(CONVERSION_BASED_UNIT('DEGREE',#12024)NAMED_UNIT(#12023)PLANE_ANGLE_UNIT());
#12032=(NAMED_UNIT(*)SI_UNIT($,.STERADIAN.)SOLID_ANGLE_UNIT());
#12036=(LENGTH_UNIT()NAMED_UNIT(*)SI_UNIT(.MILLI.,.METRE.));
#12038=UNCERTAINTY_MEASURE_WITH_UNIT(LENGTH_MEASURE(0.000001000000000),#12036,'DISTANCE_ACCURACY_VALUE','');
#12040=(GEOMETRIC_REPRESENTATION_CONTEXT(3)GLOBAL_UNCERTAINTY_ASSIGNED_CONTEXT((#12038))GLOBAL_UNIT_ASSIGNED_CONTEXT((#12028,#12032,#12036))REPRESENTATION_CONTEXT('','3D'));
#12041=CARTESIAN_POINT('',(29.127029377410501,49.849991627597127,1.550000000000010));
#12042=DIRECTION('',(1.0,0.0,0.0));
#12043=VECTOR('',#12042,0.699999999999999);
#12044=LINE('',#12041,#12043);
#12045=CARTESIAN_POINT('',(29.827029377410501,49.849991627597127,1.550000000000010));
#12046=TRIMMED_CURVE('',#12044,(PARAMETER_VALUE(0.0),#12041),(PARAMETER_VALUE(1.0),#12045),.T.,.PARAMETER.);
#12047=STYLED_ITEM('',(#10720),#12046);
#12048=MECHANICAL_DESIGN_GEOMETRIC_PRESENTATION_REPRESENTATION('',(#12047),#12040);
#12054=(NAMED_UNIT(*)PLANE_ANGLE_UNIT()SI_UNIT($,.RADIAN.));
#12055=DIMENSIONAL_EXPONENTS(0.0,0.0,0.0,0.0,0.0,0.0,0.0);
#12056=PLANE_ANGLE_MEASURE_WITH_UNIT(PLANE_ANGLE_MEASURE(0.017453292500000),#12054);
#12060=(CONVERSION_BASED_UNIT('DEGREE',#12056)NAMED_UNIT(#12055)PLANE_ANGLE_UNIT());
#12064=(NAMED_UNIT(*)SI_UNIT($,.STERADIAN.)SOLID_ANGLE_UNIT());
#12068=(LENGTH_UNIT()NAMED_UNIT(*)SI_UNIT(.MILLI.,.METRE.));
#12070=UNCERTAINTY_MEASURE_WITH_UNIT(LENGTH_MEASURE(0.000001000000000),#12068,'DISTANCE_ACCURACY_VALUE','');
#12072=(GEOMETRIC_REPRESENTATION_CONTEXT(3)GLOBAL_UNCERTAINTY_ASSIGNED_CONTEXT((#12070))GLOBAL_UNIT_ASSIGNED_CONTEXT((#12060,#12064,#12068))REPRESENTATION_CONTEXT('','3D'));
#12073=CARTESIAN_POINT('',(30.827029377410501,49.849991627597127,1.550000000000010));
#12074=DIRECTION('',(-1.0,0.0,0.0));
#12075=VECTOR('',#12074,1.0);
#12076=LINE('',#12073,#12075);
#12077=CARTESIAN_POINT('',(29.827029377410501,49.849991627597127,1.550000000000010));
#12078=TRIMMED_CURVE('',#12076,(PARAMETER_VALUE(0.0),#12073),(PARAMETER_VALUE(1.0),#12077),.T.,.PARAMETER.);
#12079=STYLED_ITEM('',(#10720),#12078);
#12080=MECHANICAL_DESIGN_GEOMETRIC_PRESENTATION_REPRESENTATION('',(#12079),#12072);
#12086=(NAMED_UNIT(*)PLANE_ANGLE_UNIT()SI_UNIT($,.RADIAN.));
#12087=DIMENSIONAL_EXPONENTS(0.0,0.0,0.0,0.0,0.0,0.0,0.0);
#12088=PLANE_ANGLE_MEASURE_WITH_UNIT(PLANE_ANGLE_MEASURE(0.017453292500000),#12086);
#12092=(CONVERSION_BASED_UNIT('DEGREE',#12088)NAMED_UNIT(#12087)PLANE_ANGLE_UNIT());
#12096=(NAMED_UNIT(*)SI_UNIT($,.STERADIAN.)SOLID_ANGLE_UNIT());
#12100=(LENGTH_UNIT()NAMED_UNIT(*)SI_UNIT(.MILLI.,.METRE.));
#12102=UNCERTAINTY_MEASURE_WITH_UNIT(LENGTH_MEASURE(0.000001000000000),#12100,'DISTANCE_ACCURACY_VALUE','');
#12104=(GEOMETRIC_REPRESENTATION_CONTEXT(3)GLOBAL_UNCERTAINTY_ASSIGNED_CONTEXT((#12102))GLOBAL_UNIT_ASSIGNED_CONTEXT((#12092,#12096,#12100))REPRESENTATION_CONTEXT('','3D'));
#12105=CARTESIAN_POINT('',(34.927029377410499,49.849991627597127,1.550000000000010));
#12106=DIRECTION('',(-1.0,0.0,0.0));
#12107=VECTOR('',#12106,4.100000000000001);
#12108=LINE('',#12105,#12107);
#12109=CARTESIAN_POINT('',(30.827029377410497,49.849991627597127,1.550000000000010));
#12110=TRIMMED_CURVE('',#12108,(PARAMETER_VALUE(0.0),#12105),(PARAMETER_VALUE(1.0),#12109),.T.,.PARAMETER.);
#12111=STYLED_ITEM('',(#10720),#12110);
#12112=MECHANICAL_DESIGN_GEOMETRIC_PRESENTATION_REPRESENTATION('',(#12111),#12104);
#12118=(NAMED_UNIT(*)PLANE_ANGLE_UNIT()SI_UNIT($,.RADIAN.));
#12119=DIMENSIONAL_EXPONENTS(0.0,0.0,0.0,0.0,0.0,0.0,0.0);
#12120=PLANE_ANGLE_MEASURE_WITH_UNIT(PLANE_ANGLE_MEASURE(0.017453292500000),#12118);
#12124=(CONVERSION_BASED_UNIT('DEGREE',#12120)NAMED_UNIT(#12119)PLANE_ANGLE_UNIT());
#12128=(NAMED_UNIT(*)SI_UNIT($,.STERADIAN.)SOLID_ANGLE_UNIT());
#12132=(LENGTH_UNIT()NAMED_UNIT(*)SI_UNIT(.MILLI.,.METRE.));
#12134=UNCERTAINTY_MEASURE_WITH_UNIT(LENGTH_MEASURE(0.000001000000000),#12132,'DISTANCE_ACCURACY_VALUE','');
#12136=(GEOMETRIC_REPRESENTATION_CONTEXT(3)GLOBAL_UNCERTAINTY_ASSIGNED_CONTEXT((#12134))GLOBAL_UNIT_ASSIGNED_CONTEXT((#12124,#12128,#12132))REPRESENTATION_CONTEXT('','3D'));
#12137=CARTESIAN_POINT('',(35.993559377410605,49.849991627597127,1.550000000000010));
#12138=DIRECTION('',(-1.0,0.0,0.0));
#12139=VECTOR('',#12138,1.066530000000100);
#12140=LINE('',#12137,#12139);
#12141=CARTESIAN_POINT('',(34.927029377410506,49.849991627597127,1.550000000000010));
#12142=TRIMMED_CURVE('',#12140,(PARAMETER_VALUE(0.0),#12137),(PARAMETER_VALUE(1.0),#12141),.T.,.PARAMETER.);
#12143=STYLED_ITEM('',(#10720),#12142);
#12144=MECHANICAL_DESIGN_GEOMETRIC_PRESENTATION_REPRESENTATION('',(#12143),#12136);
#12150=(NAMED_UNIT(*)PLANE_ANGLE_UNIT()SI_UNIT($,.RADIAN.));
#12151=DIMENSIONAL_EXPONENTS(0.0,0.0,0.0,0.0,0.0,0.0,0.0);
#12152=PLANE_ANGLE_MEASURE_WITH_UNIT(PLANE_ANGLE_MEASURE(0.017453292500000),#12150);
#12156=(CONVERSION_BASED_UNIT('DEGREE',#12152)NAMED_UNIT(#12151)PLANE_ANGLE_UNIT());
#12160=(NAMED_UNIT(*)SI_UNIT($,.STERADIAN.)SOLID_ANGLE_UNIT());
#12164=(LENGTH_UNIT()NAMED_UNIT(*)SI_UNIT(.MILLI.,.METRE.));
#12166=UNCERTAINTY_MEASURE_WITH_UNIT(LENGTH_MEASURE(0.000001000000000),#12164,'DISTANCE_ACCURACY_VALUE','');
#12168=(GEOMETRIC_REPRESENTATION_CONTEXT(3)GLOBAL_UNCERTAINTY_ASSIGNED_CONTEXT((#12166))GLOBAL_UNIT_ASSIGNED_CONTEXT((#12156,#12160,#12164))REPRESENTATION_CONTEXT('','3D'));
#12169=CARTESIAN_POINT('',(34.927029377410499,50.624991627597140,1.550000000000010));
#12170=DIRECTION('',(0.0,-1.0,0.0));
#12171=VECTOR('',#12170,0.775000000000013);
#12172=LINE('',#12169,#12171);
#12173=CARTESIAN_POINT('',(34.927029377410499,49.849991627597127,1.550000000000010));
#12174=TRIMMED_CURVE('',#12172,(PARAMETER_VALUE(0.0),#12169),(PARAMETER_VALUE(1.0),#12173),.T.,.PARAMETER.);
#12175=STYLED_ITEM('',(#10720),#12174);
#12176=MECHANICAL_DESIGN_GEOMETRIC_PRESENTATION_REPRESENTATION('',(#12175),#12168);
#12182=(NAMED_UNIT(*)PLANE_ANGLE_UNIT()SI_UNIT($,.RADIAN.));
#12183=DIMENSIONAL_EXPONENTS(0.0,0.0,0.0,0.0,0.0,0.0,0.0);
#12184=PLANE_ANGLE_MEASURE_WITH_UNIT(PLANE_ANGLE_MEASURE(0.017453292500000),#12182);
#12188=(CONVERSION_BASED_UNIT('DEGREE',#12184)NAMED_UNIT(#12183)PLANE_ANGLE_UNIT());
#12192=(NAMED_UNIT(*)SI_UNIT($,.STERADIAN.)SOLID_ANGLE_UNIT());
#12196=(LENGTH_UNIT()NAMED_UNIT(*)SI_UNIT(.MILLI.,.METRE.));
#12198=UNCERTAINTY_MEASURE_WITH_UNIT(LENGTH_MEASURE(0.000001000000000),#12196,'DISTANCE_ACCURACY_VALUE','');
#12200=(GEOMETRIC_REPRESENTATION_CONTEXT(3)GLOBAL_UNCERTAINTY_ASSIGNED_CONTEXT((#12198))GLOBAL_UNIT_ASSIGNED_CONTEXT((#12188,#12192,#12196))REPRESENTATION_CONTEXT('','3D'));
#12201=CARTESIAN_POINT('',(36.693559377410601,49.849991627597127,1.550000000000010));
#12202=DIRECTION('',(-1.0,0.0,0.0));
#12203=VECTOR('',#12202,0.699999999999996);
#12204=LINE('',#12201,#12203);
#12205=CARTESIAN_POINT('',(35.993559377410605,49.849991627597127,1.550000000000010));
#12206=TRIMMED_CURVE('',#12204,(PARAMETER_VALUE(0.0),#12201),(PARAMETER_VALUE(1.0),#12205),.T.,.PARAMETER.);
#12207=STYLED_ITEM('',(#10720),#12206);
#12208=MECHANICAL_DESIGN_GEOMETRIC_PRESENTATION_REPRESENTATION('',(#12207),#12200);
#12214=(NAMED_UNIT(*)PLANE_ANGLE_UNIT()SI_UNIT($,.RADIAN.));
#12215=DIMENSIONAL_EXPONENTS(0.0,0.0,0.0,0.0,0.0,0.0,0.0);
#12216=PLANE_ANGLE_MEASURE_WITH_UNIT(PLANE_ANGLE_MEASURE(0.017453292500000),#12214);
#12220=(CONVERSION_BASED_UNIT('DEGREE',#12216)NAMED_UNIT(#12215)PLANE_ANGLE_UNIT());
#12224=(NAMED_UNIT(*)SI_UNIT($,.STERADIAN.)SOLID_ANGLE_UNIT());
#12228=(LENGTH_UNIT()NAMED_UNIT(*)SI_UNIT(.MILLI.,.METRE.));
#12230=UNCERTAINTY_MEASURE_WITH_UNIT(LENGTH_MEASURE(0.000001000000000),#12228,'DISTANCE_ACCURACY_VALUE','');
#12232=(GEOMETRIC_REPRESENTATION_CONTEXT(3)GLOBAL_UNCERTAINTY_ASSIGNED_CONTEXT((#12230))GLOBAL_UNIT_ASSIGNED_CONTEXT((#12220,#12224,#12228))REPRESENTATION_CONTEXT('','3D'));
#12233=CARTESIAN_POINT('',(29.127029377410501,51.624991627597140,1.550000000000010));
#12234=DIRECTION('',(0.0,1.0,0.0));
#12235=VECTOR('',#12234,3.275000000000091);
#12236=LINE('',#12233,#12235);
#12237=CARTESIAN_POINT('',(29.127029377410501,54.899991627597231,1.550000000000010));
#12238=TRIMMED_CURVE('',#12236,(PARAMETER_VALUE(0.0),#12233),(PARAMETER_VALUE(1.0),#12237),.T.,.PARAMETER.);
#12239=STYLED_ITEM('',(#10720),#12238);
#12240=MECHANICAL_DESIGN_GEOMETRIC_PRESENTATION_REPRESENTATION('',(#12239),#12232);
#12246=(NAMED_UNIT(*)PLANE_ANGLE_UNIT()SI_UNIT($,.RADIAN.));
#12247=DIMENSIONAL_EXPONENTS(0.0,0.0,0.0,0.0,0.0,0.0,0.0);
#12248=PLANE_ANGLE_MEASURE_WITH_UNIT(PLANE_ANGLE_MEASURE(0.017453292500000),#12246);
#12252=(CONVERSION_BASED_UNIT('DEGREE',#12248)NAMED_UNIT(#12247)PLANE_ANGLE_UNIT());
#12256=(NAMED_UNIT(*)SI_UNIT($,.STERADIAN.)SOLID_ANGLE_UNIT());
#12260=(LENGTH_UNIT()NAMED_UNIT(*)SI_UNIT(.MILLI.,.METRE.));
#12262=UNCERTAINTY_MEASURE_WITH_UNIT(LENGTH_MEASURE(0.000001000000000),#12260,'DISTANCE_ACCURACY_VALUE','');
#12264=(GEOMETRIC_REPRESENTATION_CONTEXT(3)GLOBAL_UNCERTAINTY_ASSIGNED_CONTEXT((#12262))GLOBAL_UNIT_ASSIGNED_CONTEXT((#12252,#12256,#12260))REPRESENTATION_CONTEXT('','3D'));
#12265=CARTESIAN_POINT('',(29.127029377410501,50.624991627597140,1.550000000000010));
#12266=DIRECTION('',(0.0,1.0,0.0));
#12267=VECTOR('',#12266,1.0);
#12268=LINE('',#12265,#12267);
#12269=CARTESIAN_POINT('',(29.127029377410501,51.624991627597140,1.550000000000010));
#12270=TRIMMED_CURVE('',#12268,(PARAMETER_VALUE(0.0),#12265),(PARAMETER_VALUE(1.0),#12269),.T.,.PARAMETER.);
#12271=STYLED_ITEM('',(#10720),#12270);
#12272=MECHANICAL_DESIGN_GEOMETRIC_PRESENTATION_REPRESENTATION('',(#12271),#12264);
#12278=(NAMED_UNIT(*)PLANE_ANGLE_UNIT()SI_UNIT($,.RADIAN.));
#12279=DIMENSIONAL_EXPONENTS(0.0,0.0,0.0,0.0,0.0,0.0,0.0);
#12280=PLANE_ANGLE_MEASURE_WITH_UNIT(PLANE_ANGLE_MEASURE(0.017453292500000),#12278);
#12284=(CONVERSION_BASED_UNIT('DEGREE',#12280)NAMED_UNIT(#12279)PLANE_ANGLE_UNIT());
#12288=(NAMED_UNIT(*)SI_UNIT($,.STERADIAN.)SOLID_ANGLE_UNIT());
#12292=(LENGTH_UNIT()NAMED_UNIT(*)SI_UNIT(.MILLI.,.METRE.));
#12294=UNCERTAINTY_MEASURE_WITH_UNIT(LENGTH_MEASURE(0.000001000000000),#12292,'DISTANCE_ACCURACY_VALUE','');
#12296=(GEOMETRIC_REPRESENTATION_CONTEXT(3)GLOBAL_UNCERTAINTY_ASSIGNED_CONTEXT((#12294))GLOBAL_UNIT_ASSIGNED_CONTEXT((#12284,#12288,#12292))REPRESENTATION_CONTEXT('','3D'));
#12297=CARTESIAN_POINT('',(35.993559377410605,51.624991627597140,1.550000000000010));
#12298=DIRECTION('',(-1.0,0.0,0.0));
#12299=VECTOR('',#12298,0.075000000000010);
#12300=LINE('',#12297,#12299);
#12301=CARTESIAN_POINT('',(35.918559377410595,51.624991627597140,1.550000000000010));
#12302=TRIMMED_CURVE('',#12300,(PARAMETER_VALUE(0.0),#12297),(PARAMETER_VALUE(1.0),#12301),.T.,.PARAMETER.);
#12303=STYLED_ITEM('',(#10720),#12302);
#12304=MECHANICAL_DESIGN_GEOMETRIC_PRESENTATION_REPRESENTATION('',(#12303),#12296);
#12310=(NAMED_UNIT(*)PLANE_ANGLE_UNIT()SI_UNIT($,.RADIAN.));
#12311=DIMENSIONAL_EXPONENTS(0.0,0.0,0.0,0.0,0.0,0.0,0.0);
#12312=PLANE_ANGLE_MEASURE_WITH_UNIT(PLANE_ANGLE_MEASURE(0.017453292500000),#12310);
#12316=(CONVERSION_BASED_UNIT('DEGREE',#12312)NAMED_UNIT(#12311)PLANE_ANGLE_UNIT());
#12320=(NAMED_UNIT(*)SI_UNIT($,.STERADIAN.)SOLID_ANGLE_UNIT());
#12324=(LENGTH_UNIT()NAMED_UNIT(*)SI_UNIT(.MILLI.,.METRE.));
#12326=UNCERTAINTY_MEASURE_WITH_UNIT(LENGTH_MEASURE(0.000001000000000),#12324,'DISTANCE_ACCURACY_VALUE','');
#12328=(GEOMETRIC_REPRESENTATION_CONTEXT(3)GLOBAL_UNCERTAINTY_ASSIGNED_CONTEXT((#12326))GLOBAL_UNIT_ASSIGNED_CONTEXT((#12316,#12320,#12324))REPRESENTATION_CONTEXT('','3D'));
#12329=CARTESIAN_POINT('',(29.127029377410501,49.849991627597127,1.550000000000010));
#12330=DIRECTION('',(0.0,1.0,0.0));
#12331=VECTOR('',#12330,0.775000000000013);
#12332=LINE('',#12329,#12331);
#12333=CARTESIAN_POINT('',(29.127029377410501,50.624991627597140,1.550000000000010));
#12334=TRIMMED_CURVE('',#12332,(PARAMETER_VALUE(0.0),#12329),(PARAMETER_VALUE(1.0),#12333),.T.,.PARAMETER.);
#12335=STYLED_ITEM('',(#10720),#12334);
#12336=MECHANICAL_DESIGN_GEOMETRIC_PRESENTATION_REPRESENTATION('',(#12335),#12328);
#12342=(NAMED_UNIT(*)PLANE_ANGLE_UNIT()SI_UNIT($,.RADIAN.));
#12343=DIMENSIONAL_EXPONENTS(0.0,0.0,0.0,0.0,0.0,0.0,0.0);
#12344=PLANE_ANGLE_MEASURE_WITH_UNIT(PLANE_ANGLE_MEASURE(0.017453292500000),#12342);
#12348=(CONVERSION_BASED_UNIT('DEGREE',#12344)NAMED_UNIT(#12343)PLANE_ANGLE_UNIT());
#12352=(NAMED_UNIT(*)SI_UNIT($,.STERADIAN.)SOLID_ANGLE_UNIT());
#12356=(LENGTH_UNIT()NAMED_UNIT(*)SI_UNIT(.MILLI.,.METRE.));
#12358=UNCERTAINTY_MEASURE_WITH_UNIT(LENGTH_MEASURE(0.000001000000000),#12356,'DISTANCE_ACCURACY_VALUE','');
#12360=(GEOMETRIC_REPRESENTATION_CONTEXT(3)GLOBAL_UNCERTAINTY_ASSIGNED_CONTEXT((#12358))GLOBAL_UNIT_ASSIGNED_CONTEXT((#12348,#12352,#12356))REPRESENTATION_CONTEXT('','3D'));
#12361=CARTESIAN_POINT('',(30.827029377410501,49.849991627597127,1.550000000000010));
#12362=DIRECTION('',(0.0,1.0,0.0));
#12363=VECTOR('',#12362,0.775000000000013);
#12364=LINE('',#12361,#12363);
#12365=CARTESIAN_POINT('',(30.827029377410501,50.624991627597140,1.550000000000010));
#12366=TRIMMED_CURVE('',#12364,(PARAMETER_VALUE(0.0),#12361),(PARAMETER_VALUE(1.0),#12365),.T.,.PARAMETER.);
#12367=STYLED_ITEM('',(#10720),#12366);
#12368=MECHANICAL_DESIGN_GEOMETRIC_PRESENTATION_REPRESENTATION('',(#12367),#12360);
#12374=(NAMED_UNIT(*)PLANE_ANGLE_UNIT()SI_UNIT($,.RADIAN.));
#12375=DIMENSIONAL_EXPONENTS(0.0,0.0,0.0,0.0,0.0,0.0,0.0);
#12376=PLANE_ANGLE_MEASURE_WITH_UNIT(PLANE_ANGLE_MEASURE(0.017453292500000),#12374);
#12380=(CONVERSION_BASED_UNIT('DEGREE',#12376)NAMED_UNIT(#12375)PLANE_ANGLE_UNIT());
#12384=(NAMED_UNIT(*)SI_UNIT($,.STERADIAN.)SOLID_ANGLE_UNIT());
#12388=(LENGTH_UNIT()NAMED_UNIT(*)SI_UNIT(.MILLI.,.METRE.));
#12390=UNCERTAINTY_MEASURE_WITH_UNIT(LENGTH_MEASURE(0.000001000000000),#12388,'DISTANCE_ACCURACY_VALUE','');
#12392=(GEOMETRIC_REPRESENTATION_CONTEXT(3)GLOBAL_UNCERTAINTY_ASSIGNED_CONTEXT((#12390))GLOBAL_UNIT_ASSIGNED_CONTEXT((#12380,#12384,#12388))REPRESENTATION_CONTEXT('','3D'));
#12393=CARTESIAN_POINT('',(35.993559377410605,50.624991627597140,1.550000000000010));
#12394=DIRECTION('',(-1.0,0.0,0.0));
#12395=VECTOR('',#12394,1.066530000000100);
#12396=LINE('',#12393,#12395);
#12397=CARTESIAN_POINT('',(34.927029377410506,50.624991627597140,1.550000000000010));
#12398=TRIMMED_CURVE('',#12396,(PARAMETER_VALUE(0.0),#12393),(PARAMETER_VALUE(1.0),#12397),.T.,.PARAMETER.);
#12399=STYLED_ITEM('',(#10720),#12398);
#12400=MECHANICAL_DESIGN_GEOMETRIC_PRESENTATION_REPRESENTATION('',(#12399),#12392);
#12406=(NAMED_UNIT(*)PLANE_ANGLE_UNIT()SI_UNIT($,.RADIAN.));
#12407=DIMENSIONAL_EXPONENTS(0.0,0.0,0.0,0.0,0.0,0.0,0.0);
#12408=PLANE_ANGLE_MEASURE_WITH_UNIT(PLANE_ANGLE_MEASURE(0.017453292500000),#12406);
#12412=(CONVERSION_BASED_UNIT('DEGREE',#12408)NAMED_UNIT(#12407)PLANE_ANGLE_UNIT());
#12416=(NAMED_UNIT(*)SI_UNIT($,.STERADIAN.)SOLID_ANGLE_UNIT());
#12420=(LENGTH_UNIT()NAMED_UNIT(*)SI_UNIT(.MILLI.,.METRE.));
#12422=UNCERTAINTY_MEASURE_WITH_UNIT(LENGTH_MEASURE(0.000001000000000),#12420,'DISTANCE_ACCURACY_VALUE','');
#12424=(GEOMETRIC_REPRESENTATION_CONTEXT(3)GLOBAL_UNCERTAINTY_ASSIGNED_CONTEXT((#12422))GLOBAL_UNIT_ASSIGNED_CONTEXT((#12412,#12416,#12420))REPRESENTATION_CONTEXT('','3D'));
#12425=CARTESIAN_POINT('',(34.927029377410499,50.624991627597140,1.550000000000010));
#12426=DIRECTION('',(-1.0,0.0,0.0));
#12427=VECTOR('',#12426,4.100000000000001);
#12428=LINE('',#12425,#12427);
#12429=CARTESIAN_POINT('',(30.827029377410497,50.624991627597140,1.550000000000010));
#12430=TRIMMED_CURVE('',#12428,(PARAMETER_VALUE(0.0),#12425),(PARAMETER_VALUE(1.0),#12429),.T.,.PARAMETER.);
#12431=STYLED_ITEM('',(#10720),#12430);
#12432=MECHANICAL_DESIGN_GEOMETRIC_PRESENTATION_REPRESENTATION('',(#12431),#12424);
#12438=(NAMED_UNIT(*)PLANE_ANGLE_UNIT()SI_UNIT($,.RADIAN.));
#12439=DIMENSIONAL_EXPONENTS(0.0,0.0,0.0,0.0,0.0,0.0,0.0);
#12440=PLANE_ANGLE_MEASURE_WITH_UNIT(PLANE_ANGLE_MEASURE(0.017453292500000),#12438);
#12444=(CONVERSION_BASED_UNIT('DEGREE',#12440)NAMED_UNIT(#12439)PLANE_ANGLE_UNIT());
#12448=(NAMED_UNIT(*)SI_UNIT($,.STERADIAN.)SOLID_ANGLE_UNIT());
#12452=(LENGTH_UNIT()NAMED_UNIT(*)SI_UNIT(.MILLI.,.METRE.));
#12454=UNCERTAINTY_MEASURE_WITH_UNIT(LENGTH_MEASURE(0.000001000000000),#12452,'DISTANCE_ACCURACY_VALUE','');
#12456=(GEOMETRIC_REPRESENTATION_CONTEXT(3)GLOBAL_UNCERTAINTY_ASSIGNED_CONTEXT((#12454))GLOBAL_UNIT_ASSIGNED_CONTEXT((#12444,#12448,#12452))REPRESENTATION_CONTEXT('','3D'));
#12457=CARTESIAN_POINT('',(29.127029377410501,50.624991627597140,1.550000000000010));
#12458=DIRECTION('',(1.0,0.0,0.0));
#12459=VECTOR('',#12458,0.699999999999999);
#12460=LINE('',#12457,#12459);
#12461=CARTESIAN_POINT('',(29.827029377410501,50.624991627597140,1.550000000000010));
#12462=TRIMMED_CURVE('',#12460,(PARAMETER_VALUE(0.0),#12457),(PARAMETER_VALUE(1.0),#12461),.T.,.PARAMETER.);
#12463=STYLED_ITEM('',(#10720),#12462);
#12464=MECHANICAL_DESIGN_GEOMETRIC_PRESENTATION_REPRESENTATION('',(#12463),#12456);
#12470=(NAMED_UNIT(*)PLANE_ANGLE_UNIT()SI_UNIT($,.RADIAN.));
#12471=DIMENSIONAL_EXPONENTS(0.0,0.0,0.0,0.0,0.0,0.0,0.0);
#12472=PLANE_ANGLE_MEASURE_WITH_UNIT(PLANE_ANGLE_MEASURE(0.017453292500000),#12470);
#12476=(CONVERSION_BASED_UNIT('DEGREE',#12472)NAMED_UNIT(#12471)PLANE_ANGLE_UNIT());
#12480=(NAMED_UNIT(*)SI_UNIT($,.STERADIAN.)SOLID_ANGLE_UNIT());
#12484=(LENGTH_UNIT()NAMED_UNIT(*)SI_UNIT(.MILLI.,.METRE.));
#12486=UNCERTAINTY_MEASURE_WITH_UNIT(LENGTH_MEASURE(0.000001000000000),#12484,'DISTANCE_ACCURACY_VALUE','');
#12488=(GEOMETRIC_REPRESENTATION_CONTEXT(3)GLOBAL_UNCERTAINTY_ASSIGNED_CONTEXT((#12486))GLOBAL_UNIT_ASSIGNED_CONTEXT((#12476,#12480,#12484))REPRESENTATION_CONTEXT('','3D'));
#12489=CARTESIAN_POINT('',(35.993559377410605,50.624991627597140,1.550000000000010));
#12490=DIRECTION('',(0.0,-1.0,0.0));
#12491=VECTOR('',#12490,0.775000000000013);
#12492=LINE('',#12489,#12491);
#12493=CARTESIAN_POINT('',(35.993559377410605,49.849991627597127,1.550000000000010));
#12494=TRIMMED_CURVE('',#12492,(PARAMETER_VALUE(0.0),#12489),(PARAMETER_VALUE(1.0),#12493),.T.,.PARAMETER.);
#12495=STYLED_ITEM('',(#10720),#12494);
#12496=MECHANICAL_DESIGN_GEOMETRIC_PRESENTATION_REPRESENTATION('',(#12495),#12488);
#12502=(NAMED_UNIT(*)PLANE_ANGLE_UNIT()SI_UNIT($,.RADIAN.));
#12503=DIMENSIONAL_EXPONENTS(0.0,0.0,0.0,0.0,0.0,0.0,0.0);
#12504=PLANE_ANGLE_MEASURE_WITH_UNIT(PLANE_ANGLE_MEASURE(0.017453292500000),#12502);
#12508=(CONVERSION_BASED_UNIT('DEGREE',#12504)NAMED_UNIT(#12503)PLANE_ANGLE_UNIT());
#12512=(NAMED_UNIT(*)SI_UNIT($,.STERADIAN.)SOLID_ANGLE_UNIT());
#12516=(LENGTH_UNIT()NAMED_UNIT(*)SI_UNIT(.MILLI.,.METRE.));
#12518=UNCERTAINTY_MEASURE_WITH_UNIT(LENGTH_MEASURE(0.000001000000000),#12516,'DISTANCE_ACCURACY_VALUE','');
#12520=(GEOMETRIC_REPRESENTATION_CONTEXT(3)GLOBAL_UNCERTAINTY_ASSIGNED_CONTEXT((#12518))GLOBAL_UNIT_ASSIGNED_CONTEXT((#12508,#12512,#12516))REPRESENTATION_CONTEXT('','3D'));
#12521=CARTESIAN_POINT('',(36.693559377410601,50.624991627597140,1.550000000000010));
#12522=DIRECTION('',(-1.0,0.0,0.0));
#12523=VECTOR('',#12522,0.699999999999996);
#12524=LINE('',#12521,#12523);
#12525=CARTESIAN_POINT('',(35.993559377410605,50.624991627597140,1.550000000000010));
#12526=TRIMMED_CURVE('',#12524,(PARAMETER_VALUE(0.0),#12521),(PARAMETER_VALUE(1.0),#12525),.T.,.PARAMETER.);
#12527=STYLED_ITEM('',(#10720),#12526);
#12528=MECHANICAL_DESIGN_GEOMETRIC_PRESENTATION_REPRESENTATION('',(#12527),#12520);
#12534=(NAMED_UNIT(*)PLANE_ANGLE_UNIT()SI_UNIT($,.RADIAN.));
#12535=DIMENSIONAL_EXPONENTS(0.0,0.0,0.0,0.0,0.0,0.0,0.0);
#12536=PLANE_ANGLE_MEASURE_WITH_UNIT(PLANE_ANGLE_MEASURE(0.017453292500000),#12534);
#12540=(CONVERSION_BASED_UNIT('DEGREE',#12536)NAMED_UNIT(#12535)PLANE_ANGLE_UNIT());
#12544=(NAMED_UNIT(*)SI_UNIT($,.STERADIAN.)SOLID_ANGLE_UNIT());
#12548=(LENGTH_UNIT()NAMED_UNIT(*)SI_UNIT(.MILLI.,.METRE.));
#12550=UNCERTAINTY_MEASURE_WITH_UNIT(LENGTH_MEASURE(0.000001000000000),#12548,'DISTANCE_ACCURACY_VALUE','');
#12552=(GEOMETRIC_REPRESENTATION_CONTEXT(3)GLOBAL_UNCERTAINTY_ASSIGNED_CONTEXT((#12550))GLOBAL_UNIT_ASSIGNED_CONTEXT((#12540,#12544,#12548))REPRESENTATION_CONTEXT('','3D'));
#12553=CARTESIAN_POINT('',(29.902029377410500,52.999991627597247,1.550000000000010));
#12554=DIRECTION('',(0.0,-1.0,0.0));
#12555=VECTOR('',#12554,1.375000000000107);
#12556=LINE('',#12553,#12555);
#12557=CARTESIAN_POINT('',(29.902029377410500,51.624991627597140,1.550000000000010));
#12558=TRIMMED_CURVE('',#12556,(PARAMETER_VALUE(0.0),#12553),(PARAMETER_VALUE(1.0),#12557),.T.,.PARAMETER.);
#12559=STYLED_ITEM('',(#10720),#12558);
#12560=MECHANICAL_DESIGN_GEOMETRIC_PRESENTATION_REPRESENTATION('',(#12559),#12552);
#12566=(NAMED_UNIT(*)PLANE_ANGLE_UNIT()SI_UNIT($,.RADIAN.));
#12567=DIMENSIONAL_EXPONENTS(0.0,0.0,0.0,0.0,0.0,0.0,0.0);
#12568=PLANE_ANGLE_MEASURE_WITH_UNIT(PLANE_ANGLE_MEASURE(0.017453292500000),#12566);
#12572=(CONVERSION_BASED_UNIT('DEGREE',#12568)NAMED_UNIT(#12567)PLANE_ANGLE_UNIT());
#12576=(NAMED_UNIT(*)SI_UNIT($,.STERADIAN.)SOLID_ANGLE_UNIT());
#12580=(LENGTH_UNIT()NAMED_UNIT(*)SI_UNIT(.MILLI.,.METRE.));
#12582=UNCERTAINTY_MEASURE_WITH_UNIT(LENGTH_MEASURE(0.000001000000000),#12580,'DISTANCE_ACCURACY_VALUE','');
#12584=(GEOMETRIC_REPRESENTATION_CONTEXT(3)GLOBAL_UNCERTAINTY_ASSIGNED_CONTEXT((#12582))GLOBAL_UNIT_ASSIGNED_CONTEXT((#12572,#12576,#12580))REPRESENTATION_CONTEXT('','3D'));
#12585=CARTESIAN_POINT('',(35.918559377410595,52.999991627597247,1.550000000000010));
#12586=DIRECTION('',(0.0,-1.0,0.0));
#12587=VECTOR('',#12586,1.375000000000107);
#12588=LINE('',#12585,#12587);
#12589=CARTESIAN_POINT('',(35.918559377410595,51.624991627597140,1.550000000000010));
#12590=TRIMMED_CURVE('',#12588,(PARAMETER_VALUE(0.0),#12585),(PARAMETER_VALUE(1.0),#12589),.T.,.PARAMETER.);
#12591=STYLED_ITEM('',(#10720),#12590);
#12592=MECHANICAL_DESIGN_GEOMETRIC_PRESENTATION_REPRESENTATION('',(#12591),#12584);
#12598=(NAMED_UNIT(*)PLANE_ANGLE_UNIT()SI_UNIT($,.RADIAN.));
#12599=DIMENSIONAL_EXPONENTS(0.0,0.0,0.0,0.0,0.0,0.0,0.0);
#12600=PLANE_ANGLE_MEASURE_WITH_UNIT(PLANE_ANGLE_MEASURE(0.017453292500000),#12598);
#12604=(CONVERSION_BASED_UNIT('DEGREE',#12600)NAMED_UNIT(#12599)PLANE_ANGLE_UNIT());
#12608=(NAMED_UNIT(*)SI_UNIT($,.STERADIAN.)SOLID_ANGLE_UNIT());
#12612=(LENGTH_UNIT()NAMED_UNIT(*)SI_UNIT(.MILLI.,.METRE.));
#12614=UNCERTAINTY_MEASURE_WITH_UNIT(LENGTH_MEASURE(0.000001000000000),#12612,'DISTANCE_ACCURACY_VALUE','');
#12616=(GEOMETRIC_REPRESENTATION_CONTEXT(3)GLOBAL_UNCERTAINTY_ASSIGNED_CONTEXT((#12614))GLOBAL_UNIT_ASSIGNED_CONTEXT((#12604,#12608,#12612))REPRESENTATION_CONTEXT('','3D'));
#12617=CARTESIAN_POINT('',(36.693559377410601,51.624991627597140,1.550000000000010));
#12618=DIRECTION('',(-1.0,0.0,0.0));
#12619=VECTOR('',#12618,0.699999999999996);
#12620=LINE('',#12617,#12619);
#12621=CARTESIAN_POINT('',(35.993559377410605,51.624991627597140,1.550000000000010));
#12622=TRIMMED_CURVE('',#12620,(PARAMETER_VALUE(0.0),#12617),(PARAMETER_VALUE(1.0),#12621),.T.,.PARAMETER.);
#12623=STYLED_ITEM('',(#10720),#12622);
#12624=MECHANICAL_DESIGN_GEOMETRIC_PRESENTATION_REPRESENTATION('',(#12623),#12616);
#12630=(NAMED_UNIT(*)PLANE_ANGLE_UNIT()SI_UNIT($,.RADIAN.));
#12631=DIMENSIONAL_EXPONENTS(0.0,0.0,0.0,0.0,0.0,0.0,0.0);
#12632=PLANE_ANGLE_MEASURE_WITH_UNIT(PLANE_ANGLE_MEASURE(0.017453292500000),#12630);
#12636=(CONVERSION_BASED_UNIT('DEGREE',#12632)NAMED_UNIT(#12631)PLANE_ANGLE_UNIT());
#12640=(NAMED_UNIT(*)SI_UNIT($,.STERADIAN.)SOLID_ANGLE_UNIT());
#12644=(LENGTH_UNIT()NAMED_UNIT(*)SI_UNIT(.MILLI.,.METRE.));
#12646=UNCERTAINTY_MEASURE_WITH_UNIT(LENGTH_MEASURE(0.000001000000000),#12644,'DISTANCE_ACCURACY_VALUE','');
#12648=(GEOMETRIC_REPRESENTATION_CONTEXT(3)GLOBAL_UNCERTAINTY_ASSIGNED_CONTEXT((#12646))GLOBAL_UNIT_ASSIGNED_CONTEXT((#12636,#12640,#12644))REPRESENTATION_CONTEXT('','3D'));
#12649=CARTESIAN_POINT('',(35.993559377410605,51.624991627597140,1.550000000000010));
#12650=DIRECTION('',(0.0,1.0,0.0));
#12651=VECTOR('',#12650,1.375000000000107);
#12652=LINE('',#12649,#12651);
#12653=CARTESIAN_POINT('',(35.993559377410605,52.999991627597247,1.550000000000010));
#12654=TRIMMED_CURVE('',#12652,(PARAMETER_VALUE(0.0),#12649),(PARAMETER_VALUE(1.0),#12653),.T.,.PARAMETER.);
#12655=STYLED_ITEM('',(#10720),#12654);
#12656=MECHANICAL_DESIGN_GEOMETRIC_PRESENTATION_REPRESENTATION('',(#12655),#12648);
#12662=(NAMED_UNIT(*)PLANE_ANGLE_UNIT()SI_UNIT($,.RADIAN.));
#12663=DIMENSIONAL_EXPONENTS(0.0,0.0,0.0,0.0,0.0,0.0,0.0);
#12664=PLANE_ANGLE_MEASURE_WITH_UNIT(PLANE_ANGLE_MEASURE(0.017453292500000),#12662);
#12668=(CONVERSION_BASED_UNIT('DEGREE',#12664)NAMED_UNIT(#12663)PLANE_ANGLE_UNIT());
#12672=(NAMED_UNIT(*)SI_UNIT($,.STERADIAN.)SOLID_ANGLE_UNIT());
#12676=(LENGTH_UNIT()NAMED_UNIT(*)SI_UNIT(.MILLI.,.METRE.));
#12678=UNCERTAINTY_MEASURE_WITH_UNIT(LENGTH_MEASURE(0.000001000000000),#12676,'DISTANCE_ACCURACY_VALUE','');
#12680=(GEOMETRIC_REPRESENTATION_CONTEXT(3)GLOBAL_UNCERTAINTY_ASSIGNED_CONTEXT((#12678))GLOBAL_UNIT_ASSIGNED_CONTEXT((#12668,#12672,#12676))REPRESENTATION_CONTEXT('','3D'));
#12681=CARTESIAN_POINT('',(35.918559377410595,52.999991627597247,1.550000000000010));
#12682=DIRECTION('',(0.0,1.0,0.0));
#12683=VECTOR('',#12682,1.125000000000000);
#12684=LINE('',#12681,#12683);
#12685=CARTESIAN_POINT('',(35.918559377410595,54.124991627597247,1.550000000000010));
#12686=TRIMMED_CURVE('',#12684,(PARAMETER_VALUE(0.0),#12681),(PARAMETER_VALUE(1.0),#12685),.T.,.PARAMETER.);
#12687=STYLED_ITEM('',(#10720),#12686);
#12688=MECHANICAL_DESIGN_GEOMETRIC_PRESENTATION_REPRESENTATION('',(#12687),#12680);
#12694=(NAMED_UNIT(*)PLANE_ANGLE_UNIT()SI_UNIT($,.RADIAN.));
#12695=DIMENSIONAL_EXPONENTS(0.0,0.0,0.0,0.0,0.0,0.0,0.0);
#12696=PLANE_ANGLE_MEASURE_WITH_UNIT(PLANE_ANGLE_MEASURE(0.017453292500000),#12694);
#12700=(CONVERSION_BASED_UNIT('DEGREE',#12696)NAMED_UNIT(#12695)PLANE_ANGLE_UNIT());
#12704=(NAMED_UNIT(*)SI_UNIT($,.STERADIAN.)SOLID_ANGLE_UNIT());
#12708=(LENGTH_UNIT()NAMED_UNIT(*)SI_UNIT(.MILLI.,.METRE.));
#12710=UNCERTAINTY_MEASURE_WITH_UNIT(LENGTH_MEASURE(0.000001000000000),#12708,'DISTANCE_ACCURACY_VALUE','');
#12712=(GEOMETRIC_REPRESENTATION_CONTEXT(3)GLOBAL_UNCERTAINTY_ASSIGNED_CONTEXT((#12710))GLOBAL_UNIT_ASSIGNED_CONTEXT((#12700,#12704,#12708))REPRESENTATION_CONTEXT('','3D'));
#12713=CARTESIAN_POINT('',(35.918559377410595,54.124991627597240,1.550000000000010));
#12714=DIRECTION('',(-1.0,0.0,0.0));
#12715=VECTOR('',#12714,6.016530000000095);
#12716=LINE('',#12713,#12715);
#12717=CARTESIAN_POINT('',(29.902029377410500,54.124991627597240,1.550000000000010));
#12718=TRIMMED_CURVE('',#12716,(PARAMETER_VALUE(0.0),#12713),(PARAMETER_VALUE(1.0),#12717),.T.,.PARAMETER.);
#12719=STYLED_ITEM('',(#10720),#12718);
#12720=MECHANICAL_DESIGN_GEOMETRIC_PRESENTATION_REPRESENTATION('',(#12719),#12712);
#12726=(NAMED_UNIT(*)PLANE_ANGLE_UNIT()SI_UNIT($,.RADIAN.));
#12727=DIMENSIONAL_EXPONENTS(0.0,0.0,0.0,0.0,0.0,0.0,0.0);
#12728=PLANE_ANGLE_MEASURE_WITH_UNIT(PLANE_ANGLE_MEASURE(0.017453292500000),#12726);
#12732=(CONVERSION_BASED_UNIT('DEGREE',#12728)NAMED_UNIT(#12727)PLANE_ANGLE_UNIT());
#12736=(NAMED_UNIT(*)SI_UNIT($,.STERADIAN.)SOLID_ANGLE_UNIT());
#12740=(LENGTH_UNIT()NAMED_UNIT(*)SI_UNIT(.MILLI.,.METRE.));
#12742=UNCERTAINTY_MEASURE_WITH_UNIT(LENGTH_MEASURE(0.000001000000000),#12740,'DISTANCE_ACCURACY_VALUE','');
#12744=(GEOMETRIC_REPRESENTATION_CONTEXT(3)GLOBAL_UNCERTAINTY_ASSIGNED_CONTEXT((#12742))GLOBAL_UNIT_ASSIGNED_CONTEXT((#12732,#12736,#12740))REPRESENTATION_CONTEXT('','3D'));
#12745=CARTESIAN_POINT('',(29.902029377410500,52.999991627597247,1.550000000000010));
#12746=DIRECTION('',(0.0,1.0,0.0));
#12747=VECTOR('',#12746,1.125000000000000);
#12748=LINE('',#12745,#12747);
#12749=CARTESIAN_POINT('',(29.902029377410500,54.124991627597247,1.550000000000010));
#12750=TRIMMED_CURVE('',#12748,(PARAMETER_VALUE(0.0),#12745),(PARAMETER_VALUE(1.0),#12749),.T.,.PARAMETER.);
#12751=STYLED_ITEM('',(#10720),#12750);
#12752=MECHANICAL_DESIGN_GEOMETRIC_PRESENTATION_REPRESENTATION('',(#12751),#12744);
#12758=(NAMED_UNIT(*)PLANE_ANGLE_UNIT()SI_UNIT($,.RADIAN.));
#12759=DIMENSIONAL_EXPONENTS(0.0,0.0,0.0,0.0,0.0,0.0,0.0);
#12760=PLANE_ANGLE_MEASURE_WITH_UNIT(PLANE_ANGLE_MEASURE(0.017453292500000),#12758);
#12764=(CONVERSION_BASED_UNIT('DEGREE',#12760)NAMED_UNIT(#12759)PLANE_ANGLE_UNIT());
#12768=(NAMED_UNIT(*)SI_UNIT($,.STERADIAN.)SOLID_ANGLE_UNIT());
#12772=(LENGTH_UNIT()NAMED_UNIT(*)SI_UNIT(.MILLI.,.METRE.));
#12774=UNCERTAINTY_MEASURE_WITH_UNIT(LENGTH_MEASURE(0.000001000000000),#12772,'DISTANCE_ACCURACY_VALUE','');
#12776=(GEOMETRIC_REPRESENTATION_CONTEXT(3)GLOBAL_UNCERTAINTY_ASSIGNED_CONTEXT((#12774))GLOBAL_UNIT_ASSIGNED_CONTEXT((#12764,#12768,#12772))REPRESENTATION_CONTEXT('','3D'));
#12777=CARTESIAN_POINT('',(29.902029377410500,52.999991627597247,1.550000000000010));
#12778=DIRECTION('',(-1.0,0.0,0.0));
#12779=VECTOR('',#12778,0.075000000000003);
#12780=LINE('',#12777,#12779);
#12781=CARTESIAN_POINT('',(29.827029377410497,52.999991627597247,1.550000000000010));
#12782=TRIMMED_CURVE('',#12780,(PARAMETER_VALUE(0.0),#12777),(PARAMETER_VALUE(1.0),#12781),.T.,.PARAMETER.);
#12783=STYLED_ITEM('',(#10720),#12782);
#12784=MECHANICAL_DESIGN_GEOMETRIC_PRESENTATION_REPRESENTATION('',(#12783),#12776);
#12790=(NAMED_UNIT(*)PLANE_ANGLE_UNIT()SI_UNIT($,.RADIAN.));
#12791=DIMENSIONAL_EXPONENTS(0.0,0.0,0.0,0.0,0.0,0.0,0.0);
#12792=PLANE_ANGLE_MEASURE_WITH_UNIT(PLANE_ANGLE_MEASURE(0.017453292500000),#12790);
#12796=(CONVERSION_BASED_UNIT('DEGREE',#12792)NAMED_UNIT(#12791)PLANE_ANGLE_UNIT());
#12800=(NAMED_UNIT(*)SI_UNIT($,.STERADIAN.)SOLID_ANGLE_UNIT());
#12804=(LENGTH_UNIT()NAMED_UNIT(*)SI_UNIT(.MILLI.,.METRE.));
#12806=UNCERTAINTY_MEASURE_WITH_UNIT(LENGTH_MEASURE(0.000001000000000),#12804,'DISTANCE_ACCURACY_VALUE','');
#12808=(GEOMETRIC_REPRESENTATION_CONTEXT(3)GLOBAL_UNCERTAINTY_ASSIGNED_CONTEXT((#12806))GLOBAL_UNIT_ASSIGNED_CONTEXT((#12796,#12800,#12804))REPRESENTATION_CONTEXT('','3D'));
#12809=CARTESIAN_POINT('',(29.827029377410497,51.624991627597140,1.550000000000010));
#12810=DIRECTION('',(0.0,1.0,0.0));
#12811=VECTOR('',#12810,1.375000000000107);
#12812=LINE('',#12809,#12811);
#12813=CARTESIAN_POINT('',(29.827029377410497,52.999991627597247,1.550000000000010));
#12814=TRIMMED_CURVE('',#12812,(PARAMETER_VALUE(0.0),#12809),(PARAMETER_VALUE(1.0),#12813),.T.,.PARAMETER.);
#12815=STYLED_ITEM('',(#10720),#12814);
#12816=MECHANICAL_DESIGN_GEOMETRIC_PRESENTATION_REPRESENTATION('',(#12815),#12808);
#12822=(NAMED_UNIT(*)PLANE_ANGLE_UNIT()SI_UNIT($,.RADIAN.));
#12823=DIMENSIONAL_EXPONENTS(0.0,0.0,0.0,0.0,0.0,0.0,0.0);
#12824=PLANE_ANGLE_MEASURE_WITH_UNIT(PLANE_ANGLE_MEASURE(0.017453292500000),#12822);
#12828=(CONVERSION_BASED_UNIT('DEGREE',#12824)NAMED_UNIT(#12823)PLANE_ANGLE_UNIT());
#12832=(NAMED_UNIT(*)SI_UNIT($,.STERADIAN.)SOLID_ANGLE_UNIT());
#12836=(LENGTH_UNIT()NAMED_UNIT(*)SI_UNIT(.MILLI.,.METRE.));
#12838=UNCERTAINTY_MEASURE_WITH_UNIT(LENGTH_MEASURE(0.000001000000000),#12836,'DISTANCE_ACCURACY_VALUE','');
#12840=(GEOMETRIC_REPRESENTATION_CONTEXT(3)GLOBAL_UNCERTAINTY_ASSIGNED_CONTEXT((#12838))GLOBAL_UNIT_ASSIGNED_CONTEXT((#12828,#12832,#12836))REPRESENTATION_CONTEXT('','3D'));
#12841=CARTESIAN_POINT('',(29.827029377410497,49.849991627597127,1.550000000000010));
#12842=DIRECTION('',(0.0,1.0,0.0));
#12843=VECTOR('',#12842,0.775000000000013);
#12844=LINE('',#12841,#12843);
#12845=CARTESIAN_POINT('',(29.827029377410497,50.624991627597140,1.550000000000010));
#12846=TRIMMED_CURVE('',#12844,(PARAMETER_VALUE(0.0),#12841),(PARAMETER_VALUE(1.0),#12845),.T.,.PARAMETER.);
#12847=STYLED_ITEM('',(#10720),#12846);
#12848=MECHANICAL_DESIGN_GEOMETRIC_PRESENTATION_REPRESENTATION('',(#12847),#12840);
#12854=(NAMED_UNIT(*)PLANE_ANGLE_UNIT()SI_UNIT($,.RADIAN.));
#12855=DIMENSIONAL_EXPONENTS(0.0,0.0,0.0,0.0,0.0,0.0,0.0);
#12856=PLANE_ANGLE_MEASURE_WITH_UNIT(PLANE_ANGLE_MEASURE(0.017453292500000),#12854);
#12860=(CONVERSION_BASED_UNIT('DEGREE',#12856)NAMED_UNIT(#12855)PLANE_ANGLE_UNIT());
#12864=(NAMED_UNIT(*)SI_UNIT($,.STERADIAN.)SOLID_ANGLE_UNIT());
#12868=(LENGTH_UNIT()NAMED_UNIT(*)SI_UNIT(.MILLI.,.METRE.));
#12870=UNCERTAINTY_MEASURE_WITH_UNIT(LENGTH_MEASURE(0.000001000000000),#12868,'DISTANCE_ACCURACY_VALUE','');
#12872=(GEOMETRIC_REPRESENTATION_CONTEXT(3)GLOBAL_UNCERTAINTY_ASSIGNED_CONTEXT((#12870))GLOBAL_UNIT_ASSIGNED_CONTEXT((#12860,#12864,#12868))REPRESENTATION_CONTEXT('','3D'));
#12873=CARTESIAN_POINT('',(30.827029377410501,50.624991627597140,1.550000000000010));
#12874=DIRECTION('',(-1.0,0.0,0.0));
#12875=VECTOR('',#12874,1.0);
#12876=LINE('',#12873,#12875);
#12877=CARTESIAN_POINT('',(29.827029377410501,50.624991627597140,1.550000000000010));
#12878=TRIMMED_CURVE('',#12876,(PARAMETER_VALUE(0.0),#12873),(PARAMETER_VALUE(1.0),#12877),.T.,.PARAMETER.);
#12879=STYLED_ITEM('',(#10720),#12878);
#12880=MECHANICAL_DESIGN_GEOMETRIC_PRESENTATION_REPRESENTATION('',(#12879),#12872);
#12886=(NAMED_UNIT(*)PLANE_ANGLE_UNIT()SI_UNIT($,.RADIAN.));
#12887=DIMENSIONAL_EXPONENTS(0.0,0.0,0.0,0.0,0.0,0.0,0.0);
#12888=PLANE_ANGLE_MEASURE_WITH_UNIT(PLANE_ANGLE_MEASURE(0.017453292500000),#12886);
#12892=(CONVERSION_BASED_UNIT('DEGREE',#12888)NAMED_UNIT(#12887)PLANE_ANGLE_UNIT());
#12896=(NAMED_UNIT(*)SI_UNIT($,.STERADIAN.)SOLID_ANGLE_UNIT());
#12900=(LENGTH_UNIT()NAMED_UNIT(*)SI_UNIT(.MILLI.,.METRE.));
#12902=UNCERTAINTY_MEASURE_WITH_UNIT(LENGTH_MEASURE(0.000001000000000),#12900,'DISTANCE_ACCURACY_VALUE','');
#12904=(GEOMETRIC_REPRESENTATION_CONTEXT(3)GLOBAL_UNCERTAINTY_ASSIGNED_CONTEXT((#12902))GLOBAL_UNIT_ASSIGNED_CONTEXT((#12892,#12896,#12900))REPRESENTATION_CONTEXT('','3D'));
#12905=CARTESIAN_POINT('',(35.918559377410595,52.999991627597247,1.550000000000010));
#12906=DIRECTION('',(1.0,0.0,0.0));
#12907=VECTOR('',#12906,0.075000000000010);
#12908=LINE('',#12905,#12907);
#12909=CARTESIAN_POINT('',(35.993559377410605,52.999991627597247,1.550000000000010));
#12910=TRIMMED_CURVE('',#12908,(PARAMETER_VALUE(0.0),#12905),(PARAMETER_VALUE(1.0),#12909),.T.,.PARAMETER.);
#12911=STYLED_ITEM('',(#10720),#12910);
#12912=MECHANICAL_DESIGN_GEOMETRIC_PRESENTATION_REPRESENTATION('',(#12911),#12904);
#12918=(NAMED_UNIT(*)PLANE_ANGLE_UNIT()SI_UNIT($,.RADIAN.));
#12919=DIMENSIONAL_EXPONENTS(0.0,0.0,0.0,0.0,0.0,0.0,0.0);
#12920=PLANE_ANGLE_MEASURE_WITH_UNIT(PLANE_ANGLE_MEASURE(0.017453292500000),#12918);
#12924=(CONVERSION_BASED_UNIT('DEGREE',#12920)NAMED_UNIT(#12919)PLANE_ANGLE_UNIT());
#12928=(NAMED_UNIT(*)SI_UNIT($,.STERADIAN.)SOLID_ANGLE_UNIT());
#12932=(LENGTH_UNIT()NAMED_UNIT(*)SI_UNIT(.MILLI.,.METRE.));
#12934=UNCERTAINTY_MEASURE_WITH_UNIT(LENGTH_MEASURE(0.000001000000000),#12932,'DISTANCE_ACCURACY_VALUE','');
#12936=(GEOMETRIC_REPRESENTATION_CONTEXT(3)GLOBAL_UNCERTAINTY_ASSIGNED_CONTEXT((#12934))GLOBAL_UNIT_ASSIGNED_CONTEXT((#12924,#12928,#12932))REPRESENTATION_CONTEXT('','3D'));
#12937=CARTESIAN_POINT('',(29.127029377410501,51.624991627597140,1.550000000000010));
#12938=DIRECTION('',(1.0,0.0,0.0));
#12939=VECTOR('',#12938,0.699999999999999);
#12940=LINE('',#12937,#12939);
#12941=CARTESIAN_POINT('',(29.827029377410501,51.624991627597140,1.550000000000010));
#12942=TRIMMED_CURVE('',#12940,(PARAMETER_VALUE(0.0),#12937),(PARAMETER_VALUE(1.0),#12941),.T.,.PARAMETER.);
#12943=STYLED_ITEM('',(#10720),#12942);
#12944=MECHANICAL_DESIGN_GEOMETRIC_PRESENTATION_REPRESENTATION('',(#12943),#12936);
#12950=(NAMED_UNIT(*)PLANE_ANGLE_UNIT()SI_UNIT($,.RADIAN.));
#12951=DIMENSIONAL_EXPONENTS(0.0,0.0,0.0,0.0,0.0,0.0,0.0);
#12952=PLANE_ANGLE_MEASURE_WITH_UNIT(PLANE_ANGLE_MEASURE(0.017453292500000),#12950);
#12956=(CONVERSION_BASED_UNIT('DEGREE',#12952)NAMED_UNIT(#12951)PLANE_ANGLE_UNIT());
#12960=(NAMED_UNIT(*)SI_UNIT($,.STERADIAN.)SOLID_ANGLE_UNIT());
#12964=(LENGTH_UNIT()NAMED_UNIT(*)SI_UNIT(.MILLI.,.METRE.));
#12966=UNCERTAINTY_MEASURE_WITH_UNIT(LENGTH_MEASURE(0.000001000000000),#12964,'DISTANCE_ACCURACY_VALUE','');
#12968=(GEOMETRIC_REPRESENTATION_CONTEXT(3)GLOBAL_UNCERTAINTY_ASSIGNED_CONTEXT((#12966))GLOBAL_UNIT_ASSIGNED_CONTEXT((#12956,#12960,#12964))REPRESENTATION_CONTEXT('','3D'));
#12969=CARTESIAN_POINT('',(29.827029377410497,51.624991627597140,1.550000000000010));
#12970=DIRECTION('',(1.0,0.0,0.0));
#12971=VECTOR('',#12970,0.075000000000003);
#12972=LINE('',#12969,#12971);
#12973=CARTESIAN_POINT('',(29.902029377410500,51.624991627597140,1.550000000000010));
#12974=TRIMMED_CURVE('',#12972,(PARAMETER_VALUE(0.0),#12969),(PARAMETER_VALUE(1.0),#12973),.T.,.PARAMETER.);
#12975=STYLED_ITEM('',(#10720),#12974);
#12976=MECHANICAL_DESIGN_GEOMETRIC_PRESENTATION_REPRESENTATION('',(#12975),#12968);
#12982=(NAMED_UNIT(*)PLANE_ANGLE_UNIT()SI_UNIT($,.RADIAN.));
#12983=DIMENSIONAL_EXPONENTS(0.0,0.0,0.0,0.0,0.0,0.0,0.0);
#12984=PLANE_ANGLE_MEASURE_WITH_UNIT(PLANE_ANGLE_MEASURE(0.017453292500000),#12982);
#12988=(CONVERSION_BASED_UNIT('DEGREE',#12984)NAMED_UNIT(#12983)PLANE_ANGLE_UNIT());
#12992=(NAMED_UNIT(*)SI_UNIT($,.STERADIAN.)SOLID_ANGLE_UNIT());
#12996=(LENGTH_UNIT()NAMED_UNIT(*)SI_UNIT(.MILLI.,.METRE.));
#12998=UNCERTAINTY_MEASURE_WITH_UNIT(LENGTH_MEASURE(0.000001000000000),#12996,'DISTANCE_ACCURACY_VALUE','');
#13000=(GEOMETRIC_REPRESENTATION_CONTEXT(3)GLOBAL_UNCERTAINTY_ASSIGNED_CONTEXT((#12998))GLOBAL_UNIT_ASSIGNED_CONTEXT((#12988,#12992,#12996))REPRESENTATION_CONTEXT('','3D'));
#13001=CARTESIAN_POINT('',(36.693559377410601,54.899991627597231,1.550000000000010));
#13002=DIRECTION('',(-1.0,0.0,0.0));
#13003=VECTOR('',#13002,7.566530000000100);
#13004=LINE('',#13001,#13003);
#13005=CARTESIAN_POINT('',(29.127029377410501,54.899991627597231,1.550000000000010));
#13006=TRIMMED_CURVE('',#13004,(PARAMETER_VALUE(0.0),#13001),(PARAMETER_VALUE(1.0),#13005),.T.,.PARAMETER.);
#13007=STYLED_ITEM('',(#10720),#13006);
#13008=MECHANICAL_DESIGN_GEOMETRIC_PRESENTATION_REPRESENTATION('',(#13007),#13000);
#13014=(NAMED_UNIT(*)PLANE_ANGLE_UNIT()SI_UNIT($,.RADIAN.));
#13015=DIMENSIONAL_EXPONENTS(0.0,0.0,0.0,0.0,0.0,0.0,0.0);
#13016=PLANE_ANGLE_MEASURE_WITH_UNIT(PLANE_ANGLE_MEASURE(0.017453292500000),#13014);
#13020=(CONVERSION_BASED_UNIT('DEGREE',#13016)NAMED_UNIT(#13015)PLANE_ANGLE_UNIT());
#13024=(NAMED_UNIT(*)SI_UNIT($,.STERADIAN.)SOLID_ANGLE_UNIT());
#13028=(LENGTH_UNIT()NAMED_UNIT(*)SI_UNIT(.MILLI.,.METRE.));
#13030=UNCERTAINTY_MEASURE_WITH_UNIT(LENGTH_MEASURE(0.000001000000000),#13028,'DISTANCE_ACCURACY_VALUE','');
#13032=(GEOMETRIC_REPRESENTATION_CONTEXT(3)GLOBAL_UNCERTAINTY_ASSIGNED_CONTEXT((#13030))GLOBAL_UNIT_ASSIGNED_CONTEXT((#13020,#13024,#13028))REPRESENTATION_CONTEXT('','3D'));
#13033=CARTESIAN_POINT('',(36.693559377410601,49.849991627597127,1.550000000000010));
#13034=DIRECTION('',(0.0,1.0,0.0));
#13035=VECTOR('',#13034,0.775000000000013);
#13036=LINE('',#13033,#13035);
#13037=CARTESIAN_POINT('',(36.693559377410601,50.624991627597140,1.550000000000010));
#13038=TRIMMED_CURVE('',#13036,(PARAMETER_VALUE(0.0),#13033),(PARAMETER_VALUE(1.0),#13037),.T.,.PARAMETER.);
#13039=STYLED_ITEM('',(#10720),#13038);
#13040=MECHANICAL_DESIGN_GEOMETRIC_PRESENTATION_REPRESENTATION('',(#13039),#13032);
#13046=(NAMED_UNIT(*)PLANE_ANGLE_UNIT()SI_UNIT($,.RADIAN.));
#13047=DIMENSIONAL_EXPONENTS(0.0,0.0,0.0,0.0,0.0,0.0,0.0);
#13048=PLANE_ANGLE_MEASURE_WITH_UNIT(PLANE_ANGLE_MEASURE(0.017453292500000),#13046);
#13052=(CONVERSION_BASED_UNIT('DEGREE',#13048)NAMED_UNIT(#13047)PLANE_ANGLE_UNIT());
#13056=(NAMED_UNIT(*)SI_UNIT($,.STERADIAN.)SOLID_ANGLE_UNIT());
#13060=(LENGTH_UNIT()NAMED_UNIT(*)SI_UNIT(.MILLI.,.METRE.));
#13062=UNCERTAINTY_MEASURE_WITH_UNIT(LENGTH_MEASURE(0.000001000000000),#13060,'DISTANCE_ACCURACY_VALUE','');
#13064=(GEOMETRIC_REPRESENTATION_CONTEXT(3)GLOBAL_UNCERTAINTY_ASSIGNED_CONTEXT((#13062))GLOBAL_UNIT_ASSIGNED_CONTEXT((#13052,#13056,#13060))REPRESENTATION_CONTEXT('','3D'));
#13065=CARTESIAN_POINT('',(36.693559377410601,51.624991627597140,1.550000000000010));
#13066=DIRECTION('',(0.0,1.0,0.0));
#13067=VECTOR('',#13066,3.275000000000091);
#13068=LINE('',#13065,#13067);
#13069=CARTESIAN_POINT('',(36.693559377410601,54.899991627597231,1.550000000000010));
#13070=TRIMMED_CURVE('',#13068,(PARAMETER_VALUE(0.0),#13065),(PARAMETER_VALUE(1.0),#13069),.T.,.PARAMETER.);
#13071=STYLED_ITEM('',(#10720),#13070);
#13072=MECHANICAL_DESIGN_GEOMETRIC_PRESENTATION_REPRESENTATION('',(#13071),#13064);
#13078=(NAMED_UNIT(*)PLANE_ANGLE_UNIT()SI_UNIT($,.RADIAN.));
#13079=DIMENSIONAL_EXPONENTS(0.0,0.0,0.0,0.0,0.0,0.0,0.0);
#13080=PLANE_ANGLE_MEASURE_WITH_UNIT(PLANE_ANGLE_MEASURE(0.017453292500000),#13078);
#13084=(CONVERSION_BASED_UNIT('DEGREE',#13080)NAMED_UNIT(#13079)PLANE_ANGLE_UNIT());
#13088=(NAMED_UNIT(*)SI_UNIT($,.STERADIAN.)SOLID_ANGLE_UNIT());
#13092=(LENGTH_UNIT()NAMED_UNIT(*)SI_UNIT(.MILLI.,.METRE.));
#13094=UNCERTAINTY_MEASURE_WITH_UNIT(LENGTH_MEASURE(0.000001000000000),#13092,'DISTANCE_ACCURACY_VALUE','');
#13096=(GEOMETRIC_REPRESENTATION_CONTEXT(3)GLOBAL_UNCERTAINTY_ASSIGNED_CONTEXT((#13094))GLOBAL_UNIT_ASSIGNED_CONTEXT((#13084,#13088,#13092))REPRESENTATION_CONTEXT('','3D'));
#13097=CARTESIAN_POINT('',(33.660294377410551,51.874991627597240,1.550000000000010));
#13098=DIRECTION('',(0.0,1.0,0.0));
#13099=VECTOR('',#13098,0.500000000000000);
#13100=LINE('',#13097,#13099);
#13101=CARTESIAN_POINT('',(33.660294377410551,52.374991627597240,1.550000000000010));
#13102=TRIMMED_CURVE('',#13100,(PARAMETER_VALUE(0.0),#13097),(PARAMETER_VALUE(1.0),#13101),.T.,.PARAMETER.);
#13108=(NAMED_UNIT(*)PLANE_ANGLE_UNIT()SI_UNIT($,.RADIAN.));
#13109=DIMENSIONAL_EXPONENTS(0.0,0.0,0.0,0.0,0.0,0.0,0.0);
#13110=PLANE_ANGLE_MEASURE_WITH_UNIT(PLANE_ANGLE_MEASURE(0.017453292500000),#13108);
#13114=(CONVERSION_BASED_UNIT('DEGREE',#13110)NAMED_UNIT(#13109)PLANE_ANGLE_UNIT());
#13118=(NAMED_UNIT(*)SI_UNIT($,.STERADIAN.)SOLID_ANGLE_UNIT());
#13122=(LENGTH_UNIT()NAMED_UNIT(*)SI_UNIT(.MILLI.,.METRE.));
#13124=UNCERTAINTY_MEASURE_WITH_UNIT(LENGTH_MEASURE(0.000001000000000),#13122,'DISTANCE_ACCURACY_VALUE','');
#13126=(GEOMETRIC_REPRESENTATION_CONTEXT(3)GLOBAL_UNCERTAINTY_ASSIGNED_CONTEXT((#13124))GLOBAL_UNIT_ASSIGNED_CONTEXT((#13114,#13118,#13122))REPRESENTATION_CONTEXT('','3D'));
#13127=CARTESIAN_POINT('',(34.160294377410551,51.874991627597240,1.550000000000010));
#13128=DIRECTION('',(-1.0,0.0,0.0));
#13129=VECTOR('',#13128,0.500000000000000);
#13130=LINE('',#13127,#13129);
#13131=CARTESIAN_POINT('',(33.660294377410551,51.874991627597240,1.550000000000010));
#13132=TRIMMED_CURVE('',#13130,(PARAMETER_VALUE(0.0),#13127),(PARAMETER_VALUE(1.0),#13131),.T.,.PARAMETER.);
#13138=(NAMED_UNIT(*)PLANE_ANGLE_UNIT()SI_UNIT($,.RADIAN.));
#13139=DIMENSIONAL_EXPONENTS(0.0,0.0,0.0,0.0,0.0,0.0,0.0);
#13140=PLANE_ANGLE_MEASURE_WITH_UNIT(PLANE_ANGLE_MEASURE(0.017453292500000),#13138);
#13144=(CONVERSION_BASED_UNIT('DEGREE',#13140)NAMED_UNIT(#13139)PLANE_ANGLE_UNIT());
#13148=(NAMED_UNIT(*)SI_UNIT($,.STERADIAN.)SOLID_ANGLE_UNIT());
#13152=(LENGTH_UNIT()NAMED_UNIT(*)SI_UNIT(.MILLI.,.METRE.));
#13154=UNCERTAINTY_MEASURE_WITH_UNIT(LENGTH_MEASURE(0.000001000000000),#13152,'DISTANCE_ACCURACY_VALUE','');
#13156=(GEOMETRIC_REPRESENTATION_CONTEXT(3)GLOBAL_UNCERTAINTY_ASSIGNED_CONTEXT((#13154))GLOBAL_UNIT_ASSIGNED_CONTEXT((#13144,#13148,#13152))REPRESENTATION_CONTEXT('','3D'));
#13157=CARTESIAN_POINT('',(34.160294377410551,52.374991627597240,1.550000000000010));
#13158=DIRECTION('',(0.0,-1.0,0.0));
#13159=VECTOR('',#13158,0.500000000000000);
#13160=LINE('',#13157,#13159);
#13161=CARTESIAN_POINT('',(34.160294377410551,51.874991627597240,1.550000000000010));
#13162=TRIMMED_CURVE('',#13160,(PARAMETER_VALUE(0.0),#13157),(PARAMETER_VALUE(1.0),#13161),.T.,.PARAMETER.);
#13168=(NAMED_UNIT(*)PLANE_ANGLE_UNIT()SI_UNIT($,.RADIAN.));
#13169=DIMENSIONAL_EXPONENTS(0.0,0.0,0.0,0.0,0.0,0.0,0.0);
#13170=PLANE_ANGLE_MEASURE_WITH_UNIT(PLANE_ANGLE_MEASURE(0.017453292500000),#13168);
#13174=(CONVERSION_BASED_UNIT('DEGREE',#13170)NAMED_UNIT(#13169)PLANE_ANGLE_UNIT());
#13178=(NAMED_UNIT(*)SI_UNIT($,.STERADIAN.)SOLID_ANGLE_UNIT());
#13182=(LENGTH_UNIT()NAMED_UNIT(*)SI_UNIT(.MILLI.,.METRE.));
#13184=UNCERTAINTY_MEASURE_WITH_UNIT(LENGTH_MEASURE(0.000001000000000),#13182,'DISTANCE_ACCURACY_VALUE','');
#13186=(GEOMETRIC_REPRESENTATION_CONTEXT(3)GLOBAL_UNCERTAINTY_ASSIGNED_CONTEXT((#13184))GLOBAL_UNIT_ASSIGNED_CONTEXT((#13174,#13178,#13182))REPRESENTATION_CONTEXT('','3D'));
#13187=CARTESIAN_POINT('',(33.660294377410551,52.374991627597240,1.550000000000010));
#13188=DIRECTION('',(1.0,0.0,0.0));
#13189=VECTOR('',#13188,0.500000000000000);
#13190=LINE('',#13187,#13189);
#13191=CARTESIAN_POINT('',(34.160294377410551,52.374991627597240,1.550000000000010));
#13192=TRIMMED_CURVE('',#13190,(PARAMETER_VALUE(0.0),#13187),(PARAMETER_VALUE(1.0),#13191),.T.,.PARAMETER.);
#13198=(NAMED_UNIT(*)PLANE_ANGLE_UNIT()SI_UNIT($,.RADIAN.));
#13199=DIMENSIONAL_EXPONENTS(0.0,0.0,0.0,0.0,0.0,0.0,0.0);
#13200=PLANE_ANGLE_MEASURE_WITH_UNIT(PLANE_ANGLE_MEASURE(0.017453292500000),#13198);
#13204=(CONVERSION_BASED_UNIT('DEGREE',#13200)NAMED_UNIT(#13199)PLANE_ANGLE_UNIT());
#13208=(NAMED_UNIT(*)SI_UNIT($,.STERADIAN.)SOLID_ANGLE_UNIT());
#13212=(LENGTH_UNIT()NAMED_UNIT(*)SI_UNIT(.MILLI.,.METRE.));
#13214=UNCERTAINTY_MEASURE_WITH_UNIT(LENGTH_MEASURE(0.000001000000000),#13212,'DISTANCE_ACCURACY_VALUE','');
#13216=(GEOMETRIC_REPRESENTATION_CONTEXT(3)GLOBAL_UNCERTAINTY_ASSIGNED_CONTEXT((#13214))GLOBAL_UNIT_ASSIGNED_CONTEXT((#13204,#13208,#13212))REPRESENTATION_CONTEXT('','3D'));
#13217=CARTESIAN_POINT('',(32.160294377410551,51.874991627597240,1.550000000000010));
#13218=DIRECTION('',(-1.0,0.0,0.0));
#13219=VECTOR('',#13218,0.500000000000000);
#13220=LINE('',#13217,#13219);
#13221=CARTESIAN_POINT('',(31.660294377410551,51.874991627597240,1.550000000000010));
#13222=TRIMMED_CURVE('',#13220,(PARAMETER_VALUE(0.0),#13217),(PARAMETER_VALUE(1.0),#13221),.T.,.PARAMETER.);
#13228=(NAMED_UNIT(*)PLANE_ANGLE_UNIT()SI_UNIT($,.RADIAN.));
#13229=DIMENSIONAL_EXPONENTS(0.0,0.0,0.0,0.0,0.0,0.0,0.0);
#13230=PLANE_ANGLE_MEASURE_WITH_UNIT(PLANE_ANGLE_MEASURE(0.017453292500000),#13228);
#13234=(CONVERSION_BASED_UNIT('DEGREE',#13230)NAMED_UNIT(#13229)PLANE_ANGLE_UNIT());
#13238=(NAMED_UNIT(*)SI_UNIT($,.STERADIAN.)SOLID_ANGLE_UNIT());
#13242=(LENGTH_UNIT()NAMED_UNIT(*)SI_UNIT(.MILLI.,.METRE.));
#13244=UNCERTAINTY_MEASURE_WITH_UNIT(LENGTH_MEASURE(0.000001000000000),#13242,'DISTANCE_ACCURACY_VALUE','');
#13246=(GEOMETRIC_REPRESENTATION_CONTEXT(3)GLOBAL_UNCERTAINTY_ASSIGNED_CONTEXT((#13244))GLOBAL_UNIT_ASSIGNED_CONTEXT((#13234,#13238,#13242))REPRESENTATION_CONTEXT('','3D'));
#13247=CARTESIAN_POINT('',(32.160294377410551,52.374991627597240,1.550000000000010));
#13248=DIRECTION('',(0.0,-1.0,0.0));
#13249=VECTOR('',#13248,0.500000000000000);
#13250=LINE('',#13247,#13249);
#13251=CARTESIAN_POINT('',(32.160294377410551,51.874991627597240,1.550000000000010));
#13252=TRIMMED_CURVE('',#13250,(PARAMETER_VALUE(0.0),#13247),(PARAMETER_VALUE(1.0),#13251),.T.,.PARAMETER.);
#13258=(NAMED_UNIT(*)PLANE_ANGLE_UNIT()SI_UNIT($,.RADIAN.));
#13259=DIMENSIONAL_EXPONENTS(0.0,0.0,0.0,0.0,0.0,0.0,0.0);
#13260=PLANE_ANGLE_MEASURE_WITH_UNIT(PLANE_ANGLE_MEASURE(0.017453292500000),#13258);
#13264=(CONVERSION_BASED_UNIT('DEGREE',#13260)NAMED_UNIT(#13259)PLANE_ANGLE_UNIT());
#13268=(NAMED_UNIT(*)SI_UNIT($,.STERADIAN.)SOLID_ANGLE_UNIT());
#13272=(LENGTH_UNIT()NAMED_UNIT(*)SI_UNIT(.MILLI.,.METRE.));
#13274=UNCERTAINTY_MEASURE_WITH_UNIT(LENGTH_MEASURE(0.000001000000000),#13272,'DISTANCE_ACCURACY_VALUE','');
#13276=(GEOMETRIC_REPRESENTATION_CONTEXT(3)GLOBAL_UNCERTAINTY_ASSIGNED_CONTEXT((#13274))GLOBAL_UNIT_ASSIGNED_CONTEXT((#13264,#13268,#13272))REPRESENTATION_CONTEXT('','3D'));
#13277=CARTESIAN_POINT('',(31.660294377410551,52.374991627597240,1.550000000000010));
#13278=DIRECTION('',(1.0,0.0,0.0));
#13279=VECTOR('',#13278,0.500000000000000);
#13280=LINE('',#13277,#13279);
#13281=CARTESIAN_POINT('',(32.160294377410551,52.374991627597240,1.550000000000010));
#13282=TRIMMED_CURVE('',#13280,(PARAMETER_VALUE(0.0),#13277),(PARAMETER_VALUE(1.0),#13281),.T.,.PARAMETER.);
#13288=(NAMED_UNIT(*)PLANE_ANGLE_UNIT()SI_UNIT($,.RADIAN.));
#13289=DIMENSIONAL_EXPONENTS(0.0,0.0,0.0,0.0,0.0,0.0,0.0);
#13290=PLANE_ANGLE_MEASURE_WITH_UNIT(PLANE_ANGLE_MEASURE(0.017453292500000),#13288);
#13294=(CONVERSION_BASED_UNIT('DEGREE',#13290)NAMED_UNIT(#13289)PLANE_ANGLE_UNIT());
#13298=(NAMED_UNIT(*)SI_UNIT($,.STERADIAN.)SOLID_ANGLE_UNIT());
#13302=(LENGTH_UNIT()NAMED_UNIT(*)SI_UNIT(.MILLI.,.METRE.));
#13304=UNCERTAINTY_MEASURE_WITH_UNIT(LENGTH_MEASURE(0.000001000000000),#13302,'DISTANCE_ACCURACY_VALUE','');
#13306=(GEOMETRIC_REPRESENTATION_CONTEXT(3)GLOBAL_UNCERTAINTY_ASSIGNED_CONTEXT((#13304))GLOBAL_UNIT_ASSIGNED_CONTEXT((#13294,#13298,#13302))REPRESENTATION_CONTEXT('','3D'));
#13307=CARTESIAN_POINT('',(31.660294377410551,51.874991627597240,1.550000000000010));
#13308=DIRECTION('',(0.0,1.0,0.0));
#13309=VECTOR('',#13308,0.500000000000000);
#13310=LINE('',#13307,#13309);
#13311=CARTESIAN_POINT('',(31.660294377410551,52.374991627597240,1.550000000000010));
#13312=TRIMMED_CURVE('',#13310,(PARAMETER_VALUE(0.0),#13307),(PARAMETER_VALUE(1.0),#13311),.T.,.PARAMETER.);
#13313=APPLICATION_CONTEXT('automotive design');
#13314=APPLICATION_PROTOCOL_DEFINITION('International Standard','automotive_design',2001,#13313);
#13315=PRODUCT_CONTEXT('',#13313,'mechanical');
#13316=PRODUCT('1','1',$,(#13315));
#13317=PRODUCT_RELATED_PRODUCT_CATEGORY('part',$,(#13316));
#13318=PRODUCT_DEFINITION_FORMATION('',$,#13316);
#13319=PRODUCT_DEFINITION_CONTEXT('part definition',#13313,'design');
#13320=PRODUCT_DEFINITION('',$,#13318,#13319);
#13326=(NAMED_UNIT(*)PLANE_ANGLE_UNIT()SI_UNIT($,.RADIAN.));
#13327=DIMENSIONAL_EXPONENTS(0.0,0.0,0.0,0.0,0.0,0.0,0.0);
#13328=PLANE_ANGLE_MEASURE_WITH_UNIT(PLANE_ANGLE_MEASURE(0.017453292500000),#13326);
#13332=(CONVERSION_BASED_UNIT('DEGREE',#13328)NAMED_UNIT(#13327)PLANE_ANGLE_UNIT());
#13336=(NAMED_UNIT(*)SI_UNIT($,.STERADIAN.)SOLID_ANGLE_UNIT());
#13340=(LENGTH_UNIT()NAMED_UNIT(*)SI_UNIT(.MILLI.,.METRE.));
#13342=UNCERTAINTY_MEASURE_WITH_UNIT(LENGTH_MEASURE(0.010000000000000),#13340,'DISTANCE_ACCURACY_VALUE','');
#13344=(GEOMETRIC_REPRESENTATION_CONTEXT(3)GLOBAL_UNCERTAINTY_ASSIGNED_CONTEXT((#13342))GLOBAL_UNIT_ASSIGNED_CONTEXT((#13332,#13336,#13340))REPRESENTATION_CONTEXT('None','None'));
#13345=AXIS2_PLACEMENT_3D('',#13346,#13347,#13348);
#13346=CARTESIAN_POINT('',(0.0,0.0,0.0));
#13347=DIRECTION('',(0.0,0.0,1.0));
#13348=DIRECTION('',(1.0,0.0,0.0));
#13349=SHAPE_REPRESENTATION('',(#13345),#13344);
#13350=PRODUCT_DEFINITION_SHAPE('','',#13320);
#13351=SHAPE_DEFINITION_REPRESENTATION(#13350,#13349);
#13357=(NAMED_UNIT(*)PLANE_ANGLE_UNIT()SI_UNIT($,.RADIAN.));
#13358=DIMENSIONAL_EXPONENTS(0.0,0.0,0.0,0.0,0.0,0.0,0.0);
#13359=PLANE_ANGLE_MEASURE_WITH_UNIT(PLANE_ANGLE_MEASURE(0.017453292500000),#13357);
#13363=(CONVERSION_BASED_UNIT('DEGREE',#13359)NAMED_UNIT(#13358)PLANE_ANGLE_UNIT());
#13367=(NAMED_UNIT(*)SI_UNIT($,.STERADIAN.)SOLID_ANGLE_UNIT());
#13371=(LENGTH_UNIT()NAMED_UNIT(*)SI_UNIT(.MILLI.,.METRE.));
#13373=UNCERTAINTY_MEASURE_WITH_UNIT(LENGTH_MEASURE(0.000001000000000),#13371,'DISTANCE_ACCURACY_VALUE','');
#13375=(GEOMETRIC_REPRESENTATION_CONTEXT(3)GLOBAL_UNCERTAINTY_ASSIGNED_CONTEXT((#13373))GLOBAL_UNIT_ASSIGNED_CONTEXT((#13363,#13367,#13371))REPRESENTATION_CONTEXT('','3D'));
#13376=CARTESIAN_POINT('',(29.127289000000005,50.0,0.0));
#13377=DIRECTION('',(-1.0,0.0,0.0));
#13378=DIRECTION('',(0.0,0.0,1.0));
#13379=AXIS2_PLACEMENT_3D('',#13376,#13377,#13378);
#13380=PLANE('',#13379);
#13381=CARTESIAN_POINT('',(29.127289000000005,49.849999999999895,0.550000000000011));
#13382=VERTEX_POINT('',#13381);
#13383=CARTESIAN_POINT('',(29.127289000000005,50.027777777777693,0.550000000000011));
#13384=VERTEX_POINT('',#13383);
#13385=CARTESIAN_POINT('',(29.127289000000005,49.849999999999895,0.550000000000011));
#13386=DIRECTION('',(0.0,1.0,0.0));
#13387=VECTOR('',#13386,0.177777777777798);
#13388=LINE('',#13385,#13387);
#13389=EDGE_CURVE('',#13382,#13384,#13388,.T.);
#13390=ORIENTED_EDGE('',*,*,#13389,.F.);
#13391=CARTESIAN_POINT('',(29.127289000000005,49.849999999999895,7.000000000000003));
#13392=VERTEX_POINT('',#13391);
#13393=CARTESIAN_POINT('',(29.127289000000005,49.849999999999895,0.550000000000011));
#13394=DIRECTION('',(0.0,0.0,1.0));
#13395=VECTOR('',#13394,6.449999999999992);
#13396=LINE('',#13393,#13395);
#13397=EDGE_CURVE('',#13382,#13392,#13396,.T.);
#13398=ORIENTED_EDGE('',*,*,#13397,.T.);
#13399=CARTESIAN_POINT('',(29.127289000000005,50.624999999999915,7.000000000000003));
#13400=VERTEX_POINT('',#13399);
#13401=CARTESIAN_POINT('',(29.127289000000005,49.849999999999895,7.000000000000003));
#13402=DIRECTION('',(0.0,1.0,0.0));
#13403=VECTOR('',#13402,0.775000000000013);
#13404=LINE('',#13401,#13403);
#13405=EDGE_CURVE('',#13392,#13400,#13404,.T.);
#13406=ORIENTED_EDGE('',*,*,#13405,.T.);
#13407=CARTESIAN_POINT('',(29.127289000000005,50.624999999999915,1.550000000000010));
#13408=VERTEX_POINT('',#13407);
#13409=CARTESIAN_POINT('',(29.127289000000005,50.624999999999915,1.550000000000010));
#13410=DIRECTION('',(0.0,0.0,1.0));
#13411=VECTOR('',#13410,5.449999999999992);
#13412=LINE('',#13409,#13411);
#13413=EDGE_CURVE('',#13408,#13400,#13412,.T.);
#13414=ORIENTED_EDGE('',*,*,#13413,.F.);
#13415=CARTESIAN_POINT('',(29.127289000000005,51.624999999999929,1.550000000000010));
#13416=VERTEX_POINT('',#13415);
#13417=CARTESIAN_POINT('',(29.127289000000005,50.624999999999915,1.550000000000010));
#13418=DIRECTION('',(0.0,1.0,0.0));
#13419=VECTOR('',#13418,1.000000000000014);
#13420=LINE('',#13417,#13419);
#13421=EDGE_CURVE('',#13408,#13416,#13420,.T.);
#13422=ORIENTED_EDGE('',*,*,#13421,.T.);
#13423=CARTESIAN_POINT('',(29.127289000000005,51.624999999999929,7.000000000000003));
#13424=VERTEX_POINT('',#13423);
#13425=CARTESIAN_POINT('',(29.127289000000005,51.624999999999929,7.000000000000003));
#13426=DIRECTION('',(0.0,0.0,-1.0));
#13427=VECTOR('',#13426,5.449999999999992);
#13428=LINE('',#13425,#13427);
#13429=EDGE_CURVE('',#13424,#13416,#13428,.T.);
#13430=ORIENTED_EDGE('',*,*,#13429,.F.);
#13431=CARTESIAN_POINT('',(29.127289000000005,54.900000000000020,7.000000000000003));
#13432=VERTEX_POINT('',#13431);
#13433=CARTESIAN_POINT('',(29.127289000000005,51.624999999999929,7.000000000000003));
#13434=DIRECTION('',(0.0,1.0,0.0));
#13435=VECTOR('',#13434,3.275000000000091);
#13436=LINE('',#13433,#13435);
#13437=EDGE_CURVE('',#13424,#13432,#13436,.T.);
#13438=ORIENTED_EDGE('',*,*,#13437,.T.);
#13439=CARTESIAN_POINT('',(29.127289000000005,54.900000000000020,-1.049999999999990));
#13440=VERTEX_POINT('',#13439);
#13441=CARTESIAN_POINT('',(29.127289000000005,54.900000000000020,7.000000000000003));
#13442=DIRECTION('',(0.0,0.0,-1.0));
#13443=VECTOR('',#13442,8.049999999999992);
#13444=LINE('',#13441,#13443);
#13445=EDGE_CURVE('',#13432,#13440,#13444,.T.);
#13446=ORIENTED_EDGE('',*,*,#13445,.T.);
#13447=CARTESIAN_POINT('',(29.127289000000005,50.863333333333202,-1.049999999999990));
#13448=VERTEX_POINT('',#13447);
#13449=CARTESIAN_POINT('',(29.127289000000005,54.900000000000020,-1.049999999999990));
#13450=DIRECTION('',(0.0,-1.0,0.0));
#13451=VECTOR('',#13450,4.036666666666818);
#13452=LINE('',#13449,#13451);
#13453=EDGE_CURVE('',#13440,#13448,#13452,.T.);
#13454=ORIENTED_EDGE('',*,*,#13453,.T.);
#13455=CARTESIAN_POINT('',(29.127289000000005,50.027777777777686,0.550000000000006));
#13456=DIRECTION('',(0.0,0.462902565911231,-0.886409168766207));
#13457=VECTOR('',#13456,1.805035480653959);
#13458=LINE('',#13455,#13457);
#13459=EDGE_CURVE('',#13384,#13448,#13458,.T.);
#13460=ORIENTED_EDGE('',*,*,#13459,.F.);
#13461=EDGE_LOOP('',(#13390,#13398,#13406,#13414,#13422,#13430,#13438,#13446,#13454,#13460));
#13462=FACE_OUTER_BOUND('',#13461,.T.);
#13463=ADVANCED_FACE('',(#13462),#13380,.T.);
#13464=CARTESIAN_POINT('',(44.127289000000005,49.849999999999895,0.0));
#13465=DIRECTION('',(0.0,-1.0,0.0));
#13466=DIRECTION('',(0.0,0.0,-1.0));
#13467=AXIS2_PLACEMENT_3D('',#13464,#13465,#13466);
#13468=PLANE('',#13467);
#13469=CARTESIAN_POINT('',(36.693819000000104,49.849999999999895,0.550000000000011));
#13470=VERTEX_POINT('',#13469);
#13471=CARTESIAN_POINT('',(36.693819000000104,49.849999999999895,0.550000000000011));
#13472=DIRECTION('',(-1.0,0.0,0.0));
#13473=VECTOR('',#13472,7.566530000000100);
#13474=LINE('',#13471,#13473);
#13475=EDGE_CURVE('',#13470,#13382,#13474,.T.);
#13476=ORIENTED_EDGE('',*,*,#13475,.F.);
#13477=CARTESIAN_POINT('',(36.693819000000104,49.849999999999895,7.000000000000011));
#13478=VERTEX_POINT('',#13477);
#13479=CARTESIAN_POINT('',(36.693819000000104,49.849999999999895,0.550000000000011));
#13480=DIRECTION('',(0.0,0.0,1.0));
#13481=VECTOR('',#13480,6.450000000000000);
#13482=LINE('',#13479,#13481);
#13483=EDGE_CURVE('',#13470,#13478,#13482,.T.);
#13484=ORIENTED_EDGE('',*,*,#13483,.T.);
#13485=CARTESIAN_POINT('',(35.993819000000101,49.849999999999895,7.000000000000011));
#13486=VERTEX_POINT('',#13485);
#13487=CARTESIAN_POINT('',(36.693819000000104,49.849999999999895,7.000000000000011));
#13488=DIRECTION('',(-1.0,0.0,0.0));
#13489=VECTOR('',#13488,0.699999999999996);
#13490=LINE('',#13487,#13489);
#13491=EDGE_CURVE('',#13478,#13486,#13490,.T.);
#13492=ORIENTED_EDGE('',*,*,#13491,.T.);
#13493=CARTESIAN_POINT('',(35.993819000000101,49.849999999999895,3.200000000000010));
#13494=VERTEX_POINT('',#13493);
#13495=CARTESIAN_POINT('',(35.993819000000101,49.849999999999895,7.000000000000011));
#13496=DIRECTION('',(0.0,0.0,-1.0));
#13497=VECTOR('',#13496,3.800000000000001);
#13498=LINE('',#13495,#13497);
#13499=EDGE_CURVE('',#13486,#13494,#13498,.T.);
#13500=ORIENTED_EDGE('',*,*,#13499,.T.);
#13501=CARTESIAN_POINT('',(34.927289000000016,49.849999999999895,3.200000000000010));
#13502=VERTEX_POINT('',#13501);
#13503=CARTESIAN_POINT('',(35.993819000000101,49.849999999999895,3.200000000000010));
#13504=DIRECTION('',(-1.0,0.0,0.0));
#13505=VECTOR('',#13504,1.066530000000093);
#13506=LINE('',#13503,#13505);
#13507=EDGE_CURVE('',#13494,#13502,#13506,.T.);
#13508=ORIENTED_EDGE('',*,*,#13507,.T.);
#13509=CARTESIAN_POINT('',(34.927289000000016,49.849999999999895,7.000000000000003));
#13510=VERTEX_POINT('',#13509);
#13511=CARTESIAN_POINT('',(34.927289000000016,49.849999999999895,7.000000000000003));
#13512=DIRECTION('',(0.0,0.0,-1.0));
#13513=VECTOR('',#13512,3.799999999999993);
#13514=LINE('',#13511,#13513);
#13515=EDGE_CURVE('',#13510,#13502,#13514,.T.);
#13516=ORIENTED_EDGE('',*,*,#13515,.F.);
#13517=CARTESIAN_POINT('',(30.827289000000000,49.849999999999895,7.000000000000003));
#13518=VERTEX_POINT('',#13517);
#13519=CARTESIAN_POINT('',(34.927289000000016,49.849999999999895,7.000000000000003));
#13520=DIRECTION('',(-1.0,0.0,0.0));
#13521=VECTOR('',#13520,4.100000000000009);
#13522=LINE('',#13519,#13521);
#13523=EDGE_CURVE('',#13510,#13518,#13522,.T.);
#13524=ORIENTED_EDGE('',*,*,#13523,.T.);
#13525=CARTESIAN_POINT('',(30.827289000000000,49.849999999999895,3.200000000000002));
#13526=VERTEX_POINT('',#13525);
#13527=CARTESIAN_POINT('',(30.827289000000000,49.849999999999895,3.200000000000002));
#13528=DIRECTION('',(0.0,0.0,1.0));
#13529=VECTOR('',#13528,3.800000000000002);
#13530=LINE('',#13527,#13529);
#13531=EDGE_CURVE('',#13526,#13518,#13530,.T.);
#13532=ORIENTED_EDGE('',*,*,#13531,.F.);
#13533=CARTESIAN_POINT('',(29.827289000000000,49.849999999999895,3.200000000000002));
#13534=VERTEX_POINT('',#13533);
#13535=CARTESIAN_POINT('',(30.827289000000000,49.849999999999895,3.200000000000002));
#13536=DIRECTION('',(-1.0,0.0,0.0));
#13537=VECTOR('',#13536,1.0);
#13538=LINE('',#13535,#13537);
#13539=EDGE_CURVE('',#13526,#13534,#13538,.T.);
#13540=ORIENTED_EDGE('',*,*,#13539,.T.);
#13541=CARTESIAN_POINT('',(29.827289000000000,49.849999999999895,7.000000000000003));
#13542=VERTEX_POINT('',#13541);
#13543=CARTESIAN_POINT('',(29.827289000000000,49.849999999999895,3.200000000000002));
#13544=DIRECTION('',(0.0,0.0,1.0));
#13545=VECTOR('',#13544,3.800000000000002);
#13546=LINE('',#13543,#13545);
#13547=EDGE_CURVE('',#13534,#13542,#13546,.T.);
#13548=ORIENTED_EDGE('',*,*,#13547,.T.);
#13549=CARTESIAN_POINT('',(29.127289000000005,49.849999999999895,7.000000000000003));
#13550=DIRECTION('',(1.0,0.0,0.0));
#13551=VECTOR('',#13550,0.699999999999999);
#13552=LINE('',#13549,#13551);
#13553=EDGE_CURVE('',#13392,#13542,#13552,.T.);
#13554=ORIENTED_EDGE('',*,*,#13553,.F.);
#13555=ORIENTED_EDGE('',*,*,#13397,.F.);
#13556=EDGE_LOOP('',(#13476,#13484,#13492,#13500,#13508,#13516,#13524,#13532,#13540,#13548,#13554,#13555));
#13557=FACE_OUTER_BOUND('',#13556,.T.);
#13558=ADVANCED_FACE('',(#13557),#13468,.T.);
#13559=CARTESIAN_POINT('',(36.693819000000104,55.750000000000000,7.105427E-015));
#13560=DIRECTION('',(1.0,0.0,0.0));
#13561=DIRECTION('',(0.0,0.0,-1.0));
#13562=AXIS2_PLACEMENT_3D('',#13559,#13560,#13561);
#13563=PLANE('',#13562);
#13564=CARTESIAN_POINT('',(36.693819000000104,50.027777777777693,0.550000000000016));
#13565=VERTEX_POINT('',#13564);
#13566=CARTESIAN_POINT('',(36.693819000000104,50.027777777777693,0.550000000000018));
#13567=DIRECTION('',(0.0,-1.0,0.0));
#13568=VECTOR('',#13567,0.177777777777798);
#13569=LINE('',#13566,#13568);
#13570=EDGE_CURVE('',#13565,#13470,#13569,.T.);
#13571=ORIENTED_EDGE('',*,*,#13570,.F.);
#13572=CARTESIAN_POINT('',(36.693819000000104,50.863333333333294,-1.049999999999980));
#13573=VERTEX_POINT('',#13572);
#13574=CARTESIAN_POINT('',(36.693819000000104,50.027777777777686,0.550000000000011));
#13575=DIRECTION('',(0.0,0.462902565911236,-0.886409168766204));
#13576=VECTOR('',#13575,1.805035480654001);
#13577=LINE('',#13574,#13576);
#13578=EDGE_CURVE('',#13565,#13573,#13577,.T.);
#13579=ORIENTED_EDGE('',*,*,#13578,.T.);
#13580=CARTESIAN_POINT('',(36.693819000000104,54.900000000000020,-1.049999999999980));
#13581=VERTEX_POINT('',#13580);
#13582=CARTESIAN_POINT('',(36.693819000000104,50.863333333333294,-1.049999999999980));
#13583=DIRECTION('',(0.0,1.0,0.0));
#13584=VECTOR('',#13583,4.036666666666726);
#13585=LINE('',#13582,#13584);
#13586=EDGE_CURVE('',#13573,#13581,#13585,.T.);
#13587=ORIENTED_EDGE('',*,*,#13586,.T.);
#13588=CARTESIAN_POINT('',(36.693819000000104,54.900000000000020,7.000000000000003));
#13589=VERTEX_POINT('',#13588);
#13590=CARTESIAN_POINT('',(36.693819000000104,54.900000000000020,-1.049999999999980));
#13591=DIRECTION('',(0.0,0.0,1.0));
#13592=VECTOR('',#13591,8.049999999999981);
#13593=LINE('',#13590,#13592);
#13594=EDGE_CURVE('',#13581,#13589,#13593,.T.);
#13595=ORIENTED_EDGE('',*,*,#13594,.T.);
#13596=CARTESIAN_POINT('',(36.693819000000104,51.624999999999929,7.000000000000003));
#13597=VERTEX_POINT('',#13596);
#13598=CARTESIAN_POINT('',(36.693819000000104,51.624999999999929,7.000000000000011));
#13599=DIRECTION('',(0.0,1.0,0.0));
#13600=VECTOR('',#13599,3.275000000000091);
#13601=LINE('',#13598,#13600);
#13602=EDGE_CURVE('',#13597,#13589,#13601,.T.);
#13603=ORIENTED_EDGE('',*,*,#13602,.F.);
#13604=CARTESIAN_POINT('',(36.693819000000104,51.624999999999929,1.550000000000010));
#13605=VERTEX_POINT('',#13604);
#13606=CARTESIAN_POINT('',(36.693819000000104,51.624999999999929,7.000000000000003));
#13607=DIRECTION('',(0.0,0.0,-1.0));
#13608=VECTOR('',#13607,5.449999999999992);
#13609=LINE('',#13606,#13608);
#13610=EDGE_CURVE('',#13597,#13605,#13609,.T.);
#13611=ORIENTED_EDGE('',*,*,#13610,.T.);
#13612=CARTESIAN_POINT('',(36.693819000000104,50.624999999999915,1.550000000000010));
#13613=VERTEX_POINT('',#13612);
#13614=CARTESIAN_POINT('',(36.693819000000104,50.624999999999915,1.550000000000020));
#13615=DIRECTION('',(0.0,1.0,0.0));
#13616=VECTOR('',#13615,1.000000000000014);
#13617=LINE('',#13614,#13616);
#13618=EDGE_CURVE('',#13613,#13605,#13617,.T.);
#13619=ORIENTED_EDGE('',*,*,#13618,.F.);
#13620=CARTESIAN_POINT('',(36.693819000000104,50.624999999999915,7.000000000000011));
#13621=VERTEX_POINT('',#13620);
#13622=CARTESIAN_POINT('',(36.693819000000104,50.624999999999915,1.550000000000010));
#13623=DIRECTION('',(0.0,0.0,1.0));
#13624=VECTOR('',#13623,5.450000000000001);
#13625=LINE('',#13622,#13624);
#13626=EDGE_CURVE('',#13613,#13621,#13625,.T.);
#13627=ORIENTED_EDGE('',*,*,#13626,.T.);
#13628=CARTESIAN_POINT('',(36.693819000000104,49.849999999999895,7.000000000000011));
#13629=DIRECTION('',(0.0,1.0,0.0));
#13630=VECTOR('',#13629,0.775000000000013);
#13631=LINE('',#13628,#13630);
#13632=EDGE_CURVE('',#13478,#13621,#13631,.T.);
#13633=ORIENTED_EDGE('',*,*,#13632,.F.);
#13634=ORIENTED_EDGE('',*,*,#13483,.F.);
#13635=EDGE_LOOP('',(#13571,#13579,#13587,#13595,#13603,#13611,#13619,#13627,#13633,#13634));
#13636=FACE_OUTER_BOUND('',#13635,.T.);
#13637=ADVANCED_FACE('',(#13636),#13563,.T.);
#13638=CARTESIAN_POINT('',(34.127289000000005,54.900000000000020,0.0));
#13639=DIRECTION('',(0.0,1.0,0.0));
#13640=DIRECTION('',(0.0,0.0,1.0));
#13641=AXIS2_PLACEMENT_3D('',#13638,#13639,#13640);
#13642=PLANE('',#13641);
#13643=CARTESIAN_POINT('',(29.827289000000000,54.900000000000020,0.550000000000011));
#13644=VERTEX_POINT('',#13643);
#13645=CARTESIAN_POINT('',(35.993819000000101,54.900000000000020,0.550000000000011));
#13646=VERTEX_POINT('',#13645);
#13647=CARTESIAN_POINT('',(29.827289000000000,54.900000000000020,0.550000000000011));
#13648=DIRECTION('',(1.0,0.0,0.0));
#13649=VECTOR('',#13648,6.166530000000101);
#13650=LINE('',#13647,#13649);
#13651=EDGE_CURVE('',#13644,#13646,#13650,.T.);
#13652=ORIENTED_EDGE('',*,*,#13651,.F.);
#13653=CARTESIAN_POINT('',(29.827289000000000,54.900000000000020,-1.049999999999990));
#13654=VERTEX_POINT('',#13653);
#13655=CARTESIAN_POINT('',(29.827289000000000,54.900000000000020,-1.049999999999990));
#13656=DIRECTION('',(0.0,0.0,1.0));
#13657=VECTOR('',#13656,1.600000000000001);
#13658=LINE('',#13655,#13657);
#13659=EDGE_CURVE('',#13654,#13644,#13658,.T.);
#13660=ORIENTED_EDGE('',*,*,#13659,.F.);
#13661=CARTESIAN_POINT('',(29.827289000000000,54.900000000000020,-1.049999999999990));
#13662=DIRECTION('',(-1.0,0.0,0.0));
#13663=VECTOR('',#13662,0.699999999999999);
#13664=LINE('',#13661,#13663);
#13665=EDGE_CURVE('',#13654,#13440,#13664,.T.);
#13666=ORIENTED_EDGE('',*,*,#13665,.T.);
#13667=ORIENTED_EDGE('',*,*,#13445,.F.);
#13668=CARTESIAN_POINT('',(36.693819000000104,54.900000000000020,7.000000000000003));
#13669=DIRECTION('',(-1.0,0.0,0.0));
#13670=VECTOR('',#13669,7.566530000000100);
#13671=LINE('',#13668,#13670);
#13672=EDGE_CURVE('',#13589,#13432,#13671,.T.);
#13673=ORIENTED_EDGE('',*,*,#13672,.F.);
#13674=ORIENTED_EDGE('',*,*,#13594,.F.);
#13675=CARTESIAN_POINT('',(35.993819000000101,54.900000000000020,-1.049999999999980));
#13676=VERTEX_POINT('',#13675);
#13677=CARTESIAN_POINT('',(36.693819000000104,54.900000000000020,-1.049999999999980));
#13678=DIRECTION('',(-1.0,0.0,0.0));
#13679=VECTOR('',#13678,0.699999999999996);
#13680=LINE('',#13677,#13679);
#13681=EDGE_CURVE('',#13581,#13676,#13680,.T.);
#13682=ORIENTED_EDGE('',*,*,#13681,.T.);
#13683=CARTESIAN_POINT('',(35.993819000000101,54.900000000000020,-1.049999999999980));
#13684=DIRECTION('',(0.0,0.0,1.0));
#13685=VECTOR('',#13684,1.599999999999991);
#13686=LINE('',#13683,#13685);
#13687=EDGE_CURVE('',#13676,#13646,#13686,.T.);
#13688=ORIENTED_EDGE('',*,*,#13687,.T.);
#13689=EDGE_LOOP('',(#13652,#13660,#13666,#13667,#13673,#13674,#13682,#13688));
#13690=FACE_OUTER_BOUND('',#13689,.T.);
#13691=ADVANCED_FACE('',(#13690),#13642,.T.);
#13692=CARTESIAN_POINT('',(39.127289000000005,51.624999999999929,7.000000000000003));
#13693=DIRECTION('',(0.0,1.0,0.0));
#13694=DIRECTION('',(0.0,0.0,1.0));
#13695=AXIS2_PLACEMENT_3D('',#13692,#13693,#13694);
#13696=PLANE('',#13695);
#13697=ORIENTED_EDGE('',*,*,#13429,.T.);
#13698=CARTESIAN_POINT('',(29.902289000000003,51.624999999999929,1.550000000000010));
#13699=VERTEX_POINT('',#13698);
#13700=CARTESIAN_POINT('',(29.127289000000005,51.624999999999929,1.550000000000010));
#13701=DIRECTION('',(1.0,0.0,0.0));
#13702=VECTOR('',#13701,0.775000000000002);
#13703=LINE('',#13700,#13702);
#13704=EDGE_CURVE('',#13416,#13699,#13703,.T.);
#13705=ORIENTED_EDGE('',*,*,#13704,.T.);
#13706=CARTESIAN_POINT('',(29.902289000000003,51.624999999999929,3.200000000000002));
#13707=VERTEX_POINT('',#13706);
#13708=CARTESIAN_POINT('',(29.902289000000003,51.624999999999929,3.200000000000002));
#13709=DIRECTION('',(0.0,0.0,-1.0));
#13710=VECTOR('',#13709,1.649999999999992);
#13711=LINE('',#13708,#13710);
#13712=EDGE_CURVE('',#13707,#13699,#13711,.T.);
#13713=ORIENTED_EDGE('',*,*,#13712,.F.);
#13714=CARTESIAN_POINT('',(29.827289000000000,51.624999999999929,3.200000000000002));
#13715=VERTEX_POINT('',#13714);
#13716=CARTESIAN_POINT('',(29.827289000000000,51.624999999999929,3.200000000000002));
#13717=DIRECTION('',(1.0,0.0,0.0));
#13718=VECTOR('',#13717,0.075000000000003);
#13719=LINE('',#13716,#13718);
#13720=EDGE_CURVE('',#13715,#13707,#13719,.T.);
#13721=ORIENTED_EDGE('',*,*,#13720,.F.);
#13722=CARTESIAN_POINT('',(29.827289000000000,51.624999999999929,7.000000000000003));
#13723=VERTEX_POINT('',#13722);
#13724=CARTESIAN_POINT('',(29.827289000000000,51.624999999999929,7.000000000000003));
#13725=DIRECTION('',(0.0,0.0,-1.0));
#13726=VECTOR('',#13725,3.800000000000002);
#13727=LINE('',#13724,#13726);
#13728=EDGE_CURVE('',#13723,#13715,#13727,.T.);
#13729=ORIENTED_EDGE('',*,*,#13728,.F.);
#13730=CARTESIAN_POINT('',(29.127289000000005,51.624999999999929,7.000000000000003));
#13731=DIRECTION('',(1.0,0.0,0.0));
#13732=VECTOR('',#13731,0.699999999999999);
#13733=LINE('',#13730,#13732);
#13734=EDGE_CURVE('',#13424,#13723,#13733,.T.);
#13735=ORIENTED_EDGE('',*,*,#13734,.F.);
#13736=EDGE_LOOP('',(#13697,#13705,#13713,#13721,#13729,#13735));
#13737=FACE_OUTER_BOUND('',#13736,.T.);
#13738=ADVANCED_FACE('',(#13737),#13696,.F.);
#13739=CARTESIAN_POINT('',(31.497227126848699,53.000000000000028,4.901261798566560));
#13740=DIRECTION('',(0.0,-1.0,0.0));
#13741=DIRECTION('',(0.0,0.0,-1.0));
#13742=AXIS2_PLACEMENT_3D('',#13739,#13740,#13741);
#13743=PLANE('',#13742);
#13744=CARTESIAN_POINT('',(35.918819000000099,53.000000000000028,7.000000000000003));
#13745=VERTEX_POINT('',#13744);
#13746=CARTESIAN_POINT('',(35.993819000000101,53.000000000000028,7.000000000000003));
#13747=VERTEX_POINT('',#13746);
#13748=CARTESIAN_POINT('',(35.918819000000099,53.000000000000028,7.000000000000011));
#13749=DIRECTION('',(1.0,0.0,0.0));
#13750=VECTOR('',#13749,0.075000000000003);
#13751=LINE('',#13748,#13750);
#13752=EDGE_CURVE('',#13745,#13747,#13751,.T.);
#13753=ORIENTED_EDGE('',*,*,#13752,.F.);
#13754=CARTESIAN_POINT('',(35.918819000000099,53.000000000000028,3.200000000000010));
#13755=VERTEX_POINT('',#13754);
#13756=CARTESIAN_POINT('',(35.918819000000099,53.000000000000028,3.200000000000010));
#13757=DIRECTION('',(0.0,0.0,1.0));
#13758=VECTOR('',#13757,3.799999999999993);
#13759=LINE('',#13756,#13758);
#13760=EDGE_CURVE('',#13755,#13745,#13759,.T.);
#13761=ORIENTED_EDGE('',*,*,#13760,.F.);
#13762=CARTESIAN_POINT('',(35.993819000000101,53.000000000000028,3.200000000000010));
#13763=VERTEX_POINT('',#13762);
#13764=CARTESIAN_POINT('',(35.993819000000101,53.000000000000028,3.200000000000010));
#13765=DIRECTION('',(-1.0,0.0,0.0));
#13766=VECTOR('',#13765,0.075000000000003);
#13767=LINE('',#13764,#13766);
#13768=EDGE_CURVE('',#13763,#13755,#13767,.T.);
#13769=ORIENTED_EDGE('',*,*,#13768,.F.);
#13770=CARTESIAN_POINT('',(35.993819000000101,53.000000000000028,7.000000000000003));
#13771=DIRECTION('',(0.0,0.0,-1.0));
#13772=VECTOR('',#13771,3.799999999999993);
#13773=LINE('',#13770,#13772);
#13774=EDGE_CURVE('',#13747,#13763,#13773,.T.);
#13775=ORIENTED_EDGE('',*,*,#13774,.F.);
#13776=EDGE_LOOP('',(#13753,#13761,#13769,#13775));
#13777=FACE_OUTER_BOUND('',#13776,.T.);
#13778=ADVANCED_FACE('',(#13777),#13743,.T.);
#13779=CARTESIAN_POINT('',(29.827289000000000,49.849999999999895,3.200000000000002));
#13780=DIRECTION('',(0.0,0.0,-1.0));
#13781=DIRECTION('',(-1.0,0.0,0.0));
#13782=AXIS2_PLACEMENT_3D('',#13779,#13780,#13781);
#13783=PLANE('',#13782);
#13784=CARTESIAN_POINT('',(30.827289000000000,50.624999999999915,3.200000000000002));
#13785=VERTEX_POINT('',#13784);
#13786=CARTESIAN_POINT('',(29.827289000000000,50.624999999999915,3.200000000000002));
#13787=VERTEX_POINT('',#13786);
#13788=CARTESIAN_POINT('',(30.827289000000000,50.624999999999915,3.200000000000002));
#13789=DIRECTION('',(-1.0,0.0,0.0));
#13790=VECTOR('',#13789,1.0);
#13791=LINE('',#13788,#13790);
#13792=EDGE_CURVE('',#13785,#13787,#13791,.T.);
#13793=ORIENTED_EDGE('',*,*,#13792,.T.);
#13794=CARTESIAN_POINT('',(29.827289000000000,50.624999999999915,3.200000000000002));
#13795=DIRECTION('',(0.0,-1.0,0.0));
#13796=VECTOR('',#13795,0.775000000000013);
#13797=LINE('',#13794,#13796);
#13798=EDGE_CURVE('',#13787,#13534,#13797,.T.);
#13799=ORIENTED_EDGE('',*,*,#13798,.T.);
#13800=ORIENTED_EDGE('',*,*,#13539,.F.);
#13801=CARTESIAN_POINT('',(30.827289000000000,50.624999999999915,3.200000000000002));
#13802=DIRECTION('',(0.0,-1.0,0.0));
#13803=VECTOR('',#13802,0.775000000000013);
#13804=LINE('',#13801,#13803);
#13805=EDGE_CURVE('',#13785,#13526,#13804,.T.);
#13806=ORIENTED_EDGE('',*,*,#13805,.F.);
#13807=EDGE_LOOP('',(#13793,#13799,#13800,#13806));
#13808=FACE_OUTER_BOUND('',#13807,.T.);
#13809=ADVANCED_FACE('',(#13808),#13783,.F.);
#13810=CARTESIAN_POINT('',(29.827289000000000,49.849999999999895,7.000000000000003));
#13811=DIRECTION('',(-1.0,0.0,0.0));
#13812=DIRECTION('',(0.0,0.0,1.0));
#13813=AXIS2_PLACEMENT_3D('',#13810,#13811,#13812);
#13814=PLANE('',#13813);
#13815=CARTESIAN_POINT('',(29.827289000000000,50.624999999999915,7.000000000000003));
#13816=VERTEX_POINT('',#13815);
#13817=CARTESIAN_POINT('',(29.827289000000000,50.624999999999915,3.200000000000002));
#13818=DIRECTION('',(0.0,0.0,1.0));
#13819=VECTOR('',#13818,3.800000000000002);
#13820=LINE('',#13817,#13819);
#13821=EDGE_CURVE('',#13787,#13816,#13820,.T.);
#13822=ORIENTED_EDGE('',*,*,#13821,.T.);
#13823=CARTESIAN_POINT('',(29.827289000000000,49.849999999999895,7.000000000000003));
#13824=DIRECTION('',(0.0,1.0,0.0));
#13825=VECTOR('',#13824,0.775000000000013);
#13826=LINE('',#13823,#13825);
#13827=EDGE_CURVE('',#13542,#13816,#13826,.T.);
#13828=ORIENTED_EDGE('',*,*,#13827,.F.);
#13829=ORIENTED_EDGE('',*,*,#13547,.F.);
#13830=ORIENTED_EDGE('',*,*,#13798,.F.);
#13831=EDGE_LOOP('',(#13822,#13828,#13829,#13830));
#13832=FACE_OUTER_BOUND('',#13831,.T.);
#13833=ADVANCED_FACE('',(#13832),#13814,.F.);
#13834=CARTESIAN_POINT('',(35.993819000000101,55.750000000000000,-0.449999999999982));
#13835=DIRECTION('',(-1.0,0.0,0.0));
#13836=DIRECTION('',(0.0,0.0,1.0));
#13837=AXIS2_PLACEMENT_3D('',#13834,#13835,#13836);
#13838=PLANE('',#13837);
#13839=CARTESIAN_POINT('',(35.993819000000101,50.027777777777693,0.550000000000016));
#13840=VERTEX_POINT('',#13839);
#13841=CARTESIAN_POINT('',(35.993819000000101,50.027777777777693,0.550000000000018));
#13842=DIRECTION('',(0.0,1.0,0.0));
#13843=VECTOR('',#13842,4.872222222222327);
#13844=LINE('',#13841,#13843);
#13845=EDGE_CURVE('',#13840,#13646,#13844,.T.);
#13846=ORIENTED_EDGE('',*,*,#13845,.T.);
#13847=ORIENTED_EDGE('',*,*,#13687,.F.);
#13848=CARTESIAN_POINT('',(35.993819000000002,50.863333333333202,-1.049999999999980));
#13849=VERTEX_POINT('',#13848);
#13850=CARTESIAN_POINT('',(35.993819000000101,54.900000000000020,-1.049999999999980));
#13851=DIRECTION('',(0.0,-1.0,0.0));
#13852=VECTOR('',#13851,4.036666666666818);
#13853=LINE('',#13850,#13852);
#13854=EDGE_CURVE('',#13676,#13849,#13853,.T.);
#13855=ORIENTED_EDGE('',*,*,#13854,.T.);
#13856=CARTESIAN_POINT('',(35.993819000000101,50.863333333333216,-1.049999999999970));
#13857=DIRECTION('',(0.0,-0.462902565911228,0.886409168766208));
#13858=VECTOR('',#13857,1.805035480653954);
#13859=LINE('',#13856,#13858);
#13860=EDGE_CURVE('',#13849,#13840,#13859,.T.);
#13861=ORIENTED_EDGE('',*,*,#13860,.T.);
#13862=EDGE_LOOP('',(#13846,#13847,#13855,#13861));
#13863=FACE_OUTER_BOUND('',#13862,.T.);
#13864=ADVANCED_FACE('',(#13863),#13838,.T.);
#13865=CARTESIAN_POINT('',(37.093423357197700,51.940814193274107,-1.049999999999990));
#13866=DIRECTION('',(0.0,0.0,-1.0));
#13867=DIRECTION('',(-1.0,0.0,0.0));
#13868=AXIS2_PLACEMENT_3D('',#13865,#13866,#13867);
#13869=PLANE('',#13868);
#13870=ORIENTED_EDGE('',*,*,#13665,.F.);
#13871=CARTESIAN_POINT('',(29.827289000000000,50.863333333333202,-1.049999999999990));
#13872=VERTEX_POINT('',#13871);
#13873=CARTESIAN_POINT('',(29.827289000000000,50.863333333333202,-1.049999999999990));
#13874=DIRECTION('',(0.0,1.0,0.0));
#13875=VECTOR('',#13874,4.036666666666818);
#13876=LINE('',#13873,#13875);
#13877=EDGE_CURVE('',#13872,#13654,#13876,.T.);
#13878=ORIENTED_EDGE('',*,*,#13877,.F.);
#13879=CARTESIAN_POINT('',(29.827289000000000,50.863333333333202,-1.049999999999990));
#13880=DIRECTION('',(-1.0,0.0,0.0));
#13881=VECTOR('',#13880,0.699999999999999);
#13882=LINE('',#13879,#13881);
#13883=EDGE_CURVE('',#13872,#13448,#13882,.T.);
#13884=ORIENTED_EDGE('',*,*,#13883,.T.);
#13885=ORIENTED_EDGE('',*,*,#13453,.F.);
#13886=EDGE_LOOP('',(#13870,#13878,#13884,#13885));
#13887=FACE_OUTER_BOUND('',#13886,.T.);
#13888=ADVANCED_FACE('',(#13887),#13869,.T.);
#13889=CARTESIAN_POINT('',(29.827289000000000,50.700000000000003,-0.449999999999989));
#13890=DIRECTION('',(1.0,0.0,0.0));
#13891=DIRECTION('',(0.0,0.0,-1.0));
#13892=AXIS2_PLACEMENT_3D('',#13889,#13890,#13891);
#13893=PLANE('',#13892);
#13894=CARTESIAN_POINT('',(29.827289000000000,50.027777777777693,0.550000000000011));
#13895=VERTEX_POINT('',#13894);
#13896=CARTESIAN_POINT('',(29.827289000000000,54.900000000000020,0.550000000000011));
#13897=DIRECTION('',(0.0,-1.0,0.0));
#13898=VECTOR('',#13897,4.872222222222327);
#13899=LINE('',#13896,#13898);
#13900=EDGE_CURVE('',#13644,#13895,#13899,.T.);
#13901=ORIENTED_EDGE('',*,*,#13900,.T.);
#13902=CARTESIAN_POINT('',(29.827289000000000,50.027777777777686,0.550000000000006));
#13903=DIRECTION('',(0.0,0.462902565911231,-0.886409168766207));
#13904=VECTOR('',#13903,1.805035480653959);
#13905=LINE('',#13902,#13904);
#13906=EDGE_CURVE('',#13895,#13872,#13905,.T.);
#13907=ORIENTED_EDGE('',*,*,#13906,.T.);
#13908=ORIENTED_EDGE('',*,*,#13877,.T.);
#13909=ORIENTED_EDGE('',*,*,#13659,.T.);
#13910=EDGE_LOOP('',(#13901,#13907,#13908,#13909));
#13911=FACE_OUTER_BOUND('',#13910,.T.);
#13912=ADVANCED_FACE('',(#13911),#13893,.T.);
#13913=CARTESIAN_POINT('',(25.693816600000101,50.549999999999898,-0.449999999999982));
#13914=DIRECTION('',(0.0,0.886409168766203,0.462902565911239));
#13915=DIRECTION('',(0.0,-0.462902565911239,0.886409168766203));
#13916=AXIS2_PLACEMENT_3D('',#13913,#13914,#13915);
#13917=PLANE('',#13916);
#13918=ORIENTED_EDGE('',*,*,#13578,.F.);
#13919=CARTESIAN_POINT('',(35.993819000000101,50.027777777777693,0.550000000000018));
#13920=DIRECTION('',(1.0,0.0,0.0));
#13921=VECTOR('',#13920,0.699999999999996);
#13922=LINE('',#13919,#13921);
#13923=EDGE_CURVE('',#13840,#13565,#13922,.T.);
#13924=ORIENTED_EDGE('',*,*,#13923,.F.);
#13925=ORIENTED_EDGE('',*,*,#13860,.F.);
#13926=CARTESIAN_POINT('',(36.693819000000104,50.863333333333294,-1.049999999999980));
#13927=DIRECTION('',(-1.0,0.0,0.0));
#13928=VECTOR('',#13927,0.700000000000095);
#13929=LINE('',#13926,#13928);
#13930=EDGE_CURVE('',#13573,#13849,#13929,.T.);
#13931=ORIENTED_EDGE('',*,*,#13930,.F.);
#13932=EDGE_LOOP('',(#13918,#13924,#13925,#13931));
#13933=FACE_OUTER_BOUND('',#13932,.T.);
#13934=ADVANCED_FACE('',(#13933),#13917,.F.);
#13935=CARTESIAN_POINT('',(0.0,0.0,7.000000000000003));
#13936=DIRECTION('',(0.0,0.0,1.0));
#13937=DIRECTION('',(1.0,0.0,0.0));
#13938=AXIS2_PLACEMENT_3D('',#13935,#13936,#13937);
#13939=PLANE('',#13938);
#13940=ORIENTED_EDGE('',*,*,#13672,.T.);
#13941=ORIENTED_EDGE('',*,*,#13437,.F.);
#13942=ORIENTED_EDGE('',*,*,#13734,.T.);
#13943=CARTESIAN_POINT('',(29.827289000000000,53.000000000000028,7.000000000000003));
#13944=VERTEX_POINT('',#13943);
#13945=CARTESIAN_POINT('',(29.827289000000000,51.624999999999929,7.000000000000003));
#13946=DIRECTION('',(0.0,1.0,0.0));
#13947=VECTOR('',#13946,1.375000000000100);
#13948=LINE('',#13945,#13947);
#13949=EDGE_CURVE('',#13723,#13944,#13948,.T.);
#13950=ORIENTED_EDGE('',*,*,#13949,.T.);
#13951=CARTESIAN_POINT('',(29.902289000000003,53.000000000000028,7.000000000000003));
#13952=VERTEX_POINT('',#13951);
#13953=CARTESIAN_POINT('',(29.902289000000003,53.000000000000028,7.000000000000003));
#13954=DIRECTION('',(-1.0,0.0,0.0));
#13955=VECTOR('',#13954,0.075000000000003);
#13956=LINE('',#13953,#13955);
#13957=EDGE_CURVE('',#13952,#13944,#13956,.T.);
#13958=ORIENTED_EDGE('',*,*,#13957,.F.);
#13959=CARTESIAN_POINT('',(29.902289000000003,54.125000000000021,7.000000000000003));
#13960=VERTEX_POINT('',#13959);
#13961=CARTESIAN_POINT('',(29.902289000000003,53.000000000000028,7.000000000000003));
#13962=DIRECTION('',(0.0,1.0,0.0));
#13963=VECTOR('',#13962,1.125000000000000);
#13964=LINE('',#13961,#13963);
#13965=EDGE_CURVE('',#13952,#13960,#13964,.T.);
#13966=ORIENTED_EDGE('',*,*,#13965,.T.);
#13967=CARTESIAN_POINT('',(35.918819000000099,54.125000000000021,7.000000000000003));
#13968=VERTEX_POINT('',#13967);
#13969=CARTESIAN_POINT('',(35.918819000000099,54.125000000000021,7.000000000000003));
#13970=DIRECTION('',(-1.0,0.0,0.0));
#13971=VECTOR('',#13970,6.016530000000095);
#13972=LINE('',#13969,#13971);
#13973=EDGE_CURVE('',#13968,#13960,#13972,.T.);
#13974=ORIENTED_EDGE('',*,*,#13973,.F.);
#13975=CARTESIAN_POINT('',(35.918819000000099,53.000000000000028,7.000000000000011));
#13976=DIRECTION('',(0.0,1.0,0.0));
#13977=VECTOR('',#13976,1.125000000000000);
#13978=LINE('',#13975,#13977);
#13979=EDGE_CURVE('',#13745,#13968,#13978,.T.);
#13980=ORIENTED_EDGE('',*,*,#13979,.F.);
#13981=ORIENTED_EDGE('',*,*,#13752,.T.);
#13982=CARTESIAN_POINT('',(35.993819000000101,51.624999999999929,7.000000000000003));
#13983=VERTEX_POINT('',#13982);
#13984=CARTESIAN_POINT('',(35.993819000000101,51.624999999999929,7.000000000000011));
#13985=DIRECTION('',(0.0,1.0,0.0));
#13986=VECTOR('',#13985,1.375000000000100);
#13987=LINE('',#13984,#13986);
#13988=EDGE_CURVE('',#13983,#13747,#13987,.T.);
#13989=ORIENTED_EDGE('',*,*,#13988,.F.);
#13990=CARTESIAN_POINT('',(36.693819000000104,51.624999999999929,7.000000000000011));
#13991=DIRECTION('',(-1.0,0.0,0.0));
#13992=VECTOR('',#13991,0.699999999999996);
#13993=LINE('',#13990,#13992);
#13994=EDGE_CURVE('',#13597,#13983,#13993,.T.);
#13995=ORIENTED_EDGE('',*,*,#13994,.F.);
#13996=ORIENTED_EDGE('',*,*,#13602,.T.);
#13997=EDGE_LOOP('',(#13940,#13941,#13942,#13950,#13958,#13966,#13974,#13980,#13981,#13989,#13995,#13996));
#13998=FACE_OUTER_BOUND('',#13997,.T.);
#13999=ADVANCED_FACE('',(#13998),#13939,.T.);
#14000=CARTESIAN_POINT('',(35.918819000000099,50.775000000000020,7.000000000000011));
#14001=DIRECTION('',(1.0,0.0,0.0));
#14002=DIRECTION('',(0.0,0.0,-1.0));
#14003=AXIS2_PLACEMENT_3D('',#14000,#14001,#14002);
#14004=PLANE('',#14003);
#14005=CARTESIAN_POINT('',(35.918819000000099,54.125000000000021,1.550000000000010));
#14006=VERTEX_POINT('',#14005);
#14007=CARTESIAN_POINT('',(35.918819000000099,54.125000000000021,7.000000000000003));
#14008=DIRECTION('',(0.0,0.0,-1.0));
#14009=VECTOR('',#14008,5.449999999999992);
#14010=LINE('',#14007,#14009);
#14011=EDGE_CURVE('',#13968,#14006,#14010,.T.);
#14012=ORIENTED_EDGE('',*,*,#14011,.T.);
#14013=CARTESIAN_POINT('',(35.918819000000099,51.624999999999929,1.550000000000010));
#14014=VERTEX_POINT('',#14013);
#14015=CARTESIAN_POINT('',(35.918819000000099,51.624999999999929,1.550000000000020));
#14016=DIRECTION('',(0.0,1.0,0.0));
#14017=VECTOR('',#14016,2.500000000000100);
#14018=LINE('',#14015,#14017);
#14019=EDGE_CURVE('',#14014,#14006,#14018,.T.);
#14020=ORIENTED_EDGE('',*,*,#14019,.F.);
#14021=CARTESIAN_POINT('',(35.918819000000099,51.624999999999929,3.200000000000010));
#14022=VERTEX_POINT('',#14021);
#14023=CARTESIAN_POINT('',(35.918819000000099,51.624999999999929,3.200000000000010));
#14024=DIRECTION('',(0.0,0.0,-1.0));
#14025=VECTOR('',#14024,1.650000000000000);
#14026=LINE('',#14023,#14025);
#14027=EDGE_CURVE('',#14022,#14014,#14026,.T.);
#14028=ORIENTED_EDGE('',*,*,#14027,.F.);
#14029=CARTESIAN_POINT('',(35.918819000000099,53.000000000000028,3.200000000000010));
#14030=DIRECTION('',(0.0,-1.0,0.0));
#14031=VECTOR('',#14030,1.375000000000100);
#14032=LINE('',#14029,#14031);
#14033=EDGE_CURVE('',#13755,#14022,#14032,.T.);
#14034=ORIENTED_EDGE('',*,*,#14033,.F.);
#14035=ORIENTED_EDGE('',*,*,#13760,.T.);
#14036=ORIENTED_EDGE('',*,*,#13979,.T.);
#14037=EDGE_LOOP('',(#14012,#14020,#14028,#14034,#14035,#14036));
#14038=FACE_OUTER_BOUND('',#14037,.T.);
#14039=ADVANCED_FACE('',(#14038),#14004,.F.);
#14040=CARTESIAN_POINT('',(29.902289000000003,54.975000000000023,7.000000000000003));
#14041=DIRECTION('',(-1.0,0.0,0.0));
#14042=DIRECTION('',(0.0,0.0,1.0));
#14043=AXIS2_PLACEMENT_3D('',#14040,#14041,#14042);
#14044=PLANE('',#14043);
#14045=ORIENTED_EDGE('',*,*,#13712,.T.);
#14046=CARTESIAN_POINT('',(29.902289000000003,54.125000000000021,1.550000000000010));
#14047=VERTEX_POINT('',#14046);
#14048=CARTESIAN_POINT('',(29.902289000000003,51.624999999999929,1.550000000000010));
#14049=DIRECTION('',(0.0,1.0,0.0));
#14050=VECTOR('',#14049,2.500000000000100);
#14051=LINE('',#14048,#14050);
#14052=EDGE_CURVE('',#13699,#14047,#14051,.T.);
#14053=ORIENTED_EDGE('',*,*,#14052,.T.);
#14054=CARTESIAN_POINT('',(29.902289000000003,54.125000000000021,7.000000000000003));
#14055=DIRECTION('',(0.0,0.0,-1.0));
#14056=VECTOR('',#14055,5.449999999999992);
#14057=LINE('',#14054,#14056);
#14058=EDGE_CURVE('',#13960,#14047,#14057,.T.);
#14059=ORIENTED_EDGE('',*,*,#14058,.F.);
#14060=ORIENTED_EDGE('',*,*,#13965,.F.);
#14061=CARTESIAN_POINT('',(29.902289000000003,53.000000000000028,3.200000000000002));
#14062=VERTEX_POINT('',#14061);
#14063=CARTESIAN_POINT('',(29.902289000000003,53.000000000000028,7.000000000000003));
#14064=DIRECTION('',(0.0,0.0,-1.0));
#14065=VECTOR('',#14064,3.800000000000002);
#14066=LINE('',#14063,#14065);
#14067=EDGE_CURVE('',#13952,#14062,#14066,.T.);
#14068=ORIENTED_EDGE('',*,*,#14067,.T.);
#14069=CARTESIAN_POINT('',(29.902289000000003,53.000000000000028,3.200000000000002));
#14070=DIRECTION('',(0.0,-1.0,0.0));
#14071=VECTOR('',#14070,1.375000000000100);
#14072=LINE('',#14069,#14071);
#14073=EDGE_CURVE('',#14062,#13707,#14072,.T.);
#14074=ORIENTED_EDGE('',*,*,#14073,.T.);
#14075=EDGE_LOOP('',(#14045,#14053,#14059,#14060,#14068,#14074));
#14076=FACE_OUTER_BOUND('',#14075,.T.);
#14077=ADVANCED_FACE('',(#14076),#14044,.F.);
#14078=CARTESIAN_POINT('',(43.352288999999999,54.125000000000021,7.000000000000003));
#14079=DIRECTION('',(0.0,1.0,0.0));
#14080=DIRECTION('',(0.0,0.0,1.0));
#14081=AXIS2_PLACEMENT_3D('',#14078,#14079,#14080);
#14082=PLANE('',#14081);
#14083=ORIENTED_EDGE('',*,*,#14058,.T.);
#14084=CARTESIAN_POINT('',(35.918819000000099,54.125000000000021,1.550000000000010));
#14085=DIRECTION('',(-1.0,0.0,0.0));
#14086=VECTOR('',#14085,6.016530000000095);
#14087=LINE('',#14084,#14086);
#14088=EDGE_CURVE('',#14006,#14047,#14087,.T.);
#14089=ORIENTED_EDGE('',*,*,#14088,.F.);
#14090=ORIENTED_EDGE('',*,*,#14011,.F.);
#14091=ORIENTED_EDGE('',*,*,#13973,.T.);
#14092=EDGE_LOOP('',(#14083,#14089,#14090,#14091));
#14093=FACE_OUTER_BOUND('',#14092,.T.);
#14094=ADVANCED_FACE('',(#14093),#14082,.F.);
#14095=CARTESIAN_POINT('',(-7.433469999999941,-0.150000000000077,7.000000000000011));
#14096=DIRECTION('',(0.0,0.0,1.0));
#14097=DIRECTION('',(1.0,0.0,0.0));
#14098=AXIS2_PLACEMENT_3D('',#14095,#14096,#14097);
#14099=PLANE('',#14098);
#14100=CARTESIAN_POINT('',(35.993819000000101,50.624999999999915,7.000000000000011));
#14101=VERTEX_POINT('',#14100);
#14102=CARTESIAN_POINT('',(36.693819000000104,50.624999999999915,7.000000000000011));
#14103=DIRECTION('',(-1.0,0.0,0.0));
#14104=VECTOR('',#14103,0.699999999999996);
#14105=LINE('',#14102,#14104);
#14106=EDGE_CURVE('',#13621,#14101,#14105,.T.);
#14107=ORIENTED_EDGE('',*,*,#14106,.T.);
#14108=CARTESIAN_POINT('',(35.993819000000101,50.624999999999915,7.000000000000011));
#14109=DIRECTION('',(0.0,-1.0,0.0));
#14110=VECTOR('',#14109,0.775000000000013);
#14111=LINE('',#14108,#14110);
#14112=EDGE_CURVE('',#14101,#13486,#14111,.T.);
#14113=ORIENTED_EDGE('',*,*,#14112,.T.);
#14114=ORIENTED_EDGE('',*,*,#13491,.F.);
#14115=ORIENTED_EDGE('',*,*,#13632,.T.);
#14116=EDGE_LOOP('',(#14107,#14113,#14114,#14115));
#14117=FACE_OUTER_BOUND('',#14116,.T.);
#14118=ADVANCED_FACE('',(#14117),#14099,.T.);
#14119=CARTESIAN_POINT('',(34.127289000000005,50.624999999999915,7.000000000000003));
#14120=DIRECTION('',(0.0,-1.0,0.0));
#14121=DIRECTION('',(0.0,0.0,-1.0));
#14122=AXIS2_PLACEMENT_3D('',#14119,#14120,#14121);
#14123=PLANE('',#14122);
#14124=CARTESIAN_POINT('',(36.693819000000104,50.624999999999915,1.550000000000010));
#14125=DIRECTION('',(-1.0,0.0,0.0));
#14126=VECTOR('',#14125,7.566530000000100);
#14127=LINE('',#14124,#14126);
#14128=EDGE_CURVE('',#13613,#13408,#14127,.T.);
#14129=ORIENTED_EDGE('',*,*,#14128,.T.);
#14130=ORIENTED_EDGE('',*,*,#13413,.T.);
#14131=CARTESIAN_POINT('',(29.127289000000005,50.624999999999915,7.000000000000003));
#14132=DIRECTION('',(1.0,0.0,0.0));
#14133=VECTOR('',#14132,0.699999999999999);
#14134=LINE('',#14131,#14133);
#14135=EDGE_CURVE('',#13400,#13816,#14134,.T.);
#14136=ORIENTED_EDGE('',*,*,#14135,.T.);
#14137=ORIENTED_EDGE('',*,*,#13821,.F.);
#14138=ORIENTED_EDGE('',*,*,#13792,.F.);
#14139=CARTESIAN_POINT('',(30.827289000000000,50.624999999999915,7.000000000000003));
#14140=VERTEX_POINT('',#14139);
#14141=CARTESIAN_POINT('',(30.827289000000000,50.624999999999915,3.200000000000002));
#14142=DIRECTION('',(0.0,0.0,1.0));
#14143=VECTOR('',#14142,3.800000000000002);
#14144=LINE('',#14141,#14143);
#14145=EDGE_CURVE('',#13785,#14140,#14144,.T.);
#14146=ORIENTED_EDGE('',*,*,#14145,.T.);
#14147=CARTESIAN_POINT('',(34.927289000000016,50.624999999999915,7.000000000000003));
#14148=VERTEX_POINT('',#14147);
#14149=CARTESIAN_POINT('',(34.927289000000016,50.624999999999915,7.000000000000003));
#14150=DIRECTION('',(-1.0,0.0,0.0));
#14151=VECTOR('',#14150,4.100000000000009);
#14152=LINE('',#14149,#14151);
#14153=EDGE_CURVE('',#14148,#14140,#14152,.T.);
#14154=ORIENTED_EDGE('',*,*,#14153,.F.);
#14155=CARTESIAN_POINT('',(34.927289000000016,50.624999999999915,3.200000000000010));
#14156=VERTEX_POINT('',#14155);
#14157=CARTESIAN_POINT('',(34.927289000000016,50.624999999999915,7.000000000000003));
#14158=DIRECTION('',(0.0,0.0,-1.0));
#14159=VECTOR('',#14158,3.799999999999993);
#14160=LINE('',#14157,#14159);
#14161=EDGE_CURVE('',#14148,#14156,#14160,.T.);
#14162=ORIENTED_EDGE('',*,*,#14161,.T.);
#14163=CARTESIAN_POINT('',(35.993819000000101,50.624999999999915,3.200000000000010));
#14164=VERTEX_POINT('',#14163);
#14165=CARTESIAN_POINT('',(35.993819000000101,50.624999999999915,3.200000000000010));
#14166=DIRECTION('',(-1.0,0.0,0.0));
#14167=VECTOR('',#14166,1.066530000000093);
#14168=LINE('',#14165,#14167);
#14169=EDGE_CURVE('',#14164,#14156,#14168,.T.);
#14170=ORIENTED_EDGE('',*,*,#14169,.F.);
#14171=CARTESIAN_POINT('',(35.993819000000101,50.624999999999915,7.000000000000011));
#14172=DIRECTION('',(0.0,0.0,-1.0));
#14173=VECTOR('',#14172,3.800000000000001);
#14174=LINE('',#14171,#14173);
#14175=EDGE_CURVE('',#14101,#14164,#14174,.T.);
#14176=ORIENTED_EDGE('',*,*,#14175,.F.);
#14177=ORIENTED_EDGE('',*,*,#14106,.F.);
#14178=ORIENTED_EDGE('',*,*,#13626,.F.);
#14179=EDGE_LOOP('',(#14129,#14130,#14136,#14137,#14138,#14146,#14154,#14162,#14170,#14176,#14177,#14178));
#14180=FACE_OUTER_BOUND('',#14179,.T.);
#14181=ADVANCED_FACE('',(#14180),#14123,.F.);
#14182=CARTESIAN_POINT('',(43.725626189347807,51.881451989981890,1.550000000000010));
#14183=DIRECTION('',(0.0,0.0,1.0));
#14184=DIRECTION('',(1.0,0.0,0.0));
#14185=AXIS2_PLACEMENT_3D('',#14182,#14183,#14184);
#14186=PLANE('',#14185);
#14187=ORIENTED_EDGE('',*,*,#14128,.F.);
#14188=ORIENTED_EDGE('',*,*,#13618,.T.);
#14189=CARTESIAN_POINT('',(35.918819000000099,51.624999999999929,1.550000000000020));
#14190=DIRECTION('',(1.0,0.0,0.0));
#14191=VECTOR('',#14190,0.774999999999999);
#14192=LINE('',#14189,#14191);
#14193=EDGE_CURVE('',#14014,#13605,#14192,.T.);
#14194=ORIENTED_EDGE('',*,*,#14193,.F.);
#14195=ORIENTED_EDGE('',*,*,#14019,.T.);
#14196=ORIENTED_EDGE('',*,*,#14088,.T.);
#14197=ORIENTED_EDGE('',*,*,#14052,.F.);
#14198=ORIENTED_EDGE('',*,*,#13704,.F.);
#14199=ORIENTED_EDGE('',*,*,#13421,.F.);
#14200=EDGE_LOOP('',(#14187,#14188,#14194,#14195,#14196,#14197,#14198,#14199));
#14201=FACE_OUTER_BOUND('',#14200,.T.);
#14202=ADVANCED_FACE('',(#14201),#14186,.T.);
#14203=CARTESIAN_POINT('',(-5.0,-0.150000000000091,7.000000000000003));
#14204=DIRECTION('',(0.0,0.0,1.0));
#14205=DIRECTION('',(1.0,0.0,0.0));
#14206=AXIS2_PLACEMENT_3D('',#14203,#14204,#14205);
#14207=PLANE('',#14206);
#14208=ORIENTED_EDGE('',*,*,#13827,.T.);
#14209=ORIENTED_EDGE('',*,*,#14135,.F.);
#14210=ORIENTED_EDGE('',*,*,#13405,.F.);
#14211=ORIENTED_EDGE('',*,*,#13553,.T.);
#14212=EDGE_LOOP('',(#14208,#14209,#14210,#14211));
#14213=FACE_OUTER_BOUND('',#14212,.T.);
#14214=ADVANCED_FACE('',(#14213),#14207,.T.);
#14215=CARTESIAN_POINT('',(0.0,-0.150000000000091,7.000000000000003));
#14216=DIRECTION('',(0.0,0.0,1.0));
#14217=DIRECTION('',(1.0,0.0,0.0));
#14218=AXIS2_PLACEMENT_3D('',#14215,#14216,#14217);
#14219=PLANE('',#14218);
#14220=CARTESIAN_POINT('',(30.827289000000000,49.849999999999895,7.000000000000003));
#14221=DIRECTION('',(0.0,1.0,0.0));
#14222=VECTOR('',#14221,0.775000000000013);
#14223=LINE('',#14220,#14222);
#14224=EDGE_CURVE('',#13518,#14140,#14223,.T.);
#14225=ORIENTED_EDGE('',*,*,#14224,.F.);
#14226=ORIENTED_EDGE('',*,*,#13523,.F.);
#14227=CARTESIAN_POINT('',(34.927289000000016,50.624999999999915,7.000000000000003));
#14228=DIRECTION('',(0.0,-1.0,0.0));
#14229=VECTOR('',#14228,0.775000000000013);
#14230=LINE('',#14227,#14229);
#14231=EDGE_CURVE('',#14148,#13510,#14230,.T.);
#14232=ORIENTED_EDGE('',*,*,#14231,.F.);
#14233=ORIENTED_EDGE('',*,*,#14153,.T.);
#14234=EDGE_LOOP('',(#14225,#14226,#14232,#14233));
#14235=FACE_OUTER_BOUND('',#14234,.T.);
#14236=ADVANCED_FACE('',(#14235),#14219,.T.);
#14237=CARTESIAN_POINT('',(30.827289000000000,49.849999999999895,3.200000000000002));
#14238=DIRECTION('',(1.0,0.0,0.0));
#14239=DIRECTION('',(0.0,0.0,-1.0));
#14240=AXIS2_PLACEMENT_3D('',#14237,#14238,#14239);
#14241=PLANE('',#14240);
#14242=ORIENTED_EDGE('',*,*,#14145,.F.);
#14243=ORIENTED_EDGE('',*,*,#13805,.T.);
#14244=ORIENTED_EDGE('',*,*,#13531,.T.);
#14245=ORIENTED_EDGE('',*,*,#14224,.T.);
#14246=EDGE_LOOP('',(#14242,#14243,#14244,#14245));
#14247=FACE_OUTER_BOUND('',#14246,.T.);
#14248=ADVANCED_FACE('',(#14247),#14241,.F.);
#14249=CARTESIAN_POINT('',(34.493819000000101,50.0,3.200000000000010));
#14250=DIRECTION('',(0.0,0.0,-1.0));
#14251=DIRECTION('',(-1.0,0.0,0.0));
#14252=AXIS2_PLACEMENT_3D('',#14249,#14250,#14251);
#14253=PLANE('',#14252);
#14254=CARTESIAN_POINT('',(35.993819000000101,51.624999999999929,3.200000000000010));
#14255=VERTEX_POINT('',#14254);
#14256=CARTESIAN_POINT('',(35.993819000000101,51.624999999999929,3.200000000000010));
#14257=DIRECTION('',(0.0,1.0,0.0));
#14258=VECTOR('',#14257,1.375000000000100);
#14259=LINE('',#14256,#14258);
#14260=EDGE_CURVE('',#14255,#13763,#14259,.T.);
#14261=ORIENTED_EDGE('',*,*,#14260,.T.);
#14262=ORIENTED_EDGE('',*,*,#13768,.T.);
#14263=ORIENTED_EDGE('',*,*,#14033,.T.);
#14264=CARTESIAN_POINT('',(35.993819000000101,51.624999999999929,3.200000000000010));
#14265=DIRECTION('',(-1.0,0.0,0.0));
#14266=VECTOR('',#14265,0.075000000000003);
#14267=LINE('',#14264,#14266);
#14268=EDGE_CURVE('',#14255,#14022,#14267,.T.);
#14269=ORIENTED_EDGE('',*,*,#14268,.F.);
#14270=EDGE_LOOP('',(#14261,#14262,#14263,#14269));
#14271=FACE_OUTER_BOUND('',#14270,.T.);
#14272=ADVANCED_FACE('',(#14271),#14253,.F.);
#14273=CARTESIAN_POINT('',(29.827289000000000,50.0,3.200000000000002));
#14274=DIRECTION('',(0.0,0.0,-1.0));
#14275=DIRECTION('',(-1.0,0.0,0.0));
#14276=AXIS2_PLACEMENT_3D('',#14273,#14274,#14275);
#14277=PLANE('',#14276);
#14278=ORIENTED_EDGE('',*,*,#13720,.T.);
#14279=ORIENTED_EDGE('',*,*,#14073,.F.);
#14280=CARTESIAN_POINT('',(29.827289000000000,53.000000000000028,3.200000000000002));
#14281=VERTEX_POINT('',#14280);
#14282=CARTESIAN_POINT('',(29.827289000000000,53.000000000000028,3.200000000000002));
#14283=DIRECTION('',(1.0,0.0,0.0));
#14284=VECTOR('',#14283,0.075000000000003);
#14285=LINE('',#14282,#14284);
#14286=EDGE_CURVE('',#14281,#14062,#14285,.T.);
#14287=ORIENTED_EDGE('',*,*,#14286,.F.);
#14288=CARTESIAN_POINT('',(29.827289000000000,51.624999999999929,3.200000000000002));
#14289=DIRECTION('',(0.0,1.0,0.0));
#14290=VECTOR('',#14289,1.375000000000100);
#14291=LINE('',#14288,#14290);
#14292=EDGE_CURVE('',#13715,#14281,#14291,.T.);
#14293=ORIENTED_EDGE('',*,*,#14292,.F.);
#14294=EDGE_LOOP('',(#14278,#14279,#14287,#14293));
#14295=FACE_OUTER_BOUND('',#14294,.T.);
#14296=ADVANCED_FACE('',(#14295),#14277,.F.);
#14297=CARTESIAN_POINT('',(29.827289000000000,50.0,7.000000000000003));
#14298=DIRECTION('',(-1.0,0.0,0.0));
#14299=DIRECTION('',(0.0,0.0,1.0));
#14300=AXIS2_PLACEMENT_3D('',#14297,#14298,#14299);
#14301=PLANE('',#14300);
#14302=ORIENTED_EDGE('',*,*,#14292,.T.);
#14303=CARTESIAN_POINT('',(29.827289000000000,53.000000000000028,7.000000000000003));
#14304=DIRECTION('',(0.0,0.0,-1.0));
#14305=VECTOR('',#14304,3.800000000000002);
#14306=LINE('',#14303,#14305);
#14307=EDGE_CURVE('',#13944,#14281,#14306,.T.);
#14308=ORIENTED_EDGE('',*,*,#14307,.F.);
#14309=ORIENTED_EDGE('',*,*,#13949,.F.);
#14310=ORIENTED_EDGE('',*,*,#13728,.T.);
#14311=EDGE_LOOP('',(#14302,#14308,#14309,#14310));
#14312=FACE_OUTER_BOUND('',#14311,.T.);
#14313=ADVANCED_FACE('',(#14312),#14301,.F.);
#14314=CARTESIAN_POINT('',(33.930697126848600,53.000000000000028,4.901261798566550));
#14315=DIRECTION('',(0.0,-1.0,0.0));
#14316=DIRECTION('',(0.0,0.0,-1.0));
#14317=AXIS2_PLACEMENT_3D('',#14314,#14315,#14316);
#14318=PLANE('',#14317);
#14319=ORIENTED_EDGE('',*,*,#14067,.F.);
#14320=ORIENTED_EDGE('',*,*,#13957,.T.);
#14321=ORIENTED_EDGE('',*,*,#14307,.T.);
#14322=ORIENTED_EDGE('',*,*,#14286,.T.);
#14323=EDGE_LOOP('',(#14319,#14320,#14321,#14322));
#14324=FACE_OUTER_BOUND('',#14323,.T.);
#14325=ADVANCED_FACE('',(#14324),#14318,.T.);
#14326=CARTESIAN_POINT('',(35.993819000000101,49.849999999999895,3.200000000000010));
#14327=DIRECTION('',(1.0,0.0,0.0));
#14328=DIRECTION('',(0.0,0.0,-1.0));
#14329=AXIS2_PLACEMENT_3D('',#14326,#14327,#14328);
#14330=PLANE('',#14329);
#14331=ORIENTED_EDGE('',*,*,#14175,.T.);
#14332=CARTESIAN_POINT('',(35.993819000000101,50.624999999999915,3.200000000000010));
#14333=DIRECTION('',(0.0,-1.0,0.0));
#14334=VECTOR('',#14333,0.775000000000013);
#14335=LINE('',#14332,#14334);
#14336=EDGE_CURVE('',#14164,#13494,#14335,.T.);
#14337=ORIENTED_EDGE('',*,*,#14336,.T.);
#14338=ORIENTED_EDGE('',*,*,#13499,.F.);
#14339=ORIENTED_EDGE('',*,*,#14112,.F.);
#14340=EDGE_LOOP('',(#14331,#14337,#14338,#14339));
#14341=FACE_OUTER_BOUND('',#14340,.T.);
#14342=ADVANCED_FACE('',(#14341),#14330,.F.);
#14343=CARTESIAN_POINT('',(32.927289000000009,49.849999999999895,3.200000000000010));
#14344=DIRECTION('',(0.0,0.0,-1.0));
#14345=DIRECTION('',(-1.0,0.0,0.0));
#14346=AXIS2_PLACEMENT_3D('',#14343,#14344,#14345);
#14347=PLANE('',#14346);
#14348=ORIENTED_EDGE('',*,*,#14169,.T.);
#14349=CARTESIAN_POINT('',(34.927289000000016,49.849999999999895,3.200000000000010));
#14350=DIRECTION('',(0.0,1.0,0.0));
#14351=VECTOR('',#14350,0.775000000000013);
#14352=LINE('',#14349,#14351);
#14353=EDGE_CURVE('',#13502,#14156,#14352,.T.);
#14354=ORIENTED_EDGE('',*,*,#14353,.F.);
#14355=ORIENTED_EDGE('',*,*,#13507,.F.);
#14356=ORIENTED_EDGE('',*,*,#14336,.F.);
#14357=EDGE_LOOP('',(#14348,#14354,#14355,#14356));
#14358=FACE_OUTER_BOUND('',#14357,.T.);
#14359=ADVANCED_FACE('',(#14358),#14347,.F.);
#14360=CARTESIAN_POINT('',(34.927289000000016,49.849999999999895,7.000000000000011));
#14361=DIRECTION('',(-1.0,0.0,0.0));
#14362=DIRECTION('',(0.0,0.0,1.0));
#14363=AXIS2_PLACEMENT_3D('',#14360,#14361,#14362);
#14364=PLANE('',#14363);
#14365=ORIENTED_EDGE('',*,*,#14161,.F.);
#14366=ORIENTED_EDGE('',*,*,#14231,.T.);
#14367=ORIENTED_EDGE('',*,*,#13515,.T.);
#14368=ORIENTED_EDGE('',*,*,#14353,.T.);
#14369=EDGE_LOOP('',(#14365,#14366,#14367,#14368));
#14370=FACE_OUTER_BOUND('',#14369,.T.);
#14371=ADVANCED_FACE('',(#14370),#14364,.F.);
#14372=CARTESIAN_POINT('',(34.659953357197701,51.940814193274107,-1.049999999999980));
#14373=DIRECTION('',(0.0,0.0,-1.0));
#14374=DIRECTION('',(-1.0,0.0,0.0));
#14375=AXIS2_PLACEMENT_3D('',#14372,#14373,#14374);
#14376=PLANE('',#14375);
#14377=ORIENTED_EDGE('',*,*,#13681,.F.);
#14378=ORIENTED_EDGE('',*,*,#13586,.F.);
#14379=ORIENTED_EDGE('',*,*,#13930,.T.);
#14380=ORIENTED_EDGE('',*,*,#13854,.F.);
#14381=EDGE_LOOP('',(#14377,#14378,#14379,#14380));
#14382=FACE_OUTER_BOUND('',#14381,.T.);
#14383=ADVANCED_FACE('',(#14382),#14376,.T.);
#14384=CARTESIAN_POINT('',(28.127286600000005,50.549999999999898,-0.449999999999989));
#14385=DIRECTION('',(0.0,0.886409168766203,0.462902565911239));
#14386=DIRECTION('',(0.0,-0.462902565911239,0.886409168766203));
#14387=AXIS2_PLACEMENT_3D('',#14384,#14385,#14386);
#14388=PLANE('',#14387);
#14389=ORIENTED_EDGE('',*,*,#13459,.T.);
#14390=ORIENTED_EDGE('',*,*,#13883,.F.);
#14391=ORIENTED_EDGE('',*,*,#13906,.F.);
#14392=CARTESIAN_POINT('',(29.127289000000005,50.027777777777693,0.550000000000011));
#14393=DIRECTION('',(1.0,0.0,0.0));
#14394=VECTOR('',#14393,0.699999999999999);
#14395=LINE('',#14392,#14394);
#14396=EDGE_CURVE('',#13384,#13895,#14395,.T.);
#14397=ORIENTED_EDGE('',*,*,#14396,.F.);
#14398=EDGE_LOOP('',(#14389,#14390,#14391,#14397));
#14399=FACE_OUTER_BOUND('',#14398,.T.);
#14400=ADVANCED_FACE('',(#14399),#14388,.F.);
#14401=CARTESIAN_POINT('',(0.0,0.0,0.550000000000011));
#14402=DIRECTION('',(0.0,0.0,1.0));
#14403=DIRECTION('',(1.0,0.0,0.0));
#14404=AXIS2_PLACEMENT_3D('',#14401,#14402,#14403);
#14405=PLANE('',#14404);
#14406=ORIENTED_EDGE('',*,*,#13570,.T.);
#14407=ORIENTED_EDGE('',*,*,#13475,.T.);
#14408=ORIENTED_EDGE('',*,*,#13389,.T.);
#14409=ORIENTED_EDGE('',*,*,#14396,.T.);
#14410=ORIENTED_EDGE('',*,*,#13900,.F.);
#14411=ORIENTED_EDGE('',*,*,#13651,.T.);
#14412=ORIENTED_EDGE('',*,*,#13845,.F.);
#14413=ORIENTED_EDGE('',*,*,#13923,.T.);
#14414=EDGE_LOOP('',(#14406,#14407,#14408,#14409,#14410,#14411,#14412,#14413));
#14415=FACE_OUTER_BOUND('',#14414,.T.);
#14416=ADVANCED_FACE('',(#14415),#14405,.F.);
#14417=CARTESIAN_POINT('',(36.693819000000104,51.624999999999929,7.000000000000011));
#14418=DIRECTION('',(0.0,1.0,0.0));
#14419=DIRECTION('',(0.0,0.0,1.0));
#14420=AXIS2_PLACEMENT_3D('',#14417,#14418,#14419);
#14421=PLANE('',#14420);
#14422=CARTESIAN_POINT('',(35.993819000000101,51.624999999999929,3.200000000000010));
#14423=DIRECTION('',(0.0,0.0,1.0));
#14424=VECTOR('',#14423,3.799999999999993);
#14425=LINE('',#14422,#14424);
#14426=EDGE_CURVE('',#14255,#13983,#14425,.T.);
#14427=ORIENTED_EDGE('',*,*,#14426,.F.);
#14428=ORIENTED_EDGE('',*,*,#14268,.T.);
#14429=ORIENTED_EDGE('',*,*,#14027,.T.);
#14430=ORIENTED_EDGE('',*,*,#14193,.T.);
#14431=ORIENTED_EDGE('',*,*,#13610,.F.);
#14432=ORIENTED_EDGE('',*,*,#13994,.T.);
#14433=EDGE_LOOP('',(#14427,#14428,#14429,#14430,#14431,#14432));
#14434=FACE_OUTER_BOUND('',#14433,.T.);
#14435=ADVANCED_FACE('',(#14434),#14421,.F.);
#14436=CARTESIAN_POINT('',(35.993819000000101,50.0,3.200000000000010));
#14437=DIRECTION('',(1.0,0.0,0.0));
#14438=DIRECTION('',(0.0,0.0,-1.0));
#14439=AXIS2_PLACEMENT_3D('',#14436,#14437,#14438);
#14440=PLANE('',#14439);
#14441=ORIENTED_EDGE('',*,*,#13988,.T.);
#14442=ORIENTED_EDGE('',*,*,#13774,.T.);
#14443=ORIENTED_EDGE('',*,*,#14260,.F.);
#14444=ORIENTED_EDGE('',*,*,#14426,.T.);
#14445=EDGE_LOOP('',(#14441,#14442,#14443,#14444));
#14446=FACE_OUTER_BOUND('',#14445,.T.);
#14447=ADVANCED_FACE('',(#14446),#14440,.F.);
#14448=CLOSED_SHELL('',(#13463,#13558,#13637,#13691,#13738,#13778,#13809,#13833,#13864,#13888,#13912,#13934,#13999,#14039,#14077,#14094,#14118,#14181,#14202,#14214,#14236,#14248,#14272,#14296,#14313,#14325,#14342,#14359,#14371,#14383,#14400,#14416,#14435,#14447));
#14449=MANIFOLD_SOLID_BREP('p1',#14448);
#14450=STYLED_ITEM('',(#6825,#1033),#14449);
#14451=MECHANICAL_DESIGN_GEOMETRIC_PRESENTATION_REPRESENTATION('',(#14450),#13375);
#14452=ADVANCED_BREP_SHAPE_REPRESENTATION('ABSR',(#14449),#13344);
#14453=SHAPE_REPRESENTATION_RELATIONSHIP('SRR','None',#14452,#13349);
#14454=AXIS2_PLACEMENT_3D('',#14455,#14456,#14457);
#14455=CARTESIAN_POINT('',(0.0,0.0,0.0));
#14456=DIRECTION('',(0.0,0.0,1.0));
#14457=DIRECTION('',(1.0,0.0,0.0));
#14458=NEXT_ASSEMBLY_USAGE_OCCURRENCE('1:1','1:1','1:1',#11950,#13320,'1:1');
#14459=PRODUCT_DEFINITION_SHAPE('1:1','1:1',#14458);
#14460=ITEM_DEFINED_TRANSFORMATION('1:1','1:1',#13345,#14454);
#14464=(REPRESENTATION_RELATIONSHIP('1:1','1:1',#13349,#11979)REPRESENTATION_RELATIONSHIP_WITH_TRANSFORMATION(#14460)SHAPE_REPRESENTATION_RELATIONSHIP());
#14465=CONTEXT_DEPENDENT_SHAPE_REPRESENTATION(#14464,#14459);
#14466=APPLICATION_CONTEXT('automotive design');
#14467=APPLICATION_PROTOCOL_DEFINITION('International Standard','automotive_design',2001,#14466);
#14468=PRODUCT_CONTEXT('',#14466,'mechanical');
#14469=PRODUCT('P','P',$,(#14468));
#14470=PRODUCT_RELATED_PRODUCT_CATEGORY('part',$,(#14469));
#14471=PRODUCT_DEFINITION_FORMATION('',$,#14469);
#14472=PRODUCT_DEFINITION_CONTEXT('part definition',#14466,'design');
#14473=PRODUCT_DEFINITION('',$,#14471,#14472);
#14479=(NAMED_UNIT(*)PLANE_ANGLE_UNIT()SI_UNIT($,.RADIAN.));
#14480=DIMENSIONAL_EXPONENTS(0.0,0.0,0.0,0.0,0.0,0.0,0.0);
#14481=PLANE_ANGLE_MEASURE_WITH_UNIT(PLANE_ANGLE_MEASURE(0.017453292500000),#14479);
#14485=(CONVERSION_BASED_UNIT('DEGREE',#14481)NAMED_UNIT(#14480)PLANE_ANGLE_UNIT());
#14489=(NAMED_UNIT(*)SI_UNIT($,.STERADIAN.)SOLID_ANGLE_UNIT());
#14493=(LENGTH_UNIT()NAMED_UNIT(*)SI_UNIT(.MILLI.,.METRE.));
#14495=UNCERTAINTY_MEASURE_WITH_UNIT(LENGTH_MEASURE(0.010000000000000),#14493,'DISTANCE_ACCURACY_VALUE','');
#14497=(GEOMETRIC_REPRESENTATION_CONTEXT(3)GLOBAL_UNCERTAINTY_ASSIGNED_CONTEXT((#14495))GLOBAL_UNIT_ASSIGNED_CONTEXT((#14485,#14489,#14493))REPRESENTATION_CONTEXT('None','None'));
#14498=AXIS2_PLACEMENT_3D('',#14499,#14500,#14501);
#14499=CARTESIAN_POINT('',(0.0,0.0,0.0));
#14500=DIRECTION('',(0.0,0.0,1.0));
#14501=DIRECTION('',(1.0,0.0,0.0));
#14502=SHAPE_REPRESENTATION('',(#14498),#14497);
#14503=PRODUCT_DEFINITION_SHAPE('','',#14473);
#14504=SHAPE_DEFINITION_REPRESENTATION(#14503,#14502);
#14510=(NAMED_UNIT(*)PLANE_ANGLE_UNIT()SI_UNIT($,.RADIAN.));
#14511=DIMENSIONAL_EXPONENTS(0.0,0.0,0.0,0.0,0.0,0.0,0.0);
#14512=PLANE_ANGLE_MEASURE_WITH_UNIT(PLANE_ANGLE_MEASURE(0.017453292500000),#14510);
#14516=(CONVERSION_BASED_UNIT('DEGREE',#14512)NAMED_UNIT(#14511)PLANE_ANGLE_UNIT());
#14520=(NAMED_UNIT(*)SI_UNIT($,.STERADIAN.)SOLID_ANGLE_UNIT());
#14524=(LENGTH_UNIT()NAMED_UNIT(*)SI_UNIT(.MILLI.,.METRE.));
#14526=UNCERTAINTY_MEASURE_WITH_UNIT(LENGTH_MEASURE(0.000001000000000),#14524,'DISTANCE_ACCURACY_VALUE','');
#14528=(GEOMETRIC_REPRESENTATION_CONTEXT(3)GLOBAL_UNCERTAINTY_ASSIGNED_CONTEXT((#14526))GLOBAL_UNIT_ASSIGNED_CONTEXT((#14516,#14520,#14524))REPRESENTATION_CONTEXT('','3D'));
#14529=CARTESIAN_POINT('',(-17.794253438562070,-2.947515358114097,0.100000000000000));
#14530=DIRECTION('',(0.0,0.707106781186547,-0.707106781186548));
#14531=DIRECTION('',(-1.0,0.0,0.0));
#14532=AXIS2_PLACEMENT_3D('',#14529,#14530,#14531);
#14533=PLANE('',#14532);
#14534=CARTESIAN_POINT('',(-17.719253438562070,-2.847515358114097,0.200000000000000));
#14535=VERTEX_POINT('',#14534);
#14536=CARTESIAN_POINT('',(-17.619253438562069,-2.847515358114097,0.200000000000000));
#14537=VERTEX_POINT('',#14536);
#14538=CARTESIAN_POINT('',(-17.719253438562070,-2.847515358114097,0.200000000000000));
#14539=DIRECTION('',(1.0,0.0,0.0));
#14540=VECTOR('',#14539,0.100000000000001);
#14541=LINE('',#14538,#14540);
#14542=EDGE_CURVE('',#14535,#14537,#14541,.T.);
#14543=ORIENTED_EDGE('',*,*,#14542,.T.);
#14544=CARTESIAN_POINT('',(-17.419253438562070,-3.047515358114097,0.0));
#14545=VERTEX_POINT('',#14544);
#14546=CARTESIAN_POINT('',(-17.619253438562069,-2.847515358114097,0.200000000000000));
#14547=DIRECTION('',(0.577350269189624,-0.577350269189627,-0.577350269189626));
#14548=VECTOR('',#14547,0.346410161513775);
#14549=LINE('',#14546,#14548);
#14550=EDGE_CURVE('',#14537,#14545,#14549,.T.);
#14551=ORIENTED_EDGE('',*,*,#14550,.T.);
#14552=CARTESIAN_POINT('',(-17.919253438562070,-3.047515358114097,0.0));
#14553=VERTEX_POINT('',#14552);
#14554=CARTESIAN_POINT('',(-17.419253438562070,-3.047515358114097,0.0));
#14555=DIRECTION('',(-1.0,0.0,0.0));
#14556=VECTOR('',#14555,0.500000000000004);
#14557=LINE('',#14554,#14556);
#14558=EDGE_CURVE('',#14545,#14553,#14557,.T.);
#14559=ORIENTED_EDGE('',*,*,#14558,.T.);
#14560=CARTESIAN_POINT('',(-17.919253438562070,-3.047515358114097,0.0));
#14561=DIRECTION('',(0.577350269189624,0.577350269189627,0.577350269189626));
#14562=VECTOR('',#14561,0.346410161513775);
#14563=LINE('',#14560,#14562);
#14564=EDGE_CURVE('',#14553,#14535,#14563,.T.);
#14565=ORIENTED_EDGE('',*,*,#14564,.T.);
#14566=EDGE_LOOP('',(#14543,#14551,#14559,#14565));
#14567=FACE_OUTER_BOUND('',#14566,.T.);
#14568=ADVANCED_FACE('',(#14567),#14533,.T.);
#14569=CARTESIAN_POINT('',(-17.819253438562072,-2.947515358114097,0.0));
#14570=DIRECTION('',(-0.707106781186548,0.707106781186548,0.0));
#14571=DIRECTION('',(0.0,0.0,1.0));
#14572=AXIS2_PLACEMENT_3D('',#14569,#14570,#14571);
#14573=PLANE('',#14572);
#14574=CARTESIAN_POINT('',(-17.919253438562070,-3.047515358114097,0.500000000000000));
#14575=VERTEX_POINT('',#14574);
#14576=CARTESIAN_POINT('',(-17.919253438562070,-3.047515358114097,0.0));
#14577=DIRECTION('',(0.0,0.0,1.0));
#14578=VECTOR('',#14577,0.500000000000000);
#14579=LINE('',#14576,#14578);
#14580=EDGE_CURVE('',#14553,#14575,#14579,.T.);
#14581=ORIENTED_EDGE('',*,*,#14580,.T.);
#14582=CARTESIAN_POINT('',(-17.719253438562070,-2.847515358114097,0.300000000000000));
#14583=VERTEX_POINT('',#14582);
#14584=CARTESIAN_POINT('',(-17.919253438562070,-3.047515358114097,0.500000000000000));
#14585=DIRECTION('',(0.577350269189624,0.577350269189627,-0.577350269189626));
#14586=VECTOR('',#14585,0.346410161513775);
#14587=LINE('',#14584,#14586);
#14588=EDGE_CURVE('',#14575,#14583,#14587,.T.);
#14589=ORIENTED_EDGE('',*,*,#14588,.T.);
#14590=CARTESIAN_POINT('',(-17.719253438562070,-2.847515358114097,0.300000000000000));
#14591=DIRECTION('',(0.0,0.0,-1.0));
#14592=VECTOR('',#14591,0.100000000000000);
#14593=LINE('',#14590,#14592);
#14594=EDGE_CURVE('',#14583,#14535,#14593,.T.);
#14595=ORIENTED_EDGE('',*,*,#14594,.T.);
#14596=ORIENTED_EDGE('',*,*,#14564,.F.);
#14597=EDGE_LOOP('',(#14581,#14589,#14595,#14596));
#14598=FACE_OUTER_BOUND('',#14597,.T.);
#14599=ADVANCED_FACE('',(#14598),#14573,.T.);
#14600=CARTESIAN_POINT('',(-17.519253438562071,-2.947515358114097,0.0));
#14601=DIRECTION('',(0.707106781186551,0.707106781186544,0.0));
#14602=DIRECTION('',(0.0,0.0,-1.0));
#14603=AXIS2_PLACEMENT_3D('',#14600,#14601,#14602);
#14604=PLANE('',#14603);
#14605=CARTESIAN_POINT('',(-17.619253438562069,-2.847515358114097,0.300000000000000));
#14606=VERTEX_POINT('',#14605);
#14607=CARTESIAN_POINT('',(-17.619253438562069,-2.847515358114097,0.200000000000000));
#14608=DIRECTION('',(0.0,0.0,1.0));
#14609=VECTOR('',#14608,0.100000000000000);
#14610=LINE('',#14607,#14609);
#14611=EDGE_CURVE('',#14537,#14606,#14610,.T.);
#14612=ORIENTED_EDGE('',*,*,#14611,.T.);
#14613=CARTESIAN_POINT('',(-17.419253438562070,-3.047515358114097,0.500000000000000));
#14614=VERTEX_POINT('',#14613);
#14615=CARTESIAN_POINT('',(-17.619253438562069,-2.847515358114097,0.300000000000000));
#14616=DIRECTION('',(0.577350269189624,-0.577350269189627,0.577350269189626));
#14617=VECTOR('',#14616,0.346410161513775);
#14618=LINE('',#14615,#14617);
#14619=EDGE_CURVE('',#14606,#14614,#14618,.T.);
#14620=ORIENTED_EDGE('',*,*,#14619,.T.);
#14621=CARTESIAN_POINT('',(-17.419253438562070,-3.047515358114097,0.500000000000000));
#14622=DIRECTION('',(0.0,0.0,-1.0));
#14623=VECTOR('',#14622,0.500000000000000);
#14624=LINE('',#14621,#14623);
#14625=EDGE_CURVE('',#14614,#14545,#14624,.T.);
#14626=ORIENTED_EDGE('',*,*,#14625,.T.);
#14627=ORIENTED_EDGE('',*,*,#14550,.F.);
#14628=EDGE_LOOP('',(#14612,#14620,#14626,#14627));
#14629=FACE_OUTER_BOUND('',#14628,.T.);
#14630=ADVANCED_FACE('',(#14629),#14604,.T.);
#14631=CARTESIAN_POINT('',(-17.794253438562070,-2.947515358114097,0.400000000000000));
#14632=DIRECTION('',(0.0,0.707106781186547,0.707106781186548));
#14633=DIRECTION('',(1.0,0.0,0.0));
#14634=AXIS2_PLACEMENT_3D('',#14631,#14632,#14633);
#14635=PLANE('',#14634);
#14636=CARTESIAN_POINT('',(-17.919253438562073,-3.047515358114097,0.500000000000000));
#14637=DIRECTION('',(1.0,0.0,0.0));
#14638=VECTOR('',#14637,0.500000000000004);
#14639=LINE('',#14636,#14638);
#14640=EDGE_CURVE('',#14575,#14614,#14639,.T.);
#14641=ORIENTED_EDGE('',*,*,#14640,.T.);
#14642=ORIENTED_EDGE('',*,*,#14619,.F.);
#14643=CARTESIAN_POINT('',(-17.619253438562069,-2.847515358114097,0.300000000000000));
#14644=DIRECTION('',(-1.0,0.0,0.0));
#14645=VECTOR('',#14644,0.100000000000001);
#14646=LINE('',#14643,#14645);
#14647=EDGE_CURVE('',#14606,#14583,#14646,.T.);
#14648=ORIENTED_EDGE('',*,*,#14647,.T.);
#14649=ORIENTED_EDGE('',*,*,#14588,.F.);
#14650=EDGE_LOOP('',(#14641,#14642,#14648,#14649));
#14651=FACE_OUTER_BOUND('',#14650,.T.);
#14652=ADVANCED_FACE('',(#14651),#14635,.T.);
#14653=CARTESIAN_POINT('',(-17.919253438562070,-11.397515358114097,0.0));
#14654=DIRECTION('',(-1.0,0.0,0.0));
#14655=DIRECTION('',(0.0,0.0,1.0));
#14656=AXIS2_PLACEMENT_3D('',#14653,#14654,#14655);
#14657=PLANE('',#14656);
#14658=ORIENTED_EDGE('',*,*,#14580,.F.);
#14659=CARTESIAN_POINT('',(-17.919253438562070,-11.197515358114096,0.0));
#14660=VERTEX_POINT('',#14659);
#14661=CARTESIAN_POINT('',(-17.919253438562070,-11.197515358114096,0.0));
#14662=DIRECTION('',(0.0,1.0,0.0));
#14663=VECTOR('',#14662,8.149999999999999);
#14664=LINE('',#14661,#14663);
#14665=EDGE_CURVE('',#14660,#14553,#14664,.T.);
#14666=ORIENTED_EDGE('',*,*,#14665,.F.);
#14667=CARTESIAN_POINT('',(-17.919253438562070,-11.197515358114096,0.500000000000000));
#14668=VERTEX_POINT('',#14667);
#14669=CARTESIAN_POINT('',(-17.919253438562070,-11.197515358114096,0.500000000000000));
#14670=DIRECTION('',(0.0,0.0,-1.0));
#14671=VECTOR('',#14670,0.500000000000000);
#14672=LINE('',#14669,#14671);
#14673=EDGE_CURVE('',#14668,#14660,#14672,.T.);
#14674=ORIENTED_EDGE('',*,*,#14673,.F.);
#14675=CARTESIAN_POINT('',(-17.919253438562070,-11.197515358114096,0.500000000000000));
#14676=DIRECTION('',(0.0,1.0,0.0));
#14677=VECTOR('',#14676,8.149999999999999);
#14678=LINE('',#14675,#14677);
#14679=EDGE_CURVE('',#14668,#14575,#14678,.T.);
#14680=ORIENTED_EDGE('',*,*,#14679,.T.);
#14681=EDGE_LOOP('',(#14658,#14666,#14674,#14680));
#14682=FACE_OUTER_BOUND('',#14681,.T.);
#14683=ADVANCED_FACE('',(#14682),#14657,.T.);
#14684=CARTESIAN_POINT('',(-17.669253438562066,-7.122515358114097,0.0));
#14685=DIRECTION('',(0.0,0.0,1.0));
#14686=DIRECTION('',(1.0,0.0,0.0));
#14687=AXIS2_PLACEMENT_3D('',#14684,#14685,#14686);
#14688=PLANE('',#14687);
#14689=ORIENTED_EDGE('',*,*,#14558,.F.);
#14690=CARTESIAN_POINT('',(-17.419253438562066,-11.197515358114096,0.0));
#14691=VERTEX_POINT('',#14690);
#14692=CARTESIAN_POINT('',(-17.419253438562070,-3.047515358114097,0.0));
#14693=DIRECTION('',(0.0,-1.0,0.0));
#14694=VECTOR('',#14693,8.149999999999999);
#14695=LINE('',#14692,#14694);
#14696=EDGE_CURVE('',#14545,#14691,#14695,.T.);
#14697=ORIENTED_EDGE('',*,*,#14696,.T.);
#14698=CARTESIAN_POINT('',(-17.919253438562070,-11.197515358114096,0.0));
#14699=DIRECTION('',(1.0,0.0,0.0));
#14700=VECTOR('',#14699,0.500000000000004);
#14701=LINE('',#14698,#14700);
#14702=EDGE_CURVE('',#14660,#14691,#14701,.T.);
#14703=ORIENTED_EDGE('',*,*,#14702,.F.);
#14704=ORIENTED_EDGE('',*,*,#14665,.T.);
#14705=EDGE_LOOP('',(#14689,#14697,#14703,#14704));
#14706=FACE_OUTER_BOUND('',#14705,.T.);
#14707=ADVANCED_FACE('',(#14706),#14688,.F.);
#14708=CARTESIAN_POINT('',(-17.919253438562070,-2.847515358114097,0.0));
#14709=DIRECTION('',(0.0,1.0,0.0));
#14710=DIRECTION('',(0.0,0.0,1.0));
#14711=AXIS2_PLACEMENT_3D('',#14708,#14709,#14710);
#14712=PLANE('',#14711);
#14713=ORIENTED_EDGE('',*,*,#14542,.F.);
#14714=ORIENTED_EDGE('',*,*,#14594,.F.);
#14715=ORIENTED_EDGE('',*,*,#14647,.F.);
#14716=ORIENTED_EDGE('',*,*,#14611,.F.);
#14717=EDGE_LOOP('',(#14713,#14714,#14715,#14716));
#14718=FACE_OUTER_BOUND('',#14717,.T.);
#14719=ADVANCED_FACE('',(#14718),#14712,.T.);
#14720=CARTESIAN_POINT('',(-17.819253438562072,-11.297515358114097,0.0));
#14721=DIRECTION('',(-0.707106781186548,-0.707106781186548,0.0));
#14722=DIRECTION('',(0.0,0.0,1.0));
#14723=AXIS2_PLACEMENT_3D('',#14720,#14721,#14722);
#14724=PLANE('',#14723);
#14725=CARTESIAN_POINT('',(-17.719253438562070,-11.397515358114097,0.200000000000000));
#14726=VERTEX_POINT('',#14725);
#14727=CARTESIAN_POINT('',(-17.719253438562070,-11.397515358114097,0.300000000000000));
#14728=VERTEX_POINT('',#14727);
#14729=CARTESIAN_POINT('',(-17.719253438562070,-11.397515358114097,0.200000000000000));
#14730=DIRECTION('',(0.0,0.0,1.0));
#14731=VECTOR('',#14730,0.100000000000000);
#14732=LINE('',#14729,#14731);
#14733=EDGE_CURVE('',#14726,#14728,#14732,.T.);
#14734=ORIENTED_EDGE('',*,*,#14733,.T.);
#14735=CARTESIAN_POINT('',(-17.719253438562070,-11.397515358114097,0.300000000000000));
#14736=DIRECTION('',(-0.577350269189623,0.577350269189629,0.577350269189625));
#14737=VECTOR('',#14736,0.346410161513776);
#14738=LINE('',#14735,#14737);
#14739=EDGE_CURVE('',#14728,#14668,#14738,.T.);
#14740=ORIENTED_EDGE('',*,*,#14739,.T.);
#14741=ORIENTED_EDGE('',*,*,#14673,.T.);
#14742=CARTESIAN_POINT('',(-17.719253438562070,-11.397515358114097,0.200000000000000));
#14743=DIRECTION('',(-0.577350269189623,0.577350269189629,-0.577350269189626));
#14744=VECTOR('',#14743,0.346410161513776);
#14745=LINE('',#14742,#14744);
#14746=EDGE_CURVE('',#14726,#14660,#14745,.T.);
#14747=ORIENTED_EDGE('',*,*,#14746,.F.);
#14748=EDGE_LOOP('',(#14734,#14740,#14741,#14747));
#14749=FACE_OUTER_BOUND('',#14748,.T.);
#14750=ADVANCED_FACE('',(#14749),#14724,.T.);
#14751=CARTESIAN_POINT('',(-17.519253438562068,-11.297515358114097,0.0));
#14752=DIRECTION('',(0.707106781186548,-0.707106781186548,0.0));
#14753=DIRECTION('',(0.0,0.0,-1.0));
#14754=AXIS2_PLACEMENT_3D('',#14751,#14752,#14753);
#14755=PLANE('',#14754);
#14756=CARTESIAN_POINT('',(-17.419253438562066,-11.197515358114096,0.500000000000000));
#14757=VERTEX_POINT('',#14756);
#14758=CARTESIAN_POINT('',(-17.419253438562066,-11.197515358114096,0.0));
#14759=DIRECTION('',(0.0,0.0,1.0));
#14760=VECTOR('',#14759,0.500000000000000);
#14761=LINE('',#14758,#14760);
#14762=EDGE_CURVE('',#14691,#14757,#14761,.T.);
#14763=ORIENTED_EDGE('',*,*,#14762,.T.);
#14764=CARTESIAN_POINT('',(-17.619253438562069,-11.397515358114097,0.300000000000000));
#14765=VERTEX_POINT('',#14764);
#14766=CARTESIAN_POINT('',(-17.419253438562066,-11.197515358114096,0.500000000000000));
#14767=DIRECTION('',(-0.577350269189623,-0.577350269189629,-0.577350269189626));
#14768=VECTOR('',#14767,0.346410161513776);
#14769=LINE('',#14766,#14768);
#14770=EDGE_CURVE('',#14757,#14765,#14769,.T.);
#14771=ORIENTED_EDGE('',*,*,#14770,.T.);
#14772=CARTESIAN_POINT('',(-17.619253438562069,-11.397515358114097,0.200000000000000));
#14773=VERTEX_POINT('',#14772);
#14774=CARTESIAN_POINT('',(-17.619253438562069,-11.397515358114097,0.300000000000000));
#14775=DIRECTION('',(0.0,0.0,-1.0));
#14776=VECTOR('',#14775,0.100000000000000);
#14777=LINE('',#14774,#14776);
#14778=EDGE_CURVE('',#14765,#14773,#14777,.T.);
#14779=ORIENTED_EDGE('',*,*,#14778,.T.);
#14780=CARTESIAN_POINT('',(-17.619253438562069,-11.397515358114097,0.200000000000000));
#14781=DIRECTION('',(0.577350269189623,0.577350269189629,-0.577350269189626));
#14782=VECTOR('',#14781,0.346410161513776);
#14783=LINE('',#14780,#14782);
#14784=EDGE_CURVE('',#14773,#14691,#14783,.T.);
#14785=ORIENTED_EDGE('',*,*,#14784,.T.);
#14786=EDGE_LOOP('',(#14763,#14771,#14779,#14785));
#14787=FACE_OUTER_BOUND('',#14786,.T.);
#14788=ADVANCED_FACE('',(#14787),#14755,.T.);
#14789=CARTESIAN_POINT('',(-17.544253438562066,-11.297515358114097,0.400000000000000));
#14790=DIRECTION('',(0.0,-0.707106781186547,0.707106781186548));
#14791=DIRECTION('',(1.0,0.0,0.0));
#14792=AXIS2_PLACEMENT_3D('',#14789,#14790,#14791);
#14793=PLANE('',#14792);
#14794=CARTESIAN_POINT('',(-17.419253438562066,-11.197515358114096,0.500000000000000));
#14795=DIRECTION('',(-1.0,0.0,0.0));
#14796=VECTOR('',#14795,0.500000000000004);
#14797=LINE('',#14794,#14796);
#14798=EDGE_CURVE('',#14757,#14668,#14797,.T.);
#14799=ORIENTED_EDGE('',*,*,#14798,.T.);
#14800=ORIENTED_EDGE('',*,*,#14739,.F.);
#14801=CARTESIAN_POINT('',(-17.719253438562070,-11.397515358114097,0.300000000000000));
#14802=DIRECTION('',(1.0,0.0,0.0));
#14803=VECTOR('',#14802,0.100000000000005);
#14804=LINE('',#14801,#14803);
#14805=EDGE_CURVE('',#14728,#14765,#14804,.T.);
#14806=ORIENTED_EDGE('',*,*,#14805,.T.);
#14807=ORIENTED_EDGE('',*,*,#14770,.F.);
#14808=EDGE_LOOP('',(#14799,#14800,#14806,#14807));
#14809=FACE_OUTER_BOUND('',#14808,.T.);
#14810=ADVANCED_FACE('',(#14809),#14793,.T.);
#14811=CARTESIAN_POINT('',(-17.544253438562066,-11.297515358114097,0.100000000000000));
#14812=DIRECTION('',(0.0,-0.707106781186547,-0.707106781186548));
#14813=DIRECTION('',(-1.0,0.0,0.0));
#14814=AXIS2_PLACEMENT_3D('',#14811,#14812,#14813);
#14815=PLANE('',#14814);
#14816=CARTESIAN_POINT('',(-17.619253438562065,-11.397515358114097,0.200000000000000));
#14817=DIRECTION('',(-1.0,0.0,0.0));
#14818=VECTOR('',#14817,0.100000000000005);
#14819=LINE('',#14816,#14818);
#14820=EDGE_CURVE('',#14773,#14726,#14819,.T.);
#14821=ORIENTED_EDGE('',*,*,#14820,.T.);
#14822=ORIENTED_EDGE('',*,*,#14746,.T.);
#14823=ORIENTED_EDGE('',*,*,#14702,.T.);
#14824=ORIENTED_EDGE('',*,*,#14784,.F.);
#14825=EDGE_LOOP('',(#14821,#14822,#14823,#14824));
#14826=FACE_OUTER_BOUND('',#14825,.T.);
#14827=ADVANCED_FACE('',(#14826),#14815,.T.);
#14828=CARTESIAN_POINT('',(-17.669253438562066,-7.122515358114097,0.500000000000000));
#14829=DIRECTION('',(0.0,0.0,1.0));
#14830=DIRECTION('',(1.0,0.0,0.0));
#14831=AXIS2_PLACEMENT_3D('',#14828,#14829,#14830);
#14832=PLANE('',#14831);
#14833=ORIENTED_EDGE('',*,*,#14640,.F.);
#14834=ORIENTED_EDGE('',*,*,#14679,.F.);
#14835=ORIENTED_EDGE('',*,*,#14798,.F.);
#14836=CARTESIAN_POINT('',(-17.419253438562070,-3.047515358114097,0.500000000000000));
#14837=DIRECTION('',(0.0,-1.0,0.0));
#14838=VECTOR('',#14837,8.149999999999999);
#14839=LINE('',#14836,#14838);
#14840=EDGE_CURVE('',#14614,#14757,#14839,.T.);
#14841=ORIENTED_EDGE('',*,*,#14840,.F.);
#14842=EDGE_LOOP('',(#14833,#14834,#14835,#14841));
#14843=FACE_OUTER_BOUND('',#14842,.T.);
#14844=ADVANCED_FACE('',(#14843),#14832,.T.);
#14845=CARTESIAN_POINT('',(-17.419253438562070,-2.847515358114097,0.0));
#14846=DIRECTION('',(1.0,0.0,0.0));
#14847=DIRECTION('',(0.0,0.0,-1.0));
#14848=AXIS2_PLACEMENT_3D('',#14845,#14846,#14847);
#14849=PLANE('',#14848);
#14850=ORIENTED_EDGE('',*,*,#14625,.F.);
#14851=ORIENTED_EDGE('',*,*,#14840,.T.);
#14852=ORIENTED_EDGE('',*,*,#14762,.F.);
#14853=ORIENTED_EDGE('',*,*,#14696,.F.);
#14854=EDGE_LOOP('',(#14850,#14851,#14852,#14853));
#14855=FACE_OUTER_BOUND('',#14854,.T.);
#14856=ADVANCED_FACE('',(#14855),#14849,.T.);
#14857=CARTESIAN_POINT('',(-17.419253438562066,-11.397515358114097,0.0));
#14858=DIRECTION('',(0.0,-1.0,0.0));
#14859=DIRECTION('',(0.0,0.0,-1.0));
#14860=AXIS2_PLACEMENT_3D('',#14857,#14858,#14859);
#14861=PLANE('',#14860);
#14862=ORIENTED_EDGE('',*,*,#14778,.F.);
#14863=ORIENTED_EDGE('',*,*,#14805,.F.);
#14864=ORIENTED_EDGE('',*,*,#14733,.F.);
#14865=ORIENTED_EDGE('',*,*,#14820,.F.);
#14866=EDGE_LOOP('',(#14862,#14863,#14864,#14865));
#14867=FACE_OUTER_BOUND('',#14866,.T.);
#14868=ADVANCED_FACE('',(#14867),#14861,.T.);
#14869=CLOSED_SHELL('',(#14568,#14599,#14630,#14652,#14683,#14707,#14719,#14750,#14788,#14810,#14827,#14844,#14856,#14868));
#14870=MANIFOLD_SOLID_BREP('\X2\5BE69AD4\X0\1',#14869);
#14871=STYLED_ITEM('',(#2618),#14870);
#14872=ADVANCED_BREP_SHAPE_REPRESENTATION('ABSR',(#14870),#14497);
#14873=SHAPE_REPRESENTATION_RELATIONSHIP('SRR','None',#14872,#14502);
#14874=AXIS2_PLACEMENT_3D('',#14875,#14876,#14877);
#14875=CARTESIAN_POINT('',(49.579097997083188,52.378001579960497,8.350544379648348));
#14876=DIRECTION('',(4.435065E-016,-0.999999999999991,-7.721861E-014));
#14877=DIRECTION('',(0.999999999999992,3.766112E-016,-3.933485E-016));
#14878=NEXT_ASSEMBLY_USAGE_OCCURRENCE('P:1','P:1','P:1',#11950,#14473,'P:1');
#14879=PRODUCT_DEFINITION_SHAPE('P:1','P:1',#14878);
#14880=ITEM_DEFINED_TRANSFORMATION('P:1','P:1',#14498,#14874);
#14884=(REPRESENTATION_RELATIONSHIP('P:1','P:1',#14502,#11979)REPRESENTATION_RELATIONSHIP_WITH_TRANSFORMATION(#14880)SHAPE_REPRESENTATION_RELATIONSHIP());
#14885=CONTEXT_DEPENDENT_SHAPE_REPRESENTATION(#14884,#14879);
#14886=AXIS2_PLACEMENT_3D('',#14887,#14888,#14889);
#14887=CARTESIAN_POINT('',(51.582266451631142,52.377844917309346,8.350206319294614));
#14888=DIRECTION('',(1.513167E-015,-0.999999999999993,-1.880158E-014));
#14889=DIRECTION('',(0.999999999999994,2.909728E-016,-7.719519E-016));
#14890=NEXT_ASSEMBLY_USAGE_OCCURRENCE('P:2','P:2','P:2',#11950,#14473,'P:2');
#14891=PRODUCT_DEFINITION_SHAPE('P:2','P:2',#14890);
#14892=ITEM_DEFINED_TRANSFORMATION('P:2','P:2',#14498,#14886);
#14896=(REPRESENTATION_RELATIONSHIP('P:2','P:2',#14502,#11979)REPRESENTATION_RELATIONSHIP_WITH_TRANSFORMATION(#14892)SHAPE_REPRESENTATION_RELATIONSHIP());
#14897=CONTEXT_DEPENDENT_SHAPE_REPRESENTATION(#14896,#14891);
#14898=AXIS2_PLACEMENT_3D('',#14899,#14900,#14901);
#14899=CARTESIAN_POINT('',(84.849999899441173,33.799992660486978,-56.127287959878139));
#14900=DIRECTION('',(8.317761E-016,0.999999999999997,-8.616123E-017));
#14901=DIRECTION('',(-2.145037E-015,1.224647E-016,0.999999999999997));
#14902=NEXT_ASSEMBLY_USAGE_OCCURRENCE('P110I:1','P110I:1','P110I:1',#12,#11950,'P110I:1');
#14903=PRODUCT_DEFINITION_SHAPE('P110I:1','P110I:1',#14902);
#14904=ITEM_DEFINED_TRANSFORMATION('P110I:1','P110I:1',#11975,#14898);
#14908=(REPRESENTATION_RELATIONSHIP('P110I:1','P110I:1',#11979,#41)REPRESENTATION_RELATIONSHIP_WITH_TRANSFORMATION(#14904)SHAPE_REPRESENTATION_RELATIONSHIP());
#14909=CONTEXT_DEPENDENT_SHAPE_REPRESENTATION(#14908,#14903);
ENDSEC;
END-ISO-10303-21;
