ISO-10303-21;
HEADER;
FILE_DESCRIPTION(('STEP AP242'),'1');
FILE_NAME('fan_pf92251v1-1000u-a99.stp','2022-06-29T01:13:58',('TraceParts'),('TraceParts S.A.'),'Spatial InterOp 3D',' ',' ');
FILE_SCHEMA(('AP242_MANAGED_MODEL_BASED_3D_ENGINEERING_MIM_LF  {1 0 10303 442 1 1 4}'));
ENDSEC;
DATA;
#1=MECHANICAL_DESIGN_GEOMETRIC_PRESENTATION_REPRESENTATION(' ',(#10,#11,#12,#13,#14,#15,#16,#17,#18,#19,#20,#21,#22,#23,#24,#25,#26,#27,#28,#29,#30,#31,#32,#33,#34,#35,#36,#37,#38,#39,#40,#41,#42,#43,#44,#45,#46,#47,#48,#49,#50,#51,#52,#53,#54,#55,#56,#57,#58,#59,#60,#61,#62,#63,#64,#65,#66,#67,#68,#69,#70,#71,#72,#73,#74,#75,#76,#77,#78,#79,#80,#81,#82,#83,#84,#85,#86,#87,#88,#89,#90,#91,#92,#93,#94,#95,#96,#97,#98,#99,#100,#101,#102,#103,#104,#105,#106,#107,#108,#109,#110,#111,#112,#113,#114,#115,#116,#117,#118,#119,#120,#121,#122,#123,#124,#125,#126,#127,#128,#129,#130,#131,#132,#133,#134,#135,#136,#137,#138,#139,#140,#141,#142,#143,#144,#145,#146,#147,#148,#149,#150,#151,#152,#153,#154,#155,#156,#157,#158,#159,#160,#161,#162,#163,#164,#165,#166,#167,#168,#169,#170,#171,#172,#173,#174,#175,#176,#177,#178,#179,#180),#6);
#2=PRODUCT_DEFINITION_CONTEXT('',#181,'design');
#3=APPLICATION_PROTOCOL_DEFINITION('INTERNATIONAL STANDARD','ap242_managed_model_based_3d_engineering',2014,#181);
#4=PRODUCT_CATEGORY_RELATIONSHIP('NONE','NONE',#182,#183);
#5=SHAPE_DEFINITION_REPRESENTATION(#184,#185);
#6= (GEOMETRIC_REPRESENTATION_CONTEXT(3)GLOBAL_UNCERTAINTY_ASSIGNED_CONTEXT((#188))GLOBAL_UNIT_ASSIGNED_CONTEXT((#190,#191,#192))REPRESENTATION_CONTEXT('NONE','WORKSPACE'));
#10=STYLED_ITEM('',(#194),#195);
#11=STYLED_ITEM('',(#196),#197);
#12=STYLED_ITEM('',(#198),#199);
#13=STYLED_ITEM('',(#200),#201);
#14=STYLED_ITEM('',(#202),#203);
#15=STYLED_ITEM('',(#204),#205);
#16=STYLED_ITEM('',(#206),#207);
#17=STYLED_ITEM('',(#208),#209);
#18=STYLED_ITEM('',(#210),#211);
#19=STYLED_ITEM('',(#212),#213);
#20=STYLED_ITEM('',(#214),#215);
#21=STYLED_ITEM('',(#216),#217);
#22=STYLED_ITEM('',(#218),#219);
#23=STYLED_ITEM('',(#220),#221);
#24=STYLED_ITEM('',(#222),#223);
#25=STYLED_ITEM('',(#224),#225);
#26=STYLED_ITEM('',(#226),#227);
#27=STYLED_ITEM('',(#228),#229);
#28=STYLED_ITEM('',(#230),#231);
#29=STYLED_ITEM('',(#232),#233);
#30=STYLED_ITEM('',(#234),#235);
#31=STYLED_ITEM('',(#236),#237);
#32=STYLED_ITEM('',(#238),#239);
#33=STYLED_ITEM('',(#240),#241);
#34=STYLED_ITEM('',(#242),#243);
#35=STYLED_ITEM('',(#244),#245);
#36=STYLED_ITEM('',(#246),#247);
#37=STYLED_ITEM('',(#248),#249);
#38=STYLED_ITEM('',(#250),#251);
#39=STYLED_ITEM('',(#252),#253);
#40=STYLED_ITEM('',(#254),#255);
#41=STYLED_ITEM('',(#256),#257);
#42=STYLED_ITEM('',(#258),#259);
#43=STYLED_ITEM('',(#260),#261);
#44=STYLED_ITEM('',(#262),#263);
#45=STYLED_ITEM('',(#264),#265);
#46=STYLED_ITEM('',(#266),#267);
#47=STYLED_ITEM('',(#268),#269);
#48=STYLED_ITEM('',(#270),#271);
#49=STYLED_ITEM('',(#272),#273);
#50=STYLED_ITEM('',(#274),#275);
#51=STYLED_ITEM('',(#276),#277);
#52=STYLED_ITEM('',(#278),#279);
#53=STYLED_ITEM('',(#280),#281);
#54=STYLED_ITEM('',(#282),#283);
#55=STYLED_ITEM('',(#284),#285);
#56=STYLED_ITEM('',(#286),#287);
#57=STYLED_ITEM('',(#288),#289);
#58=STYLED_ITEM('',(#290),#291);
#59=STYLED_ITEM('',(#292),#293);
#60=STYLED_ITEM('',(#294),#295);
#61=STYLED_ITEM('',(#296),#297);
#62=STYLED_ITEM('',(#298),#299);
#63=STYLED_ITEM('',(#300),#301);
#64=STYLED_ITEM('',(#302),#303);
#65=STYLED_ITEM('',(#304),#305);
#66=STYLED_ITEM('',(#306),#307);
#67=STYLED_ITEM('',(#308),#309);
#68=STYLED_ITEM('',(#310),#311);
#69=STYLED_ITEM('',(#312),#313);
#70=STYLED_ITEM('',(#314),#315);
#71=STYLED_ITEM('',(#316),#317);
#72=STYLED_ITEM('',(#318),#319);
#73=STYLED_ITEM('',(#320),#321);
#74=STYLED_ITEM('',(#322),#323);
#75=STYLED_ITEM('',(#324),#325);
#76=STYLED_ITEM('',(#326),#327);
#77=STYLED_ITEM('',(#328),#329);
#78=STYLED_ITEM('',(#330),#331);
#79=STYLED_ITEM('',(#332),#333);
#80=STYLED_ITEM('',(#334),#335);
#81=STYLED_ITEM('',(#336),#337);
#82=STYLED_ITEM('',(#338),#339);
#83=STYLED_ITEM('',(#340),#341);
#84=STYLED_ITEM('',(#342),#343);
#85=STYLED_ITEM('',(#344),#345);
#86=STYLED_ITEM('',(#346),#347);
#87=STYLED_ITEM('',(#348),#349);
#88=STYLED_ITEM('',(#350),#351);
#89=STYLED_ITEM('',(#352),#353);
#90=STYLED_ITEM('',(#354),#355);
#91=STYLED_ITEM('',(#356),#357);
#92=STYLED_ITEM('',(#358),#359);
#93=STYLED_ITEM('',(#360),#361);
#94=STYLED_ITEM('',(#362),#363);
#95=STYLED_ITEM('',(#364),#365);
#96=STYLED_ITEM('',(#366),#367);
#97=STYLED_ITEM('',(#368),#369);
#98=STYLED_ITEM('',(#370),#371);
#99=STYLED_ITEM('',(#372),#373);
#100=STYLED_ITEM('',(#374),#375);
#101=STYLED_ITEM('',(#376),#377);
#102=STYLED_ITEM('',(#378),#379);
#103=STYLED_ITEM('',(#380),#381);
#104=STYLED_ITEM('',(#382),#383);
#105=STYLED_ITEM('',(#384),#385);
#106=STYLED_ITEM('',(#386),#387);
#107=STYLED_ITEM('',(#388),#389);
#108=STYLED_ITEM('',(#390),#391);
#109=STYLED_ITEM('',(#392),#393);
#110=STYLED_ITEM('',(#394),#395);
#111=STYLED_ITEM('',(#396),#397);
#112=STYLED_ITEM('',(#398),#399);
#113=STYLED_ITEM('',(#400),#401);
#114=STYLED_ITEM('',(#402),#403);
#115=STYLED_ITEM('',(#404),#405);
#116=STYLED_ITEM('',(#406),#407);
#117=STYLED_ITEM('',(#408),#409);
#118=STYLED_ITEM('',(#410),#411);
#119=STYLED_ITEM('',(#412),#413);
#120=STYLED_ITEM('',(#414),#415);
#121=STYLED_ITEM('',(#416),#417);
#122=STYLED_ITEM('',(#418),#419);
#123=STYLED_ITEM('',(#420),#421);
#124=STYLED_ITEM('',(#422),#423);
#125=STYLED_ITEM('',(#424),#425);
#126=STYLED_ITEM('',(#426),#427);
#127=STYLED_ITEM('',(#428),#429);
#128=STYLED_ITEM('',(#430),#431);
#129=STYLED_ITEM('',(#432),#433);
#130=STYLED_ITEM('',(#434),#435);
#131=STYLED_ITEM('',(#436),#437);
#132=STYLED_ITEM('',(#438),#439);
#133=STYLED_ITEM('',(#440),#441);
#134=STYLED_ITEM('',(#442),#443);
#135=STYLED_ITEM('',(#444),#445);
#136=STYLED_ITEM('',(#446),#447);
#137=STYLED_ITEM('',(#448),#449);
#138=STYLED_ITEM('',(#450),#451);
#139=STYLED_ITEM('',(#452),#453);
#140=STYLED_ITEM('',(#454),#455);
#141=STYLED_ITEM('',(#456),#457);
#142=STYLED_ITEM('',(#458),#459);
#143=STYLED_ITEM('',(#460),#461);
#144=STYLED_ITEM('',(#462),#463);
#145=STYLED_ITEM('',(#464),#465);
#146=STYLED_ITEM('',(#466),#467);
#147=STYLED_ITEM('',(#468),#469);
#148=STYLED_ITEM('',(#470),#471);
#149=STYLED_ITEM('',(#472),#473);
#150=STYLED_ITEM('',(#474),#475);
#151=STYLED_ITEM('',(#476),#477);
#152=STYLED_ITEM('',(#478),#479);
#153=STYLED_ITEM('',(#480),#481);
#154=STYLED_ITEM('',(#482),#483);
#155=STYLED_ITEM('',(#484),#485);
#156=STYLED_ITEM('',(#486),#487);
#157=STYLED_ITEM('',(#488),#489);
#158=STYLED_ITEM('',(#490),#491);
#159=STYLED_ITEM('',(#492),#493);
#160=STYLED_ITEM('',(#494),#495);
#161=STYLED_ITEM('',(#496),#497);
#162=STYLED_ITEM('',(#498),#499);
#163=STYLED_ITEM('',(#500),#501);
#164=STYLED_ITEM('',(#502),#503);
#165=STYLED_ITEM('',(#504),#505);
#166=STYLED_ITEM('',(#506),#507);
#167=STYLED_ITEM('',(#508),#509);
#168=STYLED_ITEM('',(#510),#511);
#169=STYLED_ITEM('',(#512),#513);
#170=STYLED_ITEM('',(#514),#515);
#171=STYLED_ITEM('',(#516),#517);
#172=STYLED_ITEM('',(#518),#519);
#173=STYLED_ITEM('',(#520),#521);
#174=STYLED_ITEM('',(#522),#523);
#175=STYLED_ITEM('',(#524),#525);
#176=STYLED_ITEM('',(#526),#527);
#177=STYLED_ITEM('',(#528),#529);
#178=STYLED_ITEM('',(#530),#531);
#179=STYLED_ITEM('',(#532),#533);
#180=STYLED_ITEM('',(#534),#535);
#181=APPLICATION_CONTEXT('managed model based 3d engineering');
#182=PRODUCT_CATEGORY('part','NONE');
#183=PRODUCT_RELATED_PRODUCT_CATEGORY('detail',' ',(#536));
#184=PRODUCT_DEFINITION_SHAPE('NONE','NONE',#537);
#185=ADVANCED_BREP_SHAPE_REPRESENTATION('fan_pf92251v1-1000u-a99',(#538,#539),#6);
#188=UNCERTAINTY_MEASURE_WITH_UNIT(LENGTH_MEASURE(1.0E-06),#190,'','');
#190= (CONVERSION_BASED_UNIT('MILLIMETRE',#542)LENGTH_UNIT()NAMED_UNIT(#545));
#191= (NAMED_UNIT(#547)PLANE_ANGLE_UNIT()SI_UNIT($,.RADIAN.));
#192= (NAMED_UNIT(#547)SOLID_ANGLE_UNIT()SI_UNIT($,.STERADIAN.));
#194=PRESENTATION_STYLE_ASSIGNMENT((#553));
#195=ADVANCED_FACE('',(#554),#555,.T.);
#196=PRESENTATION_STYLE_ASSIGNMENT((#556));
#197=ADVANCED_FACE('',(#557,#558,#559,#560),#561,.T.);
#198=PRESENTATION_STYLE_ASSIGNMENT((#562));
#199=ADVANCED_FACE('',(#563),#564,.F.);
#200=PRESENTATION_STYLE_ASSIGNMENT((#565));
#201=ADVANCED_FACE('',(#566),#567,.F.);
#202=PRESENTATION_STYLE_ASSIGNMENT((#568));
#203=ADVANCED_FACE('',(#569),#570,.F.);
#204=PRESENTATION_STYLE_ASSIGNMENT((#571));
#205=ADVANCED_FACE('',(#572),#573,.F.);
#206=PRESENTATION_STYLE_ASSIGNMENT((#574));
#207=ADVANCED_FACE('',(#575),#576,.F.);
#208=PRESENTATION_STYLE_ASSIGNMENT((#577));
#209=ADVANCED_FACE('',(#578),#579,.T.);
#210=PRESENTATION_STYLE_ASSIGNMENT((#580));
#211=ADVANCED_FACE('',(#581),#582,.T.);
#212=PRESENTATION_STYLE_ASSIGNMENT((#583));
#213=ADVANCED_FACE('',(#584),#585,.T.);
#214=PRESENTATION_STYLE_ASSIGNMENT((#586));
#215=ADVANCED_FACE('',(#587),#588,.T.);
#216=PRESENTATION_STYLE_ASSIGNMENT((#589));
#217=ADVANCED_FACE('',(#590),#591,.T.);
#218=PRESENTATION_STYLE_ASSIGNMENT((#592));
#219=ADVANCED_FACE('',(#593),#594,.T.);
#220=PRESENTATION_STYLE_ASSIGNMENT((#595));
#221=ADVANCED_FACE('',(#596),#597,.T.);
#222=PRESENTATION_STYLE_ASSIGNMENT((#598));
#223=ADVANCED_FACE('',(#599),#600,.T.);
#224=PRESENTATION_STYLE_ASSIGNMENT((#601));
#225=ADVANCED_FACE('',(#602),#603,.T.);
#226=PRESENTATION_STYLE_ASSIGNMENT((#604));
#227=ADVANCED_FACE('',(#605),#606,.T.);
#228=PRESENTATION_STYLE_ASSIGNMENT((#607));
#229=ADVANCED_FACE('',(#608),#609,.T.);
#230=PRESENTATION_STYLE_ASSIGNMENT((#610));
#231=ADVANCED_FACE('',(#611),#612,.T.);
#232=PRESENTATION_STYLE_ASSIGNMENT((#613));
#233=ADVANCED_FACE('',(#614),#615,.T.);
#234=PRESENTATION_STYLE_ASSIGNMENT((#616));
#235=ADVANCED_FACE('',(#617),#618,.T.);
#236=PRESENTATION_STYLE_ASSIGNMENT((#619));
#237=ADVANCED_FACE('',(#620),#621,.T.);
#238=PRESENTATION_STYLE_ASSIGNMENT((#622));
#239=ADVANCED_FACE('',(#623),#624,.T.);
#240=PRESENTATION_STYLE_ASSIGNMENT((#625));
#241=ADVANCED_FACE('',(#626),#627,.T.);
#242=PRESENTATION_STYLE_ASSIGNMENT((#628));
#243=ADVANCED_FACE('',(#629),#630,.T.);
#244=PRESENTATION_STYLE_ASSIGNMENT((#631));
#245=ADVANCED_FACE('',(#632),#633,.F.);
#246=PRESENTATION_STYLE_ASSIGNMENT((#634));
#247=ADVANCED_FACE('',(#635),#636,.F.);
#248=PRESENTATION_STYLE_ASSIGNMENT((#637));
#249=ADVANCED_FACE('',(#638),#639,.F.);
#250=PRESENTATION_STYLE_ASSIGNMENT((#640));
#251=ADVANCED_FACE('',(#641),#642,.F.);
#252=PRESENTATION_STYLE_ASSIGNMENT((#643));
#253=ADVANCED_FACE('',(#644),#645,.F.);
#254=PRESENTATION_STYLE_ASSIGNMENT((#646));
#255=ADVANCED_FACE('',(#647),#648,.F.);
#256=PRESENTATION_STYLE_ASSIGNMENT((#649));
#257=ADVANCED_FACE('',(#650),#651,.F.);
#258=PRESENTATION_STYLE_ASSIGNMENT((#652));
#259=ADVANCED_FACE('',(#653),#654,.F.);
#260=PRESENTATION_STYLE_ASSIGNMENT((#655));
#261=ADVANCED_FACE('',(#656),#657,.F.);
#262=PRESENTATION_STYLE_ASSIGNMENT((#658));
#263=ADVANCED_FACE('',(#659),#660,.F.);
#264=PRESENTATION_STYLE_ASSIGNMENT((#661));
#265=ADVANCED_FACE('',(#662),#663,.T.);
#266=PRESENTATION_STYLE_ASSIGNMENT((#664));
#267=ADVANCED_FACE('',(#665),#666,.T.);
#268=PRESENTATION_STYLE_ASSIGNMENT((#667));
#269=ADVANCED_FACE('',(#668),#669,.T.);
#270=PRESENTATION_STYLE_ASSIGNMENT((#670));
#271=ADVANCED_FACE('',(#671),#672,.T.);
#272=PRESENTATION_STYLE_ASSIGNMENT((#673));
#273=ADVANCED_FACE('',(#674),#675,.F.);
#274=PRESENTATION_STYLE_ASSIGNMENT((#676));
#275=ADVANCED_FACE('',(#677),#678,.F.);
#276=PRESENTATION_STYLE_ASSIGNMENT((#679));
#277=ADVANCED_FACE('',(#680),#681,.F.);
#278=PRESENTATION_STYLE_ASSIGNMENT((#682));
#279=ADVANCED_FACE('',(#683),#684,.T.);
#280=PRESENTATION_STYLE_ASSIGNMENT((#685));
#281=ADVANCED_FACE('',(#686),#687,.F.);
#282=PRESENTATION_STYLE_ASSIGNMENT((#688));
#283=ADVANCED_FACE('',(#689,#690),#691,.F.);
#284=PRESENTATION_STYLE_ASSIGNMENT((#692));
#285=ADVANCED_FACE('',(#693),#694,.T.);
#286=PRESENTATION_STYLE_ASSIGNMENT((#695));
#287=ADVANCED_FACE('',(#696),#697,.F.);
#288=PRESENTATION_STYLE_ASSIGNMENT((#698));
#289=ADVANCED_FACE('',(#699),#700,.T.);
#290=PRESENTATION_STYLE_ASSIGNMENT((#701));
#291=ADVANCED_FACE('',(#702),#703,.T.);
#292=PRESENTATION_STYLE_ASSIGNMENT((#704));
#293=ADVANCED_FACE('',(#705),#706,.T.);
#294=PRESENTATION_STYLE_ASSIGNMENT((#707));
#295=ADVANCED_FACE('',(#708),#709,.F.);
#296=PRESENTATION_STYLE_ASSIGNMENT((#710));
#297=ADVANCED_FACE('',(#711),#712,.F.);
#298=PRESENTATION_STYLE_ASSIGNMENT((#713));
#299=ADVANCED_FACE('',(#714,#715),#716,.F.);
#300=PRESENTATION_STYLE_ASSIGNMENT((#717));
#301=ADVANCED_FACE('',(#718),#719,.F.);
#302=PRESENTATION_STYLE_ASSIGNMENT((#720));
#303=ADVANCED_FACE('',(#721),#722,.F.);
#304=PRESENTATION_STYLE_ASSIGNMENT((#723));
#305=ADVANCED_FACE('',(#724,#725),#726,.F.);
#306=PRESENTATION_STYLE_ASSIGNMENT((#727));
#307=ADVANCED_FACE('',(#728),#729,.T.);
#308=PRESENTATION_STYLE_ASSIGNMENT((#730));
#309=ADVANCED_FACE('',(#731,#732,#733,#734,#735,#736),#737,.T.);
#310=PRESENTATION_STYLE_ASSIGNMENT((#738));
#311=ADVANCED_FACE('',(#739),#740,.T.);
#312=PRESENTATION_STYLE_ASSIGNMENT((#741));
#313=ADVANCED_FACE('',(#742,#743),#744,.F.);
#314=PRESENTATION_STYLE_ASSIGNMENT((#745));
#315=ADVANCED_FACE('',(#746,#747),#748,.T.);
#316=PRESENTATION_STYLE_ASSIGNMENT((#749));
#317=ADVANCED_FACE('',(#750,#751),#752,.T.);
#318=PRESENTATION_STYLE_ASSIGNMENT((#753));
#319=ADVANCED_FACE('',(#754,#755),#756,.T.);
#320=PRESENTATION_STYLE_ASSIGNMENT((#757));
#321=ADVANCED_FACE('',(#758,#759),#760,.T.);
#322=PRESENTATION_STYLE_ASSIGNMENT((#761));
#323=ADVANCED_FACE('',(#762),#763,.F.);
#324=PRESENTATION_STYLE_ASSIGNMENT((#764));
#325=ADVANCED_FACE('',(#765),#766,.F.);
#326=PRESENTATION_STYLE_ASSIGNMENT((#767));
#327=ADVANCED_FACE('',(#768),#769,.F.);
#328=PRESENTATION_STYLE_ASSIGNMENT((#770));
#329=ADVANCED_FACE('',(#771),#772,.F.);
#330=PRESENTATION_STYLE_ASSIGNMENT((#773));
#331=ADVANCED_FACE('',(#774),#775,.F.);
#332=PRESENTATION_STYLE_ASSIGNMENT((#776));
#333=ADVANCED_FACE('',(#777),#778,.F.);
#334=PRESENTATION_STYLE_ASSIGNMENT((#779));
#335=ADVANCED_FACE('',(#780),#781,.F.);
#336=PRESENTATION_STYLE_ASSIGNMENT((#782));
#337=ADVANCED_FACE('',(#783),#784,.F.);
#338=PRESENTATION_STYLE_ASSIGNMENT((#785));
#339=ADVANCED_FACE('',(#786),#787,.T.);
#340=PRESENTATION_STYLE_ASSIGNMENT((#788));
#341=ADVANCED_FACE('',(#789),#790,.T.);
#342=PRESENTATION_STYLE_ASSIGNMENT((#791));
#343=ADVANCED_FACE('',(#792),#793,.T.);
#344=PRESENTATION_STYLE_ASSIGNMENT((#794));
#345=ADVANCED_FACE('',(#795),#796,.T.);
#346=PRESENTATION_STYLE_ASSIGNMENT((#797));
#347=ADVANCED_FACE('',(#798),#799,.T.);
#348=PRESENTATION_STYLE_ASSIGNMENT((#800));
#349=ADVANCED_FACE('',(#801),#802,.T.);
#350=PRESENTATION_STYLE_ASSIGNMENT((#803));
#351=ADVANCED_FACE('',(#804),#805,.T.);
#352=PRESENTATION_STYLE_ASSIGNMENT((#806));
#353=ADVANCED_FACE('',(#807),#808,.T.);
#354=PRESENTATION_STYLE_ASSIGNMENT((#809));
#355=ADVANCED_FACE('',(#810),#811,.T.);
#356=PRESENTATION_STYLE_ASSIGNMENT((#812));
#357=ADVANCED_FACE('',(#813),#814,.T.);
#358=PRESENTATION_STYLE_ASSIGNMENT((#815));
#359=ADVANCED_FACE('',(#816),#817,.T.);
#360=PRESENTATION_STYLE_ASSIGNMENT((#818));
#361=ADVANCED_FACE('',(#819),#820,.T.);
#362=PRESENTATION_STYLE_ASSIGNMENT((#821));
#363=ADVANCED_FACE('',(#822),#823,.T.);
#364=PRESENTATION_STYLE_ASSIGNMENT((#824));
#365=ADVANCED_FACE('',(#825),#826,.T.);
#366=PRESENTATION_STYLE_ASSIGNMENT((#827));
#367=ADVANCED_FACE('',(#828),#829,.T.);
#368=PRESENTATION_STYLE_ASSIGNMENT((#830));
#369=ADVANCED_FACE('',(#831),#832,.T.);
#370=PRESENTATION_STYLE_ASSIGNMENT((#833));
#371=ADVANCED_FACE('',(#834),#835,.T.);
#372=PRESENTATION_STYLE_ASSIGNMENT((#836));
#373=ADVANCED_FACE('',(#837),#838,.T.);
#374=PRESENTATION_STYLE_ASSIGNMENT((#839));
#375=ADVANCED_FACE('',(#840),#841,.T.);
#376=PRESENTATION_STYLE_ASSIGNMENT((#842));
#377=ADVANCED_FACE('',(#843),#844,.T.);
#378=PRESENTATION_STYLE_ASSIGNMENT((#845));
#379=ADVANCED_FACE('',(#846),#847,.T.);
#380=PRESENTATION_STYLE_ASSIGNMENT((#848));
#381=ADVANCED_FACE('',(#849),#850,.T.);
#382=PRESENTATION_STYLE_ASSIGNMENT((#851));
#383=ADVANCED_FACE('',(#852),#853,.T.);
#384=PRESENTATION_STYLE_ASSIGNMENT((#854));
#385=ADVANCED_FACE('',(#855),#856,.T.);
#386=PRESENTATION_STYLE_ASSIGNMENT((#857));
#387=ADVANCED_FACE('',(#858),#859,.T.);
#388=PRESENTATION_STYLE_ASSIGNMENT((#860));
#389=ADVANCED_FACE('',(#861),#862,.T.);
#390=PRESENTATION_STYLE_ASSIGNMENT((#863));
#391=ADVANCED_FACE('',(#864),#865,.T.);
#392=PRESENTATION_STYLE_ASSIGNMENT((#866));
#393=ADVANCED_FACE('',(#867),#868,.T.);
#394=PRESENTATION_STYLE_ASSIGNMENT((#869));
#395=ADVANCED_FACE('',(#870),#871,.T.);
#396=PRESENTATION_STYLE_ASSIGNMENT((#872));
#397=ADVANCED_FACE('',(#873),#874,.F.);
#398=PRESENTATION_STYLE_ASSIGNMENT((#875));
#399=ADVANCED_FACE('',(#876),#877,.F.);
#400=PRESENTATION_STYLE_ASSIGNMENT((#878));
#401=ADVANCED_FACE('',(#879),#880,.F.);
#402=PRESENTATION_STYLE_ASSIGNMENT((#881));
#403=ADVANCED_FACE('',(#882),#883,.F.);
#404=PRESENTATION_STYLE_ASSIGNMENT((#884));
#405=ADVANCED_FACE('',(#885),#886,.F.);
#406=PRESENTATION_STYLE_ASSIGNMENT((#887));
#407=ADVANCED_FACE('',(#888),#889,.F.);
#408=PRESENTATION_STYLE_ASSIGNMENT((#890));
#409=ADVANCED_FACE('',(#891),#892,.F.);
#410=PRESENTATION_STYLE_ASSIGNMENT((#893));
#411=ADVANCED_FACE('',(#894),#895,.F.);
#412=PRESENTATION_STYLE_ASSIGNMENT((#896));
#413=ADVANCED_FACE('',(#897),#898,.F.);
#414=PRESENTATION_STYLE_ASSIGNMENT((#899));
#415=ADVANCED_FACE('',(#900),#901,.F.);
#416=PRESENTATION_STYLE_ASSIGNMENT((#902));
#417=ADVANCED_FACE('',(#903),#904,.F.);
#418=PRESENTATION_STYLE_ASSIGNMENT((#905));
#419=ADVANCED_FACE('',(#906),#907,.F.);
#420=PRESENTATION_STYLE_ASSIGNMENT((#908));
#421=ADVANCED_FACE('',(#909),#910,.F.);
#422=PRESENTATION_STYLE_ASSIGNMENT((#911));
#423=ADVANCED_FACE('',(#912),#913,.F.);
#424=PRESENTATION_STYLE_ASSIGNMENT((#914));
#425=ADVANCED_FACE('',(#915),#916,.F.);
#426=PRESENTATION_STYLE_ASSIGNMENT((#917));
#427=ADVANCED_FACE('',(#918),#919,.F.);
#428=PRESENTATION_STYLE_ASSIGNMENT((#920));
#429=ADVANCED_FACE('',(#921),#922,.F.);
#430=PRESENTATION_STYLE_ASSIGNMENT((#923));
#431=ADVANCED_FACE('',(#924),#925,.F.);
#432=PRESENTATION_STYLE_ASSIGNMENT((#926));
#433=ADVANCED_FACE('',(#927),#928,.F.);
#434=PRESENTATION_STYLE_ASSIGNMENT((#929));
#435=ADVANCED_FACE('',(#930),#931,.T.);
#436=PRESENTATION_STYLE_ASSIGNMENT((#932));
#437=ADVANCED_FACE('',(#933),#934,.T.);
#438=PRESENTATION_STYLE_ASSIGNMENT((#935));
#439=ADVANCED_FACE('',(#936),#937,.F.);
#440=PRESENTATION_STYLE_ASSIGNMENT((#938));
#441=ADVANCED_FACE('',(#939),#940,.F.);
#442=PRESENTATION_STYLE_ASSIGNMENT((#941));
#443=ADVANCED_FACE('',(#942),#943,.T.);
#444=PRESENTATION_STYLE_ASSIGNMENT((#944));
#445=ADVANCED_FACE('',(#945),#946,.T.);
#446=PRESENTATION_STYLE_ASSIGNMENT((#947));
#447=ADVANCED_FACE('',(#948),#949,.F.);
#448=PRESENTATION_STYLE_ASSIGNMENT((#950));
#449=ADVANCED_FACE('',(#951),#952,.F.);
#450=PRESENTATION_STYLE_ASSIGNMENT((#953));
#451=ADVANCED_FACE('',(#954),#955,.T.);
#452=PRESENTATION_STYLE_ASSIGNMENT((#956));
#453=ADVANCED_FACE('',(#957),#958,.T.);
#454=PRESENTATION_STYLE_ASSIGNMENT((#959));
#455=ADVANCED_FACE('',(#960),#961,.F.);
#456=PRESENTATION_STYLE_ASSIGNMENT((#962));
#457=ADVANCED_FACE('',(#963),#964,.F.);
#458=PRESENTATION_STYLE_ASSIGNMENT((#965));
#459=ADVANCED_FACE('',(#966),#967,.T.);
#460=PRESENTATION_STYLE_ASSIGNMENT((#968));
#461=ADVANCED_FACE('',(#969),#970,.T.);
#462=PRESENTATION_STYLE_ASSIGNMENT((#971));
#463=ADVANCED_FACE('',(#972),#973,.F.);
#464=PRESENTATION_STYLE_ASSIGNMENT((#974));
#465=ADVANCED_FACE('',(#975),#976,.F.);
#466=PRESENTATION_STYLE_ASSIGNMENT((#977));
#467=ADVANCED_FACE('',(#978),#979,.T.);
#468=PRESENTATION_STYLE_ASSIGNMENT((#980));
#469=ADVANCED_FACE('',(#981),#982,.T.);
#470=PRESENTATION_STYLE_ASSIGNMENT((#983));
#471=ADVANCED_FACE('',(#984),#985,.F.);
#472=PRESENTATION_STYLE_ASSIGNMENT((#986));
#473=ADVANCED_FACE('',(#987),#988,.F.);
#474=PRESENTATION_STYLE_ASSIGNMENT((#989));
#475=ADVANCED_FACE('',(#990),#991,.T.);
#476=PRESENTATION_STYLE_ASSIGNMENT((#992));
#477=ADVANCED_FACE('',(#993),#994,.T.);
#478=PRESENTATION_STYLE_ASSIGNMENT((#995));
#479=ADVANCED_FACE('',(#996),#997,.F.);
#480=PRESENTATION_STYLE_ASSIGNMENT((#998));
#481=ADVANCED_FACE('',(#999),#1000,.F.);
#482=PRESENTATION_STYLE_ASSIGNMENT((#1001));
#483=ADVANCED_FACE('',(#1002),#1003,.T.);
#484=PRESENTATION_STYLE_ASSIGNMENT((#1004));
#485=ADVANCED_FACE('',(#1005),#1006,.T.);
#486=PRESENTATION_STYLE_ASSIGNMENT((#1007));
#487=ADVANCED_FACE('',(#1008),#1009,.F.);
#488=PRESENTATION_STYLE_ASSIGNMENT((#1010));
#489=ADVANCED_FACE('',(#1011),#1012,.F.);
#490=PRESENTATION_STYLE_ASSIGNMENT((#1013));
#491=ADVANCED_FACE('',(#1014),#1015,.F.);
#492=PRESENTATION_STYLE_ASSIGNMENT((#1016));
#493=ADVANCED_FACE('',(#1017),#1018,.T.);
#494=PRESENTATION_STYLE_ASSIGNMENT((#1019));
#495=ADVANCED_FACE('',(#1020),#1021,.F.);
#496=PRESENTATION_STYLE_ASSIGNMENT((#1022));
#497=ADVANCED_FACE('',(#1023),#1024,.F.);
#498=PRESENTATION_STYLE_ASSIGNMENT((#1025));
#499=ADVANCED_FACE('',(#1026),#1027,.T.);
#500=PRESENTATION_STYLE_ASSIGNMENT((#1028));
#501=ADVANCED_FACE('',(#1029),#1030,.F.);
#502=PRESENTATION_STYLE_ASSIGNMENT((#1031));
#503=ADVANCED_FACE('',(#1032),#1033,.F.);
#504=PRESENTATION_STYLE_ASSIGNMENT((#1034));
#505=ADVANCED_FACE('',(#1035),#1036,.T.);
#506=PRESENTATION_STYLE_ASSIGNMENT((#1037));
#507=ADVANCED_FACE('',(#1038),#1039,.F.);
#508=PRESENTATION_STYLE_ASSIGNMENT((#1040));
#509=ADVANCED_FACE('',(#1041,#1042,#1043,#1044,#1045,#1046,#1047,#1048,#1049),#1050,.F.);
#510=PRESENTATION_STYLE_ASSIGNMENT((#1051));
#511=ADVANCED_FACE('',(#1052),#1053,.T.);
#512=PRESENTATION_STYLE_ASSIGNMENT((#1054));
#513=ADVANCED_FACE('',(#1055),#1056,.T.);
#514=PRESENTATION_STYLE_ASSIGNMENT((#1057));
#515=ADVANCED_FACE('',(#1058),#1059,.F.);
#516=PRESENTATION_STYLE_ASSIGNMENT((#1060));
#517=ADVANCED_FACE('',(#1061),#1062,.F.);
#518=PRESENTATION_STYLE_ASSIGNMENT((#1063));
#519=ADVANCED_FACE('',(#1064),#1065,.F.);
#520=PRESENTATION_STYLE_ASSIGNMENT((#1066));
#521=ADVANCED_FACE('',(#1067),#1068,.F.);
#522=PRESENTATION_STYLE_ASSIGNMENT((#1069));
#523=ADVANCED_FACE('',(#1070),#1071,.F.);
#524=PRESENTATION_STYLE_ASSIGNMENT((#1072));
#525=ADVANCED_FACE('',(#1073),#1074,.F.);
#526=PRESENTATION_STYLE_ASSIGNMENT((#1075));
#527=ADVANCED_FACE('',(#1076),#1077,.F.);
#528=PRESENTATION_STYLE_ASSIGNMENT((#1078));
#529=ADVANCED_FACE('',(#1079,#1080,#1081),#1082,.T.);
#530=PRESENTATION_STYLE_ASSIGNMENT((#1083));
#531=ADVANCED_FACE('',(#1084),#1085,.T.);
#532=PRESENTATION_STYLE_ASSIGNMENT((#1086));
#533=ADVANCED_FACE('',(#1087),#1088,.F.);
#534=PRESENTATION_STYLE_ASSIGNMENT((#1089));
#535=ADVANCED_FACE('',(#1090),#1091,.T.);
#536=PRODUCT('fan_pf92251v1-1000u-a99','fan_pf92251v1-1000u-a99','PART-fan_pf92251v1-1000u-a99-DESC',(#1092));
#537=PRODUCT_DEFINITION('','NONE',#1093,#2);
#538=MANIFOLD_SOLID_BREP('fan_pf92251v1-1000u-a99',#1094);
#539=AXIS2_PLACEMENT_3D('',#1095,#1096,#1097);
#542=LENGTH_MEASURE_WITH_UNIT(LENGTH_MEASURE(1.0),#1098);
#545=DIMENSIONAL_EXPONENTS(1.0,0.0,0.0,0.0,0.0,0.0,0.0);
#547=DIMENSIONAL_EXPONENTS(0.0,0.0,0.0,0.0,0.0,0.0,0.0);
#553=SURFACE_STYLE_USAGE(.BOTH.,#1099);
#554=FACE_OUTER_BOUND('',#1100,.T.);
#555=CYLINDRICAL_SURFACE('',#1101,1.0);
#556=SURFACE_STYLE_USAGE(.BOTH.,#1102);
#557=FACE_BOUND('',#1103,.T.);
#558=FACE_OUTER_BOUND('',#1104,.T.);
#559=FACE_BOUND('',#1105,.T.);
#560=FACE_BOUND('',#1106,.T.);
#561=CYLINDRICAL_SURFACE('',#1107,18.0);
#562=SURFACE_STYLE_USAGE(.BOTH.,#1108);
#563=FACE_OUTER_BOUND('',#1109,.T.);
#564=CYLINDRICAL_SURFACE('',#1110,44.0);
#565=SURFACE_STYLE_USAGE(.BOTH.,#1111);
#566=FACE_OUTER_BOUND('',#1112,.T.);
#567=CYLINDRICAL_SURFACE('',#1113,2.15);
#568=SURFACE_STYLE_USAGE(.BOTH.,#1114);
#569=FACE_OUTER_BOUND('',#1115,.T.);
#570=CYLINDRICAL_SURFACE('',#1116,2.15);
#571=SURFACE_STYLE_USAGE(.BOTH.,#1117);
#572=FACE_OUTER_BOUND('',#1118,.T.);
#573=CYLINDRICAL_SURFACE('',#1119,2.15);
#574=SURFACE_STYLE_USAGE(.BOTH.,#1120);
#575=FACE_OUTER_BOUND('',#1121,.T.);
#576=CYLINDRICAL_SURFACE('',#1122,2.15);
#577=SURFACE_STYLE_USAGE(.BOTH.,#1123);
#578=FACE_OUTER_BOUND('',#1124,.T.);
#579=CYLINDRICAL_SURFACE('',#1125,1.033077);
#580=SURFACE_STYLE_USAGE(.BOTH.,#1126);
#581=FACE_OUTER_BOUND('',#1127,.T.);
#582=CYLINDRICAL_SURFACE('',#1128,3.44359);
#583=SURFACE_STYLE_USAGE(.BOTH.,#1129);
#584=FACE_OUTER_BOUND('',#1130,.T.);
#585=CYLINDRICAL_SURFACE('',#1131,1.033077);
#586=SURFACE_STYLE_USAGE(.BOTH.,#1132);
#587=FACE_OUTER_BOUND('',#1133,.T.);
#588=CYLINDRICAL_SURFACE('',#1134,3.44359);
#589=SURFACE_STYLE_USAGE(.BOTH.,#1135);
#590=FACE_OUTER_BOUND('',#1136,.T.);
#591=CYLINDRICAL_SURFACE('',#1137,1.033077);
#592=SURFACE_STYLE_USAGE(.BOTH.,#1138);
#593=FACE_OUTER_BOUND('',#1139,.T.);
#594=CYLINDRICAL_SURFACE('',#1140,3.44359);
#595=SURFACE_STYLE_USAGE(.BOTH.,#1141);
#596=FACE_OUTER_BOUND('',#1142,.T.);
#597=CYLINDRICAL_SURFACE('',#1143,1.033077);
#598=SURFACE_STYLE_USAGE(.BOTH.,#1144);
#599=FACE_OUTER_BOUND('',#1145,.T.);
#600=CYLINDRICAL_SURFACE('',#1146,3.44359);
#601=SURFACE_STYLE_USAGE(.BOTH.,#1147);
#602=FACE_OUTER_BOUND('',#1148,.T.);
#603=CYLINDRICAL_SURFACE('',#1149,1.033077);
#604=SURFACE_STYLE_USAGE(.BOTH.,#1150);
#605=FACE_OUTER_BOUND('',#1151,.T.);
#606=CYLINDRICAL_SURFACE('',#1152,3.44359);
#607=SURFACE_STYLE_USAGE(.BOTH.,#1153);
#608=FACE_OUTER_BOUND('',#1154,.T.);
#609=CYLINDRICAL_SURFACE('',#1155,1.033077);
#610=SURFACE_STYLE_USAGE(.BOTH.,#1156);
#611=FACE_OUTER_BOUND('',#1157,.T.);
#612=CYLINDRICAL_SURFACE('',#1158,3.44359);
#613=SURFACE_STYLE_USAGE(.BOTH.,#1159);
#614=FACE_OUTER_BOUND('',#1160,.T.);
#615=CYLINDRICAL_SURFACE('',#1161,1.033077);
#616=SURFACE_STYLE_USAGE(.BOTH.,#1162);
#617=FACE_OUTER_BOUND('',#1163,.T.);
#618=CYLINDRICAL_SURFACE('',#1164,3.44359);
#619=SURFACE_STYLE_USAGE(.BOTH.,#1165);
#620=FACE_OUTER_BOUND('',#1166,.T.);
#621=CYLINDRICAL_SURFACE('',#1167,1.0);
#622=SURFACE_STYLE_USAGE(.BOTH.,#1168);
#623=FACE_OUTER_BOUND('',#1169,.T.);
#624=CYLINDRICAL_SURFACE('',#1170,1.0);
#625=SURFACE_STYLE_USAGE(.BOTH.,#1171);
#626=FACE_OUTER_BOUND('',#1172,.T.);
#627=CYLINDRICAL_SURFACE('',#1173,1.0);
#628=SURFACE_STYLE_USAGE(.BOTH.,#1174);
#629=FACE_OUTER_BOUND('',#1175,.T.);
#630=CYLINDRICAL_SURFACE('',#1176,1.0);
#631=SURFACE_STYLE_USAGE(.BOTH.,#1177);
#632=FACE_OUTER_BOUND('',#1178,.T.);
#633=CYLINDRICAL_SURFACE('',#1179,2.15);
#634=SURFACE_STYLE_USAGE(.BOTH.,#1180);
#635=FACE_OUTER_BOUND('',#1181,.T.);
#636=CYLINDRICAL_SURFACE('',#1182,2.15);
#637=SURFACE_STYLE_USAGE(.BOTH.,#1183);
#638=FACE_OUTER_BOUND('',#1184,.T.);
#639=CYLINDRICAL_SURFACE('',#1185,2.15);
#640=SURFACE_STYLE_USAGE(.BOTH.,#1186);
#641=FACE_OUTER_BOUND('',#1187,.T.);
#642=CYLINDRICAL_SURFACE('',#1188,2.15);
#643=SURFACE_STYLE_USAGE(.BOTH.,#1189);
#644=FACE_OUTER_BOUND('',#1190,.T.);
#645=CYLINDRICAL_SURFACE('',#1191,1.5);
#646=SURFACE_STYLE_USAGE(.BOTH.,#1192);
#647=FACE_OUTER_BOUND('',#1193,.T.);
#648=CYLINDRICAL_SURFACE('',#1194,1.5);
#649=SURFACE_STYLE_USAGE(.BOTH.,#1195);
#650=FACE_OUTER_BOUND('',#1196,.T.);
#651=CYLINDRICAL_SURFACE('',#1197,2.15);
#652=SURFACE_STYLE_USAGE(.BOTH.,#1198);
#653=FACE_OUTER_BOUND('',#1199,.T.);
#654=CYLINDRICAL_SURFACE('',#1200,2.15);
#655=SURFACE_STYLE_USAGE(.BOTH.,#1201);
#656=FACE_OUTER_BOUND('',#1202,.T.);
#657=CYLINDRICAL_SURFACE('',#1203,2.15);
#658=SURFACE_STYLE_USAGE(.BOTH.,#1204);
#659=FACE_OUTER_BOUND('',#1205,.T.);
#660=CYLINDRICAL_SURFACE('',#1206,2.15);
#661=SURFACE_STYLE_USAGE(.BOTH.,#1207);
#662=FACE_OUTER_BOUND('',#1208,.T.);
#663=CYLINDRICAL_SURFACE('',#1209,48.0);
#664=SURFACE_STYLE_USAGE(.BOTH.,#1210);
#665=FACE_OUTER_BOUND('',#1211,.T.);
#666=CYLINDRICAL_SURFACE('',#1212,48.0);
#667=SURFACE_STYLE_USAGE(.BOTH.,#1213);
#668=FACE_OUTER_BOUND('',#1214,.T.);
#669=CYLINDRICAL_SURFACE('',#1215,48.0);
#670=SURFACE_STYLE_USAGE(.BOTH.,#1216);
#671=FACE_OUTER_BOUND('',#1217,.T.);
#672=CYLINDRICAL_SURFACE('',#1218,48.0);
#673=SURFACE_STYLE_USAGE(.BOTH.,#1219);
#674=FACE_OUTER_BOUND('',#1220,.T.);
#675=PLANE('',#1221);
#676=SURFACE_STYLE_USAGE(.BOTH.,#1222);
#677=FACE_OUTER_BOUND('',#1223,.T.);
#678=PLANE('',#1224);
#679=SURFACE_STYLE_USAGE(.BOTH.,#1225);
#680=FACE_OUTER_BOUND('',#1226,.T.);
#681=PLANE('',#1227);
#682=SURFACE_STYLE_USAGE(.BOTH.,#1228);
#683=FACE_OUTER_BOUND('',#1229,.T.);
#684=PLANE('',#1230);
#685=SURFACE_STYLE_USAGE(.BOTH.,#1231);
#686=FACE_OUTER_BOUND('',#1232,.T.);
#687=PLANE('',#1233);
#688=SURFACE_STYLE_USAGE(.BOTH.,#1234);
#689=FACE_BOUND('',#1235,.T.);
#690=FACE_OUTER_BOUND('',#1236,.T.);
#691=PLANE('',#1237);
#692=SURFACE_STYLE_USAGE(.BOTH.,#1238);
#693=FACE_OUTER_BOUND('',#1239,.T.);
#694=CYLINDRICAL_SURFACE('',#1240,4.0);
#695=SURFACE_STYLE_USAGE(.BOTH.,#1241);
#696=FACE_OUTER_BOUND('',#1242,.T.);
#697=PLANE('',#1243);
#698=SURFACE_STYLE_USAGE(.BOTH.,#1244);
#699=FACE_OUTER_BOUND('',#1245,.T.);
#700=CYLINDRICAL_SURFACE('',#1246,1.0);
#701=SURFACE_STYLE_USAGE(.BOTH.,#1247);
#702=FACE_OUTER_BOUND('',#1248,.T.);
#703=CYLINDRICAL_SURFACE('',#1249,1.0);
#704=SURFACE_STYLE_USAGE(.BOTH.,#1250);
#705=FACE_OUTER_BOUND('',#1251,.T.);
#706=CYLINDRICAL_SURFACE('',#1252,4.0);
#707=SURFACE_STYLE_USAGE(.BOTH.,#1253);
#708=FACE_OUTER_BOUND('',#1254,.T.);
#709=PLANE('',#1255);
#710=SURFACE_STYLE_USAGE(.BOTH.,#1256);
#711=FACE_OUTER_BOUND('',#1257,.T.);
#712=PLANE('',#1258);
#713=SURFACE_STYLE_USAGE(.BOTH.,#1259);
#714=FACE_BOUND('',#1260,.T.);
#715=FACE_OUTER_BOUND('',#1261,.T.);
#716=PLANE('',#1262);
#717=SURFACE_STYLE_USAGE(.BOTH.,#1263);
#718=FACE_OUTER_BOUND('',#1264,.T.);
#719=PLANE('',#1265);
#720=SURFACE_STYLE_USAGE(.BOTH.,#1266);
#721=FACE_OUTER_BOUND('',#1267,.T.);
#722=PLANE('',#1268);
#723=SURFACE_STYLE_USAGE(.BOTH.,#1269);
#724=FACE_BOUND('',#1270,.T.);
#725=FACE_OUTER_BOUND('',#1271,.T.);
#726=PLANE('',#1272);
#727=SURFACE_STYLE_USAGE(.BOTH.,#1273);
#728=FACE_OUTER_BOUND('',#1274,.T.);
#729=CYLINDRICAL_SURFACE('',#1275,4.0);
#730=SURFACE_STYLE_USAGE(.BOTH.,#1276);
#731=FACE_BOUND('',#1277,.T.);
#732=FACE_BOUND('',#1278,.T.);
#733=FACE_BOUND('',#1279,.T.);
#734=FACE_BOUND('',#1280,.T.);
#735=FACE_BOUND('',#1281,.T.);
#736=FACE_OUTER_BOUND('',#1282,.T.);
#737=PLANE('',#1283);
#738=SURFACE_STYLE_USAGE(.BOTH.,#1284);
#739=FACE_OUTER_BOUND('',#1285,.T.);
#740=CYLINDRICAL_SURFACE('',#1286,4.0);
#741=SURFACE_STYLE_USAGE(.BOTH.,#1287);
#742=FACE_BOUND('',#1288,.T.);
#743=FACE_OUTER_BOUND('',#1289,.T.);
#744=PLANE('',#1290);
#745=SURFACE_STYLE_USAGE(.BOTH.,#1291);
#746=FACE_BOUND('',#1292,.T.);
#747=FACE_OUTER_BOUND('',#1293,.T.);
#748=PLANE('',#1294);
#749=SURFACE_STYLE_USAGE(.BOTH.,#1295);
#750=FACE_BOUND('',#1296,.T.);
#751=FACE_OUTER_BOUND('',#1297,.T.);
#752=PLANE('',#1298);
#753=SURFACE_STYLE_USAGE(.BOTH.,#1299);
#754=FACE_BOUND('',#1300,.T.);
#755=FACE_OUTER_BOUND('',#1301,.T.);
#756=PLANE('',#1302);
#757=SURFACE_STYLE_USAGE(.BOTH.,#1303);
#758=FACE_OUTER_BOUND('',#1304,.T.);
#759=FACE_BOUND('',#1305,.T.);
#760=PLANE('',#1306);
#761=SURFACE_STYLE_USAGE(.BOTH.,#1307);
#762=FACE_OUTER_BOUND('',#1308,.T.);
#763=CYLINDRICAL_SURFACE('',#1309,45.45);
#764=SURFACE_STYLE_USAGE(.BOTH.,#1310);
#765=FACE_OUTER_BOUND('',#1311,.T.);
#766=CYLINDRICAL_SURFACE('',#1312,45.45);
#767=SURFACE_STYLE_USAGE(.BOTH.,#1313);
#768=FACE_OUTER_BOUND('',#1314,.T.);
#769=PLANE('',#1315);
#770=SURFACE_STYLE_USAGE(.BOTH.,#1316);
#771=FACE_OUTER_BOUND('',#1317,.T.);
#772=CYLINDRICAL_SURFACE('',#1318,45.45);
#773=SURFACE_STYLE_USAGE(.BOTH.,#1319);
#774=FACE_OUTER_BOUND('',#1320,.T.);
#775=PLANE('',#1321);
#776=SURFACE_STYLE_USAGE(.BOTH.,#1322);
#777=FACE_OUTER_BOUND('',#1323,.T.);
#778=PLANE('',#1324);
#779=SURFACE_STYLE_USAGE(.BOTH.,#1325);
#780=FACE_OUTER_BOUND('',#1326,.T.);
#781=CYLINDRICAL_SURFACE('',#1327,45.45);
#782=SURFACE_STYLE_USAGE(.BOTH.,#1328);
#783=FACE_OUTER_BOUND('',#1329,.T.);
#784=PLANE('',#1330);
#785=SURFACE_STYLE_USAGE(.BOTH.,#1331);
#786=FACE_OUTER_BOUND('',#1332,.T.);
#787=CYLINDRICAL_SURFACE('',#1333,3.44359);
#788=SURFACE_STYLE_USAGE(.BOTH.,#1334);
#789=FACE_OUTER_BOUND('',#1335,.T.);
#790=CYLINDRICAL_SURFACE('',#1336,43.044875);
#791=SURFACE_STYLE_USAGE(.BOTH.,#1337);
#792=FACE_OUTER_BOUND('',#1338,.T.);
#793=CYLINDRICAL_SURFACE('',#1339,1.033077);
#794=SURFACE_STYLE_USAGE(.BOTH.,#1340);
#795=FACE_OUTER_BOUND('',#1341,.T.);
#796=CYLINDRICAL_SURFACE('',#1342,3.44359);
#797=SURFACE_STYLE_USAGE(.BOTH.,#1343);
#798=FACE_OUTER_BOUND('',#1344,.T.);
#799=CYLINDRICAL_SURFACE('',#1345,43.044875);
#800=SURFACE_STYLE_USAGE(.BOTH.,#1346);
#801=FACE_OUTER_BOUND('',#1347,.T.);
#802=CYLINDRICAL_SURFACE('',#1348,1.033077);
#803=SURFACE_STYLE_USAGE(.BOTH.,#1349);
#804=FACE_OUTER_BOUND('',#1350,.T.);
#805=CYLINDRICAL_SURFACE('',#1351,3.44359);
#806=SURFACE_STYLE_USAGE(.BOTH.,#1352);
#807=FACE_OUTER_BOUND('',#1353,.T.);
#808=CYLINDRICAL_SURFACE('',#1354,43.044875);
#809=SURFACE_STYLE_USAGE(.BOTH.,#1355);
#810=FACE_OUTER_BOUND('',#1356,.T.);
#811=CYLINDRICAL_SURFACE('',#1357,1.033077);
#812=SURFACE_STYLE_USAGE(.BOTH.,#1358);
#813=FACE_OUTER_BOUND('',#1359,.T.);
#814=CYLINDRICAL_SURFACE('',#1360,3.44359);
#815=SURFACE_STYLE_USAGE(.BOTH.,#1361);
#816=FACE_OUTER_BOUND('',#1362,.T.);
#817=CYLINDRICAL_SURFACE('',#1363,43.044875);
#818=SURFACE_STYLE_USAGE(.BOTH.,#1364);
#819=FACE_OUTER_BOUND('',#1365,.T.);
#820=CYLINDRICAL_SURFACE('',#1366,1.033077);
#821=SURFACE_STYLE_USAGE(.BOTH.,#1367);
#822=FACE_OUTER_BOUND('',#1368,.T.);
#823=CYLINDRICAL_SURFACE('',#1369,3.44359);
#824=SURFACE_STYLE_USAGE(.BOTH.,#1370);
#825=FACE_OUTER_BOUND('',#1371,.T.);
#826=CYLINDRICAL_SURFACE('',#1372,43.044875);
#827=SURFACE_STYLE_USAGE(.BOTH.,#1373);
#828=FACE_OUTER_BOUND('',#1374,.T.);
#829=CYLINDRICAL_SURFACE('',#1375,1.033077);
#830=SURFACE_STYLE_USAGE(.BOTH.,#1376);
#831=FACE_OUTER_BOUND('',#1377,.T.);
#832=CYLINDRICAL_SURFACE('',#1378,3.44359);
#833=SURFACE_STYLE_USAGE(.BOTH.,#1379);
#834=FACE_OUTER_BOUND('',#1380,.T.);
#835=CYLINDRICAL_SURFACE('',#1381,43.044875);
#836=SURFACE_STYLE_USAGE(.BOTH.,#1382);
#837=FACE_OUTER_BOUND('',#1383,.T.);
#838=CYLINDRICAL_SURFACE('',#1384,1.033077);
#839=SURFACE_STYLE_USAGE(.BOTH.,#1385);
#840=FACE_OUTER_BOUND('',#1386,.T.);
#841=CYLINDRICAL_SURFACE('',#1387,3.44359);
#842=SURFACE_STYLE_USAGE(.BOTH.,#1388);
#843=FACE_OUTER_BOUND('',#1389,.T.);
#844=CYLINDRICAL_SURFACE('',#1390,43.044875);
#845=SURFACE_STYLE_USAGE(.BOTH.,#1391);
#846=FACE_OUTER_BOUND('',#1392,.T.);
#847=CYLINDRICAL_SURFACE('',#1393,1.033077);
#848=SURFACE_STYLE_USAGE(.BOTH.,#1394);
#849=FACE_OUTER_BOUND('',#1395,.T.);
#850=CYLINDRICAL_SURFACE('',#1396,4.0);
#851=SURFACE_STYLE_USAGE(.BOTH.,#1397);
#852=FACE_OUTER_BOUND('',#1398,.T.);
#853=PLANE('',#1399);
#854=SURFACE_STYLE_USAGE(.BOTH.,#1400);
#855=FACE_OUTER_BOUND('',#1401,.T.);
#856=CYLINDRICAL_SURFACE('',#1402,4.0);
#857=SURFACE_STYLE_USAGE(.BOTH.,#1403);
#858=FACE_OUTER_BOUND('',#1404,.T.);
#859=PLANE('',#1405);
#860=SURFACE_STYLE_USAGE(.BOTH.,#1406);
#861=FACE_OUTER_BOUND('',#1407,.T.);
#862=CYLINDRICAL_SURFACE('',#1408,4.0);
#863=SURFACE_STYLE_USAGE(.BOTH.,#1409);
#864=FACE_OUTER_BOUND('',#1410,.T.);
#865=PLANE('',#1411);
#866=SURFACE_STYLE_USAGE(.BOTH.,#1412);
#867=FACE_OUTER_BOUND('',#1413,.T.);
#868=CYLINDRICAL_SURFACE('',#1414,4.0);
#869=SURFACE_STYLE_USAGE(.BOTH.,#1415);
#870=FACE_OUTER_BOUND('',#1416,.T.);
#871=PLANE('',#1417);
#872=SURFACE_STYLE_USAGE(.BOTH.,#1418);
#873=FACE_OUTER_BOUND('',#1419,.T.);
#874=CYLINDRICAL_SURFACE('',#1420,2.15);
#875=SURFACE_STYLE_USAGE(.BOTH.,#1421);
#876=FACE_OUTER_BOUND('',#1422,.T.);
#877=CYLINDRICAL_SURFACE('',#1423,2.15);
#878=SURFACE_STYLE_USAGE(.BOTH.,#1424);
#879=FACE_OUTER_BOUND('',#1425,.T.);
#880=CYLINDRICAL_SURFACE('',#1426,2.15);
#881=SURFACE_STYLE_USAGE(.BOTH.,#1427);
#882=FACE_OUTER_BOUND('',#1428,.T.);
#883=CYLINDRICAL_SURFACE('',#1429,2.15);
#884=SURFACE_STYLE_USAGE(.BOTH.,#1430);
#885=FACE_OUTER_BOUND('',#1431,.T.);
#886=PLANE('',#1432);
#887=SURFACE_STYLE_USAGE(.BOTH.,#1433);
#888=FACE_OUTER_BOUND('',#1434,.T.);
#889=CYLINDRICAL_SURFACE('',#1435,51.75);
#890=SURFACE_STYLE_USAGE(.BOTH.,#1436);
#891=FACE_OUTER_BOUND('',#1437,.T.);
#892=CYLINDRICAL_SURFACE('',#1438,51.75);
#893=SURFACE_STYLE_USAGE(.BOTH.,#1439);
#894=FACE_OUTER_BOUND('',#1440,.T.);
#895=CYLINDRICAL_SURFACE('',#1441,51.75);
#896=SURFACE_STYLE_USAGE(.BOTH.,#1442);
#897=FACE_OUTER_BOUND('',#1443,.T.);
#898=PLANE('',#1444);
#899=SURFACE_STYLE_USAGE(.BOTH.,#1445);
#900=FACE_OUTER_BOUND('',#1446,.T.);
#901=CYLINDRICAL_SURFACE('',#1447,51.75);
#902=SURFACE_STYLE_USAGE(.BOTH.,#1448);
#903=FACE_OUTER_BOUND('',#1449,.T.);
#904=CYLINDRICAL_SURFACE('',#1450,51.75);
#905=SURFACE_STYLE_USAGE(.BOTH.,#1451);
#906=FACE_OUTER_BOUND('',#1452,.T.);
#907=CONICAL_SURFACE('',#1453,47.875,1.0471975511966);
#908=SURFACE_STYLE_USAGE(.BOTH.,#1454);
#909=FACE_OUTER_BOUND('',#1455,.T.);
#910=CONICAL_SURFACE('',#1456,47.875,1.0471975511966);
#911=SURFACE_STYLE_USAGE(.BOTH.,#1457);
#912=FACE_OUTER_BOUND('',#1458,.T.);
#913=CONICAL_SURFACE('',#1459,44.725,1.04719755119659);
#914=SURFACE_STYLE_USAGE(.BOTH.,#1460);
#915=FACE_OUTER_BOUND('',#1461,.T.);
#916=CONICAL_SURFACE('',#1462,44.725,1.04719755119659);
#917=SURFACE_STYLE_USAGE(.BOTH.,#1463);
#918=FACE_OUTER_BOUND('',#1464,.T.);
#919=CONICAL_SURFACE('',#1465,44.725,1.04719755119659);
#920=SURFACE_STYLE_USAGE(.BOTH.,#1466);
#921=FACE_OUTER_BOUND('',#1467,.T.);
#922=CONICAL_SURFACE('',#1468,44.725,1.04719755119659);
#923=SURFACE_STYLE_USAGE(.BOTH.,#1469);
#924=FACE_OUTER_BOUND('',#1470,.T.);
#925=CONICAL_SURFACE('',#1471,47.875,1.0471975511966);
#926=SURFACE_STYLE_USAGE(.BOTH.,#1472);
#927=FACE_OUTER_BOUND('',#1473,.T.);
#928=CYLINDRICAL_SURFACE('',#1474,51.75);
#929=SURFACE_STYLE_USAGE(.BOTH.,#1475);
#930=FACE_OUTER_BOUND('',#1476,.T.);
#931=PLANE('',#1477);
#932=SURFACE_STYLE_USAGE(.BOTH.,#1478);
#933=FACE_OUTER_BOUND('',#1479,.T.);
#934=CYLINDRICAL_SURFACE('',#1480,45.6768021760758);
#935=SURFACE_STYLE_USAGE(.BOTH.,#1481);
#936=FACE_OUTER_BOUND('',#1482,.T.);
#937=PLANE('',#1483);
#938=SURFACE_STYLE_USAGE(.BOTH.,#1484);
#939=FACE_OUTER_BOUND('',#1485,.T.);
#940=CYLINDRICAL_SURFACE('',#1486,39.6768670076485);
#941=SURFACE_STYLE_USAGE(.BOTH.,#1487);
#942=FACE_OUTER_BOUND('',#1488,.T.);
#943=PLANE('',#1489);
#944=SURFACE_STYLE_USAGE(.BOTH.,#1490);
#945=FACE_OUTER_BOUND('',#1491,.T.);
#946=CYLINDRICAL_SURFACE('',#1492,45.6768021760758);
#947=SURFACE_STYLE_USAGE(.BOTH.,#1493);
#948=FACE_OUTER_BOUND('',#1494,.T.);
#949=PLANE('',#1495);
#950=SURFACE_STYLE_USAGE(.BOTH.,#1496);
#951=FACE_OUTER_BOUND('',#1497,.T.);
#952=CYLINDRICAL_SURFACE('',#1498,39.6768670076485);
#953=SURFACE_STYLE_USAGE(.BOTH.,#1499);
#954=FACE_OUTER_BOUND('',#1500,.T.);
#955=PLANE('',#1501);
#956=SURFACE_STYLE_USAGE(.BOTH.,#1502);
#957=FACE_OUTER_BOUND('',#1503,.T.);
#958=CYLINDRICAL_SURFACE('',#1504,45.6768021760758);
#959=SURFACE_STYLE_USAGE(.BOTH.,#1505);
#960=FACE_OUTER_BOUND('',#1506,.T.);
#961=PLANE('',#1507);
#962=SURFACE_STYLE_USAGE(.BOTH.,#1508);
#963=FACE_OUTER_BOUND('',#1509,.T.);
#964=CYLINDRICAL_SURFACE('',#1510,39.6768670076485);
#965=SURFACE_STYLE_USAGE(.BOTH.,#1511);
#966=FACE_OUTER_BOUND('',#1512,.T.);
#967=PLANE('',#1513);
#968=SURFACE_STYLE_USAGE(.BOTH.,#1514);
#969=FACE_OUTER_BOUND('',#1515,.T.);
#970=CYLINDRICAL_SURFACE('',#1516,45.6768021760758);
#971=SURFACE_STYLE_USAGE(.BOTH.,#1517);
#972=FACE_OUTER_BOUND('',#1518,.T.);
#973=PLANE('',#1519);
#974=SURFACE_STYLE_USAGE(.BOTH.,#1520);
#975=FACE_OUTER_BOUND('',#1521,.T.);
#976=CYLINDRICAL_SURFACE('',#1522,39.6768670076485);
#977=SURFACE_STYLE_USAGE(.BOTH.,#1523);
#978=FACE_OUTER_BOUND('',#1524,.T.);
#979=PLANE('',#1525);
#980=SURFACE_STYLE_USAGE(.BOTH.,#1526);
#981=FACE_OUTER_BOUND('',#1527,.T.);
#982=CYLINDRICAL_SURFACE('',#1528,45.6768021760758);
#983=SURFACE_STYLE_USAGE(.BOTH.,#1529);
#984=FACE_OUTER_BOUND('',#1530,.T.);
#985=PLANE('',#1531);
#986=SURFACE_STYLE_USAGE(.BOTH.,#1532);
#987=FACE_OUTER_BOUND('',#1533,.T.);
#988=CYLINDRICAL_SURFACE('',#1534,39.6768670076485);
#989=SURFACE_STYLE_USAGE(.BOTH.,#1535);
#990=FACE_OUTER_BOUND('',#1536,.T.);
#991=PLANE('',#1537);
#992=SURFACE_STYLE_USAGE(.BOTH.,#1538);
#993=FACE_OUTER_BOUND('',#1539,.T.);
#994=CYLINDRICAL_SURFACE('',#1540,45.6768021760758);
#995=SURFACE_STYLE_USAGE(.BOTH.,#1541);
#996=FACE_OUTER_BOUND('',#1542,.T.);
#997=PLANE('',#1543);
#998=SURFACE_STYLE_USAGE(.BOTH.,#1544);
#999=FACE_OUTER_BOUND('',#1545,.T.);
#1000=CYLINDRICAL_SURFACE('',#1546,39.6768670076485);
#1001=SURFACE_STYLE_USAGE(.BOTH.,#1547);
#1002=FACE_OUTER_BOUND('',#1548,.T.);
#1003=PLANE('',#1549);
#1004=SURFACE_STYLE_USAGE(.BOTH.,#1550);
#1005=FACE_OUTER_BOUND('',#1551,.T.);
#1006=CYLINDRICAL_SURFACE('',#1552,45.6768021760758);
#1007=SURFACE_STYLE_USAGE(.BOTH.,#1553);
#1008=FACE_OUTER_BOUND('',#1554,.T.);
#1009=PLANE('',#1555);
#1010=SURFACE_STYLE_USAGE(.BOTH.,#1556);
#1011=FACE_OUTER_BOUND('',#1557,.T.);
#1012=CYLINDRICAL_SURFACE('',#1558,39.6768670076485);
#1013=SURFACE_STYLE_USAGE(.BOTH.,#1559);
#1014=FACE_OUTER_BOUND('',#1560,.T.);
#1015=PLANE('',#1561);
#1016=SURFACE_STYLE_USAGE(.BOTH.,#1562);
#1017=FACE_OUTER_BOUND('',#1563,.T.);
#1018=PLANE('',#1564);
#1019=SURFACE_STYLE_USAGE(.BOTH.,#1565);
#1020=FACE_OUTER_BOUND('',#1566,.T.);
#1021=PLANE('',#1567);
#1022=SURFACE_STYLE_USAGE(.BOTH.,#1568);
#1023=FACE_OUTER_BOUND('',#1569,.T.);
#1024=PLANE('',#1570);
#1025=SURFACE_STYLE_USAGE(.BOTH.,#1571);
#1026=FACE_OUTER_BOUND('',#1572,.T.);
#1027=PLANE('',#1573);
#1028=SURFACE_STYLE_USAGE(.BOTH.,#1574);
#1029=FACE_OUTER_BOUND('',#1575,.T.);
#1030=PLANE('',#1576);
#1031=SURFACE_STYLE_USAGE(.BOTH.,#1577);
#1032=FACE_OUTER_BOUND('',#1578,.T.);
#1033=PLANE('',#1579);
#1034=SURFACE_STYLE_USAGE(.BOTH.,#1580);
#1035=FACE_OUTER_BOUND('',#1581,.T.);
#1036=PLANE('',#1582);
#1037=SURFACE_STYLE_USAGE(.BOTH.,#1583);
#1038=FACE_OUTER_BOUND('',#1584,.T.);
#1039=PLANE('',#1585);
#1040=SURFACE_STYLE_USAGE(.BOTH.,#1586);
#1041=FACE_BOUND('',#1587,.T.);
#1042=FACE_BOUND('',#1588,.T.);
#1043=FACE_BOUND('',#1589,.T.);
#1044=FACE_BOUND('',#1590,.T.);
#1045=FACE_BOUND('',#1591,.T.);
#1046=FACE_BOUND('',#1592,.T.);
#1047=FACE_BOUND('',#1593,.T.);
#1048=FACE_BOUND('',#1594,.T.);
#1049=FACE_OUTER_BOUND('',#1595,.T.);
#1050=PLANE('',#1596);
#1051=SURFACE_STYLE_USAGE(.BOTH.,#1597);
#1052=FACE_OUTER_BOUND('',#1598,.T.);
#1053=PLANE('',#1599);
#1054=SURFACE_STYLE_USAGE(.BOTH.,#1600);
#1055=FACE_OUTER_BOUND('',#1601,.T.);
#1056=PLANE('',#1602);
#1057=SURFACE_STYLE_USAGE(.BOTH.,#1603);
#1058=FACE_OUTER_BOUND('',#1604,.T.);
#1059=PLANE('',#1605);
#1060=SURFACE_STYLE_USAGE(.BOTH.,#1606);
#1061=FACE_OUTER_BOUND('',#1607,.T.);
#1062=CYLINDRICAL_SURFACE('',#1608,51.75);
#1063=SURFACE_STYLE_USAGE(.BOTH.,#1609);
#1064=FACE_OUTER_BOUND('',#1610,.T.);
#1065=PLANE('',#1611);
#1066=SURFACE_STYLE_USAGE(.BOTH.,#1612);
#1067=FACE_OUTER_BOUND('',#1613,.T.);
#1068=CYLINDRICAL_SURFACE('',#1614,44.0);
#1069=SURFACE_STYLE_USAGE(.BOTH.,#1615);
#1070=FACE_OUTER_BOUND('',#1616,.T.);
#1071=PLANE('',#1617);
#1072=SURFACE_STYLE_USAGE(.BOTH.,#1618);
#1073=FACE_OUTER_BOUND('',#1619,.T.);
#1074=CYLINDRICAL_SURFACE('',#1620,51.75);
#1075=SURFACE_STYLE_USAGE(.BOTH.,#1621);
#1076=FACE_OUTER_BOUND('',#1622,.T.);
#1077=PLANE('',#1623);
#1078=SURFACE_STYLE_USAGE(.BOTH.,#1624);
#1079=FACE_OUTER_BOUND('',#1625,.T.);
#1080=FACE_BOUND('',#1626,.T.);
#1081=FACE_BOUND('',#1627,.T.);
#1082=CYLINDRICAL_SURFACE('',#1628,18.0);
#1083=SURFACE_STYLE_USAGE(.BOTH.,#1629);
#1084=FACE_OUTER_BOUND('',#1630,.T.);
#1085=CYLINDRICAL_SURFACE('',#1631,1.0);
#1086=SURFACE_STYLE_USAGE(.BOTH.,#1632);
#1087=FACE_OUTER_BOUND('',#1633,.T.);
#1088=CONICAL_SURFACE('',#1634,47.875,1.0471975511966);
#1089=SURFACE_STYLE_USAGE(.BOTH.,#1635);
#1090=FACE_OUTER_BOUND('',#1636,.T.);
#1091=CYLINDRICAL_SURFACE('',#1637,1.0);
#1092=PRODUCT_CONTEXT('',#181,'mechanical');
#1093=PRODUCT_DEFINITION_FORMATION_WITH_SPECIFIED_SOURCE(' ','NONE',#536,.NOT_KNOWN.);
#1094=CLOSED_SHELL('',(#195,#197,#199,#201,#203,#205,#207,#209,#211,#213,#215,#217,#219,#221,#223,#225,#227,#229,#231,#233,#235,#237,#239,#241,#243,#245,#247,#249,#251,#253,#255,#257,#259,#261,#263,#265,#267,#269,#271,#273,#275,#277,#279,#281,#283,#285,#287,#289,#291,#293,#295,#297,#299,#301,#303,#305,#307,#309,#311,#313,#315,#317,#319,#321,#323,#325,#327,#329,#331,#333,#335,#337,#339,#341,#343,#345,#347,#349,#351,#353,#355,#357,#359,#361,#363,#365,#367,#369,#371,#373,#375,#377,#379,#381,#383,#385,#387,#389,#391,#393,#395,#397,#399,#401,#403,#405,#407,#409,#411,#413,#415,#417,#419,#421,#423,#425,#427,#429,#431,#433,#435,#437,#439,#441,#443,#445,#447,#449,#451,#453,#455,#457,#459,#461,#463,#465,#467,#469,#471,#473,#475,#477,#479,#481,#483,#485,#487,#489,#491,#493,#495,#497,#499,#501,#503,#505,#507,#509,#511,#513,#515,#517,#519,#521,#523,#525,#527,#529,#531,#533,#535));
#1095=CARTESIAN_POINT('',(0.0,0.0,0.0));
#1096=DIRECTION('',(0.0,0.0,1.0));
#1097=DIRECTION('',(1.0,0.0,0.0));
#1098= (NAMED_UNIT(#545)LENGTH_UNIT()SI_UNIT(.MILLI.,.METRE.));
#1099=SURFACE_SIDE_STYLE('',(#1639));
#1100=EDGE_LOOP('',(#1640,#1641,#1642,#1643));
#1101=AXIS2_PLACEMENT_3D('',#1644,#1645,#1646);
#1102=SURFACE_SIDE_STYLE('',(#1647));
#1103=EDGE_LOOP('',(#1648,#1649,#1650,#1651));
#1104=EDGE_LOOP('',(#1652,#1653,#1654,#1655,#1656,#1657,#1658,#1659,#1660,#1661,#1662,#1663,#1664,#1665,#1666,#1667,#1668,#1669,#1670,#1671,#1672,#1673,#1674));
#1105=EDGE_LOOP('',(#1675,#1676,#1677,#1678));
#1106=EDGE_LOOP('',(#1679,#1680,#1681,#1682));
#1107=AXIS2_PLACEMENT_3D('',#1683,#1684,#1685);
#1108=SURFACE_SIDE_STYLE('',(#1686));
#1109=EDGE_LOOP('',(#1687,#1688,#1689,#1690,#1691,#1692));
#1110=AXIS2_PLACEMENT_3D('',#1693,#1694,#1695);
#1111=SURFACE_SIDE_STYLE('',(#1696));
#1112=EDGE_LOOP('',(#1697,#1698,#1699,#1700));
#1113=AXIS2_PLACEMENT_3D('',#1701,#1702,#1703);
#1114=SURFACE_SIDE_STYLE('',(#1704));
#1115=EDGE_LOOP('',(#1705,#1706,#1707,#1708));
#1116=AXIS2_PLACEMENT_3D('',#1709,#1710,#1711);
#1117=SURFACE_SIDE_STYLE('',(#1712));
#1118=EDGE_LOOP('',(#1713,#1714,#1715,#1716));
#1119=AXIS2_PLACEMENT_3D('',#1717,#1718,#1719);
#1120=SURFACE_SIDE_STYLE('',(#1720));
#1121=EDGE_LOOP('',(#1721,#1722,#1723,#1724));
#1122=AXIS2_PLACEMENT_3D('',#1725,#1726,#1727);
#1123=SURFACE_SIDE_STYLE('',(#1728));
#1124=EDGE_LOOP('',(#1729,#1730,#1731,#1732));
#1125=AXIS2_PLACEMENT_3D('',#1733,#1734,#1735);
#1126=SURFACE_SIDE_STYLE('',(#1736));
#1127=EDGE_LOOP('',(#1737,#1738,#1739,#1740));
#1128=AXIS2_PLACEMENT_3D('',#1741,#1742,#1743);
#1129=SURFACE_SIDE_STYLE('',(#1744));
#1130=EDGE_LOOP('',(#1745,#1746,#1747,#1748));
#1131=AXIS2_PLACEMENT_3D('',#1749,#1750,#1751);
#1132=SURFACE_SIDE_STYLE('',(#1752));
#1133=EDGE_LOOP('',(#1753,#1754,#1755,#1756));
#1134=AXIS2_PLACEMENT_3D('',#1757,#1758,#1759);
#1135=SURFACE_SIDE_STYLE('',(#1760));
#1136=EDGE_LOOP('',(#1761,#1762,#1763,#1764));
#1137=AXIS2_PLACEMENT_3D('',#1765,#1766,#1767);
#1138=SURFACE_SIDE_STYLE('',(#1768));
#1139=EDGE_LOOP('',(#1769,#1770,#1771,#1772));
#1140=AXIS2_PLACEMENT_3D('',#1773,#1774,#1775);
#1141=SURFACE_SIDE_STYLE('',(#1776));
#1142=EDGE_LOOP('',(#1777,#1778,#1779,#1780));
#1143=AXIS2_PLACEMENT_3D('',#1781,#1782,#1783);
#1144=SURFACE_SIDE_STYLE('',(#1784));
#1145=EDGE_LOOP('',(#1785,#1786,#1787,#1788));
#1146=AXIS2_PLACEMENT_3D('',#1789,#1790,#1791);
#1147=SURFACE_SIDE_STYLE('',(#1792));
#1148=EDGE_LOOP('',(#1793,#1794,#1795,#1796));
#1149=AXIS2_PLACEMENT_3D('',#1797,#1798,#1799);
#1150=SURFACE_SIDE_STYLE('',(#1800));
#1151=EDGE_LOOP('',(#1801,#1802,#1803,#1804));
#1152=AXIS2_PLACEMENT_3D('',#1805,#1806,#1807);
#1153=SURFACE_SIDE_STYLE('',(#1808));
#1154=EDGE_LOOP('',(#1809,#1810,#1811,#1812));
#1155=AXIS2_PLACEMENT_3D('',#1813,#1814,#1815);
#1156=SURFACE_SIDE_STYLE('',(#1816));
#1157=EDGE_LOOP('',(#1817,#1818,#1819,#1820));
#1158=AXIS2_PLACEMENT_3D('',#1821,#1822,#1823);
#1159=SURFACE_SIDE_STYLE('',(#1824));
#1160=EDGE_LOOP('',(#1825,#1826,#1827,#1828));
#1161=AXIS2_PLACEMENT_3D('',#1829,#1830,#1831);
#1162=SURFACE_SIDE_STYLE('',(#1832));
#1163=EDGE_LOOP('',(#1833,#1834,#1835,#1836));
#1164=AXIS2_PLACEMENT_3D('',#1837,#1838,#1839);
#1165=SURFACE_SIDE_STYLE('',(#1840));
#1166=EDGE_LOOP('',(#1841,#1842,#1843,#1844,#1845,#1846,#1847));
#1167=AXIS2_PLACEMENT_3D('',#1848,#1849,#1850);
#1168=SURFACE_SIDE_STYLE('',(#1851));
#1169=EDGE_LOOP('',(#1852,#1853,#1854));
#1170=AXIS2_PLACEMENT_3D('',#1855,#1856,#1857);
#1171=SURFACE_SIDE_STYLE('',(#1858));
#1172=EDGE_LOOP('',(#1859,#1860,#1861));
#1173=AXIS2_PLACEMENT_3D('',#1862,#1863,#1864);
#1174=SURFACE_SIDE_STYLE('',(#1865));
#1175=EDGE_LOOP('',(#1866,#1867,#1868,#1869,#1870,#1871));
#1176=AXIS2_PLACEMENT_3D('',#1872,#1873,#1874);
#1177=SURFACE_SIDE_STYLE('',(#1875));
#1178=EDGE_LOOP('',(#1876,#1877,#1878,#1879));
#1179=AXIS2_PLACEMENT_3D('',#1880,#1881,#1882);
#1180=SURFACE_SIDE_STYLE('',(#1883));
#1181=EDGE_LOOP('',(#1884,#1885,#1886,#1887));
#1182=AXIS2_PLACEMENT_3D('',#1888,#1889,#1890);
#1183=SURFACE_SIDE_STYLE('',(#1891));
#1184=EDGE_LOOP('',(#1892,#1893,#1894,#1895));
#1185=AXIS2_PLACEMENT_3D('',#1896,#1897,#1898);
#1186=SURFACE_SIDE_STYLE('',(#1899));
#1187=EDGE_LOOP('',(#1900,#1901,#1902,#1903));
#1188=AXIS2_PLACEMENT_3D('',#1904,#1905,#1906);
#1189=SURFACE_SIDE_STYLE('',(#1907));
#1190=EDGE_LOOP('',(#1908,#1909,#1910,#1911,#1912,#1913,#1914));
#1191=AXIS2_PLACEMENT_3D('',#1915,#1916,#1917);
#1192=SURFACE_SIDE_STYLE('',(#1918));
#1193=EDGE_LOOP('',(#1919,#1920,#1921,#1922,#1923,#1924,#1925));
#1194=AXIS2_PLACEMENT_3D('',#1926,#1927,#1928);
#1195=SURFACE_SIDE_STYLE('',(#1929));
#1196=EDGE_LOOP('',(#1930,#1931,#1932,#1933));
#1197=AXIS2_PLACEMENT_3D('',#1934,#1935,#1936);
#1198=SURFACE_SIDE_STYLE('',(#1937));
#1199=EDGE_LOOP('',(#1938,#1939,#1940,#1941));
#1200=AXIS2_PLACEMENT_3D('',#1942,#1943,#1944);
#1201=SURFACE_SIDE_STYLE('',(#1945));
#1202=EDGE_LOOP('',(#1946,#1947,#1948,#1949));
#1203=AXIS2_PLACEMENT_3D('',#1950,#1951,#1952);
#1204=SURFACE_SIDE_STYLE('',(#1953));
#1205=EDGE_LOOP('',(#1954,#1955,#1956,#1957));
#1206=AXIS2_PLACEMENT_3D('',#1958,#1959,#1960);
#1207=SURFACE_SIDE_STYLE('',(#1961));
#1208=EDGE_LOOP('',(#1962,#1963,#1964,#1965));
#1209=AXIS2_PLACEMENT_3D('',#1966,#1967,#1968);
#1210=SURFACE_SIDE_STYLE('',(#1969));
#1211=EDGE_LOOP('',(#1970,#1971,#1972,#1973));
#1212=AXIS2_PLACEMENT_3D('',#1974,#1975,#1976);
#1213=SURFACE_SIDE_STYLE('',(#1977));
#1214=EDGE_LOOP('',(#1978,#1979,#1980,#1981));
#1215=AXIS2_PLACEMENT_3D('',#1982,#1983,#1984);
#1216=SURFACE_SIDE_STYLE('',(#1985));
#1217=EDGE_LOOP('',(#1986,#1987,#1988,#1989,#1990,#1991));
#1218=AXIS2_PLACEMENT_3D('',#1992,#1993,#1994);
#1219=SURFACE_SIDE_STYLE('',(#1995));
#1220=EDGE_LOOP('',(#1996,#1997,#1998,#1999));
#1221=AXIS2_PLACEMENT_3D('',#2000,#2001,#2002);
#1222=SURFACE_SIDE_STYLE('',(#2003));
#1223=EDGE_LOOP('',(#2004,#2005,#2006,#2007));
#1224=AXIS2_PLACEMENT_3D('',#2008,#2009,#2010);
#1225=SURFACE_SIDE_STYLE('',(#2011));
#1226=EDGE_LOOP('',(#2012,#2013,#2014));
#1227=AXIS2_PLACEMENT_3D('',#2015,#2016,#2017);
#1228=SURFACE_SIDE_STYLE('',(#2018));
#1229=EDGE_LOOP('',(#2019,#2020,#2021));
#1230=AXIS2_PLACEMENT_3D('',#2022,#2023,#2024);
#1231=SURFACE_SIDE_STYLE('',(#2025));
#1232=EDGE_LOOP('',(#2026,#2027,#2028,#2029));
#1233=AXIS2_PLACEMENT_3D('',#2030,#2031,#2032);
#1234=SURFACE_SIDE_STYLE('',(#2033));
#1235=EDGE_LOOP('',(#2034,#2035));
#1236=EDGE_LOOP('',(#2036,#2037,#2038,#2039,#2040,#2041));
#1237=AXIS2_PLACEMENT_3D('',#2042,#2043,#2044);
#1238=SURFACE_SIDE_STYLE('',(#2045));
#1239=EDGE_LOOP('',(#2046,#2047,#2048,#2049));
#1240=AXIS2_PLACEMENT_3D('',#2050,#2051,#2052);
#1241=SURFACE_SIDE_STYLE('',(#2053));
#1242=EDGE_LOOP('',(#2054,#2055,#2056,#2057));
#1243=AXIS2_PLACEMENT_3D('',#2058,#2059,#2060);
#1244=SURFACE_SIDE_STYLE('',(#2061));
#1245=EDGE_LOOP('',(#2062,#2063,#2064,#2065,#2066));
#1246=AXIS2_PLACEMENT_3D('',#2067,#2068,#2069);
#1247=SURFACE_SIDE_STYLE('',(#2070));
#1248=EDGE_LOOP('',(#2071,#2072,#2073,#2074,#2075,#2076,#2077,#2078,#2079));
#1249=AXIS2_PLACEMENT_3D('',#2080,#2081,#2082);
#1250=SURFACE_SIDE_STYLE('',(#2083));
#1251=EDGE_LOOP('',(#2084,#2085,#2086,#2087));
#1252=AXIS2_PLACEMENT_3D('',#2088,#2089,#2090);
#1253=SURFACE_SIDE_STYLE('',(#2091));
#1254=EDGE_LOOP('',(#2092,#2093,#2094,#2095));
#1255=AXIS2_PLACEMENT_3D('',#2096,#2097,#2098);
#1256=SURFACE_SIDE_STYLE('',(#2099));
#1257=EDGE_LOOP('',(#2100,#2101,#2102,#2103));
#1258=AXIS2_PLACEMENT_3D('',#2104,#2105,#2106);
#1259=SURFACE_SIDE_STYLE('',(#2107));
#1260=EDGE_LOOP('',(#2108,#2109));
#1261=EDGE_LOOP('',(#2110,#2111,#2112,#2113,#2114,#2115));
#1262=AXIS2_PLACEMENT_3D('',#2116,#2117,#2118);
#1263=SURFACE_SIDE_STYLE('',(#2119));
#1264=EDGE_LOOP('',(#2120,#2121,#2122,#2123));
#1265=AXIS2_PLACEMENT_3D('',#2124,#2125,#2126);
#1266=SURFACE_SIDE_STYLE('',(#2127));
#1267=EDGE_LOOP('',(#2128,#2129,#2130,#2131));
#1268=AXIS2_PLACEMENT_3D('',#2132,#2133,#2134);
#1269=SURFACE_SIDE_STYLE('',(#2135));
#1270=EDGE_LOOP('',(#2136,#2137));
#1271=EDGE_LOOP('',(#2138,#2139,#2140,#2141,#2142,#2143));
#1272=AXIS2_PLACEMENT_3D('',#2144,#2145,#2146);
#1273=SURFACE_SIDE_STYLE('',(#2147));
#1274=EDGE_LOOP('',(#2148,#2149,#2150,#2151));
#1275=AXIS2_PLACEMENT_3D('',#2152,#2153,#2154);
#1276=SURFACE_SIDE_STYLE('',(#2155));
#1277=EDGE_LOOP('',(#2156,#2157,#2158,#2159,#2160,#2161,#2162,#2163));
#1278=EDGE_LOOP('',(#2164,#2165));
#1279=EDGE_LOOP('',(#2166,#2167));
#1280=EDGE_LOOP('',(#2168,#2169));
#1281=EDGE_LOOP('',(#2170,#2171));
#1282=EDGE_LOOP('',(#2172,#2173,#2174,#2175,#2176,#2177,#2178,#2179));
#1283=AXIS2_PLACEMENT_3D('',#2180,#2181,#2182);
#1284=SURFACE_SIDE_STYLE('',(#2183));
#1285=EDGE_LOOP('',(#2184,#2185,#2186,#2187));
#1286=AXIS2_PLACEMENT_3D('',#2188,#2189,#2190);
#1287=SURFACE_SIDE_STYLE('',(#2191));
#1288=EDGE_LOOP('',(#2192,#2193));
#1289=EDGE_LOOP('',(#2194,#2195,#2196,#2197,#2198,#2199));
#1290=AXIS2_PLACEMENT_3D('',#2200,#2201,#2202);
#1291=SURFACE_SIDE_STYLE('',(#2203));
#1292=EDGE_LOOP('',(#2204,#2205));
#1293=EDGE_LOOP('',(#2206,#2207,#2208,#2209,#2210,#2211));
#1294=AXIS2_PLACEMENT_3D('',#2212,#2213,#2214);
#1295=SURFACE_SIDE_STYLE('',(#2215));
#1296=EDGE_LOOP('',(#2216,#2217));
#1297=EDGE_LOOP('',(#2218,#2219,#2220,#2221,#2222,#2223));
#1298=AXIS2_PLACEMENT_3D('',#2224,#2225,#2226);
#1299=SURFACE_SIDE_STYLE('',(#2227));
#1300=EDGE_LOOP('',(#2228,#2229));
#1301=EDGE_LOOP('',(#2230,#2231,#2232,#2233,#2234,#2235));
#1302=AXIS2_PLACEMENT_3D('',#2236,#2237,#2238);
#1303=SURFACE_SIDE_STYLE('',(#2239));
#1304=EDGE_LOOP('',(#2240,#2241,#2242,#2243,#2244,#2245,#2246));
#1305=EDGE_LOOP('',(#2247,#2248));
#1306=AXIS2_PLACEMENT_3D('',#2249,#2250,#2251);
#1307=SURFACE_SIDE_STYLE('',(#2252));
#1308=EDGE_LOOP('',(#2253,#2254,#2255,#2256));
#1309=AXIS2_PLACEMENT_3D('',#2257,#2258,#2259);
#1310=SURFACE_SIDE_STYLE('',(#2260));
#1311=EDGE_LOOP('',(#2261,#2262,#2263,#2264));
#1312=AXIS2_PLACEMENT_3D('',#2265,#2266,#2267);
#1313=SURFACE_SIDE_STYLE('',(#2268));
#1314=EDGE_LOOP('',(#2269,#2270,#2271,#2272,#2273));
#1315=AXIS2_PLACEMENT_3D('',#2274,#2275,#2276);
#1316=SURFACE_SIDE_STYLE('',(#2277));
#1317=EDGE_LOOP('',(#2278,#2279,#2280,#2281));
#1318=AXIS2_PLACEMENT_3D('',#2282,#2283,#2284);
#1319=SURFACE_SIDE_STYLE('',(#2285));
#1320=EDGE_LOOP('',(#2286,#2287,#2288,#2289,#2290));
#1321=AXIS2_PLACEMENT_3D('',#2291,#2292,#2293);
#1322=SURFACE_SIDE_STYLE('',(#2294));
#1323=EDGE_LOOP('',(#2295,#2296,#2297,#2298,#2299));
#1324=AXIS2_PLACEMENT_3D('',#2300,#2301,#2302);
#1325=SURFACE_SIDE_STYLE('',(#2303));
#1326=EDGE_LOOP('',(#2304,#2305,#2306,#2307));
#1327=AXIS2_PLACEMENT_3D('',#2308,#2309,#2310);
#1328=SURFACE_SIDE_STYLE('',(#2311));
#1329=EDGE_LOOP('',(#2312,#2313,#2314,#2315,#2316));
#1330=AXIS2_PLACEMENT_3D('',#2317,#2318,#2319);
#1331=SURFACE_SIDE_STYLE('',(#2320));
#1332=EDGE_LOOP('',(#2321,#2322,#2323,#2324));
#1333=AXIS2_PLACEMENT_3D('',#2325,#2326,#2327);
#1334=SURFACE_SIDE_STYLE('',(#2328));
#1335=EDGE_LOOP('',(#2329,#2330,#2331,#2332));
#1336=AXIS2_PLACEMENT_3D('',#2333,#2334,#2335);
#1337=SURFACE_SIDE_STYLE('',(#2336));
#1338=EDGE_LOOP('',(#2337,#2338,#2339,#2340));
#1339=AXIS2_PLACEMENT_3D('',#2341,#2342,#2343);
#1340=SURFACE_SIDE_STYLE('',(#2344));
#1341=EDGE_LOOP('',(#2345,#2346,#2347,#2348));
#1342=AXIS2_PLACEMENT_3D('',#2349,#2350,#2351);
#1343=SURFACE_SIDE_STYLE('',(#2352));
#1344=EDGE_LOOP('',(#2353,#2354,#2355,#2356));
#1345=AXIS2_PLACEMENT_3D('',#2357,#2358,#2359);
#1346=SURFACE_SIDE_STYLE('',(#2360));
#1347=EDGE_LOOP('',(#2361,#2362,#2363,#2364));
#1348=AXIS2_PLACEMENT_3D('',#2365,#2366,#2367);
#1349=SURFACE_SIDE_STYLE('',(#2368));
#1350=EDGE_LOOP('',(#2369,#2370,#2371,#2372));
#1351=AXIS2_PLACEMENT_3D('',#2373,#2374,#2375);
#1352=SURFACE_SIDE_STYLE('',(#2376));
#1353=EDGE_LOOP('',(#2377,#2378,#2379,#2380));
#1354=AXIS2_PLACEMENT_3D('',#2381,#2382,#2383);
#1355=SURFACE_SIDE_STYLE('',(#2384));
#1356=EDGE_LOOP('',(#2385,#2386,#2387,#2388));
#1357=AXIS2_PLACEMENT_3D('',#2389,#2390,#2391);
#1358=SURFACE_SIDE_STYLE('',(#2392));
#1359=EDGE_LOOP('',(#2393,#2394,#2395,#2396));
#1360=AXIS2_PLACEMENT_3D('',#2397,#2398,#2399);
#1361=SURFACE_SIDE_STYLE('',(#2400));
#1362=EDGE_LOOP('',(#2401,#2402,#2403,#2404));
#1363=AXIS2_PLACEMENT_3D('',#2405,#2406,#2407);
#1364=SURFACE_SIDE_STYLE('',(#2408));
#1365=EDGE_LOOP('',(#2409,#2410,#2411,#2412));
#1366=AXIS2_PLACEMENT_3D('',#2413,#2414,#2415);
#1367=SURFACE_SIDE_STYLE('',(#2416));
#1368=EDGE_LOOP('',(#2417,#2418,#2419,#2420));
#1369=AXIS2_PLACEMENT_3D('',#2421,#2422,#2423);
#1370=SURFACE_SIDE_STYLE('',(#2424));
#1371=EDGE_LOOP('',(#2425,#2426,#2427,#2428));
#1372=AXIS2_PLACEMENT_3D('',#2429,#2430,#2431);
#1373=SURFACE_SIDE_STYLE('',(#2432));
#1374=EDGE_LOOP('',(#2433,#2434,#2435,#2436));
#1375=AXIS2_PLACEMENT_3D('',#2437,#2438,#2439);
#1376=SURFACE_SIDE_STYLE('',(#2440));
#1377=EDGE_LOOP('',(#2441,#2442,#2443,#2444));
#1378=AXIS2_PLACEMENT_3D('',#2445,#2446,#2447);
#1379=SURFACE_SIDE_STYLE('',(#2448));
#1380=EDGE_LOOP('',(#2449,#2450,#2451,#2452));
#1381=AXIS2_PLACEMENT_3D('',#2453,#2454,#2455);
#1382=SURFACE_SIDE_STYLE('',(#2456));
#1383=EDGE_LOOP('',(#2457,#2458,#2459,#2460));
#1384=AXIS2_PLACEMENT_3D('',#2461,#2462,#2463);
#1385=SURFACE_SIDE_STYLE('',(#2464));
#1386=EDGE_LOOP('',(#2465,#2466,#2467,#2468));
#1387=AXIS2_PLACEMENT_3D('',#2469,#2470,#2471);
#1388=SURFACE_SIDE_STYLE('',(#2472));
#1389=EDGE_LOOP('',(#2473,#2474,#2475,#2476));
#1390=AXIS2_PLACEMENT_3D('',#2477,#2478,#2479);
#1391=SURFACE_SIDE_STYLE('',(#2480));
#1392=EDGE_LOOP('',(#2481,#2482,#2483,#2484));
#1393=AXIS2_PLACEMENT_3D('',#2485,#2486,#2487);
#1394=SURFACE_SIDE_STYLE('',(#2488));
#1395=EDGE_LOOP('',(#2489,#2490,#2491,#2492));
#1396=AXIS2_PLACEMENT_3D('',#2493,#2494,#2495);
#1397=SURFACE_SIDE_STYLE('',(#2496));
#1398=EDGE_LOOP('',(#2497,#2498,#2499,#2500,#2501,#2502,#2503,#2504,#2505,#2506,#2507,#2508));
#1399=AXIS2_PLACEMENT_3D('',#2509,#2510,#2511);
#1400=SURFACE_SIDE_STYLE('',(#2512));
#1401=EDGE_LOOP('',(#2513,#2514,#2515,#2516));
#1402=AXIS2_PLACEMENT_3D('',#2517,#2518,#2519);
#1403=SURFACE_SIDE_STYLE('',(#2520));
#1404=EDGE_LOOP('',(#2521,#2522,#2523,#2524,#2525,#2526,#2527,#2528,#2529,#2530,#2531,#2532,#2533,#2534,#2535,#2536,#2537,#2538));
#1405=AXIS2_PLACEMENT_3D('',#2539,#2540,#2541);
#1406=SURFACE_SIDE_STYLE('',(#2542));
#1407=EDGE_LOOP('',(#2543,#2544,#2545,#2546));
#1408=AXIS2_PLACEMENT_3D('',#2547,#2548,#2549);
#1409=SURFACE_SIDE_STYLE('',(#2550));
#1410=EDGE_LOOP('',(#2551,#2552,#2553,#2554,#2555,#2556,#2557,#2558,#2559,#2560,#2561,#2562));
#1411=AXIS2_PLACEMENT_3D('',#2563,#2564,#2565);
#1412=SURFACE_SIDE_STYLE('',(#2566));
#1413=EDGE_LOOP('',(#2567,#2568,#2569,#2570));
#1414=AXIS2_PLACEMENT_3D('',#2571,#2572,#2573);
#1415=SURFACE_SIDE_STYLE('',(#2574));
#1416=EDGE_LOOP('',(#2575,#2576,#2577,#2578,#2579,#2580,#2581,#2582,#2583,#2584,#2585,#2586));
#1417=AXIS2_PLACEMENT_3D('',#2587,#2588,#2589);
#1418=SURFACE_SIDE_STYLE('',(#2590));
#1419=EDGE_LOOP('',(#2591,#2592,#2593,#2594));
#1420=AXIS2_PLACEMENT_3D('',#2595,#2596,#2597);
#1421=SURFACE_SIDE_STYLE('',(#2598));
#1422=EDGE_LOOP('',(#2599,#2600,#2601,#2602));
#1423=AXIS2_PLACEMENT_3D('',#2603,#2604,#2605);
#1424=SURFACE_SIDE_STYLE('',(#2606));
#1425=EDGE_LOOP('',(#2607,#2608,#2609,#2610));
#1426=AXIS2_PLACEMENT_3D('',#2611,#2612,#2613);
#1427=SURFACE_SIDE_STYLE('',(#2614));
#1428=EDGE_LOOP('',(#2615,#2616,#2617,#2618));
#1429=AXIS2_PLACEMENT_3D('',#2619,#2620,#2621);
#1430=SURFACE_SIDE_STYLE('',(#2622));
#1431=EDGE_LOOP('',(#2623,#2624,#2625,#2626,#2627));
#1432=AXIS2_PLACEMENT_3D('',#2628,#2629,#2630);
#1433=SURFACE_SIDE_STYLE('',(#2631));
#1434=EDGE_LOOP('',(#2632,#2633,#2634,#2635));
#1435=AXIS2_PLACEMENT_3D('',#2636,#2637,#2638);
#1436=SURFACE_SIDE_STYLE('',(#2639));
#1437=EDGE_LOOP('',(#2640,#2641,#2642,#2643));
#1438=AXIS2_PLACEMENT_3D('',#2644,#2645,#2646);
#1439=SURFACE_SIDE_STYLE('',(#2647));
#1440=EDGE_LOOP('',(#2648,#2649,#2650,#2651));
#1441=AXIS2_PLACEMENT_3D('',#2652,#2653,#2654);
#1442=SURFACE_SIDE_STYLE('',(#2655));
#1443=EDGE_LOOP('',(#2656,#2657,#2658,#2659,#2660));
#1444=AXIS2_PLACEMENT_3D('',#2661,#2662,#2663);
#1445=SURFACE_SIDE_STYLE('',(#2664));
#1446=EDGE_LOOP('',(#2665,#2666,#2667,#2668));
#1447=AXIS2_PLACEMENT_3D('',#2669,#2670,#2671);
#1448=SURFACE_SIDE_STYLE('',(#2672));
#1449=EDGE_LOOP('',(#2673,#2674,#2675,#2676));
#1450=AXIS2_PLACEMENT_3D('',#2677,#2678,#2679);
#1451=SURFACE_SIDE_STYLE('',(#2680));
#1452=EDGE_LOOP('',(#2681,#2682,#2683,#2684,#2685,#2686,#2687,#2688));
#1453=AXIS2_PLACEMENT_3D('',#2689,#2690,#2691);
#1454=SURFACE_SIDE_STYLE('',(#2692));
#1455=EDGE_LOOP('',(#2693,#2694,#2695,#2696,#2697,#2698,#2699,#2700));
#1456=AXIS2_PLACEMENT_3D('',#2701,#2702,#2703);
#1457=SURFACE_SIDE_STYLE('',(#2704));
#1458=EDGE_LOOP('',(#2705,#2706,#2707,#2708));
#1459=AXIS2_PLACEMENT_3D('',#2709,#2710,#2711);
#1460=SURFACE_SIDE_STYLE('',(#2712));
#1461=EDGE_LOOP('',(#2713,#2714,#2715,#2716));
#1462=AXIS2_PLACEMENT_3D('',#2717,#2718,#2719);
#1463=SURFACE_SIDE_STYLE('',(#2720));
#1464=EDGE_LOOP('',(#2721,#2722,#2723,#2724));
#1465=AXIS2_PLACEMENT_3D('',#2725,#2726,#2727);
#1466=SURFACE_SIDE_STYLE('',(#2728));
#1467=EDGE_LOOP('',(#2729,#2730,#2731,#2732));
#1468=AXIS2_PLACEMENT_3D('',#2733,#2734,#2735);
#1469=SURFACE_SIDE_STYLE('',(#2736));
#1470=EDGE_LOOP('',(#2737,#2738,#2739,#2740,#2741,#2742,#2743,#2744));
#1471=AXIS2_PLACEMENT_3D('',#2745,#2746,#2747);
#1472=SURFACE_SIDE_STYLE('',(#2748));
#1473=EDGE_LOOP('',(#2749,#2750,#2751,#2752));
#1474=AXIS2_PLACEMENT_3D('',#2753,#2754,#2755);
#1475=SURFACE_SIDE_STYLE('',(#2756));
#1476=EDGE_LOOP('',(#2757,#2758,#2759,#2760,#2761,#2762,#2763,#2764));
#1477=AXIS2_PLACEMENT_3D('',#2765,#2766,#2767);
#1478=SURFACE_SIDE_STYLE('',(#2768));
#1479=EDGE_LOOP('',(#2769,#2770,#2771,#2772));
#1480=AXIS2_PLACEMENT_3D('',#2773,#2774,#2775);
#1481=SURFACE_SIDE_STYLE('',(#2776));
#1482=EDGE_LOOP('',(#2777,#2778,#2779,#2780,#2781,#2782,#2783,#2784));
#1483=AXIS2_PLACEMENT_3D('',#2785,#2786,#2787);
#1484=SURFACE_SIDE_STYLE('',(#2788));
#1485=EDGE_LOOP('',(#2789,#2790,#2791,#2792));
#1486=AXIS2_PLACEMENT_3D('',#2793,#2794,#2795);
#1487=SURFACE_SIDE_STYLE('',(#2796));
#1488=EDGE_LOOP('',(#2797,#2798,#2799,#2800,#2801,#2802,#2803,#2804,#2805));
#1489=AXIS2_PLACEMENT_3D('',#2806,#2807,#2808);
#1490=SURFACE_SIDE_STYLE('',(#2809));
#1491=EDGE_LOOP('',(#2810,#2811,#2812,#2813));
#1492=AXIS2_PLACEMENT_3D('',#2814,#2815,#2816);
#1493=SURFACE_SIDE_STYLE('',(#2817));
#1494=EDGE_LOOP('',(#2818,#2819,#2820,#2821,#2822,#2823,#2824,#2825,#2826));
#1495=AXIS2_PLACEMENT_3D('',#2827,#2828,#2829);
#1496=SURFACE_SIDE_STYLE('',(#2830));
#1497=EDGE_LOOP('',(#2831,#2832,#2833,#2834));
#1498=AXIS2_PLACEMENT_3D('',#2835,#2836,#2837);
#1499=SURFACE_SIDE_STYLE('',(#2838));
#1500=EDGE_LOOP('',(#2839,#2840,#2841,#2842,#2843,#2844,#2845,#2846));
#1501=AXIS2_PLACEMENT_3D('',#2847,#2848,#2849);
#1502=SURFACE_SIDE_STYLE('',(#2850));
#1503=EDGE_LOOP('',(#2851,#2852,#2853,#2854));
#1504=AXIS2_PLACEMENT_3D('',#2855,#2856,#2857);
#1505=SURFACE_SIDE_STYLE('',(#2858));
#1506=EDGE_LOOP('',(#2859,#2860,#2861,#2862,#2863,#2864,#2865,#2866));
#1507=AXIS2_PLACEMENT_3D('',#2867,#2868,#2869);
#1508=SURFACE_SIDE_STYLE('',(#2870));
#1509=EDGE_LOOP('',(#2871,#2872,#2873,#2874));
#1510=AXIS2_PLACEMENT_3D('',#2875,#2876,#2877);
#1511=SURFACE_SIDE_STYLE('',(#2878));
#1512=EDGE_LOOP('',(#2879,#2880,#2881,#2882,#2883,#2884,#2885,#2886));
#1513=AXIS2_PLACEMENT_3D('',#2887,#2888,#2889);
#1514=SURFACE_SIDE_STYLE('',(#2890));
#1515=EDGE_LOOP('',(#2891,#2892,#2893,#2894));
#1516=AXIS2_PLACEMENT_3D('',#2895,#2896,#2897);
#1517=SURFACE_SIDE_STYLE('',(#2898));
#1518=EDGE_LOOP('',(#2899,#2900,#2901,#2902,#2903,#2904,#2905,#2906));
#1519=AXIS2_PLACEMENT_3D('',#2907,#2908,#2909);
#1520=SURFACE_SIDE_STYLE('',(#2910));
#1521=EDGE_LOOP('',(#2911,#2912,#2913,#2914));
#1522=AXIS2_PLACEMENT_3D('',#2915,#2916,#2917);
#1523=SURFACE_SIDE_STYLE('',(#2918));
#1524=EDGE_LOOP('',(#2919,#2920,#2921,#2922,#2923,#2924,#2925,#2926,#2927));
#1525=AXIS2_PLACEMENT_3D('',#2928,#2929,#2930);
#1526=SURFACE_SIDE_STYLE('',(#2931));
#1527=EDGE_LOOP('',(#2932,#2933,#2934,#2935));
#1528=AXIS2_PLACEMENT_3D('',#2936,#2937,#2938);
#1529=SURFACE_SIDE_STYLE('',(#2939));
#1530=EDGE_LOOP('',(#2940,#2941,#2942,#2943,#2944,#2945,#2946,#2947,#2948));
#1531=AXIS2_PLACEMENT_3D('',#2949,#2950,#2951);
#1532=SURFACE_SIDE_STYLE('',(#2952));
#1533=EDGE_LOOP('',(#2953,#2954,#2955,#2956));
#1534=AXIS2_PLACEMENT_3D('',#2957,#2958,#2959);
#1535=SURFACE_SIDE_STYLE('',(#2960));
#1536=EDGE_LOOP('',(#2961,#2962,#2963,#2964,#2965,#2966,#2967,#2968));
#1537=AXIS2_PLACEMENT_3D('',#2969,#2970,#2971);
#1538=SURFACE_SIDE_STYLE('',(#2972));
#1539=EDGE_LOOP('',(#2973,#2974,#2975,#2976));
#1540=AXIS2_PLACEMENT_3D('',#2977,#2978,#2979);
#1541=SURFACE_SIDE_STYLE('',(#2980));
#1542=EDGE_LOOP('',(#2981,#2982,#2983,#2984,#2985,#2986,#2987,#2988));
#1543=AXIS2_PLACEMENT_3D('',#2989,#2990,#2991);
#1544=SURFACE_SIDE_STYLE('',(#2992));
#1545=EDGE_LOOP('',(#2993,#2994,#2995,#2996));
#1546=AXIS2_PLACEMENT_3D('',#2997,#2998,#2999);
#1547=SURFACE_SIDE_STYLE('',(#3000));
#1548=EDGE_LOOP('',(#3001,#3002,#3003,#3004,#3005,#3006,#3007,#3008));
#1549=AXIS2_PLACEMENT_3D('',#3009,#3010,#3011);
#1550=SURFACE_SIDE_STYLE('',(#3012));
#1551=EDGE_LOOP('',(#3013,#3014,#3015,#3016));
#1552=AXIS2_PLACEMENT_3D('',#3017,#3018,#3019);
#1553=SURFACE_SIDE_STYLE('',(#3020));
#1554=EDGE_LOOP('',(#3021,#3022,#3023,#3024,#3025,#3026,#3027,#3028));
#1555=AXIS2_PLACEMENT_3D('',#3029,#3030,#3031);
#1556=SURFACE_SIDE_STYLE('',(#3032));
#1557=EDGE_LOOP('',(#3033,#3034,#3035,#3036));
#1558=AXIS2_PLACEMENT_3D('',#3037,#3038,#3039);
#1559=SURFACE_SIDE_STYLE('',(#3040));
#1560=EDGE_LOOP('',(#3041,#3042,#3043,#3044,#3045));
#1561=AXIS2_PLACEMENT_3D('',#3046,#3047,#3048);
#1562=SURFACE_SIDE_STYLE('',(#3049));
#1563=EDGE_LOOP('',(#3050,#3051,#3052,#3053));
#1564=AXIS2_PLACEMENT_3D('',#3054,#3055,#3056);
#1565=SURFACE_SIDE_STYLE('',(#3057));
#1566=EDGE_LOOP('',(#3058,#3059,#3060,#3061,#3062));
#1567=AXIS2_PLACEMENT_3D('',#3063,#3064,#3065);
#1568=SURFACE_SIDE_STYLE('',(#3066));
#1569=EDGE_LOOP('',(#3067,#3068,#3069,#3070,#3071));
#1570=AXIS2_PLACEMENT_3D('',#3072,#3073,#3074);
#1571=SURFACE_SIDE_STYLE('',(#3075));
#1572=EDGE_LOOP('',(#3076,#3077,#3078,#3079));
#1573=AXIS2_PLACEMENT_3D('',#3080,#3081,#3082);
#1574=SURFACE_SIDE_STYLE('',(#3083));
#1575=EDGE_LOOP('',(#3084,#3085,#3086,#3087,#3088));
#1576=AXIS2_PLACEMENT_3D('',#3089,#3090,#3091);
#1577=SURFACE_SIDE_STYLE('',(#3092));
#1578=EDGE_LOOP('',(#3093,#3094,#3095,#3096,#3097));
#1579=AXIS2_PLACEMENT_3D('',#3098,#3099,#3100);
#1580=SURFACE_SIDE_STYLE('',(#3101));
#1581=EDGE_LOOP('',(#3102,#3103,#3104,#3105));
#1582=AXIS2_PLACEMENT_3D('',#3106,#3107,#3108);
#1583=SURFACE_SIDE_STYLE('',(#3109));
#1584=EDGE_LOOP('',(#3110,#3111,#3112,#3113,#3114));
#1585=AXIS2_PLACEMENT_3D('',#3115,#3116,#3117);
#1586=SURFACE_SIDE_STYLE('',(#3118));
#1587=EDGE_LOOP('',(#3119,#3120,#3121,#3122,#3123,#3124,#3125));
#1588=EDGE_LOOP('',(#3126,#3127,#3128,#3129,#3130,#3131));
#1589=EDGE_LOOP('',(#3132,#3133,#3134,#3135,#3136,#3137,#3138));
#1590=EDGE_LOOP('',(#3139,#3140,#3141,#3142,#3143,#3144));
#1591=EDGE_LOOP('',(#3145,#3146));
#1592=EDGE_LOOP('',(#3147,#3148));
#1593=EDGE_LOOP('',(#3149,#3150));
#1594=EDGE_LOOP('',(#3151,#3152));
#1595=EDGE_LOOP('',(#3153,#3154,#3155,#3156,#3157,#3158,#3159,#3160));
#1596=AXIS2_PLACEMENT_3D('',#3161,#3162,#3163);
#1597=SURFACE_SIDE_STYLE('',(#3164));
#1598=EDGE_LOOP('',(#3165,#3166));
#1599=AXIS2_PLACEMENT_3D('',#3167,#3168,#3169);
#1600=SURFACE_SIDE_STYLE('',(#3170));
#1601=EDGE_LOOP('',(#3171,#3172,#3173,#3174));
#1602=AXIS2_PLACEMENT_3D('',#3175,#3176,#3177);
#1603=SURFACE_SIDE_STYLE('',(#3178));
#1604=EDGE_LOOP('',(#3179,#3180,#3181,#3182,#3183));
#1605=AXIS2_PLACEMENT_3D('',#3184,#3185,#3186);
#1606=SURFACE_SIDE_STYLE('',(#3187));
#1607=EDGE_LOOP('',(#3188,#3189,#3190,#3191));
#1608=AXIS2_PLACEMENT_3D('',#3192,#3193,#3194);
#1609=SURFACE_SIDE_STYLE('',(#3195));
#1610=EDGE_LOOP('',(#3196,#3197,#3198,#3199,#3200));
#1611=AXIS2_PLACEMENT_3D('',#3201,#3202,#3203);
#1612=SURFACE_SIDE_STYLE('',(#3204));
#1613=EDGE_LOOP('',(#3205,#3206,#3207,#3208,#3209,#3210));
#1614=AXIS2_PLACEMENT_3D('',#3211,#3212,#3213);
#1615=SURFACE_SIDE_STYLE('',(#3214));
#1616=EDGE_LOOP('',(#3215,#3216,#3217,#3218,#3219));
#1617=AXIS2_PLACEMENT_3D('',#3220,#3221,#3222);
#1618=SURFACE_SIDE_STYLE('',(#3223));
#1619=EDGE_LOOP('',(#3224,#3225,#3226,#3227));
#1620=AXIS2_PLACEMENT_3D('',#3228,#3229,#3230);
#1621=SURFACE_SIDE_STYLE('',(#3231));
#1622=EDGE_LOOP('',(#3232,#3233,#3234,#3235,#3236));
#1623=AXIS2_PLACEMENT_3D('',#3237,#3238,#3239);
#1624=SURFACE_SIDE_STYLE('',(#3240));
#1625=EDGE_LOOP('',(#3241,#3242,#3243,#3244,#3245,#3246,#3247,#3248,#3249,#3250,#3251,#3252,#3253,#3254,#3255,#3256,#3257,#3258,#3259,#3260));
#1626=EDGE_LOOP('',(#3261,#3262,#3263,#3264));
#1627=EDGE_LOOP('',(#3265,#3266,#3267,#3268));
#1628=AXIS2_PLACEMENT_3D('',#3269,#3270,#3271);
#1629=SURFACE_SIDE_STYLE('',(#3272));
#1630=EDGE_LOOP('',(#3273,#3274,#3275,#3276,#3277));
#1631=AXIS2_PLACEMENT_3D('',#3278,#3279,#3280);
#1632=SURFACE_SIDE_STYLE('',(#3281));
#1633=EDGE_LOOP('',(#3282,#3283,#3284,#3285,#3286,#3287,#3288,#3289,#3290,#3291,#3292,#3293));
#1634=AXIS2_PLACEMENT_3D('',#3294,#3295,#3296);
#1635=SURFACE_SIDE_STYLE('',(#3297));
#1636=EDGE_LOOP('',(#3298,#3299,#3300,#3301));
#1637=AXIS2_PLACEMENT_3D('',#3302,#3303,#3304);
#1639=SURFACE_STYLE_FILL_AREA(#3305);
#1640=ORIENTED_EDGE('',*,*,#3306,.F.);
#1641=ORIENTED_EDGE('',*,*,#3307,.F.);
#1642=ORIENTED_EDGE('',*,*,#3308,.F.);
#1643=ORIENTED_EDGE('',*,*,#3309,.F.);
#1644=CARTESIAN_POINT('',(24.236044936225,-31.4964690689049,5.0));
#1645=DIRECTION('',(0.309016994374948,-0.951056516295154,0.0));
#1646=DIRECTION('',(-0.951056516295154,-0.309016994374948,0.0));
#1647=SURFACE_STYLE_FILL_AREA(#3310);
#1648=ORIENTED_EDGE('',*,*,#3311,.T.);
#1649=ORIENTED_EDGE('',*,*,#3312,.T.);
#1650=ORIENTED_EDGE('',*,*,#3313,.T.);
#1651=ORIENTED_EDGE('',*,*,#3314,.T.);
#1652=ORIENTED_EDGE('',*,*,#3315,.F.);
#1653=ORIENTED_EDGE('',*,*,#3316,.F.);
#1654=ORIENTED_EDGE('',*,*,#3317,.F.);
#1655=ORIENTED_EDGE('',*,*,#3318,.T.);
#1656=ORIENTED_EDGE('',*,*,#3319,.T.);
#1657=ORIENTED_EDGE('',*,*,#3320,.T.);
#1658=ORIENTED_EDGE('',*,*,#3321,.F.);
#1659=ORIENTED_EDGE('',*,*,#3322,.F.);
#1660=ORIENTED_EDGE('',*,*,#3323,.T.);
#1661=ORIENTED_EDGE('',*,*,#3307,.T.);
#1662=ORIENTED_EDGE('',*,*,#3324,.T.);
#1663=ORIENTED_EDGE('',*,*,#3325,.T.);
#1664=ORIENTED_EDGE('',*,*,#3326,.T.);
#1665=ORIENTED_EDGE('',*,*,#3327,.T.);
#1666=ORIENTED_EDGE('',*,*,#3328,.F.);
#1667=ORIENTED_EDGE('',*,*,#3329,.T.);
#1668=ORIENTED_EDGE('',*,*,#3330,.T.);
#1669=ORIENTED_EDGE('',*,*,#3331,.T.);
#1670=ORIENTED_EDGE('',*,*,#3332,.F.);
#1671=ORIENTED_EDGE('',*,*,#3333,.F.);
#1672=ORIENTED_EDGE('',*,*,#3334,.T.);
#1673=ORIENTED_EDGE('',*,*,#3335,.T.);
#1674=ORIENTED_EDGE('',*,*,#3336,.T.);
#1675=ORIENTED_EDGE('',*,*,#3337,.T.);
#1676=ORIENTED_EDGE('',*,*,#3338,.T.);
#1677=ORIENTED_EDGE('',*,*,#3339,.T.);
#1678=ORIENTED_EDGE('',*,*,#3340,.T.);
#1679=ORIENTED_EDGE('',*,*,#3341,.T.);
#1680=ORIENTED_EDGE('',*,*,#3342,.T.);
#1681=ORIENTED_EDGE('',*,*,#3343,.T.);
#1682=ORIENTED_EDGE('',*,*,#3344,.T.);
#1683=CARTESIAN_POINT('',(-2.17533787218538E-31,0.0,12.5));
#1684=DIRECTION('',(6.12303176911189E-17,-0.0,1.0));
#1685=DIRECTION('',(0.0,1.0,0.0));
#1686=SURFACE_STYLE_FILL_AREA(#3345);
#1687=ORIENTED_EDGE('',*,*,#3346,.F.);
#1688=ORIENTED_EDGE('',*,*,#3347,.T.);
#1689=ORIENTED_EDGE('',*,*,#3348,.T.);
#1690=ORIENTED_EDGE('',*,*,#3349,.F.);
#1691=ORIENTED_EDGE('',*,*,#3350,.F.);
#1692=ORIENTED_EDGE('',*,*,#3351,.F.);
#1693=CARTESIAN_POINT('',(1.11356722264831E-16,0.0,14.3186533479473));
#1694=DIRECTION('',(6.12303176911189E-17,-0.0,1.0));
#1695=DIRECTION('',(0.0,1.0,0.0));
#1696=SURFACE_STYLE_FILL_AREA(#3352);
#1697=ORIENTED_EDGE('',*,*,#3353,.F.);
#1698=ORIENTED_EDGE('',*,*,#3354,.T.);
#1699=ORIENTED_EDGE('',*,*,#3355,.F.);
#1700=ORIENTED_EDGE('',*,*,#3356,.F.);
#1701=CARTESIAN_POINT('',(41.25,-41.25,12.5));
#1702=DIRECTION('',(0.0,0.0,1.0));
#1703=DIRECTION('',(-1.83690953073357E-16,-1.0,0.0));
#1704=SURFACE_STYLE_FILL_AREA(#3357);
#1705=ORIENTED_EDGE('',*,*,#3358,.F.);
#1706=ORIENTED_EDGE('',*,*,#3359,.T.);
#1707=ORIENTED_EDGE('',*,*,#3360,.F.);
#1708=ORIENTED_EDGE('',*,*,#3361,.F.);
#1709=CARTESIAN_POINT('',(-41.25,-41.25,12.5));
#1710=DIRECTION('',(0.0,0.0,1.0));
#1711=DIRECTION('',(-1.0,1.22460635382238E-16,0.0));
#1712=SURFACE_STYLE_FILL_AREA(#3362);
#1713=ORIENTED_EDGE('',*,*,#3363,.F.);
#1714=ORIENTED_EDGE('',*,*,#3364,.T.);
#1715=ORIENTED_EDGE('',*,*,#3365,.F.);
#1716=ORIENTED_EDGE('',*,*,#3366,.F.);
#1717=CARTESIAN_POINT('',(-41.25,41.25,12.5));
#1718=DIRECTION('',(0.0,-0.0,1.0));
#1719=DIRECTION('',(6.12303176911189E-17,1.0,0.0));
#1720=SURFACE_STYLE_FILL_AREA(#3367);
#1721=ORIENTED_EDGE('',*,*,#3368,.F.);
#1722=ORIENTED_EDGE('',*,*,#3369,.T.);
#1723=ORIENTED_EDGE('',*,*,#3370,.F.);
#1724=ORIENTED_EDGE('',*,*,#3371,.F.);
#1725=CARTESIAN_POINT('',(41.25,41.25,12.5));
#1726=DIRECTION('',(0.0,0.0,1.0));
#1727=DIRECTION('',(1.0,0.0,0.0));
#1728=SURFACE_STYLE_FILL_AREA(#3372);
#1729=ORIENTED_EDGE('',*,*,#3373,.F.);
#1730=ORIENTED_EDGE('',*,*,#3374,.T.);
#1731=ORIENTED_EDGE('',*,*,#3375,.F.);
#1732=ORIENTED_EDGE('',*,*,#3376,.T.);
#1733=CARTESIAN_POINT('',(39.7418724864179,12.5897555341725,17.214847489216));
#1734=DIRECTION('',(2.34318281388422E-17,-0.38268343236509,0.923879532511287));
#1735=DIRECTION('',(5.65694372839885E-17,-0.923879532511287,-0.38268343236509));
#1736=SURFACE_STYLE_FILL_AREA(#3377);
#1737=ORIENTED_EDGE('',*,*,#3378,.F.);
#1738=ORIENTED_EDGE('',*,*,#3379,.T.);
#1739=ORIENTED_EDGE('',*,*,#3380,.T.);
#1740=ORIENTED_EDGE('',*,*,#3381,.T.);
#1741=CARTESIAN_POINT('',(38.7513296392539,-7.53945843637604,8.8770540627048));
#1742=DIRECTION('',(2.34318281388422E-17,-0.38268343236509,0.923879532511287));
#1743=DIRECTION('',(5.65694372839885E-17,-0.923879532511287,-0.38268343236509));
#1744=SURFACE_STYLE_FILL_AREA(#3382);
#1745=ORIENTED_EDGE('',*,*,#3383,.F.);
#1746=ORIENTED_EDGE('',*,*,#3384,.T.);
#1747=ORIENTED_EDGE('',*,*,#3385,.F.);
#1748=ORIENTED_EDGE('',*,*,#3386,.T.);
#1749=CARTESIAN_POINT('',(14.9355849688597,38.9210312655626,17.214847489216));
#1750=DIRECTION('',(0.299193955241952,-0.23859921741993,0.923879532511287));
#1751=DIRECTION('',(0.72231810452517,-0.576029466666802,-0.38268343236509));
#1752=SURFACE_STYLE_FILL_AREA(#3387);
#1753=ORIENTED_EDGE('',*,*,#3388,.F.);
#1754=ORIENTED_EDGE('',*,*,#3389,.T.);
#1755=ORIENTED_EDGE('',*,*,#3390,.T.);
#1756=ORIENTED_EDGE('',*,*,#3391,.T.);
#1757=CARTESIAN_POINT('',(30.0556448048588,25.5962340528469,8.8770540627048));
#1758=DIRECTION('',(0.299193955241952,-0.23859921741993,0.923879532511287));
#1759=DIRECTION('',(0.72231810452517,-0.576029466666802,-0.38268343236509));
#1760=SURFACE_STYLE_FILL_AREA(#3392);
#1761=ORIENTED_EDGE('',*,*,#3393,.F.);
#1762=ORIENTED_EDGE('',*,*,#3394,.T.);
#1763=ORIENTED_EDGE('',*,*,#3395,.F.);
#1764=ORIENTED_EDGE('',*,*,#3396,.T.);
#1765=CARTESIAN_POINT('',(-21.1175026606608,35.943976609634,17.214847489216));
#1766=DIRECTION('',(0.373088759742271,0.0851550747794878,0.923879532511287));
#1767=DIRECTION('',(0.900715943738748,0.205582536437535,-0.38268343236509));
#1768=SURFACE_STYLE_FILL_AREA(#3397);
#1769=ORIENTED_EDGE('',*,*,#3398,.F.);
#1770=ORIENTED_EDGE('',*,*,#3399,.T.);
#1771=ORIENTED_EDGE('',*,*,#3400,.T.);
#1772=ORIENTED_EDGE('',*,*,#3401,.T.);
#1773=CARTESIAN_POINT('',(-1.27255359101805,39.4574402322546,8.8770540627048));
#1774=DIRECTION('',(0.373088759742271,0.0851550747794879,0.923879532511287));
#1775=DIRECTION('',(0.900715943738748,0.205582536437535,-0.38268343236509));
#1776=SURFACE_STYLE_FILL_AREA(#3402);
#1777=ORIENTED_EDGE('',*,*,#3403,.F.);
#1778=ORIENTED_EDGE('',*,*,#3404,.T.);
#1779=ORIENTED_EDGE('',*,*,#3405,.F.);
#1780=ORIENTED_EDGE('',*,*,#3406,.T.);
#1781=CARTESIAN_POINT('',(-41.268680068153,5.90037444314866,17.214847489216));
#1782=DIRECTION('',(0.166040118532906,0.344785858822987,0.923879532511287));
#1783=DIRECTION('',(0.400856306060179,0.83238669648491,-0.38268343236509));
#1784=SURFACE_STYLE_FILL_AREA(#3407);
#1785=ORIENTED_EDGE('',*,*,#3408,.F.);
#1786=ORIENTED_EDGE('',*,*,#3409,.T.);
#1787=ORIENTED_EDGE('',*,*,#3410,.T.);
#1788=ORIENTED_EDGE('',*,*,#3411,.T.);
#1789=CARTESIAN_POINT('',(-31.6424931774957,23.6063891316756,8.8770540627048));
#1790=DIRECTION('',(0.166040118532906,0.344785858822987,0.923879532511287));
#1791=DIRECTION('',(0.400856306060179,0.83238669648491,-0.38268343236509));
#1792=SURFACE_STYLE_FILL_AREA(#3412);
#1793=ORIENTED_EDGE('',*,*,#3413,.F.);
#1794=ORIENTED_EDGE('',*,*,#3414,.T.);
#1795=ORIENTED_EDGE('',*,*,#3415,.F.);
#1796=ORIENTED_EDGE('',*,*,#3416,.T.);
#1797=CARTESIAN_POINT('',(-30.3436996566676,-28.5863300247318,17.214847489216));
#1798=DIRECTION('',(-0.166040118532906,0.344785858822987,0.923879532511287));
#1799=DIRECTION('',(-0.400856306060179,0.83238669648491,-0.38268343236509));
#1800=SURFACE_STYLE_FILL_AREA(#3417);
#1801=ORIENTED_EDGE('',*,*,#3418,.F.);
#1802=ORIENTED_EDGE('',*,*,#3419,.T.);
#1803=ORIENTED_EDGE('',*,*,#3420,.T.);
#1804=ORIENTED_EDGE('',*,*,#3421,.T.);
#1805=CARTESIAN_POINT('',(-38.1849900120882,-10.0207544676375,8.8770540627048));
#1806=DIRECTION('',(-0.166040118532906,0.344785858822987,0.923879532511287));
#1807=DIRECTION('',(-0.400856306060179,0.83238669648491,-0.38268343236509));
#1808=SURFACE_STYLE_FILL_AREA(#3422);
#1809=ORIENTED_EDGE('',*,*,#3423,.F.);
#1810=ORIENTED_EDGE('',*,*,#3424,.T.);
#1811=ORIENTED_EDGE('',*,*,#3425,.F.);
#1812=ORIENTED_EDGE('',*,*,#3426,.T.);
#1813=CARTESIAN_POINT('',(3.43070549495982,-41.5469449291254,17.214847489216));
#1814=DIRECTION('',(-0.373088759742271,0.0851550747794878,0.923879532511287));
#1815=DIRECTION('',(-0.900715943738748,0.205582536437535,-0.38268343236509));
#1816=SURFACE_STYLE_FILL_AREA(#3427);
#1817=ORIENTED_EDGE('',*,*,#3428,.F.);
#1818=ORIENTED_EDGE('',*,*,#3429,.T.);
#1819=ORIENTED_EDGE('',*,*,#3430,.T.);
#1820=ORIENTED_EDGE('',*,*,#3431,.T.);
#1821=CARTESIAN_POINT('',(-15.9734105357335,-36.1020655666802,8.8770540627048));
#1822=DIRECTION('',(-0.373088759742271,0.0851550747794879,0.923879532511287));
#1823=DIRECTION('',(-0.900715943738748,0.205582536437535,-0.38268343236509));
#1824=SURFACE_STYLE_FILL_AREA(#3432);
#1825=ORIENTED_EDGE('',*,*,#3433,.F.);
#1826=ORIENTED_EDGE('',*,*,#3434,.T.);
#1827=ORIENTED_EDGE('',*,*,#3435,.F.);
#1828=ORIENTED_EDGE('',*,*,#3436,.T.);
#1829=CARTESIAN_POINT('',(34.6217194352439,-23.2218628986605,17.214847489216));
#1830=DIRECTION('',(-0.299193955241952,-0.23859921741993,0.923879532511287));
#1831=DIRECTION('',(-0.72231810452517,-0.576029466666801,-0.38268343236509));
#1832=SURFACE_STYLE_FILL_AREA(#3437);
#1833=ORIENTED_EDGE('',*,*,#3438,.F.);
#1834=ORIENTED_EDGE('',*,*,#3439,.T.);
#1835=ORIENTED_EDGE('',*,*,#3440,.T.);
#1836=ORIENTED_EDGE('',*,*,#3441,.T.);
#1837=CARTESIAN_POINT('',(18.2664728722229,-34.9977849460834,8.8770540627048));
#1838=DIRECTION('',(-0.299193955241952,-0.23859921741993,0.923879532511287));
#1839=DIRECTION('',(-0.72231810452517,-0.576029466666801,-0.38268343236509));
#1840=SURFACE_STYLE_FILL_AREA(#3442);
#1841=ORIENTED_EDGE('',*,*,#3443,.F.);
#1842=ORIENTED_EDGE('',*,*,#3444,.T.);
#1843=ORIENTED_EDGE('',*,*,#3445,.F.);
#1844=ORIENTED_EDGE('',*,*,#3446,.F.);
#1845=ORIENTED_EDGE('',*,*,#3447,.F.);
#1846=ORIENTED_EDGE('',*,*,#3448,.F.);
#1847=ORIENTED_EDGE('',*,*,#3449,.F.);
#1848=CARTESIAN_POINT('',(26.0430523171858,-30.9093367795925,5.0));
#1849=DIRECTION('',(0.309016994374948,-0.951056516295154,0.0));
#1850=DIRECTION('',(-0.951056516295154,-0.309016994374948,0.0));
#1851=SURFACE_STYLE_FILL_AREA(#3450);
#1852=ORIENTED_EDGE('',*,*,#3451,.F.);
#1853=ORIENTED_EDGE('',*,*,#3452,.F.);
#1854=ORIENTED_EDGE('',*,*,#3453,.T.);
#1855=CARTESIAN_POINT('',(26.0430523171858,-30.9093367795925,5.0));
#1856=DIRECTION('',(0.309016994374948,-0.951056516295154,0.0));
#1857=DIRECTION('',(-0.951056516295154,-0.309016994374948,0.0));
#1858=SURFACE_STYLE_FILL_AREA(#3454);
#1859=ORIENTED_EDGE('',*,*,#3455,.T.);
#1860=ORIENTED_EDGE('',*,*,#3456,.T.);
#1861=ORIENTED_EDGE('',*,*,#3457,.T.);
#1862=CARTESIAN_POINT('',(24.236044936225,-31.4964690689049,5.0));
#1863=DIRECTION('',(0.309016994374948,-0.951056516295154,0.0));
#1864=DIRECTION('',(-0.951056516295154,-0.309016994374948,0.0));
#1865=SURFACE_STYLE_FILL_AREA(#3458);
#1866=ORIENTED_EDGE('',*,*,#3459,.F.);
#1867=ORIENTED_EDGE('',*,*,#3460,.F.);
#1868=ORIENTED_EDGE('',*,*,#3445,.T.);
#1869=ORIENTED_EDGE('',*,*,#3461,.T.);
#1870=ORIENTED_EDGE('',*,*,#3455,.F.);
#1871=ORIENTED_EDGE('',*,*,#3462,.T.);
#1872=CARTESIAN_POINT('',(24.236044936225,-31.4964690689049,5.0));
#1873=DIRECTION('',(0.309016994374948,-0.951056516295154,0.0));
#1874=DIRECTION('',(-0.951056516295154,-0.309016994374948,0.0));
#1875=SURFACE_STYLE_FILL_AREA(#3463);
#1876=ORIENTED_EDGE('',*,*,#3464,.F.);
#1877=ORIENTED_EDGE('',*,*,#3465,.F.);
#1878=ORIENTED_EDGE('',*,*,#3466,.F.);
#1879=ORIENTED_EDGE('',*,*,#3467,.T.);
#1880=CARTESIAN_POINT('',(-41.25,41.25,12.5));
#1881=DIRECTION('',(0.0,-0.0,1.0));
#1882=DIRECTION('',(6.12303176911189E-17,1.0,0.0));
#1883=SURFACE_STYLE_FILL_AREA(#3468);
#1884=ORIENTED_EDGE('',*,*,#3469,.F.);
#1885=ORIENTED_EDGE('',*,*,#3470,.F.);
#1886=ORIENTED_EDGE('',*,*,#3471,.F.);
#1887=ORIENTED_EDGE('',*,*,#3472,.T.);
#1888=CARTESIAN_POINT('',(41.25,-41.25,12.5));
#1889=DIRECTION('',(0.0,0.0,1.0));
#1890=DIRECTION('',(-1.83690953073357E-16,-1.0,0.0));
#1891=SURFACE_STYLE_FILL_AREA(#3473);
#1892=ORIENTED_EDGE('',*,*,#3474,.F.);
#1893=ORIENTED_EDGE('',*,*,#3475,.F.);
#1894=ORIENTED_EDGE('',*,*,#3476,.F.);
#1895=ORIENTED_EDGE('',*,*,#3477,.T.);
#1896=CARTESIAN_POINT('',(-41.25,-41.25,12.5));
#1897=DIRECTION('',(0.0,0.0,1.0));
#1898=DIRECTION('',(-1.0,1.22460635382238E-16,0.0));
#1899=SURFACE_STYLE_FILL_AREA(#3478);
#1900=ORIENTED_EDGE('',*,*,#3479,.F.);
#1901=ORIENTED_EDGE('',*,*,#3480,.F.);
#1902=ORIENTED_EDGE('',*,*,#3481,.F.);
#1903=ORIENTED_EDGE('',*,*,#3482,.T.);
#1904=CARTESIAN_POINT('',(41.25,41.25,12.5));
#1905=DIRECTION('',(0.0,0.0,1.0));
#1906=DIRECTION('',(1.0,0.0,0.0));
#1907=SURFACE_STYLE_FILL_AREA(#3483);
#1908=ORIENTED_EDGE('',*,*,#3461,.F.);
#1909=ORIENTED_EDGE('',*,*,#3444,.F.);
#1910=ORIENTED_EDGE('',*,*,#3484,.F.);
#1911=ORIENTED_EDGE('',*,*,#3485,.F.);
#1912=ORIENTED_EDGE('',*,*,#3453,.F.);
#1913=ORIENTED_EDGE('',*,*,#3486,.F.);
#1914=ORIENTED_EDGE('',*,*,#3456,.F.);
#1915=CARTESIAN_POINT('',(37.6311896062463,-66.5739561406607,5.0));
#1916=DIRECTION('',(-0.672498511963957,-0.218508012224411,-0.707106781186547));
#1917=DIRECTION('',(0.672498511963957,0.218508012224411,-0.707106781186548));
#1918=SURFACE_STYLE_FILL_AREA(#3487);
#1919=ORIENTED_EDGE('',*,*,#3452,.T.);
#1920=ORIENTED_EDGE('',*,*,#3488,.T.);
#1921=ORIENTED_EDGE('',*,*,#3489,.F.);
#1922=ORIENTED_EDGE('',*,*,#3490,.F.);
#1923=ORIENTED_EDGE('',*,*,#3462,.F.);
#1924=ORIENTED_EDGE('',*,*,#3457,.F.);
#1925=ORIENTED_EDGE('',*,*,#3486,.T.);
#1926=CARTESIAN_POINT('',(35.8241822252855,-67.1610884299731,5.0));
#1927=DIRECTION('',(-0.672498511963957,-0.218508012224411,-0.707106781186547));
#1928=DIRECTION('',(0.672498511963957,0.218508012224411,-0.707106781186548));
#1929=SURFACE_STYLE_FILL_AREA(#3491);
#1930=ORIENTED_EDGE('',*,*,#3479,.T.);
#1931=ORIENTED_EDGE('',*,*,#3492,.T.);
#1932=ORIENTED_EDGE('',*,*,#3481,.T.);
#1933=ORIENTED_EDGE('',*,*,#3493,.F.);
#1934=CARTESIAN_POINT('',(41.25,41.25,12.5));
#1935=DIRECTION('',(0.0,0.0,1.0));
#1936=DIRECTION('',(1.0,0.0,0.0));
#1937=SURFACE_STYLE_FILL_AREA(#3494);
#1938=ORIENTED_EDGE('',*,*,#3474,.T.);
#1939=ORIENTED_EDGE('',*,*,#3495,.T.);
#1940=ORIENTED_EDGE('',*,*,#3476,.T.);
#1941=ORIENTED_EDGE('',*,*,#3496,.F.);
#1942=CARTESIAN_POINT('',(-41.25,-41.25,12.5));
#1943=DIRECTION('',(0.0,0.0,1.0));
#1944=DIRECTION('',(-1.0,1.22460635382238E-16,0.0));
#1945=SURFACE_STYLE_FILL_AREA(#3497);
#1946=ORIENTED_EDGE('',*,*,#3469,.T.);
#1947=ORIENTED_EDGE('',*,*,#3498,.T.);
#1948=ORIENTED_EDGE('',*,*,#3471,.T.);
#1949=ORIENTED_EDGE('',*,*,#3499,.F.);
#1950=CARTESIAN_POINT('',(41.25,-41.25,12.5));
#1951=DIRECTION('',(0.0,0.0,1.0));
#1952=DIRECTION('',(-1.83690953073357E-16,-1.0,0.0));
#1953=SURFACE_STYLE_FILL_AREA(#3500);
#1954=ORIENTED_EDGE('',*,*,#3464,.T.);
#1955=ORIENTED_EDGE('',*,*,#3501,.T.);
#1956=ORIENTED_EDGE('',*,*,#3466,.T.);
#1957=ORIENTED_EDGE('',*,*,#3502,.F.);
#1958=CARTESIAN_POINT('',(-41.25,41.25,12.5));
#1959=DIRECTION('',(0.0,-0.0,1.0));
#1960=DIRECTION('',(6.12303176911189E-17,1.0,0.0));
#1961=SURFACE_STYLE_FILL_AREA(#3503);
#1962=ORIENTED_EDGE('',*,*,#3504,.F.);
#1963=ORIENTED_EDGE('',*,*,#3505,.F.);
#1964=ORIENTED_EDGE('',*,*,#3506,.T.);
#1965=ORIENTED_EDGE('',*,*,#3507,.T.);
#1966=CARTESIAN_POINT('',(3.18708958977015,3.18708958977016,4.0));
#1967=DIRECTION('',(0.0,0.0,1.0));
#1968=DIRECTION('',(1.0,0.0,0.0));
#1969=SURFACE_STYLE_FILL_AREA(#3508);
#1970=ORIENTED_EDGE('',*,*,#3509,.F.);
#1971=ORIENTED_EDGE('',*,*,#3510,.F.);
#1972=ORIENTED_EDGE('',*,*,#3511,.T.);
#1973=ORIENTED_EDGE('',*,*,#3512,.T.);
#1974=CARTESIAN_POINT('',(-3.18708958977016,3.18708958977015,4.0));
#1975=DIRECTION('',(0.0,-0.0,1.0));
#1976=DIRECTION('',(6.12303176911189E-17,1.0,0.0));
#1977=SURFACE_STYLE_FILL_AREA(#3513);
#1978=ORIENTED_EDGE('',*,*,#3514,.F.);
#1979=ORIENTED_EDGE('',*,*,#3515,.F.);
#1980=ORIENTED_EDGE('',*,*,#3516,.T.);
#1981=ORIENTED_EDGE('',*,*,#3517,.T.);
#1982=CARTESIAN_POINT('',(-3.18708958977015,-3.18708958977016,4.0));
#1983=DIRECTION('',(0.0,0.0,1.0));
#1984=DIRECTION('',(-1.0,1.22460635382238E-16,0.0));
#1985=SURFACE_STYLE_FILL_AREA(#3518);
#1986=ORIENTED_EDGE('',*,*,#3519,.T.);
#1987=ORIENTED_EDGE('',*,*,#3449,.T.);
#1988=ORIENTED_EDGE('',*,*,#3520,.T.);
#1989=ORIENTED_EDGE('',*,*,#3521,.T.);
#1990=ORIENTED_EDGE('',*,*,#3522,.F.);
#1991=ORIENTED_EDGE('',*,*,#3523,.F.);
#1992=CARTESIAN_POINT('',(3.18708958977016,-3.18708958977015,4.0));
#1993=DIRECTION('',(0.0,0.0,1.0));
#1994=DIRECTION('',(-1.83690953073357E-16,-1.0,0.0));
#1995=SURFACE_STYLE_FILL_AREA(#3524);
#1996=ORIENTED_EDGE('',*,*,#3525,.F.);
#1997=ORIENTED_EDGE('',*,*,#3526,.F.);
#1998=ORIENTED_EDGE('',*,*,#3515,.T.);
#1999=ORIENTED_EDGE('',*,*,#3527,.F.);
#2000=CARTESIAN_POINT('',(-45.5,-30.0,4.0));
#2001=DIRECTION('',(8.33003371142338E-16,1.0,0.0));
#2002=DIRECTION('',(-1.0,8.33003371142338E-16,0.0));
#2003=SURFACE_STYLE_FILL_AREA(#3528);
#2004=ORIENTED_EDGE('',*,*,#3529,.F.);
#2005=ORIENTED_EDGE('',*,*,#3530,.F.);
#2006=ORIENTED_EDGE('',*,*,#3512,.F.);
#2007=ORIENTED_EDGE('',*,*,#3531,.F.);
#2008=CARTESIAN_POINT('',(-46.5,30.0,4.0));
#2009=DIRECTION('',(2.98395283556646E-15,-1.0,0.0));
#2010=DIRECTION('',(1.0,2.98395283556646E-15,0.0));
#2011=SURFACE_STYLE_FILL_AREA(#3532);
#2012=ORIENTED_EDGE('',*,*,#3447,.T.);
#2013=ORIENTED_EDGE('',*,*,#3533,.F.);
#2014=ORIENTED_EDGE('',*,*,#3534,.F.);
#2015=CARTESIAN_POINT('',(30.0,-45.5,4.0));
#2016=DIRECTION('',(-1.0,8.94233688833457E-16,0.0));
#2017=DIRECTION('',(-8.94233688833457E-16,-1.0,0.0));
#2018=SURFACE_STYLE_FILL_AREA(#3535);
#2019=ORIENTED_EDGE('',*,*,#3536,.F.);
#2020=ORIENTED_EDGE('',*,*,#3534,.T.);
#2021=ORIENTED_EDGE('',*,*,#3537,.F.);
#2022=CARTESIAN_POINT('',(41.7185932283687,-40.6090887984638,4.0));
#2023=DIRECTION('',(0.0,0.0,1.0));
#2024=DIRECTION('',(-1.83690953073357E-16,-1.0,0.0));
#2025=SURFACE_STYLE_FILL_AREA(#3538);
#2026=ORIENTED_EDGE('',*,*,#3539,.F.);
#2027=ORIENTED_EDGE('',*,*,#3540,.F.);
#2028=ORIENTED_EDGE('',*,*,#3517,.F.);
#2029=ORIENTED_EDGE('',*,*,#3541,.F.);
#2030=CARTESIAN_POINT('',(-30.0,-46.5,4.0));
#2031=DIRECTION('',(1.0,2.92272251787534E-15,0.0));
#2032=DIRECTION('',(-2.92272251787534E-15,1.0,0.0));
#2033=SURFACE_STYLE_FILL_AREA(#3542);
#2034=ORIENTED_EDGE('',*,*,#3477,.F.);
#2035=ORIENTED_EDGE('',*,*,#3495,.F.);
#2036=ORIENTED_EDGE('',*,*,#3543,.F.);
#2037=ORIENTED_EDGE('',*,*,#3544,.F.);
#2038=ORIENTED_EDGE('',*,*,#3545,.F.);
#2039=ORIENTED_EDGE('',*,*,#3527,.T.);
#2040=ORIENTED_EDGE('',*,*,#3514,.T.);
#2041=ORIENTED_EDGE('',*,*,#3540,.T.);
#2042=CARTESIAN_POINT('',(-40.6090887984638,-41.7185932283687,21.0));
#2043=DIRECTION('',(0.0,0.0,1.0));
#2044=DIRECTION('',(-1.0,1.22460635382238E-16,0.0));
#2045=SURFACE_STYLE_FILL_AREA(#3546);
#2046=ORIENTED_EDGE('',*,*,#3544,.T.);
#2047=ORIENTED_EDGE('',*,*,#3547,.T.);
#2048=ORIENTED_EDGE('',*,*,#3548,.T.);
#2049=ORIENTED_EDGE('',*,*,#3549,.F.);
#2050=CARTESIAN_POINT('',(-42.0,-42.0,0.0));
#2051=DIRECTION('',(0.0,0.0,1.0));
#2052=DIRECTION('',(1.0,0.0,0.0));
#2053=SURFACE_STYLE_FILL_AREA(#3550);
#2054=ORIENTED_EDGE('',*,*,#3551,.T.);
#2055=ORIENTED_EDGE('',*,*,#3523,.T.);
#2056=ORIENTED_EDGE('',*,*,#3552,.F.);
#2057=ORIENTED_EDGE('',*,*,#3553,.F.);
#2058=CARTESIAN_POINT('',(30.0,-45.5,4.0));
#2059=DIRECTION('',(-1.0,8.94233688833457E-16,0.0));
#2060=DIRECTION('',(-8.94233688833457E-16,-1.0,0.0));
#2061=SURFACE_STYLE_FILL_AREA(#3554);
#2062=ORIENTED_EDGE('',*,*,#3459,.T.);
#2063=ORIENTED_EDGE('',*,*,#3490,.T.);
#2064=ORIENTED_EDGE('',*,*,#3489,.T.);
#2065=ORIENTED_EDGE('',*,*,#3555,.T.);
#2066=ORIENTED_EDGE('',*,*,#3556,.F.);
#2067=CARTESIAN_POINT('',(24.236044936225,-31.4964690689049,5.0));
#2068=DIRECTION('',(0.309016994374948,-0.951056516295154,0.0));
#2069=DIRECTION('',(-0.951056516295154,-0.309016994374948,0.0));
#2070=SURFACE_STYLE_FILL_AREA(#3557);
#2071=ORIENTED_EDGE('',*,*,#3451,.T.);
#2072=ORIENTED_EDGE('',*,*,#3485,.T.);
#2073=ORIENTED_EDGE('',*,*,#3484,.T.);
#2074=ORIENTED_EDGE('',*,*,#3443,.T.);
#2075=ORIENTED_EDGE('',*,*,#3519,.F.);
#2076=ORIENTED_EDGE('',*,*,#3551,.F.);
#2077=ORIENTED_EDGE('',*,*,#3558,.F.);
#2078=ORIENTED_EDGE('',*,*,#3555,.F.);
#2079=ORIENTED_EDGE('',*,*,#3488,.F.);
#2080=CARTESIAN_POINT('',(26.0430523171858,-30.9093367795925,5.0));
#2081=DIRECTION('',(0.309016994374948,-0.951056516295154,0.0));
#2082=DIRECTION('',(-0.951056516295154,-0.309016994374948,0.0));
#2083=SURFACE_STYLE_FILL_AREA(#3559);
#2084=ORIENTED_EDGE('',*,*,#3560,.T.);
#2085=ORIENTED_EDGE('',*,*,#3561,.T.);
#2086=ORIENTED_EDGE('',*,*,#3562,.T.);
#2087=ORIENTED_EDGE('',*,*,#3563,.F.);
#2088=CARTESIAN_POINT('',(42.0,-42.0,0.0));
#2089=DIRECTION('',(0.0,0.0,1.0));
#2090=DIRECTION('',(1.0,0.0,0.0));
#2091=SURFACE_STYLE_FILL_AREA(#3564);
#2092=ORIENTED_EDGE('',*,*,#3565,.F.);
#2093=ORIENTED_EDGE('',*,*,#3566,.F.);
#2094=ORIENTED_EDGE('',*,*,#3505,.T.);
#2095=ORIENTED_EDGE('',*,*,#3567,.F.);
#2096=CARTESIAN_POINT('',(45.5,30.0,4.0));
#2097=DIRECTION('',(-7.105427357601E-16,-1.0,0.0));
#2098=DIRECTION('',(1.0,-7.105427357601E-16,0.0));
#2099=SURFACE_STYLE_FILL_AREA(#3568);
#2100=ORIENTED_EDGE('',*,*,#3569,.F.);
#2101=ORIENTED_EDGE('',*,*,#3570,.F.);
#2102=ORIENTED_EDGE('',*,*,#3521,.F.);
#2103=ORIENTED_EDGE('',*,*,#3571,.F.);
#2104=CARTESIAN_POINT('',(46.5,-30.0,4.0));
#2105=DIRECTION('',(-2.86149220018422E-15,1.0,0.0));
#2106=DIRECTION('',(-1.0,-2.86149220018422E-15,0.0));
#2107=SURFACE_STYLE_FILL_AREA(#3572);
#2108=ORIENTED_EDGE('',*,*,#3472,.F.);
#2109=ORIENTED_EDGE('',*,*,#3498,.F.);
#2110=ORIENTED_EDGE('',*,*,#3573,.F.);
#2111=ORIENTED_EDGE('',*,*,#3560,.F.);
#2112=ORIENTED_EDGE('',*,*,#3574,.F.);
#2113=ORIENTED_EDGE('',*,*,#3552,.T.);
#2114=ORIENTED_EDGE('',*,*,#3522,.T.);
#2115=ORIENTED_EDGE('',*,*,#3570,.T.);
#2116=CARTESIAN_POINT('',(41.7185932283687,-40.6090887984638,21.0));
#2117=DIRECTION('',(0.0,0.0,1.0));
#2118=DIRECTION('',(-1.83690953073357E-16,-1.0,0.0));
#2119=SURFACE_STYLE_FILL_AREA(#3575);
#2120=ORIENTED_EDGE('',*,*,#3576,.F.);
#2121=ORIENTED_EDGE('',*,*,#3577,.F.);
#2122=ORIENTED_EDGE('',*,*,#3510,.T.);
#2123=ORIENTED_EDGE('',*,*,#3578,.F.);
#2124=CARTESIAN_POINT('',(-30.0,45.5,4.0));
#2125=DIRECTION('',(1.0,-7.71773053451219E-16,0.0));
#2126=DIRECTION('',(7.71773053451219E-16,1.0,0.0));
#2127=SURFACE_STYLE_FILL_AREA(#3579);
#2128=ORIENTED_EDGE('',*,*,#3580,.F.);
#2129=ORIENTED_EDGE('',*,*,#3581,.F.);
#2130=ORIENTED_EDGE('',*,*,#3507,.F.);
#2131=ORIENTED_EDGE('',*,*,#3582,.F.);
#2132=CARTESIAN_POINT('',(30.0,46.5,4.0));
#2133=DIRECTION('',(-1.0,-3.04518315325758E-15,0.0));
#2134=DIRECTION('',(3.04518315325758E-15,-1.0,0.0));
#2135=SURFACE_STYLE_FILL_AREA(#3583);
#2136=ORIENTED_EDGE('',*,*,#3482,.F.);
#2137=ORIENTED_EDGE('',*,*,#3492,.F.);
#2138=ORIENTED_EDGE('',*,*,#3584,.F.);
#2139=ORIENTED_EDGE('',*,*,#3567,.T.);
#2140=ORIENTED_EDGE('',*,*,#3504,.T.);
#2141=ORIENTED_EDGE('',*,*,#3581,.T.);
#2142=ORIENTED_EDGE('',*,*,#3585,.F.);
#2143=ORIENTED_EDGE('',*,*,#3586,.F.);
#2144=CARTESIAN_POINT('',(40.6090887984638,41.7185932283687,21.0));
#2145=DIRECTION('',(0.0,0.0,1.0));
#2146=DIRECTION('',(1.0,0.0,0.0));
#2147=SURFACE_STYLE_FILL_AREA(#3587);
#2148=ORIENTED_EDGE('',*,*,#3586,.T.);
#2149=ORIENTED_EDGE('',*,*,#3588,.T.);
#2150=ORIENTED_EDGE('',*,*,#3589,.T.);
#2151=ORIENTED_EDGE('',*,*,#3590,.F.);
#2152=CARTESIAN_POINT('',(42.0,42.0,0.0));
#2153=DIRECTION('',(0.0,0.0,1.0));
#2154=DIRECTION('',(1.0,0.0,0.0));
#2155=SURFACE_STYLE_FILL_AREA(#3591);
#2156=ORIENTED_EDGE('',*,*,#3592,.T.);
#2157=ORIENTED_EDGE('',*,*,#3593,.T.);
#2158=ORIENTED_EDGE('',*,*,#3594,.T.);
#2159=ORIENTED_EDGE('',*,*,#3595,.T.);
#2160=ORIENTED_EDGE('',*,*,#3596,.T.);
#2161=ORIENTED_EDGE('',*,*,#3597,.T.);
#2162=ORIENTED_EDGE('',*,*,#3598,.T.);
#2163=ORIENTED_EDGE('',*,*,#3599,.T.);
#2164=ORIENTED_EDGE('',*,*,#3470,.T.);
#2165=ORIENTED_EDGE('',*,*,#3499,.T.);
#2166=ORIENTED_EDGE('',*,*,#3475,.T.);
#2167=ORIENTED_EDGE('',*,*,#3496,.T.);
#2168=ORIENTED_EDGE('',*,*,#3465,.T.);
#2169=ORIENTED_EDGE('',*,*,#3502,.T.);
#2170=ORIENTED_EDGE('',*,*,#3480,.T.);
#2171=ORIENTED_EDGE('',*,*,#3493,.T.);
#2172=ORIENTED_EDGE('',*,*,#3589,.F.);
#2173=ORIENTED_EDGE('',*,*,#3600,.F.);
#2174=ORIENTED_EDGE('',*,*,#3601,.F.);
#2175=ORIENTED_EDGE('',*,*,#3602,.F.);
#2176=ORIENTED_EDGE('',*,*,#3548,.F.);
#2177=ORIENTED_EDGE('',*,*,#3603,.F.);
#2178=ORIENTED_EDGE('',*,*,#3562,.F.);
#2179=ORIENTED_EDGE('',*,*,#3604,.F.);
#2180=CARTESIAN_POINT('',(-8.88178419700125E-16,5.88418203051333E-15,25.0));
#2181=DIRECTION('',(0.0,0.0,1.0));
#2182=DIRECTION('',(1.0,0.0,0.0));
#2183=SURFACE_STYLE_FILL_AREA(#3605);
#2184=ORIENTED_EDGE('',*,*,#3606,.T.);
#2185=ORIENTED_EDGE('',*,*,#3607,.T.);
#2186=ORIENTED_EDGE('',*,*,#3601,.T.);
#2187=ORIENTED_EDGE('',*,*,#3608,.F.);
#2188=CARTESIAN_POINT('',(-42.0,42.0,0.0));
#2189=DIRECTION('',(0.0,0.0,1.0));
#2190=DIRECTION('',(1.0,0.0,0.0));
#2191=SURFACE_STYLE_FILL_AREA(#3609);
#2192=ORIENTED_EDGE('',*,*,#3467,.F.);
#2193=ORIENTED_EDGE('',*,*,#3501,.F.);
#2194=ORIENTED_EDGE('',*,*,#3610,.F.);
#2195=ORIENTED_EDGE('',*,*,#3606,.F.);
#2196=ORIENTED_EDGE('',*,*,#3611,.F.);
#2197=ORIENTED_EDGE('',*,*,#3578,.T.);
#2198=ORIENTED_EDGE('',*,*,#3509,.T.);
#2199=ORIENTED_EDGE('',*,*,#3530,.T.);
#2200=CARTESIAN_POINT('',(-41.7185932283687,40.6090887984638,21.0));
#2201=DIRECTION('',(0.0,-0.0,1.0));
#2202=DIRECTION('',(6.12303176911189E-17,1.0,0.0));
#2203=SURFACE_STYLE_FILL_AREA(#3612);
#2204=ORIENTED_EDGE('',*,*,#3613,.F.);
#2205=ORIENTED_EDGE('',*,*,#3369,.F.);
#2206=ORIENTED_EDGE('',*,*,#3614,.F.);
#2207=ORIENTED_EDGE('',*,*,#3615,.F.);
#2208=ORIENTED_EDGE('',*,*,#3616,.F.);
#2209=ORIENTED_EDGE('',*,*,#3582,.T.);
#2210=ORIENTED_EDGE('',*,*,#3506,.F.);
#2211=ORIENTED_EDGE('',*,*,#3566,.T.);
#2212=CARTESIAN_POINT('',(40.6090887984638,41.7185932283687,4.0));
#2213=DIRECTION('',(0.0,0.0,1.0));
#2214=DIRECTION('',(1.0,0.0,0.0));
#2215=SURFACE_STYLE_FILL_AREA(#3617);
#2216=ORIENTED_EDGE('',*,*,#3618,.F.);
#2217=ORIENTED_EDGE('',*,*,#3364,.F.);
#2218=ORIENTED_EDGE('',*,*,#3619,.F.);
#2219=ORIENTED_EDGE('',*,*,#3531,.T.);
#2220=ORIENTED_EDGE('',*,*,#3511,.F.);
#2221=ORIENTED_EDGE('',*,*,#3577,.T.);
#2222=ORIENTED_EDGE('',*,*,#3620,.F.);
#2223=ORIENTED_EDGE('',*,*,#3621,.F.);
#2224=CARTESIAN_POINT('',(-41.7185932283687,40.6090887984638,4.0));
#2225=DIRECTION('',(0.0,-0.0,1.0));
#2226=DIRECTION('',(6.12303176911189E-17,1.0,0.0));
#2227=SURFACE_STYLE_FILL_AREA(#3622);
#2228=ORIENTED_EDGE('',*,*,#3623,.F.);
#2229=ORIENTED_EDGE('',*,*,#3359,.F.);
#2230=ORIENTED_EDGE('',*,*,#3624,.F.);
#2231=ORIENTED_EDGE('',*,*,#3541,.T.);
#2232=ORIENTED_EDGE('',*,*,#3516,.F.);
#2233=ORIENTED_EDGE('',*,*,#3526,.T.);
#2234=ORIENTED_EDGE('',*,*,#3625,.F.);
#2235=ORIENTED_EDGE('',*,*,#3626,.F.);
#2236=CARTESIAN_POINT('',(-40.6090887984638,-41.7185932283687,4.0));
#2237=DIRECTION('',(0.0,0.0,1.0));
#2238=DIRECTION('',(-1.0,1.22460635382238E-16,0.0));
#2239=SURFACE_STYLE_FILL_AREA(#3627);
#2240=ORIENTED_EDGE('',*,*,#3536,.T.);
#2241=ORIENTED_EDGE('',*,*,#3628,.F.);
#2242=ORIENTED_EDGE('',*,*,#3629,.F.);
#2243=ORIENTED_EDGE('',*,*,#3630,.F.);
#2244=ORIENTED_EDGE('',*,*,#3571,.T.);
#2245=ORIENTED_EDGE('',*,*,#3520,.F.);
#2246=ORIENTED_EDGE('',*,*,#3448,.T.);
#2247=ORIENTED_EDGE('',*,*,#3631,.F.);
#2248=ORIENTED_EDGE('',*,*,#3354,.F.);
#2249=CARTESIAN_POINT('',(41.7185932283687,-40.6090887984638,4.0));
#2250=DIRECTION('',(0.0,0.0,1.0));
#2251=DIRECTION('',(-1.83690953073357E-16,-1.0,0.0));
#2252=SURFACE_STYLE_FILL_AREA(#3632);
#2253=ORIENTED_EDGE('',*,*,#3593,.F.);
#2254=ORIENTED_EDGE('',*,*,#3633,.F.);
#2255=ORIENTED_EDGE('',*,*,#3634,.F.);
#2256=ORIENTED_EDGE('',*,*,#3635,.F.);
#2257=CARTESIAN_POINT('',(8.57224447675664E-16,0.0,26.5));
#2258=DIRECTION('',(6.12303176911189E-17,-0.0,1.0));
#2259=DIRECTION('',(0.0,1.0,0.0));
#2260=SURFACE_STYLE_FILL_AREA(#3636);
#2261=ORIENTED_EDGE('',*,*,#3595,.F.);
#2262=ORIENTED_EDGE('',*,*,#3637,.F.);
#2263=ORIENTED_EDGE('',*,*,#3638,.F.);
#2264=ORIENTED_EDGE('',*,*,#3639,.F.);
#2265=CARTESIAN_POINT('',(8.57224447675664E-16,0.0,26.5));
#2266=DIRECTION('',(6.12303176911189E-17,-0.0,1.0));
#2267=DIRECTION('',(0.0,1.0,0.0));
#2268=SURFACE_STYLE_FILL_AREA(#3640);
#2269=ORIENTED_EDGE('',*,*,#3594,.F.);
#2270=ORIENTED_EDGE('',*,*,#3635,.T.);
#2271=ORIENTED_EDGE('',*,*,#3641,.T.);
#2272=ORIENTED_EDGE('',*,*,#3642,.T.);
#2273=ORIENTED_EDGE('',*,*,#3637,.T.);
#2274=CARTESIAN_POINT('',(-5.38826795681846E-15,-44.0,10.0));
#2275=DIRECTION('',(-1.22460635382238E-16,-1.0,0.0));
#2276=DIRECTION('',(0.0,0.0,1.0));
#2277=SURFACE_STYLE_FILL_AREA(#3643);
#2278=ORIENTED_EDGE('',*,*,#3597,.F.);
#2279=ORIENTED_EDGE('',*,*,#3644,.F.);
#2280=ORIENTED_EDGE('',*,*,#3645,.F.);
#2281=ORIENTED_EDGE('',*,*,#3646,.F.);
#2282=CARTESIAN_POINT('',(8.57224447675664E-16,0.0,26.5));
#2283=DIRECTION('',(6.12303176911189E-17,-0.0,1.0));
#2284=DIRECTION('',(0.0,1.0,0.0));
#2285=SURFACE_STYLE_FILL_AREA(#3647);
#2286=ORIENTED_EDGE('',*,*,#3596,.F.);
#2287=ORIENTED_EDGE('',*,*,#3639,.T.);
#2288=ORIENTED_EDGE('',*,*,#3648,.T.);
#2289=ORIENTED_EDGE('',*,*,#3649,.T.);
#2290=ORIENTED_EDGE('',*,*,#3644,.T.);
#2291=CARTESIAN_POINT('',(-44.0,2.69413397840923E-15,10.0));
#2292=DIRECTION('',(-1.0,6.12303176911189E-17,0.0));
#2293=DIRECTION('',(0.0,0.0,1.0));
#2294=SURFACE_STYLE_FILL_AREA(#3650);
#2295=ORIENTED_EDGE('',*,*,#3598,.F.);
#2296=ORIENTED_EDGE('',*,*,#3646,.T.);
#2297=ORIENTED_EDGE('',*,*,#3651,.T.);
#2298=ORIENTED_EDGE('',*,*,#3652,.T.);
#2299=ORIENTED_EDGE('',*,*,#3653,.T.);
#2300=CARTESIAN_POINT('',(0.0,44.0,10.0));
#2301=DIRECTION('',(0.0,1.0,0.0));
#2302=DIRECTION('',(0.0,0.0,1.0));
#2303=SURFACE_STYLE_FILL_AREA(#3654);
#2304=ORIENTED_EDGE('',*,*,#3599,.F.);
#2305=ORIENTED_EDGE('',*,*,#3653,.F.);
#2306=ORIENTED_EDGE('',*,*,#3655,.F.);
#2307=ORIENTED_EDGE('',*,*,#3656,.F.);
#2308=CARTESIAN_POINT('',(8.57224447675664E-16,0.0,26.5));
#2309=DIRECTION('',(6.12303176911189E-17,-0.0,1.0));
#2310=DIRECTION('',(0.0,1.0,0.0));
#2311=SURFACE_STYLE_FILL_AREA(#3657);
#2312=ORIENTED_EDGE('',*,*,#3592,.F.);
#2313=ORIENTED_EDGE('',*,*,#3656,.T.);
#2314=ORIENTED_EDGE('',*,*,#3658,.T.);
#2315=ORIENTED_EDGE('',*,*,#3659,.T.);
#2316=ORIENTED_EDGE('',*,*,#3633,.T.);
#2317=CARTESIAN_POINT('',(44.0,-8.08240193522769E-15,10.0));
#2318=DIRECTION('',(1.0,-1.83690953073357E-16,0.0));
#2319=DIRECTION('',(0.0,0.0,1.0));
#2320=SURFACE_STYLE_FILL_AREA(#3660);
#2321=ORIENTED_EDGE('',*,*,#3438,.T.);
#2322=ORIENTED_EDGE('',*,*,#3661,.T.);
#2323=ORIENTED_EDGE('',*,*,#3662,.F.);
#2324=ORIENTED_EDGE('',*,*,#3663,.T.);
#2325=CARTESIAN_POINT('',(18.2664728722229,-34.9977849460834,8.8770540627048));
#2326=DIRECTION('',(-0.299193955241952,-0.23859921741993,0.923879532511287));
#2327=DIRECTION('',(-0.72231810452517,-0.576029466666801,-0.38268343236509));
#2328=SURFACE_STYLE_FILL_AREA(#3664);
#2329=ORIENTED_EDGE('',*,*,#3665,.T.);
#2330=ORIENTED_EDGE('',*,*,#3440,.F.);
#2331=ORIENTED_EDGE('',*,*,#3666,.T.);
#2332=ORIENTED_EDGE('',*,*,#3435,.T.);
#2333=CARTESIAN_POINT('',(0.0,0.0,12.0));
#2334=DIRECTION('',(-0.299193955241952,-0.23859921741993,0.923879532511287));
#2335=DIRECTION('',(-0.72231810452517,-0.576029466666801,-0.38268343236509));
#2336=SURFACE_STYLE_FILL_AREA(#3667);
#2337=ORIENTED_EDGE('',*,*,#3433,.T.);
#2338=ORIENTED_EDGE('',*,*,#3668,.T.);
#2339=ORIENTED_EDGE('',*,*,#3669,.T.);
#2340=ORIENTED_EDGE('',*,*,#3670,.T.);
#2341=CARTESIAN_POINT('',(34.6217194352439,-23.2218628986605,17.214847489216));
#2342=DIRECTION('',(-0.299193955241952,-0.23859921741993,0.923879532511287));
#2343=DIRECTION('',(-0.72231810452517,-0.576029466666801,-0.38268343236509));
#2344=SURFACE_STYLE_FILL_AREA(#3671);
#2345=ORIENTED_EDGE('',*,*,#3428,.T.);
#2346=ORIENTED_EDGE('',*,*,#3672,.T.);
#2347=ORIENTED_EDGE('',*,*,#3673,.F.);
#2348=ORIENTED_EDGE('',*,*,#3674,.T.);
#2349=CARTESIAN_POINT('',(-15.9734105357335,-36.1020655666802,8.8770540627048));
#2350=DIRECTION('',(-0.373088759742271,0.0851550747794879,0.923879532511287));
#2351=DIRECTION('',(-0.900715943738748,0.205582536437535,-0.38268343236509));
#2352=SURFACE_STYLE_FILL_AREA(#3675);
#2353=ORIENTED_EDGE('',*,*,#3676,.T.);
#2354=ORIENTED_EDGE('',*,*,#3430,.F.);
#2355=ORIENTED_EDGE('',*,*,#3677,.T.);
#2356=ORIENTED_EDGE('',*,*,#3425,.T.);
#2357=CARTESIAN_POINT('',(0.0,0.0,12.0));
#2358=DIRECTION('',(-0.373088759742271,0.0851550747794879,0.923879532511287));
#2359=DIRECTION('',(-0.900715943738748,0.205582536437535,-0.38268343236509));
#2360=SURFACE_STYLE_FILL_AREA(#3678);
#2361=ORIENTED_EDGE('',*,*,#3423,.T.);
#2362=ORIENTED_EDGE('',*,*,#3679,.T.);
#2363=ORIENTED_EDGE('',*,*,#3680,.T.);
#2364=ORIENTED_EDGE('',*,*,#3681,.T.);
#2365=CARTESIAN_POINT('',(3.43070549495982,-41.5469449291254,17.214847489216));
#2366=DIRECTION('',(-0.373088759742271,0.0851550747794878,0.923879532511287));
#2367=DIRECTION('',(-0.900715943738748,0.205582536437535,-0.38268343236509));
#2368=SURFACE_STYLE_FILL_AREA(#3682);
#2369=ORIENTED_EDGE('',*,*,#3418,.T.);
#2370=ORIENTED_EDGE('',*,*,#3683,.T.);
#2371=ORIENTED_EDGE('',*,*,#3684,.F.);
#2372=ORIENTED_EDGE('',*,*,#3685,.T.);
#2373=CARTESIAN_POINT('',(-38.1849900120882,-10.0207544676375,8.8770540627048));
#2374=DIRECTION('',(-0.166040118532906,0.344785858822987,0.923879532511287));
#2375=DIRECTION('',(-0.400856306060179,0.83238669648491,-0.38268343236509));
#2376=SURFACE_STYLE_FILL_AREA(#3686);
#2377=ORIENTED_EDGE('',*,*,#3687,.T.);
#2378=ORIENTED_EDGE('',*,*,#3420,.F.);
#2379=ORIENTED_EDGE('',*,*,#3688,.T.);
#2380=ORIENTED_EDGE('',*,*,#3415,.T.);
#2381=CARTESIAN_POINT('',(0.0,0.0,12.0));
#2382=DIRECTION('',(-0.166040118532906,0.344785858822987,0.923879532511287));
#2383=DIRECTION('',(-0.400856306060179,0.83238669648491,-0.38268343236509));
#2384=SURFACE_STYLE_FILL_AREA(#3689);
#2385=ORIENTED_EDGE('',*,*,#3413,.T.);
#2386=ORIENTED_EDGE('',*,*,#3690,.T.);
#2387=ORIENTED_EDGE('',*,*,#3691,.T.);
#2388=ORIENTED_EDGE('',*,*,#3692,.T.);
#2389=CARTESIAN_POINT('',(-30.3436996566676,-28.5863300247318,17.214847489216));
#2390=DIRECTION('',(-0.166040118532906,0.344785858822987,0.923879532511287));
#2391=DIRECTION('',(-0.400856306060179,0.83238669648491,-0.38268343236509));
#2392=SURFACE_STYLE_FILL_AREA(#3693);
#2393=ORIENTED_EDGE('',*,*,#3408,.T.);
#2394=ORIENTED_EDGE('',*,*,#3694,.T.);
#2395=ORIENTED_EDGE('',*,*,#3695,.F.);
#2396=ORIENTED_EDGE('',*,*,#3696,.T.);
#2397=CARTESIAN_POINT('',(-31.6424931774957,23.6063891316756,8.8770540627048));
#2398=DIRECTION('',(0.166040118532906,0.344785858822987,0.923879532511287));
#2399=DIRECTION('',(0.400856306060179,0.83238669648491,-0.38268343236509));
#2400=SURFACE_STYLE_FILL_AREA(#3697);
#2401=ORIENTED_EDGE('',*,*,#3698,.T.);
#2402=ORIENTED_EDGE('',*,*,#3410,.F.);
#2403=ORIENTED_EDGE('',*,*,#3699,.T.);
#2404=ORIENTED_EDGE('',*,*,#3405,.T.);
#2405=CARTESIAN_POINT('',(0.0,0.0,12.0));
#2406=DIRECTION('',(0.166040118532906,0.344785858822987,0.923879532511287));
#2407=DIRECTION('',(0.400856306060179,0.83238669648491,-0.38268343236509));
#2408=SURFACE_STYLE_FILL_AREA(#3700);
#2409=ORIENTED_EDGE('',*,*,#3403,.T.);
#2410=ORIENTED_EDGE('',*,*,#3701,.T.);
#2411=ORIENTED_EDGE('',*,*,#3702,.T.);
#2412=ORIENTED_EDGE('',*,*,#3703,.T.);
#2413=CARTESIAN_POINT('',(-41.268680068153,5.90037444314866,17.214847489216));
#2414=DIRECTION('',(0.166040118532906,0.344785858822987,0.923879532511287));
#2415=DIRECTION('',(0.400856306060179,0.83238669648491,-0.38268343236509));
#2416=SURFACE_STYLE_FILL_AREA(#3704);
#2417=ORIENTED_EDGE('',*,*,#3398,.T.);
#2418=ORIENTED_EDGE('',*,*,#3705,.T.);
#2419=ORIENTED_EDGE('',*,*,#3706,.F.);
#2420=ORIENTED_EDGE('',*,*,#3707,.T.);
#2421=CARTESIAN_POINT('',(-1.27255359101805,39.4574402322546,8.8770540627048));
#2422=DIRECTION('',(0.373088759742271,0.0851550747794879,0.923879532511287));
#2423=DIRECTION('',(0.900715943738748,0.205582536437535,-0.38268343236509));
#2424=SURFACE_STYLE_FILL_AREA(#3708);
#2425=ORIENTED_EDGE('',*,*,#3709,.T.);
#2426=ORIENTED_EDGE('',*,*,#3400,.F.);
#2427=ORIENTED_EDGE('',*,*,#3710,.T.);
#2428=ORIENTED_EDGE('',*,*,#3395,.T.);
#2429=CARTESIAN_POINT('',(0.0,0.0,12.0));
#2430=DIRECTION('',(0.373088759742271,0.0851550747794878,0.923879532511287));
#2431=DIRECTION('',(0.900715943738748,0.205582536437535,-0.38268343236509));
#2432=SURFACE_STYLE_FILL_AREA(#3711);
#2433=ORIENTED_EDGE('',*,*,#3393,.T.);
#2434=ORIENTED_EDGE('',*,*,#3712,.T.);
#2435=ORIENTED_EDGE('',*,*,#3713,.T.);
#2436=ORIENTED_EDGE('',*,*,#3714,.T.);
#2437=CARTESIAN_POINT('',(-21.1175026606608,35.943976609634,17.214847489216));
#2438=DIRECTION('',(0.373088759742271,0.0851550747794878,0.923879532511287));
#2439=DIRECTION('',(0.900715943738748,0.205582536437535,-0.38268343236509));
#2440=SURFACE_STYLE_FILL_AREA(#3715);
#2441=ORIENTED_EDGE('',*,*,#3388,.T.);
#2442=ORIENTED_EDGE('',*,*,#3716,.T.);
#2443=ORIENTED_EDGE('',*,*,#3717,.F.);
#2444=ORIENTED_EDGE('',*,*,#3718,.T.);
#2445=CARTESIAN_POINT('',(30.0556448048588,25.5962340528469,8.8770540627048));
#2446=DIRECTION('',(0.299193955241952,-0.23859921741993,0.923879532511287));
#2447=DIRECTION('',(0.72231810452517,-0.576029466666802,-0.38268343236509));
#2448=SURFACE_STYLE_FILL_AREA(#3719);
#2449=ORIENTED_EDGE('',*,*,#3720,.T.);
#2450=ORIENTED_EDGE('',*,*,#3390,.F.);
#2451=ORIENTED_EDGE('',*,*,#3721,.T.);
#2452=ORIENTED_EDGE('',*,*,#3385,.T.);
#2453=CARTESIAN_POINT('',(0.0,0.0,12.0));
#2454=DIRECTION('',(0.299193955241952,-0.23859921741993,0.923879532511287));
#2455=DIRECTION('',(0.72231810452517,-0.576029466666802,-0.38268343236509));
#2456=SURFACE_STYLE_FILL_AREA(#3722);
#2457=ORIENTED_EDGE('',*,*,#3383,.T.);
#2458=ORIENTED_EDGE('',*,*,#3723,.T.);
#2459=ORIENTED_EDGE('',*,*,#3724,.T.);
#2460=ORIENTED_EDGE('',*,*,#3725,.T.);
#2461=CARTESIAN_POINT('',(14.9355849688597,38.9210312655626,17.214847489216));
#2462=DIRECTION('',(0.299193955241952,-0.23859921741993,0.923879532511287));
#2463=DIRECTION('',(0.72231810452517,-0.576029466666802,-0.38268343236509));
#2464=SURFACE_STYLE_FILL_AREA(#3726);
#2465=ORIENTED_EDGE('',*,*,#3378,.T.);
#2466=ORIENTED_EDGE('',*,*,#3727,.T.);
#2467=ORIENTED_EDGE('',*,*,#3728,.F.);
#2468=ORIENTED_EDGE('',*,*,#3729,.T.);
#2469=CARTESIAN_POINT('',(38.7513296392539,-7.53945843637604,8.8770540627048));
#2470=DIRECTION('',(2.34318281388422E-17,-0.38268343236509,0.923879532511287));
#2471=DIRECTION('',(5.65694372839885E-17,-0.923879532511287,-0.38268343236509));
#2472=SURFACE_STYLE_FILL_AREA(#3730);
#2473=ORIENTED_EDGE('',*,*,#3731,.T.);
#2474=ORIENTED_EDGE('',*,*,#3380,.F.);
#2475=ORIENTED_EDGE('',*,*,#3732,.T.);
#2476=ORIENTED_EDGE('',*,*,#3375,.T.);
#2477=CARTESIAN_POINT('',(0.0,0.0,12.0));
#2478=DIRECTION('',(2.34318281388422E-17,-0.38268343236509,0.923879532511287));
#2479=DIRECTION('',(5.65694372839885E-17,-0.923879532511287,-0.38268343236509));
#2480=SURFACE_STYLE_FILL_AREA(#3733);
#2481=ORIENTED_EDGE('',*,*,#3373,.T.);
#2482=ORIENTED_EDGE('',*,*,#3734,.T.);
#2483=ORIENTED_EDGE('',*,*,#3735,.T.);
#2484=ORIENTED_EDGE('',*,*,#3736,.T.);
#2485=CARTESIAN_POINT('',(39.7418724864179,12.5897555341725,17.214847489216));
#2486=DIRECTION('',(2.34318281388422E-17,-0.38268343236509,0.923879532511287));
#2487=DIRECTION('',(5.65694372839885E-17,-0.923879532511287,-0.38268343236509));
#2488=SURFACE_STYLE_FILL_AREA(#3737);
#2489=ORIENTED_EDGE('',*,*,#3621,.T.);
#2490=ORIENTED_EDGE('',*,*,#3738,.F.);
#2491=ORIENTED_EDGE('',*,*,#3739,.T.);
#2492=ORIENTED_EDGE('',*,*,#3740,.T.);
#2493=CARTESIAN_POINT('',(-42.0,42.0,0.0));
#2494=DIRECTION('',(0.0,0.0,1.0));
#2495=DIRECTION('',(1.0,0.0,0.0));
#2496=SURFACE_STYLE_FILL_AREA(#3741);
#2497=ORIENTED_EDGE('',*,*,#3545,.T.);
#2498=ORIENTED_EDGE('',*,*,#3549,.T.);
#2499=ORIENTED_EDGE('',*,*,#3602,.T.);
#2500=ORIENTED_EDGE('',*,*,#3607,.F.);
#2501=ORIENTED_EDGE('',*,*,#3610,.T.);
#2502=ORIENTED_EDGE('',*,*,#3529,.T.);
#2503=ORIENTED_EDGE('',*,*,#3619,.T.);
#2504=ORIENTED_EDGE('',*,*,#3740,.F.);
#2505=ORIENTED_EDGE('',*,*,#3742,.T.);
#2506=ORIENTED_EDGE('',*,*,#3743,.T.);
#2507=ORIENTED_EDGE('',*,*,#3625,.T.);
#2508=ORIENTED_EDGE('',*,*,#3525,.T.);
#2509=CARTESIAN_POINT('',(-46.0,1.4210854715202E-14,0.0));
#2510=DIRECTION('',(-1.0,1.69176841847643E-16,0.0));
#2511=DIRECTION('',(-1.69176841847643E-16,-1.0,0.0));
#2512=SURFACE_STYLE_FILL_AREA(#3744);
#2513=ORIENTED_EDGE('',*,*,#3626,.T.);
#2514=ORIENTED_EDGE('',*,*,#3743,.F.);
#2515=ORIENTED_EDGE('',*,*,#3745,.T.);
#2516=ORIENTED_EDGE('',*,*,#3746,.T.);
#2517=CARTESIAN_POINT('',(-42.0,-42.0,0.0));
#2518=DIRECTION('',(0.0,0.0,1.0));
#2519=DIRECTION('',(1.0,0.0,0.0));
#2520=SURFACE_STYLE_FILL_AREA(#3747);
#2521=ORIENTED_EDGE('',*,*,#3446,.T.);
#2522=ORIENTED_EDGE('',*,*,#3460,.T.);
#2523=ORIENTED_EDGE('',*,*,#3556,.T.);
#2524=ORIENTED_EDGE('',*,*,#3558,.T.);
#2525=ORIENTED_EDGE('',*,*,#3553,.T.);
#2526=ORIENTED_EDGE('',*,*,#3574,.T.);
#2527=ORIENTED_EDGE('',*,*,#3563,.T.);
#2528=ORIENTED_EDGE('',*,*,#3603,.T.);
#2529=ORIENTED_EDGE('',*,*,#3547,.F.);
#2530=ORIENTED_EDGE('',*,*,#3543,.T.);
#2531=ORIENTED_EDGE('',*,*,#3539,.T.);
#2532=ORIENTED_EDGE('',*,*,#3624,.T.);
#2533=ORIENTED_EDGE('',*,*,#3746,.F.);
#2534=ORIENTED_EDGE('',*,*,#3748,.T.);
#2535=ORIENTED_EDGE('',*,*,#3749,.T.);
#2536=ORIENTED_EDGE('',*,*,#3628,.T.);
#2537=ORIENTED_EDGE('',*,*,#3537,.T.);
#2538=ORIENTED_EDGE('',*,*,#3533,.T.);
#2539=CARTESIAN_POINT('',(-7.105427357601E-15,-46.0,0.0));
#2540=DIRECTION('',(-1.69176841847643E-16,-1.0,0.0));
#2541=DIRECTION('',(1.0,-1.69176841847643E-16,0.0));
#2542=SURFACE_STYLE_FILL_AREA(#3750);
#2543=ORIENTED_EDGE('',*,*,#3629,.T.);
#2544=ORIENTED_EDGE('',*,*,#3749,.F.);
#2545=ORIENTED_EDGE('',*,*,#3751,.T.);
#2546=ORIENTED_EDGE('',*,*,#3752,.T.);
#2547=CARTESIAN_POINT('',(42.0,-42.0,0.0));
#2548=DIRECTION('',(0.0,0.0,1.0));
#2549=DIRECTION('',(1.0,0.0,0.0));
#2550=SURFACE_STYLE_FILL_AREA(#3753);
#2551=ORIENTED_EDGE('',*,*,#3573,.T.);
#2552=ORIENTED_EDGE('',*,*,#3569,.T.);
#2553=ORIENTED_EDGE('',*,*,#3630,.T.);
#2554=ORIENTED_EDGE('',*,*,#3752,.F.);
#2555=ORIENTED_EDGE('',*,*,#3754,.T.);
#2556=ORIENTED_EDGE('',*,*,#3755,.T.);
#2557=ORIENTED_EDGE('',*,*,#3614,.T.);
#2558=ORIENTED_EDGE('',*,*,#3565,.T.);
#2559=ORIENTED_EDGE('',*,*,#3584,.T.);
#2560=ORIENTED_EDGE('',*,*,#3590,.T.);
#2561=ORIENTED_EDGE('',*,*,#3604,.T.);
#2562=ORIENTED_EDGE('',*,*,#3561,.F.);
#2563=CARTESIAN_POINT('',(46.0,-7.105427357601E-15,0.0));
#2564=DIRECTION('',(1.0,-8.45884209238214E-17,0.0));
#2565=DIRECTION('',(8.45884209238214E-17,1.0,0.0));
#2566=SURFACE_STYLE_FILL_AREA(#3756);
#2567=ORIENTED_EDGE('',*,*,#3615,.T.);
#2568=ORIENTED_EDGE('',*,*,#3755,.F.);
#2569=ORIENTED_EDGE('',*,*,#3757,.T.);
#2570=ORIENTED_EDGE('',*,*,#3758,.T.);
#2571=CARTESIAN_POINT('',(42.0,42.0,0.0));
#2572=DIRECTION('',(0.0,0.0,1.0));
#2573=DIRECTION('',(1.0,0.0,0.0));
#2574=SURFACE_STYLE_FILL_AREA(#3759);
#2575=ORIENTED_EDGE('',*,*,#3611,.T.);
#2576=ORIENTED_EDGE('',*,*,#3608,.T.);
#2577=ORIENTED_EDGE('',*,*,#3600,.T.);
#2578=ORIENTED_EDGE('',*,*,#3588,.F.);
#2579=ORIENTED_EDGE('',*,*,#3585,.T.);
#2580=ORIENTED_EDGE('',*,*,#3580,.T.);
#2581=ORIENTED_EDGE('',*,*,#3616,.T.);
#2582=ORIENTED_EDGE('',*,*,#3758,.F.);
#2583=ORIENTED_EDGE('',*,*,#3760,.T.);
#2584=ORIENTED_EDGE('',*,*,#3738,.T.);
#2585=ORIENTED_EDGE('',*,*,#3620,.T.);
#2586=ORIENTED_EDGE('',*,*,#3576,.T.);
#2587=CARTESIAN_POINT('',(0.0,46.0,0.0));
#2588=DIRECTION('',(0.0,1.0,-0.0));
#2589=DIRECTION('',(-1.0,0.0,0.0));
#2590=SURFACE_STYLE_FILL_AREA(#3761);
#2591=ORIENTED_EDGE('',*,*,#3368,.T.);
#2592=ORIENTED_EDGE('',*,*,#3762,.F.);
#2593=ORIENTED_EDGE('',*,*,#3370,.T.);
#2594=ORIENTED_EDGE('',*,*,#3613,.T.);
#2595=CARTESIAN_POINT('',(41.25,41.25,12.5));
#2596=DIRECTION('',(0.0,0.0,1.0));
#2597=DIRECTION('',(1.0,0.0,0.0));
#2598=SURFACE_STYLE_FILL_AREA(#3763);
#2599=ORIENTED_EDGE('',*,*,#3363,.T.);
#2600=ORIENTED_EDGE('',*,*,#3764,.F.);
#2601=ORIENTED_EDGE('',*,*,#3365,.T.);
#2602=ORIENTED_EDGE('',*,*,#3618,.T.);
#2603=CARTESIAN_POINT('',(-41.25,41.25,12.5));
#2604=DIRECTION('',(0.0,-0.0,1.0));
#2605=DIRECTION('',(6.12303176911189E-17,1.0,0.0));
#2606=SURFACE_STYLE_FILL_AREA(#3765);
#2607=ORIENTED_EDGE('',*,*,#3358,.T.);
#2608=ORIENTED_EDGE('',*,*,#3766,.F.);
#2609=ORIENTED_EDGE('',*,*,#3360,.T.);
#2610=ORIENTED_EDGE('',*,*,#3623,.T.);
#2611=CARTESIAN_POINT('',(-41.25,-41.25,12.5));
#2612=DIRECTION('',(0.0,0.0,1.0));
#2613=DIRECTION('',(-1.0,1.22460635382238E-16,0.0));
#2614=SURFACE_STYLE_FILL_AREA(#3767);
#2615=ORIENTED_EDGE('',*,*,#3353,.T.);
#2616=ORIENTED_EDGE('',*,*,#3768,.F.);
#2617=ORIENTED_EDGE('',*,*,#3355,.T.);
#2618=ORIENTED_EDGE('',*,*,#3631,.T.);
#2619=CARTESIAN_POINT('',(41.25,-41.25,12.5));
#2620=DIRECTION('',(0.0,0.0,1.0));
#2621=DIRECTION('',(-1.83690953073357E-16,-1.0,0.0));
#2622=SURFACE_STYLE_FILL_AREA(#3769);
#2623=ORIENTED_EDGE('',*,*,#3770,.F.);
#2624=ORIENTED_EDGE('',*,*,#3771,.T.);
#2625=ORIENTED_EDGE('',*,*,#3772,.T.);
#2626=ORIENTED_EDGE('',*,*,#3773,.T.);
#2627=ORIENTED_EDGE('',*,*,#3774,.T.);
#2628=CARTESIAN_POINT('',(-44.0,2.69413397840923E-15,10.0));
#2629=DIRECTION('',(-1.0,6.12303176911189E-17,0.0));
#2630=DIRECTION('',(0.0,0.0,1.0));
#2631=SURFACE_STYLE_FILL_AREA(#3775);
#2632=ORIENTED_EDGE('',*,*,#3776,.T.);
#2633=ORIENTED_EDGE('',*,*,#3777,.T.);
#2634=ORIENTED_EDGE('',*,*,#3771,.F.);
#2635=ORIENTED_EDGE('',*,*,#3778,.F.);
#2636=CARTESIAN_POINT('',(-8.57224447675664E-16,0.0,-1.49999999999999));
#2637=DIRECTION('',(6.12303176911189E-17,-0.0,1.0));
#2638=DIRECTION('',(0.0,1.0,0.0));
#2639=SURFACE_STYLE_FILL_AREA(#3779);
#2640=ORIENTED_EDGE('',*,*,#3780,.T.);
#2641=ORIENTED_EDGE('',*,*,#3781,.F.);
#2642=ORIENTED_EDGE('',*,*,#3774,.F.);
#2643=ORIENTED_EDGE('',*,*,#3782,.T.);
#2644=CARTESIAN_POINT('',(-8.57224447675664E-16,0.0,-1.49999999999999));
#2645=DIRECTION('',(6.12303176911189E-17,-0.0,1.0));
#2646=DIRECTION('',(0.0,1.0,0.0));
#2647=SURFACE_STYLE_FILL_AREA(#3783);
#2648=ORIENTED_EDGE('',*,*,#3784,.T.);
#2649=ORIENTED_EDGE('',*,*,#3785,.F.);
#2650=ORIENTED_EDGE('',*,*,#3786,.F.);
#2651=ORIENTED_EDGE('',*,*,#3787,.T.);
#2652=CARTESIAN_POINT('',(-8.57224447675664E-16,0.0,-1.49999999999999));
#2653=DIRECTION('',(6.12303176911189E-17,-0.0,1.0));
#2654=DIRECTION('',(0.0,1.0,0.0));
#2655=SURFACE_STYLE_FILL_AREA(#3788);
#2656=ORIENTED_EDGE('',*,*,#3789,.F.);
#2657=ORIENTED_EDGE('',*,*,#3790,.T.);
#2658=ORIENTED_EDGE('',*,*,#3791,.T.);
#2659=ORIENTED_EDGE('',*,*,#3792,.T.);
#2660=ORIENTED_EDGE('',*,*,#3786,.T.);
#2661=CARTESIAN_POINT('',(0.0,44.0,10.0));
#2662=DIRECTION('',(0.0,1.0,0.0));
#2663=DIRECTION('',(0.0,0.0,1.0));
#2664=SURFACE_STYLE_FILL_AREA(#3793);
#2665=ORIENTED_EDGE('',*,*,#3794,.T.);
#2666=ORIENTED_EDGE('',*,*,#3795,.T.);
#2667=ORIENTED_EDGE('',*,*,#3790,.F.);
#2668=ORIENTED_EDGE('',*,*,#3796,.F.);
#2669=CARTESIAN_POINT('',(-8.57224447675664E-16,0.0,-1.49999999999999));
#2670=DIRECTION('',(6.12303176911189E-17,-0.0,1.0));
#2671=DIRECTION('',(0.0,1.0,0.0));
#2672=SURFACE_STYLE_FILL_AREA(#3797);
#2673=ORIENTED_EDGE('',*,*,#3798,.T.);
#2674=ORIENTED_EDGE('',*,*,#3799,.F.);
#2675=ORIENTED_EDGE('',*,*,#3800,.F.);
#2676=ORIENTED_EDGE('',*,*,#3801,.T.);
#2677=CARTESIAN_POINT('',(-8.57224447675664E-16,0.0,-1.49999999999999));
#2678=DIRECTION('',(6.12303176911189E-17,-0.0,1.0));
#2679=DIRECTION('',(0.0,1.0,0.0));
#2680=SURFACE_STYLE_FILL_AREA(#3802);
#2681=ORIENTED_EDGE('',*,*,#3803,.T.);
#2682=ORIENTED_EDGE('',*,*,#3804,.T.);
#2683=ORIENTED_EDGE('',*,*,#3805,.T.);
#2684=ORIENTED_EDGE('',*,*,#3801,.F.);
#2685=ORIENTED_EDGE('',*,*,#3806,.F.);
#2686=ORIENTED_EDGE('',*,*,#3807,.T.);
#2687=ORIENTED_EDGE('',*,*,#3791,.F.);
#2688=ORIENTED_EDGE('',*,*,#3795,.F.);
#2689=CARTESIAN_POINT('',(-5.05931891700804E-16,0.0,4.2372322931098));
#2690=DIRECTION('',(-6.12303176911189E-17,0.0,-1.0));
#2691=DIRECTION('',(0.0,1.0,0.0));
#2692=SURFACE_STYLE_FILL_AREA(#3808);
#2693=ORIENTED_EDGE('',*,*,#3809,.T.);
#2694=ORIENTED_EDGE('',*,*,#3810,.T.);
#2695=ORIENTED_EDGE('',*,*,#3811,.T.);
#2696=ORIENTED_EDGE('',*,*,#3787,.F.);
#2697=ORIENTED_EDGE('',*,*,#3792,.F.);
#2698=ORIENTED_EDGE('',*,*,#3351,.T.);
#2699=ORIENTED_EDGE('',*,*,#3772,.F.);
#2700=ORIENTED_EDGE('',*,*,#3777,.F.);
#2701=CARTESIAN_POINT('',(-5.05931891700804E-16,0.0,4.2372322931098));
#2702=DIRECTION('',(-6.12303176911189E-17,0.0,-1.0));
#2703=DIRECTION('',(0.0,1.0,0.0));
#2704=SURFACE_STYLE_FILL_AREA(#3812);
#2705=ORIENTED_EDGE('',*,*,#3659,.F.);
#2706=ORIENTED_EDGE('',*,*,#3813,.F.);
#2707=ORIENTED_EDGE('',*,*,#3641,.F.);
#2708=ORIENTED_EDGE('',*,*,#3634,.T.);
#2709=CARTESIAN_POINT('',(6.17288613965636E-16,0.0,22.5814210548375));
#2710=DIRECTION('',(6.12303176911189E-17,-0.0,1.0));
#2711=DIRECTION('',(0.0,1.0,0.0));
#2712=SURFACE_STYLE_FILL_AREA(#3814);
#2713=ORIENTED_EDGE('',*,*,#3642,.F.);
#2714=ORIENTED_EDGE('',*,*,#3348,.F.);
#2715=ORIENTED_EDGE('',*,*,#3648,.F.);
#2716=ORIENTED_EDGE('',*,*,#3638,.T.);
#2717=CARTESIAN_POINT('',(6.17288613965636E-16,0.0,22.5814210548375));
#2718=DIRECTION('',(6.12303176911189E-17,-0.0,1.0));
#2719=DIRECTION('',(0.0,1.0,0.0));
#2720=SURFACE_STYLE_FILL_AREA(#3815);
#2721=ORIENTED_EDGE('',*,*,#3649,.F.);
#2722=ORIENTED_EDGE('',*,*,#3347,.F.);
#2723=ORIENTED_EDGE('',*,*,#3651,.F.);
#2724=ORIENTED_EDGE('',*,*,#3645,.T.);
#2725=CARTESIAN_POINT('',(6.17288613965636E-16,0.0,22.5814210548375));
#2726=DIRECTION('',(6.12303176911189E-17,-0.0,1.0));
#2727=DIRECTION('',(0.0,1.0,0.0));
#2728=SURFACE_STYLE_FILL_AREA(#3816);
#2729=ORIENTED_EDGE('',*,*,#3658,.F.);
#2730=ORIENTED_EDGE('',*,*,#3655,.T.);
#2731=ORIENTED_EDGE('',*,*,#3652,.F.);
#2732=ORIENTED_EDGE('',*,*,#3817,.F.);
#2733=CARTESIAN_POINT('',(6.17288613965636E-16,0.0,22.5814210548375));
#2734=DIRECTION('',(6.12303176911189E-17,-0.0,1.0));
#2735=DIRECTION('',(0.0,1.0,0.0));
#2736=SURFACE_STYLE_FILL_AREA(#3818);
#2737=ORIENTED_EDGE('',*,*,#3819,.T.);
#2738=ORIENTED_EDGE('',*,*,#3820,.T.);
#2739=ORIENTED_EDGE('',*,*,#3821,.T.);
#2740=ORIENTED_EDGE('',*,*,#3782,.F.);
#2741=ORIENTED_EDGE('',*,*,#3773,.F.);
#2742=ORIENTED_EDGE('',*,*,#3350,.T.);
#2743=ORIENTED_EDGE('',*,*,#3822,.F.);
#2744=ORIENTED_EDGE('',*,*,#3823,.F.);
#2745=CARTESIAN_POINT('',(-5.05931891700804E-16,0.0,4.2372322931098));
#2746=DIRECTION('',(-6.12303176911189E-17,0.0,-1.0));
#2747=DIRECTION('',(0.0,1.0,0.0));
#2748=SURFACE_STYLE_FILL_AREA(#3824);
#2749=ORIENTED_EDGE('',*,*,#3825,.T.);
#2750=ORIENTED_EDGE('',*,*,#3823,.T.);
#2751=ORIENTED_EDGE('',*,*,#3826,.F.);
#2752=ORIENTED_EDGE('',*,*,#3827,.F.);
#2753=CARTESIAN_POINT('',(-8.57224447675664E-16,0.0,-1.49999999999999));
#2754=DIRECTION('',(6.12303176911189E-17,-0.0,1.0));
#2755=DIRECTION('',(0.0,1.0,0.0));
#2756=SURFACE_STYLE_FILL_AREA(#3828);
#2757=ORIENTED_EDGE('',*,*,#3314,.F.);
#2758=ORIENTED_EDGE('',*,*,#3829,.F.);
#2759=ORIENTED_EDGE('',*,*,#3661,.F.);
#2760=ORIENTED_EDGE('',*,*,#3441,.F.);
#2761=ORIENTED_EDGE('',*,*,#3665,.F.);
#2762=ORIENTED_EDGE('',*,*,#3434,.F.);
#2763=ORIENTED_EDGE('',*,*,#3670,.F.);
#2764=ORIENTED_EDGE('',*,*,#3830,.F.);
#2765=CARTESIAN_POINT('',(18.6606947529719,-23.4314512138397,13.0742105579191));
#2766=DIRECTION('',(-0.299193955241952,-0.23859921741993,0.923879532511287));
#2767=DIRECTION('',(-0.72231810452517,-0.576029466666801,-0.38268343236509));
#2768=SURFACE_STYLE_FILL_AREA(#3831);
#2769=ORIENTED_EDGE('',*,*,#3313,.F.);
#2770=ORIENTED_EDGE('',*,*,#3832,.T.);
#2771=ORIENTED_EDGE('',*,*,#3662,.T.);
#2772=ORIENTED_EDGE('',*,*,#3829,.T.);
#2773=CARTESIAN_POINT('',(48.7905872078886,-10.6931735738323,25.0390007516554));
#2774=DIRECTION('',(-0.299193955241952,-0.23859921741993,0.923879532511287));
#2775=DIRECTION('',(-0.72231810452517,-0.576029466666802,-0.38268343236509));
#2776=SURFACE_STYLE_FILL_AREA(#3833);
#2777=ORIENTED_EDGE('',*,*,#3312,.F.);
#2778=ORIENTED_EDGE('',*,*,#3834,.T.);
#2779=ORIENTED_EDGE('',*,*,#3668,.F.);
#2780=ORIENTED_EDGE('',*,*,#3436,.F.);
#2781=ORIENTED_EDGE('',*,*,#3666,.F.);
#2782=ORIENTED_EDGE('',*,*,#3439,.F.);
#2783=ORIENTED_EDGE('',*,*,#3663,.F.);
#2784=ORIENTED_EDGE('',*,*,#3832,.F.);
#2785=CARTESIAN_POINT('',(18.9598887082139,-23.1928519964198,12.1503310254078));
#2786=DIRECTION('',(-0.299193955241952,-0.23859921741993,0.923879532511287));
#2787=DIRECTION('',(-0.72231810452517,-0.576029466666801,-0.38268343236509));
#2788=SURFACE_STYLE_FILL_AREA(#3835);
#2789=ORIENTED_EDGE('',*,*,#3311,.F.);
#2790=ORIENTED_EDGE('',*,*,#3830,.T.);
#2791=ORIENTED_EDGE('',*,*,#3669,.F.);
#2792=ORIENTED_EDGE('',*,*,#3834,.F.);
#2793=CARTESIAN_POINT('',(40.2904551313858,15.3213993173353,29.0047435442675));
#2794=DIRECTION('',(-0.299193955241952,-0.23859921741993,0.923879532511287));
#2795=DIRECTION('',(-0.72231810452517,-0.576029466666801,-0.38268343236509));
#2796=SURFACE_STYLE_FILL_AREA(#3836);
#2797=ORIENTED_EDGE('',*,*,#3837,.F.);
#2798=ORIENTED_EDGE('',*,*,#3838,.F.);
#2799=ORIENTED_EDGE('',*,*,#3672,.F.);
#2800=ORIENTED_EDGE('',*,*,#3431,.F.);
#2801=ORIENTED_EDGE('',*,*,#3676,.F.);
#2802=ORIENTED_EDGE('',*,*,#3424,.F.);
#2803=ORIENTED_EDGE('',*,*,#3681,.F.);
#2804=ORIENTED_EDGE('',*,*,#3839,.F.);
#2805=ORIENTED_EDGE('',*,*,#3318,.F.);
#2806=CARTESIAN_POINT('',(-6.68469336481683,-29.1987895171789,13.0742105579191));
#2807=DIRECTION('',(-0.373088759742271,0.0851550747794879,0.923879532511287));
#2808=DIRECTION('',(-0.900715943738748,0.205582536437535,-0.38268343236509));
#2809=SURFACE_STYLE_FILL_AREA(#3840);
#2810=ORIENTED_EDGE('',*,*,#3841,.F.);
#2811=ORIENTED_EDGE('',*,*,#3842,.T.);
#2812=ORIENTED_EDGE('',*,*,#3673,.T.);
#2813=ORIENTED_EDGE('',*,*,#3838,.T.);
#2814=CARTESIAN_POINT('',(22.0601738033005,-44.813101800019,25.0390007516554));
#2815=DIRECTION('',(-0.373088759742271,0.0851550747794879,0.923879532511287));
#2816=DIRECTION('',(-0.900715943738748,0.205582536437535,-0.38268343236509));
#2817=SURFACE_STYLE_FILL_AREA(#3843);
#2818=ORIENTED_EDGE('',*,*,#3320,.F.);
#2819=ORIENTED_EDGE('',*,*,#3844,.T.);
#2820=ORIENTED_EDGE('',*,*,#3679,.F.);
#2821=ORIENTED_EDGE('',*,*,#3426,.F.);
#2822=ORIENTED_EDGE('',*,*,#3677,.F.);
#2823=ORIENTED_EDGE('',*,*,#3429,.F.);
#2824=ORIENTED_EDGE('',*,*,#3674,.F.);
#2825=ORIENTED_EDGE('',*,*,#3842,.F.);
#2826=ORIENTED_EDGE('',*,*,#3845,.F.);
#2827=CARTESIAN_POINT('',(-6.31160460507456,-29.2839445919584,12.1503310254078));
#2828=DIRECTION('',(-0.373088759742271,0.0851550747794879,0.923879532511287));
#2829=DIRECTION('',(-0.900715943738748,0.205582536437535,-0.38268343236509));
#2830=SURFACE_STYLE_FILL_AREA(#3846);
#2831=ORIENTED_EDGE('',*,*,#3319,.F.);
#2832=ORIENTED_EDGE('',*,*,#3839,.T.);
#2833=ORIENTED_EDGE('',*,*,#3680,.F.);
#2834=ORIENTED_EDGE('',*,*,#3844,.F.);
#2835=CARTESIAN_POINT('',(37.0994402284229,-21.9476100401191,29.0047435442675));
#2836=DIRECTION('',(-0.373088759742271,0.0851550747794879,0.923879532511287));
#2837=DIRECTION('',(-0.900715943738748,0.205582536437535,-0.38268343236509));
#2838=SURFACE_STYLE_FILL_AREA(#3847);
#2839=ORIENTED_EDGE('',*,*,#3848,.F.);
#2840=ORIENTED_EDGE('',*,*,#3849,.F.);
#2841=ORIENTED_EDGE('',*,*,#3683,.F.);
#2842=ORIENTED_EDGE('',*,*,#3421,.F.);
#2843=ORIENTED_EDGE('',*,*,#3687,.F.);
#2844=ORIENTED_EDGE('',*,*,#3414,.F.);
#2845=ORIENTED_EDGE('',*,*,#3692,.F.);
#2846=ORIENTED_EDGE('',*,*,#3850,.F.);
#2847=CARTESIAN_POINT('',(-26.996371036004,-12.9788437673218,13.0742105579191));
#2848=DIRECTION('',(-0.166040118532906,0.344785858822987,0.923879532511287));
#2849=DIRECTION('',(-0.400856306060179,0.83238669648491,-0.38268343236509));
#2850=SURFACE_STYLE_FILL_AREA(#3851);
#2851=ORIENTED_EDGE('',*,*,#3852,.F.);
#2852=ORIENTED_EDGE('',*,*,#3853,.T.);
#2853=ORIENTED_EDGE('',*,*,#3684,.T.);
#2854=ORIENTED_EDGE('',*,*,#3849,.T.);
#2855=CARTESIAN_POINT('',(-21.2820004207105,-45.1878503501059,25.0390007516554));
#2856=DIRECTION('',(-0.166040118532906,0.344785858822987,0.923879532511287));
#2857=DIRECTION('',(-0.400856306060179,0.83238669648491,-0.38268343236509));
#2858=SURFACE_STYLE_FILL_AREA(#3854);
#2859=ORIENTED_EDGE('',*,*,#3855,.F.);
#2860=ORIENTED_EDGE('',*,*,#3856,.T.);
#2861=ORIENTED_EDGE('',*,*,#3690,.F.);
#2862=ORIENTED_EDGE('',*,*,#3416,.F.);
#2863=ORIENTED_EDGE('',*,*,#3688,.F.);
#2864=ORIENTED_EDGE('',*,*,#3419,.F.);
#2865=ORIENTED_EDGE('',*,*,#3685,.F.);
#2866=ORIENTED_EDGE('',*,*,#3853,.F.);
#2867=CARTESIAN_POINT('',(-26.8303309174711,-13.3236296261448,12.1503310254078));
#2868=DIRECTION('',(-0.166040118532906,0.344785858822987,0.923879532511287));
#2869=DIRECTION('',(-0.400856306060179,0.83238669648491,-0.38268343236509));
#2870=SURFACE_STYLE_FILL_AREA(#3857);
#2871=ORIENTED_EDGE('',*,*,#3858,.F.);
#2872=ORIENTED_EDGE('',*,*,#3850,.T.);
#2873=ORIENTED_EDGE('',*,*,#3691,.F.);
#2874=ORIENTED_EDGE('',*,*,#3856,.F.);
#2875=CARTESIAN_POINT('',(5.97179014279279,-42.6896213877085,29.0047435442675));
#2876=DIRECTION('',(-0.166040118532906,0.344785858822987,0.923879532511287));
#2877=DIRECTION('',(-0.400856306060179,0.83238669648491,-0.38268343236509));
#2878=SURFACE_STYLE_FILL_AREA(#3859);
#2879=ORIENTED_EDGE('',*,*,#3860,.F.);
#2880=ORIENTED_EDGE('',*,*,#3861,.F.);
#2881=ORIENTED_EDGE('',*,*,#3694,.F.);
#2882=ORIENTED_EDGE('',*,*,#3411,.F.);
#2883=ORIENTED_EDGE('',*,*,#3698,.F.);
#2884=ORIENTED_EDGE('',*,*,#3404,.F.);
#2885=ORIENTED_EDGE('',*,*,#3703,.F.);
#2886=ORIENTED_EDGE('',*,*,#3862,.F.);
#2887=CARTESIAN_POINT('',(-26.9792306914691,13.014436059493,13.0742105579191));
#2888=DIRECTION('',(0.166040118532906,0.344785858822987,0.923879532511287));
#2889=DIRECTION('',(0.400856306060179,0.83238669648491,-0.38268343236509));
#2890=SURFACE_STYLE_FILL_AREA(#3863);
#2891=ORIENTED_EDGE('',*,*,#3864,.F.);
#2892=ORIENTED_EDGE('',*,*,#3865,.T.);
#2893=ORIENTED_EDGE('',*,*,#3695,.T.);
#2894=ORIENTED_EDGE('',*,*,#3861,.T.);
#2895=CARTESIAN_POINT('',(-48.5983942542331,-11.5352259224003,25.0390007516554));
#2896=DIRECTION('',(0.166040118532906,0.344785858822987,0.923879532511287));
#2897=DIRECTION('',(0.400856306060179,0.83238669648491,-0.38268343236509));
#2898=SURFACE_STYLE_FILL_AREA(#3866);
#2899=ORIENTED_EDGE('',*,*,#3867,.F.);
#2900=ORIENTED_EDGE('',*,*,#3868,.T.);
#2901=ORIENTED_EDGE('',*,*,#3701,.F.);
#2902=ORIENTED_EDGE('',*,*,#3406,.F.);
#2903=ORIENTED_EDGE('',*,*,#3699,.F.);
#2904=ORIENTED_EDGE('',*,*,#3409,.F.);
#2905=ORIENTED_EDGE('',*,*,#3696,.F.);
#2906=ORIENTED_EDGE('',*,*,#3865,.F.);
#2907=CARTESIAN_POINT('',(-27.145270810002,12.6696502006701,12.1503310254078));
#2908=DIRECTION('',(0.166040118532906,0.344785858822987,0.923879532511287));
#2909=DIRECTION('',(0.400856306060179,0.83238669648491,-0.38268343236509));
#2910=SURFACE_STYLE_FILL_AREA(#3869);
#2911=ORIENTED_EDGE('',*,*,#3870,.F.);
#2912=ORIENTED_EDGE('',*,*,#3862,.T.);
#2913=ORIENTED_EDGE('',*,*,#3702,.F.);
#2914=ORIENTED_EDGE('',*,*,#3868,.F.);
#2915=CARTESIAN_POINT('',(-29.6527397226793,-31.2854771207744,29.0047435442675));
#2916=DIRECTION('',(0.166040118532906,0.344785858822987,0.923879532511287));
#2917=DIRECTION('',(0.400856306060179,0.83238669648491,-0.38268343236509));
#2918=SURFACE_STYLE_FILL_AREA(#3871);
#2919=ORIENTED_EDGE('',*,*,#3336,.F.);
#2920=ORIENTED_EDGE('',*,*,#3872,.F.);
#2921=ORIENTED_EDGE('',*,*,#3705,.F.);
#2922=ORIENTED_EDGE('',*,*,#3401,.F.);
#2923=ORIENTED_EDGE('',*,*,#3709,.F.);
#2924=ORIENTED_EDGE('',*,*,#3394,.F.);
#2925=ORIENTED_EDGE('',*,*,#3714,.F.);
#2926=ORIENTED_EDGE('',*,*,#3873,.F.);
#2927=ORIENTED_EDGE('',*,*,#3874,.F.);
#2928=CARTESIAN_POINT('',(-6.64617936024631,29.2075800873947,13.0742105579191));
#2929=DIRECTION('',(0.373088759742271,0.0851550747794878,0.923879532511287));
#2930=DIRECTION('',(0.900715943738748,0.205582536437535,-0.38268343236509));
#2931=SURFACE_STYLE_FILL_AREA(#3875);
#2932=ORIENTED_EDGE('',*,*,#3335,.F.);
#2933=ORIENTED_EDGE('',*,*,#3876,.T.);
#2934=ORIENTED_EDGE('',*,*,#3706,.T.);
#2935=ORIENTED_EDGE('',*,*,#3872,.T.);
#2936=CARTESIAN_POINT('',(-39.3192059877382,30.8036589005998,25.0390007516554));
#2937=DIRECTION('',(0.373088759742271,0.0851550747794879,0.923879532511287));
#2938=DIRECTION('',(0.900715943738748,0.205582536437535,-0.38268343236509));
#2939=SURFACE_STYLE_FILL_AREA(#3877);
#2940=ORIENTED_EDGE('',*,*,#3878,.F.);
#2941=ORIENTED_EDGE('',*,*,#3879,.T.);
#2942=ORIENTED_EDGE('',*,*,#3712,.F.);
#2943=ORIENTED_EDGE('',*,*,#3396,.F.);
#2944=ORIENTED_EDGE('',*,*,#3710,.F.);
#2945=ORIENTED_EDGE('',*,*,#3399,.F.);
#2946=ORIENTED_EDGE('',*,*,#3707,.F.);
#2947=ORIENTED_EDGE('',*,*,#3876,.F.);
#2948=ORIENTED_EDGE('',*,*,#3334,.F.);
#2949=CARTESIAN_POINT('',(-7.01926811998858,29.1224250126153,12.1503310254078));
#2950=DIRECTION('',(0.373088759742271,0.0851550747794878,0.923879532511287));
#2951=DIRECTION('',(0.900715943738748,0.205582536437535,-0.38268343236509));
#2952=SURFACE_STYLE_FILL_AREA(#3880);
#2953=ORIENTED_EDGE('',*,*,#3881,.F.);
#2954=ORIENTED_EDGE('',*,*,#3873,.T.);
#2955=ORIENTED_EDGE('',*,*,#3713,.F.);
#2956=ORIENTED_EDGE('',*,*,#3879,.F.);
#2957=CARTESIAN_POINT('',(-42.9481517713166,3.67726952553338,29.0047435442675));
#2958=DIRECTION('',(0.373088759742271,0.0851550747794879,0.923879532511287));
#2959=DIRECTION('',(0.900715943738748,0.205582536437535,-0.38268343236509));
#2960=SURFACE_STYLE_FILL_AREA(#3882);
#2961=ORIENTED_EDGE('',*,*,#3340,.F.);
#2962=ORIENTED_EDGE('',*,*,#3883,.F.);
#2963=ORIENTED_EDGE('',*,*,#3716,.F.);
#2964=ORIENTED_EDGE('',*,*,#3391,.F.);
#2965=ORIENTED_EDGE('',*,*,#3720,.F.);
#2966=ORIENTED_EDGE('',*,*,#3384,.F.);
#2967=ORIENTED_EDGE('',*,*,#3725,.F.);
#2968=ORIENTED_EDGE('',*,*,#3884,.F.);
#2969=CARTESIAN_POINT('',(18.691580586594,23.4068205834326,13.0742105579191));
#2970=DIRECTION('',(0.299193955241952,-0.23859921741993,0.923879532511287));
#2971=DIRECTION('',(0.72231810452517,-0.576029466666802,-0.38268343236509));
#2972=SURFACE_STYLE_FILL_AREA(#3885);
#2973=ORIENTED_EDGE('',*,*,#3339,.F.);
#2974=ORIENTED_EDGE('',*,*,#3886,.T.);
#2975=ORIENTED_EDGE('',*,*,#3717,.T.);
#2976=ORIENTED_EDGE('',*,*,#3883,.T.);
#2977=CARTESIAN_POINT('',(-0.431853646842217,49.9467602913182,25.0390007516554));
#2978=DIRECTION('',(0.299193955241952,-0.23859921741993,0.923879532511287));
#2979=DIRECTION('',(0.72231810452517,-0.576029466666802,-0.38268343236509));
#2980=SURFACE_STYLE_FILL_AREA(#3887);
#2981=ORIENTED_EDGE('',*,*,#3338,.F.);
#2982=ORIENTED_EDGE('',*,*,#3888,.T.);
#2983=ORIENTED_EDGE('',*,*,#3723,.F.);
#2984=ORIENTED_EDGE('',*,*,#3386,.F.);
#2985=ORIENTED_EDGE('',*,*,#3721,.F.);
#2986=ORIENTED_EDGE('',*,*,#3389,.F.);
#2987=ORIENTED_EDGE('',*,*,#3718,.F.);
#2988=ORIENTED_EDGE('',*,*,#3886,.F.);
#2989=CARTESIAN_POINT('',(18.392386631352,23.6454198008526,12.1503310254078));
#2990=DIRECTION('',(0.299193955241952,-0.23859921741993,0.923879532511287));
#2991=DIRECTION('',(0.72231810452517,-0.576029466666802,-0.38268343236509));
#2992=SURFACE_STYLE_FILL_AREA(#3889);
#2993=ORIENTED_EDGE('',*,*,#3337,.F.);
#2994=ORIENTED_EDGE('',*,*,#3884,.T.);
#2995=ORIENTED_EDGE('',*,*,#3724,.F.);
#2996=ORIENTED_EDGE('',*,*,#3888,.F.);
#2997=CARTESIAN_POINT('',(-23.9027295535147,35.8709572164863,29.0047435442675));
#2998=DIRECTION('',(0.299193955241952,-0.23859921741993,0.923879532511287));
#2999=DIRECTION('',(0.72231810452517,-0.576029466666802,-0.38268343236509));
#3000=SURFACE_STYLE_FILL_AREA(#3890);
#3001=ORIENTED_EDGE('',*,*,#3344,.F.);
#3002=ORIENTED_EDGE('',*,*,#3891,.F.);
#3003=ORIENTED_EDGE('',*,*,#3727,.F.);
#3004=ORIENTED_EDGE('',*,*,#3381,.F.);
#3005=ORIENTED_EDGE('',*,*,#3731,.F.);
#3006=ORIENTED_EDGE('',*,*,#3374,.F.);
#3007=ORIENTED_EDGE('',*,*,#3736,.F.);
#3008=ORIENTED_EDGE('',*,*,#3892,.F.);
#3009=CARTESIAN_POINT('',(29.9541991129704,-0.0197522319800643,13.0742105579191));
#3010=DIRECTION('',(2.34318281388422E-17,-0.38268343236509,0.923879532511287));
#3011=DIRECTION('',(5.65694372839885E-17,-0.923879532511287,-0.38268343236509));
#3012=SURFACE_STYLE_FILL_AREA(#3893);
#3013=ORIENTED_EDGE('',*,*,#3343,.F.);
#3014=ORIENTED_EDGE('',*,*,#3894,.T.);
#3015=ORIENTED_EDGE('',*,*,#3728,.T.);
#3016=ORIENTED_EDGE('',*,*,#3891,.T.);
#3017=CARTESIAN_POINT('',(38.780693298335,31.4789324544395,25.0390007516554));
#3018=DIRECTION('',(2.34318281388422E-17,-0.38268343236509,0.923879532511287));
#3019=DIRECTION('',(5.65694372839885E-17,-0.923879532511287,-0.38268343236509));
#3020=SURFACE_STYLE_FILL_AREA(#3895);
#3021=ORIENTED_EDGE('',*,*,#3342,.F.);
#3022=ORIENTED_EDGE('',*,*,#3896,.T.);
#3023=ORIENTED_EDGE('',*,*,#3734,.F.);
#3024=ORIENTED_EDGE('',*,*,#3376,.F.);
#3025=ORIENTED_EDGE('',*,*,#3732,.F.);
#3026=ORIENTED_EDGE('',*,*,#3379,.F.);
#3027=ORIENTED_EDGE('',*,*,#3729,.F.);
#3028=ORIENTED_EDGE('',*,*,#3894,.F.);
#3029=CARTESIAN_POINT('',(29.9541991129704,0.362931200385025,12.1503310254078));
#3030=DIRECTION('',(2.34318281388422E-17,-0.38268343236509,0.923879532511287));
#3031=DIRECTION('',(5.65694372839885E-17,-0.923879532511287,-0.38268343236509));
#3032=SURFACE_STYLE_FILL_AREA(#3897);
#3033=ORIENTED_EDGE('',*,*,#3341,.F.);
#3034=ORIENTED_EDGE('',*,*,#3892,.T.);
#3035=ORIENTED_EDGE('',*,*,#3735,.F.);
#3036=ORIENTED_EDGE('',*,*,#3896,.F.);
#3037=CARTESIAN_POINT('',(13.141935544909,41.053082489247,29.0047435442675));
#3038=DIRECTION('',(2.34318281388422E-17,-0.38268343236509,0.923879532511287));
#3039=DIRECTION('',(5.65694372839885E-17,-0.923879532511287,-0.38268343236509));
#3040=SURFACE_STYLE_FILL_AREA(#3898);
#3041=ORIENTED_EDGE('',*,*,#3819,.F.);
#3042=ORIENTED_EDGE('',*,*,#3825,.F.);
#3043=ORIENTED_EDGE('',*,*,#3899,.F.);
#3044=ORIENTED_EDGE('',*,*,#3900,.F.);
#3045=ORIENTED_EDGE('',*,*,#3901,.F.);
#3046=CARTESIAN_POINT('',(-21.8863026413737,-24.688484142254,2.5));
#3047=DIRECTION('',(-0.309016994374947,0.951056516295154,0.0));
#3048=DIRECTION('',(0.0,0.0,-1.0));
#3049=SURFACE_STYLE_FILL_AREA(#3902);
#3050=ORIENTED_EDGE('',*,*,#3820,.F.);
#3051=ORIENTED_EDGE('',*,*,#3901,.T.);
#3052=ORIENTED_EDGE('',*,*,#3903,.F.);
#3053=ORIENTED_EDGE('',*,*,#3904,.T.);
#3054=CARTESIAN_POINT('',(-22.3498281329361,-23.2618993678113,5.0));
#3055=DIRECTION('',(0.0,0.0,1.0));
#3056=DIRECTION('',(-0.309016994374947,0.951056516295154,0.0));
#3057=SURFACE_STYLE_FILL_AREA(#3905);
#3058=ORIENTED_EDGE('',*,*,#3821,.F.);
#3059=ORIENTED_EDGE('',*,*,#3904,.F.);
#3060=ORIENTED_EDGE('',*,*,#3906,.F.);
#3061=ORIENTED_EDGE('',*,*,#3907,.F.);
#3062=ORIENTED_EDGE('',*,*,#3780,.F.);
#3063=CARTESIAN_POINT('',(-22.8133536244985,-21.8353145933685,2.5));
#3064=DIRECTION('',(0.309016994374947,-0.951056516295154,0.0));
#3065=DIRECTION('',(0.0,0.0,1.0));
#3066=SURFACE_STYLE_FILL_AREA(#3908);
#3067=ORIENTED_EDGE('',*,*,#3809,.F.);
#3068=ORIENTED_EDGE('',*,*,#3776,.F.);
#3069=ORIENTED_EDGE('',*,*,#3909,.F.);
#3070=ORIENTED_EDGE('',*,*,#3910,.F.);
#3071=ORIENTED_EDGE('',*,*,#3911,.F.);
#3072=CARTESIAN_POINT('',(-24.688484142254,21.8863026413737,2.5));
#3073=DIRECTION('',(0.951056516295154,0.309016994374947,0.0));
#3074=DIRECTION('',(0.0,0.0,-1.0));
#3075=SURFACE_STYLE_FILL_AREA(#3912);
#3076=ORIENTED_EDGE('',*,*,#3810,.F.);
#3077=ORIENTED_EDGE('',*,*,#3911,.T.);
#3078=ORIENTED_EDGE('',*,*,#3913,.F.);
#3079=ORIENTED_EDGE('',*,*,#3914,.T.);
#3080=CARTESIAN_POINT('',(-23.2618993678113,22.3498281329361,5.0));
#3081=DIRECTION('',(0.0,-0.0,1.0));
#3082=DIRECTION('',(0.951056516295154,0.309016994374947,0.0));
#3083=SURFACE_STYLE_FILL_AREA(#3915);
#3084=ORIENTED_EDGE('',*,*,#3811,.F.);
#3085=ORIENTED_EDGE('',*,*,#3914,.F.);
#3086=ORIENTED_EDGE('',*,*,#3916,.F.);
#3087=ORIENTED_EDGE('',*,*,#3917,.F.);
#3088=ORIENTED_EDGE('',*,*,#3784,.F.);
#3089=CARTESIAN_POINT('',(-21.8353145933685,22.8133536244985,2.5));
#3090=DIRECTION('',(-0.951056516295154,-0.309016994374947,0.0));
#3091=DIRECTION('',(0.0,0.0,1.0));
#3092=SURFACE_STYLE_FILL_AREA(#3918);
#3093=ORIENTED_EDGE('',*,*,#3803,.F.);
#3094=ORIENTED_EDGE('',*,*,#3794,.F.);
#3095=ORIENTED_EDGE('',*,*,#3919,.F.);
#3096=ORIENTED_EDGE('',*,*,#3331,.F.);
#3097=ORIENTED_EDGE('',*,*,#3920,.F.);
#3098=CARTESIAN_POINT('',(21.8863026413737,24.688484142254,2.5));
#3099=DIRECTION('',(0.309016994374947,-0.951056516295154,0.0));
#3100=DIRECTION('',(0.0,0.0,-1.0));
#3101=SURFACE_STYLE_FILL_AREA(#3921);
#3102=ORIENTED_EDGE('',*,*,#3804,.F.);
#3103=ORIENTED_EDGE('',*,*,#3920,.T.);
#3104=ORIENTED_EDGE('',*,*,#3330,.F.);
#3105=ORIENTED_EDGE('',*,*,#3922,.T.);
#3106=CARTESIAN_POINT('',(22.3498281329361,23.2618993678113,5.0));
#3107=DIRECTION('',(0.0,0.0,1.0));
#3108=DIRECTION('',(0.309016994374947,-0.951056516295154,0.0));
#3109=SURFACE_STYLE_FILL_AREA(#3923);
#3110=ORIENTED_EDGE('',*,*,#3805,.F.);
#3111=ORIENTED_EDGE('',*,*,#3922,.F.);
#3112=ORIENTED_EDGE('',*,*,#3329,.F.);
#3113=ORIENTED_EDGE('',*,*,#3924,.F.);
#3114=ORIENTED_EDGE('',*,*,#3798,.F.);
#3115=CARTESIAN_POINT('',(22.8133536244985,21.8353145933685,2.5));
#3116=DIRECTION('',(-0.309016994374947,0.951056516295154,0.0));
#3117=DIRECTION('',(0.0,0.0,1.0));
#3118=SURFACE_STYLE_FILL_AREA(#3925);
#3119=ORIENTED_EDGE('',*,*,#3919,.T.);
#3120=ORIENTED_EDGE('',*,*,#3796,.T.);
#3121=ORIENTED_EDGE('',*,*,#3789,.T.);
#3122=ORIENTED_EDGE('',*,*,#3785,.T.);
#3123=ORIENTED_EDGE('',*,*,#3917,.T.);
#3124=ORIENTED_EDGE('',*,*,#3926,.T.);
#3125=ORIENTED_EDGE('',*,*,#3332,.T.);
#3126=ORIENTED_EDGE('',*,*,#3799,.T.);
#3127=ORIENTED_EDGE('',*,*,#3924,.T.);
#3128=ORIENTED_EDGE('',*,*,#3328,.T.);
#3129=ORIENTED_EDGE('',*,*,#3927,.T.);
#3130=ORIENTED_EDGE('',*,*,#3928,.T.);
#3131=ORIENTED_EDGE('',*,*,#3929,.T.);
#3132=ORIENTED_EDGE('',*,*,#3930,.T.);
#3133=ORIENTED_EDGE('',*,*,#3931,.T.);
#3134=ORIENTED_EDGE('',*,*,#3322,.T.);
#3135=ORIENTED_EDGE('',*,*,#3932,.T.);
#3136=ORIENTED_EDGE('',*,*,#3899,.T.);
#3137=ORIENTED_EDGE('',*,*,#3827,.T.);
#3138=ORIENTED_EDGE('',*,*,#3933,.T.);
#3139=ORIENTED_EDGE('',*,*,#3781,.T.);
#3140=ORIENTED_EDGE('',*,*,#3907,.T.);
#3141=ORIENTED_EDGE('',*,*,#3934,.T.);
#3142=ORIENTED_EDGE('',*,*,#3909,.T.);
#3143=ORIENTED_EDGE('',*,*,#3778,.T.);
#3144=ORIENTED_EDGE('',*,*,#3770,.T.);
#3145=ORIENTED_EDGE('',*,*,#3768,.T.);
#3146=ORIENTED_EDGE('',*,*,#3356,.T.);
#3147=ORIENTED_EDGE('',*,*,#3766,.T.);
#3148=ORIENTED_EDGE('',*,*,#3361,.T.);
#3149=ORIENTED_EDGE('',*,*,#3764,.T.);
#3150=ORIENTED_EDGE('',*,*,#3366,.T.);
#3151=ORIENTED_EDGE('',*,*,#3762,.T.);
#3152=ORIENTED_EDGE('',*,*,#3371,.T.);
#3153=ORIENTED_EDGE('',*,*,#3760,.F.);
#3154=ORIENTED_EDGE('',*,*,#3757,.F.);
#3155=ORIENTED_EDGE('',*,*,#3754,.F.);
#3156=ORIENTED_EDGE('',*,*,#3751,.F.);
#3157=ORIENTED_EDGE('',*,*,#3748,.F.);
#3158=ORIENTED_EDGE('',*,*,#3745,.F.);
#3159=ORIENTED_EDGE('',*,*,#3742,.F.);
#3160=ORIENTED_EDGE('',*,*,#3739,.F.);
#3161=CARTESIAN_POINT('',(-8.88178419700125E-16,5.88418203051333E-15,0.0));
#3162=DIRECTION('',(0.0,0.0,1.0));
#3163=DIRECTION('',(1.0,0.0,0.0));
#3164=SURFACE_STYLE_FILL_AREA(#3935);
#3165=ORIENTED_EDGE('',*,*,#3316,.T.);
#3166=ORIENTED_EDGE('',*,*,#3936,.T.);
#3167=CARTESIAN_POINT('',(-8.88178419700125E-16,5.88418203051333E-15,25.0));
#3168=DIRECTION('',(0.0,0.0,1.0));
#3169=DIRECTION('',(1.0,0.0,0.0));
#3170=SURFACE_STYLE_FILL_AREA(#3937);
#3171=ORIENTED_EDGE('',*,*,#3938,.T.);
#3172=ORIENTED_EDGE('',*,*,#3939,.F.);
#3173=ORIENTED_EDGE('',*,*,#3940,.T.);
#3174=ORIENTED_EDGE('',*,*,#3326,.F.);
#3175=CARTESIAN_POINT('',(23.2618993678113,-22.3498281329361,5.0));
#3176=DIRECTION('',(0.0,0.0,1.0));
#3177=DIRECTION('',(-0.951056516295154,-0.309016994374947,0.0));
#3178=SURFACE_STYLE_FILL_AREA(#3941);
#3179=ORIENTED_EDGE('',*,*,#3942,.F.);
#3180=ORIENTED_EDGE('',*,*,#3943,.F.);
#3181=ORIENTED_EDGE('',*,*,#3927,.F.);
#3182=ORIENTED_EDGE('',*,*,#3327,.F.);
#3183=ORIENTED_EDGE('',*,*,#3940,.F.);
#3184=CARTESIAN_POINT('',(24.688484142254,-21.8863026413737,2.5));
#3185=DIRECTION('',(-0.951056516295154,-0.309016994374947,-0.0));
#3186=DIRECTION('',(0.0,0.0,-1.0));
#3187=SURFACE_STYLE_FILL_AREA(#3944);
#3188=ORIENTED_EDGE('',*,*,#3943,.T.);
#3189=ORIENTED_EDGE('',*,*,#3945,.T.);
#3190=ORIENTED_EDGE('',*,*,#3946,.F.);
#3191=ORIENTED_EDGE('',*,*,#3928,.F.);
#3192=CARTESIAN_POINT('',(-8.57224447675664E-16,0.0,-1.49999999999999));
#3193=DIRECTION('',(6.12303176911189E-17,-0.0,1.0));
#3194=DIRECTION('',(0.0,1.0,0.0));
#3195=SURFACE_STYLE_FILL_AREA(#3947);
#3196=ORIENTED_EDGE('',*,*,#3929,.F.);
#3197=ORIENTED_EDGE('',*,*,#3946,.T.);
#3198=ORIENTED_EDGE('',*,*,#3948,.T.);
#3199=ORIENTED_EDGE('',*,*,#3806,.T.);
#3200=ORIENTED_EDGE('',*,*,#3800,.T.);
#3201=CARTESIAN_POINT('',(44.0,-8.08240193522769E-15,10.0));
#3202=DIRECTION('',(1.0,-1.83690953073357E-16,0.0));
#3203=DIRECTION('',(0.0,0.0,1.0));
#3204=SURFACE_STYLE_FILL_AREA(#3949);
#3205=ORIENTED_EDGE('',*,*,#3346,.T.);
#3206=ORIENTED_EDGE('',*,*,#3807,.F.);
#3207=ORIENTED_EDGE('',*,*,#3950,.F.);
#3208=ORIENTED_EDGE('',*,*,#3349,.T.);
#3209=ORIENTED_EDGE('',*,*,#3813,.T.);
#3210=ORIENTED_EDGE('',*,*,#3817,.T.);
#3211=CARTESIAN_POINT('',(1.11356722264831E-16,0.0,14.3186533479473));
#3212=DIRECTION('',(6.12303176911189E-17,-0.0,1.0));
#3213=DIRECTION('',(0.0,1.0,0.0));
#3214=SURFACE_STYLE_FILL_AREA(#3951);
#3215=ORIENTED_EDGE('',*,*,#3933,.F.);
#3216=ORIENTED_EDGE('',*,*,#3826,.T.);
#3217=ORIENTED_EDGE('',*,*,#3822,.T.);
#3218=ORIENTED_EDGE('',*,*,#3952,.T.);
#3219=ORIENTED_EDGE('',*,*,#3953,.T.);
#3220=CARTESIAN_POINT('',(-5.38826795681846E-15,-44.0,10.0));
#3221=DIRECTION('',(-1.22460635382238E-16,-1.0,0.0));
#3222=DIRECTION('',(0.0,0.0,1.0));
#3223=SURFACE_STYLE_FILL_AREA(#3954);
#3224=ORIENTED_EDGE('',*,*,#3955,.T.);
#3225=ORIENTED_EDGE('',*,*,#3930,.F.);
#3226=ORIENTED_EDGE('',*,*,#3953,.F.);
#3227=ORIENTED_EDGE('',*,*,#3956,.T.);
#3228=CARTESIAN_POINT('',(-8.57224447675664E-16,0.0,-1.49999999999999));
#3229=DIRECTION('',(6.12303176911189E-17,-0.0,1.0));
#3230=DIRECTION('',(0.0,1.0,0.0));
#3231=SURFACE_STYLE_FILL_AREA(#3957);
#3232=ORIENTED_EDGE('',*,*,#3308,.T.);
#3233=ORIENTED_EDGE('',*,*,#3323,.F.);
#3234=ORIENTED_EDGE('',*,*,#3931,.F.);
#3235=ORIENTED_EDGE('',*,*,#3955,.F.);
#3236=ORIENTED_EDGE('',*,*,#3958,.F.);
#3237=CARTESIAN_POINT('',(21.8353145933685,-22.8133536244985,2.5));
#3238=DIRECTION('',(0.951056516295154,0.309016994374947,-0.0));
#3239=DIRECTION('',(0.0,0.0,1.0));
#3240=SURFACE_STYLE_FILL_AREA(#3959);
#3241=ORIENTED_EDGE('',*,*,#3315,.T.);
#3242=ORIENTED_EDGE('',*,*,#3874,.T.);
#3243=ORIENTED_EDGE('',*,*,#3881,.T.);
#3244=ORIENTED_EDGE('',*,*,#3878,.T.);
#3245=ORIENTED_EDGE('',*,*,#3333,.T.);
#3246=ORIENTED_EDGE('',*,*,#3926,.F.);
#3247=ORIENTED_EDGE('',*,*,#3916,.T.);
#3248=ORIENTED_EDGE('',*,*,#3913,.T.);
#3249=ORIENTED_EDGE('',*,*,#3910,.T.);
#3250=ORIENTED_EDGE('',*,*,#3934,.F.);
#3251=ORIENTED_EDGE('',*,*,#3906,.T.);
#3252=ORIENTED_EDGE('',*,*,#3903,.T.);
#3253=ORIENTED_EDGE('',*,*,#3900,.T.);
#3254=ORIENTED_EDGE('',*,*,#3932,.F.);
#3255=ORIENTED_EDGE('',*,*,#3321,.T.);
#3256=ORIENTED_EDGE('',*,*,#3845,.T.);
#3257=ORIENTED_EDGE('',*,*,#3841,.T.);
#3258=ORIENTED_EDGE('',*,*,#3837,.T.);
#3259=ORIENTED_EDGE('',*,*,#3317,.T.);
#3260=ORIENTED_EDGE('',*,*,#3936,.F.);
#3261=ORIENTED_EDGE('',*,*,#3870,.T.);
#3262=ORIENTED_EDGE('',*,*,#3867,.T.);
#3263=ORIENTED_EDGE('',*,*,#3864,.T.);
#3264=ORIENTED_EDGE('',*,*,#3860,.T.);
#3265=ORIENTED_EDGE('',*,*,#3858,.T.);
#3266=ORIENTED_EDGE('',*,*,#3855,.T.);
#3267=ORIENTED_EDGE('',*,*,#3852,.T.);
#3268=ORIENTED_EDGE('',*,*,#3848,.T.);
#3269=CARTESIAN_POINT('',(-2.17533787218538E-31,0.0,12.5));
#3270=DIRECTION('',(6.12303176911189E-17,-0.0,1.0));
#3271=DIRECTION('',(0.0,1.0,0.0));
#3272=SURFACE_STYLE_FILL_AREA(#3960);
#3273=ORIENTED_EDGE('',*,*,#3961,.F.);
#3274=ORIENTED_EDGE('',*,*,#3938,.F.);
#3275=ORIENTED_EDGE('',*,*,#3325,.F.);
#3276=ORIENTED_EDGE('',*,*,#3962,.F.);
#3277=ORIENTED_EDGE('',*,*,#3963,.F.);
#3278=CARTESIAN_POINT('',(26.0430523171858,-30.9093367795925,5.0));
#3279=DIRECTION('',(0.309016994374948,-0.951056516295154,0.0));
#3280=DIRECTION('',(-0.951056516295154,-0.309016994374948,0.0));
#3281=SURFACE_STYLE_FILL_AREA(#3964);
#3282=ORIENTED_EDGE('',*,*,#3965,.T.);
#3283=ORIENTED_EDGE('',*,*,#3309,.T.);
#3284=ORIENTED_EDGE('',*,*,#3958,.T.);
#3285=ORIENTED_EDGE('',*,*,#3956,.F.);
#3286=ORIENTED_EDGE('',*,*,#3952,.F.);
#3287=ORIENTED_EDGE('',*,*,#3950,.T.);
#3288=ORIENTED_EDGE('',*,*,#3948,.F.);
#3289=ORIENTED_EDGE('',*,*,#3945,.F.);
#3290=ORIENTED_EDGE('',*,*,#3942,.T.);
#3291=ORIENTED_EDGE('',*,*,#3939,.T.);
#3292=ORIENTED_EDGE('',*,*,#3961,.T.);
#3293=ORIENTED_EDGE('',*,*,#3963,.T.);
#3294=CARTESIAN_POINT('',(-5.05931891700804E-16,0.0,4.2372322931098));
#3295=DIRECTION('',(-6.12303176911189E-17,0.0,-1.0));
#3296=DIRECTION('',(0.0,1.0,0.0));
#3297=SURFACE_STYLE_FILL_AREA(#3966);
#3298=ORIENTED_EDGE('',*,*,#3306,.T.);
#3299=ORIENTED_EDGE('',*,*,#3965,.F.);
#3300=ORIENTED_EDGE('',*,*,#3962,.T.);
#3301=ORIENTED_EDGE('',*,*,#3324,.F.);
#3302=CARTESIAN_POINT('',(24.236044936225,-31.4964690689049,5.0));
#3303=DIRECTION('',(0.309016994374948,-0.951056516295154,0.0));
#3304=DIRECTION('',(-0.951056516295154,-0.309016994374948,0.0));
#3305=FILL_AREA_STYLE('',(#3967));
#3306=EDGE_CURVE('',#3968,#3969,#3970,.T.);
#3307=EDGE_CURVE('',#3971,#3968,#3972,.T.);
#3308=EDGE_CURVE('',#3973,#3971,#3974,.T.);
#3309=EDGE_CURVE('',#3969,#3973,#3975,.T.);
#3310=FILL_AREA_STYLE('',(#3976));
#3311=EDGE_CURVE('',#3977,#3978,#3979,.T.);
#3312=EDGE_CURVE('',#3978,#3980,#3981,.T.);
#3313=EDGE_CURVE('',#3980,#3982,#3983,.T.);
#3314=EDGE_CURVE('',#3982,#3977,#3984,.T.);
#3315=EDGE_CURVE('',#3985,#3986,#3987,.T.);
#3316=EDGE_CURVE('',#3988,#3985,#3989,.T.);
#3317=EDGE_CURVE('',#3990,#3988,#3991,.T.);
#3318=EDGE_CURVE('',#3990,#3992,#3993,.T.);
#3319=EDGE_CURVE('',#3992,#3994,#3995,.T.);
#3320=EDGE_CURVE('',#3994,#3996,#3997,.T.);
#3321=EDGE_CURVE('',#3998,#3996,#3999,.T.);
#3322=EDGE_CURVE('',#4000,#3998,#4001,.T.);
#3323=EDGE_CURVE('',#4000,#3971,#4002,.T.);
#3324=EDGE_CURVE('',#3968,#4003,#4004,.T.);
#3325=EDGE_CURVE('',#4003,#4005,#4006,.T.);
#3326=EDGE_CURVE('',#4005,#4007,#4008,.T.);
#3327=EDGE_CURVE('',#4007,#4009,#4010,.T.);
#3328=EDGE_CURVE('',#4011,#4009,#4012,.T.);
#3329=EDGE_CURVE('',#4011,#4013,#4014,.T.);
#3330=EDGE_CURVE('',#4013,#4015,#4016,.T.);
#3331=EDGE_CURVE('',#4015,#4017,#4018,.T.);
#3332=EDGE_CURVE('',#4019,#4017,#4020,.T.);
#3333=EDGE_CURVE('',#4021,#4019,#4022,.T.);
#3334=EDGE_CURVE('',#4021,#4023,#4024,.T.);
#3335=EDGE_CURVE('',#4023,#4025,#4026,.T.);
#3336=EDGE_CURVE('',#4025,#3986,#4027,.T.);
#3337=EDGE_CURVE('',#4028,#4029,#4030,.T.);
#3338=EDGE_CURVE('',#4029,#4031,#4032,.T.);
#3339=EDGE_CURVE('',#4031,#4033,#4034,.T.);
#3340=EDGE_CURVE('',#4033,#4028,#4035,.T.);
#3341=EDGE_CURVE('',#4036,#4037,#4038,.T.);
#3342=EDGE_CURVE('',#4037,#4039,#4040,.T.);
#3343=EDGE_CURVE('',#4039,#4041,#4042,.T.);
#3344=EDGE_CURVE('',#4041,#4036,#4043,.T.);
#3345=FILL_AREA_STYLE('',(#4044));
#3346=EDGE_CURVE('',#4045,#4046,#4047,.T.);
#3347=EDGE_CURVE('',#4045,#4048,#4049,.T.);
#3348=EDGE_CURVE('',#4048,#4050,#4051,.T.);
#3349=EDGE_CURVE('',#4052,#4050,#4053,.T.);
#3350=EDGE_CURVE('',#4054,#4052,#4055,.T.);
#3351=EDGE_CURVE('',#4046,#4054,#4056,.T.);
#3352=FILL_AREA_STYLE('',(#4057));
#3353=EDGE_CURVE('',#4058,#4059,#4060,.T.);
#3354=EDGE_CURVE('',#4058,#4061,#4062,.T.);
#3355=EDGE_CURVE('',#4063,#4061,#4064,.T.);
#3356=EDGE_CURVE('',#4059,#4063,#4065,.T.);
#3357=FILL_AREA_STYLE('',(#4066));
#3358=EDGE_CURVE('',#4067,#4068,#4069,.T.);
#3359=EDGE_CURVE('',#4067,#4070,#4071,.T.);
#3360=EDGE_CURVE('',#4072,#4070,#4073,.T.);
#3361=EDGE_CURVE('',#4068,#4072,#4074,.T.);
#3362=FILL_AREA_STYLE('',(#4075));
#3363=EDGE_CURVE('',#4076,#4077,#4078,.T.);
#3364=EDGE_CURVE('',#4076,#4079,#4080,.T.);
#3365=EDGE_CURVE('',#4081,#4079,#4082,.T.);
#3366=EDGE_CURVE('',#4077,#4081,#4083,.T.);
#3367=FILL_AREA_STYLE('',(#4084));
#3368=EDGE_CURVE('',#4085,#4086,#4087,.T.);
#3369=EDGE_CURVE('',#4085,#4088,#4089,.T.);
#3370=EDGE_CURVE('',#4090,#4088,#4091,.T.);
#3371=EDGE_CURVE('',#4086,#4090,#4092,.T.);
#3372=FILL_AREA_STYLE('',(#4093));
#3373=EDGE_CURVE('',#4094,#4095,#4096,.T.);
#3374=EDGE_CURVE('',#4094,#4097,#4098,.T.);
#3375=EDGE_CURVE('',#4099,#4097,#4100,.T.);
#3376=EDGE_CURVE('',#4099,#4095,#4101,.T.);
#3377=FILL_AREA_STYLE('',(#4102));
#3378=EDGE_CURVE('',#4103,#4104,#4105,.T.);
#3379=EDGE_CURVE('',#4103,#4106,#4107,.T.);
#3380=EDGE_CURVE('',#4106,#4108,#4109,.T.);
#3381=EDGE_CURVE('',#4108,#4104,#4110,.T.);
#3382=FILL_AREA_STYLE('',(#4111));
#3383=EDGE_CURVE('',#4112,#4113,#4114,.T.);
#3384=EDGE_CURVE('',#4112,#4115,#4116,.T.);
#3385=EDGE_CURVE('',#4117,#4115,#4118,.T.);
#3386=EDGE_CURVE('',#4117,#4113,#4119,.T.);
#3387=FILL_AREA_STYLE('',(#4120));
#3388=EDGE_CURVE('',#4121,#4122,#4123,.T.);
#3389=EDGE_CURVE('',#4121,#4124,#4125,.T.);
#3390=EDGE_CURVE('',#4124,#4126,#4127,.T.);
#3391=EDGE_CURVE('',#4126,#4122,#4128,.T.);
#3392=FILL_AREA_STYLE('',(#4129));
#3393=EDGE_CURVE('',#4130,#4131,#4132,.T.);
#3394=EDGE_CURVE('',#4130,#4133,#4134,.T.);
#3395=EDGE_CURVE('',#4135,#4133,#4136,.T.);
#3396=EDGE_CURVE('',#4135,#4131,#4137,.T.);
#3397=FILL_AREA_STYLE('',(#4138));
#3398=EDGE_CURVE('',#4139,#4140,#4141,.T.);
#3399=EDGE_CURVE('',#4139,#4142,#4143,.T.);
#3400=EDGE_CURVE('',#4142,#4144,#4145,.T.);
#3401=EDGE_CURVE('',#4144,#4140,#4146,.T.);
#3402=FILL_AREA_STYLE('',(#4147));
#3403=EDGE_CURVE('',#4148,#4149,#4150,.T.);
#3404=EDGE_CURVE('',#4148,#4151,#4152,.T.);
#3405=EDGE_CURVE('',#4153,#4151,#4154,.T.);
#3406=EDGE_CURVE('',#4153,#4149,#4155,.T.);
#3407=FILL_AREA_STYLE('',(#4156));
#3408=EDGE_CURVE('',#4157,#4158,#4159,.T.);
#3409=EDGE_CURVE('',#4157,#4160,#4161,.T.);
#3410=EDGE_CURVE('',#4160,#4162,#4163,.T.);
#3411=EDGE_CURVE('',#4162,#4158,#4164,.T.);
#3412=FILL_AREA_STYLE('',(#4165));
#3413=EDGE_CURVE('',#4166,#4167,#4168,.T.);
#3414=EDGE_CURVE('',#4166,#4169,#4170,.T.);
#3415=EDGE_CURVE('',#4171,#4169,#4172,.T.);
#3416=EDGE_CURVE('',#4171,#4167,#4173,.T.);
#3417=FILL_AREA_STYLE('',(#4174));
#3418=EDGE_CURVE('',#4175,#4176,#4177,.T.);
#3419=EDGE_CURVE('',#4175,#4178,#4179,.T.);
#3420=EDGE_CURVE('',#4178,#4180,#4181,.T.);
#3421=EDGE_CURVE('',#4180,#4176,#4182,.T.);
#3422=FILL_AREA_STYLE('',(#4183));
#3423=EDGE_CURVE('',#4184,#4185,#4186,.T.);
#3424=EDGE_CURVE('',#4184,#4187,#4188,.T.);
#3425=EDGE_CURVE('',#4189,#4187,#4190,.T.);
#3426=EDGE_CURVE('',#4189,#4185,#4191,.T.);
#3427=FILL_AREA_STYLE('',(#4192));
#3428=EDGE_CURVE('',#4193,#4194,#4195,.T.);
#3429=EDGE_CURVE('',#4193,#4196,#4197,.T.);
#3430=EDGE_CURVE('',#4196,#4198,#4199,.T.);
#3431=EDGE_CURVE('',#4198,#4194,#4200,.T.);
#3432=FILL_AREA_STYLE('',(#4201));
#3433=EDGE_CURVE('',#4202,#4203,#4204,.T.);
#3434=EDGE_CURVE('',#4202,#4205,#4206,.T.);
#3435=EDGE_CURVE('',#4207,#4205,#4208,.T.);
#3436=EDGE_CURVE('',#4207,#4203,#4209,.T.);
#3437=FILL_AREA_STYLE('',(#4210));
#3438=EDGE_CURVE('',#4211,#4212,#4213,.T.);
#3439=EDGE_CURVE('',#4211,#4214,#4215,.T.);
#3440=EDGE_CURVE('',#4214,#4216,#4217,.T.);
#3441=EDGE_CURVE('',#4216,#4212,#4218,.T.);
#3442=FILL_AREA_STYLE('',(#4219));
#3443=EDGE_CURVE('',#4220,#4221,#4222,.T.);
#3444=EDGE_CURVE('',#4220,#4223,#4224,.T.);
#3445=EDGE_CURVE('',#4225,#4223,#4226,.T.);
#3446=EDGE_CURVE('',#4227,#4225,#4228,.T.);
#3447=EDGE_CURVE('',#4229,#4227,#4230,.T.);
#3448=EDGE_CURVE('',#4231,#4229,#4232,.T.);
#3449=EDGE_CURVE('',#4221,#4231,#4233,.T.);
#3450=FILL_AREA_STYLE('',(#4234));
#3451=EDGE_CURVE('',#4235,#4236,#4237,.T.);
#3452=EDGE_CURVE('',#4238,#4235,#4239,.T.);
#3453=EDGE_CURVE('',#4238,#4236,#4240,.T.);
#3454=FILL_AREA_STYLE('',(#4241));
#3455=EDGE_CURVE('',#4242,#4243,#4244,.T.);
#3456=EDGE_CURVE('',#4243,#4245,#4246,.T.);
#3457=EDGE_CURVE('',#4245,#4242,#4247,.T.);
#3458=FILL_AREA_STYLE('',(#4248));
#3459=EDGE_CURVE('',#4249,#4250,#4251,.T.);
#3460=EDGE_CURVE('',#4225,#4249,#4252,.T.);
#3461=EDGE_CURVE('',#4223,#4243,#4253,.T.);
#3462=EDGE_CURVE('',#4242,#4250,#4254,.T.);
#3463=FILL_AREA_STYLE('',(#4255));
#3464=EDGE_CURVE('',#4256,#4257,#4258,.T.);
#3465=EDGE_CURVE('',#4259,#4256,#4260,.T.);
#3466=EDGE_CURVE('',#4261,#4259,#4262,.T.);
#3467=EDGE_CURVE('',#4261,#4257,#4263,.T.);
#3468=FILL_AREA_STYLE('',(#4264));
#3469=EDGE_CURVE('',#4265,#4266,#4267,.T.);
#3470=EDGE_CURVE('',#4268,#4265,#4269,.T.);
#3471=EDGE_CURVE('',#4270,#4268,#4271,.T.);
#3472=EDGE_CURVE('',#4270,#4266,#4272,.T.);
#3473=FILL_AREA_STYLE('',(#4273));
#3474=EDGE_CURVE('',#4274,#4275,#4276,.T.);
#3475=EDGE_CURVE('',#4277,#4274,#4278,.T.);
#3476=EDGE_CURVE('',#4279,#4277,#4280,.T.);
#3477=EDGE_CURVE('',#4279,#4275,#4281,.T.);
#3478=FILL_AREA_STYLE('',(#4282));
#3479=EDGE_CURVE('',#4283,#4284,#4285,.T.);
#3480=EDGE_CURVE('',#4286,#4283,#4287,.T.);
#3481=EDGE_CURVE('',#4288,#4286,#4289,.T.);
#3482=EDGE_CURVE('',#4288,#4284,#4290,.T.);
#3483=FILL_AREA_STYLE('',(#4291));
#3484=EDGE_CURVE('',#4292,#4220,#4293,.T.);
#3485=EDGE_CURVE('',#4236,#4292,#4294,.T.);
#3486=EDGE_CURVE('',#4245,#4238,#4295,.T.);
#3487=FILL_AREA_STYLE('',(#4296));
#3488=EDGE_CURVE('',#4235,#4297,#4298,.T.);
#3489=EDGE_CURVE('',#4299,#4297,#4300,.T.);
#3490=EDGE_CURVE('',#4250,#4299,#4301,.T.);
#3491=FILL_AREA_STYLE('',(#4302));
#3492=EDGE_CURVE('',#4284,#4288,#4303,.T.);
#3493=EDGE_CURVE('',#4283,#4286,#4304,.T.);
#3494=FILL_AREA_STYLE('',(#4305));
#3495=EDGE_CURVE('',#4275,#4279,#4306,.T.);
#3496=EDGE_CURVE('',#4274,#4277,#4307,.T.);
#3497=FILL_AREA_STYLE('',(#4308));
#3498=EDGE_CURVE('',#4266,#4270,#4309,.T.);
#3499=EDGE_CURVE('',#4265,#4268,#4310,.T.);
#3500=FILL_AREA_STYLE('',(#4311));
#3501=EDGE_CURVE('',#4257,#4261,#4312,.T.);
#3502=EDGE_CURVE('',#4256,#4259,#4313,.T.);
#3503=FILL_AREA_STYLE('',(#4314));
#3504=EDGE_CURVE('',#4315,#4316,#4317,.T.);
#3505=EDGE_CURVE('',#4318,#4315,#4319,.T.);
#3506=EDGE_CURVE('',#4318,#4320,#4321,.T.);
#3507=EDGE_CURVE('',#4320,#4316,#4322,.T.);
#3508=FILL_AREA_STYLE('',(#4323));
#3509=EDGE_CURVE('',#4324,#4325,#4326,.T.);
#3510=EDGE_CURVE('',#4327,#4324,#4328,.T.);
#3511=EDGE_CURVE('',#4327,#4329,#4330,.T.);
#3512=EDGE_CURVE('',#4329,#4325,#4331,.T.);
#3513=FILL_AREA_STYLE('',(#4332));
#3514=EDGE_CURVE('',#4333,#4334,#4335,.T.);
#3515=EDGE_CURVE('',#4336,#4333,#4337,.T.);
#3516=EDGE_CURVE('',#4336,#4338,#4339,.T.);
#3517=EDGE_CURVE('',#4338,#4334,#4340,.T.);
#3518=FILL_AREA_STYLE('',(#4341));
#3519=EDGE_CURVE('',#4342,#4221,#4343,.T.);
#3520=EDGE_CURVE('',#4231,#4344,#4345,.T.);
#3521=EDGE_CURVE('',#4344,#4346,#4347,.T.);
#3522=EDGE_CURVE('',#4348,#4346,#4349,.T.);
#3523=EDGE_CURVE('',#4342,#4348,#4350,.T.);
#3524=FILL_AREA_STYLE('',(#4351));
#3525=EDGE_CURVE('',#4352,#4353,#4354,.T.);
#3526=EDGE_CURVE('',#4336,#4352,#4355,.T.);
#3527=EDGE_CURVE('',#4353,#4333,#4356,.T.);
#3528=FILL_AREA_STYLE('',(#4357));
#3529=EDGE_CURVE('',#4358,#4359,#4360,.T.);
#3530=EDGE_CURVE('',#4325,#4358,#4361,.T.);
#3531=EDGE_CURVE('',#4359,#4329,#4362,.T.);
#3532=FILL_AREA_STYLE('',(#4363));
#3533=EDGE_CURVE('',#4364,#4227,#4365,.T.);
#3534=EDGE_CURVE('',#4229,#4364,#4366,.T.);
#3535=FILL_AREA_STYLE('',(#4367));
#3536=EDGE_CURVE('',#4229,#4368,#4369,.T.);
#3537=EDGE_CURVE('',#4368,#4364,#4370,.T.);
#3538=FILL_AREA_STYLE('',(#4371));
#3539=EDGE_CURVE('',#4372,#4373,#4374,.T.);
#3540=EDGE_CURVE('',#4334,#4372,#4375,.T.);
#3541=EDGE_CURVE('',#4373,#4338,#4376,.T.);
#3542=FILL_AREA_STYLE('',(#4377));
#3543=EDGE_CURVE('',#4378,#4372,#4379,.T.);
#3544=EDGE_CURVE('',#4380,#4378,#4381,.T.);
#3545=EDGE_CURVE('',#4353,#4380,#4382,.T.);
#3546=FILL_AREA_STYLE('',(#4383));
#3547=EDGE_CURVE('',#4378,#4384,#4385,.T.);
#3548=EDGE_CURVE('',#4384,#4386,#4387,.T.);
#3549=EDGE_CURVE('',#4380,#4386,#4388,.T.);
#3550=FILL_AREA_STYLE('',(#4389));
#3551=EDGE_CURVE('',#4390,#4342,#4391,.T.);
#3552=EDGE_CURVE('',#4392,#4348,#4393,.T.);
#3553=EDGE_CURVE('',#4390,#4392,#4394,.T.);
#3554=FILL_AREA_STYLE('',(#4395));
#3555=EDGE_CURVE('',#4297,#4396,#4397,.T.);
#3556=EDGE_CURVE('',#4249,#4396,#4398,.T.);
#3557=FILL_AREA_STYLE('',(#4399));
#3558=EDGE_CURVE('',#4396,#4390,#4400,.T.);
#3559=FILL_AREA_STYLE('',(#4401));
#3560=EDGE_CURVE('',#4402,#4403,#4404,.T.);
#3561=EDGE_CURVE('',#4403,#4405,#4406,.T.);
#3562=EDGE_CURVE('',#4405,#4407,#4408,.T.);
#3563=EDGE_CURVE('',#4402,#4407,#4409,.T.);
#3564=FILL_AREA_STYLE('',(#4410));
#3565=EDGE_CURVE('',#4411,#4412,#4413,.T.);
#3566=EDGE_CURVE('',#4318,#4411,#4414,.T.);
#3567=EDGE_CURVE('',#4412,#4315,#4415,.T.);
#3568=FILL_AREA_STYLE('',(#4416));
#3569=EDGE_CURVE('',#4417,#4418,#4419,.T.);
#3570=EDGE_CURVE('',#4346,#4417,#4420,.T.);
#3571=EDGE_CURVE('',#4418,#4344,#4421,.T.);
#3572=FILL_AREA_STYLE('',(#4422));
#3573=EDGE_CURVE('',#4403,#4417,#4423,.T.);
#3574=EDGE_CURVE('',#4392,#4402,#4424,.T.);
#3575=FILL_AREA_STYLE('',(#4425));
#3576=EDGE_CURVE('',#4426,#4427,#4428,.T.);
#3577=EDGE_CURVE('',#4327,#4426,#4429,.T.);
#3578=EDGE_CURVE('',#4427,#4324,#4430,.T.);
#3579=FILL_AREA_STYLE('',(#4431));
#3580=EDGE_CURVE('',#4432,#4433,#4434,.T.);
#3581=EDGE_CURVE('',#4316,#4432,#4435,.T.);
#3582=EDGE_CURVE('',#4433,#4320,#4436,.T.);
#3583=FILL_AREA_STYLE('',(#4437));
#3584=EDGE_CURVE('',#4412,#4438,#4439,.T.);
#3585=EDGE_CURVE('',#4440,#4432,#4441,.T.);
#3586=EDGE_CURVE('',#4438,#4440,#4442,.T.);
#3587=FILL_AREA_STYLE('',(#4443));
#3588=EDGE_CURVE('',#4440,#4444,#4445,.T.);
#3589=EDGE_CURVE('',#4444,#4446,#4447,.T.);
#3590=EDGE_CURVE('',#4438,#4446,#4448,.T.);
#3591=FILL_AREA_STYLE('',(#4449));
#3592=EDGE_CURVE('',#4450,#4451,#4452,.T.);
#3593=EDGE_CURVE('',#4451,#4453,#4454,.T.);
#3594=EDGE_CURVE('',#4453,#4455,#4456,.T.);
#3595=EDGE_CURVE('',#4455,#4457,#4458,.T.);
#3596=EDGE_CURVE('',#4457,#4459,#4460,.T.);
#3597=EDGE_CURVE('',#4459,#4461,#4462,.T.);
#3598=EDGE_CURVE('',#4461,#4463,#4464,.T.);
#3599=EDGE_CURVE('',#4463,#4450,#4465,.T.);
#3600=EDGE_CURVE('',#4466,#4444,#4467,.T.);
#3601=EDGE_CURVE('',#4468,#4466,#4469,.T.);
#3602=EDGE_CURVE('',#4386,#4468,#4470,.T.);
#3603=EDGE_CURVE('',#4407,#4384,#4471,.T.);
#3604=EDGE_CURVE('',#4446,#4405,#4472,.T.);
#3605=FILL_AREA_STYLE('',(#4473));
#3606=EDGE_CURVE('',#4474,#4475,#4476,.T.);
#3607=EDGE_CURVE('',#4475,#4468,#4477,.T.);
#3608=EDGE_CURVE('',#4474,#4466,#4478,.T.);
#3609=FILL_AREA_STYLE('',(#4479));
#3610=EDGE_CURVE('',#4475,#4358,#4480,.T.);
#3611=EDGE_CURVE('',#4427,#4474,#4481,.T.);
#3612=FILL_AREA_STYLE('',(#4482));
#3613=EDGE_CURVE('',#4088,#4085,#4483,.T.);
#3614=EDGE_CURVE('',#4484,#4411,#4485,.T.);
#3615=EDGE_CURVE('',#4486,#4484,#4487,.T.);
#3616=EDGE_CURVE('',#4433,#4486,#4488,.T.);
#3617=FILL_AREA_STYLE('',(#4489));
#3618=EDGE_CURVE('',#4079,#4076,#4490,.T.);
#3619=EDGE_CURVE('',#4359,#4491,#4492,.T.);
#3620=EDGE_CURVE('',#4493,#4426,#4494,.T.);
#3621=EDGE_CURVE('',#4491,#4493,#4495,.T.);
#3622=FILL_AREA_STYLE('',(#4496));
#3623=EDGE_CURVE('',#4070,#4067,#4497,.T.);
#3624=EDGE_CURVE('',#4373,#4498,#4499,.T.);
#3625=EDGE_CURVE('',#4500,#4352,#4501,.T.);
#3626=EDGE_CURVE('',#4498,#4500,#4502,.T.);
#3627=FILL_AREA_STYLE('',(#4503));
#3628=EDGE_CURVE('',#4504,#4368,#4505,.T.);
#3629=EDGE_CURVE('',#4506,#4504,#4507,.T.);
#3630=EDGE_CURVE('',#4418,#4506,#4508,.T.);
#3631=EDGE_CURVE('',#4061,#4058,#4509,.T.);
#3632=FILL_AREA_STYLE('',(#4510));
#3633=EDGE_CURVE('',#4511,#4451,#4512,.T.);
#3634=EDGE_CURVE('',#4513,#4511,#4514,.T.);
#3635=EDGE_CURVE('',#4453,#4513,#4515,.T.);
#3636=FILL_AREA_STYLE('',(#4516));
#3637=EDGE_CURVE('',#4517,#4455,#4518,.T.);
#3638=EDGE_CURVE('',#4519,#4517,#4520,.T.);
#3639=EDGE_CURVE('',#4457,#4519,#4521,.T.);
#3640=FILL_AREA_STYLE('',(#4522));
#3641=EDGE_CURVE('',#4513,#4050,#4523,.T.);
#3642=EDGE_CURVE('',#4050,#4517,#4524,.T.);
#3643=FILL_AREA_STYLE('',(#4525));
#3644=EDGE_CURVE('',#4526,#4459,#4527,.T.);
#3645=EDGE_CURVE('',#4528,#4526,#4529,.T.);
#3646=EDGE_CURVE('',#4461,#4528,#4530,.T.);
#3647=FILL_AREA_STYLE('',(#4531));
#3648=EDGE_CURVE('',#4519,#4048,#4532,.T.);
#3649=EDGE_CURVE('',#4048,#4526,#4533,.T.);
#3650=FILL_AREA_STYLE('',(#4534));
#3651=EDGE_CURVE('',#4528,#4045,#4535,.T.);
#3652=EDGE_CURVE('',#4045,#4536,#4537,.T.);
#3653=EDGE_CURVE('',#4536,#4463,#4538,.T.);
#3654=FILL_AREA_STYLE('',(#4539));
#3655=EDGE_CURVE('',#4540,#4536,#4541,.T.);
#3656=EDGE_CURVE('',#4450,#4540,#4542,.T.);
#3657=FILL_AREA_STYLE('',(#4543));
#3658=EDGE_CURVE('',#4540,#4544,#4545,.T.);
#3659=EDGE_CURVE('',#4544,#4511,#4546,.T.);
#3660=FILL_AREA_STYLE('',(#4547));
#3661=EDGE_CURVE('',#4212,#4548,#4549,.T.);
#3662=EDGE_CURVE('',#4550,#4548,#4551,.T.);
#3663=EDGE_CURVE('',#4550,#4211,#4552,.T.);
#3664=FILL_AREA_STYLE('',(#4553));
#3665=EDGE_CURVE('',#4205,#4216,#4554,.T.);
#3666=EDGE_CURVE('',#4214,#4207,#4555,.T.);
#3667=FILL_AREA_STYLE('',(#4556));
#3668=EDGE_CURVE('',#4203,#4557,#4558,.T.);
#3669=EDGE_CURVE('',#4557,#4559,#4560,.T.);
#3670=EDGE_CURVE('',#4559,#4202,#4561,.T.);
#3671=FILL_AREA_STYLE('',(#4562));
#3672=EDGE_CURVE('',#4194,#4563,#4564,.T.);
#3673=EDGE_CURVE('',#4565,#4563,#4566,.T.);
#3674=EDGE_CURVE('',#4565,#4193,#4567,.T.);
#3675=FILL_AREA_STYLE('',(#4568));
#3676=EDGE_CURVE('',#4187,#4198,#4569,.T.);
#3677=EDGE_CURVE('',#4196,#4189,#4570,.T.);
#3678=FILL_AREA_STYLE('',(#4571));
#3679=EDGE_CURVE('',#4185,#4572,#4573,.T.);
#3680=EDGE_CURVE('',#4572,#4574,#4575,.T.);
#3681=EDGE_CURVE('',#4574,#4184,#4576,.T.);
#3682=FILL_AREA_STYLE('',(#4577));
#3683=EDGE_CURVE('',#4176,#4578,#4579,.T.);
#3684=EDGE_CURVE('',#4580,#4578,#4581,.T.);
#3685=EDGE_CURVE('',#4580,#4175,#4582,.T.);
#3686=FILL_AREA_STYLE('',(#4583));
#3687=EDGE_CURVE('',#4169,#4180,#4584,.T.);
#3688=EDGE_CURVE('',#4178,#4171,#4585,.T.);
#3689=FILL_AREA_STYLE('',(#4586));
#3690=EDGE_CURVE('',#4167,#4587,#4588,.T.);
#3691=EDGE_CURVE('',#4587,#4589,#4590,.T.);
#3692=EDGE_CURVE('',#4589,#4166,#4591,.T.);
#3693=FILL_AREA_STYLE('',(#4592));
#3694=EDGE_CURVE('',#4158,#4593,#4594,.T.);
#3695=EDGE_CURVE('',#4595,#4593,#4596,.T.);
#3696=EDGE_CURVE('',#4595,#4157,#4597,.T.);
#3697=FILL_AREA_STYLE('',(#4598));
#3698=EDGE_CURVE('',#4151,#4162,#4599,.T.);
#3699=EDGE_CURVE('',#4160,#4153,#4600,.T.);
#3700=FILL_AREA_STYLE('',(#4601));
#3701=EDGE_CURVE('',#4149,#4602,#4603,.T.);
#3702=EDGE_CURVE('',#4602,#4604,#4605,.T.);
#3703=EDGE_CURVE('',#4604,#4148,#4606,.T.);
#3704=FILL_AREA_STYLE('',(#4607));
#3705=EDGE_CURVE('',#4140,#4608,#4609,.T.);
#3706=EDGE_CURVE('',#4610,#4608,#4611,.T.);
#3707=EDGE_CURVE('',#4610,#4139,#4612,.T.);
#3708=FILL_AREA_STYLE('',(#4613));
#3709=EDGE_CURVE('',#4133,#4144,#4614,.T.);
#3710=EDGE_CURVE('',#4142,#4135,#4615,.T.);
#3711=FILL_AREA_STYLE('',(#4616));
#3712=EDGE_CURVE('',#4131,#4617,#4618,.T.);
#3713=EDGE_CURVE('',#4617,#4619,#4620,.T.);
#3714=EDGE_CURVE('',#4619,#4130,#4621,.T.);
#3715=FILL_AREA_STYLE('',(#4622));
#3716=EDGE_CURVE('',#4122,#4623,#4624,.T.);
#3717=EDGE_CURVE('',#4625,#4623,#4626,.T.);
#3718=EDGE_CURVE('',#4625,#4121,#4627,.T.);
#3719=FILL_AREA_STYLE('',(#4628));
#3720=EDGE_CURVE('',#4115,#4126,#4629,.T.);
#3721=EDGE_CURVE('',#4124,#4117,#4630,.T.);
#3722=FILL_AREA_STYLE('',(#4631));
#3723=EDGE_CURVE('',#4113,#4632,#4633,.T.);
#3724=EDGE_CURVE('',#4632,#4634,#4635,.T.);
#3725=EDGE_CURVE('',#4634,#4112,#4636,.T.);
#3726=FILL_AREA_STYLE('',(#4637));
#3727=EDGE_CURVE('',#4104,#4638,#4639,.T.);
#3728=EDGE_CURVE('',#4640,#4638,#4641,.T.);
#3729=EDGE_CURVE('',#4640,#4103,#4642,.T.);
#3730=FILL_AREA_STYLE('',(#4643));
#3731=EDGE_CURVE('',#4097,#4108,#4644,.T.);
#3732=EDGE_CURVE('',#4106,#4099,#4645,.T.);
#3733=FILL_AREA_STYLE('',(#4646));
#3734=EDGE_CURVE('',#4095,#4647,#4648,.T.);
#3735=EDGE_CURVE('',#4647,#4649,#4650,.T.);
#3736=EDGE_CURVE('',#4649,#4094,#4651,.T.);
#3737=FILL_AREA_STYLE('',(#4652));
#3738=EDGE_CURVE('',#4653,#4493,#4654,.T.);
#3739=EDGE_CURVE('',#4653,#4655,#4656,.T.);
#3740=EDGE_CURVE('',#4655,#4491,#4657,.T.);
#3741=FILL_AREA_STYLE('',(#4658));
#3742=EDGE_CURVE('',#4655,#4659,#4660,.T.);
#3743=EDGE_CURVE('',#4659,#4500,#4661,.T.);
#3744=FILL_AREA_STYLE('',(#4662));
#3745=EDGE_CURVE('',#4659,#4663,#4664,.T.);
#3746=EDGE_CURVE('',#4663,#4498,#4665,.T.);
#3747=FILL_AREA_STYLE('',(#4666));
#3748=EDGE_CURVE('',#4663,#4667,#4668,.T.);
#3749=EDGE_CURVE('',#4667,#4504,#4669,.T.);
#3750=FILL_AREA_STYLE('',(#4670));
#3751=EDGE_CURVE('',#4667,#4671,#4672,.T.);
#3752=EDGE_CURVE('',#4671,#4506,#4673,.T.);
#3753=FILL_AREA_STYLE('',(#4674));
#3754=EDGE_CURVE('',#4671,#4675,#4676,.T.);
#3755=EDGE_CURVE('',#4675,#4484,#4677,.T.);
#3756=FILL_AREA_STYLE('',(#4678));
#3757=EDGE_CURVE('',#4675,#4679,#4680,.T.);
#3758=EDGE_CURVE('',#4679,#4486,#4681,.T.);
#3759=FILL_AREA_STYLE('',(#4682));
#3760=EDGE_CURVE('',#4679,#4653,#4683,.T.);
#3761=FILL_AREA_STYLE('',(#4684));
#3762=EDGE_CURVE('',#4090,#4086,#4685,.T.);
#3763=FILL_AREA_STYLE('',(#4686));
#3764=EDGE_CURVE('',#4081,#4077,#4687,.T.);
#3765=FILL_AREA_STYLE('',(#4688));
#3766=EDGE_CURVE('',#4072,#4068,#4689,.T.);
#3767=FILL_AREA_STYLE('',(#4690));
#3768=EDGE_CURVE('',#4063,#4059,#4691,.T.);
#3769=FILL_AREA_STYLE('',(#4692));
#3770=EDGE_CURVE('',#4693,#4694,#4695,.T.);
#3771=EDGE_CURVE('',#4693,#4696,#4697,.T.);
#3772=EDGE_CURVE('',#4696,#4054,#4698,.T.);
#3773=EDGE_CURVE('',#4054,#4699,#4700,.T.);
#3774=EDGE_CURVE('',#4699,#4694,#4701,.T.);
#3775=FILL_AREA_STYLE('',(#4702));
#3776=EDGE_CURVE('',#4703,#4704,#4705,.T.);
#3777=EDGE_CURVE('',#4704,#4696,#4706,.T.);
#3778=EDGE_CURVE('',#4703,#4693,#4707,.T.);
#3779=FILL_AREA_STYLE('',(#4708));
#3780=EDGE_CURVE('',#4709,#4710,#4711,.T.);
#3781=EDGE_CURVE('',#4694,#4710,#4712,.T.);
#3782=EDGE_CURVE('',#4699,#4709,#4713,.T.);
#3783=FILL_AREA_STYLE('',(#4714));
#3784=EDGE_CURVE('',#4715,#4716,#4717,.T.);
#3785=EDGE_CURVE('',#4718,#4716,#4719,.T.);
#3786=EDGE_CURVE('',#4720,#4718,#4721,.T.);
#3787=EDGE_CURVE('',#4720,#4715,#4722,.T.);
#3788=FILL_AREA_STYLE('',(#4723));
#3789=EDGE_CURVE('',#4724,#4718,#4725,.T.);
#3790=EDGE_CURVE('',#4724,#4726,#4727,.T.);
#3791=EDGE_CURVE('',#4726,#4046,#4728,.T.);
#3792=EDGE_CURVE('',#4046,#4720,#4729,.T.);
#3793=FILL_AREA_STYLE('',(#4730));
#3794=EDGE_CURVE('',#4731,#4732,#4733,.T.);
#3795=EDGE_CURVE('',#4732,#4726,#4734,.T.);
#3796=EDGE_CURVE('',#4731,#4724,#4735,.T.);
#3797=FILL_AREA_STYLE('',(#4736));
#3798=EDGE_CURVE('',#4737,#4738,#4739,.T.);
#3799=EDGE_CURVE('',#4740,#4738,#4741,.T.);
#3800=EDGE_CURVE('',#4742,#4740,#4743,.T.);
#3801=EDGE_CURVE('',#4742,#4737,#4744,.T.);
#3802=FILL_AREA_STYLE('',(#4745));
#3803=EDGE_CURVE('',#4732,#4746,#4747,.T.);
#3804=EDGE_CURVE('',#4746,#4748,#4749,.T.);
#3805=EDGE_CURVE('',#4748,#4737,#4750,.T.);
#3806=EDGE_CURVE('',#4751,#4742,#4752,.T.);
#3807=EDGE_CURVE('',#4751,#4046,#4753,.T.);
#3808=FILL_AREA_STYLE('',(#4754));
#3809=EDGE_CURVE('',#4704,#4755,#4756,.T.);
#3810=EDGE_CURVE('',#4755,#4757,#4758,.T.);
#3811=EDGE_CURVE('',#4757,#4715,#4759,.T.);
#3812=FILL_AREA_STYLE('',(#4760));
#3813=EDGE_CURVE('',#4050,#4544,#4761,.T.);
#3814=FILL_AREA_STYLE('',(#4762));
#3815=FILL_AREA_STYLE('',(#4763));
#3816=FILL_AREA_STYLE('',(#4764));
#3817=EDGE_CURVE('',#4544,#4045,#4765,.T.);
#3818=FILL_AREA_STYLE('',(#4766));
#3819=EDGE_CURVE('',#4767,#4768,#4769,.T.);
#3820=EDGE_CURVE('',#4768,#4770,#4771,.T.);
#3821=EDGE_CURVE('',#4770,#4709,#4772,.T.);
#3822=EDGE_CURVE('',#4773,#4052,#4774,.T.);
#3823=EDGE_CURVE('',#4767,#4773,#4775,.T.);
#3824=FILL_AREA_STYLE('',(#4776));
#3825=EDGE_CURVE('',#4777,#4767,#4778,.T.);
#3826=EDGE_CURVE('',#4779,#4773,#4780,.T.);
#3827=EDGE_CURVE('',#4777,#4779,#4781,.T.);
#3828=FILL_AREA_STYLE('',(#4782));
#3829=EDGE_CURVE('',#4548,#3982,#4783,.T.);
#3830=EDGE_CURVE('',#3977,#4559,#4784,.T.);
#3831=FILL_AREA_STYLE('',(#4785));
#3832=EDGE_CURVE('',#3980,#4550,#4786,.T.);
#3833=FILL_AREA_STYLE('',(#4787));
#3834=EDGE_CURVE('',#3978,#4557,#4788,.T.);
#3835=FILL_AREA_STYLE('',(#4789));
#3836=FILL_AREA_STYLE('',(#4790));
#3837=EDGE_CURVE('',#4791,#3990,#4792,.T.);
#3838=EDGE_CURVE('',#4563,#4791,#4793,.T.);
#3839=EDGE_CURVE('',#3992,#4574,#4794,.T.);
#3840=FILL_AREA_STYLE('',(#4795));
#3841=EDGE_CURVE('',#4796,#4791,#4797,.T.);
#3842=EDGE_CURVE('',#4796,#4565,#4798,.T.);
#3843=FILL_AREA_STYLE('',(#4799));
#3844=EDGE_CURVE('',#3994,#4572,#4800,.T.);
#3845=EDGE_CURVE('',#3996,#4796,#4801,.T.);
#3846=FILL_AREA_STYLE('',(#4802));
#3847=FILL_AREA_STYLE('',(#4803));
#3848=EDGE_CURVE('',#4804,#4805,#4806,.T.);
#3849=EDGE_CURVE('',#4578,#4804,#4807,.T.);
#3850=EDGE_CURVE('',#4805,#4589,#4808,.T.);
#3851=FILL_AREA_STYLE('',(#4809));
#3852=EDGE_CURVE('',#4810,#4804,#4811,.T.);
#3853=EDGE_CURVE('',#4810,#4580,#4812,.T.);
#3854=FILL_AREA_STYLE('',(#4813));
#3855=EDGE_CURVE('',#4814,#4810,#4815,.T.);
#3856=EDGE_CURVE('',#4814,#4587,#4816,.T.);
#3857=FILL_AREA_STYLE('',(#4817));
#3858=EDGE_CURVE('',#4805,#4814,#4818,.T.);
#3859=FILL_AREA_STYLE('',(#4819));
#3860=EDGE_CURVE('',#4820,#4821,#4822,.T.);
#3861=EDGE_CURVE('',#4593,#4820,#4823,.T.);
#3862=EDGE_CURVE('',#4821,#4604,#4824,.T.);
#3863=FILL_AREA_STYLE('',(#4825));
#3864=EDGE_CURVE('',#4826,#4820,#4827,.T.);
#3865=EDGE_CURVE('',#4826,#4595,#4828,.T.);
#3866=FILL_AREA_STYLE('',(#4829));
#3867=EDGE_CURVE('',#4830,#4826,#4831,.T.);
#3868=EDGE_CURVE('',#4830,#4602,#4832,.T.);
#3869=FILL_AREA_STYLE('',(#4833));
#3870=EDGE_CURVE('',#4821,#4830,#4834,.T.);
#3871=FILL_AREA_STYLE('',(#4835));
#3872=EDGE_CURVE('',#4608,#4025,#4836,.T.);
#3873=EDGE_CURVE('',#4837,#4619,#4838,.T.);
#3874=EDGE_CURVE('',#3986,#4837,#4839,.T.);
#3875=FILL_AREA_STYLE('',(#4840));
#3876=EDGE_CURVE('',#4023,#4610,#4841,.T.);
#3877=FILL_AREA_STYLE('',(#4842));
#3878=EDGE_CURVE('',#4843,#4021,#4844,.T.);
#3879=EDGE_CURVE('',#4843,#4617,#4845,.T.);
#3880=FILL_AREA_STYLE('',(#4846));
#3881=EDGE_CURVE('',#4837,#4843,#4847,.T.);
#3882=FILL_AREA_STYLE('',(#4848));
#3883=EDGE_CURVE('',#4623,#4033,#4849,.T.);
#3884=EDGE_CURVE('',#4028,#4634,#4850,.T.);
#3885=FILL_AREA_STYLE('',(#4851));
#3886=EDGE_CURVE('',#4031,#4625,#4852,.T.);
#3887=FILL_AREA_STYLE('',(#4853));
#3888=EDGE_CURVE('',#4029,#4632,#4854,.T.);
#3889=FILL_AREA_STYLE('',(#4855));
#3890=FILL_AREA_STYLE('',(#4856));
#3891=EDGE_CURVE('',#4638,#4041,#4857,.T.);
#3892=EDGE_CURVE('',#4036,#4649,#4858,.T.);
#3893=FILL_AREA_STYLE('',(#4859));
#3894=EDGE_CURVE('',#4039,#4640,#4860,.T.);
#3895=FILL_AREA_STYLE('',(#4861));
#3896=EDGE_CURVE('',#4037,#4647,#4862,.T.);
#3897=FILL_AREA_STYLE('',(#4863));
#3898=FILL_AREA_STYLE('',(#4864));
#3899=EDGE_CURVE('',#4865,#4777,#4866,.T.);
#3900=EDGE_CURVE('',#4867,#4865,#4868,.T.);
#3901=EDGE_CURVE('',#4768,#4867,#4869,.T.);
#3902=FILL_AREA_STYLE('',(#4870));
#3903=EDGE_CURVE('',#4871,#4867,#4872,.T.);
#3904=EDGE_CURVE('',#4871,#4770,#4873,.T.);
#3905=FILL_AREA_STYLE('',(#4874));
#3906=EDGE_CURVE('',#4875,#4871,#4876,.T.);
#3907=EDGE_CURVE('',#4710,#4875,#4877,.T.);
#3908=FILL_AREA_STYLE('',(#4878));
#3909=EDGE_CURVE('',#4879,#4703,#4880,.T.);
#3910=EDGE_CURVE('',#4881,#4879,#4882,.T.);
#3911=EDGE_CURVE('',#4755,#4881,#4883,.T.);
#3912=FILL_AREA_STYLE('',(#4884));
#3913=EDGE_CURVE('',#4885,#4881,#4886,.T.);
#3914=EDGE_CURVE('',#4885,#4757,#4887,.T.);
#3915=FILL_AREA_STYLE('',(#4888));
#3916=EDGE_CURVE('',#4889,#4885,#4890,.T.);
#3917=EDGE_CURVE('',#4716,#4889,#4891,.T.);
#3918=FILL_AREA_STYLE('',(#4892));
#3919=EDGE_CURVE('',#4017,#4731,#4893,.T.);
#3920=EDGE_CURVE('',#4746,#4015,#4894,.T.);
#3921=FILL_AREA_STYLE('',(#4895));
#3922=EDGE_CURVE('',#4013,#4748,#4896,.T.);
#3923=FILL_AREA_STYLE('',(#4897));
#3924=EDGE_CURVE('',#4738,#4011,#4898,.T.);
#3925=FILL_AREA_STYLE('',(#4899));
#3926=EDGE_CURVE('',#4889,#4019,#4900,.T.);
#3927=EDGE_CURVE('',#4009,#4901,#4902,.T.);
#3928=EDGE_CURVE('',#4901,#4903,#4904,.T.);
#3929=EDGE_CURVE('',#4903,#4740,#4905,.T.);
#3930=EDGE_CURVE('',#4906,#4907,#4908,.T.);
#3931=EDGE_CURVE('',#4907,#4000,#4909,.T.);
#3932=EDGE_CURVE('',#3998,#4865,#4910,.T.);
#3933=EDGE_CURVE('',#4779,#4906,#4911,.T.);
#3934=EDGE_CURVE('',#4875,#4879,#4912,.T.);
#3935=FILL_AREA_STYLE('',(#4913));
#3936=EDGE_CURVE('',#3985,#3988,#4914,.T.);
#3937=FILL_AREA_STYLE('',(#4915));
#3938=EDGE_CURVE('',#4005,#4916,#4917,.T.);
#3939=EDGE_CURVE('',#4918,#4916,#4919,.T.);
#3940=EDGE_CURVE('',#4918,#4007,#4920,.T.);
#3941=FILL_AREA_STYLE('',(#4921));
#3942=EDGE_CURVE('',#4922,#4918,#4923,.T.);
#3943=EDGE_CURVE('',#4901,#4922,#4924,.T.);
#3944=FILL_AREA_STYLE('',(#4925));
#3945=EDGE_CURVE('',#4922,#4926,#4927,.T.);
#3946=EDGE_CURVE('',#4903,#4926,#4928,.T.);
#3947=FILL_AREA_STYLE('',(#4929));
#3948=EDGE_CURVE('',#4926,#4751,#4930,.T.);
#3949=FILL_AREA_STYLE('',(#4931));
#3950=EDGE_CURVE('',#4052,#4751,#4932,.T.);
#3951=FILL_AREA_STYLE('',(#4933));
#3952=EDGE_CURVE('',#4052,#4934,#4935,.T.);
#3953=EDGE_CURVE('',#4934,#4906,#4936,.T.);
#3954=FILL_AREA_STYLE('',(#4937));
#3955=EDGE_CURVE('',#4938,#4907,#4939,.T.);
#3956=EDGE_CURVE('',#4934,#4938,#4940,.T.);
#3957=FILL_AREA_STYLE('',(#4941));
#3958=EDGE_CURVE('',#3973,#4938,#4942,.T.);
#3959=FILL_AREA_STYLE('',(#4943));
#3960=FILL_AREA_STYLE('',(#4944));
#3961=EDGE_CURVE('',#4916,#4945,#4946,.T.);
#3962=EDGE_CURVE('',#4947,#4003,#4948,.T.);
#3963=EDGE_CURVE('',#4945,#4947,#4949,.T.);
#3964=FILL_AREA_STYLE('',(#4950));
#3965=EDGE_CURVE('',#4947,#3969,#4951,.T.);
#3966=FILL_AREA_STYLE('',(#4952));
#3967=FILL_AREA_STYLE_COLOUR('',#4953);
#3968=VERTEX_POINT('',#4954);
#3969=VERTEX_POINT('',#4955);
#3970=LINE('',#4956,#4957);
#3971=VERTEX_POINT('',#4958);
#3972=B_SPLINE_CURVE_WITH_KNOTS('',3,(#4959,#4960,#4961,#4962,#4963,#4964,#4965,#4966,#4967,#4968,#4969,#4970,#4971,#4972,#4973,#4974),.UNSPECIFIED.,.F.,.F.,(4,2,2,2,2,2,2,4),(1.37338975327692,1.41249277501698,1.95391834752455,2.46695663121425,2.97999491490396,3.39131377561844,3.59697320597569,3.80263263633293),.UNSPECIFIED.);
#3973=VERTEX_POINT('',#4975);
#3974=LINE('',#4976,#4977);
#3975=B_SPLINE_CURVE_WITH_KNOTS('',3,(#4978,#4979,#4980,#4981,#4982,#4983,#4984,#4985,#4986,#4987,#4988,#4989,#4990,#4991,#4992,#4993,#4994,#4995,#4996,#4997),.UNSPECIFIED.,.F.,.F.,(4,2,2,2,2,2,2,2,2,4),(3.92437005220739,4.02513302367083,4.73961554206475,5.30084273175728,5.58145632660354,5.8620699214498,6.04170658550728,6.22134324956477,6.47742284612568,6.66530164561058),.UNSPECIFIED.);
#3976=FILL_AREA_STYLE_COLOUR('',#4998);
#3977=VERTEX_POINT('',#4999);
#3978=VERTEX_POINT('',#5000);
#3979=B_SPLINE_CURVE_WITH_KNOTS('',3,(#5001,#5002,#5003,#5004,#5005,#5006),.UNSPECIFIED.,.F.,.F.,(4,2,4),(0.0,3.34023110457085,6.68046220914171),.UNSPECIFIED.);
#3980=VERTEX_POINT('',#5007);
#3981=ELLIPSE('',#5008,19.4830596052631,18.0);
#3982=VERTEX_POINT('',#5009);
#3983=B_SPLINE_CURVE_WITH_KNOTS('',3,(#5010,#5011,#5012,#5013,#5014,#5015),.UNSPECIFIED.,.F.,.F.,(4,2,4),(0.0,4.75457229528742,9.50914459057485),.UNSPECIFIED.);
#3984=ELLIPSE('',#5016,19.4830596052631,18.0);
#3985=VERTEX_POINT('',#5017);
#3986=VERTEX_POINT('',#5018);
#3987=LINE('',#5019,#5020);
#3988=VERTEX_POINT('',#5021);
#3989=CIRCLE('',#5022,18.0);
#3990=VERTEX_POINT('',#5023);
#3991=LINE('',#5024,#5025);
#3992=VERTEX_POINT('',#5026);
#3993=ELLIPSE('',#5027,19.4830596052631,18.0);
#3994=VERTEX_POINT('',#5028);
#3995=B_SPLINE_CURVE_WITH_KNOTS('',3,(#5029,#5030,#5031,#5032,#5033,#5034),.UNSPECIFIED.,.F.,.F.,(4,2,4),(0.0,3.34023110457085,6.6804622091417),.UNSPECIFIED.);
#3996=VERTEX_POINT('',#5035);
#3997=ELLIPSE('',#5036,19.4830596052631,18.0);
#3998=VERTEX_POINT('',#5037);
#3999=LINE('',#5038,#5039);
#4000=VERTEX_POINT('',#5040);
#4001=CIRCLE('',#5041,18.0);
#4002=LINE('',#5042,#5043);
#4003=VERTEX_POINT('',#5044);
#4004=B_SPLINE_CURVE_WITH_KNOTS('',3,(#5045,#5046,#5047,#5048,#5049,#5050,#5051,#5052,#5053,#5054,#5055,#5056,#5057,#5058,#5059,#5060,#5061,#5062),.UNSPECIFIED.,.F.,.F.,(4,2,2,2,2,2,2,2,4),(3.80263263633293,4.17192765379136,4.54122267124978,5.09575930323161,5.65029593521344,6.24758508221899,6.84487422922453,7.22228612241523,7.27819907314258),.UNSPECIFIED.);
#4005=VERTEX_POINT('',#5063);
#4006=B_SPLINE_CURVE_WITH_KNOTS('',3,(#5064,#5065,#5066,#5067,#5068,#5069,#5070,#5071,#5072,#5073,#5074,#5075,#5076,#5077,#5078,#5079,#5080,#5081,#5082,#5083),.UNSPECIFIED.,.F.,.F.,(4,2,2,2,2,2,2,2,2,4),(4.77219682182948,4.81839137477745,5.18506964150653,5.87586438600569,6.56665913050485,7.36082124070913,8.15498335091341,8.54683695669495,8.74276375958572,8.9386905624765),.UNSPECIFIED.);
#4007=VERTEX_POINT('',#5084);
#4008=CIRCLE('',#5085,18.0);
#4009=VERTEX_POINT('',#5086);
#4010=LINE('',#5087,#5088);
#4011=VERTEX_POINT('',#5089);
#4012=CIRCLE('',#5090,18.0);
#4013=VERTEX_POINT('',#5091);
#4014=LINE('',#5092,#5093);
#4015=VERTEX_POINT('',#5094);
#4016=CIRCLE('',#5095,18.0);
#4017=VERTEX_POINT('',#5096);
#4018=LINE('',#5097,#5098);
#4019=VERTEX_POINT('',#5099);
#4020=CIRCLE('',#5100,18.0);
#4021=VERTEX_POINT('',#5101);
#4022=LINE('',#5102,#5103);
#4023=VERTEX_POINT('',#5104);
#4024=ELLIPSE('',#5105,19.4830596052631,18.0);
#4025=VERTEX_POINT('',#5106);
#4026=B_SPLINE_CURVE_WITH_KNOTS('',3,(#5107,#5108,#5109,#5110,#5111,#5112),.UNSPECIFIED.,.F.,.F.,(4,2,4),(0.0,3.34632856819335,6.6926571363867),.UNSPECIFIED.);
#4027=ELLIPSE('',#5113,19.4830596052631,18.0);
#4028=VERTEX_POINT('',#5114);
#4029=VERTEX_POINT('',#5115);
#4030=B_SPLINE_CURVE_WITH_KNOTS('',3,(#5116,#5117,#5118,#5119,#5120,#5121),.UNSPECIFIED.,.F.,.F.,(4,2,4),(0.0,3.34023110457085,6.6804622091417),.UNSPECIFIED.);
#4031=VERTEX_POINT('',#5122);
#4032=ELLIPSE('',#5123,19.4830596052631,18.0);
#4033=VERTEX_POINT('',#5124);
#4034=B_SPLINE_CURVE_WITH_KNOTS('',3,(#5125,#5126,#5127,#5128,#5129,#5130),.UNSPECIFIED.,.F.,.F.,(4,2,4),(0.0,4.77381816181364,9.54763632362728),.UNSPECIFIED.);
#4035=ELLIPSE('',#5131,19.4830596052631,18.0);
#4036=VERTEX_POINT('',#5132);
#4037=VERTEX_POINT('',#5133);
#4038=B_SPLINE_CURVE_WITH_KNOTS('',3,(#5134,#5135,#5136,#5137,#5138,#5139),.UNSPECIFIED.,.F.,.F.,(4,2,4),(0.0,3.34023110457086,6.68046220914171),.UNSPECIFIED.);
#4039=VERTEX_POINT('',#5140);
#4040=ELLIPSE('',#5141,19.4830596052631,18.0);
#4041=VERTEX_POINT('',#5142);
#4042=B_SPLINE_CURVE_WITH_KNOTS('',3,(#5143,#5144,#5145,#5146,#5147,#5148),.UNSPECIFIED.,.F.,.F.,(4,2,4),(0.0,4.02715202212913,8.05430404425826),.UNSPECIFIED.);
#4043=ELLIPSE('',#5149,19.4830596052631,18.0);
#4044=FILL_AREA_STYLE_COLOUR('',#5150);
#4045=VERTEX_POINT('',#5151);
#4046=VERTEX_POINT('',#5152);
#4047=LINE('',#5153,#5154);
#4048=VERTEX_POINT('',#5155);
#4049=CIRCLE('',#5156,44.0);
#4050=VERTEX_POINT('',#5157);
#4051=CIRCLE('',#5158,44.0);
#4052=VERTEX_POINT('',#5159);
#4053=LINE('',#5160,#5161);
#4054=VERTEX_POINT('',#5162);
#4055=CIRCLE('',#5163,44.0);
#4056=CIRCLE('',#5164,44.0);
#4057=FILL_AREA_STYLE_COLOUR('',#5165);
#4058=VERTEX_POINT('',#5166);
#4059=VERTEX_POINT('',#5167);
#4060=LINE('',#5168,#5169);
#4061=VERTEX_POINT('',#5170);
#4062=CIRCLE('',#5171,2.15);
#4063=VERTEX_POINT('',#5172);
#4064=LINE('',#5173,#5174);
#4065=CIRCLE('',#5175,2.15);
#4066=FILL_AREA_STYLE_COLOUR('',#5176);
#4067=VERTEX_POINT('',#5177);
#4068=VERTEX_POINT('',#5178);
#4069=LINE('',#5179,#5180);
#4070=VERTEX_POINT('',#5181);
#4071=CIRCLE('',#5182,2.15);
#4072=VERTEX_POINT('',#5183);
#4073=LINE('',#5184,#5185);
#4074=CIRCLE('',#5186,2.15);
#4075=FILL_AREA_STYLE_COLOUR('',#5187);
#4076=VERTEX_POINT('',#5188);
#4077=VERTEX_POINT('',#5189);
#4078=LINE('',#5190,#5191);
#4079=VERTEX_POINT('',#5192);
#4080=CIRCLE('',#5193,2.15);
#4081=VERTEX_POINT('',#5194);
#4082=LINE('',#5195,#5196);
#4083=CIRCLE('',#5197,2.15);
#4084=FILL_AREA_STYLE_COLOUR('',#5198);
#4085=VERTEX_POINT('',#5199);
#4086=VERTEX_POINT('',#5200);
#4087=LINE('',#5201,#5202);
#4088=VERTEX_POINT('',#5203);
#4089=CIRCLE('',#5204,2.15);
#4090=VERTEX_POINT('',#5205);
#4091=LINE('',#5206,#5207);
#4092=CIRCLE('',#5208,2.15);
#4093=FILL_AREA_STYLE_COLOUR('',#5209);
#4094=VERTEX_POINT('',#5210);
#4095=VERTEX_POINT('',#5211);
#4096=LINE('',#5212,#5213);
#4097=VERTEX_POINT('',#5214);
#4098=CIRCLE('',#5215,1.033077);
#4099=VERTEX_POINT('',#5216);
#4100=LINE('',#5217,#5218);
#4101=CIRCLE('',#5219,1.033077);
#4102=FILL_AREA_STYLE_COLOUR('',#5220);
#4103=VERTEX_POINT('',#5221);
#4104=VERTEX_POINT('',#5222);
#4105=LINE('',#5223,#5224);
#4106=VERTEX_POINT('',#5225);
#4107=CIRCLE('',#5226,3.44359);
#4108=VERTEX_POINT('',#5227);
#4109=LINE('',#5228,#5229);
#4110=CIRCLE('',#5230,3.44359);
#4111=FILL_AREA_STYLE_COLOUR('',#5231);
#4112=VERTEX_POINT('',#5232);
#4113=VERTEX_POINT('',#5233);
#4114=LINE('',#5234,#5235);
#4115=VERTEX_POINT('',#5236);
#4116=CIRCLE('',#5237,1.033077);
#4117=VERTEX_POINT('',#5238);
#4118=LINE('',#5239,#5240);
#4119=CIRCLE('',#5241,1.033077);
#4120=FILL_AREA_STYLE_COLOUR('',#5242);
#4121=VERTEX_POINT('',#5243);
#4122=VERTEX_POINT('',#5244);
#4123=LINE('',#5245,#5246);
#4124=VERTEX_POINT('',#5247);
#4125=CIRCLE('',#5248,3.44359);
#4126=VERTEX_POINT('',#5249);
#4127=LINE('',#5250,#5251);
#4128=CIRCLE('',#5252,3.44359);
#4129=FILL_AREA_STYLE_COLOUR('',#5253);
#4130=VERTEX_POINT('',#5254);
#4131=VERTEX_POINT('',#5255);
#4132=LINE('',#5256,#5257);
#4133=VERTEX_POINT('',#5258);
#4134=CIRCLE('',#5259,1.033077);
#4135=VERTEX_POINT('',#5260);
#4136=LINE('',#5261,#5262);
#4137=CIRCLE('',#5263,1.033077);
#4138=FILL_AREA_STYLE_COLOUR('',#5264);
#4139=VERTEX_POINT('',#5265);
#4140=VERTEX_POINT('',#5266);
#4141=LINE('',#5267,#5268);
#4142=VERTEX_POINT('',#5269);
#4143=CIRCLE('',#5270,3.44359);
#4144=VERTEX_POINT('',#5271);
#4145=LINE('',#5272,#5273);
#4146=CIRCLE('',#5274,3.44359);
#4147=FILL_AREA_STYLE_COLOUR('',#5275);
#4148=VERTEX_POINT('',#5276);
#4149=VERTEX_POINT('',#5277);
#4150=LINE('',#5278,#5279);
#4151=VERTEX_POINT('',#5280);
#4152=CIRCLE('',#5281,1.033077);
#4153=VERTEX_POINT('',#5282);
#4154=LINE('',#5283,#5284);
#4155=CIRCLE('',#5285,1.033077);
#4156=FILL_AREA_STYLE_COLOUR('',#5286);
#4157=VERTEX_POINT('',#5287);
#4158=VERTEX_POINT('',#5288);
#4159=LINE('',#5289,#5290);
#4160=VERTEX_POINT('',#5291);
#4161=CIRCLE('',#5292,3.44359);
#4162=VERTEX_POINT('',#5293);
#4163=LINE('',#5294,#5295);
#4164=CIRCLE('',#5296,3.44359);
#4165=FILL_AREA_STYLE_COLOUR('',#5297);
#4166=VERTEX_POINT('',#5298);
#4167=VERTEX_POINT('',#5299);
#4168=LINE('',#5300,#5301);
#4169=VERTEX_POINT('',#5302);
#4170=CIRCLE('',#5303,1.033077);
#4171=VERTEX_POINT('',#5304);
#4172=LINE('',#5305,#5306);
#4173=CIRCLE('',#5307,1.033077);
#4174=FILL_AREA_STYLE_COLOUR('',#5308);
#4175=VERTEX_POINT('',#5309);
#4176=VERTEX_POINT('',#5310);
#4177=LINE('',#5311,#5312);
#4178=VERTEX_POINT('',#5313);
#4179=CIRCLE('',#5314,3.44359);
#4180=VERTEX_POINT('',#5315);
#4181=LINE('',#5316,#5317);
#4182=CIRCLE('',#5318,3.44359);
#4183=FILL_AREA_STYLE_COLOUR('',#5319);
#4184=VERTEX_POINT('',#5320);
#4185=VERTEX_POINT('',#5321);
#4186=LINE('',#5322,#5323);
#4187=VERTEX_POINT('',#5324);
#4188=CIRCLE('',#5325,1.033077);
#4189=VERTEX_POINT('',#5326);
#4190=LINE('',#5327,#5328);
#4191=CIRCLE('',#5329,1.033077);
#4192=FILL_AREA_STYLE_COLOUR('',#5330);
#4193=VERTEX_POINT('',#5331);
#4194=VERTEX_POINT('',#5332);
#4195=LINE('',#5333,#5334);
#4196=VERTEX_POINT('',#5335);
#4197=CIRCLE('',#5336,3.44359);
#4198=VERTEX_POINT('',#5337);
#4199=LINE('',#5338,#5339);
#4200=CIRCLE('',#5340,3.44359);
#4201=FILL_AREA_STYLE_COLOUR('',#5341);
#4202=VERTEX_POINT('',#5342);
#4203=VERTEX_POINT('',#5343);
#4204=LINE('',#5344,#5345);
#4205=VERTEX_POINT('',#5346);
#4206=CIRCLE('',#5347,1.033077);
#4207=VERTEX_POINT('',#5348);
#4208=LINE('',#5349,#5350);
#4209=CIRCLE('',#5351,1.033077);
#4210=FILL_AREA_STYLE_COLOUR('',#5352);
#4211=VERTEX_POINT('',#5353);
#4212=VERTEX_POINT('',#5354);
#4213=LINE('',#5355,#5356);
#4214=VERTEX_POINT('',#5357);
#4215=CIRCLE('',#5358,3.44359);
#4216=VERTEX_POINT('',#5359);
#4217=LINE('',#5360,#5361);
#4218=CIRCLE('',#5362,3.44359);
#4219=FILL_AREA_STYLE_COLOUR('',#5363);
#4220=VERTEX_POINT('',#5364);
#4221=VERTEX_POINT('',#5365);
#4222=LINE('',#5366,#5367);
#4223=VERTEX_POINT('',#5368);
#4224=B_SPLINE_CURVE_WITH_KNOTS('',3,(#5369,#5370,#5371,#5372,#5373,#5374,#5375,#5376,#5377,#5378,#5379,#5380,#5381,#5382,#5383,#5384,#5385,#5386,#5387,#5388,#5389,#5390),.UNSPECIFIED.,.F.,.F.,(4,2,2,2,2,2,2,2,2,2,4),(8.62751757906345,9.02204493102975,9.2193086070129,9.41657228299605,9.6138359589792,9.81109963496235,10.2056269869286,10.5958139918787,10.9860009968287,11.3761880017788,11.4434046632716),.UNSPECIFIED.);
#4225=VERTEX_POINT('',#5391);
#4226=LINE('',#5392,#5393);
#4227=VERTEX_POINT('',#5394);
#4228=ELLIPSE('',#5395,1.05146222423827,1.0);
#4229=VERTEX_POINT('',#5396);
#4230=ELLIPSE('',#5397,3.23606797749978,1.0);
#4231=VERTEX_POINT('',#5398);
#4232=ELLIPSE('',#5399,3.23606797749978,1.0);
#4233=B_SPLINE_CURVE_WITH_KNOTS('',3,(#5400,#5401,#5402,#5403,#5404,#5405,#5406,#5407,#5408,#5409,#5410,#5411,#5412,#5413,#5414,#5415,#5416,#5417,#5418),.UNSPECIFIED.,.F.,.F.,(4,2,2,2,3,2,2,2,4),(-1.53913944686224,-1.1456254191423,-0.752111391422354,-0.376055695711177,0.0,0.376055695711178,0.752111391422355,1.1456254191423,1.53913944686225),.UNSPECIFIED.);
#4234=FILL_AREA_STYLE_COLOUR('',#5419);
#4235=VERTEX_POINT('',#5420);
#4236=VERTEX_POINT('',#5421);
#4237=LINE('',#5422,#5423);
#4238=VERTEX_POINT('',#5424);
#4239=B_SPLINE_CURVE_WITH_KNOTS('',3,(#5425,#5426,#5427,#5428,#5429,#5430,#5431,#5432,#5433,#5434,#5435,#5436),.UNSPECIFIED.,.F.,.F.,(4,2,2,2,2,4),(1.04376790527469,1.27197314508065,1.50017838488661,1.71252288210859,1.92486737933057,2.34955637377452),.UNSPECIFIED.);
#4240=B_SPLINE_CURVE_WITH_KNOTS('',3,(#5437,#5438,#5439,#5440),.UNSPECIFIED.,.F.,.F.,(4,4),(5.43699296881749,5.4886601513981),.UNSPECIFIED.);
#4241=FILL_AREA_STYLE_COLOUR('',#5441);
#4242=VERTEX_POINT('',#5442);
#4243=VERTEX_POINT('',#5443);
#4244=LINE('',#5444,#5445);
#4245=VERTEX_POINT('',#5446);
#4246=B_SPLINE_CURVE_WITH_KNOTS('',3,(#5447,#5448,#5449,#5450,#5451,#5452,#5453,#5454,#5455,#5456,#5457,#5458),.UNSPECIFIED.,.F.,.F.,(4,2,2,2,2,4),(0.239714967343575,0.47942993468715,0.719144902030724,0.958859869374299,1.19369316115072,1.42852645292713),.UNSPECIFIED.);
#4247=B_SPLINE_CURVE_WITH_KNOTS('',3,(#5459,#5460,#5461,#5462),.UNSPECIFIED.,.F.,.F.,(4,4),(2.29813554115214,2.34980272373276),.UNSPECIFIED.);
#4248=FILL_AREA_STYLE_COLOUR('',#5463);
#4249=VERTEX_POINT('',#5464);
#4250=VERTEX_POINT('',#5465);
#4251=LINE('',#5466,#5467);
#4252=ELLIPSE('',#5468,1.05146222423827,1.0);
#4253=B_SPLINE_CURVE_WITH_KNOTS('',3,(#5469,#5470,#5471,#5472,#5473,#5474,#5475,#5476,#5477,#5478,#5479,#5480),.UNSPECIFIED.,.F.,.F.,(4,2,2,2,2,4),(0.239714967343575,0.47942993468715,0.719144902030724,0.958859869374299,1.19369316115072,1.42852645292713),.UNSPECIFIED.);
#4254=B_SPLINE_CURVE_WITH_KNOTS('',3,(#5481,#5482,#5483,#5484,#5485,#5486,#5487,#5488,#5489,#5490,#5491,#5492,#5493,#5494,#5495,#5496,#5497,#5498,#5499,#5500,#5501,#5502),.UNSPECIFIED.,.F.,.F.,(4,2,2,2,2,2,2,2,2,2,4),(2.34980272373276,2.74433007569905,2.9415937516822,3.13885742766535,3.3361211036485,3.53338477963165,3.92791213159795,4.31809913654798,4.70828614149802,5.09847314644806,5.4886601513981),.UNSPECIFIED.);
#4255=FILL_AREA_STYLE_COLOUR('',#5503);
#4256=VERTEX_POINT('',#5504);
#4257=VERTEX_POINT('',#5505);
#4258=LINE('',#5506,#5507);
#4259=VERTEX_POINT('',#5508);
#4260=CIRCLE('',#5509,2.15);
#4261=VERTEX_POINT('',#5510);
#4262=LINE('',#5511,#5512);
#4263=CIRCLE('',#5513,2.15);
#4264=FILL_AREA_STYLE_COLOUR('',#5514);
#4265=VERTEX_POINT('',#5515);
#4266=VERTEX_POINT('',#5516);
#4267=LINE('',#5517,#5518);
#4268=VERTEX_POINT('',#5519);
#4269=CIRCLE('',#5520,2.15);
#4270=VERTEX_POINT('',#5521);
#4271=LINE('',#5522,#5523);
#4272=CIRCLE('',#5524,2.15);
#4273=FILL_AREA_STYLE_COLOUR('',#5525);
#4274=VERTEX_POINT('',#5526);
#4275=VERTEX_POINT('',#5527);
#4276=LINE('',#5528,#5529);
#4277=VERTEX_POINT('',#5530);
#4278=CIRCLE('',#5531,2.15);
#4279=VERTEX_POINT('',#5532);
#4280=LINE('',#5533,#5534);
#4281=CIRCLE('',#5535,2.15);
#4282=FILL_AREA_STYLE_COLOUR('',#5536);
#4283=VERTEX_POINT('',#5537);
#4284=VERTEX_POINT('',#5538);
#4285=LINE('',#5539,#5540);
#4286=VERTEX_POINT('',#5541);
#4287=CIRCLE('',#5542,2.15);
#4288=VERTEX_POINT('',#5543);
#4289=LINE('',#5544,#5545);
#4290=CIRCLE('',#5546,2.15);
#4291=FILL_AREA_STYLE_COLOUR('',#5547);
#4292=VERTEX_POINT('',#5548);
#4293=B_SPLINE_CURVE_WITH_KNOTS('',3,(#5549,#5550,#5551,#5552,#5553,#5554,#5555,#5556,#5557,#5558,#5559,#5560,#5561,#5562,#5563,#5564),.UNSPECIFIED.,.F.,.F.,(4,2,2,2,2,2,2,4),(6.2777148553307,6.47497853131385,6.672242207297,7.0667695592633,7.45695656421334,7.84714356916338,8.23733057411341,8.62751757906345),.UNSPECIFIED.);
#4294=B_SPLINE_CURVE_WITH_KNOTS('',3,(#5565,#5566,#5567,#5568,#5569,#5570,#5571,#5572),.UNSPECIFIED.,.F.,.F.,(4,2,2,4),(5.4886601513981,5.8831875033644,6.08045117934755,6.2777148553307),.UNSPECIFIED.);
#4295=LINE('',#5573,#5574);
#4296=FILL_AREA_STYLE_COLOUR('',#5575);
#4297=VERTEX_POINT('',#5576);
#4298=B_SPLINE_CURVE_WITH_KNOTS('',3,(#5577,#5578,#5579,#5580,#5581,#5582,#5583,#5584,#5585,#5586,#5587,#5588),.UNSPECIFIED.,.F.,.F.,(4,2,2,2,2,4),(1.04376790527469,1.27197314508065,1.50017838488661,1.71252288210859,1.92486737933057,2.34955637377452),.UNSPECIFIED.);
#4299=VERTEX_POINT('',#5589);
#4300=B_SPLINE_CURVE_WITH_KNOTS('',3,(#5590,#5591,#5592,#5593,#5594,#5595,#5596,#5597,#5598,#5599,#5600,#5601,#5602,#5603,#5604,#5605),.UNSPECIFIED.,.F.,.F.,(4,2,2,2,2,2,2,4),(6.2777148553307,6.47497853131385,6.672242207297,7.0667695592633,7.45695656421334,7.84714356916338,8.23733057411341,8.30454723560627),.UNSPECIFIED.);
#4301=B_SPLINE_CURVE_WITH_KNOTS('',3,(#5606,#5607,#5608,#5609,#5610,#5611,#5612,#5613),.UNSPECIFIED.,.F.,.F.,(4,2,2,4),(5.4886601513981,5.8831875033644,6.08045117934755,6.2777148553307),.UNSPECIFIED.);
#4302=FILL_AREA_STYLE_COLOUR('',#5614);
#4303=CIRCLE('',#5615,2.15);
#4304=CIRCLE('',#5616,2.15);
#4305=FILL_AREA_STYLE_COLOUR('',#5617);
#4306=CIRCLE('',#5618,2.15);
#4307=CIRCLE('',#5619,2.15);
#4308=FILL_AREA_STYLE_COLOUR('',#5620);
#4309=CIRCLE('',#5621,2.15);
#4310=CIRCLE('',#5622,2.15);
#4311=FILL_AREA_STYLE_COLOUR('',#5623);
#4312=CIRCLE('',#5624,2.15);
#4313=CIRCLE('',#5625,2.15);
#4314=FILL_AREA_STYLE_COLOUR('',#5626);
#4315=VERTEX_POINT('',#5627);
#4316=VERTEX_POINT('',#5628);
#4317=CIRCLE('',#5629,48.0);
#4318=VERTEX_POINT('',#5630);
#4319=LINE('',#5631,#5632);
#4320=VERTEX_POINT('',#5633);
#4321=CIRCLE('',#5634,48.0);
#4322=LINE('',#5635,#5636);
#4323=FILL_AREA_STYLE_COLOUR('',#5637);
#4324=VERTEX_POINT('',#5638);
#4325=VERTEX_POINT('',#5639);
#4326=CIRCLE('',#5640,48.0);
#4327=VERTEX_POINT('',#5641);
#4328=LINE('',#5642,#5643);
#4329=VERTEX_POINT('',#5644);
#4330=CIRCLE('',#5645,48.0);
#4331=LINE('',#5646,#5647);
#4332=FILL_AREA_STYLE_COLOUR('',#5648);
#4333=VERTEX_POINT('',#5649);
#4334=VERTEX_POINT('',#5650);
#4335=CIRCLE('',#5651,48.0);
#4336=VERTEX_POINT('',#5652);
#4337=LINE('',#5653,#5654);
#4338=VERTEX_POINT('',#5655);
#4339=CIRCLE('',#5656,48.0);
#4340=LINE('',#5657,#5658);
#4341=FILL_AREA_STYLE_COLOUR('',#5659);
#4342=VERTEX_POINT('',#5660);
#4343=B_SPLINE_CURVE_WITH_KNOTS('',3,(#5661,#5662,#5663,#5664,#5665,#5666,#5667,#5668,#5669,#5670,#5671,#5672,#5673,#5674,#5675,#5676,#5677,#5678,#5679),.UNSPECIFIED.,.F.,.F.,(4,2,2,2,3,2,2,2,4),(-1.53913944686224,-1.1456254191423,-0.752111391422354,-0.376055695711177,0.0,0.376055695711178,0.752111391422355,1.1456254191423,1.53913944686225),.UNSPECIFIED.);
#4344=VERTEX_POINT('',#5680);
#4345=CIRCLE('',#5681,48.0);
#4346=VERTEX_POINT('',#5682);
#4347=LINE('',#5683,#5684);
#4348=VERTEX_POINT('',#5685);
#4349=CIRCLE('',#5686,48.0);
#4350=LINE('',#5687,#5688);
#4351=FILL_AREA_STYLE_COLOUR('',#5689);
#4352=VERTEX_POINT('',#5690);
#4353=VERTEX_POINT('',#5691);
#4354=LINE('',#5692,#5693);
#4355=LINE('',#5694,#5695);
#4356=LINE('',#5696,#5697);
#4357=FILL_AREA_STYLE_COLOUR('',#5698);
#4358=VERTEX_POINT('',#5699);
#4359=VERTEX_POINT('',#5700);
#4360=LINE('',#5701,#5702);
#4361=LINE('',#5703,#5704);
#4362=LINE('',#5705,#5706);
#4363=FILL_AREA_STYLE_COLOUR('',#5707);
#4364=VERTEX_POINT('',#5708);
#4365=LINE('',#5709,#5710);
#4366=LINE('',#5711,#5712);
#4367=FILL_AREA_STYLE_COLOUR('',#5713);
#4368=VERTEX_POINT('',#5714);
#4369=LINE('',#5715,#5716);
#4370=LINE('',#5717,#5718);
#4371=FILL_AREA_STYLE_COLOUR('',#5719);
#4372=VERTEX_POINT('',#5720);
#4373=VERTEX_POINT('',#5721);
#4374=LINE('',#5722,#5723);
#4375=LINE('',#5724,#5725);
#4376=LINE('',#5726,#5727);
#4377=FILL_AREA_STYLE_COLOUR('',#5728);
#4378=VERTEX_POINT('',#5729);
#4379=LINE('',#5730,#5731);
#4380=VERTEX_POINT('',#5732);
#4381=CIRCLE('',#5733,4.0);
#4382=LINE('',#5734,#5735);
#4383=FILL_AREA_STYLE_COLOUR('',#5736);
#4384=VERTEX_POINT('',#5737);
#4385=LINE('',#5738,#5739);
#4386=VERTEX_POINT('',#5740);
#4387=CIRCLE('',#5741,4.0);
#4388=LINE('',#5742,#5743);
#4389=FILL_AREA_STYLE_COLOUR('',#5744);
#4390=VERTEX_POINT('',#5745);
#4391=ELLIPSE('',#5746,3.23606797749978,1.0);
#4392=VERTEX_POINT('',#5747);
#4393=LINE('',#5748,#5749);
#4394=LINE('',#5750,#5751);
#4395=FILL_AREA_STYLE_COLOUR('',#5752);
#4396=VERTEX_POINT('',#5753);
#4397=LINE('',#5754,#5755);
#4398=ELLIPSE('',#5756,1.05146222423827,1.0);
#4399=FILL_AREA_STYLE_COLOUR('',#5757);
#4400=ELLIPSE('',#5758,1.05146222423827,1.0);
#4401=FILL_AREA_STYLE_COLOUR('',#5759);
#4402=VERTEX_POINT('',#5760);
#4403=VERTEX_POINT('',#5761);
#4404=CIRCLE('',#5762,4.0);
#4405=VERTEX_POINT('',#5763);
#4406=LINE('',#5764,#5765);
#4407=VERTEX_POINT('',#5766);
#4408=CIRCLE('',#5767,4.0);
#4409=LINE('',#5768,#5769);
#4410=FILL_AREA_STYLE_COLOUR('',#5770);
#4411=VERTEX_POINT('',#5771);
#4412=VERTEX_POINT('',#5772);
#4413=LINE('',#5773,#5774);
#4414=LINE('',#5775,#5776);
#4415=LINE('',#5777,#5778);
#4416=FILL_AREA_STYLE_COLOUR('',#5779);
#4417=VERTEX_POINT('',#5780);
#4418=VERTEX_POINT('',#5781);
#4419=LINE('',#5782,#5783);
#4420=LINE('',#5784,#5785);
#4421=LINE('',#5786,#5787);
#4422=FILL_AREA_STYLE_COLOUR('',#5788);
#4423=LINE('',#5789,#5790);
#4424=LINE('',#5791,#5792);
#4425=FILL_AREA_STYLE_COLOUR('',#5793);
#4426=VERTEX_POINT('',#5794);
#4427=VERTEX_POINT('',#5795);
#4428=LINE('',#5796,#5797);
#4429=LINE('',#5798,#5799);
#4430=LINE('',#5800,#5801);
#4431=FILL_AREA_STYLE_COLOUR('',#5802);
#4432=VERTEX_POINT('',#5803);
#4433=VERTEX_POINT('',#5804);
#4434=LINE('',#5805,#5806);
#4435=LINE('',#5807,#5808);
#4436=LINE('',#5809,#5810);
#4437=FILL_AREA_STYLE_COLOUR('',#5811);
#4438=VERTEX_POINT('',#5812);
#4439=LINE('',#5813,#5814);
#4440=VERTEX_POINT('',#5815);
#4441=LINE('',#5816,#5817);
#4442=CIRCLE('',#5818,4.0);
#4443=FILL_AREA_STYLE_COLOUR('',#5819);
#4444=VERTEX_POINT('',#5820);
#4445=LINE('',#5821,#5822);
#4446=VERTEX_POINT('',#5823);
#4447=CIRCLE('',#5824,4.0);
#4448=LINE('',#5825,#5826);
#4449=FILL_AREA_STYLE_COLOUR('',#5827);
#4450=VERTEX_POINT('',#5828);
#4451=VERTEX_POINT('',#5829);
#4452=LINE('',#5830,#5831);
#4453=VERTEX_POINT('',#5832);
#4454=CIRCLE('',#5833,45.45);
#4455=VERTEX_POINT('',#5834);
#4456=LINE('',#5835,#5836);
#4457=VERTEX_POINT('',#5837);
#4458=CIRCLE('',#5838,45.45);
#4459=VERTEX_POINT('',#5839);
#4460=LINE('',#5840,#5841);
#4461=VERTEX_POINT('',#5842);
#4462=CIRCLE('',#5843,45.45);
#4463=VERTEX_POINT('',#5844);
#4464=LINE('',#5845,#5846);
#4465=CIRCLE('',#5847,45.45);
#4466=VERTEX_POINT('',#5848);
#4467=LINE('',#5849,#5850);
#4468=VERTEX_POINT('',#5851);
#4469=CIRCLE('',#5852,4.0);
#4470=LINE('',#5853,#5854);
#4471=LINE('',#5855,#5856);
#4472=LINE('',#5857,#5858);
#4473=FILL_AREA_STYLE_COLOUR('',#5859);
#4474=VERTEX_POINT('',#5860);
#4475=VERTEX_POINT('',#5861);
#4476=CIRCLE('',#5862,4.0);
#4477=LINE('',#5863,#5864);
#4478=LINE('',#5865,#5866);
#4479=FILL_AREA_STYLE_COLOUR('',#5867);
#4480=LINE('',#5868,#5869);
#4481=LINE('',#5870,#5871);
#4482=FILL_AREA_STYLE_COLOUR('',#5872);
#4483=CIRCLE('',#5873,2.15);
#4484=VERTEX_POINT('',#5874);
#4485=LINE('',#5875,#5876);
#4486=VERTEX_POINT('',#5877);
#4487=CIRCLE('',#5878,4.0);
#4488=LINE('',#5879,#5880);
#4489=FILL_AREA_STYLE_COLOUR('',#5881);
#4490=CIRCLE('',#5882,2.15);
#4491=VERTEX_POINT('',#5883);
#4492=LINE('',#5884,#5885);
#4493=VERTEX_POINT('',#5886);
#4494=LINE('',#5887,#5888);
#4495=CIRCLE('',#5889,4.0);
#4496=FILL_AREA_STYLE_COLOUR('',#5890);
#4497=CIRCLE('',#5891,2.15);
#4498=VERTEX_POINT('',#5892);
#4499=LINE('',#5893,#5894);
#4500=VERTEX_POINT('',#5895);
#4501=LINE('',#5896,#5897);
#4502=CIRCLE('',#5898,4.0);
#4503=FILL_AREA_STYLE_COLOUR('',#5899);
#4504=VERTEX_POINT('',#5900);
#4505=LINE('',#5901,#5902);
#4506=VERTEX_POINT('',#5903);
#4507=CIRCLE('',#5904,4.0);
#4508=LINE('',#5905,#5906);
#4509=CIRCLE('',#5907,2.15);
#4510=FILL_AREA_STYLE_COLOUR('',#5908);
#4511=VERTEX_POINT('',#5909);
#4512=LINE('',#5910,#5911);
#4513=VERTEX_POINT('',#5912);
#4514=CIRCLE('',#5913,45.45);
#4515=LINE('',#5914,#5915);
#4516=FILL_AREA_STYLE_COLOUR('',#5916);
#4517=VERTEX_POINT('',#5917);
#4518=LINE('',#5918,#5919);
#4519=VERTEX_POINT('',#5920);
#4520=CIRCLE('',#5921,45.45);
#4521=LINE('',#5922,#5923);
#4522=FILL_AREA_STYLE_COLOUR('',#5924);
#4523=(B_SPLINE_CURVE(2,(#5926,#5927,#5928,#5929,#5930),.UNSPECIFIED.,.F.,.F.)B_SPLINE_CURVE_WITH_KNOTS((3,2,3),(0.0,11.4268717004584,22.8537434009168),.UNSPECIFIED.)RATIONAL_B_SPLINE_CURVE((1.0,1.00820497555165,1.0,1.00820497555162,1.0))BOUNDED_CURVE()REPRESENTATION_ITEM('')GEOMETRIC_REPRESENTATION_ITEM()CURVE());
#4524=(B_SPLINE_CURVE(2,(#5938,#5939,#5940,#5941,#5942),.UNSPECIFIED.,.F.,.F.)B_SPLINE_CURVE_WITH_KNOTS((3,2,3),(0.0,11.4268717004584,22.8537434009168),.UNSPECIFIED.)RATIONAL_B_SPLINE_CURVE((1.0,1.00820497555165,1.0,1.00820497555162,1.0))BOUNDED_CURVE()REPRESENTATION_ITEM('')GEOMETRIC_REPRESENTATION_ITEM()CURVE());
#4525=FILL_AREA_STYLE_COLOUR('',#5949);
#4526=VERTEX_POINT('',#5950);
#4527=LINE('',#5951,#5952);
#4528=VERTEX_POINT('',#5953);
#4529=CIRCLE('',#5954,45.45);
#4530=LINE('',#5955,#5956);
#4531=FILL_AREA_STYLE_COLOUR('',#5957);
#4532=(B_SPLINE_CURVE(2,(#5959,#5960,#5961,#5962,#5963),.UNSPECIFIED.,.F.,.F.)B_SPLINE_CURVE_WITH_KNOTS((3,2,3),(0.0,11.4268717004583,22.8537434009167),.UNSPECIFIED.)RATIONAL_B_SPLINE_CURVE((1.0,1.00820497555163,1.0,1.00820497555167,1.0))BOUNDED_CURVE()REPRESENTATION_ITEM('')GEOMETRIC_REPRESENTATION_ITEM()CURVE());
#4533=(B_SPLINE_CURVE(2,(#5971,#5972,#5973,#5974,#5975),.UNSPECIFIED.,.F.,.F.)B_SPLINE_CURVE_WITH_KNOTS((3,2,3),(0.0,11.4268717004583,22.8537434009167),.UNSPECIFIED.)RATIONAL_B_SPLINE_CURVE((1.0,1.00820497555163,1.0,1.00820497555167,1.0))BOUNDED_CURVE()REPRESENTATION_ITEM('')GEOMETRIC_REPRESENTATION_ITEM()CURVE());
#4534=FILL_AREA_STYLE_COLOUR('',#5982);
#4535=(B_SPLINE_CURVE(2,(#5984,#5985,#5986,#5987,#5988),.UNSPECIFIED.,.F.,.F.)B_SPLINE_CURVE_WITH_KNOTS((3,2,3),(0.0,11.4268717004583,22.8537434009167),.UNSPECIFIED.)RATIONAL_B_SPLINE_CURVE((1.0,1.00820497555167,1.0,1.0082049755517,1.0))BOUNDED_CURVE()REPRESENTATION_ITEM('')GEOMETRIC_REPRESENTATION_ITEM()CURVE());
#4536=VERTEX_POINT('',#5995);
#4537=(B_SPLINE_CURVE(2,(#5997,#5998,#5999,#6000,#6001),.UNSPECIFIED.,.F.,.F.)B_SPLINE_CURVE_WITH_KNOTS((3,2,3),(0.0,11.4268717004583,22.8537434009167),.UNSPECIFIED.)RATIONAL_B_SPLINE_CURVE((1.0,1.00820497555167,1.0,1.0082049755517,1.0))BOUNDED_CURVE()REPRESENTATION_ITEM('')GEOMETRIC_REPRESENTATION_ITEM()CURVE());
#4538=LINE('',#6008,#6009);
#4539=FILL_AREA_STYLE_COLOUR('',#6010);
#4540=VERTEX_POINT('',#6011);
#4541=CIRCLE('',#6012,45.45);
#4542=LINE('',#6013,#6014);
#4543=FILL_AREA_STYLE_COLOUR('',#6015);
#4544=VERTEX_POINT('',#6016);
#4545=(B_SPLINE_CURVE(2,(#6018,#6019,#6020,#6021,#6022),.UNSPECIFIED.,.F.,.F.)B_SPLINE_CURVE_WITH_KNOTS((3,2,3),(0.0,11.4268717004584,22.8537434009167),.UNSPECIFIED.)RATIONAL_B_SPLINE_CURVE((1.0,1.0082049755517,1.0,1.00820497555172,1.0))BOUNDED_CURVE()REPRESENTATION_ITEM('')GEOMETRIC_REPRESENTATION_ITEM()CURVE());
#4546=(B_SPLINE_CURVE(2,(#6030,#6031,#6032,#6033,#6034),.UNSPECIFIED.,.F.,.F.)B_SPLINE_CURVE_WITH_KNOTS((3,2,3),(0.0,11.4268717004584,22.8537434009167),.UNSPECIFIED.)RATIONAL_B_SPLINE_CURVE((1.0,1.0082049755517,1.0,1.00820497555172,1.0))BOUNDED_CURVE()REPRESENTATION_ITEM('')GEOMETRIC_REPRESENTATION_ITEM()CURVE());
#4547=FILL_AREA_STYLE_COLOUR('',#6041);
#4548=VERTEX_POINT('',#6042);
#4549=CIRCLE('',#6043,3.44359);
#4550=VERTEX_POINT('',#6044);
#4551=LINE('',#6045,#6046);
#4552=CIRCLE('',#6047,3.44359);
#4553=FILL_AREA_STYLE_COLOUR('',#6048);
#4554=CIRCLE('',#6049,43.044875);
#4555=CIRCLE('',#6050,43.044875);
#4556=FILL_AREA_STYLE_COLOUR('',#6051);
#4557=VERTEX_POINT('',#6052);
#4558=CIRCLE('',#6053,1.033077);
#4559=VERTEX_POINT('',#6054);
#4560=LINE('',#6055,#6056);
#4561=CIRCLE('',#6057,1.033077);
#4562=FILL_AREA_STYLE_COLOUR('',#6058);
#4563=VERTEX_POINT('',#6059);
#4564=CIRCLE('',#6060,3.44359);
#4565=VERTEX_POINT('',#6061);
#4566=LINE('',#6062,#6063);
#4567=CIRCLE('',#6064,3.44359);
#4568=FILL_AREA_STYLE_COLOUR('',#6065);
#4569=CIRCLE('',#6066,43.044875);
#4570=CIRCLE('',#6067,43.044875);
#4571=FILL_AREA_STYLE_COLOUR('',#6068);
#4572=VERTEX_POINT('',#6069);
#4573=CIRCLE('',#6070,1.033077);
#4574=VERTEX_POINT('',#6071);
#4575=LINE('',#6072,#6073);
#4576=CIRCLE('',#6074,1.033077);
#4577=FILL_AREA_STYLE_COLOUR('',#6075);
#4578=VERTEX_POINT('',#6076);
#4579=CIRCLE('',#6077,3.44359);
#4580=VERTEX_POINT('',#6078);
#4581=LINE('',#6079,#6080);
#4582=CIRCLE('',#6081,3.44359);
#4583=FILL_AREA_STYLE_COLOUR('',#6082);
#4584=CIRCLE('',#6083,43.044875);
#4585=CIRCLE('',#6084,43.044875);
#4586=FILL_AREA_STYLE_COLOUR('',#6085);
#4587=VERTEX_POINT('',#6086);
#4588=CIRCLE('',#6087,1.033077);
#4589=VERTEX_POINT('',#6088);
#4590=LINE('',#6089,#6090);
#4591=CIRCLE('',#6091,1.033077);
#4592=FILL_AREA_STYLE_COLOUR('',#6092);
#4593=VERTEX_POINT('',#6093);
#4594=CIRCLE('',#6094,3.44359);
#4595=VERTEX_POINT('',#6095);
#4596=LINE('',#6096,#6097);
#4597=CIRCLE('',#6098,3.44359);
#4598=FILL_AREA_STYLE_COLOUR('',#6099);
#4599=CIRCLE('',#6100,43.044875);
#4600=CIRCLE('',#6101,43.044875);
#4601=FILL_AREA_STYLE_COLOUR('',#6102);
#4602=VERTEX_POINT('',#6103);
#4603=CIRCLE('',#6104,1.033077);
#4604=VERTEX_POINT('',#6105);
#4605=LINE('',#6106,#6107);
#4606=CIRCLE('',#6108,1.033077);
#4607=FILL_AREA_STYLE_COLOUR('',#6109);
#4608=VERTEX_POINT('',#6110);
#4609=CIRCLE('',#6111,3.44359);
#4610=VERTEX_POINT('',#6112);
#4611=LINE('',#6113,#6114);
#4612=CIRCLE('',#6115,3.44359);
#4613=FILL_AREA_STYLE_COLOUR('',#6116);
#4614=CIRCLE('',#6117,43.044875);
#4615=CIRCLE('',#6118,43.044875);
#4616=FILL_AREA_STYLE_COLOUR('',#6119);
#4617=VERTEX_POINT('',#6120);
#4618=CIRCLE('',#6121,1.033077);
#4619=VERTEX_POINT('',#6122);
#4620=LINE('',#6123,#6124);
#4621=CIRCLE('',#6125,1.033077);
#4622=FILL_AREA_STYLE_COLOUR('',#6126);
#4623=VERTEX_POINT('',#6127);
#4624=CIRCLE('',#6128,3.44359);
#4625=VERTEX_POINT('',#6129);
#4626=LINE('',#6130,#6131);
#4627=CIRCLE('',#6132,3.44359);
#4628=FILL_AREA_STYLE_COLOUR('',#6133);
#4629=CIRCLE('',#6134,43.044875);
#4630=CIRCLE('',#6135,43.044875);
#4631=FILL_AREA_STYLE_COLOUR('',#6136);
#4632=VERTEX_POINT('',#6137);
#4633=CIRCLE('',#6138,1.033077);
#4634=VERTEX_POINT('',#6139);
#4635=LINE('',#6140,#6141);
#4636=CIRCLE('',#6142,1.033077);
#4637=FILL_AREA_STYLE_COLOUR('',#6143);
#4638=VERTEX_POINT('',#6144);
#4639=CIRCLE('',#6145,3.44359);
#4640=VERTEX_POINT('',#6146);
#4641=LINE('',#6147,#6148);
#4642=CIRCLE('',#6149,3.44359);
#4643=FILL_AREA_STYLE_COLOUR('',#6150);
#4644=CIRCLE('',#6151,43.044875);
#4645=CIRCLE('',#6152,43.044875);
#4646=FILL_AREA_STYLE_COLOUR('',#6153);
#4647=VERTEX_POINT('',#6154);
#4648=CIRCLE('',#6155,1.033077);
#4649=VERTEX_POINT('',#6156);
#4650=LINE('',#6157,#6158);
#4651=CIRCLE('',#6159,1.033077);
#4652=FILL_AREA_STYLE_COLOUR('',#6160);
#4653=VERTEX_POINT('',#6161);
#4654=LINE('',#6162,#6163);
#4655=VERTEX_POINT('',#6164);
#4656=CIRCLE('',#6165,4.0);
#4657=LINE('',#6166,#6167);
#4658=FILL_AREA_STYLE_COLOUR('',#6168);
#4659=VERTEX_POINT('',#6169);
#4660=LINE('',#6170,#6171);
#4661=LINE('',#6172,#6173);
#4662=FILL_AREA_STYLE_COLOUR('',#6174);
#4663=VERTEX_POINT('',#6175);
#4664=CIRCLE('',#6176,4.0);
#4665=LINE('',#6177,#6178);
#4666=FILL_AREA_STYLE_COLOUR('',#6179);
#4667=VERTEX_POINT('',#6180);
#4668=LINE('',#6181,#6182);
#4669=LINE('',#6183,#6184);
#4670=FILL_AREA_STYLE_COLOUR('',#6185);
#4671=VERTEX_POINT('',#6186);
#4672=CIRCLE('',#6187,4.0);
#4673=LINE('',#6188,#6189);
#4674=FILL_AREA_STYLE_COLOUR('',#6190);
#4675=VERTEX_POINT('',#6191);
#4676=LINE('',#6192,#6193);
#4677=LINE('',#6194,#6195);
#4678=FILL_AREA_STYLE_COLOUR('',#6196);
#4679=VERTEX_POINT('',#6197);
#4680=CIRCLE('',#6198,4.0);
#4681=LINE('',#6199,#6200);
#4682=FILL_AREA_STYLE_COLOUR('',#6201);
#4683=LINE('',#6202,#6203);
#4684=FILL_AREA_STYLE_COLOUR('',#6204);
#4685=CIRCLE('',#6205,2.15);
#4686=FILL_AREA_STYLE_COLOUR('',#6206);
#4687=CIRCLE('',#6207,2.15);
#4688=FILL_AREA_STYLE_COLOUR('',#6208);
#4689=CIRCLE('',#6209,2.15);
#4690=FILL_AREA_STYLE_COLOUR('',#6210);
#4691=CIRCLE('',#6211,2.15);
#4692=FILL_AREA_STYLE_COLOUR('',#6212);
#4693=VERTEX_POINT('',#6213);
#4694=VERTEX_POINT('',#6214);
#4695=LINE('',#6215,#6216);
#4696=VERTEX_POINT('',#6217);
#4697=LINE('',#6218,#6219);
#4698=(B_SPLINE_CURVE(2,(#6221,#6222,#6223,#6224,#6225),.UNSPECIFIED.,.F.,.F.)B_SPLINE_CURVE_WITH_KNOTS((3,2,3),(0.0,27.683711470965,55.36742294193),.UNSPECIFIED.)RATIONAL_B_SPLINE_CURVE((1.0,1.04310506748752,1.0,1.04310506748753,1.0))BOUNDED_CURVE()REPRESENTATION_ITEM('')GEOMETRIC_REPRESENTATION_ITEM()CURVE());
#4699=VERTEX_POINT('',#6232);
#4700=(B_SPLINE_CURVE(2,(#6234,#6235,#6236,#6237,#6238),.UNSPECIFIED.,.F.,.F.)B_SPLINE_CURVE_WITH_KNOTS((3,2,3),(0.0,27.683711470965,55.36742294193),.UNSPECIFIED.)RATIONAL_B_SPLINE_CURVE((1.0,1.04310506748752,1.0,1.04310506748753,1.0))BOUNDED_CURVE()REPRESENTATION_ITEM('')GEOMETRIC_REPRESENTATION_ITEM()CURVE());
#4701=LINE('',#6245,#6246);
#4702=FILL_AREA_STYLE_COLOUR('',#6247);
#4703=VERTEX_POINT('',#6248);
#4704=VERTEX_POINT('',#6249);
#4705=LINE('',#6250,#6251);
#4706=CIRCLE('',#6252,51.75);
#4707=CIRCLE('',#6253,51.75);
#4708=FILL_AREA_STYLE_COLOUR('',#6254);
#4709=VERTEX_POINT('',#6255);
#4710=VERTEX_POINT('',#6256);
#4711=LINE('',#6257,#6258);
#4712=CIRCLE('',#6259,51.75);
#4713=CIRCLE('',#6260,51.75);
#4714=FILL_AREA_STYLE_COLOUR('',#6261);
#4715=VERTEX_POINT('',#6262);
#4716=VERTEX_POINT('',#6263);
#4717=LINE('',#6264,#6265);
#4718=VERTEX_POINT('',#6266);
#4719=CIRCLE('',#6267,51.75);
#4720=VERTEX_POINT('',#6268);
#4721=LINE('',#6269,#6270);
#4722=CIRCLE('',#6271,51.75);
#4723=FILL_AREA_STYLE_COLOUR('',#6272);
#4724=VERTEX_POINT('',#6273);
#4725=LINE('',#6274,#6275);
#4726=VERTEX_POINT('',#6276);
#4727=LINE('',#6277,#6278);
#4728=(B_SPLINE_CURVE(2,(#6280,#6281,#6282,#6283,#6284),.UNSPECIFIED.,.F.,.F.)B_SPLINE_CURVE_WITH_KNOTS((3,2,3),(0.0,27.683711470965,55.36742294193),.UNSPECIFIED.)RATIONAL_B_SPLINE_CURVE((1.0,1.04310506748754,1.0,1.04310506748753,1.0))BOUNDED_CURVE()REPRESENTATION_ITEM('')GEOMETRIC_REPRESENTATION_ITEM()CURVE());
#4729=(B_SPLINE_CURVE(2,(#6292,#6293,#6294,#6295,#6296),.UNSPECIFIED.,.F.,.F.)B_SPLINE_CURVE_WITH_KNOTS((3,2,3),(0.0,27.683711470965,55.36742294193),.UNSPECIFIED.)RATIONAL_B_SPLINE_CURVE((1.0,1.04310506748754,1.0,1.04310506748753,1.0))BOUNDED_CURVE()REPRESENTATION_ITEM('')GEOMETRIC_REPRESENTATION_ITEM()CURVE());
#4730=FILL_AREA_STYLE_COLOUR('',#6303);
#4731=VERTEX_POINT('',#6304);
#4732=VERTEX_POINT('',#6305);
#4733=LINE('',#6306,#6307);
#4734=CIRCLE('',#6308,51.75);
#4735=CIRCLE('',#6309,51.75);
#4736=FILL_AREA_STYLE_COLOUR('',#6310);
#4737=VERTEX_POINT('',#6311);
#4738=VERTEX_POINT('',#6312);
#4739=LINE('',#6313,#6314);
#4740=VERTEX_POINT('',#6315);
#4741=CIRCLE('',#6316,51.75);
#4742=VERTEX_POINT('',#6317);
#4743=LINE('',#6318,#6319);
#4744=CIRCLE('',#6320,51.75);
#4745=FILL_AREA_STYLE_COLOUR('',#6321);
#4746=VERTEX_POINT('',#6322);
#4747=(B_SPLINE_CURVE(2,(#6324,#6325,#6326),.UNSPECIFIED.,.F.,.F.)B_SPLINE_CURVE_WITH_KNOTS((3,3),(0.0,6.28843639156731),.UNSPECIFIED.)RATIONAL_B_SPLINE_CURVE((1.0,1.0015841301232,1.0))BOUNDED_CURVE()REPRESENTATION_ITEM('')GEOMETRIC_REPRESENTATION_ITEM()CURVE());
#4748=VERTEX_POINT('',#6333);
#4749=CIRCLE('',#6334,46.5538475772934);
#4750=(B_SPLINE_CURVE(2,(#6336,#6337,#6338),.UNSPECIFIED.,.F.,.F.)B_SPLINE_CURVE_WITH_KNOTS((3,3),(0.0,6.18772478488397),.UNSPECIFIED.)RATIONAL_B_SPLINE_CURVE((1.0,1.00151881823163,1.0))BOUNDED_CURVE()REPRESENTATION_ITEM('')GEOMETRIC_REPRESENTATION_ITEM()CURVE());
#4751=VERTEX_POINT('',#6345);
#4752=(B_SPLINE_CURVE(2,(#6347,#6348,#6349,#6350,#6351),.UNSPECIFIED.,.F.,.F.)B_SPLINE_CURVE_WITH_KNOTS((3,2,3),(0.0,27.683711470965,55.3674229419301),.UNSPECIFIED.)RATIONAL_B_SPLINE_CURVE((1.0,1.04310506748752,1.0,1.04310506748752,1.0))BOUNDED_CURVE()REPRESENTATION_ITEM('')GEOMETRIC_REPRESENTATION_ITEM()CURVE());
#4753=CIRCLE('',#6358,44.0);
#4754=FILL_AREA_STYLE_COLOUR('',#6359);
#4755=VERTEX_POINT('',#6360);
#4756=(B_SPLINE_CURVE(2,(#6362,#6363,#6364),.UNSPECIFIED.,.F.,.F.)B_SPLINE_CURVE_WITH_KNOTS((3,3),(0.0,6.28843639156727),.UNSPECIFIED.)RATIONAL_B_SPLINE_CURVE((1.0,1.00158413012355,1.0))BOUNDED_CURVE()REPRESENTATION_ITEM('')GEOMETRIC_REPRESENTATION_ITEM()CURVE());
#4757=VERTEX_POINT('',#6371);
#4758=CIRCLE('',#6372,46.5538475772934);
#4759=(B_SPLINE_CURVE(2,(#6374,#6375,#6376),.UNSPECIFIED.,.F.,.F.)B_SPLINE_CURVE_WITH_KNOTS((3,3),(0.0,6.18772478488394),.UNSPECIFIED.)RATIONAL_B_SPLINE_CURVE((1.0,1.00151881822907,1.0))BOUNDED_CURVE()REPRESENTATION_ITEM('')GEOMETRIC_REPRESENTATION_ITEM()CURVE());
#4760=FILL_AREA_STYLE_COLOUR('',#6383);
#4761=CIRCLE('',#6384,44.0);
#4762=FILL_AREA_STYLE_COLOUR('',#6385);
#4763=FILL_AREA_STYLE_COLOUR('',#6386);
#4764=FILL_AREA_STYLE_COLOUR('',#6387);
#4765=CIRCLE('',#6388,44.0);
#4766=FILL_AREA_STYLE_COLOUR('',#6389);
#4767=VERTEX_POINT('',#6390);
#4768=VERTEX_POINT('',#6391);
#4769=(B_SPLINE_CURVE(2,(#6393,#6394,#6395),.UNSPECIFIED.,.F.,.F.)B_SPLINE_CURVE_WITH_KNOTS((3,3),(0.0,6.28843639156729),.UNSPECIFIED.)RATIONAL_B_SPLINE_CURVE((1.0,1.00158413012319,1.0))BOUNDED_CURVE()REPRESENTATION_ITEM('')GEOMETRIC_REPRESENTATION_ITEM()CURVE());
#4770=VERTEX_POINT('',#6402);
#4771=CIRCLE('',#6403,46.5538475772934);
#4772=(B_SPLINE_CURVE(2,(#6405,#6406,#6407),.UNSPECIFIED.,.F.,.F.)B_SPLINE_CURVE_WITH_KNOTS((3,3),(0.0,6.18772478488395),.UNSPECIFIED.)RATIONAL_B_SPLINE_CURVE((1.0,1.00151881822817,1.0))BOUNDED_CURVE()REPRESENTATION_ITEM('')GEOMETRIC_REPRESENTATION_ITEM()CURVE());
#4773=VERTEX_POINT('',#6414);
#4774=(B_SPLINE_CURVE(2,(#6416,#6417,#6418,#6419,#6420),.UNSPECIFIED.,.F.,.F.)B_SPLINE_CURVE_WITH_KNOTS((3,2,3),(0.0,27.683711470965,55.3674229419301),.UNSPECIFIED.)RATIONAL_B_SPLINE_CURVE((1.0,1.04310506748752,1.0,1.04310506748752,1.0))BOUNDED_CURVE()REPRESENTATION_ITEM('')GEOMETRIC_REPRESENTATION_ITEM()CURVE());
#4775=CIRCLE('',#6427,51.75);
#4776=FILL_AREA_STYLE_COLOUR('',#6428);
#4777=VERTEX_POINT('',#6429);
#4778=LINE('',#6430,#6431);
#4779=VERTEX_POINT('',#6432);
#4780=LINE('',#6433,#6434);
#4781=CIRCLE('',#6435,51.75);
#4782=FILL_AREA_STYLE_COLOUR('',#6436);
#4783=CIRCLE('',#6437,45.6768021760758);
#4784=CIRCLE('',#6438,39.6768670076485);
#4785=FILL_AREA_STYLE_COLOUR('',#6439);
#4786=CIRCLE('',#6440,45.6768021760758);
#4787=FILL_AREA_STYLE_COLOUR('',#6441);
#4788=CIRCLE('',#6442,39.6768670076485);
#4789=FILL_AREA_STYLE_COLOUR('',#6443);
#4790=FILL_AREA_STYLE_COLOUR('',#6444);
#4791=VERTEX_POINT('',#6445);
#4792=ELLIPSE('',#6446,19.4830596052631,18.0);
#4793=CIRCLE('',#6447,45.6768021760758);
#4794=CIRCLE('',#6448,39.6768670076485);
#4795=FILL_AREA_STYLE_COLOUR('',#6449);
#4796=VERTEX_POINT('',#6450);
#4797=B_SPLINE_CURVE_WITH_KNOTS('',3,(#6451,#6452,#6453,#6454,#6455,#6456),.UNSPECIFIED.,.F.,.F.,(4,2,4),(0.0,4.94708602516658,9.89417205033316),.UNSPECIFIED.);
#4798=CIRCLE('',#6457,45.6768021760758);
#4799=FILL_AREA_STYLE_COLOUR('',#6458);
#4800=CIRCLE('',#6459,39.6768670076485);
#4801=ELLIPSE('',#6460,19.4830596052631,18.0);
#4802=FILL_AREA_STYLE_COLOUR('',#6461);
#4803=FILL_AREA_STYLE_COLOUR('',#6462);
#4804=VERTEX_POINT('',#6463);
#4805=VERTEX_POINT('',#6464);
#4806=ELLIPSE('',#6465,19.4830596052631,18.0);
#4807=CIRCLE('',#6466,45.6768021760758);
#4808=CIRCLE('',#6467,39.6768670076485);
#4809=FILL_AREA_STYLE_COLOUR('',#6468);
#4810=VERTEX_POINT('',#6469);
#4811=B_SPLINE_CURVE_WITH_KNOTS('',3,(#6470,#6471,#6472,#6473,#6474,#6475),.UNSPECIFIED.,.F.,.F.,(4,2,4),(0.0,3.84974630770892,7.69949261541783),.UNSPECIFIED.);
#4812=CIRCLE('',#6476,45.6768021760758);
#4813=FILL_AREA_STYLE_COLOUR('',#6477);
#4814=VERTEX_POINT('',#6478);
#4815=ELLIPSE('',#6479,19.4830596052631,18.0);
#4816=CIRCLE('',#6480,39.6768670076485);
#4817=FILL_AREA_STYLE_COLOUR('',#6481);
#4818=B_SPLINE_CURVE_WITH_KNOTS('',3,(#6482,#6483,#6484,#6485,#6486,#6487),.UNSPECIFIED.,.F.,.F.,(4,2,4),(0.0,3.34023110457085,6.6804622091417),.UNSPECIFIED.);
#4819=FILL_AREA_STYLE_COLOUR('',#6488);
#4820=VERTEX_POINT('',#6489);
#4821=VERTEX_POINT('',#6490);
#4822=ELLIPSE('',#6491,19.4830596052631,18.0);
#4823=CIRCLE('',#6492,45.6768021760758);
#4824=CIRCLE('',#6493,39.6768670076485);
#4825=FILL_AREA_STYLE_COLOUR('',#6494);
#4826=VERTEX_POINT('',#6495);
#4827=B_SPLINE_CURVE_WITH_KNOTS('',3,(#6496,#6497,#6498,#6499,#6500,#6501),.UNSPECIFIED.,.F.,.F.,(4,2,4),(0.0,4.74262252007913,9.48524504015826),.UNSPECIFIED.);
#4828=CIRCLE('',#6502,45.6768021760758);
#4829=FILL_AREA_STYLE_COLOUR('',#6503);
#4830=VERTEX_POINT('',#6504);
#4831=ELLIPSE('',#6505,19.4830596052631,18.0);
#4832=CIRCLE('',#6506,39.6768670076485);
#4833=FILL_AREA_STYLE_COLOUR('',#6507);
#4834=B_SPLINE_CURVE_WITH_KNOTS('',3,(#6508,#6509,#6510,#6511,#6512,#6513),.UNSPECIFIED.,.F.,.F.,(4,2,4),(0.0,3.34023110457085,6.68046220914171),.UNSPECIFIED.);
#4835=FILL_AREA_STYLE_COLOUR('',#6514);
#4836=CIRCLE('',#6515,45.6768021760758);
#4837=VERTEX_POINT('',#6516);
#4838=CIRCLE('',#6517,39.6768670076485);
#4839=ELLIPSE('',#6518,19.4830596052631,18.0);
#4840=FILL_AREA_STYLE_COLOUR('',#6519);
#4841=CIRCLE('',#6520,45.6768021760758);
#4842=FILL_AREA_STYLE_COLOUR('',#6521);
#4843=VERTEX_POINT('',#6522);
#4844=ELLIPSE('',#6523,19.4830596052631,18.0);
#4845=CIRCLE('',#6524,39.6768670076485);
#4846=FILL_AREA_STYLE_COLOUR('',#6525);
#4847=B_SPLINE_CURVE_WITH_KNOTS('',3,(#6526,#6527,#6528,#6529,#6530,#6531),.UNSPECIFIED.,.F.,.F.,(4,2,4),(0.0,3.34023110457085,6.68046220914171),.UNSPECIFIED.);
#4848=FILL_AREA_STYLE_COLOUR('',#6532);
#4849=CIRCLE('',#6533,45.6768021760758);
#4850=CIRCLE('',#6534,39.6768670076485);
#4851=FILL_AREA_STYLE_COLOUR('',#6535);
#4852=CIRCLE('',#6536,45.6768021760758);
#4853=FILL_AREA_STYLE_COLOUR('',#6537);
#4854=CIRCLE('',#6538,39.6768670076485);
#4855=FILL_AREA_STYLE_COLOUR('',#6539);
#4856=FILL_AREA_STYLE_COLOUR('',#6540);
#4857=CIRCLE('',#6541,45.6768021760758);
#4858=CIRCLE('',#6542,39.6768670076485);
#4859=FILL_AREA_STYLE_COLOUR('',#6543);
#4860=CIRCLE('',#6544,45.6768021760758);
#4861=FILL_AREA_STYLE_COLOUR('',#6545);
#4862=CIRCLE('',#6546,39.6768670076485);
#4863=FILL_AREA_STYLE_COLOUR('',#6547);
#4864=FILL_AREA_STYLE_COLOUR('',#6548);
#4865=VERTEX_POINT('',#6549);
#4866=LINE('',#6550,#6551);
#4867=VERTEX_POINT('',#6552);
#4868=LINE('',#6553,#6554);
#4869=LINE('',#6555,#6556);
#4870=FILL_AREA_STYLE_COLOUR('',#6557);
#4871=VERTEX_POINT('',#6558);
#4872=CIRCLE('',#6559,18.0);
#4873=LINE('',#6560,#6561);
#4874=FILL_AREA_STYLE_COLOUR('',#6562);
#4875=VERTEX_POINT('',#6563);
#4876=LINE('',#6564,#6565);
#4877=LINE('',#6566,#6567);
#4878=FILL_AREA_STYLE_COLOUR('',#6568);
#4879=VERTEX_POINT('',#6569);
#4880=LINE('',#6570,#6571);
#4881=VERTEX_POINT('',#6572);
#4882=LINE('',#6573,#6574);
#4883=LINE('',#6575,#6576);
#4884=FILL_AREA_STYLE_COLOUR('',#6577);
#4885=VERTEX_POINT('',#6578);
#4886=CIRCLE('',#6579,18.0);
#4887=LINE('',#6580,#6581);
#4888=FILL_AREA_STYLE_COLOUR('',#6582);
#4889=VERTEX_POINT('',#6583);
#4890=LINE('',#6584,#6585);
#4891=LINE('',#6586,#6587);
#4892=FILL_AREA_STYLE_COLOUR('',#6588);
#4893=LINE('',#6589,#6590);
#4894=LINE('',#6591,#6592);
#4895=FILL_AREA_STYLE_COLOUR('',#6593);
#4896=LINE('',#6594,#6595);
#4897=FILL_AREA_STYLE_COLOUR('',#6596);
#4898=LINE('',#6597,#6598);
#4899=FILL_AREA_STYLE_COLOUR('',#6599);
#4900=CIRCLE('',#6600,18.0);
#4901=VERTEX_POINT('',#6601);
#4902=LINE('',#6602,#6603);
#4903=VERTEX_POINT('',#6604);
#4904=CIRCLE('',#6605,51.75);
#4905=LINE('',#6606,#6607);
#4906=VERTEX_POINT('',#6608);
#4907=VERTEX_POINT('',#6609);
#4908=CIRCLE('',#6610,51.75);
#4909=LINE('',#6611,#6612);
#4910=CIRCLE('',#6613,18.0);
#4911=LINE('',#6614,#6615);
#4912=CIRCLE('',#6616,18.0);
#4913=FILL_AREA_STYLE_COLOUR('',#6617);
#4914=CIRCLE('',#6618,18.0);
#4915=FILL_AREA_STYLE_COLOUR('',#6619);
#4916=VERTEX_POINT('',#6620);
#4917=LINE('',#6621,#6622);
#4918=VERTEX_POINT('',#6623);
#4919=CIRCLE('',#6624,46.5538475772934);
#4920=LINE('',#6625,#6626);
#4921=FILL_AREA_STYLE_COLOUR('',#6627);
#4922=VERTEX_POINT('',#6628);
#4923=(B_SPLINE_CURVE(2,(#6630,#6631,#6632),.UNSPECIFIED.,.F.,.F.)B_SPLINE_CURVE_WITH_KNOTS((3,3),(0.0,6.2884363915673),.UNSPECIFIED.)RATIONAL_B_SPLINE_CURVE((1.0,1.00158413012157,1.0))BOUNDED_CURVE()REPRESENTATION_ITEM('')GEOMETRIC_REPRESENTATION_ITEM()CURVE());
#4924=LINE('',#6639,#6640);
#4925=FILL_AREA_STYLE_COLOUR('',#6641);
#4926=VERTEX_POINT('',#6642);
#4927=CIRCLE('',#6643,51.75);
#4928=LINE('',#6644,#6645);
#4929=FILL_AREA_STYLE_COLOUR('',#6646);
#4930=(B_SPLINE_CURVE(2,(#6648,#6649,#6650,#6651,#6652),.UNSPECIFIED.,.F.,.F.)B_SPLINE_CURVE_WITH_KNOTS((3,2,3),(0.0,27.683711470965,55.3674229419301),.UNSPECIFIED.)RATIONAL_B_SPLINE_CURVE((1.0,1.04310506748752,1.0,1.04310506748752,1.0))BOUNDED_CURVE()REPRESENTATION_ITEM('')GEOMETRIC_REPRESENTATION_ITEM()CURVE());
#4931=FILL_AREA_STYLE_COLOUR('',#6659);
#4932=CIRCLE('',#6660,44.0);
#4933=FILL_AREA_STYLE_COLOUR('',#6661);
#4934=VERTEX_POINT('',#6662);
#4935=(B_SPLINE_CURVE(2,(#6664,#6665,#6666,#6667,#6668),.UNSPECIFIED.,.F.,.F.)B_SPLINE_CURVE_WITH_KNOTS((3,2,3),(0.0,27.683711470965,55.3674229419301),.UNSPECIFIED.)RATIONAL_B_SPLINE_CURVE((1.0,1.04310506748752,1.0,1.04310506748752,1.0))BOUNDED_CURVE()REPRESENTATION_ITEM('')GEOMETRIC_REPRESENTATION_ITEM()CURVE());
#4936=LINE('',#6675,#6676);
#4937=FILL_AREA_STYLE_COLOUR('',#6677);
#4938=VERTEX_POINT('',#6678);
#4939=LINE('',#6679,#6680);
#4940=CIRCLE('',#6681,51.75);
#4941=FILL_AREA_STYLE_COLOUR('',#6682);
#4942=(B_SPLINE_CURVE(2,(#6684,#6685,#6686),.UNSPECIFIED.,.F.,.F.)B_SPLINE_CURVE_WITH_KNOTS((3,3),(0.0,6.18772478488396),.UNSPECIFIED.)RATIONAL_B_SPLINE_CURVE((1.0,1.00151881823075,1.0))BOUNDED_CURVE()REPRESENTATION_ITEM('')GEOMETRIC_REPRESENTATION_ITEM()CURVE());
#4943=FILL_AREA_STYLE_COLOUR('',#6693);
#4944=FILL_AREA_STYLE_COLOUR('',#6694);
#4945=VERTEX_POINT('',#6695);
#4946=B_SPLINE_CURVE_WITH_KNOTS('',3,(#6696,#6697,#6698,#6699,#6700,#6701),.UNSPECIFIED.,.F.,.F.,(4,2,4),(8.69835182845635,8.93988083927906,9.69607112769145),.UNSPECIFIED.);
#4947=VERTEX_POINT('',#6702);
#4948=LINE('',#6703,#6704);
#4949=B_SPLINE_CURVE_WITH_KNOTS('',3,(#6705,#6706,#6707,#6708,#6709,#6710,#6711,#6712,#6713,#6714,#6715,#6716,#6717,#6718,#6719,#6720,#6721,#6722,#6723,#6724,#6725,#6726,#6727,#6728),.UNSPECIFIED.,.F.,.F.,(4,2,2,2,2,2,2,2,2,2,2,4),(9.69607112769145,10.0025164047235,10.3089616817555,10.4856666997235,10.6623717176914,10.8286601503955,10.9949485830996,11.2611769630333,11.5274053429671,11.8906198906595,12.2538344383519,12.8830957802473),.UNSPECIFIED.);
#4950=FILL_AREA_STYLE_COLOUR('',#6729);
#4951=B_SPLINE_CURVE_WITH_KNOTS('',3,(#6730,#6731,#6732,#6733,#6734,#6735,#6736,#6737,#6738,#6739,#6740,#6741,#6742,#6743,#6744,#6745,#6746,#6747,#6748,#6749,#6750,#6751,#6752,#6753,#6754,#6755,#6756),.UNSPECIFIED.,.F.,.F.,(4,3,2,2,2,2,2,2,2,2,2,2,4),(-0.313952312367341,0.0,0.538347655051343,0.807521482577014,1.07669531010269,1.23926309522868,1.40183088035467,1.64175817442188,1.88168546848909,2.23892672768604,2.596167986883,3.31065050527692,3.92437005220739),.UNSPECIFIED.);
#4952=FILL_AREA_STYLE_COLOUR('',#6757);
#4953=COLOUR_RGB('',0.117647059261799,0.117647059261799,0.117647059261799);
#4954=CARTESIAN_POINT('',(15.7702525908888,-8.67750731601913,5.0));
#4955=CARTESIAN_POINT('',(25.5873678864713,-38.8914814437847,4.99999999999997));
#4956=CARTESIAN_POINT('',(23.2849884199299,-31.8054860632798,5.0));
#4957=VECTOR('',#6758,1.0);
#4958=CARTESIAN_POINT('',(16.6472438406766,-6.84611367923828,4.08348486100883));
#4959=CARTESIAN_POINT('',(16.6472438406766,-6.84611367923828,4.08348486100883));
#4960=CARTESIAN_POINT('',(16.6420942256067,-6.858633136073,4.07966281321459));
#4961=CARTESIAN_POINT('',(16.6369154813645,-6.8711883084391,4.07596580387625));
#4962=CARTESIAN_POINT('',(16.5595861850083,-7.0580216321781,4.02309354243772));
#4963=CARTESIAN_POINT('',(16.481645939771,-7.23794987621056,4.0));
#4964=CARTESIAN_POINT('',(16.3370973536164,-7.55833946200899,4.0));
#4965=CARTESIAN_POINT('',(16.2581349815038,-7.72686976753506,4.02079659490095));
#4966=CARTESIAN_POINT('',(16.1026898508359,-8.04579697498583,4.11752468347121));
#4967=CARTESIAN_POINT('',(16.0262812276819,-8.1961995818224,4.19355646485571));
#4968=CARTESIAN_POINT('',(15.9103576331369,-8.41860887374378,4.37253460575074));
#4969=CARTESIAN_POINT('',(15.860252081872,-8.51221662830926,4.4779526362509));
#4970=CARTESIAN_POINT('',(15.8075937561201,-8.60937491953915,4.66176556863051));
#4971=CARTESIAN_POINT('',(15.7936657454615,-8.63484219318538,4.72725173419337));
#4972=CARTESIAN_POINT('',(15.7749908796058,-8.66891228058687,4.86209080238437));
#4973=CARTESIAN_POINT('',(15.7702525908888,-8.67750731601913,4.93144685654759));
#4974=CARTESIAN_POINT('',(15.7702525908888,-8.67750731601913,5.0));
#4975=CARTESIAN_POINT('',(27.3053751709002,-39.6484690113191,4.08348486100882));
#4976=CARTESIAN_POINT('',(24.6164675427431,-31.3728622711549,4.08348486100882));
#4977=VECTOR('',#6759,1.0);
#4978=CARTESIAN_POINT('',(25.5873678864713,-38.8914814437847,4.99999999999995));
#4979=CARTESIAN_POINT('',(25.5968391884498,-38.9206441044358,4.98292878849392));
#4980=CARTESIAN_POINT('',(25.6067111690103,-38.9495995467107,4.96582888170797));
#4981=CARTESIAN_POINT('',(25.6897180012893,-39.1820556131836,4.82735282330287));
#4982=CARTESIAN_POINT('',(25.7816914577787,-39.3746152556704,4.7052435011114));
#4983=CARTESIAN_POINT('',(25.9834260128423,-39.6827106536163,4.49262521643033));
#4984=CARTESIAN_POINT('',(26.0954164707918,-39.8203079271643,4.39075808237569));
#4985=CARTESIAN_POINT('',(26.2936584734425,-39.9812039174717,4.25027864977791));
#4986=CARTESIAN_POINT('',(26.364474379973,-40.0272167843365,4.20561830544828));
#4987=CARTESIAN_POINT('',(26.5163359548049,-40.0956019522605,4.12436983697117));
#4988=CARTESIAN_POINT('',(26.597082809302,-40.1184710591656,4.08764244486501));
#4989=CARTESIAN_POINT('',(26.7424820581437,-40.1231197980979,4.03891721778674));
#4990=CARTESIAN_POINT('',(26.8052015758882,-40.1156210995127,4.02242682939344));
#4991=CARTESIAN_POINT('',(26.9251829118838,-40.0770144482136,4.00238605134055));
#4992=CARTESIAN_POINT('',(26.9824417769941,-40.045896234451,3.99883775005005));
#4993=CARTESIAN_POINT('',(27.0990557896136,-39.9593985638688,4.00252835628118));
#4994=CARTESIAN_POINT('',(27.1602798977367,-39.8919847798911,4.01485271652236));
#4995=CARTESIAN_POINT('',(27.2478211693721,-39.763329222081,4.04766292734285));
#4996=CARTESIAN_POINT('',(27.2792950635423,-39.7053211803388,4.06499222923879));
#4997=CARTESIAN_POINT('',(27.3053751709002,-39.6484690113191,4.08348486100882));
#4998=COLOUR_RGB('',0.117647059261799,0.117647059261799,0.117647059261799);
#4999=CARTESIAN_POINT('',(14.2188329039942,-11.037426821877,14.8365900111645));
#5000=CARTESIAN_POINT('',(14.4516110483956,-10.730840512555,13.9087602426267));
#5001=CARTESIAN_POINT('',(12.9887767510518,-12.4616081831895,19.4060414214719));
#5002=CARTESIAN_POINT('',(13.2816856720437,-12.1563082149007,18.376148737082));
#5003=CARTESIAN_POINT('',(13.5924918308263,-11.8094177966126,17.2435003567531));
#5004=CARTESIAN_POINT('',(14.1866947877253,-11.0885469778315,14.97964736456));
#5005=CARTESIAN_POINT('',(14.4700889260502,-10.7145071923869,13.8484609647394));
#5006=CARTESIAN_POINT('',(14.7171544126939,-10.3636560147915,12.8210638922874));
#5007=CARTESIAN_POINT('',(6.23031649276992,-16.8873667692722,9.65636169505224));
#5008=AXIS2_PLACEMENT_3D('',#6760,#6761,#6762);
#5009=CARTESIAN_POINT('',(5.90516566703072,-17.0037942367262,10.603387043041));
#5010=CARTESIAN_POINT('',(8.41865565874292,-15.9099414486514,3.22314094246149));
#5011=CARTESIAN_POINT('',(7.91990116797738,-16.1738545704915,4.7041429347203));
#5012=CARTESIAN_POINT('',(7.36595335727934,-16.4349307258792,6.33617267315173));
#5013=CARTESIAN_POINT('',(6.24858914222203,-16.8913986929042,9.6062326173072));
#5014=CARTESIAN_POINT('',(5.6853386827931,-17.0869855850269,11.2442922892552));
#5015=CARTESIAN_POINT('',(5.17116947217894,-17.2412008366588,12.7354732836463));
#5016=AXIS2_PLACEMENT_3D('',#6763,#6764,#6765);
#5017=CARTESIAN_POINT('',(2.96967040801926E-15,18.0,25.0));
#5018=CARTESIAN_POINT('',(3.58738150102451E-15,18.0,11.423310802673));
#5019=CARTESIAN_POINT('',(2.20429143688028E-15,18.0,12.5));
#5020=VECTOR('',#6766,1.0);
#5021=CARTESIAN_POINT('',(2.96967040801926E-15,-18.0,25.0));
#5022=AXIS2_PLACEMENT_3D('',#6767,#6768,#6769);
#5023=CARTESIAN_POINT('',(1.75221859584248E-16,-18.0,14.7414735979118));
#5024=CARTESIAN_POINT('',(-2.20429143688028E-15,-18.0,12.5));
#5025=VECTOR('',#6770,1.0);
#5026=CARTESIAN_POINT('',(0.235889535193308,-17.9984542704974,14.8365900111645));
#5027=AXIS2_PLACEMENT_3D('',#6771,#6772,#6773);
#5028=CARTESIAN_POINT('',(0.620723163044795,-17.989294114969,13.9087602426267));
#5029=CARTESIAN_POINT('',(-1.64450775689819,-17.9247201996991,19.4060414214719));
#5030=CARTESIAN_POINT('',(-1.22318890498154,-17.9633741988905,18.376148737082));
#5031=CARTESIAN_POINT('',(-0.758194584641572,-17.9900896006065,17.2435003567531));
#5032=CARTESIAN_POINT('',(0.175884400134736,-18.0052005753181,14.97964736456));
#5033=CARTESIAN_POINT('',(0.645013835243044,-17.9935570428933,13.8484609647395));
#5034=CARTESIAN_POINT('',(1.07336314286177,-17.9679684873818,12.8210638922874));
#5035=CARTESIAN_POINT('',(-3.87646002947851E-16,-18.0,13.6590813976194));
#5036=AXIS2_PLACEMENT_3D('',#6774,#6775,#6776);
#5037=CARTESIAN_POINT('',(-2.96967040801926E-15,-18.0,0.0));
#5038=CARTESIAN_POINT('',(-2.20429143688028E-15,-18.0,12.5));
#5039=VECTOR('',#6777,1.0);
#5040=CARTESIAN_POINT('',(16.6472438406766,-6.84611367923827,0.0));
#5041=AXIS2_PLACEMENT_3D('',#6778,#6779,#6780);
#5042=CARTESIAN_POINT('',(16.6472438406766,-6.84611367923828,2.5));
#5043=VECTOR('',#6781,1.0);
#5044=CARTESIAN_POINT('',(16.9601616033852,-6.02933813839119,5.31224989991992));
#5045=CARTESIAN_POINT('',(15.7702525908888,-8.67750731601913,5.0));
#5046=CARTESIAN_POINT('',(15.7702525908888,-8.67750731601913,5.12309833915281));
#5047=CARTESIAN_POINT('',(15.7862970489077,-8.64850262583344,5.25061696011103));
#5048=CARTESIAN_POINT('',(15.8449491393653,-8.54057136251357,5.47834492370722));
#5049=CARTESIAN_POINT('',(15.8872751997202,-8.46188690303607,5.57874134569355));
#5050=CARTESIAN_POINT('',(15.9979973446994,-8.25133152273985,5.77428283389238));
#5051=CARTESIAN_POINT('',(16.0792443857158,-8.09282259259022,5.86282622756224));
#5052=CARTESIAN_POINT('',(16.2459862900854,-7.75266451750654,5.9757322273246));
#5053=CARTESIAN_POINT('',(16.3314086545319,-7.57094837083265,6.0));
#5054=CARTESIAN_POINT('',(16.4893038605843,-7.22097621951343,6.0));
#5055=CARTESIAN_POINT('',(16.5747203548881,-7.02287820044168,5.97200898721263));
#5056=CARTESIAN_POINT('',(16.7306323054257,-6.64289964687198,5.85283265396036));
#5057=CARTESIAN_POINT('',(16.8012671807863,-6.46088439671072,5.76226011827991));
#5058=CARTESIAN_POINT('',(16.892822911403,-6.21632992259487,5.56894459203383));
#5059=CARTESIAN_POINT('',(16.9265852916822,-6.12337076165625,5.4730359159737));
#5060=CARTESIAN_POINT('',(16.9537925622572,-6.04723296895951,5.34596352669135));
#5061=CARTESIAN_POINT('',(16.9570924387456,-6.03797151191917,5.32924740019751));
#5062=CARTESIAN_POINT('',(16.9601616033852,-6.02933813839119,5.31224989991992));
#5063=CARTESIAN_POINT('',(17.8369300536393,-2.41742140752851,5.0));
#5064=CARTESIAN_POINT('',(16.9601616033852,-6.02933813839119,5.31224989991992));
#5065=CARTESIAN_POINT('',(16.9627054215423,-6.02218285582225,5.32632293991984));
#5066=CARTESIAN_POINT('',(16.9653965109302,-6.01459833511966,5.34019952525683));
#5067=CARTESIAN_POINT('',(16.9906925441058,-5.94313886061664,5.4621595835049));
#5068=CARTESIAN_POINT('',(17.022137474778,-5.85290508299382,5.55581321683642));
#5069=CARTESIAN_POINT('',(17.1128471339437,-5.58433125371134,5.76531205616052));
#5070=CARTESIAN_POINT('',(17.1829445877867,-5.36692387242498,5.85874375490527));
#5071=CARTESIAN_POINT('',(17.3197657934115,-4.90746060311215,5.9765730317408));
#5072=CARTESIAN_POINT('',(17.3864714221412,-4.66515095340664,6.0));
#5073=CARTESIAN_POINT('',(17.5086230840869,-4.18547425630445,6.0));
#5074=CARTESIAN_POINT('',(17.573563391752,-3.90479764121591,5.96911269254861));
#5075=CARTESIAN_POINT('',(17.6859628011073,-3.35921038845102,5.83878003449917));
#5076=CARTESIAN_POINT('',(17.7335701876908,-3.09385883315798,5.74131624334378));
#5077=CARTESIAN_POINT('',(17.7875917487572,-2.75936799102814,5.53762497210597));
#5078=CARTESIAN_POINT('',(17.8046598490487,-2.64604045607961,5.4519138866737));
#5079=CARTESIAN_POINT('',(17.8230686807696,-2.51795222540857,5.29915601379699));
#5080=CARTESIAN_POINT('',(17.8280475712731,-2.4822100737515,5.24426269087028));
#5081=CARTESIAN_POINT('',(17.8349715472728,-2.4319599856402,5.12733216833999));
#5082=CARTESIAN_POINT('',(17.8369300536393,-2.41742140752851,5.06530893429693));
#5083=CARTESIAN_POINT('',(17.8369300536393,-2.41742140752851,5.0));
#5084=CARTESIAN_POINT('',(17.9611658031101,-1.18174573965332,5.0));
#5085=AXIS2_PLACEMENT_3D('',#6782,#6783,#6784);
#5086=CARTESIAN_POINT('',(17.9611658031101,-1.18174573965332,0.0));
#5087=CARTESIAN_POINT('',(17.9611658031101,-1.18174573965332,2.5));
#5088=VECTOR('',#6785,1.0);
#5089=CARTESIAN_POINT('',(6.84611367923828,16.6472438406766,0.0));
#5090=AXIS2_PLACEMENT_3D('',#6786,#6787,#6788);
#5091=CARTESIAN_POINT('',(6.84611367923828,16.6472438406766,5.0));
#5092=CARTESIAN_POINT('',(6.84611367923828,16.6472438406766,2.5));
#5093=VECTOR('',#6789,1.0);
#5094=CARTESIAN_POINT('',(1.18174573965331,17.9611658031101,5.0));
#5095=AXIS2_PLACEMENT_3D('',#6790,#6791,#6792);
#5096=CARTESIAN_POINT('',(1.18174573965331,17.9611658031101,0.0));
#5097=CARTESIAN_POINT('',(1.18174573965331,17.9611658031101,2.5));
#5098=VECTOR('',#6793,1.0);
#5099=CARTESIAN_POINT('',(1.43891246574129E-15,18.0,0.0));
#5100=AXIS2_PLACEMENT_3D('',#6794,#6795,#6796);
#5101=CARTESIAN_POINT('',(4.06016963504629E-15,18.0,10.3409186023806));
#5102=CARTESIAN_POINT('',(2.20429143688028E-15,18.0,12.5));
#5103=VECTOR('',#6797,1.0);
#5104=CARTESIAN_POINT('',(1.71383264053674,17.9182247357329,9.65636169505224));
#5105=AXIS2_PLACEMENT_3D('',#6798,#6799,#6800);
#5106=CARTESIAN_POINT('',(2.05729939681543,17.8820446032288,10.603387043041));
#5107=CARTESIAN_POINT('',(0.405519007929358,17.99543148508,6.10738191780598));
#5108=CARTESIAN_POINT('',(0.795595472870001,17.9866412862336,7.15235840033985));
#5109=CARTESIAN_POINT('',(1.22062727531868,17.9635152641225,8.30307786114742));
#5110=CARTESIAN_POINT('',(2.06047126555608,17.886650598326,10.6072348710742));
#5111=CARTESIAN_POINT('',(2.47525771065403,17.8329960363095,11.7606846072028));
#5112=CARTESIAN_POINT('',(2.84818772616721,17.7732334333545,12.8102389888156));
#5113=AXIS2_PLACEMENT_3D('',#6801,#6802,#6803);
#5114=CARTESIAN_POINT('',(7.59670750974666,16.3183956016319,14.8365900111645));
#5115=CARTESIAN_POINT('',(7.24600994919898,16.4771156400661,13.9087602426267));
#5116=CARTESIAN_POINT('',(9.25889491487079,15.4360896912197,19.4060414214719));
#5117=CARTESIAN_POINT('',(8.89607108753448,15.6537191399414,18.376148737082));
#5118=CARTESIAN_POINT('',(8.48871705954532,15.8795423595586,17.2435003567531));
#5119=CARTESIAN_POINT('',(7.65369738030955,16.2984385598833,14.97964736456));
#5120=CARTESIAN_POINT('',(7.2259744248753,16.491495733091,13.8484609647395));
#5121=CARTESIAN_POINT('',(6.82894257597932,16.6542950404386,12.8210638922874));
#5122=CARTESIAN_POINT('',(15.0775893818007,9.83190207608944,9.65636169505225));
#5123=AXIS2_PLACEMENT_3D('',#6804,#6805,#6806);
#5124=CARTESIAN_POINT('',(15.2634506349863,9.54081100920335,10.603387043041));
#5125=CARTESIAN_POINT('',(13.8047896737326,11.5510944097954,3.90238737803233));
#5126=CARTESIAN_POINT('',(14.1667644908431,11.1184959009337,5.39033281831187));
#5127=CARTESIAN_POINT('',(14.5376574899886,10.6311370839319,7.02988179066495));
#5128=CARTESIAN_POINT('',(15.2173951253852,9.6330392836468,10.3147793697224));
#5129=CARTESIAN_POINT('',(15.526384883207,9.12250780764724,11.9601609916624));
#5130=CARTESIAN_POINT('',(15.7846631749126,8.65126629196896,13.4579502389449));
#5131=AXIS2_PLACEMENT_3D('',#6807,#6808,#6809);
#5132=CARTESIAN_POINT('',(17.4947050847543,4.23500814609265,14.8365900111645));
#5133=CARTESIAN_POINT('',(17.4001410551625,4.60815486506789,13.9087602426267));
#5134=CARTESIAN_POINT('',(17.8412474426994,2.38534896574309,19.4060414214719));
#5135=CARTESIAN_POINT('',(17.7851800410066,2.80470579840624,18.376148737082));
#5136=CARTESIAN_POINT('',(17.7077546613783,3.26398647645257,17.2435003567531));
#5137=CARTESIAN_POINT('',(17.5146346443236,4.17800865909927,14.97964736456));
#5138=CARTESIAN_POINT('',(17.3988919195195,4.63278511010273,13.8484609647394));
#5139=CARTESIAN_POINT('',(17.2786282345281,5.04470081699298,12.8210638922874));
#5140=CARTESIAN_POINT('',(17.0876137917957,-5.65804338110196,9.65636169505224));
#5141=AXIS2_PLACEMENT_3D('',#6810,#6811,#6812);
#5142=CARTESIAN_POINT('',(16.9759122273609,-5.98484787182912,10.603387043041));
#5143=CARTESIAN_POINT('',(17.4540119781786,-4.39971202075747,6.10738191780598));
#5144=CARTESIAN_POINT('',(17.339238596472,-4.85502727085379,7.36496289616929));
#5145=CARTESIAN_POINT('',(17.1952952630661,-5.34580725426446,8.7500628622998));
#5146=CARTESIAN_POINT('',(16.8679637895792,-6.30298593268734,11.5240497123881));
#5147=CARTESIAN_POINT('',(16.6847233287252,-6.7693680068002,12.9129597556389));
#5148=CARTESIAN_POINT('',(16.5043150518051,-7.18384191576901,14.1769451414969));
#5149=AXIS2_PLACEMENT_3D('',#6813,#6814,#6815);
#5150=COLOUR_RGB('',0.117647059261799,0.117647059261799,0.117647059261799);
#5151=CARTESIAN_POINT('',(5.91658892174524E-16,44.0,22.162842109675));
#5152=CARTESIAN_POINT('',(-3.68945447644861E-16,44.0,6.4744645862196));
#5153=CARTESIAN_POINT('',(5.49962467908329E-15,44.0,14.3186533479473));
#5154=VECTOR('',#6816,1.0);
#5155=CARTESIAN_POINT('',(-44.0,2.69413397840923E-15,22.162842109675));
#5156=AXIS2_PLACEMENT_3D('',#6817,#6818,#6819);
#5157=CARTESIAN_POINT('',(-4.79660906464394E-15,-44.0,22.162842109675));
#5158=AXIS2_PLACEMENT_3D('',#6820,#6821,#6822);
#5159=CARTESIAN_POINT('',(-5.75721340446332E-15,-44.0,6.4744645862196));
#5160=CARTESIAN_POINT('',(-5.27691123455363E-15,-44.0,14.3186533479473));
#5161=VECTOR('',#6823,1.0);
#5162=CARTESIAN_POINT('',(-44.0,2.69413397840923E-15,6.4744645862196));
#5163=AXIS2_PLACEMENT_3D('',#6824,#6825,#6826);
#5164=AXIS2_PLACEMENT_3D('',#6827,#6828,#6829);
#5165=COLOUR_RGB('',0.117647059261799,0.117647059261799,0.117647059261799);
#5166=CARTESIAN_POINT('',(41.25,-43.4,4.0));
#5167=CARTESIAN_POINT('',(41.25,-43.4,0.0));
#5168=CARTESIAN_POINT('',(41.25,-43.4,2.0));
#5169=VECTOR('',#6830,1.0);
#5170=CARTESIAN_POINT('',(41.25,-39.1,4.0));
#5171=AXIS2_PLACEMENT_3D('',#6831,#6832,#6833);
#5172=CARTESIAN_POINT('',(41.25,-39.1,0.0));
#5173=CARTESIAN_POINT('',(41.25,-39.1,2.0));
#5174=VECTOR('',#6834,1.0);
#5175=AXIS2_PLACEMENT_3D('',#6835,#6836,#6837);
#5176=COLOUR_RGB('',0.117647059261799,0.117647059261799,0.117647059261799);
#5177=CARTESIAN_POINT('',(-43.4,-41.25,4.0));
#5178=CARTESIAN_POINT('',(-43.4,-41.25,0.0));
#5179=CARTESIAN_POINT('',(-43.4,-41.25,2.0));
#5180=VECTOR('',#6838,1.0);
#5181=CARTESIAN_POINT('',(-39.1,-41.25,4.0));
#5182=AXIS2_PLACEMENT_3D('',#6839,#6840,#6841);
#5183=CARTESIAN_POINT('',(-39.1,-41.25,0.0));
#5184=CARTESIAN_POINT('',(-39.1,-41.25,2.0));
#5185=VECTOR('',#6842,1.0);
#5186=AXIS2_PLACEMENT_3D('',#6843,#6844,#6845);
#5187=COLOUR_RGB('',0.117647059261799,0.117647059261799,0.117647059261799);
#5188=CARTESIAN_POINT('',(-41.25,43.4,4.0));
#5189=CARTESIAN_POINT('',(-41.25,43.4,0.0));
#5190=CARTESIAN_POINT('',(-41.25,43.4,2.0));
#5191=VECTOR('',#6846,1.0);
#5192=CARTESIAN_POINT('',(-41.25,39.1,4.0));
#5193=AXIS2_PLACEMENT_3D('',#6847,#6848,#6849);
#5194=CARTESIAN_POINT('',(-41.25,39.1,0.0));
#5195=CARTESIAN_POINT('',(-41.25,39.1,2.0));
#5196=VECTOR('',#6850,1.0);
#5197=AXIS2_PLACEMENT_3D('',#6851,#6852,#6853);
#5198=COLOUR_RGB('',0.117647059261799,0.117647059261799,0.117647059261799);
#5199=CARTESIAN_POINT('',(43.4,41.25,4.0));
#5200=CARTESIAN_POINT('',(43.4,41.25,0.0));
#5201=CARTESIAN_POINT('',(43.4,41.25,2.0));
#5202=VECTOR('',#6854,1.0);
#5203=CARTESIAN_POINT('',(39.1,41.25,4.0));
#5204=AXIS2_PLACEMENT_3D('',#6855,#6856,#6857);
#5205=CARTESIAN_POINT('',(39.1,41.25,0.0));
#5206=CARTESIAN_POINT('',(39.1,41.25,2.0));
#5207=VECTOR('',#6858,1.0);
#5208=AXIS2_PLACEMENT_3D('',#6859,#6860,#6861);
#5209=COLOUR_RGB('',0.117647059261799,0.117647059261799,0.117647059261799);
#5210=CARTESIAN_POINT('',(39.7418724864179,13.1615107976155,18.5340684739847));
#5211=CARTESIAN_POINT('',(39.7418724864179,13.5441942299806,17.6101889414734));
#5212=CARTESIAN_POINT('',(39.7418724864179,13.3528525137981,18.072128707729));
#5213=VECTOR('',#6862,1.0);
#5214=CARTESIAN_POINT('',(40.6997288968502,12.5646017650009,18.2868206571727));
#5215=AXIS2_PLACEMENT_3D('',#6863,#6864,#6865);
#5216=CARTESIAN_POINT('',(40.6997288968502,12.947285197366,17.3629411246614));
#5217=CARTESIAN_POINT('',(40.6997288968502,12.947285197366,17.3629411246614));
#5218=VECTOR('',#6866,1.0);
#5219=AXIS2_PLACEMENT_3D('',#6867,#6868,#6869);
#5220=COLOUR_RGB('',0.117647059261799,0.117647059261799,0.117647059261799);
#5221=CARTESIAN_POINT('',(38.7513296392539,-10.7209207557366,7.5592492218467));
#5222=CARTESIAN_POINT('',(38.7513296392539,-11.1036041881017,8.48312875435798));
#5223=CARTESIAN_POINT('',(38.7513296392539,-10.9122624719191,8.02118898810234));
#5224=VECTOR('',#6870,1.0);
#5225=CARTESIAN_POINT('',(42.1210104774498,-8.19506351780004,8.60549354641826));
#5226=AXIS2_PLACEMENT_3D('',#6871,#6872,#6873);
#5227=CARTESIAN_POINT('',(42.1210104774498,-8.57774695016513,9.52937307892954));
#5228=CARTESIAN_POINT('',(42.1210104774498,-8.19506351780004,8.60549354641826));
#5229=VECTOR('',#6874,1.0);
#5230=AXIS2_PLACEMENT_3D('',#6875,#6876,#6877);
#5231=COLOUR_RGB('',0.117647059261799,0.117647059261799,0.117647059261799);
#5232=CARTESIAN_POINT('',(14.4885687036331,39.2775148414784,18.5340684739847));
#5233=CARTESIAN_POINT('',(14.1893747483911,39.5161140588984,17.6101889414734));
#5234=CARTESIAN_POINT('',(14.3552466926788,39.3838355973667,18.1223840966909));
#5235=VECTOR('',#6878,1.0);
#5236=CARTESIAN_POINT('',(15.5524646810503,39.6542304443656,18.2868206571727));
#5237=AXIS2_PLACEMENT_3D('',#6879,#6880,#6881);
#5238=CARTESIAN_POINT('',(15.2532707258083,39.8928296617856,17.3629411246614));
#5239=CARTESIAN_POINT('',(15.2532707258083,39.8928296617856,17.3629411246614));
#5240=VECTOR('',#6882,1.0);
#5241=AXIS2_PLACEMENT_3D('',#6883,#6884,#6885);
#5242=COLOUR_RGB('',0.117647059261799,0.117647059261799,0.117647059261799);
#5243=CARTESIAN_POINT('',(32.5430122064207,23.6126247417278,7.5592492218467));
#5244=CARTESIAN_POINT('',(32.8422061616626,23.3740255243078,8.48312875435798));
#5245=CARTESIAN_POINT('',(32.7227008596603,23.469327822485,8.11410892420379));
#5246=VECTOR('',#6886,1.0);
#5247=CARTESIAN_POINT('',(32.6691791357161,27.8219935357031,8.60549354641826));
#5248=AXIS2_PLACEMENT_3D('',#6887,#6888,#6889);
#5249=CARTESIAN_POINT('',(32.9683730909581,27.5833943182832,9.52937307892954));
#5250=CARTESIAN_POINT('',(32.6691791357161,27.8219935357031,8.60549354641826));
#5251=VECTOR('',#6890,1.0);
#5252=AXIS2_PLACEMENT_3D('',#6891,#6892,#6893);
#5253=COLOUR_RGB('',0.117647059261799,0.117647059261799,0.117647059261799);
#5254=CARTESIAN_POINT('',(-21.6749228259283,35.8167490944182,18.5340684739847));
#5255=CARTESIAN_POINT('',(-22.0480115856706,35.7315940196387,17.6101889414734));
#5256=CARTESIAN_POINT('',(-21.8670170770754,35.772904835126,18.0583855639167));
#5257=VECTOR('',#6894,1.0);
#5258=CARTESIAN_POINT('',(-21.3061226520443,36.8834148002353,18.2868206571727));
#5259=AXIS2_PLACEMENT_3D('',#6895,#6896,#6897);
#5260=CARTESIAN_POINT('',(-21.6792114117866,36.7982597254558,17.3629411246614));
#5261=CARTESIAN_POINT('',(-21.6792114117866,36.7982597254558,17.3629411246614));
#5262=VECTOR('',#6898,1.0);
#5263=AXIS2_PLACEMENT_3D('',#6899,#6900,#6901);
#5264=COLOUR_RGB('',0.117647059261799,0.117647059261799,0.117647059261799);
#5265=CARTESIAN_POINT('',(1.82914282568127,40.1653821989055,7.5592492218467));
#5266=CARTESIAN_POINT('',(2.20223158542354,40.250537273685,8.48312875435799));
#5267=CARTESIAN_POINT('',(2.01568715260596,40.2079597242106,8.02118885699108));
#5268=VECTOR('',#6902,1.0);
#5269=CARTESIAN_POINT('',(-1.38321042501962,42.8885219915811,8.60549354641826));
#5270=AXIS2_PLACEMENT_3D('',#6903,#6904,#6905);
#5271=CARTESIAN_POINT('',(-1.01012166527735,42.9736770663606,9.52937307892954));
#5272=CARTESIAN_POINT('',(-1.38321042501962,42.8885219915811,8.60549354641826));
#5273=VECTOR('',#6906,1.0);
#5274=AXIS2_PLACEMENT_3D('',#6907,#6908,#6909);
#5275=COLOUR_RGB('',0.117647059261799,0.117647059261799,0.117647059261799);
#5276=CARTESIAN_POINT('',(-41.5167553797158,5.38524075072711,18.5340684739847));
#5277=CARTESIAN_POINT('',(-41.6827954982487,5.04045489190412,17.6101889414734));
#5278=CARTESIAN_POINT('',(-41.5916256751183,5.22977098035627,18.1174755798904));
#5279=VECTOR('',#6910,1.0);
#5280=CARTESIAN_POINT('',(-42.1207650624522,6.33863552697872,18.2868206571727));
#5281=AXIS2_PLACEMENT_3D('',#6911,#6912,#6913);
#5282=CARTESIAN_POINT('',(-42.2868051809851,5.99384966815574,17.3629411246614));
#5283=CARTESIAN_POINT('',(-42.2868051809851,5.99384966815574,17.3629411246614));
#5284=VECTOR('',#6914,1.0);
#5285=AXIS2_PLACEMENT_3D('',#6915,#6916,#6917);
#5286=COLOUR_RGB('',0.117647059261799,0.117647059261799,0.117647059261799);
#5287=CARTESIAN_POINT('',(-30.26210841051,26.472787635824,7.5592492218467));
#5288=CARTESIAN_POINT('',(-30.0960682919771,26.817573494647,8.48312875435799));
#5289=CARTESIAN_POINT('',(-30.16858117478,26.6669989419797,8.07965296274259));
#5290=VECTOR('',#6918,1.0);
#5291=CARTESIAN_POINT('',(-34.3940143233649,25.6591186213865,8.60549354641826));
#5292=AXIS2_PLACEMENT_3D('',#6919,#6920,#6921);
#5293=CARTESIAN_POINT('',(-34.227974204832,26.0039044802095,9.52937307892954));
#5294=CARTESIAN_POINT('',(-34.3940143233649,25.6591186213865,8.60549354641826));
#5295=VECTOR('',#6922,1.0);
#5296=AXIS2_PLACEMENT_3D('',#6923,#6924,#6925);
#5297=COLOUR_RGB('',0.117647059261799,0.117647059261799,0.117647059261799);
#5298=CARTESIAN_POINT('',(-30.0956243451047,-29.1014637171533,18.5340684739847));
#5299=CARTESIAN_POINT('',(-29.9295842265718,-29.4462495759763,17.6101889414734));
#5300=CARTESIAN_POINT('',(-30.0157829785605,-29.267256023114,18.0898155726396));
#5301=VECTOR('',#6926,1.0);
#5302=CARTESIAN_POINT('',(-31.2176122738089,-28.9792655826939,18.2868206571727));
#5303=AXIS2_PLACEMENT_3D('',#6927,#6928,#6929);
#5304=CARTESIAN_POINT('',(-31.051572155276,-29.3240514415169,17.3629411246614));
#5305=CARTESIAN_POINT('',(-31.051572155276,-29.3240514415169,17.3629411246614));
#5306=VECTOR('',#6930,1.0);
#5307=AXIS2_PLACEMENT_3D('',#6931,#6932,#6933);
#5308=COLOUR_RGB('',0.117647059261799,0.117647059261799,0.117647059261799);
#5309=CARTESIAN_POINT('',(-39.565374779074,-7.15435596348898,7.5592492218467));
#5310=CARTESIAN_POINT('',(-39.7314148976069,-6.80957010466599,8.48312875435799));
#5311=CARTESIAN_POINT('',(-39.649433565377,-6.97980609516097,8.02696866747971));
#5312=VECTOR('',#6934,1.0);
#5313=CARTESIAN_POINT('',(-41.5054239261829,-10.8921244213451,8.60549354641826));
#5314=AXIS2_PLACEMENT_3D('',#6935,#6936,#6937);
#5315=CARTESIAN_POINT('',(-41.6714640447158,-10.5473385625221,9.52937307892954));
#5316=CARTESIAN_POINT('',(-41.5054239261829,-10.8921244213451,8.60549354641826));
#5317=VECTOR('',#6938,1.0);
#5318=AXIS2_PLACEMENT_3D('',#6939,#6940,#6941);
#5319=COLOUR_RGB('',0.117647059261799,0.117647059261799,0.117647059261799);
#5320=CARTESIAN_POINT('',(3.98812566022735,-41.6741724443412,18.5340684739847));
#5321=CARTESIAN_POINT('',(4.36121441996962,-41.7593275191207,17.6101889414734));
#5322=CARTESIAN_POINT('',(4.16373704811209,-41.7142545976545,18.0992020710014));
#5323=VECTOR('',#6942,1.0);
#5324=CARTESIAN_POINT('',(3.19303928025246,-42.4751886393096,18.2868206571727));
#5325=AXIS2_PLACEMENT_3D('',#6943,#6944,#6945);
#5326=CARTESIAN_POINT('',(3.56612803999473,-42.5603437140891,17.3629411246614));
#5327=CARTESIAN_POINT('',(3.56612803999473,-42.5603437140891,17.3629411246614));
#5328=VECTOR('',#6946,1.0);
#5329=AXIS2_PLACEMENT_3D('',#6947,#6948,#6949);
#5330=COLOUR_RGB('',0.117647059261799,0.117647059261799,0.117647059261799);
#5331=CARTESIAN_POINT('',(-19.0751069524328,-35.3941236000292,7.5592492218467));
#5332=CARTESIAN_POINT('',(-19.4481957121751,-35.3089685252498,8.48312875435799));
#5333=CARTESIAN_POINT('',(-19.2681784852621,-35.3500562825705,8.03735217411672));
#5334=VECTOR('',#6950,1.0);
#5335=CARTESIAN_POINT('',(-17.3624027562321,-39.2413756159567,8.60549354641826));
#5336=AXIS2_PLACEMENT_3D('',#6951,#6952,#6953);
#5337=CARTESIAN_POINT('',(-17.7354915159743,-39.1562205411772,9.52937307892954));
#5338=CARTESIAN_POINT('',(-17.3624027562321,-39.2413756159567,8.60549354641826));
#5339=VECTOR('',#6954,1.0);
#5340=AXIS2_PLACEMENT_3D('',#6955,#6956,#6957);
#5341=COLOUR_RGB('',0.117647059261799,0.117647059261799,0.117647059261799);
#5342=CARTESIAN_POINT('',(35.0687357004705,-22.8653793227447,18.5340684739847));
#5343=CARTESIAN_POINT('',(35.3679296557125,-22.6267801053247,17.6101889414734));
#5344=CARTESIAN_POINT('',(35.2055173487882,-22.7562995981238,18.1117010996115));
#5345=VECTOR('',#6958,1.0);
#5346=CARTESIAN_POINT('',(35.1992671301524,-23.986428314577,18.2868206571727));
#5347=AXIS2_PLACEMENT_3D('',#6959,#6960,#6961);
#5348=CARTESIAN_POINT('',(35.4984610853944,-23.7478290971571,17.3629411246614));
#5349=CARTESIAN_POINT('',(35.4984610853944,-23.7478290971571,17.3629411246614));
#5350=VECTOR('',#6962,1.0);
#5351=AXIS2_PLACEMENT_3D('',#6963,#6964,#6965);
#5352=COLOUR_RGB('',0.117647059261799,0.117647059261799,0.117647059261799);
#5353=CARTESIAN_POINT('',(15.779105470661,-36.9813942572025,7.5592492218467));
#5354=CARTESIAN_POINT('',(15.4799115154191,-37.2199934746225,8.48312875435798));
#5355=CARTESIAN_POINT('',(15.6187701873043,-37.1092573789784,8.05434774919793));
#5356=VECTOR('',#6966,1.0);
#5357=CARTESIAN_POINT('',(19.8548618176336,-38.0410705935689,8.60549354641826));
#5358=AXIS2_PLACEMENT_3D('',#6967,#6968,#6969);
#5359=CARTESIAN_POINT('',(19.5556678623916,-38.2796698109888,9.52937307892954));
#5360=CARTESIAN_POINT('',(19.8548618176336,-38.0410705935689,8.60549354641826));
#5361=VECTOR('',#6970,1.0);
#5362=AXIS2_PLACEMENT_3D('',#6971,#6972,#6973);
#5363=COLOUR_RGB('',1.0,0.0,0.0);
#5364=CARTESIAN_POINT('',(38.1734550635371,-65.0068096338436,5.0));
#5365=CARTESIAN_POINT('',(30.8358911622517,-42.4241100118861,5.0));
#5366=CARTESIAN_POINT('',(34.5724943416001,-53.9241921019233,5.0));
#5367=VECTOR('',#6974,1.0);
#5368=CARTESIAN_POINT('',(36.2856039307128,-65.5069338378372,4.68775010008008));
#5369=CARTESIAN_POINT('',(38.1734550635371,-65.0068096338436,5.00000000000001));
#5370=CARTESIAN_POINT('',(38.1878229614448,-65.051029476698,4.87698448493591));
#5371=CARTESIAN_POINT('',(38.1814778040757,-65.1084573500858,4.74597264215504));
#5372=CARTESIAN_POINT('',(38.1288902483635,-65.1887271771107,4.56198179247216));
#5373=CARTESIAN_POINT('',(38.1042722148459,-65.2143726559729,4.50255402854044));
#5374=CARTESIAN_POINT('',(38.041057045292,-65.2589231194966,4.39125742827866));
#5375=CARTESIAN_POINT('',(38.0024164582522,-65.2777667200886,4.33938871313661));
#5376=CARTESIAN_POINT('',(37.9139767725434,-65.306502515904,4.2463977244903));
#5377=CARTESIAN_POINT('',(37.8627985454776,-65.3168428171072,4.20382534957443));
#5378=CARTESIAN_POINT('',(37.7498926473774,-65.3295175573859,4.12993730030545));
#5379=CARTESIAN_POINT('',(37.6881872811266,-65.3319202513543,4.09859927031287));
#5380=CARTESIAN_POINT('',(37.4946325390565,-65.3316269049548,4.02378079209053));
#5381=CARTESIAN_POINT('',(37.3537611523568,-65.3220325863463,4.0));
#5382=CARTESIAN_POINT('',(37.0924811126288,-65.309688944221,4.0));
#5383=CARTESIAN_POINT('',(36.9527991843774,-65.3056799785475,4.02348112525901));
#5384=CARTESIAN_POINT('',(36.6978013936882,-65.3193034311274,4.12379322649976));
#5385=CARTESIAN_POINT('',(36.5826323294588,-65.3374597161599,4.20092525976977));
#5386=CARTESIAN_POINT('',(36.4076988759811,-65.3942990407249,4.38486117785713));
#5387=CARTESIAN_POINT('',(36.3400036218561,-65.4355589744639,4.50000406749789));
#5388=CARTESIAN_POINT('',(36.2960106454852,-65.4904314156685,4.64461923837386));
#5389=CARTESIAN_POINT('',(36.290388240279,-65.4986404681246,4.66610944007052));
#5390=CARTESIAN_POINT('',(36.2856039307128,-65.5069338378372,4.68775010008008));
#5391=CARTESIAN_POINT('',(29.9474169136874,-46.0,4.68775010008008));
#5392=CARTESIAN_POINT('',(25.1395486267054,-31.2029029242487,4.68775010008008));
#5393=VECTOR('',#6975,1.0);
#5394=CARTESIAN_POINT('',(30.0,-46.0,4.56409051822404));
#5395=AXIS2_PLACEMENT_3D('',#6976,#6977,#6978);
#5396=CARTESIAN_POINT('',(30.0,-43.0875695204535,4.0));
#5397=AXIS2_PLACEMENT_3D('',#6979,#6980,#6981);
#5398=CARTESIAN_POINT('',(30.0,-43.0,4.00018310078518));
#5399=AXIS2_PLACEMENT_3D('',#6982,#6983,#6984);
#5400=CARTESIAN_POINT('',(29.9766526744118,-43.0157138408537,6.0));
#5401=CARTESIAN_POINT('',(30.0854938018256,-42.9425050292545,6.0));
#5402=CARTESIAN_POINT('',(30.2015269888764,-42.8637443922074,5.97472074981577));
#5403=CARTESIAN_POINT('',(30.4151829574832,-42.7174285190146,5.87108250818806));
#5404=CARTESIAN_POINT('',(30.5128162202685,-42.6499011994449,5.79270571482636));
#5405=CARTESIAN_POINT('',(30.66374499134,-42.5449538272546,5.61379029240541));
#5406=CARTESIAN_POINT('',(30.7283916099161,-42.4996759860718,5.50283500028461));
#5407=CARTESIAN_POINT('',(30.814475727974,-42.4392271278575,5.25862636147362));
#5408=CARTESIAN_POINT('',(30.8358911622517,-42.4241100118861,5.12535189857039));
#5409=CARTESIAN_POINT('',(30.8358911622517,-42.4241100118861,5.0));
#5410=CARTESIAN_POINT('',(30.8358911622517,-42.4241100118861,4.87464810142961));
#5411=CARTESIAN_POINT('',(30.814475727974,-42.4392271278575,4.74137363852638));
#5412=CARTESIAN_POINT('',(30.7283916099161,-42.4996759860718,4.49716499971539));
#5413=CARTESIAN_POINT('',(30.66374499134,-42.5449538272546,4.38620970759459));
#5414=CARTESIAN_POINT('',(30.5128162202685,-42.6499011994449,4.20729428517363));
#5415=CARTESIAN_POINT('',(30.4151829574832,-42.7174285190146,4.12891749181194));
#5416=CARTESIAN_POINT('',(30.2015269888764,-42.8637443922074,4.02527925018423));
#5417=CARTESIAN_POINT('',(30.0854938018256,-42.9425050292545,4.0));
#5418=CARTESIAN_POINT('',(29.9766526744118,-43.0157138408537,4.0));
#5419=COLOUR_RGB('',1.0,0.0,0.0);
#5420=CARTESIAN_POINT('',(36.2603929052061,-65.5911456785549,5.00000000000416));
#5421=CARTESIAN_POINT('',(36.2713420309468,-65.6248436225935,5.0));
#5422=CARTESIAN_POINT('',(32.6703813090098,-54.5422260906732,5.0));
#5423=VECTOR('',#6985,1.0);
#5424=CARTESIAN_POINT('',(36.2668207631113,-65.6070717513303,4.95119182899365));
#5425=CARTESIAN_POINT('',(36.4561842846051,-65.8244109128571,4.53607456911821));
#5426=CARTESIAN_POINT('',(36.4155902899215,-65.783221994256,4.58549120677514));
#5427=CARTESIAN_POINT('',(36.3749915981334,-65.742684189711,4.64596094047368));
#5428=CARTESIAN_POINT('',(36.3097939187304,-65.6718829351728,4.77984886307287));
#5429=CARTESIAN_POINT('',(36.2854501643372,-65.6414256625867,4.85328865165587));
#5430=CARTESIAN_POINT('',(36.2588910081541,-65.5933501570118,4.98948062550748));
#5431=CARTESIAN_POINT('',(36.2535113488571,-65.5724911840437,5.05921268906993));
#5432=CARTESIAN_POINT('',(36.2605068588828,-65.5342233928018,5.20037607048531));
#5433=CARTESIAN_POINT('',(36.2728607547099,-65.5167455039435,5.27178970851434));
#5434=CARTESIAN_POINT('',(36.3354291280676,-65.4664782686598,5.47880014871181));
#5435=CARTESIAN_POINT('',(36.4122824373713,-65.4347221341703,5.60700662523101));
#5436=CARTESIAN_POINT('',(36.507483342975,-65.4037894848405,5.70710678118655));
#5437=CARTESIAN_POINT('',(36.2668207631117,-65.6070717513276,4.95119182899675));
#5438=CARTESIAN_POINT('',(36.2679649899547,-65.6131178024627,4.96760548455769));
#5439=CARTESIAN_POINT('',(36.2694604153863,-65.6190526053597,4.98388992538695));
#5440=CARTESIAN_POINT('',(36.2713420309468,-65.6248436225935,5.0));
#5441=COLOUR_RGB('',0.117647059261799,0.117647059261799,0.117647059261799);
#5442=CARTESIAN_POINT('',(36.3664476825763,-65.593941923156,5.0));
#5443=CARTESIAN_POINT('',(36.355498556836,-65.5602439791185,4.99999999999763));
#5444=CARTESIAN_POINT('',(33.1931137561372,-55.8274243397945,5.0));
#5445=VECTOR('',#6986,1.0);
#5446=CARTESIAN_POINT('',(36.3596594212572,-65.5769066427269,5.04880817100635));
#5447=CARTESIAN_POINT('',(36.1900244534388,-65.5145685486399,4.4842502152247));
#5448=CARTESIAN_POINT('',(36.2318020343818,-65.5063298568934,4.55448166200194));
#5449=CARTESIAN_POINT('',(36.2663287996892,-65.5035178480016,4.63031784826993));
#5450=CARTESIAN_POINT('',(36.3191847290014,-65.5123455345925,4.78618074932939));
#5451=CARTESIAN_POINT('',(36.3375990760093,-65.5240853644641,4.86645069518494));
#5452=CARTESIAN_POINT('',(36.3599254637658,-65.5647772813475,5.02331121402501));
#5453=CARTESIAN_POINT('',(36.3638775405106,-65.5938276415459,5.09987057557264));
#5454=CARTESIAN_POINT('',(36.3621853023054,-65.6671692018454,5.240013128789));
#5455=CARTESIAN_POINT('',(36.3563873426857,-65.7151875920541,5.31055927442266));
#5456=CARTESIAN_POINT('',(36.3398819422352,-65.8281121214238,5.43625038887031));
#5457=CARTESIAN_POINT('',(36.3295096425903,-65.8929684137382,5.49148390737921));
#5458=CARTESIAN_POINT('',(36.3207272083039,-65.9569046973146,5.53578321680514));
#5459=CARTESIAN_POINT('',(36.3596594212553,-65.5769066427249,5.04880817100325));
#5460=CARTESIAN_POINT('',(36.3622875019858,-65.5824705605056,5.03239451544231));
#5461=CARTESIAN_POINT('',(36.3645660670158,-65.5881509059222,5.01611007461305));
#5462=CARTESIAN_POINT('',(36.3664476825763,-65.593941923156,5.0));
#5463=COLOUR_RGB('',0.117647059261799,0.117647059261799,0.117647059261799);
#5464=CARTESIAN_POINT('',(27.8970655764227,-46.0,5.0));
#5465=CARTESIAN_POINT('',(34.464334649986,-66.2119759119059,5.0));
#5466=CARTESIAN_POINT('',(31.2910007235468,-56.4454583285444,5.0));
#5467=VECTOR('',#6987,1.0);
#5468=AXIS2_PLACEMENT_3D('',#6988,#6989,#6990);
#5469=CARTESIAN_POINT('',(36.1900244534388,-65.5145685486399,4.4842502152247));
#5470=CARTESIAN_POINT('',(36.2318020343818,-65.5063298568934,4.55448166200194));
#5471=CARTESIAN_POINT('',(36.2663287996892,-65.5035178480016,4.63031784826993));
#5472=CARTESIAN_POINT('',(36.3191847290014,-65.5123455345925,4.78618074932939));
#5473=CARTESIAN_POINT('',(36.3375990760093,-65.5240853644641,4.86645069518494));
#5474=CARTESIAN_POINT('',(36.3599254637658,-65.5647772813475,5.02331121402501));
#5475=CARTESIAN_POINT('',(36.3638775405106,-65.5938276415459,5.09987057557264));
#5476=CARTESIAN_POINT('',(36.3621853023054,-65.6671692018454,5.240013128789));
#5477=CARTESIAN_POINT('',(36.3563873426857,-65.7151875920541,5.31055927442266));
#5478=CARTESIAN_POINT('',(36.3398819422352,-65.8281121214238,5.43625038887031));
#5479=CARTESIAN_POINT('',(36.3295096425903,-65.8929684137382,5.49148390737921));
#5480=CARTESIAN_POINT('',(36.3207272083039,-65.9569046973146,5.53578321680514));
#5481=CARTESIAN_POINT('',(36.3664476825763,-65.593941923156,5.0));
#5482=CARTESIAN_POINT('',(36.380815580484,-65.6381617660104,4.87698448493591));
#5483=CARTESIAN_POINT('',(36.3744704231149,-65.6955896393982,4.74597264215504));
#5484=CARTESIAN_POINT('',(36.3218828674027,-65.7758594664231,4.56198179247216));
#5485=CARTESIAN_POINT('',(36.2972648338851,-65.8015049452853,4.50255402854044));
#5486=CARTESIAN_POINT('',(36.2340496643312,-65.846055408809,4.39125742827866));
#5487=CARTESIAN_POINT('',(36.1954090772914,-65.864899009401,4.33938871313661));
#5488=CARTESIAN_POINT('',(36.1069693915826,-65.8936348052164,4.2463977244903));
#5489=CARTESIAN_POINT('',(36.0557911645168,-65.9039751064196,4.20382534957443));
#5490=CARTESIAN_POINT('',(35.9428852664166,-65.9166498466983,4.12993730030545));
#5491=CARTESIAN_POINT('',(35.8811799001658,-65.9190525406667,4.09859927031287));
#5492=CARTESIAN_POINT('',(35.6876251580958,-65.9187591942672,4.02378079209053));
#5493=CARTESIAN_POINT('',(35.546753771396,-65.9091648756587,4.0));
#5494=CARTESIAN_POINT('',(35.285473731668,-65.8968212335334,4.0));
#5495=CARTESIAN_POINT('',(35.1457918034166,-65.89281226786,4.02348112525901));
#5496=CARTESIAN_POINT('',(34.8907940127274,-65.9064357204398,4.12379322649976));
#5497=CARTESIAN_POINT('',(34.775624948498,-65.9245920054723,4.20092525976977));
#5498=CARTESIAN_POINT('',(34.6006914950203,-65.9814313300373,4.38486117785713));
#5499=CARTESIAN_POINT('',(34.5329962408953,-66.0226912637763,4.50000406749789));
#5500=CARTESIAN_POINT('',(34.4579400533379,-66.1163088495488,4.74673125634291));
#5501=CARTESIAN_POINT('',(34.4501248188448,-66.1682425485365,4.87833782589212));
#5502=CARTESIAN_POINT('',(34.464334649986,-66.2119759119059,5.0));
#5503=COLOUR_RGB('',0.117647059261799,0.117647059261799,0.117647059261799);
#5504=CARTESIAN_POINT('',(-41.25,43.4,25.0));
#5505=CARTESIAN_POINT('',(-41.25,43.4,21.0));
#5506=CARTESIAN_POINT('',(-41.25,43.4,23.0));
#5507=VECTOR('',#6991,1.0);
#5508=CARTESIAN_POINT('',(-41.25,39.1,25.0));
#5509=AXIS2_PLACEMENT_3D('',#6992,#6993,#6994);
#5510=CARTESIAN_POINT('',(-41.25,39.1,21.0));
#5511=CARTESIAN_POINT('',(-41.25,39.1,23.0));
#5512=VECTOR('',#6995,1.0);
#5513=AXIS2_PLACEMENT_3D('',#6996,#6997,#6998);
#5514=COLOUR_RGB('',0.117647059261799,0.117647059261799,0.117647059261799);
#5515=CARTESIAN_POINT('',(41.25,-43.4,25.0));
#5516=CARTESIAN_POINT('',(41.25,-43.4,21.0));
#5517=CARTESIAN_POINT('',(41.25,-43.4,23.0));
#5518=VECTOR('',#6999,1.0);
#5519=CARTESIAN_POINT('',(41.25,-39.1,25.0));
#5520=AXIS2_PLACEMENT_3D('',#7000,#7001,#7002);
#5521=CARTESIAN_POINT('',(41.25,-39.1,21.0));
#5522=CARTESIAN_POINT('',(41.25,-39.1,23.0));
#5523=VECTOR('',#7003,1.0);
#5524=AXIS2_PLACEMENT_3D('',#7004,#7005,#7006);
#5525=COLOUR_RGB('',0.117647059261799,0.117647059261799,0.117647059261799);
#5526=CARTESIAN_POINT('',(-43.4,-41.25,25.0));
#5527=CARTESIAN_POINT('',(-43.4,-41.25,21.0));
#5528=CARTESIAN_POINT('',(-43.4,-41.25,23.0));
#5529=VECTOR('',#7007,1.0);
#5530=CARTESIAN_POINT('',(-39.1,-41.25,25.0));
#5531=AXIS2_PLACEMENT_3D('',#7008,#7009,#7010);
#5532=CARTESIAN_POINT('',(-39.1,-41.25,21.0));
#5533=CARTESIAN_POINT('',(-39.1,-41.25,23.0));
#5534=VECTOR('',#7011,1.0);
#5535=AXIS2_PLACEMENT_3D('',#7012,#7013,#7014);
#5536=COLOUR_RGB('',0.117647059261799,0.117647059261799,0.117647059261799);
#5537=CARTESIAN_POINT('',(43.4,41.25,25.0));
#5538=CARTESIAN_POINT('',(43.4,41.25,21.0));
#5539=CARTESIAN_POINT('',(43.4,41.25,23.0));
#5540=VECTOR('',#7015,1.0);
#5541=CARTESIAN_POINT('',(39.1,41.25,25.0));
#5542=AXIS2_PLACEMENT_3D('',#7016,#7017,#7018);
#5543=CARTESIAN_POINT('',(39.1,41.25,21.0));
#5544=CARTESIAN_POINT('',(39.1,41.25,23.0));
#5545=VECTOR('',#7019,1.0);
#5546=AXIS2_PLACEMENT_3D('',#7020,#7021,#7022);
#5547=COLOUR_RGB('',1.0,0.0,0.0);
#5548=CARTESIAN_POINT('',(36.6131995914699,-65.7291506424451,5.70710678118655));
#5549=CARTESIAN_POINT('',(36.6131995914699,-65.7291506424451,5.70710678118655));
#5550=CARTESIAN_POINT('',(36.6574194343243,-65.7147827445374,5.7536022755097));
#5551=CARTESIAN_POINT('',(36.7049013663139,-65.69306641683,5.79617465042557));
#5552=CARTESIAN_POINT('',(36.8036941820546,-65.6369560753147,5.87006269969455));
#5553=CARTESIAN_POINT('',(36.855027140076,-65.6026303912978,5.90140072968713));
#5554=CARTESIAN_POINT('',(37.0114437910652,-65.4886244461754,5.97621920790947));
#5555=CARTESIAN_POINT('',(37.1197717379426,-65.3980603557995,6.0));
#5556=CARTESIAN_POINT('',(37.3238963195727,-65.2344975854772,6.0));
#5557=CARTESIAN_POINT('',(37.4345449624353,-65.1491512866795,5.97651887474099));
#5558=CARTESIAN_POINT('',(37.6488501731426,-65.0102889506044,5.87620677350024));
#5559=CARTESIAN_POINT('',(37.752695899909,-64.9572830162761,5.79907474023023));
#5560=CARTESIAN_POINT('',(37.9276293533867,-64.9004436917111,5.61513882214287));
#5561=CARTESIAN_POINT('',(38.0066479449748,-64.8940334072679,5.49999593250211));
#5562=CARTESIAN_POINT('',(38.122396712514,-64.9256547049906,5.25326874365709));
#5563=CARTESIAN_POINT('',(38.1592452323959,-64.9630762704741,5.12166217410787));
#5564=CARTESIAN_POINT('',(38.1734550635371,-65.0068096338436,5.0));
#5565=CARTESIAN_POINT('',(36.2713420309468,-65.6248436225935,5.0));
#5566=CARTESIAN_POINT('',(36.2857099288545,-65.6690634654479,5.12301551506409));
#5567=CARTESIAN_POINT('',(36.3245985260461,-65.7117940010444,5.25402735784496));
#5568=CARTESIAN_POINT('',(36.4143241728392,-65.7458234655413,5.43801820752784));
#5569=CARTESIAN_POINT('',(36.4493146145862,-65.7521009767277,5.49744597145956));
#5570=CARTESIAN_POINT('',(36.5266428664995,-65.7509861144407,5.60874257172134));
#5571=CARTESIAN_POINT('',(36.5689797486154,-65.7435185403528,5.66061128686339));
#5572=CARTESIAN_POINT('',(36.6131995914699,-65.7291506424451,5.70710678118655));
#5573=CARTESIAN_POINT('',(36.7649919374248,-65.4452061247015,5.475));
#5574=VECTOR('',#7023,0.999999999999999);
#5575=COLOUR_RGB('',0.117647059261799,0.117647059261799,0.117647059261799);
#5576=CARTESIAN_POINT('',(36.2856039307128,-65.5069338378372,5.31224989991992));
#5577=CARTESIAN_POINT('',(36.4561842846051,-65.8244109128571,4.53607456911821));
#5578=CARTESIAN_POINT('',(36.4155902899215,-65.783221994256,4.58549120677514));
#5579=CARTESIAN_POINT('',(36.3749915981334,-65.742684189711,4.64596094047368));
#5580=CARTESIAN_POINT('',(36.3097939187304,-65.6718829351728,4.77984886307287));
#5581=CARTESIAN_POINT('',(36.2854501643372,-65.6414256625867,4.85328865165587));
#5582=CARTESIAN_POINT('',(36.2588910081541,-65.5933501570118,4.98948062550748));
#5583=CARTESIAN_POINT('',(36.2535113488571,-65.5724911840437,5.05921268906993));
#5584=CARTESIAN_POINT('',(36.2605068588828,-65.5342233928018,5.20037607048531));
#5585=CARTESIAN_POINT('',(36.2728607547099,-65.5167455039435,5.27178970851434));
#5586=CARTESIAN_POINT('',(36.3354291280676,-65.4664782686598,5.47880014871181));
#5587=CARTESIAN_POINT('',(36.4122824373713,-65.4347221341703,5.60700662523101));
#5588=CARTESIAN_POINT('',(36.507483342975,-65.4037894848405,5.70710678118655));
#5589=CARTESIAN_POINT('',(34.8061922105091,-66.3162829317575,5.70710678118655));
#5590=CARTESIAN_POINT('',(34.8061922105091,-66.3162829317575,5.70710678118655));
#5591=CARTESIAN_POINT('',(34.8504120533635,-66.3019150338498,5.7536022755097));
#5592=CARTESIAN_POINT('',(34.8978939853532,-66.2801987061425,5.79617465042557));
#5593=CARTESIAN_POINT('',(34.9966868010938,-66.2240883646271,5.87006269969455));
#5594=CARTESIAN_POINT('',(35.0480197591153,-66.1897626806102,5.90140072968713));
#5595=CARTESIAN_POINT('',(35.2044364101044,-66.0757567354878,5.97621920790947));
#5596=CARTESIAN_POINT('',(35.3127643569818,-65.9851926451119,6.0));
#5597=CARTESIAN_POINT('',(35.5168889386119,-65.8216298747896,6.0));
#5598=CARTESIAN_POINT('',(35.6275375814745,-65.7362835759919,5.97651887474099));
#5599=CARTESIAN_POINT('',(35.8418427921818,-65.5974212399168,5.87620677350024));
#5600=CARTESIAN_POINT('',(35.9456885189482,-65.5444153055885,5.79907474023023));
#5601=CARTESIAN_POINT('',(36.1206219724259,-65.4875759810235,5.61513882214287));
#5602=CARTESIAN_POINT('',(36.199640564014,-65.4811656965803,5.49999593250211));
#5603=CARTESIAN_POINT('',(36.2674848412285,-65.4997000113224,5.35538076162614));
#5604=CARTESIAN_POINT('',(36.2768586225586,-65.5030365074045,5.33389055992947));
#5605=CARTESIAN_POINT('',(36.2856039307128,-65.5069338378372,5.31224989991992));
#5606=CARTESIAN_POINT('',(34.464334649986,-66.2119759119059,5.0));
#5607=CARTESIAN_POINT('',(34.4787025478937,-66.2561957547603,5.12301551506409));
#5608=CARTESIAN_POINT('',(34.5175911450853,-66.2989262903568,5.25402735784496));
#5609=CARTESIAN_POINT('',(34.6073167918784,-66.3329557548537,5.43801820752784));
#5610=CARTESIAN_POINT('',(34.6423072336254,-66.3392332660401,5.49744597145956));
#5611=CARTESIAN_POINT('',(34.7196354855387,-66.3381184037531,5.60874257172134));
#5612=CARTESIAN_POINT('',(34.7619723676547,-66.3306508296652,5.66061128686339));
#5613=CARTESIAN_POINT('',(34.8061922105091,-66.3162829317575,5.70710678118655));
#5614=COLOUR_RGB('',0.117647059261799,0.117647059261799,0.117647059261799);
#5615=AXIS2_PLACEMENT_3D('',#7024,#7025,#7026);
#5616=AXIS2_PLACEMENT_3D('',#7027,#7028,#7029);
#5617=COLOUR_RGB('',0.117647059261799,0.117647059261799,0.117647059261799);
#5618=AXIS2_PLACEMENT_3D('',#7030,#7031,#7032);
#5619=AXIS2_PLACEMENT_3D('',#7033,#7034,#7035);
#5620=COLOUR_RGB('',0.117647059261799,0.117647059261799,0.117647059261799);
#5621=AXIS2_PLACEMENT_3D('',#7036,#7037,#7038);
#5622=AXIS2_PLACEMENT_3D('',#7039,#7040,#7041);
#5623=COLOUR_RGB('',0.117647059261799,0.117647059261799,0.117647059261799);
#5624=AXIS2_PLACEMENT_3D('',#7042,#7043,#7044);
#5625=AXIS2_PLACEMENT_3D('',#7045,#7046,#7047);
#5626=COLOUR_RGB('',0.117647059261799,0.117647059261799,0.117647059261799);
#5627=CARTESIAN_POINT('',(43.0,30.0,21.0));
#5628=CARTESIAN_POINT('',(30.0,43.0,21.0));
#5629=AXIS2_PLACEMENT_3D('',#7048,#7049,#7050);
#5630=CARTESIAN_POINT('',(43.0,30.0,4.0));
#5631=CARTESIAN_POINT('',(43.0,30.0,4.0));
#5632=VECTOR('',#7051,1.0);
#5633=CARTESIAN_POINT('',(30.0,43.0,4.0));
#5634=AXIS2_PLACEMENT_3D('',#7052,#7053,#7054);
#5635=CARTESIAN_POINT('',(30.0,43.0,4.0));
#5636=VECTOR('',#7055,1.0);
#5637=COLOUR_RGB('',0.117647059261799,0.117647059261799,0.117647059261799);
#5638=CARTESIAN_POINT('',(-30.0,43.0,21.0));
#5639=CARTESIAN_POINT('',(-43.0,30.0,21.0));
#5640=AXIS2_PLACEMENT_3D('',#7056,#7057,#7058);
#5641=CARTESIAN_POINT('',(-30.0,43.0,4.0));
#5642=CARTESIAN_POINT('',(-30.0,43.0,4.0));
#5643=VECTOR('',#7059,1.0);
#5644=CARTESIAN_POINT('',(-43.0,30.0,4.0));
#5645=AXIS2_PLACEMENT_3D('',#7060,#7061,#7062);
#5646=CARTESIAN_POINT('',(-43.0,30.0,4.0));
#5647=VECTOR('',#7063,1.0);
#5648=COLOUR_RGB('',0.117647059261799,0.117647059261799,0.117647059261799);
#5649=CARTESIAN_POINT('',(-43.0,-30.0,21.0));
#5650=CARTESIAN_POINT('',(-30.0,-43.0,21.0));
#5651=AXIS2_PLACEMENT_3D('',#7064,#7065,#7066);
#5652=CARTESIAN_POINT('',(-43.0,-30.0,4.0));
#5653=CARTESIAN_POINT('',(-43.0,-30.0,4.0));
#5654=VECTOR('',#7067,1.0);
#5655=CARTESIAN_POINT('',(-30.0,-43.0,4.0));
#5656=AXIS2_PLACEMENT_3D('',#7068,#7069,#7070);
#5657=CARTESIAN_POINT('',(-30.0,-43.0,4.0));
#5658=VECTOR('',#7071,1.0);
#5659=COLOUR_RGB('',0.117647059261799,0.117647059261799,0.117647059261799);
#5660=CARTESIAN_POINT('',(30.0,-43.0,5.99963379842964));
#5661=CARTESIAN_POINT('',(29.9766526744118,-43.0157138408537,6.0));
#5662=CARTESIAN_POINT('',(30.0854938018256,-42.9425050292545,6.0));
#5663=CARTESIAN_POINT('',(30.2015269888764,-42.8637443922074,5.97472074981577));
#5664=CARTESIAN_POINT('',(30.4151829574832,-42.7174285190146,5.87108250818806));
#5665=CARTESIAN_POINT('',(30.5128162202685,-42.6499011994449,5.79270571482636));
#5666=CARTESIAN_POINT('',(30.66374499134,-42.5449538272546,5.61379029240541));
#5667=CARTESIAN_POINT('',(30.7283916099161,-42.4996759860718,5.50283500028461));
#5668=CARTESIAN_POINT('',(30.814475727974,-42.4392271278575,5.25862636147362));
#5669=CARTESIAN_POINT('',(30.8358911622517,-42.4241100118861,5.12535189857039));
#5670=CARTESIAN_POINT('',(30.8358911622517,-42.4241100118861,5.0));
#5671=CARTESIAN_POINT('',(30.8358911622517,-42.4241100118861,4.87464810142961));
#5672=CARTESIAN_POINT('',(30.814475727974,-42.4392271278575,4.74137363852638));
#5673=CARTESIAN_POINT('',(30.7283916099161,-42.4996759860718,4.49716499971539));
#5674=CARTESIAN_POINT('',(30.66374499134,-42.5449538272546,4.38620970759459));
#5675=CARTESIAN_POINT('',(30.5128162202685,-42.6499011994449,4.20729428517363));
#5676=CARTESIAN_POINT('',(30.4151829574832,-42.7174285190146,4.12891749181194));
#5677=CARTESIAN_POINT('',(30.2015269888764,-42.8637443922074,4.02527925018423));
#5678=CARTESIAN_POINT('',(30.0854938018256,-42.9425050292545,4.0));
#5679=CARTESIAN_POINT('',(29.9766526744118,-43.0157138408537,4.0));
#5680=CARTESIAN_POINT('',(43.0,-30.0,4.0));
#5681=AXIS2_PLACEMENT_3D('',#7072,#7073,#7074);
#5682=CARTESIAN_POINT('',(43.0,-30.0,21.0));
#5683=CARTESIAN_POINT('',(43.0,-30.0,4.0));
#5684=VECTOR('',#7075,1.0);
#5685=CARTESIAN_POINT('',(30.0,-43.0,21.0));
#5686=AXIS2_PLACEMENT_3D('',#7076,#7077,#7078);
#5687=CARTESIAN_POINT('',(30.0,-43.0,4.0));
#5688=VECTOR('',#7079,1.0);
#5689=COLOUR_RGB('',0.117647059261799,0.117647059261799,0.117647059261799);
#5690=CARTESIAN_POINT('',(-46.0,-30.0,4.0));
#5691=CARTESIAN_POINT('',(-46.0,-30.0,21.0));
#5692=CARTESIAN_POINT('',(-46.0,-30.0,2.0));
#5693=VECTOR('',#7080,1.0);
#5694=CARTESIAN_POINT('',(-43.0,-30.0,4.0));
#5695=VECTOR('',#7081,1.0);
#5696=CARTESIAN_POINT('',(-43.0,-30.0,21.0));
#5697=VECTOR('',#7082,1.0);
#5698=COLOUR_RGB('',0.117647059261799,0.117647059261799,0.117647059261799);
#5699=CARTESIAN_POINT('',(-46.0,30.0,21.0));
#5700=CARTESIAN_POINT('',(-46.0,30.0,4.0));
#5701=CARTESIAN_POINT('',(-46.0,30.0,2.0));
#5702=VECTOR('',#7083,1.0);
#5703=CARTESIAN_POINT('',(-50.0,30.0,21.0));
#5704=VECTOR('',#7084,1.0);
#5705=CARTESIAN_POINT('',(-50.0,30.0,4.0));
#5706=VECTOR('',#7085,1.0);
#5707=COLOUR_RGB('',0.117647059261799,0.117647059261799,0.117647059261799);
#5708=CARTESIAN_POINT('',(30.0,-46.0,4.0));
#5709=CARTESIAN_POINT('',(30.0,-46.0,2.0));
#5710=VECTOR('',#7086,1.0);
#5711=CARTESIAN_POINT('',(30.0,-43.0,4.0));
#5712=VECTOR('',#7087,1.0);
#5713=COLOUR_RGB('',0.117647059261799,0.117647059261799,0.117647059261799);
#5714=CARTESIAN_POINT('',(30.9463060267137,-46.0,4.0));
#5715=CARTESIAN_POINT('',(28.8957583289421,-39.6890631083756,4.0));
#5716=VECTOR('',#7088,1.0);
#5717=CARTESIAN_POINT('',(20.8592966141843,-46.0,4.0));
#5718=VECTOR('',#7089,1.0);
#5719=COLOUR_RGB('',0.117647059261799,0.117647059261799,0.117647059261799);
#5720=CARTESIAN_POINT('',(-30.0,-46.0,21.0));
#5721=CARTESIAN_POINT('',(-30.0,-46.0,4.0));
#5722=CARTESIAN_POINT('',(-30.0,-46.0,2.0));
#5723=VECTOR('',#7090,1.0);
#5724=CARTESIAN_POINT('',(-30.0,-50.0,21.0));
#5725=VECTOR('',#7091,1.0);
#5726=CARTESIAN_POINT('',(-30.0,-50.0,4.0));
#5727=VECTOR('',#7092,1.0);
#5728=COLOUR_RGB('',0.117647059261799,0.117647059261799,0.117647059261799);
#5729=CARTESIAN_POINT('',(-42.0,-46.0,21.0));
#5730=CARTESIAN_POINT('',(-20.3045443992319,-46.0,21.0));
#5731=VECTOR('',#7093,1.0);
#5732=CARTESIAN_POINT('',(-46.0,-42.0,21.0));
#5733=AXIS2_PLACEMENT_3D('',#7094,#7095,#7096);
#5734=CARTESIAN_POINT('',(-46.0,-20.8592966141843,21.0));
#5735=VECTOR('',#7097,1.0);
#5736=COLOUR_RGB('',0.117647059261799,0.117647059261799,0.117647059261799);
#5737=CARTESIAN_POINT('',(-42.0,-46.0,25.0));
#5738=CARTESIAN_POINT('',(-42.0,-46.0,0.0));
#5739=VECTOR('',#7098,1.0);
#5740=CARTESIAN_POINT('',(-46.0,-42.0,25.0));
#5741=AXIS2_PLACEMENT_3D('',#7099,#7100,#7101);
#5742=CARTESIAN_POINT('',(-46.0,-42.0,0.0));
#5743=VECTOR('',#7102,1.0);
#5744=COLOUR_RGB('',0.117647059261799,0.117647059261799,0.117647059261799);
#5745=CARTESIAN_POINT('',(30.0,-46.0,5.43590948177596));
#5746=AXIS2_PLACEMENT_3D('',#7103,#7104,#7105);
#5747=CARTESIAN_POINT('',(30.0,-46.0,21.0));
#5748=CARTESIAN_POINT('',(30.0,-43.0,21.0));
#5749=VECTOR('',#7106,1.0);
#5750=CARTESIAN_POINT('',(30.0,-46.0,2.0));
#5751=VECTOR('',#7107,1.0);
#5752=COLOUR_RGB('',0.117647059261799,0.117647059261799,0.117647059261799);
#5753=CARTESIAN_POINT('',(29.9474169136874,-46.0,5.31224989991992));
#5754=CARTESIAN_POINT('',(25.1395486267054,-31.2029029242487,5.31224989991992));
#5755=VECTOR('',#7108,1.0);
#5756=AXIS2_PLACEMENT_3D('',#7109,#7110,#7111);
#5757=COLOUR_RGB('',1.0,0.0,0.0);
#5758=AXIS2_PLACEMENT_3D('',#7112,#7113,#7114);
#5759=COLOUR_RGB('',0.117647059261799,0.117647059261799,0.117647059261799);
#5760=CARTESIAN_POINT('',(42.0,-46.0,21.0));
#5761=CARTESIAN_POINT('',(46.0,-42.0,21.0));
#5762=AXIS2_PLACEMENT_3D('',#7115,#7116,#7117);
#5763=CARTESIAN_POINT('',(46.0,-42.0,25.0));
#5764=CARTESIAN_POINT('',(46.0,-42.0,0.0));
#5765=VECTOR('',#7118,1.0);
#5766=CARTESIAN_POINT('',(42.0,-46.0,25.0));
#5767=AXIS2_PLACEMENT_3D('',#7119,#7120,#7121);
#5768=CARTESIAN_POINT('',(42.0,-46.0,0.0));
#5769=VECTOR('',#7122,1.0);
#5770=COLOUR_RGB('',0.117647059261799,0.117647059261799,0.117647059261799);
#5771=CARTESIAN_POINT('',(46.0,30.0,4.0));
#5772=CARTESIAN_POINT('',(46.0,30.0,21.0));
#5773=CARTESIAN_POINT('',(46.0,30.0,2.0));
#5774=VECTOR('',#7123,1.0);
#5775=CARTESIAN_POINT('',(43.0,30.0,4.0));
#5776=VECTOR('',#7124,1.0);
#5777=CARTESIAN_POINT('',(43.0,30.0,21.0));
#5778=VECTOR('',#7125,1.0);
#5779=COLOUR_RGB('',0.117647059261799,0.117647059261799,0.117647059261799);
#5780=CARTESIAN_POINT('',(46.0,-30.0,21.0));
#5781=CARTESIAN_POINT('',(46.0,-30.0,4.0));
#5782=CARTESIAN_POINT('',(46.0,-30.0,2.0));
#5783=VECTOR('',#7126,1.0);
#5784=CARTESIAN_POINT('',(50.0,-30.0,21.0));
#5785=VECTOR('',#7127,1.0);
#5786=CARTESIAN_POINT('',(50.0,-30.0,4.0));
#5787=VECTOR('',#7128,1.0);
#5788=COLOUR_RGB('',0.117647059261799,0.117647059261799,0.117647059261799);
#5789=CARTESIAN_POINT('',(46.0,-20.3045443992319,21.0));
#5790=VECTOR('',#7129,1.0);
#5791=CARTESIAN_POINT('',(20.8592966141843,-46.0,21.0));
#5792=VECTOR('',#7130,1.0);
#5793=COLOUR_RGB('',0.117647059261799,0.117647059261799,0.117647059261799);
#5794=CARTESIAN_POINT('',(-30.0,46.0,4.0));
#5795=CARTESIAN_POINT('',(-30.0,46.0,21.0));
#5796=CARTESIAN_POINT('',(-30.0,46.0,2.0));
#5797=VECTOR('',#7131,1.0);
#5798=CARTESIAN_POINT('',(-30.0,43.0,4.0));
#5799=VECTOR('',#7132,1.0);
#5800=CARTESIAN_POINT('',(-30.0,43.0,21.0));
#5801=VECTOR('',#7133,1.0);
#5802=COLOUR_RGB('',0.117647059261799,0.117647059261799,0.117647059261799);
#5803=CARTESIAN_POINT('',(30.0,46.0,21.0));
#5804=CARTESIAN_POINT('',(30.0,46.0,4.0));
#5805=CARTESIAN_POINT('',(30.0,46.0,2.0));
#5806=VECTOR('',#7134,1.0);
#5807=CARTESIAN_POINT('',(30.0,50.0,21.0));
#5808=VECTOR('',#7135,1.0);
#5809=CARTESIAN_POINT('',(30.0,50.0,4.0));
#5810=VECTOR('',#7136,1.0);
#5811=COLOUR_RGB('',0.117647059261799,0.117647059261799,0.117647059261799);
#5812=CARTESIAN_POINT('',(46.0,42.0,21.0));
#5813=CARTESIAN_POINT('',(46.0,20.8592966141843,21.0));
#5814=VECTOR('',#7137,1.0);
#5815=CARTESIAN_POINT('',(42.0,46.0,21.0));
#5816=CARTESIAN_POINT('',(20.3045443992319,46.0,21.0));
#5817=VECTOR('',#7138,1.0);
#5818=AXIS2_PLACEMENT_3D('',#7139,#7140,#7141);
#5819=COLOUR_RGB('',0.117647059261799,0.117647059261799,0.117647059261799);
#5820=CARTESIAN_POINT('',(42.0,46.0,25.0));
#5821=CARTESIAN_POINT('',(42.0,46.0,0.0));
#5822=VECTOR('',#7142,1.0);
#5823=CARTESIAN_POINT('',(46.0,42.0,25.0));
#5824=AXIS2_PLACEMENT_3D('',#7143,#7144,#7145);
#5825=CARTESIAN_POINT('',(46.0,42.0,0.0));
#5826=VECTOR('',#7146,1.0);
#5827=COLOUR_RGB('',0.117647059261799,0.117647059261799,0.117647059261799);
#5828=CARTESIAN_POINT('',(44.0,11.388700540448,25.0));
#5829=CARTESIAN_POINT('',(44.0,-11.388700540448,25.0));
#5830=CARTESIAN_POINT('',(44.0,-5.14031091997103E-15,25.0));
#5831=VECTOR('',#7147,1.0);
#5832=CARTESIAN_POINT('',(11.388700540448,-44.0,25.0));
#5833=AXIS2_PLACEMENT_3D('',#7148,#7149,#7150);
#5834=CARTESIAN_POINT('',(-11.388700540448,-44.0,25.0));
#5835=CARTESIAN_POINT('',(-5.83235716666852E-15,-44.0,25.0));
#5836=VECTOR('',#7151,1.0);
#5837=CARTESIAN_POINT('',(-44.0,-11.388700540448,25.0));
#5838=AXIS2_PLACEMENT_3D('',#7152,#7153,#7154);
#5839=CARTESIAN_POINT('',(-44.0,11.388700540448,25.0));
#5840=CARTESIAN_POINT('',(-44.0,5.63622499366589E-15,25.0));
#5841=VECTOR('',#7155,1.0);
#5842=CARTESIAN_POINT('',(-11.388700540448,44.0,25.0));
#5843=AXIS2_PLACEMENT_3D('',#7156,#7157,#7158);
#5844=CARTESIAN_POINT('',(11.388700540448,44.0,25.0));
#5845=CARTESIAN_POINT('',(-4.44089209850063E-16,44.0,25.0));
#5846=VECTOR('',#7159,1.0);
#5847=AXIS2_PLACEMENT_3D('',#7160,#7161,#7162);
#5848=CARTESIAN_POINT('',(-42.0,46.0,25.0));
#5849=CARTESIAN_POINT('',(42.0,46.0,25.0));
#5850=VECTOR('',#7163,1.0);
#5851=CARTESIAN_POINT('',(-46.0,42.0,25.0));
#5852=AXIS2_PLACEMENT_3D('',#7164,#7165,#7166);
#5853=CARTESIAN_POINT('',(-46.0,42.0,25.0));
#5854=VECTOR('',#7167,1.0);
#5855=CARTESIAN_POINT('',(-42.0,-46.0,25.0));
#5856=VECTOR('',#7168,1.0);
#5857=CARTESIAN_POINT('',(46.0,-42.0,25.0));
#5858=VECTOR('',#7169,1.0);
#5859=COLOUR_RGB('',0.117647059261799,0.117647059261799,0.117647059261799);
#5860=CARTESIAN_POINT('',(-42.0,46.0,21.0));
#5861=CARTESIAN_POINT('',(-46.0,42.0,21.0));
#5862=AXIS2_PLACEMENT_3D('',#7170,#7171,#7172);
#5863=CARTESIAN_POINT('',(-46.0,42.0,0.0));
#5864=VECTOR('',#7173,1.0);
#5865=CARTESIAN_POINT('',(-42.0,46.0,0.0));
#5866=VECTOR('',#7174,1.0);
#5867=COLOUR_RGB('',0.117647059261799,0.117647059261799,0.117647059261799);
#5868=CARTESIAN_POINT('',(-46.0,20.3045443992319,21.0));
#5869=VECTOR('',#7175,1.0);
#5870=CARTESIAN_POINT('',(-20.8592966141843,46.0,21.0));
#5871=VECTOR('',#7176,1.0);
#5872=COLOUR_RGB('',0.117647059261799,0.117647059261799,0.117647059261799);
#5873=AXIS2_PLACEMENT_3D('',#7177,#7178,#7179);
#5874=CARTESIAN_POINT('',(46.0,42.0,4.0));
#5875=CARTESIAN_POINT('',(46.0,20.8592966141843,4.0));
#5876=VECTOR('',#7180,1.0);
#5877=CARTESIAN_POINT('',(42.0,46.0,4.0));
#5878=AXIS2_PLACEMENT_3D('',#7181,#7182,#7183);
#5879=CARTESIAN_POINT('',(20.3045443992319,46.0,4.0));
#5880=VECTOR('',#7184,1.0);
#5881=COLOUR_RGB('',0.117647059261799,0.117647059261799,0.117647059261799);
#5882=AXIS2_PLACEMENT_3D('',#7185,#7186,#7187);
#5883=CARTESIAN_POINT('',(-46.0,42.0,4.0));
#5884=CARTESIAN_POINT('',(-46.0,20.3045443992319,4.0));
#5885=VECTOR('',#7188,1.0);
#5886=CARTESIAN_POINT('',(-42.0,46.0,4.0));
#5887=CARTESIAN_POINT('',(-20.8592966141843,46.0,4.0));
#5888=VECTOR('',#7189,1.0);
#5889=AXIS2_PLACEMENT_3D('',#7190,#7191,#7192);
#5890=COLOUR_RGB('',0.117647059261799,0.117647059261799,0.117647059261799);
#5891=AXIS2_PLACEMENT_3D('',#7193,#7194,#7195);
#5892=CARTESIAN_POINT('',(-42.0,-46.0,4.0));
#5893=CARTESIAN_POINT('',(-20.3045443992319,-46.0,4.0));
#5894=VECTOR('',#7196,1.0);
#5895=CARTESIAN_POINT('',(-46.0,-42.0,4.0));
#5896=CARTESIAN_POINT('',(-46.0,-20.8592966141843,4.0));
#5897=VECTOR('',#7197,1.0);
#5898=AXIS2_PLACEMENT_3D('',#7198,#7199,#7200);
#5899=COLOUR_RGB('',0.117647059261799,0.117647059261799,0.117647059261799);
#5900=CARTESIAN_POINT('',(42.0,-46.0,4.0));
#5901=CARTESIAN_POINT('',(20.8592966141843,-46.0,4.0));
#5902=VECTOR('',#7201,1.0);
#5903=CARTESIAN_POINT('',(46.0,-42.0,4.0));
#5904=AXIS2_PLACEMENT_3D('',#7202,#7203,#7204);
#5905=CARTESIAN_POINT('',(46.0,-20.3045443992319,4.0));
#5906=VECTOR('',#7205,1.0);
#5907=AXIS2_PLACEMENT_3D('',#7206,#7207,#7208);
#5908=COLOUR_RGB('',0.117647059261799,0.117647059261799,0.117647059261799);
#5909=CARTESIAN_POINT('',(44.0,-11.388700540448,23.0));
#5910=CARTESIAN_POINT('',(44.0,-11.388700540448,26.5));
#5911=VECTOR('',#7209,1.0);
#5912=CARTESIAN_POINT('',(11.388700540448,-44.0,23.0));
#5913=AXIS2_PLACEMENT_3D('',#7210,#7211,#7212);
#5914=CARTESIAN_POINT('',(11.388700540448,-44.0,26.5));
#5915=VECTOR('',#7213,1.0);
#5916=COLOUR_RGB('',0.117647059261799,0.117647059261799,0.117647059261799);
#5917=CARTESIAN_POINT('',(-11.388700540448,-44.0,23.0));
#5918=CARTESIAN_POINT('',(-11.388700540448,-44.0,26.5));
#5919=VECTOR('',#7214,1.0);
#5920=CARTESIAN_POINT('',(-44.0,-11.388700540448,23.0));
#5921=AXIS2_PLACEMENT_3D('',#7215,#7216,#7217);
#5922=CARTESIAN_POINT('',(-44.0,-11.388700540448,26.5));
#5923=VECTOR('',#7218,1.0);
#5924=COLOUR_RGB('',0.117647059261799,0.117647059261799,0.117647059261799);
#5926=CARTESIAN_POINT('',(11.3887005404481,-44.0,23.0));
#5927=CARTESIAN_POINT('',(5.60204386561998,-44.0,22.162842109675));
#5928=CARTESIAN_POINT('',(-4.79660906464394E-15,-44.0,22.162842109675));
#5929=CARTESIAN_POINT('',(-5.60204386562001,-44.0,22.162842109675));
#5930=CARTESIAN_POINT('',(-11.3887005404481,-44.0,23.0));
#5938=CARTESIAN_POINT('',(11.3887005404481,-44.0,23.0));
#5939=CARTESIAN_POINT('',(5.60204386561998,-44.0,22.162842109675));
#5940=CARTESIAN_POINT('',(-4.79660906464394E-15,-44.0,22.162842109675));
#5941=CARTESIAN_POINT('',(-5.60204386562001,-44.0,22.162842109675));
#5942=CARTESIAN_POINT('',(-11.3887005404481,-44.0,23.0));
#5949=COLOUR_RGB('',0.117647059261799,0.117647059261799,0.117647059261799);
#5950=CARTESIAN_POINT('',(-44.0,11.388700540448,23.0));
#5951=CARTESIAN_POINT('',(-44.0,11.388700540448,26.5));
#5952=VECTOR('',#7219,1.0);
#5953=CARTESIAN_POINT('',(-11.388700540448,44.0,23.0));
#5954=AXIS2_PLACEMENT_3D('',#7220,#7221,#7222);
#5955=CARTESIAN_POINT('',(-11.388700540448,44.0,26.5));
#5956=VECTOR('',#7223,1.0);
#5957=COLOUR_RGB('',0.117647059261799,0.117647059261799,0.117647059261799);
#5959=CARTESIAN_POINT('',(-44.0,-11.388700540448,23.0));
#5960=CARTESIAN_POINT('',(-44.0,-5.60204386561996,22.162842109675));
#5961=CARTESIAN_POINT('',(-44.0,2.69413397840923E-15,22.162842109675));
#5962=CARTESIAN_POINT('',(-44.0,5.60204386561996,22.162842109675));
#5963=CARTESIAN_POINT('',(-44.0,11.388700540448,23.0));
#5971=CARTESIAN_POINT('',(-44.0,-11.388700540448,23.0));
#5972=CARTESIAN_POINT('',(-44.0,-5.60204386561996,22.162842109675));
#5973=CARTESIAN_POINT('',(-44.0,2.69413397840923E-15,22.162842109675));
#5974=CARTESIAN_POINT('',(-44.0,5.60204386561996,22.162842109675));
#5975=CARTESIAN_POINT('',(-44.0,11.388700540448,23.0));
#5982=COLOUR_RGB('',0.117647059261799,0.117647059261799,0.117647059261799);
#5984=CARTESIAN_POINT('',(-11.388700540448,44.0,23.0));
#5985=CARTESIAN_POINT('',(-5.60204386561998,44.0,22.162842109675));
#5986=CARTESIAN_POINT('',(5.91658892174524E-16,44.0,22.162842109675));
#5987=CARTESIAN_POINT('',(5.60204386561998,44.0,22.162842109675));
#5988=CARTESIAN_POINT('',(11.388700540448,44.0,23.0));
#5995=CARTESIAN_POINT('',(11.388700540448,44.0,23.0));
#5997=CARTESIAN_POINT('',(-11.388700540448,44.0,23.0));
#5998=CARTESIAN_POINT('',(-5.60204386561998,44.0,22.162842109675));
#5999=CARTESIAN_POINT('',(5.91658892174524E-16,44.0,22.162842109675));
#6000=CARTESIAN_POINT('',(5.60204386561998,44.0,22.162842109675));
#6001=CARTESIAN_POINT('',(11.388700540448,44.0,23.0));
#6008=CARTESIAN_POINT('',(11.388700540448,44.0,26.5));
#6009=VECTOR('',#7224,1.0);
#6010=COLOUR_RGB('',0.117647059261799,0.117647059261799,0.117647059261799);
#6011=CARTESIAN_POINT('',(44.0,11.388700540448,23.0));
#6012=AXIS2_PLACEMENT_3D('',#7225,#7226,#7227);
#6013=CARTESIAN_POINT('',(44.0,11.388700540448,26.5));
#6014=VECTOR('',#7228,1.0);
#6015=COLOUR_RGB('',0.117647059261799,0.117647059261799,0.117647059261799);
#6016=CARTESIAN_POINT('',(44.0,-8.08240193522769E-15,22.162842109675));
#6018=CARTESIAN_POINT('',(44.0,11.3887005404481,23.0));
#6019=CARTESIAN_POINT('',(44.0,5.60204386561993,22.162842109675));
#6020=CARTESIAN_POINT('',(44.0,-8.08240193522769E-15,22.162842109675));
#6021=CARTESIAN_POINT('',(44.0,-5.60204386561997,22.162842109675));
#6022=CARTESIAN_POINT('',(44.0,-11.3887005404481,23.0));
#6030=CARTESIAN_POINT('',(44.0,11.3887005404481,23.0));
#6031=CARTESIAN_POINT('',(44.0,5.60204386561993,22.162842109675));
#6032=CARTESIAN_POINT('',(44.0,-8.08240193522769E-15,22.162842109675));
#6033=CARTESIAN_POINT('',(44.0,-5.60204386561997,22.162842109675));
#6034=CARTESIAN_POINT('',(44.0,-11.3887005404481,23.0));
#6041=COLOUR_RGB('',0.117647059261799,0.117647059261799,0.117647059261799);
#6042=CARTESIAN_POINT('',(15.4784193330412,-37.2181211037731,8.48312907287547));
#6043=AXIS2_PLACEMENT_3D('',#7229,#7230,#7231);
#6044=CARTESIAN_POINT('',(15.7776132882831,-36.9795218863532,7.55924954036418));
#6045=CARTESIAN_POINT('',(15.7776132882831,-36.9795218863532,7.55924954036418));
#6046=VECTOR('',#7232,1.0);
#6047=AXIS2_PLACEMENT_3D('',#7233,#7234,#7235);
#6048=COLOUR_RGB('',0.117647059261799,0.117647059261799,0.117647059261799);
#6049=AXIS2_PLACEMENT_3D('',#7236,#7237,#7238);
#6050=AXIS2_PLACEMENT_3D('',#7239,#7240,#7241);
#6051=COLOUR_RGB('',0.117647059261799,0.117647059261799,0.117647059261799);
#6052=CARTESIAN_POINT('',(34.6517246981551,-22.2244207781262,17.4821618889606));
#6053=AXIS2_PLACEMENT_3D('',#7242,#7243,#7244);
#6054=CARTESIAN_POINT('',(34.3525307429132,-22.4630199955462,18.4060414214719));
#6055=CARTESIAN_POINT('',(34.6517246981551,-22.2244207781262,17.4821618889606));
#6056=VECTOR('',#7245,1.0);
#6057=AXIS2_PLACEMENT_3D('',#7246,#7247,#7248);
#6058=COLOUR_RGB('',0.117647059261799,0.117647059261799,0.117647059261799);
#6059=CARTESIAN_POINT('',(-19.4476621941933,-35.3066344859592,8.48312907287547));
#6060=AXIS2_PLACEMENT_3D('',#7249,#7250,#7251);
#6061=CARTESIAN_POINT('',(-19.0745734344511,-35.3917895607387,7.55924954036418));
#6062=CARTESIAN_POINT('',(-19.0745734344511,-35.3917895607387,7.55924954036418));
#6063=VECTOR('',#7252,1.0);
#6064=AXIS2_PLACEMENT_3D('',#7253,#7254,#7255);
#6065=COLOUR_RGB('',0.117647059261799,0.117647059261799,0.117647059261799);
#6066=AXIS2_PLACEMENT_3D('',#7256,#7257,#7258);
#6067=AXIS2_PLACEMENT_3D('',#7259,#7260,#7261);
#6068=COLOUR_RGB('',0.117647059261799,0.117647059261799,0.117647059261799);
#6069=CARTESIAN_POINT('',(4.22924512216041,-40.9485089982117,17.4821618889606));
#6070=AXIS2_PLACEMENT_3D('',#7262,#7263,#7264);
#6071=CARTESIAN_POINT('',(3.85615636241814,-40.8633539234322,18.4060414214719));
#6072=CARTESIAN_POINT('',(4.22924512216041,-40.9485089982117,17.4821618889606));
#6073=VECTOR('',#7265,1.0);
#6074=AXIS2_PLACEMENT_3D('',#7266,#7267,#7268);
#6075=COLOUR_RGB('',0.117647059261799,0.117647059261799,0.117647059261799);
#6076=CARTESIAN_POINT('',(-39.7292574291875,-6.8085319761258,8.48312907287547));
#6077=AXIS2_PLACEMENT_3D('',#7269,#7270,#7271);
#6078=CARTESIAN_POINT('',(-39.5632173106546,-7.15331783494879,7.55924954036418));
#6079=CARTESIAN_POINT('',(-39.5632173106546,-7.15331783494879,7.55924954036418));
#6080=VECTOR('',#7272,1.0);
#6081=AXIS2_PLACEMENT_3D('',#7273,#7274,#7275);
#6082=COLOUR_RGB('',0.117647059261799,0.117647059261799,0.117647059261799);
#6083=AXIS2_PLACEMENT_3D('',#7276,#7277,#7278);
#6084=AXIS2_PLACEMENT_3D('',#7279,#7280,#7281);
#6085=COLOUR_RGB('',0.117647059261799,0.117647059261799,0.117647059261799);
#6086=CARTESIAN_POINT('',(-29.3779422916995,-28.837534745285,17.4821618889606));
#6087=AXIS2_PLACEMENT_3D('',#7282,#7283,#7284);
#6088=CARTESIAN_POINT('',(-29.5439824102324,-28.492748886462,18.4060414214719));
#6089=CARTESIAN_POINT('',(-29.3779422916995,-28.837534745285,17.4821618889606));
#6090=VECTOR('',#7285,1.0);
#6091=AXIS2_PLACEMENT_3D('',#7286,#7287,#7288);
#6092=COLOUR_RGB('',0.117647059261799,0.117647059261799,0.117647059261799);
#6093=CARTESIAN_POINT('',(-30.0939114908442,26.8165339804722,8.48312907287547));
#6094=AXIS2_PLACEMENT_3D('',#7289,#7290,#7291);
#6095=CARTESIAN_POINT('',(-30.2599516093771,26.4717481216492,7.55924954036418));
#6096=CARTESIAN_POINT('',(-30.2599516093771,26.4717481216492,7.55924954036418));
#6097=VECTOR('',#7292,1.0);
#6098=AXIS2_PLACEMENT_3D('',#7293,#7294,#7295);
#6099=COLOUR_RGB('',0.117647059261799,0.117647059261799,0.117647059261799);
#6100=AXIS2_PLACEMENT_3D('',#7296,#7297,#7298);
#6101=AXIS2_PLACEMENT_3D('',#7299,#7300,#7301);
#6102=COLOUR_RGB('',0.117647059261799,0.117647059261799,0.117647059261799);
#6103=CARTESIAN_POINT('',(-40.8629399590985,4.98869134934761,17.4821618889606));
#6104=AXIS2_PLACEMENT_3D('',#7302,#7303,#7304);
#6105=CARTESIAN_POINT('',(-40.6968998405656,5.33347720817059,18.4060414214719));
#6106=CARTESIAN_POINT('',(-40.8629399590985,4.98869134934761,17.4821618889606));
#6107=VECTOR('',#7305,1.0);
#6108=AXIS2_PLACEMENT_3D('',#7306,#7307,#7308);
#6109=COLOUR_RGB('',0.117647059261799,0.117647059261799,0.117647059261799);
#6110=CARTESIAN_POINT('',(2.20276360402614,40.248202892171,8.48312907287547));
#6111=AXIS2_PLACEMENT_3D('',#7309,#7310,#7311);
#6112=CARTESIAN_POINT('',(1.82967484428387,40.1630478173915,7.55924954036418));
#6113=CARTESIAN_POINT('',(1.82967484428387,40.1630478173915,7.55924954036418));
#6114=VECTOR('',#7312,1.0);
#6115=AXIS2_PLACEMENT_3D('',#7313,#7314,#7315);
#6116=COLOUR_RGB('',0.117647059261799,0.117647059261799,0.117647059261799);
#6117=AXIS2_PLACEMENT_3D('',#7316,#7317,#7318);
#6118=AXIS2_PLACEMENT_3D('',#7319,#7320,#7321);
#6119=COLOUR_RGB('',0.117647059261799,0.117647059261799,0.117647059261799);
#6120=CARTESIAN_POINT('',(-21.5773103852278,35.0583311071632,17.4821618889606));
#6121=AXIS2_PLACEMENT_3D('',#7322,#7323,#7324);
#6122=CARTESIAN_POINT('',(-21.2042216254855,35.1434861819427,18.4060414214719));
#6123=CARTESIAN_POINT('',(-21.5773103852278,35.0583311071632,17.4821618889606));
#6124=VECTOR('',#7325,1.0);
#6125=AXIS2_PLACEMENT_3D('',#7326,#7327,#7328);
#6126=COLOUR_RGB('',0.117647059261799,0.117647059261799,0.117647059261799);
#6127=CARTESIAN_POINT('',(32.840712776876,23.3721541123474,8.48312907287547));
#6128=AXIS2_PLACEMENT_3D('',#7329,#7330,#7331);
#6129=CARTESIAN_POINT('',(32.541518821634,23.6107533297673,7.55924954036418));
#6130=CARTESIAN_POINT('',(32.541518821634,23.6107533297673,7.55924954036418));
#6131=VECTOR('',#7332,1.0);
#6132=AXIS2_PLACEMENT_3D('',#7333,#7334,#7335);
#6133=COLOUR_RGB('',0.117647059261799,0.117647059261799,0.117647059261799);
#6134=AXIS2_PLACEMENT_3D('',#7336,#7337,#7338);
#6135=AXIS2_PLACEMENT_3D('',#7339,#7340,#7341);
#6136=COLOUR_RGB('',0.117647059261799,0.117647059261799,0.117647059261799);
#6137=CARTESIAN_POINT('',(13.9564740056384,38.7283324816585,17.4821618889606));
#6138=AXIS2_PLACEMENT_3D('',#7342,#7343,#7344);
#6139=CARTESIAN_POINT('',(14.2556679608803,38.4897332642386,18.4060414214719));
#6140=CARTESIAN_POINT('',(13.9564740056384,38.7283324816585,17.4821618889606));
#6141=VECTOR('',#7345,1.0);
#6142=AXIS2_PLACEMENT_3D('',#7346,#7347,#7348);
#6143=COLOUR_RGB('',0.117647059261799,0.117647059261799,0.117647059261799);
#6144=CARTESIAN_POINT('',(38.7489354002818,-11.1036034191324,8.48312907287547));
#6145=AXIS2_PLACEMENT_3D('',#7349,#7350,#7351);
#6146=CARTESIAN_POINT('',(38.7489354002818,-10.7209199867673,7.55924954036418));
#6147=CARTESIAN_POINT('',(38.7489354002818,-10.7209199867673,7.55924954036418));
#6148=VECTOR('',#7352,1.0);
#6149=AXIS2_PLACEMENT_3D('',#7353,#7354,#7355);
#6150=COLOUR_RGB('',0.117647059261799,0.117647059261799,0.117647059261799);
#6151=AXIS2_PLACEMENT_3D('',#7356,#7357,#7358);
#6152=AXIS2_PLACEMENT_3D('',#7359,#7360,#7361);
#6153=COLOUR_RGB('',0.117647059261799,0.117647059261799,0.117647059261799);
#6154=CARTESIAN_POINT('',(38.9807488100719,13.2351095834536,17.4821618889606));
#6155=AXIS2_PLACEMENT_3D('',#7362,#7363,#7364);
#6156=CARTESIAN_POINT('',(38.9807488100719,12.8524261510885,18.4060414214719));
#6157=CARTESIAN_POINT('',(38.9807488100719,13.2351095834536,17.4821618889606));
#6158=VECTOR('',#7365,1.0);
#6159=AXIS2_PLACEMENT_3D('',#7366,#7367,#7368);
#6160=COLOUR_RGB('',0.117647059261799,0.117647059261799,0.117647059261799);
#6161=CARTESIAN_POINT('',(-42.0,46.0,0.0));
#6162=CARTESIAN_POINT('',(-42.0,46.0,0.0));
#6163=VECTOR('',#7369,1.0);
#6164=CARTESIAN_POINT('',(-46.0,42.0,0.0));
#6165=AXIS2_PLACEMENT_3D('',#7370,#7371,#7372);
#6166=CARTESIAN_POINT('',(-46.0,42.0,0.0));
#6167=VECTOR('',#7373,1.0);
#6168=COLOUR_RGB('',0.117647059261799,0.117647059261799,0.117647059261799);
#6169=CARTESIAN_POINT('',(-46.0,-42.0,0.0));
#6170=CARTESIAN_POINT('',(-46.0,42.0,0.0));
#6171=VECTOR('',#7374,1.0);
#6172=CARTESIAN_POINT('',(-46.0,-42.0,0.0));
#6173=VECTOR('',#7375,1.0);
#6174=COLOUR_RGB('',0.117647059261799,0.117647059261799,0.117647059261799);
#6175=CARTESIAN_POINT('',(-42.0,-46.0,0.0));
#6176=AXIS2_PLACEMENT_3D('',#7376,#7377,#7378);
#6177=CARTESIAN_POINT('',(-42.0,-46.0,0.0));
#6178=VECTOR('',#7379,1.0);
#6179=COLOUR_RGB('',0.117647059261799,0.117647059261799,0.117647059261799);
#6180=CARTESIAN_POINT('',(42.0,-46.0,0.0));
#6181=CARTESIAN_POINT('',(-42.0,-46.0,0.0));
#6182=VECTOR('',#7380,1.0);
#6183=CARTESIAN_POINT('',(42.0,-46.0,0.0));
#6184=VECTOR('',#7381,1.0);
#6185=COLOUR_RGB('',0.117647059261799,0.117647059261799,0.117647059261799);
#6186=CARTESIAN_POINT('',(46.0,-42.0,0.0));
#6187=AXIS2_PLACEMENT_3D('',#7382,#7383,#7384);
#6188=CARTESIAN_POINT('',(46.0,-42.0,0.0));
#6189=VECTOR('',#7385,1.0);
#6190=COLOUR_RGB('',0.117647059261799,0.117647059261799,0.117647059261799);
#6191=CARTESIAN_POINT('',(46.0,42.0,0.0));
#6192=CARTESIAN_POINT('',(46.0,-42.0,0.0));
#6193=VECTOR('',#7386,1.0);
#6194=CARTESIAN_POINT('',(46.0,42.0,0.0));
#6195=VECTOR('',#7387,1.0);
#6196=COLOUR_RGB('',0.117647059261799,0.117647059261799,0.117647059261799);
#6197=CARTESIAN_POINT('',(42.0,46.0,0.0));
#6198=AXIS2_PLACEMENT_3D('',#7388,#7389,#7390);
#6199=CARTESIAN_POINT('',(42.0,46.0,0.0));
#6200=VECTOR('',#7391,1.0);
#6201=COLOUR_RGB('',0.117647059261799,0.117647059261799,0.117647059261799);
#6202=CARTESIAN_POINT('',(42.0,46.0,0.0));
#6203=VECTOR('',#7392,1.0);
#6204=COLOUR_RGB('',0.117647059261799,0.117647059261799,0.117647059261799);
#6205=AXIS2_PLACEMENT_3D('',#7393,#7394,#7395);
#6206=COLOUR_RGB('',0.117647059261799,0.117647059261799,0.117647059261799);
#6207=AXIS2_PLACEMENT_3D('',#7396,#7397,#7398);
#6208=COLOUR_RGB('',0.117647059261799,0.117647059261799,0.117647059261799);
#6209=AXIS2_PLACEMENT_3D('',#7399,#7400,#7401);
#6210=COLOUR_RGB('',0.117647059261799,0.117647059261799,0.117647059261799);
#6211=AXIS2_PLACEMENT_3D('',#7402,#7403,#7404);
#6212=COLOUR_RGB('',0.117647059261799,0.117647059261799,0.117647059261799);
#6213=CARTESIAN_POINT('',(-44.0,27.2408241431863,0.0));
#6214=CARTESIAN_POINT('',(-44.0,-27.2408241431863,0.0));
#6215=CARTESIAN_POINT('',(-44.0,5.63622499366589E-15,0.0));
#6216=VECTOR('',#7405,1.0);
#6217=CARTESIAN_POINT('',(-44.0,27.2408241431863,2.00000000000001));
#6218=CARTESIAN_POINT('',(-44.0,27.2408241431863,-1.49999999999999));
#6219=VECTOR('',#7406,1.0);
#6221=CARTESIAN_POINT('',(-44.0,27.2408241431863,2.0));
#6222=CARTESIAN_POINT('',(-44.0,12.517976629767,6.47446458621961));
#6223=CARTESIAN_POINT('',(-44.0,2.69413397840923E-15,6.47446458621961));
#6224=CARTESIAN_POINT('',(-44.0,-12.517976629767,6.47446458621961));
#6225=CARTESIAN_POINT('',(-44.0,-27.2408241431863,2.0));
#6232=CARTESIAN_POINT('',(-44.0,-27.2408241431863,2.00000000000001));
#6234=CARTESIAN_POINT('',(-44.0,27.2408241431863,2.0));
#6235=CARTESIAN_POINT('',(-44.0,12.517976629767,6.47446458621961));
#6236=CARTESIAN_POINT('',(-44.0,2.69413397840923E-15,6.47446458621961));
#6237=CARTESIAN_POINT('',(-44.0,-12.517976629767,6.47446458621961));
#6238=CARTESIAN_POINT('',(-44.0,-27.2408241431863,2.0));
#6245=CARTESIAN_POINT('',(-44.0,-27.2408241431863,-1.49999999999999));
#6246=VECTOR('',#7407,1.0);
#6247=COLOUR_RGB('',0.117647059261799,0.117647059261799,0.117647059261799);
#6248=CARTESIAN_POINT('',(-31.0330078128007,41.4127386934341,0.0));
#6249=CARTESIAN_POINT('',(-31.0330078128007,41.412738693434,2.00000000000001));
#6250=CARTESIAN_POINT('',(-31.0330078128007,41.412738693434,1.0));
#6251=VECTOR('',#7408,1.0);
#6252=AXIS2_PLACEMENT_3D('',#7409,#7410,#7411);
#6253=AXIS2_PLACEMENT_3D('',#7412,#7413,#7414);
#6254=COLOUR_RGB('',0.117647059261799,0.117647059261799,0.117647059261799);
#6255=CARTESIAN_POINT('',(-43.2180014919137,-28.4651865801885,2.00000000000001));
#6256=CARTESIAN_POINT('',(-43.2180014919137,-28.4651865801885,0.0));
#6257=CARTESIAN_POINT('',(-43.2180014919137,-28.4651865801885,1.0));
#6258=VECTOR('',#7415,1.0);
#6259=AXIS2_PLACEMENT_3D('',#7416,#7417,#7418);
#6260=AXIS2_PLACEMENT_3D('',#7419,#7420,#7421);
#6261=COLOUR_RGB('',0.117647059261799,0.117647059261799,0.117647059261799);
#6262=CARTESIAN_POINT('',(-28.4651865801885,43.2180014919137,2.00000000000001));
#6263=CARTESIAN_POINT('',(-28.4651865801885,43.2180014919137,0.0));
#6264=CARTESIAN_POINT('',(-28.4651865801885,43.2180014919137,1.0));
#6265=VECTOR('',#7422,1.0);
#6266=CARTESIAN_POINT('',(-27.2408241431863,44.0,0.0));
#6267=AXIS2_PLACEMENT_3D('',#7423,#7424,#7425);
#6268=CARTESIAN_POINT('',(-27.2408241431863,44.0,2.00000000000001));
#6269=CARTESIAN_POINT('',(-27.2408241431863,44.0,-1.49999999999999));
#6270=VECTOR('',#7426,1.0);
#6271=AXIS2_PLACEMENT_3D('',#7427,#7428,#7429);
#6272=COLOUR_RGB('',0.117647059261799,0.117647059261799,0.117647059261799);
#6273=CARTESIAN_POINT('',(27.2408241431863,44.0,0.0));
#6274=CARTESIAN_POINT('',(-4.44089209850063E-16,44.0,0.0));
#6275=VECTOR('',#7430,1.0);
#6276=CARTESIAN_POINT('',(27.2408241431863,44.0,2.0));
#6277=CARTESIAN_POINT('',(27.2408241431863,44.0,-1.49999999999999));
#6278=VECTOR('',#7431,1.0);
#6280=CARTESIAN_POINT('',(27.2408241431863,44.0,2.0));
#6281=CARTESIAN_POINT('',(12.5179766297671,44.0,6.4744645862196));
#6282=CARTESIAN_POINT('',(-3.68945447644861E-16,44.0,6.47446458621961));
#6283=CARTESIAN_POINT('',(-12.517976629767,44.0,6.47446458621961));
#6284=CARTESIAN_POINT('',(-27.2408241431863,44.0,2.0));
#6292=CARTESIAN_POINT('',(27.2408241431863,44.0,2.0));
#6293=CARTESIAN_POINT('',(12.5179766297671,44.0,6.4744645862196));
#6294=CARTESIAN_POINT('',(-3.68945447644861E-16,44.0,6.47446458621961));
#6295=CARTESIAN_POINT('',(-12.517976629767,44.0,6.47446458621961));
#6296=CARTESIAN_POINT('',(-27.2408241431863,44.0,2.0));
#6303=COLOUR_RGB('',0.117647059261799,0.117647059261799,0.117647059261799);
#6304=CARTESIAN_POINT('',(41.4127386934341,31.0330078128007,0.0));
#6305=CARTESIAN_POINT('',(41.4127386934341,31.0330078128007,2.0));
#6306=CARTESIAN_POINT('',(41.4127386934341,31.0330078128007,1.0));
#6307=VECTOR('',#7432,1.0);
#6308=AXIS2_PLACEMENT_3D('',#7433,#7434,#7435);
#6309=AXIS2_PLACEMENT_3D('',#7436,#7437,#7438);
#6310=COLOUR_RGB('',0.117647059261799,0.117647059261799,0.117647059261799);
#6311=CARTESIAN_POINT('',(43.2180014919137,28.4651865801885,2.0));
#6312=CARTESIAN_POINT('',(43.2180014919137,28.4651865801885,0.0));
#6313=CARTESIAN_POINT('',(43.2180014919137,28.4651865801885,1.0));
#6314=VECTOR('',#7439,1.0);
#6315=CARTESIAN_POINT('',(44.0,27.2408241431863,0.0));
#6316=AXIS2_PLACEMENT_3D('',#7440,#7441,#7442);
#6317=CARTESIAN_POINT('',(44.0,27.2408241431863,2.0));
#6318=CARTESIAN_POINT('',(44.0,27.2408241431863,-1.5));
#6319=VECTOR('',#7443,1.0);
#6320=AXIS2_PLACEMENT_3D('',#7444,#7445,#7446);
#6321=COLOUR_RGB('',0.117647059261799,0.117647059261799,0.117647059261799);
#6322=CARTESIAN_POINT('',(36.1565401953272,29.325165393456,5.0));
#6324=CARTESIAN_POINT('',(41.4127386934341,31.0330078128007,1.99999999999999));
#6325=CARTESIAN_POINT('',(38.6457231698155,30.1339499693948,3.58969530794257));
#6326=CARTESIAN_POINT('',(36.1565401953272,29.325165393456,5.0));
#6333=CARTESIAN_POINT('',(38.0710453529307,26.792839154986,5.0));
#6334=AXIS2_PLACEMENT_3D('',#7447,#7448,#7449);
#6336=CARTESIAN_POINT('',(38.0710453529307,26.792839154986,5.0));
#6337=CARTESIAN_POINT('',(40.5084943183778,27.5848143324223,3.58600568206695));
#6338=CARTESIAN_POINT('',(43.2180014919138,28.4651865801885,1.99999999999999));
#6345=CARTESIAN_POINT('',(44.0,-8.08240193522769E-15,6.47446458621959));
#6347=CARTESIAN_POINT('',(44.0,-27.2408241431863,1.99999999999999));
#6348=CARTESIAN_POINT('',(44.0,-12.517976629767,6.47446458621962));
#6349=CARTESIAN_POINT('',(44.0,-8.08240193522769E-15,6.47446458621962));
#6350=CARTESIAN_POINT('',(44.0,12.517976629767,6.47446458621962));
#6351=CARTESIAN_POINT('',(44.0,27.2408241431863,1.99999999999999));
#6358=AXIS2_PLACEMENT_3D('',#7450,#7451,#7452);
#6359=COLOUR_RGB('',0.117647059261799,0.117647059261799,0.117647059261799);
#6360=CARTESIAN_POINT('',(-29.325165393456,36.1565401953272,5.0));
#6362=CARTESIAN_POINT('',(-31.0330078128007,41.4127386934341,2.0));
#6363=CARTESIAN_POINT('',(-30.133949969396,38.6457231698191,3.58969530794053));
#6364=CARTESIAN_POINT('',(-29.325165393456,36.1565401953272,5.0));
#6371=CARTESIAN_POINT('',(-26.7928391549861,38.0710453529307,5.0));
#6372=AXIS2_PLACEMENT_3D('',#7453,#7454,#7455);
#6374=CARTESIAN_POINT('',(-26.7928391549861,38.0710453529307,5.0));
#6375=CARTESIAN_POINT('',(-27.5848143324209,40.5084943183734,3.58600568206951));
#6376=CARTESIAN_POINT('',(-28.4651865801885,43.2180014919137,2.0));
#6383=COLOUR_RGB('',0.117647059261799,0.117647059261799,0.117647059261799);
#6384=AXIS2_PLACEMENT_3D('',#7456,#7457,#7458);
#6385=COLOUR_RGB('',0.117647059261799,0.117647059261799,0.117647059261799);
#6386=COLOUR_RGB('',0.117647059261799,0.117647059261799,0.117647059261799);
#6387=COLOUR_RGB('',0.117647059261799,0.117647059261799,0.117647059261799);
#6388=AXIS2_PLACEMENT_3D('',#7459,#7460,#7461);
#6389=COLOUR_RGB('',0.117647059261799,0.117647059261799,0.117647059261799);
#6390=CARTESIAN_POINT('',(-41.4127386934341,-31.0330078128007,2.00000000000001));
#6391=CARTESIAN_POINT('',(-36.1565401953273,-29.325165393456,5.0));
#6393=CARTESIAN_POINT('',(-41.4127386934341,-31.0330078128007,2.0));
#6394=CARTESIAN_POINT('',(-38.6457231698243,-30.1339499693977,3.58969530793754));
#6395=CARTESIAN_POINT('',(-36.1565401953273,-29.325165393456,5.0));
#6402=CARTESIAN_POINT('',(-38.0710453529308,-26.7928391549861,5.0));
#6403=AXIS2_PLACEMENT_3D('',#7462,#7463,#7464);
#6405=CARTESIAN_POINT('',(-38.0710453529308,-26.7928391549861,5.0));
#6406=CARTESIAN_POINT('',(-40.5084943183921,-27.584814332427,3.58600568205861));
#6407=CARTESIAN_POINT('',(-43.2180014919138,-28.4651865801885,2.0));
#6414=CARTESIAN_POINT('',(-27.2408241431863,-44.0,2.00000000000001));
#6416=CARTESIAN_POINT('',(-27.2408241431863,-44.0,2.0));
#6417=CARTESIAN_POINT('',(-12.517976629767,-44.0,6.47446458621961));
#6418=CARTESIAN_POINT('',(-5.75721340446332E-15,-44.0,6.47446458621961));
#6419=CARTESIAN_POINT('',(12.517976629767,-44.0,6.47446458621961));
#6420=CARTESIAN_POINT('',(27.2408241431863,-44.0,1.99999999999999));
#6427=AXIS2_PLACEMENT_3D('',#7465,#7466,#7467);
#6428=COLOUR_RGB('',0.117647059261799,0.117647059261799,0.117647059261799);
#6429=CARTESIAN_POINT('',(-41.4127386934341,-31.0330078128007,0.0));
#6430=CARTESIAN_POINT('',(-41.4127386934341,-31.0330078128007,1.0));
#6431=VECTOR('',#7468,1.0);
#6432=CARTESIAN_POINT('',(-27.2408241431863,-44.0,0.0));
#6433=CARTESIAN_POINT('',(-27.2408241431863,-44.0,-1.49999999999999));
#6434=VECTOR('',#7469,1.0);
#6435=AXIS2_PLACEMENT_3D('',#7470,#7471,#7472);
#6436=COLOUR_RGB('',0.117647059261799,0.117647059261799,0.117647059261799);
#6437=AXIS2_PLACEMENT_3D('',#7473,#7474,#7475);
#6438=AXIS2_PLACEMENT_3D('',#7476,#7477,#7478);
#6439=COLOUR_RGB('',0.117647059261799,0.117647059261799,0.117647059261799);
#6440=AXIS2_PLACEMENT_3D('',#7479,#7480,#7481);
#6441=COLOUR_RGB('',0.117647059261799,0.117647059261799,0.117647059261799);
#6442=AXIS2_PLACEMENT_3D('',#7482,#7483,#7484);
#6443=COLOUR_RGB('',0.117647059261799,0.117647059261799,0.117647059261799);
#6444=COLOUR_RGB('',0.117647059261799,0.117647059261799,0.117647059261799);
#6445=CARTESIAN_POINT('',(-9.61229108400098,-15.218536727177,10.603387043041));
#6446=AXIS2_PLACEMENT_3D('',#7485,#7486,#7487);
#6447=AXIS2_PLACEMENT_3D('',#7488,#7489,#7490);
#6448=AXIS2_PLACEMENT_3D('',#7491,#7492,#7493);
#6449=COLOUR_RGB('',0.117647059261799,0.117647059261799,0.117647059261799);
#6450=CARTESIAN_POINT('',(-9.31853620060712,-15.4001585406766,9.65636169505224));
#6451=CARTESIAN_POINT('',(-8.01614897557315,-16.1164932786701,5.63692415399485));
#6452=CARTESIAN_POINT('',(-8.53401227147214,-15.8589143340989,7.18119299886275));
#6453=CARTESIAN_POINT('',(-9.08285127220664,-15.5526912541762,8.88254268245743));
#6454=CARTESIAN_POINT('',(-10.131452056263,-14.8908720655399,12.2908170148714));
#6455=CARTESIAN_POINT('',(-10.6312341732691,-14.5355426193752,13.9977871829362));
#6456=CARTESIAN_POINT('',(-11.0668864340328,-14.1959157737787,15.5515427250332));
#6457=AXIS2_PLACEMENT_3D('',#7494,#7495,#7496);
#6458=COLOUR_RGB('',0.117647059261799,0.117647059261799,0.117647059261799);
#6459=AXIS2_PLACEMENT_3D('',#7497,#7498,#7499);
#6460=AXIS2_PLACEMENT_3D('',#7500,#7501,#7502);
#6461=COLOUR_RGB('',0.117647059261799,0.117647059261799,0.117647059261799);
#6462=COLOUR_RGB('',0.117647059261799,0.117647059261799,0.117647059261799);
#6463=CARTESIAN_POINT('',(-17.8914965937752,-1.97341066048873,10.603387043041));
#6464=CARTESIAN_POINT('',(-13.9246834648778,-11.4062785518748,14.8365900111645));
#6465=AXIS2_PLACEMENT_3D('',#7503,#7504,#7505);
#6466=AXIS2_PLACEMENT_3D('',#7506,#7507,#7508);
#6467=AXIS2_PLACEMENT_3D('',#7509,#7510,#7511);
#6468=COLOUR_RGB('',0.117647059261799,0.117647059261799,0.117647059261799);
#6469=CARTESIAN_POINT('',(-17.8503410714298,-2.31631682496687,9.65636169505224));
#6470=CARTESIAN_POINT('',(-17.5146801990627,-4.15162348058696,4.6264002110357));
#6471=CARTESIAN_POINT('',(-17.6191211219668,-3.71101286815687,5.82710075054729));
#6472=CARTESIAN_POINT('',(-17.7150089624358,-3.22739225367166,7.14966272726771));
#6473=CARTESIAN_POINT('',(-17.8637150987688,-2.26390942959615,9.79859893058009));
#6474=CARTESIAN_POINT('',(-17.9166543046601,-1.78411111188632,11.1249896067654));
#6475=CARTESIAN_POINT('',(-17.9493066652574,-1.34995934625725,12.3321240116662));
#6476=AXIS2_PLACEMENT_3D('',#7512,#7513,#7514);
#6477=COLOUR_RGB('',0.117647059261799,0.117647059261799,0.117647059261799);
#6478=CARTESIAN_POINT('',(-13.6775819245237,-11.7014423340861,13.9087602426267));
#6479=AXIS2_PLACEMENT_3D('',#7515,#7516,#7517);
#6480=AXIS2_PLACEMENT_3D('',#7518,#7519,#7520);
#6481=COLOUR_RGB('',0.117647059261799,0.117647059261799,0.117647059261799);
#6482=CARTESIAN_POINT('',(-15.039444382059,-9.89015230817775,19.4060414214719));
#6483=CARTESIAN_POINT('',(-14.8069772880492,-10.2436530250603,18.376148737082));
#6484=CARTESIAN_POINT('',(-14.5379450135234,-10.6238570043935,17.2435003567531));
#6485=CARTESIAN_POINT('',(-13.9673705281452,-11.3635709004322,14.97964736456));
#6486=CARTESIAN_POINT('',(-13.6657698293865,-11.7230914384278,13.8484609647395));
#6487=CARTESIAN_POINT('',(-13.3786924661632,-12.0420342092118,12.8210638922874));
#6488=COLOUR_RGB('',0.117647059261799,0.117647059261799,0.117647059261799);
#6489=CARTESIAN_POINT('',(-12.6980402484172,12.7577338837889,10.603387043041));
#6490=CARTESIAN_POINT('',(-17.5996858041178,3.77505756198954,14.8365900111645));
#6491=AXIS2_PLACEMENT_3D('',#7521,#7522,#7523);
#6492=AXIS2_PLACEMENT_3D('',#7524,#7525,#7526);
#6493=AXIS2_PLACEMENT_3D('',#7527,#7528,#7529);
#6494=COLOUR_RGB('',0.117647059261799,0.117647059261799,0.117647059261799);
#6495=CARTESIAN_POINT('',(-12.9404750348661,12.5117587041953,9.65636169505224));
#6496=CARTESIAN_POINT('',(-14.0971434901769,11.1924325067146,4.92189029988601));
#6497=CARTESIAN_POINT('',(-13.750900047783,11.6285346218742,6.40144887451166));
#6498=CARTESIAN_POINT('',(-13.3534526971978,12.0847692231285,8.031545865087));
#6499=CARTESIAN_POINT('',(-12.5234405286245,12.9429433567177,11.2971397355237));
#6500=CARTESIAN_POINT('',(-12.0911032968764,13.3449643090172,12.9326730595689));
#6501=CARTESIAN_POINT('',(-11.6866034049552,13.69026299438,14.4214013112381));
#6502=AXIS2_PLACEMENT_3D('',#7530,#7531,#7532);
#6503=COLOUR_RGB('',0.117647059261799,0.117647059261799,0.117647059261799);
#6504=CARTESIAN_POINT('',(-17.6763888511006,3.39783419028758,13.9087602426267));
#6505=AXIS2_PLACEMENT_3D('',#7533,#7534,#7535);
#6506=AXIS2_PLACEMENT_3D('',#7536,#7537,#7538);
#6507=COLOUR_RGB('',0.117647059261799,0.117647059261799,0.117647059261799);
#6508=CARTESIAN_POINT('',(-17.1093726387726,5.59190199374223,19.4060414214719));
#6509=CARTESIAN_POINT('',(-17.2408097659236,5.18974780908149,18.376148737082));
#6510=CARTESIAN_POINT('',(-17.3703263271882,4.74235660331692,17.2435003567531));
#6511=CARTESIAN_POINT('',(-17.5929105662962,3.83505943708185,14.97964736456));
#6512=CARTESIAN_POINT('',(-17.6859500815856,3.37510112665894,13.8484609647394));
#6513=CARTESIAN_POINT('',(-17.7563197725758,2.95179744122667,12.8210638922874));
#6514=COLOUR_RGB('',0.117647059261799,0.117647059261799,0.117647059261799);
#6515=AXIS2_PLACEMENT_3D('',#7539,#7540,#7541);
#6516=CARTESIAN_POINT('',(-8.02176576469294,16.1136983345351,14.8365900111645));
#6517=AXIS2_PLACEMENT_3D('',#7542,#7543,#7544);
#6518=AXIS2_PLACEMENT_3D('',#7545,#7546,#7547);
#6519=COLOUR_RGB('',0.117647059261799,0.117647059261799,0.117647059261799);
#6520=AXIS2_PLACEMENT_3D('',#7548,#7549,#7550);
#6521=COLOUR_RGB('',0.117647059261799,0.117647059261799,0.117647059261799);
#6522=CARTESIAN_POINT('',(-8.36451444017752,15.9384722661886,13.9087602426267));
#6523=AXIS2_PLACEMENT_3D('',#7551,#7552,#7553);
#6524=AXIS2_PLACEMENT_3D('',#7554,#7555,#7556);
#6525=COLOUR_RGB('',0.117647059261799,0.117647059261799,0.117647059261799);
#6526=CARTESIAN_POINT('',(-6.29559433089216,16.8631400403614,19.4060414214719));
#6527=CARTESIAN_POINT('',(-6.69196084163044,16.7151626914224,18.376148737082));
#6528=CARTESIAN_POINT('',(-7.12249762639679,16.5374789622845,17.2435003567531));
#6529=CARTESIAN_POINT('',(-7.97063011805173,16.1458117975175,14.97964736456));
#6530=CARTESIAN_POINT('',(-8.38824919471594,15.9317737038554,13.8484609647394));
#6531=CARTESIAN_POINT('',(-8.76307612732403,15.7228654127269,12.8210638922874));
#6532=COLOUR_RGB('',0.117647059261799,0.117647059261799,0.117647059261799);
#6533=AXIS2_PLACEMENT_3D('',#7557,#7558,#7559);
#6534=AXIS2_PLACEMENT_3D('',#7560,#7561,#7562);
#6535=COLOUR_RGB('',0.117647059261799,0.117647059261799,0.117647059261799);
#6536=AXIS2_PLACEMENT_3D('',#7563,#7564,#7565);
#6537=COLOUR_RGB('',0.117647059261799,0.117647059261799,0.117647059261799);
#6538=AXIS2_PLACEMENT_3D('',#7566,#7567,#7568);
#6539=COLOUR_RGB('',0.117647059261799,0.117647059261799,0.117647059261799);
#6540=COLOUR_RGB('',0.117647059261799,0.117647059261799,0.117647059261799);
#6541=AXIS2_PLACEMENT_3D('',#7569,#7570,#7571);
#6542=AXIS2_PLACEMENT_3D('',#7572,#7573,#7574);
#6543=COLOUR_RGB('',0.117647059261799,0.117647059261799,0.117647059261799);
#6544=AXIS2_PLACEMENT_3D('',#7575,#7576,#7577);
#6545=COLOUR_RGB('',0.117647059261799,0.117647059261799,0.117647059261799);
#6546=AXIS2_PLACEMENT_3D('',#7578,#7579,#7580);
#6547=COLOUR_RGB('',0.117647059261799,0.117647059261799,0.117647059261799);
#6548=COLOUR_RGB('',0.117647059261799,0.117647059261799,0.117647059261799);
#6549=CARTESIAN_POINT('',(-1.18174573965332,-17.9611658031101,0.0));
#6550=CARTESIAN_POINT('',(-21.8863026413737,-24.688484142254,0.0));
#6551=VECTOR('',#7581,0.999999999999999);
#6552=CARTESIAN_POINT('',(-1.18174573965332,-17.9611658031101,5.0));
#6553=CARTESIAN_POINT('',(-1.18174573965331,-17.9611658031101,2.5));
#6554=VECTOR('',#7582,1.0);
#6555=CARTESIAN_POINT('',(-21.8863026413737,-24.688484142254,5.0));
#6556=VECTOR('',#7583,0.999999999999999);
#6557=COLOUR_RGB('',0.117647059261799,0.117647059261799,0.117647059261799);
#6558=CARTESIAN_POINT('',(-6.84611367923828,-16.6472438406766,5.0));
#6559=AXIS2_PLACEMENT_3D('',#7584,#7585,#7586);
#6560=CARTESIAN_POINT('',(-22.8133536244985,-21.8353145933685,5.0));
#6561=VECTOR('',#7587,0.999999999999999);
#6562=COLOUR_RGB('',0.117647059261799,0.117647059261799,0.117647059261799);
#6563=CARTESIAN_POINT('',(-6.84611367923828,-16.6472438406766,0.0));
#6564=CARTESIAN_POINT('',(-6.84611367923828,-16.6472438406766,2.5));
#6565=VECTOR('',#7588,1.0);
#6566=CARTESIAN_POINT('',(-22.8133536244985,-21.8353145933685,0.0));
#6567=VECTOR('',#7589,0.999999999999999);
#6568=COLOUR_RGB('',0.117647059261799,0.117647059261799,0.117647059261799);
#6569=CARTESIAN_POINT('',(-17.9611658031101,1.1817457396533,0.0));
#6570=CARTESIAN_POINT('',(-24.688484142254,21.8863026413737,0.0));
#6571=VECTOR('',#7590,0.999999999999999);
#6572=CARTESIAN_POINT('',(-17.9611658031101,1.1817457396533,5.0));
#6573=CARTESIAN_POINT('',(-17.9611658031101,1.18174573965332,2.5));
#6574=VECTOR('',#7591,1.0);
#6575=CARTESIAN_POINT('',(-24.688484142254,21.8863026413737,5.0));
#6576=VECTOR('',#7592,0.999999999999999);
#6577=COLOUR_RGB('',0.117647059261799,0.117647059261799,0.117647059261799);
#6578=CARTESIAN_POINT('',(-16.6472438406766,6.84611367923827,5.0));
#6579=AXIS2_PLACEMENT_3D('',#7593,#7594,#7595);
#6580=CARTESIAN_POINT('',(-21.8353145933685,22.8133536244985,5.0));
#6581=VECTOR('',#7596,0.999999999999999);
#6582=COLOUR_RGB('',0.117647059261799,0.117647059261799,0.117647059261799);
#6583=CARTESIAN_POINT('',(-16.6472438406766,6.84611367923828,0.0));
#6584=CARTESIAN_POINT('',(-16.6472438406766,6.84611367923828,2.5));
#6585=VECTOR('',#7597,1.0);
#6586=CARTESIAN_POINT('',(-21.8353145933685,22.8133536244985,0.0));
#6587=VECTOR('',#7598,0.999999999999999);
#6588=COLOUR_RGB('',0.117647059261799,0.117647059261799,0.117647059261799);
#6589=CARTESIAN_POINT('',(21.8863026413737,24.688484142254,0.0));
#6590=VECTOR('',#7599,0.999999999999999);
#6591=CARTESIAN_POINT('',(21.8863026413737,24.688484142254,5.0));
#6592=VECTOR('',#7600,0.999999999999999);
#6593=COLOUR_RGB('',0.117647059261799,0.117647059261799,0.117647059261799);
#6594=CARTESIAN_POINT('',(22.8133536244985,21.8353145933685,5.0));
#6595=VECTOR('',#7601,0.999999999999999);
#6596=COLOUR_RGB('',0.117647059261799,0.117647059261799,0.117647059261799);
#6597=CARTESIAN_POINT('',(22.8133536244985,21.8353145933685,0.0));
#6598=VECTOR('',#7602,0.999999999999999);
#6599=COLOUR_RGB('',0.117647059261799,0.117647059261799,0.117647059261799);
#6600=AXIS2_PLACEMENT_3D('',#7603,#7604,#7605);
#6601=CARTESIAN_POINT('',(31.0330078128007,-41.4127386934341,0.0));
#6602=CARTESIAN_POINT('',(24.688484142254,-21.8863026413737,0.0));
#6603=VECTOR('',#7606,0.999999999999999);
#6604=CARTESIAN_POINT('',(44.0,-27.2408241431863,0.0));
#6605=AXIS2_PLACEMENT_3D('',#7607,#7608,#7609);
#6606=CARTESIAN_POINT('',(44.0,-5.14031091997103E-15,0.0));
#6607=VECTOR('',#7610,1.0);
#6608=CARTESIAN_POINT('',(27.2408241431863,-44.0,0.0));
#6609=CARTESIAN_POINT('',(28.4651865801885,-43.2180014919137,0.0));
#6610=AXIS2_PLACEMENT_3D('',#7611,#7612,#7613);
#6611=CARTESIAN_POINT('',(21.8353145933685,-22.8133536244985,0.0));
#6612=VECTOR('',#7614,0.999999999999999);
#6613=AXIS2_PLACEMENT_3D('',#7615,#7616,#7617);
#6614=CARTESIAN_POINT('',(-5.83235716666852E-15,-44.0,0.0));
#6615=VECTOR('',#7618,1.0);
#6616=AXIS2_PLACEMENT_3D('',#7619,#7620,#7621);
#6617=COLOUR_RGB('',0.117647059261799,0.117647059261799,0.117647059261799);
#6618=AXIS2_PLACEMENT_3D('',#7622,#7623,#7624);
#6619=COLOUR_RGB('',0.117647059261799,0.117647059261799,0.117647059261799);
#6620=CARTESIAN_POINT('',(28.9080679156712,-36.4908801433016,5.0));
#6621=CARTESIAN_POINT('',(26.994108833481,-30.6003197852175,5.0));
#6622=VECTOR('',#7625,1.0);
#6623=CARTESIAN_POINT('',(29.325165393456,-36.1565401953272,5.0));
#6624=AXIS2_PLACEMENT_3D('',#7626,#7627,#7628);
#6625=CARTESIAN_POINT('',(24.688484142254,-21.8863026413737,5.0));
#6626=VECTOR('',#7629,0.999999999999999);
#6627=COLOUR_RGB('',0.117647059261799,0.117647059261799,0.117647059261799);
#6628=CARTESIAN_POINT('',(31.0330078128007,-41.4127386934341,2.0));
#6630=CARTESIAN_POINT('',(31.0330078128007,-41.4127386934341,1.99999999999999));
#6631=CARTESIAN_POINT('',(30.1339499694032,-38.6457231698413,3.58969530792784));
#6632=CARTESIAN_POINT('',(29.325165393456,-36.1565401953272,5.0));
#6639=CARTESIAN_POINT('',(31.0330078128007,-41.4127386934341,1.0));
#6640=VECTOR('',#7630,1.0);
#6641=COLOUR_RGB('',0.117647059261799,0.117647059261799,0.117647059261799);
#6642=CARTESIAN_POINT('',(44.0,-27.2408241431863,2.0));
#6643=AXIS2_PLACEMENT_3D('',#7631,#7632,#7633);
#6644=CARTESIAN_POINT('',(44.0,-27.2408241431863,-1.5));
#6645=VECTOR('',#7634,1.0);
#6646=COLOUR_RGB('',0.117647059261799,0.117647059261799,0.117647059261799);
#6648=CARTESIAN_POINT('',(44.0,-27.2408241431863,1.99999999999999));
#6649=CARTESIAN_POINT('',(44.0,-12.517976629767,6.47446458621962));
#6650=CARTESIAN_POINT('',(44.0,-8.08240193522769E-15,6.47446458621962));
#6651=CARTESIAN_POINT('',(44.0,12.517976629767,6.47446458621962));
#6652=CARTESIAN_POINT('',(44.0,27.2408241431863,1.99999999999999));
#6659=COLOUR_RGB('',0.117647059261799,0.117647059261799,0.117647059261799);
#6660=AXIS2_PLACEMENT_3D('',#7635,#7636,#7637);
#6661=COLOUR_RGB('',0.117647059261799,0.117647059261799,0.117647059261799);
#6662=CARTESIAN_POINT('',(27.2408241431863,-44.0,2.0));
#6664=CARTESIAN_POINT('',(-27.2408241431863,-44.0,2.0));
#6665=CARTESIAN_POINT('',(-12.517976629767,-44.0,6.47446458621961));
#6666=CARTESIAN_POINT('',(-5.75721340446332E-15,-44.0,6.47446458621961));
#6667=CARTESIAN_POINT('',(12.517976629767,-44.0,6.47446458621961));
#6668=CARTESIAN_POINT('',(27.2408241431863,-44.0,1.99999999999999));
#6675=CARTESIAN_POINT('',(27.2408241431863,-44.0,-1.49999999999999));
#6676=VECTOR('',#7638,1.0);
#6677=COLOUR_RGB('',0.117647059261799,0.117647059261799,0.117647059261799);
#6678=CARTESIAN_POINT('',(28.4651865801885,-43.2180014919137,2.0));
#6679=CARTESIAN_POINT('',(28.4651865801885,-43.2180014919137,1.0));
#6680=VECTOR('',#7639,1.0);
#6681=AXIS2_PLACEMENT_3D('',#7640,#7641,#7642);
#6682=COLOUR_RGB('',0.117647059261799,0.117647059261799,0.117647059261799);
#6684=CARTESIAN_POINT('',(26.792839154986,-38.0710453529307,5.0));
#6685=CARTESIAN_POINT('',(27.5848143324177,-40.5084943183634,3.58600568207529));
#6686=CARTESIAN_POINT('',(28.4651865801885,-43.2180014919138,1.99999999999999));
#6693=COLOUR_RGB('',0.117647059261799,0.117647059261799,0.117647059261799);
#6694=COLOUR_RGB('',1.0,0.0,0.0);
#6695=CARTESIAN_POINT('',(28.4884487078962,-35.6725130182831,5.52058841363438));
#6696=CARTESIAN_POINT('',(28.9080679156698,-36.4908801432971,5.00000000000258));
#6697=CARTESIAN_POINT('',(28.8843666039054,-36.418120224242,5.04142368919299));
#6698=CARTESIAN_POINT('',(28.8582050707423,-36.3457615554642,5.08353677555783));
#6699=CARTESIAN_POINT('',(28.7394970848173,-36.0524148689544,5.25876862845736));
#6700=CARTESIAN_POINT('',(28.6246709185615,-35.8430870159465,5.39455669889898));
#6701=CARTESIAN_POINT('',(28.4884487078962,-35.6725130182831,5.52058841363438));
#6702=CARTESIAN_POINT('',(27.0866794269377,-37.1955553328506,5.31224989991992));
#6703=CARTESIAN_POINT('',(25.1395486267054,-31.2029029242487,5.31224989991992));
#6704=VECTOR('',#7643,1.0);
#6705=CARTESIAN_POINT('',(28.4884487078962,-35.6725130182831,5.52058841363438));
#6706=CARTESIAN_POINT('',(28.4332448078661,-35.6033880946105,5.57166262647306));
#6707=CARTESIAN_POINT('',(28.3673149136268,-35.5318913091441,5.62767327830445));
#6708=CARTESIAN_POINT('',(28.2196564826637,-35.407534432727,5.73696247189978));
#6709=CARTESIAN_POINT('',(28.1377968168743,-35.3548163093541,5.79022530244287));
#6710=CARTESIAN_POINT('',(28.0043950736543,-35.3008416031828,5.86252910713366));
#6711=CARTESIAN_POINT('',(27.9481367482249,-35.2847887577973,5.88997592930705));
#6712=CARTESIAN_POINT('',(27.8314225835769,-35.2719858014683,5.93756470424159));
#6713=CARTESIAN_POINT('',(27.7708883019277,-35.2755365796069,5.95759464778682));
#6714=CARTESIAN_POINT('',(27.6627472311563,-35.3009856546574,5.98460326313536));
#6715=CARTESIAN_POINT('',(27.6076875222263,-35.3234992638266,5.99396551795376));
#6716=CARTESIAN_POINT('',(27.5064917064614,-35.385535731121,6.00163412995054));
#6717=CARTESIAN_POINT('',(27.4602469902686,-35.4248657047479,6.00006552948338));
#6718=CARTESIAN_POINT('',(27.360814811601,-35.5285436118645,5.98782718352447));
#6719=CARTESIAN_POINT('',(27.307098422677,-35.6065614300381,5.97100718638776));
#6720=CARTESIAN_POINT('',(27.2192645986936,-35.7715085993404,5.92611365313206));
#6721=CARTESIAN_POINT('',(27.1849442314063,-35.858359948587,5.89815089038519));
#6722=CARTESIAN_POINT('',(27.123866126018,-36.0479096478619,5.83210226514796));
#6723=CARTESIAN_POINT('',(27.0992657928489,-36.158782956604,5.78942891647519));
#6724=CARTESIAN_POINT('',(27.0648414017073,-36.3824031490009,5.6978688632434));
#6725=CARTESIAN_POINT('',(27.055161959356,-36.4951508430241,5.64892983044014));
#6726=CARTESIAN_POINT('',(27.0456703065141,-36.8042975855046,5.50864004370728));
#6727=CARTESIAN_POINT('',(27.0582378222833,-37.0013155965466,5.41257055899887));
#6728=CARTESIAN_POINT('',(27.0866794269377,-37.1955553328506,5.31224989991992));
#6729=COLOUR_RGB('',0.117647059261799,0.117647059261799,0.117647059261799);
#6730=CARTESIAN_POINT('',(27.0866794269377,-37.1955553328506,5.31224989991992));
#6731=CARTESIAN_POINT('',(27.0403663254318,-37.1116134979446,5.36716941610818));
#6732=CARTESIAN_POINT('',(26.9903514438843,-37.0321375572039,5.42125606740979));
#6733=CARTESIAN_POINT('',(26.9369704556156,-36.9588961211071,5.47358145280435));
#6734=CARTESIAN_POINT('',(26.8454357583805,-36.8333058520692,5.56330606197957));
#6735=CARTESIAN_POINT('',(26.7305450704186,-36.7078778791623,5.66091405252345));
#6736=CARTESIAN_POINT('',(26.5304474531906,-36.5719549152904,5.79230071827295));
#6737=CARTESIAN_POINT('',(26.459467802578,-36.5353549406386,5.83346972914259));
#6738=CARTESIAN_POINT('',(26.3087718721027,-36.4882742544211,5.90646009327708));
#6739=CARTESIAN_POINT('',(26.229285749395,-36.4773025006038,5.93843880192286));
#6740=CARTESIAN_POINT('',(26.0916137423708,-36.494075824372,5.97686114339882));
#6741=CARTESIAN_POINT('',(26.0358090252406,-36.5094247610102,5.9883790860803));
#6742=CARTESIAN_POINT('',(25.9309973581576,-36.5581648786432,6.00051944579271));
#6743=CARTESIAN_POINT('',(25.8819445786457,-36.591440559313,6.0012094904236));
#6744=CARTESIAN_POINT('',(25.7802719607155,-36.6786727990935,5.99389721209208));
#6745=CARTESIAN_POINT('',(25.7253133098055,-36.7443831227315,5.98105986971132));
#6746=CARTESIAN_POINT('',(25.6336058531841,-36.8862141795916,5.94418898496659));
#6747=CARTESIAN_POINT('',(25.5966212627342,-36.96221787245,5.92029227860409));
#6748=CARTESIAN_POINT('',(25.5257334375532,-37.1381644298359,5.85995083561878));
#6749=CARTESIAN_POINT('',(25.4957816214374,-37.2450990619738,5.81880228355499));
#6750=CARTESIAN_POINT('',(25.4517675310275,-37.4611547411614,5.73006366935681));
#6751=CARTESIAN_POINT('',(25.4379329030363,-37.5702880540273,5.68239072520868));
#6752=CARTESIAN_POINT('',(25.4158341385145,-37.899700669181,5.53188563099256));
#6753=CARTESIAN_POINT('',(25.4268345213,-38.1216758839386,5.42176704593812));
#6754=CARTESIAN_POINT('',(25.4864383199385,-38.5287249059434,5.20695215933072));
#6755=CARTESIAN_POINT('',(25.5296581391959,-38.7138691046606,5.1039795380544));
#6756=CARTESIAN_POINT('',(25.5873678864713,-38.8914814437847,4.99999999999997));
#6757=COLOUR_RGB('',0.117647059261799,0.117647059261799,0.117647059261799);
#6758=DIRECTION('',(0.309016994374948,-0.951056516295154,0.0));
#6759=DIRECTION('',(-0.309016994374948,0.951056516295154,-0.0));
#6760=CARTESIAN_POINT('',(-3.06151588455594E-17,0.0,12.0));
#6761=DIRECTION('',(0.299193955241952,0.23859921741993,-0.923879532511287));
#6762=DIRECTION('',(0.72231810452517,0.576029466666801,0.38268343236509));
#6763=CARTESIAN_POINT('',(3.5660059444733E-17,0.0,13.0823922002924));
#6764=DIRECTION('',(-0.299193955241952,-0.23859921741993,0.923879532511287));
#6765=DIRECTION('',(0.72231810452517,0.576029466666801,0.38268343236509));
#6766=DIRECTION('',(-6.12303176911189E-17,-0.0,-1.0));
#6767=CARTESIAN_POINT('',(7.65378971138986E-16,0.0,25.0));
#6768=DIRECTION('',(0.0,-0.0,1.0));
#6769=DIRECTION('',(0.0,1.0,0.0));
#6770=DIRECTION('',(6.12303176911189E-17,0.0,1.0));
#6771=CARTESIAN_POINT('',(3.5660059444733E-17,0.0,13.0823922002924));
#6772=DIRECTION('',(-0.373088759742271,0.0851550747794879,0.923879532511287));
#6773=DIRECTION('',(-0.900715943738748,0.205582536437535,-0.38268343236509));
#6774=CARTESIAN_POINT('',(-3.06151588455594E-17,0.0,12.0));
#6775=DIRECTION('',(0.373088759742271,-0.0851550747794879,-0.923879532511287));
#6776=DIRECTION('',(-0.900715943738748,0.205582536437535,-0.38268343236509));
#6777=DIRECTION('',(6.12303176911189E-17,0.0,1.0));
#6778=CARTESIAN_POINT('',(-7.65378971138986E-16,0.0,0.0));
#6779=DIRECTION('',(0.0,0.0,-1.0));
#6780=DIRECTION('',(0.0,1.0,0.0));
#6781=DIRECTION('',(6.12303176911189E-17,0.0,1.0));
#6782=CARTESIAN_POINT('',(-4.59227382683391E-16,0.0,5.0));
#6783=DIRECTION('',(0.0,-0.0,1.0));
#6784=DIRECTION('',(0.0,1.0,0.0));
#6785=DIRECTION('',(-6.12303176911189E-17,-0.0,-1.0));
#6786=CARTESIAN_POINT('',(-7.65378971138986E-16,0.0,0.0));
#6787=DIRECTION('',(0.0,0.0,-1.0));
#6788=DIRECTION('',(0.0,1.0,0.0));
#6789=DIRECTION('',(6.12303176911189E-17,0.0,1.0));
#6790=CARTESIAN_POINT('',(-4.59227382683391E-16,0.0,5.0));
#6791=DIRECTION('',(0.0,-0.0,1.0));
#6792=DIRECTION('',(0.0,1.0,0.0));
#6793=DIRECTION('',(-6.12303176911189E-17,-0.0,-1.0));
#6794=CARTESIAN_POINT('',(-7.65378971138986E-16,0.0,0.0));
#6795=DIRECTION('',(0.0,0.0,-1.0));
#6796=DIRECTION('',(0.0,1.0,0.0));
#6797=DIRECTION('',(-6.12303176911189E-17,-0.0,-1.0));
#6798=CARTESIAN_POINT('',(-3.06151588455594E-17,0.0,12.0));
#6799=DIRECTION('',(-0.373088759742271,-0.0851550747794878,-0.923879532511287));
#6800=DIRECTION('',(0.900715943738748,0.205582536437535,-0.38268343236509));
#6801=CARTESIAN_POINT('',(3.5660059444733E-17,0.0,13.0823922002924));
#6802=DIRECTION('',(0.373088759742271,0.0851550747794878,0.923879532511287));
#6803=DIRECTION('',(0.900715943738748,0.205582536437535,-0.38268343236509));
#6804=CARTESIAN_POINT('',(-3.06151588455594E-17,0.0,12.0));
#6805=DIRECTION('',(-0.299193955241952,0.23859921741993,-0.923879532511287));
#6806=DIRECTION('',(-0.72231810452517,0.576029466666802,0.38268343236509));
#6807=CARTESIAN_POINT('',(3.5660059444733E-17,0.0,13.0823922002924));
#6808=DIRECTION('',(0.299193955241952,-0.23859921741993,0.923879532511287));
#6809=DIRECTION('',(-0.72231810452517,0.576029466666802,0.38268343236509));
#6810=CARTESIAN_POINT('',(-3.06151588455594E-17,0.0,12.0));
#6811=DIRECTION('',(-2.34318281388422E-17,0.38268343236509,-0.923879532511287));
#6812=DIRECTION('',(2.34318281388422E-17,0.923879532511287,0.38268343236509));
#6813=CARTESIAN_POINT('',(3.5660059444733E-17,0.0,13.0823922002924));
#6814=DIRECTION('',(2.34318281388422E-17,-0.38268343236509,0.923879532511287));
#6815=DIRECTION('',(2.34318281388422E-17,0.923879532511287,0.38268343236509));
#6816=DIRECTION('',(-6.12303176911189E-17,-0.0,-1.0));
#6817=CARTESIAN_POINT('',(5.91658892174524E-16,0.0,22.162842109675));
#6818=DIRECTION('',(6.12303176911189E-17,-0.0,1.0));
#6819=DIRECTION('',(0.0,1.0,0.0));
#6820=CARTESIAN_POINT('',(5.91658892174524E-16,0.0,22.162842109675));
#6821=DIRECTION('',(6.12303176911189E-17,-0.0,1.0));
#6822=DIRECTION('',(0.0,1.0,0.0));
#6823=DIRECTION('',(6.12303176911189E-17,-0.0,1.0));
#6824=CARTESIAN_POINT('',(-3.68945447644861E-16,0.0,6.4744645862196));
#6825=DIRECTION('',(6.12303176911189E-17,-0.0,1.0));
#6826=DIRECTION('',(0.0,1.0,0.0));
#6827=CARTESIAN_POINT('',(-3.68945447644861E-16,0.0,6.4744645862196));
#6828=DIRECTION('',(6.12303176911189E-17,-0.0,1.0));
#6829=DIRECTION('',(0.0,1.0,0.0));
#6830=DIRECTION('',(-0.0,0.0,-1.0));
#6831=CARTESIAN_POINT('',(41.25,-41.25,4.0));
#6832=DIRECTION('',(0.0,0.0,1.0));
#6833=DIRECTION('',(-1.83690953073357E-16,-1.0,0.0));
#6834=DIRECTION('',(0.0,0.0,1.0));
#6835=CARTESIAN_POINT('',(41.25,-41.25,0.0));
#6836=DIRECTION('',(0.0,0.0,1.0));
#6837=DIRECTION('',(-1.83690953073357E-16,-1.0,0.0));
#6838=DIRECTION('',(0.0,-0.0,-1.0));
#6839=CARTESIAN_POINT('',(-41.25,-41.25,4.0));
#6840=DIRECTION('',(0.0,0.0,1.0));
#6841=DIRECTION('',(-1.0,1.22460635382238E-16,0.0));
#6842=DIRECTION('',(0.0,0.0,1.0));
#6843=CARTESIAN_POINT('',(-41.25,-41.25,0.0));
#6844=DIRECTION('',(0.0,0.0,1.0));
#6845=DIRECTION('',(-1.0,1.22460635382238E-16,0.0));
#6846=DIRECTION('',(-0.0,-0.0,-1.0));
#6847=CARTESIAN_POINT('',(-41.25,41.25,4.0));
#6848=DIRECTION('',(0.0,-0.0,1.0));
#6849=DIRECTION('',(6.12303176911189E-17,1.0,0.0));
#6850=DIRECTION('',(0.0,-0.0,1.0));
#6851=CARTESIAN_POINT('',(-41.25,41.25,0.0));
#6852=DIRECTION('',(0.0,-0.0,1.0));
#6853=DIRECTION('',(6.12303176911189E-17,1.0,0.0));
#6854=DIRECTION('',(-0.0,-0.0,-1.0));
#6855=CARTESIAN_POINT('',(41.25,41.25,4.0));
#6856=DIRECTION('',(0.0,0.0,1.0));
#6857=DIRECTION('',(1.0,0.0,0.0));
#6858=DIRECTION('',(-0.0,0.0,1.0));
#6859=CARTESIAN_POINT('',(41.25,41.25,0.0));
#6860=DIRECTION('',(0.0,0.0,1.0));
#6861=DIRECTION('',(1.0,0.0,0.0));
#6862=DIRECTION('',(-2.34318281388422E-17,0.38268343236509,-0.923879532511287));
#6863=CARTESIAN_POINT('',(39.7418724864179,12.2070721018074,18.1387270217272));
#6864=DIRECTION('',(-2.34318281388422E-17,0.38268343236509,-0.923879532511287));
#6865=DIRECTION('',(5.65694372839885E-17,-0.923879532511287,-0.38268343236509));
#6866=DIRECTION('',(2.34318281388422E-17,-0.38268343236509,0.923879532511287));
#6867=CARTESIAN_POINT('',(39.7418724864179,12.5897555341725,17.214847489216));
#6868=DIRECTION('',(2.34318281388422E-17,-0.38268343236509,0.923879532511287));
#6869=DIRECTION('',(5.65694372839885E-17,-0.923879532511287,-0.38268343236509));
#6870=DIRECTION('',(2.34318281388422E-17,-0.38268343236509,0.923879532511287));
#6871=CARTESIAN_POINT('',(38.7513296392539,-7.53945843637604,8.8770540627048));
#6872=DIRECTION('',(2.34318281388422E-17,-0.38268343236509,0.923879532511287));
#6873=DIRECTION('',(5.65694372839885E-17,-0.923879532511287,-0.38268343236509));
#6874=DIRECTION('',(2.34318281388422E-17,-0.38268343236509,0.923879532511287));
#6875=CARTESIAN_POINT('',(38.7513296392539,-7.92214186874113,9.80093359521608));
#6876=DIRECTION('',(-2.34318281388422E-17,0.38268343236509,-0.923879532511287));
#6877=DIRECTION('',(5.65694372839885E-17,-0.923879532511287,-0.38268343236509));
#6878=DIRECTION('',(-0.299193955241952,0.23859921741993,-0.923879532511287));
#6879=CARTESIAN_POINT('',(15.2347789241016,38.6824320481427,18.1387270217272));
#6880=DIRECTION('',(-0.299193955241952,0.23859921741993,-0.923879532511287));
#6881=DIRECTION('',(0.72231810452517,-0.576029466666802,-0.38268343236509));
#6882=DIRECTION('',(0.299193955241952,-0.23859921741993,0.923879532511287));
#6883=CARTESIAN_POINT('',(14.9355849688597,38.9210312655626,17.214847489216));
#6884=DIRECTION('',(0.299193955241952,-0.23859921741993,0.923879532511287));
#6885=DIRECTION('',(0.72231810452517,-0.576029466666802,-0.38268343236509));
#6886=DIRECTION('',(0.299193955241952,-0.23859921741993,0.923879532511287));
#6887=CARTESIAN_POINT('',(30.0556448048588,25.5962340528469,8.8770540627048));
#6888=DIRECTION('',(0.299193955241952,-0.23859921741993,0.923879532511287));
#6889=DIRECTION('',(0.72231810452517,-0.576029466666802,-0.38268343236509));
#6890=DIRECTION('',(0.299193955241952,-0.23859921741993,0.923879532511287));
#6891=CARTESIAN_POINT('',(30.3548387601008,25.357634835427,9.80093359521608));
#6892=DIRECTION('',(-0.299193955241952,0.23859921741993,-0.923879532511287));
#6893=DIRECTION('',(0.72231810452517,-0.576029466666802,-0.38268343236509));
#6894=DIRECTION('',(-0.373088759742271,-0.0851550747794879,-0.923879532511287));
#6895=CARTESIAN_POINT('',(-20.7444139009185,36.0291316844135,18.1387270217272));
#6896=DIRECTION('',(-0.373088759742271,-0.0851550747794878,-0.923879532511287));
#6897=DIRECTION('',(0.900715943738748,0.205582536437535,-0.38268343236509));
#6898=DIRECTION('',(0.373088759742271,0.0851550747794879,0.923879532511287));
#6899=CARTESIAN_POINT('',(-21.1175026606608,35.943976609634,17.214847489216));
#6900=DIRECTION('',(0.373088759742271,0.0851550747794878,0.923879532511287));
#6901=DIRECTION('',(0.900715943738748,0.205582536437535,-0.38268343236509));
#6902=DIRECTION('',(0.373088759742271,0.0851550747794879,0.923879532511287));
#6903=CARTESIAN_POINT('',(-1.27255359101805,39.4574402322546,8.8770540627048));
#6904=DIRECTION('',(0.373088759742271,0.0851550747794879,0.923879532511287));
#6905=DIRECTION('',(0.900715943738748,0.205582536437535,-0.38268343236509));
#6906=DIRECTION('',(0.373088759742271,0.0851550747794879,0.923879532511287));
#6907=CARTESIAN_POINT('',(-0.899464831275778,39.5425953070341,9.80093359521608));
#6908=DIRECTION('',(-0.373088759742271,-0.0851550747794879,-0.923879532511287));
#6909=DIRECTION('',(0.900715943738748,0.205582536437535,-0.38268343236509));
#6910=DIRECTION('',(-0.166040118532906,-0.344785858822987,-0.923879532511287));
#6911=CARTESIAN_POINT('',(-41.1026399496201,6.24516030197165,18.1387270217272));
#6912=DIRECTION('',(-0.166040118532906,-0.344785858822987,-0.923879532511287));
#6913=DIRECTION('',(0.400856306060179,0.83238669648491,-0.38268343236509));
#6914=DIRECTION('',(0.166040118532906,0.344785858822987,0.923879532511287));
#6915=CARTESIAN_POINT('',(-41.268680068153,5.90037444314866,17.214847489216));
#6916=DIRECTION('',(0.166040118532906,0.344785858822987,0.923879532511287));
#6917=DIRECTION('',(0.400856306060179,0.83238669648491,-0.38268343236509));
#6918=DIRECTION('',(0.166040118532906,0.344785858822987,0.923879532511287));
#6919=CARTESIAN_POINT('',(-31.6424931774957,23.6063891316756,8.8770540627048));
#6920=DIRECTION('',(0.166040118532906,0.344785858822987,0.923879532511287));
#6921=DIRECTION('',(0.400856306060179,0.83238669648491,-0.38268343236509));
#6922=DIRECTION('',(0.166040118532906,0.344785858822987,0.923879532511287));
#6923=CARTESIAN_POINT('',(-31.4764530589628,23.9511749904986,9.80093359521608));
#6924=DIRECTION('',(-0.166040118532906,-0.344785858822987,-0.923879532511287));
#6925=DIRECTION('',(0.400856306060179,0.83238669648491,-0.38268343236509));
#6926=DIRECTION('',(0.166040118532906,-0.344785858822987,-0.923879532511287));
#6927=CARTESIAN_POINT('',(-30.5097397752005,-28.2415441659088,18.1387270217272));
#6928=DIRECTION('',(0.166040118532906,-0.344785858822987,-0.923879532511287));
#6929=DIRECTION('',(-0.400856306060179,0.83238669648491,-0.38268343236509));
#6930=DIRECTION('',(-0.166040118532906,0.344785858822987,0.923879532511287));
#6931=CARTESIAN_POINT('',(-30.3436996566676,-28.5863300247318,17.214847489216));
#6932=DIRECTION('',(-0.166040118532906,0.344785858822987,0.923879532511287));
#6933=DIRECTION('',(-0.400856306060179,0.83238669648491,-0.38268343236509));
#6934=DIRECTION('',(-0.166040118532906,0.344785858822987,0.923879532511287));
#6935=CARTESIAN_POINT('',(-38.1849900120882,-10.0207544676375,8.8770540627048));
#6936=DIRECTION('',(-0.166040118532906,0.344785858822987,0.923879532511287));
#6937=DIRECTION('',(-0.400856306060179,0.83238669648491,-0.38268343236509));
#6938=DIRECTION('',(-0.166040118532906,0.344785858822987,0.923879532511287));
#6939=CARTESIAN_POINT('',(-38.3510301306212,-9.67596860881446,9.80093359521608));
#6940=DIRECTION('',(0.166040118532906,-0.344785858822987,-0.923879532511287));
#6941=DIRECTION('',(-0.400856306060179,0.83238669648491,-0.38268343236509));
#6942=DIRECTION('',(0.373088759742271,-0.0851550747794879,-0.923879532511287));
#6943=CARTESIAN_POINT('',(3.05761673521755,-41.461789854346,18.1387270217272));
#6944=DIRECTION('',(0.373088759742271,-0.0851550747794878,-0.923879532511287));
#6945=DIRECTION('',(-0.900715943738748,0.205582536437535,-0.38268343236509));
#6946=DIRECTION('',(-0.373088759742271,0.0851550747794879,0.923879532511287));
#6947=CARTESIAN_POINT('',(3.43070549495982,-41.5469449291254,17.214847489216));
#6948=DIRECTION('',(-0.373088759742271,0.0851550747794878,0.923879532511287));
#6949=DIRECTION('',(-0.900715943738748,0.205582536437535,-0.38268343236509));
#6950=DIRECTION('',(-0.373088759742271,0.0851550747794879,0.923879532511287));
#6951=CARTESIAN_POINT('',(-15.9734105357335,-36.1020655666802,8.8770540627048));
#6952=DIRECTION('',(-0.373088759742271,0.0851550747794879,0.923879532511287));
#6953=DIRECTION('',(-0.900715943738748,0.205582536437535,-0.38268343236509));
#6954=DIRECTION('',(-0.373088759742271,0.0851550747794879,0.923879532511287));
#6955=CARTESIAN_POINT('',(-16.3464992954758,-36.0169104919007,9.80093359521608));
#6956=DIRECTION('',(0.373088759742271,-0.0851550747794879,-0.923879532511287));
#6957=DIRECTION('',(-0.900715943738748,0.205582536437535,-0.38268343236509));
#6958=DIRECTION('',(0.299193955241952,0.23859921741993,-0.923879532511287));
#6959=CARTESIAN_POINT('',(34.322525480002,-23.4604621160804,18.1387270217272));
#6960=DIRECTION('',(0.299193955241952,0.23859921741993,-0.923879532511287));
#6961=DIRECTION('',(-0.72231810452517,-0.576029466666801,-0.38268343236509));
#6962=DIRECTION('',(-0.299193955241952,-0.23859921741993,0.923879532511287));
#6963=CARTESIAN_POINT('',(34.6217194352439,-23.2218628986605,17.214847489216));
#6964=DIRECTION('',(-0.299193955241952,-0.23859921741993,0.923879532511287));
#6965=DIRECTION('',(-0.72231810452517,-0.576029466666801,-0.38268343236509));
#6966=DIRECTION('',(-0.299193955241952,-0.23859921741993,0.923879532511287));
#6967=CARTESIAN_POINT('',(18.2664728722229,-34.9977849460834,8.8770540627048));
#6968=DIRECTION('',(-0.299193955241952,-0.23859921741993,0.923879532511287));
#6969=DIRECTION('',(-0.72231810452517,-0.576029466666801,-0.38268343236509));
#6970=DIRECTION('',(-0.299193955241952,-0.23859921741993,0.923879532511287));
#6971=CARTESIAN_POINT('',(17.9672789169809,-35.2363841635033,9.80093359521608));
#6972=DIRECTION('',(0.299193955241952,0.23859921741993,-0.923879532511287));
#6973=DIRECTION('',(-0.72231810452517,-0.576029466666801,-0.38268343236509));
#6974=DIRECTION('',(-0.309016994374948,0.951056516295154,-0.0));
#6975=DIRECTION('',(0.309016994374948,-0.951056516295154,0.0));
#6976=CARTESIAN_POINT('',(30.9463060267137,-46.0,5.0));
#6977=DIRECTION('',(1.69176841847643E-16,1.0,-0.0));
#6978=DIRECTION('',(-1.0,1.69176841847643E-16,0.0));
#6979=CARTESIAN_POINT('',(30.0,-43.0875695204535,5.0));
#6980=DIRECTION('',(-1.0,8.94233688833457E-16,0.0));
#6981=DIRECTION('',(-8.94233688833457E-16,-1.0,0.0));
#6982=CARTESIAN_POINT('',(30.0,-43.0875695204535,5.0));
#6983=DIRECTION('',(-1.0,8.94233688833457E-16,0.0));
#6984=DIRECTION('',(-8.94233688833457E-16,-1.0,0.0));
#6985=DIRECTION('',(0.309016994374948,-0.951056516295154,0.0));
#6986=DIRECTION('',(-0.309016994374948,0.951056516295154,-0.0));
#6987=DIRECTION('',(0.309016994374948,-0.951056516295154,0.0));
#6988=CARTESIAN_POINT('',(28.948527800661,-46.0,5.0));
#6989=DIRECTION('',(1.69176841847643E-16,1.0,-0.0));
#6990=DIRECTION('',(-1.0,1.69176841847643E-16,0.0));
#6991=DIRECTION('',(-0.0,-0.0,-1.0));
#6992=CARTESIAN_POINT('',(-41.25,41.25,25.0));
#6993=DIRECTION('',(0.0,0.0,-1.0));
#6994=DIRECTION('',(6.12303176911189E-17,1.0,0.0));
#6995=DIRECTION('',(0.0,-0.0,1.0));
#6996=CARTESIAN_POINT('',(-41.25,41.25,21.0));
#6997=DIRECTION('',(0.0,0.0,-1.0));
#6998=DIRECTION('',(6.12303176911189E-17,1.0,0.0));
#6999=DIRECTION('',(-0.0,0.0,-1.0));
#7000=CARTESIAN_POINT('',(41.25,-41.25,25.0));
#7001=DIRECTION('',(-0.0,0.0,-1.0));
#7002=DIRECTION('',(-1.83690953073357E-16,-1.0,0.0));
#7003=DIRECTION('',(0.0,0.0,1.0));
#7004=CARTESIAN_POINT('',(41.25,-41.25,21.0));
#7005=DIRECTION('',(-0.0,0.0,-1.0));
#7006=DIRECTION('',(-1.83690953073357E-16,-1.0,0.0));
#7007=DIRECTION('',(0.0,-0.0,-1.0));
#7008=CARTESIAN_POINT('',(-41.25,-41.25,25.0));
#7009=DIRECTION('',(-0.0,0.0,-1.0));
#7010=DIRECTION('',(-1.0,1.22460635382238E-16,0.0));
#7011=DIRECTION('',(0.0,0.0,1.0));
#7012=CARTESIAN_POINT('',(-41.25,-41.25,21.0));
#7013=DIRECTION('',(-0.0,0.0,-1.0));
#7014=DIRECTION('',(-1.0,1.22460635382238E-16,0.0));
#7015=DIRECTION('',(-0.0,-0.0,-1.0));
#7016=CARTESIAN_POINT('',(41.25,41.25,25.0));
#7017=DIRECTION('',(0.0,0.0,-1.0));
#7018=DIRECTION('',(1.0,0.0,0.0));
#7019=DIRECTION('',(-0.0,0.0,1.0));
#7020=CARTESIAN_POINT('',(41.25,41.25,21.0));
#7021=DIRECTION('',(0.0,0.0,-1.0));
#7022=DIRECTION('',(1.0,0.0,0.0));
#7023=DIRECTION('',(-0.672498511963957,-0.218508012224411,-0.707106781186548));
#7024=CARTESIAN_POINT('',(41.25,41.25,21.0));
#7025=DIRECTION('',(0.0,0.0,-1.0));
#7026=DIRECTION('',(1.0,0.0,0.0));
#7027=CARTESIAN_POINT('',(41.25,41.25,25.0));
#7028=DIRECTION('',(0.0,0.0,-1.0));
#7029=DIRECTION('',(1.0,0.0,0.0));
#7030=CARTESIAN_POINT('',(-41.25,-41.25,21.0));
#7031=DIRECTION('',(-0.0,0.0,-1.0));
#7032=DIRECTION('',(-1.0,1.22460635382238E-16,0.0));
#7033=CARTESIAN_POINT('',(-41.25,-41.25,25.0));
#7034=DIRECTION('',(-0.0,0.0,-1.0));
#7035=DIRECTION('',(-1.0,1.22460635382238E-16,0.0));
#7036=CARTESIAN_POINT('',(41.25,-41.25,21.0));
#7037=DIRECTION('',(-0.0,0.0,-1.0));
#7038=DIRECTION('',(-1.83690953073357E-16,-1.0,0.0));
#7039=CARTESIAN_POINT('',(41.25,-41.25,25.0));
#7040=DIRECTION('',(-0.0,0.0,-1.0));
#7041=DIRECTION('',(-1.83690953073357E-16,-1.0,0.0));
#7042=CARTESIAN_POINT('',(-41.25,41.25,21.0));
#7043=DIRECTION('',(0.0,0.0,-1.0));
#7044=DIRECTION('',(6.12303176911189E-17,1.0,0.0));
#7045=CARTESIAN_POINT('',(-41.25,41.25,25.0));
#7046=DIRECTION('',(0.0,0.0,-1.0));
#7047=DIRECTION('',(6.12303176911189E-17,1.0,0.0));
#7048=CARTESIAN_POINT('',(3.18708958977015,3.18708958977016,21.0));
#7049=DIRECTION('',(0.0,0.0,1.0));
#7050=DIRECTION('',(1.0,0.0,0.0));
#7051=DIRECTION('',(0.0,0.0,1.0));
#7052=CARTESIAN_POINT('',(3.18708958977015,3.18708958977016,4.0));
#7053=DIRECTION('',(0.0,0.0,1.0));
#7054=DIRECTION('',(1.0,0.0,0.0));
#7055=DIRECTION('',(0.0,0.0,1.0));
#7056=CARTESIAN_POINT('',(-3.18708958977016,3.18708958977015,21.0));
#7057=DIRECTION('',(0.0,-0.0,1.0));
#7058=DIRECTION('',(6.12303176911189E-17,1.0,0.0));
#7059=DIRECTION('',(0.0,0.0,1.0));
#7060=CARTESIAN_POINT('',(-3.18708958977016,3.18708958977015,4.0));
#7061=DIRECTION('',(0.0,-0.0,1.0));
#7062=DIRECTION('',(6.12303176911189E-17,1.0,0.0));
#7063=DIRECTION('',(0.0,0.0,1.0));
#7064=CARTESIAN_POINT('',(-3.18708958977015,-3.18708958977016,21.0));
#7065=DIRECTION('',(0.0,0.0,1.0));
#7066=DIRECTION('',(-1.0,1.22460635382238E-16,0.0));
#7067=DIRECTION('',(0.0,0.0,1.0));
#7068=CARTESIAN_POINT('',(-3.18708958977015,-3.18708958977016,4.0));
#7069=DIRECTION('',(0.0,0.0,1.0));
#7070=DIRECTION('',(-1.0,1.22460635382238E-16,0.0));
#7071=DIRECTION('',(0.0,0.0,1.0));
#7072=CARTESIAN_POINT('',(3.18708958977016,-3.18708958977015,4.0));
#7073=DIRECTION('',(0.0,0.0,1.0));
#7074=DIRECTION('',(-1.83690953073357E-16,-1.0,0.0));
#7075=DIRECTION('',(0.0,0.0,1.0));
#7076=CARTESIAN_POINT('',(3.18708958977016,-3.18708958977015,21.0));
#7077=DIRECTION('',(0.0,0.0,1.0));
#7078=DIRECTION('',(-1.83690953073357E-16,-1.0,0.0));
#7079=DIRECTION('',(0.0,0.0,1.0));
#7080=DIRECTION('',(0.0,-0.0,1.0));
#7081=DIRECTION('',(-1.0,8.33003371142338E-16,0.0));
#7082=DIRECTION('',(1.0,-8.33003371142338E-16,0.0));
#7083=DIRECTION('',(-0.0,-0.0,-1.0));
#7084=DIRECTION('',(-1.0,-2.98395283556646E-15,0.0));
#7085=DIRECTION('',(1.0,2.98395283556646E-15,0.0));
#7086=DIRECTION('',(0.0,0.0,1.0));
#7087=DIRECTION('',(-8.94233688833457E-16,-1.0,0.0));
#7088=DIRECTION('',(0.309016994374948,-0.951056516295154,0.0));
#7089=DIRECTION('',(-1.0,1.69176841847643E-16,0.0));
#7090=DIRECTION('',(0.0,-0.0,-1.0));
#7091=DIRECTION('',(2.92272251787534E-15,-1.0,0.0));
#7092=DIRECTION('',(-2.92272251787534E-15,1.0,0.0));
#7093=DIRECTION('',(1.0,-1.69176841847643E-16,0.0));
#7094=CARTESIAN_POINT('',(-42.0,-42.0,21.0));
#7095=DIRECTION('',(0.0,0.0,1.0));
#7096=DIRECTION('',(1.0,0.0,0.0));
#7097=DIRECTION('',(-1.69176841847643E-16,-1.0,0.0));
#7098=DIRECTION('',(0.0,0.0,1.0));
#7099=CARTESIAN_POINT('',(-42.0,-42.0,25.0));
#7100=DIRECTION('',(0.0,0.0,-1.0));
#7101=DIRECTION('',(1.0,0.0,0.0));
#7102=DIRECTION('',(0.0,0.0,1.0));
#7103=CARTESIAN_POINT('',(30.0,-43.0875695204535,5.0));
#7104=DIRECTION('',(-1.0,8.94233688833457E-16,0.0));
#7105=DIRECTION('',(-8.94233688833457E-16,-1.0,0.0));
#7106=DIRECTION('',(8.94233688833457E-16,1.0,0.0));
#7107=DIRECTION('',(0.0,0.0,1.0));
#7108=DIRECTION('',(-0.309016994374948,0.951056516295154,0.0));
#7109=CARTESIAN_POINT('',(28.948527800661,-46.0,5.0));
#7110=DIRECTION('',(1.69176841847643E-16,1.0,-0.0));
#7111=DIRECTION('',(-1.0,1.69176841847643E-16,0.0));
#7112=CARTESIAN_POINT('',(30.9463060267137,-46.0,5.0));
#7113=DIRECTION('',(1.69176841847643E-16,1.0,-0.0));
#7114=DIRECTION('',(-1.0,1.69176841847643E-16,0.0));
#7115=CARTESIAN_POINT('',(42.0,-42.0,21.0));
#7116=DIRECTION('',(0.0,0.0,1.0));
#7117=DIRECTION('',(1.0,0.0,0.0));
#7118=DIRECTION('',(0.0,0.0,1.0));
#7119=CARTESIAN_POINT('',(42.0,-42.0,25.0));
#7120=DIRECTION('',(0.0,0.0,-1.0));
#7121=DIRECTION('',(1.0,0.0,0.0));
#7122=DIRECTION('',(0.0,0.0,1.0));
#7123=DIRECTION('',(0.0,0.0,1.0));
#7124=DIRECTION('',(1.0,-7.105427357601E-16,0.0));
#7125=DIRECTION('',(-1.0,7.105427357601E-16,0.0));
#7126=DIRECTION('',(0.0,0.0,-1.0));
#7127=DIRECTION('',(1.0,2.86149220018422E-15,0.0));
#7128=DIRECTION('',(-1.0,-2.86149220018422E-15,0.0));
#7129=DIRECTION('',(8.45884209238214E-17,1.0,-0.0));
#7130=DIRECTION('',(1.0,-1.69176841847643E-16,0.0));
#7131=DIRECTION('',(0.0,0.0,1.0));
#7132=DIRECTION('',(7.71773053451219E-16,1.0,0.0));
#7133=DIRECTION('',(-7.71773053451219E-16,-1.0,0.0));
#7134=DIRECTION('',(0.0,0.0,-1.0));
#7135=DIRECTION('',(-3.04518315325758E-15,1.0,0.0));
#7136=DIRECTION('',(3.04518315325758E-15,-1.0,0.0));
#7137=DIRECTION('',(8.45884209238214E-17,1.0,-0.0));
#7138=DIRECTION('',(-1.0,0.0,0.0));
#7139=CARTESIAN_POINT('',(42.0,42.0,21.0));
#7140=DIRECTION('',(0.0,0.0,1.0));
#7141=DIRECTION('',(1.0,0.0,0.0));
#7142=DIRECTION('',(0.0,0.0,1.0));
#7143=CARTESIAN_POINT('',(42.0,42.0,25.0));
#7144=DIRECTION('',(0.0,0.0,-1.0));
#7145=DIRECTION('',(1.0,0.0,0.0));
#7146=DIRECTION('',(0.0,0.0,1.0));
#7147=DIRECTION('',(-1.83690953073357E-16,-1.0,0.0));
#7148=CARTESIAN_POINT('',(7.65378971138986E-16,0.0,25.0));
#7149=DIRECTION('',(0.0,0.0,-1.0));
#7150=DIRECTION('',(0.0,1.0,0.0));
#7151=DIRECTION('',(-1.0,1.22460635382238E-16,0.0));
#7152=CARTESIAN_POINT('',(7.65378971138986E-16,0.0,25.0));
#7153=DIRECTION('',(0.0,0.0,-1.0));
#7154=DIRECTION('',(0.0,1.0,0.0));
#7155=DIRECTION('',(6.12303176911189E-17,1.0,-0.0));
#7156=CARTESIAN_POINT('',(7.65378971138986E-16,0.0,25.0));
#7157=DIRECTION('',(0.0,0.0,-1.0));
#7158=DIRECTION('',(0.0,1.0,0.0));
#7159=DIRECTION('',(1.0,0.0,0.0));
#7160=CARTESIAN_POINT('',(7.65378971138986E-16,0.0,25.0));
#7161=DIRECTION('',(0.0,0.0,-1.0));
#7162=DIRECTION('',(0.0,1.0,0.0));
#7163=DIRECTION('',(1.0,0.0,0.0));
#7164=CARTESIAN_POINT('',(-42.0,42.0,25.0));
#7165=DIRECTION('',(0.0,0.0,-1.0));
#7166=DIRECTION('',(1.0,0.0,0.0));
#7167=DIRECTION('',(1.69176841847643E-16,1.0,0.0));
#7168=DIRECTION('',(-1.0,1.69176841847643E-16,0.0));
#7169=DIRECTION('',(-8.45884209238214E-17,-1.0,-0.0));
#7170=CARTESIAN_POINT('',(-42.0,42.0,21.0));
#7171=DIRECTION('',(0.0,0.0,1.0));
#7172=DIRECTION('',(1.0,0.0,0.0));
#7173=DIRECTION('',(0.0,0.0,1.0));
#7174=DIRECTION('',(0.0,0.0,1.0));
#7175=DIRECTION('',(-1.69176841847643E-16,-1.0,0.0));
#7176=DIRECTION('',(-1.0,0.0,0.0));
#7177=CARTESIAN_POINT('',(41.25,41.25,4.0));
#7178=DIRECTION('',(0.0,0.0,1.0));
#7179=DIRECTION('',(1.0,0.0,0.0));
#7180=DIRECTION('',(-8.45884209238214E-17,-1.0,0.0));
#7181=CARTESIAN_POINT('',(42.0,42.0,4.0));
#7182=DIRECTION('',(0.0,0.0,-1.0));
#7183=DIRECTION('',(1.0,0.0,0.0));
#7184=DIRECTION('',(1.0,-0.0,0.0));
#7185=CARTESIAN_POINT('',(-41.25,41.25,4.0));
#7186=DIRECTION('',(0.0,-0.0,1.0));
#7187=DIRECTION('',(6.12303176911189E-17,1.0,0.0));
#7188=DIRECTION('',(1.69176841847643E-16,1.0,-0.0));
#7189=DIRECTION('',(1.0,-0.0,0.0));
#7190=CARTESIAN_POINT('',(-42.0,42.0,4.0));
#7191=DIRECTION('',(0.0,0.0,-1.0));
#7192=DIRECTION('',(1.0,0.0,0.0));
#7193=CARTESIAN_POINT('',(-41.25,-41.25,4.0));
#7194=DIRECTION('',(0.0,0.0,1.0));
#7195=DIRECTION('',(-1.0,1.22460635382238E-16,0.0));
#7196=DIRECTION('',(-1.0,1.69176841847643E-16,0.0));
#7197=DIRECTION('',(1.69176841847643E-16,1.0,-0.0));
#7198=CARTESIAN_POINT('',(-42.0,-42.0,4.0));
#7199=DIRECTION('',(0.0,0.0,-1.0));
#7200=DIRECTION('',(1.0,0.0,0.0));
#7201=DIRECTION('',(-1.0,1.69176841847643E-16,0.0));
#7202=CARTESIAN_POINT('',(42.0,-42.0,4.0));
#7203=DIRECTION('',(0.0,0.0,-1.0));
#7204=DIRECTION('',(1.0,0.0,0.0));
#7205=DIRECTION('',(-8.45884209238214E-17,-1.0,0.0));
#7206=CARTESIAN_POINT('',(41.25,-41.25,4.0));
#7207=DIRECTION('',(0.0,0.0,1.0));
#7208=DIRECTION('',(-1.83690953073357E-16,-1.0,0.0));
#7209=DIRECTION('',(6.12303176911189E-17,0.0,1.0));
#7210=CARTESIAN_POINT('',(6.42918335756748E-16,0.0,23.0));
#7211=DIRECTION('',(6.12303176911189E-17,-0.0,1.0));
#7212=DIRECTION('',(0.0,1.0,0.0));
#7213=DIRECTION('',(-6.12303176911189E-17,-0.0,-1.0));
#7214=DIRECTION('',(6.12303176911189E-17,0.0,1.0));
#7215=CARTESIAN_POINT('',(6.42918335756748E-16,0.0,23.0));
#7216=DIRECTION('',(6.12303176911189E-17,-0.0,1.0));
#7217=DIRECTION('',(0.0,1.0,0.0));
#7218=DIRECTION('',(-6.12303176911189E-17,-0.0,-1.0));
#7219=DIRECTION('',(6.12303176911189E-17,0.0,1.0));
#7220=CARTESIAN_POINT('',(6.42918335756748E-16,0.0,23.0));
#7221=DIRECTION('',(6.12303176911189E-17,-0.0,1.0));
#7222=DIRECTION('',(0.0,1.0,0.0));
#7223=DIRECTION('',(-6.12303176911189E-17,-0.0,-1.0));
#7224=DIRECTION('',(6.12303176911189E-17,0.0,1.0));
#7225=CARTESIAN_POINT('',(6.42918335756748E-16,0.0,23.0));
#7226=DIRECTION('',(6.12303176911189E-17,-0.0,1.0));
#7227=DIRECTION('',(0.0,1.0,0.0));
#7228=DIRECTION('',(-6.12303176911189E-17,-0.0,-1.0));
#7229=CARTESIAN_POINT('',(17.9672789169809,-35.2363841635033,9.80093359521608));
#7230=DIRECTION('',(0.299193955241952,0.23859921741993,-0.923879532511287));
#7231=DIRECTION('',(-0.72231810452517,-0.576029466666801,-0.38268343236509));
#7232=DIRECTION('',(-0.299193955241952,-0.23859921741993,0.923879532511287));
#7233=CARTESIAN_POINT('',(18.2664728722229,-34.9977849460834,8.8770540627048));
#7234=DIRECTION('',(-0.299193955241952,-0.23859921741993,0.923879532511287));
#7235=DIRECTION('',(-0.72231810452517,-0.576029466666801,-0.38268343236509));
#7236=CARTESIAN_POINT('',(-0.299193955241952,-0.23859921741993,12.9238795325113));
#7237=DIRECTION('',(0.299193955241952,0.23859921741993,-0.923879532511287));
#7238=DIRECTION('',(-0.72231810452517,-0.576029466666801,-0.38268343236509));
#7239=CARTESIAN_POINT('',(0.0,0.0,12.0));
#7240=DIRECTION('',(-0.299193955241952,-0.23859921741993,0.923879532511287));
#7241=DIRECTION('',(-0.72231810452517,-0.576029466666801,-0.38268343236509));
#7242=CARTESIAN_POINT('',(34.6217194352439,-23.2218628986605,17.214847489216));
#7243=DIRECTION('',(-0.299193955241952,-0.23859921741993,0.923879532511287));
#7244=DIRECTION('',(-0.72231810452517,-0.576029466666801,-0.38268343236509));
#7245=DIRECTION('',(-0.299193955241952,-0.23859921741993,0.923879532511287));
#7246=CARTESIAN_POINT('',(34.322525480002,-23.4604621160804,18.1387270217272));
#7247=DIRECTION('',(0.299193955241952,0.23859921741993,-0.923879532511287));
#7248=DIRECTION('',(-0.72231810452517,-0.576029466666801,-0.38268343236509));
#7249=CARTESIAN_POINT('',(-16.3464992954758,-36.0169104919007,9.80093359521608));
#7250=DIRECTION('',(0.373088759742271,-0.0851550747794879,-0.923879532511287));
#7251=DIRECTION('',(-0.900715943738748,0.205582536437535,-0.38268343236509));
#7252=DIRECTION('',(-0.373088759742271,0.0851550747794879,0.923879532511287));
#7253=CARTESIAN_POINT('',(-15.9734105357335,-36.1020655666802,8.8770540627048));
#7254=DIRECTION('',(-0.373088759742271,0.0851550747794879,0.923879532511287));
#7255=DIRECTION('',(-0.900715943738748,0.205582536437535,-0.38268343236509));
#7256=CARTESIAN_POINT('',(-0.373088759742271,0.0851550747794879,12.9238795325113));
#7257=DIRECTION('',(0.373088759742271,-0.0851550747794879,-0.923879532511287));
#7258=DIRECTION('',(-0.900715943738748,0.205582536437535,-0.38268343236509));
#7259=CARTESIAN_POINT('',(0.0,0.0,12.0));
#7260=DIRECTION('',(-0.373088759742271,0.0851550747794879,0.923879532511287));
#7261=DIRECTION('',(-0.900715943738748,0.205582536437535,-0.38268343236509));
#7262=CARTESIAN_POINT('',(3.43070549495982,-41.5469449291254,17.214847489216));
#7263=DIRECTION('',(-0.373088759742271,0.0851550747794878,0.923879532511287));
#7264=DIRECTION('',(-0.900715943738748,0.205582536437535,-0.38268343236509));
#7265=DIRECTION('',(-0.373088759742271,0.0851550747794879,0.923879532511287));
#7266=CARTESIAN_POINT('',(3.05761673521755,-41.461789854346,18.1387270217272));
#7267=DIRECTION('',(0.373088759742271,-0.0851550747794878,-0.923879532511287));
#7268=DIRECTION('',(-0.900715943738748,0.205582536437535,-0.38268343236509));
#7269=CARTESIAN_POINT('',(-38.3510301306212,-9.67596860881446,9.80093359521608));
#7270=DIRECTION('',(0.166040118532906,-0.344785858822987,-0.923879532511287));
#7271=DIRECTION('',(-0.400856306060179,0.83238669648491,-0.38268343236509));
#7272=DIRECTION('',(-0.166040118532906,0.344785858822987,0.923879532511287));
#7273=CARTESIAN_POINT('',(-38.1849900120882,-10.0207544676375,8.8770540627048));
#7274=DIRECTION('',(-0.166040118532906,0.344785858822987,0.923879532511287));
#7275=DIRECTION('',(-0.400856306060179,0.83238669648491,-0.38268343236509));
#7276=CARTESIAN_POINT('',(-0.166040118532906,0.344785858822987,12.9238795325113));
#7277=DIRECTION('',(0.166040118532906,-0.344785858822987,-0.923879532511287));
#7278=DIRECTION('',(-0.400856306060179,0.83238669648491,-0.38268343236509));
#7279=CARTESIAN_POINT('',(0.0,0.0,12.0));
#7280=DIRECTION('',(-0.166040118532906,0.344785858822987,0.923879532511287));
#7281=DIRECTION('',(-0.400856306060179,0.83238669648491,-0.38268343236509));
#7282=CARTESIAN_POINT('',(-30.3436996566676,-28.5863300247318,17.214847489216));
#7283=DIRECTION('',(-0.166040118532906,0.344785858822987,0.923879532511287));
#7284=DIRECTION('',(-0.400856306060179,0.83238669648491,-0.38268343236509));
#7285=DIRECTION('',(-0.166040118532906,0.344785858822987,0.923879532511287));
#7286=CARTESIAN_POINT('',(-30.5097397752005,-28.2415441659088,18.1387270217272));
#7287=DIRECTION('',(0.166040118532906,-0.344785858822987,-0.923879532511287));
#7288=DIRECTION('',(-0.400856306060179,0.83238669648491,-0.38268343236509));
#7289=CARTESIAN_POINT('',(-31.4764530589628,23.9511749904986,9.80093359521608));
#7290=DIRECTION('',(-0.166040118532906,-0.344785858822987,-0.923879532511287));
#7291=DIRECTION('',(0.400856306060179,0.83238669648491,-0.38268343236509));
#7292=DIRECTION('',(0.166040118532906,0.344785858822987,0.923879532511287));
#7293=CARTESIAN_POINT('',(-31.6424931774957,23.6063891316756,8.8770540627048));
#7294=DIRECTION('',(0.166040118532906,0.344785858822987,0.923879532511287));
#7295=DIRECTION('',(0.400856306060179,0.83238669648491,-0.38268343236509));
#7296=CARTESIAN_POINT('',(0.166040118532906,0.344785858822987,12.9238795325113));
#7297=DIRECTION('',(-0.166040118532906,-0.344785858822987,-0.923879532511287));
#7298=DIRECTION('',(0.400856306060179,0.83238669648491,-0.38268343236509));
#7299=CARTESIAN_POINT('',(0.0,0.0,12.0));
#7300=DIRECTION('',(0.166040118532906,0.344785858822987,0.923879532511287));
#7301=DIRECTION('',(0.400856306060179,0.83238669648491,-0.38268343236509));
#7302=CARTESIAN_POINT('',(-41.268680068153,5.90037444314866,17.214847489216));
#7303=DIRECTION('',(0.166040118532906,0.344785858822987,0.923879532511287));
#7304=DIRECTION('',(0.400856306060179,0.83238669648491,-0.38268343236509));
#7305=DIRECTION('',(0.166040118532906,0.344785858822987,0.923879532511287));
#7306=CARTESIAN_POINT('',(-41.1026399496201,6.24516030197165,18.1387270217272));
#7307=DIRECTION('',(-0.166040118532906,-0.344785858822987,-0.923879532511287));
#7308=DIRECTION('',(0.400856306060179,0.83238669648491,-0.38268343236509));
#7309=CARTESIAN_POINT('',(-0.899464831275778,39.5425953070341,9.80093359521608));
#7310=DIRECTION('',(-0.373088759742271,-0.0851550747794879,-0.923879532511287));
#7311=DIRECTION('',(0.900715943738748,0.205582536437535,-0.38268343236509));
#7312=DIRECTION('',(0.373088759742271,0.0851550747794879,0.923879532511287));
#7313=CARTESIAN_POINT('',(-1.27255359101805,39.4574402322546,8.8770540627048));
#7314=DIRECTION('',(0.373088759742271,0.0851550747794879,0.923879532511287));
#7315=DIRECTION('',(0.900715943738748,0.205582536437535,-0.38268343236509));
#7316=CARTESIAN_POINT('',(0.373088759742271,0.0851550747794878,12.9238795325113));
#7317=DIRECTION('',(-0.373088759742271,-0.0851550747794878,-0.923879532511287));
#7318=DIRECTION('',(0.900715943738748,0.205582536437535,-0.38268343236509));
#7319=CARTESIAN_POINT('',(0.0,0.0,12.0));
#7320=DIRECTION('',(0.373088759742271,0.0851550747794878,0.923879532511287));
#7321=DIRECTION('',(0.900715943738748,0.205582536437535,-0.38268343236509));
#7322=CARTESIAN_POINT('',(-21.1175026606608,35.943976609634,17.214847489216));
#7323=DIRECTION('',(0.373088759742271,0.0851550747794878,0.923879532511287));
#7324=DIRECTION('',(0.900715943738748,0.205582536437535,-0.38268343236509));
#7325=DIRECTION('',(0.373088759742271,0.0851550747794879,0.923879532511287));
#7326=CARTESIAN_POINT('',(-20.7444139009185,36.0291316844135,18.1387270217272));
#7327=DIRECTION('',(-0.373088759742271,-0.0851550747794878,-0.923879532511287));
#7328=DIRECTION('',(0.900715943738748,0.205582536437535,-0.38268343236509));
#7329=CARTESIAN_POINT('',(30.3548387601008,25.357634835427,9.80093359521608));
#7330=DIRECTION('',(-0.299193955241952,0.23859921741993,-0.923879532511287));
#7331=DIRECTION('',(0.72231810452517,-0.576029466666802,-0.38268343236509));
#7332=DIRECTION('',(0.299193955241952,-0.23859921741993,0.923879532511287));
#7333=CARTESIAN_POINT('',(30.0556448048588,25.5962340528469,8.8770540627048));
#7334=DIRECTION('',(0.299193955241952,-0.23859921741993,0.923879532511287));
#7335=DIRECTION('',(0.72231810452517,-0.576029466666802,-0.38268343236509));
#7336=CARTESIAN_POINT('',(0.299193955241952,-0.23859921741993,12.9238795325113));
#7337=DIRECTION('',(-0.299193955241952,0.23859921741993,-0.923879532511287));
#7338=DIRECTION('',(0.72231810452517,-0.576029466666802,-0.38268343236509));
#7339=CARTESIAN_POINT('',(0.0,0.0,12.0));
#7340=DIRECTION('',(0.299193955241952,-0.23859921741993,0.923879532511287));
#7341=DIRECTION('',(0.72231810452517,-0.576029466666802,-0.38268343236509));
#7342=CARTESIAN_POINT('',(14.9355849688597,38.9210312655626,17.214847489216));
#7343=DIRECTION('',(0.299193955241952,-0.23859921741993,0.923879532511287));
#7344=DIRECTION('',(0.72231810452517,-0.576029466666802,-0.38268343236509));
#7345=DIRECTION('',(0.299193955241952,-0.23859921741993,0.923879532511287));
#7346=CARTESIAN_POINT('',(15.2347789241016,38.6824320481427,18.1387270217272));
#7347=DIRECTION('',(-0.299193955241952,0.23859921741993,-0.923879532511287));
#7348=DIRECTION('',(0.72231810452517,-0.576029466666802,-0.38268343236509));
#7349=CARTESIAN_POINT('',(38.7513296392539,-7.92214186874113,9.80093359521608));
#7350=DIRECTION('',(-2.34318281388422E-17,0.38268343236509,-0.923879532511287));
#7351=DIRECTION('',(5.65694372839885E-17,-0.923879532511287,-0.38268343236509));
#7352=DIRECTION('',(2.34318281388422E-17,-0.38268343236509,0.923879532511287));
#7353=CARTESIAN_POINT('',(38.7513296392539,-7.53945843637604,8.8770540627048));
#7354=DIRECTION('',(2.34318281388422E-17,-0.38268343236509,0.923879532511287));
#7355=DIRECTION('',(5.65694372839885E-17,-0.923879532511287,-0.38268343236509));
#7356=CARTESIAN_POINT('',(2.34318281388422E-17,-0.38268343236509,12.9238795325113));
#7357=DIRECTION('',(-2.34318281388422E-17,0.38268343236509,-0.923879532511287));
#7358=DIRECTION('',(5.65694372839885E-17,-0.923879532511287,-0.38268343236509));
#7359=CARTESIAN_POINT('',(0.0,0.0,12.0));
#7360=DIRECTION('',(2.34318281388422E-17,-0.38268343236509,0.923879532511287));
#7361=DIRECTION('',(5.65694372839885E-17,-0.923879532511287,-0.38268343236509));
#7362=CARTESIAN_POINT('',(39.7418724864179,12.5897555341725,17.214847489216));
#7363=DIRECTION('',(2.34318281388422E-17,-0.38268343236509,0.923879532511287));
#7364=DIRECTION('',(5.65694372839885E-17,-0.923879532511287,-0.38268343236509));
#7365=DIRECTION('',(2.34318281388422E-17,-0.38268343236509,0.923879532511287));
#7366=CARTESIAN_POINT('',(39.7418724864179,12.2070721018074,18.1387270217272));
#7367=DIRECTION('',(-2.34318281388422E-17,0.38268343236509,-0.923879532511287));
#7368=DIRECTION('',(5.65694372839885E-17,-0.923879532511287,-0.38268343236509));
#7369=DIRECTION('',(0.0,0.0,1.0));
#7370=CARTESIAN_POINT('',(-42.0,42.0,0.0));
#7371=DIRECTION('',(0.0,0.0,1.0));
#7372=DIRECTION('',(1.0,0.0,0.0));
#7373=DIRECTION('',(0.0,0.0,1.0));
#7374=DIRECTION('',(-1.69176841847643E-16,-1.0,0.0));
#7375=DIRECTION('',(0.0,0.0,1.0));
#7376=CARTESIAN_POINT('',(-42.0,-42.0,0.0));
#7377=DIRECTION('',(0.0,0.0,1.0));
#7378=DIRECTION('',(1.0,0.0,0.0));
#7379=DIRECTION('',(0.0,0.0,1.0));
#7380=DIRECTION('',(1.0,-1.69176841847643E-16,0.0));
#7381=DIRECTION('',(0.0,0.0,1.0));
#7382=CARTESIAN_POINT('',(42.0,-42.0,0.0));
#7383=DIRECTION('',(0.0,0.0,1.0));
#7384=DIRECTION('',(1.0,0.0,0.0));
#7385=DIRECTION('',(0.0,0.0,1.0));
#7386=DIRECTION('',(8.45884209238214E-17,1.0,0.0));
#7387=DIRECTION('',(0.0,0.0,1.0));
#7388=CARTESIAN_POINT('',(42.0,42.0,0.0));
#7389=DIRECTION('',(0.0,0.0,1.0));
#7390=DIRECTION('',(1.0,0.0,0.0));
#7391=DIRECTION('',(0.0,0.0,1.0));
#7392=DIRECTION('',(-1.0,0.0,0.0));
#7393=CARTESIAN_POINT('',(41.25,41.25,0.0));
#7394=DIRECTION('',(0.0,0.0,1.0));
#7395=DIRECTION('',(1.0,0.0,0.0));
#7396=CARTESIAN_POINT('',(-41.25,41.25,0.0));
#7397=DIRECTION('',(0.0,-0.0,1.0));
#7398=DIRECTION('',(6.12303176911189E-17,1.0,0.0));
#7399=CARTESIAN_POINT('',(-41.25,-41.25,0.0));
#7400=DIRECTION('',(0.0,0.0,1.0));
#7401=DIRECTION('',(-1.0,1.22460635382238E-16,0.0));
#7402=CARTESIAN_POINT('',(41.25,-41.25,0.0));
#7403=DIRECTION('',(0.0,0.0,1.0));
#7404=DIRECTION('',(-1.83690953073357E-16,-1.0,0.0));
#7405=DIRECTION('',(-6.12303176911189E-17,-1.0,0.0));
#7406=DIRECTION('',(6.12303176911189E-17,0.0,1.0));
#7407=DIRECTION('',(-6.12303176911189E-17,-0.0,-1.0));
#7408=DIRECTION('',(6.12303176911189E-17,0.0,1.0));
#7409=CARTESIAN_POINT('',(-6.42918335756748E-16,0.0,2.00000000000001));
#7410=DIRECTION('',(6.12303176911189E-17,-0.0,1.0));
#7411=DIRECTION('',(0.0,1.0,0.0));
#7412=CARTESIAN_POINT('',(-7.65378971138986E-16,0.0,0.0));
#7413=DIRECTION('',(0.0,-0.0,1.0));
#7414=DIRECTION('',(0.0,1.0,0.0));
#7415=DIRECTION('',(-6.12303176911189E-17,0.0,-1.0));
#7416=CARTESIAN_POINT('',(-7.65378971138986E-16,0.0,0.0));
#7417=DIRECTION('',(0.0,-0.0,1.0));
#7418=DIRECTION('',(0.0,1.0,0.0));
#7419=CARTESIAN_POINT('',(-6.42918335756748E-16,0.0,2.00000000000001));
#7420=DIRECTION('',(6.12303176911189E-17,-0.0,1.0));
#7421=DIRECTION('',(0.0,1.0,0.0));
#7422=DIRECTION('',(-6.12303176911189E-17,-0.0,-1.0));
#7423=CARTESIAN_POINT('',(-7.65378971138986E-16,0.0,0.0));
#7424=DIRECTION('',(0.0,-0.0,1.0));
#7425=DIRECTION('',(0.0,1.0,0.0));
#7426=DIRECTION('',(-6.12303176911189E-17,-0.0,-1.0));
#7427=CARTESIAN_POINT('',(-6.42918335756748E-16,0.0,2.00000000000001));
#7428=DIRECTION('',(6.12303176911189E-17,-0.0,1.0));
#7429=DIRECTION('',(0.0,1.0,0.0));
#7430=DIRECTION('',(-1.0,0.0,0.0));
#7431=DIRECTION('',(6.12303176911189E-17,0.0,1.0));
#7432=DIRECTION('',(6.12303176911189E-17,0.0,1.0));
#7433=CARTESIAN_POINT('',(-6.42918335756748E-16,0.0,2.00000000000001));
#7434=DIRECTION('',(6.12303176911189E-17,-0.0,1.0));
#7435=DIRECTION('',(0.0,1.0,0.0));
#7436=CARTESIAN_POINT('',(-7.65378971138986E-16,0.0,0.0));
#7437=DIRECTION('',(0.0,-0.0,1.0));
#7438=DIRECTION('',(0.0,1.0,0.0));
#7439=DIRECTION('',(-6.12303176911189E-17,-0.0,-1.0));
#7440=CARTESIAN_POINT('',(-7.65378971138986E-16,0.0,0.0));
#7441=DIRECTION('',(0.0,-0.0,1.0));
#7442=DIRECTION('',(0.0,1.0,0.0));
#7443=DIRECTION('',(-6.12303176911189E-17,-0.0,-1.0));
#7444=CARTESIAN_POINT('',(-6.42918335756748E-16,0.0,2.00000000000001));
#7445=DIRECTION('',(6.12303176911189E-17,-0.0,1.0));
#7446=DIRECTION('',(0.0,1.0,0.0));
#7447=CARTESIAN_POINT('',(-4.59227382683391E-16,0.0,5.0));
#7448=DIRECTION('',(0.0,0.0,-1.0));
#7449=DIRECTION('',(0.0,1.0,0.0));
#7450=CARTESIAN_POINT('',(-3.68945447644861E-16,0.0,6.4744645862196));
#7451=DIRECTION('',(6.12303176911189E-17,-0.0,1.0));
#7452=DIRECTION('',(0.0,1.0,0.0));
#7453=CARTESIAN_POINT('',(-4.59227382683391E-16,0.0,5.0));
#7454=DIRECTION('',(0.0,0.0,-1.0));
#7455=DIRECTION('',(0.0,1.0,0.0));
#7456=CARTESIAN_POINT('',(5.91658892174524E-16,0.0,22.162842109675));
#7457=DIRECTION('',(6.12303176911189E-17,-0.0,1.0));
#7458=DIRECTION('',(0.0,1.0,0.0));
#7459=CARTESIAN_POINT('',(5.91658892174524E-16,0.0,22.162842109675));
#7460=DIRECTION('',(6.12303176911189E-17,-0.0,1.0));
#7461=DIRECTION('',(0.0,1.0,0.0));
#7462=CARTESIAN_POINT('',(-4.59227382683391E-16,0.0,5.0));
#7463=DIRECTION('',(0.0,0.0,-1.0));
#7464=DIRECTION('',(0.0,1.0,0.0));
#7465=CARTESIAN_POINT('',(-6.42918335756748E-16,0.0,2.00000000000001));
#7466=DIRECTION('',(6.12303176911189E-17,-0.0,1.0));
#7467=DIRECTION('',(0.0,1.0,0.0));
#7468=DIRECTION('',(6.12303176911189E-17,-0.0,1.0));
#7469=DIRECTION('',(6.12303176911189E-17,0.0,1.0));
#7470=CARTESIAN_POINT('',(-7.65378971138986E-16,0.0,0.0));
#7471=DIRECTION('',(0.0,-0.0,1.0));
#7472=DIRECTION('',(0.0,1.0,0.0));
#7473=CARTESIAN_POINT('',(48.4913932526467,-10.9317727912522,25.9628802841667));
#7474=DIRECTION('',(0.299193955241952,0.23859921741993,-0.923879532511287));
#7475=DIRECTION('',(-0.72231810452517,-0.576029466666802,-0.38268343236509));
#7476=CARTESIAN_POINT('',(39.9912611761439,15.0828000999154,29.9286230767788));
#7477=DIRECTION('',(-0.299193955241952,-0.23859921741993,0.923879532511287));
#7478=DIRECTION('',(-0.72231810452517,-0.576029466666801,-0.38268343236509));
#7479=CARTESIAN_POINT('',(48.7905872078886,-10.6931735738323,25.0390007516554));
#7480=DIRECTION('',(-0.299193955241952,-0.23859921741993,0.923879532511287));
#7481=DIRECTION('',(-0.72231810452517,-0.576029466666802,-0.38268343236509));
#7482=CARTESIAN_POINT('',(40.2904551313858,15.3213993173353,29.0047435442675));
#7483=DIRECTION('',(-0.299193955241952,-0.23859921741993,0.923879532511287));
#7484=DIRECTION('',(-0.72231810452517,-0.576029466666801,-0.38268343236509));
#7485=CARTESIAN_POINT('',(3.5660059444733E-17,0.0,13.0823922002924));
#7486=DIRECTION('',(-0.373088759742271,0.0851550747794879,0.923879532511287));
#7487=DIRECTION('',(-0.900715943738748,0.205582536437535,-0.38268343236509));
#7488=CARTESIAN_POINT('',(21.6870850435582,-44.7279467252395,25.9628802841667));
#7489=DIRECTION('',(0.373088759742271,-0.0851550747794879,-0.923879532511287));
#7490=DIRECTION('',(-0.900715943738748,0.205582536437535,-0.38268343236509));
#7491=CARTESIAN_POINT('',(36.7263514686806,-21.8624549653396,29.9286230767788));
#7492=DIRECTION('',(-0.373088759742271,0.0851550747794879,0.923879532511287));
#7493=DIRECTION('',(-0.900715943738748,0.205582536437535,-0.38268343236509));
#7494=CARTESIAN_POINT('',(22.0601738033005,-44.813101800019,25.0390007516554));
#7495=DIRECTION('',(-0.373088759742271,0.0851550747794879,0.923879532511287));
#7496=DIRECTION('',(-0.900715943738748,0.205582536437535,-0.38268343236509));
#7497=CARTESIAN_POINT('',(37.0994402284229,-21.9476100401191,29.0047435442675));
#7498=DIRECTION('',(-0.373088759742271,0.0851550747794879,0.923879532511287));
#7499=DIRECTION('',(-0.900715943738748,0.205582536437535,-0.38268343236509));
#7500=CARTESIAN_POINT('',(-3.06151588455594E-17,0.0,12.0));
#7501=DIRECTION('',(0.373088759742271,-0.0851550747794879,-0.923879532511287));
#7502=DIRECTION('',(-0.900715943738748,0.205582536437535,-0.38268343236509));
#7503=CARTESIAN_POINT('',(3.5660059444733E-17,0.0,13.0823922002924));
#7504=DIRECTION('',(-0.166040118532906,0.344785858822987,0.923879532511287));
#7505=DIRECTION('',(-0.400856306060179,0.83238669648491,-0.38268343236509));
#7506=CARTESIAN_POINT('',(-21.4480405392435,-44.8430644912829,25.9628802841667));
#7507=DIRECTION('',(0.166040118532906,-0.344785858822987,-0.923879532511287));
#7508=DIRECTION('',(-0.400856306060179,0.83238669648491,-0.38268343236509));
#7509=CARTESIAN_POINT('',(5.80575002425989,-42.3448355288855,29.9286230767788));
#7510=DIRECTION('',(-0.166040118532906,0.344785858822987,0.923879532511287));
#7511=DIRECTION('',(-0.400856306060179,0.83238669648491,-0.38268343236509));
#7512=CARTESIAN_POINT('',(-21.2820004207105,-45.1878503501059,25.0390007516554));
#7513=DIRECTION('',(-0.166040118532906,0.344785858822987,0.923879532511287));
#7514=DIRECTION('',(-0.400856306060179,0.83238669648491,-0.38268343236509));
#7515=CARTESIAN_POINT('',(-3.06151588455594E-17,0.0,12.0));
#7516=DIRECTION('',(0.166040118532906,-0.344785858822987,-0.923879532511287));
#7517=DIRECTION('',(-0.400856306060179,0.83238669648491,-0.38268343236509));
#7518=CARTESIAN_POINT('',(5.97179014279279,-42.6896213877085,29.0047435442675));
#7519=DIRECTION('',(-0.166040118532906,0.344785858822987,0.923879532511287));
#7520=DIRECTION('',(-0.400856306060179,0.83238669648491,-0.38268343236509));
#7521=CARTESIAN_POINT('',(3.5660059444733E-17,0.0,13.0823922002924));
#7522=DIRECTION('',(0.166040118532906,0.344785858822987,0.923879532511287));
#7523=DIRECTION('',(0.400856306060179,0.83238669648491,-0.38268343236509));
#7524=CARTESIAN_POINT('',(-48.4323541357002,-11.1904400635773,25.9628802841667));
#7525=DIRECTION('',(-0.166040118532906,-0.344785858822987,-0.923879532511287));
#7526=DIRECTION('',(0.400856306060179,0.83238669648491,-0.38268343236509));
#7527=CARTESIAN_POINT('',(-29.4866996041464,-30.9406912619514,29.9286230767788));
#7528=DIRECTION('',(0.166040118532906,0.344785858822987,0.923879532511287));
#7529=DIRECTION('',(0.400856306060179,0.83238669648491,-0.38268343236509));
#7530=CARTESIAN_POINT('',(-48.5983942542331,-11.5352259224003,25.0390007516554));
#7531=DIRECTION('',(0.166040118532906,0.344785858822987,0.923879532511287));
#7532=DIRECTION('',(0.400856306060179,0.83238669648491,-0.38268343236509));
#7533=CARTESIAN_POINT('',(-3.06151588455594E-17,0.0,12.0));
#7534=DIRECTION('',(-0.166040118532906,-0.344785858822987,-0.923879532511287));
#7535=DIRECTION('',(0.400856306060179,0.83238669648491,-0.38268343236509));
#7536=CARTESIAN_POINT('',(-29.6527397226793,-31.2854771207744,29.0047435442675));
#7537=DIRECTION('',(0.166040118532906,0.344785858822987,0.923879532511287));
#7538=DIRECTION('',(0.400856306060179,0.83238669648491,-0.38268343236509));
#7539=CARTESIAN_POINT('',(-38.946117227996,30.8888139753792,25.9628802841667));
#7540=DIRECTION('',(-0.373088759742271,-0.0851550747794879,-0.923879532511287));
#7541=DIRECTION('',(0.900715943738748,0.205582536437535,-0.38268343236509));
#7542=CARTESIAN_POINT('',(-42.5750630115743,3.76242460031287,29.9286230767788));
#7543=DIRECTION('',(0.373088759742271,0.0851550747794879,0.923879532511287));
#7544=DIRECTION('',(0.900715943738748,0.205582536437535,-0.38268343236509));
#7545=CARTESIAN_POINT('',(3.5660059444733E-17,0.0,13.0823922002924));
#7546=DIRECTION('',(0.373088759742271,0.0851550747794878,0.923879532511287));
#7547=DIRECTION('',(0.900715943738748,0.205582536437535,-0.38268343236509));
#7548=CARTESIAN_POINT('',(-39.3192059877382,30.8036589005998,25.0390007516554));
#7549=DIRECTION('',(0.373088759742271,0.0851550747794879,0.923879532511287));
#7550=DIRECTION('',(0.900715943738748,0.205582536437535,-0.38268343236509));
#7551=CARTESIAN_POINT('',(-3.06151588455594E-17,0.0,12.0));
#7552=DIRECTION('',(-0.373088759742271,-0.0851550747794878,-0.923879532511287));
#7553=DIRECTION('',(0.900715943738748,0.205582536437535,-0.38268343236509));
#7554=CARTESIAN_POINT('',(-42.9481517713166,3.67726952553338,29.0047435442675));
#7555=DIRECTION('',(0.373088759742271,0.0851550747794879,0.923879532511287));
#7556=DIRECTION('',(0.900715943738748,0.205582536437535,-0.38268343236509));
#7557=CARTESIAN_POINT('',(-0.132659691600264,49.7081610738983,25.9628802841667));
#7558=DIRECTION('',(-0.299193955241952,0.23859921741993,-0.923879532511287));
#7559=DIRECTION('',(0.72231810452517,-0.576029466666802,-0.38268343236509));
#7560=CARTESIAN_POINT('',(-23.6035355982728,35.6323579990664,29.9286230767788));
#7561=DIRECTION('',(0.299193955241952,-0.23859921741993,0.923879532511287));
#7562=DIRECTION('',(0.72231810452517,-0.576029466666802,-0.38268343236509));
#7563=CARTESIAN_POINT('',(-0.431853646842217,49.9467602913182,25.0390007516554));
#7564=DIRECTION('',(0.299193955241952,-0.23859921741993,0.923879532511287));
#7565=DIRECTION('',(0.72231810452517,-0.576029466666802,-0.38268343236509));
#7566=CARTESIAN_POINT('',(-23.9027295535147,35.8709572164863,29.0047435442675));
#7567=DIRECTION('',(0.299193955241952,-0.23859921741993,0.923879532511287));
#7568=DIRECTION('',(0.72231810452517,-0.576029466666802,-0.38268343236509));
#7569=CARTESIAN_POINT('',(38.780693298335,31.0962490220744,25.9628802841667));
#7570=DIRECTION('',(-2.34318281388422E-17,0.38268343236509,-0.923879532511287));
#7571=DIRECTION('',(5.65694372839885E-17,-0.923879532511287,-0.38268343236509));
#7572=CARTESIAN_POINT('',(13.141935544909,40.6703990568819,29.9286230767788));
#7573=DIRECTION('',(2.34318281388422E-17,-0.38268343236509,0.923879532511287));
#7574=DIRECTION('',(5.65694372839885E-17,-0.923879532511287,-0.38268343236509));
#7575=CARTESIAN_POINT('',(38.780693298335,31.4789324544395,25.0390007516554));
#7576=DIRECTION('',(2.34318281388422E-17,-0.38268343236509,0.923879532511287));
#7577=DIRECTION('',(5.65694372839885E-17,-0.923879532511287,-0.38268343236509));
#7578=CARTESIAN_POINT('',(13.141935544909,41.053082489247,29.0047435442675));
#7579=DIRECTION('',(2.34318281388422E-17,-0.38268343236509,0.923879532511287));
#7580=DIRECTION('',(5.65694372839885E-17,-0.923879532511287,-0.38268343236509));
#7581=DIRECTION('',(-0.951056516295154,-0.309016994374947,0.0));
#7582=DIRECTION('',(-6.12303176911189E-17,-0.0,-1.0));
#7583=DIRECTION('',(0.951056516295154,0.309016994374947,0.0));
#7584=CARTESIAN_POINT('',(-4.59227382683392E-16,0.0,5.0));
#7585=DIRECTION('',(0.0,-0.0,1.0));
#7586=DIRECTION('',(0.0,1.0,0.0));
#7587=DIRECTION('',(-0.951056516295154,-0.309016994374947,0.0));
#7588=DIRECTION('',(6.12303176911189E-17,0.0,1.0));
#7589=DIRECTION('',(0.951056516295154,0.309016994374947,0.0));
#7590=DIRECTION('',(-0.309016994374947,0.951056516295154,0.0));
#7591=DIRECTION('',(-6.12303176911189E-17,-0.0,-1.0));
#7592=DIRECTION('',(0.309016994374947,-0.951056516295154,0.0));
#7593=CARTESIAN_POINT('',(-4.59227382683392E-16,0.0,5.0));
#7594=DIRECTION('',(0.0,-0.0,1.0));
#7595=DIRECTION('',(0.0,1.0,0.0));
#7596=DIRECTION('',(-0.309016994374947,0.951056516295154,0.0));
#7597=DIRECTION('',(6.12303176911189E-17,0.0,1.0));
#7598=DIRECTION('',(0.309016994374947,-0.951056516295154,0.0));
#7599=DIRECTION('',(0.951056516295154,0.309016994374947,0.0));
#7600=DIRECTION('',(-0.951056516295154,-0.309016994374947,0.0));
#7601=DIRECTION('',(0.951056516295154,0.309016994374947,0.0));
#7602=DIRECTION('',(-0.951056516295154,-0.309016994374947,0.0));
#7603=CARTESIAN_POINT('',(-7.65378971138986E-16,0.0,0.0));
#7604=DIRECTION('',(0.0,0.0,-1.0));
#7605=DIRECTION('',(0.0,1.0,0.0));
#7606=DIRECTION('',(0.309016994374947,-0.951056516295154,0.0));
#7607=CARTESIAN_POINT('',(-7.65378971138986E-16,0.0,0.0));
#7608=DIRECTION('',(0.0,-0.0,1.0));
#7609=DIRECTION('',(0.0,1.0,0.0));
#7610=DIRECTION('',(1.83690953073357E-16,1.0,-0.0));
#7611=CARTESIAN_POINT('',(-7.65378971138986E-16,0.0,0.0));
#7612=DIRECTION('',(0.0,-0.0,1.0));
#7613=DIRECTION('',(0.0,1.0,0.0));
#7614=DIRECTION('',(-0.309016994374947,0.951056516295154,0.0));
#7615=CARTESIAN_POINT('',(-7.65378971138986E-16,0.0,0.0));
#7616=DIRECTION('',(0.0,0.0,-1.0));
#7617=DIRECTION('',(0.0,1.0,0.0));
#7618=DIRECTION('',(1.0,-1.22460635382238E-16,0.0));
#7619=CARTESIAN_POINT('',(-7.65378971138986E-16,0.0,0.0));
#7620=DIRECTION('',(0.0,0.0,-1.0));
#7621=DIRECTION('',(0.0,1.0,0.0));
#7622=CARTESIAN_POINT('',(7.65378971138986E-16,0.0,25.0));
#7623=DIRECTION('',(0.0,-0.0,1.0));
#7624=DIRECTION('',(0.0,1.0,0.0));
#7625=DIRECTION('',(0.309016994374948,-0.951056516295154,0.0));
#7626=CARTESIAN_POINT('',(-4.59227382683391E-16,0.0,5.0));
#7627=DIRECTION('',(0.0,0.0,-1.0));
#7628=DIRECTION('',(0.0,1.0,0.0));
#7629=DIRECTION('',(-0.309016994374947,0.951056516295154,0.0));
#7630=DIRECTION('',(6.12303176911189E-17,-0.0,1.0));
#7631=CARTESIAN_POINT('',(-6.42918335756748E-16,0.0,2.00000000000001));
#7632=DIRECTION('',(6.12303176911189E-17,-0.0,1.0));
#7633=DIRECTION('',(0.0,1.0,0.0));
#7634=DIRECTION('',(6.12303176911189E-17,0.0,1.0));
#7635=CARTESIAN_POINT('',(-3.68945447644861E-16,0.0,6.4744645862196));
#7636=DIRECTION('',(6.12303176911189E-17,-0.0,1.0));
#7637=DIRECTION('',(0.0,1.0,0.0));
#7638=DIRECTION('',(-6.12303176911189E-17,-0.0,-1.0));
#7639=DIRECTION('',(-6.12303176911189E-17,0.0,-1.0));
#7640=CARTESIAN_POINT('',(-6.42918335756748E-16,0.0,2.00000000000001));
#7641=DIRECTION('',(6.12303176911189E-17,-0.0,1.0));
#7642=DIRECTION('',(0.0,1.0,0.0));
#7643=DIRECTION('',(-0.309016994374948,0.951056516295154,0.0));
ENDSEC;
END-ISO-10303-21;
