ISO-10303-21;
HEADER;
FILE_DESCRIPTION(('STEP AP214'),'1');
FILE_NAME('.stp','2025-12-12T09:19:23',(' '),(' '),'Spatial InterOp 3D',' ',' ');
FILE_SCHEMA(('automotive_design'));
ENDSEC;
DATA;
#1=MECHANICAL_DESIGN_GEOMETRIC_PRESENTATION_REPRESENTATION(' ',(#10,#11,#12,#13,#14,#15,#16,#17,#18,#19,#20,#21,#22,#23,#24,#25,#26,#27,#28,#29,#30,#31,#32,#33,#34,#35,#36,#37,#38,#39,#40,#41,#42,#43,#44,#45,#46,#47,#48,#49,#50,#51,#52,#53,#54,#55,#56,#57,#58,#59,#60,#61,#62,#63,#64,#65,#66,#67,#68,#69,#70,#71,#72,#73,#74,#75,#76,#77,#78,#79,#80,#81,#82,#83,#84,#85,#86,#87,#88,#89,#90,#91,#92,#93,#94,#95,#96,#97,#98,#99,#100,#101,#102,#103,#104,#105,#106,#107,#108,#109,#110,#111,#112,#113,#114,#115,#116,#117,#118,#119,#120,#121,#122,#123,#124,#125,#126,#127,#128,#129,#130,#131,#132,#133,#134,#135,#136,#137,#138,#139,#140,#141,#142,#143,#144,#145,#146,#147,#148,#149,#150,#151,#152,#153,#154,#155,#156,#157,#158,#159,#160,#161,#162,#163,#164,#165,#166,#167,#168,#169,#170,#171,#172,#173,#174,#175,#176,#177,#178,#179,#180,#181,#182,#183,#184,#185,#186,#187,#188,#189),#6);
#2=PRODUCT_DEFINITION_CONTEXT('',#190,'design');
#3=APPLICATION_PROTOCOL_DEFINITION('INTERNATIONAL STANDARD','automotive_design',1994,#190);
#4=PRODUCT_CATEGORY_RELATIONSHIP('NONE','NONE',#191,#192);
#5=SHAPE_DEFINITION_REPRESENTATION(#193,#194);
#6= (GEOMETRIC_REPRESENTATION_CONTEXT(3)GLOBAL_UNCERTAINTY_ASSIGNED_CONTEXT((#197))GLOBAL_UNIT_ASSIGNED_CONTEXT((#199,#200,#201))REPRESENTATION_CONTEXT('NONE','WORKSPACE'));
#10=STYLED_ITEM('',(#203),#204);
#11=STYLED_ITEM('',(#205),#206);
#12=STYLED_ITEM('',(#207),#208);
#13=STYLED_ITEM('',(#209),#210);
#14=STYLED_ITEM('',(#211),#212);
#15=STYLED_ITEM('',(#213),#214);
#16=STYLED_ITEM('',(#215),#216);
#17=STYLED_ITEM('',(#217),#218);
#18=STYLED_ITEM('',(#219),#220);
#19=STYLED_ITEM('',(#221),#222);
#20=STYLED_ITEM('',(#223),#224);
#21=STYLED_ITEM('',(#225),#226);
#22=STYLED_ITEM('',(#227),#228);
#23=STYLED_ITEM('',(#229),#230);
#24=STYLED_ITEM('',(#231),#232);
#25=STYLED_ITEM('',(#233),#234);
#26=STYLED_ITEM('',(#235),#236);
#27=STYLED_ITEM('',(#237),#238);
#28=STYLED_ITEM('',(#239),#240);
#29=STYLED_ITEM('',(#241),#242);
#30=STYLED_ITEM('',(#243),#244);
#31=STYLED_ITEM('',(#245),#246);
#32=STYLED_ITEM('',(#247),#248);
#33=STYLED_ITEM('',(#249),#250);
#34=STYLED_ITEM('',(#251),#252);
#35=STYLED_ITEM('',(#253),#254);
#36=STYLED_ITEM('',(#255),#256);
#37=STYLED_ITEM('',(#257),#258);
#38=STYLED_ITEM('',(#259),#260);
#39=STYLED_ITEM('',(#261),#262);
#40=STYLED_ITEM('',(#263),#264);
#41=STYLED_ITEM('',(#265),#266);
#42=STYLED_ITEM('',(#267),#268);
#43=STYLED_ITEM('',(#269),#270);
#44=STYLED_ITEM('',(#271),#272);
#45=STYLED_ITEM('',(#273),#274);
#46=STYLED_ITEM('',(#275),#276);
#47=STYLED_ITEM('',(#277),#278);
#48=STYLED_ITEM('',(#279),#280);
#49=STYLED_ITEM('',(#281),#282);
#50=STYLED_ITEM('',(#283),#284);
#51=STYLED_ITEM('',(#285),#286);
#52=STYLED_ITEM('',(#287),#288);
#53=STYLED_ITEM('',(#289),#290);
#54=STYLED_ITEM('',(#291),#292);
#55=STYLED_ITEM('',(#293),#294);
#56=STYLED_ITEM('',(#295),#296);
#57=STYLED_ITEM('',(#297),#298);
#58=STYLED_ITEM('',(#299),#300);
#59=STYLED_ITEM('',(#301),#302);
#60=STYLED_ITEM('',(#303),#304);
#61=STYLED_ITEM('',(#305),#306);
#62=STYLED_ITEM('',(#307),#308);
#63=STYLED_ITEM('',(#309),#310);
#64=STYLED_ITEM('',(#311),#312);
#65=STYLED_ITEM('',(#313),#314);
#66=STYLED_ITEM('',(#315),#316);
#67=STYLED_ITEM('',(#317),#318);
#68=STYLED_ITEM('',(#319),#320);
#69=STYLED_ITEM('',(#321),#322);
#70=STYLED_ITEM('',(#323),#324);
#71=STYLED_ITEM('',(#325),#326);
#72=STYLED_ITEM('',(#327),#328);
#73=STYLED_ITEM('',(#329),#330);
#74=STYLED_ITEM('',(#331),#332);
#75=STYLED_ITEM('',(#333),#334);
#76=STYLED_ITEM('',(#335),#336);
#77=STYLED_ITEM('',(#337),#338);
#78=STYLED_ITEM('',(#339),#340);
#79=STYLED_ITEM('',(#341),#342);
#80=STYLED_ITEM('',(#343),#344);
#81=STYLED_ITEM('',(#345),#346);
#82=STYLED_ITEM('',(#347),#348);
#83=STYLED_ITEM('',(#349),#350);
#84=STYLED_ITEM('',(#351),#352);
#85=STYLED_ITEM('',(#353),#354);
#86=STYLED_ITEM('',(#355),#356);
#87=STYLED_ITEM('',(#357),#358);
#88=STYLED_ITEM('',(#359),#360);
#89=STYLED_ITEM('',(#361),#362);
#90=STYLED_ITEM('',(#363),#364);
#91=STYLED_ITEM('',(#365),#366);
#92=STYLED_ITEM('',(#367),#368);
#93=STYLED_ITEM('',(#369),#370);
#94=STYLED_ITEM('',(#371),#372);
#95=STYLED_ITEM('',(#373),#374);
#96=STYLED_ITEM('',(#375),#376);
#97=STYLED_ITEM('',(#377),#378);
#98=STYLED_ITEM('',(#379),#380);
#99=STYLED_ITEM('',(#381),#382);
#100=STYLED_ITEM('',(#383),#384);
#101=STYLED_ITEM('',(#385),#386);
#102=STYLED_ITEM('',(#387),#388);
#103=STYLED_ITEM('',(#389),#390);
#104=STYLED_ITEM('',(#391),#392);
#105=STYLED_ITEM('',(#393),#394);
#106=STYLED_ITEM('',(#395),#396);
#107=STYLED_ITEM('',(#397),#398);
#108=STYLED_ITEM('',(#399),#400);
#109=STYLED_ITEM('',(#401),#402);
#110=STYLED_ITEM('',(#403),#404);
#111=STYLED_ITEM('',(#405),#406);
#112=STYLED_ITEM('',(#407),#408);
#113=STYLED_ITEM('',(#409),#410);
#114=STYLED_ITEM('',(#411),#412);
#115=STYLED_ITEM('',(#413),#414);
#116=STYLED_ITEM('',(#415),#416);
#117=STYLED_ITEM('',(#417),#418);
#118=STYLED_ITEM('',(#419),#420);
#119=STYLED_ITEM('',(#421),#422);
#120=STYLED_ITEM('',(#423),#424);
#121=STYLED_ITEM('',(#425),#426);
#122=STYLED_ITEM('',(#427),#428);
#123=STYLED_ITEM('',(#429),#430);
#124=STYLED_ITEM('',(#431),#432);
#125=STYLED_ITEM('',(#433),#434);
#126=STYLED_ITEM('',(#435),#436);
#127=STYLED_ITEM('',(#437),#438);
#128=STYLED_ITEM('',(#439),#440);
#129=STYLED_ITEM('',(#441),#442);
#130=STYLED_ITEM('',(#443),#444);
#131=STYLED_ITEM('',(#445),#446);
#132=STYLED_ITEM('',(#447),#448);
#133=STYLED_ITEM('',(#449),#450);
#134=STYLED_ITEM('',(#451),#452);
#135=STYLED_ITEM('',(#453),#454);
#136=STYLED_ITEM('',(#455),#456);
#137=STYLED_ITEM('',(#457),#458);
#138=STYLED_ITEM('',(#459),#460);
#139=STYLED_ITEM('',(#461),#462);
#140=STYLED_ITEM('',(#463),#464);
#141=STYLED_ITEM('',(#465),#466);
#142=STYLED_ITEM('',(#467),#468);
#143=STYLED_ITEM('',(#469),#470);
#144=STYLED_ITEM('',(#471),#472);
#145=STYLED_ITEM('',(#473),#474);
#146=STYLED_ITEM('',(#475),#476);
#147=STYLED_ITEM('',(#477),#478);
#148=STYLED_ITEM('',(#479),#480);
#149=STYLED_ITEM('',(#481),#482);
#150=STYLED_ITEM('',(#483),#484);
#151=STYLED_ITEM('',(#485),#486);
#152=STYLED_ITEM('',(#487),#488);
#153=STYLED_ITEM('',(#489),#490);
#154=STYLED_ITEM('',(#491),#492);
#155=STYLED_ITEM('',(#493),#494);
#156=STYLED_ITEM('',(#495),#496);
#157=STYLED_ITEM('',(#497),#498);
#158=STYLED_ITEM('',(#499),#500);
#159=STYLED_ITEM('',(#501),#502);
#160=STYLED_ITEM('',(#503),#504);
#161=STYLED_ITEM('',(#505),#506);
#162=STYLED_ITEM('',(#507),#508);
#163=STYLED_ITEM('',(#509),#510);
#164=STYLED_ITEM('',(#511),#512);
#165=STYLED_ITEM('',(#513),#514);
#166=STYLED_ITEM('',(#515),#516);
#167=STYLED_ITEM('',(#517),#518);
#168=STYLED_ITEM('',(#519),#520);
#169=STYLED_ITEM('',(#521),#522);
#170=STYLED_ITEM('',(#523),#524);
#171=STYLED_ITEM('',(#525),#526);
#172=STYLED_ITEM('',(#527),#528);
#173=STYLED_ITEM('',(#529),#530);
#174=STYLED_ITEM('',(#531),#532);
#175=STYLED_ITEM('',(#533),#534);
#176=STYLED_ITEM('',(#535),#536);
#177=STYLED_ITEM('',(#537),#538);
#178=STYLED_ITEM('',(#539),#540);
#179=STYLED_ITEM('',(#541),#542);
#180=STYLED_ITEM('',(#543),#544);
#181=STYLED_ITEM('',(#545),#546);
#182=STYLED_ITEM('',(#547),#548);
#183=STYLED_ITEM('',(#549),#550);
#184=STYLED_ITEM('',(#551),#552);
#185=STYLED_ITEM('',(#553),#554);
#186=STYLED_ITEM('',(#555),#556);
#187=STYLED_ITEM('',(#557),#558);
#188=STYLED_ITEM('',(#559),#560);
#189=STYLED_ITEM('',(#561),#562);
#190=APPLICATION_CONTEXT(' ');
#191=PRODUCT_CATEGORY('part','NONE');
#192=PRODUCT_RELATED_PRODUCT_CATEGORY('detail',' ',(#563));
#193=PRODUCT_DEFINITION_SHAPE('NONE','NONE',#564);
#194=ADVANCED_BREP_SHAPE_REPRESENTATION('1',(#565,#566),#6);
#197=UNCERTAINTY_MEASURE_WITH_UNIT(LENGTH_MEASURE(1.0E-006),#199,'','');
#199= (CONVERSION_BASED_UNIT('METRE',#569)LENGTH_UNIT()NAMED_UNIT(#572));
#200= (NAMED_UNIT(#574)PLANE_ANGLE_UNIT()SI_UNIT($,.RADIAN.));
#201= (NAMED_UNIT(#574)SOLID_ANGLE_UNIT()SI_UNIT($,.STERADIAN.));
#203=PRESENTATION_STYLE_ASSIGNMENT((#580));
#204=ADVANCED_FACE('',(#581),#582,.T.);
#205=PRESENTATION_STYLE_ASSIGNMENT((#583));
#206=ADVANCED_FACE('',(#584),#585,.T.);
#207=PRESENTATION_STYLE_ASSIGNMENT((#586));
#208=ADVANCED_FACE('',(#587),#588,.F.);
#209=PRESENTATION_STYLE_ASSIGNMENT((#589));
#210=ADVANCED_FACE('',(#590,#591),#592,.T.);
#211=PRESENTATION_STYLE_ASSIGNMENT((#593));
#212=ADVANCED_FACE('',(#594,#595),#596,.F.);
#213=PRESENTATION_STYLE_ASSIGNMENT((#597));
#214=ADVANCED_FACE('',(#598),#599,.T.);
#215=PRESENTATION_STYLE_ASSIGNMENT((#600));
#216=ADVANCED_FACE('',(#601,#602),#603,.F.);
#217=PRESENTATION_STYLE_ASSIGNMENT((#604));
#218=ADVANCED_FACE('',(#605,#606),#607,.T.);
#219=PRESENTATION_STYLE_ASSIGNMENT((#608));
#220=ADVANCED_FACE('',(#609),#610,.F.);
#221=PRESENTATION_STYLE_ASSIGNMENT((#611));
#222=ADVANCED_FACE('',(#612,#613),#614,.F.);
#223=PRESENTATION_STYLE_ASSIGNMENT((#615));
#224=ADVANCED_FACE('',(#616),#617,.T.);
#225=PRESENTATION_STYLE_ASSIGNMENT((#618));
#226=ADVANCED_FACE('',(#619,#620),#621,.F.);
#227=PRESENTATION_STYLE_ASSIGNMENT((#622));
#228=ADVANCED_FACE('',(#623),#624,.T.);
#229=PRESENTATION_STYLE_ASSIGNMENT((#625));
#230=ADVANCED_FACE('',(#626),#627,.F.);
#231=PRESENTATION_STYLE_ASSIGNMENT((#628));
#232=ADVANCED_FACE('',(#629),#630,.F.);
#233=PRESENTATION_STYLE_ASSIGNMENT((#631));
#234=ADVANCED_FACE('',(#632,#633),#634,.F.);
#235=PRESENTATION_STYLE_ASSIGNMENT((#635));
#236=ADVANCED_FACE('',(#636),#637,.T.);
#237=PRESENTATION_STYLE_ASSIGNMENT((#638));
#238=ADVANCED_FACE('',(#639,#640),#641,.F.);
#239=PRESENTATION_STYLE_ASSIGNMENT((#642));
#240=ADVANCED_FACE('',(#643),#644,.T.);
#241=PRESENTATION_STYLE_ASSIGNMENT((#645));
#242=ADVANCED_FACE('',(#646),#647,.F.);
#243=PRESENTATION_STYLE_ASSIGNMENT((#648));
#244=ADVANCED_FACE('',(#649,#650),#651,.F.);
#245=PRESENTATION_STYLE_ASSIGNMENT((#652));
#246=ADVANCED_FACE('',(#653,#654),#655,.F.);
#247=PRESENTATION_STYLE_ASSIGNMENT((#656));
#248=ADVANCED_FACE('',(#657,#658),#659,.F.);
#249=PRESENTATION_STYLE_ASSIGNMENT((#660));
#250=ADVANCED_FACE('',(#661),#662,.F.);
#251=PRESENTATION_STYLE_ASSIGNMENT((#663));
#252=ADVANCED_FACE('',(#664),#665,.T.);
#253=PRESENTATION_STYLE_ASSIGNMENT((#666));
#254=ADVANCED_FACE('',(#667),#668,.F.);
#255=PRESENTATION_STYLE_ASSIGNMENT((#669));
#256=ADVANCED_FACE('',(#670,#671),#672,.F.);
#257=PRESENTATION_STYLE_ASSIGNMENT((#673));
#258=ADVANCED_FACE('',(#674),#675,.F.);
#259=PRESENTATION_STYLE_ASSIGNMENT((#676));
#260=ADVANCED_FACE('',(#677,#678),#679,.F.);
#261=PRESENTATION_STYLE_ASSIGNMENT((#680));
#262=ADVANCED_FACE('',(#681),#682,.T.);
#263=PRESENTATION_STYLE_ASSIGNMENT((#683));
#264=ADVANCED_FACE('',(#684),#685,.T.);
#265=PRESENTATION_STYLE_ASSIGNMENT((#686));
#266=ADVANCED_FACE('',(#687),#688,.F.);
#267=PRESENTATION_STYLE_ASSIGNMENT((#689));
#268=ADVANCED_FACE('',(#690),#691,.T.);
#269=PRESENTATION_STYLE_ASSIGNMENT((#692));
#270=ADVANCED_FACE('',(#693,#694),#695,.F.);
#271=PRESENTATION_STYLE_ASSIGNMENT((#696));
#272=ADVANCED_FACE('',(#697),#698,.T.);
#273=PRESENTATION_STYLE_ASSIGNMENT((#699));
#274=ADVANCED_FACE('',(#700,#701),#702,.F.);
#275=PRESENTATION_STYLE_ASSIGNMENT((#703));
#276=ADVANCED_FACE('',(#704),#705,.F.);
#277=PRESENTATION_STYLE_ASSIGNMENT((#706));
#278=ADVANCED_FACE('',(#707,#708),#709,.F.);
#279=PRESENTATION_STYLE_ASSIGNMENT((#710));
#280=ADVANCED_FACE('',(#711),#712,.F.);
#281=PRESENTATION_STYLE_ASSIGNMENT((#713));
#282=ADVANCED_FACE('',(#714),#715,.T.);
#283=PRESENTATION_STYLE_ASSIGNMENT((#716));
#284=ADVANCED_FACE('',(#717),#718,.T.);
#285=PRESENTATION_STYLE_ASSIGNMENT((#719));
#286=ADVANCED_FACE('',(#720),#721,.F.);
#287=PRESENTATION_STYLE_ASSIGNMENT((#722));
#288=ADVANCED_FACE('',(#723,#724,#725,#726,#727,#728,#729,#730,#731,#732,#733,#734,#735,#736,#737,#738,#739,#740,#741,#742,#743,#744,#745,#746,#747,#748,#749,#750,#751,#752),#753,.F.);
#289=PRESENTATION_STYLE_ASSIGNMENT((#754));
#290=ADVANCED_FACE('',(#755),#756,.F.);
#291=PRESENTATION_STYLE_ASSIGNMENT((#757));
#292=ADVANCED_FACE('',(#758),#759,.T.);
#293=PRESENTATION_STYLE_ASSIGNMENT((#760));
#294=ADVANCED_FACE('',(#761,#762),#763,.F.);
#295=PRESENTATION_STYLE_ASSIGNMENT((#764));
#296=ADVANCED_FACE('',(#765),#766,.F.);
#297=PRESENTATION_STYLE_ASSIGNMENT((#767));
#298=ADVANCED_FACE('',(#768,#769),#770,.F.);
#299=PRESENTATION_STYLE_ASSIGNMENT((#771));
#300=ADVANCED_FACE('',(#772),#773,.F.);
#301=PRESENTATION_STYLE_ASSIGNMENT((#774));
#302=ADVANCED_FACE('',(#775),#776,.T.);
#303=PRESENTATION_STYLE_ASSIGNMENT((#777));
#304=ADVANCED_FACE('',(#778),#779,.F.);
#305=PRESENTATION_STYLE_ASSIGNMENT((#780));
#306=ADVANCED_FACE('',(#781,#782),#783,.F.);
#307=PRESENTATION_STYLE_ASSIGNMENT((#784));
#308=ADVANCED_FACE('',(#785),#786,.F.);
#309=PRESENTATION_STYLE_ASSIGNMENT((#787));
#310=ADVANCED_FACE('',(#788),#789,.T.);
#311=PRESENTATION_STYLE_ASSIGNMENT((#790));
#312=ADVANCED_FACE('',(#791,#792),#793,.F.);
#313=PRESENTATION_STYLE_ASSIGNMENT((#794));
#314=ADVANCED_FACE('',(#795,#796),#797,.F.);
#315=PRESENTATION_STYLE_ASSIGNMENT((#798));
#316=ADVANCED_FACE('',(#799,#800),#801,.T.);
#317=PRESENTATION_STYLE_ASSIGNMENT((#802));
#318=ADVANCED_FACE('',(#803,#804),#805,.F.);
#319=PRESENTATION_STYLE_ASSIGNMENT((#806));
#320=ADVANCED_FACE('',(#807),#808,.T.);
#321=PRESENTATION_STYLE_ASSIGNMENT((#809));
#322=ADVANCED_FACE('',(#810),#811,.T.);
#323=PRESENTATION_STYLE_ASSIGNMENT((#812));
#324=ADVANCED_FACE('',(#813,#814),#815,.F.);
#325=PRESENTATION_STYLE_ASSIGNMENT((#816));
#326=ADVANCED_FACE('',(#817),#818,.T.);
#327=PRESENTATION_STYLE_ASSIGNMENT((#819));
#328=ADVANCED_FACE('',(#820),#821,.F.);
#329=PRESENTATION_STYLE_ASSIGNMENT((#822));
#330=ADVANCED_FACE('',(#823,#824),#825,.F.);
#331=PRESENTATION_STYLE_ASSIGNMENT((#826));
#332=ADVANCED_FACE('',(#827),#828,.T.);
#333=PRESENTATION_STYLE_ASSIGNMENT((#829));
#334=ADVANCED_FACE('',(#830,#831),#832,.T.);
#335=PRESENTATION_STYLE_ASSIGNMENT((#833));
#336=ADVANCED_FACE('',(#834),#835,.F.);
#337=PRESENTATION_STYLE_ASSIGNMENT((#836));
#338=ADVANCED_FACE('',(#837),#838,.T.);
#339=PRESENTATION_STYLE_ASSIGNMENT((#839));
#340=ADVANCED_FACE('',(#840),#841,.T.);
#341=PRESENTATION_STYLE_ASSIGNMENT((#842));
#342=ADVANCED_FACE('',(#843),#844,.T.);
#343=PRESENTATION_STYLE_ASSIGNMENT((#845));
#344=ADVANCED_FACE('',(#846),#847,.T.);
#345=PRESENTATION_STYLE_ASSIGNMENT((#848));
#346=ADVANCED_FACE('',(#849,#850),#851,.F.);
#347=PRESENTATION_STYLE_ASSIGNMENT((#852));
#348=ADVANCED_FACE('',(#853),#854,.F.);
#349=PRESENTATION_STYLE_ASSIGNMENT((#855));
#350=ADVANCED_FACE('',(#856,#857),#858,.F.);
#351=PRESENTATION_STYLE_ASSIGNMENT((#859));
#352=ADVANCED_FACE('',(#860),#861,.T.);
#353=PRESENTATION_STYLE_ASSIGNMENT((#862));
#354=ADVANCED_FACE('',(#863,#864),#865,.T.);
#355=PRESENTATION_STYLE_ASSIGNMENT((#866));
#356=ADVANCED_FACE('',(#867,#868),#869,.T.);
#357=PRESENTATION_STYLE_ASSIGNMENT((#870));
#358=ADVANCED_FACE('',(#871,#872),#873,.F.);
#359=PRESENTATION_STYLE_ASSIGNMENT((#874));
#360=ADVANCED_FACE('',(#875),#876,.T.);
#361=PRESENTATION_STYLE_ASSIGNMENT((#877));
#362=ADVANCED_FACE('',(#878),#879,.T.);
#363=PRESENTATION_STYLE_ASSIGNMENT((#880));
#364=ADVANCED_FACE('',(#881),#882,.F.);
#365=PRESENTATION_STYLE_ASSIGNMENT((#883));
#366=ADVANCED_FACE('',(#884,#885),#886,.F.);
#367=PRESENTATION_STYLE_ASSIGNMENT((#887));
#368=ADVANCED_FACE('',(#888),#889,.T.);
#369=PRESENTATION_STYLE_ASSIGNMENT((#890));
#370=ADVANCED_FACE('',(#891,#892),#893,.T.);
#371=PRESENTATION_STYLE_ASSIGNMENT((#894));
#372=ADVANCED_FACE('',(#895),#896,.T.);
#373=PRESENTATION_STYLE_ASSIGNMENT((#897));
#374=ADVANCED_FACE('',(#898,#899),#900,.F.);
#375=PRESENTATION_STYLE_ASSIGNMENT((#901));
#376=ADVANCED_FACE('',(#902),#903,.F.);
#377=PRESENTATION_STYLE_ASSIGNMENT((#904));
#378=ADVANCED_FACE('',(#905),#906,.T.);
#379=PRESENTATION_STYLE_ASSIGNMENT((#907));
#380=ADVANCED_FACE('',(#908),#909,.T.);
#381=PRESENTATION_STYLE_ASSIGNMENT((#910));
#382=ADVANCED_FACE('',(#911,#912,#913),#914,.T.);
#383=PRESENTATION_STYLE_ASSIGNMENT((#915));
#384=ADVANCED_FACE('',(#916,#917),#918,.T.);
#385=PRESENTATION_STYLE_ASSIGNMENT((#919));
#386=ADVANCED_FACE('',(#920,#921),#922,.F.);
#387=PRESENTATION_STYLE_ASSIGNMENT((#923));
#388=ADVANCED_FACE('',(#924),#925,.F.);
#389=PRESENTATION_STYLE_ASSIGNMENT((#926));
#390=ADVANCED_FACE('',(#927,#928,#929),#930,.F.);
#391=PRESENTATION_STYLE_ASSIGNMENT((#931));
#392=ADVANCED_FACE('',(#932,#933),#934,.T.);
#393=PRESENTATION_STYLE_ASSIGNMENT((#935));
#394=ADVANCED_FACE('',(#936),#937,.T.);
#395=PRESENTATION_STYLE_ASSIGNMENT((#938));
#396=ADVANCED_FACE('',(#939),#940,.T.);
#397=PRESENTATION_STYLE_ASSIGNMENT((#941));
#398=ADVANCED_FACE('',(#942,#943),#944,.F.);
#399=PRESENTATION_STYLE_ASSIGNMENT((#945));
#400=ADVANCED_FACE('',(#946,#947,#948),#949,.T.);
#401=PRESENTATION_STYLE_ASSIGNMENT((#950));
#402=ADVANCED_FACE('',(#951,#952,#953),#954,.F.);
#403=PRESENTATION_STYLE_ASSIGNMENT((#955));
#404=ADVANCED_FACE('',(#956,#957),#958,.F.);
#405=PRESENTATION_STYLE_ASSIGNMENT((#959));
#406=ADVANCED_FACE('',(#960),#961,.T.);
#407=PRESENTATION_STYLE_ASSIGNMENT((#962));
#408=ADVANCED_FACE('',(#963,#964),#965,.F.);
#409=PRESENTATION_STYLE_ASSIGNMENT((#966));
#410=ADVANCED_FACE('',(#967),#968,.T.);
#411=PRESENTATION_STYLE_ASSIGNMENT((#969));
#412=ADVANCED_FACE('',(#970),#971,.F.);
#413=PRESENTATION_STYLE_ASSIGNMENT((#972));
#414=ADVANCED_FACE('',(#973),#974,.T.);
#415=PRESENTATION_STYLE_ASSIGNMENT((#975));
#416=ADVANCED_FACE('',(#976),#977,.F.);
#417=PRESENTATION_STYLE_ASSIGNMENT((#978));
#418=ADVANCED_FACE('',(#979),#980,.F.);
#419=PRESENTATION_STYLE_ASSIGNMENT((#981));
#420=ADVANCED_FACE('',(#982),#983,.T.);
#421=PRESENTATION_STYLE_ASSIGNMENT((#984));
#422=ADVANCED_FACE('',(#985),#986,.T.);
#423=PRESENTATION_STYLE_ASSIGNMENT((#987));
#424=ADVANCED_FACE('',(#988),#989,.T.);
#425=PRESENTATION_STYLE_ASSIGNMENT((#990));
#426=ADVANCED_FACE('',(#991),#992,.T.);
#427=PRESENTATION_STYLE_ASSIGNMENT((#993));
#428=ADVANCED_FACE('',(#994,#995),#996,.F.);
#429=PRESENTATION_STYLE_ASSIGNMENT((#997));
#430=ADVANCED_FACE('',(#998,#999),#1000,.F.);
#431=PRESENTATION_STYLE_ASSIGNMENT((#1001));
#432=ADVANCED_FACE('',(#1002,#1003),#1004,.T.);
#433=PRESENTATION_STYLE_ASSIGNMENT((#1005));
#434=ADVANCED_FACE('',(#1006),#1007,.F.);
#435=PRESENTATION_STYLE_ASSIGNMENT((#1008));
#436=ADVANCED_FACE('',(#1009),#1010,.T.);
#437=PRESENTATION_STYLE_ASSIGNMENT((#1011));
#438=ADVANCED_FACE('',(#1012,#1013),#1014,.F.);
#439=PRESENTATION_STYLE_ASSIGNMENT((#1015));
#440=ADVANCED_FACE('',(#1016),#1017,.F.);
#441=PRESENTATION_STYLE_ASSIGNMENT((#1018));
#442=ADVANCED_FACE('',(#1019),#1020,.T.);
#443=PRESENTATION_STYLE_ASSIGNMENT((#1021));
#444=ADVANCED_FACE('',(#1022),#1023,.T.);
#445=PRESENTATION_STYLE_ASSIGNMENT((#1024));
#446=ADVANCED_FACE('',(#1025),#1026,.T.);
#447=PRESENTATION_STYLE_ASSIGNMENT((#1027));
#448=ADVANCED_FACE('',(#1028,#1029),#1030,.F.);
#449=PRESENTATION_STYLE_ASSIGNMENT((#1031));
#450=ADVANCED_FACE('',(#1032,#1033),#1034,.F.);
#451=PRESENTATION_STYLE_ASSIGNMENT((#1035));
#452=ADVANCED_FACE('',(#1036),#1037,.T.);
#453=PRESENTATION_STYLE_ASSIGNMENT((#1038));
#454=ADVANCED_FACE('',(#1039,#1040),#1041,.F.);
#455=PRESENTATION_STYLE_ASSIGNMENT((#1042));
#456=ADVANCED_FACE('',(#1043),#1044,.T.);
#457=PRESENTATION_STYLE_ASSIGNMENT((#1045));
#458=ADVANCED_FACE('',(#1046),#1047,.T.);
#459=PRESENTATION_STYLE_ASSIGNMENT((#1048));
#460=ADVANCED_FACE('',(#1049),#1050,.T.);
#461=PRESENTATION_STYLE_ASSIGNMENT((#1051));
#462=ADVANCED_FACE('',(#1052),#1053,.T.);
#463=PRESENTATION_STYLE_ASSIGNMENT((#1054));
#464=ADVANCED_FACE('',(#1055),#1056,.F.);
#465=PRESENTATION_STYLE_ASSIGNMENT((#1057));
#466=ADVANCED_FACE('',(#1058),#1059,.F.);
#467=PRESENTATION_STYLE_ASSIGNMENT((#1060));
#468=ADVANCED_FACE('',(#1061),#1062,.F.);
#469=PRESENTATION_STYLE_ASSIGNMENT((#1063));
#470=ADVANCED_FACE('',(#1064,#1065),#1066,.F.);
#471=PRESENTATION_STYLE_ASSIGNMENT((#1067));
#472=ADVANCED_FACE('',(#1068),#1069,.F.);
#473=PRESENTATION_STYLE_ASSIGNMENT((#1070));
#474=ADVANCED_FACE('',(#1071),#1072,.T.);
#475=PRESENTATION_STYLE_ASSIGNMENT((#1073));
#476=ADVANCED_FACE('',(#1074),#1075,.F.);
#477=PRESENTATION_STYLE_ASSIGNMENT((#1076));
#478=ADVANCED_FACE('',(#1077,#1078),#1079,.F.);
#479=PRESENTATION_STYLE_ASSIGNMENT((#1080));
#480=ADVANCED_FACE('',(#1081),#1082,.T.);
#481=PRESENTATION_STYLE_ASSIGNMENT((#1083));
#482=ADVANCED_FACE('',(#1084),#1085,.F.);
#483=PRESENTATION_STYLE_ASSIGNMENT((#1086));
#484=ADVANCED_FACE('',(#1087),#1088,.T.);
#485=PRESENTATION_STYLE_ASSIGNMENT((#1089));
#486=ADVANCED_FACE('',(#1090),#1091,.T.);
#487=PRESENTATION_STYLE_ASSIGNMENT((#1092));
#488=ADVANCED_FACE('',(#1093),#1094,.T.);
#489=PRESENTATION_STYLE_ASSIGNMENT((#1095));
#490=ADVANCED_FACE('',(#1096),#1097,.F.);
#491=PRESENTATION_STYLE_ASSIGNMENT((#1098));
#492=ADVANCED_FACE('',(#1099),#1100,.T.);
#493=PRESENTATION_STYLE_ASSIGNMENT((#1101));
#494=ADVANCED_FACE('',(#1102),#1103,.F.);
#495=PRESENTATION_STYLE_ASSIGNMENT((#1104));
#496=ADVANCED_FACE('',(#1105),#1106,.T.);
#497=PRESENTATION_STYLE_ASSIGNMENT((#1107));
#498=ADVANCED_FACE('',(#1108),#1109,.T.);
#499=PRESENTATION_STYLE_ASSIGNMENT((#1110));
#500=ADVANCED_FACE('',(#1111),#1112,.F.);
#501=PRESENTATION_STYLE_ASSIGNMENT((#1113));
#502=ADVANCED_FACE('',(#1114,#1115),#1116,.F.);
#503=PRESENTATION_STYLE_ASSIGNMENT((#1117));
#504=ADVANCED_FACE('',(#1118,#1119),#1120,.F.);
#505=PRESENTATION_STYLE_ASSIGNMENT((#1121));
#506=ADVANCED_FACE('',(#1122,#1123),#1124,.F.);
#507=PRESENTATION_STYLE_ASSIGNMENT((#1125));
#508=ADVANCED_FACE('',(#1126,#1127),#1128,.F.);
#509=PRESENTATION_STYLE_ASSIGNMENT((#1129));
#510=ADVANCED_FACE('',(#1130),#1131,.T.);
#511=PRESENTATION_STYLE_ASSIGNMENT((#1132));
#512=ADVANCED_FACE('',(#1133,#1134,#1135,#1136,#1137,#1138,#1139,#1140,#1141,#1142,#1143,#1144,#1145,#1146,#1147,#1148,#1149,#1150,#1151,#1152,#1153,#1154,#1155,#1156,#1157,#1158,#1159,#1160,#1161,#1162),#1163,.T.);
#513=PRESENTATION_STYLE_ASSIGNMENT((#1164));
#514=ADVANCED_FACE('',(#1165),#1166,.T.);
#515=PRESENTATION_STYLE_ASSIGNMENT((#1167));
#516=ADVANCED_FACE('',(#1168,#1169),#1170,.F.);
#517=PRESENTATION_STYLE_ASSIGNMENT((#1171));
#518=ADVANCED_FACE('',(#1172,#1173),#1174,.F.);
#519=PRESENTATION_STYLE_ASSIGNMENT((#1175));
#520=ADVANCED_FACE('',(#1176,#1177),#1178,.F.);
#521=PRESENTATION_STYLE_ASSIGNMENT((#1179));
#522=ADVANCED_FACE('',(#1180),#1181,.T.);
#523=PRESENTATION_STYLE_ASSIGNMENT((#1182));
#524=ADVANCED_FACE('',(#1183,#1184),#1185,.F.);
#525=PRESENTATION_STYLE_ASSIGNMENT((#1186));
#526=ADVANCED_FACE('',(#1187),#1188,.T.);
#527=PRESENTATION_STYLE_ASSIGNMENT((#1189));
#528=ADVANCED_FACE('',(#1190,#1191),#1192,.F.);
#529=PRESENTATION_STYLE_ASSIGNMENT((#1193));
#530=ADVANCED_FACE('',(#1194),#1195,.T.);
#531=PRESENTATION_STYLE_ASSIGNMENT((#1196));
#532=ADVANCED_FACE('',(#1197),#1198,.F.);
#533=PRESENTATION_STYLE_ASSIGNMENT((#1199));
#534=ADVANCED_FACE('',(#1200,#1201),#1202,.F.);
#535=PRESENTATION_STYLE_ASSIGNMENT((#1203));
#536=ADVANCED_FACE('',(#1204),#1205,.F.);
#537=PRESENTATION_STYLE_ASSIGNMENT((#1206));
#538=ADVANCED_FACE('',(#1207),#1208,.F.);
#539=PRESENTATION_STYLE_ASSIGNMENT((#1209));
#540=ADVANCED_FACE('',(#1210),#1211,.T.);
#541=PRESENTATION_STYLE_ASSIGNMENT((#1212));
#542=ADVANCED_FACE('',(#1213),#1214,.F.);
#543=PRESENTATION_STYLE_ASSIGNMENT((#1215));
#544=ADVANCED_FACE('',(#1216),#1217,.F.);
#545=PRESENTATION_STYLE_ASSIGNMENT((#1218));
#546=ADVANCED_FACE('',(#1219,#1220),#1221,.F.);
#547=PRESENTATION_STYLE_ASSIGNMENT((#1222));
#548=ADVANCED_FACE('',(#1223),#1224,.F.);
#549=PRESENTATION_STYLE_ASSIGNMENT((#1225));
#550=ADVANCED_FACE('',(#1226,#1227),#1228,.F.);
#551=PRESENTATION_STYLE_ASSIGNMENT((#1229));
#552=ADVANCED_FACE('',(#1230,#1231),#1232,.F.);
#553=PRESENTATION_STYLE_ASSIGNMENT((#1233));
#554=ADVANCED_FACE('',(#1234),#1235,.F.);
#555=PRESENTATION_STYLE_ASSIGNMENT((#1236));
#556=ADVANCED_FACE('',(#1237),#1238,.F.);
#557=PRESENTATION_STYLE_ASSIGNMENT((#1239));
#558=ADVANCED_FACE('',(#1240),#1241,.F.);
#559=PRESENTATION_STYLE_ASSIGNMENT((#1242));
#560=ADVANCED_FACE('',(#1243),#1244,.F.);
#561=PRESENTATION_STYLE_ASSIGNMENT((#1245));
#562=ADVANCED_FACE('',(#1246),#1247,.F.);
#563=PRODUCT('1','1','PART-1-DESC',(#1248));
#564=PRODUCT_DEFINITION('NONE','NONE',#1249,#2);
#565=MANIFOLD_SOLID_BREP('1',#1250);
#566=AXIS2_PLACEMENT_3D('',#1251,#1252,#1253);
#569=LENGTH_MEASURE_WITH_UNIT(LENGTH_MEASURE(1.0),#1254);
#572=DIMENSIONAL_EXPONENTS(1.0,0.0,0.0,0.0,0.0,0.0,0.0);
#574=DIMENSIONAL_EXPONENTS(0.0,0.0,0.0,0.0,0.0,0.0,0.0);
#580=SURFACE_STYLE_USAGE(.BOTH.,#1255);
#581=FACE_OUTER_BOUND('',#1256,.T.);
#582=PLANE('',#1257);
#583=SURFACE_STYLE_USAGE(.BOTH.,#1258);
#584=FACE_OUTER_BOUND('',#1259,.T.);
#585=PLANE('',#1260);
#586=SURFACE_STYLE_USAGE(.BOTH.,#1261);
#587=FACE_OUTER_BOUND('',#1262,.T.);
#588=PLANE('',#1263);
#589=SURFACE_STYLE_USAGE(.BOTH.,#1264);
#590=FACE_OUTER_BOUND('',#1265,.T.);
#591=FACE_BOUND('',#1266,.T.);
#592=CONICAL_SURFACE('',#1267,0.00275000035789036,0.785398163397392);
#593=SURFACE_STYLE_USAGE(.BOTH.,#1268);
#594=FACE_OUTER_BOUND('',#1269,.T.);
#595=FACE_BOUND('',#1270,.T.);
#596=PLANE('',#1271);
#597=SURFACE_STYLE_USAGE(.BOTH.,#1272);
#598=FACE_OUTER_BOUND('',#1273,.T.);
#599=PLANE('',#1274);
#600=SURFACE_STYLE_USAGE(.BOTH.,#1275);
#601=FACE_OUTER_BOUND('',#1276,.T.);
#602=FACE_OUTER_BOUND('',#1277,.T.);
#603=CYLINDRICAL_SURFACE('',#1278,0.00125);
#604=SURFACE_STYLE_USAGE(.BOTH.,#1279);
#605=FACE_OUTER_BOUND('',#1280,.T.);
#606=FACE_BOUND('',#1281,.T.);
#607=CONICAL_SURFACE('',#1282,0.00275000003633399,0.785398163397461);
#608=SURFACE_STYLE_USAGE(.BOTH.,#1283);
#609=FACE_OUTER_BOUND('',#1284,.T.);
#610=PLANE('',#1285);
#611=SURFACE_STYLE_USAGE(.BOTH.,#1286);
#612=FACE_OUTER_BOUND('',#1287,.T.);
#613=FACE_OUTER_BOUND('',#1288,.T.);
#614=CYLINDRICAL_SURFACE('',#1289,0.0015);
#615=SURFACE_STYLE_USAGE(.BOTH.,#1290);
#616=FACE_OUTER_BOUND('',#1291,.T.);
#617=PLANE('',#1292);
#618=SURFACE_STYLE_USAGE(.BOTH.,#1293);
#619=FACE_OUTER_BOUND('',#1294,.T.);
#620=FACE_OUTER_BOUND('',#1295,.T.);
#621=CYLINDRICAL_SURFACE('',#1296,0.00125);
#622=SURFACE_STYLE_USAGE(.BOTH.,#1297);
#623=FACE_OUTER_BOUND('',#1298,.T.);
#624=PLANE('',#1299);
#625=SURFACE_STYLE_USAGE(.BOTH.,#1300);
#626=FACE_OUTER_BOUND('',#1301,.T.);
#627=PLANE('',#1302);
#628=SURFACE_STYLE_USAGE(.BOTH.,#1303);
#629=FACE_OUTER_BOUND('',#1304,.T.);
#630=CYLINDRICAL_SURFACE('',#1305,0.00120000000000001);
#631=SURFACE_STYLE_USAGE(.BOTH.,#1306);
#632=FACE_OUTER_BOUND('',#1307,.T.);
#633=FACE_OUTER_BOUND('',#1308,.T.);
#634=CYLINDRICAL_SURFACE('',#1309,0.00125);
#635=SURFACE_STYLE_USAGE(.BOTH.,#1310);
#636=FACE_OUTER_BOUND('',#1311,.T.);
#637=CYLINDRICAL_SURFACE('',#1312,0.002);
#638=SURFACE_STYLE_USAGE(.BOTH.,#1313);
#639=FACE_OUTER_BOUND('',#1314,.T.);
#640=FACE_OUTER_BOUND('',#1315,.T.);
#641=CYLINDRICAL_SURFACE('',#1316,0.00125);
#642=SURFACE_STYLE_USAGE(.BOTH.,#1317);
#643=FACE_OUTER_BOUND('',#1318,.T.);
#644=PLANE('',#1319);
#645=SURFACE_STYLE_USAGE(.BOTH.,#1320);
#646=FACE_OUTER_BOUND('',#1321,.T.);
#647=PLANE('',#1322);
#648=SURFACE_STYLE_USAGE(.BOTH.,#1323);
#649=FACE_OUTER_BOUND('',#1324,.T.);
#650=FACE_BOUND('',#1325,.T.);
#651=CONICAL_SURFACE('',#1326,0.00125,0.785398163397447);
#652=SURFACE_STYLE_USAGE(.BOTH.,#1327);
#653=FACE_OUTER_BOUND('',#1328,.T.);
#654=FACE_BOUND('',#1329,.T.);
#655=CONICAL_SURFACE('',#1330,0.00125,0.785398163397447);
#656=SURFACE_STYLE_USAGE(.BOTH.,#1331);
#657=FACE_OUTER_BOUND('',#1332,.T.);
#658=FACE_BOUND('',#1333,.T.);
#659=CONICAL_SURFACE('',#1334,0.00125,0.785398163397447);
#660=SURFACE_STYLE_USAGE(.BOTH.,#1335);
#661=FACE_OUTER_BOUND('',#1336,.T.);
#662=CYLINDRICAL_SURFACE('',#1337,0.00120000000000001);
#663=SURFACE_STYLE_USAGE(.BOTH.,#1338);
#664=FACE_OUTER_BOUND('',#1339,.T.);
#665=PLANE('',#1340);
#666=SURFACE_STYLE_USAGE(.BOTH.,#1341);
#667=FACE_OUTER_BOUND('',#1342,.T.);
#668=CYLINDRICAL_SURFACE('',#1343,0.0005);
#669=SURFACE_STYLE_USAGE(.BOTH.,#1344);
#670=FACE_OUTER_BOUND('',#1345,.T.);
#671=FACE_OUTER_BOUND('',#1346,.T.);
#672=CYLINDRICAL_SURFACE('',#1347,0.0015);
#673=SURFACE_STYLE_USAGE(.BOTH.,#1348);
#674=FACE_OUTER_BOUND('',#1349,.T.);
#675=PLANE('',#1350);
#676=SURFACE_STYLE_USAGE(.BOTH.,#1351);
#677=FACE_OUTER_BOUND('',#1352,.T.);
#678=FACE_BOUND('',#1353,.T.);
#679=PLANE('',#1354);
#680=SURFACE_STYLE_USAGE(.BOTH.,#1355);
#681=FACE_OUTER_BOUND('',#1356,.T.);
#682=PLANE('',#1357);
#683=SURFACE_STYLE_USAGE(.BOTH.,#1358);
#684=FACE_OUTER_BOUND('',#1359,.T.);
#685=CYLINDRICAL_SURFACE('',#1360,0.004);
#686=SURFACE_STYLE_USAGE(.BOTH.,#1361);
#687=FACE_OUTER_BOUND('',#1362,.T.);
#688=PLANE('',#1363);
#689=SURFACE_STYLE_USAGE(.BOTH.,#1364);
#690=FACE_OUTER_BOUND('',#1365,.T.);
#691=CYLINDRICAL_SURFACE('',#1366,0.002);
#692=SURFACE_STYLE_USAGE(.BOTH.,#1367);
#693=FACE_OUTER_BOUND('',#1368,.T.);
#694=FACE_BOUND('',#1369,.T.);
#695=CONICAL_SURFACE('',#1370,0.00125,0.785398163397447);
#696=SURFACE_STYLE_USAGE(.BOTH.,#1371);
#697=FACE_OUTER_BOUND('',#1372,.T.);
#698=PLANE('',#1373);
#699=SURFACE_STYLE_USAGE(.BOTH.,#1374);
#700=FACE_OUTER_BOUND('',#1375,.T.);
#701=FACE_OUTER_BOUND('',#1376,.T.);
#702=CYLINDRICAL_SURFACE('',#1377,0.002);
#703=SURFACE_STYLE_USAGE(.BOTH.,#1378);
#704=FACE_OUTER_BOUND('',#1379,.T.);
#705=PLANE('',#1380);
#706=SURFACE_STYLE_USAGE(.BOTH.,#1381);
#707=FACE_OUTER_BOUND('',#1382,.T.);
#708=FACE_OUTER_BOUND('',#1383,.T.);
#709=CYLINDRICAL_SURFACE('',#1384,0.0015);
#710=SURFACE_STYLE_USAGE(.BOTH.,#1385);
#711=FACE_OUTER_BOUND('',#1386,.T.);
#712=PLANE('',#1387);
#713=SURFACE_STYLE_USAGE(.BOTH.,#1388);
#714=FACE_OUTER_BOUND('',#1389,.T.);
#715=PLANE('',#1390);
#716=SURFACE_STYLE_USAGE(.BOTH.,#1391);
#717=FACE_OUTER_BOUND('',#1392,.T.);
#718=PLANE('',#1393);
#719=SURFACE_STYLE_USAGE(.BOTH.,#1394);
#720=FACE_OUTER_BOUND('',#1395,.T.);
#721=PLANE('',#1396);
#722=SURFACE_STYLE_USAGE(.BOTH.,#1397);
#723=FACE_OUTER_BOUND('',#1398,.T.);
#724=FACE_BOUND('',#1399,.T.);
#725=FACE_BOUND('',#1400,.T.);
#726=FACE_BOUND('',#1401,.T.);
#727=FACE_BOUND('',#1402,.T.);
#728=FACE_BOUND('',#1403,.T.);
#729=FACE_BOUND('',#1404,.T.);
#730=FACE_BOUND('',#1405,.T.);
#731=FACE_BOUND('',#1406,.T.);
#732=FACE_BOUND('',#1407,.T.);
#733=FACE_BOUND('',#1408,.T.);
#734=FACE_BOUND('',#1409,.T.);
#735=FACE_BOUND('',#1410,.T.);
#736=FACE_BOUND('',#1411,.T.);
#737=FACE_BOUND('',#1412,.T.);
#738=FACE_BOUND('',#1413,.T.);
#739=FACE_BOUND('',#1414,.T.);
#740=FACE_BOUND('',#1415,.T.);
#741=FACE_BOUND('',#1416,.T.);
#742=FACE_BOUND('',#1417,.T.);
#743=FACE_BOUND('',#1418,.T.);
#744=FACE_BOUND('',#1419,.T.);
#745=FACE_BOUND('',#1420,.T.);
#746=FACE_BOUND('',#1421,.T.);
#747=FACE_BOUND('',#1422,.T.);
#748=FACE_BOUND('',#1423,.T.);
#749=FACE_BOUND('',#1424,.T.);
#750=FACE_BOUND('',#1425,.T.);
#751=FACE_BOUND('',#1426,.T.);
#752=FACE_BOUND('',#1427,.T.);
#753=PLANE('',#1428);
#754=SURFACE_STYLE_USAGE(.BOTH.,#1429);
#755=FACE_OUTER_BOUND('',#1430,.T.);
#756=PLANE('',#1431);
#757=SURFACE_STYLE_USAGE(.BOTH.,#1432);
#758=FACE_OUTER_BOUND('',#1433,.T.);
#759=PLANE('',#1434);
#760=SURFACE_STYLE_USAGE(.BOTH.,#1435);
#761=FACE_OUTER_BOUND('',#1436,.T.);
#762=FACE_BOUND('',#1437,.T.);
#763=PLANE('',#1438);
#764=SURFACE_STYLE_USAGE(.BOTH.,#1439);
#765=FACE_OUTER_BOUND('',#1440,.T.);
#766=PLANE('',#1441);
#767=SURFACE_STYLE_USAGE(.BOTH.,#1442);
#768=FACE_OUTER_BOUND('',#1443,.T.);
#769=FACE_BOUND('',#1444,.T.);
#770=CONICAL_SURFACE('',#1445,0.00125,0.785398163397447);
#771=SURFACE_STYLE_USAGE(.BOTH.,#1446);
#772=FACE_OUTER_BOUND('',#1447,.T.);
#773=PLANE('',#1448);
#774=SURFACE_STYLE_USAGE(.BOTH.,#1449);
#775=FACE_OUTER_BOUND('',#1450,.T.);
#776=PLANE('',#1451);
#777=SURFACE_STYLE_USAGE(.BOTH.,#1452);
#778=FACE_OUTER_BOUND('',#1453,.T.);
#779=PLANE('',#1454);
#780=SURFACE_STYLE_USAGE(.BOTH.,#1455);
#781=FACE_OUTER_BOUND('',#1456,.T.);
#782=FACE_BOUND('',#1457,.T.);
#783=CONICAL_SURFACE('',#1458,0.00125,0.785398163397447);
#784=SURFACE_STYLE_USAGE(.BOTH.,#1459);
#785=FACE_OUTER_BOUND('',#1460,.T.);
#786=PLANE('',#1461);
#787=SURFACE_STYLE_USAGE(.BOTH.,#1462);
#788=FACE_OUTER_BOUND('',#1463,.T.);
#789=PLANE('',#1464);
#790=SURFACE_STYLE_USAGE(.BOTH.,#1465);
#791=FACE_OUTER_BOUND('',#1466,.T.);
#792=FACE_OUTER_BOUND('',#1467,.T.);
#793=CYLINDRICAL_SURFACE('',#1468,0.00125);
#794=SURFACE_STYLE_USAGE(.BOTH.,#1469);
#795=FACE_OUTER_BOUND('',#1470,.T.);
#796=FACE_OUTER_BOUND('',#1471,.T.);
#797=CYLINDRICAL_SURFACE('',#1472,0.00125);
#798=SURFACE_STYLE_USAGE(.BOTH.,#1473);
#799=FACE_OUTER_BOUND('',#1474,.T.);
#800=FACE_BOUND('',#1475,.T.);
#801=CONICAL_SURFACE('',#1476,0.00275000010722365,0.785398163397392);
#802=SURFACE_STYLE_USAGE(.BOTH.,#1477);
#803=FACE_OUTER_BOUND('',#1478,.T.);
#804=FACE_OUTER_BOUND('',#1479,.T.);
#805=CYLINDRICAL_SURFACE('',#1480,0.0015);
#806=SURFACE_STYLE_USAGE(.BOTH.,#1481);
#807=FACE_OUTER_BOUND('',#1482,.T.);
#808=PLANE('',#1483);
#809=SURFACE_STYLE_USAGE(.BOTH.,#1484);
#810=FACE_OUTER_BOUND('',#1485,.T.);
#811=PLANE('',#1486);
#812=SURFACE_STYLE_USAGE(.BOTH.,#1487);
#813=FACE_OUTER_BOUND('',#1488,.T.);
#814=FACE_OUTER_BOUND('',#1489,.T.);
#815=CYLINDRICAL_SURFACE('',#1490,0.00125);
#816=SURFACE_STYLE_USAGE(.BOTH.,#1491);
#817=FACE_OUTER_BOUND('',#1492,.T.);
#818=PLANE('',#1493);
#819=SURFACE_STYLE_USAGE(.BOTH.,#1494);
#820=FACE_OUTER_BOUND('',#1495,.T.);
#821=PLANE('',#1496);
#822=SURFACE_STYLE_USAGE(.BOTH.,#1497);
#823=FACE_OUTER_BOUND('',#1498,.T.);
#824=FACE_BOUND('',#1499,.T.);
#825=CONICAL_SURFACE('',#1500,0.00125,0.785398163397447);
#826=SURFACE_STYLE_USAGE(.BOTH.,#1501);
#827=FACE_OUTER_BOUND('',#1502,.T.);
#828=PLANE('',#1503);
#829=SURFACE_STYLE_USAGE(.BOTH.,#1504);
#830=FACE_OUTER_BOUND('',#1505,.T.);
#831=FACE_OUTER_BOUND('',#1506,.T.);
#832=CYLINDRICAL_SURFACE('',#1507,0.00275000035789036);
#833=SURFACE_STYLE_USAGE(.BOTH.,#1508);
#834=FACE_OUTER_BOUND('',#1509,.T.);
#835=PLANE('',#1510);
#836=SURFACE_STYLE_USAGE(.BOTH.,#1511);
#837=FACE_OUTER_BOUND('',#1512,.T.);
#838=PLANE('',#1513);
#839=SURFACE_STYLE_USAGE(.BOTH.,#1514);
#840=FACE_OUTER_BOUND('',#1515,.T.);
#841=PLANE('',#1516);
#842=SURFACE_STYLE_USAGE(.BOTH.,#1517);
#843=FACE_OUTER_BOUND('',#1518,.T.);
#844=PLANE('',#1519);
#845=SURFACE_STYLE_USAGE(.BOTH.,#1520);
#846=FACE_OUTER_BOUND('',#1521,.T.);
#847=PLANE('',#1522);
#848=SURFACE_STYLE_USAGE(.BOTH.,#1523);
#849=FACE_OUTER_BOUND('',#1524,.T.);
#850=FACE_BOUND('',#1525,.T.);
#851=CONICAL_SURFACE('',#1526,0.00125,0.785398163397447);
#852=SURFACE_STYLE_USAGE(.BOTH.,#1527);
#853=FACE_OUTER_BOUND('',#1528,.T.);
#854=CYLINDRICAL_SURFACE('',#1529,0.0005);
#855=SURFACE_STYLE_USAGE(.BOTH.,#1530);
#856=FACE_OUTER_BOUND('',#1531,.T.);
#857=FACE_OUTER_BOUND('',#1532,.T.);
#858=CYLINDRICAL_SURFACE('',#1533,0.00475);
#859=SURFACE_STYLE_USAGE(.BOTH.,#1534);
#860=FACE_OUTER_BOUND('',#1535,.T.);
#861=PLANE('',#1536);
#862=SURFACE_STYLE_USAGE(.BOTH.,#1537);
#863=FACE_OUTER_BOUND('',#1538,.T.);
#864=FACE_OUTER_BOUND('',#1539,.T.);
#865=CYLINDRICAL_SURFACE('',#1540,0.00274999991619854);
#866=SURFACE_STYLE_USAGE(.BOTH.,#1541);
#867=FACE_OUTER_BOUND('',#1542,.T.);
#868=FACE_BOUND('',#1543,.T.);
#869=CONICAL_SURFACE('',#1544,0.00274999991619854,0.785398163397461);
#870=SURFACE_STYLE_USAGE(.BOTH.,#1545);
#871=FACE_OUTER_BOUND('',#1546,.T.);
#872=FACE_BOUND('',#1547,.T.);
#873=CONICAL_SURFACE('',#1548,0.00170000000000001,0.785398163397465);
#874=SURFACE_STYLE_USAGE(.BOTH.,#1549);
#875=FACE_OUTER_BOUND('',#1550,.T.);
#876=PLANE('',#1551);
#877=SURFACE_STYLE_USAGE(.BOTH.,#1552);
#878=FACE_OUTER_BOUND('',#1553,.T.);
#879=PLANE('',#1554);
#880=SURFACE_STYLE_USAGE(.BOTH.,#1555);
#881=FACE_OUTER_BOUND('',#1556,.T.);
#882=PLANE('',#1557);
#883=SURFACE_STYLE_USAGE(.BOTH.,#1558);
#884=FACE_OUTER_BOUND('',#1559,.T.);
#885=FACE_OUTER_BOUND('',#1560,.T.);
#886=CYLINDRICAL_SURFACE('',#1561,0.0015);
#887=SURFACE_STYLE_USAGE(.BOTH.,#1562);
#888=FACE_OUTER_BOUND('',#1563,.T.);
#889=CYLINDRICAL_SURFACE('',#1564,0.002);
#890=SURFACE_STYLE_USAGE(.BOTH.,#1565);
#891=FACE_OUTER_BOUND('',#1566,.T.);
#892=FACE_BOUND('',#1567,.T.);
#893=PLANE('',#1568);
#894=SURFACE_STYLE_USAGE(.BOTH.,#1569);
#895=FACE_OUTER_BOUND('',#1570,.T.);
#896=PLANE('',#1571);
#897=SURFACE_STYLE_USAGE(.BOTH.,#1572);
#898=FACE_OUTER_BOUND('',#1573,.T.);
#899=FACE_BOUND('',#1574,.T.);
#900=PLANE('',#1575);
#901=SURFACE_STYLE_USAGE(.BOTH.,#1576);
#902=FACE_OUTER_BOUND('',#1577,.T.);
#903=PLANE('',#1578);
#904=SURFACE_STYLE_USAGE(.BOTH.,#1579);
#905=FACE_OUTER_BOUND('',#1580,.T.);
#906=PLANE('',#1581);
#907=SURFACE_STYLE_USAGE(.BOTH.,#1582);
#908=FACE_OUTER_BOUND('',#1583,.T.);
#909=PLANE('',#1584);
#910=SURFACE_STYLE_USAGE(.BOTH.,#1585);
#911=FACE_OUTER_BOUND('',#1586,.T.);
#912=FACE_BOUND('',#1587,.T.);
#913=FACE_BOUND('',#1588,.T.);
#914=PLANE('',#1589);
#915=SURFACE_STYLE_USAGE(.BOTH.,#1590);
#916=FACE_OUTER_BOUND('',#1591,.T.);
#917=FACE_OUTER_BOUND('',#1592,.T.);
#918=CYLINDRICAL_SURFACE('',#1593,0.00275000010722365);
#919=SURFACE_STYLE_USAGE(.BOTH.,#1594);
#920=FACE_OUTER_BOUND('',#1595,.T.);
#921=FACE_BOUND('',#1596,.T.);
#922=PLANE('',#1597);
#923=SURFACE_STYLE_USAGE(.BOTH.,#1598);
#924=FACE_OUTER_BOUND('',#1599,.T.);
#925=PLANE('',#1600);
#926=SURFACE_STYLE_USAGE(.BOTH.,#1601);
#927=FACE_OUTER_BOUND('',#1602,.T.);
#928=FACE_BOUND('',#1603,.T.);
#929=FACE_BOUND('',#1604,.T.);
#930=PLANE('',#1605);
#931=SURFACE_STYLE_USAGE(.BOTH.,#1606);
#932=FACE_OUTER_BOUND('',#1607,.T.);
#933=FACE_OUTER_BOUND('',#1608,.T.);
#934=CYLINDRICAL_SURFACE('',#1609,0.00275000003633399);
#935=SURFACE_STYLE_USAGE(.BOTH.,#1610);
#936=FACE_OUTER_BOUND('',#1611,.T.);
#937=PLANE('',#1612);
#938=SURFACE_STYLE_USAGE(.BOTH.,#1613);
#939=FACE_OUTER_BOUND('',#1614,.T.);
#940=PLANE('',#1615);
#941=SURFACE_STYLE_USAGE(.BOTH.,#1616);
#942=FACE_OUTER_BOUND('',#1617,.T.);
#943=FACE_BOUND('',#1618,.T.);
#944=CONICAL_SURFACE('',#1619,0.00169999999999998,0.785398163397395);
#945=SURFACE_STYLE_USAGE(.BOTH.,#1620);
#946=FACE_OUTER_BOUND('',#1621,.T.);
#947=FACE_BOUND('',#1622,.T.);
#948=FACE_BOUND('',#1623,.T.);
#949=PLANE('',#1624);
#950=SURFACE_STYLE_USAGE(.BOTH.,#1625);
#951=FACE_OUTER_BOUND('',#1626,.T.);
#952=FACE_BOUND('',#1627,.T.);
#953=FACE_BOUND('',#1628,.T.);
#954=PLANE('',#1629);
#955=SURFACE_STYLE_USAGE(.BOTH.,#1630);
#956=FACE_OUTER_BOUND('',#1631,.T.);
#957=FACE_OUTER_BOUND('',#1632,.T.);
#958=CYLINDRICAL_SURFACE('',#1633,0.0015);
#959=SURFACE_STYLE_USAGE(.BOTH.,#1634);
#960=FACE_OUTER_BOUND('',#1635,.T.);
#961=PLANE('',#1636);
#962=SURFACE_STYLE_USAGE(.BOTH.,#1637);
#963=FACE_OUTER_BOUND('',#1638,.T.);
#964=FACE_OUTER_BOUND('',#1639,.T.);
#965=CYLINDRICAL_SURFACE('',#1640,0.00125);
#966=SURFACE_STYLE_USAGE(.BOTH.,#1641);
#967=FACE_OUTER_BOUND('',#1642,.T.);
#968=PLANE('',#1643);
#969=SURFACE_STYLE_USAGE(.BOTH.,#1644);
#970=FACE_OUTER_BOUND('',#1645,.T.);
#971=PLANE('',#1646);
#972=SURFACE_STYLE_USAGE(.BOTH.,#1647);
#973=FACE_OUTER_BOUND('',#1648,.T.);
#974=PLANE('',#1649);
#975=SURFACE_STYLE_USAGE(.BOTH.,#1650);
#976=FACE_OUTER_BOUND('',#1651,.T.);
#977=PLANE('',#1652);
#978=SURFACE_STYLE_USAGE(.BOTH.,#1653);
#979=FACE_OUTER_BOUND('',#1654,.T.);
#980=PLANE('',#1655);
#981=SURFACE_STYLE_USAGE(.BOTH.,#1656);
#982=FACE_OUTER_BOUND('',#1657,.T.);
#983=PLANE('',#1658);
#984=SURFACE_STYLE_USAGE(.BOTH.,#1659);
#985=FACE_OUTER_BOUND('',#1660,.T.);
#986=PLANE('',#1661);
#987=SURFACE_STYLE_USAGE(.BOTH.,#1662);
#988=FACE_OUTER_BOUND('',#1663,.T.);
#989=PLANE('',#1664);
#990=SURFACE_STYLE_USAGE(.BOTH.,#1665);
#991=FACE_OUTER_BOUND('',#1666,.T.);
#992=CYLINDRICAL_SURFACE('',#1667,0.004);
#993=SURFACE_STYLE_USAGE(.BOTH.,#1668);
#994=FACE_OUTER_BOUND('',#1669,.T.);
#995=FACE_OUTER_BOUND('',#1670,.T.);
#996=CYLINDRICAL_SURFACE('',#1671,0.00125);
#997=SURFACE_STYLE_USAGE(.BOTH.,#1672);
#998=FACE_OUTER_BOUND('',#1673,.T.);
#999=FACE_OUTER_BOUND('',#1674,.T.);
#1000=CYLINDRICAL_SURFACE('',#1675,0.0015);
#1001=SURFACE_STYLE_USAGE(.BOTH.,#1676);
#1002=FACE_OUTER_BOUND('',#1677,.T.);
#1003=FACE_BOUND('',#1678,.T.);
#1004=PLANE('',#1679);
#1005=SURFACE_STYLE_USAGE(.BOTH.,#1680);
#1006=FACE_OUTER_BOUND('',#1681,.T.);
#1007=PLANE('',#1682);
#1008=SURFACE_STYLE_USAGE(.BOTH.,#1683);
#1009=FACE_OUTER_BOUND('',#1684,.T.);
#1010=PLANE('',#1685);
#1011=SURFACE_STYLE_USAGE(.BOTH.,#1686);
#1012=FACE_OUTER_BOUND('',#1687,.T.);
#1013=FACE_BOUND('',#1688,.T.);
#1014=CONICAL_SURFACE('',#1689,0.00125,0.785398163397447);
#1015=SURFACE_STYLE_USAGE(.BOTH.,#1690);
#1016=FACE_OUTER_BOUND('',#1691,.T.);
#1017=PLANE('',#1692);
#1018=SURFACE_STYLE_USAGE(.BOTH.,#1693);
#1019=FACE_OUTER_BOUND('',#1694,.T.);
#1020=PLANE('',#1695);
#1021=SURFACE_STYLE_USAGE(.BOTH.,#1696);
#1022=FACE_OUTER_BOUND('',#1697,.T.);
#1023=PLANE('',#1698);
#1024=SURFACE_STYLE_USAGE(.BOTH.,#1699);
#1025=FACE_OUTER_BOUND('',#1700,.T.);
#1026=CYLINDRICAL_SURFACE('',#1701,0.002);
#1027=SURFACE_STYLE_USAGE(.BOTH.,#1702);
#1028=FACE_OUTER_BOUND('',#1703,.T.);
#1029=FACE_OUTER_BOUND('',#1704,.T.);
#1030=CYLINDRICAL_SURFACE('',#1705,0.00125);
#1031=SURFACE_STYLE_USAGE(.BOTH.,#1706);
#1032=FACE_OUTER_BOUND('',#1707,.T.);
#1033=FACE_OUTER_BOUND('',#1708,.T.);
#1034=CYLINDRICAL_SURFACE('',#1709,0.00125);
#1035=SURFACE_STYLE_USAGE(.BOTH.,#1710);
#1036=FACE_OUTER_BOUND('',#1711,.T.);
#1037=PLANE('',#1712);
#1038=SURFACE_STYLE_USAGE(.BOTH.,#1713);
#1039=FACE_OUTER_BOUND('',#1714,.T.);
#1040=FACE_BOUND('',#1715,.T.);
#1041=CONICAL_SURFACE('',#1716,0.00125,0.785398163397447);
#1042=SURFACE_STYLE_USAGE(.BOTH.,#1717);
#1043=FACE_OUTER_BOUND('',#1718,.T.);
#1044=CYLINDRICAL_SURFACE('',#1719,0.004);
#1045=SURFACE_STYLE_USAGE(.BOTH.,#1720);
#1046=FACE_OUTER_BOUND('',#1721,.T.);
#1047=PLANE('',#1722);
#1048=SURFACE_STYLE_USAGE(.BOTH.,#1723);
#1049=FACE_OUTER_BOUND('',#1724,.T.);
#1050=PLANE('',#1725);
#1051=SURFACE_STYLE_USAGE(.BOTH.,#1726);
#1052=FACE_OUTER_BOUND('',#1727,.T.);
#1053=PLANE('',#1728);
#1054=SURFACE_STYLE_USAGE(.BOTH.,#1729);
#1055=FACE_OUTER_BOUND('',#1730,.T.);
#1056=PLANE('',#1731);
#1057=SURFACE_STYLE_USAGE(.BOTH.,#1732);
#1058=FACE_OUTER_BOUND('',#1733,.T.);
#1059=PLANE('',#1734);
#1060=SURFACE_STYLE_USAGE(.BOTH.,#1735);
#1061=FACE_OUTER_BOUND('',#1736,.T.);
#1062=PLANE('',#1737);
#1063=SURFACE_STYLE_USAGE(.BOTH.,#1738);
#1064=FACE_OUTER_BOUND('',#1739,.T.);
#1065=FACE_BOUND('',#1740,.T.);
#1066=CONICAL_SURFACE('',#1741,0.00125,0.785398163397447);
#1067=SURFACE_STYLE_USAGE(.BOTH.,#1742);
#1068=FACE_OUTER_BOUND('',#1743,.T.);
#1069=PLANE('',#1744);
#1070=SURFACE_STYLE_USAGE(.BOTH.,#1745);
#1071=FACE_OUTER_BOUND('',#1746,.T.);
#1072=PLANE('',#1747);
#1073=SURFACE_STYLE_USAGE(.BOTH.,#1748);
#1074=FACE_OUTER_BOUND('',#1749,.T.);
#1075=PLANE('',#1750);
#1076=SURFACE_STYLE_USAGE(.BOTH.,#1751);
#1077=FACE_OUTER_BOUND('',#1752,.T.);
#1078=FACE_OUTER_BOUND('',#1753,.T.);
#1079=CYLINDRICAL_SURFACE('',#1754,0.00125);
#1080=SURFACE_STYLE_USAGE(.BOTH.,#1755);
#1081=FACE_OUTER_BOUND('',#1756,.T.);
#1082=PLANE('',#1757);
#1083=SURFACE_STYLE_USAGE(.BOTH.,#1758);
#1084=FACE_OUTER_BOUND('',#1759,.T.);
#1085=PLANE('',#1760);
#1086=SURFACE_STYLE_USAGE(.BOTH.,#1761);
#1087=FACE_OUTER_BOUND('',#1762,.T.);
#1088=PLANE('',#1763);
#1089=SURFACE_STYLE_USAGE(.BOTH.,#1764);
#1090=FACE_OUTER_BOUND('',#1765,.T.);
#1091=PLANE('',#1766);
#1092=SURFACE_STYLE_USAGE(.BOTH.,#1767);
#1093=FACE_OUTER_BOUND('',#1768,.T.);
#1094=PLANE('',#1769);
#1095=SURFACE_STYLE_USAGE(.BOTH.,#1770);
#1096=FACE_OUTER_BOUND('',#1771,.T.);
#1097=PLANE('',#1772);
#1098=SURFACE_STYLE_USAGE(.BOTH.,#1773);
#1099=FACE_OUTER_BOUND('',#1774,.T.);
#1100=PLANE('',#1775);
#1101=SURFACE_STYLE_USAGE(.BOTH.,#1776);
#1102=FACE_OUTER_BOUND('',#1777,.T.);
#1103=PLANE('',#1778);
#1104=SURFACE_STYLE_USAGE(.BOTH.,#1779);
#1105=FACE_OUTER_BOUND('',#1780,.T.);
#1106=CYLINDRICAL_SURFACE('',#1781,0.004);
#1107=SURFACE_STYLE_USAGE(.BOTH.,#1782);
#1108=FACE_OUTER_BOUND('',#1783,.T.);
#1109=PLANE('',#1784);
#1110=SURFACE_STYLE_USAGE(.BOTH.,#1785);
#1111=FACE_OUTER_BOUND('',#1786,.T.);
#1112=PLANE('',#1787);
#1113=SURFACE_STYLE_USAGE(.BOTH.,#1788);
#1114=FACE_OUTER_BOUND('',#1789,.T.);
#1115=FACE_OUTER_BOUND('',#1790,.T.);
#1116=CYLINDRICAL_SURFACE('',#1791,0.0015);
#1117=SURFACE_STYLE_USAGE(.BOTH.,#1792);
#1118=FACE_OUTER_BOUND('',#1793,.T.);
#1119=FACE_OUTER_BOUND('',#1794,.T.);
#1120=CYLINDRICAL_SURFACE('',#1795,0.00475);
#1121=SURFACE_STYLE_USAGE(.BOTH.,#1796);
#1122=FACE_OUTER_BOUND('',#1797,.T.);
#1123=FACE_BOUND('',#1798,.T.);
#1124=CONICAL_SURFACE('',#1799,0.00169999999999998,0.785398163397395);
#1125=SURFACE_STYLE_USAGE(.BOTH.,#1800);
#1126=FACE_OUTER_BOUND('',#1801,.T.);
#1127=FACE_OUTER_BOUND('',#1802,.T.);
#1128=CYLINDRICAL_SURFACE('',#1803,0.0015);
#1129=SURFACE_STYLE_USAGE(.BOTH.,#1804);
#1130=FACE_OUTER_BOUND('',#1805,.T.);
#1131=PLANE('',#1806);
#1132=SURFACE_STYLE_USAGE(.BOTH.,#1807);
#1133=FACE_OUTER_BOUND('',#1808,.T.);
#1134=FACE_BOUND('',#1809,.T.);
#1135=FACE_BOUND('',#1810,.T.);
#1136=FACE_BOUND('',#1811,.T.);
#1137=FACE_BOUND('',#1812,.T.);
#1138=FACE_BOUND('',#1813,.T.);
#1139=FACE_BOUND('',#1814,.T.);
#1140=FACE_BOUND('',#1815,.T.);
#1141=FACE_BOUND('',#1816,.T.);
#1142=FACE_BOUND('',#1817,.T.);
#1143=FACE_BOUND('',#1818,.T.);
#1144=FACE_BOUND('',#1819,.T.);
#1145=FACE_BOUND('',#1820,.T.);
#1146=FACE_BOUND('',#1821,.T.);
#1147=FACE_BOUND('',#1822,.T.);
#1148=FACE_BOUND('',#1823,.T.);
#1149=FACE_BOUND('',#1824,.T.);
#1150=FACE_BOUND('',#1825,.T.);
#1151=FACE_BOUND('',#1826,.T.);
#1152=FACE_BOUND('',#1827,.T.);
#1153=FACE_BOUND('',#1828,.T.);
#1154=FACE_BOUND('',#1829,.T.);
#1155=FACE_BOUND('',#1830,.T.);
#1156=FACE_BOUND('',#1831,.T.);
#1157=FACE_BOUND('',#1832,.T.);
#1158=FACE_BOUND('',#1833,.T.);
#1159=FACE_BOUND('',#1834,.T.);
#1160=FACE_BOUND('',#1835,.T.);
#1161=FACE_BOUND('',#1836,.T.);
#1162=FACE_BOUND('',#1837,.T.);
#1163=PLANE('',#1838);
#1164=SURFACE_STYLE_USAGE(.BOTH.,#1839);
#1165=FACE_OUTER_BOUND('',#1840,.T.);
#1166=PLANE('',#1841);
#1167=SURFACE_STYLE_USAGE(.BOTH.,#1842);
#1168=FACE_OUTER_BOUND('',#1843,.T.);
#1169=FACE_OUTER_BOUND('',#1844,.T.);
#1170=CYLINDRICAL_SURFACE('',#1845,0.00125);
#1171=SURFACE_STYLE_USAGE(.BOTH.,#1846);
#1172=FACE_OUTER_BOUND('',#1847,.T.);
#1173=FACE_BOUND('',#1848,.T.);
#1174=CONICAL_SURFACE('',#1849,0.00170000000000001,0.785398163397465);
#1175=SURFACE_STYLE_USAGE(.BOTH.,#1850);
#1176=FACE_OUTER_BOUND('',#1851,.T.);
#1177=FACE_BOUND('',#1852,.T.);
#1178=CONICAL_SURFACE('',#1853,0.00125,0.785398163397447);
#1179=SURFACE_STYLE_USAGE(.BOTH.,#1854);
#1180=FACE_OUTER_BOUND('',#1855,.T.);
#1181=PLANE('',#1856);
#1182=SURFACE_STYLE_USAGE(.BOTH.,#1857);
#1183=FACE_OUTER_BOUND('',#1858,.T.);
#1184=FACE_OUTER_BOUND('',#1859,.T.);
#1185=CYLINDRICAL_SURFACE('',#1860,0.00525);
#1186=SURFACE_STYLE_USAGE(.BOTH.,#1861);
#1187=FACE_OUTER_BOUND('',#1862,.T.);
#1188=PLANE('',#1863);
#1189=SURFACE_STYLE_USAGE(.BOTH.,#1864);
#1190=FACE_OUTER_BOUND('',#1865,.T.);
#1191=FACE_BOUND('',#1866,.T.);
#1192=PLANE('',#1867);
#1193=SURFACE_STYLE_USAGE(.BOTH.,#1868);
#1194=FACE_OUTER_BOUND('',#1869,.T.);
#1195=PLANE('',#1870);
#1196=SURFACE_STYLE_USAGE(.BOTH.,#1871);
#1197=FACE_OUTER_BOUND('',#1872,.T.);
#1198=PLANE('',#1873);
#1199=SURFACE_STYLE_USAGE(.BOTH.,#1874);
#1200=FACE_OUTER_BOUND('',#1875,.T.);
#1201=FACE_OUTER_BOUND('',#1876,.T.);
#1202=CYLINDRICAL_SURFACE('',#1877,0.00125);
#1203=SURFACE_STYLE_USAGE(.BOTH.,#1878);
#1204=FACE_OUTER_BOUND('',#1879,.T.);
#1205=CYLINDRICAL_SURFACE('',#1880,0.00120000000000001);
#1206=SURFACE_STYLE_USAGE(.BOTH.,#1881);
#1207=FACE_OUTER_BOUND('',#1882,.T.);
#1208=CYLINDRICAL_SURFACE('',#1883,0.00120000000000001);
#1209=SURFACE_STYLE_USAGE(.BOTH.,#1884);
#1210=FACE_OUTER_BOUND('',#1885,.T.);
#1211=PLANE('',#1886);
#1212=SURFACE_STYLE_USAGE(.BOTH.,#1887);
#1213=FACE_OUTER_BOUND('',#1888,.T.);
#1214=PLANE('',#1889);
#1215=SURFACE_STYLE_USAGE(.BOTH.,#1890);
#1216=FACE_OUTER_BOUND('',#1891,.T.);
#1217=CYLINDRICAL_SURFACE('',#1892,0.0005);
#1218=SURFACE_STYLE_USAGE(.BOTH.,#1893);
#1219=FACE_OUTER_BOUND('',#1894,.T.);
#1220=FACE_BOUND('',#1895,.T.);
#1221=CONICAL_SURFACE('',#1896,0.00125,0.785398163397447);
#1222=SURFACE_STYLE_USAGE(.BOTH.,#1897);
#1223=FACE_OUTER_BOUND('',#1898,.T.);
#1224=CYLINDRICAL_SURFACE('',#1899,0.0005);
#1225=SURFACE_STYLE_USAGE(.BOTH.,#1900);
#1226=FACE_OUTER_BOUND('',#1901,.T.);
#1227=FACE_OUTER_BOUND('',#1902,.T.);
#1228=CYLINDRICAL_SURFACE('',#1903,0.0015);
#1229=SURFACE_STYLE_USAGE(.BOTH.,#1904);
#1230=FACE_OUTER_BOUND('',#1905,.T.);
#1231=FACE_BOUND('',#1906,.T.);
#1232=CONICAL_SURFACE('',#1907,0.00125,0.785398163397447);
#1233=SURFACE_STYLE_USAGE(.BOTH.,#1908);
#1234=FACE_OUTER_BOUND('',#1909,.T.);
#1235=PLANE('',#1910);
#1236=SURFACE_STYLE_USAGE(.BOTH.,#1911);
#1237=FACE_OUTER_BOUND('',#1912,.T.);
#1238=PLANE('',#1913);
#1239=SURFACE_STYLE_USAGE(.BOTH.,#1914);
#1240=FACE_OUTER_BOUND('',#1915,.T.);
#1241=PLANE('',#1916);
#1242=SURFACE_STYLE_USAGE(.BOTH.,#1917);
#1243=FACE_OUTER_BOUND('',#1918,.T.);
#1244=PLANE('',#1919);
#1245=SURFACE_STYLE_USAGE(.BOTH.,#1920);
#1246=FACE_OUTER_BOUND('',#1921,.T.);
#1247=PLANE('',#1922);
#1248=PRODUCT_CONTEXT('',#190,'mechanical');
#1249=PRODUCT_DEFINITION_FORMATION_WITH_SPECIFIED_SOURCE(' ','NONE',#563,.NOT_KNOWN.);
#1250=CLOSED_SHELL('',(#204,#206,#208,#210,#212,#214,#216,#218,#220,#222,#224,#226,#228,#230,#232,#234,#236,#238,#240,#242,#244,#246,#248,#250,#252,#254,#256,#258,#260,#262,#264,#266,#268,#270,#272,#274,#276,#278,#280,#282,#284,#286,#288,#290,#292,#294,#296,#298,#300,#302,#304,#306,#308,#310,#312,#314,#316,#318,#320,#322,#324,#326,#328,#330,#332,#334,#336,#338,#340,#342,#344,#346,#348,#350,#352,#354,#356,#358,#360,#362,#364,#366,#368,#370,#372,#374,#376,#378,#380,#382,#384,#386,#388,#390,#392,#394,#396,#398,#400,#402,#404,#406,#408,#410,#412,#414,#416,#418,#420,#422,#424,#426,#428,#430,#432,#434,#436,#438,#440,#442,#444,#446,#448,#450,#452,#454,#456,#458,#460,#462,#464,#466,#468,#470,#472,#474,#476,#478,#480,#482,#484,#486,#488,#490,#492,#494,#496,#498,#500,#502,#504,#506,#508,#510,#512,#514,#516,#518,#520,#522,#524,#526,#528,#530,#532,#534,#536,#538,#540,#542,#544,#546,#548,#550,#552,#554,#556,#558,#560,#562));
#1251=CARTESIAN_POINT('',(0.0,0.0,0.0));
#1252=DIRECTION('',(0.0,0.0,1.0));
#1253=DIRECTION('',(1.0,0.0,0.0));
#1254= (NAMED_UNIT(#572)LENGTH_UNIT()SI_UNIT($,.METRE.));
#1255=SURFACE_SIDE_STYLE('',(#1924));
#1256=EDGE_LOOP('',(#1925,#1926,#1927,#1928));
#1257=AXIS2_PLACEMENT_3D('',#1929,#1930,#1931);
#1258=SURFACE_SIDE_STYLE('',(#1932));
#1259=EDGE_LOOP('',(#1933,#1934,#1935,#1936));
#1260=AXIS2_PLACEMENT_3D('',#1937,#1938,#1939);
#1261=SURFACE_SIDE_STYLE('',(#1940));
#1262=EDGE_LOOP('',(#1941));
#1263=AXIS2_PLACEMENT_3D('',#1942,#1943,#1944);
#1264=SURFACE_SIDE_STYLE('',(#1945));
#1265=EDGE_LOOP('',(#1946));
#1266=EDGE_LOOP('',(#1947));
#1267=AXIS2_PLACEMENT_3D('',#1948,#1949,#1950);
#1268=SURFACE_SIDE_STYLE('',(#1951));
#1269=EDGE_LOOP('',(#1952));
#1270=EDGE_LOOP('',(#1953));
#1271=AXIS2_PLACEMENT_3D('',#1954,#1955,#1956);
#1272=SURFACE_SIDE_STYLE('',(#1957));
#1273=EDGE_LOOP('',(#1958,#1959,#1960,#1961));
#1274=AXIS2_PLACEMENT_3D('',#1962,#1963,#1964);
#1275=SURFACE_SIDE_STYLE('',(#1965));
#1276=EDGE_LOOP('',(#1966));
#1277=EDGE_LOOP('',(#1967));
#1278=AXIS2_PLACEMENT_3D('',#1968,#1969,#1970);
#1279=SURFACE_SIDE_STYLE('',(#1971));
#1280=EDGE_LOOP('',(#1972));
#1281=EDGE_LOOP('',(#1973));
#1282=AXIS2_PLACEMENT_3D('',#1974,#1975,#1976);
#1283=SURFACE_SIDE_STYLE('',(#1977));
#1284=EDGE_LOOP('',(#1978,#1979,#1980,#1981));
#1285=AXIS2_PLACEMENT_3D('',#1982,#1983,#1984);
#1286=SURFACE_SIDE_STYLE('',(#1985));
#1287=EDGE_LOOP('',(#1986));
#1288=EDGE_LOOP('',(#1987));
#1289=AXIS2_PLACEMENT_3D('',#1988,#1989,#1990);
#1290=SURFACE_SIDE_STYLE('',(#1991));
#1291=EDGE_LOOP('',(#1992,#1993,#1994,#1995));
#1292=AXIS2_PLACEMENT_3D('',#1996,#1997,#1998);
#1293=SURFACE_SIDE_STYLE('',(#1999));
#1294=EDGE_LOOP('',(#2000));
#1295=EDGE_LOOP('',(#2001));
#1296=AXIS2_PLACEMENT_3D('',#2002,#2003,#2004);
#1297=SURFACE_SIDE_STYLE('',(#2005));
#1298=EDGE_LOOP('',(#2006,#2007,#2008,#2009));
#1299=AXIS2_PLACEMENT_3D('',#2010,#2011,#2012);
#1300=SURFACE_SIDE_STYLE('',(#2013));
#1301=EDGE_LOOP('',(#2014,#2015,#2016,#2017));
#1302=AXIS2_PLACEMENT_3D('',#2018,#2019,#2020);
#1303=SURFACE_SIDE_STYLE('',(#2021));
#1304=EDGE_LOOP('',(#2022,#2023,#2024,#2025));
#1305=AXIS2_PLACEMENT_3D('',#2026,#2027,#2028);
#1306=SURFACE_SIDE_STYLE('',(#2029));
#1307=EDGE_LOOP('',(#2030));
#1308=EDGE_LOOP('',(#2031));
#1309=AXIS2_PLACEMENT_3D('',#2032,#2033,#2034);
#1310=SURFACE_SIDE_STYLE('',(#2035));
#1311=EDGE_LOOP('',(#2036,#2037,#2038,#2039));
#1312=AXIS2_PLACEMENT_3D('',#2040,#2041,#2042);
#1313=SURFACE_SIDE_STYLE('',(#2043));
#1314=EDGE_LOOP('',(#2044));
#1315=EDGE_LOOP('',(#2045));
#1316=AXIS2_PLACEMENT_3D('',#2046,#2047,#2048);
#1317=SURFACE_SIDE_STYLE('',(#2049));
#1318=EDGE_LOOP('',(#2050,#2051,#2052,#2053));
#1319=AXIS2_PLACEMENT_3D('',#2054,#2055,#2056);
#1320=SURFACE_SIDE_STYLE('',(#2057));
#1321=EDGE_LOOP('',(#2058,#2059,#2060,#2061));
#1322=AXIS2_PLACEMENT_3D('',#2062,#2063,#2064);
#1323=SURFACE_SIDE_STYLE('',(#2065));
#1324=EDGE_LOOP('',(#2066));
#1325=EDGE_LOOP('',(#2067));
#1326=AXIS2_PLACEMENT_3D('',#2068,#2069,#2070);
#1327=SURFACE_SIDE_STYLE('',(#2071));
#1328=EDGE_LOOP('',(#2072));
#1329=EDGE_LOOP('',(#2073));
#1330=AXIS2_PLACEMENT_3D('',#2074,#2075,#2076);
#1331=SURFACE_SIDE_STYLE('',(#2077));
#1332=EDGE_LOOP('',(#2078));
#1333=EDGE_LOOP('',(#2079));
#1334=AXIS2_PLACEMENT_3D('',#2080,#2081,#2082);
#1335=SURFACE_SIDE_STYLE('',(#2083));
#1336=EDGE_LOOP('',(#2084,#2085,#2086,#2087));
#1337=AXIS2_PLACEMENT_3D('',#2088,#2089,#2090);
#1338=SURFACE_SIDE_STYLE('',(#2091));
#1339=EDGE_LOOP('',(#2092,#2093,#2094,#2095));
#1340=AXIS2_PLACEMENT_3D('',#2096,#2097,#2098);
#1341=SURFACE_SIDE_STYLE('',(#2099));
#1342=EDGE_LOOP('',(#2100,#2101,#2102,#2103));
#1343=AXIS2_PLACEMENT_3D('',#2104,#2105,#2106);
#1344=SURFACE_SIDE_STYLE('',(#2107));
#1345=EDGE_LOOP('',(#2108));
#1346=EDGE_LOOP('',(#2109));
#1347=AXIS2_PLACEMENT_3D('',#2110,#2111,#2112);
#1348=SURFACE_SIDE_STYLE('',(#2113));
#1349=EDGE_LOOP('',(#2114,#2115,#2116,#2117));
#1350=AXIS2_PLACEMENT_3D('',#2118,#2119,#2120);
#1351=SURFACE_SIDE_STYLE('',(#2121));
#1352=EDGE_LOOP('',(#2122,#2123,#2124,#2125));
#1353=EDGE_LOOP('',(#2126));
#1354=AXIS2_PLACEMENT_3D('',#2127,#2128,#2129);
#1355=SURFACE_SIDE_STYLE('',(#2130));
#1356=EDGE_LOOP('',(#2131,#2132,#2133,#2134));
#1357=AXIS2_PLACEMENT_3D('',#2135,#2136,#2137);
#1358=SURFACE_SIDE_STYLE('',(#2138));
#1359=EDGE_LOOP('',(#2139,#2140,#2141,#2142));
#1360=AXIS2_PLACEMENT_3D('',#2143,#2144,#2145);
#1361=SURFACE_SIDE_STYLE('',(#2146));
#1362=EDGE_LOOP('',(#2147,#2148,#2149,#2150));
#1363=AXIS2_PLACEMENT_3D('',#2151,#2152,#2153);
#1364=SURFACE_SIDE_STYLE('',(#2154));
#1365=EDGE_LOOP('',(#2155,#2156,#2157,#2158));
#1366=AXIS2_PLACEMENT_3D('',#2159,#2160,#2161);
#1367=SURFACE_SIDE_STYLE('',(#2162));
#1368=EDGE_LOOP('',(#2163));
#1369=EDGE_LOOP('',(#2164));
#1370=AXIS2_PLACEMENT_3D('',#2165,#2166,#2167);
#1371=SURFACE_SIDE_STYLE('',(#2168));
#1372=EDGE_LOOP('',(#2169,#2170,#2171,#2172,#2173,#2174));
#1373=AXIS2_PLACEMENT_3D('',#2175,#2176,#2177);
#1374=SURFACE_SIDE_STYLE('',(#2178));
#1375=EDGE_LOOP('',(#2179));
#1376=EDGE_LOOP('',(#2180));
#1377=AXIS2_PLACEMENT_3D('',#2181,#2182,#2183);
#1378=SURFACE_SIDE_STYLE('',(#2184));
#1379=EDGE_LOOP('',(#2185,#2186,#2187,#2188));
#1380=AXIS2_PLACEMENT_3D('',#2189,#2190,#2191);
#1381=SURFACE_SIDE_STYLE('',(#2192));
#1382=EDGE_LOOP('',(#2193));
#1383=EDGE_LOOP('',(#2194));
#1384=AXIS2_PLACEMENT_3D('',#2195,#2196,#2197);
#1385=SURFACE_SIDE_STYLE('',(#2198));
#1386=EDGE_LOOP('',(#2199,#2200,#2201,#2202));
#1387=AXIS2_PLACEMENT_3D('',#2203,#2204,#2205);
#1388=SURFACE_SIDE_STYLE('',(#2206));
#1389=EDGE_LOOP('',(#2207,#2208,#2209,#2210));
#1390=AXIS2_PLACEMENT_3D('',#2211,#2212,#2213);
#1391=SURFACE_SIDE_STYLE('',(#2214));
#1392=EDGE_LOOP('',(#2215,#2216,#2217,#2218,#2219,#2220));
#1393=AXIS2_PLACEMENT_3D('',#2221,#2222,#2223);
#1394=SURFACE_SIDE_STYLE('',(#2224));
#1395=EDGE_LOOP('',(#2225,#2226,#2227,#2228));
#1396=AXIS2_PLACEMENT_3D('',#2229,#2230,#2231);
#1397=SURFACE_SIDE_STYLE('',(#2232));
#1398=EDGE_LOOP('',(#2233,#2234,#2235,#2236,#2237,#2238,#2239,#2240,#2241,#2242,#2243,#2244,#2245,#2246,#2247,#2248,#2249,#2250,#2251,#2252,#2253,#2254,#2255,#2256,#2257,#2258,#2259,#2260,#2261,#2262,#2263,#2264,#2265,#2266,#2267,#2268,#2269,#2270,#2271,#2272));
#1399=EDGE_LOOP('',(#2273));
#1400=EDGE_LOOP('',(#2274));
#1401=EDGE_LOOP('',(#2275,#2276,#2277,#2278,#2279,#2280,#2281,#2282));
#1402=EDGE_LOOP('',(#2283));
#1403=EDGE_LOOP('',(#2284));
#1404=EDGE_LOOP('',(#2285));
#1405=EDGE_LOOP('',(#2286));
#1406=EDGE_LOOP('',(#2287));
#1407=EDGE_LOOP('',(#2288));
#1408=EDGE_LOOP('',(#2289));
#1409=EDGE_LOOP('',(#2290));
#1410=EDGE_LOOP('',(#2291));
#1411=EDGE_LOOP('',(#2292));
#1412=EDGE_LOOP('',(#2293));
#1413=EDGE_LOOP('',(#2294));
#1414=EDGE_LOOP('',(#2295));
#1415=EDGE_LOOP('',(#2296));
#1416=EDGE_LOOP('',(#2297,#2298,#2299,#2300));
#1417=EDGE_LOOP('',(#2301,#2302,#2303,#2304));
#1418=EDGE_LOOP('',(#2305,#2306,#2307,#2308));
#1419=EDGE_LOOP('',(#2309,#2310,#2311,#2312));
#1420=EDGE_LOOP('',(#2313,#2314,#2315,#2316));
#1421=EDGE_LOOP('',(#2317));
#1422=EDGE_LOOP('',(#2318));
#1423=EDGE_LOOP('',(#2319,#2320,#2321,#2322));
#1424=EDGE_LOOP('',(#2323));
#1425=EDGE_LOOP('',(#2324));
#1426=EDGE_LOOP('',(#2325));
#1427=EDGE_LOOP('',(#2326));
#1428=AXIS2_PLACEMENT_3D('',#2327,#2328,#2329);
#1429=SURFACE_SIDE_STYLE('',(#2330));
#1430=EDGE_LOOP('',(#2331,#2332,#2333,#2334));
#1431=AXIS2_PLACEMENT_3D('',#2335,#2336,#2337);
#1432=SURFACE_SIDE_STYLE('',(#2338));
#1433=EDGE_LOOP('',(#2339,#2340,#2341,#2342));
#1434=AXIS2_PLACEMENT_3D('',#2343,#2344,#2345);
#1435=SURFACE_SIDE_STYLE('',(#2346));
#1436=EDGE_LOOP('',(#2347));
#1437=EDGE_LOOP('',(#2348));
#1438=AXIS2_PLACEMENT_3D('',#2349,#2350,#2351);
#1439=SURFACE_SIDE_STYLE('',(#2352));
#1440=EDGE_LOOP('',(#2353,#2354,#2355,#2356));
#1441=AXIS2_PLACEMENT_3D('',#2357,#2358,#2359);
#1442=SURFACE_SIDE_STYLE('',(#2360));
#1443=EDGE_LOOP('',(#2361));
#1444=EDGE_LOOP('',(#2362));
#1445=AXIS2_PLACEMENT_3D('',#2363,#2364,#2365);
#1446=SURFACE_SIDE_STYLE('',(#2366));
#1447=EDGE_LOOP('',(#2367));
#1448=AXIS2_PLACEMENT_3D('',#2368,#2369,#2370);
#1449=SURFACE_SIDE_STYLE('',(#2371));
#1450=EDGE_LOOP('',(#2372,#2373,#2374,#2375));
#1451=AXIS2_PLACEMENT_3D('',#2376,#2377,#2378);
#1452=SURFACE_SIDE_STYLE('',(#2379));
#1453=EDGE_LOOP('',(#2380,#2381,#2382,#2383));
#1454=AXIS2_PLACEMENT_3D('',#2384,#2385,#2386);
#1455=SURFACE_SIDE_STYLE('',(#2387));
#1456=EDGE_LOOP('',(#2388));
#1457=EDGE_LOOP('',(#2389));
#1458=AXIS2_PLACEMENT_3D('',#2390,#2391,#2392);
#1459=SURFACE_SIDE_STYLE('',(#2393));
#1460=EDGE_LOOP('',(#2394,#2395,#2396,#2397));
#1461=AXIS2_PLACEMENT_3D('',#2398,#2399,#2400);
#1462=SURFACE_SIDE_STYLE('',(#2401));
#1463=EDGE_LOOP('',(#2402,#2403,#2404,#2405));
#1464=AXIS2_PLACEMENT_3D('',#2406,#2407,#2408);
#1465=SURFACE_SIDE_STYLE('',(#2409));
#1466=EDGE_LOOP('',(#2410));
#1467=EDGE_LOOP('',(#2411));
#1468=AXIS2_PLACEMENT_3D('',#2412,#2413,#2414);
#1469=SURFACE_SIDE_STYLE('',(#2415));
#1470=EDGE_LOOP('',(#2416));
#1471=EDGE_LOOP('',(#2417));
#1472=AXIS2_PLACEMENT_3D('',#2418,#2419,#2420);
#1473=SURFACE_SIDE_STYLE('',(#2421));
#1474=EDGE_LOOP('',(#2422));
#1475=EDGE_LOOP('',(#2423));
#1476=AXIS2_PLACEMENT_3D('',#2424,#2425,#2426);
#1477=SURFACE_SIDE_STYLE('',(#2427));
#1478=EDGE_LOOP('',(#2428));
#1479=EDGE_LOOP('',(#2429));
#1480=AXIS2_PLACEMENT_3D('',#2430,#2431,#2432);
#1481=SURFACE_SIDE_STYLE('',(#2433));
#1482=EDGE_LOOP('',(#2434,#2435,#2436,#2437));
#1483=AXIS2_PLACEMENT_3D('',#2438,#2439,#2440);
#1484=SURFACE_SIDE_STYLE('',(#2441));
#1485=EDGE_LOOP('',(#2442,#2443,#2444,#2445,#2446,#2447,#2448,#2449));
#1486=AXIS2_PLACEMENT_3D('',#2450,#2451,#2452);
#1487=SURFACE_SIDE_STYLE('',(#2453));
#1488=EDGE_LOOP('',(#2454));
#1489=EDGE_LOOP('',(#2455));
#1490=AXIS2_PLACEMENT_3D('',#2456,#2457,#2458);
#1491=SURFACE_SIDE_STYLE('',(#2459));
#1492=EDGE_LOOP('',(#2460,#2461,#2462,#2463));
#1493=AXIS2_PLACEMENT_3D('',#2464,#2465,#2466);
#1494=SURFACE_SIDE_STYLE('',(#2467));
#1495=EDGE_LOOP('',(#2468,#2469,#2470,#2471));
#1496=AXIS2_PLACEMENT_3D('',#2472,#2473,#2474);
#1497=SURFACE_SIDE_STYLE('',(#2475));
#1498=EDGE_LOOP('',(#2476));
#1499=EDGE_LOOP('',(#2477));
#1500=AXIS2_PLACEMENT_3D('',#2478,#2479,#2480);
#1501=SURFACE_SIDE_STYLE('',(#2481));
#1502=EDGE_LOOP('',(#2482,#2483,#2484,#2485,#2486,#2487,#2488,#2489));
#1503=AXIS2_PLACEMENT_3D('',#2490,#2491,#2492);
#1504=SURFACE_SIDE_STYLE('',(#2493));
#1505=EDGE_LOOP('',(#2494));
#1506=EDGE_LOOP('',(#2495));
#1507=AXIS2_PLACEMENT_3D('',#2496,#2497,#2498);
#1508=SURFACE_SIDE_STYLE('',(#2499));
#1509=EDGE_LOOP('',(#2500,#2501,#2502,#2503));
#1510=AXIS2_PLACEMENT_3D('',#2504,#2505,#2506);
#1511=SURFACE_SIDE_STYLE('',(#2507));
#1512=EDGE_LOOP('',(#2508,#2509,#2510,#2511));
#1513=AXIS2_PLACEMENT_3D('',#2512,#2513,#2514);
#1514=SURFACE_SIDE_STYLE('',(#2515));
#1515=EDGE_LOOP('',(#2516,#2517,#2518,#2519));
#1516=AXIS2_PLACEMENT_3D('',#2520,#2521,#2522);
#1517=SURFACE_SIDE_STYLE('',(#2523));
#1518=EDGE_LOOP('',(#2524,#2525,#2526,#2527));
#1519=AXIS2_PLACEMENT_3D('',#2528,#2529,#2530);
#1520=SURFACE_SIDE_STYLE('',(#2531));
#1521=EDGE_LOOP('',(#2532,#2533,#2534,#2535,#2536,#2537,#2538,#2539));
#1522=AXIS2_PLACEMENT_3D('',#2540,#2541,#2542);
#1523=SURFACE_SIDE_STYLE('',(#2543));
#1524=EDGE_LOOP('',(#2544));
#1525=EDGE_LOOP('',(#2545));
#1526=AXIS2_PLACEMENT_3D('',#2546,#2547,#2548);
#1527=SURFACE_SIDE_STYLE('',(#2549));
#1528=EDGE_LOOP('',(#2550,#2551,#2552,#2553));
#1529=AXIS2_PLACEMENT_3D('',#2554,#2555,#2556);
#1530=SURFACE_SIDE_STYLE('',(#2557));
#1531=EDGE_LOOP('',(#2558));
#1532=EDGE_LOOP('',(#2559));
#1533=AXIS2_PLACEMENT_3D('',#2560,#2561,#2562);
#1534=SURFACE_SIDE_STYLE('',(#2563));
#1535=EDGE_LOOP('',(#2564,#2565,#2566,#2567));
#1536=AXIS2_PLACEMENT_3D('',#2568,#2569,#2570);
#1537=SURFACE_SIDE_STYLE('',(#2571));
#1538=EDGE_LOOP('',(#2572));
#1539=EDGE_LOOP('',(#2573));
#1540=AXIS2_PLACEMENT_3D('',#2574,#2575,#2576);
#1541=SURFACE_SIDE_STYLE('',(#2577));
#1542=EDGE_LOOP('',(#2578));
#1543=EDGE_LOOP('',(#2579));
#1544=AXIS2_PLACEMENT_3D('',#2580,#2581,#2582);
#1545=SURFACE_SIDE_STYLE('',(#2583));
#1546=EDGE_LOOP('',(#2584));
#1547=EDGE_LOOP('',(#2585));
#1548=AXIS2_PLACEMENT_3D('',#2586,#2587,#2588);
#1549=SURFACE_SIDE_STYLE('',(#2589));
#1550=EDGE_LOOP('',(#2590,#2591,#2592,#2593));
#1551=AXIS2_PLACEMENT_3D('',#2594,#2595,#2596);
#1552=SURFACE_SIDE_STYLE('',(#2597));
#1553=EDGE_LOOP('',(#2598,#2599,#2600,#2601));
#1554=AXIS2_PLACEMENT_3D('',#2602,#2603,#2604);
#1555=SURFACE_SIDE_STYLE('',(#2605));
#1556=EDGE_LOOP('',(#2606,#2607,#2608,#2609));
#1557=AXIS2_PLACEMENT_3D('',#2610,#2611,#2612);
#1558=SURFACE_SIDE_STYLE('',(#2613));
#1559=EDGE_LOOP('',(#2614));
#1560=EDGE_LOOP('',(#2615));
#1561=AXIS2_PLACEMENT_3D('',#2616,#2617,#2618);
#1562=SURFACE_SIDE_STYLE('',(#2619));
#1563=EDGE_LOOP('',(#2620,#2621,#2622,#2623));
#1564=AXIS2_PLACEMENT_3D('',#2624,#2625,#2626);
#1565=SURFACE_SIDE_STYLE('',(#2627));
#1566=EDGE_LOOP('',(#2628,#2629,#2630,#2631));
#1567=EDGE_LOOP('',(#2632));
#1568=AXIS2_PLACEMENT_3D('',#2633,#2634,#2635);
#1569=SURFACE_SIDE_STYLE('',(#2636));
#1570=EDGE_LOOP('',(#2637,#2638,#2639,#2640));
#1571=AXIS2_PLACEMENT_3D('',#2641,#2642,#2643);
#1572=SURFACE_SIDE_STYLE('',(#2644));
#1573=EDGE_LOOP('',(#2645,#2646,#2647,#2648));
#1574=EDGE_LOOP('',(#2649));
#1575=AXIS2_PLACEMENT_3D('',#2650,#2651,#2652);
#1576=SURFACE_SIDE_STYLE('',(#2653));
#1577=EDGE_LOOP('',(#2654,#2655,#2656,#2657));
#1578=AXIS2_PLACEMENT_3D('',#2658,#2659,#2660);
#1579=SURFACE_SIDE_STYLE('',(#2661));
#1580=EDGE_LOOP('',(#2662,#2663,#2664,#2665));
#1581=AXIS2_PLACEMENT_3D('',#2666,#2667,#2668);
#1582=SURFACE_SIDE_STYLE('',(#2669));
#1583=EDGE_LOOP('',(#2670,#2671,#2672,#2673));
#1584=AXIS2_PLACEMENT_3D('',#2674,#2675,#2676);
#1585=SURFACE_SIDE_STYLE('',(#2677));
#1586=EDGE_LOOP('',(#2678,#2679,#2680,#2681));
#1587=EDGE_LOOP('',(#2682));
#1588=EDGE_LOOP('',(#2683));
#1589=AXIS2_PLACEMENT_3D('',#2684,#2685,#2686);
#1590=SURFACE_SIDE_STYLE('',(#2687));
#1591=EDGE_LOOP('',(#2688));
#1592=EDGE_LOOP('',(#2689));
#1593=AXIS2_PLACEMENT_3D('',#2690,#2691,#2692);
#1594=SURFACE_SIDE_STYLE('',(#2693));
#1595=EDGE_LOOP('',(#2694));
#1596=EDGE_LOOP('',(#2695));
#1597=AXIS2_PLACEMENT_3D('',#2696,#2697,#2698);
#1598=SURFACE_SIDE_STYLE('',(#2699));
#1599=EDGE_LOOP('',(#2700,#2701,#2702,#2703));
#1600=AXIS2_PLACEMENT_3D('',#2704,#2705,#2706);
#1601=SURFACE_SIDE_STYLE('',(#2707));
#1602=EDGE_LOOP('',(#2708,#2709,#2710,#2711));
#1603=EDGE_LOOP('',(#2712));
#1604=EDGE_LOOP('',(#2713));
#1605=AXIS2_PLACEMENT_3D('',#2714,#2715,#2716);
#1606=SURFACE_SIDE_STYLE('',(#2717));
#1607=EDGE_LOOP('',(#2718));
#1608=EDGE_LOOP('',(#2719));
#1609=AXIS2_PLACEMENT_3D('',#2720,#2721,#2722);
#1610=SURFACE_SIDE_STYLE('',(#2723));
#1611=EDGE_LOOP('',(#2724,#2725,#2726,#2727,#2728,#2729,#2730,#2731));
#1612=AXIS2_PLACEMENT_3D('',#2732,#2733,#2734);
#1613=SURFACE_SIDE_STYLE('',(#2735));
#1614=EDGE_LOOP('',(#2736,#2737,#2738,#2739));
#1615=AXIS2_PLACEMENT_3D('',#2740,#2741,#2742);
#1616=SURFACE_SIDE_STYLE('',(#2743));
#1617=EDGE_LOOP('',(#2744));
#1618=EDGE_LOOP('',(#2745));
#1619=AXIS2_PLACEMENT_3D('',#2746,#2747,#2748);
#1620=SURFACE_SIDE_STYLE('',(#2749));
#1621=EDGE_LOOP('',(#2750,#2751,#2752,#2753));
#1622=EDGE_LOOP('',(#2754));
#1623=EDGE_LOOP('',(#2755));
#1624=AXIS2_PLACEMENT_3D('',#2756,#2757,#2758);
#1625=SURFACE_SIDE_STYLE('',(#2759));
#1626=EDGE_LOOP('',(#2760,#2761,#2762,#2763));
#1627=EDGE_LOOP('',(#2764));
#1628=EDGE_LOOP('',(#2765));
#1629=AXIS2_PLACEMENT_3D('',#2766,#2767,#2768);
#1630=SURFACE_SIDE_STYLE('',(#2769));
#1631=EDGE_LOOP('',(#2770));
#1632=EDGE_LOOP('',(#2771));
#1633=AXIS2_PLACEMENT_3D('',#2772,#2773,#2774);
#1634=SURFACE_SIDE_STYLE('',(#2775));
#1635=EDGE_LOOP('',(#2776,#2777,#2778,#2779));
#1636=AXIS2_PLACEMENT_3D('',#2780,#2781,#2782);
#1637=SURFACE_SIDE_STYLE('',(#2783));
#1638=EDGE_LOOP('',(#2784));
#1639=EDGE_LOOP('',(#2785));
#1640=AXIS2_PLACEMENT_3D('',#2786,#2787,#2788);
#1641=SURFACE_SIDE_STYLE('',(#2789));
#1642=EDGE_LOOP('',(#2790,#2791,#2792,#2793));
#1643=AXIS2_PLACEMENT_3D('',#2794,#2795,#2796);
#1644=SURFACE_SIDE_STYLE('',(#2797));
#1645=EDGE_LOOP('',(#2798,#2799,#2800,#2801));
#1646=AXIS2_PLACEMENT_3D('',#2802,#2803,#2804);
#1647=SURFACE_SIDE_STYLE('',(#2805));
#1648=EDGE_LOOP('',(#2806,#2807,#2808,#2809));
#1649=AXIS2_PLACEMENT_3D('',#2810,#2811,#2812);
#1650=SURFACE_SIDE_STYLE('',(#2813));
#1651=EDGE_LOOP('',(#2814,#2815,#2816,#2817));
#1652=AXIS2_PLACEMENT_3D('',#2818,#2819,#2820);
#1653=SURFACE_SIDE_STYLE('',(#2821));
#1654=EDGE_LOOP('',(#2822,#2823,#2824,#2825));
#1655=AXIS2_PLACEMENT_3D('',#2826,#2827,#2828);
#1656=SURFACE_SIDE_STYLE('',(#2829));
#1657=EDGE_LOOP('',(#2830,#2831,#2832,#2833));
#1658=AXIS2_PLACEMENT_3D('',#2834,#2835,#2836);
#1659=SURFACE_SIDE_STYLE('',(#2837));
#1660=EDGE_LOOP('',(#2838,#2839,#2840,#2841));
#1661=AXIS2_PLACEMENT_3D('',#2842,#2843,#2844);
#1662=SURFACE_SIDE_STYLE('',(#2845));
#1663=EDGE_LOOP('',(#2846,#2847,#2848,#2849,#2850,#2851,#2852,#2853));
#1664=AXIS2_PLACEMENT_3D('',#2854,#2855,#2856);
#1665=SURFACE_SIDE_STYLE('',(#2857));
#1666=EDGE_LOOP('',(#2858,#2859,#2860,#2861));
#1667=AXIS2_PLACEMENT_3D('',#2862,#2863,#2864);
#1668=SURFACE_SIDE_STYLE('',(#2865));
#1669=EDGE_LOOP('',(#2866));
#1670=EDGE_LOOP('',(#2867));
#1671=AXIS2_PLACEMENT_3D('',#2868,#2869,#2870);
#1672=SURFACE_SIDE_STYLE('',(#2871));
#1673=EDGE_LOOP('',(#2872));
#1674=EDGE_LOOP('',(#2873));
#1675=AXIS2_PLACEMENT_3D('',#2874,#2875,#2876);
#1676=SURFACE_SIDE_STYLE('',(#2877));
#1677=EDGE_LOOP('',(#2878,#2879,#2880,#2881));
#1678=EDGE_LOOP('',(#2882));
#1679=AXIS2_PLACEMENT_3D('',#2883,#2884,#2885);
#1680=SURFACE_SIDE_STYLE('',(#2886));
#1681=EDGE_LOOP('',(#2887));
#1682=AXIS2_PLACEMENT_3D('',#2888,#2889,#2890);
#1683=SURFACE_SIDE_STYLE('',(#2891));
#1684=EDGE_LOOP('',(#2892,#2893,#2894,#2895,#2896,#2897,#2898,#2899));
#1685=AXIS2_PLACEMENT_3D('',#2900,#2901,#2902);
#1686=SURFACE_SIDE_STYLE('',(#2903));
#1687=EDGE_LOOP('',(#2904));
#1688=EDGE_LOOP('',(#2905));
#1689=AXIS2_PLACEMENT_3D('',#2906,#2907,#2908);
#1690=SURFACE_SIDE_STYLE('',(#2909));
#1691=EDGE_LOOP('',(#2910,#2911,#2912,#2913));
#1692=AXIS2_PLACEMENT_3D('',#2914,#2915,#2916);
#1693=SURFACE_SIDE_STYLE('',(#2917));
#1694=EDGE_LOOP('',(#2918,#2919,#2920,#2921));
#1695=AXIS2_PLACEMENT_3D('',#2922,#2923,#2924);
#1696=SURFACE_SIDE_STYLE('',(#2925));
#1697=EDGE_LOOP('',(#2926,#2927,#2928,#2929));
#1698=AXIS2_PLACEMENT_3D('',#2930,#2931,#2932);
#1699=SURFACE_SIDE_STYLE('',(#2933));
#1700=EDGE_LOOP('',(#2934,#2935,#2936,#2937));
#1701=AXIS2_PLACEMENT_3D('',#2938,#2939,#2940);
#1702=SURFACE_SIDE_STYLE('',(#2941));
#1703=EDGE_LOOP('',(#2942));
#1704=EDGE_LOOP('',(#2943));
#1705=AXIS2_PLACEMENT_3D('',#2944,#2945,#2946);
#1706=SURFACE_SIDE_STYLE('',(#2947));
#1707=EDGE_LOOP('',(#2948));
#1708=EDGE_LOOP('',(#2949));
#1709=AXIS2_PLACEMENT_3D('',#2950,#2951,#2952);
#1710=SURFACE_SIDE_STYLE('',(#2953));
#1711=EDGE_LOOP('',(#2954,#2955,#2956,#2957));
#1712=AXIS2_PLACEMENT_3D('',#2958,#2959,#2960);
#1713=SURFACE_SIDE_STYLE('',(#2961));
#1714=EDGE_LOOP('',(#2962));
#1715=EDGE_LOOP('',(#2963));
#1716=AXIS2_PLACEMENT_3D('',#2964,#2965,#2966);
#1717=SURFACE_SIDE_STYLE('',(#2967));
#1718=EDGE_LOOP('',(#2968,#2969,#2970,#2971));
#1719=AXIS2_PLACEMENT_3D('',#2972,#2973,#2974);
#1720=SURFACE_SIDE_STYLE('',(#2975));
#1721=EDGE_LOOP('',(#2976,#2977,#2978,#2979));
#1722=AXIS2_PLACEMENT_3D('',#2980,#2981,#2982);
#1723=SURFACE_SIDE_STYLE('',(#2983));
#1724=EDGE_LOOP('',(#2984,#2985,#2986,#2987,#2988,#2989));
#1725=AXIS2_PLACEMENT_3D('',#2990,#2991,#2992);
#1726=SURFACE_SIDE_STYLE('',(#2993));
#1727=EDGE_LOOP('',(#2994,#2995,#2996,#2997,#2998,#2999,#3000,#3001));
#1728=AXIS2_PLACEMENT_3D('',#3002,#3003,#3004);
#1729=SURFACE_SIDE_STYLE('',(#3005));
#1730=EDGE_LOOP('',(#3006));
#1731=AXIS2_PLACEMENT_3D('',#3007,#3008,#3009);
#1732=SURFACE_SIDE_STYLE('',(#3010));
#1733=EDGE_LOOP('',(#3011,#3012,#3013,#3014));
#1734=AXIS2_PLACEMENT_3D('',#3015,#3016,#3017);
#1735=SURFACE_SIDE_STYLE('',(#3018));
#1736=EDGE_LOOP('',(#3019,#3020,#3021,#3022));
#1737=AXIS2_PLACEMENT_3D('',#3023,#3024,#3025);
#1738=SURFACE_SIDE_STYLE('',(#3026));
#1739=EDGE_LOOP('',(#3027));
#1740=EDGE_LOOP('',(#3028));
#1741=AXIS2_PLACEMENT_3D('',#3029,#3030,#3031);
#1742=SURFACE_SIDE_STYLE('',(#3032));
#1743=EDGE_LOOP('',(#3033,#3034,#3035,#3036));
#1744=AXIS2_PLACEMENT_3D('',#3037,#3038,#3039);
#1745=SURFACE_SIDE_STYLE('',(#3040));
#1746=EDGE_LOOP('',(#3041,#3042,#3043,#3044));
#1747=AXIS2_PLACEMENT_3D('',#3045,#3046,#3047);
#1748=SURFACE_SIDE_STYLE('',(#3048));
#1749=EDGE_LOOP('',(#3049,#3050,#3051,#3052));
#1750=AXIS2_PLACEMENT_3D('',#3053,#3054,#3055);
#1751=SURFACE_SIDE_STYLE('',(#3056));
#1752=EDGE_LOOP('',(#3057));
#1753=EDGE_LOOP('',(#3058));
#1754=AXIS2_PLACEMENT_3D('',#3059,#3060,#3061);
#1755=SURFACE_SIDE_STYLE('',(#3062));
#1756=EDGE_LOOP('',(#3063,#3064,#3065,#3066,#3067,#3068));
#1757=AXIS2_PLACEMENT_3D('',#3069,#3070,#3071);
#1758=SURFACE_SIDE_STYLE('',(#3072));
#1759=EDGE_LOOP('',(#3073,#3074,#3075,#3076));
#1760=AXIS2_PLACEMENT_3D('',#3077,#3078,#3079);
#1761=SURFACE_SIDE_STYLE('',(#3080));
#1762=EDGE_LOOP('',(#3081,#3082,#3083,#3084));
#1763=AXIS2_PLACEMENT_3D('',#3085,#3086,#3087);
#1764=SURFACE_SIDE_STYLE('',(#3088));
#1765=EDGE_LOOP('',(#3089,#3090,#3091,#3092));
#1766=AXIS2_PLACEMENT_3D('',#3093,#3094,#3095);
#1767=SURFACE_SIDE_STYLE('',(#3096));
#1768=EDGE_LOOP('',(#3097,#3098,#3099,#3100));
#1769=AXIS2_PLACEMENT_3D('',#3101,#3102,#3103);
#1770=SURFACE_SIDE_STYLE('',(#3104));
#1771=EDGE_LOOP('',(#3105,#3106,#3107,#3108));
#1772=AXIS2_PLACEMENT_3D('',#3109,#3110,#3111);
#1773=SURFACE_SIDE_STYLE('',(#3112));
#1774=EDGE_LOOP('',(#3113,#3114,#3115,#3116));
#1775=AXIS2_PLACEMENT_3D('',#3117,#3118,#3119);
#1776=SURFACE_SIDE_STYLE('',(#3120));
#1777=EDGE_LOOP('',(#3121,#3122,#3123,#3124));
#1778=AXIS2_PLACEMENT_3D('',#3125,#3126,#3127);
#1779=SURFACE_SIDE_STYLE('',(#3128));
#1780=EDGE_LOOP('',(#3129,#3130,#3131,#3132));
#1781=AXIS2_PLACEMENT_3D('',#3133,#3134,#3135);
#1782=SURFACE_SIDE_STYLE('',(#3136));
#1783=EDGE_LOOP('',(#3137,#3138,#3139,#3140));
#1784=AXIS2_PLACEMENT_3D('',#3141,#3142,#3143);
#1785=SURFACE_SIDE_STYLE('',(#3144));
#1786=EDGE_LOOP('',(#3145,#3146,#3147,#3148));
#1787=AXIS2_PLACEMENT_3D('',#3149,#3150,#3151);
#1788=SURFACE_SIDE_STYLE('',(#3152));
#1789=EDGE_LOOP('',(#3153));
#1790=EDGE_LOOP('',(#3154));
#1791=AXIS2_PLACEMENT_3D('',#3155,#3156,#3157);
#1792=SURFACE_SIDE_STYLE('',(#3158));
#1793=EDGE_LOOP('',(#3159));
#1794=EDGE_LOOP('',(#3160));
#1795=AXIS2_PLACEMENT_3D('',#3161,#3162,#3163);
#1796=SURFACE_SIDE_STYLE('',(#3164));
#1797=EDGE_LOOP('',(#3165));
#1798=EDGE_LOOP('',(#3166));
#1799=AXIS2_PLACEMENT_3D('',#3167,#3168,#3169);
#1800=SURFACE_SIDE_STYLE('',(#3170));
#1801=EDGE_LOOP('',(#3171));
#1802=EDGE_LOOP('',(#3172));
#1803=AXIS2_PLACEMENT_3D('',#3173,#3174,#3175);
#1804=SURFACE_SIDE_STYLE('',(#3176));
#1805=EDGE_LOOP('',(#3177,#3178,#3179,#3180));
#1806=AXIS2_PLACEMENT_3D('',#3181,#3182,#3183);
#1807=SURFACE_SIDE_STYLE('',(#3184));
#1808=EDGE_LOOP('',(#3185,#3186,#3187,#3188,#3189,#3190,#3191,#3192,#3193,#3194,#3195,#3196,#3197,#3198,#3199,#3200,#3201,#3202,#3203,#3204,#3205,#3206,#3207,#3208,#3209,#3210,#3211,#3212,#3213,#3214,#3215,#3216,#3217,#3218,#3219,#3220,#3221,#3222,#3223,#3224));
#1809=EDGE_LOOP('',(#3225));
#1810=EDGE_LOOP('',(#3226));
#1811=EDGE_LOOP('',(#3227,#3228,#3229,#3230,#3231,#3232,#3233,#3234));
#1812=EDGE_LOOP('',(#3235));
#1813=EDGE_LOOP('',(#3236));
#1814=EDGE_LOOP('',(#3237));
#1815=EDGE_LOOP('',(#3238));
#1816=EDGE_LOOP('',(#3239));
#1817=EDGE_LOOP('',(#3240));
#1818=EDGE_LOOP('',(#3241));
#1819=EDGE_LOOP('',(#3242));
#1820=EDGE_LOOP('',(#3243));
#1821=EDGE_LOOP('',(#3244));
#1822=EDGE_LOOP('',(#3245));
#1823=EDGE_LOOP('',(#3246));
#1824=EDGE_LOOP('',(#3247));
#1825=EDGE_LOOP('',(#3248));
#1826=EDGE_LOOP('',(#3249));
#1827=EDGE_LOOP('',(#3250));
#1828=EDGE_LOOP('',(#3251,#3252,#3253,#3254));
#1829=EDGE_LOOP('',(#3255,#3256,#3257,#3258));
#1830=EDGE_LOOP('',(#3259,#3260,#3261,#3262));
#1831=EDGE_LOOP('',(#3263,#3264,#3265,#3266));
#1832=EDGE_LOOP('',(#3267,#3268,#3269,#3270));
#1833=EDGE_LOOP('',(#3271,#3272,#3273,#3274));
#1834=EDGE_LOOP('',(#3275,#3276,#3277,#3278,#3279,#3280));
#1835=EDGE_LOOP('',(#3281,#3282,#3283,#3284,#3285,#3286));
#1836=EDGE_LOOP('',(#3287,#3288,#3289,#3290,#3291,#3292));
#1837=EDGE_LOOP('',(#3293,#3294,#3295,#3296,#3297,#3298));
#1838=AXIS2_PLACEMENT_3D('',#3299,#3300,#3301);
#1839=SURFACE_SIDE_STYLE('',(#3302));
#1840=EDGE_LOOP('',(#3303,#3304,#3305,#3306));
#1841=AXIS2_PLACEMENT_3D('',#3307,#3308,#3309);
#1842=SURFACE_SIDE_STYLE('',(#3310));
#1843=EDGE_LOOP('',(#3311));
#1844=EDGE_LOOP('',(#3312));
#1845=AXIS2_PLACEMENT_3D('',#3313,#3314,#3315);
#1846=SURFACE_SIDE_STYLE('',(#3316));
#1847=EDGE_LOOP('',(#3317));
#1848=EDGE_LOOP('',(#3318));
#1849=AXIS2_PLACEMENT_3D('',#3319,#3320,#3321);
#1850=SURFACE_SIDE_STYLE('',(#3322));
#1851=EDGE_LOOP('',(#3323));
#1852=EDGE_LOOP('',(#3324));
#1853=AXIS2_PLACEMENT_3D('',#3325,#3326,#3327);
#1854=SURFACE_SIDE_STYLE('',(#3328));
#1855=EDGE_LOOP('',(#3329,#3330,#3331,#3332));
#1856=AXIS2_PLACEMENT_3D('',#3333,#3334,#3335);
#1857=SURFACE_SIDE_STYLE('',(#3336));
#1858=EDGE_LOOP('',(#3337));
#1859=EDGE_LOOP('',(#3338));
#1860=AXIS2_PLACEMENT_3D('',#3339,#3340,#3341);
#1861=SURFACE_SIDE_STYLE('',(#3342));
#1862=EDGE_LOOP('',(#3343,#3344,#3345,#3346));
#1863=AXIS2_PLACEMENT_3D('',#3347,#3348,#3349);
#1864=SURFACE_SIDE_STYLE('',(#3350));
#1865=EDGE_LOOP('',(#3351));
#1866=EDGE_LOOP('',(#3352));
#1867=AXIS2_PLACEMENT_3D('',#3353,#3354,#3355);
#1868=SURFACE_SIDE_STYLE('',(#3356));
#1869=EDGE_LOOP('',(#3357,#3358,#3359,#3360,#3361,#3362,#3363,#3364));
#1870=AXIS2_PLACEMENT_3D('',#3365,#3366,#3367);
#1871=SURFACE_SIDE_STYLE('',(#3368));
#1872=EDGE_LOOP('',(#3369,#3370,#3371,#3372));
#1873=AXIS2_PLACEMENT_3D('',#3373,#3374,#3375);
#1874=SURFACE_SIDE_STYLE('',(#3376));
#1875=EDGE_LOOP('',(#3377));
#1876=EDGE_LOOP('',(#3378));
#1877=AXIS2_PLACEMENT_3D('',#3379,#3380,#3381);
#1878=SURFACE_SIDE_STYLE('',(#3382));
#1879=EDGE_LOOP('',(#3383,#3384,#3385,#3386));
#1880=AXIS2_PLACEMENT_3D('',#3387,#3388,#3389);
#1881=SURFACE_SIDE_STYLE('',(#3390));
#1882=EDGE_LOOP('',(#3391,#3392,#3393,#3394));
#1883=AXIS2_PLACEMENT_3D('',#3395,#3396,#3397);
#1884=SURFACE_SIDE_STYLE('',(#3398));
#1885=EDGE_LOOP('',(#3399,#3400,#3401,#3402));
#1886=AXIS2_PLACEMENT_3D('',#3403,#3404,#3405);
#1887=SURFACE_SIDE_STYLE('',(#3406));
#1888=EDGE_LOOP('',(#3407,#3408,#3409,#3410));
#1889=AXIS2_PLACEMENT_3D('',#3411,#3412,#3413);
#1890=SURFACE_SIDE_STYLE('',(#3414));
#1891=EDGE_LOOP('',(#3415,#3416,#3417,#3418));
#1892=AXIS2_PLACEMENT_3D('',#3419,#3420,#3421);
#1893=SURFACE_SIDE_STYLE('',(#3422));
#1894=EDGE_LOOP('',(#3423));
#1895=EDGE_LOOP('',(#3424));
#1896=AXIS2_PLACEMENT_3D('',#3425,#3426,#3427);
#1897=SURFACE_SIDE_STYLE('',(#3428));
#1898=EDGE_LOOP('',(#3429,#3430,#3431,#3432));
#1899=AXIS2_PLACEMENT_3D('',#3433,#3434,#3435);
#1900=SURFACE_SIDE_STYLE('',(#3436));
#1901=EDGE_LOOP('',(#3437));
#1902=EDGE_LOOP('',(#3438));
#1903=AXIS2_PLACEMENT_3D('',#3439,#3440,#3441);
#1904=SURFACE_SIDE_STYLE('',(#3442));
#1905=EDGE_LOOP('',(#3443));
#1906=EDGE_LOOP('',(#3444));
#1907=AXIS2_PLACEMENT_3D('',#3445,#3446,#3447);
#1908=SURFACE_SIDE_STYLE('',(#3448));
#1909=EDGE_LOOP('',(#3449,#3450,#3451,#3452));
#1910=AXIS2_PLACEMENT_3D('',#3453,#3454,#3455);
#1911=SURFACE_SIDE_STYLE('',(#3456));
#1912=EDGE_LOOP('',(#3457,#3458,#3459,#3460));
#1913=AXIS2_PLACEMENT_3D('',#3461,#3462,#3463);
#1914=SURFACE_SIDE_STYLE('',(#3464));
#1915=EDGE_LOOP('',(#3465,#3466,#3467,#3468));
#1916=AXIS2_PLACEMENT_3D('',#3469,#3470,#3471);
#1917=SURFACE_SIDE_STYLE('',(#3472));
#1918=EDGE_LOOP('',(#3473,#3474,#3475,#3476));
#1919=AXIS2_PLACEMENT_3D('',#3477,#3478,#3479);
#1920=SURFACE_SIDE_STYLE('',(#3480));
#1921=EDGE_LOOP('',(#3481,#3482,#3483,#3484));
#1922=AXIS2_PLACEMENT_3D('',#3485,#3486,#3487);
#1924=SURFACE_STYLE_FILL_AREA(#3488);
#1925=ORIENTED_EDGE('',*,*,#3489,.T.);
#1926=ORIENTED_EDGE('',*,*,#3490,.T.);
#1927=ORIENTED_EDGE('',*,*,#3491,.F.);
#1928=ORIENTED_EDGE('',*,*,#3492,.F.);
#1929=CARTESIAN_POINT('',(0.119850000081311,-0.00175100000000003,0.0235686533267262));
#1930=DIRECTION('',(0.5,0.0,-0.866025403784438));
#1931=DIRECTION('',(0.0,-1.0,0.0));
#1932=SURFACE_STYLE_FILL_AREA(#3493);
#1933=ORIENTED_EDGE('',*,*,#3494,.T.);
#1934=ORIENTED_EDGE('',*,*,#3495,.T.);
#1935=ORIENTED_EDGE('',*,*,#3489,.F.);
#1936=ORIENTED_EDGE('',*,*,#3496,.F.);
#1937=CARTESIAN_POINT('',(0.119850000081311,-0.00175100000000003,0.0199313466308316));
#1938=DIRECTION('',(1.0,-0.0,0.0));
#1939=DIRECTION('',(0.0,1.0,0.0));
#1940=SURFACE_STYLE_FILL_AREA(#3497);
#1941=ORIENTED_EDGE('',*,*,#3498,.F.);
#1942=CARTESIAN_POINT('',(-0.003,0.00174999999999997,0.10825));
#1943=DIRECTION('',(0.0,-1.0,-3.82856869892695E-016));
#1944=DIRECTION('',(0.0,3.82856869892695E-016,-1.0));
#1945=SURFACE_STYLE_FILL_AREA(#3499);
#1946=ORIENTED_EDGE('',*,*,#3500,.F.);
#1947=ORIENTED_EDGE('',*,*,#3501,.F.);
#1948=CARTESIAN_POINT('',(0.123000000081311,0.00455,0.0217499999787789));
#1949=DIRECTION('',(0.0,-1.0,-3.82856869892695E-016));
#1950=DIRECTION('',(1.0,0.0,0.0));
#1951=SURFACE_STYLE_FILL_AREA(#3502);
#1952=ORIENTED_EDGE('',*,*,#3501,.T.);
#1953=ORIENTED_EDGE('',*,*,#3503,.T.);
#1954=CARTESIAN_POINT('',(-0.003,0.00474999999999995,0.10825));
#1955=DIRECTION('',(0.0,-1.0,-3.82856869892695E-016));
#1956=DIRECTION('',(0.0,3.82856869892695E-016,-1.0));
#1957=SURFACE_STYLE_FILL_AREA(#3504);
#1958=ORIENTED_EDGE('',*,*,#3505,.F.);
#1959=ORIENTED_EDGE('',*,*,#3506,.F.);
#1960=ORIENTED_EDGE('',*,*,#3507,.T.);
#1961=ORIENTED_EDGE('',*,*,#3508,.T.);
#1962=CARTESIAN_POINT('',(-0.001,0.00825099999999998,0.0632499999999999));
#1963=DIRECTION('',(1.0,0.0,0.0));
#1964=DIRECTION('',(0.0,1.0,-0.0));
#1965=SURFACE_STYLE_FILL_AREA(#3509);
#1966=ORIENTED_EDGE('',*,*,#3510,.T.);
#1967=ORIENTED_EDGE('',*,*,#3511,.F.);
#1968=CARTESIAN_POINT('',(0.195575,0.00825100000000001,0.000749999999999904));
#1969=DIRECTION('',(0.0,-1.0,-3.82856869892695E-016));
#1970=DIRECTION('',(1.0,0.0,0.0));
#1971=SURFACE_STYLE_FILL_AREA(#3512);
#1972=ORIENTED_EDGE('',*,*,#3513,.F.);
#1973=ORIENTED_EDGE('',*,*,#3514,.F.);
#1974=CARTESIAN_POINT('',(0.00699999992168798,0.00455,0.0217499993952029));
#1975=DIRECTION('',(0.0,-1.0,-3.82856869892695E-016));
#1976=DIRECTION('',(1.0,0.0,0.0));
#1977=SURFACE_STYLE_FILL_AREA(#3515);
#1978=ORIENTED_EDGE('',*,*,#3516,.T.);
#1979=ORIENTED_EDGE('',*,*,#3517,.T.);
#1980=ORIENTED_EDGE('',*,*,#3518,.F.);
#1981=ORIENTED_EDGE('',*,*,#3519,.F.);
#1982=CARTESIAN_POINT('',(0.07519,-0.00175100000000003,0.00254999999999991));
#1983=DIRECTION('',(1.0,-0.0,0.0));
#1984=DIRECTION('',(0.0,1.0,0.0));
#1985=SURFACE_STYLE_FILL_AREA(#3520);
#1986=ORIENTED_EDGE('',*,*,#3521,.F.);
#1987=ORIENTED_EDGE('',*,*,#3522,.T.);
#1988=CARTESIAN_POINT('',(-0.00700100000000001,0.00525,0.0332499999999999));
#1989=DIRECTION('',(1.0,0.0,-0.0));
#1990=DIRECTION('',(0.0,1.0,3.82856869892695E-016));
#1991=SURFACE_STYLE_FILL_AREA(#3523);
#1992=ORIENTED_EDGE('',*,*,#3524,.T.);
#1993=ORIENTED_EDGE('',*,*,#3525,.T.);
#1994=ORIENTED_EDGE('',*,*,#3526,.F.);
#1995=ORIENTED_EDGE('',*,*,#3527,.F.);
#1996=CARTESIAN_POINT('',(0.00700000004846898,-0.00175100000000003,0.109387307010237));
#1997=DIRECTION('',(-0.499999999999998,0.0,-0.86602540378444));
#1998=DIRECTION('',(-0.86602540378444,0.0,0.499999999999998));
#1999=SURFACE_STYLE_FILL_AREA(#3528);
#2000=ORIENTED_EDGE('',*,*,#3529,.T.);
#2001=ORIENTED_EDGE('',*,*,#3530,.F.);
#2002=CARTESIAN_POINT('',(0.231075,0.00825099999999995,0.10575));
#2003=DIRECTION('',(0.0,-1.0,-3.82856869892695E-016));
#2004=DIRECTION('',(1.0,0.0,0.0));
#2005=SURFACE_STYLE_FILL_AREA(#3531);
#2006=ORIENTED_EDGE('',*,*,#3532,.F.);
#2007=ORIENTED_EDGE('',*,*,#3533,.F.);
#2008=ORIENTED_EDGE('',*,*,#3534,.T.);
#2009=ORIENTED_EDGE('',*,*,#3535,.T.);
#2010=CARTESIAN_POINT('',(0.0115,0.00825099999999998,0.0992499999999999));
#2011=DIRECTION('',(0.0,3.82856869892695E-016,-1.0));
#2012=DIRECTION('',(-1.0,0.0,0.0));
#2013=SURFACE_STYLE_FILL_AREA(#3536);
#2014=ORIENTED_EDGE('',*,*,#3537,.T.);
#2015=ORIENTED_EDGE('',*,*,#3538,.F.);
#2016=ORIENTED_EDGE('',*,*,#3539,.F.);
#2017=ORIENTED_EDGE('',*,*,#3540,.T.);
#2018=CARTESIAN_POINT('',(0.2475,0.00825100000000001,-0.000750000000000098));
#2019=DIRECTION('',(0.0,3.82856869892695E-016,-1.0));
#2020=DIRECTION('',(-1.0,0.0,0.0));
#2021=SURFACE_STYLE_FILL_AREA(#3541);
#2022=ORIENTED_EDGE('',*,*,#3542,.T.);
#2023=ORIENTED_EDGE('',*,*,#3543,.T.);
#2024=ORIENTED_EDGE('',*,*,#3544,.F.);
#2025=ORIENTED_EDGE('',*,*,#3545,.F.);
#2026=CARTESIAN_POINT('',(0.06699,-0.00175100000000003,0.00384999999999996));
#2027=DIRECTION('',(-0.0,1.0,0.0));
#2028=DIRECTION('',(0.0,-0.0,1.0));
#2029=SURFACE_STYLE_FILL_AREA(#3546);
#2030=ORIENTED_EDGE('',*,*,#3547,.T.);
#2031=ORIENTED_EDGE('',*,*,#3548,.F.);
#2032=CARTESIAN_POINT('',(0.2222,0.00825099999999995,0.10575));
#2033=DIRECTION('',(0.0,-1.0,-3.82856869892695E-016));
#2034=DIRECTION('',(1.0,0.0,0.0));
#2035=SURFACE_STYLE_FILL_AREA(#3549);
#2036=ORIENTED_EDGE('',*,*,#3550,.F.);
#2037=ORIENTED_EDGE('',*,*,#3551,.F.);
#2038=ORIENTED_EDGE('',*,*,#3552,.F.);
#2039=ORIENTED_EDGE('',*,*,#3553,.F.);
#2040=CARTESIAN_POINT('',(0.243,0.000249999999999972,0.10825));
#2041=DIRECTION('',(0.0,3.82856869892695E-016,-1.0));
#2042=DIRECTION('',(0.0,1.0,3.82856869892695E-016));
#2043=SURFACE_STYLE_FILL_AREA(#3554);
#2044=ORIENTED_EDGE('',*,*,#3555,.T.);
#2045=ORIENTED_EDGE('',*,*,#3556,.F.);
#2046=CARTESIAN_POINT('',(0.1512,0.00825100000000001,0.000749999999999904));
#2047=DIRECTION('',(0.0,-1.0,-3.82856869892695E-016));
#2048=DIRECTION('',(1.0,0.0,0.0));
#2049=SURFACE_STYLE_FILL_AREA(#3557);
#2050=ORIENTED_EDGE('',*,*,#3558,.T.);
#2051=ORIENTED_EDGE('',*,*,#3559,.T.);
#2052=ORIENTED_EDGE('',*,*,#3560,.F.);
#2053=ORIENTED_EDGE('',*,*,#3561,.F.);
#2054=CARTESIAN_POINT('',(0.010149999921688,-0.00175100000000003,0.0235686527431502));
#2055=DIRECTION('',(-1.0,0.0,-9.53850538880736E-016));
#2056=DIRECTION('',(-9.53850538880736E-016,0.0,1.0));
#2057=SURFACE_STYLE_FILL_AREA(#3562);
#2058=ORIENTED_EDGE('',*,*,#3563,.F.);
#2059=ORIENTED_EDGE('',*,*,#3564,.T.);
#2060=ORIENTED_EDGE('',*,*,#3565,.T.);
#2061=ORIENTED_EDGE('',*,*,#3566,.F.);
#2062=CARTESIAN_POINT('',(-0.003,-0.00175000000000003,0.11225));
#2063=DIRECTION('',(0.0,3.82856869892695E-016,-1.0));
#2064=DIRECTION('',(-1.0,0.0,0.0));
#2065=SURFACE_STYLE_FILL_AREA(#3567);
#2066=ORIENTED_EDGE('',*,*,#3568,.F.);
#2067=ORIENTED_EDGE('',*,*,#3569,.F.);
#2068=CARTESIAN_POINT('',(0.177825,-0.000450000000000006,0.000749999999999904));
#2069=DIRECTION('',(0.0,-1.0,-3.82856869892695E-016));
#2070=DIRECTION('',(1.0,0.0,0.0));
#2071=SURFACE_STYLE_FILL_AREA(#3570);
#2072=ORIENTED_EDGE('',*,*,#3571,.F.);
#2073=ORIENTED_EDGE('',*,*,#3572,.F.);
#2074=CARTESIAN_POINT('',(0.177825,-0.000450000000000034,0.10575));
#2075=DIRECTION('',(0.0,-1.0,-3.82856869892695E-016));
#2076=DIRECTION('',(1.0,0.0,0.0));
#2077=SURFACE_STYLE_FILL_AREA(#3573);
#2078=ORIENTED_EDGE('',*,*,#3574,.F.);
#2079=ORIENTED_EDGE('',*,*,#3575,.F.);
#2080=CARTESIAN_POINT('',(0.213325,-0.000450000000000006,0.000749999999999904));
#2081=DIRECTION('',(0.0,-1.0,-3.82856869892695E-016));
#2082=DIRECTION('',(1.0,0.0,0.0));
#2083=SURFACE_STYLE_FILL_AREA(#3576);
#2084=ORIENTED_EDGE('',*,*,#3577,.T.);
#2085=ORIENTED_EDGE('',*,*,#3519,.T.);
#2086=ORIENTED_EDGE('',*,*,#3578,.F.);
#2087=ORIENTED_EDGE('',*,*,#3579,.F.);
#2088=CARTESIAN_POINT('',(0.07399,-0.00175100000000003,0.00254999999999991));
#2089=DIRECTION('',(-0.0,1.0,0.0));
#2090=DIRECTION('',(0.0,-0.0,1.0));
#2091=SURFACE_STYLE_FILL_AREA(#3580);
#2092=ORIENTED_EDGE('',*,*,#3581,.F.);
#2093=ORIENTED_EDGE('',*,*,#3582,.F.);
#2094=ORIENTED_EDGE('',*,*,#3583,.T.);
#2095=ORIENTED_EDGE('',*,*,#3584,.T.);
#2096=CARTESIAN_POINT('',(0.0175,0.00825099999999998,0.0322499999999999));
#2097=DIRECTION('',(0.0,-3.82856869892695E-016,1.0));
#2098=DIRECTION('',(1.0,0.0,0.0));
#2099=SURFACE_STYLE_FILL_AREA(#3585);
#2100=ORIENTED_EDGE('',*,*,#3586,.F.);
#2101=ORIENTED_EDGE('',*,*,#3587,.F.);
#2102=ORIENTED_EDGE('',*,*,#3588,.F.);
#2103=ORIENTED_EDGE('',*,*,#3589,.F.);
#2104=CARTESIAN_POINT('',(0.243,0.000249999999999972,0.10825));
#2105=DIRECTION('',(0.0,3.82856869892695E-016,-1.0));
#2106=DIRECTION('',(0.0,1.0,3.82856869892695E-016));
#2107=SURFACE_STYLE_FILL_AREA(#3590);
#2108=ORIENTED_EDGE('',*,*,#3591,.T.);
#2109=ORIENTED_EDGE('',*,*,#3592,.T.);
#2110=CARTESIAN_POINT('',(0.00699999992168798,0.00825100000000001,0.0217499993952029));
#2111=DIRECTION('',(0.0,-1.0,-3.82856869892695E-016));
#2112=DIRECTION('',(1.0,0.0,0.0));
#2113=SURFACE_STYLE_FILL_AREA(#3593);
#2114=ORIENTED_EDGE('',*,*,#3594,.F.);
#2115=ORIENTED_EDGE('',*,*,#3595,.T.);
#2116=ORIENTED_EDGE('',*,*,#3596,.T.);
#2117=ORIENTED_EDGE('',*,*,#3597,.F.);
#2118=CARTESIAN_POINT('',(0.245,-0.00175000000000003,0.10825));
#2119=DIRECTION('',(-1.0,-0.0,0.0));
#2120=DIRECTION('',(0.0,0.0,1.0));
#2121=SURFACE_STYLE_FILL_AREA(#3598);
#2122=ORIENTED_EDGE('',*,*,#3599,.F.);
#2123=ORIENTED_EDGE('',*,*,#3600,.T.);
#2124=ORIENTED_EDGE('',*,*,#3601,.F.);
#2125=ORIENTED_EDGE('',*,*,#3602,.T.);
#2126=ORIENTED_EDGE('',*,*,#3603,.T.);
#2127=CARTESIAN_POINT('',(-0.003,-0.00175000000000003,0.11225));
#2128=DIRECTION('',(0.0,3.82856869892695E-016,-1.0));
#2129=DIRECTION('',(-1.0,0.0,0.0));
#2130=SURFACE_STYLE_FILL_AREA(#3604);
#2131=ORIENTED_EDGE('',*,*,#3605,.F.);
#2132=ORIENTED_EDGE('',*,*,#3606,.F.);
#2133=ORIENTED_EDGE('',*,*,#3607,.T.);
#2134=ORIENTED_EDGE('',*,*,#3608,.T.);
#2135=CARTESIAN_POINT('',(0.13425,0.00825099999999995,0.10225));
#2136=DIRECTION('',(1.0,0.0,0.0));
#2137=DIRECTION('',(0.0,1.0,-0.0));
#2138=SURFACE_STYLE_FILL_AREA(#3609);
#2139=ORIENTED_EDGE('',*,*,#3610,.T.);
#2140=ORIENTED_EDGE('',*,*,#3611,.F.);
#2141=ORIENTED_EDGE('',*,*,#3612,.F.);
#2142=ORIENTED_EDGE('',*,*,#3613,.T.);
#2143=CARTESIAN_POINT('',(-0.003,-0.00175,-0.0017500000000001));
#2144=DIRECTION('',(0.0,1.0,3.82856869892695E-016));
#2145=DIRECTION('',(-1.0,-0.0,0.0));
#2146=SURFACE_STYLE_FILL_AREA(#3614);
#2147=ORIENTED_EDGE('',*,*,#3615,.T.);
#2148=ORIENTED_EDGE('',*,*,#3616,.F.);
#2149=ORIENTED_EDGE('',*,*,#3617,.F.);
#2150=ORIENTED_EDGE('',*,*,#3564,.F.);
#2151=CARTESIAN_POINT('',(-0.002,0.00825099999999995,0.11075));
#2152=DIRECTION('',(-1.0,-0.0,0.0));
#2153=DIRECTION('',(0.0,0.0,1.0));
#2154=SURFACE_STYLE_FILL_AREA(#3618);
#2155=ORIENTED_EDGE('',*,*,#3619,.F.);
#2156=ORIENTED_EDGE('',*,*,#3620,.F.);
#2157=ORIENTED_EDGE('',*,*,#3621,.F.);
#2158=ORIENTED_EDGE('',*,*,#3622,.F.);
#2159=CARTESIAN_POINT('',(-0.003,0.00025,-0.0037500000000001));
#2160=DIRECTION('',(-1.0,-0.0,0.0));
#2161=DIRECTION('',(0.0,-1.0,-3.82856869892695E-016));
#2162=SURFACE_STYLE_FILL_AREA(#3623);
#2163=ORIENTED_EDGE('',*,*,#3624,.F.);
#2164=ORIENTED_EDGE('',*,*,#3625,.F.);
#2165=CARTESIAN_POINT('',(0.213325,-0.000450000000000034,0.10575));
#2166=DIRECTION('',(0.0,-1.0,-3.82856869892695E-016));
#2167=DIRECTION('',(1.0,0.0,0.0));
#2168=SURFACE_STYLE_FILL_AREA(#3626);
#2169=ORIENTED_EDGE('',*,*,#3627,.F.);
#2170=ORIENTED_EDGE('',*,*,#3628,.F.);
#2171=ORIENTED_EDGE('',*,*,#3629,.F.);
#2172=ORIENTED_EDGE('',*,*,#3630,.F.);
#2173=ORIENTED_EDGE('',*,*,#3559,.F.);
#2174=ORIENTED_EDGE('',*,*,#3631,.F.);
#2175=CARTESIAN_POINT('',(-0.003,-0.00165000000000003,0.10825));
#2176=DIRECTION('',(0.0,-1.0,-3.82856869892695E-016));
#2177=DIRECTION('',(0.0,3.82856869892695E-016,-1.0));
#2178=SURFACE_STYLE_FILL_AREA(#3632);
#2179=ORIENTED_EDGE('',*,*,#3633,.T.);
#2180=ORIENTED_EDGE('',*,*,#3634,.F.);
#2181=CARTESIAN_POINT('',(0.09849,-0.00175100000000003,0.00454999999999991));
#2182=DIRECTION('',(-0.0,1.0,0.0));
#2183=DIRECTION('',(0.0,-0.0,1.0));
#2184=SURFACE_STYLE_FILL_AREA(#3635);
#2185=ORIENTED_EDGE('',*,*,#3636,.T.);
#2186=ORIENTED_EDGE('',*,*,#3637,.F.);
#2187=ORIENTED_EDGE('',*,*,#3638,.F.);
#2188=ORIENTED_EDGE('',*,*,#3639,.T.);
#2189=CARTESIAN_POINT('',(-0.002,0.00825100000000001,-0.0102500000000001));
#2190=DIRECTION('',(-1.0,-0.0,0.0));
#2191=DIRECTION('',(0.0,0.0,1.0));
#2192=SURFACE_STYLE_FILL_AREA(#3640);
#2193=ORIENTED_EDGE('',*,*,#3641,.T.);
#2194=ORIENTED_EDGE('',*,*,#3642,.T.);
#2195=CARTESIAN_POINT('',(0.00700000004846899,0.00825099999999995,0.105750000314343));
#2196=DIRECTION('',(0.0,-1.0,-3.82856869892695E-016));
#2197=DIRECTION('',(1.0,0.0,0.0));
#2198=SURFACE_STYLE_FILL_AREA(#3643);
#2199=ORIENTED_EDGE('',*,*,#3644,.T.);
#2200=ORIENTED_EDGE('',*,*,#3645,.F.);
#2201=ORIENTED_EDGE('',*,*,#3646,.F.);
#2202=ORIENTED_EDGE('',*,*,#3647,.T.);
#2203=CARTESIAN_POINT('',(-0.001,0.00825099999999998,0.0452499999999999));
#2204=DIRECTION('',(0.0,-3.82856869892695E-016,1.0));
#2205=DIRECTION('',(1.0,0.0,0.0));
#2206=SURFACE_STYLE_FILL_AREA(#3648);
#2207=ORIENTED_EDGE('',*,*,#3649,.F.);
#2208=ORIENTED_EDGE('',*,*,#3650,.F.);
#2209=ORIENTED_EDGE('',*,*,#3651,.T.);
#2210=ORIENTED_EDGE('',*,*,#3582,.T.);
#2211=CARTESIAN_POINT('',(0.1271,0.00825099999999998,0.0322499999999999));
#2212=DIRECTION('',(-1.0,-0.0,0.0));
#2213=DIRECTION('',(0.0,0.0,1.0));
#2214=SURFACE_STYLE_FILL_AREA(#3652);
#2215=ORIENTED_EDGE('',*,*,#3653,.F.);
#2216=ORIENTED_EDGE('',*,*,#3654,.F.);
#2217=ORIENTED_EDGE('',*,*,#3655,.F.);
#2218=ORIENTED_EDGE('',*,*,#3656,.F.);
#2219=ORIENTED_EDGE('',*,*,#3657,.F.);
#2220=ORIENTED_EDGE('',*,*,#3525,.F.);
#2221=CARTESIAN_POINT('',(-0.003,-0.00165000000000003,0.10825));
#2222=DIRECTION('',(0.0,-1.0,-3.82856869892695E-016));
#2223=DIRECTION('',(0.0,3.82856869892695E-016,-1.0));
#2224=SURFACE_STYLE_FILL_AREA(#3658);
#2225=ORIENTED_EDGE('',*,*,#3659,.F.);
#2226=ORIENTED_EDGE('',*,*,#3660,.T.);
#2227=ORIENTED_EDGE('',*,*,#3661,.T.);
#2228=ORIENTED_EDGE('',*,*,#3540,.F.);
#2229=CARTESIAN_POINT('',(0.2425,0.00825100000000001,-0.000250000000000097));
#2230=DIRECTION('',(-1.0,-0.0,0.0));
#2231=DIRECTION('',(0.0,0.0,1.0));
#2232=SURFACE_STYLE_FILL_AREA(#3662);
#2233=ORIENTED_EDGE('',*,*,#3663,.F.);
#2234=ORIENTED_EDGE('',*,*,#3664,.T.);
#2235=ORIENTED_EDGE('',*,*,#3665,.T.);
#2236=ORIENTED_EDGE('',*,*,#3666,.T.);
#2237=ORIENTED_EDGE('',*,*,#3667,.T.);
#2238=ORIENTED_EDGE('',*,*,#3668,.F.);
#2239=ORIENTED_EDGE('',*,*,#3669,.F.);
#2240=ORIENTED_EDGE('',*,*,#3596,.F.);
#2241=ORIENTED_EDGE('',*,*,#3670,.T.);
#2242=ORIENTED_EDGE('',*,*,#3671,.T.);
#2243=ORIENTED_EDGE('',*,*,#3672,.F.);
#2244=ORIENTED_EDGE('',*,*,#3589,.T.);
#2245=ORIENTED_EDGE('',*,*,#3673,.T.);
#2246=ORIENTED_EDGE('',*,*,#3659,.T.);
#2247=ORIENTED_EDGE('',*,*,#3539,.T.);
#2248=ORIENTED_EDGE('',*,*,#3674,.F.);
#2249=ORIENTED_EDGE('',*,*,#3675,.F.);
#2250=ORIENTED_EDGE('',*,*,#3676,.F.);
#2251=ORIENTED_EDGE('',*,*,#3677,.T.);
#2252=ORIENTED_EDGE('',*,*,#3678,.T.);
#2253=ORIENTED_EDGE('',*,*,#3679,.F.);
#2254=ORIENTED_EDGE('',*,*,#3680,.T.);
#2255=ORIENTED_EDGE('',*,*,#3681,.T.);
#2256=ORIENTED_EDGE('',*,*,#3682,.T.);
#2257=ORIENTED_EDGE('',*,*,#3638,.T.);
#2258=ORIENTED_EDGE('',*,*,#3683,.F.);
#2259=ORIENTED_EDGE('',*,*,#3610,.F.);
#2260=ORIENTED_EDGE('',*,*,#3684,.F.);
#2261=ORIENTED_EDGE('',*,*,#3685,.T.);
#2262=ORIENTED_EDGE('',*,*,#3686,.T.);
#2263=ORIENTED_EDGE('',*,*,#3687,.F.);
#2264=ORIENTED_EDGE('',*,*,#3688,.T.);
#2265=ORIENTED_EDGE('',*,*,#3689,.T.);
#2266=ORIENTED_EDGE('',*,*,#3690,.T.);
#2267=ORIENTED_EDGE('',*,*,#3691,.T.);
#2268=ORIENTED_EDGE('',*,*,#3692,.F.);
#2269=ORIENTED_EDGE('',*,*,#3693,.F.);
#2270=ORIENTED_EDGE('',*,*,#3565,.F.);
#2271=ORIENTED_EDGE('',*,*,#3617,.T.);
#2272=ORIENTED_EDGE('',*,*,#3694,.T.);
#2273=ORIENTED_EDGE('',*,*,#3633,.F.);
#2274=ORIENTED_EDGE('',*,*,#3695,.F.);
#2275=ORIENTED_EDGE('',*,*,#3544,.T.);
#2276=ORIENTED_EDGE('',*,*,#3696,.T.);
#2277=ORIENTED_EDGE('',*,*,#3697,.T.);
#2278=ORIENTED_EDGE('',*,*,#3698,.T.);
#2279=ORIENTED_EDGE('',*,*,#3578,.T.);
#2280=ORIENTED_EDGE('',*,*,#3518,.T.);
#2281=ORIENTED_EDGE('',*,*,#3699,.T.);
#2282=ORIENTED_EDGE('',*,*,#3700,.T.);
#2283=ORIENTED_EDGE('',*,*,#3556,.T.);
#2284=ORIENTED_EDGE('',*,*,#3701,.T.);
#2285=ORIENTED_EDGE('',*,*,#3702,.T.);
#2286=ORIENTED_EDGE('',*,*,#3511,.T.);
#2287=ORIENTED_EDGE('',*,*,#3703,.T.);
#2288=ORIENTED_EDGE('',*,*,#3704,.T.);
#2289=ORIENTED_EDGE('',*,*,#3705,.T.);
#2290=ORIENTED_EDGE('',*,*,#3530,.T.);
#2291=ORIENTED_EDGE('',*,*,#3548,.T.);
#2292=ORIENTED_EDGE('',*,*,#3706,.T.);
#2293=ORIENTED_EDGE('',*,*,#3707,.T.);
#2294=ORIENTED_EDGE('',*,*,#3708,.T.);
#2295=ORIENTED_EDGE('',*,*,#3709,.T.);
#2296=ORIENTED_EDGE('',*,*,#3710,.T.);
#2297=ORIENTED_EDGE('',*,*,#3711,.F.);
#2298=ORIENTED_EDGE('',*,*,#3712,.F.);
#2299=ORIENTED_EDGE('',*,*,#3713,.F.);
#2300=ORIENTED_EDGE('',*,*,#3507,.F.);
#2301=ORIENTED_EDGE('',*,*,#3714,.F.);
#2302=ORIENTED_EDGE('',*,*,#3715,.F.);
#2303=ORIENTED_EDGE('',*,*,#3534,.F.);
#2304=ORIENTED_EDGE('',*,*,#3716,.F.);
#2305=ORIENTED_EDGE('',*,*,#3717,.F.);
#2306=ORIENTED_EDGE('',*,*,#3583,.F.);
#2307=ORIENTED_EDGE('',*,*,#3651,.F.);
#2308=ORIENTED_EDGE('',*,*,#3718,.F.);
#2309=ORIENTED_EDGE('',*,*,#3719,.F.);
#2310=ORIENTED_EDGE('',*,*,#3720,.F.);
#2311=ORIENTED_EDGE('',*,*,#3721,.F.);
#2312=ORIENTED_EDGE('',*,*,#3722,.F.);
#2313=ORIENTED_EDGE('',*,*,#3723,.T.);
#2314=ORIENTED_EDGE('',*,*,#3646,.T.);
#2315=ORIENTED_EDGE('',*,*,#3724,.T.);
#2316=ORIENTED_EDGE('',*,*,#3725,.T.);
#2317=ORIENTED_EDGE('',*,*,#3726,.T.);
#2318=ORIENTED_EDGE('',*,*,#3727,.T.);
#2319=ORIENTED_EDGE('',*,*,#3607,.F.);
#2320=ORIENTED_EDGE('',*,*,#3728,.F.);
#2321=ORIENTED_EDGE('',*,*,#3729,.F.);
#2322=ORIENTED_EDGE('',*,*,#3730,.F.);
#2323=ORIENTED_EDGE('',*,*,#3731,.T.);
#2324=ORIENTED_EDGE('',*,*,#3732,.T.);
#2325=ORIENTED_EDGE('',*,*,#3733,.T.);
#2326=ORIENTED_EDGE('',*,*,#3734,.T.);
#2327=CARTESIAN_POINT('',(-0.003,-0.000250000000000028,0.10825));
#2328=DIRECTION('',(0.0,-1.0,-3.82856869892695E-016));
#2329=DIRECTION('',(0.0,3.82856869892695E-016,-1.0));
#2330=SURFACE_STYLE_FILL_AREA(#3735);
#2331=ORIENTED_EDGE('',*,*,#3736,.T.);
#2332=ORIENTED_EDGE('',*,*,#3737,.F.);
#2333=ORIENTED_EDGE('',*,*,#3725,.F.);
#2334=ORIENTED_EDGE('',*,*,#3738,.T.);
#2335=CARTESIAN_POINT('',(0.0115,0.00825099999999998,0.0326499999999999));
#2336=DIRECTION('',(0.0,3.82856869892695E-016,-1.0));
#2337=DIRECTION('',(-1.0,0.0,0.0));
#2338=SURFACE_STYLE_FILL_AREA(#3739);
#2339=ORIENTED_EDGE('',*,*,#3740,.F.);
#2340=ORIENTED_EDGE('',*,*,#3741,.F.);
#2341=ORIENTED_EDGE('',*,*,#3712,.T.);
#2342=ORIENTED_EDGE('',*,*,#3742,.T.);
#2343=CARTESIAN_POINT('',(0.0115,0.00825099999999998,0.0506499999999999));
#2344=DIRECTION('',(-1.0,-0.0,0.0));
#2345=DIRECTION('',(0.0,0.0,1.0));
#2346=SURFACE_STYLE_FILL_AREA(#3743);
#2347=ORIENTED_EDGE('',*,*,#3744,.T.);
#2348=ORIENTED_EDGE('',*,*,#3745,.T.);
#2349=CARTESIAN_POINT('',(-0.003,0.00474999999999995,0.10825));
#2350=DIRECTION('',(0.0,-1.0,-3.82856869892695E-016));
#2351=DIRECTION('',(0.0,3.82856869892695E-016,-1.0));
#2352=SURFACE_STYLE_FILL_AREA(#3746);
#2353=ORIENTED_EDGE('',*,*,#3747,.F.);
#2354=ORIENTED_EDGE('',*,*,#3748,.F.);
#2355=ORIENTED_EDGE('',*,*,#3749,.F.);
#2356=ORIENTED_EDGE('',*,*,#3750,.F.);
#2357=CARTESIAN_POINT('',(-0.003,0.00824999999999995,0.10825));
#2358=DIRECTION('',(0.0,-1.0,-3.82856869892695E-016));
#2359=DIRECTION('',(0.0,3.82856869892695E-016,-1.0));
#2360=SURFACE_STYLE_FILL_AREA(#3751);
#2361=ORIENTED_EDGE('',*,*,#3752,.F.);
#2362=ORIENTED_EDGE('',*,*,#3753,.F.);
#2363=CARTESIAN_POINT('',(0.1867,-0.000450000000000034,0.10575));
#2364=DIRECTION('',(0.0,-1.0,-3.82856869892695E-016));
#2365=DIRECTION('',(1.0,0.0,0.0));
#2366=SURFACE_STYLE_FILL_AREA(#3754);
#2367=ORIENTED_EDGE('',*,*,#3642,.F.);
#2368=CARTESIAN_POINT('',(-0.003,0.00174999999999997,0.10825));
#2369=DIRECTION('',(0.0,-1.0,-3.82856869892695E-016));
#2370=DIRECTION('',(0.0,3.82856869892695E-016,-1.0));
#2371=SURFACE_STYLE_FILL_AREA(#3755);
#2372=ORIENTED_EDGE('',*,*,#3756,.F.);
#2373=ORIENTED_EDGE('',*,*,#3757,.F.);
#2374=ORIENTED_EDGE('',*,*,#3729,.T.);
#2375=ORIENTED_EDGE('',*,*,#3758,.T.);
#2376=CARTESIAN_POINT('',(0.23925,0.00825100000000001,0.00424999999999991));
#2377=DIRECTION('',(-1.0,-0.0,0.0));
#2378=DIRECTION('',(0.0,0.0,1.0));
#2379=SURFACE_STYLE_FILL_AREA(#3759);
#2380=ORIENTED_EDGE('',*,*,#3760,.T.);
#2381=ORIENTED_EDGE('',*,*,#3761,.T.);
#2382=ORIENTED_EDGE('',*,*,#3696,.F.);
#2383=ORIENTED_EDGE('',*,*,#3543,.F.);
#2384=CARTESIAN_POINT('',(0.06579,-0.00175100000000003,0.00384999999999996));
#2385=DIRECTION('',(-1.0,0.0,0.0));
#2386=DIRECTION('',(0.0,0.0,1.0));
#2387=SURFACE_STYLE_FILL_AREA(#3762);
#2388=ORIENTED_EDGE('',*,*,#3763,.F.);
#2389=ORIENTED_EDGE('',*,*,#3547,.F.);
#2390=CARTESIAN_POINT('',(0.2222,-0.000450000000000034,0.10575));
#2391=DIRECTION('',(0.0,-1.0,-3.82856869892695E-016));
#2392=DIRECTION('',(1.0,0.0,0.0));
#2393=SURFACE_STYLE_FILL_AREA(#3764);
#2394=ORIENTED_EDGE('',*,*,#3765,.F.);
#2395=ORIENTED_EDGE('',*,*,#3671,.F.);
#2396=ORIENTED_EDGE('',*,*,#3766,.T.);
#2397=ORIENTED_EDGE('',*,*,#3767,.T.);
#2398=CARTESIAN_POINT('',(0.2425,0.00825100000000001,-0.000250000000000097));
#2399=DIRECTION('',(-1.0,-0.0,0.0));
#2400=DIRECTION('',(0.0,0.0,1.0));
#2401=SURFACE_STYLE_FILL_AREA(#3768);
#2402=ORIENTED_EDGE('',*,*,#3769,.F.);
#2403=ORIENTED_EDGE('',*,*,#3742,.F.);
#2404=ORIENTED_EDGE('',*,*,#3711,.T.);
#2405=ORIENTED_EDGE('',*,*,#3506,.T.);
#2406=CARTESIAN_POINT('',(-0.001,0.00825099999999998,0.0506499999999999));
#2407=DIRECTION('',(0.0,-3.82856869892695E-016,1.0));
#2408=DIRECTION('',(1.0,0.0,0.0));
#2409=SURFACE_STYLE_FILL_AREA(#3770);
#2410=ORIENTED_EDGE('',*,*,#3771,.T.);
#2411=ORIENTED_EDGE('',*,*,#3710,.F.);
#2412=CARTESIAN_POINT('',(0.1512,0.00825099999999995,0.10575));
#2413=DIRECTION('',(0.0,-1.0,-3.82856869892695E-016));
#2414=DIRECTION('',(1.0,0.0,0.0));
#2415=SURFACE_STYLE_FILL_AREA(#3772);
#2416=ORIENTED_EDGE('',*,*,#3625,.T.);
#2417=ORIENTED_EDGE('',*,*,#3706,.F.);
#2418=CARTESIAN_POINT('',(0.213325,0.00825099999999995,0.10575));
#2419=DIRECTION('',(0.0,-1.0,-3.82856869892695E-016));
#2420=DIRECTION('',(1.0,0.0,0.0));
#2421=SURFACE_STYLE_FILL_AREA(#3773);
#2422=ORIENTED_EDGE('',*,*,#3774,.F.);
#2423=ORIENTED_EDGE('',*,*,#3775,.F.);
#2424=CARTESIAN_POINT('',(0.122999999986574,0.00454999999999997,0.105749999997295));
#2425=DIRECTION('',(0.0,-1.0,-3.82856869892695E-016));
#2426=DIRECTION('',(1.0,0.0,0.0));
#2427=SURFACE_STYLE_FILL_AREA(#3776);
#2428=ORIENTED_EDGE('',*,*,#3777,.T.);
#2429=ORIENTED_EDGE('',*,*,#3778,.F.);
#2430=CARTESIAN_POINT('',(0.119,0.00425,-0.0057510000000001));
#2431=DIRECTION('',(0.0,-3.82856869892695E-016,1.0));
#2432=DIRECTION('',(0.0,-1.0,-3.82856869892695E-016));
#2433=SURFACE_STYLE_FILL_AREA(#3779);
#2434=ORIENTED_EDGE('',*,*,#3780,.T.);
#2435=ORIENTED_EDGE('',*,*,#3654,.T.);
#2436=ORIENTED_EDGE('',*,*,#3781,.F.);
#2437=ORIENTED_EDGE('',*,*,#3782,.F.);
#2438=CARTESIAN_POINT('',(0.00385000004846899,-0.00175100000000003,0.103931346966395));
#2439=DIRECTION('',(1.0,1.4216107039423E-032,1.69500517004248E-048));
#2440=DIRECTION('',(0.0,-1.19231317360092E-016,1.0));
#2441=SURFACE_STYLE_FILL_AREA(#3783);
#2442=ORIENTED_EDGE('',*,*,#3784,.T.);
#2443=ORIENTED_EDGE('',*,*,#3550,.T.);
#2444=ORIENTED_EDGE('',*,*,#3785,.F.);
#2445=ORIENTED_EDGE('',*,*,#3660,.F.);
#2446=ORIENTED_EDGE('',*,*,#3673,.F.);
#2447=ORIENTED_EDGE('',*,*,#3588,.T.);
#2448=ORIENTED_EDGE('',*,*,#3786,.F.);
#2449=ORIENTED_EDGE('',*,*,#3787,.T.);
#2450=CARTESIAN_POINT('',(0.2475,0.00825100000000001,-0.000250000000000097));
#2451=DIRECTION('',(0.0,3.82856869892695E-016,-1.0));
#2452=DIRECTION('',(-1.0,0.0,0.0));
#2453=SURFACE_STYLE_FILL_AREA(#3788);
#2454=ORIENTED_EDGE('',*,*,#3789,.T.);
#2455=ORIENTED_EDGE('',*,*,#3704,.F.);
#2456=CARTESIAN_POINT('',(0.2222,0.00825100000000001,0.000749999999999904));
#2457=DIRECTION('',(0.0,-1.0,-3.82856869892695E-016));
#2458=DIRECTION('',(1.0,0.0,0.0));
#2459=SURFACE_STYLE_FILL_AREA(#3790);
#2460=ORIENTED_EDGE('',*,*,#3791,.F.);
#2461=ORIENTED_EDGE('',*,*,#3792,.F.);
#2462=ORIENTED_EDGE('',*,*,#3720,.T.);
#2463=ORIENTED_EDGE('',*,*,#3793,.T.);
#2464=CARTESIAN_POINT('',(0.0115,0.00825099999999998,0.0686499999999999));
#2465=DIRECTION('',(-1.0,-0.0,0.0));
#2466=DIRECTION('',(0.0,0.0,1.0));
#2467=SURFACE_STYLE_FILL_AREA(#3794);
#2468=ORIENTED_EDGE('',*,*,#3795,.F.);
#2469=ORIENTED_EDGE('',*,*,#3796,.T.);
#2470=ORIENTED_EDGE('',*,*,#3684,.T.);
#2471=ORIENTED_EDGE('',*,*,#3613,.F.);
#2472=CARTESIAN_POINT('',(-0.00700000000000001,-0.00175,-0.0017500000000001));
#2473=DIRECTION('',(1.0,0.0,0.0));
#2474=DIRECTION('',(0.0,1.0,-0.0));
#2475=SURFACE_STYLE_FILL_AREA(#3797);
#2476=ORIENTED_EDGE('',*,*,#3798,.F.);
#2477=ORIENTED_EDGE('',*,*,#3510,.F.);
#2478=CARTESIAN_POINT('',(0.195575,-0.000450000000000006,0.000749999999999904));
#2479=DIRECTION('',(0.0,-1.0,-3.82856869892695E-016));
#2480=DIRECTION('',(1.0,0.0,0.0));
#2481=SURFACE_STYLE_FILL_AREA(#3799);
#2482=ORIENTED_EDGE('',*,*,#3800,.F.);
#2483=ORIENTED_EDGE('',*,*,#3801,.T.);
#2484=ORIENTED_EDGE('',*,*,#3802,.T.);
#2485=ORIENTED_EDGE('',*,*,#3747,.T.);
#2486=ORIENTED_EDGE('',*,*,#3803,.T.);
#2487=ORIENTED_EDGE('',*,*,#3804,.T.);
#2488=ORIENTED_EDGE('',*,*,#3687,.T.);
#2489=ORIENTED_EDGE('',*,*,#3805,.T.);
#2490=CARTESIAN_POINT('',(-0.0055,0.00825100000000001,-0.000250000000000097));
#2491=DIRECTION('',(0.0,3.82856869892695E-016,-1.0));
#2492=DIRECTION('',(-1.0,0.0,0.0));
#2493=SURFACE_STYLE_FILL_AREA(#3806);
#2494=ORIENTED_EDGE('',*,*,#3500,.T.);
#2495=ORIENTED_EDGE('',*,*,#3734,.F.);
#2496=CARTESIAN_POINT('',(0.123000000081311,0.00825100000000001,0.0217499999787789));
#2497=DIRECTION('',(0.0,-1.0,-3.82856869892695E-016));
#2498=DIRECTION('',(1.0,0.0,0.0));
#2499=SURFACE_STYLE_FILL_AREA(#3807);
#2500=ORIENTED_EDGE('',*,*,#3808,.T.);
#2501=ORIENTED_EDGE('',*,*,#3809,.F.);
#2502=ORIENTED_EDGE('',*,*,#3691,.F.);
#2503=ORIENTED_EDGE('',*,*,#3810,.T.);
#2504=CARTESIAN_POINT('',(-0.00850000000000001,0.00825099999999995,0.10725));
#2505=DIRECTION('',(0.0,-3.82856869892695E-016,1.0));
#2506=DIRECTION('',(1.0,0.0,0.0));
#2507=SURFACE_STYLE_FILL_AREA(#3811);
#2508=ORIENTED_EDGE('',*,*,#3812,.F.);
#2509=ORIENTED_EDGE('',*,*,#3535,.F.);
#2510=ORIENTED_EDGE('',*,*,#3715,.T.);
#2511=ORIENTED_EDGE('',*,*,#3813,.T.);
#2512=CARTESIAN_POINT('',(0.0115,0.00825099999999998,0.0866499999999999));
#2513=DIRECTION('',(-1.0,-0.0,0.0));
#2514=DIRECTION('',(0.0,0.0,1.0));
#2515=SURFACE_STYLE_FILL_AREA(#3814);
#2516=ORIENTED_EDGE('',*,*,#3491,.T.);
#2517=ORIENTED_EDGE('',*,*,#3815,.T.);
#2518=ORIENTED_EDGE('',*,*,#3816,.F.);
#2519=ORIENTED_EDGE('',*,*,#3817,.F.);
#2520=CARTESIAN_POINT('',(0.123000000081311,-0.00175100000000003,0.0253873066746735));
#2521=DIRECTION('',(-0.500000000000001,0.0,-0.866025403784438));
#2522=DIRECTION('',(-0.866025403784438,0.0,0.500000000000001));
#2523=SURFACE_STYLE_FILL_AREA(#3818);
#2524=ORIENTED_EDGE('',*,*,#3560,.T.);
#2525=ORIENTED_EDGE('',*,*,#3630,.T.);
#2526=ORIENTED_EDGE('',*,*,#3819,.F.);
#2527=ORIENTED_EDGE('',*,*,#3820,.F.);
#2528=CARTESIAN_POINT('',(0.010149999921688,-0.00175100000000003,0.0199313460472556));
#2529=DIRECTION('',(-0.5,0.0,0.866025403784438));
#2530=DIRECTION('',(0.0,1.0,0.0));
#2531=SURFACE_STYLE_FILL_AREA(#3821);
#2532=ORIENTED_EDGE('',*,*,#3822,.T.);
#2533=ORIENTED_EDGE('',*,*,#3619,.T.);
#2534=ORIENTED_EDGE('',*,*,#3823,.F.);
#2535=ORIENTED_EDGE('',*,*,#3824,.F.);
#2536=ORIENTED_EDGE('',*,*,#3681,.F.);
#2537=ORIENTED_EDGE('',*,*,#3825,.T.);
#2538=ORIENTED_EDGE('',*,*,#3826,.F.);
#2539=ORIENTED_EDGE('',*,*,#3827,.T.);
#2540=CARTESIAN_POINT('',(-0.0015,0.00825100000000001,-0.0102500000000001));
#2541=DIRECTION('',(-1.0,-0.0,0.0));
#2542=DIRECTION('',(0.0,0.0,1.0));
#2543=SURFACE_STYLE_FILL_AREA(#3828);
#2544=ORIENTED_EDGE('',*,*,#3829,.F.);
#2545=ORIENTED_EDGE('',*,*,#3789,.F.);
#2546=CARTESIAN_POINT('',(0.2222,-0.000450000000000006,0.000749999999999904));
#2547=DIRECTION('',(0.0,-1.0,-3.82856869892695E-016));
#2548=DIRECTION('',(1.0,0.0,0.0));
#2549=SURFACE_STYLE_FILL_AREA(#3830);
#2550=ORIENTED_EDGE('',*,*,#3831,.F.);
#2551=ORIENTED_EDGE('',*,*,#3832,.F.);
#2552=ORIENTED_EDGE('',*,*,#3833,.F.);
#2553=ORIENTED_EDGE('',*,*,#3664,.F.);
#2554=CARTESIAN_POINT('',(-0.003,0.000249999999999972,0.11025));
#2555=DIRECTION('',(1.0,0.0,-0.0));
#2556=DIRECTION('',(0.0,1.0,3.82856869892695E-016));
#2557=SURFACE_STYLE_FILL_AREA(#3834);
#2558=ORIENTED_EDGE('',*,*,#3835,.T.);
#2559=ORIENTED_EDGE('',*,*,#3727,.F.);
#2560=CARTESIAN_POINT('',(0.124,0.00825100000000001,0.0088499999999999));
#2561=DIRECTION('',(0.0,-1.0,-3.82856869892695E-016));
#2562=DIRECTION('',(1.0,0.0,0.0));
#2563=SURFACE_STYLE_FILL_AREA(#3836);
#2564=ORIENTED_EDGE('',*,*,#3526,.T.);
#2565=ORIENTED_EDGE('',*,*,#3657,.T.);
#2566=ORIENTED_EDGE('',*,*,#3837,.F.);
#2567=ORIENTED_EDGE('',*,*,#3838,.F.);
#2568=CARTESIAN_POINT('',(0.010150000048469,-0.00175100000000003,0.10756865366229));
#2569=DIRECTION('',(-1.0,0.0,-9.53850538880737E-016));
#2570=DIRECTION('',(-9.53850538880737E-016,0.0,1.0));
#2571=SURFACE_STYLE_FILL_AREA(#3839);
#2572=ORIENTED_EDGE('',*,*,#3840,.T.);
#2573=ORIENTED_EDGE('',*,*,#3733,.F.);
#2574=CARTESIAN_POINT('',(0.00700000004846899,0.00825099999999995,0.105750000314343));
#2575=DIRECTION('',(0.0,-1.0,-3.82856869892695E-016));
#2576=DIRECTION('',(1.0,0.0,0.0));
#2577=SURFACE_STYLE_FILL_AREA(#3841);
#2578=ORIENTED_EDGE('',*,*,#3840,.F.);
#2579=ORIENTED_EDGE('',*,*,#3744,.F.);
#2580=CARTESIAN_POINT('',(0.00700000004846899,0.00454999999999997,0.105750000314343));
#2581=DIRECTION('',(0.0,-1.0,-3.82856869892695E-016));
#2582=DIRECTION('',(1.0,0.0,0.0));
#2583=SURFACE_STYLE_FILL_AREA(#3842);
#2584=ORIENTED_EDGE('',*,*,#3745,.F.);
#2585=ORIENTED_EDGE('',*,*,#3641,.F.);
#2586=CARTESIAN_POINT('',(0.00700000004846899,0.00474999999999995,0.105750000314343));
#2587=DIRECTION('',(-0.0,1.0,3.82856869892695E-016));
#2588=DIRECTION('',(-1.0,-0.0,0.0));
#2589=SURFACE_STYLE_FILL_AREA(#3843);
#2590=ORIENTED_EDGE('',*,*,#3781,.T.);
#2591=ORIENTED_EDGE('',*,*,#3653,.T.);
#2592=ORIENTED_EDGE('',*,*,#3524,.F.);
#2593=ORIENTED_EDGE('',*,*,#3844,.F.);
#2594=CARTESIAN_POINT('',(0.00385000004846898,-0.00175100000000003,0.10756865366229));
#2595=DIRECTION('',(0.499999999999998,0.0,-0.86602540378444));
#2596=DIRECTION('',(0.0,-1.0,0.0));
#2597=SURFACE_STYLE_FILL_AREA(#3845);
#2598=ORIENTED_EDGE('',*,*,#3846,.T.);
#2599=ORIENTED_EDGE('',*,*,#3628,.T.);
#2600=ORIENTED_EDGE('',*,*,#3847,.F.);
#2601=ORIENTED_EDGE('',*,*,#3848,.F.);
#2602=CARTESIAN_POINT('',(0.00384999992168798,-0.00175100000000003,0.0199313460472556));
#2603=DIRECTION('',(1.0,1.4216107039423E-032,1.69500517004248E-048));
#2604=DIRECTION('',(0.0,-1.19231317360092E-016,1.0));
#2605=SURFACE_STYLE_FILL_AREA(#3849);
#2606=ORIENTED_EDGE('',*,*,#3850,.T.);
#2607=ORIENTED_EDGE('',*,*,#3766,.F.);
#2608=ORIENTED_EDGE('',*,*,#3670,.F.);
#2609=ORIENTED_EDGE('',*,*,#3595,.F.);
#2610=CARTESIAN_POINT('',(0.2435,0.00825099999999995,0.10725));
#2611=DIRECTION('',(0.0,-3.82856869892695E-016,1.0));
#2612=DIRECTION('',(1.0,0.0,0.0));
#2613=SURFACE_STYLE_FILL_AREA(#3851);
#2614=ORIENTED_EDGE('',*,*,#3852,.T.);
#2615=ORIENTED_EDGE('',*,*,#3853,.T.);
#2616=CARTESIAN_POINT('',(0.122999999986574,0.00825099999999995,0.105749999997295));
#2617=DIRECTION('',(0.0,-1.0,-3.82856869892695E-016));
#2618=DIRECTION('',(1.0,0.0,0.0));
#2619=SURFACE_STYLE_FILL_AREA(#3854);
#2620=ORIENTED_EDGE('',*,*,#3855,.F.);
#2621=ORIENTED_EDGE('',*,*,#3600,.F.);
#2622=ORIENTED_EDGE('',*,*,#3856,.F.);
#2623=ORIENTED_EDGE('',*,*,#3857,.F.);
#2624=CARTESIAN_POINT('',(-0.003,0.000249999999999972,0.11025));
#2625=DIRECTION('',(1.0,0.0,-0.0));
#2626=DIRECTION('',(0.0,1.0,3.82856869892695E-016));
#2627=SURFACE_STYLE_FILL_AREA(#3858);
#2628=ORIENTED_EDGE('',*,*,#3826,.T.);
#2629=ORIENTED_EDGE('',*,*,#3859,.T.);
#2630=ORIENTED_EDGE('',*,*,#3860,.F.);
#2631=ORIENTED_EDGE('',*,*,#3861,.T.);
#2632=ORIENTED_EDGE('',*,*,#3777,.F.);
#2633=CARTESIAN_POINT('',(-0.0015,0.00825100000000001,-0.0042500000000001));
#2634=DIRECTION('',(0.0,-3.82856869892695E-016,1.0));
#2635=DIRECTION('',(1.0,0.0,0.0));
#2636=SURFACE_STYLE_FILL_AREA(#3862);
#2637=ORIENTED_EDGE('',*,*,#3847,.T.);
#2638=ORIENTED_EDGE('',*,*,#3627,.T.);
#2639=ORIENTED_EDGE('',*,*,#3863,.F.);
#2640=ORIENTED_EDGE('',*,*,#3864,.F.);
#2641=CARTESIAN_POINT('',(0.00384999992168798,-0.00175100000000003,0.0235686527431502));
#2642=DIRECTION('',(0.5,0.0,-0.866025403784438));
#2643=DIRECTION('',(0.0,-1.0,0.0));
#2644=SURFACE_STYLE_FILL_AREA(#3865);
#2645=ORIENTED_EDGE('',*,*,#3866,.F.);
#2646=ORIENTED_EDGE('',*,*,#3620,.T.);
#2647=ORIENTED_EDGE('',*,*,#3822,.F.);
#2648=ORIENTED_EDGE('',*,*,#3867,.T.);
#2649=ORIENTED_EDGE('',*,*,#3778,.T.);
#2650=CARTESIAN_POINT('',(0.241,-0.00175,-0.0057500000000001));
#2651=DIRECTION('',(0.0,-3.82856869892695E-016,1.0));
#2652=DIRECTION('',(1.0,0.0,0.0));
#2653=SURFACE_STYLE_FILL_AREA(#3868);
#2654=ORIENTED_EDGE('',*,*,#3869,.T.);
#2655=ORIENTED_EDGE('',*,*,#3579,.T.);
#2656=ORIENTED_EDGE('',*,*,#3698,.F.);
#2657=ORIENTED_EDGE('',*,*,#3870,.F.);
#2658=CARTESIAN_POINT('',(0.06699,-0.00175100000000003,0.00134999999999996));
#2659=DIRECTION('',(-3.96508223080413E-015,0.0,-1.0));
#2660=DIRECTION('',(-1.0,0.0,3.96508223080413E-015));
#2661=SURFACE_STYLE_FILL_AREA(#3871);
#2662=ORIENTED_EDGE('',*,*,#3872,.F.);
#2663=ORIENTED_EDGE('',*,*,#3873,.F.);
#2664=ORIENTED_EDGE('',*,*,#3721,.T.);
#2665=ORIENTED_EDGE('',*,*,#3792,.T.);
#2666=CARTESIAN_POINT('',(0.0115,0.00825099999999998,0.0812499999999999));
#2667=DIRECTION('',(0.0,3.82856869892695E-016,-1.0));
#2668=DIRECTION('',(-1.0,0.0,0.0));
#2669=SURFACE_STYLE_FILL_AREA(#3874);
#2670=ORIENTED_EDGE('',*,*,#3875,.F.);
#2671=ORIENTED_EDGE('',*,*,#3584,.F.);
#2672=ORIENTED_EDGE('',*,*,#3717,.T.);
#2673=ORIENTED_EDGE('',*,*,#3876,.T.);
#2674=CARTESIAN_POINT('',(0.0175,0.00825099999999995,0.0996499999999999));
#2675=DIRECTION('',(1.0,0.0,0.0));
#2676=DIRECTION('',(0.0,1.0,-0.0));
#2677=SURFACE_STYLE_FILL_AREA(#3877);
#2678=ORIENTED_EDGE('',*,*,#3786,.T.);
#2679=ORIENTED_EDGE('',*,*,#3587,.T.);
#2680=ORIENTED_EDGE('',*,*,#3878,.F.);
#2681=ORIENTED_EDGE('',*,*,#3879,.T.);
#2682=ORIENTED_EDGE('',*,*,#3880,.T.);
#2683=ORIENTED_EDGE('',*,*,#3881,.T.);
#2684=CARTESIAN_POINT('',(0.2435,0.00825100000000001,-0.000250000000000097));
#2685=DIRECTION('',(-1.0,-0.0,0.0));
#2686=DIRECTION('',(0.0,0.0,1.0));
#2687=SURFACE_STYLE_FILL_AREA(#3882);
#2688=ORIENTED_EDGE('',*,*,#3774,.T.);
#2689=ORIENTED_EDGE('',*,*,#3732,.F.);
#2690=CARTESIAN_POINT('',(0.122999999986574,0.00825099999999995,0.105749999997295));
#2691=DIRECTION('',(0.0,-1.0,-3.82856869892695E-016));
#2692=DIRECTION('',(1.0,0.0,0.0));
#2693=SURFACE_STYLE_FILL_AREA(#3883);
#2694=ORIENTED_EDGE('',*,*,#3775,.T.);
#2695=ORIENTED_EDGE('',*,*,#3884,.T.);
#2696=CARTESIAN_POINT('',(-0.003,0.00474999999999995,0.10825));
#2697=DIRECTION('',(0.0,-1.0,-3.82856869892695E-016));
#2698=DIRECTION('',(0.0,3.82856869892695E-016,-1.0));
#2699=SURFACE_STYLE_FILL_AREA(#3885);
#2700=ORIENTED_EDGE('',*,*,#3805,.F.);
#2701=ORIENTED_EDGE('',*,*,#3686,.F.);
#2702=ORIENTED_EDGE('',*,*,#3886,.T.);
#2703=ORIENTED_EDGE('',*,*,#3887,.T.);
#2704=CARTESIAN_POINT('',(-0.0045,0.00825099999999995,0.10675));
#2705=DIRECTION('',(1.0,0.0,0.0));
#2706=DIRECTION('',(0.0,1.0,-0.0));
#2707=SURFACE_STYLE_FILL_AREA(#3888);
#2708=ORIENTED_EDGE('',*,*,#3802,.F.);
#2709=ORIENTED_EDGE('',*,*,#3889,.T.);
#2710=ORIENTED_EDGE('',*,*,#3890,.F.);
#2711=ORIENTED_EDGE('',*,*,#3748,.T.);
#2712=ORIENTED_EDGE('',*,*,#3891,.F.);
#2713=ORIENTED_EDGE('',*,*,#3522,.F.);
#2714=CARTESIAN_POINT('',(-0.00700000000000001,-0.00175,-0.0017500000000001));
#2715=DIRECTION('',(1.0,0.0,0.0));
#2716=DIRECTION('',(0.0,1.0,-0.0));
#2717=SURFACE_STYLE_FILL_AREA(#3892);
#2718=ORIENTED_EDGE('',*,*,#3513,.T.);
#2719=ORIENTED_EDGE('',*,*,#3731,.F.);
#2720=CARTESIAN_POINT('',(0.00699999992168798,0.00825100000000001,0.0217499993952029));
#2721=DIRECTION('',(0.0,-1.0,-3.82856869892695E-016));
#2722=DIRECTION('',(1.0,0.0,0.0));
#2723=SURFACE_STYLE_FILL_AREA(#3893);
#2724=ORIENTED_EDGE('',*,*,#3894,.F.);
#2725=ORIENTED_EDGE('',*,*,#3621,.T.);
#2726=ORIENTED_EDGE('',*,*,#3866,.T.);
#2727=ORIENTED_EDGE('',*,*,#3895,.T.);
#2728=ORIENTED_EDGE('',*,*,#3860,.T.);
#2729=ORIENTED_EDGE('',*,*,#3896,.T.);
#2730=ORIENTED_EDGE('',*,*,#3679,.T.);
#2731=ORIENTED_EDGE('',*,*,#3897,.T.);
#2732=CARTESIAN_POINT('',(0.2395,0.00825100000000001,-0.0042500000000001));
#2733=DIRECTION('',(1.0,0.0,0.0));
#2734=DIRECTION('',(0.0,1.0,-0.0));
#2735=SURFACE_STYLE_FILL_AREA(#3898);
#2736=ORIENTED_EDGE('',*,*,#3899,.T.);
#2737=ORIENTED_EDGE('',*,*,#3900,.T.);
#2738=ORIENTED_EDGE('',*,*,#3901,.F.);
#2739=ORIENTED_EDGE('',*,*,#3902,.F.);
#2740=CARTESIAN_POINT('',(0.126149999986574,-0.00175100000000003,0.107568653345242));
#2741=DIRECTION('',(-1.0,0.0,-7.63080431104589E-015));
#2742=DIRECTION('',(-7.63080431104589E-015,0.0,1.0));
#2743=SURFACE_STYLE_FILL_AREA(#3903);
#2744=ORIENTED_EDGE('',*,*,#3884,.F.);
#2745=ORIENTED_EDGE('',*,*,#3852,.F.);
#2746=CARTESIAN_POINT('',(0.122999999986574,0.00474999999999995,0.105749999997295));
#2747=DIRECTION('',(-0.0,1.0,3.82856869892695E-016));
#2748=DIRECTION('',(-1.0,-0.0,0.0));
#2749=SURFACE_STYLE_FILL_AREA(#3904);
#2750=ORIENTED_EDGE('',*,*,#3905,.T.);
#2751=ORIENTED_EDGE('',*,*,#3906,.T.);
#2752=ORIENTED_EDGE('',*,*,#3803,.F.);
#2753=ORIENTED_EDGE('',*,*,#3750,.T.);
#2754=ORIENTED_EDGE('',*,*,#3907,.T.);
#2755=ORIENTED_EDGE('',*,*,#3521,.T.);
#2756=CARTESIAN_POINT('',(-0.0055,0.00825099999999995,0.10675));
#2757=DIRECTION('',(1.0,0.0,0.0));
#2758=DIRECTION('',(0.0,1.0,-0.0));
#2759=SURFACE_STYLE_FILL_AREA(#3908);
#2760=ORIENTED_EDGE('',*,*,#3909,.F.);
#2761=ORIENTED_EDGE('',*,*,#3551,.T.);
#2762=ORIENTED_EDGE('',*,*,#3784,.F.);
#2763=ORIENTED_EDGE('',*,*,#3910,.T.);
#2764=ORIENTED_EDGE('',*,*,#3911,.F.);
#2765=ORIENTED_EDGE('',*,*,#3912,.F.);
#2766=CARTESIAN_POINT('',(0.245,-0.00175000000000003,0.10825));
#2767=DIRECTION('',(-1.0,-0.0,0.0));
#2768=DIRECTION('',(0.0,0.0,1.0));
#2769=SURFACE_STYLE_FILL_AREA(#3913);
#2770=ORIENTED_EDGE('',*,*,#3881,.F.);
#2771=ORIENTED_EDGE('',*,*,#3912,.T.);
#2772=CARTESIAN_POINT('',(-0.00700100000000001,0.00525,0.0332499999999999));
#2773=DIRECTION('',(1.0,0.0,-0.0));
#2774=DIRECTION('',(0.0,1.0,3.82856869892695E-016));
#2775=SURFACE_STYLE_FILL_AREA(#3914);
#2776=ORIENTED_EDGE('',*,*,#3915,.T.);
#2777=ORIENTED_EDGE('',*,*,#3916,.T.);
#2778=ORIENTED_EDGE('',*,*,#3494,.F.);
#2779=ORIENTED_EDGE('',*,*,#3917,.F.);
#2780=CARTESIAN_POINT('',(0.123000000081311,-0.00175100000000003,0.0181126932828843));
#2781=DIRECTION('',(0.5,0.0,0.866025403784439));
#2782=DIRECTION('',(-0.0,-1.0,0.0));
#2783=SURFACE_STYLE_FILL_AREA(#3918);
#2784=ORIENTED_EDGE('',*,*,#3919,.T.);
#2785=ORIENTED_EDGE('',*,*,#3707,.F.);
#2786=CARTESIAN_POINT('',(0.195575,0.00825099999999995,0.10575));
#2787=DIRECTION('',(0.0,-1.0,-3.82856869892695E-016));
#2788=DIRECTION('',(1.0,0.0,0.0));
#2789=SURFACE_STYLE_FILL_AREA(#3920);
#2790=ORIENTED_EDGE('',*,*,#3921,.F.);
#2791=ORIENTED_EDGE('',*,*,#3922,.F.);
#2792=ORIENTED_EDGE('',*,*,#3716,.T.);
#2793=ORIENTED_EDGE('',*,*,#3533,.T.);
#2794=CARTESIAN_POINT('',(-0.001,0.00825099999999998,0.0992499999999999));
#2795=DIRECTION('',(1.0,0.0,0.0));
#2796=DIRECTION('',(0.0,1.0,-0.0));
#2797=SURFACE_STYLE_FILL_AREA(#3923);
#2798=ORIENTED_EDGE('',*,*,#3924,.F.);
#2799=ORIENTED_EDGE('',*,*,#3925,.F.);
#2800=ORIENTED_EDGE('',*,*,#3926,.F.);
#2801=ORIENTED_EDGE('',*,*,#3602,.F.);
#2802=CARTESIAN_POINT('',(-0.003,0.00824999999999995,0.10825));
#2803=DIRECTION('',(0.0,-1.0,-3.82856869892695E-016));
#2804=DIRECTION('',(0.0,3.82856869892695E-016,-1.0));
#2805=SURFACE_STYLE_FILL_AREA(#3927);
#2806=ORIENTED_EDGE('',*,*,#3928,.T.);
#2807=ORIENTED_EDGE('',*,*,#3929,.T.);
#2808=ORIENTED_EDGE('',*,*,#3930,.F.);
#2809=ORIENTED_EDGE('',*,*,#3931,.F.);
#2810=CARTESIAN_POINT('',(0.119849999986574,-0.00175100000000003,0.107568653345242));
#2811=DIRECTION('',(0.499999999999998,0.0,-0.86602540378444));
#2812=DIRECTION('',(0.0,-1.0,0.0));
#2813=SURFACE_STYLE_FILL_AREA(#3932);
#2814=ORIENTED_EDGE('',*,*,#3674,.T.);
#2815=ORIENTED_EDGE('',*,*,#3538,.T.);
#2816=ORIENTED_EDGE('',*,*,#3933,.F.);
#2817=ORIENTED_EDGE('',*,*,#3934,.T.);
#2818=CARTESIAN_POINT('',(0.245,-0.00175000000000003,0.10825));
#2819=DIRECTION('',(-1.0,-0.0,0.0));
#2820=DIRECTION('',(0.0,0.0,1.0));
#2821=SURFACE_STYLE_FILL_AREA(#3935);
#2822=ORIENTED_EDGE('',*,*,#3936,.T.);
#2823=ORIENTED_EDGE('',*,*,#3937,.F.);
#2824=ORIENTED_EDGE('',*,*,#3667,.F.);
#2825=ORIENTED_EDGE('',*,*,#3938,.T.);
#2826=CARTESIAN_POINT('',(0.24,0.00825099999999995,0.12375));
#2827=DIRECTION('',(1.0,0.0,0.0));
#2828=DIRECTION('',(0.0,1.0,-0.0));
#2829=SURFACE_STYLE_FILL_AREA(#3939);
#2830=ORIENTED_EDGE('',*,*,#3940,.F.);
#2831=ORIENTED_EDGE('',*,*,#3941,.F.);
#2832=ORIENTED_EDGE('',*,*,#3722,.T.);
#2833=ORIENTED_EDGE('',*,*,#3873,.T.);
#2834=CARTESIAN_POINT('',(-0.001,0.00825099999999998,0.0812499999999999));
#2835=DIRECTION('',(1.0,0.0,0.0));
#2836=DIRECTION('',(0.0,1.0,-0.0));
#2837=SURFACE_STYLE_FILL_AREA(#3942);
#2838=ORIENTED_EDGE('',*,*,#3943,.T.);
#2839=ORIENTED_EDGE('',*,*,#3944,.T.);
#2840=ORIENTED_EDGE('',*,*,#3928,.F.);
#2841=ORIENTED_EDGE('',*,*,#3945,.F.);
#2842=CARTESIAN_POINT('',(0.119849999986574,-0.00175100000000003,0.103931346649347));
#2843=DIRECTION('',(1.0,-0.0,0.0));
#2844=DIRECTION('',(0.0,1.0,0.0));
#2845=SURFACE_STYLE_FILL_AREA(#3946);
#2846=ORIENTED_EDGE('',*,*,#3601,.T.);
#2847=ORIENTED_EDGE('',*,*,#3855,.T.);
#2848=ORIENTED_EDGE('',*,*,#3947,.F.);
#2849=ORIENTED_EDGE('',*,*,#3948,.F.);
#2850=ORIENTED_EDGE('',*,*,#3665,.F.);
#2851=ORIENTED_EDGE('',*,*,#3833,.T.);
#2852=ORIENTED_EDGE('',*,*,#3949,.F.);
#2853=ORIENTED_EDGE('',*,*,#3924,.T.);
#2854=CARTESIAN_POINT('',(0.2395,0.00825099999999995,0.12375));
#2855=DIRECTION('',(1.0,0.0,0.0));
#2856=DIRECTION('',(0.0,1.0,-0.0));
#2857=SURFACE_STYLE_FILL_AREA(#3950);
#2858=ORIENTED_EDGE('',*,*,#3693,.T.);
#2859=ORIENTED_EDGE('',*,*,#3951,.F.);
#2860=ORIENTED_EDGE('',*,*,#3952,.F.);
#2861=ORIENTED_EDGE('',*,*,#3566,.T.);
#2862=CARTESIAN_POINT('',(-0.003,-0.00175000000000003,0.10825));
#2863=DIRECTION('',(0.0,1.0,3.82856869892695E-016));
#2864=DIRECTION('',(-1.0,-0.0,0.0));
#2865=SURFACE_STYLE_FILL_AREA(#3953);
#2866=ORIENTED_EDGE('',*,*,#3753,.T.);
#2867=ORIENTED_EDGE('',*,*,#3708,.F.);
#2868=CARTESIAN_POINT('',(0.1867,0.00825099999999995,0.10575));
#2869=DIRECTION('',(0.0,-1.0,-3.82856869892695E-016));
#2870=DIRECTION('',(1.0,0.0,0.0));
#2871=SURFACE_STYLE_FILL_AREA(#3954);
#2872=ORIENTED_EDGE('',*,*,#3907,.F.);
#2873=ORIENTED_EDGE('',*,*,#3891,.T.);
#2874=CARTESIAN_POINT('',(-0.00700100000000001,0.00524999999999998,0.0732499999999999));
#2875=DIRECTION('',(1.0,0.0,-0.0));
#2876=DIRECTION('',(0.0,1.0,3.82856869892695E-016));
#2877=SURFACE_STYLE_FILL_AREA(#3955);
#2878=ORIENTED_EDGE('',*,*,#3949,.T.);
#2879=ORIENTED_EDGE('',*,*,#3832,.T.);
#2880=ORIENTED_EDGE('',*,*,#3956,.F.);
#2881=ORIENTED_EDGE('',*,*,#3925,.T.);
#2882=ORIENTED_EDGE('',*,*,#3957,.F.);
#2883=CARTESIAN_POINT('',(0.2395,0.00825099999999995,0.11075));
#2884=DIRECTION('',(0.0,3.82856869892695E-016,-1.0));
#2885=DIRECTION('',(-1.0,0.0,0.0));
#2886=SURFACE_STYLE_FILL_AREA(#3958);
#2887=ORIENTED_EDGE('',*,*,#3853,.F.);
#2888=CARTESIAN_POINT('',(-0.003,0.00174999999999997,0.10825));
#2889=DIRECTION('',(0.0,-1.0,-3.82856869892695E-016));
#2890=DIRECTION('',(0.0,3.82856869892695E-016,-1.0));
#2891=SURFACE_STYLE_FILL_AREA(#3959);
#2892=ORIENTED_EDGE('',*,*,#3890,.T.);
#2893=ORIENTED_EDGE('',*,*,#3960,.T.);
#2894=ORIENTED_EDGE('',*,*,#3961,.F.);
#2895=ORIENTED_EDGE('',*,*,#3962,.F.);
#2896=ORIENTED_EDGE('',*,*,#3689,.F.);
#2897=ORIENTED_EDGE('',*,*,#3963,.T.);
#2898=ORIENTED_EDGE('',*,*,#3905,.F.);
#2899=ORIENTED_EDGE('',*,*,#3749,.T.);
#2900=CARTESIAN_POINT('',(-0.00850000000000001,0.00825099999999995,0.10675));
#2901=DIRECTION('',(0.0,-3.82856869892695E-016,1.0));
#2902=DIRECTION('',(1.0,0.0,0.0));
#2903=SURFACE_STYLE_FILL_AREA(#3964);
#2904=ORIENTED_EDGE('',*,*,#3965,.F.);
#2905=ORIENTED_EDGE('',*,*,#3966,.F.);
#2906=CARTESIAN_POINT('',(0.231075,-0.000450000000000006,0.000749999999999904));
#2907=DIRECTION('',(0.0,-1.0,-3.82856869892695E-016));
#2908=DIRECTION('',(1.0,0.0,0.0));
#2909=SURFACE_STYLE_FILL_AREA(#3967);
#2910=ORIENTED_EDGE('',*,*,#3692,.T.);
#2911=ORIENTED_EDGE('',*,*,#3809,.T.);
#2912=ORIENTED_EDGE('',*,*,#3968,.F.);
#2913=ORIENTED_EDGE('',*,*,#3951,.T.);
#2914=CARTESIAN_POINT('',(-0.00700000000000001,-0.00175,-0.0017500000000001));
#2915=DIRECTION('',(1.0,0.0,0.0));
#2916=DIRECTION('',(0.0,1.0,-0.0));
#2917=SURFACE_STYLE_FILL_AREA(#3969);
#2918=ORIENTED_EDGE('',*,*,#3970,.F.);
#2919=ORIENTED_EDGE('',*,*,#3758,.F.);
#2920=ORIENTED_EDGE('',*,*,#3728,.T.);
#2921=ORIENTED_EDGE('',*,*,#3606,.T.);
#2922=CARTESIAN_POINT('',(0.13425,0.00825100000000001,0.00424999999999991));
#2923=DIRECTION('',(0.0,-3.82856869892695E-016,1.0));
#2924=DIRECTION('',(1.0,0.0,0.0));
#2925=SURFACE_STYLE_FILL_AREA(#3971);
#2926=ORIENTED_EDGE('',*,*,#3816,.T.);
#2927=ORIENTED_EDGE('',*,*,#3972,.T.);
#2928=ORIENTED_EDGE('',*,*,#3973,.F.);
#2929=ORIENTED_EDGE('',*,*,#3974,.F.);
#2930=CARTESIAN_POINT('',(0.126150000081311,-0.00175100000000003,0.0235686533267262));
#2931=DIRECTION('',(-1.0,0.0,-7.63080431104589E-015));
#2932=DIRECTION('',(-7.63080431104589E-015,0.0,1.0));
#2933=SURFACE_STYLE_FILL_AREA(#3975);
#2934=ORIENTED_EDGE('',*,*,#3960,.F.);
#2935=ORIENTED_EDGE('',*,*,#3889,.F.);
#2936=ORIENTED_EDGE('',*,*,#3801,.F.);
#2937=ORIENTED_EDGE('',*,*,#3976,.F.);
#2938=CARTESIAN_POINT('',(-0.005,0.000249999999999972,0.10825));
#2939=DIRECTION('',(0.0,-3.82856869892695E-016,1.0));
#2940=DIRECTION('',(0.0,-1.0,-3.82856869892695E-016));
#2941=SURFACE_STYLE_FILL_AREA(#3977);
#2942=ORIENTED_EDGE('',*,*,#3572,.T.);
#2943=ORIENTED_EDGE('',*,*,#3709,.F.);
#2944=CARTESIAN_POINT('',(0.177825,0.00825099999999995,0.10575));
#2945=DIRECTION('',(0.0,-1.0,-3.82856869892695E-016));
#2946=DIRECTION('',(1.0,0.0,0.0));
#2947=SURFACE_STYLE_FILL_AREA(#3978);
#2948=ORIENTED_EDGE('',*,*,#3569,.T.);
#2949=ORIENTED_EDGE('',*,*,#3701,.F.);
#2950=CARTESIAN_POINT('',(0.177825,0.00825100000000001,0.000749999999999904));
#2951=DIRECTION('',(0.0,-1.0,-3.82856869892695E-016));
#2952=DIRECTION('',(1.0,0.0,0.0));
#2953=SURFACE_STYLE_FILL_AREA(#3979);
#2954=ORIENTED_EDGE('',*,*,#3863,.T.);
#2955=ORIENTED_EDGE('',*,*,#3631,.T.);
#2956=ORIENTED_EDGE('',*,*,#3558,.F.);
#2957=ORIENTED_EDGE('',*,*,#3980,.F.);
#2958=CARTESIAN_POINT('',(0.00699999992168798,-0.00175100000000003,0.0253873060910975));
#2959=DIRECTION('',(-0.5,0.0,-0.866025403784439));
#2960=DIRECTION('',(-0.866025403784439,0.0,0.5));
#2961=SURFACE_STYLE_FILL_AREA(#3981);
#2962=ORIENTED_EDGE('',*,*,#3982,.F.);
#2963=ORIENTED_EDGE('',*,*,#3983,.F.);
#2964=CARTESIAN_POINT('',(0.1867,-0.000450000000000006,0.000749999999999904));
#2965=DIRECTION('',(0.0,-1.0,-3.82856869892695E-016));
#2966=DIRECTION('',(1.0,0.0,0.0));
#2967=SURFACE_STYLE_FILL_AREA(#3984);
#2968=ORIENTED_EDGE('',*,*,#3675,.T.);
#2969=ORIENTED_EDGE('',*,*,#3934,.F.);
#2970=ORIENTED_EDGE('',*,*,#3985,.F.);
#2971=ORIENTED_EDGE('',*,*,#3986,.T.);
#2972=CARTESIAN_POINT('',(0.241,-0.00175,-0.0017500000000001));
#2973=DIRECTION('',(0.0,1.0,3.82856869892695E-016));
#2974=DIRECTION('',(-1.0,-0.0,0.0));
#2975=SURFACE_STYLE_FILL_AREA(#3987);
#2976=ORIENTED_EDGE('',*,*,#3988,.F.);
#2977=ORIENTED_EDGE('',*,*,#3876,.F.);
#2978=ORIENTED_EDGE('',*,*,#3718,.T.);
#2979=ORIENTED_EDGE('',*,*,#3650,.T.);
#2980=CARTESIAN_POINT('',(0.1271,0.00825099999999995,0.0996499999999999));
#2981=DIRECTION('',(0.0,3.82856869892695E-016,-1.0));
#2982=DIRECTION('',(-1.0,0.0,0.0));
#2983=SURFACE_STYLE_FILL_AREA(#3989);
#2984=ORIENTED_EDGE('',*,*,#3490,.F.);
#2985=ORIENTED_EDGE('',*,*,#3495,.F.);
#2986=ORIENTED_EDGE('',*,*,#3916,.F.);
#2987=ORIENTED_EDGE('',*,*,#3990,.F.);
#2988=ORIENTED_EDGE('',*,*,#3972,.F.);
#2989=ORIENTED_EDGE('',*,*,#3815,.F.);
#2990=CARTESIAN_POINT('',(-0.003,-0.00165000000000003,0.10825));
#2991=DIRECTION('',(0.0,-1.0,-3.82856869892695E-016));
#2992=DIRECTION('',(0.0,3.82856869892695E-016,-1.0));
#2993=SURFACE_STYLE_FILL_AREA(#3991);
#2994=ORIENTED_EDGE('',*,*,#3992,.F.);
#2995=ORIENTED_EDGE('',*,*,#3856,.T.);
#2996=ORIENTED_EDGE('',*,*,#3599,.T.);
#2997=ORIENTED_EDGE('',*,*,#3926,.T.);
#2998=ORIENTED_EDGE('',*,*,#3956,.T.);
#2999=ORIENTED_EDGE('',*,*,#3831,.T.);
#3000=ORIENTED_EDGE('',*,*,#3663,.T.);
#3001=ORIENTED_EDGE('',*,*,#3993,.T.);
#3002=CARTESIAN_POINT('',(-0.0015,0.00825099999999995,0.11075));
#3003=DIRECTION('',(-1.0,-0.0,0.0));
#3004=DIRECTION('',(0.0,0.0,1.0));
#3005=SURFACE_STYLE_FILL_AREA(#3994);
#3006=ORIENTED_EDGE('',*,*,#3592,.F.);
#3007=CARTESIAN_POINT('',(-0.003,0.00174999999999997,0.10825));
#3008=DIRECTION('',(0.0,-1.0,-3.82856869892695E-016));
#3009=DIRECTION('',(0.0,3.82856869892695E-016,-1.0));
#3010=SURFACE_STYLE_FILL_AREA(#3995);
#3011=ORIENTED_EDGE('',*,*,#3996,.T.);
#3012=ORIENTED_EDGE('',*,*,#3545,.T.);
#3013=ORIENTED_EDGE('',*,*,#3700,.F.);
#3014=ORIENTED_EDGE('',*,*,#3997,.F.);
#3015=CARTESIAN_POINT('',(0.07399,-0.00175100000000003,0.00504999999999991));
#3016=DIRECTION('',(6.23385355123544E-044,1.57218770970387E-029,1.0));
#3017=DIRECTION('',(1.0,-3.96508223080413E-015,0.0));
#3018=SURFACE_STYLE_FILL_AREA(#3998);
#3019=ORIENTED_EDGE('',*,*,#3787,.F.);
#3020=ORIENTED_EDGE('',*,*,#3879,.F.);
#3021=ORIENTED_EDGE('',*,*,#3999,.F.);
#3022=ORIENTED_EDGE('',*,*,#3910,.F.);
#3023=CARTESIAN_POINT('',(-0.003,0.00824999999999995,0.10825));
#3024=DIRECTION('',(0.0,-1.0,-3.82856869892695E-016));
#3025=DIRECTION('',(0.0,3.82856869892695E-016,-1.0));
#3026=SURFACE_STYLE_FILL_AREA(#4000);
#3027=ORIENTED_EDGE('',*,*,#4001,.F.);
#3028=ORIENTED_EDGE('',*,*,#3555,.F.);
#3029=CARTESIAN_POINT('',(0.1512,-0.000450000000000006,0.000749999999999904));
#3030=DIRECTION('',(0.0,-1.0,-3.82856869892695E-016));
#3031=DIRECTION('',(1.0,0.0,0.0));
#3032=SURFACE_STYLE_FILL_AREA(#4002);
#3033=ORIENTED_EDGE('',*,*,#4003,.T.);
#3034=ORIENTED_EDGE('',*,*,#4004,.F.);
#3035=ORIENTED_EDGE('',*,*,#3677,.F.);
#3036=ORIENTED_EDGE('',*,*,#4005,.F.);
#3037=CARTESIAN_POINT('',(0.24,0.00825100000000001,-0.0042500000000001));
#3038=DIRECTION('',(1.0,0.0,0.0));
#3039=DIRECTION('',(0.0,1.0,-0.0));
#3040=SURFACE_STYLE_FILL_AREA(#4006);
#3041=ORIENTED_EDGE('',*,*,#3930,.T.);
#3042=ORIENTED_EDGE('',*,*,#4007,.T.);
#3043=ORIENTED_EDGE('',*,*,#3899,.F.);
#3044=ORIENTED_EDGE('',*,*,#4008,.F.);
#3045=CARTESIAN_POINT('',(0.122999999986574,-0.00175100000000003,0.109387306693189));
#3046=DIRECTION('',(-0.5,0.0,-0.866025403784439));
#3047=DIRECTION('',(-0.866025403784439,0.0,0.5));
#3048=SURFACE_STYLE_FILL_AREA(#4009);
#3049=ORIENTED_EDGE('',*,*,#3895,.F.);
#3050=ORIENTED_EDGE('',*,*,#3867,.F.);
#3051=ORIENTED_EDGE('',*,*,#3827,.F.);
#3052=ORIENTED_EDGE('',*,*,#3861,.F.);
#3053=CARTESIAN_POINT('',(-0.003,0.00824999999999995,0.10825));
#3054=DIRECTION('',(0.0,-1.0,-3.82856869892695E-016));
#3055=DIRECTION('',(0.0,3.82856869892695E-016,-1.0));
#3056=SURFACE_STYLE_FILL_AREA(#4010);
#3057=ORIENTED_EDGE('',*,*,#3966,.T.);
#3058=ORIENTED_EDGE('',*,*,#3705,.F.);
#3059=CARTESIAN_POINT('',(0.231075,0.00825100000000001,0.000749999999999904));
#3060=DIRECTION('',(0.0,-1.0,-3.82856869892695E-016));
#3061=DIRECTION('',(1.0,0.0,0.0));
#3062=SURFACE_STYLE_FILL_AREA(#4011);
#3063=ORIENTED_EDGE('',*,*,#3929,.F.);
#3064=ORIENTED_EDGE('',*,*,#3944,.F.);
#3065=ORIENTED_EDGE('',*,*,#4012,.F.);
#3066=ORIENTED_EDGE('',*,*,#4013,.F.);
#3067=ORIENTED_EDGE('',*,*,#3900,.F.);
#3068=ORIENTED_EDGE('',*,*,#4007,.F.);
#3069=CARTESIAN_POINT('',(-0.003,-0.00165000000000003,0.10825));
#3070=DIRECTION('',(0.0,-1.0,-3.82856869892695E-016));
#3071=DIRECTION('',(0.0,3.82856869892695E-016,-1.0));
#3072=SURFACE_STYLE_FILL_AREA(#4014);
#3073=ORIENTED_EDGE('',*,*,#4015,.T.);
#3074=ORIENTED_EDGE('',*,*,#3647,.F.);
#3075=ORIENTED_EDGE('',*,*,#3723,.F.);
#3076=ORIENTED_EDGE('',*,*,#3737,.T.);
#3077=CARTESIAN_POINT('',(0.0115,0.00825099999999998,0.0452499999999999));
#3078=DIRECTION('',(1.0,0.0,0.0));
#3079=DIRECTION('',(0.0,1.0,-0.0));
#3080=SURFACE_STYLE_FILL_AREA(#4016);
#3081=ORIENTED_EDGE('',*,*,#4017,.T.);
#3082=ORIENTED_EDGE('',*,*,#3655,.T.);
#3083=ORIENTED_EDGE('',*,*,#3780,.F.);
#3084=ORIENTED_EDGE('',*,*,#4018,.F.);
#3085=CARTESIAN_POINT('',(0.00700000004846899,-0.00175100000000003,0.102112693618448));
#3086=DIRECTION('',(0.499999999999998,0.0,0.86602540378444));
#3087=DIRECTION('',(-0.0,-1.0,0.0));
#3088=SURFACE_STYLE_FILL_AREA(#4019);
#3089=ORIENTED_EDGE('',*,*,#4020,.T.);
#3090=ORIENTED_EDGE('',*,*,#4012,.T.);
#3091=ORIENTED_EDGE('',*,*,#3943,.F.);
#3092=ORIENTED_EDGE('',*,*,#4021,.F.);
#3093=CARTESIAN_POINT('',(0.122999999986574,-0.00175100000000003,0.1021126933014));
#3094=DIRECTION('',(0.499999999999998,0.0,0.86602540378444));
#3095=DIRECTION('',(-0.0,-1.0,0.0));
#3096=SURFACE_STYLE_FILL_AREA(#4022);
#3097=ORIENTED_EDGE('',*,*,#4023,.F.);
#3098=ORIENTED_EDGE('',*,*,#3608,.F.);
#3099=ORIENTED_EDGE('',*,*,#3730,.T.);
#3100=ORIENTED_EDGE('',*,*,#3757,.T.);
#3101=CARTESIAN_POINT('',(0.23925,0.00825099999999995,0.10225));
#3102=DIRECTION('',(0.0,3.82856869892695E-016,-1.0));
#3103=DIRECTION('',(-1.0,0.0,0.0));
#3104=SURFACE_STYLE_FILL_AREA(#4024);
#3105=ORIENTED_EDGE('',*,*,#3897,.F.);
#3106=ORIENTED_EDGE('',*,*,#3678,.F.);
#3107=ORIENTED_EDGE('',*,*,#4004,.T.);
#3108=ORIENTED_EDGE('',*,*,#4025,.T.);
#3109=CARTESIAN_POINT('',(-0.0015,0.00825100000000001,-0.0032500000000001));
#3110=DIRECTION('',(0.0,-3.82856869892695E-016,1.0));
#3111=DIRECTION('',(1.0,0.0,0.0));
#3112=SURFACE_STYLE_FILL_AREA(#4026);
#3113=ORIENTED_EDGE('',*,*,#4027,.F.);
#3114=ORIENTED_EDGE('',*,*,#3793,.F.);
#3115=ORIENTED_EDGE('',*,*,#3719,.T.);
#3116=ORIENTED_EDGE('',*,*,#3941,.T.);
#3117=CARTESIAN_POINT('',(-0.001,0.00825099999999998,0.0686499999999999));
#3118=DIRECTION('',(0.0,-3.82856869892695E-016,1.0));
#3119=DIRECTION('',(1.0,0.0,0.0));
#3120=SURFACE_STYLE_FILL_AREA(#4028);
#3121=ORIENTED_EDGE('',*,*,#4029,.F.);
#3122=ORIENTED_EDGE('',*,*,#4005,.T.);
#3123=ORIENTED_EDGE('',*,*,#3676,.T.);
#3124=ORIENTED_EDGE('',*,*,#3986,.F.);
#3125=CARTESIAN_POINT('',(0.241,-0.00175,-0.0057500000000001));
#3126=DIRECTION('',(0.0,-3.82856869892695E-016,1.0));
#3127=DIRECTION('',(1.0,0.0,0.0));
#3128=SURFACE_STYLE_FILL_AREA(#4030);
#3129=ORIENTED_EDGE('',*,*,#3669,.T.);
#3130=ORIENTED_EDGE('',*,*,#4031,.F.);
#3131=ORIENTED_EDGE('',*,*,#4032,.F.);
#3132=ORIENTED_EDGE('',*,*,#3597,.T.);
#3133=CARTESIAN_POINT('',(0.241,-0.00175000000000003,0.10825));
#3134=DIRECTION('',(0.0,1.0,3.82856869892695E-016));
#3135=DIRECTION('',(-1.0,-0.0,0.0));
#3136=SURFACE_STYLE_FILL_AREA(#4033);
#3137=ORIENTED_EDGE('',*,*,#4034,.F.);
#3138=ORIENTED_EDGE('',*,*,#3508,.F.);
#3139=ORIENTED_EDGE('',*,*,#3713,.T.);
#3140=ORIENTED_EDGE('',*,*,#3741,.T.);
#3141=CARTESIAN_POINT('',(0.0115,0.00825099999999998,0.0632499999999999));
#3142=DIRECTION('',(0.0,3.82856869892695E-016,-1.0));
#3143=DIRECTION('',(-1.0,0.0,0.0));
#3144=SURFACE_STYLE_FILL_AREA(#4035);
#3145=ORIENTED_EDGE('',*,*,#3683,.T.);
#3146=ORIENTED_EDGE('',*,*,#3637,.T.);
#3147=ORIENTED_EDGE('',*,*,#4036,.F.);
#3148=ORIENTED_EDGE('',*,*,#3611,.T.);
#3149=CARTESIAN_POINT('',(0.241,-0.00175,-0.0057500000000001));
#3150=DIRECTION('',(0.0,-3.82856869892695E-016,1.0));
#3151=DIRECTION('',(1.0,0.0,0.0));
#3152=SURFACE_STYLE_FILL_AREA(#4037);
#3153=ORIENTED_EDGE('',*,*,#3880,.F.);
#3154=ORIENTED_EDGE('',*,*,#3911,.T.);
#3155=CARTESIAN_POINT('',(-0.00700100000000001,0.00524999999999998,0.0732499999999999));
#3156=DIRECTION('',(1.0,0.0,-0.0));
#3157=DIRECTION('',(0.0,1.0,3.82856869892695E-016));
#3158=SURFACE_STYLE_FILL_AREA(#4038);
#3159=ORIENTED_EDGE('',*,*,#3695,.T.);
#3160=ORIENTED_EDGE('',*,*,#4039,.F.);
#3161=CARTESIAN_POINT('',(0.09849,-0.00175100000000003,0.0138499999999999));
#3162=DIRECTION('',(-0.0,1.0,0.0));
#3163=DIRECTION('',(0.0,-0.0,1.0));
#3164=SURFACE_STYLE_FILL_AREA(#4040);
#3165=ORIENTED_EDGE('',*,*,#3503,.F.);
#3166=ORIENTED_EDGE('',*,*,#4041,.F.);
#3167=CARTESIAN_POINT('',(0.123000000081311,0.00475000000000001,0.0217499999787789));
#3168=DIRECTION('',(-0.0,1.0,3.82856869892695E-016));
#3169=DIRECTION('',(-1.0,-0.0,0.0));
#3170=SURFACE_STYLE_FILL_AREA(#4042);
#3171=ORIENTED_EDGE('',*,*,#4041,.T.);
#3172=ORIENTED_EDGE('',*,*,#3498,.T.);
#3173=CARTESIAN_POINT('',(0.123000000081311,0.00825100000000001,0.0217499999787789));
#3174=DIRECTION('',(0.0,-1.0,-3.82856869892695E-016));
#3175=DIRECTION('',(1.0,0.0,0.0));
#3176=SURFACE_STYLE_FILL_AREA(#4043);
#3177=ORIENTED_EDGE('',*,*,#3819,.T.);
#3178=ORIENTED_EDGE('',*,*,#3629,.T.);
#3179=ORIENTED_EDGE('',*,*,#3846,.F.);
#3180=ORIENTED_EDGE('',*,*,#4044,.F.);
#3181=CARTESIAN_POINT('',(0.00699999992168798,-0.00175100000000003,0.0181126926993083));
#3182=DIRECTION('',(0.5,0.0,0.866025403784439));
#3183=DIRECTION('',(-0.0,-1.0,0.0));
#3184=SURFACE_STYLE_FILL_AREA(#4045);
#3185=ORIENTED_EDGE('',*,*,#3785,.T.);
#3186=ORIENTED_EDGE('',*,*,#3553,.T.);
#3187=ORIENTED_EDGE('',*,*,#4046,.T.);
#3188=ORIENTED_EDGE('',*,*,#3767,.F.);
#3189=ORIENTED_EDGE('',*,*,#3850,.F.);
#3190=ORIENTED_EDGE('',*,*,#3594,.T.);
#3191=ORIENTED_EDGE('',*,*,#4032,.T.);
#3192=ORIENTED_EDGE('',*,*,#4047,.T.);
#3193=ORIENTED_EDGE('',*,*,#3936,.F.);
#3194=ORIENTED_EDGE('',*,*,#4048,.F.);
#3195=ORIENTED_EDGE('',*,*,#3947,.T.);
#3196=ORIENTED_EDGE('',*,*,#3857,.T.);
#3197=ORIENTED_EDGE('',*,*,#3992,.T.);
#3198=ORIENTED_EDGE('',*,*,#4049,.F.);
#3199=ORIENTED_EDGE('',*,*,#3615,.F.);
#3200=ORIENTED_EDGE('',*,*,#3563,.T.);
#3201=ORIENTED_EDGE('',*,*,#3952,.T.);
#3202=ORIENTED_EDGE('',*,*,#3968,.T.);
#3203=ORIENTED_EDGE('',*,*,#3808,.F.);
#3204=ORIENTED_EDGE('',*,*,#4050,.F.);
#3205=ORIENTED_EDGE('',*,*,#3961,.T.);
#3206=ORIENTED_EDGE('',*,*,#3976,.T.);
#3207=ORIENTED_EDGE('',*,*,#3800,.T.);
#3208=ORIENTED_EDGE('',*,*,#3887,.F.);
#3209=ORIENTED_EDGE('',*,*,#4051,.F.);
#3210=ORIENTED_EDGE('',*,*,#3795,.T.);
#3211=ORIENTED_EDGE('',*,*,#3612,.T.);
#3212=ORIENTED_EDGE('',*,*,#4036,.T.);
#3213=ORIENTED_EDGE('',*,*,#3636,.F.);
#3214=ORIENTED_EDGE('',*,*,#4052,.F.);
#3215=ORIENTED_EDGE('',*,*,#3823,.T.);
#3216=ORIENTED_EDGE('',*,*,#3622,.T.);
#3217=ORIENTED_EDGE('',*,*,#3894,.T.);
#3218=ORIENTED_EDGE('',*,*,#4025,.F.);
#3219=ORIENTED_EDGE('',*,*,#4003,.F.);
#3220=ORIENTED_EDGE('',*,*,#4029,.T.);
#3221=ORIENTED_EDGE('',*,*,#3985,.T.);
#3222=ORIENTED_EDGE('',*,*,#3933,.T.);
#3223=ORIENTED_EDGE('',*,*,#3537,.F.);
#3224=ORIENTED_EDGE('',*,*,#3661,.F.);
#3225=ORIENTED_EDGE('',*,*,#3634,.T.);
#3226=ORIENTED_EDGE('',*,*,#4039,.T.);
#3227=ORIENTED_EDGE('',*,*,#3760,.F.);
#3228=ORIENTED_EDGE('',*,*,#3542,.F.);
#3229=ORIENTED_EDGE('',*,*,#3996,.F.);
#3230=ORIENTED_EDGE('',*,*,#4053,.F.);
#3231=ORIENTED_EDGE('',*,*,#3516,.F.);
#3232=ORIENTED_EDGE('',*,*,#3577,.F.);
#3233=ORIENTED_EDGE('',*,*,#3869,.F.);
#3234=ORIENTED_EDGE('',*,*,#4054,.F.);
#3235=ORIENTED_EDGE('',*,*,#3965,.T.);
#3236=ORIENTED_EDGE('',*,*,#3829,.T.);
#3237=ORIENTED_EDGE('',*,*,#3574,.T.);
#3238=ORIENTED_EDGE('',*,*,#3798,.T.);
#3239=ORIENTED_EDGE('',*,*,#3982,.T.);
#3240=ORIENTED_EDGE('',*,*,#3568,.T.);
#3241=ORIENTED_EDGE('',*,*,#4001,.T.);
#3242=ORIENTED_EDGE('',*,*,#4055,.T.);
#3243=ORIENTED_EDGE('',*,*,#3763,.T.);
#3244=ORIENTED_EDGE('',*,*,#3624,.T.);
#3245=ORIENTED_EDGE('',*,*,#4056,.T.);
#3246=ORIENTED_EDGE('',*,*,#3752,.T.);
#3247=ORIENTED_EDGE('',*,*,#3571,.T.);
#3248=ORIENTED_EDGE('',*,*,#4057,.T.);
#3249=ORIENTED_EDGE('',*,*,#3835,.F.);
#3250=ORIENTED_EDGE('',*,*,#4058,.F.);
#3251=ORIENTED_EDGE('',*,*,#3644,.F.);
#3252=ORIENTED_EDGE('',*,*,#4015,.F.);
#3253=ORIENTED_EDGE('',*,*,#3736,.F.);
#3254=ORIENTED_EDGE('',*,*,#4059,.F.);
#3255=ORIENTED_EDGE('',*,*,#3581,.T.);
#3256=ORIENTED_EDGE('',*,*,#3875,.T.);
#3257=ORIENTED_EDGE('',*,*,#3988,.T.);
#3258=ORIENTED_EDGE('',*,*,#3649,.T.);
#3259=ORIENTED_EDGE('',*,*,#3812,.T.);
#3260=ORIENTED_EDGE('',*,*,#4060,.T.);
#3261=ORIENTED_EDGE('',*,*,#3921,.T.);
#3262=ORIENTED_EDGE('',*,*,#3532,.T.);
#3263=ORIENTED_EDGE('',*,*,#3791,.T.);
#3264=ORIENTED_EDGE('',*,*,#4027,.T.);
#3265=ORIENTED_EDGE('',*,*,#3940,.T.);
#3266=ORIENTED_EDGE('',*,*,#3872,.T.);
#3267=ORIENTED_EDGE('',*,*,#3740,.T.);
#3268=ORIENTED_EDGE('',*,*,#3769,.T.);
#3269=ORIENTED_EDGE('',*,*,#3505,.T.);
#3270=ORIENTED_EDGE('',*,*,#4034,.T.);
#3271=ORIENTED_EDGE('',*,*,#3970,.T.);
#3272=ORIENTED_EDGE('',*,*,#3605,.T.);
#3273=ORIENTED_EDGE('',*,*,#4023,.T.);
#3274=ORIENTED_EDGE('',*,*,#3756,.T.);
#3275=ORIENTED_EDGE('',*,*,#3945,.T.);
#3276=ORIENTED_EDGE('',*,*,#3931,.T.);
#3277=ORIENTED_EDGE('',*,*,#4008,.T.);
#3278=ORIENTED_EDGE('',*,*,#3902,.T.);
#3279=ORIENTED_EDGE('',*,*,#4061,.T.);
#3280=ORIENTED_EDGE('',*,*,#4021,.T.);
#3281=ORIENTED_EDGE('',*,*,#3782,.T.);
#3282=ORIENTED_EDGE('',*,*,#3844,.T.);
#3283=ORIENTED_EDGE('',*,*,#3527,.T.);
#3284=ORIENTED_EDGE('',*,*,#3838,.T.);
#3285=ORIENTED_EDGE('',*,*,#4062,.T.);
#3286=ORIENTED_EDGE('',*,*,#4018,.T.);
#3287=ORIENTED_EDGE('',*,*,#3848,.T.);
#3288=ORIENTED_EDGE('',*,*,#3864,.T.);
#3289=ORIENTED_EDGE('',*,*,#3980,.T.);
#3290=ORIENTED_EDGE('',*,*,#3561,.T.);
#3291=ORIENTED_EDGE('',*,*,#3820,.T.);
#3292=ORIENTED_EDGE('',*,*,#4044,.T.);
#3293=ORIENTED_EDGE('',*,*,#3496,.T.);
#3294=ORIENTED_EDGE('',*,*,#3492,.T.);
#3295=ORIENTED_EDGE('',*,*,#3817,.T.);
#3296=ORIENTED_EDGE('',*,*,#3974,.T.);
#3297=ORIENTED_EDGE('',*,*,#4063,.T.);
#3298=ORIENTED_EDGE('',*,*,#3917,.T.);
#3299=CARTESIAN_POINT('',(-0.003,-0.00175000000000003,0.10825));
#3300=DIRECTION('',(0.0,-1.0,-3.82856869892695E-016));
#3301=DIRECTION('',(0.0,3.82856869892695E-016,-1.0));
#3302=SURFACE_STYLE_FILL_AREA(#4064);
#3303=ORIENTED_EDGE('',*,*,#3973,.T.);
#3304=ORIENTED_EDGE('',*,*,#3990,.T.);
#3305=ORIENTED_EDGE('',*,*,#3915,.F.);
#3306=ORIENTED_EDGE('',*,*,#4063,.F.);
#3307=CARTESIAN_POINT('',(0.126150000081311,-0.00175100000000003,0.0199313466308316));
#3308=DIRECTION('',(-0.499999999999999,0.0,0.866025403784439));
#3309=DIRECTION('',(0.0,1.0,0.0));
#3310=SURFACE_STYLE_FILL_AREA(#4065);
#3311=ORIENTED_EDGE('',*,*,#3983,.T.);
#3312=ORIENTED_EDGE('',*,*,#3702,.F.);
#3313=CARTESIAN_POINT('',(0.1867,0.00825100000000001,0.000749999999999904));
#3314=DIRECTION('',(0.0,-1.0,-3.82856869892695E-016));
#3315=DIRECTION('',(1.0,0.0,0.0));
#3316=SURFACE_STYLE_FILL_AREA(#4066);
#3317=ORIENTED_EDGE('',*,*,#4067,.F.);
#3318=ORIENTED_EDGE('',*,*,#3591,.F.);
#3319=CARTESIAN_POINT('',(0.00699999992168798,0.00475000000000001,0.0217499993952029));
#3320=DIRECTION('',(-0.0,1.0,3.82856869892695E-016));
#3321=DIRECTION('',(-1.0,-0.0,0.0));
#3322=SURFACE_STYLE_FILL_AREA(#4068);
#3323=ORIENTED_EDGE('',*,*,#4057,.F.);
#3324=ORIENTED_EDGE('',*,*,#3771,.F.);
#3325=CARTESIAN_POINT('',(0.1512,-0.000450000000000034,0.10575));
#3326=DIRECTION('',(0.0,-1.0,-3.82856869892695E-016));
#3327=DIRECTION('',(1.0,0.0,0.0));
#3328=SURFACE_STYLE_FILL_AREA(#4069);
#3329=ORIENTED_EDGE('',*,*,#4060,.F.);
#3330=ORIENTED_EDGE('',*,*,#3813,.F.);
#3331=ORIENTED_EDGE('',*,*,#3714,.T.);
#3332=ORIENTED_EDGE('',*,*,#3922,.T.);
#3333=CARTESIAN_POINT('',(-0.001,0.00825099999999998,0.0866499999999999));
#3334=DIRECTION('',(0.0,-3.82856869892695E-016,1.0));
#3335=DIRECTION('',(1.0,0.0,0.0));
#3336=SURFACE_STYLE_FILL_AREA(#4070);
#3337=ORIENTED_EDGE('',*,*,#4058,.T.);
#3338=ORIENTED_EDGE('',*,*,#3726,.F.);
#3339=CARTESIAN_POINT('',(0.0125,0.00825100000000001,0.0070499999999999));
#3340=DIRECTION('',(0.0,-1.0,-3.82856869892695E-016));
#3341=DIRECTION('',(1.0,0.0,0.0));
#3342=SURFACE_STYLE_FILL_AREA(#4071);
#3343=ORIENTED_EDGE('',*,*,#3837,.T.);
#3344=ORIENTED_EDGE('',*,*,#3656,.T.);
#3345=ORIENTED_EDGE('',*,*,#4017,.F.);
#3346=ORIENTED_EDGE('',*,*,#4062,.F.);
#3347=CARTESIAN_POINT('',(0.010150000048469,-0.00175100000000003,0.103931346966395));
#3348=DIRECTION('',(-0.500000000000001,0.0,0.866025403784438));
#3349=DIRECTION('',(0.0,1.0,0.0));
#3350=SURFACE_STYLE_FILL_AREA(#4072);
#3351=ORIENTED_EDGE('',*,*,#3514,.T.);
#3352=ORIENTED_EDGE('',*,*,#4067,.T.);
#3353=CARTESIAN_POINT('',(-0.003,0.00474999999999995,0.10825));
#3354=DIRECTION('',(0.0,-1.0,-3.82856869892695E-016));
#3355=DIRECTION('',(0.0,3.82856869892695E-016,-1.0));
#3356=SURFACE_STYLE_FILL_AREA(#4073);
#3357=ORIENTED_EDGE('',*,*,#4046,.F.);
#3358=ORIENTED_EDGE('',*,*,#3552,.T.);
#3359=ORIENTED_EDGE('',*,*,#3909,.T.);
#3360=ORIENTED_EDGE('',*,*,#3999,.T.);
#3361=ORIENTED_EDGE('',*,*,#3878,.T.);
#3362=ORIENTED_EDGE('',*,*,#3586,.T.);
#3363=ORIENTED_EDGE('',*,*,#3672,.T.);
#3364=ORIENTED_EDGE('',*,*,#3765,.T.);
#3365=CARTESIAN_POINT('',(0.2435,0.00825099999999995,0.10675));
#3366=DIRECTION('',(0.0,-3.82856869892695E-016,1.0));
#3367=DIRECTION('',(1.0,0.0,0.0));
#3368=SURFACE_STYLE_FILL_AREA(#4074);
#3369=ORIENTED_EDGE('',*,*,#3690,.F.);
#3370=ORIENTED_EDGE('',*,*,#3962,.T.);
#3371=ORIENTED_EDGE('',*,*,#4050,.T.);
#3372=ORIENTED_EDGE('',*,*,#3810,.F.);
#3373=CARTESIAN_POINT('',(-0.0045,0.00825099999999995,0.10675));
#3374=DIRECTION('',(1.0,0.0,0.0));
#3375=DIRECTION('',(0.0,1.0,-0.0));
#3376=SURFACE_STYLE_FILL_AREA(#4075);
#3377=ORIENTED_EDGE('',*,*,#3575,.T.);
#3378=ORIENTED_EDGE('',*,*,#3703,.F.);
#3379=CARTESIAN_POINT('',(0.213325,0.00825100000000001,0.000749999999999904));
#3380=DIRECTION('',(0.0,-1.0,-3.82856869892695E-016));
#3381=DIRECTION('',(1.0,0.0,0.0));
#3382=SURFACE_STYLE_FILL_AREA(#4076);
#3383=ORIENTED_EDGE('',*,*,#4053,.T.);
#3384=ORIENTED_EDGE('',*,*,#3997,.T.);
#3385=ORIENTED_EDGE('',*,*,#3699,.F.);
#3386=ORIENTED_EDGE('',*,*,#3517,.F.);
#3387=CARTESIAN_POINT('',(0.07399,-0.00175100000000003,0.00384999999999996));
#3388=DIRECTION('',(-0.0,1.0,0.0));
#3389=DIRECTION('',(0.0,-0.0,1.0));
#3390=SURFACE_STYLE_FILL_AREA(#4077);
#3391=ORIENTED_EDGE('',*,*,#4054,.T.);
#3392=ORIENTED_EDGE('',*,*,#3870,.T.);
#3393=ORIENTED_EDGE('',*,*,#3697,.F.);
#3394=ORIENTED_EDGE('',*,*,#3761,.F.);
#3395=CARTESIAN_POINT('',(0.06699,-0.00175100000000003,0.00254999999999991));
#3396=DIRECTION('',(-0.0,1.0,0.0));
#3397=DIRECTION('',(0.0,-0.0,1.0));
#3398=SURFACE_STYLE_FILL_AREA(#4078);
#3399=ORIENTED_EDGE('',*,*,#3901,.T.);
#3400=ORIENTED_EDGE('',*,*,#4013,.T.);
#3401=ORIENTED_EDGE('',*,*,#4020,.F.);
#3402=ORIENTED_EDGE('',*,*,#4061,.F.);
#3403=CARTESIAN_POINT('',(0.126149999986574,-0.00175100000000003,0.103931346649347));
#3404=DIRECTION('',(-0.5,0.0,0.866025403784439));
#3405=DIRECTION('',(0.0,1.0,0.0));
#3406=SURFACE_STYLE_FILL_AREA(#4079);
#3407=ORIENTED_EDGE('',*,*,#3668,.T.);
#3408=ORIENTED_EDGE('',*,*,#3937,.T.);
#3409=ORIENTED_EDGE('',*,*,#4047,.F.);
#3410=ORIENTED_EDGE('',*,*,#4031,.T.);
#3411=CARTESIAN_POINT('',(-0.003,-0.00175000000000003,0.11225));
#3412=DIRECTION('',(0.0,3.82856869892695E-016,-1.0));
#3413=DIRECTION('',(-1.0,0.0,0.0));
#3414=SURFACE_STYLE_FILL_AREA(#4080);
#3415=ORIENTED_EDGE('',*,*,#3804,.F.);
#3416=ORIENTED_EDGE('',*,*,#3906,.F.);
#3417=ORIENTED_EDGE('',*,*,#3963,.F.);
#3418=ORIENTED_EDGE('',*,*,#3688,.F.);
#3419=CARTESIAN_POINT('',(-0.005,0.000249999999999972,0.10825));
#3420=DIRECTION('',(0.0,-3.82856869892695E-016,1.0));
#3421=DIRECTION('',(0.0,-1.0,-3.82856869892695E-016));
#3422=SURFACE_STYLE_FILL_AREA(#4081);
#3423=ORIENTED_EDGE('',*,*,#4055,.F.);
#3424=ORIENTED_EDGE('',*,*,#3529,.F.);
#3425=CARTESIAN_POINT('',(0.231075,-0.000450000000000034,0.10575));
#3426=DIRECTION('',(0.0,-1.0,-3.82856869892695E-016));
#3427=DIRECTION('',(1.0,0.0,0.0));
#3428=SURFACE_STYLE_FILL_AREA(#4082);
#3429=ORIENTED_EDGE('',*,*,#3896,.F.);
#3430=ORIENTED_EDGE('',*,*,#3859,.F.);
#3431=ORIENTED_EDGE('',*,*,#3825,.F.);
#3432=ORIENTED_EDGE('',*,*,#3680,.F.);
#3433=CARTESIAN_POINT('',(-0.003,0.00025,-0.0037500000000001));
#3434=DIRECTION('',(-1.0,-0.0,0.0));
#3435=DIRECTION('',(0.0,-1.0,-3.82856869892695E-016));
#3436=SURFACE_STYLE_FILL_AREA(#4083);
#3437=ORIENTED_EDGE('',*,*,#3957,.T.);
#3438=ORIENTED_EDGE('',*,*,#3603,.F.);
#3439=CARTESIAN_POINT('',(0.119,0.00425,-0.0057510000000001));
#3440=DIRECTION('',(0.0,-3.82856869892695E-016,1.0));
#3441=DIRECTION('',(0.0,-1.0,-3.82856869892695E-016));
#3442=SURFACE_STYLE_FILL_AREA(#4084);
#3443=ORIENTED_EDGE('',*,*,#4056,.F.);
#3444=ORIENTED_EDGE('',*,*,#3919,.F.);
#3445=CARTESIAN_POINT('',(0.195575,-0.000450000000000034,0.10575));
#3446=DIRECTION('',(0.0,-1.0,-3.82856869892695E-016));
#3447=DIRECTION('',(1.0,0.0,0.0));
#3448=SURFACE_STYLE_FILL_AREA(#4085);
#3449=ORIENTED_EDGE('',*,*,#3666,.F.);
#3450=ORIENTED_EDGE('',*,*,#3948,.T.);
#3451=ORIENTED_EDGE('',*,*,#4048,.T.);
#3452=ORIENTED_EDGE('',*,*,#3938,.F.);
#3453=CARTESIAN_POINT('',(0.2395,0.00825099999999995,0.10975));
#3454=DIRECTION('',(0.0,3.82856869892695E-016,-1.0));
#3455=DIRECTION('',(-1.0,0.0,0.0));
#3456=SURFACE_STYLE_FILL_AREA(#4086);
#3457=ORIENTED_EDGE('',*,*,#3993,.F.);
#3458=ORIENTED_EDGE('',*,*,#3694,.F.);
#3459=ORIENTED_EDGE('',*,*,#3616,.T.);
#3460=ORIENTED_EDGE('',*,*,#4049,.T.);
#3461=CARTESIAN_POINT('',(0.2395,0.00825099999999995,0.10975));
#3462=DIRECTION('',(0.0,3.82856869892695E-016,-1.0));
#3463=DIRECTION('',(-1.0,0.0,0.0));
#3464=SURFACE_STYLE_FILL_AREA(#4087);
#3465=ORIENTED_EDGE('',*,*,#4051,.T.);
#3466=ORIENTED_EDGE('',*,*,#3886,.F.);
#3467=ORIENTED_EDGE('',*,*,#3685,.F.);
#3468=ORIENTED_EDGE('',*,*,#3796,.F.);
#3469=CARTESIAN_POINT('',(-0.0055,0.00825100000000001,-0.000750000000000098));
#3470=DIRECTION('',(0.0,3.82856869892695E-016,-1.0));
#3471=DIRECTION('',(-1.0,0.0,0.0));
#3472=SURFACE_STYLE_FILL_AREA(#4088);
#3473=ORIENTED_EDGE('',*,*,#3682,.F.);
#3474=ORIENTED_EDGE('',*,*,#3824,.T.);
#3475=ORIENTED_EDGE('',*,*,#4052,.T.);
#3476=ORIENTED_EDGE('',*,*,#3639,.F.);
#3477=CARTESIAN_POINT('',(-0.0015,0.00825100000000001,-0.0032500000000001));
#3478=DIRECTION('',(0.0,-3.82856869892695E-016,1.0));
#3479=DIRECTION('',(1.0,0.0,0.0));
#3480=SURFACE_STYLE_FILL_AREA(#4089);
#3481=ORIENTED_EDGE('',*,*,#4059,.T.);
#3482=ORIENTED_EDGE('',*,*,#3738,.F.);
#3483=ORIENTED_EDGE('',*,*,#3724,.F.);
#3484=ORIENTED_EDGE('',*,*,#3645,.T.);
#3485=CARTESIAN_POINT('',(-0.001,0.00825099999999998,0.0326499999999999));
#3486=DIRECTION('',(-1.0,-0.0,0.0));
#3487=DIRECTION('',(0.0,0.0,1.0));
#3488=FILL_AREA_STYLE('',(#4090));
#3489=EDGE_CURVE('',#4091,#4092,#4093,.T.);
#3490=EDGE_CURVE('',#4092,#4094,#4095,.T.);
#3491=EDGE_CURVE('',#4096,#4094,#4097,.T.);
#3492=EDGE_CURVE('',#4091,#4096,#4098,.T.);
#3493=FILL_AREA_STYLE('',(#4099));
#3494=EDGE_CURVE('',#4100,#4101,#4102,.T.);
#3495=EDGE_CURVE('',#4101,#4092,#4103,.T.);
#3496=EDGE_CURVE('',#4100,#4091,#4104,.T.);
#3497=FILL_AREA_STYLE('',(#4105));
#3498=EDGE_CURVE('',#4106,#4106,#4107,.T.);
#3499=FILL_AREA_STYLE('',(#4108));
#3500=EDGE_CURVE('',#4109,#4109,#4110,.T.);
#3501=EDGE_CURVE('',#4111,#4111,#4112,.T.);
#3502=FILL_AREA_STYLE('',(#4113));
#3503=EDGE_CURVE('',#4114,#4114,#4115,.T.);
#3504=FILL_AREA_STYLE('',(#4116));
#3505=EDGE_CURVE('',#4117,#4118,#4119,.T.);
#3506=EDGE_CURVE('',#4120,#4117,#4121,.T.);
#3507=EDGE_CURVE('',#4120,#4122,#4123,.T.);
#3508=EDGE_CURVE('',#4122,#4118,#4124,.T.);
#3509=FILL_AREA_STYLE('',(#4125));
#3510=EDGE_CURVE('',#4126,#4126,#4127,.T.);
#3511=EDGE_CURVE('',#4128,#4128,#4129,.T.);
#3512=FILL_AREA_STYLE('',(#4130));
#3513=EDGE_CURVE('',#4131,#4131,#4132,.T.);
#3514=EDGE_CURVE('',#4133,#4133,#4134,.T.);
#3515=FILL_AREA_STYLE('',(#4135));
#3516=EDGE_CURVE('',#4136,#4137,#4138,.T.);
#3517=EDGE_CURVE('',#4137,#4139,#4140,.T.);
#3518=EDGE_CURVE('',#4141,#4139,#4142,.T.);
#3519=EDGE_CURVE('',#4136,#4141,#4143,.T.);
#3520=FILL_AREA_STYLE('',(#4144));
#3521=EDGE_CURVE('',#4145,#4145,#4146,.T.);
#3522=EDGE_CURVE('',#4147,#4147,#4148,.T.);
#3523=FILL_AREA_STYLE('',(#4149));
#3524=EDGE_CURVE('',#4150,#4151,#4152,.T.);
#3525=EDGE_CURVE('',#4151,#4153,#4154,.T.);
#3526=EDGE_CURVE('',#4155,#4153,#4156,.T.);
#3527=EDGE_CURVE('',#4150,#4155,#4157,.T.);
#3528=FILL_AREA_STYLE('',(#4158));
#3529=EDGE_CURVE('',#4159,#4159,#4160,.T.);
#3530=EDGE_CURVE('',#4161,#4161,#4162,.T.);
#3531=FILL_AREA_STYLE('',(#4163));
#3532=EDGE_CURVE('',#4164,#4165,#4166,.T.);
#3533=EDGE_CURVE('',#4167,#4164,#4168,.T.);
#3534=EDGE_CURVE('',#4167,#4169,#4170,.T.);
#3535=EDGE_CURVE('',#4169,#4165,#4171,.T.);
#3536=FILL_AREA_STYLE('',(#4172));
#3537=EDGE_CURVE('',#4173,#4174,#4175,.T.);
#3538=EDGE_CURVE('',#4176,#4174,#4177,.T.);
#3539=EDGE_CURVE('',#4178,#4176,#4179,.T.);
#3540=EDGE_CURVE('',#4178,#4173,#4180,.T.);
#3541=FILL_AREA_STYLE('',(#4181));
#3542=EDGE_CURVE('',#4182,#4183,#4184,.T.);
#3543=EDGE_CURVE('',#4183,#4185,#4186,.T.);
#3544=EDGE_CURVE('',#4187,#4185,#4188,.T.);
#3545=EDGE_CURVE('',#4182,#4187,#4189,.T.);
#3546=FILL_AREA_STYLE('',(#4190));
#3547=EDGE_CURVE('',#4191,#4191,#4192,.T.);
#3548=EDGE_CURVE('',#4193,#4193,#4194,.T.);
#3549=FILL_AREA_STYLE('',(#4195));
#3550=EDGE_CURVE('',#4196,#4197,#4198,.T.);
#3551=EDGE_CURVE('',#4199,#4196,#4200,.T.);
#3552=EDGE_CURVE('',#4201,#4199,#4202,.T.);
#3553=EDGE_CURVE('',#4197,#4201,#4203,.T.);
#3554=FILL_AREA_STYLE('',(#4204));
#3555=EDGE_CURVE('',#4205,#4205,#4206,.T.);
#3556=EDGE_CURVE('',#4207,#4207,#4208,.T.);
#3557=FILL_AREA_STYLE('',(#4209));
#3558=EDGE_CURVE('',#4210,#4211,#4212,.T.);
#3559=EDGE_CURVE('',#4211,#4213,#4214,.T.);
#3560=EDGE_CURVE('',#4215,#4213,#4216,.T.);
#3561=EDGE_CURVE('',#4210,#4215,#4217,.T.);
#3562=FILL_AREA_STYLE('',(#4218));
#3563=EDGE_CURVE('',#4219,#4220,#4221,.T.);
#3564=EDGE_CURVE('',#4219,#4222,#4223,.T.);
#3565=EDGE_CURVE('',#4222,#4224,#4225,.T.);
#3566=EDGE_CURVE('',#4220,#4224,#4226,.T.);
#3567=FILL_AREA_STYLE('',(#4227));
#3568=EDGE_CURVE('',#4228,#4228,#4229,.T.);
#3569=EDGE_CURVE('',#4230,#4230,#4231,.T.);
#3570=FILL_AREA_STYLE('',(#4232));
#3571=EDGE_CURVE('',#4233,#4233,#4234,.T.);
#3572=EDGE_CURVE('',#4235,#4235,#4236,.T.);
#3573=FILL_AREA_STYLE('',(#4237));
#3574=EDGE_CURVE('',#4238,#4238,#4239,.T.);
#3575=EDGE_CURVE('',#4240,#4240,#4241,.T.);
#3576=FILL_AREA_STYLE('',(#4242));
#3577=EDGE_CURVE('',#4243,#4136,#4244,.T.);
#3578=EDGE_CURVE('',#4245,#4141,#4246,.T.);
#3579=EDGE_CURVE('',#4243,#4245,#4247,.T.);
#3580=FILL_AREA_STYLE('',(#4248));
#3581=EDGE_CURVE('',#4249,#4250,#4251,.T.);
#3582=EDGE_CURVE('',#4252,#4249,#4253,.T.);
#3583=EDGE_CURVE('',#4252,#4254,#4255,.T.);
#3584=EDGE_CURVE('',#4254,#4250,#4256,.T.);
#3585=FILL_AREA_STYLE('',(#4257));
#3586=EDGE_CURVE('',#4258,#4259,#4260,.T.);
#3587=EDGE_CURVE('',#4261,#4258,#4262,.T.);
#3588=EDGE_CURVE('',#4263,#4261,#4264,.T.);
#3589=EDGE_CURVE('',#4259,#4263,#4265,.T.);
#3590=FILL_AREA_STYLE('',(#4266));
#3591=EDGE_CURVE('',#4267,#4267,#4268,.T.);
#3592=EDGE_CURVE('',#4269,#4269,#4270,.T.);
#3593=FILL_AREA_STYLE('',(#4271));
#3594=EDGE_CURVE('',#4272,#4273,#4274,.T.);
#3595=EDGE_CURVE('',#4272,#4275,#4276,.T.);
#3596=EDGE_CURVE('',#4275,#4277,#4278,.T.);
#3597=EDGE_CURVE('',#4273,#4277,#4279,.T.);
#3598=FILL_AREA_STYLE('',(#4280));
#3599=EDGE_CURVE('',#4281,#4282,#4283,.T.);
#3600=EDGE_CURVE('',#4281,#4284,#4285,.T.);
#3601=EDGE_CURVE('',#4286,#4284,#4287,.T.);
#3602=EDGE_CURVE('',#4286,#4282,#4288,.T.);
#3603=EDGE_CURVE('',#4289,#4289,#4290,.T.);
#3604=FILL_AREA_STYLE('',(#4291));
#3605=EDGE_CURVE('',#4292,#4293,#4294,.T.);
#3606=EDGE_CURVE('',#4295,#4292,#4296,.T.);
#3607=EDGE_CURVE('',#4295,#4297,#4298,.T.);
#3608=EDGE_CURVE('',#4297,#4293,#4299,.T.);
#3609=FILL_AREA_STYLE('',(#4300));
#3610=EDGE_CURVE('',#4301,#4302,#4303,.T.);
#3611=EDGE_CURVE('',#4304,#4302,#4305,.T.);
#3612=EDGE_CURVE('',#4306,#4304,#4307,.T.);
#3613=EDGE_CURVE('',#4306,#4301,#4308,.T.);
#3614=FILL_AREA_STYLE('',(#4309));
#3615=EDGE_CURVE('',#4219,#4310,#4311,.T.);
#3616=EDGE_CURVE('',#4312,#4310,#4313,.T.);
#3617=EDGE_CURVE('',#4222,#4312,#4314,.T.);
#3618=FILL_AREA_STYLE('',(#4315));
#3619=EDGE_CURVE('',#4316,#4317,#4318,.T.);
#3620=EDGE_CURVE('',#4319,#4316,#4320,.T.);
#3621=EDGE_CURVE('',#4321,#4319,#4322,.T.);
#3622=EDGE_CURVE('',#4317,#4321,#4323,.T.);
#3623=FILL_AREA_STYLE('',(#4324));
#3624=EDGE_CURVE('',#4325,#4325,#4326,.T.);
#3625=EDGE_CURVE('',#4327,#4327,#4328,.T.);
#3626=FILL_AREA_STYLE('',(#4329));
#3627=EDGE_CURVE('',#4330,#4331,#4332,.T.);
#3628=EDGE_CURVE('',#4333,#4330,#4334,.T.);
#3629=EDGE_CURVE('',#4335,#4333,#4336,.T.);
#3630=EDGE_CURVE('',#4213,#4335,#4337,.T.);
#3631=EDGE_CURVE('',#4331,#4211,#4338,.T.);
#3632=FILL_AREA_STYLE('',(#4339));
#3633=EDGE_CURVE('',#4340,#4340,#4341,.T.);
#3634=EDGE_CURVE('',#4342,#4342,#4343,.T.);
#3635=FILL_AREA_STYLE('',(#4344));
#3636=EDGE_CURVE('',#4345,#4346,#4347,.T.);
#3637=EDGE_CURVE('',#4348,#4346,#4349,.T.);
#3638=EDGE_CURVE('',#4350,#4348,#4351,.T.);
#3639=EDGE_CURVE('',#4350,#4345,#4352,.T.);
#3640=FILL_AREA_STYLE('',(#4353));
#3641=EDGE_CURVE('',#4354,#4354,#4355,.T.);
#3642=EDGE_CURVE('',#4356,#4356,#4357,.T.);
#3643=FILL_AREA_STYLE('',(#4358));
#3644=EDGE_CURVE('',#4359,#4360,#4361,.T.);
#3645=EDGE_CURVE('',#4362,#4360,#4363,.T.);
#3646=EDGE_CURVE('',#4364,#4362,#4365,.T.);
#3647=EDGE_CURVE('',#4364,#4359,#4366,.T.);
#3648=FILL_AREA_STYLE('',(#4367));
#3649=EDGE_CURVE('',#4368,#4249,#4369,.T.);
#3650=EDGE_CURVE('',#4370,#4368,#4371,.T.);
#3651=EDGE_CURVE('',#4370,#4252,#4372,.T.);
#3652=FILL_AREA_STYLE('',(#4373));
#3653=EDGE_CURVE('',#4374,#4151,#4375,.T.);
#3654=EDGE_CURVE('',#4376,#4374,#4377,.T.);
#3655=EDGE_CURVE('',#4378,#4376,#4379,.T.);
#3656=EDGE_CURVE('',#4380,#4378,#4381,.T.);
#3657=EDGE_CURVE('',#4153,#4380,#4382,.T.);
#3658=FILL_AREA_STYLE('',(#4383));
#3659=EDGE_CURVE('',#4384,#4178,#4385,.T.);
#3660=EDGE_CURVE('',#4384,#4386,#4387,.T.);
#3661=EDGE_CURVE('',#4386,#4173,#4388,.T.);
#3662=FILL_AREA_STYLE('',(#4389));
#3663=EDGE_CURVE('',#4390,#4391,#4392,.T.);
#3664=EDGE_CURVE('',#4390,#4393,#4394,.T.);
#3665=EDGE_CURVE('',#4393,#4395,#4396,.T.);
#3666=EDGE_CURVE('',#4395,#4397,#4398,.T.);
#3667=EDGE_CURVE('',#4397,#4399,#4400,.T.);
#3668=EDGE_CURVE('',#4401,#4399,#4402,.T.);
#3669=EDGE_CURVE('',#4277,#4401,#4403,.T.);
#3670=EDGE_CURVE('',#4275,#4404,#4405,.T.);
#3671=EDGE_CURVE('',#4404,#4406,#4407,.T.);
#3672=EDGE_CURVE('',#4259,#4406,#4408,.T.);
#3673=EDGE_CURVE('',#4263,#4384,#4409,.T.);
#3674=EDGE_CURVE('',#4410,#4176,#4411,.T.);
#3675=EDGE_CURVE('',#4412,#4410,#4413,.T.);
#3676=EDGE_CURVE('',#4414,#4412,#4415,.T.);
#3677=EDGE_CURVE('',#4414,#4416,#4417,.T.);
#3678=EDGE_CURVE('',#4416,#4418,#4419,.T.);
#3679=EDGE_CURVE('',#4420,#4418,#4421,.T.);
#3680=EDGE_CURVE('',#4420,#4422,#4423,.T.);
#3681=EDGE_CURVE('',#4422,#4424,#4425,.T.);
#3682=EDGE_CURVE('',#4424,#4350,#4426,.T.);
#3683=EDGE_CURVE('',#4302,#4348,#4427,.T.);
#3684=EDGE_CURVE('',#4428,#4301,#4429,.T.);
#3685=EDGE_CURVE('',#4428,#4430,#4431,.T.);
#3686=EDGE_CURVE('',#4430,#4432,#4433,.T.);
#3687=EDGE_CURVE('',#4434,#4432,#4435,.T.);
#3688=EDGE_CURVE('',#4434,#4436,#4437,.T.);
#3689=EDGE_CURVE('',#4436,#4438,#4439,.T.);
#3690=EDGE_CURVE('',#4438,#4440,#4441,.T.);
#3691=EDGE_CURVE('',#4440,#4442,#4443,.T.);
#3692=EDGE_CURVE('',#4444,#4442,#4445,.T.);
#3693=EDGE_CURVE('',#4224,#4444,#4446,.T.);
#3694=EDGE_CURVE('',#4312,#4391,#4447,.T.);
#3695=EDGE_CURVE('',#4448,#4448,#4449,.T.);
#3696=EDGE_CURVE('',#4185,#4450,#4451,.T.);
#3697=EDGE_CURVE('',#4450,#4452,#4453,.T.);
#3698=EDGE_CURVE('',#4452,#4245,#4454,.T.);
#3699=EDGE_CURVE('',#4139,#4455,#4456,.T.);
#3700=EDGE_CURVE('',#4455,#4187,#4457,.T.);
#3701=EDGE_CURVE('',#4458,#4458,#4459,.T.);
#3702=EDGE_CURVE('',#4460,#4460,#4461,.T.);
#3703=EDGE_CURVE('',#4462,#4462,#4463,.T.);
#3704=EDGE_CURVE('',#4464,#4464,#4465,.T.);
#3705=EDGE_CURVE('',#4466,#4466,#4467,.T.);
#3706=EDGE_CURVE('',#4468,#4468,#4469,.T.);
#3707=EDGE_CURVE('',#4470,#4470,#4471,.T.);
#3708=EDGE_CURVE('',#4472,#4472,#4473,.T.);
#3709=EDGE_CURVE('',#4474,#4474,#4475,.T.);
#3710=EDGE_CURVE('',#4476,#4476,#4477,.T.);
#3711=EDGE_CURVE('',#4478,#4120,#4479,.T.);
#3712=EDGE_CURVE('',#4480,#4478,#4481,.T.);
#3713=EDGE_CURVE('',#4122,#4480,#4482,.T.);
#3714=EDGE_CURVE('',#4483,#4484,#4485,.T.);
#3715=EDGE_CURVE('',#4169,#4483,#4486,.T.);
#3716=EDGE_CURVE('',#4484,#4167,#4487,.T.);
#3717=EDGE_CURVE('',#4254,#4488,#4489,.T.);
#3718=EDGE_CURVE('',#4488,#4370,#4490,.T.);
#3719=EDGE_CURVE('',#4491,#4492,#4493,.T.);
#3720=EDGE_CURVE('',#4494,#4491,#4495,.T.);
#3721=EDGE_CURVE('',#4496,#4494,#4497,.T.);
#3722=EDGE_CURVE('',#4492,#4496,#4498,.T.);
#3723=EDGE_CURVE('',#4499,#4364,#4500,.T.);
#3724=EDGE_CURVE('',#4362,#4501,#4502,.T.);
#3725=EDGE_CURVE('',#4501,#4499,#4503,.T.);
#3726=EDGE_CURVE('',#4504,#4504,#4505,.T.);
#3727=EDGE_CURVE('',#4506,#4506,#4507,.T.);
#3728=EDGE_CURVE('',#4508,#4295,#4509,.T.);
#3729=EDGE_CURVE('',#4510,#4508,#4511,.T.);
#3730=EDGE_CURVE('',#4297,#4510,#4512,.T.);
#3731=EDGE_CURVE('',#4513,#4513,#4514,.T.);
#3732=EDGE_CURVE('',#4515,#4515,#4516,.T.);
#3733=EDGE_CURVE('',#4517,#4517,#4518,.T.);
#3734=EDGE_CURVE('',#4519,#4519,#4520,.T.);
#3735=FILL_AREA_STYLE('',(#4521));
#3736=EDGE_CURVE('',#4522,#4523,#4524,.T.);
#3737=EDGE_CURVE('',#4499,#4523,#4525,.T.);
#3738=EDGE_CURVE('',#4501,#4522,#4526,.T.);
#3739=FILL_AREA_STYLE('',(#4527));
#3740=EDGE_CURVE('',#4528,#4529,#4530,.T.);
#3741=EDGE_CURVE('',#4480,#4528,#4531,.T.);
#3742=EDGE_CURVE('',#4478,#4529,#4532,.T.);
#3743=FILL_AREA_STYLE('',(#4533));
#3744=EDGE_CURVE('',#4534,#4534,#4535,.T.);
#3745=EDGE_CURVE('',#4536,#4536,#4537,.T.);
#3746=FILL_AREA_STYLE('',(#4538));
#3747=EDGE_CURVE('',#4539,#4540,#4541,.T.);
#3748=EDGE_CURVE('',#4542,#4539,#4543,.T.);
#3749=EDGE_CURVE('',#4544,#4542,#4545,.T.);
#3750=EDGE_CURVE('',#4540,#4544,#4546,.T.);
#3751=FILL_AREA_STYLE('',(#4547));
#3752=EDGE_CURVE('',#4548,#4548,#4549,.T.);
#3753=EDGE_CURVE('',#4550,#4550,#4551,.T.);
#3754=FILL_AREA_STYLE('',(#4552));
#3755=FILL_AREA_STYLE('',(#4553));
#3756=EDGE_CURVE('',#4554,#4555,#4556,.T.);
#3757=EDGE_CURVE('',#4510,#4554,#4557,.T.);
#3758=EDGE_CURVE('',#4508,#4555,#4558,.T.);
#3759=FILL_AREA_STYLE('',(#4559));
#3760=EDGE_CURVE('',#4183,#4560,#4561,.T.);
#3761=EDGE_CURVE('',#4560,#4450,#4562,.T.);
#3762=FILL_AREA_STYLE('',(#4563));
#3763=EDGE_CURVE('',#4564,#4564,#4565,.T.);
#3764=FILL_AREA_STYLE('',(#4566));
#3765=EDGE_CURVE('',#4406,#4567,#4568,.T.);
#3766=EDGE_CURVE('',#4404,#4569,#4570,.T.);
#3767=EDGE_CURVE('',#4569,#4567,#4571,.T.);
#3768=FILL_AREA_STYLE('',(#4572));
#3769=EDGE_CURVE('',#4529,#4117,#4573,.T.);
#3770=FILL_AREA_STYLE('',(#4574));
#3771=EDGE_CURVE('',#4575,#4575,#4576,.T.);
#3772=FILL_AREA_STYLE('',(#4577));
#3773=FILL_AREA_STYLE('',(#4578));
#3774=EDGE_CURVE('',#4579,#4579,#4580,.T.);
#3775=EDGE_CURVE('',#4581,#4581,#4582,.T.);
#3776=FILL_AREA_STYLE('',(#4583));
#3777=EDGE_CURVE('',#4584,#4584,#4585,.T.);
#3778=EDGE_CURVE('',#4586,#4586,#4587,.T.);
#3779=FILL_AREA_STYLE('',(#4588));
#3780=EDGE_CURVE('',#4589,#4376,#4590,.T.);
#3781=EDGE_CURVE('',#4591,#4374,#4592,.T.);
#3782=EDGE_CURVE('',#4589,#4591,#4593,.T.);
#3783=FILL_AREA_STYLE('',(#4594));
#3784=EDGE_CURVE('',#4595,#4196,#4596,.T.);
#3785=EDGE_CURVE('',#4386,#4197,#4597,.T.);
#3786=EDGE_CURVE('',#4598,#4261,#4599,.T.);
#3787=EDGE_CURVE('',#4598,#4595,#4600,.T.);
#3788=FILL_AREA_STYLE('',(#4601));
#3789=EDGE_CURVE('',#4602,#4602,#4603,.T.);
#3790=FILL_AREA_STYLE('',(#4604));
#3791=EDGE_CURVE('',#4605,#4606,#4607,.T.);
#3792=EDGE_CURVE('',#4494,#4605,#4608,.T.);
#3793=EDGE_CURVE('',#4491,#4606,#4609,.T.);
#3794=FILL_AREA_STYLE('',(#4610));
#3795=EDGE_CURVE('',#4611,#4306,#4612,.T.);
#3796=EDGE_CURVE('',#4611,#4428,#4613,.T.);
#3797=FILL_AREA_STYLE('',(#4614));
#3798=EDGE_CURVE('',#4615,#4615,#4616,.T.);
#3799=FILL_AREA_STYLE('',(#4617));
#3800=EDGE_CURVE('',#4618,#4619,#4620,.T.);
#3801=EDGE_CURVE('',#4618,#4621,#4622,.T.);
#3802=EDGE_CURVE('',#4621,#4539,#4623,.T.);
#3803=EDGE_CURVE('',#4540,#4624,#4625,.T.);
#3804=EDGE_CURVE('',#4624,#4434,#4626,.T.);
#3805=EDGE_CURVE('',#4432,#4619,#4627,.T.);
#3806=FILL_AREA_STYLE('',(#4628));
#3807=FILL_AREA_STYLE('',(#4629));
#3808=EDGE_CURVE('',#4630,#4631,#4632,.T.);
#3809=EDGE_CURVE('',#4442,#4631,#4633,.T.);
#3810=EDGE_CURVE('',#4440,#4630,#4634,.T.);
#3811=FILL_AREA_STYLE('',(#4635));
#3812=EDGE_CURVE('',#4165,#4636,#4637,.T.);
#3813=EDGE_CURVE('',#4483,#4636,#4638,.T.);
#3814=FILL_AREA_STYLE('',(#4639));
#3815=EDGE_CURVE('',#4094,#4640,#4641,.T.);
#3816=EDGE_CURVE('',#4642,#4640,#4643,.T.);
#3817=EDGE_CURVE('',#4096,#4642,#4644,.T.);
#3818=FILL_AREA_STYLE('',(#4645));
#3819=EDGE_CURVE('',#4646,#4335,#4647,.T.);
#3820=EDGE_CURVE('',#4215,#4646,#4648,.T.);
#3821=FILL_AREA_STYLE('',(#4649));
#3822=EDGE_CURVE('',#4650,#4316,#4651,.T.);
#3823=EDGE_CURVE('',#4652,#4317,#4653,.T.);
#3824=EDGE_CURVE('',#4424,#4652,#4654,.T.);
#3825=EDGE_CURVE('',#4422,#4655,#4656,.T.);
#3826=EDGE_CURVE('',#4657,#4655,#4658,.T.);
#3827=EDGE_CURVE('',#4657,#4650,#4659,.T.);
#3828=FILL_AREA_STYLE('',(#4660));
#3829=EDGE_CURVE('',#4661,#4661,#4662,.T.);
#3830=FILL_AREA_STYLE('',(#4663));
#3831=EDGE_CURVE('',#4664,#4390,#4665,.T.);
#3832=EDGE_CURVE('',#4666,#4664,#4667,.T.);
#3833=EDGE_CURVE('',#4393,#4666,#4668,.T.);
#3834=FILL_AREA_STYLE('',(#4669));
#3835=EDGE_CURVE('',#4670,#4670,#4671,.T.);
#3836=FILL_AREA_STYLE('',(#4672));
#3837=EDGE_CURVE('',#4673,#4380,#4674,.T.);
#3838=EDGE_CURVE('',#4155,#4673,#4675,.T.);
#3839=FILL_AREA_STYLE('',(#4676));
#3840=EDGE_CURVE('',#4677,#4677,#4678,.T.);
#3841=FILL_AREA_STYLE('',(#4679));
#3842=FILL_AREA_STYLE('',(#4680));
#3843=FILL_AREA_STYLE('',(#4681));
#3844=EDGE_CURVE('',#4591,#4150,#4682,.T.);
#3845=FILL_AREA_STYLE('',(#4683));
#3846=EDGE_CURVE('',#4684,#4333,#4685,.T.);
#3847=EDGE_CURVE('',#4686,#4330,#4687,.T.);
#3848=EDGE_CURVE('',#4684,#4686,#4688,.T.);
#3849=FILL_AREA_STYLE('',(#4689));
#3850=EDGE_CURVE('',#4272,#4569,#4690,.T.);
#3851=FILL_AREA_STYLE('',(#4691));
#3852=EDGE_CURVE('',#4692,#4692,#4693,.T.);
#3853=EDGE_CURVE('',#4694,#4694,#4695,.T.);
#3854=FILL_AREA_STYLE('',(#4696));
#3855=EDGE_CURVE('',#4284,#4697,#4698,.T.);
#3856=EDGE_CURVE('',#4699,#4281,#4700,.T.);
#3857=EDGE_CURVE('',#4697,#4699,#4701,.T.);
#3858=FILL_AREA_STYLE('',(#4702));
#3859=EDGE_CURVE('',#4655,#4703,#4704,.T.);
#3860=EDGE_CURVE('',#4705,#4703,#4706,.T.);
#3861=EDGE_CURVE('',#4705,#4657,#4707,.T.);
#3862=FILL_AREA_STYLE('',(#4708));
#3863=EDGE_CURVE('',#4709,#4331,#4710,.T.);
#3864=EDGE_CURVE('',#4686,#4709,#4711,.T.);
#3865=FILL_AREA_STYLE('',(#4712));
#3866=EDGE_CURVE('',#4319,#4713,#4714,.T.);
#3867=EDGE_CURVE('',#4650,#4713,#4715,.T.);
#3868=FILL_AREA_STYLE('',(#4716));
#3869=EDGE_CURVE('',#4717,#4243,#4718,.T.);
#3870=EDGE_CURVE('',#4717,#4452,#4719,.T.);
#3871=FILL_AREA_STYLE('',(#4720));
#3872=EDGE_CURVE('',#4721,#4605,#4722,.T.);
#3873=EDGE_CURVE('',#4496,#4721,#4723,.T.);
#3874=FILL_AREA_STYLE('',(#4724));
#3875=EDGE_CURVE('',#4250,#4725,#4726,.T.);
#3876=EDGE_CURVE('',#4488,#4725,#4727,.T.);
#3877=FILL_AREA_STYLE('',(#4728));
#3878=EDGE_CURVE('',#4729,#4258,#4730,.T.);
#3879=EDGE_CURVE('',#4729,#4598,#4731,.T.);
#3880=EDGE_CURVE('',#4732,#4732,#4733,.T.);
#3881=EDGE_CURVE('',#4734,#4734,#4735,.T.);
#3882=FILL_AREA_STYLE('',(#4736));
#3883=FILL_AREA_STYLE('',(#4737));
#3884=EDGE_CURVE('',#4738,#4738,#4739,.T.);
#3885=FILL_AREA_STYLE('',(#4740));
#3886=EDGE_CURVE('',#4430,#4741,#4742,.T.);
#3887=EDGE_CURVE('',#4741,#4619,#4743,.T.);
#3888=FILL_AREA_STYLE('',(#4744));
#3889=EDGE_CURVE('',#4621,#4745,#4746,.T.);
#3890=EDGE_CURVE('',#4542,#4745,#4747,.T.);
#3891=EDGE_CURVE('',#4748,#4748,#4749,.T.);
#3892=FILL_AREA_STYLE('',(#4750));
#3893=FILL_AREA_STYLE('',(#4751));
#3894=EDGE_CURVE('',#4321,#4752,#4753,.T.);
#3895=EDGE_CURVE('',#4713,#4705,#4754,.T.);
#3896=EDGE_CURVE('',#4703,#4420,#4755,.T.);
#3897=EDGE_CURVE('',#4418,#4752,#4756,.T.);
#3898=FILL_AREA_STYLE('',(#4757));
#3899=EDGE_CURVE('',#4758,#4759,#4760,.T.);
#3900=EDGE_CURVE('',#4759,#4761,#4762,.T.);
#3901=EDGE_CURVE('',#4763,#4761,#4764,.T.);
#3902=EDGE_CURVE('',#4758,#4763,#4765,.T.);
#3903=FILL_AREA_STYLE('',(#4766));
#3904=FILL_AREA_STYLE('',(#4767));
#3905=EDGE_CURVE('',#4544,#4768,#4769,.T.);
#3906=EDGE_CURVE('',#4768,#4624,#4770,.T.);
#3907=EDGE_CURVE('',#4771,#4771,#4772,.T.);
#3908=FILL_AREA_STYLE('',(#4773));
#3909=EDGE_CURVE('',#4199,#4774,#4775,.T.);
#3910=EDGE_CURVE('',#4595,#4774,#4776,.T.);
#3911=EDGE_CURVE('',#4777,#4777,#4778,.T.);
#3912=EDGE_CURVE('',#4779,#4779,#4780,.T.);
#3913=FILL_AREA_STYLE('',(#4781));
#3914=FILL_AREA_STYLE('',(#4782));
#3915=EDGE_CURVE('',#4783,#4784,#4785,.T.);
#3916=EDGE_CURVE('',#4784,#4101,#4786,.T.);
#3917=EDGE_CURVE('',#4783,#4100,#4787,.T.);
#3918=FILL_AREA_STYLE('',(#4788));
#3919=EDGE_CURVE('',#4789,#4789,#4790,.T.);
#3920=FILL_AREA_STYLE('',(#4791));
#3921=EDGE_CURVE('',#4792,#4164,#4793,.T.);
#3922=EDGE_CURVE('',#4484,#4792,#4794,.T.);
#3923=FILL_AREA_STYLE('',(#4795));
#3924=EDGE_CURVE('',#4796,#4286,#4797,.T.);
#3925=EDGE_CURVE('',#4798,#4796,#4799,.T.);
#3926=EDGE_CURVE('',#4282,#4798,#4800,.T.);
#3927=FILL_AREA_STYLE('',(#4801));
#3928=EDGE_CURVE('',#4802,#4803,#4804,.T.);
#3929=EDGE_CURVE('',#4803,#4805,#4806,.T.);
#3930=EDGE_CURVE('',#4807,#4805,#4808,.T.);
#3931=EDGE_CURVE('',#4802,#4807,#4809,.T.);
#3932=FILL_AREA_STYLE('',(#4810));
#3933=EDGE_CURVE('',#4811,#4174,#4812,.T.);
#3934=EDGE_CURVE('',#4811,#4410,#4813,.T.);
#3935=FILL_AREA_STYLE('',(#4814));
#3936=EDGE_CURVE('',#4815,#4816,#4817,.T.);
#3937=EDGE_CURVE('',#4399,#4816,#4818,.T.);
#3938=EDGE_CURVE('',#4397,#4815,#4819,.T.);
#3939=FILL_AREA_STYLE('',(#4820));
#3940=EDGE_CURVE('',#4821,#4721,#4822,.T.);
#3941=EDGE_CURVE('',#4492,#4821,#4823,.T.);
#3942=FILL_AREA_STYLE('',(#4824));
#3943=EDGE_CURVE('',#4825,#4826,#4827,.T.);
#3944=EDGE_CURVE('',#4826,#4803,#4828,.T.);
#3945=EDGE_CURVE('',#4825,#4802,#4829,.T.);
#3946=FILL_AREA_STYLE('',(#4830));
#3947=EDGE_CURVE('',#4831,#4697,#4832,.T.);
#3948=EDGE_CURVE('',#4395,#4831,#4833,.T.);
#3949=EDGE_CURVE('',#4796,#4666,#4834,.T.);
#3950=FILL_AREA_STYLE('',(#4835));
#3951=EDGE_CURVE('',#4836,#4444,#4837,.T.);
#3952=EDGE_CURVE('',#4220,#4836,#4838,.T.);
#3953=FILL_AREA_STYLE('',(#4839));
#3954=FILL_AREA_STYLE('',(#4840));
#3955=FILL_AREA_STYLE('',(#4841));
#3956=EDGE_CURVE('',#4798,#4664,#4842,.T.);
#3957=EDGE_CURVE('',#4843,#4843,#4844,.T.);
#3958=FILL_AREA_STYLE('',(#4845));
#3959=FILL_AREA_STYLE('',(#4846));
#3960=EDGE_CURVE('',#4745,#4847,#4848,.T.);
#3961=EDGE_CURVE('',#4849,#4847,#4850,.T.);
#3962=EDGE_CURVE('',#4438,#4849,#4851,.T.);
#3963=EDGE_CURVE('',#4436,#4768,#4852,.T.);
#3964=FILL_AREA_STYLE('',(#4853));
#3965=EDGE_CURVE('',#4854,#4854,#4855,.T.);
#3966=EDGE_CURVE('',#4856,#4856,#4857,.T.);
#3967=FILL_AREA_STYLE('',(#4858));
#3968=EDGE_CURVE('',#4836,#4631,#4859,.T.);
#3969=FILL_AREA_STYLE('',(#4860));
#3970=EDGE_CURVE('',#4555,#4292,#4861,.T.);
#3971=FILL_AREA_STYLE('',(#4862));
#3972=EDGE_CURVE('',#4640,#4863,#4864,.T.);
#3973=EDGE_CURVE('',#4865,#4863,#4866,.T.);
#3974=EDGE_CURVE('',#4642,#4865,#4867,.T.);
#3975=FILL_AREA_STYLE('',(#4868));
#3976=EDGE_CURVE('',#4847,#4618,#4869,.T.);
#3977=FILL_AREA_STYLE('',(#4870));
#3978=FILL_AREA_STYLE('',(#4871));
#3979=FILL_AREA_STYLE('',(#4872));
#3980=EDGE_CURVE('',#4709,#4210,#4873,.T.);
#3981=FILL_AREA_STYLE('',(#4874));
#3982=EDGE_CURVE('',#4875,#4875,#4876,.T.);
#3983=EDGE_CURVE('',#4877,#4877,#4878,.T.);
#3984=FILL_AREA_STYLE('',(#4879));
#3985=EDGE_CURVE('',#4880,#4811,#4881,.T.);
#3986=EDGE_CURVE('',#4880,#4412,#4882,.T.);
#3987=FILL_AREA_STYLE('',(#4883));
#3988=EDGE_CURVE('',#4725,#4368,#4884,.T.);
#3989=FILL_AREA_STYLE('',(#4885));
#3990=EDGE_CURVE('',#4863,#4784,#4886,.T.);
#3991=FILL_AREA_STYLE('',(#4887));
#3992=EDGE_CURVE('',#4699,#4888,#4889,.T.);
#3993=EDGE_CURVE('',#4391,#4888,#4890,.T.);
#3994=FILL_AREA_STYLE('',(#4891));
#3995=FILL_AREA_STYLE('',(#4892));
#3996=EDGE_CURVE('',#4893,#4182,#4894,.T.);
#3997=EDGE_CURVE('',#4893,#4455,#4895,.T.);
#3998=FILL_AREA_STYLE('',(#4896));
#3999=EDGE_CURVE('',#4774,#4729,#4897,.T.);
#4000=FILL_AREA_STYLE('',(#4898));
#4001=EDGE_CURVE('',#4899,#4899,#4900,.T.);
#4002=FILL_AREA_STYLE('',(#4901));
#4003=EDGE_CURVE('',#4902,#4903,#4904,.T.);
#4004=EDGE_CURVE('',#4416,#4903,#4905,.T.);
#4005=EDGE_CURVE('',#4902,#4414,#4906,.T.);
#4006=FILL_AREA_STYLE('',(#4907));
#4007=EDGE_CURVE('',#4805,#4759,#4908,.T.);
#4008=EDGE_CURVE('',#4807,#4758,#4909,.T.);
#4009=FILL_AREA_STYLE('',(#4910));
#4010=FILL_AREA_STYLE('',(#4911));
#4011=FILL_AREA_STYLE('',(#4912));
#4012=EDGE_CURVE('',#4913,#4826,#4914,.T.);
#4013=EDGE_CURVE('',#4761,#4913,#4915,.T.);
#4014=FILL_AREA_STYLE('',(#4916));
#4015=EDGE_CURVE('',#4523,#4359,#4917,.T.);
#4016=FILL_AREA_STYLE('',(#4918));
#4017=EDGE_CURVE('',#4919,#4378,#4920,.T.);
#4018=EDGE_CURVE('',#4919,#4589,#4921,.T.);
#4019=FILL_AREA_STYLE('',(#4922));
#4020=EDGE_CURVE('',#4923,#4913,#4924,.T.);
#4021=EDGE_CURVE('',#4923,#4825,#4925,.T.);
#4022=FILL_AREA_STYLE('',(#4926));
#4023=EDGE_CURVE('',#4293,#4554,#4927,.T.);
#4024=FILL_AREA_STYLE('',(#4928));
#4025=EDGE_CURVE('',#4903,#4752,#4929,.T.);
#4026=FILL_AREA_STYLE('',(#4930));
#4027=EDGE_CURVE('',#4606,#4821,#4931,.T.);
#4028=FILL_AREA_STYLE('',(#4932));
#4029=EDGE_CURVE('',#4902,#4880,#4933,.T.);
#4030=FILL_AREA_STYLE('',(#4934));
#4031=EDGE_CURVE('',#4935,#4401,#4936,.T.);
#4032=EDGE_CURVE('',#4273,#4935,#4937,.T.);
#4033=FILL_AREA_STYLE('',(#4938));
#4034=EDGE_CURVE('',#4118,#4528,#4939,.T.);
#4035=FILL_AREA_STYLE('',(#4940));
#4036=EDGE_CURVE('',#4304,#4346,#4941,.T.);
#4037=FILL_AREA_STYLE('',(#4942));
#4038=FILL_AREA_STYLE('',(#4943));
#4039=EDGE_CURVE('',#4944,#4944,#4945,.T.);
#4040=FILL_AREA_STYLE('',(#4946));
#4041=EDGE_CURVE('',#4947,#4947,#4948,.T.);
#4042=FILL_AREA_STYLE('',(#4949));
#4043=FILL_AREA_STYLE('',(#4950));
#4044=EDGE_CURVE('',#4646,#4684,#4951,.T.);
#4045=FILL_AREA_STYLE('',(#4952));
#4046=EDGE_CURVE('',#4201,#4567,#4953,.T.);
#4047=EDGE_CURVE('',#4935,#4816,#4954,.T.);
#4048=EDGE_CURVE('',#4831,#4815,#4955,.T.);
#4049=EDGE_CURVE('',#4310,#4888,#4956,.T.);
#4050=EDGE_CURVE('',#4849,#4630,#4957,.T.);
#4051=EDGE_CURVE('',#4611,#4741,#4958,.T.);
#4052=EDGE_CURVE('',#4652,#4345,#4959,.T.);
#4053=EDGE_CURVE('',#4137,#4893,#4960,.T.);
#4054=EDGE_CURVE('',#4560,#4717,#4961,.T.);
#4055=EDGE_CURVE('',#4962,#4962,#4963,.T.);
#4056=EDGE_CURVE('',#4964,#4964,#4965,.T.);
#4057=EDGE_CURVE('',#4966,#4966,#4967,.T.);
#4058=EDGE_CURVE('',#4968,#4968,#4969,.T.);
#4059=EDGE_CURVE('',#4360,#4522,#4970,.T.);
#4060=EDGE_CURVE('',#4636,#4792,#4971,.T.);
#4061=EDGE_CURVE('',#4763,#4923,#4972,.T.);
#4062=EDGE_CURVE('',#4673,#4919,#4973,.T.);
#4063=EDGE_CURVE('',#4865,#4783,#4974,.T.);
#4064=FILL_AREA_STYLE('',(#4975));
#4065=FILL_AREA_STYLE('',(#4976));
#4066=FILL_AREA_STYLE('',(#4977));
#4067=EDGE_CURVE('',#4978,#4978,#4979,.T.);
#4068=FILL_AREA_STYLE('',(#4980));
#4069=FILL_AREA_STYLE('',(#4981));
#4070=FILL_AREA_STYLE('',(#4982));
#4071=FILL_AREA_STYLE('',(#4983));
#4072=FILL_AREA_STYLE('',(#4984));
#4073=FILL_AREA_STYLE('',(#4985));
#4074=FILL_AREA_STYLE('',(#4986));
#4075=FILL_AREA_STYLE('',(#4987));
#4076=FILL_AREA_STYLE('',(#4988));
#4077=FILL_AREA_STYLE('',(#4989));
#4078=FILL_AREA_STYLE('',(#4990));
#4079=FILL_AREA_STYLE('',(#4991));
#4080=FILL_AREA_STYLE('',(#4992));
#4081=FILL_AREA_STYLE('',(#4993));
#4082=FILL_AREA_STYLE('',(#4994));
#4083=FILL_AREA_STYLE('',(#4995));
#4084=FILL_AREA_STYLE('',(#4996));
#4085=FILL_AREA_STYLE('',(#4997));
#4086=FILL_AREA_STYLE('',(#4998));
#4087=FILL_AREA_STYLE('',(#4999));
#4088=FILL_AREA_STYLE('',(#5000));
#4089=FILL_AREA_STYLE('',(#5001));
#4090=FILL_AREA_STYLE_COLOUR('',#5002);
#4091=VERTEX_POINT('',#5003);
#4092=VERTEX_POINT('',#5004);
#4093=LINE('',#5005,#5006);
#4094=VERTEX_POINT('',#5007);
#4095=LINE('',#5008,#5009);
#4096=VERTEX_POINT('',#5010);
#4097=LINE('',#5011,#5012);
#4098=LINE('',#5013,#5014);
#4099=FILL_AREA_STYLE_COLOUR('',#5015);
#4100=VERTEX_POINT('',#5016);
#4101=VERTEX_POINT('',#5017);
#4102=LINE('',#5018,#5019);
#4103=LINE('',#5020,#5021);
#4104=LINE('',#5022,#5023);
#4105=FILL_AREA_STYLE_COLOUR('',#5024);
#4106=VERTEX_POINT('',#5025);
#4107=CIRCLE('',#5026,0.0015);
#4108=FILL_AREA_STYLE_COLOUR('',#5027);
#4109=VERTEX_POINT('',#5028);
#4110=CIRCLE('',#5029,0.00275000035789036);
#4111=VERTEX_POINT('',#5030);
#4112=CIRCLE('',#5031,0.00255000035789038);
#4113=FILL_AREA_STYLE_COLOUR('',#5032);
#4114=VERTEX_POINT('',#5033);
#4115=CIRCLE('',#5034,0.00169999999999998);
#4116=FILL_AREA_STYLE_COLOUR('',#5035);
#4117=VERTEX_POINT('',#5036);
#4118=VERTEX_POINT('',#5037);
#4119=LINE('',#5038,#5039);
#4120=VERTEX_POINT('',#5040);
#4121=LINE('',#5041,#5042);
#4122=VERTEX_POINT('',#5043);
#4123=LINE('',#5044,#5045);
#4124=LINE('',#5046,#5047);
#4125=FILL_AREA_STYLE_COLOUR('',#5048);
#4126=VERTEX_POINT('',#5049);
#4127=CIRCLE('',#5050,0.00125);
#4128=VERTEX_POINT('',#5051);
#4129=CIRCLE('',#5052,0.00125);
#4130=FILL_AREA_STYLE_COLOUR('',#5053);
#4131=VERTEX_POINT('',#5054);
#4132=CIRCLE('',#5055,0.00275000003633399);
#4133=VERTEX_POINT('',#5056);
#4134=CIRCLE('',#5057,0.00255000003633399);
#4135=FILL_AREA_STYLE_COLOUR('',#5058);
#4136=VERTEX_POINT('',#5059);
#4137=VERTEX_POINT('',#5060);
#4138=LINE('',#5061,#5062);
#4139=VERTEX_POINT('',#5063);
#4140=LINE('',#5064,#5065);
#4141=VERTEX_POINT('',#5066);
#4142=LINE('',#5067,#5068);
#4143=LINE('',#5069,#5070);
#4144=FILL_AREA_STYLE_COLOUR('',#5071);
#4145=VERTEX_POINT('',#5072);
#4146=CIRCLE('',#5073,0.0015);
#4147=VERTEX_POINT('',#5074);
#4148=CIRCLE('',#5075,0.0015);
#4149=FILL_AREA_STYLE_COLOUR('',#5076);
#4150=VERTEX_POINT('',#5077);
#4151=VERTEX_POINT('',#5078);
#4152=LINE('',#5079,#5080);
#4153=VERTEX_POINT('',#5081);
#4154=LINE('',#5082,#5083);
#4155=VERTEX_POINT('',#5084);
#4156=LINE('',#5085,#5086);
#4157=LINE('',#5087,#5088);
#4158=FILL_AREA_STYLE_COLOUR('',#5089);
#4159=VERTEX_POINT('',#5090);
#4160=CIRCLE('',#5091,0.00125);
#4161=VERTEX_POINT('',#5092);
#4162=CIRCLE('',#5093,0.00125);
#4163=FILL_AREA_STYLE_COLOUR('',#5094);
#4164=VERTEX_POINT('',#5095);
#4165=VERTEX_POINT('',#5096);
#4166=LINE('',#5097,#5098);
#4167=VERTEX_POINT('',#5099);
#4168=LINE('',#5100,#5101);
#4169=VERTEX_POINT('',#5102);
#4170=LINE('',#5103,#5104);
#4171=LINE('',#5105,#5106);
#4172=FILL_AREA_STYLE_COLOUR('',#5107);
#4173=VERTEX_POINT('',#5108);
#4174=VERTEX_POINT('',#5109);
#4175=LINE('',#5110,#5111);
#4176=VERTEX_POINT('',#5112);
#4177=LINE('',#5113,#5114);
#4178=VERTEX_POINT('',#5115);
#4179=LINE('',#5116,#5117);
#4180=LINE('',#5118,#5119);
#4181=FILL_AREA_STYLE_COLOUR('',#5120);
#4182=VERTEX_POINT('',#5121);
#4183=VERTEX_POINT('',#5122);
#4184=CIRCLE('',#5123,0.00120000000000001);
#4185=VERTEX_POINT('',#5124);
#4186=LINE('',#5125,#5126);
#4187=VERTEX_POINT('',#5127);
#4188=CIRCLE('',#5128,0.00120000000000001);
#4189=LINE('',#5129,#5130);
#4190=FILL_AREA_STYLE_COLOUR('',#5131);
#4191=VERTEX_POINT('',#5132);
#4192=CIRCLE('',#5133,0.00125);
#4193=VERTEX_POINT('',#5134);
#4194=CIRCLE('',#5135,0.00125);
#4195=FILL_AREA_STYLE_COLOUR('',#5136);
#4196=VERTEX_POINT('',#5137);
#4197=VERTEX_POINT('',#5138);
#4198=CIRCLE('',#5139,0.002);
#4199=VERTEX_POINT('',#5140);
#4200=LINE('',#5141,#5142);
#4201=VERTEX_POINT('',#5143);
#4202=CIRCLE('',#5144,0.002);
#4203=LINE('',#5145,#5146);
#4204=FILL_AREA_STYLE_COLOUR('',#5147);
#4205=VERTEX_POINT('',#5148);
#4206=CIRCLE('',#5149,0.00125);
#4207=VERTEX_POINT('',#5150);
#4208=CIRCLE('',#5151,0.00125);
#4209=FILL_AREA_STYLE_COLOUR('',#5152);
#4210=VERTEX_POINT('',#5153);
#4211=VERTEX_POINT('',#5154);
#4212=LINE('',#5155,#5156);
#4213=VERTEX_POINT('',#5157);
#4214=LINE('',#5158,#5159);
#4215=VERTEX_POINT('',#5160);
#4216=LINE('',#5161,#5162);
#4217=LINE('',#5163,#5164);
#4218=FILL_AREA_STYLE_COLOUR('',#5165);
#4219=VERTEX_POINT('',#5166);
#4220=VERTEX_POINT('',#5167);
#4221=LINE('',#5168,#5169);
#4222=VERTEX_POINT('',#5170);
#4223=LINE('',#5171,#5172);
#4224=VERTEX_POINT('',#5173);
#4225=LINE('',#5174,#5175);
#4226=LINE('',#5176,#5177);
#4227=FILL_AREA_STYLE_COLOUR('',#5178);
#4228=VERTEX_POINT('',#5179);
#4229=CIRCLE('',#5180,0.00255);
#4230=VERTEX_POINT('',#5181);
#4231=CIRCLE('',#5182,0.00125);
#4232=FILL_AREA_STYLE_COLOUR('',#5183);
#4233=VERTEX_POINT('',#5184);
#4234=CIRCLE('',#5185,0.00255);
#4235=VERTEX_POINT('',#5186);
#4236=CIRCLE('',#5187,0.00125);
#4237=FILL_AREA_STYLE_COLOUR('',#5188);
#4238=VERTEX_POINT('',#5189);
#4239=CIRCLE('',#5190,0.00255);
#4240=VERTEX_POINT('',#5191);
#4241=CIRCLE('',#5192,0.00125);
#4242=FILL_AREA_STYLE_COLOUR('',#5193);
#4243=VERTEX_POINT('',#5194);
#4244=CIRCLE('',#5195,0.00120000000000001);
#4245=VERTEX_POINT('',#5196);
#4246=CIRCLE('',#5197,0.00120000000000001);
#4247=LINE('',#5198,#5199);
#4248=FILL_AREA_STYLE_COLOUR('',#5200);
#4249=VERTEX_POINT('',#5201);
#4250=VERTEX_POINT('',#5202);
#4251=LINE('',#5203,#5204);
#4252=VERTEX_POINT('',#5205);
#4253=LINE('',#5206,#5207);
#4254=VERTEX_POINT('',#5208);
#4255=LINE('',#5209,#5210);
#4256=LINE('',#5211,#5212);
#4257=FILL_AREA_STYLE_COLOUR('',#5213);
#4258=VERTEX_POINT('',#5214);
#4259=VERTEX_POINT('',#5215);
#4260=CIRCLE('',#5216,0.0005);
#4261=VERTEX_POINT('',#5217);
#4262=LINE('',#5218,#5219);
#4263=VERTEX_POINT('',#5220);
#4264=CIRCLE('',#5221,0.0005);
#4265=LINE('',#5222,#5223);
#4266=FILL_AREA_STYLE_COLOUR('',#5224);
#4267=VERTEX_POINT('',#5225);
#4268=CIRCLE('',#5226,0.0015);
#4269=VERTEX_POINT('',#5227);
#4270=CIRCLE('',#5228,0.0015);
#4271=FILL_AREA_STYLE_COLOUR('',#5229);
#4272=VERTEX_POINT('',#5230);
#4273=VERTEX_POINT('',#5231);
#4274=LINE('',#5232,#5233);
#4275=VERTEX_POINT('',#5234);
#4276=LINE('',#5235,#5236);
#4277=VERTEX_POINT('',#5237);
#4278=LINE('',#5238,#5239);
#4279=LINE('',#5240,#5241);
#4280=FILL_AREA_STYLE_COLOUR('',#5242);
#4281=VERTEX_POINT('',#5243);
#4282=VERTEX_POINT('',#5244);
#4283=LINE('',#5245,#5246);
#4284=VERTEX_POINT('',#5247);
#4285=LINE('',#5248,#5249);
#4286=VERTEX_POINT('',#5250);
#4287=LINE('',#5251,#5252);
#4288=LINE('',#5253,#5254);
#4289=VERTEX_POINT('',#5255);
#4290=CIRCLE('',#5256,0.0015);
#4291=FILL_AREA_STYLE_COLOUR('',#5257);
#4292=VERTEX_POINT('',#5258);
#4293=VERTEX_POINT('',#5259);
#4294=LINE('',#5260,#5261);
#4295=VERTEX_POINT('',#5262);
#4296=LINE('',#5263,#5264);
#4297=VERTEX_POINT('',#5265);
#4298=LINE('',#5266,#5267);
#4299=LINE('',#5268,#5269);
#4300=FILL_AREA_STYLE_COLOUR('',#5270);
#4301=VERTEX_POINT('',#5271);
#4302=VERTEX_POINT('',#5272);
#4303=CIRCLE('',#5273,0.004);
#4304=VERTEX_POINT('',#5274);
#4305=LINE('',#5275,#5276);
#4306=VERTEX_POINT('',#5277);
#4307=CIRCLE('',#5278,0.004);
#4308=LINE('',#5279,#5280);
#4309=FILL_AREA_STYLE_COLOUR('',#5281);
#4310=VERTEX_POINT('',#5282);
#4311=LINE('',#5283,#5284);
#4312=VERTEX_POINT('',#5285);
#4313=LINE('',#5286,#5287);
#4314=LINE('',#5288,#5289);
#4315=FILL_AREA_STYLE_COLOUR('',#5290);
#4316=VERTEX_POINT('',#5291);
#4317=VERTEX_POINT('',#5292);
#4318=CIRCLE('',#5293,0.002);
#4319=VERTEX_POINT('',#5294);
#4320=LINE('',#5295,#5296);
#4321=VERTEX_POINT('',#5297);
#4322=CIRCLE('',#5298,0.002);
#4323=LINE('',#5299,#5300);
#4324=FILL_AREA_STYLE_COLOUR('',#5301);
#4325=VERTEX_POINT('',#5302);
#4326=CIRCLE('',#5303,0.00255);
#4327=VERTEX_POINT('',#5304);
#4328=CIRCLE('',#5305,0.00125);
#4329=FILL_AREA_STYLE_COLOUR('',#5306);
#4330=VERTEX_POINT('',#5307);
#4331=VERTEX_POINT('',#5308);
#4332=LINE('',#5309,#5310);
#4333=VERTEX_POINT('',#5311);
#4334=LINE('',#5312,#5313);
#4335=VERTEX_POINT('',#5314);
#4336=LINE('',#5315,#5316);
#4337=LINE('',#5317,#5318);
#4338=LINE('',#5319,#5320);
#4339=FILL_AREA_STYLE_COLOUR('',#5321);
#4340=VERTEX_POINT('',#5322);
#4341=CIRCLE('',#5323,0.002);
#4342=VERTEX_POINT('',#5324);
#4343=CIRCLE('',#5325,0.002);
#4344=FILL_AREA_STYLE_COLOUR('',#5326);
#4345=VERTEX_POINT('',#5327);
#4346=VERTEX_POINT('',#5328);
#4347=LINE('',#5329,#5330);
#4348=VERTEX_POINT('',#5331);
#4349=LINE('',#5332,#5333);
#4350=VERTEX_POINT('',#5334);
#4351=LINE('',#5335,#5336);
#4352=LINE('',#5337,#5338);
#4353=FILL_AREA_STYLE_COLOUR('',#5339);
#4354=VERTEX_POINT('',#5340);
#4355=CIRCLE('',#5341,0.0015);
#4356=VERTEX_POINT('',#5342);
#4357=CIRCLE('',#5343,0.0015);
#4358=FILL_AREA_STYLE_COLOUR('',#5344);
#4359=VERTEX_POINT('',#5345);
#4360=VERTEX_POINT('',#5346);
#4361=LINE('',#5347,#5348);
#4362=VERTEX_POINT('',#5349);
#4363=LINE('',#5350,#5351);
#4364=VERTEX_POINT('',#5352);
#4365=LINE('',#5353,#5354);
#4366=LINE('',#5355,#5356);
#4367=FILL_AREA_STYLE_COLOUR('',#5357);
#4368=VERTEX_POINT('',#5358);
#4369=LINE('',#5359,#5360);
#4370=VERTEX_POINT('',#5361);
#4371=LINE('',#5362,#5363);
#4372=LINE('',#5364,#5365);
#4373=FILL_AREA_STYLE_COLOUR('',#5366);
#4374=VERTEX_POINT('',#5367);
#4375=LINE('',#5368,#5369);
#4376=VERTEX_POINT('',#5370);
#4377=LINE('',#5371,#5372);
#4378=VERTEX_POINT('',#5373);
#4379=LINE('',#5374,#5375);
#4380=VERTEX_POINT('',#5376);
#4381=LINE('',#5377,#5378);
#4382=LINE('',#5379,#5380);
#4383=FILL_AREA_STYLE_COLOUR('',#5381);
#4384=VERTEX_POINT('',#5382);
#4385=LINE('',#5383,#5384);
#4386=VERTEX_POINT('',#5385);
#4387=LINE('',#5386,#5387);
#4388=LINE('',#5388,#5389);
#4389=FILL_AREA_STYLE_COLOUR('',#5390);
#4390=VERTEX_POINT('',#5391);
#4391=VERTEX_POINT('',#5392);
#4392=LINE('',#5393,#5394);
#4393=VERTEX_POINT('',#5395);
#4394=LINE('',#5396,#5397);
#4395=VERTEX_POINT('',#5398);
#4396=LINE('',#5399,#5400);
#4397=VERTEX_POINT('',#5401);
#4398=LINE('',#5402,#5403);
#4399=VERTEX_POINT('',#5404);
#4400=LINE('',#5405,#5406);
#4401=VERTEX_POINT('',#5407);
#4402=LINE('',#5408,#5409);
#4403=CIRCLE('',#5410,0.004);
#4404=VERTEX_POINT('',#5411);
#4405=LINE('',#5412,#5413);
#4406=VERTEX_POINT('',#5414);
#4407=LINE('',#5415,#5416);
#4408=LINE('',#5417,#5418);
#4409=LINE('',#5419,#5420);
#4410=VERTEX_POINT('',#5421);
#4411=LINE('',#5422,#5423);
#4412=VERTEX_POINT('',#5424);
#4413=CIRCLE('',#5425,0.004);
#4414=VERTEX_POINT('',#5426);
#4415=LINE('',#5427,#5428);
#4416=VERTEX_POINT('',#5429);
#4417=LINE('',#5430,#5431);
#4418=VERTEX_POINT('',#5432);
#4419=LINE('',#5433,#5434);
#4420=VERTEX_POINT('',#5435);
#4421=LINE('',#5436,#5437);
#4422=VERTEX_POINT('',#5438);
#4423=LINE('',#5439,#5440);
#4424=VERTEX_POINT('',#5441);
#4425=LINE('',#5442,#5443);
#4426=LINE('',#5444,#5445);
#4427=LINE('',#5446,#5447);
#4428=VERTEX_POINT('',#5448);
#4429=LINE('',#5449,#5450);
#4430=VERTEX_POINT('',#5451);
#4431=LINE('',#5452,#5453);
#4432=VERTEX_POINT('',#5454);
#4433=LINE('',#5455,#5456);
#4434=VERTEX_POINT('',#5457);
#4435=LINE('',#5458,#5459);
#4436=VERTEX_POINT('',#5460);
#4437=LINE('',#5461,#5462);
#4438=VERTEX_POINT('',#5463);
#4439=LINE('',#5464,#5465);
#4440=VERTEX_POINT('',#5466);
#4441=LINE('',#5467,#5468);
#4442=VERTEX_POINT('',#5469);
#4443=LINE('',#5470,#5471);
#4444=VERTEX_POINT('',#5472);
#4445=LINE('',#5473,#5474);
#4446=CIRCLE('',#5475,0.004);
#4447=LINE('',#5476,#5477);
#4448=VERTEX_POINT('',#5478);
#4449=CIRCLE('',#5479,0.00475);
#4450=VERTEX_POINT('',#5480);
#4451=LINE('',#5481,#5482);
#4452=VERTEX_POINT('',#5483);
#4453=CIRCLE('',#5484,0.00120000000000001);
#4454=LINE('',#5485,#5486);
#4455=VERTEX_POINT('',#5487);
#4456=CIRCLE('',#5488,0.00120000000000001);
#4457=LINE('',#5489,#5490);
#4458=VERTEX_POINT('',#5491);
#4459=CIRCLE('',#5492,0.00125);
#4460=VERTEX_POINT('',#5493);
#4461=CIRCLE('',#5494,0.00125);
#4462=VERTEX_POINT('',#5495);
#4463=CIRCLE('',#5496,0.00125);
#4464=VERTEX_POINT('',#5497);
#4465=CIRCLE('',#5498,0.00125);
#4466=VERTEX_POINT('',#5499);
#4467=CIRCLE('',#5500,0.00125);
#4468=VERTEX_POINT('',#5501);
#4469=CIRCLE('',#5502,0.00125);
#4470=VERTEX_POINT('',#5503);
#4471=CIRCLE('',#5504,0.00125);
#4472=VERTEX_POINT('',#5505);
#4473=CIRCLE('',#5506,0.00125);
#4474=VERTEX_POINT('',#5507);
#4475=CIRCLE('',#5508,0.00125);
#4476=VERTEX_POINT('',#5509);
#4477=CIRCLE('',#5510,0.00125);
#4478=VERTEX_POINT('',#5511);
#4479=LINE('',#5512,#5513);
#4480=VERTEX_POINT('',#5514);
#4481=LINE('',#5515,#5516);
#4482=LINE('',#5517,#5518);
#4483=VERTEX_POINT('',#5519);
#4484=VERTEX_POINT('',#5520);
#4485=LINE('',#5521,#5522);
#4486=LINE('',#5523,#5524);
#4487=LINE('',#5525,#5526);
#4488=VERTEX_POINT('',#5527);
#4489=LINE('',#5528,#5529);
#4490=LINE('',#5530,#5531);
#4491=VERTEX_POINT('',#5532);
#4492=VERTEX_POINT('',#5533);
#4493=LINE('',#5534,#5535);
#4494=VERTEX_POINT('',#5536);
#4495=LINE('',#5537,#5538);
#4496=VERTEX_POINT('',#5539);
#4497=LINE('',#5540,#5541);
#4498=LINE('',#5542,#5543);
#4499=VERTEX_POINT('',#5544);
#4500=LINE('',#5545,#5546);
#4501=VERTEX_POINT('',#5547);
#4502=LINE('',#5548,#5549);
#4503=LINE('',#5550,#5551);
#4504=VERTEX_POINT('',#5552);
#4505=CIRCLE('',#5553,0.00525);
#4506=VERTEX_POINT('',#5554);
#4507=CIRCLE('',#5555,0.00475);
#4508=VERTEX_POINT('',#5556);
#4509=LINE('',#5557,#5558);
#4510=VERTEX_POINT('',#5559);
#4511=LINE('',#5560,#5561);
#4512=LINE('',#5562,#5563);
#4513=VERTEX_POINT('',#5564);
#4514=CIRCLE('',#5565,0.00275000003633399);
#4515=VERTEX_POINT('',#5566);
#4516=CIRCLE('',#5567,0.00275000010722365);
#4517=VERTEX_POINT('',#5568);
#4518=CIRCLE('',#5569,0.00274999991619854);
#4519=VERTEX_POINT('',#5570);
#4520=CIRCLE('',#5571,0.00275000035789036);
#4521=FILL_AREA_STYLE_COLOUR('',#5572);
#4522=VERTEX_POINT('',#5573);
#4523=VERTEX_POINT('',#5574);
#4524=LINE('',#5575,#5576);
#4525=LINE('',#5577,#5578);
#4526=LINE('',#5579,#5580);
#4527=FILL_AREA_STYLE_COLOUR('',#5581);
#4528=VERTEX_POINT('',#5582);
#4529=VERTEX_POINT('',#5583);
#4530=LINE('',#5584,#5585);
#4531=LINE('',#5586,#5587);
#4532=LINE('',#5588,#5589);
#4533=FILL_AREA_STYLE_COLOUR('',#5590);
#4534=VERTEX_POINT('',#5591);
#4535=CIRCLE('',#5592,0.00254999991619853);
#4536=VERTEX_POINT('',#5593);
#4537=CIRCLE('',#5594,0.00170000000000001);
#4538=FILL_AREA_STYLE_COLOUR('',#5595);
#4539=VERTEX_POINT('',#5596);
#4540=VERTEX_POINT('',#5597);
#4541=LINE('',#5598,#5599);
#4542=VERTEX_POINT('',#5600);
#4543=LINE('',#5601,#5602);
#4544=VERTEX_POINT('',#5603);
#4545=LINE('',#5604,#5605);
#4546=LINE('',#5606,#5607);
#4547=FILL_AREA_STYLE_COLOUR('',#5608);
#4548=VERTEX_POINT('',#5609);
#4549=CIRCLE('',#5610,0.00255);
#4550=VERTEX_POINT('',#5611);
#4551=CIRCLE('',#5612,0.00125);
#4552=FILL_AREA_STYLE_COLOUR('',#5613);
#4553=FILL_AREA_STYLE_COLOUR('',#5614);
#4554=VERTEX_POINT('',#5615);
#4555=VERTEX_POINT('',#5616);
#4556=LINE('',#5617,#5618);
#4557=LINE('',#5619,#5620);
#4558=LINE('',#5621,#5622);
#4559=FILL_AREA_STYLE_COLOUR('',#5623);
#4560=VERTEX_POINT('',#5624);
#4561=LINE('',#5625,#5626);
#4562=LINE('',#5627,#5628);
#4563=FILL_AREA_STYLE_COLOUR('',#5629);
#4564=VERTEX_POINT('',#5630);
#4565=CIRCLE('',#5631,0.00255);
#4566=FILL_AREA_STYLE_COLOUR('',#5632);
#4567=VERTEX_POINT('',#5633);
#4568=LINE('',#5634,#5635);
#4569=VERTEX_POINT('',#5636);
#4570=LINE('',#5637,#5638);
#4571=LINE('',#5639,#5640);
#4572=FILL_AREA_STYLE_COLOUR('',#5641);
#4573=LINE('',#5642,#5643);
#4574=FILL_AREA_STYLE_COLOUR('',#5644);
#4575=VERTEX_POINT('',#5645);
#4576=CIRCLE('',#5646,0.00125);
#4577=FILL_AREA_STYLE_COLOUR('',#5647);
#4578=FILL_AREA_STYLE_COLOUR('',#5648);
#4579=VERTEX_POINT('',#5649);
#4580=CIRCLE('',#5650,0.00275000010722365);
#4581=VERTEX_POINT('',#5651);
#4582=CIRCLE('',#5652,0.00255000010722367);
#4583=FILL_AREA_STYLE_COLOUR('',#5653);
#4584=VERTEX_POINT('',#5654);
#4585=CIRCLE('',#5655,0.0015);
#4586=VERTEX_POINT('',#5656);
#4587=CIRCLE('',#5657,0.0015);
#4588=FILL_AREA_STYLE_COLOUR('',#5658);
#4589=VERTEX_POINT('',#5659);
#4590=LINE('',#5660,#5661);
#4591=VERTEX_POINT('',#5662);
#4592=LINE('',#5663,#5664);
#4593=LINE('',#5665,#5666);
#4594=FILL_AREA_STYLE_COLOUR('',#5667);
#4595=VERTEX_POINT('',#5668);
#4596=LINE('',#5669,#5670);
#4597=LINE('',#5671,#5672);
#4598=VERTEX_POINT('',#5673);
#4599=LINE('',#5674,#5675);
#4600=LINE('',#5676,#5677);
#4601=FILL_AREA_STYLE_COLOUR('',#5678);
#4602=VERTEX_POINT('',#5679);
#4603=CIRCLE('',#5680,0.00125);
#4604=FILL_AREA_STYLE_COLOUR('',#5681);
#4605=VERTEX_POINT('',#5682);
#4606=VERTEX_POINT('',#5683);
#4607=LINE('',#5684,#5685);
#4608=LINE('',#5686,#5687);
#4609=LINE('',#5688,#5689);
#4610=FILL_AREA_STYLE_COLOUR('',#5690);
#4611=VERTEX_POINT('',#5691);
#4612=LINE('',#5692,#5693);
#4613=LINE('',#5694,#5695);
#4614=FILL_AREA_STYLE_COLOUR('',#5696);
#4615=VERTEX_POINT('',#5697);
#4616=CIRCLE('',#5698,0.00255);
#4617=FILL_AREA_STYLE_COLOUR('',#5699);
#4618=VERTEX_POINT('',#5700);
#4619=VERTEX_POINT('',#5701);
#4620=LINE('',#5702,#5703);
#4621=VERTEX_POINT('',#5704);
#4622=CIRCLE('',#5705,0.002);
#4623=LINE('',#5706,#5707);
#4624=VERTEX_POINT('',#5708);
#4625=LINE('',#5709,#5710);
#4626=CIRCLE('',#5711,0.0005);
#4627=LINE('',#5712,#5713);
#4628=FILL_AREA_STYLE_COLOUR('',#5714);
#4629=FILL_AREA_STYLE_COLOUR('',#5715);
#4630=VERTEX_POINT('',#5716);
#4631=VERTEX_POINT('',#5717);
#4632=LINE('',#5718,#5719);
#4633=LINE('',#5720,#5721);
#4634=LINE('',#5722,#5723);
#4635=FILL_AREA_STYLE_COLOUR('',#5724);
#4636=VERTEX_POINT('',#5725);
#4637=LINE('',#5726,#5727);
#4638=LINE('',#5728,#5729);
#4639=FILL_AREA_STYLE_COLOUR('',#5730);
#4640=VERTEX_POINT('',#5731);
#4641=LINE('',#5732,#5733);
#4642=VERTEX_POINT('',#5734);
#4643=LINE('',#5735,#5736);
#4644=LINE('',#5737,#5738);
#4645=FILL_AREA_STYLE_COLOUR('',#5739);
#4646=VERTEX_POINT('',#5740);
#4647=LINE('',#5741,#5742);
#4648=LINE('',#5743,#5744);
#4649=FILL_AREA_STYLE_COLOUR('',#5745);
#4650=VERTEX_POINT('',#5746);
#4651=LINE('',#5747,#5748);
#4652=VERTEX_POINT('',#5749);
#4653=LINE('',#5750,#5751);
#4654=LINE('',#5752,#5753);
#4655=VERTEX_POINT('',#5754);
#4656=CIRCLE('',#5755,0.0005);
#4657=VERTEX_POINT('',#5756);
#4658=LINE('',#5757,#5758);
#4659=LINE('',#5759,#5760);
#4660=FILL_AREA_STYLE_COLOUR('',#5761);
#4661=VERTEX_POINT('',#5762);
#4662=CIRCLE('',#5763,0.00255);
#4663=FILL_AREA_STYLE_COLOUR('',#5764);
#4664=VERTEX_POINT('',#5765);
#4665=CIRCLE('',#5766,0.0005);
#4666=VERTEX_POINT('',#5767);
#4667=LINE('',#5768,#5769);
#4668=CIRCLE('',#5770,0.0005);
#4669=FILL_AREA_STYLE_COLOUR('',#5771);
#4670=VERTEX_POINT('',#5772);
#4671=CIRCLE('',#5773,0.00475);
#4672=FILL_AREA_STYLE_COLOUR('',#5774);
#4673=VERTEX_POINT('',#5775);
#4674=LINE('',#5776,#5777);
#4675=LINE('',#5778,#5779);
#4676=FILL_AREA_STYLE_COLOUR('',#5780);
#4677=VERTEX_POINT('',#5781);
#4678=CIRCLE('',#5782,0.00274999991619854);
#4679=FILL_AREA_STYLE_COLOUR('',#5783);
#4680=FILL_AREA_STYLE_COLOUR('',#5784);
#4681=FILL_AREA_STYLE_COLOUR('',#5785);
#4682=LINE('',#5786,#5787);
#4683=FILL_AREA_STYLE_COLOUR('',#5788);
#4684=VERTEX_POINT('',#5789);
#4685=LINE('',#5790,#5791);
#4686=VERTEX_POINT('',#5792);
#4687=LINE('',#5793,#5794);
#4688=LINE('',#5795,#5796);
#4689=FILL_AREA_STYLE_COLOUR('',#5797);
#4690=LINE('',#5798,#5799);
#4691=FILL_AREA_STYLE_COLOUR('',#5800);
#4692=VERTEX_POINT('',#5801);
#4693=CIRCLE('',#5802,0.0015);
#4694=VERTEX_POINT('',#5803);
#4695=CIRCLE('',#5804,0.0015);
#4696=FILL_AREA_STYLE_COLOUR('',#5805);
#4697=VERTEX_POINT('',#5806);
#4698=CIRCLE('',#5807,0.002);
#4699=VERTEX_POINT('',#5808);
#4700=CIRCLE('',#5809,0.002);
#4701=LINE('',#5810,#5811);
#4702=FILL_AREA_STYLE_COLOUR('',#5812);
#4703=VERTEX_POINT('',#5813);
#4704=LINE('',#5814,#5815);
#4705=VERTEX_POINT('',#5816);
#4706=LINE('',#5817,#5818);
#4707=LINE('',#5819,#5820);
#4708=FILL_AREA_STYLE_COLOUR('',#5821);
#4709=VERTEX_POINT('',#5822);
#4710=LINE('',#5823,#5824);
#4711=LINE('',#5825,#5826);
#4712=FILL_AREA_STYLE_COLOUR('',#5827);
#4713=VERTEX_POINT('',#5828);
#4714=LINE('',#5829,#5830);
#4715=LINE('',#5831,#5832);
#4716=FILL_AREA_STYLE_COLOUR('',#5833);
#4717=VERTEX_POINT('',#5834);
#4718=LINE('',#5835,#5836);
#4719=LINE('',#5837,#5838);
#4720=FILL_AREA_STYLE_COLOUR('',#5839);
#4721=VERTEX_POINT('',#5840);
#4722=LINE('',#5841,#5842);
#4723=LINE('',#5843,#5844);
#4724=FILL_AREA_STYLE_COLOUR('',#5845);
#4725=VERTEX_POINT('',#5846);
#4726=LINE('',#5847,#5848);
#4727=LINE('',#5849,#5850);
#4728=FILL_AREA_STYLE_COLOUR('',#5851);
#4729=VERTEX_POINT('',#5852);
#4730=LINE('',#5853,#5854);
#4731=LINE('',#5855,#5856);
#4732=VERTEX_POINT('',#5857);
#4733=CIRCLE('',#5858,0.0015);
#4734=VERTEX_POINT('',#5859);
#4735=CIRCLE('',#5860,0.0015);
#4736=FILL_AREA_STYLE_COLOUR('',#5861);
#4737=FILL_AREA_STYLE_COLOUR('',#5862);
#4738=VERTEX_POINT('',#5863);
#4739=CIRCLE('',#5864,0.00169999999999998);
#4740=FILL_AREA_STYLE_COLOUR('',#5865);
#4741=VERTEX_POINT('',#5866);
#4742=LINE('',#5867,#5868);
#4743=LINE('',#5869,#5870);
#4744=FILL_AREA_STYLE_COLOUR('',#5871);
#4745=VERTEX_POINT('',#5872);
#4746=LINE('',#5873,#5874);
#4747=LINE('',#5875,#5876);
#4748=VERTEX_POINT('',#5877);
#4749=CIRCLE('',#5878,0.0015);
#4750=FILL_AREA_STYLE_COLOUR('',#5879);
#4751=FILL_AREA_STYLE_COLOUR('',#5880);
#4752=VERTEX_POINT('',#5881);
#4753=LINE('',#5882,#5883);
#4754=LINE('',#5884,#5885);
#4755=CIRCLE('',#5886,0.0005);
#4756=LINE('',#5887,#5888);
#4757=FILL_AREA_STYLE_COLOUR('',#5889);
#4758=VERTEX_POINT('',#5890);
#4759=VERTEX_POINT('',#5891);
#4760=LINE('',#5892,#5893);
#4761=VERTEX_POINT('',#5894);
#4762=LINE('',#5895,#5896);
#4763=VERTEX_POINT('',#5897);
#4764=LINE('',#5898,#5899);
#4765=LINE('',#5900,#5901);
#4766=FILL_AREA_STYLE_COLOUR('',#5902);
#4767=FILL_AREA_STYLE_COLOUR('',#5903);
#4768=VERTEX_POINT('',#5904);
#4769=LINE('',#5905,#5906);
#4770=LINE('',#5907,#5908);
#4771=VERTEX_POINT('',#5909);
#4772=CIRCLE('',#5910,0.0015);
#4773=FILL_AREA_STYLE_COLOUR('',#5911);
#4774=VERTEX_POINT('',#5912);
#4775=LINE('',#5913,#5914);
#4776=LINE('',#5915,#5916);
#4777=VERTEX_POINT('',#5917);
#4778=CIRCLE('',#5918,0.0015);
#4779=VERTEX_POINT('',#5919);
#4780=CIRCLE('',#5920,0.0015);
#4781=FILL_AREA_STYLE_COLOUR('',#5921);
#4782=FILL_AREA_STYLE_COLOUR('',#5922);
#4783=VERTEX_POINT('',#5923);
#4784=VERTEX_POINT('',#5924);
#4785=LINE('',#5925,#5926);
#4786=LINE('',#5927,#5928);
#4787=LINE('',#5929,#5930);
#4788=FILL_AREA_STYLE_COLOUR('',#5931);
#4789=VERTEX_POINT('',#5932);
#4790=CIRCLE('',#5933,0.00125);
#4791=FILL_AREA_STYLE_COLOUR('',#5934);
#4792=VERTEX_POINT('',#5935);
#4793=LINE('',#5936,#5937);
#4794=LINE('',#5938,#5939);
#4795=FILL_AREA_STYLE_COLOUR('',#5940);
#4796=VERTEX_POINT('',#5941);
#4797=LINE('',#5942,#5943);
#4798=VERTEX_POINT('',#5944);
#4799=LINE('',#5945,#5946);
#4800=LINE('',#5947,#5948);
#4801=FILL_AREA_STYLE_COLOUR('',#5949);
#4802=VERTEX_POINT('',#5950);
#4803=VERTEX_POINT('',#5951);
#4804=LINE('',#5952,#5953);
#4805=VERTEX_POINT('',#5954);
#4806=LINE('',#5955,#5956);
#4807=VERTEX_POINT('',#5957);
#4808=LINE('',#5958,#5959);
#4809=LINE('',#5960,#5961);
#4810=FILL_AREA_STYLE_COLOUR('',#5962);
#4811=VERTEX_POINT('',#5963);
#4812=LINE('',#5964,#5965);
#4813=LINE('',#5966,#5967);
#4814=FILL_AREA_STYLE_COLOUR('',#5968);
#4815=VERTEX_POINT('',#5969);
#4816=VERTEX_POINT('',#5970);
#4817=LINE('',#5971,#5972);
#4818=LINE('',#5973,#5974);
#4819=LINE('',#5975,#5976);
#4820=FILL_AREA_STYLE_COLOUR('',#5977);
#4821=VERTEX_POINT('',#5978);
#4822=LINE('',#5979,#5980);
#4823=LINE('',#5981,#5982);
#4824=FILL_AREA_STYLE_COLOUR('',#5983);
#4825=VERTEX_POINT('',#5984);
#4826=VERTEX_POINT('',#5985);
#4827=LINE('',#5986,#5987);
#4828=LINE('',#5988,#5989);
#4829=LINE('',#5990,#5991);
#4830=FILL_AREA_STYLE_COLOUR('',#5992);
#4831=VERTEX_POINT('',#5993);
#4832=LINE('',#5994,#5995);
#4833=LINE('',#5996,#5997);
#4834=LINE('',#5998,#5999);
#4835=FILL_AREA_STYLE_COLOUR('',#6000);
#4836=VERTEX_POINT('',#6001);
#4837=LINE('',#6002,#6003);
#4838=CIRCLE('',#6004,0.004);
#4839=FILL_AREA_STYLE_COLOUR('',#6005);
#4840=FILL_AREA_STYLE_COLOUR('',#6006);
#4841=FILL_AREA_STYLE_COLOUR('',#6007);
#4842=LINE('',#6008,#6009);
#4843=VERTEX_POINT('',#6010);
#4844=CIRCLE('',#6011,0.0015);
#4845=FILL_AREA_STYLE_COLOUR('',#6012);
#4846=FILL_AREA_STYLE_COLOUR('',#6013);
#4847=VERTEX_POINT('',#6014);
#4848=CIRCLE('',#6015,0.002);
#4849=VERTEX_POINT('',#6016);
#4850=LINE('',#6017,#6018);
#4851=LINE('',#6019,#6020);
#4852=CIRCLE('',#6021,0.0005);
#4853=FILL_AREA_STYLE_COLOUR('',#6022);
#4854=VERTEX_POINT('',#6023);
#4855=CIRCLE('',#6024,0.00255);
#4856=VERTEX_POINT('',#6025);
#4857=CIRCLE('',#6026,0.00125);
#4858=FILL_AREA_STYLE_COLOUR('',#6027);
#4859=LINE('',#6028,#6029);
#4860=FILL_AREA_STYLE_COLOUR('',#6030);
#4861=LINE('',#6031,#6032);
#4862=FILL_AREA_STYLE_COLOUR('',#6033);
#4863=VERTEX_POINT('',#6034);
#4864=LINE('',#6035,#6036);
#4865=VERTEX_POINT('',#6037);
#4866=LINE('',#6038,#6039);
#4867=LINE('',#6040,#6041);
#4868=FILL_AREA_STYLE_COLOUR('',#6042);
#4869=LINE('',#6043,#6044);
#4870=FILL_AREA_STYLE_COLOUR('',#6045);
#4871=FILL_AREA_STYLE_COLOUR('',#6046);
#4872=FILL_AREA_STYLE_COLOUR('',#6047);
#4873=LINE('',#6048,#6049);
#4874=FILL_AREA_STYLE_COLOUR('',#6050);
#4875=VERTEX_POINT('',#6051);
#4876=CIRCLE('',#6052,0.00255);
#4877=VERTEX_POINT('',#6053);
#4878=CIRCLE('',#6054,0.00125);
#4879=FILL_AREA_STYLE_COLOUR('',#6055);
#4880=VERTEX_POINT('',#6056);
#4881=CIRCLE('',#6057,0.004);
#4882=LINE('',#6058,#6059);
#4883=FILL_AREA_STYLE_COLOUR('',#6060);
#4884=LINE('',#6061,#6062);
#4885=FILL_AREA_STYLE_COLOUR('',#6063);
#4886=LINE('',#6064,#6065);
#4887=FILL_AREA_STYLE_COLOUR('',#6066);
#4888=VERTEX_POINT('',#6067);
#4889=LINE('',#6068,#6069);
#4890=LINE('',#6070,#6071);
#4891=FILL_AREA_STYLE_COLOUR('',#6072);
#4892=FILL_AREA_STYLE_COLOUR('',#6073);
#4893=VERTEX_POINT('',#6074);
#4894=LINE('',#6075,#6076);
#4895=LINE('',#6077,#6078);
#4896=FILL_AREA_STYLE_COLOUR('',#6079);
#4897=LINE('',#6080,#6081);
#4898=FILL_AREA_STYLE_COLOUR('',#6082);
#4899=VERTEX_POINT('',#6083);
#4900=CIRCLE('',#6084,0.00255);
#4901=FILL_AREA_STYLE_COLOUR('',#6085);
#4902=VERTEX_POINT('',#6086);
#4903=VERTEX_POINT('',#6087);
#4904=LINE('',#6088,#6089);
#4905=LINE('',#6090,#6091);
#4906=LINE('',#6092,#6093);
#4907=FILL_AREA_STYLE_COLOUR('',#6094);
#4908=LINE('',#6095,#6096);
#4909=LINE('',#6097,#6098);
#4910=FILL_AREA_STYLE_COLOUR('',#6099);
#4911=FILL_AREA_STYLE_COLOUR('',#6100);
#4912=FILL_AREA_STYLE_COLOUR('',#6101);
#4913=VERTEX_POINT('',#6102);
#4914=LINE('',#6103,#6104);
#4915=LINE('',#6105,#6106);
#4916=FILL_AREA_STYLE_COLOUR('',#6107);
#4917=LINE('',#6108,#6109);
#4918=FILL_AREA_STYLE_COLOUR('',#6110);
#4919=VERTEX_POINT('',#6111);
#4920=LINE('',#6112,#6113);
#4921=LINE('',#6114,#6115);
#4922=FILL_AREA_STYLE_COLOUR('',#6116);
#4923=VERTEX_POINT('',#6117);
#4924=LINE('',#6118,#6119);
#4925=LINE('',#6120,#6121);
#4926=FILL_AREA_STYLE_COLOUR('',#6122);
#4927=LINE('',#6123,#6124);
#4928=FILL_AREA_STYLE_COLOUR('',#6125);
#4929=LINE('',#6126,#6127);
#4930=FILL_AREA_STYLE_COLOUR('',#6128);
#4931=LINE('',#6129,#6130);
#4932=FILL_AREA_STYLE_COLOUR('',#6131);
#4933=LINE('',#6132,#6133);
#4934=FILL_AREA_STYLE_COLOUR('',#6134);
#4935=VERTEX_POINT('',#6135);
#4936=LINE('',#6136,#6137);
#4937=CIRCLE('',#6138,0.004);
#4938=FILL_AREA_STYLE_COLOUR('',#6139);
#4939=LINE('',#6140,#6141);
#4940=FILL_AREA_STYLE_COLOUR('',#6142);
#4941=LINE('',#6143,#6144);
#4942=FILL_AREA_STYLE_COLOUR('',#6145);
#4943=FILL_AREA_STYLE_COLOUR('',#6146);
#4944=VERTEX_POINT('',#6147);
#4945=CIRCLE('',#6148,0.00475);
#4946=FILL_AREA_STYLE_COLOUR('',#6149);
#4947=VERTEX_POINT('',#6150);
#4948=CIRCLE('',#6151,0.0015);
#4949=FILL_AREA_STYLE_COLOUR('',#6152);
#4950=FILL_AREA_STYLE_COLOUR('',#6153);
#4951=LINE('',#6154,#6155);
#4952=FILL_AREA_STYLE_COLOUR('',#6156);
#4953=LINE('',#6157,#6158);
#4954=LINE('',#6159,#6160);
#4955=LINE('',#6161,#6162);
#4956=LINE('',#6163,#6164);
#4957=LINE('',#6165,#6166);
#4958=LINE('',#6167,#6168);
#4959=LINE('',#6169,#6170);
#4960=CIRCLE('',#6171,0.00120000000000001);
#4961=CIRCLE('',#6172,0.00120000000000001);
#4962=VERTEX_POINT('',#6173);
#4963=CIRCLE('',#6174,0.00255);
#4964=VERTEX_POINT('',#6175);
#4965=CIRCLE('',#6176,0.00255);
#4966=VERTEX_POINT('',#6177);
#4967=CIRCLE('',#6178,0.00255);
#4968=VERTEX_POINT('',#6179);
#4969=CIRCLE('',#6180,0.00525);
#4970=LINE('',#6181,#6182);
#4971=LINE('',#6183,#6184);
#4972=LINE('',#6185,#6186);
#4973=LINE('',#6187,#6188);
#4974=LINE('',#6189,#6190);
#4975=FILL_AREA_STYLE_COLOUR('',#6191);
#4976=FILL_AREA_STYLE_COLOUR('',#6192);
#4977=FILL_AREA_STYLE_COLOUR('',#6193);
#4978=VERTEX_POINT('',#6194);
#4979=CIRCLE('',#6195,0.00170000000000001);
#4980=FILL_AREA_STYLE_COLOUR('',#6196);
#4981=FILL_AREA_STYLE_COLOUR('',#6197);
#4982=FILL_AREA_STYLE_COLOUR('',#6198);
#4983=FILL_AREA_STYLE_COLOUR('',#6199);
#4984=FILL_AREA_STYLE_COLOUR('',#6200);
#4985=FILL_AREA_STYLE_COLOUR('',#6201);
#4986=FILL_AREA_STYLE_COLOUR('',#6202);
#4987=FILL_AREA_STYLE_COLOUR('',#6203);
#4988=FILL_AREA_STYLE_COLOUR('',#6204);
#4989=FILL_AREA_STYLE_COLOUR('',#6205);
#4990=FILL_AREA_STYLE_COLOUR('',#6206);
#4991=FILL_AREA_STYLE_COLOUR('',#6207);
#4992=FILL_AREA_STYLE_COLOUR('',#6208);
#4993=FILL_AREA_STYLE_COLOUR('',#6209);
#4994=FILL_AREA_STYLE_COLOUR('',#6210);
#4995=FILL_AREA_STYLE_COLOUR('',#6211);
#4996=FILL_AREA_STYLE_COLOUR('',#6212);
#4997=FILL_AREA_STYLE_COLOUR('',#6213);
#4998=FILL_AREA_STYLE_COLOUR('',#6214);
#4999=FILL_AREA_STYLE_COLOUR('',#6215);
#5000=FILL_AREA_STYLE_COLOUR('',#6216);
#5001=FILL_AREA_STYLE_COLOUR('',#6217);
#5002=COLOUR_RGB('',0.752941191196442,0.752941191196442,0.752941191196442);
#5003=CARTESIAN_POINT('',(0.119850000081311,-0.00175,0.0235686533267262));
#5004=CARTESIAN_POINT('',(0.119850000081311,-0.00165,0.0235686533267262));
#5005=CARTESIAN_POINT('',(0.119850000081311,-0.00175100000000003,0.0235686533267262));
#5006=VECTOR('',#6218,1.0);
#5007=CARTESIAN_POINT('',(0.123000000081311,-0.00165,0.0253873066746735));
#5008=CARTESIAN_POINT('',(0.0643805987431938,-0.00164999999999998,-0.0084566204676232));
#5009=VECTOR('',#6219,1.0);
#5010=CARTESIAN_POINT('',(0.123000000081311,-0.00175,0.0253873066746735));
#5011=CARTESIAN_POINT('',(0.123000000081311,-0.00175100000000003,0.0253873066746735));
#5012=VECTOR('',#6220,1.0);
#5013=CARTESIAN_POINT('',(0.0643805987431938,-0.00174999999999998,-0.0084566204676232));
#5014=VECTOR('',#6221,1.0);
#5015=COLOUR_RGB('',0.752941191196442,0.752941191196442,0.752941191196442);
#5016=CARTESIAN_POINT('',(0.119850000081311,-0.00175,0.0199313466308316));
#5017=CARTESIAN_POINT('',(0.119850000081311,-0.00165,0.0199313466308316));
#5018=CARTESIAN_POINT('',(0.119850000081311,-0.00175100000000003,0.0199313466308316));
#5019=VECTOR('',#6222,1.0);
#5020=CARTESIAN_POINT('',(0.119850000081311,-0.00165000000000003,0.10825));
#5021=VECTOR('',#6223,1.0);
#5022=CARTESIAN_POINT('',(0.119850000081311,-0.00175000000000003,0.10825));
#5023=VECTOR('',#6224,1.0);
#5024=COLOUR_RGB('',0.752941191196442,0.752941191196442,0.752941191196442);
#5025=CARTESIAN_POINT('',(0.124500000081311,0.00175,0.0217499999787789));
#5026=AXIS2_PLACEMENT_3D('',#6225,#6226,#6227);
#5027=COLOUR_RGB('',0.752941191196442,0.752941191196442,0.752941191196442);
#5028=CARTESIAN_POINT('',(0.125750000439201,0.00455,0.0217499999787789));
#5029=AXIS2_PLACEMENT_3D('',#6228,#6229,#6230);
#5030=CARTESIAN_POINT('',(0.125550000439201,0.00475000000000001,0.0217499999787789));
#5031=AXIS2_PLACEMENT_3D('',#6231,#6232,#6233);
#5032=COLOUR_RGB('',0.752941191196442,0.752941191196442,0.752941191196442);
#5033=CARTESIAN_POINT('',(0.124700000081311,0.00475000000000001,0.0217499999787789));
#5034=AXIS2_PLACEMENT_3D('',#6234,#6235,#6236);
#5035=COLOUR_RGB('',0.752941191196442,0.752941191196442,0.752941191196442);
#5036=CARTESIAN_POINT('',(-0.001,-0.00175,0.0506499999999999));
#5037=CARTESIAN_POINT('',(-0.001,-0.00175000000000003,0.0632499999999999));
#5038=CARTESIAN_POINT('',(-0.001,-0.00175000000000003,0.10825));
#5039=VECTOR('',#6237,1.0);
#5040=CARTESIAN_POINT('',(-0.001,-0.000250000000000028,0.0506499999999999));
#5041=CARTESIAN_POINT('',(-0.001,0.00825099999999998,0.0506499999999999));
#5042=VECTOR('',#6238,1.0);
#5043=CARTESIAN_POINT('',(-0.001,-0.000250000000000028,0.0632499999999999));
#5044=CARTESIAN_POINT('',(-0.001,-0.000250000000000028,0.10825));
#5045=VECTOR('',#6239,1.0);
#5046=CARTESIAN_POINT('',(-0.001,0.00825099999999998,0.0632499999999999));
#5047=VECTOR('',#6240,1.0);
#5048=COLOUR_RGB('',0.752941191196442,0.752941191196442,0.752941191196442);
#5049=CARTESIAN_POINT('',(0.196825,-0.000450000000000006,0.000749999999999904));
#5050=AXIS2_PLACEMENT_3D('',#6241,#6242,#6243);
#5051=CARTESIAN_POINT('',(0.196825,-0.00025,0.000749999999999904));
#5052=AXIS2_PLACEMENT_3D('',#6244,#6245,#6246);
#5053=COLOUR_RGB('',0.752941191196442,0.752941191196442,0.752941191196442);
#5054=CARTESIAN_POINT('',(0.00974999995802197,0.00455,0.0217499993952029));
#5055=AXIS2_PLACEMENT_3D('',#6247,#6248,#6249);
#5056=CARTESIAN_POINT('',(0.00954999995802197,0.00475000000000001,0.0217499993952029));
#5057=AXIS2_PLACEMENT_3D('',#6250,#6251,#6252);
#5058=COLOUR_RGB('',0.752941191196442,0.752941191196442,0.752941191196442);
#5059=CARTESIAN_POINT('',(0.07519,-0.00174999999999999,0.00254999999999991));
#5060=CARTESIAN_POINT('',(0.07519,-0.00174999999999999,0.00384999999999996));
#5061=CARTESIAN_POINT('',(0.07519,-0.00175000000000003,0.10825));
#5062=VECTOR('',#6253,1.0);
#5063=CARTESIAN_POINT('',(0.07519,-0.000249999999999988,0.00384999999999996));
#5064=CARTESIAN_POINT('',(0.07519,-0.00175100000000003,0.00384999999999996));
#5065=VECTOR('',#6254,1.0);
#5066=CARTESIAN_POINT('',(0.07519,-0.000249999999999987,0.00254999999999991));
#5067=CARTESIAN_POINT('',(0.07519,-0.000250000000000028,0.10825));
#5068=VECTOR('',#6255,1.0);
#5069=CARTESIAN_POINT('',(0.07519,-0.00175100000000003,0.00254999999999991));
#5070=VECTOR('',#6256,1.0);
#5071=COLOUR_RGB('',0.752941191196442,0.752941191196442,0.752941191196442);
#5072=CARTESIAN_POINT('',(-0.0055,0.00675,0.0332499999999999));
#5073=AXIS2_PLACEMENT_3D('',#6257,#6258,#6259);
#5074=CARTESIAN_POINT('',(-0.00700000000000001,0.00675,0.0332499999999999));
#5075=AXIS2_PLACEMENT_3D('',#6260,#6261,#6262);
#5076=COLOUR_RGB('',0.752941191196442,0.752941191196442,0.752941191196442);
#5077=CARTESIAN_POINT('',(0.00700000004846899,-0.00175000000000003,0.109387307010237));
#5078=CARTESIAN_POINT('',(0.00700000004846899,-0.00165000000000003,0.109387307010237));
#5079=CARTESIAN_POINT('',(0.00700000004846899,-0.00175100000000003,0.109387307010237));
#5080=VECTOR('',#6263,1.0);
#5081=CARTESIAN_POINT('',(0.010150000048469,-0.00165000000000003,0.10756865366229));
#5082=CARTESIAN_POINT('',(-7.53160649894164E-006,-0.00165000000000003,0.113433107297588));
#5083=VECTOR('',#6264,1.0);
#5084=CARTESIAN_POINT('',(0.010150000048469,-0.00175000000000003,0.10756865366229));
#5085=CARTESIAN_POINT('',(0.010150000048469,-0.00175100000000003,0.10756865366229));
#5086=VECTOR('',#6265,1.0);
#5087=CARTESIAN_POINT('',(-7.53160649894164E-006,-0.00175000000000003,0.113433107297588));
#5088=VECTOR('',#6266,1.0);
#5089=COLOUR_RGB('',0.752941191196442,0.752941191196442,0.752941191196442);
#5090=CARTESIAN_POINT('',(0.232325,-0.000450000000000034,0.10575));
#5091=AXIS2_PLACEMENT_3D('',#6267,#6268,#6269);
#5092=CARTESIAN_POINT('',(0.232325,-0.000250000000000028,0.10575));
#5093=AXIS2_PLACEMENT_3D('',#6270,#6271,#6272);
#5094=COLOUR_RGB('',0.752941191196442,0.752941191196442,0.752941191196442);
#5095=CARTESIAN_POINT('',(-0.001,-0.00175000000000003,0.0992499999999999));
#5096=CARTESIAN_POINT('',(0.0115,-0.00175000000000003,0.0992499999999999));
#5097=CARTESIAN_POINT('',(-0.003,-0.00175000000000003,0.0992499999999999));
#5098=VECTOR('',#6273,1.0);
#5099=CARTESIAN_POINT('',(-0.001,-0.000250000000000028,0.0992499999999999));
#5100=CARTESIAN_POINT('',(-0.001,0.00825099999999998,0.0992499999999999));
#5101=VECTOR('',#6274,1.0);
#5102=CARTESIAN_POINT('',(0.0115,-0.000250000000000028,0.0992499999999999));
#5103=CARTESIAN_POINT('',(-0.003,-0.000250000000000028,0.0992499999999999));
#5104=VECTOR('',#6275,1.0);
#5105=CARTESIAN_POINT('',(0.0115,0.00825099999999998,0.0992499999999999));
#5106=VECTOR('',#6276,1.0);
#5107=COLOUR_RGB('',0.752941191196442,0.752941191196442,0.752941191196442);
#5108=CARTESIAN_POINT('',(0.2425,-0.00175,-0.000750000000000098));
#5109=CARTESIAN_POINT('',(0.245,-0.00175,-0.000750000000000098));
#5110=CARTESIAN_POINT('',(-0.003,-0.00175,-0.000750000000000098));
#5111=VECTOR('',#6277,1.0);
#5112=CARTESIAN_POINT('',(0.245,-0.00025,-0.000750000000000098));
#5113=CARTESIAN_POINT('',(0.245,-0.00175,-0.000750000000000098));
#5114=VECTOR('',#6278,1.0);
#5115=CARTESIAN_POINT('',(0.2425,-0.00025,-0.000750000000000098));
#5116=CARTESIAN_POINT('',(-0.003,-0.00025,-0.000750000000000098));
#5117=VECTOR('',#6279,1.0);
#5118=CARTESIAN_POINT('',(0.2425,0.00825100000000001,-0.000750000000000098));
#5119=VECTOR('',#6280,1.0);
#5120=COLOUR_RGB('',0.752941191196442,0.752941191196442,0.752941191196442);
#5121=CARTESIAN_POINT('',(0.06699,-0.00174999999999999,0.00504999999999996));
#5122=CARTESIAN_POINT('',(0.06579,-0.00174999999999999,0.00384999999999996));
#5123=AXIS2_PLACEMENT_3D('',#6281,#6282,#6283);
#5124=CARTESIAN_POINT('',(0.06579,-0.000249999999999988,0.00384999999999996));
#5125=CARTESIAN_POINT('',(0.06579,-0.00175100000000003,0.00384999999999996));
#5126=VECTOR('',#6284,1.0);
#5127=CARTESIAN_POINT('',(0.06699,-0.000249999999999989,0.00504999999999996));
#5128=AXIS2_PLACEMENT_3D('',#6285,#6286,#6287);
#5129=CARTESIAN_POINT('',(0.06699,-0.00175100000000003,0.00504999999999996));
#5130=VECTOR('',#6288,1.0);
#5131=COLOUR_RGB('',0.752941191196442,0.752941191196442,0.752941191196442);
#5132=CARTESIAN_POINT('',(0.22345,-0.000450000000000034,0.10575));
#5133=AXIS2_PLACEMENT_3D('',#6289,#6290,#6291);
#5134=CARTESIAN_POINT('',(0.22345,-0.000250000000000028,0.10575));
#5135=AXIS2_PLACEMENT_3D('',#6292,#6293,#6294);
#5136=COLOUR_RGB('',0.752941191196442,0.752941191196442,0.752941191196442);
#5137=CARTESIAN_POINT('',(0.245,0.00025,-0.000250000000000097));
#5138=CARTESIAN_POINT('',(0.243,-0.00175,-0.000250000000000097));
#5139=AXIS2_PLACEMENT_3D('',#6295,#6296,#6297);
#5140=CARTESIAN_POINT('',(0.245,0.000249999999999972,0.10675));
#5141=CARTESIAN_POINT('',(0.245,0.00025,-0.000250000000000097));
#5142=VECTOR('',#6298,1.0);
#5143=CARTESIAN_POINT('',(0.243,-0.00175000000000003,0.10675));
#5144=AXIS2_PLACEMENT_3D('',#6299,#6300,#6301);
#5145=CARTESIAN_POINT('',(0.243,-0.00175000000000003,0.10675));
#5146=VECTOR('',#6302,1.0);
#5147=COLOUR_RGB('',0.752941191196442,0.752941191196442,0.752941191196442);
#5148=CARTESIAN_POINT('',(0.15245,-0.000450000000000006,0.000749999999999904));
#5149=AXIS2_PLACEMENT_3D('',#6303,#6304,#6305);
#5150=CARTESIAN_POINT('',(0.15245,-0.00025,0.000749999999999904));
#5151=AXIS2_PLACEMENT_3D('',#6306,#6307,#6308);
#5152=COLOUR_RGB('',0.752941191196442,0.752941191196442,0.752941191196442);
#5153=CARTESIAN_POINT('',(0.010149999921688,-0.00175,0.0235686527431502));
#5154=CARTESIAN_POINT('',(0.010149999921688,-0.00165,0.0235686527431502));
#5155=CARTESIAN_POINT('',(0.010149999921688,-0.00175100000000003,0.0235686527431502));
#5156=VECTOR('',#6309,1.0);
#5157=CARTESIAN_POINT('',(0.010149999921688,-0.00165,0.0199313460472556));
#5158=CARTESIAN_POINT('',(0.0101499999216879,-0.00165000000000003,0.10825));
#5159=VECTOR('',#6310,1.0);
#5160=CARTESIAN_POINT('',(0.010149999921688,-0.00175,0.0199313460472556));
#5161=CARTESIAN_POINT('',(0.010149999921688,-0.00175100000000003,0.0199313460472556));
#5162=VECTOR('',#6311,1.0);
#5163=CARTESIAN_POINT('',(0.0101499999216879,-0.00175000000000003,0.10825));
#5164=VECTOR('',#6312,1.0);
#5165=COLOUR_RGB('',0.752941191196442,0.752941191196442,0.752941191196442);
#5166=CARTESIAN_POINT('',(-0.002,-0.00175000000000003,0.11225));
#5167=CARTESIAN_POINT('',(-0.003,-0.00175000000000003,0.11225));
#5168=CARTESIAN_POINT('',(-0.003,-0.00175000000000003,0.11225));
#5169=VECTOR('',#6313,1.0);
#5170=CARTESIAN_POINT('',(-0.002,-0.000250000000000028,0.11225));
#5171=CARTESIAN_POINT('',(-0.002,-0.00175000000000003,0.11225));
#5172=VECTOR('',#6314,1.0);
#5173=CARTESIAN_POINT('',(-0.003,-0.000250000000000028,0.11225));
#5174=CARTESIAN_POINT('',(-0.003,-0.000250000000000028,0.11225));
#5175=VECTOR('',#6315,1.0);
#5176=CARTESIAN_POINT('',(-0.003,-0.00175000000000003,0.11225));
#5177=VECTOR('',#6316,1.0);
#5178=COLOUR_RGB('',0.752941191196442,0.752941191196442,0.752941191196442);
#5179=CARTESIAN_POINT('',(0.180375,-0.00175,0.000749999999999904));
#5180=AXIS2_PLACEMENT_3D('',#6317,#6318,#6319);
#5181=CARTESIAN_POINT('',(0.179075,-0.000450000000000006,0.000749999999999904));
#5182=AXIS2_PLACEMENT_3D('',#6320,#6321,#6322);
#5183=COLOUR_RGB('',0.752941191196442,0.752941191196442,0.752941191196442);
#5184=CARTESIAN_POINT('',(0.180375,-0.00175000000000003,0.10575));
#5185=AXIS2_PLACEMENT_3D('',#6323,#6324,#6325);
#5186=CARTESIAN_POINT('',(0.179075,-0.000450000000000034,0.10575));
#5187=AXIS2_PLACEMENT_3D('',#6326,#6327,#6328);
#5188=COLOUR_RGB('',0.752941191196442,0.752941191196442,0.752941191196442);
#5189=CARTESIAN_POINT('',(0.215875,-0.00175,0.000749999999999904));
#5190=AXIS2_PLACEMENT_3D('',#6329,#6330,#6331);
#5191=CARTESIAN_POINT('',(0.214575,-0.000450000000000006,0.000749999999999904));
#5192=AXIS2_PLACEMENT_3D('',#6332,#6333,#6334);
#5193=COLOUR_RGB('',0.752941191196442,0.752941191196442,0.752941191196442);
#5194=CARTESIAN_POINT('',(0.07399,-0.00174999999999999,0.0013499999999999));
#5195=AXIS2_PLACEMENT_3D('',#6335,#6336,#6337);
#5196=CARTESIAN_POINT('',(0.07399,-0.000249999999999987,0.0013499999999999));
#5197=AXIS2_PLACEMENT_3D('',#6338,#6339,#6340);
#5198=CARTESIAN_POINT('',(0.07399,-0.00175100000000003,0.0013499999999999));
#5199=VECTOR('',#6341,1.0);
#5200=COLOUR_RGB('',0.752941191196442,0.752941191196442,0.752941191196442);
#5201=CARTESIAN_POINT('',(0.1271,-0.00175,0.0322499999999999));
#5202=CARTESIAN_POINT('',(0.0175,-0.00175,0.0322499999999999));
#5203=CARTESIAN_POINT('',(-0.003,-0.00175,0.0322499999999999));
#5204=VECTOR('',#6342,1.0);
#5205=CARTESIAN_POINT('',(0.1271,-0.00025,0.0322499999999999));
#5206=CARTESIAN_POINT('',(0.1271,0.00825099999999998,0.0322499999999999));
#5207=VECTOR('',#6343,1.0);
#5208=CARTESIAN_POINT('',(0.0175,-0.00025,0.0322499999999999));
#5209=CARTESIAN_POINT('',(-0.003,-0.00025,0.0322499999999999));
#5210=VECTOR('',#6344,1.0);
#5211=CARTESIAN_POINT('',(0.0175,0.00825099999999998,0.0322499999999999));
#5212=VECTOR('',#6345,1.0);
#5213=COLOUR_RGB('',0.752941191196442,0.752941191196442,0.752941191196442);
#5214=CARTESIAN_POINT('',(0.2435,0.000249999999999972,0.10675));
#5215=CARTESIAN_POINT('',(0.243,-0.000250000000000028,0.10675));
#5216=AXIS2_PLACEMENT_3D('',#6346,#6347,#6348);
#5217=CARTESIAN_POINT('',(0.2435,0.00025,-0.000250000000000097));
#5218=CARTESIAN_POINT('',(0.2435,0.00025,-0.000250000000000097));
#5219=VECTOR('',#6349,1.0);
#5220=CARTESIAN_POINT('',(0.243,-0.00025,-0.000250000000000097));
#5221=AXIS2_PLACEMENT_3D('',#6350,#6351,#6352);
#5222=CARTESIAN_POINT('',(0.243,-0.000250000000000028,0.10825));
#5223=VECTOR('',#6353,1.0);
#5224=COLOUR_RGB('',0.752941191196442,0.752941191196442,0.752941191196442);
#5225=CARTESIAN_POINT('',(0.00849999992168798,0.00455,0.0217499993952029));
#5226=AXIS2_PLACEMENT_3D('',#6354,#6355,#6356);
#5227=CARTESIAN_POINT('',(0.00849999992168798,0.00175,0.0217499993952029));
#5228=AXIS2_PLACEMENT_3D('',#6357,#6358,#6359);
#5229=COLOUR_RGB('',0.752941191196442,0.752941191196442,0.752941191196442);
#5230=CARTESIAN_POINT('',(0.245,-0.00175000000000003,0.10725));
#5231=CARTESIAN_POINT('',(0.245,-0.00175000000000003,0.10825));
#5232=CARTESIAN_POINT('',(0.245,-0.00175000000000003,0.10825));
#5233=VECTOR('',#6360,1.0);
#5234=CARTESIAN_POINT('',(0.245,-0.000250000000000028,0.10725));
#5235=CARTESIAN_POINT('',(0.245,-0.00175000000000003,0.10725));
#5236=VECTOR('',#6361,1.0);
#5237=CARTESIAN_POINT('',(0.245,-0.000250000000000028,0.10825));
#5238=CARTESIAN_POINT('',(0.245,-0.000250000000000028,0.10825));
#5239=VECTOR('',#6362,1.0);
#5240=CARTESIAN_POINT('',(0.245,-0.00175000000000003,0.10825));
#5241=VECTOR('',#6363,1.0);
#5242=COLOUR_RGB('',0.752941191196442,0.752941191196442,0.752941191196442);
#5243=CARTESIAN_POINT('',(-0.0015,0.000249999999999972,0.11225));
#5244=CARTESIAN_POINT('',(-0.0015,0.00824999999999995,0.11225));
#5245=CARTESIAN_POINT('',(-0.0015,-0.00175000000000003,0.11225));
#5246=VECTOR('',#6364,1.0);
#5247=CARTESIAN_POINT('',(0.2395,0.000249999999999972,0.11225));
#5248=CARTESIAN_POINT('',(0.2395,0.000249999999999972,0.11225));
#5249=VECTOR('',#6365,1.0);
#5250=CARTESIAN_POINT('',(0.2395,0.00824999999999995,0.11225));
#5251=CARTESIAN_POINT('',(0.2395,-0.00175000000000003,0.11225));
#5252=VECTOR('',#6366,1.0);
#5253=CARTESIAN_POINT('',(-0.003,0.00824999999999995,0.11225));
#5254=VECTOR('',#6367,1.0);
#5255=CARTESIAN_POINT('',(0.119,0.00574999999999998,0.11225));
#5256=AXIS2_PLACEMENT_3D('',#6368,#6369,#6370);
#5257=COLOUR_RGB('',0.752941191196442,0.752941191196442,0.752941191196442);
#5258=CARTESIAN_POINT('',(0.13425,-0.00175,0.00424999999999991));
#5259=CARTESIAN_POINT('',(0.13425,-0.00175000000000003,0.10225));
#5260=CARTESIAN_POINT('',(0.13425,-0.00175000000000003,0.10825));
#5261=VECTOR('',#6371,1.0);
#5262=CARTESIAN_POINT('',(0.13425,-0.00025,0.00424999999999991));
#5263=CARTESIAN_POINT('',(0.13425,0.00825100000000001,0.00424999999999991));
#5264=VECTOR('',#6372,1.0);
#5265=CARTESIAN_POINT('',(0.13425,-0.000250000000000028,0.10225));
#5266=CARTESIAN_POINT('',(0.13425,-0.000250000000000028,0.10825));
#5267=VECTOR('',#6373,1.0);
#5268=CARTESIAN_POINT('',(0.13425,0.00825099999999995,0.10225));
#5269=VECTOR('',#6374,1.0);
#5270=COLOUR_RGB('',0.752941191196442,0.752941191196442,0.752941191196442);
#5271=CARTESIAN_POINT('',(-0.00700000000000001,-0.00025,-0.0017500000000001));
#5272=CARTESIAN_POINT('',(-0.003,-0.00025,-0.0057500000000001));
#5273=AXIS2_PLACEMENT_3D('',#6375,#6376,#6377);
#5274=CARTESIAN_POINT('',(-0.003,-0.00175,-0.0057500000000001));
#5275=CARTESIAN_POINT('',(-0.003,-0.00175,-0.0057500000000001));
#5276=VECTOR('',#6378,1.0);
#5277=CARTESIAN_POINT('',(-0.00700000000000001,-0.00175,-0.0017500000000001));
#5278=AXIS2_PLACEMENT_3D('',#6379,#6380,#6381);
#5279=CARTESIAN_POINT('',(-0.00700000000000001,-0.00175,-0.0017500000000001));
#5280=VECTOR('',#6382,1.0);
#5281=COLOUR_RGB('',0.752941191196442,0.752941191196442,0.752941191196442);
#5282=CARTESIAN_POINT('',(-0.002,-0.00175000000000003,0.10975));
#5283=CARTESIAN_POINT('',(-0.002,-0.00175000000000003,0.10825));
#5284=VECTOR('',#6383,1.0);
#5285=CARTESIAN_POINT('',(-0.002,-0.000250000000000028,0.10975));
#5286=CARTESIAN_POINT('',(-0.002,0.00825099999999995,0.10975));
#5287=VECTOR('',#6384,1.0);
#5288=CARTESIAN_POINT('',(-0.002,-0.000250000000000028,0.10825));
#5289=VECTOR('',#6385,1.0);
#5290=COLOUR_RGB('',0.752941191196442,0.752941191196442,0.752941191196442);
#5291=CARTESIAN_POINT('',(-0.0015,0.00025,-0.0057500000000001));
#5292=CARTESIAN_POINT('',(-0.0015,-0.00175,-0.0037500000000001));
#5293=AXIS2_PLACEMENT_3D('',#6386,#6387,#6388);
#5294=CARTESIAN_POINT('',(0.2395,0.00025,-0.0057500000000001));
#5295=CARTESIAN_POINT('',(-0.0015,0.00025,-0.0057500000000001));
#5296=VECTOR('',#6389,1.0);
#5297=CARTESIAN_POINT('',(0.2395,-0.00175,-0.0037500000000001));
#5298=AXIS2_PLACEMENT_3D('',#6390,#6391,#6392);
#5299=CARTESIAN_POINT('',(0.2395,-0.00175,-0.0037500000000001));
#5300=VECTOR('',#6393,1.0);
#5301=COLOUR_RGB('',0.752941191196442,0.752941191196442,0.752941191196442);
#5302=CARTESIAN_POINT('',(0.215875,-0.00175000000000003,0.10575));
#5303=AXIS2_PLACEMENT_3D('',#6394,#6395,#6396);
#5304=CARTESIAN_POINT('',(0.214575,-0.000450000000000034,0.10575));
#5305=AXIS2_PLACEMENT_3D('',#6397,#6398,#6399);
#5306=COLOUR_RGB('',0.752941191196442,0.752941191196442,0.752941191196442);
#5307=CARTESIAN_POINT('',(0.00384999992168798,-0.00165,0.0235686527431502));
#5308=CARTESIAN_POINT('',(0.00699999992168798,-0.00165,0.0253873060910975));
#5309=CARTESIAN_POINT('',(0.0353805989559838,-0.00165,0.0417728525833111));
#5310=VECTOR('',#6400,1.0);
#5311=CARTESIAN_POINT('',(0.00384999992168798,-0.00165,0.0199313460472556));
#5312=CARTESIAN_POINT('',(0.00384999992168797,-0.00165000000000003,0.10825));
#5313=VECTOR('',#6401,1.0);
#5314=CARTESIAN_POINT('',(0.00699999992168798,-0.00165,0.0181126926993083));
#5315=CARTESIAN_POINT('',(-0.0395305989951397,-0.00165000000000001,0.0449771465094932));
#5316=VECTOR('',#6402,1.0);
#5317=CARTESIAN_POINT('',(0.0385305989559838,-0.00165,0.0363168925394691));
#5318=VECTOR('',#6403,1.0);
#5319=CARTESIAN_POINT('',(-0.0363805989951397,-0.00165000000000001,0.0504331065533352));
#5320=VECTOR('',#6404,1.0);
#5321=COLOUR_RGB('',0.752941191196442,0.752941191196442,0.752941191196442);
#5322=CARTESIAN_POINT('',(0.09849,-0.000249999999999987,0.00254999999999991));
#5323=AXIS2_PLACEMENT_3D('',#6405,#6406,#6407);
#5324=CARTESIAN_POINT('',(0.09849,-0.00174999999999999,0.00254999999999991));
#5325=AXIS2_PLACEMENT_3D('',#6408,#6409,#6410);
#5326=COLOUR_RGB('',0.752941191196442,0.752941191196442,0.752941191196442);
#5327=CARTESIAN_POINT('',(-0.002,-0.00175,-0.0032500000000001));
#5328=CARTESIAN_POINT('',(-0.002,-0.00175,-0.0057500000000001));
#5329=CARTESIAN_POINT('',(-0.002,-0.00175000000000003,0.10825));
#5330=VECTOR('',#6411,1.0);
#5331=CARTESIAN_POINT('',(-0.002,-0.00025,-0.0057500000000001));
#5332=CARTESIAN_POINT('',(-0.002,-0.00175,-0.0057500000000001));
#5333=VECTOR('',#6412,1.0);
#5334=CARTESIAN_POINT('',(-0.002,-0.00025,-0.0032500000000001));
#5335=CARTESIAN_POINT('',(-0.002,-0.000250000000000028,0.10825));
#5336=VECTOR('',#6413,1.0);
#5337=CARTESIAN_POINT('',(-0.002,0.00825100000000001,-0.0032500000000001));
#5338=VECTOR('',#6414,1.0);
#5339=COLOUR_RGB('',0.752941191196442,0.752941191196442,0.752941191196442);
#5340=CARTESIAN_POINT('',(0.00850000004846899,0.00454999999999997,0.105750000314343));
#5341=AXIS2_PLACEMENT_3D('',#6415,#6416,#6417);
#5342=CARTESIAN_POINT('',(0.00850000004846899,0.00174999999999997,0.105750000314343));
#5343=AXIS2_PLACEMENT_3D('',#6418,#6419,#6420);
#5344=COLOUR_RGB('',0.752941191196442,0.752941191196442,0.752941191196442);
#5345=CARTESIAN_POINT('',(0.0115,-0.00175,0.0452499999999999));
#5346=CARTESIAN_POINT('',(-0.001,-0.00175,0.0452499999999999));
#5347=CARTESIAN_POINT('',(-0.003,-0.00175,0.0452499999999999));
#5348=VECTOR('',#6421,1.0);
#5349=CARTESIAN_POINT('',(-0.001,-0.00025,0.0452499999999999));
#5350=CARTESIAN_POINT('',(-0.001,0.00825099999999998,0.0452499999999999));
#5351=VECTOR('',#6422,1.0);
#5352=CARTESIAN_POINT('',(0.0115,-0.00025,0.0452499999999999));
#5353=CARTESIAN_POINT('',(-0.003,-0.00025,0.0452499999999999));
#5354=VECTOR('',#6423,1.0);
#5355=CARTESIAN_POINT('',(0.0115,0.00825099999999998,0.0452499999999999));
#5356=VECTOR('',#6424,1.0);
#5357=COLOUR_RGB('',0.752941191196442,0.752941191196442,0.752941191196442);
#5358=CARTESIAN_POINT('',(0.1271,-0.00175000000000003,0.0996499999999999));
#5359=CARTESIAN_POINT('',(0.1271,-0.00175000000000003,0.10825));
#5360=VECTOR('',#6425,1.0);
#5361=CARTESIAN_POINT('',(0.1271,-0.000250000000000028,0.0996499999999999));
#5362=CARTESIAN_POINT('',(0.1271,0.00825099999999995,0.0996499999999999));
#5363=VECTOR('',#6426,1.0);
#5364=CARTESIAN_POINT('',(0.1271,-0.000250000000000028,0.10825));
#5365=VECTOR('',#6427,1.0);
#5366=COLOUR_RGB('',0.752941191196442,0.752941191196442,0.752941191196442);
#5367=CARTESIAN_POINT('',(0.00385000004846898,-0.00165000000000003,0.10756865366229));
#5368=CARTESIAN_POINT('',(-0.000992468369266605,-0.00165000000000003,0.104772853217768));
#5369=VECTOR('',#6428,1.0);
#5370=CARTESIAN_POINT('',(0.00385000004846899,-0.00165000000000003,0.103931346966395));
#5371=CARTESIAN_POINT('',(0.00385000004846898,-0.00165000000000003,0.10825));
#5372=VECTOR('',#6429,1.0);
#5373=CARTESIAN_POINT('',(0.00700000004846899,-0.00165000000000003,0.102112693618448));
#5374=CARTESIAN_POINT('',(-0.00315753160649893,-0.00165000000000003,0.107977147253746));
#5375=VECTOR('',#6430,1.0);
#5376=CARTESIAN_POINT('',(0.010150000048469,-0.00165000000000003,0.103931346966395));
#5377=CARTESIAN_POINT('',(0.00215753163073343,-0.00165000000000003,0.0993168931739261));
#5378=VECTOR('',#6431,1.0);
#5379=CARTESIAN_POINT('',(0.010150000048469,-0.00165000000000003,0.10825));
#5380=VECTOR('',#6432,1.0);
#5381=COLOUR_RGB('',0.752941191196442,0.752941191196442,0.752941191196442);
#5382=CARTESIAN_POINT('',(0.2425,-0.00025,-0.000250000000000097));
#5383=CARTESIAN_POINT('',(0.2425,-0.000250000000000028,0.10825));
#5384=VECTOR('',#6433,1.0);
#5385=CARTESIAN_POINT('',(0.2425,-0.00175,-0.000250000000000097));
#5386=CARTESIAN_POINT('',(0.2425,0.00825100000000001,-0.000250000000000097));
#5387=VECTOR('',#6434,1.0);
#5388=CARTESIAN_POINT('',(0.2425,-0.00175000000000003,0.10825));
#5389=VECTOR('',#6435,1.0);
#5390=COLOUR_RGB('',0.752941191196442,0.752941191196442,0.752941191196442);
#5391=CARTESIAN_POINT('',(-0.0015,-0.000250000000000028,0.11025));
#5392=CARTESIAN_POINT('',(-0.0015,-0.000250000000000028,0.10975));
#5393=CARTESIAN_POINT('',(-0.0015,-0.000250000000000028,0.10825));
#5394=VECTOR('',#6436,1.0);
#5395=CARTESIAN_POINT('',(0.2395,-0.000250000000000028,0.11025));
#5396=CARTESIAN_POINT('',(-0.003,-0.000250000000000028,0.11025));
#5397=VECTOR('',#6437,1.0);
#5398=CARTESIAN_POINT('',(0.2395,-0.000250000000000028,0.10975));
#5399=CARTESIAN_POINT('',(0.2395,-0.000250000000000056,0.12375));
#5400=VECTOR('',#6438,1.0);
#5401=CARTESIAN_POINT('',(0.24,-0.000250000000000028,0.10975));
#5402=CARTESIAN_POINT('',(-0.003,-0.000250000000000028,0.10975));
#5403=VECTOR('',#6439,1.0);
#5404=CARTESIAN_POINT('',(0.24,-0.000250000000000028,0.11225));
#5405=CARTESIAN_POINT('',(0.24,-0.000250000000000028,0.10825));
#5406=VECTOR('',#6440,1.0);
#5407=CARTESIAN_POINT('',(0.241,-0.000250000000000028,0.11225));
#5408=CARTESIAN_POINT('',(-0.003,-0.000250000000000028,0.11225));
#5409=VECTOR('',#6441,1.0);
#5410=AXIS2_PLACEMENT_3D('',#6442,#6443,#6444);
#5411=CARTESIAN_POINT('',(0.2425,-0.000250000000000028,0.10725));
#5412=CARTESIAN_POINT('',(-0.003,-0.000250000000000028,0.10725));
#5413=VECTOR('',#6445,1.0);
#5414=CARTESIAN_POINT('',(0.2425,-0.000250000000000028,0.10675));
#5415=CARTESIAN_POINT('',(0.2425,-0.000250000000000028,0.10825));
#5416=VECTOR('',#6446,1.0);
#5417=CARTESIAN_POINT('',(-0.003,-0.000250000000000028,0.10675));
#5418=VECTOR('',#6447,1.0);
#5419=CARTESIAN_POINT('',(0.2475,-0.00025,-0.000250000000000097));
#5420=VECTOR('',#6448,1.0);
#5421=CARTESIAN_POINT('',(0.245,-0.00025,-0.0017500000000001));
#5422=CARTESIAN_POINT('',(0.245,-0.000250000000000028,0.10825));
#5423=VECTOR('',#6449,1.0);
#5424=CARTESIAN_POINT('',(0.241,-0.00025,-0.0057500000000001));
#5425=AXIS2_PLACEMENT_3D('',#6450,#6451,#6452);
#5426=CARTESIAN_POINT('',(0.24,-0.00025,-0.0057500000000001));
#5427=CARTESIAN_POINT('',(0.241,-0.00025,-0.0057500000000001));
#5428=VECTOR('',#6453,1.0);
#5429=CARTESIAN_POINT('',(0.24,-0.00025,-0.0032500000000001));
#5430=CARTESIAN_POINT('',(0.24,-0.000250000000000028,0.10825));
#5431=VECTOR('',#6454,1.0);
#5432=CARTESIAN_POINT('',(0.2395,-0.00025,-0.0032500000000001));
#5433=CARTESIAN_POINT('',(-0.003,-0.00025,-0.0032500000000001));
#5434=VECTOR('',#6455,1.0);
#5435=CARTESIAN_POINT('',(0.2395,-0.00025,-0.0037500000000001));
#5436=CARTESIAN_POINT('',(0.2395,-0.000250000000000028,0.10825));
#5437=VECTOR('',#6456,1.0);
#5438=CARTESIAN_POINT('',(-0.0015,-0.00025,-0.0037500000000001));
#5439=CARTESIAN_POINT('',(-0.003,-0.00025,-0.0037500000000001));
#5440=VECTOR('',#6457,1.0);
#5441=CARTESIAN_POINT('',(-0.0015,-0.00025,-0.0032500000000001));
#5442=CARTESIAN_POINT('',(-0.0015,-0.00025,-0.0102500000000001));
#5443=VECTOR('',#6458,1.0);
#5444=CARTESIAN_POINT('',(-0.003,-0.00025,-0.0032500000000001));
#5445=VECTOR('',#6459,1.0);
#5446=CARTESIAN_POINT('',(0.241,-0.00025,-0.0057500000000001));
#5447=VECTOR('',#6460,1.0);
#5448=CARTESIAN_POINT('',(-0.00700000000000001,-0.00025,-0.000750000000000098));
#5449=CARTESIAN_POINT('',(-0.00700000000000001,-0.00025,-0.0017500000000001));
#5450=VECTOR('',#6461,1.0);
#5451=CARTESIAN_POINT('',(-0.0045,-0.00025,-0.000750000000000098));
#5452=CARTESIAN_POINT('',(-0.003,-0.00025,-0.000750000000000098));
#5453=VECTOR('',#6462,1.0);
#5454=CARTESIAN_POINT('',(-0.0045,-0.00025,-0.000250000000000097));
#5455=CARTESIAN_POINT('',(-0.0045,-0.000250000000000028,0.10825));
#5456=VECTOR('',#6463,1.0);
#5457=CARTESIAN_POINT('',(-0.005,-0.00025,-0.000250000000000097));
#5458=CARTESIAN_POINT('',(-0.003,-0.00025,-0.000250000000000097));
#5459=VECTOR('',#6464,1.0);
#5460=CARTESIAN_POINT('',(-0.005,-0.000250000000000028,0.10675));
#5461=CARTESIAN_POINT('',(-0.005,-0.000250000000000028,0.10825));
#5462=VECTOR('',#6465,1.0);
#5463=CARTESIAN_POINT('',(-0.0045,-0.000250000000000028,0.10675));
#5464=CARTESIAN_POINT('',(-0.00850000000000001,-0.000250000000000028,0.10675));
#5465=VECTOR('',#6466,1.0);
#5466=CARTESIAN_POINT('',(-0.0045,-0.000250000000000028,0.10725));
#5467=CARTESIAN_POINT('',(-0.0045,-0.000250000000000028,0.10825));
#5468=VECTOR('',#6467,1.0);
#5469=CARTESIAN_POINT('',(-0.00700000000000001,-0.000250000000000028,0.10725));
#5470=CARTESIAN_POINT('',(-0.003,-0.000250000000000028,0.10725));
#5471=VECTOR('',#6468,1.0);
#5472=CARTESIAN_POINT('',(-0.00700000000000001,-0.000250000000000028,0.10825));
#5473=CARTESIAN_POINT('',(-0.00700000000000001,-0.00025,-0.0017500000000001));
#5474=VECTOR('',#6469,1.0);
#5475=AXIS2_PLACEMENT_3D('',#6470,#6471,#6472);
#5476=CARTESIAN_POINT('',(-0.003,-0.000250000000000028,0.10975));
#5477=VECTOR('',#6473,1.0);
#5478=CARTESIAN_POINT('',(0.09849,-0.00024999999999999,0.0090999999999999));
#5479=AXIS2_PLACEMENT_3D('',#6474,#6475,#6476);
#5480=CARTESIAN_POINT('',(0.06579,-0.000249999999999987,0.00254999999999991));
#5481=CARTESIAN_POINT('',(0.06579,-0.000250000000000028,0.10825));
#5482=VECTOR('',#6477,1.0);
#5483=CARTESIAN_POINT('',(0.06699,-0.000249999999999987,0.0013499999999999));
#5484=AXIS2_PLACEMENT_3D('',#6478,#6479,#6480);
#5485=CARTESIAN_POINT('',(-0.00300000000000043,-0.000249999999999987,0.00135000000000024));
#5486=VECTOR('',#6481,1.0);
#5487=CARTESIAN_POINT('',(0.07399,-0.000249999999999988,0.00504999999999991));
#5488=AXIS2_PLACEMENT_3D('',#6482,#6483,#6484);
#5489=CARTESIAN_POINT('',(-0.00300000000000041,-0.000249999999999988,0.00505000000000022));
#5490=VECTOR('',#6485,1.0);
#5491=CARTESIAN_POINT('',(0.179075,-0.00025,0.000749999999999904));
#5492=AXIS2_PLACEMENT_3D('',#6486,#6487,#6488);
#5493=CARTESIAN_POINT('',(0.18795,-0.00025,0.000749999999999904));
#5494=AXIS2_PLACEMENT_3D('',#6489,#6490,#6491);
#5495=CARTESIAN_POINT('',(0.214575,-0.00025,0.000749999999999904));
#5496=AXIS2_PLACEMENT_3D('',#6492,#6493,#6494);
#5497=CARTESIAN_POINT('',(0.22345,-0.00025,0.000749999999999904));
#5498=AXIS2_PLACEMENT_3D('',#6495,#6496,#6497);
#5499=CARTESIAN_POINT('',(0.232325,-0.00025,0.000749999999999904));
#5500=AXIS2_PLACEMENT_3D('',#6498,#6499,#6500);
#5501=CARTESIAN_POINT('',(0.214575,-0.000250000000000028,0.10575));
#5502=AXIS2_PLACEMENT_3D('',#6501,#6502,#6503);
#5503=CARTESIAN_POINT('',(0.196825,-0.000250000000000028,0.10575));
#5504=AXIS2_PLACEMENT_3D('',#6504,#6505,#6506);
#5505=CARTESIAN_POINT('',(0.18795,-0.000250000000000028,0.10575));
#5506=AXIS2_PLACEMENT_3D('',#6507,#6508,#6509);
#5507=CARTESIAN_POINT('',(0.179075,-0.000250000000000028,0.10575));
#5508=AXIS2_PLACEMENT_3D('',#6510,#6511,#6512);
#5509=CARTESIAN_POINT('',(0.15245,-0.000250000000000028,0.10575));
#5510=AXIS2_PLACEMENT_3D('',#6513,#6514,#6515);
#5511=CARTESIAN_POINT('',(0.0115,-0.000250000000000028,0.0506499999999999));
#5512=CARTESIAN_POINT('',(-0.003,-0.000250000000000028,0.0506499999999999));
#5513=VECTOR('',#6516,1.0);
#5514=CARTESIAN_POINT('',(0.0115,-0.000250000000000028,0.0632499999999999));
#5515=CARTESIAN_POINT('',(0.0115,-0.000250000000000028,0.10825));
#5516=VECTOR('',#6517,1.0);
#5517=CARTESIAN_POINT('',(-0.003,-0.000250000000000028,0.0632499999999999));
#5518=VECTOR('',#6518,1.0);
#5519=CARTESIAN_POINT('',(0.0115,-0.000250000000000028,0.0866499999999999));
#5520=CARTESIAN_POINT('',(-0.001,-0.000250000000000028,0.0866499999999999));
#5521=CARTESIAN_POINT('',(-0.003,-0.000250000000000028,0.0866499999999999));
#5522=VECTOR('',#6519,1.0);
#5523=CARTESIAN_POINT('',(0.0115,-0.000250000000000028,0.10825));
#5524=VECTOR('',#6520,1.0);
#5525=CARTESIAN_POINT('',(-0.001,-0.000250000000000028,0.10825));
#5526=VECTOR('',#6521,1.0);
#5527=CARTESIAN_POINT('',(0.0175,-0.000250000000000028,0.0996499999999999));
#5528=CARTESIAN_POINT('',(0.0175,-0.000250000000000028,0.10825));
#5529=VECTOR('',#6522,1.0);
#5530=CARTESIAN_POINT('',(-0.003,-0.000250000000000028,0.0996499999999999));
#5531=VECTOR('',#6523,1.0);
#5532=CARTESIAN_POINT('',(0.0115,-0.000250000000000028,0.0686499999999999));
#5533=CARTESIAN_POINT('',(-0.001,-0.000250000000000028,0.0686499999999999));
#5534=CARTESIAN_POINT('',(-0.003,-0.000250000000000028,0.0686499999999999));
#5535=VECTOR('',#6524,1.0);
#5536=CARTESIAN_POINT('',(0.0115,-0.000250000000000028,0.0812499999999999));
#5537=CARTESIAN_POINT('',(0.0115,-0.000250000000000028,0.10825));
#5538=VECTOR('',#6525,1.0);
#5539=CARTESIAN_POINT('',(-0.001,-0.000250000000000028,0.0812499999999999));
#5540=CARTESIAN_POINT('',(-0.003,-0.000250000000000028,0.0812499999999999));
#5541=VECTOR('',#6526,1.0);
#5542=CARTESIAN_POINT('',(-0.001,-0.000250000000000028,0.10825));
#5543=VECTOR('',#6527,1.0);
#5544=CARTESIAN_POINT('',(0.0115,-0.00025,0.0326499999999999));
#5545=CARTESIAN_POINT('',(0.0115,-0.000250000000000028,0.10825));
#5546=VECTOR('',#6528,1.0);
#5547=CARTESIAN_POINT('',(-0.001,-0.00025,0.0326499999999999));
#5548=CARTESIAN_POINT('',(-0.001,-0.000250000000000028,0.10825));
#5549=VECTOR('',#6529,1.0);
#5550=CARTESIAN_POINT('',(-0.003,-0.00025,0.0326499999999999));
#5551=VECTOR('',#6530,1.0);
#5552=CARTESIAN_POINT('',(0.01775,-0.00025,0.0070499999999999));
#5553=AXIS2_PLACEMENT_3D('',#6531,#6532,#6533);
#5554=CARTESIAN_POINT('',(0.12875,-0.00025,0.0088499999999999));
#5555=AXIS2_PLACEMENT_3D('',#6534,#6535,#6536);
#5556=CARTESIAN_POINT('',(0.23925,-0.00025,0.00424999999999991));
#5557=CARTESIAN_POINT('',(-0.003,-0.00025,0.00424999999999991));
#5558=VECTOR('',#6537,1.0);
#5559=CARTESIAN_POINT('',(0.23925,-0.000250000000000028,0.10225));
#5560=CARTESIAN_POINT('',(0.23925,-0.000250000000000028,0.10825));
#5561=VECTOR('',#6538,1.0);
#5562=CARTESIAN_POINT('',(-0.003,-0.000250000000000028,0.10225));
#5563=VECTOR('',#6539,1.0);
#5564=CARTESIAN_POINT('',(0.00974999995802197,-0.00025,0.0217499993952029));
#5565=AXIS2_PLACEMENT_3D('',#6540,#6541,#6542);
#5566=CARTESIAN_POINT('',(0.125750000093798,-0.000250000000000028,0.105749999997295));
#5567=AXIS2_PLACEMENT_3D('',#6543,#6544,#6545);
#5568=CARTESIAN_POINT('',(0.00974999996466753,-0.000250000000000028,0.105750000314343));
#5569=AXIS2_PLACEMENT_3D('',#6546,#6547,#6548);
#5570=CARTESIAN_POINT('',(0.125750000439201,-0.00025,0.0217499999787789));
#5571=AXIS2_PLACEMENT_3D('',#6549,#6550,#6551);
#5572=COLOUR_RGB('',0.752941191196442,0.752941191196442,0.752941191196442);
#5573=CARTESIAN_POINT('',(-0.001,-0.00175,0.0326499999999999));
#5574=CARTESIAN_POINT('',(0.0115,-0.00175,0.0326499999999999));
#5575=CARTESIAN_POINT('',(-0.003,-0.00175,0.0326499999999999));
#5576=VECTOR('',#6552,1.0);
#5577=CARTESIAN_POINT('',(0.0115,0.00825099999999998,0.0326499999999999));
#5578=VECTOR('',#6553,1.0);
#5579=CARTESIAN_POINT('',(-0.001,0.00825099999999998,0.0326499999999999));
#5580=VECTOR('',#6554,1.0);
#5581=COLOUR_RGB('',0.752941191196442,0.752941191196442,0.752941191196442);
#5582=CARTESIAN_POINT('',(0.0115,-0.00175000000000003,0.0632499999999999));
#5583=CARTESIAN_POINT('',(0.0115,-0.00175,0.0506499999999999));
#5584=CARTESIAN_POINT('',(0.0115,-0.00175000000000003,0.10825));
#5585=VECTOR('',#6555,1.0);
#5586=CARTESIAN_POINT('',(0.0115,0.00825099999999998,0.0632499999999999));
#5587=VECTOR('',#6556,1.0);
#5588=CARTESIAN_POINT('',(0.0115,0.00825099999999998,0.0506499999999999));
#5589=VECTOR('',#6557,1.0);
#5590=COLOUR_RGB('',0.752941191196442,0.752941191196442,0.752941191196442);
#5591=CARTESIAN_POINT('',(0.00954999996466752,0.00474999999999995,0.105750000314343));
#5592=AXIS2_PLACEMENT_3D('',#6558,#6559,#6560);
#5593=CARTESIAN_POINT('',(0.008700000048469,0.00474999999999995,0.105750000314343));
#5594=AXIS2_PLACEMENT_3D('',#6561,#6562,#6563);
#5595=COLOUR_RGB('',0.752941191196442,0.752941191196442,0.752941191196442);
#5596=CARTESIAN_POINT('',(-0.00700000000000001,0.00825000000000001,-0.000250000000000097));
#5597=CARTESIAN_POINT('',(-0.0055,0.00825000000000001,-0.000250000000000097));
#5598=CARTESIAN_POINT('',(-0.003,0.00825000000000001,-0.000250000000000097));
#5599=VECTOR('',#6564,1.0);
#5600=CARTESIAN_POINT('',(-0.00700000000000001,0.00824999999999995,0.10675));
#5601=CARTESIAN_POINT('',(-0.00700000000000001,0.00825000000000001,-0.0017500000000001));
#5602=VECTOR('',#6565,1.0);
#5603=CARTESIAN_POINT('',(-0.0055,0.00824999999999995,0.10675));
#5604=CARTESIAN_POINT('',(-0.003,0.00824999999999995,0.10675));
#5605=VECTOR('',#6566,1.0);
#5606=CARTESIAN_POINT('',(-0.0055,0.00824999999999995,0.10825));
#5607=VECTOR('',#6567,1.0);
#5608=COLOUR_RGB('',0.752941191196442,0.752941191196442,0.752941191196442);
#5609=CARTESIAN_POINT('',(0.18925,-0.00175000000000003,0.10575));
#5610=AXIS2_PLACEMENT_3D('',#6568,#6569,#6570);
#5611=CARTESIAN_POINT('',(0.18795,-0.000450000000000034,0.10575));
#5612=AXIS2_PLACEMENT_3D('',#6571,#6572,#6573);
#5613=COLOUR_RGB('',0.752941191196442,0.752941191196442,0.752941191196442);
#5614=COLOUR_RGB('',0.752941191196442,0.752941191196442,0.752941191196442);
#5615=CARTESIAN_POINT('',(0.23925,-0.00175000000000003,0.10225));
#5616=CARTESIAN_POINT('',(0.23925,-0.00175,0.00424999999999991));
#5617=CARTESIAN_POINT('',(0.23925,-0.00175000000000003,0.10825));
#5618=VECTOR('',#6574,1.0);
#5619=CARTESIAN_POINT('',(0.23925,0.00825099999999995,0.10225));
#5620=VECTOR('',#6575,1.0);
#5621=CARTESIAN_POINT('',(0.23925,0.00825100000000001,0.00424999999999991));
#5622=VECTOR('',#6576,1.0);
#5623=COLOUR_RGB('',0.752941191196442,0.752941191196442,0.752941191196442);
#5624=CARTESIAN_POINT('',(0.06579,-0.00174999999999999,0.00254999999999991));
#5625=CARTESIAN_POINT('',(0.06579,-0.00175000000000003,0.10825));
#5626=VECTOR('',#6577,1.0);
#5627=CARTESIAN_POINT('',(0.06579,-0.00175100000000003,0.00254999999999991));
#5628=VECTOR('',#6578,1.0);
#5629=COLOUR_RGB('',0.752941191196442,0.752941191196442,0.752941191196442);
#5630=CARTESIAN_POINT('',(0.22475,-0.00175000000000003,0.10575));
#5631=AXIS2_PLACEMENT_3D('',#6579,#6580,#6581);
#5632=COLOUR_RGB('',0.752941191196442,0.752941191196442,0.752941191196442);
#5633=CARTESIAN_POINT('',(0.2425,-0.00175000000000003,0.10675));
#5634=CARTESIAN_POINT('',(0.2425,0.00825099999999995,0.10675));
#5635=VECTOR('',#6582,1.0);
#5636=CARTESIAN_POINT('',(0.2425,-0.00175000000000003,0.10725));
#5637=CARTESIAN_POINT('',(0.2425,0.00825099999999995,0.10725));
#5638=VECTOR('',#6583,1.0);
#5639=CARTESIAN_POINT('',(0.2425,-0.00175000000000003,0.10825));
#5640=VECTOR('',#6584,1.0);
#5641=COLOUR_RGB('',0.752941191196442,0.752941191196442,0.752941191196442);
#5642=CARTESIAN_POINT('',(-0.003,-0.00175,0.0506499999999999));
#5643=VECTOR('',#6585,1.0);
#5644=COLOUR_RGB('',0.752941191196442,0.752941191196442,0.752941191196442);
#5645=CARTESIAN_POINT('',(0.15245,-0.000450000000000034,0.10575));
#5646=AXIS2_PLACEMENT_3D('',#6586,#6587,#6588);
#5647=COLOUR_RGB('',0.752941191196442,0.752941191196442,0.752941191196442);
#5648=COLOUR_RGB('',0.752941191196442,0.752941191196442,0.752941191196442);
#5649=CARTESIAN_POINT('',(0.125750000093798,0.00454999999999997,0.105749999997295));
#5650=AXIS2_PLACEMENT_3D('',#6589,#6590,#6591);
#5651=CARTESIAN_POINT('',(0.125550000093798,0.00474999999999995,0.105749999997295));
#5652=AXIS2_PLACEMENT_3D('',#6592,#6593,#6594);
#5653=COLOUR_RGB('',0.752941191196442,0.752941191196442,0.752941191196442);
#5654=CARTESIAN_POINT('',(0.119,0.00275,-0.0042500000000001));
#5655=AXIS2_PLACEMENT_3D('',#6595,#6596,#6597);
#5656=CARTESIAN_POINT('',(0.119,0.00275,-0.0057500000000001));
#5657=AXIS2_PLACEMENT_3D('',#6598,#6599,#6600);
#5658=COLOUR_RGB('',0.752941191196442,0.752941191196442,0.752941191196442);
#5659=CARTESIAN_POINT('',(0.00385000004846899,-0.00175000000000003,0.103931346966395));
#5660=CARTESIAN_POINT('',(0.00385000004846899,-0.00175100000000003,0.103931346966395));
#5661=VECTOR('',#6601,1.0);
#5662=CARTESIAN_POINT('',(0.00385000004846898,-0.00175000000000003,0.10756865366229));
#5663=CARTESIAN_POINT('',(0.00385000004846898,-0.00175100000000003,0.10756865366229));
#5664=VECTOR('',#6602,1.0);
#5665=CARTESIAN_POINT('',(0.00385000004846898,-0.00175000000000003,0.10825));
#5666=VECTOR('',#6603,1.0);
#5667=COLOUR_RGB('',0.752941191196442,0.752941191196442,0.752941191196442);
#5668=CARTESIAN_POINT('',(0.245,0.00825000000000001,-0.000250000000000097));
#5669=CARTESIAN_POINT('',(0.245,-0.00175,-0.000250000000000097));
#5670=VECTOR('',#6604,1.0);
#5671=CARTESIAN_POINT('',(-0.003,-0.00175,-0.000250000000000097));
#5672=VECTOR('',#6605,1.0);
#5673=CARTESIAN_POINT('',(0.2435,0.00825000000000001,-0.000250000000000097));
#5674=CARTESIAN_POINT('',(0.2435,0.00825100000000001,-0.000250000000000097));
#5675=VECTOR('',#6606,1.0);
#5676=CARTESIAN_POINT('',(-0.003,0.00825000000000001,-0.000250000000000097));
#5677=VECTOR('',#6607,1.0);
#5678=COLOUR_RGB('',0.752941191196442,0.752941191196442,0.752941191196442);
#5679=CARTESIAN_POINT('',(0.22345,-0.000450000000000006,0.000749999999999904));
#5680=AXIS2_PLACEMENT_3D('',#6608,#6609,#6610);
#5681=COLOUR_RGB('',0.752941191196442,0.752941191196442,0.752941191196442);
#5682=CARTESIAN_POINT('',(0.0115,-0.00175000000000003,0.0812499999999999));
#5683=CARTESIAN_POINT('',(0.0115,-0.00175000000000003,0.0686499999999999));
#5684=CARTESIAN_POINT('',(0.0115,-0.00175000000000003,0.10825));
#5685=VECTOR('',#6611,1.0);
#5686=CARTESIAN_POINT('',(0.0115,0.00825099999999998,0.0812499999999999));
#5687=VECTOR('',#6612,1.0);
#5688=CARTESIAN_POINT('',(0.0115,0.00825099999999998,0.0686499999999999));
#5689=VECTOR('',#6613,1.0);
#5690=COLOUR_RGB('',0.752941191196442,0.752941191196442,0.752941191196442);
#5691=CARTESIAN_POINT('',(-0.00700000000000001,-0.00175,-0.000750000000000098));
#5692=CARTESIAN_POINT('',(-0.00700000000000001,-0.00175,-0.0017500000000001));
#5693=VECTOR('',#6614,1.0);
#5694=CARTESIAN_POINT('',(-0.00700000000000001,-0.00175,-0.000750000000000098));
#5695=VECTOR('',#6615,1.0);
#5696=COLOUR_RGB('',0.752941191196442,0.752941191196442,0.752941191196442);
#5697=CARTESIAN_POINT('',(0.198125,-0.00175,0.000749999999999904));
#5698=AXIS2_PLACEMENT_3D('',#6616,#6617,#6618);
#5699=COLOUR_RGB('',0.752941191196442,0.752941191196442,0.752941191196442);
#5700=CARTESIAN_POINT('',(-0.005,-0.00175,-0.000250000000000097));
#5701=CARTESIAN_POINT('',(-0.0045,-0.00175,-0.000250000000000097));
#5702=CARTESIAN_POINT('',(-0.003,-0.00175,-0.000250000000000097));
#5703=VECTOR('',#6619,1.0);
#5704=CARTESIAN_POINT('',(-0.00700000000000001,0.00025,-0.000250000000000097));
#5705=AXIS2_PLACEMENT_3D('',#6620,#6621,#6622);
#5706=CARTESIAN_POINT('',(-0.00700000000000001,-0.00175,-0.000250000000000097));
#5707=VECTOR('',#6623,1.0);
#5708=CARTESIAN_POINT('',(-0.0055,0.00025,-0.000250000000000097));
#5709=CARTESIAN_POINT('',(-0.0055,0.00825100000000001,-0.000250000000000097));
#5710=VECTOR('',#6624,1.0);
#5711=AXIS2_PLACEMENT_3D('',#6625,#6626,#6627);
#5712=CARTESIAN_POINT('',(-0.0045,0.00825100000000001,-0.000250000000000097));
#5713=VECTOR('',#6628,1.0);
#5714=COLOUR_RGB('',0.752941191196442,0.752941191196442,0.752941191196442);
#5715=COLOUR_RGB('',0.752941191196442,0.752941191196442,0.752941191196442);
#5716=CARTESIAN_POINT('',(-0.0045,-0.00175000000000003,0.10725));
#5717=CARTESIAN_POINT('',(-0.00700000000000001,-0.00175000000000003,0.10725));
#5718=CARTESIAN_POINT('',(-0.003,-0.00175000000000003,0.10725));
#5719=VECTOR('',#6629,1.0);
#5720=CARTESIAN_POINT('',(-0.00700000000000001,-0.00175000000000003,0.10725));
#5721=VECTOR('',#6630,1.0);
#5722=CARTESIAN_POINT('',(-0.0045,0.00825099999999995,0.10725));
#5723=VECTOR('',#6631,1.0);
#5724=COLOUR_RGB('',0.752941191196442,0.752941191196442,0.752941191196442);
#5725=CARTESIAN_POINT('',(0.0115,-0.00175000000000003,0.0866499999999999));
#5726=CARTESIAN_POINT('',(0.0115,-0.00175000000000003,0.10825));
#5727=VECTOR('',#6632,1.0);
#5728=CARTESIAN_POINT('',(0.0115,0.00825099999999998,0.0866499999999999));
#5729=VECTOR('',#6633,1.0);
#5730=COLOUR_RGB('',0.752941191196442,0.752941191196442,0.752941191196442);
#5731=CARTESIAN_POINT('',(0.126150000081311,-0.00165,0.0235686533267262));
#5732=CARTESIAN_POINT('',(-0.00738059870253808,-0.00165000000000003,0.100662580479634));
#5733=VECTOR('',#6634,1.0);
#5734=CARTESIAN_POINT('',(0.126150000081311,-0.00175,0.0235686533267262));
#5735=CARTESIAN_POINT('',(0.126150000081311,-0.00175100000000003,0.0235686533267262));
#5736=VECTOR('',#6635,1.0);
#5737=CARTESIAN_POINT('',(-0.00738059870253808,-0.00175000000000003,0.100662580479634));
#5738=VECTOR('',#6636,1.0);
#5739=COLOUR_RGB('',0.752941191196442,0.752941191196442,0.752941191196442);
#5740=CARTESIAN_POINT('',(0.00699999992168798,-0.00175,0.0181126926993083));
#5741=CARTESIAN_POINT('',(0.00699999992168798,-0.00175100000000003,0.0181126926993083));
#5742=VECTOR('',#6637,1.0);
#5743=CARTESIAN_POINT('',(0.0385305989559838,-0.00175,0.0363168925394691));
#5744=VECTOR('',#6638,1.0);
#5745=COLOUR_RGB('',0.752941191196442,0.752941191196442,0.752941191196442);
#5746=CARTESIAN_POINT('',(-0.0015,0.00825000000000001,-0.0057500000000001));
#5747=CARTESIAN_POINT('',(-0.0015,-0.00175,-0.0057500000000001));
#5748=VECTOR('',#6639,1.0);
#5749=CARTESIAN_POINT('',(-0.0015,-0.00175,-0.0032500000000001));
#5750=CARTESIAN_POINT('',(-0.0015,-0.00175000000000003,0.10825));
#5751=VECTOR('',#6640,1.0);
#5752=CARTESIAN_POINT('',(-0.0015,0.00825100000000001,-0.0032500000000001));
#5753=VECTOR('',#6641,1.0);
#5754=CARTESIAN_POINT('',(-0.0015,0.00025,-0.0042500000000001));
#5755=AXIS2_PLACEMENT_3D('',#6642,#6643,#6644);
#5756=CARTESIAN_POINT('',(-0.0015,0.00825000000000001,-0.0042500000000001));
#5757=CARTESIAN_POINT('',(-0.0015,0.00825100000000001,-0.0042500000000001));
#5758=VECTOR('',#6645,1.0);
#5759=CARTESIAN_POINT('',(-0.0015,0.00824999999999995,0.10825));
#5760=VECTOR('',#6646,1.0);
#5761=COLOUR_RGB('',0.752941191196442,0.752941191196442,0.752941191196442);
#5762=CARTESIAN_POINT('',(0.22475,-0.00175,0.000749999999999904));
#5763=AXIS2_PLACEMENT_3D('',#6647,#6648,#6649);
#5764=COLOUR_RGB('',0.752941191196442,0.752941191196442,0.752941191196442);
#5765=CARTESIAN_POINT('',(-0.0015,0.000249999999999972,0.11075));
#5766=AXIS2_PLACEMENT_3D('',#6650,#6651,#6652);
#5767=CARTESIAN_POINT('',(0.2395,0.000249999999999972,0.11075));
#5768=CARTESIAN_POINT('',(0.2395,0.000249999999999972,0.11075));
#5769=VECTOR('',#6653,1.0);
#5770=AXIS2_PLACEMENT_3D('',#6654,#6655,#6656);
#5771=COLOUR_RGB('',0.752941191196442,0.752941191196442,0.752941191196442);
#5772=CARTESIAN_POINT('',(0.12875,-0.00175,0.0088499999999999));
#5773=AXIS2_PLACEMENT_3D('',#6657,#6658,#6659);
#5774=COLOUR_RGB('',0.752941191196442,0.752941191196442,0.752941191196442);
#5775=CARTESIAN_POINT('',(0.010150000048469,-0.00175000000000003,0.103931346966395));
#5776=CARTESIAN_POINT('',(0.010150000048469,-0.00175100000000003,0.103931346966395));
#5777=VECTOR('',#6660,1.0);
#5778=CARTESIAN_POINT('',(0.010150000048469,-0.00175000000000003,0.10825));
#5779=VECTOR('',#6661,1.0);
#5780=COLOUR_RGB('',0.752941191196442,0.752941191196442,0.752941191196442);
#5781=CARTESIAN_POINT('',(0.00974999996466753,0.00454999999999997,0.105750000314343));
#5782=AXIS2_PLACEMENT_3D('',#6662,#6663,#6664);
#5783=COLOUR_RGB('',0.752941191196442,0.752941191196442,0.752941191196442);
#5784=COLOUR_RGB('',0.752941191196442,0.752941191196442,0.752941191196442);
#5785=COLOUR_RGB('',0.752941191196442,0.752941191196442,0.752941191196442);
#5786=CARTESIAN_POINT('',(-0.000992468369266605,-0.00175000000000003,0.104772853217768));
#5787=VECTOR('',#6665,1.0);
#5788=COLOUR_RGB('',0.752941191196442,0.752941191196442,0.752941191196442);
#5789=CARTESIAN_POINT('',(0.00384999992168798,-0.00175,0.0199313460472556));
#5790=CARTESIAN_POINT('',(0.00384999992168798,-0.00175100000000003,0.0199313460472556));
#5791=VECTOR('',#6666,1.0);
#5792=CARTESIAN_POINT('',(0.00384999992168798,-0.00175,0.0235686527431502));
#5793=CARTESIAN_POINT('',(0.00384999992168798,-0.00175100000000003,0.0235686527431502));
#5794=VECTOR('',#6667,1.0);
#5795=CARTESIAN_POINT('',(0.00384999992168797,-0.00175000000000003,0.10825));
#5796=VECTOR('',#6668,1.0);
#5797=COLOUR_RGB('',0.752941191196442,0.752941191196442,0.752941191196442);
#5798=CARTESIAN_POINT('',(-0.003,-0.00175000000000003,0.10725));
#5799=VECTOR('',#6669,1.0);
#5800=COLOUR_RGB('',0.752941191196442,0.752941191196442,0.752941191196442);
#5801=CARTESIAN_POINT('',(0.124499999986574,0.00454999999999997,0.105749999997295));
#5802=AXIS2_PLACEMENT_3D('',#6670,#6671,#6672);
#5803=CARTESIAN_POINT('',(0.124499999986574,0.00174999999999997,0.105749999997295));
#5804=AXIS2_PLACEMENT_3D('',#6673,#6674,#6675);
#5805=COLOUR_RGB('',0.752941191196442,0.752941191196442,0.752941191196442);
#5806=CARTESIAN_POINT('',(0.2395,-0.00175000000000003,0.11025));
#5807=AXIS2_PLACEMENT_3D('',#6676,#6677,#6678);
#5808=CARTESIAN_POINT('',(-0.0015,-0.00175000000000003,0.11025));
#5809=AXIS2_PLACEMENT_3D('',#6679,#6680,#6681);
#5810=CARTESIAN_POINT('',(-0.0015,-0.00175000000000003,0.11025));
#5811=VECTOR('',#6682,1.0);
#5812=COLOUR_RGB('',0.752941191196442,0.752941191196442,0.752941191196442);
#5813=CARTESIAN_POINT('',(0.2395,0.00025,-0.0042500000000001));
#5814=CARTESIAN_POINT('',(-0.0015,0.00025,-0.0042500000000001));
#5815=VECTOR('',#6683,1.0);
#5816=CARTESIAN_POINT('',(0.2395,0.00825000000000001,-0.0042500000000001));
#5817=CARTESIAN_POINT('',(0.2395,0.00825100000000001,-0.0042500000000001));
#5818=VECTOR('',#6684,1.0);
#5819=CARTESIAN_POINT('',(-0.003,0.00825000000000001,-0.0042500000000001));
#5820=VECTOR('',#6685,1.0);
#5821=COLOUR_RGB('',0.752941191196442,0.752941191196442,0.752941191196442);
#5822=CARTESIAN_POINT('',(0.00699999992168798,-0.00175,0.0253873060910975));
#5823=CARTESIAN_POINT('',(0.00699999992168798,-0.00175100000000003,0.0253873060910975));
#5824=VECTOR('',#6686,1.0);
#5825=CARTESIAN_POINT('',(0.0353805989559838,-0.00175,0.0417728525833111));
#5826=VECTOR('',#6687,1.0);
#5827=COLOUR_RGB('',0.752941191196442,0.752941191196442,0.752941191196442);
#5828=CARTESIAN_POINT('',(0.2395,0.00825000000000001,-0.0057500000000001));
#5829=CARTESIAN_POINT('',(0.2395,-0.00175,-0.0057500000000001));
#5830=VECTOR('',#6688,1.0);
#5831=CARTESIAN_POINT('',(0.241,0.00825000000000001,-0.0057500000000001));
#5832=VECTOR('',#6689,1.0);
#5833=COLOUR_RGB('',0.752941191196442,0.752941191196442,0.752941191196442);
#5834=CARTESIAN_POINT('',(0.06699,-0.00174999999999999,0.00134999999999996));
#5835=CARTESIAN_POINT('',(-0.00300000000000043,-0.00174999999999999,0.00135000000000024));
#5836=VECTOR('',#6690,1.0);
#5837=CARTESIAN_POINT('',(0.06699,-0.00175100000000003,0.00134999999999996));
#5838=VECTOR('',#6691,1.0);
#5839=COLOUR_RGB('',0.752941191196442,0.752941191196442,0.752941191196442);
#5840=CARTESIAN_POINT('',(-0.001,-0.00175000000000003,0.0812499999999999));
#5841=CARTESIAN_POINT('',(-0.003,-0.00175000000000003,0.0812499999999999));
#5842=VECTOR('',#6692,1.0);
#5843=CARTESIAN_POINT('',(-0.001,0.00825099999999998,0.0812499999999999));
#5844=VECTOR('',#6693,1.0);
#5845=COLOUR_RGB('',0.752941191196442,0.752941191196442,0.752941191196442);
#5846=CARTESIAN_POINT('',(0.0175,-0.00175000000000003,0.0996499999999999));
#5847=CARTESIAN_POINT('',(0.0175,-0.00175000000000003,0.10825));
#5848=VECTOR('',#6694,1.0);
#5849=CARTESIAN_POINT('',(0.0175,0.00825099999999995,0.0996499999999999));
#5850=VECTOR('',#6695,1.0);
#5851=COLOUR_RGB('',0.752941191196442,0.752941191196442,0.752941191196442);
#5852=CARTESIAN_POINT('',(0.2435,0.00824999999999995,0.10675));
#5853=CARTESIAN_POINT('',(0.2435,0.00825099999999995,0.10675));
#5854=VECTOR('',#6696,1.0);
#5855=CARTESIAN_POINT('',(0.2435,0.00824999999999995,0.10825));
#5856=VECTOR('',#6697,1.0);
#5857=CARTESIAN_POINT('',(0.2435,0.00374999999999998,0.0732499999999999));
#5858=AXIS2_PLACEMENT_3D('',#6698,#6699,#6700);
#5859=CARTESIAN_POINT('',(0.2435,0.00375,0.0332499999999999));
#5860=AXIS2_PLACEMENT_3D('',#6701,#6702,#6703);
#5861=COLOUR_RGB('',0.752941191196442,0.752941191196442,0.752941191196442);
#5862=COLOUR_RGB('',0.752941191196442,0.752941191196442,0.752941191196442);
#5863=CARTESIAN_POINT('',(0.124699999986574,0.00474999999999995,0.105749999997295));
#5864=AXIS2_PLACEMENT_3D('',#6704,#6705,#6706);
#5865=COLOUR_RGB('',0.752941191196442,0.752941191196442,0.752941191196442);
#5866=CARTESIAN_POINT('',(-0.0045,-0.00175,-0.000750000000000098));
#5867=CARTESIAN_POINT('',(-0.0045,0.00825100000000001,-0.000750000000000098));
#5868=VECTOR('',#6707,1.0);
#5869=CARTESIAN_POINT('',(-0.0045,-0.00175000000000003,0.10825));
#5870=VECTOR('',#6708,1.0);
#5871=COLOUR_RGB('',0.752941191196442,0.752941191196442,0.752941191196442);
#5872=CARTESIAN_POINT('',(-0.00700000000000001,0.000249999999999972,0.10675));
#5873=CARTESIAN_POINT('',(-0.00700000000000001,0.000249999999999972,0.10675));
#5874=VECTOR('',#6709,1.0);
#5875=CARTESIAN_POINT('',(-0.00700000000000001,-0.00175000000000003,0.10675));
#5876=VECTOR('',#6710,1.0);
#5877=CARTESIAN_POINT('',(-0.00700000000000001,0.00674999999999998,0.0732499999999999));
#5878=AXIS2_PLACEMENT_3D('',#6711,#6712,#6713);
#5879=COLOUR_RGB('',0.752941191196442,0.752941191196442,0.752941191196442);
#5880=COLOUR_RGB('',0.752941191196442,0.752941191196442,0.752941191196442);
#5881=CARTESIAN_POINT('',(0.2395,-0.00175,-0.0032500000000001));
#5882=CARTESIAN_POINT('',(0.2395,-0.00175000000000003,0.10825));
#5883=VECTOR('',#6714,1.0);
#5884=CARTESIAN_POINT('',(0.2395,0.00824999999999995,0.10825));
#5885=VECTOR('',#6715,1.0);
#5886=AXIS2_PLACEMENT_3D('',#6716,#6717,#6718);
#5887=CARTESIAN_POINT('',(0.2395,0.00825100000000001,-0.0032500000000001));
#5888=VECTOR('',#6719,1.0);
#5889=COLOUR_RGB('',0.752941191196442,0.752941191196442,0.752941191196442);
#5890=CARTESIAN_POINT('',(0.126149999986574,-0.00175000000000003,0.107568653345242));
#5891=CARTESIAN_POINT('',(0.126149999986574,-0.00165000000000003,0.107568653345242));
#5892=CARTESIAN_POINT('',(0.126149999986574,-0.00175100000000003,0.107568653345242));
#5893=VECTOR('',#6720,1.0);
#5894=CARTESIAN_POINT('',(0.126149999986574,-0.00165000000000003,0.103931346649347));
#5895=CARTESIAN_POINT('',(0.126149999986574,-0.00165000000000003,0.108250000000001));
#5896=VECTOR('',#6721,1.0);
#5897=CARTESIAN_POINT('',(0.126149999986574,-0.00175000000000003,0.103931346649347));
#5898=CARTESIAN_POINT('',(0.126149999986574,-0.00175100000000003,0.103931346649347));
#5899=VECTOR('',#6722,1.0);
#5900=CARTESIAN_POINT('',(0.126149999986574,-0.00175000000000003,0.108250000000001));
#5901=VECTOR('',#6723,1.0);
#5902=COLOUR_RGB('',0.752941191196442,0.752941191196442,0.752941191196442);
#5903=COLOUR_RGB('',0.752941191196442,0.752941191196442,0.752941191196442);
#5904=CARTESIAN_POINT('',(-0.0055,0.000249999999999972,0.10675));
#5905=CARTESIAN_POINT('',(-0.0055,0.00825099999999995,0.10675));
#5906=VECTOR('',#6724,1.0);
#5907=CARTESIAN_POINT('',(-0.0055,0.000249999999999972,0.10675));
#5908=VECTOR('',#6725,1.0);
#5909=CARTESIAN_POINT('',(-0.0055,0.00674999999999998,0.0732499999999999));
#5910=AXIS2_PLACEMENT_3D('',#6726,#6727,#6728);
#5911=COLOUR_RGB('',0.752941191196442,0.752941191196442,0.752941191196442);
#5912=CARTESIAN_POINT('',(0.245,0.00824999999999995,0.10675));
#5913=CARTESIAN_POINT('',(0.245,-0.00175000000000003,0.10675));
#5914=VECTOR('',#6729,1.0);
#5915=CARTESIAN_POINT('',(0.245,0.00824999999999995,0.10825));
#5916=VECTOR('',#6730,1.0);
#5917=CARTESIAN_POINT('',(0.245,0.00374999999999998,0.0732499999999999));
#5918=AXIS2_PLACEMENT_3D('',#6731,#6732,#6733);
#5919=CARTESIAN_POINT('',(0.245,0.00375,0.0332499999999999));
#5920=AXIS2_PLACEMENT_3D('',#6734,#6735,#6736);
#5921=COLOUR_RGB('',0.752941191196442,0.752941191196442,0.752941191196442);
#5922=COLOUR_RGB('',0.752941191196442,0.752941191196442,0.752941191196442);
#5923=CARTESIAN_POINT('',(0.123000000081311,-0.00175,0.0181126932828843));
#5924=CARTESIAN_POINT('',(0.123000000081311,-0.00165,0.0181126932828843));
#5925=CARTESIAN_POINT('',(0.123000000081311,-0.00175100000000003,0.0181126932828843));
#5926=VECTOR('',#6737,1.0);
#5927=CARTESIAN_POINT('',(-0.0105305987025382,-0.00165000000000002,0.0952066204357915));
#5928=VECTOR('',#6738,1.0);
#5929=CARTESIAN_POINT('',(-0.0105305987025382,-0.00175000000000002,0.0952066204357915));
#5930=VECTOR('',#6739,1.0);
#5931=COLOUR_RGB('',0.752941191196442,0.752941191196442,0.752941191196442);
#5932=CARTESIAN_POINT('',(0.196825,-0.000450000000000034,0.10575));
#5933=AXIS2_PLACEMENT_3D('',#6740,#6741,#6742);
#5934=COLOUR_RGB('',0.752941191196442,0.752941191196442,0.752941191196442);
#5935=CARTESIAN_POINT('',(-0.001,-0.00175000000000003,0.0866499999999999));
#5936=CARTESIAN_POINT('',(-0.001,-0.00175000000000003,0.10825));
#5937=VECTOR('',#6743,1.0);
#5938=CARTESIAN_POINT('',(-0.001,0.00825099999999998,0.0866499999999999));
#5939=VECTOR('',#6744,1.0);
#5940=COLOUR_RGB('',0.752941191196442,0.752941191196442,0.752941191196442);
#5941=CARTESIAN_POINT('',(0.2395,0.00824999999999995,0.11075));
#5942=CARTESIAN_POINT('',(0.2395,0.00824999999999995,0.10825));
#5943=VECTOR('',#6745,1.0);
#5944=CARTESIAN_POINT('',(-0.0015,0.00824999999999995,0.11075));
#5945=CARTESIAN_POINT('',(-0.003,0.00824999999999995,0.11075));
#5946=VECTOR('',#6746,1.0);
#5947=CARTESIAN_POINT('',(-0.0015,0.00824999999999995,0.10825));
#5948=VECTOR('',#6747,1.0);
#5949=COLOUR_RGB('',0.752941191196442,0.752941191196442,0.752941191196442);
#5950=CARTESIAN_POINT('',(0.119849999986574,-0.00175000000000003,0.107568653345242));
#5951=CARTESIAN_POINT('',(0.119849999986574,-0.00165000000000003,0.107568653345242));
#5952=CARTESIAN_POINT('',(0.119849999986574,-0.00175100000000003,0.107568653345242));
#5953=VECTOR('',#6748,1.0);
#5954=CARTESIAN_POINT('',(0.122999999986574,-0.00165000000000003,0.109387306693189));
#5955=CARTESIAN_POINT('',(0.0280075317525453,-0.00165000000000001,0.054543379587286));
#5956=VECTOR('',#6749,1.0);
#5957=CARTESIAN_POINT('',(0.122999999986574,-0.00175000000000003,0.109387306693189));
#5958=CARTESIAN_POINT('',(0.122999999986574,-0.00175100000000003,0.109387306693189));
#5959=VECTOR('',#6750,1.0);
#5960=CARTESIAN_POINT('',(0.0280075317525453,-0.00175000000000001,0.054543379587286));
#5961=VECTOR('',#6751,1.0);
#5962=COLOUR_RGB('',0.752941191196442,0.752941191196442,0.752941191196442);
#5963=CARTESIAN_POINT('',(0.245,-0.00175,-0.0017500000000001));
#5964=CARTESIAN_POINT('',(0.245,-0.00175000000000003,0.10825));
#5965=VECTOR('',#6752,1.0);
#5966=CARTESIAN_POINT('',(0.245,-0.00175,-0.0017500000000001));
#5967=VECTOR('',#6753,1.0);
#5968=COLOUR_RGB('',0.752941191196442,0.752941191196442,0.752941191196442);
#5969=CARTESIAN_POINT('',(0.24,-0.00175000000000003,0.10975));
#5970=CARTESIAN_POINT('',(0.24,-0.00175000000000003,0.11225));
#5971=CARTESIAN_POINT('',(0.24,-0.00175000000000003,0.10825));
#5972=VECTOR('',#6754,1.0);
#5973=CARTESIAN_POINT('',(0.24,-0.00175000000000003,0.11225));
#5974=VECTOR('',#6755,1.0);
#5975=CARTESIAN_POINT('',(0.24,0.00825099999999995,0.10975));
#5976=VECTOR('',#6756,1.0);
#5977=COLOUR_RGB('',0.752941191196442,0.752941191196442,0.752941191196442);
#5978=CARTESIAN_POINT('',(-0.001,-0.00175000000000003,0.0686499999999999));
#5979=CARTESIAN_POINT('',(-0.001,-0.00175000000000003,0.10825));
#5980=VECTOR('',#6757,1.0);
#5981=CARTESIAN_POINT('',(-0.001,0.00825099999999998,0.0686499999999999));
#5982=VECTOR('',#6758,1.0);
#5983=COLOUR_RGB('',0.752941191196442,0.752941191196442,0.752941191196442);
#5984=CARTESIAN_POINT('',(0.119849999986574,-0.00175000000000003,0.103931346649347));
#5985=CARTESIAN_POINT('',(0.119849999986574,-0.00165000000000003,0.103931346649347));
#5986=CARTESIAN_POINT('',(0.119849999986574,-0.00175100000000003,0.103931346649347));
#5987=VECTOR('',#6759,1.0);
#5988=CARTESIAN_POINT('',(0.119849999986574,-0.00165000000000003,0.10825));
#5989=VECTOR('',#6760,1.0);
#5990=CARTESIAN_POINT('',(0.119849999986574,-0.00175000000000003,0.10825));
#5991=VECTOR('',#6761,1.0);
#5992=COLOUR_RGB('',0.752941191196442,0.752941191196442,0.752941191196442);
#5993=CARTESIAN_POINT('',(0.2395,-0.00175000000000003,0.10975));
#5994=CARTESIAN_POINT('',(0.2395,-0.00175000000000003,0.10825));
#5995=VECTOR('',#6762,1.0);
#5996=CARTESIAN_POINT('',(0.2395,0.00825099999999995,0.10975));
#5997=VECTOR('',#6763,1.0);
#5998=CARTESIAN_POINT('',(0.2395,0.00825099999999995,0.11075));
#5999=VECTOR('',#6764,1.0);
#6000=COLOUR_RGB('',0.752941191196442,0.752941191196442,0.752941191196442);
#6001=CARTESIAN_POINT('',(-0.00700000000000001,-0.00175000000000003,0.10825));
#6002=CARTESIAN_POINT('',(-0.00700000000000001,-0.00175000000000003,0.10825));
#6003=VECTOR('',#6765,1.0);
#6004=AXIS2_PLACEMENT_3D('',#6766,#6767,#6768);
#6005=COLOUR_RGB('',0.752941191196442,0.752941191196442,0.752941191196442);
#6006=COLOUR_RGB('',0.752941191196442,0.752941191196442,0.752941191196442);
#6007=COLOUR_RGB('',0.752941191196442,0.752941191196442,0.752941191196442);
#6008=CARTESIAN_POINT('',(-0.0015,0.00825099999999995,0.11075));
#6009=VECTOR('',#6769,1.0);
#6010=CARTESIAN_POINT('',(0.119,0.00574999999999998,0.11075));
#6011=AXIS2_PLACEMENT_3D('',#6770,#6771,#6772);
#6012=COLOUR_RGB('',0.752941191196442,0.752941191196442,0.752941191196442);
#6013=COLOUR_RGB('',0.752941191196442,0.752941191196442,0.752941191196442);
#6014=CARTESIAN_POINT('',(-0.005,-0.00175000000000003,0.10675));
#6015=AXIS2_PLACEMENT_3D('',#6773,#6774,#6775);
#6016=CARTESIAN_POINT('',(-0.0045,-0.00175000000000003,0.10675));
#6017=CARTESIAN_POINT('',(-0.003,-0.00175000000000003,0.10675));
#6018=VECTOR('',#6776,1.0);
#6019=CARTESIAN_POINT('',(-0.0045,0.00825099999999995,0.10675));
#6020=VECTOR('',#6777,1.0);
#6021=AXIS2_PLACEMENT_3D('',#6778,#6779,#6780);
#6022=COLOUR_RGB('',0.752941191196442,0.752941191196442,0.752941191196442);
#6023=CARTESIAN_POINT('',(0.233625,-0.00175,0.000749999999999904));
#6024=AXIS2_PLACEMENT_3D('',#6781,#6782,#6783);
#6025=CARTESIAN_POINT('',(0.232325,-0.000450000000000006,0.000749999999999904));
#6026=AXIS2_PLACEMENT_3D('',#6784,#6785,#6786);
#6027=COLOUR_RGB('',0.752941191196442,0.752941191196442,0.752941191196442);
#6028=CARTESIAN_POINT('',(-0.00700000000000001,-0.00175,-0.0017500000000001));
#6029=VECTOR('',#6787,1.0);
#6030=COLOUR_RGB('',0.752941191196442,0.752941191196442,0.752941191196442);
#6031=CARTESIAN_POINT('',(-0.003,-0.00175,0.00424999999999991));
#6032=VECTOR('',#6788,1.0);
#6033=COLOUR_RGB('',0.752941191196442,0.752941191196442,0.752941191196442);
#6034=CARTESIAN_POINT('',(0.126150000081311,-0.00165,0.0199313466308316));
#6035=CARTESIAN_POINT('',(0.12615000008131,-0.00165000000000003,0.108250000000001));
#6036=VECTOR('',#6789,1.0);
#6037=CARTESIAN_POINT('',(0.126150000081311,-0.00175,0.0199313466308316));
#6038=CARTESIAN_POINT('',(0.126150000081311,-0.00175100000000003,0.0199313466308316));
#6039=VECTOR('',#6790,1.0);
#6040=CARTESIAN_POINT('',(0.12615000008131,-0.00175000000000003,0.108250000000001));
#6041=VECTOR('',#6791,1.0);
#6042=COLOUR_RGB('',0.752941191196442,0.752941191196442,0.752941191196442);
#6043=CARTESIAN_POINT('',(-0.005,-0.00175,-0.000250000000000097));
#6044=VECTOR('',#6792,1.0);
#6045=COLOUR_RGB('',0.752941191196442,0.752941191196442,0.752941191196442);
#6046=COLOUR_RGB('',0.752941191196442,0.752941191196442,0.752941191196442);
#6047=COLOUR_RGB('',0.752941191196442,0.752941191196442,0.752941191196442);
#6048=CARTESIAN_POINT('',(-0.0363805989951397,-0.00175000000000001,0.0504331065533352));
#6049=VECTOR('',#6793,1.0);
#6050=COLOUR_RGB('',0.752941191196442,0.752941191196442,0.752941191196442);
#6051=CARTESIAN_POINT('',(0.18925,-0.00175,0.000749999999999904));
#6052=AXIS2_PLACEMENT_3D('',#6794,#6795,#6796);
#6053=CARTESIAN_POINT('',(0.18795,-0.000450000000000006,0.000749999999999904));
#6054=AXIS2_PLACEMENT_3D('',#6797,#6798,#6799);
#6055=COLOUR_RGB('',0.752941191196442,0.752941191196442,0.752941191196442);
#6056=CARTESIAN_POINT('',(0.241,-0.00175,-0.0057500000000001));
#6057=AXIS2_PLACEMENT_3D('',#6800,#6801,#6802);
#6058=CARTESIAN_POINT('',(0.241,-0.00175,-0.0057500000000001));
#6059=VECTOR('',#6803,1.0);
#6060=COLOUR_RGB('',0.752941191196442,0.752941191196442,0.752941191196442);
#6061=CARTESIAN_POINT('',(-0.003,-0.00175000000000003,0.0996499999999999));
#6062=VECTOR('',#6804,1.0);
#6063=COLOUR_RGB('',0.752941191196442,0.752941191196442,0.752941191196442);
#6064=CARTESIAN_POINT('',(0.0675305987431935,-0.00164999999999998,-0.0139125805114652));
#6065=VECTOR('',#6805,1.0);
#6066=COLOUR_RGB('',0.752941191196442,0.752941191196442,0.752941191196442);
#6067=CARTESIAN_POINT('',(-0.0015,-0.00175000000000003,0.10975));
#6068=CARTESIAN_POINT('',(-0.0015,-0.00175000000000003,0.10825));
#6069=VECTOR('',#6806,1.0);
#6070=CARTESIAN_POINT('',(-0.0015,0.00825099999999995,0.10975));
#6071=VECTOR('',#6807,1.0);
#6072=COLOUR_RGB('',0.752941191196442,0.752941191196442,0.752941191196442);
#6073=COLOUR_RGB('',0.752941191196442,0.752941191196442,0.752941191196442);
#6074=CARTESIAN_POINT('',(0.07399,-0.00174999999999999,0.00504999999999991));
#6075=CARTESIAN_POINT('',(-0.00300000000000041,-0.00174999999999999,0.00505000000000022));
#6076=VECTOR('',#6808,1.0);
#6077=CARTESIAN_POINT('',(0.07399,-0.00175100000000003,0.00504999999999991));
#6078=VECTOR('',#6809,1.0);
#6079=COLOUR_RGB('',0.752941191196442,0.752941191196442,0.752941191196442);
#6080=CARTESIAN_POINT('',(-0.003,0.00824999999999995,0.10675));
#6081=VECTOR('',#6810,1.0);
#6082=COLOUR_RGB('',0.752941191196442,0.752941191196442,0.752941191196442);
#6083=CARTESIAN_POINT('',(0.15375,-0.00175,0.000749999999999904));
#6084=AXIS2_PLACEMENT_3D('',#6811,#6812,#6813);
#6085=COLOUR_RGB('',0.752941191196442,0.752941191196442,0.752941191196442);
#6086=CARTESIAN_POINT('',(0.24,-0.00175,-0.0057500000000001));
#6087=CARTESIAN_POINT('',(0.24,-0.00175,-0.0032500000000001));
#6088=CARTESIAN_POINT('',(0.24,-0.00175000000000003,0.10825));
#6089=VECTOR('',#6814,1.0);
#6090=CARTESIAN_POINT('',(0.24,0.00825100000000001,-0.0032500000000001));
#6091=VECTOR('',#6815,1.0);
#6092=CARTESIAN_POINT('',(0.24,-0.00175,-0.0057500000000001));
#6093=VECTOR('',#6816,1.0);
#6094=COLOUR_RGB('',0.752941191196442,0.752941191196442,0.752941191196442);
#6095=CARTESIAN_POINT('',(0.0289924682407415,-0.00165000000000005,0.163662580452498));
#6096=VECTOR('',#6817,1.0);
#6097=CARTESIAN_POINT('',(0.0289924682407415,-0.00175000000000005,0.163662580452498));
#6098=VECTOR('',#6818,1.0);
#6099=COLOUR_RGB('',0.752941191196442,0.752941191196442,0.752941191196442);
#6100=COLOUR_RGB('',0.752941191196442,0.752941191196442,0.752941191196442);
#6101=COLOUR_RGB('',0.752941191196442,0.752941191196442,0.752941191196442);
#6102=CARTESIAN_POINT('',(0.122999999986574,-0.00165000000000003,0.1021126933014));
#6103=CARTESIAN_POINT('',(0.0258424682407413,-0.00165000000000005,0.158206620408656));
#6104=VECTOR('',#6819,1.0);
#6105=CARTESIAN_POINT('',(0.0311575317525454,-0.00165000000000001,0.049087419543444));
#6106=VECTOR('',#6820,1.0);
#6107=COLOUR_RGB('',0.752941191196442,0.752941191196442,0.752941191196442);
#6108=CARTESIAN_POINT('',(0.0115,-0.00175000000000003,0.10825));
#6109=VECTOR('',#6821,1.0);
#6110=COLOUR_RGB('',0.752941191196442,0.752941191196442,0.752941191196442);
#6111=CARTESIAN_POINT('',(0.00700000004846899,-0.00175000000000003,0.102112693618448));
#6112=CARTESIAN_POINT('',(0.00700000004846899,-0.00175100000000003,0.102112693618448));
#6113=VECTOR('',#6822,1.0);
#6114=CARTESIAN_POINT('',(-0.00315753160649893,-0.00175000000000003,0.107977147253746));
#6115=VECTOR('',#6823,1.0);
#6116=COLOUR_RGB('',0.752941191196442,0.752941191196442,0.752941191196442);
#6117=CARTESIAN_POINT('',(0.122999999986574,-0.00175000000000003,0.1021126933014));
#6118=CARTESIAN_POINT('',(0.122999999986574,-0.00175100000000003,0.1021126933014));
#6119=VECTOR('',#6824,1.0);
#6120=CARTESIAN_POINT('',(0.0258424682407413,-0.00175000000000005,0.158206620408656));
#6121=VECTOR('',#6825,1.0);
#6122=COLOUR_RGB('',0.752941191196442,0.752941191196442,0.752941191196442);
#6123=CARTESIAN_POINT('',(-0.003,-0.00175000000000003,0.10225));
#6124=VECTOR('',#6826,1.0);
#6125=COLOUR_RGB('',0.752941191196442,0.752941191196442,0.752941191196442);
#6126=CARTESIAN_POINT('',(-0.003,-0.00175,-0.0032500000000001));
#6127=VECTOR('',#6827,1.0);
#6128=COLOUR_RGB('',0.752941191196442,0.752941191196442,0.752941191196442);
#6129=CARTESIAN_POINT('',(-0.003,-0.00175000000000003,0.0686499999999999));
#6130=VECTOR('',#6828,1.0);
#6131=COLOUR_RGB('',0.752941191196442,0.752941191196442,0.752941191196442);
#6132=CARTESIAN_POINT('',(0.241,-0.00175,-0.0057500000000001));
#6133=VECTOR('',#6829,1.0);
#6134=COLOUR_RGB('',0.752941191196442,0.752941191196442,0.752941191196442);
#6135=CARTESIAN_POINT('',(0.241,-0.00175000000000003,0.11225));
#6136=CARTESIAN_POINT('',(0.241,-0.00175000000000003,0.11225));
#6137=VECTOR('',#6830,1.0);
#6138=AXIS2_PLACEMENT_3D('',#6831,#6832,#6833);
#6139=COLOUR_RGB('',0.752941191196442,0.752941191196442,0.752941191196442);
#6140=CARTESIAN_POINT('',(-0.003,-0.00175000000000003,0.0632499999999999));
#6141=VECTOR('',#6834,1.0);
#6142=COLOUR_RGB('',0.752941191196442,0.752941191196442,0.752941191196442);
#6143=CARTESIAN_POINT('',(0.241,-0.00175,-0.0057500000000001));
#6144=VECTOR('',#6835,1.0);
#6145=COLOUR_RGB('',0.752941191196442,0.752941191196442,0.752941191196442);
#6146=COLOUR_RGB('',0.752941191196442,0.752941191196442,0.752941191196442);
#6147=CARTESIAN_POINT('',(0.09849,-0.00174999999999999,0.0090999999999999));
#6148=AXIS2_PLACEMENT_3D('',#6836,#6837,#6838);
#6149=COLOUR_RGB('',0.752941191196442,0.752941191196442,0.752941191196442);
#6150=CARTESIAN_POINT('',(0.124500000081311,0.00455,0.0217499999787789));
#6151=AXIS2_PLACEMENT_3D('',#6839,#6840,#6841);
#6152=COLOUR_RGB('',0.752941191196442,0.752941191196442,0.752941191196442);
#6153=COLOUR_RGB('',0.752941191196442,0.752941191196442,0.752941191196442);
#6154=CARTESIAN_POINT('',(-0.0395305989951397,-0.00175000000000001,0.0449771465094932));
#6155=VECTOR('',#6842,1.0);
#6156=COLOUR_RGB('',0.752941191196442,0.752941191196442,0.752941191196442);
#6157=CARTESIAN_POINT('',(-0.003,-0.00175000000000003,0.10675));
#6158=VECTOR('',#6843,1.0);
#6159=CARTESIAN_POINT('',(-0.003,-0.00175000000000003,0.11225));
#6160=VECTOR('',#6844,1.0);
#6161=CARTESIAN_POINT('',(-0.003,-0.00175000000000003,0.10975));
#6162=VECTOR('',#6845,1.0);
#6163=CARTESIAN_POINT('',(-0.003,-0.00175000000000003,0.10975));
#6164=VECTOR('',#6846,1.0);
#6165=CARTESIAN_POINT('',(-0.0045,-0.00175000000000003,0.10825));
#6166=VECTOR('',#6847,1.0);
#6167=CARTESIAN_POINT('',(-0.003,-0.00175,-0.000750000000000098));
#6168=VECTOR('',#6848,1.0);
#6169=CARTESIAN_POINT('',(-0.003,-0.00175,-0.0032500000000001));
#6170=VECTOR('',#6849,1.0);
#6171=AXIS2_PLACEMENT_3D('',#6850,#6851,#6852);
#6172=AXIS2_PLACEMENT_3D('',#6853,#6854,#6855);
#6173=CARTESIAN_POINT('',(0.233625,-0.00175000000000003,0.10575));
#6174=AXIS2_PLACEMENT_3D('',#6856,#6857,#6858);
#6175=CARTESIAN_POINT('',(0.198125,-0.00175000000000003,0.10575));
#6176=AXIS2_PLACEMENT_3D('',#6859,#6860,#6861);
#6177=CARTESIAN_POINT('',(0.15375,-0.00175000000000003,0.10575));
#6178=AXIS2_PLACEMENT_3D('',#6862,#6863,#6864);
#6179=CARTESIAN_POINT('',(0.01775,-0.00175,0.0070499999999999));
#6180=AXIS2_PLACEMENT_3D('',#6865,#6866,#6867);
#6181=CARTESIAN_POINT('',(-0.001,-0.00175000000000003,0.10825));
#6182=VECTOR('',#6868,1.0);
#6183=CARTESIAN_POINT('',(-0.003,-0.00175000000000003,0.0866499999999999));
#6184=VECTOR('',#6869,1.0);
#6185=CARTESIAN_POINT('',(0.0311575317525454,-0.00175000000000001,0.049087419543444));
#6186=VECTOR('',#6870,1.0);
#6187=CARTESIAN_POINT('',(0.00215753163073343,-0.00175000000000003,0.0993168931739261));
#6188=VECTOR('',#6871,1.0);
#6189=CARTESIAN_POINT('',(0.0675305987431935,-0.00174999999999998,-0.0139125805114652));
#6190=VECTOR('',#6872,1.0);
#6191=COLOUR_RGB('',0.752941191196442,0.752941191196442,0.752941191196442);
#6192=COLOUR_RGB('',0.752941191196442,0.752941191196442,0.752941191196442);
#6193=COLOUR_RGB('',0.752941191196442,0.752941191196442,0.752941191196442);
#6194=CARTESIAN_POINT('',(0.00869999992168799,0.00475000000000001,0.0217499993952029));
#6195=AXIS2_PLACEMENT_3D('',#6873,#6874,#6875);
#6196=COLOUR_RGB('',0.752941191196442,0.752941191196442,0.752941191196442);
#6197=COLOUR_RGB('',0.752941191196442,0.752941191196442,0.752941191196442);
#6198=COLOUR_RGB('',0.752941191196442,0.752941191196442,0.752941191196442);
#6199=COLOUR_RGB('',0.752941191196442,0.752941191196442,0.752941191196442);
#6200=COLOUR_RGB('',0.752941191196442,0.752941191196442,0.752941191196442);
#6201=COLOUR_RGB('',0.752941191196442,0.752941191196442,0.752941191196442);
#6202=COLOUR_RGB('',0.752941191196442,0.752941191196442,0.752941191196442);
#6203=COLOUR_RGB('',0.752941191196442,0.752941191196442,0.752941191196442);
#6204=COLOUR_RGB('',0.752941191196442,0.752941191196442,0.752941191196442);
#6205=COLOUR_RGB('',0.752941191196442,0.752941191196442,0.752941191196442);
#6206=COLOUR_RGB('',0.752941191196442,0.752941191196442,0.752941191196442);
#6207=COLOUR_RGB('',0.752941191196442,0.752941191196442,0.752941191196442);
#6208=COLOUR_RGB('',0.752941191196442,0.752941191196442,0.752941191196442);
#6209=COLOUR_RGB('',0.752941191196442,0.752941191196442,0.752941191196442);
#6210=COLOUR_RGB('',0.752941191196442,0.752941191196442,0.752941191196442);
#6211=COLOUR_RGB('',0.752941191196442,0.752941191196442,0.752941191196442);
#6212=COLOUR_RGB('',0.752941191196442,0.752941191196442,0.752941191196442);
#6213=COLOUR_RGB('',0.752941191196442,0.752941191196442,0.752941191196442);
#6214=COLOUR_RGB('',0.752941191196442,0.752941191196442,0.752941191196442);
#6215=COLOUR_RGB('',0.752941191196442,0.752941191196442,0.752941191196442);
#6216=COLOUR_RGB('',0.752941191196442,0.752941191196442,0.752941191196442);
#6217=COLOUR_RGB('',0.752941191196442,0.752941191196442,0.752941191196442);
#6218=DIRECTION('',(0.0,1.0,0.0));
#6219=DIRECTION('',(0.866025403784438,-1.91428434946348E-016,0.500000000000001));
#6220=DIRECTION('',(0.0,1.0,0.0));
#6221=DIRECTION('',(0.866025403784438,-1.91428434946348E-016,0.500000000000001));
#6222=DIRECTION('',(0.0,1.0,0.0));
#6223=DIRECTION('',(-0.0,-3.82856869892695E-016,1.0));
#6224=DIRECTION('',(-0.0,-3.82856869892695E-016,1.0));
#6225=CARTESIAN_POINT('',(0.123000000081311,0.00175,0.0217499999787789));
#6226=DIRECTION('',(0.0,-1.0,-3.82856869892695E-016));
#6227=DIRECTION('',(1.0,0.0,0.0));
#6228=CARTESIAN_POINT('',(0.123000000081311,0.00455,0.0217499999787789));
#6229=DIRECTION('',(0.0,-1.0,-3.82856869892695E-016));
#6230=DIRECTION('',(1.0,0.0,0.0));
#6231=CARTESIAN_POINT('',(0.123000000081311,0.00475000000000001,0.0217499999787789));
#6232=DIRECTION('',(-0.0,1.0,3.82856869892695E-016));
#6233=DIRECTION('',(1.0,0.0,0.0));
#6234=CARTESIAN_POINT('',(0.123000000081311,0.00475000000000001,0.0217499999787789));
#6235=DIRECTION('',(0.0,-1.0,-3.82856869892695E-016));
#6236=DIRECTION('',(1.0,0.0,0.0));
#6237=DIRECTION('',(0.0,-3.82856869892695E-016,1.0));
#6238=DIRECTION('',(0.0,-1.0,-3.82856869892695E-016));
#6239=DIRECTION('',(0.0,-3.82856869892695E-016,1.0));
#6240=DIRECTION('',(0.0,-1.0,-3.82856869892695E-016));
#6241=CARTESIAN_POINT('',(0.195575,-0.000450000000000006,0.000749999999999904));
#6242=DIRECTION('',(0.0,-1.0,-3.82856869892695E-016));
#6243=DIRECTION('',(1.0,0.0,0.0));
#6244=CARTESIAN_POINT('',(0.195575,-0.00025,0.000749999999999904));
#6245=DIRECTION('',(0.0,-1.0,-3.82856869892695E-016));
#6246=DIRECTION('',(1.0,0.0,0.0));
#6247=CARTESIAN_POINT('',(0.00699999992168798,0.00455,0.0217499993952029));
#6248=DIRECTION('',(0.0,-1.0,-3.82856869892695E-016));
#6249=DIRECTION('',(1.0,0.0,0.0));
#6250=CARTESIAN_POINT('',(0.00699999992168798,0.00475000000000001,0.0217499993952029));
#6251=DIRECTION('',(-0.0,1.0,3.82856869892695E-016));
#6252=DIRECTION('',(1.0,0.0,0.0));
#6253=DIRECTION('',(-0.0,-3.82856869892695E-016,1.0));
#6254=DIRECTION('',(0.0,1.0,0.0));
#6255=DIRECTION('',(-0.0,-3.82856869892695E-016,1.0));
#6256=DIRECTION('',(0.0,1.0,0.0));
#6257=CARTESIAN_POINT('',(-0.0055,0.00525,0.0332499999999999));
#6258=DIRECTION('',(-1.0,0.0,0.0));
#6259=DIRECTION('',(0.0,1.0,3.82856869892695E-016));
#6260=CARTESIAN_POINT('',(-0.00700000000000001,0.00525,0.0332499999999999));
#6261=DIRECTION('',(-1.0,0.0,0.0));
#6262=DIRECTION('',(0.0,1.0,3.82856869892695E-016));
#6263=DIRECTION('',(0.0,1.0,0.0));
#6264=DIRECTION('',(0.86602540378444,1.91428434946347E-016,-0.499999999999998));
#6265=DIRECTION('',(0.0,1.0,0.0));
#6266=DIRECTION('',(0.86602540378444,1.91428434946347E-016,-0.499999999999998));
#6267=CARTESIAN_POINT('',(0.231075,-0.000450000000000034,0.10575));
#6268=DIRECTION('',(0.0,-1.0,-3.82856869892695E-016));
#6269=DIRECTION('',(1.0,0.0,0.0));
#6270=CARTESIAN_POINT('',(0.231075,-0.000250000000000028,0.10575));
#6271=DIRECTION('',(0.0,-1.0,-3.82856869892695E-016));
#6272=DIRECTION('',(1.0,0.0,0.0));
#6273=DIRECTION('',(1.0,0.0,0.0));
#6274=DIRECTION('',(0.0,-1.0,-3.82856869892695E-016));
#6275=DIRECTION('',(1.0,0.0,0.0));
#6276=DIRECTION('',(0.0,-1.0,-3.82856869892695E-016));
#6277=DIRECTION('',(1.0,0.0,0.0));
#6278=DIRECTION('',(0.0,-1.0,-3.82856869892695E-016));
#6279=DIRECTION('',(1.0,0.0,0.0));
#6280=DIRECTION('',(0.0,-1.0,-3.82856869892695E-016));
#6281=CARTESIAN_POINT('',(0.06699,-0.00174999999999999,0.00384999999999996));
#6282=DIRECTION('',(0.0,-1.0,-3.82856869892695E-016));
#6283=DIRECTION('',(0.0,3.82856869892695E-016,-1.0));
#6284=DIRECTION('',(0.0,1.0,0.0));
#6285=CARTESIAN_POINT('',(0.06699,-0.000249999999999988,0.00384999999999996));
#6286=DIRECTION('',(0.0,-1.0,-3.82856869892695E-016));
#6287=DIRECTION('',(0.0,3.82856869892695E-016,-1.0));
#6288=DIRECTION('',(0.0,1.0,0.0));
#6289=CARTESIAN_POINT('',(0.2222,-0.000450000000000034,0.10575));
#6290=DIRECTION('',(0.0,-1.0,-3.82856869892695E-016));
#6291=DIRECTION('',(1.0,0.0,0.0));
#6292=CARTESIAN_POINT('',(0.2222,-0.000250000000000028,0.10575));
#6293=DIRECTION('',(0.0,-1.0,-3.82856869892695E-016));
#6294=DIRECTION('',(1.0,0.0,0.0));
#6295=CARTESIAN_POINT('',(0.243,0.00025,-0.000250000000000097));
#6296=DIRECTION('',(0.0,3.82856869892695E-016,-1.0));
#6297=DIRECTION('',(0.0,1.0,3.82856869892695E-016));
#6298=DIRECTION('',(-0.0,3.82856869892695E-016,-1.0));
#6299=CARTESIAN_POINT('',(0.243,0.000249999999999972,0.10675));
#6300=DIRECTION('',(0.0,-3.82856869892695E-016,1.0));
#6301=DIRECTION('',(0.0,-1.0,-3.82856869892695E-016));
#6302=DIRECTION('',(0.0,-3.82856869892695E-016,1.0));
#6303=CARTESIAN_POINT('',(0.1512,-0.000450000000000006,0.000749999999999904));
#6304=DIRECTION('',(0.0,-1.0,-3.82856869892695E-016));
#6305=DIRECTION('',(1.0,0.0,0.0));
#6306=CARTESIAN_POINT('',(0.1512,-0.00025,0.000749999999999904));
#6307=DIRECTION('',(0.0,-1.0,-3.82856869892695E-016));
#6308=DIRECTION('',(1.0,0.0,0.0));
#6309=DIRECTION('',(0.0,1.0,0.0));
#6310=DIRECTION('',(9.53850538880736E-016,3.82856869892695E-016,-1.0));
#6311=DIRECTION('',(0.0,1.0,0.0));
#6312=DIRECTION('',(9.53850538880736E-016,3.82856869892695E-016,-1.0));
#6313=DIRECTION('',(-1.0,-0.0,0.0));
#6314=DIRECTION('',(0.0,1.0,3.82856869892695E-016));
#6315=DIRECTION('',(-1.0,-0.0,0.0));
#6316=DIRECTION('',(-0.0,1.0,3.82856869892695E-016));
#6317=CARTESIAN_POINT('',(0.177825,-0.00175,0.000749999999999904));
#6318=DIRECTION('',(-0.0,1.0,3.82856869892695E-016));
#6319=DIRECTION('',(1.0,0.0,0.0));
#6320=CARTESIAN_POINT('',(0.177825,-0.000450000000000006,0.000749999999999904));
#6321=DIRECTION('',(0.0,-1.0,-3.82856869892695E-016));
#6322=DIRECTION('',(1.0,0.0,0.0));
#6323=CARTESIAN_POINT('',(0.177825,-0.00175000000000003,0.10575));
#6324=DIRECTION('',(-0.0,1.0,3.82856869892695E-016));
#6325=DIRECTION('',(1.0,0.0,0.0));
#6326=CARTESIAN_POINT('',(0.177825,-0.000450000000000034,0.10575));
#6327=DIRECTION('',(0.0,-1.0,-3.82856869892695E-016));
#6328=DIRECTION('',(1.0,0.0,0.0));
#6329=CARTESIAN_POINT('',(0.213325,-0.00175,0.000749999999999904));
#6330=DIRECTION('',(-0.0,1.0,3.82856869892695E-016));
#6331=DIRECTION('',(1.0,0.0,0.0));
#6332=CARTESIAN_POINT('',(0.213325,-0.000450000000000006,0.000749999999999904));
#6333=DIRECTION('',(0.0,-1.0,-3.82856869892695E-016));
#6334=DIRECTION('',(1.0,0.0,0.0));
#6335=CARTESIAN_POINT('',(0.07399,-0.00174999999999999,0.00254999999999991));
#6336=DIRECTION('',(0.0,-1.0,-3.82856869892695E-016));
#6337=DIRECTION('',(0.0,3.82856869892695E-016,-1.0));
#6338=CARTESIAN_POINT('',(0.07399,-0.000249999999999987,0.00254999999999991));
#6339=DIRECTION('',(0.0,-1.0,-3.82856869892695E-016));
#6340=DIRECTION('',(0.0,3.82856869892695E-016,-1.0));
#6341=DIRECTION('',(0.0,1.0,0.0));
#6342=DIRECTION('',(-1.0,-0.0,0.0));
#6343=DIRECTION('',(0.0,-1.0,-3.82856869892695E-016));
#6344=DIRECTION('',(-1.0,-0.0,0.0));
#6345=DIRECTION('',(0.0,-1.0,-3.82856869892695E-016));
#6346=CARTESIAN_POINT('',(0.243,0.000249999999999972,0.10675));
#6347=DIRECTION('',(0.0,3.82856869892695E-016,-1.0));
#6348=DIRECTION('',(0.0,-1.0,-3.82856869892695E-016));
#6349=DIRECTION('',(0.0,-3.82856869892695E-016,1.0));
#6350=CARTESIAN_POINT('',(0.243,0.00025,-0.000250000000000097));
#6351=DIRECTION('',(0.0,-3.82856869892695E-016,1.0));
#6352=DIRECTION('',(0.0,1.0,3.82856869892695E-016));
#6353=DIRECTION('',(0.0,3.82856869892695E-016,-1.0));
#6354=CARTESIAN_POINT('',(0.00699999992168798,0.00455,0.0217499993952029));
#6355=DIRECTION('',(-0.0,1.0,3.82856869892695E-016));
#6356=DIRECTION('',(1.0,0.0,0.0));
#6357=CARTESIAN_POINT('',(0.00699999992168798,0.00175,0.0217499993952029));
#6358=DIRECTION('',(0.0,-1.0,-3.82856869892695E-016));
#6359=DIRECTION('',(1.0,0.0,0.0));
#6360=DIRECTION('',(0.0,-3.82856869892695E-016,1.0));
#6361=DIRECTION('',(0.0,1.0,3.82856869892695E-016));
#6362=DIRECTION('',(0.0,-3.82856869892695E-016,1.0));
#6363=DIRECTION('',(-0.0,1.0,3.82856869892695E-016));
#6364=DIRECTION('',(0.0,1.0,3.82856869892695E-016));
#6365=DIRECTION('',(1.0,0.0,0.0));
#6366=DIRECTION('',(0.0,-1.0,-3.82856869892695E-016));
#6367=DIRECTION('',(-1.0,-0.0,0.0));
#6368=CARTESIAN_POINT('',(0.119,0.00424999999999998,0.11225));
#6369=DIRECTION('',(0.0,3.82856869892695E-016,-1.0));
#6370=DIRECTION('',(0.0,1.0,3.82856869892695E-016));
#6371=DIRECTION('',(0.0,-3.82856869892695E-016,1.0));
#6372=DIRECTION('',(0.0,-1.0,-3.82856869892695E-016));
#6373=DIRECTION('',(0.0,-3.82856869892695E-016,1.0));
#6374=DIRECTION('',(0.0,-1.0,-3.82856869892695E-016));
#6375=CARTESIAN_POINT('',(-0.003,-0.00025,-0.0017500000000001));
#6376=DIRECTION('',(4.46687853312469E-031,-1.0,-3.82856869892695E-016));
#6377=DIRECTION('',(0.707106781186548,-2.7072068892498E-016,0.707106781186548));
#6378=DIRECTION('',(-0.0,1.0,3.82856869892695E-016));
#6379=CARTESIAN_POINT('',(-0.003,-0.00175,-0.0017500000000001));
#6380=DIRECTION('',(4.46687853312469E-031,-1.0,-3.82856869892695E-016));
#6381=DIRECTION('',(0.707106781186548,-2.7072068892498E-016,0.707106781186548));
#6382=DIRECTION('',(-0.0,1.0,3.82856869892695E-016));
#6383=DIRECTION('',(0.0,3.82856869892695E-016,-1.0));
#6384=DIRECTION('',(0.0,-1.0,-3.82856869892695E-016));
#6385=DIRECTION('',(0.0,3.82856869892695E-016,-1.0));
#6386=CARTESIAN_POINT('',(-0.0015,0.00025,-0.0037500000000001));
#6387=DIRECTION('',(-1.0,-0.0,0.0));
#6388=DIRECTION('',(0.0,-1.0,-3.82856869892695E-016));
#6389=DIRECTION('',(-1.0,0.0,0.0));
#6390=CARTESIAN_POINT('',(0.2395,0.00025,-0.0037500000000001));
#6391=DIRECTION('',(1.0,0.0,-0.0));
#6392=DIRECTION('',(0.0,1.0,3.82856869892695E-016));
#6393=DIRECTION('',(1.0,0.0,0.0));
#6394=CARTESIAN_POINT('',(0.213325,-0.00175000000000003,0.10575));
#6395=DIRECTION('',(-0.0,1.0,3.82856869892695E-016));
#6396=DIRECTION('',(1.0,0.0,0.0));
#6397=CARTESIAN_POINT('',(0.213325,-0.000450000000000034,0.10575));
#6398=DIRECTION('',(0.0,-1.0,-3.82856869892695E-016));
#6399=DIRECTION('',(1.0,0.0,0.0));
#6400=DIRECTION('',(0.866025403784438,-1.91428434946348E-016,0.5));
#6401=DIRECTION('',(-1.19231317360092E-016,-3.82856869892695E-016,1.0));
#6402=DIRECTION('',(-0.866025403784439,-1.91428434946347E-016,0.5));
#6403=DIRECTION('',(-0.866025403784438,1.91428434946348E-016,-0.500000000000001));
#6404=DIRECTION('',(0.866025403784439,1.91428434946347E-016,-0.5));
#6405=CARTESIAN_POINT('',(0.09849,-0.000249999999999988,0.00454999999999991));
#6406=DIRECTION('',(0.0,1.0,3.82856869892695E-016));
#6407=DIRECTION('',(0.0,3.82856869892695E-016,-1.0));
#6408=CARTESIAN_POINT('',(0.09849,-0.00174999999999999,0.00454999999999991));
#6409=DIRECTION('',(0.0,1.0,3.82856869892695E-016));
#6410=DIRECTION('',(0.0,3.82856869892695E-016,-1.0));
#6411=DIRECTION('',(0.0,3.82856869892695E-016,-1.0));
#6412=DIRECTION('',(0.0,-1.0,-3.82856869892695E-016));
#6413=DIRECTION('',(0.0,3.82856869892695E-016,-1.0));
#6414=DIRECTION('',(0.0,-1.0,-3.82856869892695E-016));
#6415=CARTESIAN_POINT('',(0.00700000004846899,0.00454999999999997,0.105750000314343));
#6416=DIRECTION('',(-0.0,1.0,3.82856869892695E-016));
#6417=DIRECTION('',(1.0,0.0,0.0));
#6418=CARTESIAN_POINT('',(0.00700000004846899,0.00174999999999997,0.105750000314343));
#6419=DIRECTION('',(0.0,-1.0,-3.82856869892695E-016));
#6420=DIRECTION('',(1.0,0.0,0.0));
#6421=DIRECTION('',(-1.0,-0.0,0.0));
#6422=DIRECTION('',(0.0,-1.0,-3.82856869892695E-016));
#6423=DIRECTION('',(-1.0,-0.0,0.0));
#6424=DIRECTION('',(0.0,-1.0,-3.82856869892695E-016));
#6425=DIRECTION('',(0.0,3.82856869892695E-016,-1.0));
#6426=DIRECTION('',(0.0,-1.0,-3.82856869892695E-016));
#6427=DIRECTION('',(0.0,3.82856869892695E-016,-1.0));
#6428=DIRECTION('',(0.86602540378444,-1.91428434946347E-016,0.499999999999998));
#6429=DIRECTION('',(-1.19231317360092E-016,-3.82856869892695E-016,1.0));
#6430=DIRECTION('',(-0.86602540378444,-1.91428434946347E-016,0.499999999999998));
#6431=DIRECTION('',(-0.866025403784438,1.91428434946348E-016,-0.500000000000001));
#6432=DIRECTION('',(9.53850538880737E-016,3.82856869892695E-016,-1.0));
#6433=DIRECTION('',(0.0,3.82856869892695E-016,-1.0));
#6434=DIRECTION('',(0.0,-1.0,-3.82856869892695E-016));
#6435=DIRECTION('',(0.0,3.82856869892695E-016,-1.0));
#6436=DIRECTION('',(0.0,3.82856869892695E-016,-1.0));
#6437=DIRECTION('',(1.0,0.0,0.0));
#6438=DIRECTION('',(0.0,3.82856869892695E-016,-1.0));
#6439=DIRECTION('',(1.0,0.0,0.0));
#6440=DIRECTION('',(0.0,-3.82856869892695E-016,1.0));
#6441=DIRECTION('',(-1.0,-0.0,0.0));
#6442=CARTESIAN_POINT('',(0.241,-0.000250000000000028,0.10825));
#6443=DIRECTION('',(0.0,-1.0,-3.82856869892695E-016));
#6444=DIRECTION('',(-0.707106781186546,2.70720688924981E-016,-0.707106781186549));
#6445=DIRECTION('',(-1.0,-0.0,0.0));
#6446=DIRECTION('',(0.0,3.82856869892695E-016,-1.0));
#6447=DIRECTION('',(-1.0,-0.0,0.0));
#6448=DIRECTION('',(-1.0,-0.0,0.0));
#6449=DIRECTION('',(0.0,-3.82856869892695E-016,1.0));
#6450=CARTESIAN_POINT('',(0.241,-0.00025,-0.0017500000000001));
#6451=DIRECTION('',(-4.46687853312469E-031,-1.0,-3.82856869892695E-016));
#6452=DIRECTION('',(-0.707106781186548,-2.7072068892498E-016,0.707106781186548));
#6453=DIRECTION('',(1.0,0.0,0.0));
#6454=DIRECTION('',(0.0,-3.82856869892695E-016,1.0));
#6455=DIRECTION('',(-1.0,-0.0,0.0));
#6456=DIRECTION('',(0.0,-3.82856869892695E-016,1.0));
#6457=DIRECTION('',(-1.0,-0.0,0.0));
#6458=DIRECTION('',(0.0,-3.82856869892695E-016,1.0));
#6459=DIRECTION('',(-1.0,-0.0,0.0));
#6460=DIRECTION('',(1.0,0.0,0.0));
#6461=DIRECTION('',(0.0,3.82856869892695E-016,-1.0));
#6462=DIRECTION('',(1.0,0.0,0.0));
#6463=DIRECTION('',(0.0,-3.82856869892695E-016,1.0));
#6464=DIRECTION('',(1.0,0.0,0.0));
#6465=DIRECTION('',(0.0,-3.82856869892695E-016,1.0));
#6466=DIRECTION('',(1.0,0.0,0.0));
#6467=DIRECTION('',(0.0,-3.82856869892695E-016,1.0));
#6468=DIRECTION('',(-1.0,-0.0,0.0));
#6469=DIRECTION('',(0.0,3.82856869892695E-016,-1.0));
#6470=CARTESIAN_POINT('',(-0.003,-0.000250000000000028,0.10825));
#6471=DIRECTION('',(0.0,-1.0,-3.82856869892695E-016));
#6472=DIRECTION('',(0.707106781186546,2.70720688924981E-016,-0.707106781186549));
#6473=DIRECTION('',(1.0,0.0,0.0));
#6474=CARTESIAN_POINT('',(0.09849,-0.000249999999999992,0.0138499999999999));
#6475=DIRECTION('',(0.0,1.0,3.82856869892695E-016));
#6476=DIRECTION('',(0.0,3.82856869892695E-016,-1.0));
#6477=DIRECTION('',(0.0,3.82856869892695E-016,-1.0));
#6478=CARTESIAN_POINT('',(0.06699,-0.000249999999999987,0.00254999999999991));
#6479=DIRECTION('',(0.0,-1.0,-3.82856869892695E-016));
#6480=DIRECTION('',(0.0,3.82856869892695E-016,-1.0));
#6481=DIRECTION('',(1.0,1.51805897175281E-030,-3.96508223080413E-015));
#6482=CARTESIAN_POINT('',(0.07399,-0.000249999999999988,0.00384999999999996));
#6483=DIRECTION('',(0.0,-1.0,-3.82856869892695E-016));
#6484=DIRECTION('',(0.0,3.82856869892695E-016,-1.0));
#6485=DIRECTION('',(-1.0,-1.51805897175281E-030,3.96508223080413E-015));
#6486=CARTESIAN_POINT('',(0.177825,-0.00025,0.000749999999999904));
#6487=DIRECTION('',(0.0,-1.0,-3.82856869892695E-016));
#6488=DIRECTION('',(1.0,0.0,0.0));
#6489=CARTESIAN_POINT('',(0.1867,-0.00025,0.000749999999999904));
#6490=DIRECTION('',(0.0,-1.0,-3.82856869892695E-016));
#6491=DIRECTION('',(1.0,0.0,0.0));
#6492=CARTESIAN_POINT('',(0.213325,-0.00025,0.000749999999999904));
#6493=DIRECTION('',(0.0,-1.0,-3.82856869892695E-016));
#6494=DIRECTION('',(1.0,0.0,0.0));
#6495=CARTESIAN_POINT('',(0.2222,-0.00025,0.000749999999999904));
#6496=DIRECTION('',(0.0,-1.0,-3.82856869892695E-016));
#6497=DIRECTION('',(1.0,0.0,0.0));
#6498=CARTESIAN_POINT('',(0.231075,-0.00025,0.000749999999999904));
#6499=DIRECTION('',(0.0,-1.0,-3.82856869892695E-016));
#6500=DIRECTION('',(1.0,0.0,0.0));
#6501=CARTESIAN_POINT('',(0.213325,-0.000250000000000028,0.10575));
#6502=DIRECTION('',(0.0,-1.0,-3.82856869892695E-016));
#6503=DIRECTION('',(1.0,0.0,0.0));
#6504=CARTESIAN_POINT('',(0.195575,-0.000250000000000028,0.10575));
#6505=DIRECTION('',(0.0,-1.0,-3.82856869892695E-016));
#6506=DIRECTION('',(1.0,0.0,0.0));
#6507=CARTESIAN_POINT('',(0.1867,-0.000250000000000028,0.10575));
#6508=DIRECTION('',(0.0,-1.0,-3.82856869892695E-016));
#6509=DIRECTION('',(1.0,0.0,0.0));
#6510=CARTESIAN_POINT('',(0.177825,-0.000250000000000028,0.10575));
#6511=DIRECTION('',(0.0,-1.0,-3.82856869892695E-016));
#6512=DIRECTION('',(1.0,0.0,0.0));
#6513=CARTESIAN_POINT('',(0.1512,-0.000250000000000028,0.10575));
#6514=DIRECTION('',(0.0,-1.0,-3.82856869892695E-016));
#6515=DIRECTION('',(1.0,0.0,0.0));
#6516=DIRECTION('',(-1.0,-0.0,0.0));
#6517=DIRECTION('',(0.0,3.82856869892695E-016,-1.0));
#6518=DIRECTION('',(1.0,0.0,0.0));
#6519=DIRECTION('',(-1.0,-0.0,0.0));
#6520=DIRECTION('',(0.0,3.82856869892695E-016,-1.0));
#6521=DIRECTION('',(0.0,-3.82856869892695E-016,1.0));
#6522=DIRECTION('',(0.0,-3.82856869892695E-016,1.0));
#6523=DIRECTION('',(1.0,0.0,0.0));
#6524=DIRECTION('',(-1.0,-0.0,0.0));
#6525=DIRECTION('',(0.0,3.82856869892695E-016,-1.0));
#6526=DIRECTION('',(1.0,0.0,0.0));
#6527=DIRECTION('',(0.0,-3.82856869892695E-016,1.0));
#6528=DIRECTION('',(0.0,-3.82856869892695E-016,1.0));
#6529=DIRECTION('',(0.0,3.82856869892695E-016,-1.0));
#6530=DIRECTION('',(1.0,0.0,0.0));
#6531=CARTESIAN_POINT('',(0.0125,-0.00025,0.0070499999999999));
#6532=DIRECTION('',(0.0,-1.0,-3.82856869892695E-016));
#6533=DIRECTION('',(1.0,0.0,0.0));
#6534=CARTESIAN_POINT('',(0.124,-0.00025,0.0088499999999999));
#6535=DIRECTION('',(0.0,-1.0,-3.82856869892695E-016));
#6536=DIRECTION('',(1.0,0.0,0.0));
#6537=DIRECTION('',(-1.0,-0.0,0.0));
#6538=DIRECTION('',(0.0,3.82856869892695E-016,-1.0));
#6539=DIRECTION('',(1.0,0.0,0.0));
#6540=CARTESIAN_POINT('',(0.00699999992168798,-0.00025,0.0217499993952029));
#6541=DIRECTION('',(0.0,-1.0,-3.82856869892695E-016));
#6542=DIRECTION('',(1.0,0.0,0.0));
#6543=CARTESIAN_POINT('',(0.122999999986574,-0.000250000000000028,0.105749999997295));
#6544=DIRECTION('',(0.0,-1.0,-3.82856869892695E-016));
#6545=DIRECTION('',(1.0,0.0,0.0));
#6546=CARTESIAN_POINT('',(0.00700000004846899,-0.000250000000000028,0.105750000314343));
#6547=DIRECTION('',(0.0,-1.0,-3.82856869892695E-016));
#6548=DIRECTION('',(1.0,0.0,0.0));
#6549=CARTESIAN_POINT('',(0.123000000081311,-0.00025,0.0217499999787789));
#6550=DIRECTION('',(0.0,-1.0,-3.82856869892695E-016));
#6551=DIRECTION('',(1.0,0.0,0.0));
#6552=DIRECTION('',(1.0,0.0,0.0));
#6553=DIRECTION('',(0.0,-1.0,-3.82856869892695E-016));
#6554=DIRECTION('',(0.0,-1.0,-3.82856869892695E-016));
#6555=DIRECTION('',(0.0,3.82856869892695E-016,-1.0));
#6556=DIRECTION('',(0.0,-1.0,-3.82856869892695E-016));
#6557=DIRECTION('',(0.0,-1.0,-3.82856869892695E-016));
#6558=CARTESIAN_POINT('',(0.00700000004846899,0.00474999999999995,0.105750000314343));
#6559=DIRECTION('',(-0.0,1.0,3.82856869892695E-016));
#6560=DIRECTION('',(1.0,0.0,0.0));
#6561=CARTESIAN_POINT('',(0.00700000004846899,0.00474999999999995,0.105750000314343));
#6562=DIRECTION('',(0.0,-1.0,-3.82856869892695E-016));
#6563=DIRECTION('',(1.0,0.0,0.0));
#6564=DIRECTION('',(1.0,0.0,0.0));
#6565=DIRECTION('',(0.0,3.82856869892695E-016,-1.0));
#6566=DIRECTION('',(-1.0,-0.0,0.0));
#6567=DIRECTION('',(0.0,-3.82856869892695E-016,1.0));
#6568=CARTESIAN_POINT('',(0.1867,-0.00175000000000003,0.10575));
#6569=DIRECTION('',(-0.0,1.0,3.82856869892695E-016));
#6570=DIRECTION('',(1.0,0.0,0.0));
#6571=CARTESIAN_POINT('',(0.1867,-0.000450000000000034,0.10575));
#6572=DIRECTION('',(0.0,-1.0,-3.82856869892695E-016));
#6573=DIRECTION('',(1.0,0.0,0.0));
#6574=DIRECTION('',(0.0,3.82856869892695E-016,-1.0));
#6575=DIRECTION('',(0.0,-1.0,-3.82856869892695E-016));
#6576=DIRECTION('',(0.0,-1.0,-3.82856869892695E-016));
#6577=DIRECTION('',(0.0,3.82856869892695E-016,-1.0));
#6578=DIRECTION('',(0.0,1.0,0.0));
#6579=CARTESIAN_POINT('',(0.2222,-0.00175000000000003,0.10575));
#6580=DIRECTION('',(-0.0,1.0,3.82856869892695E-016));
#6581=DIRECTION('',(1.0,0.0,0.0));
#6582=DIRECTION('',(0.0,-1.0,-3.82856869892695E-016));
#6583=DIRECTION('',(0.0,-1.0,-3.82856869892695E-016));
#6584=DIRECTION('',(0.0,3.82856869892695E-016,-1.0));
#6585=DIRECTION('',(-1.0,-0.0,0.0));
#6586=CARTESIAN_POINT('',(0.1512,-0.000450000000000034,0.10575));
#6587=DIRECTION('',(0.0,-1.0,-3.82856869892695E-016));
#6588=DIRECTION('',(1.0,0.0,0.0));
#6589=CARTESIAN_POINT('',(0.122999999986574,0.00454999999999997,0.105749999997295));
#6590=DIRECTION('',(0.0,-1.0,-3.82856869892695E-016));
#6591=DIRECTION('',(1.0,0.0,0.0));
#6592=CARTESIAN_POINT('',(0.122999999986574,0.00474999999999995,0.105749999997295));
#6593=DIRECTION('',(-0.0,1.0,3.82856869892695E-016));
#6594=DIRECTION('',(1.0,0.0,0.0));
#6595=CARTESIAN_POINT('',(0.119,0.00425,-0.0042500000000001));
#6596=DIRECTION('',(0.0,-3.82856869892695E-016,1.0));
#6597=DIRECTION('',(0.0,-1.0,-3.82856869892695E-016));
#6598=CARTESIAN_POINT('',(0.119,0.00425,-0.0057500000000001));
#6599=DIRECTION('',(0.0,-3.82856869892695E-016,1.0));
#6600=DIRECTION('',(0.0,-1.0,-3.82856869892695E-016));
#6601=DIRECTION('',(0.0,1.0,0.0));
#6602=DIRECTION('',(0.0,1.0,0.0));
#6603=DIRECTION('',(-1.19231317360092E-016,-3.82856869892695E-016,1.0));
#6604=DIRECTION('',(0.0,-1.0,-3.82856869892695E-016));
#6605=DIRECTION('',(1.0,0.0,0.0));
#6606=DIRECTION('',(0.0,-1.0,-3.82856869892695E-016));
#6607=DIRECTION('',(1.0,0.0,0.0));
#6608=CARTESIAN_POINT('',(0.2222,-0.000450000000000006,0.000749999999999904));
#6609=DIRECTION('',(0.0,-1.0,-3.82856869892695E-016));
#6610=DIRECTION('',(1.0,0.0,0.0));
#6611=DIRECTION('',(0.0,3.82856869892695E-016,-1.0));
#6612=DIRECTION('',(0.0,-1.0,-3.82856869892695E-016));
#6613=DIRECTION('',(0.0,-1.0,-3.82856869892695E-016));
#6614=DIRECTION('',(0.0,3.82856869892695E-016,-1.0));
#6615=DIRECTION('',(0.0,1.0,3.82856869892695E-016));
#6616=CARTESIAN_POINT('',(0.195575,-0.00175,0.000749999999999904));
#6617=DIRECTION('',(-0.0,1.0,3.82856869892695E-016));
#6618=DIRECTION('',(1.0,0.0,0.0));
#6619=DIRECTION('',(1.0,0.0,0.0));
#6620=CARTESIAN_POINT('',(-0.005,0.00025,-0.000250000000000097));
#6621=DIRECTION('',(0.0,3.82856869892695E-016,-1.0));
#6622=DIRECTION('',(0.0,1.0,3.82856869892695E-016));
#6623=DIRECTION('',(0.0,1.0,3.82856869892695E-016));
#6624=DIRECTION('',(0.0,-1.0,-3.82856869892695E-016));
#6625=CARTESIAN_POINT('',(-0.005,0.00025,-0.000250000000000097));
#6626=DIRECTION('',(0.0,-3.82856869892695E-016,1.0));
#6627=DIRECTION('',(0.0,1.0,3.82856869892695E-016));
#6628=DIRECTION('',(0.0,-1.0,-3.82856869892695E-016));
#6629=DIRECTION('',(-1.0,-0.0,0.0));
#6630=DIRECTION('',(0.0,-1.0,-3.82856869892695E-016));
#6631=DIRECTION('',(0.0,-1.0,-3.82856869892695E-016));
#6632=DIRECTION('',(0.0,3.82856869892695E-016,-1.0));
#6633=DIRECTION('',(0.0,-1.0,-3.82856869892695E-016));
#6634=DIRECTION('',(0.866025403784438,1.91428434946348E-016,-0.500000000000001));
#6635=DIRECTION('',(0.0,1.0,0.0));
#6636=DIRECTION('',(0.866025403784438,1.91428434946348E-016,-0.500000000000001));
#6637=DIRECTION('',(0.0,1.0,0.0));
#6638=DIRECTION('',(-0.866025403784438,1.91428434946348E-016,-0.500000000000001));
#6639=DIRECTION('',(0.0,-1.0,-3.82856869892695E-016));
#6640=DIRECTION('',(0.0,3.82856869892695E-016,-1.0));
#6641=DIRECTION('',(0.0,-1.0,-3.82856869892695E-016));
#6642=CARTESIAN_POINT('',(-0.0015,0.00025,-0.0037500000000001));
#6643=DIRECTION('',(1.0,0.0,0.0));
#6644=DIRECTION('',(0.0,-1.0,-3.82856869892695E-016));
#6645=DIRECTION('',(0.0,-1.0,-3.82856869892695E-016));
#6646=DIRECTION('',(0.0,3.82856869892695E-016,-1.0));
#6647=CARTESIAN_POINT('',(0.2222,-0.00175,0.000749999999999904));
#6648=DIRECTION('',(-0.0,1.0,3.82856869892695E-016));
#6649=DIRECTION('',(1.0,0.0,0.0));
#6650=CARTESIAN_POINT('',(-0.0015,0.000249999999999972,0.11025));
#6651=DIRECTION('',(1.0,0.0,0.0));
#6652=DIRECTION('',(0.0,-1.0,-3.82856869892695E-016));
#6653=DIRECTION('',(-1.0,0.0,0.0));
#6654=CARTESIAN_POINT('',(0.2395,0.000249999999999972,0.11025));
#6655=DIRECTION('',(-1.0,0.0,0.0));
#6656=DIRECTION('',(0.0,1.0,3.82856869892695E-016));
#6657=CARTESIAN_POINT('',(0.124,-0.00175,0.0088499999999999));
#6658=DIRECTION('',(0.0,-1.0,-3.82856869892695E-016));
#6659=DIRECTION('',(1.0,0.0,0.0));
#6660=DIRECTION('',(0.0,1.0,0.0));
#6661=DIRECTION('',(9.53850538880737E-016,3.82856869892695E-016,-1.0));
#6662=CARTESIAN_POINT('',(0.00700000004846899,0.00454999999999997,0.105750000314343));
#6663=DIRECTION('',(0.0,-1.0,-3.82856869892695E-016));
#6664=DIRECTION('',(1.0,0.0,0.0));
#6665=DIRECTION('',(0.86602540378444,-1.91428434946347E-016,0.499999999999998));
#6666=DIRECTION('',(0.0,1.0,0.0));
#6667=DIRECTION('',(0.0,1.0,0.0));
#6668=DIRECTION('',(-1.19231317360092E-016,-3.82856869892695E-016,1.0));
#6669=DIRECTION('',(-1.0,-0.0,0.0));
#6670=CARTESIAN_POINT('',(0.122999999986574,0.00454999999999997,0.105749999997295));
#6671=DIRECTION('',(-0.0,1.0,3.82856869892695E-016));
#6672=DIRECTION('',(1.0,0.0,0.0));
#6673=CARTESIAN_POINT('',(0.122999999986574,0.00174999999999997,0.105749999997295));
#6674=DIRECTION('',(0.0,-1.0,-3.82856869892695E-016));
#6675=DIRECTION('',(1.0,0.0,0.0));
#6676=CARTESIAN_POINT('',(0.2395,0.000249999999999972,0.11025));
#6677=DIRECTION('',(1.0,0.0,-0.0));
#6678=DIRECTION('',(0.0,1.0,3.82856869892695E-016));
#6679=CARTESIAN_POINT('',(-0.0015,0.000249999999999972,0.11025));
#6680=DIRECTION('',(-1.0,-0.0,0.0));
#6681=DIRECTION('',(0.0,-1.0,-3.82856869892695E-016));
#6682=DIRECTION('',(-1.0,-0.0,0.0));
#6683=DIRECTION('',(1.0,0.0,0.0));
#6684=DIRECTION('',(0.0,-1.0,-3.82856869892695E-016));
#6685=DIRECTION('',(-1.0,-0.0,0.0));
#6686=DIRECTION('',(0.0,1.0,0.0));
#6687=DIRECTION('',(0.866025403784438,-1.91428434946348E-016,0.5));
#6688=DIRECTION('',(0.0,1.0,3.82856869892695E-016));
#6689=DIRECTION('',(1.0,0.0,0.0));
#6690=DIRECTION('',(1.0,1.51805897175281E-030,-3.96508223080413E-015));
#6691=DIRECTION('',(0.0,1.0,0.0));
#6692=DIRECTION('',(1.0,0.0,0.0));
#6693=DIRECTION('',(0.0,-1.0,-3.82856869892695E-016));
#6694=DIRECTION('',(0.0,-3.82856869892695E-016,1.0));
#6695=DIRECTION('',(0.0,-1.0,-3.82856869892695E-016));
#6696=DIRECTION('',(0.0,-1.0,-3.82856869892695E-016));
#6697=DIRECTION('',(0.0,3.82856869892695E-016,-1.0));
#6698=CARTESIAN_POINT('',(0.2435,0.00524999999999998,0.0732499999999999));
#6699=DIRECTION('',(1.0,0.0,0.0));
#6700=DIRECTION('',(0.0,-1.0,-3.82856869892695E-016));
#6701=CARTESIAN_POINT('',(0.2435,0.00525,0.0332499999999999));
#6702=DIRECTION('',(1.0,0.0,0.0));
#6703=DIRECTION('',(0.0,-1.0,-3.82856869892695E-016));
#6704=CARTESIAN_POINT('',(0.122999999986574,0.00474999999999995,0.105749999997295));
#6705=DIRECTION('',(0.0,-1.0,-3.82856869892695E-016));
#6706=DIRECTION('',(1.0,0.0,0.0));
#6707=DIRECTION('',(0.0,-1.0,-3.82856869892695E-016));
#6708=DIRECTION('',(0.0,-3.82856869892695E-016,1.0));
#6709=DIRECTION('',(0.0,-3.82856869892695E-016,1.0));
#6710=DIRECTION('',(0.0,-1.0,-3.82856869892695E-016));
#6711=CARTESIAN_POINT('',(-0.00700000000000001,0.00524999999999998,0.0732499999999999));
#6712=DIRECTION('',(-1.0,0.0,0.0));
#6713=DIRECTION('',(0.0,1.0,3.82856869892695E-016));
#6714=DIRECTION('',(0.0,-3.82856869892695E-016,1.0));
#6715=DIRECTION('',(0.0,-3.82856869892695E-016,1.0));
#6716=CARTESIAN_POINT('',(0.2395,0.00025,-0.0037500000000001));
#6717=DIRECTION('',(-1.0,0.0,0.0));
#6718=DIRECTION('',(0.0,1.0,3.82856869892695E-016));
#6719=DIRECTION('',(0.0,-1.0,-3.82856869892695E-016));
#6720=DIRECTION('',(0.0,1.0,0.0));
#6721=DIRECTION('',(7.63080431104589E-015,3.82856869892695E-016,-1.0));
#6722=DIRECTION('',(0.0,1.0,0.0));
#6723=DIRECTION('',(7.63080431104589E-015,3.82856869892695E-016,-1.0));
#6724=DIRECTION('',(0.0,-1.0,-3.82856869892695E-016));
#6725=DIRECTION('',(0.0,3.82856869892695E-016,-1.0));
#6726=CARTESIAN_POINT('',(-0.0055,0.00524999999999998,0.0732499999999999));
#6727=DIRECTION('',(-1.0,0.0,0.0));
#6728=DIRECTION('',(0.0,1.0,3.82856869892695E-016));
#6729=DIRECTION('',(0.0,1.0,3.82856869892695E-016));
#6730=DIRECTION('',(0.0,-3.82856869892695E-016,1.0));
#6731=CARTESIAN_POINT('',(0.245,0.00524999999999998,0.0732499999999999));
#6732=DIRECTION('',(1.0,0.0,0.0));
#6733=DIRECTION('',(0.0,-1.0,-3.82856869892695E-016));
#6734=CARTESIAN_POINT('',(0.245,0.00525,0.0332499999999999));
#6735=DIRECTION('',(1.0,0.0,0.0));
#6736=DIRECTION('',(0.0,-1.0,-3.82856869892695E-016));
#6737=DIRECTION('',(0.0,1.0,0.0));
#6738=DIRECTION('',(-0.866025403784439,-1.91428434946347E-016,0.5));
#6739=DIRECTION('',(-0.866025403784439,-1.91428434946347E-016,0.5));
#6740=CARTESIAN_POINT('',(0.195575,-0.000450000000000034,0.10575));
#6741=DIRECTION('',(0.0,-1.0,-3.82856869892695E-016));
#6742=DIRECTION('',(1.0,0.0,0.0));
#6743=DIRECTION('',(0.0,-3.82856869892695E-016,1.0));
#6744=DIRECTION('',(0.0,-1.0,-3.82856869892695E-016));
#6745=DIRECTION('',(0.0,-3.82856869892695E-016,1.0));
#6746=DIRECTION('',(1.0,0.0,0.0));
#6747=DIRECTION('',(0.0,3.82856869892695E-016,-1.0));
#6748=DIRECTION('',(0.0,1.0,0.0));
#6749=DIRECTION('',(0.86602540378444,-1.91428434946347E-016,0.499999999999998));
#6750=DIRECTION('',(0.0,1.0,0.0));
#6751=DIRECTION('',(0.86602540378444,-1.91428434946347E-016,0.499999999999998));
#6752=DIRECTION('',(0.0,-3.82856869892695E-016,1.0));
#6753=DIRECTION('',(-0.0,1.0,3.82856869892695E-016));
#6754=DIRECTION('',(0.0,-3.82856869892695E-016,1.0));
#6755=DIRECTION('',(0.0,-1.0,-3.82856869892695E-016));
#6756=DIRECTION('',(0.0,-1.0,-3.82856869892695E-016));
#6757=DIRECTION('',(0.0,-3.82856869892695E-016,1.0));
#6758=DIRECTION('',(0.0,-1.0,-3.82856869892695E-016));
#6759=DIRECTION('',(0.0,1.0,0.0));
#6760=DIRECTION('',(-0.0,-3.82856869892695E-016,1.0));
#6761=DIRECTION('',(-0.0,-3.82856869892695E-016,1.0));
#6762=DIRECTION('',(0.0,-3.82856869892695E-016,1.0));
#6763=DIRECTION('',(0.0,-1.0,-3.82856869892695E-016));
#6764=DIRECTION('',(0.0,-1.0,-3.82856869892695E-016));
#6765=DIRECTION('',(-0.0,1.0,3.82856869892695E-016));
#6766=CARTESIAN_POINT('',(-0.003,-0.00175000000000003,0.10825));
#6767=DIRECTION('',(0.0,-1.0,-3.82856869892695E-016));
#6768=DIRECTION('',(0.707106781186546,2.70720688924981E-016,-0.707106781186549));
#6769=DIRECTION('',(0.0,-1.0,-3.82856869892695E-016));
#6770=CARTESIAN_POINT('',(0.119,0.00424999999999998,0.11075));
#6771=DIRECTION('',(0.0,3.82856869892695E-016,-1.0));
#6772=DIRECTION('',(0.0,1.0,3.82856869892695E-016));
#6773=CARTESIAN_POINT('',(-0.005,0.000249999999999972,0.10675));
#6774=DIRECTION('',(0.0,-3.82856869892695E-016,1.0));
#6775=DIRECTION('',(0.0,-1.0,-3.82856869892695E-016));
#6776=DIRECTION('',(-1.0,-0.0,0.0));
#6777=DIRECTION('',(0.0,-1.0,-3.82856869892695E-016));
#6778=CARTESIAN_POINT('',(-0.005,0.000249999999999972,0.10675));
#6779=DIRECTION('',(0.0,3.82856869892695E-016,-1.0));
#6780=DIRECTION('',(0.0,-1.0,-3.82856869892695E-016));
#6781=CARTESIAN_POINT('',(0.231075,-0.00175,0.000749999999999904));
#6782=DIRECTION('',(-0.0,1.0,3.82856869892695E-016));
#6783=DIRECTION('',(1.0,0.0,0.0));
#6784=CARTESIAN_POINT('',(0.231075,-0.000450000000000006,0.000749999999999904));
#6785=DIRECTION('',(0.0,-1.0,-3.82856869892695E-016));
#6786=DIRECTION('',(1.0,0.0,0.0));
#6787=DIRECTION('',(0.0,3.82856869892695E-016,-1.0));
#6788=DIRECTION('',(-1.0,-0.0,0.0));
#6789=DIRECTION('',(7.63080431104589E-015,3.82856869892695E-016,-1.0));
#6790=DIRECTION('',(0.0,1.0,0.0));
#6791=DIRECTION('',(7.63080431104589E-015,3.82856869892695E-016,-1.0));
#6792=DIRECTION('',(0.0,3.82856869892695E-016,-1.0));
#6793=DIRECTION('',(0.866025403784439,1.91428434946347E-016,-0.5));
#6794=CARTESIAN_POINT('',(0.1867,-0.00175,0.000749999999999904));
#6795=DIRECTION('',(-0.0,1.0,3.82856869892695E-016));
#6796=DIRECTION('',(1.0,0.0,0.0));
#6797=CARTESIAN_POINT('',(0.1867,-0.000450000000000006,0.000749999999999904));
#6798=DIRECTION('',(0.0,-1.0,-3.82856869892695E-016));
#6799=DIRECTION('',(1.0,0.0,0.0));
#6800=CARTESIAN_POINT('',(0.241,-0.00175,-0.0017500000000001));
#6801=DIRECTION('',(-4.46687853312469E-031,-1.0,-3.82856869892695E-016));
#6802=DIRECTION('',(-0.707106781186548,-2.7072068892498E-016,0.707106781186548));
#6803=DIRECTION('',(-0.0,1.0,3.82856869892695E-016));
#6804=DIRECTION('',(1.0,0.0,0.0));
#6805=DIRECTION('',(-0.866025403784439,1.91428434946347E-016,-0.499999999999999));
#6806=DIRECTION('',(0.0,3.82856869892695E-016,-1.0));
#6807=DIRECTION('',(0.0,-1.0,-3.82856869892695E-016));
#6808=DIRECTION('',(-1.0,-1.51805897175281E-030,3.96508223080413E-015));
#6809=DIRECTION('',(0.0,1.0,0.0));
#6810=DIRECTION('',(-1.0,-0.0,0.0));
#6811=CARTESIAN_POINT('',(0.1512,-0.00175,0.000749999999999904));
#6812=DIRECTION('',(-0.0,1.0,3.82856869892695E-016));
#6813=DIRECTION('',(1.0,0.0,0.0));
#6814=DIRECTION('',(0.0,-3.82856869892695E-016,1.0));
#6815=DIRECTION('',(0.0,-1.0,-3.82856869892695E-016));
#6816=DIRECTION('',(0.0,1.0,3.82856869892695E-016));
#6817=DIRECTION('',(0.866025403784439,1.91428434946347E-016,-0.5));
#6818=DIRECTION('',(0.866025403784439,1.91428434946347E-016,-0.5));
#6819=DIRECTION('',(-0.86602540378444,-1.91428434946347E-016,0.499999999999998));
#6820=DIRECTION('',(-0.866025403784439,1.91428434946347E-016,-0.5));
#6821=DIRECTION('',(0.0,-3.82856869892695E-016,1.0));
#6822=DIRECTION('',(0.0,1.0,0.0));
#6823=DIRECTION('',(-0.86602540378444,-1.91428434946347E-016,0.499999999999998));
#6824=DIRECTION('',(0.0,1.0,0.0));
#6825=DIRECTION('',(-0.86602540378444,-1.91428434946347E-016,0.499999999999998));
#6826=DIRECTION('',(1.0,0.0,0.0));
#6827=DIRECTION('',(-1.0,-0.0,0.0));
#6828=DIRECTION('',(-1.0,-0.0,0.0));
#6829=DIRECTION('',(1.0,0.0,0.0));
#6830=DIRECTION('',(-0.0,1.0,3.82856869892695E-016));
#6831=CARTESIAN_POINT('',(0.241,-0.00175000000000003,0.10825));
#6832=DIRECTION('',(0.0,-1.0,-3.82856869892695E-016));
#6833=DIRECTION('',(-0.707106781186546,2.70720688924981E-016,-0.707106781186549));
#6834=DIRECTION('',(1.0,0.0,0.0));
#6835=DIRECTION('',(1.0,0.0,0.0));
#6836=CARTESIAN_POINT('',(0.09849,-0.00174999999999999,0.0138499999999999));
#6837=DIRECTION('',(0.0,1.0,3.82856869892695E-016));
#6838=DIRECTION('',(0.0,3.82856869892695E-016,-1.0));
#6839=CARTESIAN_POINT('',(0.123000000081311,0.00455,0.0217499999787789));
#6840=DIRECTION('',(-0.0,1.0,3.82856869892695E-016));
#6841=DIRECTION('',(1.0,0.0,0.0));
#6842=DIRECTION('',(-0.866025403784439,-1.91428434946347E-016,0.5));
#6843=DIRECTION('',(-1.0,-0.0,0.0));
#6844=DIRECTION('',(-1.0,-0.0,0.0));
#6845=DIRECTION('',(1.0,0.0,0.0));
#6846=DIRECTION('',(1.0,0.0,0.0));
#6847=DIRECTION('',(0.0,-3.82856869892695E-016,1.0));
#6848=DIRECTION('',(1.0,0.0,0.0));
#6849=DIRECTION('',(-1.0,-0.0,0.0));
#6850=CARTESIAN_POINT('',(0.07399,-0.00174999999999999,0.00384999999999996));
#6851=DIRECTION('',(0.0,-1.0,-3.82856869892695E-016));
#6852=DIRECTION('',(0.0,3.82856869892695E-016,-1.0));
#6853=CARTESIAN_POINT('',(0.06699,-0.00174999999999999,0.00254999999999991));
#6854=DIRECTION('',(0.0,-1.0,-3.82856869892695E-016));
#6855=DIRECTION('',(0.0,3.82856869892695E-016,-1.0));
#6856=CARTESIAN_POINT('',(0.231075,-0.00175000000000003,0.10575));
#6857=DIRECTION('',(-0.0,1.0,3.82856869892695E-016));
#6858=DIRECTION('',(1.0,0.0,0.0));
#6859=CARTESIAN_POINT('',(0.195575,-0.00175000000000003,0.10575));
#6860=DIRECTION('',(-0.0,1.0,3.82856869892695E-016));
#6861=DIRECTION('',(1.0,0.0,0.0));
#6862=CARTESIAN_POINT('',(0.1512,-0.00175000000000003,0.10575));
#6863=DIRECTION('',(-0.0,1.0,3.82856869892695E-016));
#6864=DIRECTION('',(1.0,0.0,0.0));
#6865=CARTESIAN_POINT('',(0.0125,-0.00175,0.0070499999999999));
#6866=DIRECTION('',(0.0,-1.0,-3.82856869892695E-016));
#6867=DIRECTION('',(1.0,0.0,0.0));
#6868=DIRECTION('',(0.0,3.82856869892695E-016,-1.0));
#6869=DIRECTION('',(-1.0,-0.0,0.0));
#6870=DIRECTION('',(-0.866025403784439,1.91428434946347E-016,-0.5));
#6871=DIRECTION('',(-0.866025403784438,1.91428434946348E-016,-0.500000000000001));
#6872=DIRECTION('',(-0.866025403784439,1.91428434946347E-016,-0.499999999999999));
#6873=CARTESIAN_POINT('',(0.00699999992168798,0.00475000000000001,0.0217499993952029));
#6874=DIRECTION('',(0.0,-1.0,-3.82856869892695E-016));
#6875=DIRECTION('',(1.0,0.0,0.0));
#6876=PRESENTATION_LAYER_ASSIGNMENT('Front panel','',(#565));
ENDSEC;
END-ISO-10303-21;
