ISO-10303-21;
HEADER;
FILE_DESCRIPTION(('STEP AP214'),'1');
FILE_NAME('04.stp','2025-12-15T08:58:02',(' '),(' '),'Spatial InterOp 3D',' ',' ');
FILE_SCHEMA(('automotive_design'));
ENDSEC;
DATA;
#1=MECHANICAL_DESIGN_GEOMETRIC_PRESENTATION_REPRESENTATION(' ',(#10,#11,#12,#13,#14,#15,#16,#17,#18,#19,#20,#21,#22,#23,#24,#25,#26,#27,#28,#29,#30,#31,#32,#33,#34,#35,#36,#37,#38,#39,#40,#41,#42,#43,#44,#45,#46,#47,#48,#49,#50,#51,#52,#53,#54,#55,#56,#57,#58,#59,#60,#61,#62,#63,#64,#65,#66,#67,#68,#69,#70,#71,#72,#73,#74,#75,#76,#77,#78,#79,#80,#81,#82,#83,#84,#85,#86,#87,#88,#89,#90,#91,#92,#93,#94,#95,#96,#97,#98,#99,#100,#101,#102,#103,#104,#105,#106,#107,#108,#109,#110,#111,#112,#113,#114,#115,#116),#6);
#2=PRODUCT_DEFINITION_CONTEXT('',#117,'design');
#3=APPLICATION_PROTOCOL_DEFINITION('INTERNATIONAL STANDARD','automotive_design',1994,#117);
#4=PRODUCT_CATEGORY_RELATIONSHIP('NONE','NONE',#118,#119);
#5=SHAPE_DEFINITION_REPRESENTATION(#120,#121);
#6= (GEOMETRIC_REPRESENTATION_CONTEXT(3)GLOBAL_UNCERTAINTY_ASSIGNED_CONTEXT((#124))GLOBAL_UNIT_ASSIGNED_CONTEXT((#126,#127,#128))REPRESENTATION_CONTEXT('NONE','WORKSPACE'));
#10=STYLED_ITEM('',(#130),#131);
#11=STYLED_ITEM('',(#132),#133);
#12=STYLED_ITEM('',(#134),#135);
#13=STYLED_ITEM('',(#136),#137);
#14=STYLED_ITEM('',(#138),#139);
#15=STYLED_ITEM('',(#140),#141);
#16=STYLED_ITEM('',(#142),#143);
#17=STYLED_ITEM('',(#144),#145);
#18=STYLED_ITEM('',(#146),#147);
#19=STYLED_ITEM('',(#148),#149);
#20=STYLED_ITEM('',(#150),#151);
#21=STYLED_ITEM('',(#152),#153);
#22=STYLED_ITEM('',(#154),#155);
#23=STYLED_ITEM('',(#156),#157);
#24=STYLED_ITEM('',(#158),#159);
#25=STYLED_ITEM('',(#160),#161);
#26=STYLED_ITEM('',(#162),#163);
#27=STYLED_ITEM('',(#164),#165);
#28=STYLED_ITEM('',(#166),#167);
#29=STYLED_ITEM('',(#168),#169);
#30=STYLED_ITEM('',(#170),#171);
#31=STYLED_ITEM('',(#172),#173);
#32=STYLED_ITEM('',(#174),#175);
#33=STYLED_ITEM('',(#176),#177);
#34=STYLED_ITEM('',(#178),#179);
#35=STYLED_ITEM('',(#180),#181);
#36=STYLED_ITEM('',(#182),#183);
#37=STYLED_ITEM('',(#184),#185);
#38=STYLED_ITEM('',(#186),#187);
#39=STYLED_ITEM('',(#188),#189);
#40=STYLED_ITEM('',(#190),#191);
#41=STYLED_ITEM('',(#192),#193);
#42=STYLED_ITEM('',(#194),#195);
#43=STYLED_ITEM('',(#196),#197);
#44=STYLED_ITEM('',(#198),#199);
#45=STYLED_ITEM('',(#200),#201);
#46=STYLED_ITEM('',(#202),#203);
#47=STYLED_ITEM('',(#204),#205);
#48=STYLED_ITEM('',(#206),#207);
#49=STYLED_ITEM('',(#208),#209);
#50=STYLED_ITEM('',(#210),#211);
#51=STYLED_ITEM('',(#212),#213);
#52=STYLED_ITEM('',(#214),#215);
#53=STYLED_ITEM('',(#216),#217);
#54=STYLED_ITEM('',(#218),#219);
#55=STYLED_ITEM('',(#220),#221);
#56=STYLED_ITEM('',(#222),#223);
#57=STYLED_ITEM('',(#224),#225);
#58=STYLED_ITEM('',(#226),#227);
#59=STYLED_ITEM('',(#228),#229);
#60=STYLED_ITEM('',(#230),#231);
#61=STYLED_ITEM('',(#232),#233);
#62=STYLED_ITEM('',(#234),#235);
#63=STYLED_ITEM('',(#236),#237);
#64=STYLED_ITEM('',(#238),#239);
#65=STYLED_ITEM('',(#240),#241);
#66=STYLED_ITEM('',(#242),#243);
#67=STYLED_ITEM('',(#244),#245);
#68=STYLED_ITEM('',(#246),#247);
#69=STYLED_ITEM('',(#248),#249);
#70=STYLED_ITEM('',(#250),#251);
#71=STYLED_ITEM('',(#252),#253);
#72=STYLED_ITEM('',(#254),#255);
#73=STYLED_ITEM('',(#256),#257);
#74=STYLED_ITEM('',(#258),#259);
#75=STYLED_ITEM('',(#260),#261);
#76=STYLED_ITEM('',(#262),#263);
#77=STYLED_ITEM('',(#264),#265);
#78=STYLED_ITEM('',(#266),#267);
#79=STYLED_ITEM('',(#268),#269);
#80=STYLED_ITEM('',(#270),#271);
#81=STYLED_ITEM('',(#272),#273);
#82=STYLED_ITEM('',(#274),#275);
#83=STYLED_ITEM('',(#276),#277);
#84=STYLED_ITEM('',(#278),#279);
#85=STYLED_ITEM('',(#280),#281);
#86=STYLED_ITEM('',(#282),#283);
#87=STYLED_ITEM('',(#284),#285);
#88=STYLED_ITEM('',(#286),#287);
#89=STYLED_ITEM('',(#288),#289);
#90=STYLED_ITEM('',(#290),#291);
#91=STYLED_ITEM('',(#292),#293);
#92=STYLED_ITEM('',(#294),#295);
#93=STYLED_ITEM('',(#296),#297);
#94=STYLED_ITEM('',(#298),#299);
#95=STYLED_ITEM('',(#300),#301);
#96=STYLED_ITEM('',(#302),#303);
#97=STYLED_ITEM('',(#304),#305);
#98=STYLED_ITEM('',(#306),#307);
#99=STYLED_ITEM('',(#308),#309);
#100=STYLED_ITEM('',(#310),#311);
#101=STYLED_ITEM('',(#312),#313);
#102=STYLED_ITEM('',(#314),#315);
#103=STYLED_ITEM('',(#316),#317);
#104=STYLED_ITEM('',(#318),#319);
#105=STYLED_ITEM('',(#320),#321);
#106=STYLED_ITEM('',(#322),#323);
#107=STYLED_ITEM('',(#324),#325);
#108=STYLED_ITEM('',(#326),#327);
#109=STYLED_ITEM('',(#328),#329);
#110=STYLED_ITEM('',(#330),#331);
#111=STYLED_ITEM('',(#332),#333);
#112=STYLED_ITEM('',(#334),#335);
#113=STYLED_ITEM('',(#336),#337);
#114=STYLED_ITEM('',(#338),#339);
#115=STYLED_ITEM('',(#340),#341);
#116=STYLED_ITEM('',(#342),#343);
#117=APPLICATION_CONTEXT(' ');
#118=PRODUCT_CATEGORY('part','NONE');
#119=PRODUCT_RELATED_PRODUCT_CATEGORY('detail',' ',(#344));
#120=PRODUCT_DEFINITION_SHAPE('NONE','NONE',#345);
#121=ADVANCED_BREP_SHAPE_REPRESENTATION('1',(#346,#347),#6);
#124=UNCERTAINTY_MEASURE_WITH_UNIT(LENGTH_MEASURE(1.0E-006),#126,'','');
#126= (CONVERSION_BASED_UNIT('METRE',#350)LENGTH_UNIT()NAMED_UNIT(#353));
#127= (NAMED_UNIT(#355)PLANE_ANGLE_UNIT()SI_UNIT($,.RADIAN.));
#128= (NAMED_UNIT(#355)SOLID_ANGLE_UNIT()SI_UNIT($,.STERADIAN.));
#130=PRESENTATION_STYLE_ASSIGNMENT((#361));
#131=ADVANCED_FACE('',(#362,#363),#364,.F.);
#132=PRESENTATION_STYLE_ASSIGNMENT((#365));
#133=ADVANCED_FACE('',(#366,#367),#368,.F.);
#134=PRESENTATION_STYLE_ASSIGNMENT((#369));
#135=ADVANCED_FACE('',(#370),#371,.F.);
#136=PRESENTATION_STYLE_ASSIGNMENT((#372));
#137=ADVANCED_FACE('',(#373),#374,.T.);
#138=PRESENTATION_STYLE_ASSIGNMENT((#375));
#139=ADVANCED_FACE('',(#376),#377,.T.);
#140=PRESENTATION_STYLE_ASSIGNMENT((#378));
#141=ADVANCED_FACE('',(#379,#380,#381,#382,#383,#384,#385,#386,#387,#388,#389,#390,#391,#392,#393),#394,.T.);
#142=PRESENTATION_STYLE_ASSIGNMENT((#395));
#143=ADVANCED_FACE('',(#396,#397,#398,#399,#400,#401,#402,#403,#404,#405,#406,#407,#408,#409,#410),#411,.F.);
#144=PRESENTATION_STYLE_ASSIGNMENT((#412));
#145=ADVANCED_FACE('',(#413),#414,.T.);
#146=PRESENTATION_STYLE_ASSIGNMENT((#415));
#147=ADVANCED_FACE('',(#416),#417,.F.);
#148=PRESENTATION_STYLE_ASSIGNMENT((#418));
#149=ADVANCED_FACE('',(#419),#420,.T.);
#150=PRESENTATION_STYLE_ASSIGNMENT((#421));
#151=ADVANCED_FACE('',(#422),#423,.F.);
#152=PRESENTATION_STYLE_ASSIGNMENT((#424));
#153=ADVANCED_FACE('',(#425,#426),#427,.F.);
#154=PRESENTATION_STYLE_ASSIGNMENT((#428));
#155=ADVANCED_FACE('',(#429),#430,.F.);
#156=PRESENTATION_STYLE_ASSIGNMENT((#431));
#157=ADVANCED_FACE('',(#432,#433),#434,.F.);
#158=PRESENTATION_STYLE_ASSIGNMENT((#435));
#159=ADVANCED_FACE('',(#436),#437,.F.);
#160=PRESENTATION_STYLE_ASSIGNMENT((#438));
#161=ADVANCED_FACE('',(#439),#440,.F.);
#162=PRESENTATION_STYLE_ASSIGNMENT((#441));
#163=ADVANCED_FACE('',(#442,#443),#444,.F.);
#164=PRESENTATION_STYLE_ASSIGNMENT((#445));
#165=ADVANCED_FACE('',(#446),#447,.F.);
#166=PRESENTATION_STYLE_ASSIGNMENT((#448));
#167=ADVANCED_FACE('',(#449),#450,.F.);
#168=PRESENTATION_STYLE_ASSIGNMENT((#451));
#169=ADVANCED_FACE('',(#452,#453),#454,.F.);
#170=PRESENTATION_STYLE_ASSIGNMENT((#455));
#171=ADVANCED_FACE('',(#456,#457),#458,.F.);
#172=PRESENTATION_STYLE_ASSIGNMENT((#459));
#173=ADVANCED_FACE('',(#460,#461),#462,.F.);
#174=PRESENTATION_STYLE_ASSIGNMENT((#463));
#175=ADVANCED_FACE('',(#464,#465),#466,.F.);
#176=PRESENTATION_STYLE_ASSIGNMENT((#467));
#177=ADVANCED_FACE('',(#468,#469),#470,.F.);
#178=PRESENTATION_STYLE_ASSIGNMENT((#471));
#179=ADVANCED_FACE('',(#472,#473),#474,.F.);
#180=PRESENTATION_STYLE_ASSIGNMENT((#475));
#181=ADVANCED_FACE('',(#476),#477,.F.);
#182=PRESENTATION_STYLE_ASSIGNMENT((#478));
#183=ADVANCED_FACE('',(#479),#480,.F.);
#184=PRESENTATION_STYLE_ASSIGNMENT((#481));
#185=ADVANCED_FACE('',(#482),#483,.F.);
#186=PRESENTATION_STYLE_ASSIGNMENT((#484));
#187=ADVANCED_FACE('',(#485),#486,.F.);
#188=PRESENTATION_STYLE_ASSIGNMENT((#487));
#189=ADVANCED_FACE('',(#488),#489,.T.);
#190=PRESENTATION_STYLE_ASSIGNMENT((#490));
#191=ADVANCED_FACE('',(#491),#492,.T.);
#192=PRESENTATION_STYLE_ASSIGNMENT((#493));
#193=ADVANCED_FACE('',(#494),#495,.T.);
#194=PRESENTATION_STYLE_ASSIGNMENT((#496));
#195=ADVANCED_FACE('',(#497,#498),#499,.F.);
#196=PRESENTATION_STYLE_ASSIGNMENT((#500));
#197=ADVANCED_FACE('',(#501,#502),#503,.F.);
#198=PRESENTATION_STYLE_ASSIGNMENT((#504));
#199=ADVANCED_FACE('',(#505,#506),#507,.F.);
#200=PRESENTATION_STYLE_ASSIGNMENT((#508));
#201=ADVANCED_FACE('',(#509,#510),#511,.F.);
#202=PRESENTATION_STYLE_ASSIGNMENT((#512));
#203=ADVANCED_FACE('',(#513),#514,.T.);
#204=PRESENTATION_STYLE_ASSIGNMENT((#515));
#205=ADVANCED_FACE('',(#516,#517),#518,.F.);
#206=PRESENTATION_STYLE_ASSIGNMENT((#519));
#207=ADVANCED_FACE('',(#520,#521),#522,.F.);
#208=PRESENTATION_STYLE_ASSIGNMENT((#523));
#209=ADVANCED_FACE('',(#524),#525,.T.);
#210=PRESENTATION_STYLE_ASSIGNMENT((#526));
#211=ADVANCED_FACE('',(#527),#528,.T.);
#212=PRESENTATION_STYLE_ASSIGNMENT((#529));
#213=ADVANCED_FACE('',(#530),#531,.T.);
#214=PRESENTATION_STYLE_ASSIGNMENT((#532));
#215=ADVANCED_FACE('',(#533),#534,.T.);
#216=PRESENTATION_STYLE_ASSIGNMENT((#535));
#217=ADVANCED_FACE('',(#536),#537,.F.);
#218=PRESENTATION_STYLE_ASSIGNMENT((#538));
#219=ADVANCED_FACE('',(#539),#540,.F.);
#220=PRESENTATION_STYLE_ASSIGNMENT((#541));
#221=ADVANCED_FACE('',(#542),#543,.F.);
#222=PRESENTATION_STYLE_ASSIGNMENT((#544));
#223=ADVANCED_FACE('',(#545),#546,.F.);
#224=PRESENTATION_STYLE_ASSIGNMENT((#547));
#225=ADVANCED_FACE('',(#548),#549,.F.);
#226=PRESENTATION_STYLE_ASSIGNMENT((#550));
#227=ADVANCED_FACE('',(#551),#552,.F.);
#228=PRESENTATION_STYLE_ASSIGNMENT((#553));
#229=ADVANCED_FACE('',(#554),#555,.F.);
#230=PRESENTATION_STYLE_ASSIGNMENT((#556));
#231=ADVANCED_FACE('',(#557),#558,.F.);
#232=PRESENTATION_STYLE_ASSIGNMENT((#559));
#233=ADVANCED_FACE('',(#560),#561,.F.);
#234=PRESENTATION_STYLE_ASSIGNMENT((#562));
#235=ADVANCED_FACE('',(#563),#564,.F.);
#236=PRESENTATION_STYLE_ASSIGNMENT((#565));
#237=ADVANCED_FACE('',(#566),#567,.F.);
#238=PRESENTATION_STYLE_ASSIGNMENT((#568));
#239=ADVANCED_FACE('',(#569),#570,.F.);
#240=PRESENTATION_STYLE_ASSIGNMENT((#571));
#241=ADVANCED_FACE('',(#572),#573,.F.);
#242=PRESENTATION_STYLE_ASSIGNMENT((#574));
#243=ADVANCED_FACE('',(#575),#576,.F.);
#244=PRESENTATION_STYLE_ASSIGNMENT((#577));
#245=ADVANCED_FACE('',(#578),#579,.F.);
#246=PRESENTATION_STYLE_ASSIGNMENT((#580));
#247=ADVANCED_FACE('',(#581),#582,.F.);
#248=PRESENTATION_STYLE_ASSIGNMENT((#583));
#249=ADVANCED_FACE('',(#584,#585),#586,.F.);
#250=PRESENTATION_STYLE_ASSIGNMENT((#587));
#251=ADVANCED_FACE('',(#588,#589),#590,.T.);
#252=PRESENTATION_STYLE_ASSIGNMENT((#591));
#253=ADVANCED_FACE('',(#592,#593,#594),#595,.F.);
#254=PRESENTATION_STYLE_ASSIGNMENT((#596));
#255=ADVANCED_FACE('',(#597,#598,#599),#600,.T.);
#256=PRESENTATION_STYLE_ASSIGNMENT((#601));
#257=ADVANCED_FACE('',(#602,#603,#604),#605,.F.);
#258=PRESENTATION_STYLE_ASSIGNMENT((#606));
#259=ADVANCED_FACE('',(#607),#608,.F.);
#260=PRESENTATION_STYLE_ASSIGNMENT((#609));
#261=ADVANCED_FACE('',(#610),#611,.F.);
#262=PRESENTATION_STYLE_ASSIGNMENT((#612));
#263=ADVANCED_FACE('',(#613),#614,.F.);
#264=PRESENTATION_STYLE_ASSIGNMENT((#615));
#265=ADVANCED_FACE('',(#616),#617,.F.);
#266=PRESENTATION_STYLE_ASSIGNMENT((#618));
#267=ADVANCED_FACE('',(#619),#620,.F.);
#268=PRESENTATION_STYLE_ASSIGNMENT((#621));
#269=ADVANCED_FACE('',(#622),#623,.F.);
#270=PRESENTATION_STYLE_ASSIGNMENT((#624));
#271=ADVANCED_FACE('',(#625),#626,.F.);
#272=PRESENTATION_STYLE_ASSIGNMENT((#627));
#273=ADVANCED_FACE('',(#628),#629,.F.);
#274=PRESENTATION_STYLE_ASSIGNMENT((#630));
#275=ADVANCED_FACE('',(#631),#632,.T.);
#276=PRESENTATION_STYLE_ASSIGNMENT((#633));
#277=ADVANCED_FACE('',(#634),#635,.T.);
#278=PRESENTATION_STYLE_ASSIGNMENT((#636));
#279=ADVANCED_FACE('',(#637),#638,.T.);
#280=PRESENTATION_STYLE_ASSIGNMENT((#639));
#281=ADVANCED_FACE('',(#640),#641,.T.);
#282=PRESENTATION_STYLE_ASSIGNMENT((#642));
#283=ADVANCED_FACE('',(#643),#644,.F.);
#284=PRESENTATION_STYLE_ASSIGNMENT((#645));
#285=ADVANCED_FACE('',(#646),#647,.F.);
#286=PRESENTATION_STYLE_ASSIGNMENT((#648));
#287=ADVANCED_FACE('',(#649),#650,.F.);
#288=PRESENTATION_STYLE_ASSIGNMENT((#651));
#289=ADVANCED_FACE('',(#652),#653,.F.);
#290=PRESENTATION_STYLE_ASSIGNMENT((#654));
#291=ADVANCED_FACE('',(#655),#656,.F.);
#292=PRESENTATION_STYLE_ASSIGNMENT((#657));
#293=ADVANCED_FACE('',(#658),#659,.F.);
#294=PRESENTATION_STYLE_ASSIGNMENT((#660));
#295=ADVANCED_FACE('',(#661),#662,.F.);
#296=PRESENTATION_STYLE_ASSIGNMENT((#663));
#297=ADVANCED_FACE('',(#664),#665,.F.);
#298=PRESENTATION_STYLE_ASSIGNMENT((#666));
#299=ADVANCED_FACE('',(#667),#668,.F.);
#300=PRESENTATION_STYLE_ASSIGNMENT((#669));
#301=ADVANCED_FACE('',(#670),#671,.F.);
#302=PRESENTATION_STYLE_ASSIGNMENT((#672));
#303=ADVANCED_FACE('',(#673),#674,.F.);
#304=PRESENTATION_STYLE_ASSIGNMENT((#675));
#305=ADVANCED_FACE('',(#676),#677,.F.);
#306=PRESENTATION_STYLE_ASSIGNMENT((#678));
#307=ADVANCED_FACE('',(#679),#680,.T.);
#308=PRESENTATION_STYLE_ASSIGNMENT((#681));
#309=ADVANCED_FACE('',(#682),#683,.T.);
#310=PRESENTATION_STYLE_ASSIGNMENT((#684));
#311=ADVANCED_FACE('',(#685),#686,.T.);
#312=PRESENTATION_STYLE_ASSIGNMENT((#687));
#313=ADVANCED_FACE('',(#688),#689,.T.);
#314=PRESENTATION_STYLE_ASSIGNMENT((#690));
#315=ADVANCED_FACE('',(#691),#692,.F.);
#316=PRESENTATION_STYLE_ASSIGNMENT((#693));
#317=ADVANCED_FACE('',(#694),#695,.T.);
#318=PRESENTATION_STYLE_ASSIGNMENT((#696));
#319=ADVANCED_FACE('',(#697,#698),#699,.F.);
#320=PRESENTATION_STYLE_ASSIGNMENT((#700));
#321=ADVANCED_FACE('',(#701),#702,.F.);
#322=PRESENTATION_STYLE_ASSIGNMENT((#703));
#323=ADVANCED_FACE('',(#704),#705,.T.);
#324=PRESENTATION_STYLE_ASSIGNMENT((#706));
#325=ADVANCED_FACE('',(#707),#708,.T.);
#326=PRESENTATION_STYLE_ASSIGNMENT((#709));
#327=ADVANCED_FACE('',(#710),#711,.F.);
#328=PRESENTATION_STYLE_ASSIGNMENT((#712));
#329=ADVANCED_FACE('',(#713),#714,.T.);
#330=PRESENTATION_STYLE_ASSIGNMENT((#715));
#331=ADVANCED_FACE('',(#716),#717,.T.);
#332=PRESENTATION_STYLE_ASSIGNMENT((#718));
#333=ADVANCED_FACE('',(#719),#720,.T.);
#334=PRESENTATION_STYLE_ASSIGNMENT((#721));
#335=ADVANCED_FACE('',(#722),#723,.T.);
#336=PRESENTATION_STYLE_ASSIGNMENT((#724));
#337=ADVANCED_FACE('',(#725,#726,#727),#728,.T.);
#338=PRESENTATION_STYLE_ASSIGNMENT((#729));
#339=ADVANCED_FACE('',(#730),#731,.F.);
#340=PRESENTATION_STYLE_ASSIGNMENT((#732));
#341=ADVANCED_FACE('',(#733,#734),#735,.T.);
#342=PRESENTATION_STYLE_ASSIGNMENT((#736));
#343=ADVANCED_FACE('',(#737),#738,.T.);
#344=PRODUCT('1','1','PART-1-DESC',(#739));
#345=PRODUCT_DEFINITION('NONE','NONE',#740,#2);
#346=MANIFOLD_SOLID_BREP('1',#741);
#347=AXIS2_PLACEMENT_3D('',#742,#743,#744);
#350=LENGTH_MEASURE_WITH_UNIT(LENGTH_MEASURE(1.0),#745);
#353=DIMENSIONAL_EXPONENTS(1.0,0.0,0.0,0.0,0.0,0.0,0.0);
#355=DIMENSIONAL_EXPONENTS(0.0,0.0,0.0,0.0,0.0,0.0,0.0);
#361=SURFACE_STYLE_USAGE(.BOTH.,#746);
#362=FACE_OUTER_BOUND('',#747,.T.);
#363=FACE_BOUND('',#748,.T.);
#364=CONICAL_SURFACE('',#749,0.00165000000000004,0.78539816339744);
#365=SURFACE_STYLE_USAGE(.BOTH.,#750);
#366=FACE_OUTER_BOUND('',#751,.T.);
#367=FACE_OUTER_BOUND('',#752,.T.);
#368=CYLINDRICAL_SURFACE('',#753,0.00165000000000004);
#369=SURFACE_STYLE_USAGE(.BOTH.,#754);
#370=FACE_OUTER_BOUND('',#755,.T.);
#371=CYLINDRICAL_SURFACE('',#756,0.00589999100000849);
#372=SURFACE_STYLE_USAGE(.BOTH.,#757);
#373=FACE_OUTER_BOUND('',#758,.T.);
#374=PLANE('',#759);
#375=SURFACE_STYLE_USAGE(.BOTH.,#760);
#376=FACE_OUTER_BOUND('',#761,.T.);
#377=PLANE('',#762);
#378=SURFACE_STYLE_USAGE(.BOTH.,#763);
#379=FACE_BOUND('',#764,.T.);
#380=FACE_BOUND('',#765,.T.);
#381=FACE_BOUND('',#766,.T.);
#382=FACE_BOUND('',#767,.T.);
#383=FACE_BOUND('',#768,.T.);
#384=FACE_BOUND('',#769,.T.);
#385=FACE_BOUND('',#770,.T.);
#386=FACE_BOUND('',#771,.T.);
#387=FACE_BOUND('',#772,.T.);
#388=FACE_BOUND('',#773,.T.);
#389=FACE_BOUND('',#774,.T.);
#390=FACE_BOUND('',#775,.T.);
#391=FACE_OUTER_BOUND('',#776,.T.);
#392=FACE_BOUND('',#777,.T.);
#393=FACE_BOUND('',#778,.T.);
#394=PLANE('',#779);
#395=SURFACE_STYLE_USAGE(.BOTH.,#780);
#396=FACE_BOUND('',#781,.T.);
#397=FACE_BOUND('',#782,.T.);
#398=FACE_OUTER_BOUND('',#783,.T.);
#399=FACE_BOUND('',#784,.T.);
#400=FACE_BOUND('',#785,.T.);
#401=FACE_BOUND('',#786,.T.);
#402=FACE_BOUND('',#787,.T.);
#403=FACE_BOUND('',#788,.T.);
#404=FACE_BOUND('',#789,.T.);
#405=FACE_BOUND('',#790,.T.);
#406=FACE_BOUND('',#791,.T.);
#407=FACE_BOUND('',#792,.T.);
#408=FACE_BOUND('',#793,.T.);
#409=FACE_BOUND('',#794,.T.);
#410=FACE_BOUND('',#795,.T.);
#411=PLANE('',#796);
#412=SURFACE_STYLE_USAGE(.BOTH.,#797);
#413=FACE_OUTER_BOUND('',#798,.T.);
#414=PLANE('',#799);
#415=SURFACE_STYLE_USAGE(.BOTH.,#800);
#416=FACE_OUTER_BOUND('',#801,.T.);
#417=CYLINDRICAL_SURFACE('',#802,0.00590000900000842);
#418=SURFACE_STYLE_USAGE(.BOTH.,#803);
#419=FACE_OUTER_BOUND('',#804,.T.);
#420=PLANE('',#805);
#421=SURFACE_STYLE_USAGE(.BOTH.,#806);
#422=FACE_OUTER_BOUND('',#807,.T.);
#423=CYLINDRICAL_SURFACE('',#808,0.00590001000000684);
#424=SURFACE_STYLE_USAGE(.BOTH.,#809);
#425=FACE_OUTER_BOUND('',#810,.T.);
#426=FACE_BOUND('',#811,.T.);
#427=CONICAL_SURFACE('',#812,0.00165000000000004,0.78539816339744);
#428=SURFACE_STYLE_USAGE(.BOTH.,#813);
#429=FACE_OUTER_BOUND('',#814,.T.);
#430=CYLINDRICAL_SURFACE('',#815,0.00589999000000685);
#431=SURFACE_STYLE_USAGE(.BOTH.,#816);
#432=FACE_OUTER_BOUND('',#817,.T.);
#433=FACE_OUTER_BOUND('',#818,.T.);
#434=CYLINDRICAL_SURFACE('',#819,0.00165000000000004);
#435=SURFACE_STYLE_USAGE(.BOTH.,#820);
#436=FACE_OUTER_BOUND('',#821,.T.);
#437=CYLINDRICAL_SURFACE('',#822,0.0005);
#438=SURFACE_STYLE_USAGE(.BOTH.,#823);
#439=FACE_OUTER_BOUND('',#824,.T.);
#440=CYLINDRICAL_SURFACE('',#825,0.0005);
#441=SURFACE_STYLE_USAGE(.BOTH.,#826);
#442=FACE_BOUND('',#827,.T.);
#443=FACE_OUTER_BOUND('',#828,.T.);
#444=CONICAL_SURFACE('',#829,0.00295000000000004,0.78539816339745);
#445=SURFACE_STYLE_USAGE(.BOTH.,#830);
#446=FACE_OUTER_BOUND('',#831,.T.);
#447=CYLINDRICAL_SURFACE('',#832,0.000500000000000002);
#448=SURFACE_STYLE_USAGE(.BOTH.,#833);
#449=FACE_OUTER_BOUND('',#834,.T.);
#450=CYLINDRICAL_SURFACE('',#835,0.0005);
#451=SURFACE_STYLE_USAGE(.BOTH.,#836);
#452=FACE_OUTER_BOUND('',#837,.T.);
#453=FACE_OUTER_BOUND('',#838,.T.);
#454=CYLINDRICAL_SURFACE('',#839,0.00224999999999997);
#455=SURFACE_STYLE_USAGE(.BOTH.,#840);
#456=FACE_OUTER_BOUND('',#841,.T.);
#457=FACE_OUTER_BOUND('',#842,.T.);
#458=CYLINDRICAL_SURFACE('',#843,0.00224999999999997);
#459=SURFACE_STYLE_USAGE(.BOTH.,#844);
#460=FACE_OUTER_BOUND('',#845,.T.);
#461=FACE_OUTER_BOUND('',#846,.T.);
#462=CYLINDRICAL_SURFACE('',#847,0.00224999999999997);
#463=SURFACE_STYLE_USAGE(.BOTH.,#848);
#464=FACE_OUTER_BOUND('',#849,.T.);
#465=FACE_OUTER_BOUND('',#850,.T.);
#466=CYLINDRICAL_SURFACE('',#851,0.045);
#467=SURFACE_STYLE_USAGE(.BOTH.,#852);
#468=FACE_OUTER_BOUND('',#853,.T.);
#469=FACE_OUTER_BOUND('',#854,.T.);
#470=CYLINDRICAL_SURFACE('',#855,0.00224999999999997);
#471=SURFACE_STYLE_USAGE(.BOTH.,#856);
#472=FACE_OUTER_BOUND('',#857,.T.);
#473=FACE_OUTER_BOUND('',#858,.T.);
#474=CYLINDRICAL_SURFACE('',#859,0.00165000000000004);
#475=SURFACE_STYLE_USAGE(.BOTH.,#860);
#476=FACE_OUTER_BOUND('',#861,.T.);
#477=CYLINDRICAL_SURFACE('',#862,0.0005);
#478=SURFACE_STYLE_USAGE(.BOTH.,#863);
#479=FACE_OUTER_BOUND('',#864,.T.);
#480=CYLINDRICAL_SURFACE('',#865,0.0005);
#481=SURFACE_STYLE_USAGE(.BOTH.,#866);
#482=FACE_OUTER_BOUND('',#867,.T.);
#483=CYLINDRICAL_SURFACE('',#868,0.0005);
#484=SURFACE_STYLE_USAGE(.BOTH.,#869);
#485=FACE_OUTER_BOUND('',#870,.T.);
#486=CYLINDRICAL_SURFACE('',#871,0.0005);
#487=SURFACE_STYLE_USAGE(.BOTH.,#872);
#488=FACE_OUTER_BOUND('',#873,.T.);
#489=CYLINDRICAL_SURFACE('',#874,0.002);
#490=SURFACE_STYLE_USAGE(.BOTH.,#875);
#491=FACE_OUTER_BOUND('',#876,.T.);
#492=CYLINDRICAL_SURFACE('',#877,0.002);
#493=SURFACE_STYLE_USAGE(.BOTH.,#878);
#494=FACE_OUTER_BOUND('',#879,.T.);
#495=CYLINDRICAL_SURFACE('',#880,0.002);
#496=SURFACE_STYLE_USAGE(.BOTH.,#881);
#497=FACE_OUTER_BOUND('',#882,.T.);
#498=FACE_OUTER_BOUND('',#883,.T.);
#499=CYLINDRICAL_SURFACE('',#884,0.0015);
#500=SURFACE_STYLE_USAGE(.BOTH.,#885);
#501=FACE_OUTER_BOUND('',#886,.T.);
#502=FACE_OUTER_BOUND('',#887,.T.);
#503=CYLINDRICAL_SURFACE('',#888,0.0015);
#504=SURFACE_STYLE_USAGE(.BOTH.,#889);
#505=FACE_OUTER_BOUND('',#890,.T.);
#506=FACE_OUTER_BOUND('',#891,.T.);
#507=CYLINDRICAL_SURFACE('',#892,0.0015);
#508=SURFACE_STYLE_USAGE(.BOTH.,#893);
#509=FACE_OUTER_BOUND('',#894,.T.);
#510=FACE_OUTER_BOUND('',#895,.T.);
#511=CYLINDRICAL_SURFACE('',#896,0.0015);
#512=SURFACE_STYLE_USAGE(.BOTH.,#897);
#513=FACE_OUTER_BOUND('',#898,.T.);
#514=CYLINDRICAL_SURFACE('',#899,0.002);
#515=SURFACE_STYLE_USAGE(.BOTH.,#900);
#516=FACE_OUTER_BOUND('',#901,.T.);
#517=FACE_OUTER_BOUND('',#902,.T.);
#518=CYLINDRICAL_SURFACE('',#903,0.0015);
#519=SURFACE_STYLE_USAGE(.BOTH.,#904);
#520=FACE_OUTER_BOUND('',#905,.T.);
#521=FACE_OUTER_BOUND('',#906,.T.);
#522=CYLINDRICAL_SURFACE('',#907,0.0015);
#523=SURFACE_STYLE_USAGE(.BOTH.,#908);
#524=FACE_OUTER_BOUND('',#909,.T.);
#525=CYLINDRICAL_SURFACE('',#910,0.004);
#526=SURFACE_STYLE_USAGE(.BOTH.,#911);
#527=FACE_OUTER_BOUND('',#912,.T.);
#528=CYLINDRICAL_SURFACE('',#913,0.004);
#529=SURFACE_STYLE_USAGE(.BOTH.,#914);
#530=FACE_OUTER_BOUND('',#915,.T.);
#531=CYLINDRICAL_SURFACE('',#916,0.004);
#532=SURFACE_STYLE_USAGE(.BOTH.,#917);
#533=FACE_OUTER_BOUND('',#918,.T.);
#534=CYLINDRICAL_SURFACE('',#919,0.004);
#535=SURFACE_STYLE_USAGE(.BOTH.,#920);
#536=FACE_OUTER_BOUND('',#921,.T.);
#537=PLANE('',#922);
#538=SURFACE_STYLE_USAGE(.BOTH.,#923);
#539=FACE_OUTER_BOUND('',#924,.T.);
#540=PLANE('',#925);
#541=SURFACE_STYLE_USAGE(.BOTH.,#926);
#542=FACE_OUTER_BOUND('',#927,.T.);
#543=PLANE('',#928);
#544=SURFACE_STYLE_USAGE(.BOTH.,#929);
#545=FACE_OUTER_BOUND('',#930,.T.);
#546=PLANE('',#931);
#547=SURFACE_STYLE_USAGE(.BOTH.,#932);
#548=FACE_OUTER_BOUND('',#933,.T.);
#549=PLANE('',#934);
#550=SURFACE_STYLE_USAGE(.BOTH.,#935);
#551=FACE_OUTER_BOUND('',#936,.T.);
#552=PLANE('',#937);
#553=SURFACE_STYLE_USAGE(.BOTH.,#938);
#554=FACE_OUTER_BOUND('',#939,.T.);
#555=PLANE('',#940);
#556=SURFACE_STYLE_USAGE(.BOTH.,#941);
#557=FACE_OUTER_BOUND('',#942,.T.);
#558=PLANE('',#943);
#559=SURFACE_STYLE_USAGE(.BOTH.,#944);
#560=FACE_OUTER_BOUND('',#945,.T.);
#561=PLANE('',#946);
#562=SURFACE_STYLE_USAGE(.BOTH.,#947);
#563=FACE_OUTER_BOUND('',#948,.T.);
#564=PLANE('',#949);
#565=SURFACE_STYLE_USAGE(.BOTH.,#950);
#566=FACE_OUTER_BOUND('',#951,.T.);
#567=PLANE('',#952);
#568=SURFACE_STYLE_USAGE(.BOTH.,#953);
#569=FACE_OUTER_BOUND('',#954,.T.);
#570=PLANE('',#955);
#571=SURFACE_STYLE_USAGE(.BOTH.,#956);
#572=FACE_OUTER_BOUND('',#957,.T.);
#573=PLANE('',#958);
#574=SURFACE_STYLE_USAGE(.BOTH.,#959);
#575=FACE_OUTER_BOUND('',#960,.T.);
#576=PLANE('',#961);
#577=SURFACE_STYLE_USAGE(.BOTH.,#962);
#578=FACE_OUTER_BOUND('',#963,.T.);
#579=PLANE('',#964);
#580=SURFACE_STYLE_USAGE(.BOTH.,#965);
#581=FACE_OUTER_BOUND('',#966,.T.);
#582=PLANE('',#967);
#583=SURFACE_STYLE_USAGE(.BOTH.,#968);
#584=FACE_OUTER_BOUND('',#969,.T.);
#585=FACE_BOUND('',#970,.T.);
#586=PLANE('',#971);
#587=SURFACE_STYLE_USAGE(.BOTH.,#972);
#588=FACE_OUTER_BOUND('',#973,.T.);
#589=FACE_BOUND('',#974,.T.);
#590=PLANE('',#975);
#591=SURFACE_STYLE_USAGE(.BOTH.,#976);
#592=FACE_OUTER_BOUND('',#977,.T.);
#593=FACE_BOUND('',#978,.T.);
#594=FACE_BOUND('',#979,.T.);
#595=PLANE('',#980);
#596=SURFACE_STYLE_USAGE(.BOTH.,#981);
#597=FACE_OUTER_BOUND('',#982,.T.);
#598=FACE_BOUND('',#983,.T.);
#599=FACE_BOUND('',#984,.T.);
#600=PLANE('',#985);
#601=SURFACE_STYLE_USAGE(.BOTH.,#986);
#602=FACE_OUTER_BOUND('',#987,.T.);
#603=FACE_BOUND('',#988,.T.);
#604=FACE_BOUND('',#989,.T.);
#605=PLANE('',#990);
#606=SURFACE_STYLE_USAGE(.BOTH.,#991);
#607=FACE_OUTER_BOUND('',#992,.T.);
#608=PLANE('',#993);
#609=SURFACE_STYLE_USAGE(.BOTH.,#994);
#610=FACE_OUTER_BOUND('',#995,.T.);
#611=PLANE('',#996);
#612=SURFACE_STYLE_USAGE(.BOTH.,#997);
#613=FACE_OUTER_BOUND('',#998,.T.);
#614=PLANE('',#999);
#615=SURFACE_STYLE_USAGE(.BOTH.,#1000);
#616=FACE_OUTER_BOUND('',#1001,.T.);
#617=PLANE('',#1002);
#618=SURFACE_STYLE_USAGE(.BOTH.,#1003);
#619=FACE_OUTER_BOUND('',#1004,.T.);
#620=PLANE('',#1005);
#621=SURFACE_STYLE_USAGE(.BOTH.,#1006);
#622=FACE_OUTER_BOUND('',#1007,.T.);
#623=PLANE('',#1008);
#624=SURFACE_STYLE_USAGE(.BOTH.,#1009);
#625=FACE_OUTER_BOUND('',#1010,.T.);
#626=PLANE('',#1011);
#627=SURFACE_STYLE_USAGE(.BOTH.,#1012);
#628=FACE_OUTER_BOUND('',#1013,.T.);
#629=PLANE('',#1014);
#630=SURFACE_STYLE_USAGE(.BOTH.,#1015);
#631=FACE_OUTER_BOUND('',#1016,.T.);
#632=PLANE('',#1017);
#633=SURFACE_STYLE_USAGE(.BOTH.,#1018);
#634=FACE_OUTER_BOUND('',#1019,.T.);
#635=PLANE('',#1020);
#636=SURFACE_STYLE_USAGE(.BOTH.,#1021);
#637=FACE_OUTER_BOUND('',#1022,.T.);
#638=PLANE('',#1023);
#639=SURFACE_STYLE_USAGE(.BOTH.,#1024);
#640=FACE_OUTER_BOUND('',#1025,.T.);
#641=PLANE('',#1026);
#642=SURFACE_STYLE_USAGE(.BOTH.,#1027);
#643=FACE_OUTER_BOUND('',#1028,.T.);
#644=PLANE('',#1029);
#645=SURFACE_STYLE_USAGE(.BOTH.,#1030);
#646=FACE_OUTER_BOUND('',#1031,.T.);
#647=PLANE('',#1032);
#648=SURFACE_STYLE_USAGE(.BOTH.,#1033);
#649=FACE_OUTER_BOUND('',#1034,.T.);
#650=PLANE('',#1035);
#651=SURFACE_STYLE_USAGE(.BOTH.,#1036);
#652=FACE_OUTER_BOUND('',#1037,.T.);
#653=PLANE('',#1038);
#654=SURFACE_STYLE_USAGE(.BOTH.,#1039);
#655=FACE_OUTER_BOUND('',#1040,.T.);
#656=PLANE('',#1041);
#657=SURFACE_STYLE_USAGE(.BOTH.,#1042);
#658=FACE_OUTER_BOUND('',#1043,.T.);
#659=PLANE('',#1044);
#660=SURFACE_STYLE_USAGE(.BOTH.,#1045);
#661=FACE_OUTER_BOUND('',#1046,.T.);
#662=PLANE('',#1047);
#663=SURFACE_STYLE_USAGE(.BOTH.,#1048);
#664=FACE_OUTER_BOUND('',#1049,.T.);
#665=PLANE('',#1050);
#666=SURFACE_STYLE_USAGE(.BOTH.,#1051);
#667=FACE_OUTER_BOUND('',#1052,.T.);
#668=PLANE('',#1053);
#669=SURFACE_STYLE_USAGE(.BOTH.,#1054);
#670=FACE_OUTER_BOUND('',#1055,.T.);
#671=PLANE('',#1056);
#672=SURFACE_STYLE_USAGE(.BOTH.,#1057);
#673=FACE_OUTER_BOUND('',#1058,.T.);
#674=PLANE('',#1059);
#675=SURFACE_STYLE_USAGE(.BOTH.,#1060);
#676=FACE_OUTER_BOUND('',#1061,.T.);
#677=PLANE('',#1062);
#678=SURFACE_STYLE_USAGE(.BOTH.,#1063);
#679=FACE_OUTER_BOUND('',#1064,.T.);
#680=PLANE('',#1065);
#681=SURFACE_STYLE_USAGE(.BOTH.,#1066);
#682=FACE_OUTER_BOUND('',#1067,.T.);
#683=PLANE('',#1068);
#684=SURFACE_STYLE_USAGE(.BOTH.,#1069);
#685=FACE_OUTER_BOUND('',#1070,.T.);
#686=PLANE('',#1071);
#687=SURFACE_STYLE_USAGE(.BOTH.,#1072);
#688=FACE_OUTER_BOUND('',#1073,.T.);
#689=PLANE('',#1074);
#690=SURFACE_STYLE_USAGE(.BOTH.,#1075);
#691=FACE_OUTER_BOUND('',#1076,.T.);
#692=PLANE('',#1077);
#693=SURFACE_STYLE_USAGE(.BOTH.,#1078);
#694=FACE_OUTER_BOUND('',#1079,.T.);
#695=PLANE('',#1080);
#696=SURFACE_STYLE_USAGE(.BOTH.,#1081);
#697=FACE_OUTER_BOUND('',#1082,.T.);
#698=FACE_BOUND('',#1083,.T.);
#699=PLANE('',#1084);
#700=SURFACE_STYLE_USAGE(.BOTH.,#1085);
#701=FACE_OUTER_BOUND('',#1086,.T.);
#702=PLANE('',#1087);
#703=SURFACE_STYLE_USAGE(.BOTH.,#1088);
#704=FACE_OUTER_BOUND('',#1089,.T.);
#705=PLANE('',#1090);
#706=SURFACE_STYLE_USAGE(.BOTH.,#1091);
#707=FACE_OUTER_BOUND('',#1092,.T.);
#708=PLANE('',#1093);
#709=SURFACE_STYLE_USAGE(.BOTH.,#1094);
#710=FACE_OUTER_BOUND('',#1095,.T.);
#711=PLANE('',#1096);
#712=SURFACE_STYLE_USAGE(.BOTH.,#1097);
#713=FACE_OUTER_BOUND('',#1098,.T.);
#714=PLANE('',#1099);
#715=SURFACE_STYLE_USAGE(.BOTH.,#1100);
#716=FACE_OUTER_BOUND('',#1101,.T.);
#717=PLANE('',#1102);
#718=SURFACE_STYLE_USAGE(.BOTH.,#1103);
#719=FACE_OUTER_BOUND('',#1104,.T.);
#720=PLANE('',#1105);
#721=SURFACE_STYLE_USAGE(.BOTH.,#1106);
#722=FACE_OUTER_BOUND('',#1107,.T.);
#723=PLANE('',#1108);
#724=SURFACE_STYLE_USAGE(.BOTH.,#1109);
#725=FACE_OUTER_BOUND('',#1110,.T.);
#726=FACE_BOUND('',#1111,.T.);
#727=FACE_BOUND('',#1112,.T.);
#728=PLANE('',#1113);
#729=SURFACE_STYLE_USAGE(.BOTH.,#1114);
#730=FACE_OUTER_BOUND('',#1115,.T.);
#731=PLANE('',#1116);
#732=SURFACE_STYLE_USAGE(.BOTH.,#1117);
#733=FACE_OUTER_BOUND('',#1118,.T.);
#734=FACE_BOUND('',#1119,.T.);
#735=PLANE('',#1120);
#736=SURFACE_STYLE_USAGE(.BOTH.,#1121);
#737=FACE_OUTER_BOUND('',#1122,.T.);
#738=PLANE('',#1123);
#739=PRODUCT_CONTEXT('',#117,'mechanical');
#740=PRODUCT_DEFINITION_FORMATION_WITH_SPECIFIED_SOURCE(' ','NONE',#344,.NOT_KNOWN.);
#741=CLOSED_SHELL('',(#131,#133,#135,#137,#139,#141,#143,#145,#147,#149,#151,#153,#155,#157,#159,#161,#163,#165,#167,#169,#171,#173,#175,#177,#179,#181,#183,#185,#187,#189,#191,#193,#195,#197,#199,#201,#203,#205,#207,#209,#211,#213,#215,#217,#219,#221,#223,#225,#227,#229,#231,#233,#235,#237,#239,#241,#243,#245,#247,#249,#251,#253,#255,#257,#259,#261,#263,#265,#267,#269,#271,#273,#275,#277,#279,#281,#283,#285,#287,#289,#291,#293,#295,#297,#299,#301,#303,#305,#307,#309,#311,#313,#315,#317,#319,#321,#323,#325,#327,#329,#331,#333,#335,#337,#339,#341,#343));
#742=CARTESIAN_POINT('',(0.0,0.0,0.0));
#743=DIRECTION('',(0.0,0.0,1.0));
#744=DIRECTION('',(1.0,0.0,0.0));
#745= (NAMED_UNIT(#353)LENGTH_UNIT()SI_UNIT($,.METRE.));
#746=SURFACE_SIDE_STYLE('',(#1125));
#747=EDGE_LOOP('',(#1126));
#748=EDGE_LOOP('',(#1127));
#749=AXIS2_PLACEMENT_3D('',#1128,#1129,#1130);
#750=SURFACE_SIDE_STYLE('',(#1131));
#751=EDGE_LOOP('',(#1132));
#752=EDGE_LOOP('',(#1133));
#753=AXIS2_PLACEMENT_3D('',#1134,#1135,#1136);
#754=SURFACE_SIDE_STYLE('',(#1137));
#755=EDGE_LOOP('',(#1138,#1139,#1140,#1141));
#756=AXIS2_PLACEMENT_3D('',#1142,#1143,#1144);
#757=SURFACE_SIDE_STYLE('',(#1145));
#758=EDGE_LOOP('',(#1146,#1147,#1148,#1149));
#759=AXIS2_PLACEMENT_3D('',#1150,#1151,#1152);
#760=SURFACE_SIDE_STYLE('',(#1153));
#761=EDGE_LOOP('',(#1154,#1155,#1156,#1157));
#762=AXIS2_PLACEMENT_3D('',#1158,#1159,#1160);
#763=SURFACE_SIDE_STYLE('',(#1161));
#764=EDGE_LOOP('',(#1162));
#765=EDGE_LOOP('',(#1163));
#766=EDGE_LOOP('',(#1164,#1165,#1166,#1167));
#767=EDGE_LOOP('',(#1168,#1169,#1170,#1171));
#768=EDGE_LOOP('',(#1172,#1173,#1174,#1175));
#769=EDGE_LOOP('',(#1176));
#770=EDGE_LOOP('',(#1177,#1178,#1179,#1180,#1181,#1182,#1183,#1184));
#771=EDGE_LOOP('',(#1185));
#772=EDGE_LOOP('',(#1186));
#773=EDGE_LOOP('',(#1187));
#774=EDGE_LOOP('',(#1188));
#775=EDGE_LOOP('',(#1189));
#776=EDGE_LOOP('',(#1190,#1191,#1192,#1193,#1194,#1195,#1196,#1197,#1198,#1199,#1200,#1201,#1202,#1203,#1204,#1205,#1206,#1207,#1208,#1209,#1210,#1211,#1212,#1213,#1214,#1215,#1216,#1217,#1218,#1219,#1220,#1221,#1222,#1223,#1224,#1225,#1226,#1227,#1228,#1229));
#777=EDGE_LOOP('',(#1230,#1231,#1232,#1233));
#778=EDGE_LOOP('',(#1234,#1235,#1236,#1237,#1238,#1239,#1240,#1241));
#779=AXIS2_PLACEMENT_3D('',#1242,#1243,#1244);
#780=SURFACE_SIDE_STYLE('',(#1245));
#781=EDGE_LOOP('',(#1246,#1247,#1248,#1249));
#782=EDGE_LOOP('',(#1250,#1251,#1252,#1253));
#783=EDGE_LOOP('',(#1254,#1255,#1256,#1257,#1258,#1259,#1260,#1261,#1262,#1263,#1264,#1265,#1266,#1267,#1268,#1269,#1270,#1271,#1272,#1273,#1274,#1275,#1276,#1277,#1278,#1279,#1280,#1281,#1282,#1283,#1284,#1285,#1286,#1287,#1288,#1289,#1290,#1291,#1292,#1293));
#784=EDGE_LOOP('',(#1294));
#785=EDGE_LOOP('',(#1295));
#786=EDGE_LOOP('',(#1296));
#787=EDGE_LOOP('',(#1297));
#788=EDGE_LOOP('',(#1298));
#789=EDGE_LOOP('',(#1299));
#790=EDGE_LOOP('',(#1300,#1301,#1302,#1303,#1304,#1305,#1306,#1307));
#791=EDGE_LOOP('',(#1308,#1309,#1310,#1311));
#792=EDGE_LOOP('',(#1312,#1313,#1314,#1315));
#793=EDGE_LOOP('',(#1316));
#794=EDGE_LOOP('',(#1317));
#795=EDGE_LOOP('',(#1318,#1319,#1320,#1321,#1322,#1323,#1324,#1325));
#796=AXIS2_PLACEMENT_3D('',#1326,#1327,#1328);
#797=SURFACE_SIDE_STYLE('',(#1329));
#798=EDGE_LOOP('',(#1330,#1331,#1332,#1333));
#799=AXIS2_PLACEMENT_3D('',#1334,#1335,#1336);
#800=SURFACE_SIDE_STYLE('',(#1337));
#801=EDGE_LOOP('',(#1338,#1339,#1340,#1341));
#802=AXIS2_PLACEMENT_3D('',#1342,#1343,#1344);
#803=SURFACE_SIDE_STYLE('',(#1345));
#804=EDGE_LOOP('',(#1346,#1347,#1348,#1349));
#805=AXIS2_PLACEMENT_3D('',#1350,#1351,#1352);
#806=SURFACE_SIDE_STYLE('',(#1353));
#807=EDGE_LOOP('',(#1354,#1355,#1356,#1357));
#808=AXIS2_PLACEMENT_3D('',#1358,#1359,#1360);
#809=SURFACE_SIDE_STYLE('',(#1361));
#810=EDGE_LOOP('',(#1362));
#811=EDGE_LOOP('',(#1363));
#812=AXIS2_PLACEMENT_3D('',#1364,#1365,#1366);
#813=SURFACE_SIDE_STYLE('',(#1367));
#814=EDGE_LOOP('',(#1368,#1369,#1370,#1371));
#815=AXIS2_PLACEMENT_3D('',#1372,#1373,#1374);
#816=SURFACE_SIDE_STYLE('',(#1375));
#817=EDGE_LOOP('',(#1376));
#818=EDGE_LOOP('',(#1377));
#819=AXIS2_PLACEMENT_3D('',#1378,#1379,#1380);
#820=SURFACE_SIDE_STYLE('',(#1381));
#821=EDGE_LOOP('',(#1382,#1383,#1384,#1385));
#822=AXIS2_PLACEMENT_3D('',#1386,#1387,#1388);
#823=SURFACE_SIDE_STYLE('',(#1389));
#824=EDGE_LOOP('',(#1390,#1391,#1392,#1393));
#825=AXIS2_PLACEMENT_3D('',#1394,#1395,#1396);
#826=SURFACE_SIDE_STYLE('',(#1397));
#827=EDGE_LOOP('',(#1398));
#828=EDGE_LOOP('',(#1399));
#829=AXIS2_PLACEMENT_3D('',#1400,#1401,#1402);
#830=SURFACE_SIDE_STYLE('',(#1403));
#831=EDGE_LOOP('',(#1404,#1405,#1406,#1407));
#832=AXIS2_PLACEMENT_3D('',#1408,#1409,#1410);
#833=SURFACE_SIDE_STYLE('',(#1411));
#834=EDGE_LOOP('',(#1412,#1413,#1414,#1415));
#835=AXIS2_PLACEMENT_3D('',#1416,#1417,#1418);
#836=SURFACE_SIDE_STYLE('',(#1419));
#837=EDGE_LOOP('',(#1420));
#838=EDGE_LOOP('',(#1421));
#839=AXIS2_PLACEMENT_3D('',#1422,#1423,#1424);
#840=SURFACE_SIDE_STYLE('',(#1425));
#841=EDGE_LOOP('',(#1426));
#842=EDGE_LOOP('',(#1427));
#843=AXIS2_PLACEMENT_3D('',#1428,#1429,#1430);
#844=SURFACE_SIDE_STYLE('',(#1431));
#845=EDGE_LOOP('',(#1432));
#846=EDGE_LOOP('',(#1433));
#847=AXIS2_PLACEMENT_3D('',#1434,#1435,#1436);
#848=SURFACE_SIDE_STYLE('',(#1437));
#849=EDGE_LOOP('',(#1438));
#850=EDGE_LOOP('',(#1439));
#851=AXIS2_PLACEMENT_3D('',#1440,#1441,#1442);
#852=SURFACE_SIDE_STYLE('',(#1443));
#853=EDGE_LOOP('',(#1444));
#854=EDGE_LOOP('',(#1445));
#855=AXIS2_PLACEMENT_3D('',#1446,#1447,#1448);
#856=SURFACE_SIDE_STYLE('',(#1449));
#857=EDGE_LOOP('',(#1450));
#858=EDGE_LOOP('',(#1451));
#859=AXIS2_PLACEMENT_3D('',#1452,#1453,#1454);
#860=SURFACE_SIDE_STYLE('',(#1455));
#861=EDGE_LOOP('',(#1456,#1457,#1458,#1459));
#862=AXIS2_PLACEMENT_3D('',#1460,#1461,#1462);
#863=SURFACE_SIDE_STYLE('',(#1463));
#864=EDGE_LOOP('',(#1464,#1465,#1466,#1467));
#865=AXIS2_PLACEMENT_3D('',#1468,#1469,#1470);
#866=SURFACE_SIDE_STYLE('',(#1471));
#867=EDGE_LOOP('',(#1472,#1473,#1474,#1475));
#868=AXIS2_PLACEMENT_3D('',#1476,#1477,#1478);
#869=SURFACE_SIDE_STYLE('',(#1479));
#870=EDGE_LOOP('',(#1480,#1481,#1482,#1483));
#871=AXIS2_PLACEMENT_3D('',#1484,#1485,#1486);
#872=SURFACE_SIDE_STYLE('',(#1487));
#873=EDGE_LOOP('',(#1488,#1489,#1490,#1491));
#874=AXIS2_PLACEMENT_3D('',#1492,#1493,#1494);
#875=SURFACE_SIDE_STYLE('',(#1495));
#876=EDGE_LOOP('',(#1496,#1497,#1498,#1499));
#877=AXIS2_PLACEMENT_3D('',#1500,#1501,#1502);
#878=SURFACE_SIDE_STYLE('',(#1503));
#879=EDGE_LOOP('',(#1504,#1505,#1506,#1507));
#880=AXIS2_PLACEMENT_3D('',#1508,#1509,#1510);
#881=SURFACE_SIDE_STYLE('',(#1511));
#882=EDGE_LOOP('',(#1512));
#883=EDGE_LOOP('',(#1513));
#884=AXIS2_PLACEMENT_3D('',#1514,#1515,#1516);
#885=SURFACE_SIDE_STYLE('',(#1517));
#886=EDGE_LOOP('',(#1518));
#887=EDGE_LOOP('',(#1519));
#888=AXIS2_PLACEMENT_3D('',#1520,#1521,#1522);
#889=SURFACE_SIDE_STYLE('',(#1523));
#890=EDGE_LOOP('',(#1524));
#891=EDGE_LOOP('',(#1525));
#892=AXIS2_PLACEMENT_3D('',#1526,#1527,#1528);
#893=SURFACE_SIDE_STYLE('',(#1529));
#894=EDGE_LOOP('',(#1530));
#895=EDGE_LOOP('',(#1531));
#896=AXIS2_PLACEMENT_3D('',#1532,#1533,#1534);
#897=SURFACE_SIDE_STYLE('',(#1535));
#898=EDGE_LOOP('',(#1536,#1537,#1538,#1539));
#899=AXIS2_PLACEMENT_3D('',#1540,#1541,#1542);
#900=SURFACE_SIDE_STYLE('',(#1543));
#901=EDGE_LOOP('',(#1544));
#902=EDGE_LOOP('',(#1545));
#903=AXIS2_PLACEMENT_3D('',#1546,#1547,#1548);
#904=SURFACE_SIDE_STYLE('',(#1549));
#905=EDGE_LOOP('',(#1550));
#906=EDGE_LOOP('',(#1551));
#907=AXIS2_PLACEMENT_3D('',#1552,#1553,#1554);
#908=SURFACE_SIDE_STYLE('',(#1555));
#909=EDGE_LOOP('',(#1556,#1557,#1558,#1559));
#910=AXIS2_PLACEMENT_3D('',#1560,#1561,#1562);
#911=SURFACE_SIDE_STYLE('',(#1563));
#912=EDGE_LOOP('',(#1564,#1565,#1566,#1567));
#913=AXIS2_PLACEMENT_3D('',#1568,#1569,#1570);
#914=SURFACE_SIDE_STYLE('',(#1571));
#915=EDGE_LOOP('',(#1572,#1573,#1574,#1575));
#916=AXIS2_PLACEMENT_3D('',#1576,#1577,#1578);
#917=SURFACE_SIDE_STYLE('',(#1579));
#918=EDGE_LOOP('',(#1580,#1581,#1582,#1583));
#919=AXIS2_PLACEMENT_3D('',#1584,#1585,#1586);
#920=SURFACE_SIDE_STYLE('',(#1587));
#921=EDGE_LOOP('',(#1588,#1589,#1590,#1591));
#922=AXIS2_PLACEMENT_3D('',#1592,#1593,#1594);
#923=SURFACE_SIDE_STYLE('',(#1595));
#924=EDGE_LOOP('',(#1596,#1597,#1598,#1599));
#925=AXIS2_PLACEMENT_3D('',#1600,#1601,#1602);
#926=SURFACE_SIDE_STYLE('',(#1603));
#927=EDGE_LOOP('',(#1604,#1605,#1606,#1607));
#928=AXIS2_PLACEMENT_3D('',#1608,#1609,#1610);
#929=SURFACE_SIDE_STYLE('',(#1611));
#930=EDGE_LOOP('',(#1612,#1613,#1614,#1615));
#931=AXIS2_PLACEMENT_3D('',#1616,#1617,#1618);
#932=SURFACE_SIDE_STYLE('',(#1619));
#933=EDGE_LOOP('',(#1620,#1621,#1622,#1623));
#934=AXIS2_PLACEMENT_3D('',#1624,#1625,#1626);
#935=SURFACE_SIDE_STYLE('',(#1627));
#936=EDGE_LOOP('',(#1628,#1629,#1630,#1631));
#937=AXIS2_PLACEMENT_3D('',#1632,#1633,#1634);
#938=SURFACE_SIDE_STYLE('',(#1635));
#939=EDGE_LOOP('',(#1636,#1637,#1638,#1639));
#940=AXIS2_PLACEMENT_3D('',#1640,#1641,#1642);
#941=SURFACE_SIDE_STYLE('',(#1643));
#942=EDGE_LOOP('',(#1644,#1645,#1646,#1647));
#943=AXIS2_PLACEMENT_3D('',#1648,#1649,#1650);
#944=SURFACE_SIDE_STYLE('',(#1651));
#945=EDGE_LOOP('',(#1652,#1653,#1654,#1655));
#946=AXIS2_PLACEMENT_3D('',#1656,#1657,#1658);
#947=SURFACE_SIDE_STYLE('',(#1659));
#948=EDGE_LOOP('',(#1660,#1661,#1662,#1663));
#949=AXIS2_PLACEMENT_3D('',#1664,#1665,#1666);
#950=SURFACE_SIDE_STYLE('',(#1667));
#951=EDGE_LOOP('',(#1668,#1669,#1670,#1671));
#952=AXIS2_PLACEMENT_3D('',#1672,#1673,#1674);
#953=SURFACE_SIDE_STYLE('',(#1675));
#954=EDGE_LOOP('',(#1676,#1677,#1678,#1679));
#955=AXIS2_PLACEMENT_3D('',#1680,#1681,#1682);
#956=SURFACE_SIDE_STYLE('',(#1683));
#957=EDGE_LOOP('',(#1684,#1685,#1686,#1687));
#958=AXIS2_PLACEMENT_3D('',#1688,#1689,#1690);
#959=SURFACE_SIDE_STYLE('',(#1691));
#960=EDGE_LOOP('',(#1692,#1693,#1694,#1695));
#961=AXIS2_PLACEMENT_3D('',#1696,#1697,#1698);
#962=SURFACE_SIDE_STYLE('',(#1699));
#963=EDGE_LOOP('',(#1700,#1701,#1702,#1703));
#964=AXIS2_PLACEMENT_3D('',#1704,#1705,#1706);
#965=SURFACE_SIDE_STYLE('',(#1707));
#966=EDGE_LOOP('',(#1708,#1709,#1710,#1711));
#967=AXIS2_PLACEMENT_3D('',#1712,#1713,#1714);
#968=SURFACE_SIDE_STYLE('',(#1715));
#969=EDGE_LOOP('',(#1716,#1717,#1718,#1719));
#970=EDGE_LOOP('',(#1720));
#971=AXIS2_PLACEMENT_3D('',#1721,#1722,#1723);
#972=SURFACE_SIDE_STYLE('',(#1724));
#973=EDGE_LOOP('',(#1725,#1726,#1727,#1728));
#974=EDGE_LOOP('',(#1729));
#975=AXIS2_PLACEMENT_3D('',#1730,#1731,#1732);
#976=SURFACE_SIDE_STYLE('',(#1733));
#977=EDGE_LOOP('',(#1734,#1735,#1736,#1737));
#978=EDGE_LOOP('',(#1738));
#979=EDGE_LOOP('',(#1739));
#980=AXIS2_PLACEMENT_3D('',#1740,#1741,#1742);
#981=SURFACE_SIDE_STYLE('',(#1743));
#982=EDGE_LOOP('',(#1744,#1745,#1746,#1747));
#983=EDGE_LOOP('',(#1748));
#984=EDGE_LOOP('',(#1749));
#985=AXIS2_PLACEMENT_3D('',#1750,#1751,#1752);
#986=SURFACE_SIDE_STYLE('',(#1753));
#987=EDGE_LOOP('',(#1754,#1755,#1756,#1757));
#988=EDGE_LOOP('',(#1758));
#989=EDGE_LOOP('',(#1759));
#990=AXIS2_PLACEMENT_3D('',#1760,#1761,#1762);
#991=SURFACE_SIDE_STYLE('',(#1763));
#992=EDGE_LOOP('',(#1764,#1765,#1766,#1767));
#993=AXIS2_PLACEMENT_3D('',#1768,#1769,#1770);
#994=SURFACE_SIDE_STYLE('',(#1771));
#995=EDGE_LOOP('',(#1772,#1773,#1774,#1775));
#996=AXIS2_PLACEMENT_3D('',#1776,#1777,#1778);
#997=SURFACE_SIDE_STYLE('',(#1779));
#998=EDGE_LOOP('',(#1780,#1781,#1782,#1783));
#999=AXIS2_PLACEMENT_3D('',#1784,#1785,#1786);
#1000=SURFACE_SIDE_STYLE('',(#1787));
#1001=EDGE_LOOP('',(#1788,#1789,#1790,#1791));
#1002=AXIS2_PLACEMENT_3D('',#1792,#1793,#1794);
#1003=SURFACE_SIDE_STYLE('',(#1795));
#1004=EDGE_LOOP('',(#1796,#1797,#1798,#1799));
#1005=AXIS2_PLACEMENT_3D('',#1800,#1801,#1802);
#1006=SURFACE_SIDE_STYLE('',(#1803));
#1007=EDGE_LOOP('',(#1804,#1805,#1806,#1807));
#1008=AXIS2_PLACEMENT_3D('',#1808,#1809,#1810);
#1009=SURFACE_SIDE_STYLE('',(#1811));
#1010=EDGE_LOOP('',(#1812,#1813,#1814,#1815));
#1011=AXIS2_PLACEMENT_3D('',#1816,#1817,#1818);
#1012=SURFACE_SIDE_STYLE('',(#1819));
#1013=EDGE_LOOP('',(#1820,#1821,#1822,#1823));
#1014=AXIS2_PLACEMENT_3D('',#1824,#1825,#1826);
#1015=SURFACE_SIDE_STYLE('',(#1827));
#1016=EDGE_LOOP('',(#1828,#1829,#1830,#1831));
#1017=AXIS2_PLACEMENT_3D('',#1832,#1833,#1834);
#1018=SURFACE_SIDE_STYLE('',(#1835));
#1019=EDGE_LOOP('',(#1836,#1837,#1838,#1839));
#1020=AXIS2_PLACEMENT_3D('',#1840,#1841,#1842);
#1021=SURFACE_SIDE_STYLE('',(#1843));
#1022=EDGE_LOOP('',(#1844,#1845,#1846,#1847));
#1023=AXIS2_PLACEMENT_3D('',#1848,#1849,#1850);
#1024=SURFACE_SIDE_STYLE('',(#1851));
#1025=EDGE_LOOP('',(#1852,#1853,#1854,#1855));
#1026=AXIS2_PLACEMENT_3D('',#1856,#1857,#1858);
#1027=SURFACE_SIDE_STYLE('',(#1859));
#1028=EDGE_LOOP('',(#1860,#1861,#1862,#1863));
#1029=AXIS2_PLACEMENT_3D('',#1864,#1865,#1866);
#1030=SURFACE_SIDE_STYLE('',(#1867));
#1031=EDGE_LOOP('',(#1868,#1869,#1870,#1871));
#1032=AXIS2_PLACEMENT_3D('',#1872,#1873,#1874);
#1033=SURFACE_SIDE_STYLE('',(#1875));
#1034=EDGE_LOOP('',(#1876,#1877,#1878,#1879));
#1035=AXIS2_PLACEMENT_3D('',#1880,#1881,#1882);
#1036=SURFACE_SIDE_STYLE('',(#1883));
#1037=EDGE_LOOP('',(#1884,#1885,#1886,#1887));
#1038=AXIS2_PLACEMENT_3D('',#1888,#1889,#1890);
#1039=SURFACE_SIDE_STYLE('',(#1891));
#1040=EDGE_LOOP('',(#1892,#1893,#1894,#1895));
#1041=AXIS2_PLACEMENT_3D('',#1896,#1897,#1898);
#1042=SURFACE_SIDE_STYLE('',(#1899));
#1043=EDGE_LOOP('',(#1900,#1901,#1902,#1903));
#1044=AXIS2_PLACEMENT_3D('',#1904,#1905,#1906);
#1045=SURFACE_SIDE_STYLE('',(#1907));
#1046=EDGE_LOOP('',(#1908,#1909,#1910,#1911));
#1047=AXIS2_PLACEMENT_3D('',#1912,#1913,#1914);
#1048=SURFACE_SIDE_STYLE('',(#1915));
#1049=EDGE_LOOP('',(#1916,#1917,#1918,#1919));
#1050=AXIS2_PLACEMENT_3D('',#1920,#1921,#1922);
#1051=SURFACE_SIDE_STYLE('',(#1923));
#1052=EDGE_LOOP('',(#1924,#1925,#1926,#1927));
#1053=AXIS2_PLACEMENT_3D('',#1928,#1929,#1930);
#1054=SURFACE_SIDE_STYLE('',(#1931));
#1055=EDGE_LOOP('',(#1932,#1933,#1934,#1935));
#1056=AXIS2_PLACEMENT_3D('',#1936,#1937,#1938);
#1057=SURFACE_SIDE_STYLE('',(#1939));
#1058=EDGE_LOOP('',(#1940,#1941,#1942,#1943));
#1059=AXIS2_PLACEMENT_3D('',#1944,#1945,#1946);
#1060=SURFACE_SIDE_STYLE('',(#1947));
#1061=EDGE_LOOP('',(#1948,#1949,#1950,#1951));
#1062=AXIS2_PLACEMENT_3D('',#1952,#1953,#1954);
#1063=SURFACE_SIDE_STYLE('',(#1955));
#1064=EDGE_LOOP('',(#1956,#1957,#1958,#1959));
#1065=AXIS2_PLACEMENT_3D('',#1960,#1961,#1962);
#1066=SURFACE_SIDE_STYLE('',(#1963));
#1067=EDGE_LOOP('',(#1964,#1965,#1966,#1967));
#1068=AXIS2_PLACEMENT_3D('',#1968,#1969,#1970);
#1069=SURFACE_SIDE_STYLE('',(#1971));
#1070=EDGE_LOOP('',(#1972,#1973,#1974,#1975));
#1071=AXIS2_PLACEMENT_3D('',#1976,#1977,#1978);
#1072=SURFACE_SIDE_STYLE('',(#1979));
#1073=EDGE_LOOP('',(#1980,#1981,#1982,#1983));
#1074=AXIS2_PLACEMENT_3D('',#1984,#1985,#1986);
#1075=SURFACE_SIDE_STYLE('',(#1987));
#1076=EDGE_LOOP('',(#1988,#1989,#1990,#1991));
#1077=AXIS2_PLACEMENT_3D('',#1992,#1993,#1994);
#1078=SURFACE_SIDE_STYLE('',(#1995));
#1079=EDGE_LOOP('',(#1996,#1997,#1998,#1999,#2000,#2001,#2002,#2003));
#1080=AXIS2_PLACEMENT_3D('',#2004,#2005,#2006);
#1081=SURFACE_SIDE_STYLE('',(#2007));
#1082=EDGE_LOOP('',(#2008,#2009,#2010,#2011));
#1083=EDGE_LOOP('',(#2012));
#1084=AXIS2_PLACEMENT_3D('',#2013,#2014,#2015);
#1085=SURFACE_SIDE_STYLE('',(#2016));
#1086=EDGE_LOOP('',(#2017,#2018,#2019,#2020));
#1087=AXIS2_PLACEMENT_3D('',#2021,#2022,#2023);
#1088=SURFACE_SIDE_STYLE('',(#2024));
#1089=EDGE_LOOP('',(#2025,#2026,#2027,#2028,#2029,#2030,#2031,#2032));
#1090=AXIS2_PLACEMENT_3D('',#2033,#2034,#2035);
#1091=SURFACE_SIDE_STYLE('',(#2036));
#1092=EDGE_LOOP('',(#2037,#2038,#2039,#2040,#2041,#2042,#2043,#2044));
#1093=AXIS2_PLACEMENT_3D('',#2045,#2046,#2047);
#1094=SURFACE_SIDE_STYLE('',(#2048));
#1095=EDGE_LOOP('',(#2049,#2050,#2051,#2052));
#1096=AXIS2_PLACEMENT_3D('',#2053,#2054,#2055);
#1097=SURFACE_SIDE_STYLE('',(#2056));
#1098=EDGE_LOOP('',(#2057,#2058,#2059,#2060,#2061,#2062,#2063,#2064));
#1099=AXIS2_PLACEMENT_3D('',#2065,#2066,#2067);
#1100=SURFACE_SIDE_STYLE('',(#2068));
#1101=EDGE_LOOP('',(#2069,#2070,#2071,#2072,#2073,#2074,#2075,#2076));
#1102=AXIS2_PLACEMENT_3D('',#2077,#2078,#2079);
#1103=SURFACE_SIDE_STYLE('',(#2080));
#1104=EDGE_LOOP('',(#2081,#2082,#2083,#2084,#2085,#2086,#2087,#2088));
#1105=AXIS2_PLACEMENT_3D('',#2089,#2090,#2091);
#1106=SURFACE_SIDE_STYLE('',(#2092));
#1107=EDGE_LOOP('',(#2093,#2094,#2095,#2096,#2097,#2098,#2099,#2100));
#1108=AXIS2_PLACEMENT_3D('',#2101,#2102,#2103);
#1109=SURFACE_SIDE_STYLE('',(#2104));
#1110=EDGE_LOOP('',(#2105,#2106,#2107,#2108));
#1111=EDGE_LOOP('',(#2109));
#1112=EDGE_LOOP('',(#2110));
#1113=AXIS2_PLACEMENT_3D('',#2111,#2112,#2113);
#1114=SURFACE_SIDE_STYLE('',(#2114));
#1115=EDGE_LOOP('',(#2115,#2116,#2117,#2118));
#1116=AXIS2_PLACEMENT_3D('',#2119,#2120,#2121);
#1117=SURFACE_SIDE_STYLE('',(#2122));
#1118=EDGE_LOOP('',(#2123,#2124,#2125,#2126));
#1119=EDGE_LOOP('',(#2127));
#1120=AXIS2_PLACEMENT_3D('',#2128,#2129,#2130);
#1121=SURFACE_SIDE_STYLE('',(#2131));
#1122=EDGE_LOOP('',(#2132,#2133,#2134,#2135,#2136,#2137,#2138,#2139));
#1123=AXIS2_PLACEMENT_3D('',#2140,#2141,#2142);
#1125=SURFACE_STYLE_FILL_AREA(#2143);
#1126=ORIENTED_EDGE('',*,*,#2144,.F.);
#1127=ORIENTED_EDGE('',*,*,#2145,.F.);
#1128=CARTESIAN_POINT('',(0.052,0.26595,0.0172500000000001));
#1129=DIRECTION('',(-0.0,1.0,0.0));
#1130=DIRECTION('',(0.0,-0.0,1.0));
#1131=SURFACE_STYLE_FILL_AREA(#2146);
#1132=ORIENTED_EDGE('',*,*,#2145,.T.);
#1133=ORIENTED_EDGE('',*,*,#2147,.F.);
#1134=CARTESIAN_POINT('',(0.052,0.257249,0.0172500000000001));
#1135=DIRECTION('',(-2.93158765648064E-031,1.0,3.82856869892695E-016));
#1136=DIRECTION('',(0.0,-3.82856869892695E-016,1.0));
#1137=SURFACE_STYLE_FILL_AREA(#2148);
#1138=ORIENTED_EDGE('',*,*,#2149,.F.);
#1139=ORIENTED_EDGE('',*,*,#2150,.F.);
#1140=ORIENTED_EDGE('',*,*,#2151,.T.);
#1141=ORIENTED_EDGE('',*,*,#2152,.T.);
#1142=CARTESIAN_POINT('',(0.0226965,0.257249,0.0118535000000001));
#1143=DIRECTION('',(-2.93158765648064E-031,1.0,3.82856869892695E-016));
#1144=DIRECTION('',(0.0,-3.82856869892695E-016,1.0));
#1145=SURFACE_STYLE_FILL_AREA(#2153);
#1146=ORIENTED_EDGE('',*,*,#2154,.F.);
#1147=ORIENTED_EDGE('',*,*,#2152,.F.);
#1148=ORIENTED_EDGE('',*,*,#2155,.T.);
#1149=ORIENTED_EDGE('',*,*,#2156,.T.);
#1150=CARTESIAN_POINT('',(0.0412965089999801,0.257249,0.0059534900000001));
#1151=DIRECTION('',(1.02150528925464E-006,-3.82856869892495E-016,0.999999999999478));
#1152=DIRECTION('',(0.999999999999478,0.0,-1.02150528925464E-006));
#1153=SURFACE_STYLE_FILL_AREA(#2157);
#1154=ORIENTED_EDGE('',*,*,#2158,.F.);
#1155=ORIENTED_EDGE('',*,*,#2159,.F.);
#1156=ORIENTED_EDGE('',*,*,#2160,.T.);
#1157=ORIENTED_EDGE('',*,*,#2150,.T.);
#1158=CARTESIAN_POINT('',(0.016796509,0.257249,0.0118534900002706));
#1159=DIRECTION('',(0.999999999999996,3.54497665335887E-023,-9.25927390316012E-008));
#1160=DIRECTION('',(-9.25927390316012E-008,4.69173753537852E-046,-0.999999999999996));
#1161=SURFACE_STYLE_FILL_AREA(#2161);
#1162=ORIENTED_EDGE('',*,*,#2144,.T.);
#1163=ORIENTED_EDGE('',*,*,#2162,.T.);
#1164=ORIENTED_EDGE('',*,*,#2163,.F.);
#1165=ORIENTED_EDGE('',*,*,#2164,.F.);
#1166=ORIENTED_EDGE('',*,*,#2165,.F.);
#1167=ORIENTED_EDGE('',*,*,#2166,.F.);
#1168=ORIENTED_EDGE('',*,*,#2167,.F.);
#1169=ORIENTED_EDGE('',*,*,#2168,.F.);
#1170=ORIENTED_EDGE('',*,*,#2169,.F.);
#1171=ORIENTED_EDGE('',*,*,#2170,.F.);
#1172=ORIENTED_EDGE('',*,*,#2171,.F.);
#1173=ORIENTED_EDGE('',*,*,#2172,.F.);
#1174=ORIENTED_EDGE('',*,*,#2173,.F.);
#1175=ORIENTED_EDGE('',*,*,#2174,.F.);
#1176=ORIENTED_EDGE('',*,*,#2175,.T.);
#1177=ORIENTED_EDGE('',*,*,#2176,.T.);
#1178=ORIENTED_EDGE('',*,*,#2177,.T.);
#1179=ORIENTED_EDGE('',*,*,#2178,.T.);
#1180=ORIENTED_EDGE('',*,*,#2179,.T.);
#1181=ORIENTED_EDGE('',*,*,#2180,.T.);
#1182=ORIENTED_EDGE('',*,*,#2181,.T.);
#1183=ORIENTED_EDGE('',*,*,#2182,.T.);
#1184=ORIENTED_EDGE('',*,*,#2183,.T.);
#1185=ORIENTED_EDGE('',*,*,#2184,.T.);
#1186=ORIENTED_EDGE('',*,*,#2185,.T.);
#1187=ORIENTED_EDGE('',*,*,#2186,.T.);
#1188=ORIENTED_EDGE('',*,*,#2187,.T.);
#1189=ORIENTED_EDGE('',*,*,#2188,.T.);
#1190=ORIENTED_EDGE('',*,*,#2189,.T.);
#1191=ORIENTED_EDGE('',*,*,#2190,.T.);
#1192=ORIENTED_EDGE('',*,*,#2191,.T.);
#1193=ORIENTED_EDGE('',*,*,#2192,.F.);
#1194=ORIENTED_EDGE('',*,*,#2193,.F.);
#1195=ORIENTED_EDGE('',*,*,#2194,.T.);
#1196=ORIENTED_EDGE('',*,*,#2195,.T.);
#1197=ORIENTED_EDGE('',*,*,#2196,.T.);
#1198=ORIENTED_EDGE('',*,*,#2197,.F.);
#1199=ORIENTED_EDGE('',*,*,#2198,.F.);
#1200=ORIENTED_EDGE('',*,*,#2199,.T.);
#1201=ORIENTED_EDGE('',*,*,#2200,.T.);
#1202=ORIENTED_EDGE('',*,*,#2201,.T.);
#1203=ORIENTED_EDGE('',*,*,#2202,.F.);
#1204=ORIENTED_EDGE('',*,*,#2203,.F.);
#1205=ORIENTED_EDGE('',*,*,#2204,.T.);
#1206=ORIENTED_EDGE('',*,*,#2205,.T.);
#1207=ORIENTED_EDGE('',*,*,#2206,.T.);
#1208=ORIENTED_EDGE('',*,*,#2207,.F.);
#1209=ORIENTED_EDGE('',*,*,#2208,.F.);
#1210=ORIENTED_EDGE('',*,*,#2209,.T.);
#1211=ORIENTED_EDGE('',*,*,#2210,.T.);
#1212=ORIENTED_EDGE('',*,*,#2211,.T.);
#1213=ORIENTED_EDGE('',*,*,#2212,.F.);
#1214=ORIENTED_EDGE('',*,*,#2213,.F.);
#1215=ORIENTED_EDGE('',*,*,#2214,.T.);
#1216=ORIENTED_EDGE('',*,*,#2215,.T.);
#1217=ORIENTED_EDGE('',*,*,#2216,.T.);
#1218=ORIENTED_EDGE('',*,*,#2217,.F.);
#1219=ORIENTED_EDGE('',*,*,#2218,.F.);
#1220=ORIENTED_EDGE('',*,*,#2219,.T.);
#1221=ORIENTED_EDGE('',*,*,#2220,.T.);
#1222=ORIENTED_EDGE('',*,*,#2221,.T.);
#1223=ORIENTED_EDGE('',*,*,#2222,.F.);
#1224=ORIENTED_EDGE('',*,*,#2223,.F.);
#1225=ORIENTED_EDGE('',*,*,#2224,.T.);
#1226=ORIENTED_EDGE('',*,*,#2225,.T.);
#1227=ORIENTED_EDGE('',*,*,#2226,.T.);
#1228=ORIENTED_EDGE('',*,*,#2227,.F.);
#1229=ORIENTED_EDGE('',*,*,#2228,.F.);
#1230=ORIENTED_EDGE('',*,*,#2229,.T.);
#1231=ORIENTED_EDGE('',*,*,#2230,.T.);
#1232=ORIENTED_EDGE('',*,*,#2231,.T.);
#1233=ORIENTED_EDGE('',*,*,#2232,.T.);
#1234=ORIENTED_EDGE('',*,*,#2233,.T.);
#1235=ORIENTED_EDGE('',*,*,#2234,.T.);
#1236=ORIENTED_EDGE('',*,*,#2158,.T.);
#1237=ORIENTED_EDGE('',*,*,#2149,.T.);
#1238=ORIENTED_EDGE('',*,*,#2154,.T.);
#1239=ORIENTED_EDGE('',*,*,#2235,.T.);
#1240=ORIENTED_EDGE('',*,*,#2236,.T.);
#1241=ORIENTED_EDGE('',*,*,#2237,.T.);
#1242=CARTESIAN_POINT('',(0.241,0.26725,0.10825));
#1243=DIRECTION('',(-2.93158765648064E-031,1.0,3.82856869892695E-016));
#1244=DIRECTION('',(-1.0,0.0,-7.6571373978539E-016));
#1245=SURFACE_STYLE_FILL_AREA(#2238);
#1246=ORIENTED_EDGE('',*,*,#2239,.F.);
#1247=ORIENTED_EDGE('',*,*,#2240,.F.);
#1248=ORIENTED_EDGE('',*,*,#2241,.F.);
#1249=ORIENTED_EDGE('',*,*,#2242,.F.);
#1250=ORIENTED_EDGE('',*,*,#2243,.T.);
#1251=ORIENTED_EDGE('',*,*,#2244,.T.);
#1252=ORIENTED_EDGE('',*,*,#2245,.T.);
#1253=ORIENTED_EDGE('',*,*,#2246,.T.);
#1254=ORIENTED_EDGE('',*,*,#2247,.F.);
#1255=ORIENTED_EDGE('',*,*,#2248,.T.);
#1256=ORIENTED_EDGE('',*,*,#2249,.T.);
#1257=ORIENTED_EDGE('',*,*,#2250,.T.);
#1258=ORIENTED_EDGE('',*,*,#2251,.T.);
#1259=ORIENTED_EDGE('',*,*,#2252,.F.);
#1260=ORIENTED_EDGE('',*,*,#2253,.F.);
#1261=ORIENTED_EDGE('',*,*,#2254,.F.);
#1262=ORIENTED_EDGE('',*,*,#2255,.T.);
#1263=ORIENTED_EDGE('',*,*,#2256,.T.);
#1264=ORIENTED_EDGE('',*,*,#2257,.F.);
#1265=ORIENTED_EDGE('',*,*,#2258,.T.);
#1266=ORIENTED_EDGE('',*,*,#2259,.T.);
#1267=ORIENTED_EDGE('',*,*,#2260,.T.);
#1268=ORIENTED_EDGE('',*,*,#2261,.T.);
#1269=ORIENTED_EDGE('',*,*,#2262,.F.);
#1270=ORIENTED_EDGE('',*,*,#2263,.F.);
#1271=ORIENTED_EDGE('',*,*,#2264,.F.);
#1272=ORIENTED_EDGE('',*,*,#2265,.T.);
#1273=ORIENTED_EDGE('',*,*,#2266,.T.);
#1274=ORIENTED_EDGE('',*,*,#2267,.F.);
#1275=ORIENTED_EDGE('',*,*,#2268,.T.);
#1276=ORIENTED_EDGE('',*,*,#2269,.T.);
#1277=ORIENTED_EDGE('',*,*,#2270,.T.);
#1278=ORIENTED_EDGE('',*,*,#2271,.T.);
#1279=ORIENTED_EDGE('',*,*,#2272,.F.);
#1280=ORIENTED_EDGE('',*,*,#2273,.F.);
#1281=ORIENTED_EDGE('',*,*,#2274,.F.);
#1282=ORIENTED_EDGE('',*,*,#2275,.T.);
#1283=ORIENTED_EDGE('',*,*,#2276,.T.);
#1284=ORIENTED_EDGE('',*,*,#2277,.F.);
#1285=ORIENTED_EDGE('',*,*,#2278,.T.);
#1286=ORIENTED_EDGE('',*,*,#2279,.T.);
#1287=ORIENTED_EDGE('',*,*,#2280,.T.);
#1288=ORIENTED_EDGE('',*,*,#2281,.T.);
#1289=ORIENTED_EDGE('',*,*,#2282,.F.);
#1290=ORIENTED_EDGE('',*,*,#2283,.F.);
#1291=ORIENTED_EDGE('',*,*,#2284,.F.);
#1292=ORIENTED_EDGE('',*,*,#2285,.T.);
#1293=ORIENTED_EDGE('',*,*,#2286,.T.);
#1294=ORIENTED_EDGE('',*,*,#2287,.F.);
#1295=ORIENTED_EDGE('',*,*,#2288,.F.);
#1296=ORIENTED_EDGE('',*,*,#2289,.F.);
#1297=ORIENTED_EDGE('',*,*,#2290,.F.);
#1298=ORIENTED_EDGE('',*,*,#2291,.F.);
#1299=ORIENTED_EDGE('',*,*,#2292,.F.);
#1300=ORIENTED_EDGE('',*,*,#2293,.F.);
#1301=ORIENTED_EDGE('',*,*,#2294,.F.);
#1302=ORIENTED_EDGE('',*,*,#2295,.F.);
#1303=ORIENTED_EDGE('',*,*,#2296,.F.);
#1304=ORIENTED_EDGE('',*,*,#2297,.F.);
#1305=ORIENTED_EDGE('',*,*,#2298,.T.);
#1306=ORIENTED_EDGE('',*,*,#2299,.F.);
#1307=ORIENTED_EDGE('',*,*,#2300,.T.);
#1308=ORIENTED_EDGE('',*,*,#2301,.T.);
#1309=ORIENTED_EDGE('',*,*,#2302,.T.);
#1310=ORIENTED_EDGE('',*,*,#2303,.T.);
#1311=ORIENTED_EDGE('',*,*,#2304,.T.);
#1312=ORIENTED_EDGE('',*,*,#2305,.T.);
#1313=ORIENTED_EDGE('',*,*,#2306,.T.);
#1314=ORIENTED_EDGE('',*,*,#2307,.T.);
#1315=ORIENTED_EDGE('',*,*,#2308,.T.);
#1316=ORIENTED_EDGE('',*,*,#2309,.T.);
#1317=ORIENTED_EDGE('',*,*,#2147,.T.);
#1318=ORIENTED_EDGE('',*,*,#2310,.F.);
#1319=ORIENTED_EDGE('',*,*,#2311,.F.);
#1320=ORIENTED_EDGE('',*,*,#2312,.F.);
#1321=ORIENTED_EDGE('',*,*,#2313,.F.);
#1322=ORIENTED_EDGE('',*,*,#2314,.F.);
#1323=ORIENTED_EDGE('',*,*,#2155,.F.);
#1324=ORIENTED_EDGE('',*,*,#2151,.F.);
#1325=ORIENTED_EDGE('',*,*,#2160,.F.);
#1326=CARTESIAN_POINT('',(0.241,0.26575,0.10825));
#1327=DIRECTION('',(-2.93158765648064E-031,1.0,3.82856869892695E-016));
#1328=DIRECTION('',(-1.0,0.0,-7.6571373978539E-016));
#1329=SURFACE_STYLE_FILL_AREA(#2315);
#1330=ORIENTED_EDGE('',*,*,#2233,.F.);
#1331=ORIENTED_EDGE('',*,*,#2316,.F.);
#1332=ORIENTED_EDGE('',*,*,#2311,.T.);
#1333=ORIENTED_EDGE('',*,*,#2317,.T.);
#1334=CARTESIAN_POINT('',(0.0226965089999496,0.257249,0.0285534900000001));
#1335=DIRECTION('',(1.02150546235393E-006,3.82856869892495E-016,-0.999999999999478));
#1336=DIRECTION('',(-0.999999999999478,0.0,-1.02150546235393E-006));
#1337=SURFACE_STYLE_FILL_AREA(#2318);
#1338=ORIENTED_EDGE('',*,*,#2237,.F.);
#1339=ORIENTED_EDGE('',*,*,#2319,.F.);
#1340=ORIENTED_EDGE('',*,*,#2312,.T.);
#1341=ORIENTED_EDGE('',*,*,#2316,.T.);
#1342=CARTESIAN_POINT('',(0.0412965,0.257249,0.0226535000000001));
#1343=DIRECTION('',(-2.93158765648064E-031,1.0,3.82856869892695E-016));
#1344=DIRECTION('',(0.0,-3.82856869892695E-016,1.0));
#1345=SURFACE_STYLE_FILL_AREA(#2320);
#1346=ORIENTED_EDGE('',*,*,#2236,.F.);
#1347=ORIENTED_EDGE('',*,*,#2321,.F.);
#1348=ORIENTED_EDGE('',*,*,#2313,.T.);
#1349=ORIENTED_EDGE('',*,*,#2319,.T.);
#1350=CARTESIAN_POINT('',(0.0471965090000001,0.257249,0.0226534900002401));
#1351=DIRECTION('',(-0.999999999999996,3.54496518117265E-023,-9.25924409161599E-008));
#1352=DIRECTION('',(-9.25924409161598E-008,-4.69172235206647E-046,0.999999999999996));
#1353=SURFACE_STYLE_FILL_AREA(#2322);
#1354=ORIENTED_EDGE('',*,*,#2235,.F.);
#1355=ORIENTED_EDGE('',*,*,#2156,.F.);
#1356=ORIENTED_EDGE('',*,*,#2314,.T.);
#1357=ORIENTED_EDGE('',*,*,#2321,.T.);
#1358=CARTESIAN_POINT('',(0.0412965,0.257249,0.0118535000000001));
#1359=DIRECTION('',(-2.93158765648064E-031,1.0,3.82856869892695E-016));
#1360=DIRECTION('',(0.0,-3.82856869892695E-016,1.0));
#1361=SURFACE_STYLE_FILL_AREA(#2323);
#1362=ORIENTED_EDGE('',*,*,#2162,.F.);
#1363=ORIENTED_EDGE('',*,*,#2324,.F.);
#1364=CARTESIAN_POINT('',(0.012,0.26595,0.0172500000000001));
#1365=DIRECTION('',(-0.0,1.0,0.0));
#1366=DIRECTION('',(0.0,-0.0,1.0));
#1367=SURFACE_STYLE_FILL_AREA(#2325);
#1368=ORIENTED_EDGE('',*,*,#2234,.F.);
#1369=ORIENTED_EDGE('',*,*,#2317,.F.);
#1370=ORIENTED_EDGE('',*,*,#2310,.T.);
#1371=ORIENTED_EDGE('',*,*,#2159,.T.);
#1372=CARTESIAN_POINT('',(0.0226965,0.257249,0.0226535000000001));
#1373=DIRECTION('',(-2.93158765648064E-031,1.0,3.82856869892695E-016));
#1374=DIRECTION('',(0.0,-3.82856869892695E-016,1.0));
#1375=SURFACE_STYLE_FILL_AREA(#2326);
#1376=ORIENTED_EDGE('',*,*,#2324,.T.);
#1377=ORIENTED_EDGE('',*,*,#2309,.F.);
#1378=CARTESIAN_POINT('',(0.012,0.257249,0.0172500000000001));
#1379=DIRECTION('',(-2.93158765648064E-031,1.0,3.82856869892695E-016));
#1380=DIRECTION('',(0.0,-3.82856869892695E-016,1.0));
#1381=SURFACE_STYLE_FILL_AREA(#2327);
#1382=ORIENTED_EDGE('',*,*,#2298,.F.);
#1383=ORIENTED_EDGE('',*,*,#2328,.F.);
#1384=ORIENTED_EDGE('',*,*,#2180,.F.);
#1385=ORIENTED_EDGE('',*,*,#2329,.F.);
#1386=CARTESIAN_POINT('',(0.00600000000000003,0.257249,0.0077500000000001));
#1387=DIRECTION('',(2.93158765648064E-031,-1.0,-3.82856869892695E-016));
#1388=DIRECTION('',(0.0,3.82856869892695E-016,-1.0));
#1389=SURFACE_STYLE_FILL_AREA(#2330);
#1390=ORIENTED_EDGE('',*,*,#2300,.F.);
#1391=ORIENTED_EDGE('',*,*,#2331,.F.);
#1392=ORIENTED_EDGE('',*,*,#2178,.F.);
#1393=ORIENTED_EDGE('',*,*,#2332,.F.);
#1394=CARTESIAN_POINT('',(0.00600000000000003,0.257249,0.0052500000000001));
#1395=DIRECTION('',(2.93158765648064E-031,-1.0,-3.82856869892695E-016));
#1396=DIRECTION('',(0.0,3.82856869892695E-016,-1.0));
#1397=SURFACE_STYLE_FILL_AREA(#2333);
#1398=ORIENTED_EDGE('',*,*,#2334,.F.);
#1399=ORIENTED_EDGE('',*,*,#2175,.F.);
#1400=CARTESIAN_POINT('',(0.11625,0.26725,0.0138500000000002));
#1401=DIRECTION('',(-0.0,1.0,-0.0));
#1402=DIRECTION('',(0.0,0.0,1.0));
#1403=SURFACE_STYLE_FILL_AREA(#2335);
#1404=ORIENTED_EDGE('',*,*,#2176,.F.);
#1405=ORIENTED_EDGE('',*,*,#2336,.F.);
#1406=ORIENTED_EDGE('',*,*,#2294,.T.);
#1407=ORIENTED_EDGE('',*,*,#2337,.T.);
#1408=CARTESIAN_POINT('',(-0.00049999999999997,0.257249,0.0052500000000001));
#1409=DIRECTION('',(-2.93158765648064E-031,1.0,3.82856869892695E-016));
#1410=DIRECTION('',(0.0,-3.82856869892695E-016,1.0));
#1411=SURFACE_STYLE_FILL_AREA(#2338);
#1412=ORIENTED_EDGE('',*,*,#2182,.F.);
#1413=ORIENTED_EDGE('',*,*,#2339,.F.);
#1414=ORIENTED_EDGE('',*,*,#2296,.T.);
#1415=ORIENTED_EDGE('',*,*,#2340,.T.);
#1416=CARTESIAN_POINT('',(-0.000499999999999973,0.257249,0.0077500000000001));
#1417=DIRECTION('',(-2.93158765648064E-031,1.0,3.82856869892695E-016));
#1418=DIRECTION('',(0.0,-3.82856869892695E-016,1.0));
#1419=SURFACE_STYLE_FILL_AREA(#2341);
#1420=ORIENTED_EDGE('',*,*,#2184,.F.);
#1421=ORIENTED_EDGE('',*,*,#2292,.T.);
#1422=CARTESIAN_POINT('',(0.145,0.257249,0.10275));
#1423=DIRECTION('',(-2.93158765648064E-031,1.0,3.82856869892695E-016));
#1424=DIRECTION('',(0.0,-3.82856869892695E-016,1.0));
#1425=SURFACE_STYLE_FILL_AREA(#2342);
#1426=ORIENTED_EDGE('',*,*,#2185,.F.);
#1427=ORIENTED_EDGE('',*,*,#2291,.T.);
#1428=CARTESIAN_POINT('',(0.2275,0.257249,0.10275));
#1429=DIRECTION('',(-2.93158765648064E-031,1.0,3.82856869892695E-016));
#1430=DIRECTION('',(0.0,-3.82856869892695E-016,1.0));
#1431=SURFACE_STYLE_FILL_AREA(#2343);
#1432=ORIENTED_EDGE('',*,*,#2186,.F.);
#1433=ORIENTED_EDGE('',*,*,#2290,.T.);
#1434=CARTESIAN_POINT('',(0.2275,0.257249,0.0202500000000001));
#1435=DIRECTION('',(-2.93158765648064E-031,1.0,3.82856869892695E-016));
#1436=DIRECTION('',(0.0,-3.82856869892695E-016,1.0));
#1437=SURFACE_STYLE_FILL_AREA(#2344);
#1438=ORIENTED_EDGE('',*,*,#2187,.F.);
#1439=ORIENTED_EDGE('',*,*,#2289,.T.);
#1440=CARTESIAN_POINT('',(0.18625,0.257249,0.0615000000000001));
#1441=DIRECTION('',(-2.93158765648064E-031,1.0,3.82856869892695E-016));
#1442=DIRECTION('',(0.0,-3.82856869892695E-016,1.0));
#1443=SURFACE_STYLE_FILL_AREA(#2345);
#1444=ORIENTED_EDGE('',*,*,#2188,.F.);
#1445=ORIENTED_EDGE('',*,*,#2288,.T.);
#1446=CARTESIAN_POINT('',(0.145,0.257249,0.0202500000000001));
#1447=DIRECTION('',(-2.93158765648064E-031,1.0,3.82856869892695E-016));
#1448=DIRECTION('',(0.0,-3.82856869892695E-016,1.0));
#1449=SURFACE_STYLE_FILL_AREA(#2346);
#1450=ORIENTED_EDGE('',*,*,#2334,.T.);
#1451=ORIENTED_EDGE('',*,*,#2287,.T.);
#1452=CARTESIAN_POINT('',(0.11625,0.257249,0.0138500000000002));
#1453=DIRECTION('',(-2.93158765648064E-031,1.0,3.82856869892695E-016));
#1454=DIRECTION('',(0.0,-3.82856869892695E-016,1.0));
#1455=SURFACE_STYLE_FILL_AREA(#2347);
#1456=ORIENTED_EDGE('',*,*,#2348,.F.);
#1457=ORIENTED_EDGE('',*,*,#2349,.F.);
#1458=ORIENTED_EDGE('',*,*,#2350,.F.);
#1459=ORIENTED_EDGE('',*,*,#2258,.F.);
#1460=CARTESIAN_POINT('',(-0.00500000000000006,0.26525,0.10825));
#1461=DIRECTION('',(7.6571373978539E-016,3.82856869892695E-016,-1.0));
#1462=DIRECTION('',(2.93158765648064E-031,-1.0,-3.82856869892695E-016));
#1463=SURFACE_STYLE_FILL_AREA(#2351);
#1464=ORIENTED_EDGE('',*,*,#2352,.F.);
#1465=ORIENTED_EDGE('',*,*,#2353,.F.);
#1466=ORIENTED_EDGE('',*,*,#2354,.F.);
#1467=ORIENTED_EDGE('',*,*,#2268,.F.);
#1468=CARTESIAN_POINT('',(0.241,0.26525,-0.00374999999999991));
#1469=DIRECTION('',(1.0,-4.17619485951906E-047,7.6571373978539E-016));
#1470=DIRECTION('',(-2.93158765648064E-031,1.0,3.82856869892695E-016));
#1471=SURFACE_STYLE_FILL_AREA(#2355);
#1472=ORIENTED_EDGE('',*,*,#2356,.F.);
#1473=ORIENTED_EDGE('',*,*,#2357,.F.);
#1474=ORIENTED_EDGE('',*,*,#2358,.F.);
#1475=ORIENTED_EDGE('',*,*,#2278,.F.);
#1476=CARTESIAN_POINT('',(0.243,0.26525,0.10825));
#1477=DIRECTION('',(-7.6571373978539E-016,-3.82856869892695E-016,1.0));
#1478=DIRECTION('',(-2.93158765648064E-031,1.0,3.82856869892695E-016));
#1479=SURFACE_STYLE_FILL_AREA(#2359);
#1480=ORIENTED_EDGE('',*,*,#2360,.F.);
#1481=ORIENTED_EDGE('',*,*,#2361,.F.);
#1482=ORIENTED_EDGE('',*,*,#2362,.F.);
#1483=ORIENTED_EDGE('',*,*,#2248,.F.);
#1484=CARTESIAN_POINT('',(0.241,0.26525,0.11025));
#1485=DIRECTION('',(-1.0,4.17619485951906E-047,-7.6571373978539E-016));
#1486=DIRECTION('',(2.93158765648064E-031,-1.0,-3.82856869892695E-016));
#1487=SURFACE_STYLE_FILL_AREA(#2363);
#1488=ORIENTED_EDGE('',*,*,#2364,.F.);
#1489=ORIENTED_EDGE('',*,*,#2365,.F.);
#1490=ORIENTED_EDGE('',*,*,#2366,.F.);
#1491=ORIENTED_EDGE('',*,*,#2210,.F.);
#1492=CARTESIAN_POINT('',(0.243,0.26525,0.10825));
#1493=DIRECTION('',(-7.6571373978539E-016,-3.82856869892695E-016,1.0));
#1494=DIRECTION('',(-2.93158765648064E-031,1.0,3.82856869892695E-016));
#1495=SURFACE_STYLE_FILL_AREA(#2367);
#1496=ORIENTED_EDGE('',*,*,#2368,.F.);
#1497=ORIENTED_EDGE('',*,*,#2369,.F.);
#1498=ORIENTED_EDGE('',*,*,#2370,.F.);
#1499=ORIENTED_EDGE('',*,*,#2200,.F.);
#1500=CARTESIAN_POINT('',(0.241,0.26525,0.11025));
#1501=DIRECTION('',(-1.0,4.17619485951906E-047,-7.6571373978539E-016));
#1502=DIRECTION('',(2.93158765648064E-031,-1.0,-3.82856869892695E-016));
#1503=SURFACE_STYLE_FILL_AREA(#2371);
#1504=ORIENTED_EDGE('',*,*,#2372,.F.);
#1505=ORIENTED_EDGE('',*,*,#2373,.F.);
#1506=ORIENTED_EDGE('',*,*,#2374,.F.);
#1507=ORIENTED_EDGE('',*,*,#2220,.F.);
#1508=CARTESIAN_POINT('',(0.241,0.26525,-0.00374999999999991));
#1509=DIRECTION('',(1.0,-4.17619485951906E-047,7.6571373978539E-016));
#1510=DIRECTION('',(-2.93158765648064E-031,1.0,3.82856869892695E-016));
#1511=SURFACE_STYLE_FILL_AREA(#2375);
#1512=ORIENTED_EDGE('',*,*,#2376,.F.);
#1513=ORIENTED_EDGE('',*,*,#2377,.T.);
#1514=CARTESIAN_POINT('',(0.119,0.26125,-0.00575100000000001));
#1515=DIRECTION('',(-7.6571373978539E-016,-3.82856869892695E-016,1.0));
#1516=DIRECTION('',(-2.93158765648064E-031,1.0,3.82856869892695E-016));
#1517=SURFACE_STYLE_FILL_AREA(#2378);
#1518=ORIENTED_EDGE('',*,*,#2379,.T.);
#1519=ORIENTED_EDGE('',*,*,#2380,.F.);
#1520=CARTESIAN_POINT('',(0.245001,0.26025,0.0335000000000001));
#1521=DIRECTION('',(-1.0,0.0,-7.6571373978539E-016));
#1522=DIRECTION('',(2.93158765648064E-031,-1.0,-3.82856869892695E-016));
#1523=SURFACE_STYLE_FILL_AREA(#2381);
#1524=ORIENTED_EDGE('',*,*,#2382,.T.);
#1525=ORIENTED_EDGE('',*,*,#2383,.F.);
#1526=CARTESIAN_POINT('',(0.245001,0.26025,0.0335000000000001));
#1527=DIRECTION('',(-1.0,0.0,-7.6571373978539E-016));
#1528=DIRECTION('',(2.93158765648064E-031,-1.0,-3.82856869892695E-016));
#1529=SURFACE_STYLE_FILL_AREA(#2384);
#1530=ORIENTED_EDGE('',*,*,#2385,.T.);
#1531=ORIENTED_EDGE('',*,*,#2386,.F.);
#1532=CARTESIAN_POINT('',(0.245001,0.26025,0.0735000000000001));
#1533=DIRECTION('',(-1.0,0.0,-7.6571373978539E-016));
#1534=DIRECTION('',(2.93158765648064E-031,-1.0,-3.82856869892695E-016));
#1535=SURFACE_STYLE_FILL_AREA(#2387);
#1536=ORIENTED_EDGE('',*,*,#2388,.F.);
#1537=ORIENTED_EDGE('',*,*,#2389,.F.);
#1538=ORIENTED_EDGE('',*,*,#2390,.F.);
#1539=ORIENTED_EDGE('',*,*,#2190,.F.);
#1540=CARTESIAN_POINT('',(-0.00500000000000006,0.26525,0.10825));
#1541=DIRECTION('',(7.6571373978539E-016,3.82856869892695E-016,-1.0));
#1542=DIRECTION('',(2.93158765648064E-031,-1.0,-3.82856869892695E-016));
#1543=SURFACE_STYLE_FILL_AREA(#2391);
#1544=ORIENTED_EDGE('',*,*,#2392,.T.);
#1545=ORIENTED_EDGE('',*,*,#2393,.F.);
#1546=CARTESIAN_POINT('',(0.245001,0.26025,0.0735000000000001));
#1547=DIRECTION('',(-1.0,0.0,-7.6571373978539E-016));
#1548=DIRECTION('',(2.93158765648064E-031,-1.0,-3.82856869892695E-016));
#1549=SURFACE_STYLE_FILL_AREA(#2394);
#1550=ORIENTED_EDGE('',*,*,#2395,.F.);
#1551=ORIENTED_EDGE('',*,*,#2396,.T.);
#1552=CARTESIAN_POINT('',(0.119,0.26125,-0.00575100000000001));
#1553=DIRECTION('',(-7.6571373978539E-016,-3.82856869892695E-016,1.0));
#1554=DIRECTION('',(-2.93158765648064E-031,1.0,3.82856869892695E-016));
#1555=SURFACE_STYLE_FILL_AREA(#2397);
#1556=ORIENTED_EDGE('',*,*,#2283,.T.);
#1557=ORIENTED_EDGE('',*,*,#2398,.F.);
#1558=ORIENTED_EDGE('',*,*,#2205,.F.);
#1559=ORIENTED_EDGE('',*,*,#2399,.T.);
#1560=CARTESIAN_POINT('',(0.241,0.26725,0.10825));
#1561=DIRECTION('',(2.93158765648064E-031,-1.0,-3.82856869892695E-016));
#1562=DIRECTION('',(1.0,0.0,7.6571373978539E-016));
#1563=SURFACE_STYLE_FILL_AREA(#2400);
#1564=ORIENTED_EDGE('',*,*,#2273,.T.);
#1565=ORIENTED_EDGE('',*,*,#2401,.F.);
#1566=ORIENTED_EDGE('',*,*,#2215,.F.);
#1567=ORIENTED_EDGE('',*,*,#2402,.T.);
#1568=CARTESIAN_POINT('',(0.241,0.26725,-0.00174999999999991));
#1569=DIRECTION('',(2.93158765648064E-031,-1.0,-3.82856869892695E-016));
#1570=DIRECTION('',(1.0,0.0,7.6571373978539E-016));
#1571=SURFACE_STYLE_FILL_AREA(#2403);
#1572=ORIENTED_EDGE('',*,*,#2263,.T.);
#1573=ORIENTED_EDGE('',*,*,#2404,.F.);
#1574=ORIENTED_EDGE('',*,*,#2225,.F.);
#1575=ORIENTED_EDGE('',*,*,#2405,.T.);
#1576=CARTESIAN_POINT('',(-0.00299999999999998,0.26725,-0.00175000000000009));
#1577=DIRECTION('',(2.93158765648064E-031,-1.0,-3.82856869892695E-016));
#1578=DIRECTION('',(1.0,0.0,7.6571373978539E-016));
#1579=SURFACE_STYLE_FILL_AREA(#2406);
#1580=ORIENTED_EDGE('',*,*,#2253,.T.);
#1581=ORIENTED_EDGE('',*,*,#2407,.F.);
#1582=ORIENTED_EDGE('',*,*,#2195,.F.);
#1583=ORIENTED_EDGE('',*,*,#2408,.T.);
#1584=CARTESIAN_POINT('',(-0.00300000000000006,0.26725,0.10825));
#1585=DIRECTION('',(2.93158765648064E-031,-1.0,-3.82856869892695E-016));
#1586=DIRECTION('',(1.0,0.0,7.6571373978539E-016));
#1587=SURFACE_STYLE_FILL_AREA(#2409);
#1588=ORIENTED_EDGE('',*,*,#2194,.F.);
#1589=ORIENTED_EDGE('',*,*,#2410,.T.);
#1590=ORIENTED_EDGE('',*,*,#2254,.T.);
#1591=ORIENTED_EDGE('',*,*,#2408,.F.);
#1592=CARTESIAN_POINT('',(-0.00700000000000007,0.26725,0.10825));
#1593=DIRECTION('',(1.0,0.0,7.6571373978539E-016));
#1594=DIRECTION('',(-2.93158765648064E-031,1.0,3.82856869892695E-016));
#1595=SURFACE_STYLE_FILL_AREA(#2411);
#1596=ORIENTED_EDGE('',*,*,#2272,.T.);
#1597=ORIENTED_EDGE('',*,*,#2412,.T.);
#1598=ORIENTED_EDGE('',*,*,#2216,.F.);
#1599=ORIENTED_EDGE('',*,*,#2401,.T.);
#1600=CARTESIAN_POINT('',(-0.00299999999999998,0.26725,-0.00575000000000009));
#1601=DIRECTION('',(-7.6571373978539E-016,-3.82856869892695E-016,1.0));
#1602=DIRECTION('',(-1.0,0.0,-7.6571373978539E-016));
#1603=SURFACE_STYLE_FILL_AREA(#2413);
#1604=ORIENTED_EDGE('',*,*,#2282,.T.);
#1605=ORIENTED_EDGE('',*,*,#2414,.T.);
#1606=ORIENTED_EDGE('',*,*,#2206,.F.);
#1607=ORIENTED_EDGE('',*,*,#2398,.T.);
#1608=CARTESIAN_POINT('',(0.245,0.26725,-0.00174999999999991));
#1609=DIRECTION('',(-1.0,0.0,-7.6571373978539E-016));
#1610=DIRECTION('',(-7.6571373978539E-016,-3.82856869892695E-016,1.0));
#1611=SURFACE_STYLE_FILL_AREA(#2415);
#1612=ORIENTED_EDGE('',*,*,#2204,.F.);
#1613=ORIENTED_EDGE('',*,*,#2416,.T.);
#1614=ORIENTED_EDGE('',*,*,#2284,.T.);
#1615=ORIENTED_EDGE('',*,*,#2399,.F.);
#1616=CARTESIAN_POINT('',(0.241,0.26725,0.11225));
#1617=DIRECTION('',(7.6571373978539E-016,3.82856869892695E-016,-1.0));
#1618=DIRECTION('',(2.93158765648064E-031,-1.0,-3.82856869892695E-016));
#1619=SURFACE_STYLE_FILL_AREA(#2417);
#1620=ORIENTED_EDGE('',*,*,#2213,.T.);
#1621=ORIENTED_EDGE('',*,*,#2418,.F.);
#1622=ORIENTED_EDGE('',*,*,#2275,.F.);
#1623=ORIENTED_EDGE('',*,*,#2419,.F.);
#1624=CARTESIAN_POINT('',(0.2435,0.257249,-0.000449999999999909));
#1625=DIRECTION('',(7.6571373978539E-016,3.82856869892695E-016,-1.0));
#1626=DIRECTION('',(2.93158765648064E-031,-1.0,-3.82856869892695E-016));
#1627=SURFACE_STYLE_FILL_AREA(#2420);
#1628=ORIENTED_EDGE('',*,*,#2217,.T.);
#1629=ORIENTED_EDGE('',*,*,#2412,.F.);
#1630=ORIENTED_EDGE('',*,*,#2271,.F.);
#1631=ORIENTED_EDGE('',*,*,#2421,.T.);
#1632=CARTESIAN_POINT('',(0.2397,0.257249,-0.0112499999999999));
#1633=DIRECTION('',(1.0,0.0,7.6571373978539E-016));
#1634=DIRECTION('',(-2.93158765648064E-031,1.0,3.82856869892695E-016));
#1635=SURFACE_STYLE_FILL_AREA(#2422);
#1636=ORIENTED_EDGE('',*,*,#2207,.T.);
#1637=ORIENTED_EDGE('',*,*,#2414,.F.);
#1638=ORIENTED_EDGE('',*,*,#2281,.F.);
#1639=ORIENTED_EDGE('',*,*,#2423,.T.);
#1640=CARTESIAN_POINT('',(0.2515,0.257249,0.10695));
#1641=DIRECTION('',(-7.6571373978539E-016,-3.82856869892695E-016,1.0));
#1642=DIRECTION('',(-1.0,0.0,-7.6571373978539E-016));
#1643=SURFACE_STYLE_FILL_AREA(#2424);
#1644=ORIENTED_EDGE('',*,*,#2203,.T.);
#1645=ORIENTED_EDGE('',*,*,#2425,.F.);
#1646=ORIENTED_EDGE('',*,*,#2285,.F.);
#1647=ORIENTED_EDGE('',*,*,#2416,.F.);
#1648=CARTESIAN_POINT('',(0.2397,0.257249,0.11075));
#1649=DIRECTION('',(1.0,0.0,7.6571373978539E-016));
#1650=DIRECTION('',(-2.93158765648064E-031,1.0,3.82856869892695E-016));
#1651=SURFACE_STYLE_FILL_AREA(#2426);
#1652=ORIENTED_EDGE('',*,*,#2197,.T.);
#1653=ORIENTED_EDGE('',*,*,#2427,.F.);
#1654=ORIENTED_EDGE('',*,*,#2251,.F.);
#1655=ORIENTED_EDGE('',*,*,#2428,.T.);
#1656=CARTESIAN_POINT('',(-0.00170000000000004,0.257249,0.11875));
#1657=DIRECTION('',(-1.0,0.0,-7.6571373978539E-016));
#1658=DIRECTION('',(-7.6571373978539E-016,-3.82856869892695E-016,1.0));
#1659=SURFACE_STYLE_FILL_AREA(#2429);
#1660=ORIENTED_EDGE('',*,*,#2193,.T.);
#1661=ORIENTED_EDGE('',*,*,#2430,.F.);
#1662=ORIENTED_EDGE('',*,*,#2255,.F.);
#1663=ORIENTED_EDGE('',*,*,#2410,.F.);
#1664=CARTESIAN_POINT('',(-0.00550000000000006,0.257249,0.10695));
#1665=DIRECTION('',(-7.6571373978539E-016,-3.82856869892695E-016,1.0));
#1666=DIRECTION('',(-1.0,0.0,-7.6571373978539E-016));
#1667=SURFACE_STYLE_FILL_AREA(#2431);
#1668=ORIENTED_EDGE('',*,*,#2223,.T.);
#1669=ORIENTED_EDGE('',*,*,#2432,.F.);
#1670=ORIENTED_EDGE('',*,*,#2265,.F.);
#1671=ORIENTED_EDGE('',*,*,#2433,.F.);
#1672=CARTESIAN_POINT('',(-0.00169999999999996,0.257249,-0.00425000000000009));
#1673=DIRECTION('',(-1.0,0.0,-7.6571373978539E-016));
#1674=DIRECTION('',(-7.6571373978539E-016,-3.82856869892695E-016,1.0));
#1675=SURFACE_STYLE_FILL_AREA(#2434);
#1676=ORIENTED_EDGE('',*,*,#2227,.T.);
#1677=ORIENTED_EDGE('',*,*,#2435,.F.);
#1678=ORIENTED_EDGE('',*,*,#2261,.F.);
#1679=ORIENTED_EDGE('',*,*,#2436,.T.);
#1680=CARTESIAN_POINT('',(-0.0125,0.257249,-0.000450000000000104));
#1681=DIRECTION('',(7.6571373978539E-016,3.82856869892695E-016,-1.0));
#1682=DIRECTION('',(2.93158765648064E-031,-1.0,-3.82856869892695E-016));
#1683=SURFACE_STYLE_FILL_AREA(#2437);
#1684=ORIENTED_EDGE('',*,*,#2260,.F.);
#1685=ORIENTED_EDGE('',*,*,#2438,.T.);
#1686=ORIENTED_EDGE('',*,*,#2228,.T.);
#1687=ORIENTED_EDGE('',*,*,#2436,.F.);
#1688=CARTESIAN_POINT('',(-0.00449999999999998,0.257249,-0.000250000000000084));
#1689=DIRECTION('',(1.0,0.0,7.6571373978539E-016));
#1690=DIRECTION('',(-2.93158765648064E-031,1.0,3.82856869892695E-016));
#1691=SURFACE_STYLE_FILL_AREA(#2439);
#1692=ORIENTED_EDGE('',*,*,#2440,.F.);
#1693=ORIENTED_EDGE('',*,*,#2276,.F.);
#1694=ORIENTED_EDGE('',*,*,#2418,.T.);
#1695=ORIENTED_EDGE('',*,*,#2212,.T.);
#1696=CARTESIAN_POINT('',(0.2425,0.257249,0.10675));
#1697=DIRECTION('',(-1.0,0.0,-7.6571373978539E-016));
#1698=DIRECTION('',(-7.6571373978539E-016,-3.82856869892695E-016,1.0));
#1699=SURFACE_STYLE_FILL_AREA(#2441);
#1700=ORIENTED_EDGE('',*,*,#2442,.F.);
#1701=ORIENTED_EDGE('',*,*,#2286,.F.);
#1702=ORIENTED_EDGE('',*,*,#2425,.T.);
#1703=ORIENTED_EDGE('',*,*,#2202,.T.);
#1704=CARTESIAN_POINT('',(-0.00150000000000006,0.257249,0.10975));
#1705=DIRECTION('',(7.6571373978539E-016,3.82856869892695E-016,-1.0));
#1706=DIRECTION('',(2.93158765648064E-031,-1.0,-3.82856869892695E-016));
#1707=SURFACE_STYLE_FILL_AREA(#2443);
#1708=ORIENTED_EDGE('',*,*,#2444,.F.);
#1709=ORIENTED_EDGE('',*,*,#2266,.F.);
#1710=ORIENTED_EDGE('',*,*,#2432,.T.);
#1711=ORIENTED_EDGE('',*,*,#2222,.T.);
#1712=CARTESIAN_POINT('',(0.2395,0.257249,-0.00324999999999991));
#1713=DIRECTION('',(-7.6571373978539E-016,-3.82856869892695E-016,1.0));
#1714=DIRECTION('',(-1.0,0.0,-7.6571373978539E-016));
#1715=SURFACE_STYLE_FILL_AREA(#2445);
#1716=ORIENTED_EDGE('',*,*,#2446,.F.);
#1717=ORIENTED_EDGE('',*,*,#2373,.T.);
#1718=ORIENTED_EDGE('',*,*,#2447,.F.);
#1719=ORIENTED_EDGE('',*,*,#2448,.T.);
#1720=ORIENTED_EDGE('',*,*,#2395,.T.);
#1721=CARTESIAN_POINT('',(-0.00299999999999998,0.26725,-0.00575000000000009));
#1722=DIRECTION('',(-7.6571373978539E-016,-3.82856869892695E-016,1.0));
#1723=DIRECTION('',(-1.0,0.0,-7.6571373978539E-016));
#1724=SURFACE_STYLE_FILL_AREA(#2449);
#1725=ORIENTED_EDGE('',*,*,#2450,.T.);
#1726=ORIENTED_EDGE('',*,*,#2353,.T.);
#1727=ORIENTED_EDGE('',*,*,#2451,.F.);
#1728=ORIENTED_EDGE('',*,*,#2452,.T.);
#1729=ORIENTED_EDGE('',*,*,#2396,.F.);
#1730=CARTESIAN_POINT('',(0.2395,0.257249,-0.00424999999999991));
#1731=DIRECTION('',(-7.6571373978539E-016,-3.82856869892695E-016,1.0));
#1732=DIRECTION('',(-1.0,0.0,-7.6571373978539E-016));
#1733=SURFACE_STYLE_FILL_AREA(#2453);
#1734=ORIENTED_EDGE('',*,*,#2454,.F.);
#1735=ORIENTED_EDGE('',*,*,#2365,.T.);
#1736=ORIENTED_EDGE('',*,*,#2455,.F.);
#1737=ORIENTED_EDGE('',*,*,#2456,.T.);
#1738=ORIENTED_EDGE('',*,*,#2392,.F.);
#1739=ORIENTED_EDGE('',*,*,#2379,.F.);
#1740=CARTESIAN_POINT('',(0.245,0.26725,-0.00174999999999991));
#1741=DIRECTION('',(-1.0,0.0,-7.6571373978539E-016));
#1742=DIRECTION('',(-7.6571373978539E-016,-3.82856869892695E-016,1.0));
#1743=SURFACE_STYLE_FILL_AREA(#2457);
#1744=ORIENTED_EDGE('',*,*,#2458,.T.);
#1745=ORIENTED_EDGE('',*,*,#2357,.T.);
#1746=ORIENTED_EDGE('',*,*,#2459,.F.);
#1747=ORIENTED_EDGE('',*,*,#2460,.T.);
#1748=ORIENTED_EDGE('',*,*,#2393,.T.);
#1749=ORIENTED_EDGE('',*,*,#2380,.T.);
#1750=CARTESIAN_POINT('',(0.2435,0.257249,0.10675));
#1751=DIRECTION('',(-1.0,0.0,-7.6571373978539E-016));
#1752=DIRECTION('',(-7.6571373978539E-016,-3.82856869892695E-016,1.0));
#1753=SURFACE_STYLE_FILL_AREA(#2461);
#1754=ORIENTED_EDGE('',*,*,#2462,.F.);
#1755=ORIENTED_EDGE('',*,*,#2389,.T.);
#1756=ORIENTED_EDGE('',*,*,#2463,.F.);
#1757=ORIENTED_EDGE('',*,*,#2464,.T.);
#1758=ORIENTED_EDGE('',*,*,#2385,.F.);
#1759=ORIENTED_EDGE('',*,*,#2382,.F.);
#1760=CARTESIAN_POINT('',(-0.00700000000000007,0.26725,0.10825));
#1761=DIRECTION('',(1.0,0.0,7.6571373978539E-016));
#1762=DIRECTION('',(-2.93158765648064E-031,1.0,3.82856869892695E-016));
#1763=SURFACE_STYLE_FILL_AREA(#2465);
#1764=ORIENTED_EDGE('',*,*,#2280,.F.);
#1765=ORIENTED_EDGE('',*,*,#2466,.T.);
#1766=ORIENTED_EDGE('',*,*,#2208,.T.);
#1767=ORIENTED_EDGE('',*,*,#2423,.F.);
#1768=CARTESIAN_POINT('',(0.2425,0.257249,0.10675));
#1769=DIRECTION('',(-1.0,0.0,-7.6571373978539E-016));
#1770=DIRECTION('',(-7.6571373978539E-016,-3.82856869892695E-016,1.0));
#1771=SURFACE_STYLE_FILL_AREA(#2467);
#1772=ORIENTED_EDGE('',*,*,#2250,.F.);
#1773=ORIENTED_EDGE('',*,*,#2468,.T.);
#1774=ORIENTED_EDGE('',*,*,#2198,.T.);
#1775=ORIENTED_EDGE('',*,*,#2428,.F.);
#1776=CARTESIAN_POINT('',(-0.00150000000000006,0.257249,0.10975));
#1777=DIRECTION('',(7.6571373978539E-016,3.82856869892695E-016,-1.0));
#1778=DIRECTION('',(2.93158765648064E-031,-1.0,-3.82856869892695E-016));
#1779=SURFACE_STYLE_FILL_AREA(#2469);
#1780=ORIENTED_EDGE('',*,*,#2270,.F.);
#1781=ORIENTED_EDGE('',*,*,#2470,.T.);
#1782=ORIENTED_EDGE('',*,*,#2218,.T.);
#1783=ORIENTED_EDGE('',*,*,#2421,.F.);
#1784=CARTESIAN_POINT('',(0.2395,0.257249,-0.00324999999999991));
#1785=DIRECTION('',(-7.6571373978539E-016,-3.82856869892695E-016,1.0));
#1786=DIRECTION('',(-1.0,0.0,-7.6571373978539E-016));
#1787=SURFACE_STYLE_FILL_AREA(#2471);
#1788=ORIENTED_EDGE('',*,*,#2214,.F.);
#1789=ORIENTED_EDGE('',*,*,#2419,.T.);
#1790=ORIENTED_EDGE('',*,*,#2274,.T.);
#1791=ORIENTED_EDGE('',*,*,#2402,.F.);
#1792=CARTESIAN_POINT('',(0.245,0.26725,-0.00174999999999991));
#1793=DIRECTION('',(-1.0,0.0,-7.6571373978539E-016));
#1794=DIRECTION('',(-7.6571373978539E-016,-3.82856869892695E-016,1.0));
#1795=SURFACE_STYLE_FILL_AREA(#2472);
#1796=ORIENTED_EDGE('',*,*,#2252,.T.);
#1797=ORIENTED_EDGE('',*,*,#2427,.T.);
#1798=ORIENTED_EDGE('',*,*,#2196,.F.);
#1799=ORIENTED_EDGE('',*,*,#2407,.T.);
#1800=CARTESIAN_POINT('',(0.241,0.26725,0.11225));
#1801=DIRECTION('',(7.6571373978539E-016,3.82856869892695E-016,-1.0));
#1802=DIRECTION('',(2.93158765648064E-031,-1.0,-3.82856869892695E-016));
#1803=SURFACE_STYLE_FILL_AREA(#2473);
#1804=ORIENTED_EDGE('',*,*,#2262,.T.);
#1805=ORIENTED_EDGE('',*,*,#2435,.T.);
#1806=ORIENTED_EDGE('',*,*,#2226,.F.);
#1807=ORIENTED_EDGE('',*,*,#2404,.T.);
#1808=CARTESIAN_POINT('',(-0.00700000000000007,0.26725,0.10825));
#1809=DIRECTION('',(1.0,0.0,7.6571373978539E-016));
#1810=DIRECTION('',(-2.93158765648064E-031,1.0,3.82856869892695E-016));
#1811=SURFACE_STYLE_FILL_AREA(#2474);
#1812=ORIENTED_EDGE('',*,*,#2224,.F.);
#1813=ORIENTED_EDGE('',*,*,#2433,.T.);
#1814=ORIENTED_EDGE('',*,*,#2264,.T.);
#1815=ORIENTED_EDGE('',*,*,#2405,.F.);
#1816=CARTESIAN_POINT('',(-0.00299999999999998,0.26725,-0.00575000000000009));
#1817=DIRECTION('',(-7.6571373978539E-016,-3.82856869892695E-016,1.0));
#1818=DIRECTION('',(-1.0,0.0,-7.6571373978539E-016));
#1819=SURFACE_STYLE_FILL_AREA(#2475);
#1820=ORIENTED_EDGE('',*,*,#2476,.F.);
#1821=ORIENTED_EDGE('',*,*,#2256,.F.);
#1822=ORIENTED_EDGE('',*,*,#2430,.T.);
#1823=ORIENTED_EDGE('',*,*,#2192,.T.);
#1824=CARTESIAN_POINT('',(-0.00449999999999998,0.257249,-0.000250000000000084));
#1825=DIRECTION('',(1.0,0.0,7.6571373978539E-016));
#1826=DIRECTION('',(-2.93158765648064E-031,1.0,3.82856869892695E-016));
#1827=SURFACE_STYLE_FILL_AREA(#2477);
#1828=ORIENTED_EDGE('',*,*,#2293,.T.);
#1829=ORIENTED_EDGE('',*,*,#2332,.T.);
#1830=ORIENTED_EDGE('',*,*,#2177,.F.);
#1831=ORIENTED_EDGE('',*,*,#2337,.F.);
#1832=CARTESIAN_POINT('',(-0.000499999999999973,0.257249,0.0047500000000001));
#1833=DIRECTION('',(0.0,-3.82856869892695E-016,1.0));
#1834=DIRECTION('',(0.0,-1.0,-3.82856869892695E-016));
#1835=SURFACE_STYLE_FILL_AREA(#2478);
#1836=ORIENTED_EDGE('',*,*,#2179,.F.);
#1837=ORIENTED_EDGE('',*,*,#2331,.T.);
#1838=ORIENTED_EDGE('',*,*,#2299,.T.);
#1839=ORIENTED_EDGE('',*,*,#2329,.T.);
#1840=CARTESIAN_POINT('',(0.00650000000000003,0.257249,0.0052500000000001));
#1841=DIRECTION('',(-1.0,-2.93158765648064E-031,0.0));
#1842=DIRECTION('',(2.93158765648064E-031,-1.0,0.0));
#1843=SURFACE_STYLE_FILL_AREA(#2479);
#1844=ORIENTED_EDGE('',*,*,#2181,.F.);
#1845=ORIENTED_EDGE('',*,*,#2328,.T.);
#1846=ORIENTED_EDGE('',*,*,#2297,.T.);
#1847=ORIENTED_EDGE('',*,*,#2339,.T.);
#1848=CARTESIAN_POINT('',(0.00600000000000003,0.257249,0.0082500000000001));
#1849=DIRECTION('',(0.0,3.82856869892695E-016,-1.0));
#1850=DIRECTION('',(0.0,1.0,3.82856869892695E-016));
#1851=SURFACE_STYLE_FILL_AREA(#2480);
#1852=ORIENTED_EDGE('',*,*,#2183,.F.);
#1853=ORIENTED_EDGE('',*,*,#2340,.F.);
#1854=ORIENTED_EDGE('',*,*,#2295,.T.);
#1855=ORIENTED_EDGE('',*,*,#2336,.T.);
#1856=CARTESIAN_POINT('',(-0.000999999999999973,0.257249,0.0077500000000001));
#1857=DIRECTION('',(1.0,2.93158765648064E-031,0.0));
#1858=DIRECTION('',(-2.93158765648064E-031,1.0,0.0));
#1859=SURFACE_STYLE_FILL_AREA(#2481);
#1860=ORIENTED_EDGE('',*,*,#2171,.T.);
#1861=ORIENTED_EDGE('',*,*,#2482,.F.);
#1862=ORIENTED_EDGE('',*,*,#2302,.F.);
#1863=ORIENTED_EDGE('',*,*,#2483,.T.);
#1864=CARTESIAN_POINT('',(0.09925,0.257249,0.0314500000000001));
#1865=DIRECTION('',(0.0,-3.82856869892695E-016,1.0));
#1866=DIRECTION('',(0.0,-1.0,-3.82856869892695E-016));
#1867=SURFACE_STYLE_FILL_AREA(#2484);
#1868=ORIENTED_EDGE('',*,*,#2174,.T.);
#1869=ORIENTED_EDGE('',*,*,#2485,.F.);
#1870=ORIENTED_EDGE('',*,*,#2303,.F.);
#1871=ORIENTED_EDGE('',*,*,#2482,.T.);
#1872=CARTESIAN_POINT('',(0.09925,0.257249,0.00145000000000007));
#1873=DIRECTION('',(1.0,2.93158765648064E-031,0.0));
#1874=DIRECTION('',(-2.93158765648064E-031,1.0,0.0));
#1875=SURFACE_STYLE_FILL_AREA(#2486);
#1876=ORIENTED_EDGE('',*,*,#2173,.T.);
#1877=ORIENTED_EDGE('',*,*,#2487,.F.);
#1878=ORIENTED_EDGE('',*,*,#2304,.F.);
#1879=ORIENTED_EDGE('',*,*,#2485,.T.);
#1880=CARTESIAN_POINT('',(0.08175,0.257249,0.00145000000000007));
#1881=DIRECTION('',(0.0,3.82856869892695E-016,-1.0));
#1882=DIRECTION('',(0.0,1.0,3.82856869892695E-016));
#1883=SURFACE_STYLE_FILL_AREA(#2488);
#1884=ORIENTED_EDGE('',*,*,#2172,.T.);
#1885=ORIENTED_EDGE('',*,*,#2483,.F.);
#1886=ORIENTED_EDGE('',*,*,#2301,.F.);
#1887=ORIENTED_EDGE('',*,*,#2487,.T.);
#1888=CARTESIAN_POINT('',(0.08175,0.257249,0.0314500000000001));
#1889=DIRECTION('',(-1.0,-2.93158765648064E-031,0.0));
#1890=DIRECTION('',(2.93158765648064E-031,-1.0,0.0));
#1891=SURFACE_STYLE_FILL_AREA(#2489);
#1892=ORIENTED_EDGE('',*,*,#2167,.T.);
#1893=ORIENTED_EDGE('',*,*,#2490,.F.);
#1894=ORIENTED_EDGE('',*,*,#2306,.F.);
#1895=ORIENTED_EDGE('',*,*,#2491,.T.);
#1896=CARTESIAN_POINT('',(0.1239,0.257249,0.00795000000000013));
#1897=DIRECTION('',(0.0,-3.82856869892695E-016,1.0));
#1898=DIRECTION('',(0.0,-1.0,-3.82856869892695E-016));
#1899=SURFACE_STYLE_FILL_AREA(#2492);
#1900=ORIENTED_EDGE('',*,*,#2170,.T.);
#1901=ORIENTED_EDGE('',*,*,#2493,.F.);
#1902=ORIENTED_EDGE('',*,*,#2307,.F.);
#1903=ORIENTED_EDGE('',*,*,#2490,.T.);
#1904=CARTESIAN_POINT('',(0.1239,0.257249,0.00145000000000007));
#1905=DIRECTION('',(1.0,2.93158765648064E-031,0.0));
#1906=DIRECTION('',(-2.93158765648064E-031,1.0,0.0));
#1907=SURFACE_STYLE_FILL_AREA(#2494);
#1908=ORIENTED_EDGE('',*,*,#2169,.T.);
#1909=ORIENTED_EDGE('',*,*,#2495,.F.);
#1910=ORIENTED_EDGE('',*,*,#2308,.F.);
#1911=ORIENTED_EDGE('',*,*,#2493,.T.);
#1912=CARTESIAN_POINT('',(0.1086,0.257249,0.00145000000000007));
#1913=DIRECTION('',(0.0,3.82856869892695E-016,-1.0));
#1914=DIRECTION('',(0.0,1.0,3.82856869892695E-016));
#1915=SURFACE_STYLE_FILL_AREA(#2496);
#1916=ORIENTED_EDGE('',*,*,#2168,.T.);
#1917=ORIENTED_EDGE('',*,*,#2491,.F.);
#1918=ORIENTED_EDGE('',*,*,#2305,.F.);
#1919=ORIENTED_EDGE('',*,*,#2495,.T.);
#1920=CARTESIAN_POINT('',(0.1086,0.257249,0.00795000000000013));
#1921=DIRECTION('',(-1.0,-2.93158765648064E-031,0.0));
#1922=DIRECTION('',(2.93158765648064E-031,-1.0,0.0));
#1923=SURFACE_STYLE_FILL_AREA(#2497);
#1924=ORIENTED_EDGE('',*,*,#2163,.T.);
#1925=ORIENTED_EDGE('',*,*,#2498,.F.);
#1926=ORIENTED_EDGE('',*,*,#2244,.F.);
#1927=ORIENTED_EDGE('',*,*,#2499,.T.);
#1928=CARTESIAN_POINT('',(0.1851,0.257249,0.00135000000000014));
#1929=DIRECTION('',(0.0,3.82856869892695E-016,-1.0));
#1930=DIRECTION('',(0.0,1.0,3.82856869892695E-016));
#1931=SURFACE_STYLE_FILL_AREA(#2500);
#1932=ORIENTED_EDGE('',*,*,#2166,.T.);
#1933=ORIENTED_EDGE('',*,*,#2501,.F.);
#1934=ORIENTED_EDGE('',*,*,#2245,.F.);
#1935=ORIENTED_EDGE('',*,*,#2498,.T.);
#1936=CARTESIAN_POINT('',(0.1851,0.257249,0.0087500000000001));
#1937=DIRECTION('',(-1.0,-2.93158765648064E-031,0.0));
#1938=DIRECTION('',(2.93158765648064E-031,-1.0,0.0));
#1939=SURFACE_STYLE_FILL_AREA(#2502);
#1940=ORIENTED_EDGE('',*,*,#2165,.T.);
#1941=ORIENTED_EDGE('',*,*,#2503,.F.);
#1942=ORIENTED_EDGE('',*,*,#2246,.F.);
#1943=ORIENTED_EDGE('',*,*,#2501,.T.);
#1944=CARTESIAN_POINT('',(0.2215,0.257249,0.0087500000000001));
#1945=DIRECTION('',(0.0,-3.82856869892695E-016,1.0));
#1946=DIRECTION('',(0.0,-1.0,-3.82856869892695E-016));
#1947=SURFACE_STYLE_FILL_AREA(#2504);
#1948=ORIENTED_EDGE('',*,*,#2164,.T.);
#1949=ORIENTED_EDGE('',*,*,#2499,.F.);
#1950=ORIENTED_EDGE('',*,*,#2243,.F.);
#1951=ORIENTED_EDGE('',*,*,#2503,.T.);
#1952=CARTESIAN_POINT('',(0.2215,0.257249,0.00135000000000014));
#1953=DIRECTION('',(1.0,2.93158765648064E-031,0.0));
#1954=DIRECTION('',(-2.93158765648064E-031,1.0,0.0));
#1955=SURFACE_STYLE_FILL_AREA(#2505);
#1956=ORIENTED_EDGE('',*,*,#2230,.F.);
#1957=ORIENTED_EDGE('',*,*,#2506,.F.);
#1958=ORIENTED_EDGE('',*,*,#2239,.T.);
#1959=ORIENTED_EDGE('',*,*,#2507,.T.);
#1960=CARTESIAN_POINT('',(0.175,0.257249,0.00135000000000014));
#1961=DIRECTION('',(0.0,-3.82856869892695E-016,1.0));
#1962=DIRECTION('',(0.0,-1.0,-3.82856869892695E-016));
#1963=SURFACE_STYLE_FILL_AREA(#2508);
#1964=ORIENTED_EDGE('',*,*,#2231,.F.);
#1965=ORIENTED_EDGE('',*,*,#2507,.F.);
#1966=ORIENTED_EDGE('',*,*,#2242,.T.);
#1967=ORIENTED_EDGE('',*,*,#2509,.T.);
#1968=CARTESIAN_POINT('',(0.175,0.257249,0.0087500000000001));
#1969=DIRECTION('',(-1.0,-2.93158765648064E-031,0.0));
#1970=DIRECTION('',(2.93158765648064E-031,-1.0,0.0));
#1971=SURFACE_STYLE_FILL_AREA(#2510);
#1972=ORIENTED_EDGE('',*,*,#2232,.F.);
#1973=ORIENTED_EDGE('',*,*,#2509,.F.);
#1974=ORIENTED_EDGE('',*,*,#2241,.T.);
#1975=ORIENTED_EDGE('',*,*,#2511,.T.);
#1976=CARTESIAN_POINT('',(0.1386,0.257249,0.0087500000000001));
#1977=DIRECTION('',(0.0,3.82856869892695E-016,-1.0));
#1978=DIRECTION('',(0.0,1.0,3.82856869892695E-016));
#1979=SURFACE_STYLE_FILL_AREA(#2512);
#1980=ORIENTED_EDGE('',*,*,#2229,.F.);
#1981=ORIENTED_EDGE('',*,*,#2511,.F.);
#1982=ORIENTED_EDGE('',*,*,#2240,.T.);
#1983=ORIENTED_EDGE('',*,*,#2506,.T.);
#1984=CARTESIAN_POINT('',(0.1386,0.257249,0.00135000000000014));
#1985=DIRECTION('',(1.0,2.93158765648064E-031,0.0));
#1986=DIRECTION('',(-2.93158765648064E-031,1.0,0.0));
#1987=SURFACE_STYLE_FILL_AREA(#2513);
#1988=ORIENTED_EDGE('',*,*,#2514,.F.);
#1989=ORIENTED_EDGE('',*,*,#2515,.F.);
#1990=ORIENTED_EDGE('',*,*,#2516,.F.);
#1991=ORIENTED_EDGE('',*,*,#2464,.F.);
#1992=CARTESIAN_POINT('',(0.241,0.25725,0.10825));
#1993=DIRECTION('',(-2.93158765648064E-031,1.0,3.82856869892695E-016));
#1994=DIRECTION('',(-1.0,0.0,-7.6571373978539E-016));
#1995=SURFACE_STYLE_FILL_AREA(#2517);
#1996=ORIENTED_EDGE('',*,*,#2211,.F.);
#1997=ORIENTED_EDGE('',*,*,#2366,.T.);
#1998=ORIENTED_EDGE('',*,*,#2454,.T.);
#1999=ORIENTED_EDGE('',*,*,#2518,.T.);
#2000=ORIENTED_EDGE('',*,*,#2459,.T.);
#2001=ORIENTED_EDGE('',*,*,#2356,.T.);
#2002=ORIENTED_EDGE('',*,*,#2277,.T.);
#2003=ORIENTED_EDGE('',*,*,#2440,.T.);
#2004=CARTESIAN_POINT('',(0.2435,0.257249,-0.000249999999999904));
#2005=DIRECTION('',(7.6571373978539E-016,3.82856869892695E-016,-1.0));
#2006=DIRECTION('',(2.93158765648064E-031,-1.0,-3.82856869892695E-016));
#2007=SURFACE_STYLE_FILL_AREA(#2519);
#2008=ORIENTED_EDGE('',*,*,#2520,.F.);
#2009=ORIENTED_EDGE('',*,*,#2369,.T.);
#2010=ORIENTED_EDGE('',*,*,#2521,.F.);
#2011=ORIENTED_EDGE('',*,*,#2522,.T.);
#2012=ORIENTED_EDGE('',*,*,#2376,.T.);
#2013=CARTESIAN_POINT('',(0.241,0.26725,0.11225));
#2014=DIRECTION('',(7.6571373978539E-016,3.82856869892695E-016,-1.0));
#2015=DIRECTION('',(2.93158765648064E-031,-1.0,-3.82856869892695E-016));
#2016=SURFACE_STYLE_FILL_AREA(#2523);
#2017=ORIENTED_EDGE('',*,*,#2524,.F.);
#2018=ORIENTED_EDGE('',*,*,#2525,.F.);
#2019=ORIENTED_EDGE('',*,*,#2526,.F.);
#2020=ORIENTED_EDGE('',*,*,#2522,.F.);
#2021=CARTESIAN_POINT('',(0.241,0.25725,0.10825));
#2022=DIRECTION('',(-2.93158765648064E-031,1.0,3.82856869892695E-016));
#2023=DIRECTION('',(-1.0,0.0,-7.6571373978539E-016));
#2024=SURFACE_STYLE_FILL_AREA(#2527);
#2025=ORIENTED_EDGE('',*,*,#2191,.F.);
#2026=ORIENTED_EDGE('',*,*,#2390,.T.);
#2027=ORIENTED_EDGE('',*,*,#2462,.T.);
#2028=ORIENTED_EDGE('',*,*,#2516,.T.);
#2029=ORIENTED_EDGE('',*,*,#2528,.T.);
#2030=ORIENTED_EDGE('',*,*,#2348,.T.);
#2031=ORIENTED_EDGE('',*,*,#2257,.T.);
#2032=ORIENTED_EDGE('',*,*,#2476,.T.);
#2033=CARTESIAN_POINT('',(-0.00550000000000006,0.257249,0.10675));
#2034=DIRECTION('',(-7.6571373978539E-016,-3.82856869892695E-016,1.0));
#2035=DIRECTION('',(-1.0,0.0,-7.6571373978539E-016));
#2036=SURFACE_STYLE_FILL_AREA(#2529);
#2037=ORIENTED_EDGE('',*,*,#2221,.F.);
#2038=ORIENTED_EDGE('',*,*,#2374,.T.);
#2039=ORIENTED_EDGE('',*,*,#2446,.T.);
#2040=ORIENTED_EDGE('',*,*,#2530,.T.);
#2041=ORIENTED_EDGE('',*,*,#2451,.T.);
#2042=ORIENTED_EDGE('',*,*,#2352,.T.);
#2043=ORIENTED_EDGE('',*,*,#2267,.T.);
#2044=ORIENTED_EDGE('',*,*,#2444,.T.);
#2045=CARTESIAN_POINT('',(-0.00149999999999998,0.257249,-0.00425000000000009));
#2046=DIRECTION('',(-1.0,0.0,-7.6571373978539E-016));
#2047=DIRECTION('',(-7.6571373978539E-016,-3.82856869892695E-016,1.0));
#2048=SURFACE_STYLE_FILL_AREA(#2531);
#2049=ORIENTED_EDGE('',*,*,#2530,.F.);
#2050=ORIENTED_EDGE('',*,*,#2448,.F.);
#2051=ORIENTED_EDGE('',*,*,#2532,.F.);
#2052=ORIENTED_EDGE('',*,*,#2452,.F.);
#2053=CARTESIAN_POINT('',(0.241,0.25725,0.10825));
#2054=DIRECTION('',(-2.93158765648064E-031,1.0,3.82856869892695E-016));
#2055=DIRECTION('',(-1.0,0.0,-7.6571373978539E-016));
#2056=SURFACE_STYLE_FILL_AREA(#2533);
#2057=ORIENTED_EDGE('',*,*,#2455,.T.);
#2058=ORIENTED_EDGE('',*,*,#2364,.T.);
#2059=ORIENTED_EDGE('',*,*,#2209,.F.);
#2060=ORIENTED_EDGE('',*,*,#2466,.F.);
#2061=ORIENTED_EDGE('',*,*,#2279,.F.);
#2062=ORIENTED_EDGE('',*,*,#2358,.T.);
#2063=ORIENTED_EDGE('',*,*,#2458,.F.);
#2064=ORIENTED_EDGE('',*,*,#2534,.T.);
#2065=CARTESIAN_POINT('',(0.2515,0.257249,0.10675));
#2066=DIRECTION('',(-7.6571373978539E-016,-3.82856869892695E-016,1.0));
#2067=DIRECTION('',(-1.0,0.0,-7.6571373978539E-016));
#2068=SURFACE_STYLE_FILL_AREA(#2535);
#2069=ORIENTED_EDGE('',*,*,#2447,.T.);
#2070=ORIENTED_EDGE('',*,*,#2372,.T.);
#2071=ORIENTED_EDGE('',*,*,#2219,.F.);
#2072=ORIENTED_EDGE('',*,*,#2470,.F.);
#2073=ORIENTED_EDGE('',*,*,#2269,.F.);
#2074=ORIENTED_EDGE('',*,*,#2354,.T.);
#2075=ORIENTED_EDGE('',*,*,#2450,.F.);
#2076=ORIENTED_EDGE('',*,*,#2532,.T.);
#2077=CARTESIAN_POINT('',(0.2395,0.257249,-0.0112499999999999));
#2078=DIRECTION('',(1.0,0.0,7.6571373978539E-016));
#2079=DIRECTION('',(-2.93158765648064E-031,1.0,3.82856869892695E-016));
#2080=SURFACE_STYLE_FILL_AREA(#2536);
#2081=ORIENTED_EDGE('',*,*,#2201,.F.);
#2082=ORIENTED_EDGE('',*,*,#2370,.T.);
#2083=ORIENTED_EDGE('',*,*,#2520,.T.);
#2084=ORIENTED_EDGE('',*,*,#2526,.T.);
#2085=ORIENTED_EDGE('',*,*,#2537,.T.);
#2086=ORIENTED_EDGE('',*,*,#2360,.T.);
#2087=ORIENTED_EDGE('',*,*,#2247,.T.);
#2088=ORIENTED_EDGE('',*,*,#2442,.T.);
#2089=CARTESIAN_POINT('',(0.2395,0.257249,0.11075));
#2090=DIRECTION('',(1.0,0.0,7.6571373978539E-016));
#2091=DIRECTION('',(-2.93158765648064E-031,1.0,3.82856869892695E-016));
#2092=SURFACE_STYLE_FILL_AREA(#2538);
#2093=ORIENTED_EDGE('',*,*,#2463,.T.);
#2094=ORIENTED_EDGE('',*,*,#2388,.T.);
#2095=ORIENTED_EDGE('',*,*,#2189,.F.);
#2096=ORIENTED_EDGE('',*,*,#2438,.F.);
#2097=ORIENTED_EDGE('',*,*,#2259,.F.);
#2098=ORIENTED_EDGE('',*,*,#2350,.T.);
#2099=ORIENTED_EDGE('',*,*,#2539,.F.);
#2100=ORIENTED_EDGE('',*,*,#2514,.T.);
#2101=CARTESIAN_POINT('',(-0.0125,0.257249,-0.000250000000000098));
#2102=DIRECTION('',(7.6571373978539E-016,3.82856869892695E-016,-1.0));
#2103=DIRECTION('',(2.93158765648064E-031,-1.0,-3.82856869892695E-016));
#2104=SURFACE_STYLE_FILL_AREA(#2540);
#2105=ORIENTED_EDGE('',*,*,#2539,.T.);
#2106=ORIENTED_EDGE('',*,*,#2349,.T.);
#2107=ORIENTED_EDGE('',*,*,#2528,.F.);
#2108=ORIENTED_EDGE('',*,*,#2515,.T.);
#2109=ORIENTED_EDGE('',*,*,#2386,.T.);
#2110=ORIENTED_EDGE('',*,*,#2383,.T.);
#2111=CARTESIAN_POINT('',(-0.00549999999999998,0.257249,-0.000250000000000084));
#2112=DIRECTION('',(1.0,0.0,7.6571373978539E-016));
#2113=DIRECTION('',(-2.93158765648064E-031,1.0,3.82856869892695E-016));
#2114=SURFACE_STYLE_FILL_AREA(#2541);
#2115=ORIENTED_EDGE('',*,*,#2518,.F.);
#2116=ORIENTED_EDGE('',*,*,#2456,.F.);
#2117=ORIENTED_EDGE('',*,*,#2534,.F.);
#2118=ORIENTED_EDGE('',*,*,#2460,.F.);
#2119=CARTESIAN_POINT('',(0.241,0.25725,0.10825));
#2120=DIRECTION('',(-2.93158765648064E-031,1.0,3.82856869892695E-016));
#2121=DIRECTION('',(-1.0,0.0,-7.6571373978539E-016));
#2122=SURFACE_STYLE_FILL_AREA(#2542);
#2123=ORIENTED_EDGE('',*,*,#2543,.T.);
#2124=ORIENTED_EDGE('',*,*,#2361,.T.);
#2125=ORIENTED_EDGE('',*,*,#2537,.F.);
#2126=ORIENTED_EDGE('',*,*,#2525,.T.);
#2127=ORIENTED_EDGE('',*,*,#2377,.F.);
#2128=CARTESIAN_POINT('',(-0.00150000000000006,0.257249,0.11075));
#2129=DIRECTION('',(7.6571373978539E-016,3.82856869892695E-016,-1.0));
#2130=DIRECTION('',(2.93158765648064E-031,-1.0,-3.82856869892695E-016));
#2131=SURFACE_STYLE_FILL_AREA(#2544);
#2132=ORIENTED_EDGE('',*,*,#2521,.T.);
#2133=ORIENTED_EDGE('',*,*,#2368,.T.);
#2134=ORIENTED_EDGE('',*,*,#2199,.F.);
#2135=ORIENTED_EDGE('',*,*,#2468,.F.);
#2136=ORIENTED_EDGE('',*,*,#2249,.F.);
#2137=ORIENTED_EDGE('',*,*,#2362,.T.);
#2138=ORIENTED_EDGE('',*,*,#2543,.F.);
#2139=ORIENTED_EDGE('',*,*,#2524,.T.);
#2140=CARTESIAN_POINT('',(-0.00150000000000006,0.257249,0.11875));
#2141=DIRECTION('',(-1.0,0.0,-7.6571373978539E-016));
#2142=DIRECTION('',(-7.6571373978539E-016,-3.82856869892695E-016,1.0));
#2143=FILL_AREA_STYLE('',(#2545));
#2144=EDGE_CURVE('',#2546,#2546,#2547,.F.);
#2145=EDGE_CURVE('',#2548,#2548,#2549,.T.);
#2146=FILL_AREA_STYLE('',(#2550));
#2147=EDGE_CURVE('',#2551,#2551,#2552,.T.);
#2148=FILL_AREA_STYLE('',(#2553));
#2149=EDGE_CURVE('',#2554,#2555,#2556,.F.);
#2150=EDGE_CURVE('',#2557,#2554,#2558,.T.);
#2151=EDGE_CURVE('',#2557,#2559,#2560,.F.);
#2152=EDGE_CURVE('',#2559,#2555,#2561,.T.);
#2153=FILL_AREA_STYLE('',(#2562));
#2154=EDGE_CURVE('',#2555,#2563,#2564,.T.);
#2155=EDGE_CURVE('',#2559,#2565,#2566,.T.);
#2156=EDGE_CURVE('',#2565,#2563,#2567,.T.);
#2157=FILL_AREA_STYLE('',(#2568));
#2158=EDGE_CURVE('',#2569,#2554,#2570,.T.);
#2159=EDGE_CURVE('',#2571,#2569,#2572,.T.);
#2160=EDGE_CURVE('',#2571,#2557,#2573,.T.);
#2161=FILL_AREA_STYLE('',(#2574));
#2162=EDGE_CURVE('',#2575,#2575,#2576,.F.);
#2163=EDGE_CURVE('',#2577,#2578,#2579,.T.);
#2164=EDGE_CURVE('',#2580,#2577,#2581,.T.);
#2165=EDGE_CURVE('',#2582,#2580,#2583,.T.);
#2166=EDGE_CURVE('',#2578,#2582,#2584,.T.);
#2167=EDGE_CURVE('',#2585,#2586,#2587,.T.);
#2168=EDGE_CURVE('',#2588,#2585,#2589,.T.);
#2169=EDGE_CURVE('',#2590,#2588,#2591,.T.);
#2170=EDGE_CURVE('',#2586,#2590,#2592,.T.);
#2171=EDGE_CURVE('',#2593,#2594,#2595,.T.);
#2172=EDGE_CURVE('',#2596,#2593,#2597,.T.);
#2173=EDGE_CURVE('',#2598,#2596,#2599,.T.);
#2174=EDGE_CURVE('',#2594,#2598,#2600,.T.);
#2175=EDGE_CURVE('',#2601,#2601,#2602,.F.);
#2176=EDGE_CURVE('',#2603,#2604,#2605,.F.);
#2177=EDGE_CURVE('',#2604,#2606,#2607,.T.);
#2178=EDGE_CURVE('',#2606,#2608,#2609,.F.);
#2179=EDGE_CURVE('',#2608,#2610,#2611,.T.);
#2180=EDGE_CURVE('',#2610,#2612,#2613,.F.);
#2181=EDGE_CURVE('',#2612,#2614,#2615,.T.);
#2182=EDGE_CURVE('',#2614,#2616,#2617,.F.);
#2183=EDGE_CURVE('',#2616,#2603,#2618,.T.);
#2184=EDGE_CURVE('',#2619,#2619,#2620,.F.);
#2185=EDGE_CURVE('',#2621,#2621,#2622,.F.);
#2186=EDGE_CURVE('',#2623,#2623,#2624,.F.);
#2187=EDGE_CURVE('',#2625,#2625,#2626,.F.);
#2188=EDGE_CURVE('',#2627,#2627,#2628,.F.);
#2189=EDGE_CURVE('',#2629,#2630,#2631,.T.);
#2190=EDGE_CURVE('',#2630,#2632,#2633,.T.);
#2191=EDGE_CURVE('',#2632,#2634,#2635,.T.);
#2192=EDGE_CURVE('',#2636,#2634,#2637,.T.);
#2193=EDGE_CURVE('',#2638,#2636,#2639,.T.);
#2194=EDGE_CURVE('',#2638,#2640,#2641,.T.);
#2195=EDGE_CURVE('',#2640,#2642,#2643,.T.);
#2196=EDGE_CURVE('',#2642,#2644,#2645,.T.);
#2197=EDGE_CURVE('',#2646,#2644,#2647,.T.);
#2198=EDGE_CURVE('',#2648,#2646,#2649,.T.);
#2199=EDGE_CURVE('',#2648,#2650,#2651,.T.);
#2200=EDGE_CURVE('',#2650,#2652,#2653,.T.);
#2201=EDGE_CURVE('',#2652,#2654,#2655,.T.);
#2202=EDGE_CURVE('',#2656,#2654,#2657,.T.);
#2203=EDGE_CURVE('',#2658,#2656,#2659,.T.);
#2204=EDGE_CURVE('',#2658,#2660,#2661,.T.);
#2205=EDGE_CURVE('',#2660,#2662,#2663,.T.);
#2206=EDGE_CURVE('',#2662,#2664,#2665,.T.);
#2207=EDGE_CURVE('',#2666,#2664,#2667,.T.);
#2208=EDGE_CURVE('',#2668,#2666,#2669,.T.);
#2209=EDGE_CURVE('',#2668,#2670,#2671,.T.);
#2210=EDGE_CURVE('',#2670,#2672,#2673,.T.);
#2211=EDGE_CURVE('',#2672,#2674,#2675,.T.);
#2212=EDGE_CURVE('',#2676,#2674,#2677,.T.);
#2213=EDGE_CURVE('',#2678,#2676,#2679,.T.);
#2214=EDGE_CURVE('',#2678,#2680,#2681,.T.);
#2215=EDGE_CURVE('',#2680,#2682,#2683,.T.);
#2216=EDGE_CURVE('',#2682,#2684,#2685,.T.);
#2217=EDGE_CURVE('',#2686,#2684,#2687,.T.);
#2218=EDGE_CURVE('',#2688,#2686,#2689,.T.);
#2219=EDGE_CURVE('',#2688,#2690,#2691,.T.);
#2220=EDGE_CURVE('',#2690,#2692,#2693,.T.);
#2221=EDGE_CURVE('',#2692,#2694,#2695,.T.);
#2222=EDGE_CURVE('',#2696,#2694,#2697,.T.);
#2223=EDGE_CURVE('',#2698,#2696,#2699,.T.);
#2224=EDGE_CURVE('',#2698,#2700,#2701,.T.);
#2225=EDGE_CURVE('',#2700,#2702,#2703,.T.);
#2226=EDGE_CURVE('',#2702,#2704,#2705,.T.);
#2227=EDGE_CURVE('',#2706,#2704,#2707,.T.);
#2228=EDGE_CURVE('',#2629,#2706,#2708,.T.);
#2229=EDGE_CURVE('',#2709,#2710,#2711,.T.);
#2230=EDGE_CURVE('',#2710,#2712,#2713,.T.);
#2231=EDGE_CURVE('',#2712,#2714,#2715,.T.);
#2232=EDGE_CURVE('',#2714,#2709,#2716,.T.);
#2233=EDGE_CURVE('',#2717,#2718,#2719,.T.);
#2234=EDGE_CURVE('',#2718,#2569,#2720,.F.);
#2235=EDGE_CURVE('',#2563,#2721,#2722,.F.);
#2236=EDGE_CURVE('',#2721,#2723,#2724,.T.);
#2237=EDGE_CURVE('',#2723,#2717,#2725,.F.);
#2238=FILL_AREA_STYLE('',(#2726));
#2239=EDGE_CURVE('',#2727,#2728,#2729,.T.);
#2240=EDGE_CURVE('',#2730,#2727,#2731,.T.);
#2241=EDGE_CURVE('',#2732,#2730,#2733,.T.);
#2242=EDGE_CURVE('',#2728,#2732,#2734,.T.);
#2243=EDGE_CURVE('',#2735,#2736,#2737,.T.);
#2244=EDGE_CURVE('',#2736,#2738,#2739,.T.);
#2245=EDGE_CURVE('',#2738,#2740,#2741,.T.);
#2246=EDGE_CURVE('',#2740,#2735,#2742,.T.);
#2247=EDGE_CURVE('',#2743,#2744,#2745,.T.);
#2248=EDGE_CURVE('',#2743,#2746,#2747,.T.);
#2249=EDGE_CURVE('',#2746,#2748,#2749,.T.);
#2250=EDGE_CURVE('',#2748,#2750,#2751,.T.);
#2251=EDGE_CURVE('',#2750,#2752,#2753,.T.);
#2252=EDGE_CURVE('',#2754,#2752,#2755,.T.);
#2253=EDGE_CURVE('',#2756,#2754,#2757,.T.);
#2254=EDGE_CURVE('',#2758,#2756,#2759,.T.);
#2255=EDGE_CURVE('',#2758,#2760,#2761,.T.);
#2256=EDGE_CURVE('',#2760,#2762,#2763,.T.);
#2257=EDGE_CURVE('',#2764,#2762,#2765,.T.);
#2258=EDGE_CURVE('',#2764,#2766,#2767,.T.);
#2259=EDGE_CURVE('',#2766,#2768,#2769,.T.);
#2260=EDGE_CURVE('',#2768,#2770,#2771,.T.);
#2261=EDGE_CURVE('',#2770,#2772,#2773,.T.);
#2262=EDGE_CURVE('',#2774,#2772,#2775,.T.);
#2263=EDGE_CURVE('',#2776,#2774,#2777,.T.);
#2264=EDGE_CURVE('',#2778,#2776,#2779,.T.);
#2265=EDGE_CURVE('',#2778,#2780,#2781,.T.);
#2266=EDGE_CURVE('',#2780,#2782,#2783,.T.);
#2267=EDGE_CURVE('',#2784,#2782,#2785,.T.);
#2268=EDGE_CURVE('',#2784,#2786,#2787,.T.);
#2269=EDGE_CURVE('',#2786,#2788,#2789,.T.);
#2270=EDGE_CURVE('',#2788,#2790,#2791,.T.);
#2271=EDGE_CURVE('',#2790,#2792,#2793,.T.);
#2272=EDGE_CURVE('',#2794,#2792,#2795,.T.);
#2273=EDGE_CURVE('',#2796,#2794,#2797,.T.);
#2274=EDGE_CURVE('',#2798,#2796,#2799,.T.);
#2275=EDGE_CURVE('',#2798,#2800,#2801,.T.);
#2276=EDGE_CURVE('',#2800,#2802,#2803,.T.);
#2277=EDGE_CURVE('',#2804,#2802,#2805,.T.);
#2278=EDGE_CURVE('',#2804,#2806,#2807,.T.);
#2279=EDGE_CURVE('',#2806,#2808,#2809,.T.);
#2280=EDGE_CURVE('',#2808,#2810,#2811,.T.);
#2281=EDGE_CURVE('',#2810,#2812,#2813,.T.);
#2282=EDGE_CURVE('',#2814,#2812,#2815,.T.);
#2283=EDGE_CURVE('',#2816,#2814,#2817,.T.);
#2284=EDGE_CURVE('',#2818,#2816,#2819,.T.);
#2285=EDGE_CURVE('',#2818,#2820,#2821,.T.);
#2286=EDGE_CURVE('',#2820,#2744,#2822,.T.);
#2287=EDGE_CURVE('',#2823,#2823,#2824,.F.);
#2288=EDGE_CURVE('',#2825,#2825,#2826,.F.);
#2289=EDGE_CURVE('',#2827,#2827,#2828,.F.);
#2290=EDGE_CURVE('',#2829,#2829,#2830,.F.);
#2291=EDGE_CURVE('',#2831,#2831,#2832,.F.);
#2292=EDGE_CURVE('',#2833,#2833,#2834,.F.);
#2293=EDGE_CURVE('',#2835,#2836,#2837,.T.);
#2294=EDGE_CURVE('',#2838,#2835,#2839,.F.);
#2295=EDGE_CURVE('',#2840,#2838,#2841,.T.);
#2296=EDGE_CURVE('',#2842,#2840,#2843,.F.);
#2297=EDGE_CURVE('',#2844,#2842,#2845,.T.);
#2298=EDGE_CURVE('',#2844,#2846,#2847,.T.);
#2299=EDGE_CURVE('',#2848,#2846,#2849,.T.);
#2300=EDGE_CURVE('',#2848,#2836,#2850,.T.);
#2301=EDGE_CURVE('',#2851,#2852,#2853,.T.);
#2302=EDGE_CURVE('',#2852,#2854,#2855,.T.);
#2303=EDGE_CURVE('',#2854,#2856,#2857,.T.);
#2304=EDGE_CURVE('',#2856,#2851,#2858,.T.);
#2305=EDGE_CURVE('',#2859,#2860,#2861,.T.);
#2306=EDGE_CURVE('',#2860,#2862,#2863,.T.);
#2307=EDGE_CURVE('',#2862,#2864,#2865,.T.);
#2308=EDGE_CURVE('',#2864,#2859,#2866,.T.);
#2309=EDGE_CURVE('',#2867,#2867,#2868,.T.);
#2310=EDGE_CURVE('',#2869,#2571,#2870,.F.);
#2311=EDGE_CURVE('',#2871,#2869,#2872,.T.);
#2312=EDGE_CURVE('',#2873,#2871,#2874,.F.);
#2313=EDGE_CURVE('',#2875,#2873,#2876,.T.);
#2314=EDGE_CURVE('',#2565,#2875,#2877,.F.);
#2315=FILL_AREA_STYLE('',(#2878));
#2316=EDGE_CURVE('',#2871,#2717,#2879,.T.);
#2317=EDGE_CURVE('',#2869,#2718,#2880,.T.);
#2318=FILL_AREA_STYLE('',(#2881));
#2319=EDGE_CURVE('',#2873,#2723,#2882,.T.);
#2320=FILL_AREA_STYLE('',(#2883));
#2321=EDGE_CURVE('',#2875,#2721,#2884,.T.);
#2322=FILL_AREA_STYLE('',(#2885));
#2323=FILL_AREA_STYLE('',(#2886));
#2324=EDGE_CURVE('',#2887,#2887,#2888,.T.);
#2325=FILL_AREA_STYLE('',(#2889));
#2326=FILL_AREA_STYLE('',(#2890));
#2327=FILL_AREA_STYLE('',(#2891));
#2328=EDGE_CURVE('',#2612,#2844,#2892,.F.);
#2329=EDGE_CURVE('',#2846,#2610,#2893,.T.);
#2330=FILL_AREA_STYLE('',(#2894));
#2331=EDGE_CURVE('',#2608,#2848,#2895,.F.);
#2332=EDGE_CURVE('',#2836,#2606,#2896,.T.);
#2333=FILL_AREA_STYLE('',(#2897));
#2334=EDGE_CURVE('',#2898,#2898,#2899,.T.);
#2335=FILL_AREA_STYLE('',(#2900));
#2336=EDGE_CURVE('',#2838,#2603,#2901,.T.);
#2337=EDGE_CURVE('',#2835,#2604,#2902,.T.);
#2338=FILL_AREA_STYLE('',(#2903));
#2339=EDGE_CURVE('',#2842,#2614,#2904,.T.);
#2340=EDGE_CURVE('',#2840,#2616,#2905,.T.);
#2341=FILL_AREA_STYLE('',(#2906));
#2342=FILL_AREA_STYLE('',(#2907));
#2343=FILL_AREA_STYLE('',(#2908));
#2344=FILL_AREA_STYLE('',(#2909));
#2345=FILL_AREA_STYLE('',(#2910));
#2346=FILL_AREA_STYLE('',(#2911));
#2347=FILL_AREA_STYLE('',(#2912));
#2348=EDGE_CURVE('',#2913,#2764,#2914,.T.);
#2349=EDGE_CURVE('',#2915,#2913,#2916,.T.);
#2350=EDGE_CURVE('',#2766,#2915,#2917,.T.);
#2351=FILL_AREA_STYLE('',(#2918));
#2352=EDGE_CURVE('',#2919,#2784,#2920,.T.);
#2353=EDGE_CURVE('',#2921,#2919,#2922,.T.);
#2354=EDGE_CURVE('',#2786,#2921,#2923,.T.);
#2355=FILL_AREA_STYLE('',(#2924));
#2356=EDGE_CURVE('',#2925,#2804,#2926,.T.);
#2357=EDGE_CURVE('',#2927,#2925,#2928,.T.);
#2358=EDGE_CURVE('',#2806,#2927,#2929,.T.);
#2359=FILL_AREA_STYLE('',(#2930));
#2360=EDGE_CURVE('',#2931,#2743,#2932,.T.);
#2361=EDGE_CURVE('',#2933,#2931,#2934,.T.);
#2362=EDGE_CURVE('',#2746,#2933,#2935,.T.);
#2363=FILL_AREA_STYLE('',(#2936));
#2364=EDGE_CURVE('',#2937,#2670,#2938,.T.);
#2365=EDGE_CURVE('',#2939,#2937,#2940,.T.);
#2366=EDGE_CURVE('',#2672,#2939,#2941,.T.);
#2367=FILL_AREA_STYLE('',(#2942));
#2368=EDGE_CURVE('',#2943,#2650,#2944,.T.);
#2369=EDGE_CURVE('',#2945,#2943,#2946,.T.);
#2370=EDGE_CURVE('',#2652,#2945,#2947,.T.);
#2371=FILL_AREA_STYLE('',(#2948));
#2372=EDGE_CURVE('',#2949,#2690,#2950,.T.);
#2373=EDGE_CURVE('',#2951,#2949,#2952,.T.);
#2374=EDGE_CURVE('',#2692,#2951,#2953,.T.);
#2375=FILL_AREA_STYLE('',(#2954));
#2376=EDGE_CURVE('',#2955,#2955,#2956,.T.);
#2377=EDGE_CURVE('',#2957,#2957,#2958,.T.);
#2378=FILL_AREA_STYLE('',(#2959));
#2379=EDGE_CURVE('',#2960,#2960,#2961,.T.);
#2380=EDGE_CURVE('',#2962,#2962,#2963,.T.);
#2381=FILL_AREA_STYLE('',(#2964));
#2382=EDGE_CURVE('',#2965,#2965,#2966,.T.);
#2383=EDGE_CURVE('',#2967,#2967,#2968,.T.);
#2384=FILL_AREA_STYLE('',(#2969));
#2385=EDGE_CURVE('',#2970,#2970,#2971,.T.);
#2386=EDGE_CURVE('',#2972,#2972,#2973,.T.);
#2387=FILL_AREA_STYLE('',(#2974));
#2388=EDGE_CURVE('',#2975,#2630,#2976,.T.);
#2389=EDGE_CURVE('',#2977,#2975,#2978,.T.);
#2390=EDGE_CURVE('',#2632,#2977,#2979,.T.);
#2391=FILL_AREA_STYLE('',(#2980));
#2392=EDGE_CURVE('',#2981,#2981,#2982,.T.);
#2393=EDGE_CURVE('',#2983,#2983,#2984,.T.);
#2394=FILL_AREA_STYLE('',(#2985));
#2395=EDGE_CURVE('',#2986,#2986,#2987,.T.);
#2396=EDGE_CURVE('',#2988,#2988,#2989,.T.);
#2397=FILL_AREA_STYLE('',(#2990));
#2398=EDGE_CURVE('',#2662,#2814,#2991,.T.);
#2399=EDGE_CURVE('',#2660,#2816,#2992,.T.);
#2400=FILL_AREA_STYLE('',(#2993));
#2401=EDGE_CURVE('',#2682,#2794,#2994,.T.);
#2402=EDGE_CURVE('',#2680,#2796,#2995,.T.);
#2403=FILL_AREA_STYLE('',(#2996));
#2404=EDGE_CURVE('',#2702,#2774,#2997,.T.);
#2405=EDGE_CURVE('',#2700,#2776,#2998,.T.);
#2406=FILL_AREA_STYLE('',(#2999));
#2407=EDGE_CURVE('',#2642,#2754,#3000,.T.);
#2408=EDGE_CURVE('',#2640,#2756,#3001,.T.);
#2409=FILL_AREA_STYLE('',(#3002));
#2410=EDGE_CURVE('',#2638,#2758,#3003,.T.);
#2411=FILL_AREA_STYLE('',(#3004));
#2412=EDGE_CURVE('',#2792,#2684,#3005,.T.);
#2413=FILL_AREA_STYLE('',(#3006));
#2414=EDGE_CURVE('',#2812,#2664,#3007,.T.);
#2415=FILL_AREA_STYLE('',(#3008));
#2416=EDGE_CURVE('',#2658,#2818,#3009,.T.);
#2417=FILL_AREA_STYLE('',(#3010));
#2418=EDGE_CURVE('',#2800,#2676,#3011,.T.);
#2419=EDGE_CURVE('',#2678,#2798,#3012,.T.);
#2420=FILL_AREA_STYLE('',(#3013));
#2421=EDGE_CURVE('',#2790,#2686,#3014,.T.);
#2422=FILL_AREA_STYLE('',(#3015));
#2423=EDGE_CURVE('',#2810,#2666,#3016,.T.);
#2424=FILL_AREA_STYLE('',(#3017));
#2425=EDGE_CURVE('',#2820,#2656,#3018,.T.);
#2426=FILL_AREA_STYLE('',(#3019));
#2427=EDGE_CURVE('',#2752,#2644,#3020,.T.);
#2428=EDGE_CURVE('',#2750,#2646,#3021,.T.);
#2429=FILL_AREA_STYLE('',(#3022));
#2430=EDGE_CURVE('',#2760,#2636,#3023,.T.);
#2431=FILL_AREA_STYLE('',(#3024));
#2432=EDGE_CURVE('',#2780,#2696,#3025,.T.);
#2433=EDGE_CURVE('',#2698,#2778,#3026,.T.);
#2434=FILL_AREA_STYLE('',(#3027));
#2435=EDGE_CURVE('',#2772,#2704,#3028,.T.);
#2436=EDGE_CURVE('',#2770,#2706,#3029,.T.);
#2437=FILL_AREA_STYLE('',(#3030));
#2438=EDGE_CURVE('',#2768,#2629,#3031,.T.);
#2439=FILL_AREA_STYLE('',(#3032));
#2440=EDGE_CURVE('',#2802,#2674,#3033,.T.);
#2441=FILL_AREA_STYLE('',(#3034));
#2442=EDGE_CURVE('',#2744,#2654,#3035,.T.);
#2443=FILL_AREA_STYLE('',(#3036));
#2444=EDGE_CURVE('',#2782,#2694,#3037,.T.);
#2445=FILL_AREA_STYLE('',(#3038));
#2446=EDGE_CURVE('',#2951,#3039,#3040,.T.);
#2447=EDGE_CURVE('',#3041,#2949,#3042,.T.);
#2448=EDGE_CURVE('',#3041,#3039,#3043,.T.);
#2449=FILL_AREA_STYLE('',(#3044));
#2450=EDGE_CURVE('',#3045,#2921,#3046,.T.);
#2451=EDGE_CURVE('',#3047,#2919,#3048,.T.);
#2452=EDGE_CURVE('',#3047,#3045,#3049,.T.);
#2453=FILL_AREA_STYLE('',(#3050));
#2454=EDGE_CURVE('',#2939,#3051,#3052,.T.);
#2455=EDGE_CURVE('',#3053,#2937,#3054,.T.);
#2456=EDGE_CURVE('',#3053,#3051,#3055,.T.);
#2457=FILL_AREA_STYLE('',(#3056));
#2458=EDGE_CURVE('',#3057,#2927,#3058,.T.);
#2459=EDGE_CURVE('',#3059,#2925,#3060,.T.);
#2460=EDGE_CURVE('',#3059,#3057,#3061,.T.);
#2461=FILL_AREA_STYLE('',(#3062));
#2462=EDGE_CURVE('',#2977,#3063,#3064,.T.);
#2463=EDGE_CURVE('',#3065,#2975,#3066,.T.);
#2464=EDGE_CURVE('',#3065,#3063,#3067,.T.);
#2465=FILL_AREA_STYLE('',(#3068));
#2466=EDGE_CURVE('',#2808,#2668,#3069,.T.);
#2467=FILL_AREA_STYLE('',(#3070));
#2468=EDGE_CURVE('',#2748,#2648,#3071,.T.);
#2469=FILL_AREA_STYLE('',(#3072));
#2470=EDGE_CURVE('',#2788,#2688,#3073,.T.);
#2471=FILL_AREA_STYLE('',(#3074));
#2472=FILL_AREA_STYLE('',(#3075));
#2473=FILL_AREA_STYLE('',(#3076));
#2474=FILL_AREA_STYLE('',(#3077));
#2475=FILL_AREA_STYLE('',(#3078));
#2476=EDGE_CURVE('',#2762,#2634,#3079,.T.);
#2477=FILL_AREA_STYLE('',(#3080));
#2478=FILL_AREA_STYLE('',(#3081));
#2479=FILL_AREA_STYLE('',(#3082));
#2480=FILL_AREA_STYLE('',(#3083));
#2481=FILL_AREA_STYLE('',(#3084));
#2482=EDGE_CURVE('',#2854,#2594,#3085,.T.);
#2483=EDGE_CURVE('',#2852,#2593,#3086,.T.);
#2484=FILL_AREA_STYLE('',(#3087));
#2485=EDGE_CURVE('',#2856,#2598,#3088,.T.);
#2486=FILL_AREA_STYLE('',(#3089));
#2487=EDGE_CURVE('',#2851,#2596,#3090,.T.);
#2488=FILL_AREA_STYLE('',(#3091));
#2489=FILL_AREA_STYLE('',(#3092));
#2490=EDGE_CURVE('',#2862,#2586,#3093,.T.);
#2491=EDGE_CURVE('',#2860,#2585,#3094,.T.);
#2492=FILL_AREA_STYLE('',(#3095));
#2493=EDGE_CURVE('',#2864,#2590,#3096,.T.);
#2494=FILL_AREA_STYLE('',(#3097));
#2495=EDGE_CURVE('',#2859,#2588,#3098,.T.);
#2496=FILL_AREA_STYLE('',(#3099));
#2497=FILL_AREA_STYLE('',(#3100));
#2498=EDGE_CURVE('',#2738,#2578,#3101,.T.);
#2499=EDGE_CURVE('',#2736,#2577,#3102,.T.);
#2500=FILL_AREA_STYLE('',(#3103));
#2501=EDGE_CURVE('',#2740,#2582,#3104,.T.);
#2502=FILL_AREA_STYLE('',(#3105));
#2503=EDGE_CURVE('',#2735,#2580,#3106,.T.);
#2504=FILL_AREA_STYLE('',(#3107));
#2505=FILL_AREA_STYLE('',(#3108));
#2506=EDGE_CURVE('',#2727,#2710,#3109,.T.);
#2507=EDGE_CURVE('',#2728,#2712,#3110,.T.);
#2508=FILL_AREA_STYLE('',(#3111));
#2509=EDGE_CURVE('',#2732,#2714,#3112,.T.);
#2510=FILL_AREA_STYLE('',(#3113));
#2511=EDGE_CURVE('',#2730,#2709,#3114,.T.);
#2512=FILL_AREA_STYLE('',(#3115));
#2513=FILL_AREA_STYLE('',(#3116));
#2514=EDGE_CURVE('',#3117,#3065,#3118,.T.);
#2515=EDGE_CURVE('',#3119,#3117,#3120,.T.);
#2516=EDGE_CURVE('',#3063,#3119,#3121,.T.);
#2517=FILL_AREA_STYLE('',(#3122));
#2518=EDGE_CURVE('',#3051,#3059,#3123,.T.);
#2519=FILL_AREA_STYLE('',(#3124));
#2520=EDGE_CURVE('',#2945,#3125,#3126,.T.);
#2521=EDGE_CURVE('',#3127,#2943,#3128,.T.);
#2522=EDGE_CURVE('',#3127,#3125,#3129,.T.);
#2523=FILL_AREA_STYLE('',(#3130));
#2524=EDGE_CURVE('',#3131,#3127,#3132,.T.);
#2525=EDGE_CURVE('',#3133,#3131,#3134,.T.);
#2526=EDGE_CURVE('',#3125,#3133,#3135,.T.);
#2527=FILL_AREA_STYLE('',(#3136));
#2528=EDGE_CURVE('',#3119,#2913,#3137,.T.);
#2529=FILL_AREA_STYLE('',(#3138));
#2530=EDGE_CURVE('',#3039,#3047,#3139,.T.);
#2531=FILL_AREA_STYLE('',(#3140));
#2532=EDGE_CURVE('',#3045,#3041,#3141,.T.);
#2533=FILL_AREA_STYLE('',(#3142));
#2534=EDGE_CURVE('',#3057,#3053,#3143,.T.);
#2535=FILL_AREA_STYLE('',(#3144));
#2536=FILL_AREA_STYLE('',(#3145));
#2537=EDGE_CURVE('',#3133,#2931,#3146,.T.);
#2538=FILL_AREA_STYLE('',(#3147));
#2539=EDGE_CURVE('',#3117,#2915,#3148,.T.);
#2540=FILL_AREA_STYLE('',(#3149));
#2541=FILL_AREA_STYLE('',(#3150));
#2542=FILL_AREA_STYLE('',(#3151));
#2543=EDGE_CURVE('',#3131,#2933,#3152,.T.);
#2544=FILL_AREA_STYLE('',(#3153));
#2545=FILL_AREA_STYLE_COLOUR('',#3154);
#2546=VERTEX_POINT('',#3155);
#2547=CIRCLE('',#3156,0.00295000000000002);
#2548=VERTEX_POINT('',#3157);
#2549=CIRCLE('',#3158,0.00165000000000004);
#2550=FILL_AREA_STYLE_COLOUR('',#3159);
#2551=VERTEX_POINT('',#3160);
#2552=CIRCLE('',#3161,0.00165000000000004);
#2553=FILL_AREA_STYLE_COLOUR('',#3162);
#2554=VERTEX_POINT('',#3163);
#2555=VERTEX_POINT('',#3164);
#2556=CIRCLE('',#3165,0.00589999100000849);
#2557=VERTEX_POINT('',#3166);
#2558=LINE('',#3167,#3168);
#2559=VERTEX_POINT('',#3169);
#2560=CIRCLE('',#3170,0.00589999100000849);
#2561=LINE('',#3171,#3172);
#2562=FILL_AREA_STYLE_COLOUR('',#3173);
#2563=VERTEX_POINT('',#3174);
#2564=LINE('',#3175,#3176);
#2565=VERTEX_POINT('',#3177);
#2566=LINE('',#3178,#3179);
#2567=LINE('',#3180,#3181);
#2568=FILL_AREA_STYLE_COLOUR('',#3182);
#2569=VERTEX_POINT('',#3183);
#2570=LINE('',#3184,#3185);
#2571=VERTEX_POINT('',#3186);
#2572=LINE('',#3187,#3188);
#2573=LINE('',#3189,#3190);
#2574=FILL_AREA_STYLE_COLOUR('',#3191);
#2575=VERTEX_POINT('',#3192);
#2576=CIRCLE('',#3193,0.00295000000000002);
#2577=VERTEX_POINT('',#3194);
#2578=VERTEX_POINT('',#3195);
#2579=LINE('',#3196,#3197);
#2580=VERTEX_POINT('',#3198);
#2581=LINE('',#3199,#3200);
#2582=VERTEX_POINT('',#3201);
#2583=LINE('',#3202,#3203);
#2584=LINE('',#3204,#3205);
#2585=VERTEX_POINT('',#3206);
#2586=VERTEX_POINT('',#3207);
#2587=LINE('',#3208,#3209);
#2588=VERTEX_POINT('',#3210);
#2589=LINE('',#3211,#3212);
#2590=VERTEX_POINT('',#3213);
#2591=LINE('',#3214,#3215);
#2592=LINE('',#3216,#3217);
#2593=VERTEX_POINT('',#3218);
#2594=VERTEX_POINT('',#3219);
#2595=LINE('',#3220,#3221);
#2596=VERTEX_POINT('',#3222);
#2597=LINE('',#3223,#3224);
#2598=VERTEX_POINT('',#3225);
#2599=LINE('',#3226,#3227);
#2600=LINE('',#3228,#3229);
#2601=VERTEX_POINT('',#3230);
#2602=CIRCLE('',#3231,0.00295000000000005);
#2603=VERTEX_POINT('',#3232);
#2604=VERTEX_POINT('',#3233);
#2605=CIRCLE('',#3234,0.000500000000000002);
#2606=VERTEX_POINT('',#3235);
#2607=LINE('',#3236,#3237);
#2608=VERTEX_POINT('',#3238);
#2609=CIRCLE('',#3239,0.0005);
#2610=VERTEX_POINT('',#3240);
#2611=LINE('',#3241,#3242);
#2612=VERTEX_POINT('',#3243);
#2613=CIRCLE('',#3244,0.0005);
#2614=VERTEX_POINT('',#3245);
#2615=LINE('',#3246,#3247);
#2616=VERTEX_POINT('',#3248);
#2617=CIRCLE('',#3249,0.0005);
#2618=LINE('',#3250,#3251);
#2619=VERTEX_POINT('',#3252);
#2620=CIRCLE('',#3253,0.00224999999999997);
#2621=VERTEX_POINT('',#3254);
#2622=CIRCLE('',#3255,0.00224999999999997);
#2623=VERTEX_POINT('',#3256);
#2624=CIRCLE('',#3257,0.00224999999999997);
#2625=VERTEX_POINT('',#3258);
#2626=CIRCLE('',#3259,0.045);
#2627=VERTEX_POINT('',#3260);
#2628=CIRCLE('',#3261,0.00224999999999997);
#2629=VERTEX_POINT('',#3262);
#2630=VERTEX_POINT('',#3263);
#2631=LINE('',#3264,#3265);
#2632=VERTEX_POINT('',#3266);
#2633=LINE('',#3267,#3268);
#2634=VERTEX_POINT('',#3269);
#2635=LINE('',#3270,#3271);
#2636=VERTEX_POINT('',#3272);
#2637=LINE('',#3273,#3274);
#2638=VERTEX_POINT('',#3275);
#2639=LINE('',#3276,#3277);
#2640=VERTEX_POINT('',#3278);
#2641=LINE('',#3279,#3280);
#2642=VERTEX_POINT('',#3281);
#2643=CIRCLE('',#3282,0.004);
#2644=VERTEX_POINT('',#3283);
#2645=LINE('',#3284,#3285);
#2646=VERTEX_POINT('',#3286);
#2647=LINE('',#3287,#3288);
#2648=VERTEX_POINT('',#3289);
#2649=LINE('',#3290,#3291);
#2650=VERTEX_POINT('',#3292);
#2651=LINE('',#3293,#3294);
#2652=VERTEX_POINT('',#3295);
#2653=LINE('',#3296,#3297);
#2654=VERTEX_POINT('',#3298);
#2655=LINE('',#3299,#3300);
#2656=VERTEX_POINT('',#3301);
#2657=LINE('',#3302,#3303);
#2658=VERTEX_POINT('',#3304);
#2659=LINE('',#3305,#3306);
#2660=VERTEX_POINT('',#3307);
#2661=LINE('',#3308,#3309);
#2662=VERTEX_POINT('',#3310);
#2663=CIRCLE('',#3311,0.004);
#2664=VERTEX_POINT('',#3312);
#2665=LINE('',#3313,#3314);
#2666=VERTEX_POINT('',#3315);
#2667=LINE('',#3316,#3317);
#2668=VERTEX_POINT('',#3318);
#2669=LINE('',#3319,#3320);
#2670=VERTEX_POINT('',#3321);
#2671=LINE('',#3322,#3323);
#2672=VERTEX_POINT('',#3324);
#2673=LINE('',#3325,#3326);
#2674=VERTEX_POINT('',#3327);
#2675=LINE('',#3328,#3329);
#2676=VERTEX_POINT('',#3330);
#2677=LINE('',#3331,#3332);
#2678=VERTEX_POINT('',#3333);
#2679=LINE('',#3334,#3335);
#2680=VERTEX_POINT('',#3336);
#2681=LINE('',#3337,#3338);
#2682=VERTEX_POINT('',#3339);
#2683=CIRCLE('',#3340,0.004);
#2684=VERTEX_POINT('',#3341);
#2685=LINE('',#3342,#3343);
#2686=VERTEX_POINT('',#3344);
#2687=LINE('',#3345,#3346);
#2688=VERTEX_POINT('',#3347);
#2689=LINE('',#3348,#3349);
#2690=VERTEX_POINT('',#3350);
#2691=LINE('',#3351,#3352);
#2692=VERTEX_POINT('',#3353);
#2693=LINE('',#3354,#3355);
#2694=VERTEX_POINT('',#3356);
#2695=LINE('',#3357,#3358);
#2696=VERTEX_POINT('',#3359);
#2697=LINE('',#3360,#3361);
#2698=VERTEX_POINT('',#3362);
#2699=LINE('',#3363,#3364);
#2700=VERTEX_POINT('',#3365);
#2701=LINE('',#3366,#3367);
#2702=VERTEX_POINT('',#3368);
#2703=CIRCLE('',#3369,0.004);
#2704=VERTEX_POINT('',#3370);
#2705=LINE('',#3371,#3372);
#2706=VERTEX_POINT('',#3373);
#2707=LINE('',#3374,#3375);
#2708=LINE('',#3376,#3377);
#2709=VERTEX_POINT('',#3378);
#2710=VERTEX_POINT('',#3379);
#2711=LINE('',#3380,#3381);
#2712=VERTEX_POINT('',#3382);
#2713=LINE('',#3383,#3384);
#2714=VERTEX_POINT('',#3385);
#2715=LINE('',#3386,#3387);
#2716=LINE('',#3388,#3389);
#2717=VERTEX_POINT('',#3390);
#2718=VERTEX_POINT('',#3391);
#2719=LINE('',#3392,#3393);
#2720=CIRCLE('',#3394,0.00589999000000685);
#2721=VERTEX_POINT('',#3395);
#2722=CIRCLE('',#3396,0.00590001000000684);
#2723=VERTEX_POINT('',#3397);
#2724=LINE('',#3398,#3399);
#2725=CIRCLE('',#3400,0.00590000900000842);
#2726=FILL_AREA_STYLE_COLOUR('',#3401);
#2727=VERTEX_POINT('',#3402);
#2728=VERTEX_POINT('',#3403);
#2729=LINE('',#3404,#3405);
#2730=VERTEX_POINT('',#3406);
#2731=LINE('',#3407,#3408);
#2732=VERTEX_POINT('',#3409);
#2733=LINE('',#3410,#3411);
#2734=LINE('',#3412,#3413);
#2735=VERTEX_POINT('',#3414);
#2736=VERTEX_POINT('',#3415);
#2737=LINE('',#3416,#3417);
#2738=VERTEX_POINT('',#3418);
#2739=LINE('',#3419,#3420);
#2740=VERTEX_POINT('',#3421);
#2741=LINE('',#3422,#3423);
#2742=LINE('',#3424,#3425);
#2743=VERTEX_POINT('',#3426);
#2744=VERTEX_POINT('',#3427);
#2745=LINE('',#3428,#3429);
#2746=VERTEX_POINT('',#3430);
#2747=LINE('',#3431,#3432);
#2748=VERTEX_POINT('',#3433);
#2749=LINE('',#3434,#3435);
#2750=VERTEX_POINT('',#3436);
#2751=LINE('',#3437,#3438);
#2752=VERTEX_POINT('',#3439);
#2753=LINE('',#3440,#3441);
#2754=VERTEX_POINT('',#3442);
#2755=LINE('',#3443,#3444);
#2756=VERTEX_POINT('',#3445);
#2757=CIRCLE('',#3446,0.004);
#2758=VERTEX_POINT('',#3447);
#2759=LINE('',#3448,#3449);
#2760=VERTEX_POINT('',#3450);
#2761=LINE('',#3451,#3452);
#2762=VERTEX_POINT('',#3453);
#2763=LINE('',#3454,#3455);
#2764=VERTEX_POINT('',#3456);
#2765=LINE('',#3457,#3458);
#2766=VERTEX_POINT('',#3459);
#2767=LINE('',#3460,#3461);
#2768=VERTEX_POINT('',#3462);
#2769=LINE('',#3463,#3464);
#2770=VERTEX_POINT('',#3465);
#2771=LINE('',#3466,#3467);
#2772=VERTEX_POINT('',#3468);
#2773=LINE('',#3469,#3470);
#2774=VERTEX_POINT('',#3471);
#2775=LINE('',#3472,#3473);
#2776=VERTEX_POINT('',#3474);
#2777=CIRCLE('',#3475,0.004);
#2778=VERTEX_POINT('',#3476);
#2779=LINE('',#3477,#3478);
#2780=VERTEX_POINT('',#3479);
#2781=LINE('',#3480,#3481);
#2782=VERTEX_POINT('',#3482);
#2783=LINE('',#3483,#3484);
#2784=VERTEX_POINT('',#3485);
#2785=LINE('',#3486,#3487);
#2786=VERTEX_POINT('',#3488);
#2787=LINE('',#3489,#3490);
#2788=VERTEX_POINT('',#3491);
#2789=LINE('',#3492,#3493);
#2790=VERTEX_POINT('',#3494);
#2791=LINE('',#3495,#3496);
#2792=VERTEX_POINT('',#3497);
#2793=LINE('',#3498,#3499);
#2794=VERTEX_POINT('',#3500);
#2795=LINE('',#3501,#3502);
#2796=VERTEX_POINT('',#3503);
#2797=CIRCLE('',#3504,0.004);
#2798=VERTEX_POINT('',#3505);
#2799=LINE('',#3506,#3507);
#2800=VERTEX_POINT('',#3508);
#2801=LINE('',#3509,#3510);
#2802=VERTEX_POINT('',#3511);
#2803=LINE('',#3512,#3513);
#2804=VERTEX_POINT('',#3514);
#2805=LINE('',#3515,#3516);
#2806=VERTEX_POINT('',#3517);
#2807=LINE('',#3518,#3519);
#2808=VERTEX_POINT('',#3520);
#2809=LINE('',#3521,#3522);
#2810=VERTEX_POINT('',#3523);
#2811=LINE('',#3524,#3525);
#2812=VERTEX_POINT('',#3526);
#2813=LINE('',#3527,#3528);
#2814=VERTEX_POINT('',#3529);
#2815=LINE('',#3530,#3531);
#2816=VERTEX_POINT('',#3532);
#2817=CIRCLE('',#3533,0.004);
#2818=VERTEX_POINT('',#3534);
#2819=LINE('',#3535,#3536);
#2820=VERTEX_POINT('',#3537);
#2821=LINE('',#3538,#3539);
#2822=LINE('',#3540,#3541);
#2823=VERTEX_POINT('',#3542);
#2824=CIRCLE('',#3543,0.00165000000000004);
#2825=VERTEX_POINT('',#3544);
#2826=CIRCLE('',#3545,0.00224999999999997);
#2827=VERTEX_POINT('',#3546);
#2828=CIRCLE('',#3547,0.045);
#2829=VERTEX_POINT('',#3548);
#2830=CIRCLE('',#3549,0.00224999999999997);
#2831=VERTEX_POINT('',#3550);
#2832=CIRCLE('',#3551,0.00224999999999997);
#2833=VERTEX_POINT('',#3552);
#2834=CIRCLE('',#3553,0.00224999999999997);
#2835=VERTEX_POINT('',#3554);
#2836=VERTEX_POINT('',#3555);
#2837=LINE('',#3556,#3557);
#2838=VERTEX_POINT('',#3558);
#2839=CIRCLE('',#3559,0.000500000000000002);
#2840=VERTEX_POINT('',#3560);
#2841=LINE('',#3561,#3562);
#2842=VERTEX_POINT('',#3563);
#2843=CIRCLE('',#3564,0.0005);
#2844=VERTEX_POINT('',#3565);
#2845=LINE('',#3566,#3567);
#2846=VERTEX_POINT('',#3568);
#2847=CIRCLE('',#3569,0.0005);
#2848=VERTEX_POINT('',#3570);
#2849=LINE('',#3571,#3572);
#2850=CIRCLE('',#3573,0.0005);
#2851=VERTEX_POINT('',#3574);
#2852=VERTEX_POINT('',#3575);
#2853=LINE('',#3576,#3577);
#2854=VERTEX_POINT('',#3578);
#2855=LINE('',#3579,#3580);
#2856=VERTEX_POINT('',#3581);
#2857=LINE('',#3582,#3583);
#2858=LINE('',#3584,#3585);
#2859=VERTEX_POINT('',#3586);
#2860=VERTEX_POINT('',#3587);
#2861=LINE('',#3588,#3589);
#2862=VERTEX_POINT('',#3590);
#2863=LINE('',#3591,#3592);
#2864=VERTEX_POINT('',#3593);
#2865=LINE('',#3594,#3595);
#2866=LINE('',#3596,#3597);
#2867=VERTEX_POINT('',#3598);
#2868=CIRCLE('',#3599,0.00165000000000004);
#2869=VERTEX_POINT('',#3600);
#2870=CIRCLE('',#3601,0.00589999000000685);
#2871=VERTEX_POINT('',#3602);
#2872=LINE('',#3603,#3604);
#2873=VERTEX_POINT('',#3605);
#2874=CIRCLE('',#3606,0.00590000900000842);
#2875=VERTEX_POINT('',#3607);
#2876=LINE('',#3608,#3609);
#2877=CIRCLE('',#3610,0.00590001000000684);
#2878=FILL_AREA_STYLE_COLOUR('',#3611);
#2879=LINE('',#3612,#3613);
#2880=LINE('',#3614,#3615);
#2881=FILL_AREA_STYLE_COLOUR('',#3616);
#2882=LINE('',#3617,#3618);
#2883=FILL_AREA_STYLE_COLOUR('',#3619);
#2884=LINE('',#3620,#3621);
#2885=FILL_AREA_STYLE_COLOUR('',#3622);
#2886=FILL_AREA_STYLE_COLOUR('',#3623);
#2887=VERTEX_POINT('',#3624);
#2888=CIRCLE('',#3625,0.00165000000000004);
#2889=FILL_AREA_STYLE_COLOUR('',#3626);
#2890=FILL_AREA_STYLE_COLOUR('',#3627);
#2891=FILL_AREA_STYLE_COLOUR('',#3628);
#2892=LINE('',#3629,#3630);
#2893=LINE('',#3631,#3632);
#2894=FILL_AREA_STYLE_COLOUR('',#3633);
#2895=LINE('',#3634,#3635);
#2896=LINE('',#3636,#3637);
#2897=FILL_AREA_STYLE_COLOUR('',#3638);
#2898=VERTEX_POINT('',#3639);
#2899=CIRCLE('',#3640,0.00165000000000004);
#2900=FILL_AREA_STYLE_COLOUR('',#3641);
#2901=LINE('',#3642,#3643);
#2902=LINE('',#3644,#3645);
#2903=FILL_AREA_STYLE_COLOUR('',#3646);
#2904=LINE('',#3647,#3648);
#2905=LINE('',#3649,#3650);
#2906=FILL_AREA_STYLE_COLOUR('',#3651);
#2907=FILL_AREA_STYLE_COLOUR('',#3652);
#2908=FILL_AREA_STYLE_COLOUR('',#3653);
#2909=FILL_AREA_STYLE_COLOUR('',#3654);
#2910=FILL_AREA_STYLE_COLOUR('',#3655);
#2911=FILL_AREA_STYLE_COLOUR('',#3656);
#2912=FILL_AREA_STYLE_COLOUR('',#3657);
#2913=VERTEX_POINT('',#3658);
#2914=CIRCLE('',#3659,0.0005);
#2915=VERTEX_POINT('',#3660);
#2916=LINE('',#3661,#3662);
#2917=CIRCLE('',#3663,0.0005);
#2918=FILL_AREA_STYLE_COLOUR('',#3664);
#2919=VERTEX_POINT('',#3665);
#2920=CIRCLE('',#3666,0.0005);
#2921=VERTEX_POINT('',#3667);
#2922=LINE('',#3668,#3669);
#2923=CIRCLE('',#3670,0.0005);
#2924=FILL_AREA_STYLE_COLOUR('',#3671);
#2925=VERTEX_POINT('',#3672);
#2926=CIRCLE('',#3673,0.0005);
#2927=VERTEX_POINT('',#3674);
#2928=LINE('',#3675,#3676);
#2929=CIRCLE('',#3677,0.0005);
#2930=FILL_AREA_STYLE_COLOUR('',#3678);
#2931=VERTEX_POINT('',#3679);
#2932=CIRCLE('',#3680,0.0005);
#2933=VERTEX_POINT('',#3681);
#2934=LINE('',#3682,#3683);
#2935=CIRCLE('',#3684,0.0005);
#2936=FILL_AREA_STYLE_COLOUR('',#3685);
#2937=VERTEX_POINT('',#3686);
#2938=CIRCLE('',#3687,0.002);
#2939=VERTEX_POINT('',#3688);
#2940=LINE('',#3689,#3690);
#2941=CIRCLE('',#3691,0.002);
#2942=FILL_AREA_STYLE_COLOUR('',#3692);
#2943=VERTEX_POINT('',#3693);
#2944=CIRCLE('',#3694,0.002);
#2945=VERTEX_POINT('',#3695);
#2946=LINE('',#3696,#3697);
#2947=CIRCLE('',#3698,0.002);
#2948=FILL_AREA_STYLE_COLOUR('',#3699);
#2949=VERTEX_POINT('',#3700);
#2950=CIRCLE('',#3701,0.002);
#2951=VERTEX_POINT('',#3702);
#2952=LINE('',#3703,#3704);
#2953=CIRCLE('',#3705,0.002);
#2954=FILL_AREA_STYLE_COLOUR('',#3706);
#2955=VERTEX_POINT('',#3707);
#2956=CIRCLE('',#3708,0.0015);
#2957=VERTEX_POINT('',#3709);
#2958=CIRCLE('',#3710,0.0015);
#2959=FILL_AREA_STYLE_COLOUR('',#3711);
#2960=VERTEX_POINT('',#3712);
#2961=CIRCLE('',#3713,0.0015);
#2962=VERTEX_POINT('',#3714);
#2963=CIRCLE('',#3715,0.0015);
#2964=FILL_AREA_STYLE_COLOUR('',#3716);
#2965=VERTEX_POINT('',#3717);
#2966=CIRCLE('',#3718,0.0015);
#2967=VERTEX_POINT('',#3719);
#2968=CIRCLE('',#3720,0.0015);
#2969=FILL_AREA_STYLE_COLOUR('',#3721);
#2970=VERTEX_POINT('',#3722);
#2971=CIRCLE('',#3723,0.0015);
#2972=VERTEX_POINT('',#3724);
#2973=CIRCLE('',#3725,0.0015);
#2974=FILL_AREA_STYLE_COLOUR('',#3726);
#2975=VERTEX_POINT('',#3727);
#2976=CIRCLE('',#3728,0.002);
#2977=VERTEX_POINT('',#3729);
#2978=LINE('',#3730,#3731);
#2979=CIRCLE('',#3732,0.002);
#2980=FILL_AREA_STYLE_COLOUR('',#3733);
#2981=VERTEX_POINT('',#3734);
#2982=CIRCLE('',#3735,0.0015);
#2983=VERTEX_POINT('',#3736);
#2984=CIRCLE('',#3737,0.0015);
#2985=FILL_AREA_STYLE_COLOUR('',#3738);
#2986=VERTEX_POINT('',#3739);
#2987=CIRCLE('',#3740,0.0015);
#2988=VERTEX_POINT('',#3741);
#2989=CIRCLE('',#3742,0.0015);
#2990=FILL_AREA_STYLE_COLOUR('',#3743);
#2991=LINE('',#3744,#3745);
#2992=LINE('',#3746,#3747);
#2993=FILL_AREA_STYLE_COLOUR('',#3748);
#2994=LINE('',#3749,#3750);
#2995=LINE('',#3751,#3752);
#2996=FILL_AREA_STYLE_COLOUR('',#3753);
#2997=LINE('',#3754,#3755);
#2998=LINE('',#3756,#3757);
#2999=FILL_AREA_STYLE_COLOUR('',#3758);
#3000=LINE('',#3759,#3760);
#3001=LINE('',#3761,#3762);
#3002=FILL_AREA_STYLE_COLOUR('',#3763);
#3003=LINE('',#3764,#3765);
#3004=FILL_AREA_STYLE_COLOUR('',#3766);
#3005=LINE('',#3767,#3768);
#3006=FILL_AREA_STYLE_COLOUR('',#3769);
#3007=LINE('',#3770,#3771);
#3008=FILL_AREA_STYLE_COLOUR('',#3772);
#3009=LINE('',#3773,#3774);
#3010=FILL_AREA_STYLE_COLOUR('',#3775);
#3011=LINE('',#3776,#3777);
#3012=LINE('',#3778,#3779);
#3013=FILL_AREA_STYLE_COLOUR('',#3780);
#3014=LINE('',#3781,#3782);
#3015=FILL_AREA_STYLE_COLOUR('',#3783);
#3016=LINE('',#3784,#3785);
#3017=FILL_AREA_STYLE_COLOUR('',#3786);
#3018=LINE('',#3787,#3788);
#3019=FILL_AREA_STYLE_COLOUR('',#3789);
#3020=LINE('',#3790,#3791);
#3021=LINE('',#3792,#3793);
#3022=FILL_AREA_STYLE_COLOUR('',#3794);
#3023=LINE('',#3795,#3796);
#3024=FILL_AREA_STYLE_COLOUR('',#3797);
#3025=LINE('',#3798,#3799);
#3026=LINE('',#3800,#3801);
#3027=FILL_AREA_STYLE_COLOUR('',#3802);
#3028=LINE('',#3803,#3804);
#3029=LINE('',#3805,#3806);
#3030=FILL_AREA_STYLE_COLOUR('',#3807);
#3031=LINE('',#3808,#3809);
#3032=FILL_AREA_STYLE_COLOUR('',#3810);
#3033=LINE('',#3811,#3812);
#3034=FILL_AREA_STYLE_COLOUR('',#3813);
#3035=LINE('',#3814,#3815);
#3036=FILL_AREA_STYLE_COLOUR('',#3816);
#3037=LINE('',#3817,#3818);
#3038=FILL_AREA_STYLE_COLOUR('',#3819);
#3039=VERTEX_POINT('',#3820);
#3040=LINE('',#3821,#3822);
#3041=VERTEX_POINT('',#3823);
#3042=LINE('',#3824,#3825);
#3043=LINE('',#3826,#3827);
#3044=FILL_AREA_STYLE_COLOUR('',#3828);
#3045=VERTEX_POINT('',#3829);
#3046=LINE('',#3830,#3831);
#3047=VERTEX_POINT('',#3832);
#3048=LINE('',#3833,#3834);
#3049=LINE('',#3835,#3836);
#3050=FILL_AREA_STYLE_COLOUR('',#3837);
#3051=VERTEX_POINT('',#3838);
#3052=LINE('',#3839,#3840);
#3053=VERTEX_POINT('',#3841);
#3054=LINE('',#3842,#3843);
#3055=LINE('',#3844,#3845);
#3056=FILL_AREA_STYLE_COLOUR('',#3846);
#3057=VERTEX_POINT('',#3847);
#3058=LINE('',#3848,#3849);
#3059=VERTEX_POINT('',#3850);
#3060=LINE('',#3851,#3852);
#3061=LINE('',#3853,#3854);
#3062=FILL_AREA_STYLE_COLOUR('',#3855);
#3063=VERTEX_POINT('',#3856);
#3064=LINE('',#3857,#3858);
#3065=VERTEX_POINT('',#3859);
#3066=LINE('',#3860,#3861);
#3067=LINE('',#3862,#3863);
#3068=FILL_AREA_STYLE_COLOUR('',#3864);
#3069=LINE('',#3865,#3866);
#3070=FILL_AREA_STYLE_COLOUR('',#3867);
#3071=LINE('',#3868,#3869);
#3072=FILL_AREA_STYLE_COLOUR('',#3870);
#3073=LINE('',#3871,#3872);
#3074=FILL_AREA_STYLE_COLOUR('',#3873);
#3075=FILL_AREA_STYLE_COLOUR('',#3874);
#3076=FILL_AREA_STYLE_COLOUR('',#3875);
#3077=FILL_AREA_STYLE_COLOUR('',#3876);
#3078=FILL_AREA_STYLE_COLOUR('',#3877);
#3079=LINE('',#3878,#3879);
#3080=FILL_AREA_STYLE_COLOUR('',#3880);
#3081=FILL_AREA_STYLE_COLOUR('',#3881);
#3082=FILL_AREA_STYLE_COLOUR('',#3882);
#3083=FILL_AREA_STYLE_COLOUR('',#3883);
#3084=FILL_AREA_STYLE_COLOUR('',#3884);
#3085=LINE('',#3885,#3886);
#3086=LINE('',#3887,#3888);
#3087=FILL_AREA_STYLE_COLOUR('',#3889);
#3088=LINE('',#3890,#3891);
#3089=FILL_AREA_STYLE_COLOUR('',#3892);
#3090=LINE('',#3893,#3894);
#3091=FILL_AREA_STYLE_COLOUR('',#3895);
#3092=FILL_AREA_STYLE_COLOUR('',#3896);
#3093=LINE('',#3897,#3898);
#3094=LINE('',#3899,#3900);
#3095=FILL_AREA_STYLE_COLOUR('',#3901);
#3096=LINE('',#3902,#3903);
#3097=FILL_AREA_STYLE_COLOUR('',#3904);
#3098=LINE('',#3905,#3906);
#3099=FILL_AREA_STYLE_COLOUR('',#3907);
#3100=FILL_AREA_STYLE_COLOUR('',#3908);
#3101=LINE('',#3909,#3910);
#3102=LINE('',#3911,#3912);
#3103=FILL_AREA_STYLE_COLOUR('',#3913);
#3104=LINE('',#3914,#3915);
#3105=FILL_AREA_STYLE_COLOUR('',#3916);
#3106=LINE('',#3917,#3918);
#3107=FILL_AREA_STYLE_COLOUR('',#3919);
#3108=FILL_AREA_STYLE_COLOUR('',#3920);
#3109=LINE('',#3921,#3922);
#3110=LINE('',#3923,#3924);
#3111=FILL_AREA_STYLE_COLOUR('',#3925);
#3112=LINE('',#3926,#3927);
#3113=FILL_AREA_STYLE_COLOUR('',#3928);
#3114=LINE('',#3929,#3930);
#3115=FILL_AREA_STYLE_COLOUR('',#3931);
#3116=FILL_AREA_STYLE_COLOUR('',#3932);
#3117=VERTEX_POINT('',#3933);
#3118=LINE('',#3934,#3935);
#3119=VERTEX_POINT('',#3936);
#3120=LINE('',#3937,#3938);
#3121=LINE('',#3939,#3940);
#3122=FILL_AREA_STYLE_COLOUR('',#3941);
#3123=LINE('',#3942,#3943);
#3124=FILL_AREA_STYLE_COLOUR('',#3944);
#3125=VERTEX_POINT('',#3945);
#3126=LINE('',#3946,#3947);
#3127=VERTEX_POINT('',#3948);
#3128=LINE('',#3949,#3950);
#3129=LINE('',#3951,#3952);
#3130=FILL_AREA_STYLE_COLOUR('',#3953);
#3131=VERTEX_POINT('',#3954);
#3132=LINE('',#3955,#3956);
#3133=VERTEX_POINT('',#3957);
#3134=LINE('',#3958,#3959);
#3135=LINE('',#3960,#3961);
#3136=FILL_AREA_STYLE_COLOUR('',#3962);
#3137=LINE('',#3963,#3964);
#3138=FILL_AREA_STYLE_COLOUR('',#3965);
#3139=LINE('',#3966,#3967);
#3140=FILL_AREA_STYLE_COLOUR('',#3968);
#3141=LINE('',#3969,#3970);
#3142=FILL_AREA_STYLE_COLOUR('',#3971);
#3143=LINE('',#3972,#3973);
#3144=FILL_AREA_STYLE_COLOUR('',#3974);
#3145=FILL_AREA_STYLE_COLOUR('',#3975);
#3146=LINE('',#3976,#3977);
#3147=FILL_AREA_STYLE_COLOUR('',#3978);
#3148=LINE('',#3979,#3980);
#3149=FILL_AREA_STYLE_COLOUR('',#3981);
#3150=FILL_AREA_STYLE_COLOUR('',#3982);
#3151=FILL_AREA_STYLE_COLOUR('',#3983);
#3152=LINE('',#3984,#3985);
#3153=FILL_AREA_STYLE_COLOUR('',#3986);
#3154=COLOUR_RGB('',0.752941191196442,0.752941191196442,0.752941191196442);
#3155=CARTESIAN_POINT('',(0.052,0.26725,0.0202000000000001));
#3156=AXIS2_PLACEMENT_3D('',#3987,#3988,#3989);
#3157=CARTESIAN_POINT('',(0.052,0.26595,0.0189000000000002));
#3158=AXIS2_PLACEMENT_3D('',#3990,#3991,#3992);
#3159=COLOUR_RGB('',0.752941191196442,0.752941191196442,0.752941191196442);
#3160=CARTESIAN_POINT('',(0.052,0.26575,0.0189000000000002));
#3161=AXIS2_PLACEMENT_3D('',#3993,#3994,#3995);
#3162=COLOUR_RGB('',0.752941191196442,0.752941191196442,0.752941191196442);
#3163=CARTESIAN_POINT('',(0.016796509,0.26725,0.0118534900002706));
#3164=CARTESIAN_POINT('',(0.0226965089999511,0.26725,0.00595350899999849));
#3165=AXIS2_PLACEMENT_3D('',#3996,#3997,#3998);
#3166=CARTESIAN_POINT('',(0.016796509,0.26575,0.0118534900002706));
#3167=CARTESIAN_POINT('',(0.016796509,0.257249,0.0118534900002706));
#3168=VECTOR('',#3999,1.0);
#3169=CARTESIAN_POINT('',(0.0226965089999511,0.26575,0.00595350899999849));
#3170=AXIS2_PLACEMENT_3D('',#4000,#4001,#4002);
#3171=CARTESIAN_POINT('',(0.0226965089999511,0.257249,0.00595350899999849));
#3172=VECTOR('',#4003,1.0);
#3173=COLOUR_RGB('',0.752941191196442,0.752941191196442,0.752941191196442);
#3174=CARTESIAN_POINT('',(0.0412965089999801,0.26725,0.0059534900000001));
#3175=CARTESIAN_POINT('',(0.240999895503366,0.26725,0.00595328600193451));
#3176=VECTOR('',#4004,1.0);
#3177=CARTESIAN_POINT('',(0.0412965089999801,0.26575,0.00595349000000014));
#3178=CARTESIAN_POINT('',(0.240999895503366,0.26575,0.00595328600193451));
#3179=VECTOR('',#4005,1.0);
#3180=CARTESIAN_POINT('',(0.0412965089999801,0.257249,0.0059534900000001));
#3181=VECTOR('',#4006,1.0);
#3182=COLOUR_RGB('',0.752941191196442,0.752941191196442,0.752941191196442);
#3183=CARTESIAN_POINT('',(0.0167965100000017,0.26725,0.0226534900002723));
#3184=CARTESIAN_POINT('',(0.0167965179256189,0.26725,0.108250020759615));
#3185=VECTOR('',#4007,1.0);
#3186=CARTESIAN_POINT('',(0.0167965100000016,0.26575,0.0226534900002723));
#3187=CARTESIAN_POINT('',(0.0167965100000017,0.257249,0.0226534900002723));
#3188=VECTOR('',#4008,1.0);
#3189=CARTESIAN_POINT('',(0.0167965179256189,0.26575,0.108250020759615));
#3190=VECTOR('',#4009,1.0);
#3191=COLOUR_RGB('',0.752941191196442,0.752941191196442,0.752941191196442);
#3192=CARTESIAN_POINT('',(0.012,0.26725,0.0202000000000001));
#3193=AXIS2_PLACEMENT_3D('',#4010,#4011,#4012);
#3194=CARTESIAN_POINT('',(0.2215,0.26725,0.00135000000000014));
#3195=CARTESIAN_POINT('',(0.1851,0.26725,0.00135000000000014));
#3196=CARTESIAN_POINT('',(0.241,0.26725,0.00135000000000014));
#3197=VECTOR('',#4013,1.0);
#3198=CARTESIAN_POINT('',(0.2215,0.26725,0.0087500000000001));
#3199=CARTESIAN_POINT('',(0.2215,0.26725,0.10825));
#3200=VECTOR('',#4014,1.0);
#3201=CARTESIAN_POINT('',(0.1851,0.26725,0.0087500000000001));
#3202=CARTESIAN_POINT('',(0.241,0.26725,0.0087500000000001));
#3203=VECTOR('',#4015,1.0);
#3204=CARTESIAN_POINT('',(0.1851,0.26725,0.10825));
#3205=VECTOR('',#4016,1.0);
#3206=CARTESIAN_POINT('',(0.1086,0.26725,0.00795000000000014));
#3207=CARTESIAN_POINT('',(0.1239,0.26725,0.00795000000000014));
#3208=CARTESIAN_POINT('',(0.241,0.26725,0.00795000000000014));
#3209=VECTOR('',#4017,1.0);
#3210=CARTESIAN_POINT('',(0.1086,0.26725,0.00145000000000008));
#3211=CARTESIAN_POINT('',(0.1086,0.26725,0.10825));
#3212=VECTOR('',#4018,1.0);
#3213=CARTESIAN_POINT('',(0.1239,0.26725,0.00145000000000008));
#3214=CARTESIAN_POINT('',(0.241,0.26725,0.00145000000000008));
#3215=VECTOR('',#4019,1.0);
#3216=CARTESIAN_POINT('',(0.1239,0.26725,0.10825));
#3217=VECTOR('',#4020,1.0);
#3218=CARTESIAN_POINT('',(0.08175,0.26725,0.0314500000000001));
#3219=CARTESIAN_POINT('',(0.09925,0.26725,0.0314500000000001));
#3220=CARTESIAN_POINT('',(0.241,0.26725,0.0314500000000001));
#3221=VECTOR('',#4021,1.0);
#3222=CARTESIAN_POINT('',(0.08175,0.26725,0.00145000000000008));
#3223=CARTESIAN_POINT('',(0.08175,0.26725,0.10825));
#3224=VECTOR('',#4022,1.0);
#3225=CARTESIAN_POINT('',(0.09925,0.26725,0.00145000000000008));
#3226=CARTESIAN_POINT('',(0.241,0.26725,0.00145000000000008));
#3227=VECTOR('',#4023,1.0);
#3228=CARTESIAN_POINT('',(0.09925,0.26725,0.10825));
#3229=VECTOR('',#4024,1.0);
#3230=CARTESIAN_POINT('',(0.11625,0.26725,0.0168000000000002));
#3231=AXIS2_PLACEMENT_3D('',#4025,#4026,#4027);
#3232=CARTESIAN_POINT('',(-0.000999999999999973,0.26725,0.0052500000000001));
#3233=CARTESIAN_POINT('',(-0.000499999999999973,0.26725,0.0047500000000001));
#3234=AXIS2_PLACEMENT_3D('',#4028,#4029,#4030);
#3235=CARTESIAN_POINT('',(0.00600000000000003,0.26725,0.0047500000000001));
#3236=CARTESIAN_POINT('',(0.241,0.26725,0.0047500000000001));
#3237=VECTOR('',#4031,1.0);
#3238=CARTESIAN_POINT('',(0.00650000000000003,0.26725,0.0052500000000001));
#3239=AXIS2_PLACEMENT_3D('',#4032,#4033,#4034);
#3240=CARTESIAN_POINT('',(0.00650000000000003,0.26725,0.0077500000000001));
#3241=CARTESIAN_POINT('',(0.00650000000000003,0.26725,0.10825));
#3242=VECTOR('',#4035,1.0);
#3243=CARTESIAN_POINT('',(0.00600000000000003,0.26725,0.0082500000000001));
#3244=AXIS2_PLACEMENT_3D('',#4036,#4037,#4038);
#3245=CARTESIAN_POINT('',(-0.000499999999999973,0.26725,0.0082500000000001));
#3246=CARTESIAN_POINT('',(0.241,0.26725,0.0082500000000001));
#3247=VECTOR('',#4039,1.0);
#3248=CARTESIAN_POINT('',(-0.000999999999999973,0.26725,0.0077500000000001));
#3249=AXIS2_PLACEMENT_3D('',#4040,#4041,#4042);
#3250=CARTESIAN_POINT('',(-0.000999999999999973,0.26725,0.10825));
#3251=VECTOR('',#4043,1.0);
#3252=CARTESIAN_POINT('',(0.145,0.26725,0.105));
#3253=AXIS2_PLACEMENT_3D('',#4044,#4045,#4046);
#3254=CARTESIAN_POINT('',(0.2275,0.26725,0.105));
#3255=AXIS2_PLACEMENT_3D('',#4047,#4048,#4049);
#3256=CARTESIAN_POINT('',(0.2275,0.26725,0.0225000000000001));
#3257=AXIS2_PLACEMENT_3D('',#4050,#4051,#4052);
#3258=CARTESIAN_POINT('',(0.18625,0.26725,0.1065));
#3259=AXIS2_PLACEMENT_3D('',#4053,#4054,#4055);
#3260=CARTESIAN_POINT('',(0.145,0.26725,0.0225000000000001));
#3261=AXIS2_PLACEMENT_3D('',#4056,#4057,#4058);
#3262=CARTESIAN_POINT('',(-0.00449999999999998,0.26725,-0.000250000000000084));
#3263=CARTESIAN_POINT('',(-0.00499999999999998,0.26725,-0.000250000000000084));
#3264=CARTESIAN_POINT('',(0.241,0.26725,-0.000249999999999904));
#3265=VECTOR('',#4059,1.0);
#3266=CARTESIAN_POINT('',(-0.00500000000000006,0.26725,0.10675));
#3267=CARTESIAN_POINT('',(-0.00500000000000006,0.26725,0.10675));
#3268=VECTOR('',#4060,1.0);
#3269=CARTESIAN_POINT('',(-0.00450000000000006,0.26725,0.10675));
#3270=CARTESIAN_POINT('',(0.241,0.26725,0.10675));
#3271=VECTOR('',#4061,1.0);
#3272=CARTESIAN_POINT('',(-0.00450000000000006,0.26725,0.10695));
#3273=CARTESIAN_POINT('',(-0.00450000000000006,0.26725,0.10825));
#3274=VECTOR('',#4062,1.0);
#3275=CARTESIAN_POINT('',(-0.00700000000000007,0.26725,0.10695));
#3276=CARTESIAN_POINT('',(0.241,0.26725,0.10695));
#3277=VECTOR('',#4063,1.0);
#3278=CARTESIAN_POINT('',(-0.00700000000000007,0.26725,0.10825));
#3279=CARTESIAN_POINT('',(-0.00700000000000007,0.26725,0.10825));
#3280=VECTOR('',#4064,1.0);
#3281=CARTESIAN_POINT('',(-0.00300000000000006,0.26725,0.11225));
#3282=AXIS2_PLACEMENT_3D('',#4065,#4066,#4067);
#3283=CARTESIAN_POINT('',(-0.00170000000000004,0.26725,0.11225));
#3284=CARTESIAN_POINT('',(0.241,0.26725,0.11225));
#3285=VECTOR('',#4068,1.0);
#3286=CARTESIAN_POINT('',(-0.00170000000000004,0.26725,0.10975));
#3287=CARTESIAN_POINT('',(-0.00170000000000004,0.26725,0.10825));
#3288=VECTOR('',#4069,1.0);
#3289=CARTESIAN_POINT('',(-0.00150000000000006,0.26725,0.10975));
#3290=CARTESIAN_POINT('',(0.241,0.26725,0.10975));
#3291=VECTOR('',#4070,1.0);
#3292=CARTESIAN_POINT('',(-0.00150000000000006,0.26725,0.11025));
#3293=CARTESIAN_POINT('',(-0.00150000000000006,0.26725,0.10825));
#3294=VECTOR('',#4071,1.0);
#3295=CARTESIAN_POINT('',(0.2395,0.26725,0.11025));
#3296=CARTESIAN_POINT('',(0.2395,0.26725,0.11025));
#3297=VECTOR('',#4072,1.0);
#3298=CARTESIAN_POINT('',(0.2395,0.26725,0.10975));
#3299=CARTESIAN_POINT('',(0.2395,0.26725,0.10825));
#3300=VECTOR('',#4073,1.0);
#3301=CARTESIAN_POINT('',(0.2397,0.26725,0.10975));
#3302=CARTESIAN_POINT('',(0.241,0.26725,0.10975));
#3303=VECTOR('',#4074,1.0);
#3304=CARTESIAN_POINT('',(0.2397,0.26725,0.11225));
#3305=CARTESIAN_POINT('',(0.2397,0.26725,0.10825));
#3306=VECTOR('',#4075,1.0);
#3307=CARTESIAN_POINT('',(0.241,0.26725,0.11225));
#3308=CARTESIAN_POINT('',(0.241,0.26725,0.11225));
#3309=VECTOR('',#4076,1.0);
#3310=CARTESIAN_POINT('',(0.245,0.26725,0.10825));
#3311=AXIS2_PLACEMENT_3D('',#4077,#4078,#4079);
#3312=CARTESIAN_POINT('',(0.245,0.26725,0.10695));
#3313=CARTESIAN_POINT('',(0.245,0.26725,-0.00174999999999991));
#3314=VECTOR('',#4080,1.0);
#3315=CARTESIAN_POINT('',(0.2425,0.26725,0.10695));
#3316=CARTESIAN_POINT('',(0.241,0.26725,0.10695));
#3317=VECTOR('',#4081,1.0);
#3318=CARTESIAN_POINT('',(0.2425,0.26725,0.10675));
#3319=CARTESIAN_POINT('',(0.2425,0.26725,0.10825));
#3320=VECTOR('',#4082,1.0);
#3321=CARTESIAN_POINT('',(0.243,0.26725,0.10675));
#3322=CARTESIAN_POINT('',(0.241,0.26725,0.10675));
#3323=VECTOR('',#4083,1.0);
#3324=CARTESIAN_POINT('',(0.243,0.26725,-0.000249999999999904));
#3325=CARTESIAN_POINT('',(0.243,0.26725,-0.000249999999999904));
#3326=VECTOR('',#4084,1.0);
#3327=CARTESIAN_POINT('',(0.2425,0.26725,-0.000249999999999904));
#3328=CARTESIAN_POINT('',(0.241,0.26725,-0.000249999999999904));
#3329=VECTOR('',#4085,1.0);
#3330=CARTESIAN_POINT('',(0.2425,0.26725,-0.000449999999999909));
#3331=CARTESIAN_POINT('',(0.2425,0.26725,0.10825));
#3332=VECTOR('',#4086,1.0);
#3333=CARTESIAN_POINT('',(0.245,0.26725,-0.000449999999999909));
#3334=CARTESIAN_POINT('',(0.241,0.26725,-0.000449999999999909));
#3335=VECTOR('',#4087,1.0);
#3336=CARTESIAN_POINT('',(0.245,0.26725,-0.00174999999999991));
#3337=CARTESIAN_POINT('',(0.245,0.26725,-0.00174999999999991));
#3338=VECTOR('',#4088,1.0);
#3339=CARTESIAN_POINT('',(0.241,0.26725,-0.00574999999999991));
#3340=AXIS2_PLACEMENT_3D('',#4089,#4090,#4091);
#3341=CARTESIAN_POINT('',(0.2397,0.26725,-0.00574999999999991));
#3342=CARTESIAN_POINT('',(-0.00299999999999998,0.26725,-0.00575000000000009));
#3343=VECTOR('',#4092,1.0);
#3344=CARTESIAN_POINT('',(0.2397,0.26725,-0.00324999999999991));
#3345=CARTESIAN_POINT('',(0.2397,0.26725,0.10825));
#3346=VECTOR('',#4093,1.0);
#3347=CARTESIAN_POINT('',(0.2395,0.26725,-0.00324999999999991));
#3348=CARTESIAN_POINT('',(0.241,0.26725,-0.00324999999999991));
#3349=VECTOR('',#4094,1.0);
#3350=CARTESIAN_POINT('',(0.2395,0.26725,-0.00374999999999991));
#3351=CARTESIAN_POINT('',(0.2395,0.26725,0.10825));
#3352=VECTOR('',#4095,1.0);
#3353=CARTESIAN_POINT('',(-0.00149999999999998,0.26725,-0.00375000000000009));
#3354=CARTESIAN_POINT('',(-0.00149999999999998,0.26725,-0.00375000000000009));
#3355=VECTOR('',#4096,1.0);
#3356=CARTESIAN_POINT('',(-0.00149999999999998,0.26725,-0.00325000000000009));
#3357=CARTESIAN_POINT('',(-0.00150000000000006,0.26725,0.10825));
#3358=VECTOR('',#4097,1.0);
#3359=CARTESIAN_POINT('',(-0.00169999999999996,0.26725,-0.00325000000000009));
#3360=CARTESIAN_POINT('',(0.241,0.26725,-0.00324999999999991));
#3361=VECTOR('',#4098,1.0);
#3362=CARTESIAN_POINT('',(-0.00169999999999996,0.26725,-0.00575000000000009));
#3363=CARTESIAN_POINT('',(-0.00170000000000004,0.26725,0.10825));
#3364=VECTOR('',#4099,1.0);
#3365=CARTESIAN_POINT('',(-0.00299999999999998,0.26725,-0.00575000000000009));
#3366=CARTESIAN_POINT('',(-0.00299999999999998,0.26725,-0.00575000000000009));
#3367=VECTOR('',#4100,1.0);
#3368=CARTESIAN_POINT('',(-0.00699999999999998,0.26725,-0.0017500000000001));
#3369=AXIS2_PLACEMENT_3D('',#4101,#4102,#4103);
#3370=CARTESIAN_POINT('',(-0.00699999999999998,0.26725,-0.000450000000000104));
#3371=CARTESIAN_POINT('',(-0.00700000000000007,0.26725,0.10825));
#3372=VECTOR('',#4104,1.0);
#3373=CARTESIAN_POINT('',(-0.00449999999999998,0.26725,-0.00045000000000009));
#3374=CARTESIAN_POINT('',(0.241,0.26725,-0.000449999999999909));
#3375=VECTOR('',#4105,1.0);
#3376=CARTESIAN_POINT('',(-0.00450000000000006,0.26725,0.10825));
#3377=VECTOR('',#4106,1.0);
#3378=CARTESIAN_POINT('',(0.1386,0.26725,0.0087500000000001));
#3379=CARTESIAN_POINT('',(0.1386,0.26725,0.00135000000000014));
#3380=CARTESIAN_POINT('',(0.1386,0.26725,0.10825));
#3381=VECTOR('',#4107,1.0);
#3382=CARTESIAN_POINT('',(0.175,0.26725,0.00135000000000014));
#3383=CARTESIAN_POINT('',(0.241,0.26725,0.00135000000000014));
#3384=VECTOR('',#4108,1.0);
#3385=CARTESIAN_POINT('',(0.175,0.26725,0.0087500000000001));
#3386=CARTESIAN_POINT('',(0.175,0.26725,0.10825));
#3387=VECTOR('',#4109,1.0);
#3388=CARTESIAN_POINT('',(0.241,0.26725,0.0087500000000001));
#3389=VECTOR('',#4110,1.0);
#3390=CARTESIAN_POINT('',(0.0412965089999786,0.26725,0.0285535090000016));
#3391=CARTESIAN_POINT('',(0.0226965089999496,0.26725,0.0285534900000001));
#3392=CARTESIAN_POINT('',(0.241000081410192,0.26725,0.0285537129982918));
#3393=VECTOR('',#4111,1.0);
#3394=AXIS2_PLACEMENT_3D('',#4112,#4113,#4114);
#3395=CARTESIAN_POINT('',(0.0471965099999984,0.26725,0.0118534900002385));
#3396=AXIS2_PLACEMENT_3D('',#4115,#4116,#4117);
#3397=CARTESIAN_POINT('',(0.0471965090000001,0.26725,0.0226534900002401));
#3398=CARTESIAN_POINT('',(0.047196501074412,0.26725,0.108249982055261));
#3399=VECTOR('',#4118,1.0);
#3400=AXIS2_PLACEMENT_3D('',#4119,#4120,#4121);
#3401=COLOUR_RGB('',0.752941191196442,0.752941191196442,0.752941191196442);
#3402=CARTESIAN_POINT('',(0.1386,0.26575,0.00135000000000014));
#3403=CARTESIAN_POINT('',(0.175,0.26575,0.00135000000000014));
#3404=CARTESIAN_POINT('',(0.241,0.26575,0.00135000000000014));
#3405=VECTOR('',#4122,1.0);
#3406=CARTESIAN_POINT('',(0.1386,0.26575,0.0087500000000001));
#3407=CARTESIAN_POINT('',(0.1386,0.26575,0.10825));
#3408=VECTOR('',#4123,1.0);
#3409=CARTESIAN_POINT('',(0.175,0.26575,0.0087500000000001));
#3410=CARTESIAN_POINT('',(0.241,0.26575,0.0087500000000001));
#3411=VECTOR('',#4124,1.0);
#3412=CARTESIAN_POINT('',(0.175,0.26575,0.10825));
#3413=VECTOR('',#4125,1.0);
#3414=CARTESIAN_POINT('',(0.2215,0.26575,0.0087500000000001));
#3415=CARTESIAN_POINT('',(0.2215,0.26575,0.00135000000000014));
#3416=CARTESIAN_POINT('',(0.2215,0.26575,0.10825));
#3417=VECTOR('',#4126,1.0);
#3418=CARTESIAN_POINT('',(0.1851,0.26575,0.00135000000000014));
#3419=CARTESIAN_POINT('',(0.241,0.26575,0.00135000000000014));
#3420=VECTOR('',#4127,1.0);
#3421=CARTESIAN_POINT('',(0.1851,0.26575,0.0087500000000001));
#3422=CARTESIAN_POINT('',(0.1851,0.26575,0.10825));
#3423=VECTOR('',#4128,1.0);
#3424=CARTESIAN_POINT('',(0.241,0.26575,0.0087500000000001));
#3425=VECTOR('',#4129,1.0);
#3426=CARTESIAN_POINT('',(0.2395,0.26575,0.11025));
#3427=CARTESIAN_POINT('',(0.2395,0.26575,0.10975));
#3428=CARTESIAN_POINT('',(0.2395,0.26575,0.10825));
#3429=VECTOR('',#4130,1.0);
#3430=CARTESIAN_POINT('',(-0.00150000000000006,0.26575,0.11025));
#3431=CARTESIAN_POINT('',(0.241,0.26575,0.11025));
#3432=VECTOR('',#4131,1.0);
#3433=CARTESIAN_POINT('',(-0.00150000000000006,0.26575,0.10975));
#3434=CARTESIAN_POINT('',(-0.00150000000000006,0.26575,0.11875));
#3435=VECTOR('',#4132,1.0);
#3436=CARTESIAN_POINT('',(-0.00170000000000004,0.26575,0.10975));
#3437=CARTESIAN_POINT('',(0.241,0.26575,0.10975));
#3438=VECTOR('',#4133,1.0);
#3439=CARTESIAN_POINT('',(-0.00170000000000004,0.26575,0.11225));
#3440=CARTESIAN_POINT('',(-0.00170000000000004,0.26575,0.10825));
#3441=VECTOR('',#4134,1.0);
#3442=CARTESIAN_POINT('',(-0.00300000000000006,0.26575,0.11225));
#3443=CARTESIAN_POINT('',(0.241,0.26575,0.11225));
#3444=VECTOR('',#4135,1.0);
#3445=CARTESIAN_POINT('',(-0.00700000000000007,0.26575,0.10825));
#3446=AXIS2_PLACEMENT_3D('',#4136,#4137,#4138);
#3447=CARTESIAN_POINT('',(-0.00700000000000007,0.26575,0.10695));
#3448=CARTESIAN_POINT('',(-0.00700000000000007,0.26575,0.10825));
#3449=VECTOR('',#4139,1.0);
#3450=CARTESIAN_POINT('',(-0.00450000000000006,0.26575,0.10695));
#3451=CARTESIAN_POINT('',(0.241,0.26575,0.10695));
#3452=VECTOR('',#4140,1.0);
#3453=CARTESIAN_POINT('',(-0.00450000000000006,0.26575,0.10675));
#3454=CARTESIAN_POINT('',(-0.00450000000000006,0.26575,0.10825));
#3455=VECTOR('',#4141,1.0);
#3456=CARTESIAN_POINT('',(-0.00500000000000006,0.26575,0.10675));
#3457=CARTESIAN_POINT('',(0.241,0.26575,0.10675));
#3458=VECTOR('',#4142,1.0);
#3459=CARTESIAN_POINT('',(-0.00499999999999998,0.26575,-0.000250000000000084));
#3460=CARTESIAN_POINT('',(-0.00500000000000006,0.26575,0.10825));
#3461=VECTOR('',#4143,1.0);
#3462=CARTESIAN_POINT('',(-0.00449999999999998,0.26575,-0.000250000000000084));
#3463=CARTESIAN_POINT('',(-0.0125,0.26575,-0.000250000000000098));
#3464=VECTOR('',#4144,1.0);
#3465=CARTESIAN_POINT('',(-0.00449999999999998,0.26575,-0.00045000000000009));
#3466=CARTESIAN_POINT('',(-0.00450000000000006,0.26575,0.10825));
#3467=VECTOR('',#4145,1.0);
#3468=CARTESIAN_POINT('',(-0.00699999999999998,0.26575,-0.000450000000000104));
#3469=CARTESIAN_POINT('',(0.241,0.26575,-0.000449999999999909));
#3470=VECTOR('',#4146,1.0);
#3471=CARTESIAN_POINT('',(-0.00699999999999998,0.26575,-0.0017500000000001));
#3472=CARTESIAN_POINT('',(-0.00700000000000007,0.26575,0.10825));
#3473=VECTOR('',#4147,1.0);
#3474=CARTESIAN_POINT('',(-0.00299999999999998,0.26575,-0.00575000000000009));
#3475=AXIS2_PLACEMENT_3D('',#4148,#4149,#4150);
#3476=CARTESIAN_POINT('',(-0.00169999999999996,0.26575,-0.00575000000000009));
#3477=CARTESIAN_POINT('',(-0.00299999999999998,0.26575,-0.00575000000000009));
#3478=VECTOR('',#4151,1.0);
#3479=CARTESIAN_POINT('',(-0.00169999999999996,0.26575,-0.00325000000000009));
#3480=CARTESIAN_POINT('',(-0.00170000000000004,0.26575,0.10825));
#3481=VECTOR('',#4152,1.0);
#3482=CARTESIAN_POINT('',(-0.00149999999999998,0.26575,-0.00325000000000009));
#3483=CARTESIAN_POINT('',(0.241,0.26575,-0.00324999999999991));
#3484=VECTOR('',#4153,1.0);
#3485=CARTESIAN_POINT('',(-0.00149999999999998,0.26575,-0.00375000000000009));
#3486=CARTESIAN_POINT('',(-0.00150000000000006,0.26575,0.10825));
#3487=VECTOR('',#4154,1.0);
#3488=CARTESIAN_POINT('',(0.2395,0.26575,-0.00374999999999991));
#3489=CARTESIAN_POINT('',(0.241,0.26575,-0.00374999999999991));
#3490=VECTOR('',#4155,1.0);
#3491=CARTESIAN_POINT('',(0.2395,0.26575,-0.00324999999999991));
#3492=CARTESIAN_POINT('',(0.2395,0.26575,-0.0112499999999999));
#3493=VECTOR('',#4156,1.0);
#3494=CARTESIAN_POINT('',(0.2397,0.26575,-0.00324999999999991));
#3495=CARTESIAN_POINT('',(0.241,0.26575,-0.00324999999999991));
#3496=VECTOR('',#4157,1.0);
#3497=CARTESIAN_POINT('',(0.2397,0.26575,-0.00574999999999991));
#3498=CARTESIAN_POINT('',(0.2397,0.26575,0.10825));
#3499=VECTOR('',#4158,1.0);
#3500=CARTESIAN_POINT('',(0.241,0.26575,-0.00574999999999991));
#3501=CARTESIAN_POINT('',(-0.00299999999999998,0.26575,-0.00575000000000009));
#3502=VECTOR('',#4159,1.0);
#3503=CARTESIAN_POINT('',(0.245,0.26575,-0.00174999999999991));
#3504=AXIS2_PLACEMENT_3D('',#4160,#4161,#4162);
#3505=CARTESIAN_POINT('',(0.245,0.26575,-0.000449999999999909));
#3506=CARTESIAN_POINT('',(0.245,0.26575,-0.00174999999999991));
#3507=VECTOR('',#4163,1.0);
#3508=CARTESIAN_POINT('',(0.2425,0.26575,-0.000449999999999909));
#3509=CARTESIAN_POINT('',(0.241,0.26575,-0.000449999999999909));
#3510=VECTOR('',#4164,1.0);
#3511=CARTESIAN_POINT('',(0.2425,0.26575,-0.000249999999999904));
#3512=CARTESIAN_POINT('',(0.2425,0.26575,0.10825));
#3513=VECTOR('',#4165,1.0);
#3514=CARTESIAN_POINT('',(0.243,0.26575,-0.000249999999999904));
#3515=CARTESIAN_POINT('',(0.241,0.26575,-0.000249999999999904));
#3516=VECTOR('',#4166,1.0);
#3517=CARTESIAN_POINT('',(0.243,0.26575,0.10675));
#3518=CARTESIAN_POINT('',(0.243,0.26575,0.10825));
#3519=VECTOR('',#4167,1.0);
#3520=CARTESIAN_POINT('',(0.2425,0.26575,0.10675));
#3521=CARTESIAN_POINT('',(0.2515,0.26575,0.10675));
#3522=VECTOR('',#4168,1.0);
#3523=CARTESIAN_POINT('',(0.2425,0.26575,0.10695));
#3524=CARTESIAN_POINT('',(0.2425,0.26575,0.10825));
#3525=VECTOR('',#4169,1.0);
#3526=CARTESIAN_POINT('',(0.245,0.26575,0.10695));
#3527=CARTESIAN_POINT('',(0.241,0.26575,0.10695));
#3528=VECTOR('',#4170,1.0);
#3529=CARTESIAN_POINT('',(0.245,0.26575,0.10825));
#3530=CARTESIAN_POINT('',(0.245,0.26575,-0.00174999999999991));
#3531=VECTOR('',#4171,1.0);
#3532=CARTESIAN_POINT('',(0.241,0.26575,0.11225));
#3533=AXIS2_PLACEMENT_3D('',#4172,#4173,#4174);
#3534=CARTESIAN_POINT('',(0.2397,0.26575,0.11225));
#3535=CARTESIAN_POINT('',(0.241,0.26575,0.11225));
#3536=VECTOR('',#4175,1.0);
#3537=CARTESIAN_POINT('',(0.2397,0.26575,0.10975));
#3538=CARTESIAN_POINT('',(0.2397,0.26575,0.10825));
#3539=VECTOR('',#4176,1.0);
#3540=CARTESIAN_POINT('',(0.241,0.26575,0.10975));
#3541=VECTOR('',#4177,1.0);
#3542=CARTESIAN_POINT('',(0.11625,0.26575,0.0155000000000002));
#3543=AXIS2_PLACEMENT_3D('',#4178,#4179,#4180);
#3544=CARTESIAN_POINT('',(0.145,0.26575,0.0225000000000001));
#3545=AXIS2_PLACEMENT_3D('',#4181,#4182,#4183);
#3546=CARTESIAN_POINT('',(0.18625,0.26575,0.1065));
#3547=AXIS2_PLACEMENT_3D('',#4184,#4185,#4186);
#3548=CARTESIAN_POINT('',(0.2275,0.26575,0.0225000000000001));
#3549=AXIS2_PLACEMENT_3D('',#4187,#4188,#4189);
#3550=CARTESIAN_POINT('',(0.2275,0.26575,0.105));
#3551=AXIS2_PLACEMENT_3D('',#4190,#4191,#4192);
#3552=CARTESIAN_POINT('',(0.145,0.26575,0.105));
#3553=AXIS2_PLACEMENT_3D('',#4193,#4194,#4195);
#3554=CARTESIAN_POINT('',(-0.000499999999999973,0.26575,0.0047500000000001));
#3555=CARTESIAN_POINT('',(0.00600000000000003,0.26575,0.0047500000000001));
#3556=CARTESIAN_POINT('',(0.241,0.26575,0.0047500000000001));
#3557=VECTOR('',#4196,1.0);
#3558=CARTESIAN_POINT('',(-0.000999999999999972,0.26575,0.0052500000000001));
#3559=AXIS2_PLACEMENT_3D('',#4197,#4198,#4199);
#3560=CARTESIAN_POINT('',(-0.000999999999999973,0.26575,0.0077500000000001));
#3561=CARTESIAN_POINT('',(-0.000999999999999973,0.26575,0.10825));
#3562=VECTOR('',#4200,1.0);
#3563=CARTESIAN_POINT('',(-0.000499999999999973,0.26575,0.0082500000000001));
#3564=AXIS2_PLACEMENT_3D('',#4201,#4202,#4203);
#3565=CARTESIAN_POINT('',(0.00600000000000003,0.26575,0.0082500000000001));
#3566=CARTESIAN_POINT('',(0.241,0.26575,0.0082500000000001));
#3567=VECTOR('',#4204,1.0);
#3568=CARTESIAN_POINT('',(0.00650000000000003,0.26575,0.0077500000000001));
#3569=AXIS2_PLACEMENT_3D('',#4205,#4206,#4207);
#3570=CARTESIAN_POINT('',(0.00650000000000003,0.26575,0.0052500000000001));
#3571=CARTESIAN_POINT('',(0.00650000000000003,0.26575,0.10825));
#3572=VECTOR('',#4208,1.0);
#3573=AXIS2_PLACEMENT_3D('',#4209,#4210,#4211);
#3574=CARTESIAN_POINT('',(0.08175,0.26575,0.00145000000000008));
#3575=CARTESIAN_POINT('',(0.08175,0.26575,0.0314500000000001));
#3576=CARTESIAN_POINT('',(0.08175,0.26575,0.10825));
#3577=VECTOR('',#4212,1.0);
#3578=CARTESIAN_POINT('',(0.09925,0.26575,0.0314500000000001));
#3579=CARTESIAN_POINT('',(0.241,0.26575,0.0314500000000001));
#3580=VECTOR('',#4213,1.0);
#3581=CARTESIAN_POINT('',(0.09925,0.26575,0.00145000000000008));
#3582=CARTESIAN_POINT('',(0.09925,0.26575,0.10825));
#3583=VECTOR('',#4214,1.0);
#3584=CARTESIAN_POINT('',(0.241,0.26575,0.00145000000000008));
#3585=VECTOR('',#4215,1.0);
#3586=CARTESIAN_POINT('',(0.1086,0.26575,0.00145000000000008));
#3587=CARTESIAN_POINT('',(0.1086,0.26575,0.00795000000000014));
#3588=CARTESIAN_POINT('',(0.1086,0.26575,0.10825));
#3589=VECTOR('',#4216,1.0);
#3590=CARTESIAN_POINT('',(0.1239,0.26575,0.00795000000000014));
#3591=CARTESIAN_POINT('',(0.241,0.26575,0.00795000000000014));
#3592=VECTOR('',#4217,1.0);
#3593=CARTESIAN_POINT('',(0.1239,0.26575,0.00145000000000008));
#3594=CARTESIAN_POINT('',(0.1239,0.26575,0.10825));
#3595=VECTOR('',#4218,1.0);
#3596=CARTESIAN_POINT('',(0.241,0.26575,0.00145000000000008));
#3597=VECTOR('',#4219,1.0);
#3598=CARTESIAN_POINT('',(0.012,0.26575,0.0189000000000002));
#3599=AXIS2_PLACEMENT_3D('',#4220,#4221,#4222);
#3600=CARTESIAN_POINT('',(0.0226965089999496,0.26575,0.0285534900000001));
#3601=AXIS2_PLACEMENT_3D('',#4223,#4224,#4225);
#3602=CARTESIAN_POINT('',(0.0412965089999786,0.26575,0.0285535090000017));
#3603=CARTESIAN_POINT('',(0.241000081410192,0.26575,0.0285537129982918));
#3604=VECTOR('',#4226,1.0);
#3605=CARTESIAN_POINT('',(0.047196509,0.26575,0.0226534900002401));
#3606=AXIS2_PLACEMENT_3D('',#4227,#4228,#4229);
#3607=CARTESIAN_POINT('',(0.0471965099999985,0.26575,0.0118534900002385));
#3608=CARTESIAN_POINT('',(0.047196501074412,0.26575,0.108249982055261));
#3609=VECTOR('',#4230,1.0);
#3610=AXIS2_PLACEMENT_3D('',#4231,#4232,#4233);
#3611=COLOUR_RGB('',0.752941191196442,0.752941191196442,0.752941191196442);
#3612=CARTESIAN_POINT('',(0.0412965089999786,0.257249,0.0285535090000016));
#3613=VECTOR('',#4234,1.0);
#3614=CARTESIAN_POINT('',(0.0226965089999496,0.257249,0.0285534900000001));
#3615=VECTOR('',#4235,1.0);
#3616=COLOUR_RGB('',0.752941191196442,0.752941191196442,0.752941191196442);
#3617=CARTESIAN_POINT('',(0.0471965090000001,0.257249,0.0226534900002401));
#3618=VECTOR('',#4236,1.0);
#3619=COLOUR_RGB('',0.752941191196442,0.752941191196442,0.752941191196442);
#3620=CARTESIAN_POINT('',(0.0471965099999984,0.257249,0.0118534900002385));
#3621=VECTOR('',#4237,1.0);
#3622=COLOUR_RGB('',0.752941191196442,0.752941191196442,0.752941191196442);
#3623=COLOUR_RGB('',0.752941191196442,0.752941191196442,0.752941191196442);
#3624=CARTESIAN_POINT('',(0.012,0.26595,0.0189000000000002));
#3625=AXIS2_PLACEMENT_3D('',#4238,#4239,#4240);
#3626=COLOUR_RGB('',0.752941191196442,0.752941191196442,0.752941191196442);
#3627=COLOUR_RGB('',0.752941191196442,0.752941191196442,0.752941191196442);
#3628=COLOUR_RGB('',0.752941191196442,0.752941191196442,0.752941191196442);
#3629=CARTESIAN_POINT('',(0.00600000000000003,0.26575,0.0082500000000001));
#3630=VECTOR('',#4241,1.0);
#3631=CARTESIAN_POINT('',(0.00650000000000003,0.26725,0.0077500000000001));
#3632=VECTOR('',#4242,1.0);
#3633=COLOUR_RGB('',0.752941191196442,0.752941191196442,0.752941191196442);
#3634=CARTESIAN_POINT('',(0.00650000000000003,0.26575,0.0052500000000001));
#3635=VECTOR('',#4243,1.0);
#3636=CARTESIAN_POINT('',(0.00600000000000003,0.26725,0.0047500000000001));
#3637=VECTOR('',#4244,1.0);
#3638=COLOUR_RGB('',0.752941191196442,0.752941191196442,0.752941191196442);
#3639=CARTESIAN_POINT('',(0.11625,0.26595,0.0155000000000002));
#3640=AXIS2_PLACEMENT_3D('',#4245,#4246,#4247);
#3641=COLOUR_RGB('',0.752941191196442,0.752941191196442,0.752941191196442);
#3642=CARTESIAN_POINT('',(-0.000999999999999973,0.257249,0.0052500000000001));
#3643=VECTOR('',#4248,1.0);
#3644=CARTESIAN_POINT('',(-0.000499999999999973,0.257249,0.0047500000000001));
#3645=VECTOR('',#4249,1.0);
#3646=COLOUR_RGB('',0.752941191196442,0.752941191196442,0.752941191196442);
#3647=CARTESIAN_POINT('',(-0.000499999999999973,0.257249,0.0082500000000001));
#3648=VECTOR('',#4250,1.0);
#3649=CARTESIAN_POINT('',(-0.000999999999999973,0.257249,0.0077500000000001));
#3650=VECTOR('',#4251,1.0);
#3651=COLOUR_RGB('',0.752941191196442,0.752941191196442,0.752941191196442);
#3652=COLOUR_RGB('',0.752941191196442,0.752941191196442,0.752941191196442);
#3653=COLOUR_RGB('',0.752941191196442,0.752941191196442,0.752941191196442);
#3654=COLOUR_RGB('',0.752941191196442,0.752941191196442,0.752941191196442);
#3655=COLOUR_RGB('',0.752941191196442,0.752941191196442,0.752941191196442);
#3656=COLOUR_RGB('',0.752941191196442,0.752941191196442,0.752941191196442);
#3657=COLOUR_RGB('',0.752941191196442,0.752941191196442,0.752941191196442);
#3658=CARTESIAN_POINT('',(-0.00550000000000006,0.26525,0.10675));
#3659=AXIS2_PLACEMENT_3D('',#4252,#4253,#4254);
#3660=CARTESIAN_POINT('',(-0.00549999999999998,0.26525,-0.000250000000000084));
#3661=CARTESIAN_POINT('',(-0.00549999999999998,0.26525,-0.000250000000000084));
#3662=VECTOR('',#4255,1.0);
#3663=AXIS2_PLACEMENT_3D('',#4256,#4257,#4258);
#3664=COLOUR_RGB('',0.752941191196442,0.752941191196442,0.752941191196442);
#3665=CARTESIAN_POINT('',(-0.00149999999999998,0.26525,-0.00425000000000009));
#3666=AXIS2_PLACEMENT_3D('',#4259,#4260,#4261);
#3667=CARTESIAN_POINT('',(0.2395,0.26525,-0.00424999999999991));
#3668=CARTESIAN_POINT('',(0.2395,0.26525,-0.00424999999999991));
#3669=VECTOR('',#4262,1.0);
#3670=AXIS2_PLACEMENT_3D('',#4263,#4264,#4265);
#3671=COLOUR_RGB('',0.752941191196442,0.752941191196442,0.752941191196442);
#3672=CARTESIAN_POINT('',(0.2435,0.26525,-0.000249999999999904));
#3673=AXIS2_PLACEMENT_3D('',#4266,#4267,#4268);
#3674=CARTESIAN_POINT('',(0.2435,0.26525,0.10675));
#3675=CARTESIAN_POINT('',(0.2435,0.26525,0.10675));
#3676=VECTOR('',#4269,1.0);
#3677=AXIS2_PLACEMENT_3D('',#4270,#4271,#4272);
#3678=COLOUR_RGB('',0.752941191196442,0.752941191196442,0.752941191196442);
#3679=CARTESIAN_POINT('',(0.2395,0.26525,0.11075));
#3680=AXIS2_PLACEMENT_3D('',#4273,#4274,#4275);
#3681=CARTESIAN_POINT('',(-0.00150000000000006,0.26525,0.11075));
#3682=CARTESIAN_POINT('',(-0.00150000000000006,0.26525,0.11075));
#3683=VECTOR('',#4276,1.0);
#3684=AXIS2_PLACEMENT_3D('',#4277,#4278,#4279);
#3685=COLOUR_RGB('',0.752941191196442,0.752941191196442,0.752941191196442);
#3686=CARTESIAN_POINT('',(0.245,0.26525,0.10675));
#3687=AXIS2_PLACEMENT_3D('',#4280,#4281,#4282);
#3688=CARTESIAN_POINT('',(0.245,0.26525,-0.000249999999999904));
#3689=CARTESIAN_POINT('',(0.245,0.26525,0.10675));
#3690=VECTOR('',#4283,1.0);
#3691=AXIS2_PLACEMENT_3D('',#4284,#4285,#4286);
#3692=COLOUR_RGB('',0.752941191196442,0.752941191196442,0.752941191196442);
#3693=CARTESIAN_POINT('',(-0.00150000000000006,0.26525,0.11225));
#3694=AXIS2_PLACEMENT_3D('',#4287,#4288,#4289);
#3695=CARTESIAN_POINT('',(0.2395,0.26525,0.11225));
#3696=CARTESIAN_POINT('',(-0.00150000000000006,0.26525,0.11225));
#3697=VECTOR('',#4290,1.0);
#3698=AXIS2_PLACEMENT_3D('',#4291,#4292,#4293);
#3699=COLOUR_RGB('',0.752941191196442,0.752941191196442,0.752941191196442);
#3700=CARTESIAN_POINT('',(0.2395,0.26525,-0.00574999999999991));
#3701=AXIS2_PLACEMENT_3D('',#4294,#4295,#4296);
#3702=CARTESIAN_POINT('',(-0.00149999999999998,0.26525,-0.00575000000000009));
#3703=CARTESIAN_POINT('',(0.2395,0.26525,-0.00574999999999991));
#3704=VECTOR('',#4297,1.0);
#3705=AXIS2_PLACEMENT_3D('',#4298,#4299,#4300);
#3706=COLOUR_RGB('',0.752941191196442,0.752941191196442,0.752941191196442);
#3707=CARTESIAN_POINT('',(0.119,0.25975,0.11225));
#3708=AXIS2_PLACEMENT_3D('',#4301,#4302,#4303);
#3709=CARTESIAN_POINT('',(0.119,0.25975,0.11075));
#3710=AXIS2_PLACEMENT_3D('',#4304,#4305,#4306);
#3711=COLOUR_RGB('',0.752941191196442,0.752941191196442,0.752941191196442);
#3712=CARTESIAN_POINT('',(0.245,0.25875,0.0335000000000001));
#3713=AXIS2_PLACEMENT_3D('',#4307,#4308,#4309);
#3714=CARTESIAN_POINT('',(0.2435,0.25875,0.0335000000000001));
#3715=AXIS2_PLACEMENT_3D('',#4310,#4311,#4312);
#3716=COLOUR_RGB('',0.752941191196442,0.752941191196442,0.752941191196442);
#3717=CARTESIAN_POINT('',(-0.00700000000000001,0.26175,0.0334999999999999));
#3718=AXIS2_PLACEMENT_3D('',#4313,#4314,#4315);
#3719=CARTESIAN_POINT('',(-0.00550000000000001,0.26175,0.0334999999999999));
#3720=AXIS2_PLACEMENT_3D('',#4316,#4317,#4318);
#3721=COLOUR_RGB('',0.752941191196442,0.752941191196442,0.752941191196442);
#3722=CARTESIAN_POINT('',(-0.00700000000000004,0.26175,0.0734999999999999));
#3723=AXIS2_PLACEMENT_3D('',#4319,#4320,#4321);
#3724=CARTESIAN_POINT('',(-0.00550000000000004,0.26175,0.0734999999999999));
#3725=AXIS2_PLACEMENT_3D('',#4322,#4323,#4324);
#3726=COLOUR_RGB('',0.752941191196442,0.752941191196442,0.752941191196442);
#3727=CARTESIAN_POINT('',(-0.00699999999999998,0.26525,-0.000250000000000098));
#3728=AXIS2_PLACEMENT_3D('',#4325,#4326,#4327);
#3729=CARTESIAN_POINT('',(-0.00700000000000007,0.26525,0.10675));
#3730=CARTESIAN_POINT('',(-0.00699999999999998,0.26525,-0.000250000000000098));
#3731=VECTOR('',#4328,1.0);
#3732=AXIS2_PLACEMENT_3D('',#4329,#4330,#4331);
#3733=COLOUR_RGB('',0.752941191196442,0.752941191196442,0.752941191196442);
#3734=CARTESIAN_POINT('',(0.245,0.25875,0.0735000000000001));
#3735=AXIS2_PLACEMENT_3D('',#4332,#4333,#4334);
#3736=CARTESIAN_POINT('',(0.2435,0.25875,0.0735000000000001));
#3737=AXIS2_PLACEMENT_3D('',#4335,#4336,#4337);
#3738=COLOUR_RGB('',0.752941191196442,0.752941191196442,0.752941191196442);
#3739=CARTESIAN_POINT('',(0.119,0.26275,-0.00575000000000001));
#3740=AXIS2_PLACEMENT_3D('',#4338,#4339,#4340);
#3741=CARTESIAN_POINT('',(0.119,0.26275,-0.00425));
#3742=AXIS2_PLACEMENT_3D('',#4341,#4342,#4343);
#3743=COLOUR_RGB('',0.752941191196442,0.752941191196442,0.752941191196442);
#3744=CARTESIAN_POINT('',(0.245,0.26725,0.10825));
#3745=VECTOR('',#4344,1.0);
#3746=CARTESIAN_POINT('',(0.241,0.26725,0.11225));
#3747=VECTOR('',#4345,1.0);
#3748=COLOUR_RGB('',0.752941191196442,0.752941191196442,0.752941191196442);
#3749=CARTESIAN_POINT('',(0.241,0.26725,-0.00574999999999991));
#3750=VECTOR('',#4346,1.0);
#3751=CARTESIAN_POINT('',(0.245,0.26725,-0.00174999999999991));
#3752=VECTOR('',#4347,1.0);
#3753=COLOUR_RGB('',0.752941191196442,0.752941191196442,0.752941191196442);
#3754=CARTESIAN_POINT('',(-0.00699999999999998,0.26725,-0.0017500000000001));
#3755=VECTOR('',#4348,1.0);
#3756=CARTESIAN_POINT('',(-0.00299999999999998,0.26725,-0.00575000000000009));
#3757=VECTOR('',#4349,1.0);
#3758=COLOUR_RGB('',0.752941191196442,0.752941191196442,0.752941191196442);
#3759=CARTESIAN_POINT('',(-0.00300000000000006,0.26725,0.11225));
#3760=VECTOR('',#4350,1.0);
#3761=CARTESIAN_POINT('',(-0.00700000000000007,0.26725,0.10825));
#3762=VECTOR('',#4351,1.0);
#3763=COLOUR_RGB('',0.752941191196442,0.752941191196442,0.752941191196442);
#3764=CARTESIAN_POINT('',(-0.00700000000000007,0.26725,0.10695));
#3765=VECTOR('',#4352,1.0);
#3766=COLOUR_RGB('',0.752941191196442,0.752941191196442,0.752941191196442);
#3767=CARTESIAN_POINT('',(0.2397,0.26725,-0.00574999999999991));
#3768=VECTOR('',#4353,1.0);
#3769=COLOUR_RGB('',0.752941191196442,0.752941191196442,0.752941191196442);
#3770=CARTESIAN_POINT('',(0.245,0.26725,0.10695));
#3771=VECTOR('',#4354,1.0);
#3772=COLOUR_RGB('',0.752941191196442,0.752941191196442,0.752941191196442);
#3773=CARTESIAN_POINT('',(0.2397,0.26725,0.11225));
#3774=VECTOR('',#4355,1.0);
#3775=COLOUR_RGB('',0.752941191196442,0.752941191196442,0.752941191196442);
#3776=CARTESIAN_POINT('',(0.2425,0.257249,-0.000449999999999909));
#3777=VECTOR('',#4356,1.0);
#3778=CARTESIAN_POINT('',(0.245,0.26725,-0.000449999999999909));
#3779=VECTOR('',#4357,1.0);
#3780=COLOUR_RGB('',0.752941191196442,0.752941191196442,0.752941191196442);
#3781=CARTESIAN_POINT('',(0.2397,0.257249,-0.00324999999999991));
#3782=VECTOR('',#4358,1.0);
#3783=COLOUR_RGB('',0.752941191196442,0.752941191196442,0.752941191196442);
#3784=CARTESIAN_POINT('',(0.2425,0.257249,0.10695));
#3785=VECTOR('',#4359,1.0);
#3786=COLOUR_RGB('',0.752941191196442,0.752941191196442,0.752941191196442);
#3787=CARTESIAN_POINT('',(0.2397,0.257249,0.10975));
#3788=VECTOR('',#4360,1.0);
#3789=COLOUR_RGB('',0.752941191196442,0.752941191196442,0.752941191196442);
#3790=CARTESIAN_POINT('',(-0.00170000000000004,0.26725,0.11225));
#3791=VECTOR('',#4361,1.0);
#3792=CARTESIAN_POINT('',(-0.00170000000000004,0.257249,0.10975));
#3793=VECTOR('',#4362,1.0);
#3794=COLOUR_RGB('',0.752941191196442,0.752941191196442,0.752941191196442);
#3795=CARTESIAN_POINT('',(-0.00450000000000006,0.257249,0.10695));
#3796=VECTOR('',#4363,1.0);
#3797=COLOUR_RGB('',0.752941191196442,0.752941191196442,0.752941191196442);
#3798=CARTESIAN_POINT('',(-0.00169999999999996,0.257249,-0.00325000000000009));
#3799=VECTOR('',#4364,1.0);
#3800=CARTESIAN_POINT('',(-0.00169999999999996,0.26725,-0.00575000000000009));
#3801=VECTOR('',#4365,1.0);
#3802=COLOUR_RGB('',0.752941191196442,0.752941191196442,0.752941191196442);
#3803=CARTESIAN_POINT('',(-0.00699999999999998,0.26725,-0.000450000000000104));
#3804=VECTOR('',#4366,1.0);
#3805=CARTESIAN_POINT('',(-0.00449999999999998,0.257249,-0.00045000000000009));
#3806=VECTOR('',#4367,1.0);
#3807=COLOUR_RGB('',0.752941191196442,0.752941191196442,0.752941191196442);
#3808=CARTESIAN_POINT('',(-0.00449999999999998,0.257249,-0.000250000000000084));
#3809=VECTOR('',#4368,1.0);
#3810=COLOUR_RGB('',0.752941191196442,0.752941191196442,0.752941191196442);
#3811=CARTESIAN_POINT('',(0.2425,0.257249,-0.000249999999999904));
#3812=VECTOR('',#4369,1.0);
#3813=COLOUR_RGB('',0.752941191196442,0.752941191196442,0.752941191196442);
#3814=CARTESIAN_POINT('',(0.2395,0.257249,0.10975));
#3815=VECTOR('',#4370,1.0);
#3816=COLOUR_RGB('',0.752941191196442,0.752941191196442,0.752941191196442);
#3817=CARTESIAN_POINT('',(-0.00149999999999998,0.257249,-0.00325000000000009));
#3818=VECTOR('',#4371,1.0);
#3819=COLOUR_RGB('',0.752941191196442,0.752941191196442,0.752941191196442);
#3820=CARTESIAN_POINT('',(-0.00149999999999998,0.25725,-0.00575000000000009));
#3821=CARTESIAN_POINT('',(-0.00149999999999998,0.26725,-0.00575000000000009));
#3822=VECTOR('',#4372,1.0);
#3823=CARTESIAN_POINT('',(0.2395,0.25725,-0.00574999999999991));
#3824=CARTESIAN_POINT('',(0.2395,0.26725,-0.00574999999999991));
#3825=VECTOR('',#4373,1.0);
#3826=CARTESIAN_POINT('',(-0.00299999999999998,0.25725,-0.00575000000000009));
#3827=VECTOR('',#4374,1.0);
#3828=COLOUR_RGB('',0.752941191196442,0.752941191196442,0.752941191196442);
#3829=CARTESIAN_POINT('',(0.2395,0.25725,-0.00424999999999991));
#3830=CARTESIAN_POINT('',(0.2395,0.257249,-0.00424999999999991));
#3831=VECTOR('',#4375,1.0);
#3832=CARTESIAN_POINT('',(-0.00149999999999998,0.25725,-0.00425000000000009));
#3833=CARTESIAN_POINT('',(-0.00149999999999998,0.257249,-0.00425000000000009));
#3834=VECTOR('',#4376,1.0);
#3835=CARTESIAN_POINT('',(0.241,0.25725,-0.00424999999999991));
#3836=VECTOR('',#4377,1.0);
#3837=COLOUR_RGB('',0.752941191196442,0.752941191196442,0.752941191196442);
#3838=CARTESIAN_POINT('',(0.245,0.25725,-0.000249999999999904));
#3839=CARTESIAN_POINT('',(0.245,0.26725,-0.000249999999999904));
#3840=VECTOR('',#4378,1.0);
#3841=CARTESIAN_POINT('',(0.245,0.25725,0.10675));
#3842=CARTESIAN_POINT('',(0.245,0.26725,0.10675));
#3843=VECTOR('',#4379,1.0);
#3844=CARTESIAN_POINT('',(0.245,0.25725,-0.00174999999999991));
#3845=VECTOR('',#4380,1.0);
#3846=COLOUR_RGB('',0.752941191196442,0.752941191196442,0.752941191196442);
#3847=CARTESIAN_POINT('',(0.2435,0.25725,0.10675));
#3848=CARTESIAN_POINT('',(0.2435,0.257249,0.10675));
#3849=VECTOR('',#4381,1.0);
#3850=CARTESIAN_POINT('',(0.2435,0.25725,-0.000249999999999904));
#3851=CARTESIAN_POINT('',(0.2435,0.257249,-0.000249999999999904));
#3852=VECTOR('',#4382,1.0);
#3853=CARTESIAN_POINT('',(0.2435,0.25725,0.10825));
#3854=VECTOR('',#4383,1.0);
#3855=COLOUR_RGB('',0.752941191196442,0.752941191196442,0.752941191196442);
#3856=CARTESIAN_POINT('',(-0.00700000000000007,0.25725,0.10675));
#3857=CARTESIAN_POINT('',(-0.00700000000000007,0.26725,0.10675));
#3858=VECTOR('',#4384,1.0);
#3859=CARTESIAN_POINT('',(-0.00699999999999998,0.25725,-0.000250000000000098));
#3860=CARTESIAN_POINT('',(-0.00699999999999998,0.26725,-0.000250000000000098));
#3861=VECTOR('',#4385,1.0);
#3862=CARTESIAN_POINT('',(-0.00700000000000007,0.25725,0.10825));
#3863=VECTOR('',#4386,1.0);
#3864=COLOUR_RGB('',0.752941191196442,0.752941191196442,0.752941191196442);
#3865=CARTESIAN_POINT('',(0.2425,0.257249,0.10675));
#3866=VECTOR('',#4387,1.0);
#3867=COLOUR_RGB('',0.752941191196442,0.752941191196442,0.752941191196442);
#3868=CARTESIAN_POINT('',(-0.00150000000000006,0.257249,0.10975));
#3869=VECTOR('',#4388,1.0);
#3870=COLOUR_RGB('',0.752941191196442,0.752941191196442,0.752941191196442);
#3871=CARTESIAN_POINT('',(0.2395,0.257249,-0.00324999999999991));
#3872=VECTOR('',#4389,1.0);
#3873=COLOUR_RGB('',0.752941191196442,0.752941191196442,0.752941191196442);
#3874=COLOUR_RGB('',0.752941191196442,0.752941191196442,0.752941191196442);
#3875=COLOUR_RGB('',0.752941191196442,0.752941191196442,0.752941191196442);
#3876=COLOUR_RGB('',0.752941191196442,0.752941191196442,0.752941191196442);
#3877=COLOUR_RGB('',0.752941191196442,0.752941191196442,0.752941191196442);
#3878=CARTESIAN_POINT('',(-0.00450000000000006,0.257249,0.10675));
#3879=VECTOR('',#4390,1.0);
#3880=COLOUR_RGB('',0.752941191196442,0.752941191196442,0.752941191196442);
#3881=COLOUR_RGB('',0.752941191196442,0.752941191196442,0.752941191196442);
#3882=COLOUR_RGB('',0.752941191196442,0.752941191196442,0.752941191196442);
#3883=COLOUR_RGB('',0.752941191196442,0.752941191196442,0.752941191196442);
#3884=COLOUR_RGB('',0.752941191196442,0.752941191196442,0.752941191196442);
#3885=CARTESIAN_POINT('',(0.09925,0.257249,0.0314500000000001));
#3886=VECTOR('',#4391,1.0);
#3887=CARTESIAN_POINT('',(0.08175,0.257249,0.0314500000000001));
#3888=VECTOR('',#4392,1.0);
#3889=COLOUR_RGB('',0.752941191196442,0.752941191196442,0.752941191196442);
#3890=CARTESIAN_POINT('',(0.09925,0.257249,0.00145000000000007));
#3891=VECTOR('',#4393,1.0);
#3892=COLOUR_RGB('',0.752941191196442,0.752941191196442,0.752941191196442);
#3893=CARTESIAN_POINT('',(0.08175,0.257249,0.00145000000000007));
#3894=VECTOR('',#4394,1.0);
#3895=COLOUR_RGB('',0.752941191196442,0.752941191196442,0.752941191196442);
#3896=COLOUR_RGB('',0.752941191196442,0.752941191196442,0.752941191196442);
#3897=CARTESIAN_POINT('',(0.1239,0.257249,0.00795000000000013));
#3898=VECTOR('',#4395,1.0);
#3899=CARTESIAN_POINT('',(0.1086,0.257249,0.00795000000000013));
#3900=VECTOR('',#4396,1.0);
#3901=COLOUR_RGB('',0.752941191196442,0.752941191196442,0.752941191196442);
#3902=CARTESIAN_POINT('',(0.1239,0.257249,0.00145000000000007));
#3903=VECTOR('',#4397,1.0);
#3904=COLOUR_RGB('',0.752941191196442,0.752941191196442,0.752941191196442);
#3905=CARTESIAN_POINT('',(0.1086,0.257249,0.00145000000000007));
#3906=VECTOR('',#4398,1.0);
#3907=COLOUR_RGB('',0.752941191196442,0.752941191196442,0.752941191196442);
#3908=COLOUR_RGB('',0.752941191196442,0.752941191196442,0.752941191196442);
#3909=CARTESIAN_POINT('',(0.1851,0.257249,0.00135000000000014));
#3910=VECTOR('',#4399,1.0);
#3911=CARTESIAN_POINT('',(0.2215,0.257249,0.00135000000000014));
#3912=VECTOR('',#4400,1.0);
#3913=COLOUR_RGB('',0.752941191196442,0.752941191196442,0.752941191196442);
#3914=CARTESIAN_POINT('',(0.1851,0.257249,0.0087500000000001));
#3915=VECTOR('',#4401,1.0);
#3916=COLOUR_RGB('',0.752941191196442,0.752941191196442,0.752941191196442);
#3917=CARTESIAN_POINT('',(0.2215,0.257249,0.0087500000000001));
#3918=VECTOR('',#4402,1.0);
#3919=COLOUR_RGB('',0.752941191196442,0.752941191196442,0.752941191196442);
#3920=COLOUR_RGB('',0.752941191196442,0.752941191196442,0.752941191196442);
#3921=CARTESIAN_POINT('',(0.1386,0.257249,0.00135000000000014));
#3922=VECTOR('',#4403,1.0);
#3923=CARTESIAN_POINT('',(0.175,0.257249,0.00135000000000014));
#3924=VECTOR('',#4404,1.0);
#3925=COLOUR_RGB('',0.752941191196442,0.752941191196442,0.752941191196442);
#3926=CARTESIAN_POINT('',(0.175,0.257249,0.0087500000000001));
#3927=VECTOR('',#4405,1.0);
#3928=COLOUR_RGB('',0.752941191196442,0.752941191196442,0.752941191196442);
#3929=CARTESIAN_POINT('',(0.1386,0.257249,0.0087500000000001));
#3930=VECTOR('',#4406,1.0);
#3931=COLOUR_RGB('',0.752941191196442,0.752941191196442,0.752941191196442);
#3932=COLOUR_RGB('',0.752941191196442,0.752941191196442,0.752941191196442);
#3933=CARTESIAN_POINT('',(-0.00549999999999998,0.25725,-0.000250000000000084));
#3934=CARTESIAN_POINT('',(0.241,0.25725,-0.000249999999999904));
#3935=VECTOR('',#4407,1.0);
#3936=CARTESIAN_POINT('',(-0.00550000000000006,0.25725,0.10675));
#3937=CARTESIAN_POINT('',(-0.00550000000000006,0.25725,0.10825));
#3938=VECTOR('',#4408,1.0);
#3939=CARTESIAN_POINT('',(0.241,0.25725,0.10675));
#3940=VECTOR('',#4409,1.0);
#3941=COLOUR_RGB('',0.752941191196442,0.752941191196442,0.752941191196442);
#3942=CARTESIAN_POINT('',(0.241,0.25725,-0.000249999999999904));
#3943=VECTOR('',#4410,1.0);
#3944=COLOUR_RGB('',0.752941191196442,0.752941191196442,0.752941191196442);
#3945=CARTESIAN_POINT('',(0.2395,0.25725,0.11225));
#3946=CARTESIAN_POINT('',(0.2395,0.26725,0.11225));
#3947=VECTOR('',#4411,1.0);
#3948=CARTESIAN_POINT('',(-0.00150000000000006,0.25725,0.11225));
#3949=CARTESIAN_POINT('',(-0.00150000000000006,0.26725,0.11225));
#3950=VECTOR('',#4412,1.0);
#3951=CARTESIAN_POINT('',(0.241,0.25725,0.11225));
#3952=VECTOR('',#4413,1.0);
#3953=COLOUR_RGB('',0.752941191196442,0.752941191196442,0.752941191196442);
#3954=CARTESIAN_POINT('',(-0.00150000000000006,0.25725,0.11075));
#3955=CARTESIAN_POINT('',(-0.00150000000000006,0.25725,0.10825));
#3956=VECTOR('',#4414,1.0);
#3957=CARTESIAN_POINT('',(0.2395,0.25725,0.11075));
#3958=CARTESIAN_POINT('',(0.241,0.25725,0.11075));
#3959=VECTOR('',#4415,1.0);
#3960=CARTESIAN_POINT('',(0.2395,0.25725,0.10825));
#3961=VECTOR('',#4416,1.0);
#3962=COLOUR_RGB('',0.752941191196442,0.752941191196442,0.752941191196442);
#3963=CARTESIAN_POINT('',(-0.00550000000000006,0.257249,0.10675));
#3964=VECTOR('',#4417,1.0);
#3965=COLOUR_RGB('',0.752941191196442,0.752941191196442,0.752941191196442);
#3966=CARTESIAN_POINT('',(-0.00150000000000006,0.25725,0.10825));
#3967=VECTOR('',#4418,1.0);
#3968=COLOUR_RGB('',0.752941191196442,0.752941191196442,0.752941191196442);
#3969=CARTESIAN_POINT('',(0.2395,0.25725,0.10825));
#3970=VECTOR('',#4419,1.0);
#3971=COLOUR_RGB('',0.752941191196442,0.752941191196442,0.752941191196442);
#3972=CARTESIAN_POINT('',(0.241,0.25725,0.10675));
#3973=VECTOR('',#4420,1.0);
#3974=COLOUR_RGB('',0.752941191196442,0.752941191196442,0.752941191196442);
#3975=COLOUR_RGB('',0.752941191196442,0.752941191196442,0.752941191196442);
#3976=CARTESIAN_POINT('',(0.2395,0.257249,0.11075));
#3977=VECTOR('',#4421,1.0);
#3978=COLOUR_RGB('',0.752941191196442,0.752941191196442,0.752941191196442);
#3979=CARTESIAN_POINT('',(-0.00549999999999998,0.257249,-0.000250000000000084));
#3980=VECTOR('',#4422,1.0);
#3981=COLOUR_RGB('',0.752941191196442,0.752941191196442,0.752941191196442);
#3982=COLOUR_RGB('',0.752941191196442,0.752941191196442,0.752941191196442);
#3983=COLOUR_RGB('',0.752941191196442,0.752941191196442,0.752941191196442);
#3984=CARTESIAN_POINT('',(-0.00150000000000006,0.257249,0.11075));
#3985=VECTOR('',#4423,1.0);
#3986=COLOUR_RGB('',0.752941191196442,0.752941191196442,0.752941191196442);
#3987=CARTESIAN_POINT('',(0.052,0.26725,0.0172500000000001));
#3988=DIRECTION('',(-2.93158765648064E-031,1.0,3.82856869892695E-016));
#3989=DIRECTION('',(0.0,-3.82856869892695E-016,1.0));
#3990=CARTESIAN_POINT('',(0.052,0.26595,0.0172500000000001));
#3991=DIRECTION('',(0.0,1.0,0.0));
#3992=DIRECTION('',(0.0,-0.0,1.0));
#3993=CARTESIAN_POINT('',(0.052,0.26575,0.0172500000000001));
#3994=DIRECTION('',(-2.93158765648064E-031,1.0,3.82856869892695E-016));
#3995=DIRECTION('',(0.0,-3.82856869892695E-016,1.0));
#3996=CARTESIAN_POINT('',(0.0226965,0.26725,0.0118535000000001));
#3997=DIRECTION('',(-2.93158765648064E-031,1.0,3.82856869892695E-016));
#3998=DIRECTION('',(0.0,-3.82856869892695E-016,1.0));
#3999=DIRECTION('',(-2.93158765648064E-031,1.0,3.82856869892695E-016));
#4000=CARTESIAN_POINT('',(0.0226965,0.26575,0.0118535000000001));
#4001=DIRECTION('',(-2.93158765648064E-031,1.0,3.82856869892695E-016));
#4002=DIRECTION('',(0.0,-3.82856869892695E-016,1.0));
#4003=DIRECTION('',(-2.93158765648064E-031,1.0,3.82856869892695E-016));
#4004=DIRECTION('',(0.999999999999478,3.91090317916022E-022,-1.02150528925464E-006));
#4005=DIRECTION('',(0.999999999999478,3.91090317916022E-022,-1.02150528925464E-006));
#4006=DIRECTION('',(-2.93158765648064E-031,1.0,3.82856869892695E-016));
#4007=DIRECTION('',(-9.25927390316012E-008,3.82856869892693E-016,-0.999999999999996));
#4008=DIRECTION('',(-2.93158765648064E-031,1.0,3.82856869892695E-016));
#4009=DIRECTION('',(-9.25927390316012E-008,3.82856869892693E-016,-0.999999999999996));
#4010=CARTESIAN_POINT('',(0.012,0.26725,0.0172500000000001));
#4011=DIRECTION('',(-2.93158765648064E-031,1.0,3.82856869892695E-016));
#4012=DIRECTION('',(0.0,-3.82856869892695E-016,1.0));
#4013=DIRECTION('',(-1.0,-2.93158765648064E-031,-1.12237847397624E-046));
#4014=DIRECTION('',(-1.12237847397624E-046,3.82856869892695E-016,-1.0));
#4015=DIRECTION('',(1.0,2.93158765648064E-031,1.12237847397624E-046));
#4016=DIRECTION('',(1.12237847397624E-046,-3.82856869892695E-016,1.0));
#4017=DIRECTION('',(1.0,2.93158765648064E-031,1.12237847397624E-046));
#4018=DIRECTION('',(1.12237847397624E-046,-3.82856869892695E-016,1.0));
#4019=DIRECTION('',(-1.0,-2.93158765648064E-031,-1.12237847397624E-046));
#4020=DIRECTION('',(-1.12237847397624E-046,3.82856869892695E-016,-1.0));
#4021=DIRECTION('',(1.0,2.93158765648064E-031,1.12237847397624E-046));
#4022=DIRECTION('',(1.12237847397624E-046,-3.82856869892695E-016,1.0));
#4023=DIRECTION('',(-1.0,-2.93158765648064E-031,-1.12237847397624E-046));
#4024=DIRECTION('',(-1.12237847397624E-046,3.82856869892695E-016,-1.0));
#4025=CARTESIAN_POINT('',(0.11625,0.26725,0.0138500000000002));
#4026=DIRECTION('',(-2.93158765648064E-031,1.0,3.82856869892695E-016));
#4027=DIRECTION('',(0.0,-3.82856869892695E-016,1.0));
#4028=CARTESIAN_POINT('',(-0.00049999999999997,0.26725,0.0052500000000001));
#4029=DIRECTION('',(-2.93158765648064E-031,1.0,3.82856869892695E-016));
#4030=DIRECTION('',(0.0,-3.82856869892695E-016,1.0));
#4031=DIRECTION('',(1.0,2.93158765648064E-031,1.12237847397624E-046));
#4032=CARTESIAN_POINT('',(0.00600000000000003,0.26725,0.0052500000000001));
#4033=DIRECTION('',(-2.93158765648064E-031,1.0,3.82856869892695E-016));
#4034=DIRECTION('',(0.0,-3.82856869892695E-016,1.0));
#4035=DIRECTION('',(1.12237847397624E-046,-3.82856869892695E-016,1.0));
#4036=CARTESIAN_POINT('',(0.00600000000000003,0.26725,0.0077500000000001));
#4037=DIRECTION('',(-2.93158765648064E-031,1.0,3.82856869892695E-016));
#4038=DIRECTION('',(0.0,-3.82856869892695E-016,1.0));
#4039=DIRECTION('',(-1.0,-2.93158765648064E-031,-1.12237847397624E-046));
#4040=CARTESIAN_POINT('',(-0.000499999999999973,0.26725,0.0077500000000001));
#4041=DIRECTION('',(-2.93158765648064E-031,1.0,3.82856869892695E-016));
#4042=DIRECTION('',(0.0,-3.82856869892695E-016,1.0));
#4043=DIRECTION('',(-1.12237847397624E-046,3.82856869892695E-016,-1.0));
#4044=CARTESIAN_POINT('',(0.145,0.26725,0.10275));
#4045=DIRECTION('',(-2.93158765648064E-031,1.0,3.82856869892695E-016));
#4046=DIRECTION('',(0.0,-3.82856869892695E-016,1.0));
#4047=CARTESIAN_POINT('',(0.2275,0.26725,0.10275));
#4048=DIRECTION('',(-2.93158765648064E-031,1.0,3.82856869892695E-016));
#4049=DIRECTION('',(0.0,-3.82856869892695E-016,1.0));
#4050=CARTESIAN_POINT('',(0.2275,0.26725,0.0202500000000001));
#4051=DIRECTION('',(-2.93158765648064E-031,1.0,3.82856869892695E-016));
#4052=DIRECTION('',(0.0,-3.82856869892695E-016,1.0));
#4053=CARTESIAN_POINT('',(0.18625,0.26725,0.0615000000000001));
#4054=DIRECTION('',(-2.93158765648064E-031,1.0,3.82856869892695E-016));
#4055=DIRECTION('',(0.0,-3.82856869892695E-016,1.0));
#4056=CARTESIAN_POINT('',(0.145,0.26725,0.0202500000000001));
#4057=DIRECTION('',(-2.93158765648064E-031,1.0,3.82856869892695E-016));
#4058=DIRECTION('',(0.0,-3.82856869892695E-016,1.0));
#4059=DIRECTION('',(-1.0,0.0,-7.6571373978539E-016));
#4060=DIRECTION('',(-7.6571373978539E-016,-3.82856869892695E-016,1.0));
#4061=DIRECTION('',(1.0,0.0,7.6571373978539E-016));
#4062=DIRECTION('',(7.6571373978539E-016,3.82856869892695E-016,-1.0));
#4063=DIRECTION('',(1.0,0.0,7.6571373978539E-016));
#4064=DIRECTION('',(-7.6571373978539E-016,-3.82856869892695E-016,1.0));
#4065=CARTESIAN_POINT('',(-0.00300000000000006,0.26725,0.10825));
#4066=DIRECTION('',(-2.82118644197349E-031,1.0,3.82856869892695E-016));
#4067=DIRECTION('',(0.707106781186547,2.70720688924981E-016,-0.707106781186548));
#4068=DIRECTION('',(1.0,0.0,7.6571373978539E-016));
#4069=DIRECTION('',(-7.6571373978539E-016,-3.82856869892695E-016,1.0));
#4070=DIRECTION('',(-1.0,0.0,-7.6571373978539E-016));
#4071=DIRECTION('',(-7.6571373978539E-016,-3.82856869892695E-016,1.0));
#4072=DIRECTION('',(1.0,0.0,7.6571373978539E-016));
#4073=DIRECTION('',(7.6571373978539E-016,3.82856869892695E-016,-1.0));
#4074=DIRECTION('',(-1.0,0.0,-7.6571373978539E-016));
#4075=DIRECTION('',(7.6571373978539E-016,3.82856869892695E-016,-1.0));
#4076=DIRECTION('',(1.0,0.0,7.6571373978539E-016));
#4077=CARTESIAN_POINT('',(0.241,0.26725,0.10825));
#4078=DIRECTION('',(-2.82118644197349E-031,1.0,3.82856869892695E-016));
#4079=DIRECTION('',(-0.707106781186545,2.70720688924981E-016,-0.70710678118655));
#4080=DIRECTION('',(7.6571373978539E-016,3.82856869892695E-016,-1.0));
#4081=DIRECTION('',(1.0,0.0,7.6571373978539E-016));
#4082=DIRECTION('',(-7.6571373978539E-016,-3.82856869892695E-016,1.0));
#4083=DIRECTION('',(1.0,0.0,7.6571373978539E-016));
#4084=DIRECTION('',(7.6571373978539E-016,3.82856869892695E-016,-1.0));
#4085=DIRECTION('',(-1.0,0.0,-7.6571373978539E-016));
#4086=DIRECTION('',(-7.6571373978539E-016,-3.82856869892695E-016,1.0));
#4087=DIRECTION('',(-1.0,0.0,-7.6571373978539E-016));
#4088=DIRECTION('',(7.6571373978539E-016,3.82856869892695E-016,-1.0));
#4089=CARTESIAN_POINT('',(0.241,0.26725,-0.00174999999999991));
#4090=DIRECTION('',(-3.05628531213795E-031,1.0,3.82856869892695E-016));
#4091=DIRECTION('',(-0.707106781186548,-2.7072068892498E-016,0.707106781186547));
#4092=DIRECTION('',(-1.0,0.0,-7.6571373978539E-016));
#4093=DIRECTION('',(7.6571373978539E-016,3.82856869892695E-016,-1.0));
#4094=DIRECTION('',(1.0,0.0,7.6571373978539E-016));
#4095=DIRECTION('',(7.6571373978539E-016,3.82856869892695E-016,-1.0));
#4096=DIRECTION('',(-1.0,0.0,-7.6571373978539E-016));
#4097=DIRECTION('',(-7.6571373978539E-016,-3.82856869892695E-016,1.0));
#4098=DIRECTION('',(1.0,0.0,7.6571373978539E-016));
#4099=DIRECTION('',(-7.6571373978539E-016,-3.82856869892695E-016,1.0));
#4100=DIRECTION('',(-1.0,0.0,-7.6571373978539E-016));
#4101=CARTESIAN_POINT('',(-0.00299999999999998,0.26725,-0.00175000000000009));
#4102=DIRECTION('',(-3.05628531213795E-031,1.0,3.82856869892695E-016));
#4103=DIRECTION('',(0.707106781186547,-2.7072068892498E-016,0.707106781186548));
#4104=DIRECTION('',(-7.6571373978539E-016,-3.82856869892695E-016,1.0));
#4105=DIRECTION('',(-1.0,0.0,-7.6571373978539E-016));
#4106=DIRECTION('',(7.6571373978539E-016,3.82856869892695E-016,-1.0));
#4107=DIRECTION('',(-1.12237847397624E-046,3.82856869892695E-016,-1.0));
#4108=DIRECTION('',(1.0,2.93158765648064E-031,1.12237847397624E-046));
#4109=DIRECTION('',(1.12237847397624E-046,-3.82856869892695E-016,1.0));
#4110=DIRECTION('',(-1.0,-2.93158765648064E-031,-1.12237847397624E-046));
#4111=DIRECTION('',(-0.999999999999478,3.91090383601957E-022,-1.02150546235393E-006));
#4112=CARTESIAN_POINT('',(0.0226965,0.26725,0.0226535000000001));
#4113=DIRECTION('',(-2.93158765648064E-031,1.0,3.82856869892695E-016));
#4114=DIRECTION('',(0.0,-3.82856869892695E-016,1.0));
#4115=CARTESIAN_POINT('',(0.0412965,0.26725,0.0118535000000001));
#4116=DIRECTION('',(-2.93158765648064E-031,1.0,3.82856869892695E-016));
#4117=DIRECTION('',(0.0,-3.82856869892695E-016,1.0));
#4118=DIRECTION('',(-9.25924409161599E-008,-3.82856869892693E-016,0.999999999999996));
#4119=CARTESIAN_POINT('',(0.0412965,0.26725,0.0226535000000001));
#4120=DIRECTION('',(-2.93158765648064E-031,1.0,3.82856869892695E-016));
#4121=DIRECTION('',(0.0,-3.82856869892695E-016,1.0));
#4122=DIRECTION('',(1.0,2.93158765648064E-031,1.12237847397624E-046));
#4123=DIRECTION('',(-1.12237847397624E-046,3.82856869892695E-016,-1.0));
#4124=DIRECTION('',(-1.0,-2.93158765648064E-031,-1.12237847397624E-046));
#4125=DIRECTION('',(1.12237847397624E-046,-3.82856869892695E-016,1.0));
#4126=DIRECTION('',(-1.12237847397624E-046,3.82856869892695E-016,-1.0));
#4127=DIRECTION('',(-1.0,-2.93158765648064E-031,-1.12237847397624E-046));
#4128=DIRECTION('',(1.12237847397624E-046,-3.82856869892695E-016,1.0));
#4129=DIRECTION('',(1.0,2.93158765648064E-031,1.12237847397624E-046));
#4130=DIRECTION('',(7.6571373978539E-016,3.82856869892695E-016,-1.0));
#4131=DIRECTION('',(-1.0,0.0,-7.6571373978539E-016));
#4132=DIRECTION('',(7.6571373978539E-016,3.82856869892695E-016,-1.0));
#4133=DIRECTION('',(-1.0,0.0,-7.6571373978539E-016));
#4134=DIRECTION('',(-7.6571373978539E-016,-3.82856869892695E-016,1.0));
#4135=DIRECTION('',(1.0,0.0,7.6571373978539E-016));
#4136=CARTESIAN_POINT('',(-0.00300000000000006,0.26575,0.10825));
#4137=DIRECTION('',(-2.82118644197349E-031,1.0,3.82856869892695E-016));
#4138=DIRECTION('',(0.707106781186547,2.70720688924981E-016,-0.707106781186548));
#4139=DIRECTION('',(-7.6571373978539E-016,-3.82856869892695E-016,1.0));
#4140=DIRECTION('',(1.0,0.0,7.6571373978539E-016));
#4141=DIRECTION('',(7.6571373978539E-016,3.82856869892695E-016,-1.0));
#4142=DIRECTION('',(1.0,0.0,7.6571373978539E-016));
#4143=DIRECTION('',(7.6571373978539E-016,3.82856869892695E-016,-1.0));
#4144=DIRECTION('',(1.0,0.0,7.6571373978539E-016));
#4145=DIRECTION('',(7.6571373978539E-016,3.82856869892695E-016,-1.0));
#4146=DIRECTION('',(-1.0,0.0,-7.6571373978539E-016));
#4147=DIRECTION('',(-7.6571373978539E-016,-3.82856869892695E-016,1.0));
#4148=CARTESIAN_POINT('',(-0.00299999999999998,0.26575,-0.00175000000000009));
#4149=DIRECTION('',(-3.05628531213795E-031,1.0,3.82856869892695E-016));
#4150=DIRECTION('',(0.707106781186547,-2.7072068892498E-016,0.707106781186548));
#4151=DIRECTION('',(-1.0,0.0,-7.6571373978539E-016));
#4152=DIRECTION('',(-7.6571373978539E-016,-3.82856869892695E-016,1.0));
#4153=DIRECTION('',(1.0,0.0,7.6571373978539E-016));
#4154=DIRECTION('',(-7.6571373978539E-016,-3.82856869892695E-016,1.0));
#4155=DIRECTION('',(1.0,0.0,7.6571373978539E-016));
#4156=DIRECTION('',(-7.6571373978539E-016,-3.82856869892695E-016,1.0));
#4157=DIRECTION('',(1.0,0.0,7.6571373978539E-016));
#4158=DIRECTION('',(7.6571373978539E-016,3.82856869892695E-016,-1.0));
#4159=DIRECTION('',(-1.0,0.0,-7.6571373978539E-016));
#4160=CARTESIAN_POINT('',(0.241,0.26575,-0.00174999999999991));
#4161=DIRECTION('',(-3.05628531213795E-031,1.0,3.82856869892695E-016));
#4162=DIRECTION('',(-0.707106781186548,-2.7072068892498E-016,0.707106781186547));
#4163=DIRECTION('',(7.6571373978539E-016,3.82856869892695E-016,-1.0));
#4164=DIRECTION('',(-1.0,0.0,-7.6571373978539E-016));
#4165=DIRECTION('',(-7.6571373978539E-016,-3.82856869892695E-016,1.0));
#4166=DIRECTION('',(-1.0,0.0,-7.6571373978539E-016));
#4167=DIRECTION('',(-7.6571373978539E-016,-3.82856869892695E-016,1.0));
#4168=DIRECTION('',(-1.0,0.0,-7.6571373978539E-016));
#4169=DIRECTION('',(-7.6571373978539E-016,-3.82856869892695E-016,1.0));
#4170=DIRECTION('',(1.0,0.0,7.6571373978539E-016));
#4171=DIRECTION('',(7.6571373978539E-016,3.82856869892695E-016,-1.0));
#4172=CARTESIAN_POINT('',(0.241,0.26575,0.10825));
#4173=DIRECTION('',(-2.82118644197349E-031,1.0,3.82856869892695E-016));
#4174=DIRECTION('',(-0.707106781186545,2.70720688924981E-016,-0.70710678118655));
#4175=DIRECTION('',(1.0,0.0,7.6571373978539E-016));
#4176=DIRECTION('',(7.6571373978539E-016,3.82856869892695E-016,-1.0));
#4177=DIRECTION('',(-1.0,0.0,-7.6571373978539E-016));
#4178=CARTESIAN_POINT('',(0.11625,0.26575,0.0138500000000002));
#4179=DIRECTION('',(-2.93158765648064E-031,1.0,3.82856869892695E-016));
#4180=DIRECTION('',(0.0,-3.82856869892695E-016,1.0));
#4181=CARTESIAN_POINT('',(0.145,0.26575,0.0202500000000001));
#4182=DIRECTION('',(-2.93158765648064E-031,1.0,3.82856869892695E-016));
#4183=DIRECTION('',(0.0,-3.82856869892695E-016,1.0));
#4184=CARTESIAN_POINT('',(0.18625,0.26575,0.0615000000000001));
#4185=DIRECTION('',(-2.93158765648064E-031,1.0,3.82856869892695E-016));
#4186=DIRECTION('',(0.0,-3.82856869892695E-016,1.0));
#4187=CARTESIAN_POINT('',(0.2275,0.26575,0.0202500000000001));
#4188=DIRECTION('',(-2.93158765648064E-031,1.0,3.82856869892695E-016));
#4189=DIRECTION('',(0.0,-3.82856869892695E-016,1.0));
#4190=CARTESIAN_POINT('',(0.2275,0.26575,0.10275));
#4191=DIRECTION('',(-2.93158765648064E-031,1.0,3.82856869892695E-016));
#4192=DIRECTION('',(0.0,-3.82856869892695E-016,1.0));
#4193=CARTESIAN_POINT('',(0.145,0.26575,0.10275));
#4194=DIRECTION('',(-2.93158765648064E-031,1.0,3.82856869892695E-016));
#4195=DIRECTION('',(0.0,-3.82856869892695E-016,1.0));
#4196=DIRECTION('',(1.0,2.93158765648064E-031,1.12237847397624E-046));
#4197=CARTESIAN_POINT('',(-0.00049999999999997,0.26575,0.0052500000000001));
#4198=DIRECTION('',(-2.93158765648064E-031,1.0,3.82856869892695E-016));
#4199=DIRECTION('',(0.0,-3.82856869892695E-016,1.0));
#4200=DIRECTION('',(-1.12237847397624E-046,3.82856869892695E-016,-1.0));
#4201=CARTESIAN_POINT('',(-0.000499999999999973,0.26575,0.0077500000000001));
#4202=DIRECTION('',(-2.93158765648064E-031,1.0,3.82856869892695E-016));
#4203=DIRECTION('',(0.0,-3.82856869892695E-016,1.0));
#4204=DIRECTION('',(-1.0,-2.93158765648064E-031,-1.12237847397624E-046));
#4205=CARTESIAN_POINT('',(0.00600000000000003,0.26575,0.0077500000000001));
#4206=DIRECTION('',(-2.93158765648064E-031,1.0,3.82856869892695E-016));
#4207=DIRECTION('',(0.0,-3.82856869892695E-016,1.0));
#4208=DIRECTION('',(1.12237847397624E-046,-3.82856869892695E-016,1.0));
#4209=CARTESIAN_POINT('',(0.00600000000000003,0.26575,0.0052500000000001));
#4210=DIRECTION('',(-2.93158765648064E-031,1.0,3.82856869892695E-016));
#4211=DIRECTION('',(0.0,-3.82856869892695E-016,1.0));
#4212=DIRECTION('',(1.12237847397624E-046,-3.82856869892695E-016,1.0));
#4213=DIRECTION('',(1.0,2.93158765648064E-031,1.12237847397624E-046));
#4214=DIRECTION('',(-1.12237847397624E-046,3.82856869892695E-016,-1.0));
#4215=DIRECTION('',(-1.0,-2.93158765648064E-031,-1.12237847397624E-046));
#4216=DIRECTION('',(1.12237847397624E-046,-3.82856869892695E-016,1.0));
#4217=DIRECTION('',(1.0,2.93158765648064E-031,1.12237847397624E-046));
#4218=DIRECTION('',(-1.12237847397624E-046,3.82856869892695E-016,-1.0));
#4219=DIRECTION('',(-1.0,-2.93158765648064E-031,-1.12237847397624E-046));
#4220=CARTESIAN_POINT('',(0.012,0.26575,0.0172500000000001));
#4221=DIRECTION('',(-2.93158765648064E-031,1.0,3.82856869892695E-016));
#4222=DIRECTION('',(0.0,-3.82856869892695E-016,1.0));
#4223=CARTESIAN_POINT('',(0.0226965,0.26575,0.0226535000000001));
#4224=DIRECTION('',(-2.93158765648064E-031,1.0,3.82856869892695E-016));
#4225=DIRECTION('',(0.0,-3.82856869892695E-016,1.0));
#4226=DIRECTION('',(-0.999999999999478,3.91090383601957E-022,-1.02150546235393E-006));
#4227=CARTESIAN_POINT('',(0.0412965,0.26575,0.0226535000000001));
#4228=DIRECTION('',(-2.93158765648064E-031,1.0,3.82856869892695E-016));
#4229=DIRECTION('',(0.0,-3.82856869892695E-016,1.0));
#4230=DIRECTION('',(-9.25924409161599E-008,-3.82856869892693E-016,0.999999999999996));
#4231=CARTESIAN_POINT('',(0.0412965,0.26575,0.0118535000000001));
#4232=DIRECTION('',(-2.93158765648064E-031,1.0,3.82856869892695E-016));
#4233=DIRECTION('',(0.0,-3.82856869892695E-016,1.0));
#4234=DIRECTION('',(-2.93158765648064E-031,1.0,3.82856869892695E-016));
#4235=DIRECTION('',(-2.93158765648064E-031,1.0,3.82856869892695E-016));
#4236=DIRECTION('',(-2.93158765648064E-031,1.0,3.82856869892695E-016));
#4237=DIRECTION('',(-2.93158765648064E-031,1.0,3.82856869892695E-016));
#4238=CARTESIAN_POINT('',(0.012,0.26595,0.0172500000000001));
#4239=DIRECTION('',(0.0,1.0,0.0));
#4240=DIRECTION('',(0.0,-0.0,1.0));
#4241=DIRECTION('',(-2.93158765648064E-031,1.0,3.82856869892695E-016));
#4242=DIRECTION('',(-2.93158765648064E-031,1.0,3.82856869892695E-016));
#4243=DIRECTION('',(-2.93158765648064E-031,1.0,3.82856869892695E-016));
#4244=DIRECTION('',(-2.93158765648064E-031,1.0,3.82856869892695E-016));
#4245=CARTESIAN_POINT('',(0.11625,0.26595,0.0138500000000002));
#4246=DIRECTION('',(-0.0,1.0,0.0));
#4247=DIRECTION('',(0.0,0.0,1.0));
#4248=DIRECTION('',(-2.93158765648064E-031,1.0,3.82856869892695E-016));
#4249=DIRECTION('',(-2.93158765648064E-031,1.0,3.82856869892695E-016));
#4250=DIRECTION('',(-2.93158765648064E-031,1.0,3.82856869892695E-016));
#4251=DIRECTION('',(-2.93158765648064E-031,1.0,3.82856869892695E-016));
#4252=CARTESIAN_POINT('',(-0.00500000000000006,0.26525,0.10675));
#4253=DIRECTION('',(7.6571373978539E-016,3.82856869892695E-016,-1.0));
#4254=DIRECTION('',(-2.93158765648064E-031,1.0,3.82856869892695E-016));
#4255=DIRECTION('',(-7.6571373978539E-016,-3.82856869892695E-016,1.0));
#4256=CARTESIAN_POINT('',(-0.00499999999999998,0.26525,-0.000250000000000084));
#4257=DIRECTION('',(-7.6571373978539E-016,-3.82856869892695E-016,1.0));
#4258=DIRECTION('',(2.93158765648064E-031,-1.0,-3.82856869892695E-016));
#4259=CARTESIAN_POINT('',(-0.00149999999999998,0.26525,-0.00375000000000009));
#4260=DIRECTION('',(1.0,-4.17619485951906E-047,7.6571373978539E-016));
#4261=DIRECTION('',(2.93158765648064E-031,-1.0,-3.82856869892695E-016));
#4262=DIRECTION('',(-1.0,0.0,-7.6571373978539E-016));
#4263=CARTESIAN_POINT('',(0.2395,0.26525,-0.00374999999999991));
#4264=DIRECTION('',(-1.0,4.17619485951906E-047,-7.6571373978539E-016));
#4265=DIRECTION('',(-2.93158765648064E-031,1.0,3.82856869892695E-016));
#4266=CARTESIAN_POINT('',(0.243,0.26525,-0.000249999999999904));
#4267=DIRECTION('',(-7.6571373978539E-016,-3.82856869892695E-016,1.0));
#4268=DIRECTION('',(2.93158765648064E-031,-1.0,-3.82856869892695E-016));
#4269=DIRECTION('',(7.6571373978539E-016,3.82856869892695E-016,-1.0));
#4270=CARTESIAN_POINT('',(0.243,0.26525,0.10675));
#4271=DIRECTION('',(7.6571373978539E-016,3.82856869892695E-016,-1.0));
#4272=DIRECTION('',(-2.93158765648064E-031,1.0,3.82856869892695E-016));
#4273=CARTESIAN_POINT('',(0.2395,0.26525,0.11025));
#4274=DIRECTION('',(-1.0,4.17619485951906E-047,-7.6571373978539E-016));
#4275=DIRECTION('',(-2.93158765648064E-031,1.0,3.82856869892695E-016));
#4276=DIRECTION('',(1.0,0.0,7.6571373978539E-016));
#4277=CARTESIAN_POINT('',(-0.00150000000000006,0.26525,0.11025));
#4278=DIRECTION('',(1.0,-4.17619485951906E-047,7.6571373978539E-016));
#4279=DIRECTION('',(2.93158765648064E-031,-1.0,-3.82856869892695E-016));
#4280=CARTESIAN_POINT('',(0.243,0.26525,0.10675));
#4281=DIRECTION('',(-7.6571373978539E-016,-3.82856869892695E-016,1.0));
#4282=DIRECTION('',(-2.93158765648064E-031,1.0,3.82856869892695E-016));
#4283=DIRECTION('',(-7.6571373978539E-016,-3.82856869892695E-016,1.0));
#4284=CARTESIAN_POINT('',(0.243,0.26525,-0.000249999999999904));
#4285=DIRECTION('',(7.6571373978539E-016,3.82856869892695E-016,-1.0));
#4286=DIRECTION('',(2.93158765648064E-031,-1.0,-3.82856869892695E-016));
#4287=CARTESIAN_POINT('',(-0.00150000000000006,0.26525,0.11025));
#4288=DIRECTION('',(-1.0,4.17619485951906E-047,-7.6571373978539E-016));
#4289=DIRECTION('',(2.93158765648064E-031,-1.0,-3.82856869892695E-016));
#4290=DIRECTION('',(-1.0,0.0,-7.6571373978539E-016));
#4291=CARTESIAN_POINT('',(0.2395,0.26525,0.11025));
#4292=DIRECTION('',(1.0,-4.17619485951906E-047,7.6571373978539E-016));
#4293=DIRECTION('',(-2.93158765648064E-031,1.0,3.82856869892695E-016));
#4294=CARTESIAN_POINT('',(0.2395,0.26525,-0.00374999999999991));
#4295=DIRECTION('',(1.0,-4.17619485951906E-047,7.6571373978539E-016));
#4296=DIRECTION('',(-2.93158765648064E-031,1.0,3.82856869892695E-016));
#4297=DIRECTION('',(1.0,0.0,7.6571373978539E-016));
#4298=CARTESIAN_POINT('',(-0.00149999999999998,0.26525,-0.00375000000000009));
#4299=DIRECTION('',(-1.0,4.17619485951906E-047,-7.6571373978539E-016));
#4300=DIRECTION('',(2.93158765648064E-031,-1.0,-3.82856869892695E-016));
#4301=CARTESIAN_POINT('',(0.119,0.26125,0.11225));
#4302=DIRECTION('',(7.6571373978539E-016,3.82856869892695E-016,-1.0));
#4303=DIRECTION('',(2.93158765648064E-031,-1.0,-3.82856869892695E-016));
#4304=CARTESIAN_POINT('',(0.119,0.26125,0.11075));
#4305=DIRECTION('',(7.6571373978539E-016,3.82856869892695E-016,-1.0));
#4306=DIRECTION('',(2.93158765648064E-031,-1.0,-3.82856869892695E-016));
#4307=CARTESIAN_POINT('',(0.245,0.26025,0.0335000000000001));
#4308=DIRECTION('',(1.0,0.0,7.6571373978539E-016));
#4309=DIRECTION('',(2.93158765648064E-031,-1.0,-3.82856869892695E-016));
#4310=CARTESIAN_POINT('',(0.2435,0.26025,0.0335000000000001));
#4311=DIRECTION('',(1.0,0.0,7.6571373978539E-016));
#4312=DIRECTION('',(2.93158765648064E-031,-1.0,-3.82856869892695E-016));
#4313=CARTESIAN_POINT('',(-0.00700000000000001,0.26025,0.0334999999999999));
#4314=DIRECTION('',(-1.0,0.0,-7.6571373978539E-016));
#4315=DIRECTION('',(-2.93158765648064E-031,1.0,3.82856869892695E-016));
#4316=CARTESIAN_POINT('',(-0.00550000000000001,0.26025,0.0334999999999999));
#4317=DIRECTION('',(-1.0,0.0,-7.6571373978539E-016));
#4318=DIRECTION('',(-2.93158765648064E-031,1.0,3.82856869892695E-016));
#4319=CARTESIAN_POINT('',(-0.00700000000000004,0.26025,0.0734999999999999));
#4320=DIRECTION('',(-1.0,0.0,-7.6571373978539E-016));
#4321=DIRECTION('',(-2.93158765648064E-031,1.0,3.82856869892695E-016));
#4322=CARTESIAN_POINT('',(-0.00550000000000004,0.26025,0.0734999999999999));
#4323=DIRECTION('',(-1.0,0.0,-7.6571373978539E-016));
#4324=DIRECTION('',(-2.93158765648064E-031,1.0,3.82856869892695E-016));
#4325=CARTESIAN_POINT('',(-0.00499999999999998,0.26525,-0.000250000000000084));
#4326=DIRECTION('',(7.6571373978539E-016,3.82856869892695E-016,-1.0));
#4327=DIRECTION('',(2.93158765648064E-031,-1.0,-3.82856869892695E-016));
#4328=DIRECTION('',(7.6571373978539E-016,3.82856869892695E-016,-1.0));
#4329=CARTESIAN_POINT('',(-0.00500000000000006,0.26525,0.10675));
#4330=DIRECTION('',(-7.6571373978539E-016,-3.82856869892695E-016,1.0));
#4331=DIRECTION('',(-2.93158765648064E-031,1.0,3.82856869892695E-016));
#4332=CARTESIAN_POINT('',(0.245,0.26025,0.0735000000000001));
#4333=DIRECTION('',(1.0,0.0,7.6571373978539E-016));
#4334=DIRECTION('',(2.93158765648064E-031,-1.0,-3.82856869892695E-016));
#4335=CARTESIAN_POINT('',(0.2435,0.26025,0.0735000000000001));
#4336=DIRECTION('',(1.0,0.0,7.6571373978539E-016));
#4337=DIRECTION('',(2.93158765648064E-031,-1.0,-3.82856869892695E-016));
#4338=CARTESIAN_POINT('',(0.119,0.26125,-0.00575000000000001));
#4339=DIRECTION('',(-7.6571373978539E-016,-3.82856869892695E-016,1.0));
#4340=DIRECTION('',(-2.93158765648064E-031,1.0,3.82856869892695E-016));
#4341=CARTESIAN_POINT('',(0.119,0.26125,-0.00425));
#4342=DIRECTION('',(-7.6571373978539E-016,-3.82856869892695E-016,1.0));
#4343=DIRECTION('',(-2.93158765648064E-031,1.0,3.82856869892695E-016));
#4344=DIRECTION('',(2.93158765648064E-031,-1.0,-3.82856869892695E-016));
#4345=DIRECTION('',(2.93158765648064E-031,-1.0,-3.82856869892695E-016));
#4346=DIRECTION('',(2.93158765648064E-031,-1.0,-3.82856869892695E-016));
#4347=DIRECTION('',(2.93158765648064E-031,-1.0,-3.82856869892695E-016));
#4348=DIRECTION('',(2.93158765648064E-031,-1.0,-3.82856869892695E-016));
#4349=DIRECTION('',(2.93158765648064E-031,-1.0,-3.82856869892695E-016));
#4350=DIRECTION('',(2.93158765648064E-031,-1.0,-3.82856869892695E-016));
#4351=DIRECTION('',(2.93158765648064E-031,-1.0,-3.82856869892695E-016));
#4352=DIRECTION('',(2.93158765648064E-031,-1.0,-3.82856869892695E-016));
#4353=DIRECTION('',(-2.93158765648064E-031,1.0,3.82856869892695E-016));
#4354=DIRECTION('',(-2.93158765648064E-031,1.0,3.82856869892695E-016));
#4355=DIRECTION('',(2.93158765648064E-031,-1.0,-3.82856869892695E-016));
#4356=DIRECTION('',(-2.93158765648064E-031,1.0,3.82856869892695E-016));
#4357=DIRECTION('',(2.93158765648064E-031,-1.0,-3.82856869892695E-016));
#4358=DIRECTION('',(-2.93158765648064E-031,1.0,3.82856869892695E-016));
#4359=DIRECTION('',(-2.93158765648064E-031,1.0,3.82856869892695E-016));
#4360=DIRECTION('',(-2.93158765648064E-031,1.0,3.82856869892695E-016));
#4361=DIRECTION('',(-2.93158765648064E-031,1.0,3.82856869892695E-016));
#4362=DIRECTION('',(-2.93158765648064E-031,1.0,3.82856869892695E-016));
#4363=DIRECTION('',(-2.93158765648064E-031,1.0,3.82856869892695E-016));
#4364=DIRECTION('',(-2.93158765648064E-031,1.0,3.82856869892695E-016));
#4365=DIRECTION('',(2.93158765648064E-031,-1.0,-3.82856869892695E-016));
#4366=DIRECTION('',(-2.93158765648064E-031,1.0,3.82856869892695E-016));
#4367=DIRECTION('',(-2.93158765648064E-031,1.0,3.82856869892695E-016));
#4368=DIRECTION('',(-2.93158765648064E-031,1.0,3.82856869892695E-016));
#4369=DIRECTION('',(-2.93158765648064E-031,1.0,3.82856869892695E-016));
#4370=DIRECTION('',(-2.93158765648064E-031,1.0,3.82856869892695E-016));
#4371=DIRECTION('',(-2.93158765648064E-031,1.0,3.82856869892695E-016));
#4372=DIRECTION('',(2.93158765648064E-031,-1.0,-3.82856869892695E-016));
#4373=DIRECTION('',(-2.93158765648064E-031,1.0,3.82856869892695E-016));
#4374=DIRECTION('',(-1.0,0.0,-7.6571373978539E-016));
#4375=DIRECTION('',(-2.93158765648064E-031,1.0,3.82856869892695E-016));
#4376=DIRECTION('',(-2.93158765648064E-031,1.0,3.82856869892695E-016));
#4377=DIRECTION('',(1.0,0.0,7.6571373978539E-016));
#4378=DIRECTION('',(2.93158765648064E-031,-1.0,-3.82856869892695E-016));
#4379=DIRECTION('',(-2.93158765648064E-031,1.0,3.82856869892695E-016));
#4380=DIRECTION('',(7.6571373978539E-016,3.82856869892695E-016,-1.0));
#4381=DIRECTION('',(-2.93158765648064E-031,1.0,3.82856869892695E-016));
#4382=DIRECTION('',(-2.93158765648064E-031,1.0,3.82856869892695E-016));
#4383=DIRECTION('',(-7.6571373978539E-016,-3.82856869892695E-016,1.0));
#4384=DIRECTION('',(2.93158765648064E-031,-1.0,-3.82856869892695E-016));
#4385=DIRECTION('',(-2.93158765648064E-031,1.0,3.82856869892695E-016));
#4386=DIRECTION('',(-7.6571373978539E-016,-3.82856869892695E-016,1.0));
#4387=DIRECTION('',(-2.93158765648064E-031,1.0,3.82856869892695E-016));
#4388=DIRECTION('',(-2.93158765648064E-031,1.0,3.82856869892695E-016));
#4389=DIRECTION('',(-2.93158765648064E-031,1.0,3.82856869892695E-016));
#4390=DIRECTION('',(-2.93158765648064E-031,1.0,3.82856869892695E-016));
#4391=DIRECTION('',(-2.93158765648064E-031,1.0,3.82856869892695E-016));
#4392=DIRECTION('',(-2.93158765648064E-031,1.0,3.82856869892695E-016));
#4393=DIRECTION('',(-2.93158765648064E-031,1.0,3.82856869892695E-016));
#4394=DIRECTION('',(-2.93158765648064E-031,1.0,3.82856869892695E-016));
#4395=DIRECTION('',(-2.93158765648064E-031,1.0,3.82856869892695E-016));
#4396=DIRECTION('',(-2.93158765648064E-031,1.0,3.82856869892695E-016));
#4397=DIRECTION('',(-2.93158765648064E-031,1.0,3.82856869892695E-016));
#4398=DIRECTION('',(-2.93158765648064E-031,1.0,3.82856869892695E-016));
#4399=DIRECTION('',(-2.93158765648064E-031,1.0,3.82856869892695E-016));
#4400=DIRECTION('',(-2.93158765648064E-031,1.0,3.82856869892695E-016));
#4401=DIRECTION('',(-2.93158765648064E-031,1.0,3.82856869892695E-016));
#4402=DIRECTION('',(-2.93158765648064E-031,1.0,3.82856869892695E-016));
#4403=DIRECTION('',(-2.93158765648064E-031,1.0,3.82856869892695E-016));
#4404=DIRECTION('',(-2.93158765648064E-031,1.0,3.82856869892695E-016));
#4405=DIRECTION('',(-2.93158765648064E-031,1.0,3.82856869892695E-016));
#4406=DIRECTION('',(-2.93158765648064E-031,1.0,3.82856869892695E-016));
#4407=DIRECTION('',(-1.0,0.0,-7.6571373978539E-016));
#4408=DIRECTION('',(7.6571373978539E-016,3.82856869892695E-016,-1.0));
#4409=DIRECTION('',(1.0,0.0,7.6571373978539E-016));
#4410=DIRECTION('',(-1.0,0.0,-7.6571373978539E-016));
#4411=DIRECTION('',(2.93158765648064E-031,-1.0,-3.82856869892695E-016));
#4412=DIRECTION('',(-2.93158765648064E-031,1.0,3.82856869892695E-016));
#4413=DIRECTION('',(1.0,0.0,7.6571373978539E-016));
#4414=DIRECTION('',(-7.6571373978539E-016,-3.82856869892695E-016,1.0));
#4415=DIRECTION('',(-1.0,0.0,-7.6571373978539E-016));
#4416=DIRECTION('',(7.6571373978539E-016,3.82856869892695E-016,-1.0));
#4417=DIRECTION('',(-2.93158765648064E-031,1.0,3.82856869892695E-016));
#4418=DIRECTION('',(-7.6571373978539E-016,-3.82856869892695E-016,1.0));
#4419=DIRECTION('',(7.6571373978539E-016,3.82856869892695E-016,-1.0));
#4420=DIRECTION('',(1.0,0.0,7.6571373978539E-016));
#4421=DIRECTION('',(-2.93158765648064E-031,1.0,3.82856869892695E-016));
#4422=DIRECTION('',(-2.93158765648064E-031,1.0,3.82856869892695E-016));
#4423=DIRECTION('',(-2.93158765648064E-031,1.0,3.82856869892695E-016));
#4424=PRESENTATION_LAYER_ASSIGNMENT('Rear panel','',(#346));
ENDSEC;
END-ISO-10303-21;
